"SiteCode","1","day","name"
"dino",33022.421875,1,"dino"
"dino",33064.3515625,2,"dino"
"dino",33109.7109375,3,"dino"
"dino",33158.4609375,4,"dino"
"dino",33210.578125,5,"dino"
"dino",33266.01171875,6,"dino"
"dino",33324.73046875,7,"dino"
"dino",33386.69921875,8,"dino"
"dino",33451.859375,9,"dino"
"dino",33520.1796875,10,"dino"
"dino",33591.609375,11,"dino"
"dino",33666.08984375,12,"dino"
"dino",33743.58984375,13,"dino"
"dino",33824.05078125,14,"dino"
"dino",33907.421875,15,"dino"
"dino",33993.640625,16,"dino"
"dino",34082.671875,17,"dino"
"dino",34174.44921875,18,"dino"
"dino",34268.921875,19,"dino"
"dino",34366.03125,20,"dino"
"dino",34465.7109375,21,"dino"
"dino",34567.921875,22,"dino"
"dino",34672.6015625,23,"dino"
"dino",34779.69140625,24,"dino"
"dino",34889.12890625,25,"dino"
"dino",35000.859375,26,"dino"
"dino",35114.8203125,27,"dino"
"dino",35230.96875,28,"dino"
"dino",35349.23046875,29,"dino"
"dino",35469.55859375,30,"dino"
"dino",35591.890625,31,"dino"
"dino",35716.1796875,32,"dino"
"dino",35842.3515625,33,"dino"
"dino",35970.359375,34,"dino"
"dino",36100.16015625,35,"dino"
"dino",36231.6796875,36,"dino"
"dino",36364.87109375,37,"dino"
"dino",36499.6796875,38,"dino"
"dino",36636.05859375,39,"dino"
"dino",36773.9609375,40,"dino"
"dino",36913.30859375,41,"dino"
"dino",37054.078125,42,"dino"
"dino",37196.21875,43,"dino"
"dino",37339.66015625,44,"dino"
"dino",37484.37890625,45,"dino"
"dino",37630.30859375,46,"dino"
"dino",37777.421875,47,"dino"
"dino",37925.6484375,48,"dino"
"dino",38074.96875,49,"dino"
"dino",38225.3203125,50,"dino"
"dino",38376.671875,51,"dino"
"dino",38528.98046875,52,"dino"
"dino",38682.19921875,53,"dino"
"dino",38836.2890625,54,"dino"
"dino",38991.21875,55,"dino"
"dino",39146.94140625,56,"dino"
"dino",39303.421875,57,"dino"
"dino",39460.62109375,58,"dino"
"dino",39618.51171875,59,"dino"
"dino",39777.0390625,60,"dino"
"dino",39936.19140625,61,"dino"
"dino",40095.921875,62,"dino"
"dino",40256.19140625,63,"dino"
"dino",40416.98046875,64,"dino"
"dino",40578.25,65,"dino"
"dino",40739.96875,66,"dino"
"dino",40902.109375,67,"dino"
"dino",41064.62890625,68,"dino"
"dino",41227.51953125,69,"dino"
"dino",41390.73828125,70,"dino"
"dino",41554.26171875,71,"dino"
"dino",41718.0390625,72,"dino"
"dino",41882.078125,73,"dino"
"dino",42046.328125,74,"dino"
"dino",42210.76171875,75,"dino"
"dino",42375.359375,76,"dino"
"dino",42540.08984375,77,"dino"
"dino",42704.9296875,78,"dino"
"dino",42869.8515625,79,"dino"
"dino",43034.8203125,80,"dino"
"dino",43199.8203125,81,"dino"
"dino",43364.8203125,82,"dino"
"dino",43529.7890625,83,"dino"
"dino",43694.7109375,84,"dino"
"dino",43859.55078125,85,"dino"
"dino",44024.28125,86,"dino"
"dino",44188.87890625,87,"dino"
"dino",44353.30859375,88,"dino"
"dino",44517.55859375,89,"dino"
"dino",44681.6015625,90,"dino"
"dino",44845.390625,91,"dino"
"dino",45008.91015625,92,"dino"
"dino",45172.12109375,93,"dino"
"dino",45335.01171875,94,"dino"
"dino",45497.5390625,95,"dino"
"dino",45659.6796875,96,"dino"
"dino",45821.3984375,97,"dino"
"dino",45982.671875,98,"dino"
"dino",46143.4609375,99,"dino"
"dino",46303.73046875,100,"dino"
"dino",46463.4609375,101,"dino"
"dino",46622.609375,102,"dino"
"dino",46781.1484375,103,"dino"
"dino",46939.03125,104,"dino"
"dino",47096.23046875,105,"dino"
"dino",47252.7109375,106,"dino"
"dino",47408.44140625,107,"dino"
"dino",47563.37109375,108,"dino"
"dino",47717.4609375,109,"dino"
"dino",47870.6796875,110,"dino"
"dino",48022.98828125,111,"dino"
"dino",48174.3515625,112,"dino"
"dino",48324.7109375,113,"dino"
"dino",48474.01953125,114,"dino"
"dino",48622.26171875,115,"dino"
"dino",48769.37109375,116,"dino"
"dino",48915.30078125,117,"dino"
"dino",49060.01953125,118,"dino"
"dino",49203.46875,119,"dino"
"dino",49345.609375,120,"dino"
"dino",49486.37890625,121,"dino"
"dino",49625.73828125,122,"dino"
"dino",49763.640625,123,"dino"
"dino",49900.01953125,124,"dino"
"dino",50034.83984375,125,"dino"
"dino",50168.03125,126,"dino"
"dino",50299.55859375,127,"dino"
"dino",50429.359375,128,"dino"
"dino",50557.37109375,129,"dino"
"dino",50683.55078125,130,"dino"
"dino",50807.83984375,131,"dino"
"dino",50930.171875,132,"dino"
"dino",51050.51171875,133,"dino"
"dino",51168.78125,134,"dino"
"dino",51284.921875,135,"dino"
"dino",51398.8984375,136,"dino"
"dino",51510.62890625,137,"dino"
"dino",51620.078125,138,"dino"
"dino",51727.171875,139,"dino"
"dino",51831.8515625,140,"dino"
"dino",51934.0703125,141,"dino"
"dino",52033.76171875,142,"dino"
"dino",52130.87109375,143,"dino"
"dino",52225.3515625,144,"dino"
"dino",52317.12890625,145,"dino"
"dino",52406.16015625,146,"dino"
"dino",52492.3984375,147,"dino"
"dino",52575.76953125,148,"dino"
"dino",52656.23828125,149,"dino"
"dino",52733.73828125,150,"dino"
"dino",52808.23828125,151,"dino"
"dino",52879.671875,152,"dino"
"dino",52947.98828125,153,"dino"
"dino",53013.16015625,154,"dino"
"dino",53075.12890625,155,"dino"
"dino",53133.859375,156,"dino"
"dino",53189.30859375,157,"dino"
"dino",53241.4296875,158,"dino"
"dino",53290.19140625,159,"dino"
"dino",53335.55859375,160,"dino"
"dino",53377.48828125,161,"dino"
"dino",53415.96875,162,"dino"
"dino",53450.9609375,163,"dino"
"dino",53482.4296875,164,"dino"
"dino",53510.37109375,165,"dino"
"dino",53534.75,166,"dino"
"dino",53555.55078125,167,"dino"
"dino",53572.76171875,168,"dino"
"dino",53586.359375,169,"dino"
"dino",53596.33984375,170,"dino"
"dino",53602.69921875,171,"dino"
"dino",53605.44140625,172,"dino"
"dino",53604.5390625,173,"dino"
"dino",53600.01171875,174,"dino"
"dino",53591.8515625,175,"dino"
"dino",53580.0703125,176,"dino"
"dino",53564.6796875,177,"dino"
"dino",53545.69140625,178,"dino"
"dino",53523.109375,179,"dino"
"dino",53496.96875,180,"dino"
"dino",53467.26953125,181,"dino"
"dino",53434.05078125,182,"dino"
"dino",53397.328125,183,"dino"
"dino",53357.140625,184,"dino"
"dino",53313.5,185,"dino"
"dino",53266.44140625,186,"dino"
"dino",53216.01171875,187,"dino"
"dino",53162.23828125,188,"dino"
"dino",53105.16015625,189,"dino"
"dino",53044.8203125,190,"dino"
"dino",52981.26171875,191,"dino"
"dino",52914.51953125,192,"dino"
"dino",52844.6484375,193,"dino"
"dino",52771.69140625,194,"dino"
"dino",52695.69921875,195,"dino"
"dino",52616.71875,196,"dino"
"dino",52534.80859375,197,"dino"
"dino",52450.01171875,198,"dino"
"dino",52362.37890625,199,"dino"
"dino",52271.98046875,200,"dino"
"dino",52178.859375,201,"dino"
"dino",52083.0703125,202,"dino"
"dino",51984.671875,203,"dino"
"dino",51883.71875,204,"dino"
"dino",51780.26953125,205,"dino"
"dino",51674.390625,206,"dino"
"dino",51566.12109375,207,"dino"
"dino",51455.5390625,208,"dino"
"dino",51342.69140625,209,"dino"
"dino",51227.62890625,210,"dino"
"dino",51110.421875,211,"dino"
"dino",50991.12109375,212,"dino"
"dino",50869.7890625,213,"dino"
"dino",50746.48046875,214,"dino"
"dino",50621.25,215,"dino"
"dino",50494.1484375,216,"dino"
"dino",50365.23828125,217,"dino"
"dino",50234.578125,218,"dino"
"dino",50102.21875,219,"dino"
"dino",49968.21875,220,"dino"
"dino",49832.62109375,221,"dino"
"dino",49695.48046875,222,"dino"
"dino",49556.8515625,223,"dino"
"dino",49416.78125,224,"dino"
"dino",49275.328125,225,"dino"
"dino",49132.53125,226,"dino"
"dino",48988.44921875,227,"dino"
"dino",48843.12109375,228,"dino"
"dino",48696.6015625,229,"dino"
"dino",48548.9296875,230,"dino"
"dino",48400.1484375,231,"dino"
"dino",48250.30859375,232,"dino"
"dino",48099.44921875,233,"dino"
"dino",47947.62109375,234,"dino"
"dino",47794.859375,235,"dino"
"dino",47641.19921875,236,"dino"
"dino",47486.6796875,237,"dino"
"dino",47331.3515625,238,"dino"
"dino",47175.25,239,"dino"
"dino",47018.41015625,240,"dino"
"dino",46860.859375,241,"dino"
"dino",46702.6484375,242,"dino"
"dino",46543.80859375,243,"dino"
"dino",46384.37109375,244,"dino"
"dino",46224.359375,245,"dino"
"dino",46063.828125,246,"dino"
"dino",45902.80078125,247,"dino"
"dino",45741.30078125,248,"dino"
"dino",45579.37109375,249,"dino"
"dino",45417.03125,250,"dino"
"dino",45254.3203125,251,"dino"
"dino",45091.26953125,252,"dino"
"dino",44927.8984375,253,"dino"
"dino",44764.23828125,254,"dino"
"dino",44600.328125,255,"dino"
"dino",44436.1796875,256,"dino"
"dino",44271.83984375,257,"dino"
"dino",44107.3203125,258,"dino"
"dino",43942.6484375,259,"dino"
"dino",43777.859375,260,"dino"
"dino",43612.98046875,261,"dino"
"dino",43448.03125,262,"dino"
"dino",43283.0390625,263,"dino"
"dino",43118.0390625,264,"dino"
"dino",42953.05078125,265,"dino"
"dino",42788.1015625,266,"dino"
"dino",42623.21875,267,"dino"
"dino",42458.4296875,268,"dino"
"dino",42293.76171875,269,"dino"
"dino",42129.23828125,270,"dino"
"dino",41964.8984375,271,"dino"
"dino",41800.75,272,"dino"
"dino",41636.828125,273,"dino"
"dino",41473.1796875,274,"dino"
"dino",41309.80078125,275,"dino"
"dino",41146.75,276,"dino"
"dino",40984.03125,277,"dino"
"dino",40821.69140625,278,"dino"
"dino",40659.76171875,279,"dino"
"dino",40498.26171875,280,"dino"
"dino",40337.21875,281,"dino"
"dino",40176.69140625,282,"dino"
"dino",40016.6796875,283,"dino"
"dino",39857.23828125,284,"dino"
"dino",39698.390625,285,"dino"
"dino",39540.171875,286,"dino"
"dino",39382.62109375,287,"dino"
"dino",39225.78125,288,"dino"
"dino",39069.671875,289,"dino"
"dino",38914.328125,290,"dino"
"dino",38759.8203125,291,"dino"
"dino",38606.1484375,292,"dino"
"dino",38453.37890625,293,"dino"
"dino",38301.5390625,294,"dino"
"dino",38150.6796875,295,"dino"
"dino",38000.828125,296,"dino"
"dino",37852.0390625,297,"dino"
"dino",37704.359375,298,"dino"
"dino",37557.828125,299,"dino"
"dino",37412.5,300,"dino"
"dino",37268.41015625,301,"dino"
"dino",37125.6015625,302,"dino"
"dino",36984.140625,303,"dino"
"dino",36844.05859375,304,"dino"
"dino",36705.4296875,305,"dino"
"dino",36568.28125,306,"dino"
"dino",36432.671875,307,"dino"
"dino",36298.6484375,308,"dino"
"dino",36166.28125,309,"dino"
"dino",36035.609375,310,"dino"
"dino",35906.69140625,311,"dino"
"dino",35779.578125,312,"dino"
"dino",35654.33984375,313,"dino"
"dino",35531.01171875,314,"dino"
"dino",35409.671875,315,"dino"
"dino",35290.359375,316,"dino"
"dino",35173.140625,317,"dino"
"dino",35058.05859375,318,"dino"
"dino",34945.19921875,319,"dino"
"dino",34834.6015625,320,"dino"
"dino",34726.3203125,321,"dino"
"dino",34620.421875,322,"dino"
"dino",34516.94921875,323,"dino"
"dino",34415.98828125,324,"dino"
"dino",34317.5703125,325,"dino"
"dino",34221.76171875,326,"dino"
"dino",34128.62109375,327,"dino"
"dino",34038.19921875,328,"dino"
"dino",33950.55078125,329,"dino"
"dino",33865.73828125,330,"dino"
"dino",33783.80859375,331,"dino"
"dino",33704.80859375,332,"dino"
"dino",33628.7890625,333,"dino"
"dino",33555.8203125,334,"dino"
"dino",33485.9296875,335,"dino"
"dino",33419.171875,336,"dino"
"dino",33355.578125,337,"dino"
"dino",33295.21875,338,"dino"
"dino",33238.12109375,339,"dino"
"dino",33184.328125,340,"dino"
"dino",33133.87890625,341,"dino"
"dino",33086.80078125,342,"dino"
"dino",33043.140625,343,"dino"
"dino",33002.921875,344,"dino"
"dino",32966.1796875,345,"dino"
"dino",32932.9296875,346,"dino"
"dino",32903.21875,347,"dino"
"dino",32877.05078125,348,"dino"
"dino",32854.44921875,349,"dino"
"dino",32835.4296875,350,"dino"
"dino",32820.01953125,351,"dino"
"dino",32808.21875,352,"dino"
"dino",32800.0390625,353,"dino"
"dino",32795.48046875,354,"dino"
"dino",32794.55859375,355,"dino"
"dino",32797.26953125,356,"dino"
"dino",32803.6015625,357,"dino"
"dino",32813.55859375,358,"dino"
"dino",32827.140625,359,"dino"
"dino",32844.328125,360,"dino"
"dino",32865.1015625,361,"dino"
"dino",32889.4609375,362,"dino"
"dino",32917.37109375,363,"dino"
"dino",32948.8203125,364,"dino"
"dino",32983.7890625,365,"dino"
"dino",0,1,"dino"
"dino",0,2,"dino"
"dino",0,3,"dino"
"dino",0,4,"dino"
"dino",0,5,"dino"
"dino",0,6,"dino"
"dino",0,7,"dino"
"dino",0,8,"dino"
"dino",0,9,"dino"
"dino",2.75,10,"dino"
"dino",0,11,"dino"
"dino",0,12,"dino"
"dino",1.6599999666214,13,"dino"
"dino",0,14,"dino"
"dino",0,15,"dino"
"dino",0,16,"dino"
"dino",1.44000005722046,17,"dino"
"dino",0,18,"dino"
"dino",0,19,"dino"
"dino",0,20,"dino"
"dino",1.03999996185303,21,"dino"
"dino",0,22,"dino"
"dino",0,23,"dino"
"dino",0,24,"dino"
"dino",0,25,"dino"
"dino",0,26,"dino"
"dino",0,27,"dino"
"dino",0,28,"dino"
"dino",0,29,"dino"
"dino",0,30,"dino"
"dino",0,31,"dino"
"dino",1.33000004291534,32,"dino"
"dino",11.0799999237061,33,"dino"
"dino",0,34,"dino"
"dino",0,35,"dino"
"dino",0,36,"dino"
"dino",5.09000015258789,37,"dino"
"dino",4.61999988555908,38,"dino"
"dino",0,39,"dino"
"dino",4.94999980926514,40,"dino"
"dino",0,41,"dino"
"dino",0,42,"dino"
"dino",0,43,"dino"
"dino",0,44,"dino"
"dino",0,45,"dino"
"dino",0,46,"dino"
"dino",0,47,"dino"
"dino",0,48,"dino"
"dino",0.349999994039536,49,"dino"
"dino",0,50,"dino"
"dino",6.48999977111816,51,"dino"
"dino",5.51999998092651,52,"dino"
"dino",0,53,"dino"
"dino",0,54,"dino"
"dino",0,55,"dino"
"dino",0,56,"dino"
"dino",0,57,"dino"
"dino",0,58,"dino"
"dino",0,59,"dino"
"dino",0,60,"dino"
"dino",0,61,"dino"
"dino",3.26999998092651,62,"dino"
"dino",1.9099999666214,63,"dino"
"dino",0,64,"dino"
"dino",0,65,"dino"
"dino",4.23000001907349,66,"dino"
"dino",0,67,"dino"
"dino",0,68,"dino"
"dino",0,69,"dino"
"dino",0,70,"dino"
"dino",0,71,"dino"
"dino",4.01999998092651,72,"dino"
"dino",0,73,"dino"
"dino",0,74,"dino"
"dino",0,75,"dino"
"dino",0,76,"dino"
"dino",0,77,"dino"
"dino",0,78,"dino"
"dino",0,79,"dino"
"dino",0,80,"dino"
"dino",0,81,"dino"
"dino",0.340000003576279,82,"dino"
"dino",1.94000005722046,83,"dino"
"dino",1.39999997615814,84,"dino"
"dino",1,85,"dino"
"dino",0.680000007152557,86,"dino"
"dino",0,87,"dino"
"dino",1.62999999523163,88,"dino"
"dino",1.10000002384186,89,"dino"
"dino",0,90,"dino"
"dino",0.189999997615814,91,"dino"
"dino",0,92,"dino"
"dino",0,93,"dino"
"dino",0,94,"dino"
"dino",0,95,"dino"
"dino",0,96,"dino"
"dino",0,97,"dino"
"dino",0,98,"dino"
"dino",0,99,"dino"
"dino",0,100,"dino"
"dino",0,101,"dino"
"dino",0,102,"dino"
"dino",0,103,"dino"
"dino",0,104,"dino"
"dino",0,105,"dino"
"dino",0,106,"dino"
"dino",0,107,"dino"
"dino",0,108,"dino"
"dino",0,109,"dino"
"dino",0,110,"dino"
"dino",0,111,"dino"
"dino",0,112,"dino"
"dino",0,113,"dino"
"dino",0,114,"dino"
"dino",0,115,"dino"
"dino",0,116,"dino"
"dino",6.80999994277954,117,"dino"
"dino",7,118,"dino"
"dino",1.74000000953674,119,"dino"
"dino",1.46000003814697,120,"dino"
"dino",0,121,"dino"
"dino",0,122,"dino"
"dino",0,123,"dino"
"dino",0,124,"dino"
"dino",0,125,"dino"
"dino",8.80000019073486,126,"dino"
"dino",0,127,"dino"
"dino",0,128,"dino"
"dino",0,129,"dino"
"dino",1.62000000476837,130,"dino"
"dino",0,131,"dino"
"dino",0,132,"dino"
"dino",0,133,"dino"
"dino",0,134,"dino"
"dino",0,135,"dino"
"dino",0,136,"dino"
"dino",0,137,"dino"
"dino",0,138,"dino"
"dino",0,139,"dino"
"dino",0.0500000007450581,140,"dino"
"dino",1.67999994754791,141,"dino"
"dino",0.0199999995529652,142,"dino"
"dino",0,143,"dino"
"dino",0,144,"dino"
"dino",5.1399998664856,145,"dino"
"dino",4,146,"dino"
"dino",0,147,"dino"
"dino",0,148,"dino"
"dino",0,149,"dino"
"dino",0,150,"dino"
"dino",0,151,"dino"
"dino",0,152,"dino"
"dino",0,153,"dino"
"dino",0,154,"dino"
"dino",0,155,"dino"
"dino",0,156,"dino"
"dino",0,157,"dino"
"dino",0,158,"dino"
"dino",0,159,"dino"
"dino",0,160,"dino"
"dino",0,161,"dino"
"dino",0,162,"dino"
"dino",0,163,"dino"
"dino",0,164,"dino"
"dino",0,165,"dino"
"dino",0,166,"dino"
"dino",0,167,"dino"
"dino",0,168,"dino"
"dino",0,169,"dino"
"dino",0,170,"dino"
"dino",0,171,"dino"
"dino",0,172,"dino"
"dino",4.92000007629395,173,"dino"
"dino",0,174,"dino"
"dino",0,175,"dino"
"dino",0,176,"dino"
"dino",0,177,"dino"
"dino",0,178,"dino"
"dino",4.48000001907349,179,"dino"
"dino",0,180,"dino"
"dino",0,181,"dino"
"dino",0.9200000166893,182,"dino"
"dino",0,183,"dino"
"dino",0,184,"dino"
"dino",0,185,"dino"
"dino",0,186,"dino"
"dino",0,187,"dino"
"dino",0,188,"dino"
"dino",0,189,"dino"
"dino",0,190,"dino"
"dino",0,191,"dino"
"dino",0,192,"dino"
"dino",0,193,"dino"
"dino",0,194,"dino"
"dino",0,195,"dino"
"dino",0,196,"dino"
"dino",0,197,"dino"
"dino",0,198,"dino"
"dino",0,199,"dino"
"dino",0,200,"dino"
"dino",0,201,"dino"
"dino",0,202,"dino"
"dino",0,203,"dino"
"dino",0,204,"dino"
"dino",0,205,"dino"
"dino",0,206,"dino"
"dino",0,207,"dino"
"dino",0,208,"dino"
"dino",1.04999995231628,209,"dino"
"dino",0,210,"dino"
"dino",0,211,"dino"
"dino",0,212,"dino"
"dino",0,213,"dino"
"dino",0,214,"dino"
"dino",0,215,"dino"
"dino",0,216,"dino"
"dino",0,217,"dino"
"dino",0,218,"dino"
"dino",0,219,"dino"
"dino",0,220,"dino"
"dino",0,221,"dino"
"dino",0,222,"dino"
"dino",1.3400000333786,223,"dino"
"dino",1.87999999523163,224,"dino"
"dino",8.56999969482422,225,"dino"
"dino",3.86999988555908,226,"dino"
"dino",3.78999996185303,227,"dino"
"dino",0,228,"dino"
"dino",0,229,"dino"
"dino",1.24000000953674,230,"dino"
"dino",1.72000002861023,231,"dino"
"dino",0,232,"dino"
"dino",0,233,"dino"
"dino",0,234,"dino"
"dino",0,235,"dino"
"dino",0,236,"dino"
"dino",1.72000002861023,237,"dino"
"dino",6.59999990463257,238,"dino"
"dino",0,239,"dino"
"dino",0,240,"dino"
"dino",0,241,"dino"
"dino",0,242,"dino"
"dino",0,243,"dino"
"dino",0,244,"dino"
"dino",0,245,"dino"
"dino",0,246,"dino"
"dino",0.270000010728836,247,"dino"
"dino",0,248,"dino"
"dino",0,249,"dino"
"dino",0,250,"dino"
"dino",0,251,"dino"
"dino",0,252,"dino"
"dino",0,253,"dino"
"dino",0,254,"dino"
"dino",0,255,"dino"
"dino",0,256,"dino"
"dino",0,257,"dino"
"dino",0,258,"dino"
"dino",0,259,"dino"
"dino",0,260,"dino"
"dino",2.99000000953674,261,"dino"
"dino",0,262,"dino"
"dino",0,263,"dino"
"dino",0,264,"dino"
"dino",0,265,"dino"
"dino",0,266,"dino"
"dino",0,267,"dino"
"dino",0,268,"dino"
"dino",0,269,"dino"
"dino",0,270,"dino"
"dino",0,271,"dino"
"dino",0,272,"dino"
"dino",0,273,"dino"
"dino",0,274,"dino"
"dino",0,275,"dino"
"dino",0,276,"dino"
"dino",0,277,"dino"
"dino",0,278,"dino"
"dino",0,279,"dino"
"dino",0,280,"dino"
"dino",0,281,"dino"
"dino",0,282,"dino"
"dino",0,283,"dino"
"dino",0,284,"dino"
"dino",0,285,"dino"
"dino",0,286,"dino"
"dino",0,287,"dino"
"dino",0,288,"dino"
"dino",0,289,"dino"
"dino",0,290,"dino"
"dino",17.3099994659424,291,"dino"
"dino",8.48999977111816,292,"dino"
"dino",0,293,"dino"
"dino",0,294,"dino"
"dino",0,295,"dino"
"dino",0,296,"dino"
"dino",0,297,"dino"
"dino",0,298,"dino"
"dino",0,299,"dino"
"dino",0,300,"dino"
"dino",0,301,"dino"
"dino",1.01999998092651,302,"dino"
"dino",1.96000003814697,303,"dino"
"dino",0,304,"dino"
"dino",0,305,"dino"
"dino",0,306,"dino"
"dino",0,307,"dino"
"dino",0.230000004172325,308,"dino"
"dino",0,309,"dino"
"dino",0,310,"dino"
"dino",0,311,"dino"
"dino",0,312,"dino"
"dino",0,313,"dino"
"dino",0,314,"dino"
"dino",0,315,"dino"
"dino",0,316,"dino"
"dino",2.38000011444092,317,"dino"
"dino",0,318,"dino"
"dino",0,319,"dino"
"dino",0,320,"dino"
"dino",0,321,"dino"
"dino",0,322,"dino"
"dino",0,323,"dino"
"dino",0,324,"dino"
"dino",0,325,"dino"
"dino",0,326,"dino"
"dino",0,327,"dino"
"dino",0,328,"dino"
"dino",2.16000008583069,329,"dino"
"dino",0,330,"dino"
"dino",2.21000003814697,331,"dino"
"dino",0,332,"dino"
"dino",0,333,"dino"
"dino",0,334,"dino"
"dino",0,335,"dino"
"dino",0,336,"dino"
"dino",0,337,"dino"
"dino",0,338,"dino"
"dino",0,339,"dino"
"dino",0,340,"dino"
"dino",0,341,"dino"
"dino",0,342,"dino"
"dino",0,343,"dino"
"dino",0,344,"dino"
"dino",0,345,"dino"
"dino",0,346,"dino"
"dino",0,347,"dino"
"dino",0,348,"dino"
"dino",0,349,"dino"
"dino",0,350,"dino"
"dino",0,351,"dino"
"dino",0,352,"dino"
"dino",0,353,"dino"
"dino",0,354,"dino"
"dino",0,355,"dino"
"dino",0,356,"dino"
"dino",0,357,"dino"
"dino",0,358,"dino"
"dino",2.09999990463257,359,"dino"
"dino",1.38999998569489,360,"dino"
"dino",0.910000026226044,361,"dino"
"dino",1.91999995708466,362,"dino"
"dino",0,363,"dino"
"dino",1.35000002384186,364,"dino"
"dino",0,365,"dino"
"dino",241.960006713867,1,"dino"
"dino",242.259994506836,2,"dino"
"dino",246.559997558594,3,"dino"
"dino",236.649993896484,4,"dino"
"dino",208.279998779297,5,"dino"
"dino",222.240005493164,6,"dino"
"dino",155.770004272461,7,"dino"
"dino",175.330001831055,8,"dino"
"dino",195.630004882812,9,"dino"
"dino",186.990005493164,10,"dino"
"dino",243.559997558594,11,"dino"
"dino",306.440002441406,12,"dino"
"dino",291.589996337891,13,"dino"
"dino",202.830001831055,14,"dino"
"dino",272.040008544922,15,"dino"
"dino",302.760009765625,16,"dino"
"dino",280.899993896484,17,"dino"
"dino",287.970001220703,18,"dino"
"dino",268.670013427734,19,"dino"
"dino",254.929992675781,20,"dino"
"dino",254.720001220703,21,"dino"
"dino",167.589996337891,22,"dino"
"dino",186.630004882812,23,"dino"
"dino",189.429992675781,24,"dino"
"dino",202.419998168945,25,"dino"
"dino",216.559997558594,26,"dino"
"dino",274.089996337891,27,"dino"
"dino",293.899993896484,28,"dino"
"dino",308.339996337891,29,"dino"
"dino",313.600006103516,30,"dino"
"dino",313.929992675781,31,"dino"
"dino",299.859985351562,32,"dino"
"dino",169.889999389648,33,"dino"
"dino",140.199996948242,34,"dino"
"dino",210.380004882812,35,"dino"
"dino",246.809997558594,36,"dino"
"dino",156.759994506836,37,"dino"
"dino",122.279998779297,38,"dino"
"dino",236.809997558594,39,"dino"
"dino",149.300003051758,40,"dino"
"dino",218.5,41,"dino"
"dino",302.320007324219,42,"dino"
"dino",326.100006103516,43,"dino"
"dino",341.339996337891,44,"dino"
"dino",314.649993896484,45,"dino"
"dino",284.660003662109,46,"dino"
"dino",341.829986572266,47,"dino"
"dino",332.809997558594,48,"dino"
"dino",323.380004882812,49,"dino"
"dino",400.440002441406,50,"dino"
"dino",186.979995727539,51,"dino"
"dino",192.389999389648,52,"dino"
"dino",305.359985351562,53,"dino"
"dino",353.950012207031,54,"dino"
"dino",382.869995117188,55,"dino"
"dino",409.829986572266,56,"dino"
"dino",405.299987792969,57,"dino"
"dino",335.059997558594,58,"dino"
"dino",395.559997558594,59,"dino"
"dino",423.399993896484,60,"dino"
"dino",424.670013427734,61,"dino"
"dino",299.149993896484,62,"dino"
"dino",251.729995727539,63,"dino"
"dino",274.140014648438,64,"dino"
"dino",323.769989013672,65,"dino"
"dino",316.75,66,"dino"
"dino",361.149993896484,67,"dino"
"dino",317.25,68,"dino"
"dino",415.549987792969,69,"dino"
"dino",448.269989013672,70,"dino"
"dino",424.790008544922,71,"dino"
"dino",286.019989013672,72,"dino"
"dino",292.959991455078,73,"dino"
"dino",249.139999389648,74,"dino"
"dino",353.809997558594,75,"dino"
"dino",407.929992675781,76,"dino"
"dino",327.230010986328,77,"dino"
"dino",463.279998779297,78,"dino"
"dino",479.920013427734,79,"dino"
"dino",479.350006103516,80,"dino"
"dino",480.709991455078,81,"dino"
"dino",465.839996337891,82,"dino"
"dino",431.25,83,"dino"
"dino",230.460006713867,84,"dino"
"dino",303.540008544922,85,"dino"
"dino",312.630004882812,86,"dino"
"dino",452.339996337891,87,"dino"
"dino",439.950012207031,88,"dino"
"dino",313.160003662109,89,"dino"
"dino",288.019989013672,90,"dino"
"dino",349.010009765625,91,"dino"
"dino",380.679992675781,92,"dino"
"dino",469.570007324219,93,"dino"
"dino",512.679992675781,94,"dino"
"dino",502.600006103516,95,"dino"
"dino",493.570007324219,96,"dino"
"dino",428.609985351562,97,"dino"
"dino",479.040008544922,98,"dino"
"dino",492.339996337891,99,"dino"
"dino",522.119995117188,100,"dino"
"dino",516.780029296875,101,"dino"
"dino",529.929992675781,102,"dino"
"dino",554.349975585938,103,"dino"
"dino",505.089996337891,104,"dino"
"dino",508.839996337891,105,"dino"
"dino",457.260009765625,106,"dino"
"dino",475.279998779297,107,"dino"
"dino",456.630004882812,108,"dino"
"dino",486.010009765625,109,"dino"
"dino",449.239990234375,110,"dino"
"dino",523.599975585938,111,"dino"
"dino",550.260009765625,112,"dino"
"dino",538.619995117188,113,"dino"
"dino",478.670013427734,114,"dino"
"dino",512.75,115,"dino"
"dino",410.649993896484,116,"dino"
"dino",289.200012207031,117,"dino"
"dino",217.729995727539,118,"dino"
"dino",353.470001220703,119,"dino"
"dino",483.790008544922,120,"dino"
"dino",446.850006103516,121,"dino"
"dino",387.059997558594,122,"dino"
"dino",512.869995117188,123,"dino"
"dino",413.029998779297,124,"dino"
"dino",563.590026855469,125,"dino"
"dino",370.799987792969,126,"dino"
"dino",374.709991455078,127,"dino"
"dino",403.920013427734,128,"dino"
"dino",434.279998779297,129,"dino"
"dino",407.679992675781,130,"dino"
"dino",403.149993896484,131,"dino"
"dino",532.489990234375,132,"dino"
"dino",570.809997558594,133,"dino"
"dino",555.169982910156,134,"dino"
"dino",495.239990234375,135,"dino"
"dino",514.349975585938,136,"dino"
"dino",547.570007324219,137,"dino"
"dino",559.429992675781,138,"dino"
"dino",547.890014648438,139,"dino"
"dino",485.799987792969,140,"dino"
"dino",368.700012207031,141,"dino"
"dino",359.579986572266,142,"dino"
"dino",580.719970703125,143,"dino"
"dino",449.899993896484,144,"dino"
"dino",425.320007324219,145,"dino"
"dino",317.660003662109,146,"dino"
"dino",537.52001953125,147,"dino"
"dino",560.419982910156,148,"dino"
"dino",553.510009765625,149,"dino"
"dino",538.330017089844,150,"dino"
"dino",460.630004882812,151,"dino"
"dino",515.719970703125,152,"dino"
"dino",550.119995117188,153,"dino"
"dino",489.850006103516,154,"dino"
"dino",447.579986572266,155,"dino"
"dino",506.589996337891,156,"dino"
"dino",542.02001953125,157,"dino"
"dino",531.989990234375,158,"dino"
"dino",504.019989013672,159,"dino"
"dino",485.649993896484,160,"dino"
"dino",515.159973144531,161,"dino"
"dino",490.470001220703,162,"dino"
"dino",536.690002441406,163,"dino"
"dino",541.380004882812,164,"dino"
"dino",554.090026855469,165,"dino"
"dino",410.269989013672,166,"dino"
"dino",514.650024414062,167,"dino"
"dino",522.780029296875,168,"dino"
"dino",533.659973144531,169,"dino"
"dino",457.149993896484,170,"dino"
"dino",530.549987792969,171,"dino"
"dino",546.309997558594,172,"dino"
"dino",367.730010986328,173,"dino"
"dino",518.010009765625,174,"dino"
"dino",523.25,175,"dino"
"dino",492.829986572266,176,"dino"
"dino",513.429992675781,177,"dino"
"dino",503.799987792969,178,"dino"
"dino",324.059997558594,179,"dino"
"dino",458.450012207031,180,"dino"
"dino",526.030029296875,181,"dino"
"dino",459.730010986328,182,"dino"
"dino",448.890014648438,183,"dino"
"dino",428.049987792969,184,"dino"
"dino",527.22998046875,185,"dino"
"dino",530.599975585938,186,"dino"
"dino",510.859985351562,187,"dino"
"dino",529.239990234375,188,"dino"
"dino",529.960021972656,189,"dino"
"dino",493.980010986328,190,"dino"
"dino",519.359985351562,191,"dino"
"dino",531.320007324219,192,"dino"
"dino",543.739990234375,193,"dino"
"dino",532.909973144531,194,"dino"
"dino",530.130004882812,195,"dino"
"dino",483.690002441406,196,"dino"
"dino",442.130004882812,197,"dino"
"dino",479.220001220703,198,"dino"
"dino",495.140014648438,199,"dino"
"dino",486.559997558594,200,"dino"
"dino",442.929992675781,201,"dino"
"dino",493.160003662109,202,"dino"
"dino",458.850006103516,203,"dino"
"dino",471.529998779297,204,"dino"
"dino",516.719970703125,205,"dino"
"dino",508.690002441406,206,"dino"
"dino",460.470001220703,207,"dino"
"dino",402.019989013672,208,"dino"
"dino",453.429992675781,209,"dino"
"dino",504.950012207031,210,"dino"
"dino",526.190002441406,211,"dino"
"dino",532.559997558594,212,"dino"
"dino",516.989990234375,213,"dino"
"dino",508.290008544922,214,"dino"
"dino",514.080017089844,215,"dino"
"dino",510.149993896484,216,"dino"
"dino",425.839996337891,217,"dino"
"dino",484.359985351562,218,"dino"
"dino",471.179992675781,219,"dino"
"dino",429.980010986328,220,"dino"
"dino",460.309997558594,221,"dino"
"dino",432.079986572266,222,"dino"
"dino",440.75,223,"dino"
"dino",462.600006103516,224,"dino"
"dino",328.510009765625,225,"dino"
"dino",238.389999389648,226,"dino"
"dino",282.399993896484,227,"dino"
"dino",490.739990234375,228,"dino"
"dino",494.910003662109,229,"dino"
"dino",485.070007324219,230,"dino"
"dino",446.489990234375,231,"dino"
"dino",441.600006103516,232,"dino"
"dino",488.170013427734,233,"dino"
"dino",425.619995117188,234,"dino"
"dino",348.540008544922,235,"dino"
"dino",358.029998779297,236,"dino"
"dino",401.910003662109,237,"dino"
"dino",245.199996948242,238,"dino"
"dino",421,239,"dino"
"dino",485.690002441406,240,"dino"
"dino",494.459991455078,241,"dino"
"dino",486.339996337891,242,"dino"
"dino",497.140014648438,243,"dino"
"dino",507.119995117188,244,"dino"
"dino",498.709991455078,245,"dino"
"dino",475.029998779297,246,"dino"
"dino",454.940002441406,247,"dino"
"dino",384.070007324219,248,"dino"
"dino",431.630004882812,249,"dino"
"dino",462.119995117188,250,"dino"
"dino",468.869995117188,251,"dino"
"dino",463.119995117188,252,"dino"
"dino",428.720001220703,253,"dino"
"dino",436.049987792969,254,"dino"
"dino",416.049987792969,255,"dino"
"dino",360.269989013672,256,"dino"
"dino",435.649993896484,257,"dino"
"dino",474.690002441406,258,"dino"
"dino",455.029998779297,259,"dino"
"dino",397.640014648438,260,"dino"
"dino",255.339996337891,261,"dino"
"dino",410.769989013672,262,"dino"
"dino",439.480010986328,263,"dino"
"dino",446.279998779297,264,"dino"
"dino",417.359985351562,265,"dino"
"dino",385.380004882812,266,"dino"
"dino",409.399993896484,267,"dino"
"dino",410.140014648438,268,"dino"
"dino",425.940002441406,269,"dino"
"dino",430.239990234375,270,"dino"
"dino",420.119995117188,271,"dino"
"dino",422.440002441406,272,"dino"
"dino",408.170013427734,273,"dino"
"dino",397.230010986328,274,"dino"
"dino",394.329986572266,275,"dino"
"dino",413.179992675781,276,"dino"
"dino",402.410003662109,277,"dino"
"dino",403.399993896484,278,"dino"
"dino",376.130004882812,279,"dino"
"dino",362.859985351562,280,"dino"
"dino",381.839996337891,281,"dino"
"dino",369.589996337891,282,"dino"
"dino",370.660003662109,283,"dino"
"dino",365.730010986328,284,"dino"
"dino",343.019989013672,285,"dino"
"dino",350.649993896484,286,"dino"
"dino",346.709991455078,287,"dino"
"dino",343.809997558594,288,"dino"
"dino",335.089996337891,289,"dino"
"dino",318.190002441406,290,"dino"
"dino",184.639999389648,291,"dino"
"dino",111.870002746582,292,"dino"
"dino",204.410003662109,293,"dino"
"dino",226.740005493164,294,"dino"
"dino",251.789993286133,295,"dino"
"dino",273.140014648438,296,"dino"
"dino",282.579986572266,297,"dino"
"dino",243.369995117188,298,"dino"
"dino",299.040008544922,299,"dino"
"dino",303.880004882812,300,"dino"
"dino",279.549987792969,301,"dino"
"dino",223.649993896484,302,"dino"
"dino",180.130004882812,303,"dino"
"dino",147.110000610352,304,"dino"
"dino",243.800003051758,305,"dino"
"dino",251.380004882812,306,"dino"
"dino",247.029998779297,307,"dino"
"dino",155.970001220703,308,"dino"
"dino",192.110000610352,309,"dino"
"dino",177.660003662109,310,"dino"
"dino",154.779998779297,311,"dino"
"dino",263.799987792969,312,"dino"
"dino",258.829986572266,313,"dino"
"dino",271.670013427734,314,"dino"
"dino",289.869995117188,315,"dino"
"dino",294.519989013672,316,"dino"
"dino",165.419998168945,317,"dino"
"dino",240,318,"dino"
"dino",276.119995117188,319,"dino"
"dino",291.209991455078,320,"dino"
"dino",255.070007324219,321,"dino"
"dino",253.580001831055,322,"dino"
"dino",258.559997558594,323,"dino"
"dino",207.369995117188,324,"dino"
"dino",265.570007324219,325,"dino"
"dino",264.609985351562,326,"dino"
"dino",258.609985351562,327,"dino"
"dino",251.350006103516,328,"dino"
"dino",145.220001220703,329,"dino"
"dino",202.309997558594,330,"dino"
"dino",86.5500030517578,331,"dino"
"dino",163.669998168945,332,"dino"
"dino",209.199996948242,333,"dino"
"dino",225.529998779297,334,"dino"
"dino",242.339996337891,335,"dino"
"dino",251.020004272461,336,"dino"
"dino",240.990005493164,337,"dino"
"dino",243.940002441406,338,"dino"
"dino",239.220001220703,339,"dino"
"dino",236.600006103516,340,"dino"
"dino",239.160003662109,341,"dino"
"dino",233.949996948242,342,"dino"
"dino",220.729995727539,343,"dino"
"dino",160.830001831055,344,"dino"
"dino",213.539993286133,345,"dino"
"dino",220.830001831055,346,"dino"
"dino",230.949996948242,347,"dino"
"dino",205.929992675781,348,"dino"
"dino",203.690002441406,349,"dino"
"dino",227.330001831055,350,"dino"
"dino",218.369995117188,351,"dino"
"dino",226.199996948242,352,"dino"
"dino",218.330001831055,353,"dino"
"dino",227.970001220703,354,"dino"
"dino",236.880004882812,355,"dino"
"dino",230.600006103516,356,"dino"
"dino",204.460006713867,357,"dino"
"dino",199.960006713867,358,"dino"
"dino",131.350006103516,359,"dino"
"dino",140.100006103516,360,"dino"
"dino",122.98999786377,361,"dino"
"dino",82.9499969482422,362,"dino"
"dino",120.599998474121,363,"dino"
"dino",153.979995727539,364,"dino"
"dino",157.699996948242,365,"dino"
"dino",0,1,"dino"
"dino",0,2,"dino"
"dino",0,3,"dino"
"dino",0,4,"dino"
"dino",0,5,"dino"
"dino",0,6,"dino"
"dino",0,7,"dino"
"dino",0,8,"dino"
"dino",0,9,"dino"
"dino",2.75,10,"dino"
"dino",2.75,11,"dino"
"dino",2.75,12,"dino"
"dino",4.40000009536743,13,"dino"
"dino",3.14000010490417,14,"dino"
"dino",3.14000010490417,15,"dino"
"dino",3.14000010490417,16,"dino"
"dino",4.59000015258789,17,"dino"
"dino",4.59000015258789,18,"dino"
"dino",4.59000015258789,19,"dino"
"dino",4.36999988555908,20,"dino"
"dino",4.09999990463257,21,"dino"
"dino",1.82000005245209,22,"dino"
"dino",0,23,"dino"
"dino",0,24,"dino"
"dino",0,25,"dino"
"dino",0,26,"dino"
"dino",0,27,"dino"
"dino",0,28,"dino"
"dino",0,29,"dino"
"dino",0,30,"dino"
"dino",0,31,"dino"
"dino",0,32,"dino"
"dino",0,33,"dino"
"dino",0,34,"dino"
"dino",0,35,"dino"
"dino",0,36,"dino"
"dino",0,37,"dino"
"dino",0,38,"dino"
"dino",0,39,"dino"
"dino",0,40,"dino"
"dino",0,41,"dino"
"dino",0,42,"dino"
"dino",0,43,"dino"
"dino",0,44,"dino"
"dino",0,45,"dino"
"dino",0,46,"dino"
"dino",0,47,"dino"
"dino",0,48,"dino"
"dino",0.349999994039536,49,"dino"
"dino",0.349999994039536,50,"dino"
"dino",0,51,"dino"
"dino",0,52,"dino"
"dino",0,53,"dino"
"dino",0,54,"dino"
"dino",0,55,"dino"
"dino",0,56,"dino"
"dino",0,57,"dino"
"dino",0,58,"dino"
"dino",0,59,"dino"
"dino",0,60,"dino"
"dino",0,61,"dino"
"dino",0,62,"dino"
"dino",0,63,"dino"
"dino",0,64,"dino"
"dino",0,65,"dino"
"dino",0,66,"dino"
"dino",0,67,"dino"
"dino",0,68,"dino"
"dino",0,69,"dino"
"dino",0,70,"dino"
"dino",0,71,"dino"
"dino",0,72,"dino"
"dino",0,73,"dino"
"dino",0,74,"dino"
"dino",0,75,"dino"
"dino",0,76,"dino"
"dino",0,77,"dino"
"dino",0,78,"dino"
"dino",0,79,"dino"
"dino",0,80,"dino"
"dino",0,81,"dino"
"dino",0,82,"dino"
"dino",0,83,"dino"
"dino",0,84,"dino"
"dino",0,85,"dino"
"dino",0,86,"dino"
"dino",0,87,"dino"
"dino",0,88,"dino"
"dino",0,89,"dino"
"dino",0,90,"dino"
"dino",0,91,"dino"
"dino",0,92,"dino"
"dino",0,93,"dino"
"dino",0,94,"dino"
"dino",0,95,"dino"
"dino",0,96,"dino"
"dino",0,97,"dino"
"dino",0,98,"dino"
"dino",0,99,"dino"
"dino",0,100,"dino"
"dino",0,101,"dino"
"dino",0,102,"dino"
"dino",0,103,"dino"
"dino",0,104,"dino"
"dino",0,105,"dino"
"dino",0,106,"dino"
"dino",0,107,"dino"
"dino",0,108,"dino"
"dino",0,109,"dino"
"dino",0,110,"dino"
"dino",0,111,"dino"
"dino",0,112,"dino"
"dino",0,113,"dino"
"dino",0,114,"dino"
"dino",0,115,"dino"
"dino",0,116,"dino"
"dino",0,117,"dino"
"dino",0,118,"dino"
"dino",0,119,"dino"
"dino",0,120,"dino"
"dino",0,121,"dino"
"dino",0,122,"dino"
"dino",0,123,"dino"
"dino",0,124,"dino"
"dino",0,125,"dino"
"dino",0,126,"dino"
"dino",0,127,"dino"
"dino",0,128,"dino"
"dino",0,129,"dino"
"dino",0,130,"dino"
"dino",0,131,"dino"
"dino",0,132,"dino"
"dino",0,133,"dino"
"dino",0,134,"dino"
"dino",0,135,"dino"
"dino",0,136,"dino"
"dino",0,137,"dino"
"dino",0,138,"dino"
"dino",0,139,"dino"
"dino",0,140,"dino"
"dino",0,141,"dino"
"dino",0,142,"dino"
"dino",0,143,"dino"
"dino",0,144,"dino"
"dino",0,145,"dino"
"dino",0,146,"dino"
"dino",0,147,"dino"
"dino",0,148,"dino"
"dino",0,149,"dino"
"dino",0,150,"dino"
"dino",0,151,"dino"
"dino",0,152,"dino"
"dino",0,153,"dino"
"dino",0,154,"dino"
"dino",0,155,"dino"
"dino",0,156,"dino"
"dino",0,157,"dino"
"dino",0,158,"dino"
"dino",0,159,"dino"
"dino",0,160,"dino"
"dino",0,161,"dino"
"dino",0,162,"dino"
"dino",0,163,"dino"
"dino",0,164,"dino"
"dino",0,165,"dino"
"dino",0,166,"dino"
"dino",0,167,"dino"
"dino",0,168,"dino"
"dino",0,169,"dino"
"dino",0,170,"dino"
"dino",0,171,"dino"
"dino",0,172,"dino"
"dino",0,173,"dino"
"dino",0,174,"dino"
"dino",0,175,"dino"
"dino",0,176,"dino"
"dino",0,177,"dino"
"dino",0,178,"dino"
"dino",0,179,"dino"
"dino",0,180,"dino"
"dino",0,181,"dino"
"dino",0,182,"dino"
"dino",0,183,"dino"
"dino",0,184,"dino"
"dino",0,185,"dino"
"dino",0,186,"dino"
"dino",0,187,"dino"
"dino",0,188,"dino"
"dino",0,189,"dino"
"dino",0,190,"dino"
"dino",0,191,"dino"
"dino",0,192,"dino"
"dino",0,193,"dino"
"dino",0,194,"dino"
"dino",0,195,"dino"
"dino",0,196,"dino"
"dino",0,197,"dino"
"dino",0,198,"dino"
"dino",0,199,"dino"
"dino",0,200,"dino"
"dino",0,201,"dino"
"dino",0,202,"dino"
"dino",0,203,"dino"
"dino",0,204,"dino"
"dino",0,205,"dino"
"dino",0,206,"dino"
"dino",0,207,"dino"
"dino",0,208,"dino"
"dino",0,209,"dino"
"dino",0,210,"dino"
"dino",0,211,"dino"
"dino",0,212,"dino"
"dino",0,213,"dino"
"dino",0,214,"dino"
"dino",0,215,"dino"
"dino",0,216,"dino"
"dino",0,217,"dino"
"dino",0,218,"dino"
"dino",0,219,"dino"
"dino",0,220,"dino"
"dino",0,221,"dino"
"dino",0,222,"dino"
"dino",0,223,"dino"
"dino",0,224,"dino"
"dino",0,225,"dino"
"dino",0,226,"dino"
"dino",0,227,"dino"
"dino",0,228,"dino"
"dino",0,229,"dino"
"dino",0,230,"dino"
"dino",0,231,"dino"
"dino",0,232,"dino"
"dino",0,233,"dino"
"dino",0,234,"dino"
"dino",0,235,"dino"
"dino",0,236,"dino"
"dino",0,237,"dino"
"dino",0,238,"dino"
"dino",0,239,"dino"
"dino",0,240,"dino"
"dino",0,241,"dino"
"dino",0,242,"dino"
"dino",0,243,"dino"
"dino",0,244,"dino"
"dino",0,245,"dino"
"dino",0,246,"dino"
"dino",0,247,"dino"
"dino",0,248,"dino"
"dino",0,249,"dino"
"dino",0,250,"dino"
"dino",0,251,"dino"
"dino",0,252,"dino"
"dino",0,253,"dino"
"dino",0,254,"dino"
"dino",0,255,"dino"
"dino",0,256,"dino"
"dino",0,257,"dino"
"dino",0,258,"dino"
"dino",0,259,"dino"
"dino",0,260,"dino"
"dino",0,261,"dino"
"dino",0,262,"dino"
"dino",0,263,"dino"
"dino",0,264,"dino"
"dino",0,265,"dino"
"dino",0,266,"dino"
"dino",0,267,"dino"
"dino",0,268,"dino"
"dino",0,269,"dino"
"dino",0,270,"dino"
"dino",0,271,"dino"
"dino",0,272,"dino"
"dino",0,273,"dino"
"dino",0,274,"dino"
"dino",0,275,"dino"
"dino",0,276,"dino"
"dino",0,277,"dino"
"dino",0,278,"dino"
"dino",0,279,"dino"
"dino",0,280,"dino"
"dino",0,281,"dino"
"dino",0,282,"dino"
"dino",0,283,"dino"
"dino",0,284,"dino"
"dino",0,285,"dino"
"dino",0,286,"dino"
"dino",0,287,"dino"
"dino",0,288,"dino"
"dino",0,289,"dino"
"dino",0,290,"dino"
"dino",0,291,"dino"
"dino",0,292,"dino"
"dino",0,293,"dino"
"dino",0,294,"dino"
"dino",0,295,"dino"
"dino",0,296,"dino"
"dino",0,297,"dino"
"dino",0,298,"dino"
"dino",0,299,"dino"
"dino",0,300,"dino"
"dino",0,301,"dino"
"dino",0,302,"dino"
"dino",0,303,"dino"
"dino",0,304,"dino"
"dino",0,305,"dino"
"dino",0,306,"dino"
"dino",0,307,"dino"
"dino",0,308,"dino"
"dino",0,309,"dino"
"dino",0,310,"dino"
"dino",0,311,"dino"
"dino",0,312,"dino"
"dino",0,313,"dino"
"dino",0,314,"dino"
"dino",0,315,"dino"
"dino",0,316,"dino"
"dino",0,317,"dino"
"dino",0,318,"dino"
"dino",0,319,"dino"
"dino",0,320,"dino"
"dino",0,321,"dino"
"dino",0,322,"dino"
"dino",0,323,"dino"
"dino",0,324,"dino"
"dino",0,325,"dino"
"dino",0,326,"dino"
"dino",0,327,"dino"
"dino",0,328,"dino"
"dino",0,329,"dino"
"dino",0,330,"dino"
"dino",0,331,"dino"
"dino",0,332,"dino"
"dino",0,333,"dino"
"dino",0,334,"dino"
"dino",0,335,"dino"
"dino",0,336,"dino"
"dino",0,337,"dino"
"dino",0,338,"dino"
"dino",0,339,"dino"
"dino",0,340,"dino"
"dino",0,341,"dino"
"dino",0,342,"dino"
"dino",0,343,"dino"
"dino",0,344,"dino"
"dino",0,345,"dino"
"dino",0,346,"dino"
"dino",0,347,"dino"
"dino",0,348,"dino"
"dino",0,349,"dino"
"dino",0,350,"dino"
"dino",0,351,"dino"
"dino",0,352,"dino"
"dino",0,353,"dino"
"dino",0,354,"dino"
"dino",0,355,"dino"
"dino",0,356,"dino"
"dino",0,357,"dino"
"dino",0,358,"dino"
"dino",0,359,"dino"
"dino",0,360,"dino"
"dino",0,361,"dino"
"dino",0,362,"dino"
"dino",0,363,"dino"
"dino",0,364,"dino"
"dino",0,365,"dino"
"dino",3.35999989509583,1,"dino"
"dino",2.96000003814697,2,"dino"
"dino",2.75,3,"dino"
"dino",4.67999982833862,4,"dino"
"dino",2.47000002861023,5,"dino"
"dino",1.20000004768372,6,"dino"
"dino",0.200000002980232,7,"dino"
"dino",-1.1599999666214,8,"dino"
"dino",-3.47000002861023,9,"dino"
"dino",-2,10,"dino"
"dino",-2.04999995231628,11,"dino"
"dino",-0.490000009536743,12,"dino"
"dino",3.65000009536743,13,"dino"
"dino",5.82999992370605,14,"dino"
"dino",-0.189999997615814,15,"dino"
"dino",-3.36999988555908,16,"dino"
"dino",-1.53999996185303,17,"dino"
"dino",4.57999992370605,18,"dino"
"dino",5.3899998664856,19,"dino"
"dino",5.48999977111816,20,"dino"
"dino",5.51000022888184,21,"dino"
"dino",6.01000022888184,22,"dino"
"dino",8.13000011444092,23,"dino"
"dino",8.17000007629395,24,"dino"
"dino",5.96999979019165,25,"dino"
"dino",7.71999979019165,26,"dino"
"dino",6.96999979019165,27,"dino"
"dino",9.47000026702881,28,"dino"
"dino",11.4300003051758,29,"dino"
"dino",11.4899997711182,30,"dino"
"dino",11.2799997329712,31,"dino"
"dino",9.77000045776367,32,"dino"
"dino",8.44999980926514,33,"dino"
"dino",5.82999992370605,34,"dino"
"dino",5.76999998092651,35,"dino"
"dino",6.53000020980835,36,"dino"
"dino",6.38000011444092,37,"dino"
"dino",5.30999994277954,38,"dino"
"dino",5.82000017166138,39,"dino"
"dino",4.48000001907349,40,"dino"
"dino",1.66999995708466,41,"dino"
"dino",0.730000019073486,42,"dino"
"dino",3.46000003814697,43,"dino"
"dino",6.55000019073486,44,"dino"
"dino",8.60999965667725,45,"dino"
"dino",7.80999994277954,46,"dino"
"dino",7.57999992370605,47,"dino"
"dino",3.77999997138977,48,"dino"
"dino",1.87999999523163,49,"dino"
"dino",7.51000022888184,50,"dino"
"dino",4.92999982833862,51,"dino"
"dino",8.25,52,"dino"
"dino",8.23999977111816,53,"dino"
"dino",8.63000011444092,54,"dino"
"dino",9.85000038146973,55,"dino"
"dino",14.1499996185303,56,"dino"
"dino",14.8199996948242,57,"dino"
"dino",7.17999982833862,58,"dino"
"dino",5.32000017166138,59,"dino"
"dino",10.8100004196167,60,"dino"
"dino",14.8900003433228,61,"dino"
"dino",13.0100002288818,62,"dino"
"dino",2.60999989509583,63,"dino"
"dino",3.90000009536743,64,"dino"
"dino",4.98000001907349,65,"dino"
"dino",12.0900001525879,66,"dino"
"dino",9.72000026702881,67,"dino"
"dino",6.98000001907349,68,"dino"
"dino",8.03999996185303,69,"dino"
"dino",12.6999998092651,70,"dino"
"dino",14,71,"dino"
"dino",11.789999961853,72,"dino"
"dino",8.60999965667725,73,"dino"
"dino",6.15999984741211,74,"dino"
"dino",8.61999988555908,75,"dino"
"dino",11.6300001144409,76,"dino"
"dino",12.25,77,"dino"
"dino",15.6999998092651,78,"dino"
"dino",17.7099990844727,79,"dino"
"dino",17.8600006103516,80,"dino"
"dino",18.6100006103516,81,"dino"
"dino",17.5400009155273,82,"dino"
"dino",17.1700000762939,83,"dino"
"dino",7.34999990463257,84,"dino"
"dino",7.48000001907349,85,"dino"
"dino",7.05999994277954,86,"dino"
"dino",11.2600002288818,87,"dino"
"dino",13.0100002288818,88,"dino"
"dino",8.92000007629395,89,"dino"
"dino",9.59000015258789,90,"dino"
"dino",11.3500003814697,91,"dino"
"dino",10.5100002288818,92,"dino"
"dino",14.1000003814697,93,"dino"
"dino",18.4200000762939,94,"dino"
"dino",19.6700000762939,95,"dino"
"dino",19.9400005340576,96,"dino"
"dino",12.039999961853,97,"dino"
"dino",10.9799995422363,98,"dino"
"dino",12.5200004577637,99,"dino"
"dino",14.7799997329712,100,"dino"
"dino",17.7000007629395,101,"dino"
"dino",19.6299991607666,102,"dino"
"dino",24.9200000762939,103,"dino"
"dino",23.7900009155273,104,"dino"
"dino",22.6499996185303,105,"dino"
"dino",18.5300006866455,106,"dino"
"dino",20.2600002288818,107,"dino"
"dino",21.0100002288818,108,"dino"
"dino",17.7099990844727,109,"dino"
"dino",16.6100006103516,110,"dino"
"dino",19.3500003814697,111,"dino"
"dino",22.7700004577637,112,"dino"
"dino",26.0200004577637,113,"dino"
"dino",25.6499996185303,114,"dino"
"dino",26.2800006866455,115,"dino"
"dino",20.8600006103516,116,"dino"
"dino",16.3700008392334,117,"dino"
"dino",13.5200004577637,118,"dino"
"dino",15.6199998855591,119,"dino"
"dino",18.2299995422363,120,"dino"
"dino",18.6399993896484,121,"dino"
"dino",16.7399997711182,122,"dino"
"dino",16.3700008392334,123,"dino"
"dino",15.4300003051758,124,"dino"
"dino",21.6900005340576,125,"dino"
"dino",21.1200008392334,126,"dino"
"dino",12.8100004196167,127,"dino"
"dino",12.0500001907349,128,"dino"
"dino",10.8699998855591,129,"dino"
"dino",13.5900001525879,130,"dino"
"dino",17.9400005340576,131,"dino"
"dino",21.2299995422363,132,"dino"
"dino",25.5,133,"dino"
"dino",26.7900009155273,134,"dino"
"dino",24.6499996185303,135,"dino"
"dino",21.9400005340576,136,"dino"
"dino",25.1100006103516,137,"dino"
"dino",28.0100002288818,138,"dino"
"dino",27.0200004577637,139,"dino"
"dino",25.9099998474121,140,"dino"
"dino",18.1100006103516,141,"dino"
"dino",14.8699998855591,142,"dino"
"dino",22.4500007629395,143,"dino"
"dino",17.7399997711182,144,"dino"
"dino",20.7600002288818,145,"dino"
"dino",15.9099998474121,146,"dino"
"dino",21.7999992370605,147,"dino"
"dino",25.9400005340576,148,"dino"
"dino",29.1000003814697,149,"dino"
"dino",30.1200008392334,150,"dino"
"dino",25.5,151,"dino"
"dino",26.9400005340576,152,"dino"
"dino",29.7199993133545,153,"dino"
"dino",27.7299995422363,154,"dino"
"dino",26.5300006866455,155,"dino"
"dino",28.2000007629395,156,"dino"
"dino",31.7600002288818,157,"dino"
"dino",32.6800003051758,158,"dino"
"dino",33.2099990844727,159,"dino"
"dino",31,160,"dino"
"dino",33.5400009155273,161,"dino"
"dino",32.0999984741211,162,"dino"
"dino",33.189998626709,163,"dino"
"dino",35.0099983215332,164,"dino"
"dino",36.5900001525879,165,"dino"
"dino",30.2999992370605,166,"dino"
"dino",32.75,167,"dino"
"dino",33.2299995422363,168,"dino"
"dino",32.5,169,"dino"
"dino",23.7199993133545,170,"dino"
"dino",28.8400001525879,171,"dino"
"dino",33.3300018310547,172,"dino"
"dino",31.2700004577637,173,"dino"
"dino",30.6100006103516,174,"dino"
"dino",35.4700012207031,175,"dino"
"dino",35.1300010681152,176,"dino"
"dino",35.4599990844727,177,"dino"
"dino",34.5099983215332,178,"dino"
"dino",32.2999992370605,179,"dino"
"dino",31.0599994659424,180,"dino"
"dino",33.8800010681152,181,"dino"
"dino",34.7000007629395,182,"dino"
"dino",32.5400009155273,183,"dino"
"dino",30.4400005340576,184,"dino"
"dino",31.9099998474121,185,"dino"
"dino",31.2399997711182,186,"dino"
"dino",31.1399993896484,187,"dino"
"dino",33.5299987792969,188,"dino"
"dino",32.2200012207031,189,"dino"
"dino",32.1699981689453,190,"dino"
"dino",34.7200012207031,191,"dino"
"dino",36.9700012207031,192,"dino"
"dino",38.4099998474121,193,"dino"
"dino",39.1199989318848,194,"dino"
"dino",38.1399993896484,195,"dino"
"dino",37.7700004577637,196,"dino"
"dino",35.0999984741211,197,"dino"
"dino",34.2900009155273,198,"dino"
"dino",35.2599983215332,199,"dino"
"dino",36.0699996948242,200,"dino"
"dino",35.5400009155273,201,"dino"
"dino",35.7299995422363,202,"dino"
"dino",33.3899993896484,203,"dino"
"dino",32.8199996948242,204,"dino"
"dino",35.4599990844727,205,"dino"
"dino",37.2799987792969,206,"dino"
"dino",35.7799987792969,207,"dino"
"dino",33.9599990844727,208,"dino"
"dino",33.9900016784668,209,"dino"
"dino",34.0999984741211,210,"dino"
"dino",34.7299995422363,211,"dino"
"dino",34.9199981689453,212,"dino"
"dino",34.7599983215332,213,"dino"
"dino",36.3899993896484,214,"dino"
"dino",38.0999984741211,215,"dino"
"dino",38.4500007629395,216,"dino"
"dino",36.0499992370605,217,"dino"
"dino",36.2099990844727,218,"dino"
"dino",36.7900009155273,219,"dino"
"dino",35.2799987792969,220,"dino"
"dino",32.7599983215332,221,"dino"
"dino",32.1300010681152,222,"dino"
"dino",32.4599990844727,223,"dino"
"dino",32.5200004577637,224,"dino"
"dino",30.8799991607666,225,"dino"
"dino",25.9899997711182,226,"dino"
"dino",27.3600006103516,227,"dino"
"dino",30.9699993133545,228,"dino"
"dino",33.8600006103516,229,"dino"
"dino",32.9300003051758,230,"dino"
"dino",30.8999996185303,231,"dino"
"dino",31.7900009155273,232,"dino"
"dino",33.9700012207031,233,"dino"
"dino",33.6300010681152,234,"dino"
"dino",28.75,235,"dino"
"dino",26.9400005340576,236,"dino"
"dino",29.9200000762939,237,"dino"
"dino",25.2900009155273,238,"dino"
"dino",27.5200004577637,239,"dino"
"dino",29.8700008392334,240,"dino"
"dino",32.060001373291,241,"dino"
"dino",30.8299999237061,242,"dino"
"dino",31.0499992370605,243,"dino"
"dino",32.4900016784668,244,"dino"
"dino",32.6199989318848,245,"dino"
"dino",32.7200012207031,246,"dino"
"dino",31.5900001525879,247,"dino"
"dino",27.8199996948242,248,"dino"
"dino",28.3199996948242,249,"dino"
"dino",30.3999996185303,250,"dino"
"dino",31.8099994659424,251,"dino"
"dino",32.0299987792969,252,"dino"
"dino",30.5300006866455,253,"dino"
"dino",29.8500003814697,254,"dino"
"dino",29.9899997711182,255,"dino"
"dino",25.6299991607666,256,"dino"
"dino",24.6800003051758,257,"dino"
"dino",28.8899993896484,258,"dino"
"dino",29.8400001525879,259,"dino"
"dino",29.0200004577637,260,"dino"
"dino",25.1000003814697,261,"dino"
"dino",23.0100002288818,262,"dino"
"dino",26.2999992370605,263,"dino"
"dino",28.2299995422363,264,"dino"
"dino",27.4899997711182,265,"dino"
"dino",24.6900005340576,266,"dino"
"dino",26.5100002288818,267,"dino"
"dino",27.4300003051758,268,"dino"
"dino",29.8700008392334,269,"dino"
"dino",31.7299995422363,270,"dino"
"dino",31.8199996948242,271,"dino"
"dino",31.4599990844727,272,"dino"
"dino",31.3999996185303,273,"dino"
"dino",30.3600006103516,274,"dino"
"dino",27.8999996185303,275,"dino"
"dino",28.7199993133545,276,"dino"
"dino",28.3799991607666,277,"dino"
"dino",29.2999992370605,278,"dino"
"dino",28.5100002288818,279,"dino"
"dino",26.4599990844727,280,"dino"
"dino",26.3999996185303,281,"dino"
"dino",26.4200000762939,282,"dino"
"dino",27.2099990844727,283,"dino"
"dino",27.3700008392334,284,"dino"
"dino",27.7900009155273,285,"dino"
"dino",27.25,286,"dino"
"dino",27.2800006866455,287,"dino"
"dino",26.3999996185303,288,"dino"
"dino",26.2399997711182,289,"dino"
"dino",24.4200000762939,290,"dino"
"dino",19.0799999237061,291,"dino"
"dino",12.6700000762939,292,"dino"
"dino",12.8100004196167,293,"dino"
"dino",14,294,"dino"
"dino",16.2700004577637,295,"dino"
"dino",18.6399993896484,296,"dino"
"dino",19.9599990844727,297,"dino"
"dino",17.6100006103516,298,"dino"
"dino",17.7999992370605,299,"dino"
"dino",19.8099994659424,300,"dino"
"dino",18.4799995422363,301,"dino"
"dino",18.2600002288818,302,"dino"
"dino",12.2799997329712,303,"dino"
"dino",7.44000005722046,304,"dino"
"dino",10.7200002670288,305,"dino"
"dino",11.5,306,"dino"
"dino",12.9499998092651,307,"dino"
"dino",8.64000034332275,308,"dino"
"dino",9.28999996185303,309,"dino"
"dino",5.84999990463257,310,"dino"
"dino",4.71999979019165,311,"dino"
"dino",5.82000017166138,312,"dino"
"dino",7.26999998092651,313,"dino"
"dino",11.5699996948242,314,"dino"
"dino",12.75,315,"dino"
"dino",13.789999961853,316,"dino"
"dino",8.4399995803833,317,"dino"
"dino",7.44000005722046,318,"dino"
"dino",10.4899997711182,319,"dino"
"dino",12.8999996185303,320,"dino"
"dino",9.06999969482422,321,"dino"
"dino",6.78999996185303,322,"dino"
"dino",9.34000015258789,323,"dino"
"dino",4.46000003814697,324,"dino"
"dino",6.05000019073486,325,"dino"
"dino",8.30000019073486,326,"dino"
"dino",8.97000026702881,327,"dino"
"dino",9.55000019073486,328,"dino"
"dino",5.1100001335144,329,"dino"
"dino",2.5,330,"dino"
"dino",1.5900000333786,331,"dino"
"dino",4.98000001907349,332,"dino"
"dino",3.27999997138977,333,"dino"
"dino",2.88000011444092,334,"dino"
"dino",3.90000009536743,335,"dino"
"dino",5.98999977111816,336,"dino"
"dino",6.23000001907349,337,"dino"
"dino",7.3600001335144,338,"dino"
"dino",7.55999994277954,339,"dino"
"dino",7.6100001335144,340,"dino"
"dino",7.15000009536743,341,"dino"
"dino",6.71000003814697,342,"dino"
"dino",6.98999977111816,343,"dino"
"dino",2.80999994277954,344,"dino"
"dino",2.44000005722046,345,"dino"
"dino",2.15000009536743,346,"dino"
"dino",5.48000001907349,347,"dino"
"dino",5.23000001907349,348,"dino"
"dino",4.09000015258789,349,"dino"
"dino",6.40999984741211,350,"dino"
"dino",4.48999977111816,351,"dino"
"dino",8.14000034332275,352,"dino"
"dino",6.84999990463257,353,"dino"
"dino",7.19000005722046,354,"dino"
"dino",7.76999998092651,355,"dino"
"dino",7.05999994277954,356,"dino"
"dino",6.55000019073486,357,"dino"
"dino",6.94000005722046,358,"dino"
"dino",4,359,"dino"
"dino",3.25999999046326,360,"dino"
"dino",3.91000008583069,361,"dino"
"dino",0.730000019073486,362,"dino"
"dino",4.55000019073486,363,"dino"
"dino",5.3600001335144,364,"dino"
"dino",3.58999991416931,365,"dino"
"dino",-11.3999996185303,1,"dino"
"dino",-11.7299995422363,2,"dino"
"dino",-12.3599996566772,3,"dino"
"dino",-9.19999980926514,4,"dino"
"dino",-8.65999984741211,5,"dino"
"dino",-10.9399995803833,6,"dino"
"dino",-7.38000011444092,7,"dino"
"dino",-9.77000045776367,8,"dino"
"dino",-13.2200002670288,9,"dino"
"dino",-13.8999996185303,10,"dino"
"dino",-13.3299999237061,11,"dino"
"dino",-18.1000003814697,12,"dino"
"dino",-11.6999998092651,13,"dino"
"dino",-3,14,"dino"
"dino",-13.1300001144409,15,"dino"
"dino",-19.0900001525879,16,"dino"
"dino",-14.7700004577637,17,"dino"
"dino",-9.13000011444092,18,"dino"
"dino",-6.63000011444092,19,"dino"
"dino",-5.48999977111816,20,"dino"
"dino",-5.34000015258789,21,"dino"
"dino",-0.569999992847443,22,"dino"
"dino",-0.189999997615814,23,"dino"
"dino",-0.200000002980232,24,"dino"
"dino",-2.94000005722046,25,"dino"
"dino",-1.9099999666214,26,"dino"
"dino",-6.44000005722046,27,"dino"
"dino",-5.69999980926514,28,"dino"
"dino",-5.23000001907349,29,"dino"
"dino",-5.51999998092651,30,"dino"
"dino",-5.40000009536743,31,"dino"
"dino",-4.90000009536743,32,"dino"
"dino",-0.990000009536743,33,"dino"
"dino",0.509999990463257,34,"dino"
"dino",-2.33999991416931,35,"dino"
"dino",-3.20000004768372,36,"dino"
"dino",-1.55999994277954,37,"dino"
"dino",-0.589999973773956,38,"dino"
"dino",-3.02999997138977,39,"dino"
"dino",-2.58999991416931,40,"dino"
"dino",-5.92000007629395,41,"dino"
"dino",-10.6800003051758,42,"dino"
"dino",-9.38000011444092,43,"dino"
"dino",-7.65000009536743,44,"dino"
"dino",-3.32999992370605,45,"dino"
"dino",-2.07999992370605,46,"dino"
"dino",-5.59999990463257,47,"dino"
"dino",-8.35000038146973,48,"dino"
"dino",-7.65999984741211,49,"dino"
"dino",-6.34999990463257,50,"dino"
"dino",-2.84999990463257,51,"dino"
"dino",0.140000000596046,52,"dino"
"dino",-1.75999999046326,53,"dino"
"dino",-4.05000019073486,54,"dino"
"dino",-5.1399998664856,55,"dino"
"dino",-4.57999992370605,56,"dino"
"dino",-2.82999992370605,57,"dino"
"dino",-4.07000017166138,58,"dino"
"dino",-9.64999961853027,59,"dino"
"dino",-7.40000009536743,60,"dino"
"dino",-3.35999989509583,61,"dino"
"dino",-2.27999997138977,62,"dino"
"dino",-4.69000005722046,63,"dino"
"dino",-4.15999984741211,64,"dino"
"dino",-4.92000007629395,65,"dino"
"dino",-4.53000020980835,66,"dino"
"dino",-2.07999992370605,67,"dino"
"dino",-2.76999998092651,68,"dino"
"dino",-6.98000001907349,69,"dino"
"dino",-5.88000011444092,70,"dino"
"dino",-2.27999997138977,71,"dino"
"dino",-1.60000002384186,72,"dino"
"dino",-0.400000005960464,73,"dino"
"dino",-1.12000000476837,74,"dino"
"dino",-2.39000010490417,75,"dino"
"dino",-2.15000009536743,76,"dino"
"dino",2.34999990463257,77,"dino"
"dino",-2.08999991416931,78,"dino"
"dino",-2.25999999046326,79,"dino"
"dino",-1.87000000476837,80,"dino"
"dino",-1.47000002861023,81,"dino"
"dino",-0.930000007152557,82,"dino"
"dino",1.37999999523163,83,"dino"
"dino",0.430000007152557,84,"dino"
"dino",-1.67999994754791,85,"dino"
"dino",-2.15000009536743,86,"dino"
"dino",-4.15000009536743,87,"dino"
"dino",-1.6599999666214,88,"dino"
"dino",-0.0700000002980232,89,"dino"
"dino",1.62000000476837,90,"dino"
"dino",1.61000001430511,91,"dino"
"dino",-0.140000000596046,92,"dino"
"dino",-0.97000002861023,93,"dino"
"dino",-0.540000021457672,94,"dino"
"dino",1.50999999046326,95,"dino"
"dino",2.6800000667572,96,"dino"
"dino",-0.990000009536743,97,"dino"
"dino",-4.76000022888184,98,"dino"
"dino",-4.05999994277954,99,"dino"
"dino",-4.17000007629395,100,"dino"
"dino",-0.77999997138977,101,"dino"
"dino",-0.259999990463257,102,"dino"
"dino",1.01999998092651,103,"dino"
"dino",5.26000022888184,104,"dino"
"dino",3.78999996185303,105,"dino"
"dino",3.22000002861023,106,"dino"
"dino",3.78999996185303,107,"dino"
"dino",5.69000005722046,108,"dino"
"dino",1.0900000333786,109,"dino"
"dino",2.23000001907349,110,"dino"
"dino",0.540000021457672,111,"dino"
"dino",1.36000001430511,112,"dino"
"dino",5.53000020980835,113,"dino"
"dino",9.1899995803833,114,"dino"
"dino",7.46999979019165,115,"dino"
"dino",7.63000011444092,116,"dino"
"dino",4.19999980926514,117,"dino"
"dino",4.84000015258789,118,"dino"
"dino",4.88000011444092,119,"dino"
"dino",1.69000005722046,120,"dino"
"dino",3.85999989509583,121,"dino"
"dino",4.53000020980835,122,"dino"
"dino",-1.91999995708466,123,"dino"
"dino",2.46000003814697,124,"dino"
"dino",-0.660000026226044,125,"dino"
"dino",3.6800000667572,126,"dino"
"dino",1.35000002384186,127,"dino"
"dino",-0.349999994039536,128,"dino"
"dino",-2.58999991416931,129,"dino"
"dino",1.28999996185303,130,"dino"
"dino",5.86999988555908,131,"dino"
"dino",2.91000008583069,132,"dino"
"dino",3.77999997138977,133,"dino"
"dino",6.44999980926514,134,"dino"
"dino",8.59000015258789,135,"dino"
"dino",4.94000005722046,136,"dino"
"dino",5.6399998664856,137,"dino"
"dino",7.1399998664856,138,"dino"
"dino",7.17000007629395,139,"dino"
"dino",9.98999977111816,140,"dino"
"dino",7.34999990463257,141,"dino"
"dino",4.76000022888184,142,"dino"
"dino",0.699999988079071,143,"dino"
"dino",4.5,144,"dino"
"dino",0.280000001192093,145,"dino"
"dino",3.46000003814697,146,"dino"
"dino",3.74000000953674,147,"dino"
"dino",5.48000001907349,148,"dino"
"dino",8.63000011444092,149,"dino"
"dino",10.6599998474121,150,"dino"
"dino",10.7399997711182,151,"dino"
"dino",9.13000011444092,152,"dino"
"dino",9.19999980926514,153,"dino"
"dino",11.1999998092651,154,"dino"
"dino",12.3199996948242,155,"dino"
"dino",10.9499998092651,156,"dino"
"dino",11.5900001525879,157,"dino"
"dino",12.9499998092651,158,"dino"
"dino",15.1400003433228,159,"dino"
"dino",14.0799999237061,160,"dino"
"dino",14.4499998092651,161,"dino"
"dino",14.6800003051758,162,"dino"
"dino",12.710000038147,163,"dino"
"dino",13.9200000762939,164,"dino"
"dino",14.0200004577637,165,"dino"
"dino",16.7800006866455,166,"dino"
"dino",13.7799997329712,167,"dino"
"dino",13.710000038147,168,"dino"
"dino",12.2700004577637,169,"dino"
"dino",8.56999969482422,170,"dino"
"dino",8.97999954223633,171,"dino"
"dino",11.4799995422363,172,"dino"
"dino",13.4300003051758,173,"dino"
"dino",11.0799999237061,174,"dino"
"dino",15.0500001907349,175,"dino"
"dino",16.5799999237061,176,"dino"
"dino",15.5299997329712,177,"dino"
"dino",15.3400001525879,178,"dino"
"dino",17.1000003814697,179,"dino"
"dino",14.9300003051758,180,"dino"
"dino",13.3299999237061,181,"dino"
"dino",18.0699996948242,182,"dino"
"dino",16.75,183,"dino"
"dino",15.8000001907349,184,"dino"
"dino",11.5,185,"dino"
"dino",10.539999961853,186,"dino"
"dino",11.8299999237061,187,"dino"
"dino",12.6499996185303,188,"dino"
"dino",11.3500003814697,189,"dino"
"dino",13.6599998474121,190,"dino"
"dino",14.2299995422363,191,"dino"
"dino",15.1599998474121,192,"dino"
"dino",15.25,193,"dino"
"dino",16.7199993133545,194,"dino"
"dino",16.1100006103516,195,"dino"
"dino",18.8600006103516,196,"dino"
"dino",18.7900009155273,197,"dino"
"dino",16.0900001525879,198,"dino"
"dino",15.9799995422363,199,"dino"
"dino",17.1399993896484,200,"dino"
"dino",19.1200008392334,201,"dino"
"dino",16.5,202,"dino"
"dino",16.3799991607666,203,"dino"
"dino",15.1800003051758,204,"dino"
"dino",14.6199998855591,205,"dino"
"dino",16.7000007629395,206,"dino"
"dino",18.3899993896484,207,"dino"
"dino",19.6599998474121,208,"dino"
"dino",17.1599998474121,209,"dino"
"dino",14.0500001907349,210,"dino"
"dino",12.9499998092651,211,"dino"
"dino",12.3800001144409,212,"dino"
"dino",13.3100004196167,213,"dino"
"dino",15.1899995803833,214,"dino"
"dino",16.1299991607666,215,"dino"
"dino",16.6399993896484,216,"dino"
"dino",19.7600002288818,217,"dino"
"dino",16.5100002288818,218,"dino"
"dino",17.8600006103516,219,"dino"
"dino",18.8299999237061,220,"dino"
"dino",14.8900003433228,221,"dino"
"dino",15.9099998474121,222,"dino"
"dino",15.8400001525879,223,"dino"
"dino",14.7200002670288,224,"dino"
"dino",14.539999961853,225,"dino"
"dino",15.0900001525879,226,"dino"
"dino",14.1000003814697,227,"dino"
"dino",11.6000003814697,228,"dino"
"dino",13.7799997329712,229,"dino"
"dino",13.539999961853,230,"dino"
"dino",14.0100002288818,231,"dino"
"dino",15.0799999237061,232,"dino"
"dino",13.9399995803833,233,"dino"
"dino",17.4500007629395,234,"dino"
"dino",16.4899997711182,235,"dino"
"dino",14.5699996948242,236,"dino"
"dino",15.4399995803833,237,"dino"
"dino",13.9700002670288,238,"dino"
"dino",12.210000038147,239,"dino"
"dino",10.3000001907349,240,"dino"
"dino",11.4399995803833,241,"dino"
"dino",10.9300003051758,242,"dino"
"dino",10.0600004196167,243,"dino"
"dino",10.1400003433228,244,"dino"
"dino",10.9099998474121,245,"dino"
"dino",12.9399995803833,246,"dino"
"dino",13.210000038147,247,"dino"
"dino",13.7799997329712,248,"dino"
"dino",11.6800003051758,249,"dino"
"dino",11.3000001907349,250,"dino"
"dino",11.7799997329712,251,"dino"
"dino",12.1599998474121,252,"dino"
"dino",13.1400003433228,253,"dino"
"dino",11.8599996566772,254,"dino"
"dino",13.1599998474121,255,"dino"
"dino",11.8199996948242,256,"dino"
"dino",6.40999984741211,257,"dino"
"dino",6.51000022888184,258,"dino"
"dino",9.06999969482422,259,"dino"
"dino",12.460000038147,260,"dino"
"dino",11.3299999237061,261,"dino"
"dino",5.61999988555908,262,"dino"
"dino",6.38000011444092,263,"dino"
"dino",7.17000007629395,264,"dino"
"dino",8.60000038146973,265,"dino"
"dino",7.90999984741211,266,"dino"
"dino",7.67999982833862,267,"dino"
"dino",8.06999969482422,268,"dino"
"dino",8.44999980926514,269,"dino"
"dino",9.27999973297119,270,"dino"
"dino",10.0799999237061,271,"dino"
"dino",9.13000011444092,272,"dino"
"dino",10.25,273,"dino"
"dino",10.1300001144409,274,"dino"
"dino",7.92000007629395,275,"dino"
"dino",6.36999988555908,276,"dino"
"dino",6.84999990463257,277,"dino"
"dino",6.98999977111816,278,"dino"
"dino",8.64999961853027,279,"dino"
"dino",7.61999988555908,280,"dino"
"dino",5.57999992370605,281,"dino"
"dino",6.46000003814697,282,"dino"
"dino",6.75,283,"dino"
"dino",6.96999979019165,284,"dino"
"dino",9.03999996185303,285,"dino"
"dino",7.48999977111816,286,"dino"
"dino",7.57000017166138,287,"dino"
"dino",6.76000022888184,288,"dino"
"dino",7.15999984741211,289,"dino"
"dino",6.57999992370605,290,"dino"
"dino",5.94000005722046,291,"dino"
"dino",5.11999988555908,292,"dino"
"dino",2.32999992370605,293,"dino"
"dino",2.25,294,"dino"
"dino",2.84999990463257,295,"dino"
"dino",3.51999998092651,296,"dino"
"dino",3.92000007629395,297,"dino"
"dino",4.36999988555908,298,"dino"
"dino",0.360000014305115,299,"dino"
"dino",1.60000002384186,300,"dino"
"dino",2.36999988555908,301,"dino"
"dino",6.05999994277954,302,"dino"
"dino",3.01999998092651,303,"dino"
"dino",0.189999997615814,304,"dino"
"dino",-2.17000007629395,305,"dino"
"dino",-1.89999997615814,306,"dino"
"dino",-0.209999993443489,307,"dino"
"dino",1.12000000476837,308,"dino"
"dino",-0.0700000002980232,309,"dino"
"dino",-2.52999997138977,310,"dino"
"dino",-2.34999990463257,311,"dino"
"dino",-7.6399998664856,312,"dino"
"dino",-5.84999990463257,313,"dino"
"dino",-2.85999989509583,314,"dino"
"dino",-3.79999995231628,315,"dino"
"dino",-3.55999994277954,316,"dino"
"dino",-2.27999997138977,317,"dino"
"dino",-4.32999992370605,318,"dino"
"dino",-4.53999996185303,319,"dino"
"dino",-4.48000001907349,320,"dino"
"dino",-4.26999998092651,321,"dino"
"dino",-6.69000005722046,322,"dino"
"dino",-5.05999994277954,323,"dino"
"dino",-5.8600001335144,324,"dino"
"dino",-9.38000011444092,325,"dino"
"dino",-7.40000009536743,326,"dino"
"dino",-6.28000020980835,327,"dino"
"dino",-5.17000007629395,328,"dino"
"dino",-4.82999992370605,329,"dino"
"dino",-7.73000001907349,330,"dino"
"dino",-3.74000000953674,331,"dino"
"dino",-2.85999989509583,332,"dino"
"dino",-7.40000009536743,333,"dino"
"dino",-9.26000022888184,334,"dino"
"dino",-10.0299997329712,335,"dino"
"dino",-9.3100004196167,336,"dino"
"dino",-8.0600004196167,337,"dino"
"dino",-7.71999979019165,338,"dino"
"dino",-7.32000017166138,339,"dino"
"dino",-7.28000020980835,340,"dino"
"dino",-8.43000030517578,341,"dino"
"dino",-8.36999988555908,342,"dino"
"dino",-6.78999996185303,343,"dino"
"dino",-6.03000020980835,344,"dino"
"dino",-10.3199996948242,345,"dino"
"dino",-11.2399997711182,346,"dino"
"dino",-9.39000034332275,347,"dino"
"dino",-7.15000009536743,348,"dino"
"dino",-8.01000022888184,349,"dino"
"dino",-8.06999969482422,350,"dino"
"dino",-8.97000026702881,351,"dino"
"dino",-6.36999988555908,352,"dino"
"dino",-6.71999979019165,353,"dino"
"dino",-7.6100001335144,354,"dino"
"dino",-8.25,355,"dino"
"dino",-8.06999969482422,356,"dino"
"dino",-5.71999979019165,357,"dino"
"dino",-4.8600001335144,358,"dino"
"dino",-5.88000011444092,359,"dino"
"dino",-4.21999979019165,360,"dino"
"dino",-2.60999989509583,361,"dino"
"dino",-3.46000003814697,362,"dino"
"dino",-1.69000005722046,363,"dino"
"dino",-2.71000003814697,364,"dino"
"dino",-4.51000022888184,365,"dino"
"dino",251.570007324219,1,"dino"
"dino",246.059997558594,2,"dino"
"dino",233.350006103516,3,"dino"
"dino",295.649993896484,4,"dino"
"dino",317.829986572266,5,"dino"
"dino",265.380004882812,6,"dino"
"dino",351.089996337891,7,"dino"
"dino",291.160003662109,8,"dino"
"dino",220.789993286133,9,"dino"
"dino",208.800003051758,10,"dino"
"dino",218.830001831055,11,"dino"
"dino",144.139999389648,12,"dino"
"dino",231.220001220703,13,"dino"
"dino",489.559997558594,14,"dino"
"dino",222.440002441406,15,"dino"
"dino",135.139999389648,16,"dino"
"dino",163.020004272461,17,"dino"
"dino",178.490005493164,18,"dino"
"dino",222.729995727539,19,"dino"
"dino",251.759994506836,20,"dino"
"dino",253.759994506836,21,"dino"
"dino",481.309997558594,22,"dino"
"dino",450.989990234375,23,"dino"
"dino",445.010009765625,24,"dino"
"dino",362.630004882812,25,"dino"
"dino",361.109985351562,26,"dino"
"dino",218.089996337891,27,"dino"
"dino",192.869995117188,28,"dino"
"dino",159.320007324219,29,"dino"
"dino",151.600006103516,30,"dino"
"dino",152.710006713867,31,"dino"
"dino",174.889999389648,32,"dino"
"dino",422.410003662109,33,"dino"
"dino",631.929992675781,34,"dino"
"dino",437.390014648438,35,"dino"
"dino",372.350006103516,36,"dino"
"dino",521.070007324219,37,"dino"
"dino",584.890014648438,38,"dino"
"dino",440.579986572266,39,"dino"
"dino",504.989990234375,40,"dino"
"dino",392.630004882812,41,"dino"
"dino",249.639999389648,42,"dino"
"dino",249.149993896484,43,"dino"
"dino",262.940002441406,44,"dino"
"dino",366.260009765625,45,"dino"
"dino",427.339996337891,46,"dino"
"dino",298.019989013672,47,"dino"
"dino",261.779998779297,48,"dino"
"dino",286.820007324219,49,"dino"
"dino",251.649993896484,50,"dino"
"dino",495.040008544922,51,"dino"
"dino",616.820007324219,52,"dino"
"dino",467.429992675781,53,"dino"
"dino",365.630004882812,54,"dino"
"dino",309.320007324219,55,"dino"
"dino",288.070007324219,56,"dino"
"dino",314.959991455078,57,"dino"
"dino",363.709991455078,58,"dino"
"dino",224.440002441406,59,"dino"
"dino",230.410003662109,60,"dino"
"dino",287.209991455078,61,"dino"
"dino",408.019989013672,62,"dino"
"dino",423.480010986328,63,"dino"
"dino",425.489990234375,64,"dino"
"dino",369.790008544922,65,"dino"
"dino",354.380004882812,66,"dino"
"dino",417.730010986328,67,"dino"
"dino",437.619995117188,68,"dino"
"dino",274.480010986328,69,"dino"
"dino",262.559997558594,70,"dino"
"dino",346.720001220703,71,"dino"
"dino",473.209991455078,72,"dino"
"dino",537.880004882812,73,"dino"
"dino",555.159973144531,74,"dino"
"dino",425.579986572266,75,"dino"
"dino",382.910003662109,76,"dino"
"dino",592.070007324219,77,"dino"
"dino",329.200012207031,78,"dino"
"dino",305.660003662109,79,"dino"
"dino",312.700012207031,80,"dino"
"dino",316.350006103516,81,"dino"
"dino",342.170013427734,82,"dino"
"dino",431.329986572266,83,"dino"
"dino",628.760009765625,84,"dino"
"dino",484.359985351562,85,"dino"
"dino",462.279998779297,86,"dino"
"dino",304.279998779297,87,"dino"
"dino",352.579986572266,88,"dino"
"dino",519.710021972656,89,"dino"
"dino",602.349975585938,90,"dino"
"dino",533.359985351562,91,"dino"
"dino",452.040008544922,92,"dino"
"dino",346.5,93,"dino"
"dino",306.209991455078,94,"dino"
"dino",352.299987792969,95,"dino"
"dino",385.980010986328,96,"dino"
"dino",379.619995117188,97,"dino"
"dino",269.850006103516,98,"dino"
"dino",269.109985351562,99,"dino"
"dino",241.889999389648,100,"dino"
"dino",281.690002441406,101,"dino"
"dino",273.260009765625,102,"dino"
"dino",256.570007324219,103,"dino"
"dino",380.390014648438,104,"dino"
"dino",345.649993896484,105,"dino"
"dino",398.820007324219,106,"dino"
"dino",385.829986572266,107,"dino"
"dino",440.5,108,"dino"
"dino",315.690002441406,109,"dino"
"dino",376.920013427734,110,"dino"
"dino",267.730010986328,111,"dino"
"dino",241.539993286133,112,"dino"
"dino",324.190002441406,113,"dino"
"dino",470.429992675781,114,"dino"
"dino",376.670013427734,115,"dino"
"dino",538.359985351562,116,"dino"
"dino",602.059997558594,117,"dino"
"dino",789.760009765625,118,"dino"
"dino",634.309997558594,119,"dino"
"dino",392.869995117188,120,"dino"
"dino",493.359985351562,121,"dino"
"dino",588.890014648438,122,"dino"
"dino",295.25,123,"dino"
"dino",428.450012207031,124,"dino"
"dino",217.380004882812,125,"dino"
"dino",473.119995117188,126,"dino"
"dino",486.200012207031,127,"dino"
"dino",392.230010986328,128,"dino"
"dino",303.5,129,"dino"
"dino",400.670013427734,130,"dino"
"dino",490.420013427734,131,"dino"
"dino",270.089996337891,132,"dino"
"dino",284.480010986328,133,"dino"
"dino",346.880004882812,134,"dino"
"dino",409.059997558594,135,"dino"
"dino",317.399993896484,136,"dino"
"dino",326.869995117188,137,"dino"
"dino",364.920013427734,138,"dino"
"dino",365.690002441406,139,"dino"
"dino",448.660003662109,140,"dino"
"dino",573.849975585938,141,"dino"
"dino",478.670013427734,142,"dino"
"dino",224.839996337891,143,"dino"
"dino",302.25,144,"dino"
"dino",230.240005493164,145,"dino"
"dino",477.230010986328,146,"dino"
"dino",283.470001220703,147,"dino"
"dino",322.850006103516,148,"dino"
"dino",406.679992675781,149,"dino"
"dino",470.589996337891,150,"dino"
"dino",477.630004882812,151,"dino"
"dino",421.640014648438,152,"dino"
"dino",423.809997558594,153,"dino"
"dino",488.959991455078,154,"dino"
"dino",529.260009765625,155,"dino"
"dino",480.279998779297,156,"dino"
"dino",502.75,157,"dino"
"dino",553.260009765625,158,"dino"
"dino",643.510009765625,159,"dino"
"dino",598.330017089844,160,"dino"
"dino",613.789978027344,161,"dino"
"dino",623.419982910156,162,"dino"
"dino",543.97998046875,163,"dino"
"dino",591.570007324219,164,"dino"
"dino",595.710021972656,165,"dino"
"dino",720,166,"dino"
"dino",585.940002441406,167,"dino"
"dino",582.969970703125,168,"dino"
"dino",527.309997558594,169,"dino"
"dino",405.140014648438,170,"dino"
"dino",417.369995117188,171,"dino"
"dino",498.910003662109,172,"dino"
"dino",571.820007324219,173,"dino"
"dino",484.929992675781,174,"dino"
"dino",639.609985351562,175,"dino"
"dino",710.330017089844,176,"dino"
"dino",660.969970703125,177,"dino"
"dino",652.77001953125,178,"dino"
"dino",735.77001953125,179,"dino"
"dino",634.340026855469,180,"dino"
"dino",568.010009765625,181,"dino"
"dino",785.570007324219,182,"dino"
"dino",718.299987792969,183,"dino"
"dino",673.669982910156,184,"dino"
"dino",499.350006103516,185,"dino"
"dino",466.760009765625,186,"dino"
"dino",511.329986572266,187,"dino"
"dino",541.669982910156,188,"dino"
"dino",494.320007324219,189,"dino"
"dino",580.969970703125,190,"dino"
"dino",604.549987792969,191,"dino"
"dino",644.739990234375,192,"dino"
"dino",648.710021972656,193,"dino"
"dino",717.070007324219,194,"dino"
"dino",687.780029296875,195,"dino"
"dino",827.849975585938,196,"dino"
"dino",824.070007324219,197,"dino"
"dino",686.760009765625,198,"dino"
"dino",681.909973144531,199,"dino"
"dino",737.450012207031,200,"dino"
"dino",842.340026855469,201,"dino"
"dino",706.440002441406,202,"dino"
"dino",700.77001953125,203,"dino"
"dino",645.669982910156,204,"dino"
"dino",620.880004882812,205,"dino"
"dino",715.799987792969,206,"dino"
"dino",802.099975585938,207,"dino"
"dino",873.140014648438,208,"dino"
"dino",738.799987792969,209,"dino"
"dino",597.219970703125,210,"dino"
"dino",552.900024414062,211,"dino"
"dino",531.450012207031,212,"dino"
"dino",567.280029296875,213,"dino"
"dino",645.849975585938,214,"dino"
"dino",688.580017089844,215,"dino"
"dino",712.940002441406,216,"dino"
"dino",879.010009765625,217,"dino"
"dino",707.039978027344,218,"dino"
"dino",774.200012207031,219,"dino"
"dino",826.080017089844,220,"dino"
"dino",632.75,221,"dino"
"dino",678.570007324219,222,"dino"
"dino",675.460021972656,223,"dino"
"dino",625.25,224,"dino"
"dino",617.599975585938,225,"dino"
"dino",775.190002441406,226,"dino"
"dino",666.140014648438,227,"dino"
"dino",502.950012207031,228,"dino"
"dino",586.119995117188,229,"dino"
"dino",576.409973144531,230,"dino"
"dino",595.429992675781,231,"dino"
"dino",641.119995117188,232,"dino"
"dino",592.460021972656,233,"dino"
"dino",753.090026855469,234,"dino"
"dino",705.760009765625,235,"dino"
"dino",619.090026855469,236,"dino"
"dino",656.97998046875,237,"dino"
"dino",770.710021972656,238,"dino"
"dino",525.090026855469,239,"dino"
"dino",458.640014648438,240,"dino"
"dino",497.429992675781,241,"dino"
"dino",479.839996337891,242,"dino"
"dino",450.910003662109,243,"dino"
"dino",453.609985351562,244,"dino"
"dino",478.920013427734,245,"dino"
"dino",552.739990234375,246,"dino"
"dino",563.159973144531,247,"dino"
"dino",585.799987792969,248,"dino"
"dino",505.950012207031,249,"dino"
"dino",492.630004882812,250,"dino"
"dino",509.549987792969,251,"dino"
"dino",523.340026855469,252,"dino"
"dino",560.380004882812,253,"dino"
"dino",512.409973144531,254,"dino"
"dino",561.090026855469,255,"dino"
"dino",562.22998046875,256,"dino"
"dino",345.920013427734,257,"dino"
"dino",348.549987792969,258,"dino"
"dino",419.809997558594,259,"dino"
"dino",534.330017089844,260,"dino"
"dino",805.5,261,"dino"
"dino",368.100006103516,262,"dino"
"dino",345.130004882812,263,"dino"
"dino",365.769989013672,264,"dino"
"dino",406,265,"dino"
"dino",398.029998779297,266,"dino"
"dino",379.730010986328,267,"dino"
"dino",390.600006103516,268,"dino"
"dino",401.549987792969,269,"dino"
"dino",426.309997558594,270,"dino"
"dino",451.470001220703,271,"dino"
"dino",421.850006103516,272,"dino"
"dino",457.089996337891,273,"dino"
"dino",452.989990234375,274,"dino"
"dino",386.410003662109,275,"dino"
"dino",344.929992675781,276,"dino"
"dino",357.230010986328,277,"dino"
"dino",361.029998779297,278,"dino"
"dino",407.429992675781,279,"dino"
"dino",377.940002441406,280,"dino"
"dino",325.440002441406,281,"dino"
"dino",347.149993896484,282,"dino"
"dino",354.690002441406,283,"dino"
"dino",360.549987792969,284,"dino"
"dino",437.75,285,"dino"
"dino",387.950012207031,286,"dino"
"dino",397.980010986328,287,"dino"
"dino",388.369995117188,288,"dino"
"dino",415.890014648438,289,"dino"
"dino",439.440002441406,290,"dino"
"dino",714.299987792969,291,"dino"
"dino",879.219970703125,292,"dino"
"dino",719.140014648438,293,"dino"
"dino",685.169982910156,294,"dino"
"dino",674.919982910156,295,"dino"
"dino",670.830017089844,296,"dino"
"dino",672.700012207031,297,"dino"
"dino",757.219970703125,298,"dino"
"dino",520.669982910156,299,"dino"
"dino",549.719970703125,300,"dino"
"dino",614.059997558594,301,"dino"
"dino",875.099975585938,302,"dino"
"dino",758.340026855469,303,"dino"
"dino",619.25,304,"dino"
"dino",513.52001953125,305,"dino"
"dino",515.700012207031,306,"dino"
"dino",580.090026855469,307,"dino"
"dino",662.190002441406,308,"dino"
"dino",607.539978027344,309,"dino"
"dino",506.940002441406,310,"dino"
"dino",514.070007324219,311,"dino"
"dino",344.130004882812,312,"dino"
"dino",394.790008544922,313,"dino"
"dino",469.190002441406,314,"dino"
"dino",417.869995117188,315,"dino"
"dino",388.359985351562,316,"dino"
"dino",516.539978027344,317,"dino"
"dino",410.070007324219,318,"dino"
"dino",367.609985351562,319,"dino"
"dino",350.070007324219,320,"dino"
"dino",391.350006103516,321,"dino"
"dino",331.369995117188,322,"dino"
"dino",360.350006103516,323,"dino"
"dino",391.200012207031,324,"dino"
"dino",268.820007324219,325,"dino"
"dino",304.809997558594,326,"dino"
"dino",332.769989013672,327,"dino"
"dino",356.980010986328,328,"dino"
"dino",426.690002441406,329,"dino"
"dino",333.149993896484,330,"dino"
"dino",463.359985351562,331,"dino"
"dino",494.959991455078,332,"dino"
"dino",342.970001220703,333,"dino"
"dino",291.459991455078,334,"dino"
"dino",264.619995117188,335,"dino"
"dino",268.799987792969,336,"dino"
"dino",300.029998779297,337,"dino"
"dino",301.5,338,"dino"
"dino",313.019989013672,339,"dino"
"dino",315.630004882812,340,"dino"
"dino",290.130004882812,341,"dino"
"dino",295.899993896484,342,"dino"
"dino",340.350006103516,343,"dino"
"dino",389.309997558594,344,"dino"
"dino",276.910003662109,345,"dino"
"dino",255.940002441406,346,"dino"
"dino",279.730010986328,347,"dino"
"dino",347.040008544922,348,"dino"
"dino",330.459991455078,349,"dino"
"dino",308.170013427734,350,"dino"
"dino",298.660003662109,351,"dino"
"dino",331.890014648438,352,"dino"
"dino",333.320007324219,353,"dino"
"dino",304.869995117188,354,"dino"
"dino",283.720001220703,355,"dino"
"dino",293.619995117188,356,"dino"
"dino",370.089996337891,357,"dino"
"dino",396.100006103516,358,"dino"
"dino",393.980010986328,359,"dino"
"dino",446.730010986328,360,"dino"
"dino",504.109985351562,361,"dino"
"dino",473.200012207031,362,"dino"
"dino",539.469970703125,363,"dino"
"dino",500.220001220703,364,"dino"
"dino",437.149993896484,365,"dino"
"GoeblS1",33341.859375,1,"GoeblS1"
"GoeblS1",33382.3515625,2,"GoeblS1"
"GoeblS1",33426.1484375,3,"GoeblS1"
"GoeblS1",33473.23828125,4,"GoeblS1"
"GoeblS1",33523.578125,5,"GoeblS1"
"GoeblS1",33577.12109375,6,"GoeblS1"
"GoeblS1",33633.83984375,7,"GoeblS1"
"GoeblS1",33693.69921875,8,"GoeblS1"
"GoeblS1",33756.6484375,9,"GoeblS1"
"GoeblS1",33822.66015625,10,"GoeblS1"
"GoeblS1",33891.671875,11,"GoeblS1"
"GoeblS1",33963.640625,12,"GoeblS1"
"GoeblS1",34038.53125,13,"GoeblS1"
"GoeblS1",34116.28125,14,"GoeblS1"
"GoeblS1",34196.8515625,15,"GoeblS1"
"GoeblS1",34280.19140625,16,"GoeblS1"
"GoeblS1",34366.23828125,17,"GoeblS1"
"GoeblS1",34454.9609375,18,"GoeblS1"
"GoeblS1",34546.28125,19,"GoeblS1"
"GoeblS1",34640.171875,20,"GoeblS1"
"GoeblS1",34736.55078125,21,"GoeblS1"
"GoeblS1",34835.37890625,22,"GoeblS1"
"GoeblS1",34936.609375,23,"GoeblS1"
"GoeblS1",35040.171875,24,"GoeblS1"
"GoeblS1",35146.01953125,25,"GoeblS1"
"GoeblS1",35254.08984375,26,"GoeblS1"
"GoeblS1",35364.33984375,27,"GoeblS1"
"GoeblS1",35476.69921875,28,"GoeblS1"
"GoeblS1",35591.12109375,29,"GoeblS1"
"GoeblS1",35707.5390625,30,"GoeblS1"
"GoeblS1",35825.921875,31,"GoeblS1"
"GoeblS1",35946.19140625,32,"GoeblS1"
"GoeblS1",36068.30078125,33,"GoeblS1"
"GoeblS1",36192.19921875,34,"GoeblS1"
"GoeblS1",36317.83984375,35,"GoeblS1"
"GoeblS1",36445.16015625,36,"GoeblS1"
"GoeblS1",36574.1015625,37,"GoeblS1"
"GoeblS1",36704.62890625,38,"GoeblS1"
"GoeblS1",36836.6796875,39,"GoeblS1"
"GoeblS1",36970.19921875,40,"GoeblS1"
"GoeblS1",37105.16015625,41,"GoeblS1"
"GoeblS1",37241.48828125,42,"GoeblS1"
"GoeblS1",37379.16015625,43,"GoeblS1"
"GoeblS1",37518.1015625,44,"GoeblS1"
"GoeblS1",37658.28125,45,"GoeblS1"
"GoeblS1",37799.66015625,46,"GoeblS1"
"GoeblS1",37942.1796875,47,"GoeblS1"
"GoeblS1",38085.80078125,48,"GoeblS1"
"GoeblS1",38230.48046875,49,"GoeblS1"
"GoeblS1",38376.171875,50,"GoeblS1"
"GoeblS1",38522.83984375,51,"GoeblS1"
"GoeblS1",38670.44921875,52,"GoeblS1"
"GoeblS1",38818.94140625,53,"GoeblS1"
"GoeblS1",38968.30078125,54,"GoeblS1"
"GoeblS1",39118.4609375,55,"GoeblS1"
"GoeblS1",39269.41015625,56,"GoeblS1"
"GoeblS1",39421.1015625,57,"GoeblS1"
"GoeblS1",39573.5,58,"GoeblS1"
"GoeblS1",39726.55859375,59,"GoeblS1"
"GoeblS1",39880.26171875,60,"GoeblS1"
"GoeblS1",40034.5703125,61,"GoeblS1"
"GoeblS1",40189.44140625,62,"GoeblS1"
"GoeblS1",40344.8515625,63,"GoeblS1"
"GoeblS1",40500.76171875,64,"GoeblS1"
"GoeblS1",40657.1484375,65,"GoeblS1"
"GoeblS1",40813.96875,66,"GoeblS1"
"GoeblS1",40971.2109375,67,"GoeblS1"
"GoeblS1",41128.828125,68,"GoeblS1"
"GoeblS1",41286.80859375,69,"GoeblS1"
"GoeblS1",41445.1015625,70,"GoeblS1"
"GoeblS1",41603.69921875,71,"GoeblS1"
"GoeblS1",41762.55078125,72,"GoeblS1"
"GoeblS1",41921.6484375,73,"GoeblS1"
"GoeblS1",42080.9609375,74,"GoeblS1"
"GoeblS1",42240.4609375,75,"GoeblS1"
"GoeblS1",42400.109375,76,"GoeblS1"
"GoeblS1",42559.8984375,77,"GoeblS1"
"GoeblS1",42719.7890625,78,"GoeblS1"
"GoeblS1",42879.76171875,79,"GoeblS1"
"GoeblS1",43039.78125,80,"GoeblS1"
"GoeblS1",43199.828125,81,"GoeblS1"
"GoeblS1",43359.87109375,82,"GoeblS1"
"GoeblS1",43519.890625,83,"GoeblS1"
"GoeblS1",43679.859375,84,"GoeblS1"
"GoeblS1",43839.75,85,"GoeblS1"
"GoeblS1",43999.5390625,86,"GoeblS1"
"GoeblS1",44159.19140625,87,"GoeblS1"
"GoeblS1",44318.69140625,88,"GoeblS1"
"GoeblS1",44478,89,"GoeblS1"
"GoeblS1",44637.1015625,90,"GoeblS1"
"GoeblS1",44795.9609375,91,"GoeblS1"
"GoeblS1",44954.55078125,92,"GoeblS1"
"GoeblS1",45112.8515625,93,"GoeblS1"
"GoeblS1",45270.8203125,94,"GoeblS1"
"GoeblS1",45428.44140625,95,"GoeblS1"
"GoeblS1",45585.6796875,96,"GoeblS1"
"GoeblS1",45742.51171875,97,"GoeblS1"
"GoeblS1",45898.8984375,98,"GoeblS1"
"GoeblS1",46054.80859375,99,"GoeblS1"
"GoeblS1",46210.21875,100,"GoeblS1"
"GoeblS1",46365.08984375,101,"GoeblS1"
"GoeblS1",46519.3984375,102,"GoeblS1"
"GoeblS1",46673.1015625,103,"GoeblS1"
"GoeblS1",46826.171875,104,"GoeblS1"
"GoeblS1",46978.5703125,105,"GoeblS1"
"GoeblS1",47130.26171875,106,"GoeblS1"
"GoeblS1",47281.2109375,107,"GoeblS1"
"GoeblS1",47431.37890625,108,"GoeblS1"
"GoeblS1",47580.73046875,109,"GoeblS1"
"GoeblS1",47729.23046875,110,"GoeblS1"
"GoeblS1",47876.83984375,111,"GoeblS1"
"GoeblS1",48023.51171875,112,"GoeblS1"
"GoeblS1",48169.2109375,113,"GoeblS1"
"GoeblS1",48313.890625,114,"GoeblS1"
"GoeblS1",48457.51171875,115,"GoeblS1"
"GoeblS1",48600.03125,116,"GoeblS1"
"GoeblS1",48741.41015625,117,"GoeblS1"
"GoeblS1",48881.58984375,118,"GoeblS1"
"GoeblS1",49020.5390625,119,"GoeblS1"
"GoeblS1",49158.2109375,120,"GoeblS1"
"GoeblS1",49294.5390625,121,"GoeblS1"
"GoeblS1",49429.5,122,"GoeblS1"
"GoeblS1",49563.03125,123,"GoeblS1"
"GoeblS1",49695.08984375,124,"GoeblS1"
"GoeblS1",49825.609375,125,"GoeblS1"
"GoeblS1",49954.55859375,126,"GoeblS1"
"GoeblS1",50081.890625,127,"GoeblS1"
"GoeblS1",50207.51953125,128,"GoeblS1"
"GoeblS1",50331.4296875,129,"GoeblS1"
"GoeblS1",50453.55078125,130,"GoeblS1"
"GoeblS1",50573.8203125,131,"GoeblS1"
"GoeblS1",50692.19921875,132,"GoeblS1"
"GoeblS1",50808.62890625,133,"GoeblS1"
"GoeblS1",50923.05859375,134,"GoeblS1"
"GoeblS1",51035.421875,135,"GoeblS1"
"GoeblS1",51145.671875,136,"GoeblS1"
"GoeblS1",51253.75,137,"GoeblS1"
"GoeblS1",51359.6015625,138,"GoeblS1"
"GoeblS1",51463.171875,139,"GoeblS1"
"GoeblS1",51564.3984375,140,"GoeblS1"
"GoeblS1",51663.23828125,141,"GoeblS1"
"GoeblS1",51759.62890625,142,"GoeblS1"
"GoeblS1",51853.51171875,143,"GoeblS1"
"GoeblS1",51944.8515625,144,"GoeblS1"
"GoeblS1",52033.5703125,145,"GoeblS1"
"GoeblS1",52119.62890625,146,"GoeblS1"
"GoeblS1",52202.96875,147,"GoeblS1"
"GoeblS1",52283.55078125,148,"GoeblS1"
"GoeblS1",52361.30859375,149,"GoeblS1"
"GoeblS1",52436.19921875,150,"GoeblS1"
"GoeblS1",52508.1796875,151,"GoeblS1"
"GoeblS1",52577.19921875,152,"GoeblS1"
"GoeblS1",52643.2109375,153,"GoeblS1"
"GoeblS1",52706.16015625,154,"GoeblS1"
"GoeblS1",52766.03125,155,"GoeblS1"
"GoeblS1",52822.76171875,156,"GoeblS1"
"GoeblS1",52876.30859375,157,"GoeblS1"
"GoeblS1",52926.6484375,158,"GoeblS1"
"GoeblS1",52973.75,159,"GoeblS1"
"GoeblS1",53017.55859375,160,"GoeblS1"
"GoeblS1",53058.05859375,161,"GoeblS1"
"GoeblS1",53095.21875,162,"GoeblS1"
"GoeblS1",53129,163,"GoeblS1"
"GoeblS1",53159.3984375,164,"GoeblS1"
"GoeblS1",53186.37109375,165,"GoeblS1"
"GoeblS1",53209.91015625,166,"GoeblS1"
"GoeblS1",53230,167,"GoeblS1"
"GoeblS1",53246.609375,168,"GoeblS1"
"GoeblS1",53259.73828125,169,"GoeblS1"
"GoeblS1",53269.37890625,170,"GoeblS1"
"GoeblS1",53275.53125,171,"GoeblS1"
"GoeblS1",53278.16015625,172,"GoeblS1"
"GoeblS1",53277.2890625,173,"GoeblS1"
"GoeblS1",53272.921875,174,"GoeblS1"
"GoeblS1",53265.0390625,175,"GoeblS1"
"GoeblS1",53253.671875,176,"GoeblS1"
"GoeblS1",53238.80859375,177,"GoeblS1"
"GoeblS1",53220.46875,178,"GoeblS1"
"GoeblS1",53198.6796875,179,"GoeblS1"
"GoeblS1",53173.4296875,180,"GoeblS1"
"GoeblS1",53144.76171875,181,"GoeblS1"
"GoeblS1",53112.6796875,182,"GoeblS1"
"GoeblS1",53077.21875,183,"GoeblS1"
"GoeblS1",53038.3984375,184,"GoeblS1"
"GoeblS1",52996.26171875,185,"GoeblS1"
"GoeblS1",52950.80859375,186,"GoeblS1"
"GoeblS1",52902.109375,187,"GoeblS1"
"GoeblS1",52850.171875,188,"GoeblS1"
"GoeblS1",52795.0390625,189,"GoeblS1"
"GoeblS1",52736.75,190,"GoeblS1"
"GoeblS1",52675.3515625,191,"GoeblS1"
"GoeblS1",52610.87109375,192,"GoeblS1"
"GoeblS1",52543.359375,193,"GoeblS1"
"GoeblS1",52472.87109375,194,"GoeblS1"
"GoeblS1",52399.44140625,195,"GoeblS1"
"GoeblS1",52323.12109375,196,"GoeblS1"
"GoeblS1",52243.9609375,197,"GoeblS1"
"GoeblS1",52162.01171875,198,"GoeblS1"
"GoeblS1",52077.30859375,199,"GoeblS1"
"GoeblS1",51989.921875,200,"GoeblS1"
"GoeblS1",51899.8984375,201,"GoeblS1"
"GoeblS1",51807.30078125,202,"GoeblS1"
"GoeblS1",51712.16015625,203,"GoeblS1"
"GoeblS1",51614.55078125,204,"GoeblS1"
"GoeblS1",51514.51953125,205,"GoeblS1"
"GoeblS1",51412.12109375,206,"GoeblS1"
"GoeblS1",51307.421875,207,"GoeblS1"
"GoeblS1",51200.4609375,208,"GoeblS1"
"GoeblS1",51091.30078125,209,"GoeblS1"
"GoeblS1",50979.98828125,210,"GoeblS1"
"GoeblS1",50866.6015625,211,"GoeblS1"
"GoeblS1",50751.171875,212,"GoeblS1"
"GoeblS1",50633.76953125,213,"GoeblS1"
"GoeblS1",50514.44140625,214,"GoeblS1"
"GoeblS1",50393.25,215,"GoeblS1"
"GoeblS1",50270.23828125,216,"GoeblS1"
"GoeblS1",50145.46875,217,"GoeblS1"
"GoeblS1",50018.98828125,218,"GoeblS1"
"GoeblS1",49890.8515625,219,"GoeblS1"
"GoeblS1",49761.12109375,220,"GoeblS1"
"GoeblS1",49629.828125,221,"GoeblS1"
"GoeblS1",49497.03125,222,"GoeblS1"
"GoeblS1",49362.7890625,223,"GoeblS1"
"GoeblS1",49227.140625,224,"GoeblS1"
"GoeblS1",49090.140625,225,"GoeblS1"
"GoeblS1",48951.828125,226,"GoeblS1"
"GoeblS1",48812.26953125,227,"GoeblS1"
"GoeblS1",48671.48046875,228,"GoeblS1"
"GoeblS1",48529.5390625,229,"GoeblS1"
"GoeblS1",48386.4609375,230,"GoeblS1"
"GoeblS1",48242.30859375,231,"GoeblS1"
"GoeblS1",48097.12109375,232,"GoeblS1"
"GoeblS1",47950.9296875,233,"GoeblS1"
"GoeblS1",47803.7890625,234,"GoeblS1"
"GoeblS1",47655.73828125,235,"GoeblS1"
"GoeblS1",47506.80859375,236,"GoeblS1"
"GoeblS1",47357.05078125,237,"GoeblS1"
"GoeblS1",47206.48828125,238,"GoeblS1"
"GoeblS1",47055.171875,239,"GoeblS1"
"GoeblS1",46903.12109375,240,"GoeblS1"
"GoeblS1",46750.390625,241,"GoeblS1"
"GoeblS1",46597,242,"GoeblS1"
"GoeblS1",46443,243,"GoeblS1"
"GoeblS1",46288.3984375,244,"GoeblS1"
"GoeblS1",46133.26171875,245,"GoeblS1"
"GoeblS1",45977.6015625,246,"GoeblS1"
"GoeblS1",45821.44921875,247,"GoeblS1"
"GoeblS1",45664.83984375,248,"GoeblS1"
"GoeblS1",45507.80078125,249,"GoeblS1"
"GoeblS1",45350.37109375,250,"GoeblS1"
"GoeblS1",45192.5703125,251,"GoeblS1"
"GoeblS1",45034.4296875,252,"GoeblS1"
"GoeblS1",44875.98046875,253,"GoeblS1"
"GoeblS1",44717.25,254,"GoeblS1"
"GoeblS1",44558.26953125,255,"GoeblS1"
"GoeblS1",44399.05859375,256,"GoeblS1"
"GoeblS1",44239.66015625,257,"GoeblS1"
"GoeblS1",44080.078125,258,"GoeblS1"
"GoeblS1",43920.359375,259,"GoeblS1"
"GoeblS1",43760.51953125,260,"GoeblS1"
"GoeblS1",43600.58984375,261,"GoeblS1"
"GoeblS1",43440.58984375,262,"GoeblS1"
"GoeblS1",43280.55078125,263,"GoeblS1"
"GoeblS1",43120.5,264,"GoeblS1"
"GoeblS1",42960.4609375,265,"GoeblS1"
"GoeblS1",42800.4609375,266,"GoeblS1"
"GoeblS1",42640.53125,267,"GoeblS1"
"GoeblS1",42480.69140625,268,"GoeblS1"
"GoeblS1",42320.96875,269,"GoeblS1"
"GoeblS1",42161.390625,270,"GoeblS1"
"GoeblS1",42001.98046875,271,"GoeblS1"
"GoeblS1",41842.76953125,272,"GoeblS1"
"GoeblS1",41683.7890625,273,"GoeblS1"
"GoeblS1",41525.05859375,274,"GoeblS1"
"GoeblS1",41366.609375,275,"GoeblS1"
"GoeblS1",41208.46875,276,"GoeblS1"
"GoeblS1",41050.671875,277,"GoeblS1"
"GoeblS1",40893.23046875,278,"GoeblS1"
"GoeblS1",40736.19140625,279,"GoeblS1"
"GoeblS1",40579.578125,280,"GoeblS1"
"GoeblS1",40423.4296875,281,"GoeblS1"
"GoeblS1",40267.76171875,282,"GoeblS1"
"GoeblS1",40112.609375,283,"GoeblS1"
"GoeblS1",39958.01953125,284,"GoeblS1"
"GoeblS1",39804.01171875,285,"GoeblS1"
"GoeblS1",39650.62109375,286,"GoeblS1"
"GoeblS1",39497.87890625,287,"GoeblS1"
"GoeblS1",39345.828125,288,"GoeblS1"
"GoeblS1",39194.5,289,"GoeblS1"
"GoeblS1",39043.94140625,290,"GoeblS1"
"GoeblS1",38894.171875,291,"GoeblS1"
"GoeblS1",38745.23828125,292,"GoeblS1"
"GoeblS1",38597.1796875,293,"GoeblS1"
"GoeblS1",38450.03125,294,"GoeblS1"
"GoeblS1",38303.83984375,295,"GoeblS1"
"GoeblS1",38158.640625,296,"GoeblS1"
"GoeblS1",38014.48046875,297,"GoeblS1"
"GoeblS1",37871.3984375,298,"GoeblS1"
"GoeblS1",37729.44140625,299,"GoeblS1"
"GoeblS1",37588.6484375,300,"GoeblS1"
"GoeblS1",37449.078125,301,"GoeblS1"
"GoeblS1",37310.76171875,302,"GoeblS1"
"GoeblS1",37173.75,303,"GoeblS1"
"GoeblS1",37038.1015625,304,"GoeblS1"
"GoeblS1",36903.83984375,305,"GoeblS1"
"GoeblS1",36771.0390625,306,"GoeblS1"
"GoeblS1",36639.73828125,307,"GoeblS1"
"GoeblS1",36509.98828125,308,"GoeblS1"
"GoeblS1",36381.8515625,309,"GoeblS1"
"GoeblS1",36255.359375,310,"GoeblS1"
"GoeblS1",36130.5703125,311,"GoeblS1"
"GoeblS1",36007.55078125,312,"GoeblS1"
"GoeblS1",35886.3515625,313,"GoeblS1"
"GoeblS1",35767.01171875,314,"GoeblS1"
"GoeblS1",35649.58984375,315,"GoeblS1"
"GoeblS1",35534.1484375,316,"GoeblS1"
"GoeblS1",35420.75,317,"GoeblS1"
"GoeblS1",35309.4296875,318,"GoeblS1"
"GoeblS1",35200.25,319,"GoeblS1"
"GoeblS1",35093.28125,320,"GoeblS1"
"GoeblS1",34988.55859375,321,"GoeblS1"
"GoeblS1",34886.140625,322,"GoeblS1"
"GoeblS1",34786.1015625,323,"GoeblS1"
"GoeblS1",34688.46875,324,"GoeblS1"
"GoeblS1",34593.3203125,325,"GoeblS1"
"GoeblS1",34500.69921875,326,"GoeblS1"
"GoeblS1",34410.66015625,327,"GoeblS1"
"GoeblS1",34323.25,328,"GoeblS1"
"GoeblS1",34238.5390625,329,"GoeblS1"
"GoeblS1",34156.5703125,330,"GoeblS1"
"GoeblS1",34077.390625,331,"GoeblS1"
"GoeblS1",34001.05078125,332,"GoeblS1"
"GoeblS1",33927.6015625,333,"GoeblS1"
"GoeblS1",33857.08984375,334,"GoeblS1"
"GoeblS1",33789.55859375,335,"GoeblS1"
"GoeblS1",33725.0703125,336,"GoeblS1"
"GoeblS1",33663.640625,337,"GoeblS1"
"GoeblS1",33605.33984375,338,"GoeblS1"
"GoeblS1",33550.1796875,339,"GoeblS1"
"GoeblS1",33498.21875,340,"GoeblS1"
"GoeblS1",33449.48828125,341,"GoeblS1"
"GoeblS1",33404.03125,342,"GoeblS1"
"GoeblS1",33361.859375,343,"GoeblS1"
"GoeblS1",33323.01953125,344,"GoeblS1"
"GoeblS1",33287.5390625,345,"GoeblS1"
"GoeblS1",33255.44140625,346,"GoeblS1"
"GoeblS1",33226.75,347,"GoeblS1"
"GoeblS1",33201.48046875,348,"GoeblS1"
"GoeblS1",33179.66015625,349,"GoeblS1"
"GoeblS1",33161.30078125,350,"GoeblS1"
"GoeblS1",33146.421875,351,"GoeblS1"
"GoeblS1",33135.01953125,352,"GoeblS1"
"GoeblS1",33127.12109375,353,"GoeblS1"
"GoeblS1",33122.71875,354,"GoeblS1"
"GoeblS1",33121.828125,355,"GoeblS1"
"GoeblS1",33124.44921875,356,"GoeblS1"
"GoeblS1",33130.55859375,357,"GoeblS1"
"GoeblS1",33140.1796875,358,"GoeblS1"
"GoeblS1",33153.2890625,359,"GoeblS1"
"GoeblS1",33169.87890625,360,"GoeblS1"
"GoeblS1",33189.94921875,361,"GoeblS1"
"GoeblS1",33213.4609375,362,"GoeblS1"
"GoeblS1",33240.421875,363,"GoeblS1"
"GoeblS1",33270.7890625,364,"GoeblS1"
"GoeblS1",33304.55078125,365,"GoeblS1"
"GoeblS1",0,1,"GoeblS1"
"GoeblS1",0,2,"GoeblS1"
"GoeblS1",0,3,"GoeblS1"
"GoeblS1",0,4,"GoeblS1"
"GoeblS1",0,5,"GoeblS1"
"GoeblS1",0,6,"GoeblS1"
"GoeblS1",3.49000000953674,7,"GoeblS1"
"GoeblS1",1.01999998092651,8,"GoeblS1"
"GoeblS1",0,9,"GoeblS1"
"GoeblS1",0,10,"GoeblS1"
"GoeblS1",0,11,"GoeblS1"
"GoeblS1",1.73000001907349,12,"GoeblS1"
"GoeblS1",0,13,"GoeblS1"
"GoeblS1",1.82000005245209,14,"GoeblS1"
"GoeblS1",2.09999990463257,15,"GoeblS1"
"GoeblS1",0,16,"GoeblS1"
"GoeblS1",0,17,"GoeblS1"
"GoeblS1",0,18,"GoeblS1"
"GoeblS1",0,19,"GoeblS1"
"GoeblS1",0,20,"GoeblS1"
"GoeblS1",0,21,"GoeblS1"
"GoeblS1",0,22,"GoeblS1"
"GoeblS1",0,23,"GoeblS1"
"GoeblS1",0,24,"GoeblS1"
"GoeblS1",4.09999990463257,25,"GoeblS1"
"GoeblS1",0,26,"GoeblS1"
"GoeblS1",0,27,"GoeblS1"
"GoeblS1",0,28,"GoeblS1"
"GoeblS1",0,29,"GoeblS1"
"GoeblS1",0,30,"GoeblS1"
"GoeblS1",0,31,"GoeblS1"
"GoeblS1",0,32,"GoeblS1"
"GoeblS1",8.15999984741211,33,"GoeblS1"
"GoeblS1",36.0499992370605,34,"GoeblS1"
"GoeblS1",0,35,"GoeblS1"
"GoeblS1",0,36,"GoeblS1"
"GoeblS1",0,37,"GoeblS1"
"GoeblS1",0,38,"GoeblS1"
"GoeblS1",0,39,"GoeblS1"
"GoeblS1",2.70000004768372,40,"GoeblS1"
"GoeblS1",4.63000011444092,41,"GoeblS1"
"GoeblS1",0,42,"GoeblS1"
"GoeblS1",0,43,"GoeblS1"
"GoeblS1",0,44,"GoeblS1"
"GoeblS1",0,45,"GoeblS1"
"GoeblS1",0,46,"GoeblS1"
"GoeblS1",3.47000002861023,47,"GoeblS1"
"GoeblS1",0,48,"GoeblS1"
"GoeblS1",0,49,"GoeblS1"
"GoeblS1",0,50,"GoeblS1"
"GoeblS1",0,51,"GoeblS1"
"GoeblS1",0,52,"GoeblS1"
"GoeblS1",0,53,"GoeblS1"
"GoeblS1",0,54,"GoeblS1"
"GoeblS1",0,55,"GoeblS1"
"GoeblS1",0,56,"GoeblS1"
"GoeblS1",0,57,"GoeblS1"
"GoeblS1",4.30000019073486,58,"GoeblS1"
"GoeblS1",0,59,"GoeblS1"
"GoeblS1",0,60,"GoeblS1"
"GoeblS1",0,61,"GoeblS1"
"GoeblS1",0,62,"GoeblS1"
"GoeblS1",0,63,"GoeblS1"
"GoeblS1",0,64,"GoeblS1"
"GoeblS1",0,65,"GoeblS1"
"GoeblS1",0,66,"GoeblS1"
"GoeblS1",2.5,67,"GoeblS1"
"GoeblS1",1.67999994754791,68,"GoeblS1"
"GoeblS1",0,69,"GoeblS1"
"GoeblS1",0,70,"GoeblS1"
"GoeblS1",0,71,"GoeblS1"
"GoeblS1",0,72,"GoeblS1"
"GoeblS1",45.9000015258789,73,"GoeblS1"
"GoeblS1",25.1399993896484,74,"GoeblS1"
"GoeblS1",0,75,"GoeblS1"
"GoeblS1",0,76,"GoeblS1"
"GoeblS1",0,77,"GoeblS1"
"GoeblS1",0,78,"GoeblS1"
"GoeblS1",0,79,"GoeblS1"
"GoeblS1",0,80,"GoeblS1"
"GoeblS1",0,81,"GoeblS1"
"GoeblS1",0,82,"GoeblS1"
"GoeblS1",0,83,"GoeblS1"
"GoeblS1",17.2099990844727,84,"GoeblS1"
"GoeblS1",0,85,"GoeblS1"
"GoeblS1",0,86,"GoeblS1"
"GoeblS1",0,87,"GoeblS1"
"GoeblS1",0,88,"GoeblS1"
"GoeblS1",0,89,"GoeblS1"
"GoeblS1",0,90,"GoeblS1"
"GoeblS1",0,91,"GoeblS1"
"GoeblS1",7.01000022888184,92,"GoeblS1"
"GoeblS1",0,93,"GoeblS1"
"GoeblS1",0,94,"GoeblS1"
"GoeblS1",0,95,"GoeblS1"
"GoeblS1",0,96,"GoeblS1"
"GoeblS1",0,97,"GoeblS1"
"GoeblS1",0,98,"GoeblS1"
"GoeblS1",0,99,"GoeblS1"
"GoeblS1",0,100,"GoeblS1"
"GoeblS1",0,101,"GoeblS1"
"GoeblS1",0,102,"GoeblS1"
"GoeblS1",0,103,"GoeblS1"
"GoeblS1",0,104,"GoeblS1"
"GoeblS1",0,105,"GoeblS1"
"GoeblS1",1.12999999523163,106,"GoeblS1"
"GoeblS1",0,107,"GoeblS1"
"GoeblS1",1.12000000476837,108,"GoeblS1"
"GoeblS1",2.67000007629395,109,"GoeblS1"
"GoeblS1",8.5,110,"GoeblS1"
"GoeblS1",1.01999998092651,111,"GoeblS1"
"GoeblS1",0,112,"GoeblS1"
"GoeblS1",0,113,"GoeblS1"
"GoeblS1",0.430000007152557,114,"GoeblS1"
"GoeblS1",0,115,"GoeblS1"
"GoeblS1",1.10000002384186,116,"GoeblS1"
"GoeblS1",36.0400009155273,117,"GoeblS1"
"GoeblS1",29.0200004577637,118,"GoeblS1"
"GoeblS1",0,119,"GoeblS1"
"GoeblS1",0,120,"GoeblS1"
"GoeblS1",0,121,"GoeblS1"
"GoeblS1",0.949999988079071,122,"GoeblS1"
"GoeblS1",0,123,"GoeblS1"
"GoeblS1",0,124,"GoeblS1"
"GoeblS1",0,125,"GoeblS1"
"GoeblS1",0,126,"GoeblS1"
"GoeblS1",0,127,"GoeblS1"
"GoeblS1",0,128,"GoeblS1"
"GoeblS1",0,129,"GoeblS1"
"GoeblS1",1.61000001430511,130,"GoeblS1"
"GoeblS1",0,131,"GoeblS1"
"GoeblS1",7.69000005722046,132,"GoeblS1"
"GoeblS1",14.6199998855591,133,"GoeblS1"
"GoeblS1",0,134,"GoeblS1"
"GoeblS1",0,135,"GoeblS1"
"GoeblS1",5.15000009536743,136,"GoeblS1"
"GoeblS1",0,137,"GoeblS1"
"GoeblS1",0,138,"GoeblS1"
"GoeblS1",0,139,"GoeblS1"
"GoeblS1",0,140,"GoeblS1"
"GoeblS1",1.12000000476837,141,"GoeblS1"
"GoeblS1",3.35999989509583,142,"GoeblS1"
"GoeblS1",0,143,"GoeblS1"
"GoeblS1",0,144,"GoeblS1"
"GoeblS1",0,145,"GoeblS1"
"GoeblS1",0,146,"GoeblS1"
"GoeblS1",0,147,"GoeblS1"
"GoeblS1",0,148,"GoeblS1"
"GoeblS1",0,149,"GoeblS1"
"GoeblS1",0,150,"GoeblS1"
"GoeblS1",0,151,"GoeblS1"
"GoeblS1",0,152,"GoeblS1"
"GoeblS1",0,153,"GoeblS1"
"GoeblS1",0,154,"GoeblS1"
"GoeblS1",0,155,"GoeblS1"
"GoeblS1",0,156,"GoeblS1"
"GoeblS1",0,157,"GoeblS1"
"GoeblS1",0,158,"GoeblS1"
"GoeblS1",0,159,"GoeblS1"
"GoeblS1",0.839999973773956,160,"GoeblS1"
"GoeblS1",2.20000004768372,161,"GoeblS1"
"GoeblS1",2.14000010490417,162,"GoeblS1"
"GoeblS1",0,163,"GoeblS1"
"GoeblS1",0,164,"GoeblS1"
"GoeblS1",0,165,"GoeblS1"
"GoeblS1",6.53999996185303,166,"GoeblS1"
"GoeblS1",0,167,"GoeblS1"
"GoeblS1",0,168,"GoeblS1"
"GoeblS1",0,169,"GoeblS1"
"GoeblS1",0,170,"GoeblS1"
"GoeblS1",0.569999992847443,171,"GoeblS1"
"GoeblS1",3.63000011444092,172,"GoeblS1"
"GoeblS1",1.17999994754791,173,"GoeblS1"
"GoeblS1",0,174,"GoeblS1"
"GoeblS1",0,175,"GoeblS1"
"GoeblS1",0.600000023841858,176,"GoeblS1"
"GoeblS1",0,177,"GoeblS1"
"GoeblS1",0,178,"GoeblS1"
"GoeblS1",0,179,"GoeblS1"
"GoeblS1",0,180,"GoeblS1"
"GoeblS1",0,181,"GoeblS1"
"GoeblS1",0,182,"GoeblS1"
"GoeblS1",0.75,183,"GoeblS1"
"GoeblS1",0,184,"GoeblS1"
"GoeblS1",0,185,"GoeblS1"
"GoeblS1",0,186,"GoeblS1"
"GoeblS1",0,187,"GoeblS1"
"GoeblS1",0,188,"GoeblS1"
"GoeblS1",0.330000013113022,189,"GoeblS1"
"GoeblS1",0,190,"GoeblS1"
"GoeblS1",0,191,"GoeblS1"
"GoeblS1",0,192,"GoeblS1"
"GoeblS1",0,193,"GoeblS1"
"GoeblS1",0,194,"GoeblS1"
"GoeblS1",0,195,"GoeblS1"
"GoeblS1",0,196,"GoeblS1"
"GoeblS1",4.07000017166138,197,"GoeblS1"
"GoeblS1",0,198,"GoeblS1"
"GoeblS1",0,199,"GoeblS1"
"GoeblS1",0,200,"GoeblS1"
"GoeblS1",0,201,"GoeblS1"
"GoeblS1",6.15999984741211,202,"GoeblS1"
"GoeblS1",1.30999994277954,203,"GoeblS1"
"GoeblS1",0,204,"GoeblS1"
"GoeblS1",0,205,"GoeblS1"
"GoeblS1",0,206,"GoeblS1"
"GoeblS1",0,207,"GoeblS1"
"GoeblS1",0,208,"GoeblS1"
"GoeblS1",1,209,"GoeblS1"
"GoeblS1",0,210,"GoeblS1"
"GoeblS1",0,211,"GoeblS1"
"GoeblS1",0,212,"GoeblS1"
"GoeblS1",0,213,"GoeblS1"
"GoeblS1",0,214,"GoeblS1"
"GoeblS1",0,215,"GoeblS1"
"GoeblS1",0,216,"GoeblS1"
"GoeblS1",1.05999994277954,217,"GoeblS1"
"GoeblS1",3.21000003814697,218,"GoeblS1"
"GoeblS1",1.14999997615814,219,"GoeblS1"
"GoeblS1",0,220,"GoeblS1"
"GoeblS1",9.02000045776367,221,"GoeblS1"
"GoeblS1",3.33999991416931,222,"GoeblS1"
"GoeblS1",11.1700000762939,223,"GoeblS1"
"GoeblS1",0,224,"GoeblS1"
"GoeblS1",0,225,"GoeblS1"
"GoeblS1",3.5,226,"GoeblS1"
"GoeblS1",1.01999998092651,227,"GoeblS1"
"GoeblS1",0,228,"GoeblS1"
"GoeblS1",0,229,"GoeblS1"
"GoeblS1",0,230,"GoeblS1"
"GoeblS1",0.800000011920929,231,"GoeblS1"
"GoeblS1",2.57999992370605,232,"GoeblS1"
"GoeblS1",1.49000000953674,233,"GoeblS1"
"GoeblS1",0,234,"GoeblS1"
"GoeblS1",4.11999988555908,235,"GoeblS1"
"GoeblS1",0,236,"GoeblS1"
"GoeblS1",0,237,"GoeblS1"
"GoeblS1",1.99000000953674,238,"GoeblS1"
"GoeblS1",0,239,"GoeblS1"
"GoeblS1",0,240,"GoeblS1"
"GoeblS1",0,241,"GoeblS1"
"GoeblS1",0,242,"GoeblS1"
"GoeblS1",0,243,"GoeblS1"
"GoeblS1",0,244,"GoeblS1"
"GoeblS1",0,245,"GoeblS1"
"GoeblS1",0,246,"GoeblS1"
"GoeblS1",0,247,"GoeblS1"
"GoeblS1",13.1400003433228,248,"GoeblS1"
"GoeblS1",0,249,"GoeblS1"
"GoeblS1",0,250,"GoeblS1"
"GoeblS1",0,251,"GoeblS1"
"GoeblS1",0,252,"GoeblS1"
"GoeblS1",0,253,"GoeblS1"
"GoeblS1",0,254,"GoeblS1"
"GoeblS1",0,255,"GoeblS1"
"GoeblS1",0,256,"GoeblS1"
"GoeblS1",0,257,"GoeblS1"
"GoeblS1",0,258,"GoeblS1"
"GoeblS1",0,259,"GoeblS1"
"GoeblS1",0,260,"GoeblS1"
"GoeblS1",0,261,"GoeblS1"
"GoeblS1",0,262,"GoeblS1"
"GoeblS1",0,263,"GoeblS1"
"GoeblS1",0,264,"GoeblS1"
"GoeblS1",15.0100002288818,265,"GoeblS1"
"GoeblS1",0.819999992847443,266,"GoeblS1"
"GoeblS1",0,267,"GoeblS1"
"GoeblS1",0,268,"GoeblS1"
"GoeblS1",0,269,"GoeblS1"
"GoeblS1",0,270,"GoeblS1"
"GoeblS1",0,271,"GoeblS1"
"GoeblS1",0,272,"GoeblS1"
"GoeblS1",0,273,"GoeblS1"
"GoeblS1",0,274,"GoeblS1"
"GoeblS1",0,275,"GoeblS1"
"GoeblS1",0,276,"GoeblS1"
"GoeblS1",0,277,"GoeblS1"
"GoeblS1",0,278,"GoeblS1"
"GoeblS1",0,279,"GoeblS1"
"GoeblS1",0,280,"GoeblS1"
"GoeblS1",0,281,"GoeblS1"
"GoeblS1",0,282,"GoeblS1"
"GoeblS1",0,283,"GoeblS1"
"GoeblS1",0,284,"GoeblS1"
"GoeblS1",0,285,"GoeblS1"
"GoeblS1",0,286,"GoeblS1"
"GoeblS1",0,287,"GoeblS1"
"GoeblS1",0,288,"GoeblS1"
"GoeblS1",0,289,"GoeblS1"
"GoeblS1",0,290,"GoeblS1"
"GoeblS1",0,291,"GoeblS1"
"GoeblS1",2.47000002861023,292,"GoeblS1"
"GoeblS1",0,293,"GoeblS1"
"GoeblS1",0,294,"GoeblS1"
"GoeblS1",0.8299999833107,295,"GoeblS1"
"GoeblS1",0,296,"GoeblS1"
"GoeblS1",0,297,"GoeblS1"
"GoeblS1",0,298,"GoeblS1"
"GoeblS1",0,299,"GoeblS1"
"GoeblS1",0,300,"GoeblS1"
"GoeblS1",0,301,"GoeblS1"
"GoeblS1",0,302,"GoeblS1"
"GoeblS1",0,303,"GoeblS1"
"GoeblS1",2.46000003814697,304,"GoeblS1"
"GoeblS1",0,305,"GoeblS1"
"GoeblS1",0,306,"GoeblS1"
"GoeblS1",0,307,"GoeblS1"
"GoeblS1",13.5699996948242,308,"GoeblS1"
"GoeblS1",0.660000026226044,309,"GoeblS1"
"GoeblS1",27.5,310,"GoeblS1"
"GoeblS1",8.80000019073486,311,"GoeblS1"
"GoeblS1",4.65999984741211,312,"GoeblS1"
"GoeblS1",20.5900001525879,313,"GoeblS1"
"GoeblS1",0,314,"GoeblS1"
"GoeblS1",0,315,"GoeblS1"
"GoeblS1",0,316,"GoeblS1"
"GoeblS1",0,317,"GoeblS1"
"GoeblS1",0,318,"GoeblS1"
"GoeblS1",0,319,"GoeblS1"
"GoeblS1",0,320,"GoeblS1"
"GoeblS1",0,321,"GoeblS1"
"GoeblS1",0,322,"GoeblS1"
"GoeblS1",0,323,"GoeblS1"
"GoeblS1",0,324,"GoeblS1"
"GoeblS1",0,325,"GoeblS1"
"GoeblS1",0,326,"GoeblS1"
"GoeblS1",0,327,"GoeblS1"
"GoeblS1",0,328,"GoeblS1"
"GoeblS1",1.83000004291534,329,"GoeblS1"
"GoeblS1",0,330,"GoeblS1"
"GoeblS1",4.92999982833862,331,"GoeblS1"
"GoeblS1",2.28999996185303,332,"GoeblS1"
"GoeblS1",0,333,"GoeblS1"
"GoeblS1",0,334,"GoeblS1"
"GoeblS1",0,335,"GoeblS1"
"GoeblS1",0,336,"GoeblS1"
"GoeblS1",0,337,"GoeblS1"
"GoeblS1",0,338,"GoeblS1"
"GoeblS1",0,339,"GoeblS1"
"GoeblS1",0,340,"GoeblS1"
"GoeblS1",0,341,"GoeblS1"
"GoeblS1",0,342,"GoeblS1"
"GoeblS1",0,343,"GoeblS1"
"GoeblS1",8.60000038146973,344,"GoeblS1"
"GoeblS1",0,345,"GoeblS1"
"GoeblS1",0,346,"GoeblS1"
"GoeblS1",0,347,"GoeblS1"
"GoeblS1",0,348,"GoeblS1"
"GoeblS1",0,349,"GoeblS1"
"GoeblS1",0,350,"GoeblS1"
"GoeblS1",0,351,"GoeblS1"
"GoeblS1",0,352,"GoeblS1"
"GoeblS1",0,353,"GoeblS1"
"GoeblS1",0,354,"GoeblS1"
"GoeblS1",0,355,"GoeblS1"
"GoeblS1",0,356,"GoeblS1"
"GoeblS1",0,357,"GoeblS1"
"GoeblS1",0,358,"GoeblS1"
"GoeblS1",0,359,"GoeblS1"
"GoeblS1",9.77999973297119,360,"GoeblS1"
"GoeblS1",0,361,"GoeblS1"
"GoeblS1",0,362,"GoeblS1"
"GoeblS1",0,363,"GoeblS1"
"GoeblS1",0,364,"GoeblS1"
"GoeblS1",0,365,"GoeblS1"
"GoeblS1",258.079986572266,1,"GoeblS1"
"GoeblS1",232,2,"GoeblS1"
"GoeblS1",222.600006103516,3,"GoeblS1"
"GoeblS1",145.940002441406,4,"GoeblS1"
"GoeblS1",186.080001831055,5,"GoeblS1"
"GoeblS1",189.320007324219,6,"GoeblS1"
"GoeblS1",141.610000610352,7,"GoeblS1"
"GoeblS1",131.429992675781,8,"GoeblS1"
"GoeblS1",320.339996337891,9,"GoeblS1"
"GoeblS1",255.410003662109,10,"GoeblS1"
"GoeblS1",145.919998168945,11,"GoeblS1"
"GoeblS1",308.859985351562,12,"GoeblS1"
"GoeblS1",136.550003051758,13,"GoeblS1"
"GoeblS1",253.729995727539,14,"GoeblS1"
"GoeblS1",124.339996337891,15,"GoeblS1"
"GoeblS1",351.489990234375,16,"GoeblS1"
"GoeblS1",349.029998779297,17,"GoeblS1"
"GoeblS1",313.670013427734,18,"GoeblS1"
"GoeblS1",254.929992675781,19,"GoeblS1"
"GoeblS1",322.589996337891,20,"GoeblS1"
"GoeblS1",306.040008544922,21,"GoeblS1"
"GoeblS1",261.679992675781,22,"GoeblS1"
"GoeblS1",272.910003662109,23,"GoeblS1"
"GoeblS1",284.799987792969,24,"GoeblS1"
"GoeblS1",202.520004272461,25,"GoeblS1"
"GoeblS1",171.190002441406,26,"GoeblS1"
"GoeblS1",291.630004882812,27,"GoeblS1"
"GoeblS1",344.5,28,"GoeblS1"
"GoeblS1",289.760009765625,29,"GoeblS1"
"GoeblS1",304.470001220703,30,"GoeblS1"
"GoeblS1",305.220001220703,31,"GoeblS1"
"GoeblS1",296.25,32,"GoeblS1"
"GoeblS1",184.119995117188,33,"GoeblS1"
"GoeblS1",42.6699981689453,34,"GoeblS1"
"GoeblS1",239.210006713867,35,"GoeblS1"
"GoeblS1",313.940002441406,36,"GoeblS1"
"GoeblS1",337.410003662109,37,"GoeblS1"
"GoeblS1",258.910003662109,38,"GoeblS1"
"GoeblS1",234.960006713867,39,"GoeblS1"
"GoeblS1",156.070007324219,40,"GoeblS1"
"GoeblS1",42.3400001525879,41,"GoeblS1"
"GoeblS1",312.790008544922,42,"GoeblS1"
"GoeblS1",371.829986572266,43,"GoeblS1"
"GoeblS1",328.940002441406,44,"GoeblS1"
"GoeblS1",324.899993896484,45,"GoeblS1"
"GoeblS1",340.119995117188,46,"GoeblS1"
"GoeblS1",138.529998779297,47,"GoeblS1"
"GoeblS1",344.399993896484,48,"GoeblS1"
"GoeblS1",393.25,49,"GoeblS1"
"GoeblS1",398.959991455078,50,"GoeblS1"
"GoeblS1",385.070007324219,51,"GoeblS1"
"GoeblS1",373.269989013672,52,"GoeblS1"
"GoeblS1",252.199996948242,53,"GoeblS1"
"GoeblS1",362.920013427734,54,"GoeblS1"
"GoeblS1",412.809997558594,55,"GoeblS1"
"GoeblS1",387.940002441406,56,"GoeblS1"
"GoeblS1",330.279998779297,57,"GoeblS1"
"GoeblS1",123.819999694824,58,"GoeblS1"
"GoeblS1",440.309997558594,59,"GoeblS1"
"GoeblS1",434.029998779297,60,"GoeblS1"
"GoeblS1",403.209991455078,61,"GoeblS1"
"GoeblS1",401.260009765625,62,"GoeblS1"
"GoeblS1",317.279998779297,63,"GoeblS1"
"GoeblS1",382.170013427734,64,"GoeblS1"
"GoeblS1",352.929992675781,65,"GoeblS1"
"GoeblS1",418.730010986328,66,"GoeblS1"
"GoeblS1",150.75,67,"GoeblS1"
"GoeblS1",95.3300018310547,68,"GoeblS1"
"GoeblS1",428.420013427734,69,"GoeblS1"
"GoeblS1",461.390014648438,70,"GoeblS1"
"GoeblS1",422.200012207031,71,"GoeblS1"
"GoeblS1",392.200012207031,72,"GoeblS1"
"GoeblS1",183.100006103516,73,"GoeblS1"
"GoeblS1",93.3099975585938,74,"GoeblS1"
"GoeblS1",267.290008544922,75,"GoeblS1"
"GoeblS1",334.989990234375,76,"GoeblS1"
"GoeblS1",311.410003662109,77,"GoeblS1"
"GoeblS1",383.299987792969,78,"GoeblS1"
"GoeblS1",418.420013427734,79,"GoeblS1"
"GoeblS1",406.390014648438,80,"GoeblS1"
"GoeblS1",448.359985351562,81,"GoeblS1"
"GoeblS1",455.190002441406,82,"GoeblS1"
"GoeblS1",437.679992675781,83,"GoeblS1"
"GoeblS1",275.890014648438,84,"GoeblS1"
"GoeblS1",279.089996337891,85,"GoeblS1"
"GoeblS1",460.019989013672,86,"GoeblS1"
"GoeblS1",489.470001220703,87,"GoeblS1"
"GoeblS1",479.049987792969,88,"GoeblS1"
"GoeblS1",375.089996337891,89,"GoeblS1"
"GoeblS1",451.320007324219,90,"GoeblS1"
"GoeblS1",466.929992675781,91,"GoeblS1"
"GoeblS1",223.580001831055,92,"GoeblS1"
"GoeblS1",462.739990234375,93,"GoeblS1"
"GoeblS1",506.239990234375,94,"GoeblS1"
"GoeblS1",518.030029296875,95,"GoeblS1"
"GoeblS1",489.880004882812,96,"GoeblS1"
"GoeblS1",140.520004272461,97,"GoeblS1"
"GoeblS1",360.350006103516,98,"GoeblS1"
"GoeblS1",463.480010986328,99,"GoeblS1"
"GoeblS1",514.090026855469,100,"GoeblS1"
"GoeblS1",493.040008544922,101,"GoeblS1"
"GoeblS1",484.790008544922,102,"GoeblS1"
"GoeblS1",542.450012207031,103,"GoeblS1"
"GoeblS1",480.700012207031,104,"GoeblS1"
"GoeblS1",505.200012207031,105,"GoeblS1"
"GoeblS1",467.910003662109,106,"GoeblS1"
"GoeblS1",433.440002441406,107,"GoeblS1"
"GoeblS1",471.829986572266,108,"GoeblS1"
"GoeblS1",78.8099975585938,109,"GoeblS1"
"GoeblS1",129.720001220703,110,"GoeblS1"
"GoeblS1",136.470001220703,111,"GoeblS1"
"GoeblS1",538.239990234375,112,"GoeblS1"
"GoeblS1",562.340026855469,113,"GoeblS1"
"GoeblS1",407.440002441406,114,"GoeblS1"
"GoeblS1",548.650024414062,115,"GoeblS1"
"GoeblS1",495.459991455078,116,"GoeblS1"
"GoeblS1",329.640014648438,117,"GoeblS1"
"GoeblS1",104.180000305176,118,"GoeblS1"
"GoeblS1",492.369995117188,119,"GoeblS1"
"GoeblS1",523.859985351562,120,"GoeblS1"
"GoeblS1",528.219970703125,121,"GoeblS1"
"GoeblS1",494.429992675781,122,"GoeblS1"
"GoeblS1",435.299987792969,123,"GoeblS1"
"GoeblS1",556.919982910156,124,"GoeblS1"
"GoeblS1",465.160003662109,125,"GoeblS1"
"GoeblS1",552.109985351562,126,"GoeblS1"
"GoeblS1",181.289993286133,127,"GoeblS1"
"GoeblS1",326.970001220703,128,"GoeblS1"
"GoeblS1",430.570007324219,129,"GoeblS1"
"GoeblS1",294.070007324219,130,"GoeblS1"
"GoeblS1",264.420013427734,131,"GoeblS1"
"GoeblS1",363.989990234375,132,"GoeblS1"
"GoeblS1",296.480010986328,133,"GoeblS1"
"GoeblS1",532.200012207031,134,"GoeblS1"
"GoeblS1",518.599975585938,135,"GoeblS1"
"GoeblS1",307.040008544922,136,"GoeblS1"
"GoeblS1",515.630004882812,137,"GoeblS1"
"GoeblS1",532.799987792969,138,"GoeblS1"
"GoeblS1",444.489990234375,139,"GoeblS1"
"GoeblS1",481.920013427734,140,"GoeblS1"
"GoeblS1",452.940002441406,141,"GoeblS1"
"GoeblS1",265.609985351562,142,"GoeblS1"
"GoeblS1",588.039978027344,143,"GoeblS1"
"GoeblS1",588.359985351562,144,"GoeblS1"
"GoeblS1",547.099975585938,145,"GoeblS1"
"GoeblS1",525.869995117188,146,"GoeblS1"
"GoeblS1",491.459991455078,147,"GoeblS1"
"GoeblS1",539.679992675781,148,"GoeblS1"
"GoeblS1",534.739990234375,149,"GoeblS1"
"GoeblS1",560.070007324219,150,"GoeblS1"
"GoeblS1",495.579986572266,151,"GoeblS1"
"GoeblS1",478.25,152,"GoeblS1"
"GoeblS1",543.960021972656,153,"GoeblS1"
"GoeblS1",551.140014648438,154,"GoeblS1"
"GoeblS1",530.460021972656,155,"GoeblS1"
"GoeblS1",462.690002441406,156,"GoeblS1"
"GoeblS1",557.049987792969,157,"GoeblS1"
"GoeblS1",531.429992675781,158,"GoeblS1"
"GoeblS1",503.450012207031,159,"GoeblS1"
"GoeblS1",431.720001220703,160,"GoeblS1"
"GoeblS1",306.429992675781,161,"GoeblS1"
"GoeblS1",312.799987792969,162,"GoeblS1"
"GoeblS1",503.410003662109,163,"GoeblS1"
"GoeblS1",514.469970703125,164,"GoeblS1"
"GoeblS1",521.260009765625,165,"GoeblS1"
"GoeblS1",290.480010986328,166,"GoeblS1"
"GoeblS1",508.940002441406,167,"GoeblS1"
"GoeblS1",430.049987792969,168,"GoeblS1"
"GoeblS1",540.679992675781,169,"GoeblS1"
"GoeblS1",281.320007324219,170,"GoeblS1"
"GoeblS1",429.75,171,"GoeblS1"
"GoeblS1",386.970001220703,172,"GoeblS1"
"GoeblS1",382.109985351562,173,"GoeblS1"
"GoeblS1",534.97998046875,174,"GoeblS1"
"GoeblS1",516.349975585938,175,"GoeblS1"
"GoeblS1",456.320007324219,176,"GoeblS1"
"GoeblS1",490.100006103516,177,"GoeblS1"
"GoeblS1",433.600006103516,178,"GoeblS1"
"GoeblS1",498.420013427734,179,"GoeblS1"
"GoeblS1",456.059997558594,180,"GoeblS1"
"GoeblS1",386.200012207031,181,"GoeblS1"
"GoeblS1",399.279998779297,182,"GoeblS1"
"GoeblS1",357.200012207031,183,"GoeblS1"
"GoeblS1",423.440002441406,184,"GoeblS1"
"GoeblS1",515.530029296875,185,"GoeblS1"
"GoeblS1",524.989990234375,186,"GoeblS1"
"GoeblS1",466.230010986328,187,"GoeblS1"
"GoeblS1",493.290008544922,188,"GoeblS1"
"GoeblS1",414.140014648438,189,"GoeblS1"
"GoeblS1",484.049987792969,190,"GoeblS1"
"GoeblS1",507.75,191,"GoeblS1"
"GoeblS1",490.940002441406,192,"GoeblS1"
"GoeblS1",505.799987792969,193,"GoeblS1"
"GoeblS1",519.989990234375,194,"GoeblS1"
"GoeblS1",501.390014648438,195,"GoeblS1"
"GoeblS1",460.100006103516,196,"GoeblS1"
"GoeblS1",304.160003662109,197,"GoeblS1"
"GoeblS1",429.929992675781,198,"GoeblS1"
"GoeblS1",406.820007324219,199,"GoeblS1"
"GoeblS1",460.950012207031,200,"GoeblS1"
"GoeblS1",431.450012207031,201,"GoeblS1"
"GoeblS1",323.200012207031,202,"GoeblS1"
"GoeblS1",350.019989013672,203,"GoeblS1"
"GoeblS1",437.649993896484,204,"GoeblS1"
"GoeblS1",480.660003662109,205,"GoeblS1"
"GoeblS1",521.320007324219,206,"GoeblS1"
"GoeblS1",482.660003662109,207,"GoeblS1"
"GoeblS1",418.649993896484,208,"GoeblS1"
"GoeblS1",530.859985351562,209,"GoeblS1"
"GoeblS1",553.299987792969,210,"GoeblS1"
"GoeblS1",548.039978027344,211,"GoeblS1"
"GoeblS1",540.510009765625,212,"GoeblS1"
"GoeblS1",526.27001953125,213,"GoeblS1"
"GoeblS1",543.27001953125,214,"GoeblS1"
"GoeblS1",509.329986572266,215,"GoeblS1"
"GoeblS1",497.100006103516,216,"GoeblS1"
"GoeblS1",510.350006103516,217,"GoeblS1"
"GoeblS1",286.390014648438,218,"GoeblS1"
"GoeblS1",463.420013427734,219,"GoeblS1"
"GoeblS1",422.380004882812,220,"GoeblS1"
"GoeblS1",207.309997558594,221,"GoeblS1"
"GoeblS1",116.779998779297,222,"GoeblS1"
"GoeblS1",341.380004882812,223,"GoeblS1"
"GoeblS1",475.649993896484,224,"GoeblS1"
"GoeblS1",461.480010986328,225,"GoeblS1"
"GoeblS1",318.079986572266,226,"GoeblS1"
"GoeblS1",476.190002441406,227,"GoeblS1"
"GoeblS1",464.350006103516,228,"GoeblS1"
"GoeblS1",522.090026855469,229,"GoeblS1"
"GoeblS1",532.890014648438,230,"GoeblS1"
"GoeblS1",491.959991455078,231,"GoeblS1"
"GoeblS1",285.589996337891,232,"GoeblS1"
"GoeblS1",481.200012207031,233,"GoeblS1"
"GoeblS1",420.230010986328,234,"GoeblS1"
"GoeblS1",220.050003051758,235,"GoeblS1"
"GoeblS1",429.649993896484,236,"GoeblS1"
"GoeblS1",375.660003662109,237,"GoeblS1"
"GoeblS1",398.529998779297,238,"GoeblS1"
"GoeblS1",442.600006103516,239,"GoeblS1"
"GoeblS1",487.059997558594,240,"GoeblS1"
"GoeblS1",505.829986572266,241,"GoeblS1"
"GoeblS1",396.480010986328,242,"GoeblS1"
"GoeblS1",487.519989013672,243,"GoeblS1"
"GoeblS1",477.130004882812,244,"GoeblS1"
"GoeblS1",469.040008544922,245,"GoeblS1"
"GoeblS1",473.940002441406,246,"GoeblS1"
"GoeblS1",467.200012207031,247,"GoeblS1"
"GoeblS1",281.630004882812,248,"GoeblS1"
"GoeblS1",345.519989013672,249,"GoeblS1"
"GoeblS1",451.630004882812,250,"GoeblS1"
"GoeblS1",455.320007324219,251,"GoeblS1"
"GoeblS1",421.049987792969,252,"GoeblS1"
"GoeblS1",412.220001220703,253,"GoeblS1"
"GoeblS1",437.140014648438,254,"GoeblS1"
"GoeblS1",373.820007324219,255,"GoeblS1"
"GoeblS1",463.489990234375,256,"GoeblS1"
"GoeblS1",444.320007324219,257,"GoeblS1"
"GoeblS1",468.119995117188,258,"GoeblS1"
"GoeblS1",440.390014648438,259,"GoeblS1"
"GoeblS1",425.529998779297,260,"GoeblS1"
"GoeblS1",366.100006103516,261,"GoeblS1"
"GoeblS1",461.140014648438,262,"GoeblS1"
"GoeblS1",460.920013427734,263,"GoeblS1"
"GoeblS1",442.320007324219,264,"GoeblS1"
"GoeblS1",187.710006713867,265,"GoeblS1"
"GoeblS1",270.200012207031,266,"GoeblS1"
"GoeblS1",436.690002441406,267,"GoeblS1"
"GoeblS1",407.970001220703,268,"GoeblS1"
"GoeblS1",440.529998779297,269,"GoeblS1"
"GoeblS1",440.859985351562,270,"GoeblS1"
"GoeblS1",365.239990234375,271,"GoeblS1"
"GoeblS1",400.359985351562,272,"GoeblS1"
"GoeblS1",399.839996337891,273,"GoeblS1"
"GoeblS1",341.820007324219,274,"GoeblS1"
"GoeblS1",392.760009765625,275,"GoeblS1"
"GoeblS1",438.820007324219,276,"GoeblS1"
"GoeblS1",236.449996948242,277,"GoeblS1"
"GoeblS1",428.929992675781,278,"GoeblS1"
"GoeblS1",409.820007324219,279,"GoeblS1"
"GoeblS1",361.950012207031,280,"GoeblS1"
"GoeblS1",382.450012207031,281,"GoeblS1"
"GoeblS1",355.299987792969,282,"GoeblS1"
"GoeblS1",340.890014648438,283,"GoeblS1"
"GoeblS1",345.209991455078,284,"GoeblS1"
"GoeblS1",288.200012207031,285,"GoeblS1"
"GoeblS1",355.899993896484,286,"GoeblS1"
"GoeblS1",252.309997558594,287,"GoeblS1"
"GoeblS1",383.630004882812,288,"GoeblS1"
"GoeblS1",339.230010986328,289,"GoeblS1"
"GoeblS1",365.779998779297,290,"GoeblS1"
"GoeblS1",304.739990234375,291,"GoeblS1"
"GoeblS1",119.370002746582,292,"GoeblS1"
"GoeblS1",260.989990234375,293,"GoeblS1"
"GoeblS1",338.390014648438,294,"GoeblS1"
"GoeblS1",290.25,295,"GoeblS1"
"GoeblS1",303.799987792969,296,"GoeblS1"
"GoeblS1",327.25,297,"GoeblS1"
"GoeblS1",302.799987792969,298,"GoeblS1"
"GoeblS1",317.859985351562,299,"GoeblS1"
"GoeblS1",352.029998779297,300,"GoeblS1"
"GoeblS1",338.019989013672,301,"GoeblS1"
"GoeblS1",329.190002441406,302,"GoeblS1"
"GoeblS1",200.860000610352,303,"GoeblS1"
"GoeblS1",64.629997253418,304,"GoeblS1"
"GoeblS1",319.679992675781,305,"GoeblS1"
"GoeblS1",311.880004882812,306,"GoeblS1"
"GoeblS1",330.130004882812,307,"GoeblS1"
"GoeblS1",191,308,"GoeblS1"
"GoeblS1",151.759994506836,309,"GoeblS1"
"GoeblS1",194.369995117188,310,"GoeblS1"
"GoeblS1",65.1699981689453,311,"GoeblS1"
"GoeblS1",136.759994506836,312,"GoeblS1"
"GoeblS1",104.199996948242,313,"GoeblS1"
"GoeblS1",169.059997558594,314,"GoeblS1"
"GoeblS1",278.679992675781,315,"GoeblS1"
"GoeblS1",268.399993896484,316,"GoeblS1"
"GoeblS1",285.070007324219,317,"GoeblS1"
"GoeblS1",255.240005493164,318,"GoeblS1"
"GoeblS1",294.209991455078,319,"GoeblS1"
"GoeblS1",288.029998779297,320,"GoeblS1"
"GoeblS1",238.720001220703,321,"GoeblS1"
"GoeblS1",266.5,322,"GoeblS1"
"GoeblS1",265.570007324219,323,"GoeblS1"
"GoeblS1",168.080001831055,324,"GoeblS1"
"GoeblS1",291.670013427734,325,"GoeblS1"
"GoeblS1",279.140014648438,326,"GoeblS1"
"GoeblS1",246.110000610352,327,"GoeblS1"
"GoeblS1",269.309997558594,328,"GoeblS1"
"GoeblS1",246.160003662109,329,"GoeblS1"
"GoeblS1",188.029998779297,330,"GoeblS1"
"GoeblS1",184.029998779297,331,"GoeblS1"
"GoeblS1",74.9700012207031,332,"GoeblS1"
"GoeblS1",217.990005493164,333,"GoeblS1"
"GoeblS1",270.290008544922,334,"GoeblS1"
"GoeblS1",267.230010986328,335,"GoeblS1"
"GoeblS1",256.489990234375,336,"GoeblS1"
"GoeblS1",260.059997558594,337,"GoeblS1"
"GoeblS1",270.200012207031,338,"GoeblS1"
"GoeblS1",233.240005493164,339,"GoeblS1"
"GoeblS1",226.039993286133,340,"GoeblS1"
"GoeblS1",242.679992675781,341,"GoeblS1"
"GoeblS1",235.779998779297,342,"GoeblS1"
"GoeblS1",207.440002441406,343,"GoeblS1"
"GoeblS1",99.5100021362305,344,"GoeblS1"
"GoeblS1",224.740005493164,345,"GoeblS1"
"GoeblS1",254.520004272461,346,"GoeblS1"
"GoeblS1",229.559997558594,347,"GoeblS1"
"GoeblS1",227.380004882812,348,"GoeblS1"
"GoeblS1",249.240005493164,349,"GoeblS1"
"GoeblS1",210.259994506836,350,"GoeblS1"
"GoeblS1",223.440002441406,351,"GoeblS1"
"GoeblS1",247.889999389648,352,"GoeblS1"
"GoeblS1",240.279998779297,353,"GoeblS1"
"GoeblS1",224.070007324219,354,"GoeblS1"
"GoeblS1",257.940002441406,355,"GoeblS1"
"GoeblS1",244.059997558594,356,"GoeblS1"
"GoeblS1",190.039993286133,357,"GoeblS1"
"GoeblS1",157.029998779297,358,"GoeblS1"
"GoeblS1",206.759994506836,359,"GoeblS1"
"GoeblS1",147,360,"GoeblS1"
"GoeblS1",158.589996337891,361,"GoeblS1"
"GoeblS1",179.100006103516,362,"GoeblS1"
"GoeblS1",201.800003051758,363,"GoeblS1"
"GoeblS1",250.830001831055,364,"GoeblS1"
"GoeblS1",153.449996948242,365,"GoeblS1"
"GoeblS1",0,1,"GoeblS1"
"GoeblS1",0,2,"GoeblS1"
"GoeblS1",0,3,"GoeblS1"
"GoeblS1",0,4,"GoeblS1"
"GoeblS1",0,5,"GoeblS1"
"GoeblS1",0,6,"GoeblS1"
"GoeblS1",3.49000000953674,7,"GoeblS1"
"GoeblS1",4.51000022888184,8,"GoeblS1"
"GoeblS1",4.51000022888184,9,"GoeblS1"
"GoeblS1",4.51000022888184,10,"GoeblS1"
"GoeblS1",4.51000022888184,11,"GoeblS1"
"GoeblS1",6.23999977111816,12,"GoeblS1"
"GoeblS1",6.23999977111816,13,"GoeblS1"
"GoeblS1",8.0600004196167,14,"GoeblS1"
"GoeblS1",10.1700000762939,15,"GoeblS1"
"GoeblS1",10.1700000762939,16,"GoeblS1"
"GoeblS1",10.1700000762939,17,"GoeblS1"
"GoeblS1",10.1700000762939,18,"GoeblS1"
"GoeblS1",10.1700000762939,19,"GoeblS1"
"GoeblS1",10.1700000762939,20,"GoeblS1"
"GoeblS1",9.53999996185303,21,"GoeblS1"
"GoeblS1",7.63000011444092,22,"GoeblS1"
"GoeblS1",5.82000017166138,23,"GoeblS1"
"GoeblS1",4.88000011444092,24,"GoeblS1"
"GoeblS1",3.75999999046326,25,"GoeblS1"
"GoeblS1",2.5,26,"GoeblS1"
"GoeblS1",1.75999999046326,27,"GoeblS1"
"GoeblS1",1.01999998092651,28,"GoeblS1"
"GoeblS1",0,29,"GoeblS1"
"GoeblS1",0,30,"GoeblS1"
"GoeblS1",0,31,"GoeblS1"
"GoeblS1",0,32,"GoeblS1"
"GoeblS1",0,33,"GoeblS1"
"GoeblS1",0,34,"GoeblS1"
"GoeblS1",0,35,"GoeblS1"
"GoeblS1",0,36,"GoeblS1"
"GoeblS1",0,37,"GoeblS1"
"GoeblS1",0,38,"GoeblS1"
"GoeblS1",0,39,"GoeblS1"
"GoeblS1",0,40,"GoeblS1"
"GoeblS1",0,41,"GoeblS1"
"GoeblS1",0,42,"GoeblS1"
"GoeblS1",0,43,"GoeblS1"
"GoeblS1",0,44,"GoeblS1"
"GoeblS1",0,45,"GoeblS1"
"GoeblS1",0,46,"GoeblS1"
"GoeblS1",0,47,"GoeblS1"
"GoeblS1",0,48,"GoeblS1"
"GoeblS1",0,49,"GoeblS1"
"GoeblS1",0,50,"GoeblS1"
"GoeblS1",0,51,"GoeblS1"
"GoeblS1",0,52,"GoeblS1"
"GoeblS1",0,53,"GoeblS1"
"GoeblS1",0,54,"GoeblS1"
"GoeblS1",0,55,"GoeblS1"
"GoeblS1",0,56,"GoeblS1"
"GoeblS1",0,57,"GoeblS1"
"GoeblS1",0,58,"GoeblS1"
"GoeblS1",0,59,"GoeblS1"
"GoeblS1",0,60,"GoeblS1"
"GoeblS1",0,61,"GoeblS1"
"GoeblS1",0,62,"GoeblS1"
"GoeblS1",0,63,"GoeblS1"
"GoeblS1",0,64,"GoeblS1"
"GoeblS1",0,65,"GoeblS1"
"GoeblS1",0,66,"GoeblS1"
"GoeblS1",0,67,"GoeblS1"
"GoeblS1",0,68,"GoeblS1"
"GoeblS1",0,69,"GoeblS1"
"GoeblS1",0,70,"GoeblS1"
"GoeblS1",0,71,"GoeblS1"
"GoeblS1",0,72,"GoeblS1"
"GoeblS1",0,73,"GoeblS1"
"GoeblS1",0,74,"GoeblS1"
"GoeblS1",0,75,"GoeblS1"
"GoeblS1",0,76,"GoeblS1"
"GoeblS1",0,77,"GoeblS1"
"GoeblS1",0,78,"GoeblS1"
"GoeblS1",0,79,"GoeblS1"
"GoeblS1",0,80,"GoeblS1"
"GoeblS1",0,81,"GoeblS1"
"GoeblS1",0,82,"GoeblS1"
"GoeblS1",0,83,"GoeblS1"
"GoeblS1",0,84,"GoeblS1"
"GoeblS1",0,85,"GoeblS1"
"GoeblS1",0,86,"GoeblS1"
"GoeblS1",0,87,"GoeblS1"
"GoeblS1",0,88,"GoeblS1"
"GoeblS1",0,89,"GoeblS1"
"GoeblS1",0,90,"GoeblS1"
"GoeblS1",0,91,"GoeblS1"
"GoeblS1",0,92,"GoeblS1"
"GoeblS1",0,93,"GoeblS1"
"GoeblS1",0,94,"GoeblS1"
"GoeblS1",0,95,"GoeblS1"
"GoeblS1",0,96,"GoeblS1"
"GoeblS1",0,97,"GoeblS1"
"GoeblS1",0,98,"GoeblS1"
"GoeblS1",0,99,"GoeblS1"
"GoeblS1",0,100,"GoeblS1"
"GoeblS1",0,101,"GoeblS1"
"GoeblS1",0,102,"GoeblS1"
"GoeblS1",0,103,"GoeblS1"
"GoeblS1",0,104,"GoeblS1"
"GoeblS1",0,105,"GoeblS1"
"GoeblS1",0,106,"GoeblS1"
"GoeblS1",0,107,"GoeblS1"
"GoeblS1",0,108,"GoeblS1"
"GoeblS1",0,109,"GoeblS1"
"GoeblS1",0,110,"GoeblS1"
"GoeblS1",0,111,"GoeblS1"
"GoeblS1",0,112,"GoeblS1"
"GoeblS1",0,113,"GoeblS1"
"GoeblS1",0,114,"GoeblS1"
"GoeblS1",0,115,"GoeblS1"
"GoeblS1",0,116,"GoeblS1"
"GoeblS1",0,117,"GoeblS1"
"GoeblS1",0,118,"GoeblS1"
"GoeblS1",0,119,"GoeblS1"
"GoeblS1",0,120,"GoeblS1"
"GoeblS1",0,121,"GoeblS1"
"GoeblS1",0,122,"GoeblS1"
"GoeblS1",0,123,"GoeblS1"
"GoeblS1",0,124,"GoeblS1"
"GoeblS1",0,125,"GoeblS1"
"GoeblS1",0,126,"GoeblS1"
"GoeblS1",0,127,"GoeblS1"
"GoeblS1",0,128,"GoeblS1"
"GoeblS1",0,129,"GoeblS1"
"GoeblS1",0,130,"GoeblS1"
"GoeblS1",0,131,"GoeblS1"
"GoeblS1",0,132,"GoeblS1"
"GoeblS1",0,133,"GoeblS1"
"GoeblS1",0,134,"GoeblS1"
"GoeblS1",0,135,"GoeblS1"
"GoeblS1",0,136,"GoeblS1"
"GoeblS1",0,137,"GoeblS1"
"GoeblS1",0,138,"GoeblS1"
"GoeblS1",0,139,"GoeblS1"
"GoeblS1",0,140,"GoeblS1"
"GoeblS1",0,141,"GoeblS1"
"GoeblS1",0,142,"GoeblS1"
"GoeblS1",0,143,"GoeblS1"
"GoeblS1",0,144,"GoeblS1"
"GoeblS1",0,145,"GoeblS1"
"GoeblS1",0,146,"GoeblS1"
"GoeblS1",0,147,"GoeblS1"
"GoeblS1",0,148,"GoeblS1"
"GoeblS1",0,149,"GoeblS1"
"GoeblS1",0,150,"GoeblS1"
"GoeblS1",0,151,"GoeblS1"
"GoeblS1",0,152,"GoeblS1"
"GoeblS1",0,153,"GoeblS1"
"GoeblS1",0,154,"GoeblS1"
"GoeblS1",0,155,"GoeblS1"
"GoeblS1",0,156,"GoeblS1"
"GoeblS1",0,157,"GoeblS1"
"GoeblS1",0,158,"GoeblS1"
"GoeblS1",0,159,"GoeblS1"
"GoeblS1",0,160,"GoeblS1"
"GoeblS1",0,161,"GoeblS1"
"GoeblS1",0,162,"GoeblS1"
"GoeblS1",0,163,"GoeblS1"
"GoeblS1",0,164,"GoeblS1"
"GoeblS1",0,165,"GoeblS1"
"GoeblS1",0,166,"GoeblS1"
"GoeblS1",0,167,"GoeblS1"
"GoeblS1",0,168,"GoeblS1"
"GoeblS1",0,169,"GoeblS1"
"GoeblS1",0,170,"GoeblS1"
"GoeblS1",0,171,"GoeblS1"
"GoeblS1",0,172,"GoeblS1"
"GoeblS1",0,173,"GoeblS1"
"GoeblS1",0,174,"GoeblS1"
"GoeblS1",0,175,"GoeblS1"
"GoeblS1",0,176,"GoeblS1"
"GoeblS1",0,177,"GoeblS1"
"GoeblS1",0,178,"GoeblS1"
"GoeblS1",0,179,"GoeblS1"
"GoeblS1",0,180,"GoeblS1"
"GoeblS1",0,181,"GoeblS1"
"GoeblS1",0,182,"GoeblS1"
"GoeblS1",0,183,"GoeblS1"
"GoeblS1",0,184,"GoeblS1"
"GoeblS1",0,185,"GoeblS1"
"GoeblS1",0,186,"GoeblS1"
"GoeblS1",0,187,"GoeblS1"
"GoeblS1",0,188,"GoeblS1"
"GoeblS1",0,189,"GoeblS1"
"GoeblS1",0,190,"GoeblS1"
"GoeblS1",0,191,"GoeblS1"
"GoeblS1",0,192,"GoeblS1"
"GoeblS1",0,193,"GoeblS1"
"GoeblS1",0,194,"GoeblS1"
"GoeblS1",0,195,"GoeblS1"
"GoeblS1",0,196,"GoeblS1"
"GoeblS1",0,197,"GoeblS1"
"GoeblS1",0,198,"GoeblS1"
"GoeblS1",0,199,"GoeblS1"
"GoeblS1",0,200,"GoeblS1"
"GoeblS1",0,201,"GoeblS1"
"GoeblS1",0,202,"GoeblS1"
"GoeblS1",0,203,"GoeblS1"
"GoeblS1",0,204,"GoeblS1"
"GoeblS1",0,205,"GoeblS1"
"GoeblS1",0,206,"GoeblS1"
"GoeblS1",0,207,"GoeblS1"
"GoeblS1",0,208,"GoeblS1"
"GoeblS1",0,209,"GoeblS1"
"GoeblS1",0,210,"GoeblS1"
"GoeblS1",0,211,"GoeblS1"
"GoeblS1",0,212,"GoeblS1"
"GoeblS1",0,213,"GoeblS1"
"GoeblS1",0,214,"GoeblS1"
"GoeblS1",0,215,"GoeblS1"
"GoeblS1",0,216,"GoeblS1"
"GoeblS1",0,217,"GoeblS1"
"GoeblS1",0,218,"GoeblS1"
"GoeblS1",0,219,"GoeblS1"
"GoeblS1",0,220,"GoeblS1"
"GoeblS1",0,221,"GoeblS1"
"GoeblS1",0,222,"GoeblS1"
"GoeblS1",0,223,"GoeblS1"
"GoeblS1",0,224,"GoeblS1"
"GoeblS1",0,225,"GoeblS1"
"GoeblS1",0,226,"GoeblS1"
"GoeblS1",0,227,"GoeblS1"
"GoeblS1",0,228,"GoeblS1"
"GoeblS1",0,229,"GoeblS1"
"GoeblS1",0,230,"GoeblS1"
"GoeblS1",0,231,"GoeblS1"
"GoeblS1",0,232,"GoeblS1"
"GoeblS1",0,233,"GoeblS1"
"GoeblS1",0,234,"GoeblS1"
"GoeblS1",0,235,"GoeblS1"
"GoeblS1",0,236,"GoeblS1"
"GoeblS1",0,237,"GoeblS1"
"GoeblS1",0,238,"GoeblS1"
"GoeblS1",0,239,"GoeblS1"
"GoeblS1",0,240,"GoeblS1"
"GoeblS1",0,241,"GoeblS1"
"GoeblS1",0,242,"GoeblS1"
"GoeblS1",0,243,"GoeblS1"
"GoeblS1",0,244,"GoeblS1"
"GoeblS1",0,245,"GoeblS1"
"GoeblS1",0,246,"GoeblS1"
"GoeblS1",0,247,"GoeblS1"
"GoeblS1",0,248,"GoeblS1"
"GoeblS1",0,249,"GoeblS1"
"GoeblS1",0,250,"GoeblS1"
"GoeblS1",0,251,"GoeblS1"
"GoeblS1",0,252,"GoeblS1"
"GoeblS1",0,253,"GoeblS1"
"GoeblS1",0,254,"GoeblS1"
"GoeblS1",0,255,"GoeblS1"
"GoeblS1",0,256,"GoeblS1"
"GoeblS1",0,257,"GoeblS1"
"GoeblS1",0,258,"GoeblS1"
"GoeblS1",0,259,"GoeblS1"
"GoeblS1",0,260,"GoeblS1"
"GoeblS1",0,261,"GoeblS1"
"GoeblS1",0,262,"GoeblS1"
"GoeblS1",0,263,"GoeblS1"
"GoeblS1",0,264,"GoeblS1"
"GoeblS1",0,265,"GoeblS1"
"GoeblS1",0,266,"GoeblS1"
"GoeblS1",0,267,"GoeblS1"
"GoeblS1",0,268,"GoeblS1"
"GoeblS1",0,269,"GoeblS1"
"GoeblS1",0,270,"GoeblS1"
"GoeblS1",0,271,"GoeblS1"
"GoeblS1",0,272,"GoeblS1"
"GoeblS1",0,273,"GoeblS1"
"GoeblS1",0,274,"GoeblS1"
"GoeblS1",0,275,"GoeblS1"
"GoeblS1",0,276,"GoeblS1"
"GoeblS1",0,277,"GoeblS1"
"GoeblS1",0,278,"GoeblS1"
"GoeblS1",0,279,"GoeblS1"
"GoeblS1",0,280,"GoeblS1"
"GoeblS1",0,281,"GoeblS1"
"GoeblS1",0,282,"GoeblS1"
"GoeblS1",0,283,"GoeblS1"
"GoeblS1",0,284,"GoeblS1"
"GoeblS1",0,285,"GoeblS1"
"GoeblS1",0,286,"GoeblS1"
"GoeblS1",0,287,"GoeblS1"
"GoeblS1",0,288,"GoeblS1"
"GoeblS1",0,289,"GoeblS1"
"GoeblS1",0,290,"GoeblS1"
"GoeblS1",0,291,"GoeblS1"
"GoeblS1",0,292,"GoeblS1"
"GoeblS1",0,293,"GoeblS1"
"GoeblS1",0,294,"GoeblS1"
"GoeblS1",0,295,"GoeblS1"
"GoeblS1",0,296,"GoeblS1"
"GoeblS1",0,297,"GoeblS1"
"GoeblS1",0,298,"GoeblS1"
"GoeblS1",0,299,"GoeblS1"
"GoeblS1",0,300,"GoeblS1"
"GoeblS1",0,301,"GoeblS1"
"GoeblS1",0,302,"GoeblS1"
"GoeblS1",0,303,"GoeblS1"
"GoeblS1",0,304,"GoeblS1"
"GoeblS1",0,305,"GoeblS1"
"GoeblS1",0,306,"GoeblS1"
"GoeblS1",0,307,"GoeblS1"
"GoeblS1",0,308,"GoeblS1"
"GoeblS1",0,309,"GoeblS1"
"GoeblS1",0,310,"GoeblS1"
"GoeblS1",0,311,"GoeblS1"
"GoeblS1",0,312,"GoeblS1"
"GoeblS1",0,313,"GoeblS1"
"GoeblS1",0,314,"GoeblS1"
"GoeblS1",0,315,"GoeblS1"
"GoeblS1",0,316,"GoeblS1"
"GoeblS1",0,317,"GoeblS1"
"GoeblS1",0,318,"GoeblS1"
"GoeblS1",0,319,"GoeblS1"
"GoeblS1",0,320,"GoeblS1"
"GoeblS1",0,321,"GoeblS1"
"GoeblS1",0,322,"GoeblS1"
"GoeblS1",0,323,"GoeblS1"
"GoeblS1",0,324,"GoeblS1"
"GoeblS1",0,325,"GoeblS1"
"GoeblS1",0,326,"GoeblS1"
"GoeblS1",0,327,"GoeblS1"
"GoeblS1",0,328,"GoeblS1"
"GoeblS1",0,329,"GoeblS1"
"GoeblS1",0,330,"GoeblS1"
"GoeblS1",0,331,"GoeblS1"
"GoeblS1",0,332,"GoeblS1"
"GoeblS1",0,333,"GoeblS1"
"GoeblS1",0,334,"GoeblS1"
"GoeblS1",0,335,"GoeblS1"
"GoeblS1",0,336,"GoeblS1"
"GoeblS1",0,337,"GoeblS1"
"GoeblS1",0,338,"GoeblS1"
"GoeblS1",0,339,"GoeblS1"
"GoeblS1",0,340,"GoeblS1"
"GoeblS1",0,341,"GoeblS1"
"GoeblS1",0,342,"GoeblS1"
"GoeblS1",0,343,"GoeblS1"
"GoeblS1",0,344,"GoeblS1"
"GoeblS1",0,345,"GoeblS1"
"GoeblS1",0,346,"GoeblS1"
"GoeblS1",0,347,"GoeblS1"
"GoeblS1",0,348,"GoeblS1"
"GoeblS1",0,349,"GoeblS1"
"GoeblS1",0,350,"GoeblS1"
"GoeblS1",0,351,"GoeblS1"
"GoeblS1",0,352,"GoeblS1"
"GoeblS1",0,353,"GoeblS1"
"GoeblS1",0,354,"GoeblS1"
"GoeblS1",0,355,"GoeblS1"
"GoeblS1",0,356,"GoeblS1"
"GoeblS1",0,357,"GoeblS1"
"GoeblS1",0,358,"GoeblS1"
"GoeblS1",0,359,"GoeblS1"
"GoeblS1",0,360,"GoeblS1"
"GoeblS1",0,361,"GoeblS1"
"GoeblS1",0,362,"GoeblS1"
"GoeblS1",0,363,"GoeblS1"
"GoeblS1",0,364,"GoeblS1"
"GoeblS1",0,365,"GoeblS1"
"GoeblS1",11.6899995803833,1,"GoeblS1"
"GoeblS1",10.0299997329712,2,"GoeblS1"
"GoeblS1",8.63000011444092,3,"GoeblS1"
"GoeblS1",2.57999992370605,4,"GoeblS1"
"GoeblS1",4.40000009536743,5,"GoeblS1"
"GoeblS1",4.44999980926514,6,"GoeblS1"
"GoeblS1",2.30999994277954,7,"GoeblS1"
"GoeblS1",-1.3400000333786,8,"GoeblS1"
"GoeblS1",7.40999984741211,9,"GoeblS1"
"GoeblS1",3.80999994277954,10,"GoeblS1"
"GoeblS1",-2.20000004768372,11,"GoeblS1"
"GoeblS1",1.86000001430511,12,"GoeblS1"
"GoeblS1",-15.2700004577637,13,"GoeblS1"
"GoeblS1",-10.6599998474121,14,"GoeblS1"
"GoeblS1",-13.0100002288818,15,"GoeblS1"
"GoeblS1",2.64000010490417,16,"GoeblS1"
"GoeblS1",10.7399997711182,17,"GoeblS1"
"GoeblS1",9.86999988555908,18,"GoeblS1"
"GoeblS1",0.519999980926514,19,"GoeblS1"
"GoeblS1",8.46000003814697,20,"GoeblS1"
"GoeblS1",11.7200002670288,21,"GoeblS1"
"GoeblS1",10.9799995422363,22,"GoeblS1"
"GoeblS1",11.3800001144409,23,"GoeblS1"
"GoeblS1",9.93000030517578,24,"GoeblS1"
"GoeblS1",9.18000030517578,25,"GoeblS1"
"GoeblS1",4,26,"GoeblS1"
"GoeblS1",9.48999977111816,27,"GoeblS1"
"GoeblS1",15.0100002288818,28,"GoeblS1"
"GoeblS1",14.7799997329712,29,"GoeblS1"
"GoeblS1",15.8400001525879,30,"GoeblS1"
"GoeblS1",15.6000003814697,31,"GoeblS1"
"GoeblS1",16.5900001525879,32,"GoeblS1"
"GoeblS1",11.1300001144409,33,"GoeblS1"
"GoeblS1",2.26999998092651,34,"GoeblS1"
"GoeblS1",5.38000011444092,35,"GoeblS1"
"GoeblS1",8.80000019073486,36,"GoeblS1"
"GoeblS1",14.3800001144409,37,"GoeblS1"
"GoeblS1",11.8299999237061,38,"GoeblS1"
"GoeblS1",10.6199998855591,39,"GoeblS1"
"GoeblS1",4.07999992370605,40,"GoeblS1"
"GoeblS1",-1.74000000953674,41,"GoeblS1"
"GoeblS1",3.46000003814697,42,"GoeblS1"
"GoeblS1",11.8900003433228,43,"GoeblS1"
"GoeblS1",11.5900001525879,44,"GoeblS1"
"GoeblS1",11.8199996948242,45,"GoeblS1"
"GoeblS1",10.25,46,"GoeblS1"
"GoeblS1",1.96000003814697,47,"GoeblS1"
"GoeblS1",2.75,48,"GoeblS1"
"GoeblS1",10.2399997711182,49,"GoeblS1"
"GoeblS1",15.3400001525879,50,"GoeblS1"
"GoeblS1",18.4599990844727,51,"GoeblS1"
"GoeblS1",16.6700000762939,52,"GoeblS1"
"GoeblS1",6.78000020980835,53,"GoeblS1"
"GoeblS1",11.2799997329712,54,"GoeblS1"
"GoeblS1",17.8999996185303,55,"GoeblS1"
"GoeblS1",18.0200004577637,56,"GoeblS1"
"GoeblS1",16.7099990844727,57,"GoeblS1"
"GoeblS1",6.92999982833862,58,"GoeblS1"
"GoeblS1",12.75,59,"GoeblS1"
"GoeblS1",17.2399997711182,60,"GoeblS1"
"GoeblS1",18.1599998474121,61,"GoeblS1"
"GoeblS1",19.1800003051758,62,"GoeblS1"
"GoeblS1",11.9499998092651,63,"GoeblS1"
"GoeblS1",9.84000015258789,64,"GoeblS1"
"GoeblS1",7.6100001335144,65,"GoeblS1"
"GoeblS1",14.8800001144409,66,"GoeblS1"
"GoeblS1",6.21000003814697,67,"GoeblS1"
"GoeblS1",-0.300000011920929,68,"GoeblS1"
"GoeblS1",11.8800001144409,69,"GoeblS1"
"GoeblS1",18.6399993896484,70,"GoeblS1"
"GoeblS1",16.5799999237061,71,"GoeblS1"
"GoeblS1",15.8199996948242,72,"GoeblS1"
"GoeblS1",9.26000022888184,73,"GoeblS1"
"GoeblS1",2.85999989509583,74,"GoeblS1"
"GoeblS1",6.94999980926514,75,"GoeblS1"
"GoeblS1",8.48999977111816,76,"GoeblS1"
"GoeblS1",7.73999977111816,77,"GoeblS1"
"GoeblS1",12.9499998092651,78,"GoeblS1"
"GoeblS1",15.6000003814697,79,"GoeblS1"
"GoeblS1",15.6199998855591,80,"GoeblS1"
"GoeblS1",18.4200000762939,81,"GoeblS1"
"GoeblS1",16.9899997711182,82,"GoeblS1"
"GoeblS1",16.8799991607666,83,"GoeblS1"
"GoeblS1",13.0699996948242,84,"GoeblS1"
"GoeblS1",0.129999995231628,85,"GoeblS1"
"GoeblS1",6.25,86,"GoeblS1"
"GoeblS1",10.8199996948242,87,"GoeblS1"
"GoeblS1",17.9599990844727,88,"GoeblS1"
"GoeblS1",12.0299997329712,89,"GoeblS1"
"GoeblS1",15.1499996185303,90,"GoeblS1"
"GoeblS1",15.8299999237061,91,"GoeblS1"
"GoeblS1",8.96000003814697,92,"GoeblS1"
"GoeblS1",14.3800001144409,93,"GoeblS1"
"GoeblS1",19.8500003814697,94,"GoeblS1"
"GoeblS1",23.9799995422363,95,"GoeblS1"
"GoeblS1",23.2000007629395,96,"GoeblS1"
"GoeblS1",9.89000034332275,97,"GoeblS1"
"GoeblS1",13.8800001144409,98,"GoeblS1"
"GoeblS1",12.6899995803833,99,"GoeblS1"
"GoeblS1",16.5,100,"GoeblS1"
"GoeblS1",16.0100002288818,101,"GoeblS1"
"GoeblS1",16.6200008392334,102,"GoeblS1"
"GoeblS1",24.1700000762939,103,"GoeblS1"
"GoeblS1",23.9200000762939,104,"GoeblS1"
"GoeblS1",26.7900009155273,105,"GoeblS1"
"GoeblS1",22.6000003814697,106,"GoeblS1"
"GoeblS1",19.2199993133545,107,"GoeblS1"
"GoeblS1",23.4300003051758,108,"GoeblS1"
"GoeblS1",1.69000005722046,109,"GoeblS1"
"GoeblS1",3.75,110,"GoeblS1"
"GoeblS1",1.96000003814697,111,"GoeblS1"
"GoeblS1",18.4799995422363,112,"GoeblS1"
"GoeblS1",24.1000003814697,113,"GoeblS1"
"GoeblS1",16.4699993133545,114,"GoeblS1"
"GoeblS1",25.0699996948242,115,"GoeblS1"
"GoeblS1",21.6900005340576,116,"GoeblS1"
"GoeblS1",20.0300006866455,117,"GoeblS1"
"GoeblS1",5.42999982833862,118,"GoeblS1"
"GoeblS1",16.2000007629395,119,"GoeblS1"
"GoeblS1",20.4400005340576,120,"GoeblS1"
"GoeblS1",23.5799999237061,121,"GoeblS1"
"GoeblS1",20.4799995422363,122,"GoeblS1"
"GoeblS1",15.8000001907349,123,"GoeblS1"
"GoeblS1",24.1100006103516,124,"GoeblS1"
"GoeblS1",17.9099998474121,125,"GoeblS1"
"GoeblS1",24.9599990844727,126,"GoeblS1"
"GoeblS1",12.8800001144409,127,"GoeblS1"
"GoeblS1",13.1899995803833,128,"GoeblS1"
"GoeblS1",13.9300003051758,129,"GoeblS1"
"GoeblS1",11.3100004196167,130,"GoeblS1"
"GoeblS1",11.8100004196167,131,"GoeblS1"
"GoeblS1",17.4899997711182,132,"GoeblS1"
"GoeblS1",14.8299999237061,133,"GoeblS1"
"GoeblS1",22.0799999237061,134,"GoeblS1"
"GoeblS1",24.3799991607666,135,"GoeblS1"
"GoeblS1",19.4200000762939,136,"GoeblS1"
"GoeblS1",23.2000007629395,137,"GoeblS1"
"GoeblS1",27.0300006866455,138,"GoeblS1"
"GoeblS1",22.6599998474121,139,"GoeblS1"
"GoeblS1",26.5400009155273,140,"GoeblS1"
"GoeblS1",19.8400001525879,141,"GoeblS1"
"GoeblS1",15.5600004196167,142,"GoeblS1"
"GoeblS1",22.8099994659424,143,"GoeblS1"
"GoeblS1",27.0599994659424,144,"GoeblS1"
"GoeblS1",20.3700008392334,145,"GoeblS1"
"GoeblS1",22.2600002288818,146,"GoeblS1"
"GoeblS1",22.3199996948242,147,"GoeblS1"
"GoeblS1",25.2600002288818,148,"GoeblS1"
"GoeblS1",25.4899997711182,149,"GoeblS1"
"GoeblS1",28.6599998474121,150,"GoeblS1"
"GoeblS1",25.1900005340576,151,"GoeblS1"
"GoeblS1",23.2299995422363,152,"GoeblS1"
"GoeblS1",27.9400005340576,153,"GoeblS1"
"GoeblS1",29.6100006103516,154,"GoeblS1"
"GoeblS1",30.4300003051758,155,"GoeblS1"
"GoeblS1",27.5499992370605,156,"GoeblS1"
"GoeblS1",32.2299995422363,157,"GoeblS1"
"GoeblS1",31.3199996948242,158,"GoeblS1"
"GoeblS1",33.0200004577637,159,"GoeblS1"
"GoeblS1",28.8799991607666,160,"GoeblS1"
"GoeblS1",26.6599998474121,161,"GoeblS1"
"GoeblS1",27.0499992370605,162,"GoeblS1"
"GoeblS1",30.1599998474121,163,"GoeblS1"
"GoeblS1",33.2799987792969,164,"GoeblS1"
"GoeblS1",34.5499992370605,165,"GoeblS1"
"GoeblS1",27.9500007629395,166,"GoeblS1"
"GoeblS1",31.2999992370605,167,"GoeblS1"
"GoeblS1",30.4400005340576,168,"GoeblS1"
"GoeblS1",34.060001373291,169,"GoeblS1"
"GoeblS1",21.0599994659424,170,"GoeblS1"
"GoeblS1",25.0799999237061,171,"GoeblS1"
"GoeblS1",32.5800018310547,172,"GoeblS1"
"GoeblS1",27.4599990844727,173,"GoeblS1"
"GoeblS1",32.1699981689453,174,"GoeblS1"
"GoeblS1",34.3199996948242,175,"GoeblS1"
"GoeblS1",33.6300010681152,176,"GoeblS1"
"GoeblS1",35.5800018310547,177,"GoeblS1"
"GoeblS1",31.6700000762939,178,"GoeblS1"
"GoeblS1",33.1699981689453,179,"GoeblS1"
"GoeblS1",33.310001373291,180,"GoeblS1"
"GoeblS1",27.4699993133545,181,"GoeblS1"
"GoeblS1",28.6499996185303,182,"GoeblS1"
"GoeblS1",30.2199993133545,183,"GoeblS1"
"GoeblS1",29.5300006866455,184,"GoeblS1"
"GoeblS1",32.6300010681152,185,"GoeblS1"
"GoeblS1",28.5599994659424,186,"GoeblS1"
"GoeblS1",25.8199996948242,187,"GoeblS1"
"GoeblS1",30.7299995422363,188,"GoeblS1"
"GoeblS1",24.6399993896484,189,"GoeblS1"
"GoeblS1",27.2700004577637,190,"GoeblS1"
"GoeblS1",30.2399997711182,191,"GoeblS1"
"GoeblS1",31.9799995422363,192,"GoeblS1"
"GoeblS1",34.5,193,"GoeblS1"
"GoeblS1",36.9799995422363,194,"GoeblS1"
"GoeblS1",35.9900016784668,195,"GoeblS1"
"GoeblS1",34.9799995422363,196,"GoeblS1"
"GoeblS1",34.2000007629395,197,"GoeblS1"
"GoeblS1",28.7800006866455,198,"GoeblS1"
"GoeblS1",28.6399993896484,199,"GoeblS1"
"GoeblS1",30.2700004577637,200,"GoeblS1"
"GoeblS1",31.1700000762939,201,"GoeblS1"
"GoeblS1",29.3500003814697,202,"GoeblS1"
"GoeblS1",23.9200000762939,203,"GoeblS1"
"GoeblS1",27.2700004577637,204,"GoeblS1"
"GoeblS1",30.2299995422363,205,"GoeblS1"
"GoeblS1",33.4799995422363,206,"GoeblS1"
"GoeblS1",34.75,207,"GoeblS1"
"GoeblS1",31.4500007629395,208,"GoeblS1"
"GoeblS1",32.6300010681152,209,"GoeblS1"
"GoeblS1",34.2599983215332,210,"GoeblS1"
"GoeblS1",35.7299995422363,211,"GoeblS1"
"GoeblS1",35.6300010681152,212,"GoeblS1"
"GoeblS1",34.3199996948242,213,"GoeblS1"
"GoeblS1",35.8300018310547,214,"GoeblS1"
"GoeblS1",35.9099998474121,215,"GoeblS1"
"GoeblS1",34.75,216,"GoeblS1"
"GoeblS1",36.2000007629395,217,"GoeblS1"
"GoeblS1",33.2299995422363,218,"GoeblS1"
"GoeblS1",33.3699989318848,219,"GoeblS1"
"GoeblS1",32.4500007629395,220,"GoeblS1"
"GoeblS1",24.2399997711182,221,"GoeblS1"
"GoeblS1",18.3700008392334,222,"GoeblS1"
"GoeblS1",28.0599994659424,223,"GoeblS1"
"GoeblS1",28.9799995422363,224,"GoeblS1"
"GoeblS1",29.3899993896484,225,"GoeblS1"
"GoeblS1",28.8600006103516,226,"GoeblS1"
"GoeblS1",30.2000007629395,227,"GoeblS1"
"GoeblS1",29.2000007629395,228,"GoeblS1"
"GoeblS1",32.0900001525879,229,"GoeblS1"
"GoeblS1",34.5499992370605,230,"GoeblS1"
"GoeblS1",33.6399993896484,231,"GoeblS1"
"GoeblS1",30,232,"GoeblS1"
"GoeblS1",33.4000015258789,233,"GoeblS1"
"GoeblS1",32.2700004577637,234,"GoeblS1"
"GoeblS1",29.7600002288818,235,"GoeblS1"
"GoeblS1",29.2700004577637,236,"GoeblS1"
"GoeblS1",30.1000003814697,237,"GoeblS1"
"GoeblS1",31.0499992370605,238,"GoeblS1"
"GoeblS1",30.1900005340576,239,"GoeblS1"
"GoeblS1",29.9099998474121,240,"GoeblS1"
"GoeblS1",32.7900009155273,241,"GoeblS1"
"GoeblS1",29.0300006866455,242,"GoeblS1"
"GoeblS1",30.1000003814697,243,"GoeblS1"
"GoeblS1",30.8799991607666,244,"GoeblS1"
"GoeblS1",30.2000007629395,245,"GoeblS1"
"GoeblS1",31.7900009155273,246,"GoeblS1"
"GoeblS1",32.4599990844727,247,"GoeblS1"
"GoeblS1",27.3899993896484,248,"GoeblS1"
"GoeblS1",22.7600002288818,249,"GoeblS1"
"GoeblS1",27.6800003051758,250,"GoeblS1"
"GoeblS1",29.0699996948242,251,"GoeblS1"
"GoeblS1",30.1100006103516,252,"GoeblS1"
"GoeblS1",30.3400001525879,253,"GoeblS1"
"GoeblS1",30.1100006103516,254,"GoeblS1"
"GoeblS1",27.8400001525879,255,"GoeblS1"
"GoeblS1",31.4400005340576,256,"GoeblS1"
"GoeblS1",26.5699996948242,257,"GoeblS1"
"GoeblS1",30.7900009155273,258,"GoeblS1"
"GoeblS1",30.3899993896484,259,"GoeblS1"
"GoeblS1",27.8999996185303,260,"GoeblS1"
"GoeblS1",28.2700004577637,261,"GoeblS1"
"GoeblS1",28.5200004577637,262,"GoeblS1"
"GoeblS1",28.6700000762939,263,"GoeblS1"
"GoeblS1",29.8799991607666,264,"GoeblS1"
"GoeblS1",19.0300006866455,265,"GoeblS1"
"GoeblS1",17.0400009155273,266,"GoeblS1"
"GoeblS1",25.8899993896484,267,"GoeblS1"
"GoeblS1",24.7700004577637,268,"GoeblS1"
"GoeblS1",30.6000003814697,269,"GoeblS1"
"GoeblS1",31.6700000762939,270,"GoeblS1"
"GoeblS1",28.6100006103516,271,"GoeblS1"
"GoeblS1",30.3099994659424,272,"GoeblS1"
"GoeblS1",31.7600002288818,273,"GoeblS1"
"GoeblS1",30.1599998474121,274,"GoeblS1"
"GoeblS1",22.4400005340576,275,"GoeblS1"
"GoeblS1",30.7299995422363,276,"GoeblS1"
"GoeblS1",19.5200004577637,277,"GoeblS1"
"GoeblS1",27.6599998474121,278,"GoeblS1"
"GoeblS1",28.9300003051758,279,"GoeblS1"
"GoeblS1",23.4500007629395,280,"GoeblS1"
"GoeblS1",26.9400005340576,281,"GoeblS1"
"GoeblS1",26.7900009155273,282,"GoeblS1"
"GoeblS1",26.4400005340576,283,"GoeblS1"
"GoeblS1",28.4799995422363,284,"GoeblS1"
"GoeblS1",22.4400005340576,285,"GoeblS1"
"GoeblS1",26.4799995422363,286,"GoeblS1"
"GoeblS1",18.7700004577637,287,"GoeblS1"
"GoeblS1",26.75,288,"GoeblS1"
"GoeblS1",24.3299999237061,289,"GoeblS1"
"GoeblS1",26.7299995422363,290,"GoeblS1"
"GoeblS1",23.0799999237061,291,"GoeblS1"
"GoeblS1",11.75,292,"GoeblS1"
"GoeblS1",16.6499996185303,293,"GoeblS1"
"GoeblS1",23.5900001525879,294,"GoeblS1"
"GoeblS1",21.0499992370605,295,"GoeblS1"
"GoeblS1",24.1599998474121,296,"GoeblS1"
"GoeblS1",24.8999996185303,297,"GoeblS1"
"GoeblS1",22.6399993896484,298,"GoeblS1"
"GoeblS1",17.9799995422363,299,"GoeblS1"
"GoeblS1",24.4500007629395,300,"GoeblS1"
"GoeblS1",25.6599998474121,301,"GoeblS1"
"GoeblS1",26.8799991607666,302,"GoeblS1"
"GoeblS1",18.5900001525879,303,"GoeblS1"
"GoeblS1",5.09999990463257,304,"GoeblS1"
"GoeblS1",15.8100004196167,305,"GoeblS1"
"GoeblS1",15.8500003814697,306,"GoeblS1"
"GoeblS1",19.2999992370605,307,"GoeblS1"
"GoeblS1",11.8199996948242,308,"GoeblS1"
"GoeblS1",6.44000005722046,309,"GoeblS1"
"GoeblS1",11.1099996566772,310,"GoeblS1"
"GoeblS1",-0.569999992847443,311,"GoeblS1"
"GoeblS1",3.16000008583069,312,"GoeblS1"
"GoeblS1",2.08999991416931,313,"GoeblS1"
"GoeblS1",7.61999988555908,314,"GoeblS1"
"GoeblS1",16.6700000762939,315,"GoeblS1"
"GoeblS1",15.8900003433228,316,"GoeblS1"
"GoeblS1",16.2900009155273,317,"GoeblS1"
"GoeblS1",11.6899995803833,318,"GoeblS1"
"GoeblS1",15.8299999237061,319,"GoeblS1"
"GoeblS1",16.75,320,"GoeblS1"
"GoeblS1",11.7799997329712,321,"GoeblS1"
"GoeblS1",12.8800001144409,322,"GoeblS1"
"GoeblS1",14.4799995422363,323,"GoeblS1"
"GoeblS1",4.17999982833862,324,"GoeblS1"
"GoeblS1",11.5500001907349,325,"GoeblS1"
"GoeblS1",13.039999961853,326,"GoeblS1"
"GoeblS1",15.289999961853,327,"GoeblS1"
"GoeblS1",20.2800006866455,328,"GoeblS1"
"GoeblS1",18.1399993896484,329,"GoeblS1"
"GoeblS1",9.0600004196167,330,"GoeblS1"
"GoeblS1",12.1999998092651,331,"GoeblS1"
"GoeblS1",3.24000000953674,332,"GoeblS1"
"GoeblS1",3.48000001907349,333,"GoeblS1"
"GoeblS1",10.1700000762939,334,"GoeblS1"
"GoeblS1",11.8000001907349,335,"GoeblS1"
"GoeblS1",12.0799999237061,336,"GoeblS1"
"GoeblS1",12.5799999237061,337,"GoeblS1"
"GoeblS1",17.0400009155273,338,"GoeblS1"
"GoeblS1",13.5,339,"GoeblS1"
"GoeblS1",11.1300001144409,340,"GoeblS1"
"GoeblS1",13.6499996185303,341,"GoeblS1"
"GoeblS1",15.1499996185303,342,"GoeblS1"
"GoeblS1",12.9499998092651,343,"GoeblS1"
"GoeblS1",2.11999988555908,344,"GoeblS1"
"GoeblS1",2.32999992370605,345,"GoeblS1"
"GoeblS1",9.65999984741211,346,"GoeblS1"
"GoeblS1",10.4200000762939,347,"GoeblS1"
"GoeblS1",10.4200000762939,348,"GoeblS1"
"GoeblS1",14.789999961853,349,"GoeblS1"
"GoeblS1",12.6800003051758,350,"GoeblS1"
"GoeblS1",8.93000030517578,351,"GoeblS1"
"GoeblS1",13.4399995803833,352,"GoeblS1"
"GoeblS1",13.8000001907349,353,"GoeblS1"
"GoeblS1",14.8299999237061,354,"GoeblS1"
"GoeblS1",18.3199996948242,355,"GoeblS1"
"GoeblS1",17.3099994659424,356,"GoeblS1"
"GoeblS1",12.6000003814697,357,"GoeblS1"
"GoeblS1",9.89999961853027,358,"GoeblS1"
"GoeblS1",11.1800003051758,359,"GoeblS1"
"GoeblS1",10.6999998092651,360,"GoeblS1"
"GoeblS1",7.26000022888184,361,"GoeblS1"
"GoeblS1",8.23999977111816,362,"GoeblS1"
"GoeblS1",11.2299995422363,363,"GoeblS1"
"GoeblS1",16.7399997711182,364,"GoeblS1"
"GoeblS1",7.30000019073486,365,"GoeblS1"
"GoeblS1",-6.65000009536743,1,"GoeblS1"
"GoeblS1",-4.59999990463257,2,"GoeblS1"
"GoeblS1",-4.86999988555908,3,"GoeblS1"
"GoeblS1",-5.1399998664856,4,"GoeblS1"
"GoeblS1",-5.86999988555908,5,"GoeblS1"
"GoeblS1",-5.98000001907349,6,"GoeblS1"
"GoeblS1",-6.73000001907349,7,"GoeblS1"
"GoeblS1",-7.28000020980835,8,"GoeblS1"
"GoeblS1",-14.8100004196167,9,"GoeblS1"
"GoeblS1",-9.35000038146973,10,"GoeblS1"
"GoeblS1",-8.72000026702881,11,"GoeblS1"
"GoeblS1",-16.4699993133545,12,"GoeblS1"
"GoeblS1",-21.1299991607666,13,"GoeblS1"
"GoeblS1",-22.8199996948242,14,"GoeblS1"
"GoeblS1",-20.1499996185303,15,"GoeblS1"
"GoeblS1",-25.9500007629395,16,"GoeblS1"
"GoeblS1",-15.7700004577637,17,"GoeblS1"
"GoeblS1",-7.84000015258789,18,"GoeblS1"
"GoeblS1",-11.3199996948242,19,"GoeblS1"
"GoeblS1",-9.71000003814697,20,"GoeblS1"
"GoeblS1",-4.51999998092651,21,"GoeblS1"
"GoeblS1",-1.44000005722046,22,"GoeblS1"
"GoeblS1",-1.69000005722046,23,"GoeblS1"
"GoeblS1",-3.75999999046326,24,"GoeblS1"
"GoeblS1",-3.32999992370605,25,"GoeblS1"
"GoeblS1",-3.01999998092651,26,"GoeblS1"
"GoeblS1",-4.21999979019165,27,"GoeblS1"
"GoeblS1",-4.23999977111816,28,"GoeblS1"
"GoeblS1",-1.47000002861023,29,"GoeblS1"
"GoeblS1",-1.99000000953674,30,"GoeblS1"
"GoeblS1",-1.94000005722046,31,"GoeblS1"
"GoeblS1",0.200000002980232,32,"GoeblS1"
"GoeblS1",-0.519999980926514,33,"GoeblS1"
"GoeblS1",0.409999996423721,34,"GoeblS1"
"GoeblS1",-5.21000003814697,35,"GoeblS1"
"GoeblS1",-7.48999977111816,36,"GoeblS1"
"GoeblS1",-5.48999977111816,37,"GoeblS1"
"GoeblS1",-0.379999995231628,38,"GoeblS1"
"GoeblS1",0.270000010728836,39,"GoeblS1"
"GoeblS1",-4.51000022888184,40,"GoeblS1"
"GoeblS1",-3.32999992370605,41,"GoeblS1"
"GoeblS1",-10.6199998855591,42,"GoeblS1"
"GoeblS1",-10.1700000762939,43,"GoeblS1"
"GoeblS1",-4.5,44,"GoeblS1"
"GoeblS1",-3.95000004768372,45,"GoeblS1"
"GoeblS1",-6.11999988555908,46,"GoeblS1"
"GoeblS1",-4.82000017166138,47,"GoeblS1"
"GoeblS1",-12.2299995422363,48,"GoeblS1"
"GoeblS1",-11.3000001907349,49,"GoeblS1"
"GoeblS1",-7.59999990463257,50,"GoeblS1"
"GoeblS1",-1.89999997615814,51,"GoeblS1"
"GoeblS1",-1.73000001907349,52,"GoeblS1"
"GoeblS1",-2.78999996185303,53,"GoeblS1"
"GoeblS1",-5.01000022888184,54,"GoeblS1"
"GoeblS1",-5.28999996185303,55,"GoeblS1"
"GoeblS1",-1.41999995708466,56,"GoeblS1"
"GoeblS1",2.42000007629395,57,"GoeblS1"
"GoeblS1",1.02999997138977,58,"GoeblS1"
"GoeblS1",-13.1700000762939,59,"GoeblS1"
"GoeblS1",-7.17000007629395,60,"GoeblS1"
"GoeblS1",-1.32000005245209,61,"GoeblS1"
"GoeblS1",0.100000001490116,62,"GoeblS1"
"GoeblS1",-0.5799999833107,63,"GoeblS1"
"GoeblS1",-6.80999994277954,64,"GoeblS1"
"GoeblS1",-6.88000011444092,65,"GoeblS1"
"GoeblS1",-4.98999977111816,66,"GoeblS1"
"GoeblS1",-0.930000007152557,67,"GoeblS1"
"GoeblS1",-3.17000007629395,68,"GoeblS1"
"GoeblS1",-7.38000011444092,69,"GoeblS1"
"GoeblS1",-5.51000022888184,70,"GoeblS1"
"GoeblS1",-2.8199999332428,71,"GoeblS1"
"GoeblS1",-1.01999998092651,72,"GoeblS1"
"GoeblS1",0.400000005960464,73,"GoeblS1"
"GoeblS1",-1.14999997615814,74,"GoeblS1"
"GoeblS1",-2.27999997138977,75,"GoeblS1"
"GoeblS1",-3.46000003814697,76,"GoeblS1"
"GoeblS1",-3.13000011444092,77,"GoeblS1"
"GoeblS1",-1.48000001907349,78,"GoeblS1"
"GoeblS1",-0.899999976158142,79,"GoeblS1"
"GoeblS1",0.270000010728836,80,"GoeblS1"
"GoeblS1",0.129999995231628,81,"GoeblS1"
"GoeblS1",-1.47000002861023,82,"GoeblS1"
"GoeblS1",-0.300000011920929,83,"GoeblS1"
"GoeblS1",0.310000002384186,84,"GoeblS1"
"GoeblS1",-8.3100004196167,85,"GoeblS1"
"GoeblS1",-10.460000038147,86,"GoeblS1"
"GoeblS1",-8.61999988555908,87,"GoeblS1"
"GoeblS1",-1.49000000953674,88,"GoeblS1"
"GoeblS1",-0.209999993443489,89,"GoeblS1"
"GoeblS1",-0.899999976158142,90,"GoeblS1"
"GoeblS1",-1.08000004291534,91,"GoeblS1"
"GoeblS1",0.330000013113022,92,"GoeblS1"
"GoeblS1",-1.58000004291534,93,"GoeblS1"
"GoeblS1",-0.0299999993294477,94,"GoeblS1"
"GoeblS1",2.0699999332428,95,"GoeblS1"
"GoeblS1",4.46000003814697,96,"GoeblS1"
"GoeblS1",6.09000015258789,97,"GoeblS1"
"GoeblS1",2.82999992370605,98,"GoeblS1"
"GoeblS1",-2.78999996185303,99,"GoeblS1"
"GoeblS1",-2.46000003814697,100,"GoeblS1"
"GoeblS1",-1.07000005245209,101,"GoeblS1"
"GoeblS1",0.129999995231628,102,"GoeblS1"
"GoeblS1",1.28999996185303,103,"GoeblS1"
"GoeblS1",6.28000020980835,104,"GoeblS1"
"GoeblS1",6.75,105,"GoeblS1"
"GoeblS1",5.67999982833862,106,"GoeblS1"
"GoeblS1",4.42999982833862,107,"GoeblS1"
"GoeblS1",6.21000003814697,108,"GoeblS1"
"GoeblS1",-0.800000011920929,109,"GoeblS1"
"GoeblS1",-0.889999985694885,110,"GoeblS1"
"GoeblS1",-1.4099999666214,111,"GoeblS1"
"GoeblS1",-1.25,112,"GoeblS1"
"GoeblS1",0.839999973773956,113,"GoeblS1"
"GoeblS1",4.1100001335144,114,"GoeblS1"
"GoeblS1",3.05999994277954,115,"GoeblS1"
"GoeblS1",4.44000005722046,116,"GoeblS1"
"GoeblS1",5.8899998664856,117,"GoeblS1"
"GoeblS1",2.00999999046326,118,"GoeblS1"
"GoeblS1",0.28999999165535,119,"GoeblS1"
"GoeblS1",2.04999995231628,120,"GoeblS1"
"GoeblS1",4.40000009536743,121,"GoeblS1"
"GoeblS1",3.79999995231628,122,"GoeblS1"
"GoeblS1",2.54999995231628,123,"GoeblS1"
"GoeblS1",2.44000005722046,124,"GoeblS1"
"GoeblS1",3.40000009536743,125,"GoeblS1"
"GoeblS1",4.17000007629395,126,"GoeblS1"
"GoeblS1",8.02999973297119,127,"GoeblS1"
"GoeblS1",4.11999988555908,128,"GoeblS1"
"GoeblS1",1.35000002384186,129,"GoeblS1"
"GoeblS1",3.55999994277954,130,"GoeblS1"
"GoeblS1",5.03000020980835,131,"GoeblS1"
"GoeblS1",2.92000007629395,132,"GoeblS1"
"GoeblS1",4.32999992370605,133,"GoeblS1"
"GoeblS1",4.96999979019165,134,"GoeblS1"
"GoeblS1",7.92999982833862,135,"GoeblS1"
"GoeblS1",8.39000034332275,136,"GoeblS1"
"GoeblS1",7.28000020980835,137,"GoeblS1"
"GoeblS1",9.46000003814697,138,"GoeblS1"
"GoeblS1",9.81999969482422,139,"GoeblS1"
"GoeblS1",11.3299999237061,140,"GoeblS1"
"GoeblS1",6.46999979019165,141,"GoeblS1"
"GoeblS1",6.17999982833862,142,"GoeblS1"
"GoeblS1",0.879999995231628,143,"GoeblS1"
"GoeblS1",3.73000001907349,144,"GoeblS1"
"GoeblS1",2.26999998092651,145,"GoeblS1"
"GoeblS1",5.28999996185303,146,"GoeblS1"
"GoeblS1",7.15999984741211,147,"GoeblS1"
"GoeblS1",6.51000022888184,148,"GoeblS1"
"GoeblS1",6.98000001907349,149,"GoeblS1"
"GoeblS1",7.55000019073486,150,"GoeblS1"
"GoeblS1",9.03999996185303,151,"GoeblS1"
"GoeblS1",8.23999977111816,152,"GoeblS1"
"GoeblS1",8.27000045776367,153,"GoeblS1"
"GoeblS1",9.07999992370605,154,"GoeblS1"
"GoeblS1",11.1000003814697,155,"GoeblS1"
"GoeblS1",12.6000003814697,156,"GoeblS1"
"GoeblS1",10.0799999237061,157,"GoeblS1"
"GoeblS1",11.1700000762939,158,"GoeblS1"
"GoeblS1",14.1300001144409,159,"GoeblS1"
"GoeblS1",14.1599998474121,160,"GoeblS1"
"GoeblS1",12.9799995422363,161,"GoeblS1"
"GoeblS1",12.9799995422363,162,"GoeblS1"
"GoeblS1",11.3199996948242,163,"GoeblS1"
"GoeblS1",13.4200000762939,164,"GoeblS1"
"GoeblS1",14.1899995803833,165,"GoeblS1"
"GoeblS1",14.710000038147,166,"GoeblS1"
"GoeblS1",12.1199998855591,167,"GoeblS1"
"GoeblS1",15.3800001144409,168,"GoeblS1"
"GoeblS1",12.039999961853,169,"GoeblS1"
"GoeblS1",12.1999998092651,170,"GoeblS1"
"GoeblS1",10.6000003814697,171,"GoeblS1"
"GoeblS1",11.8599996566772,172,"GoeblS1"
"GoeblS1",14.5299997329712,173,"GoeblS1"
"GoeblS1",11.0299997329712,174,"GoeblS1"
"GoeblS1",14.1899995803833,175,"GoeblS1"
"GoeblS1",16.8799991607666,176,"GoeblS1"
"GoeblS1",16.6499996185303,177,"GoeblS1"
"GoeblS1",16.2299995422363,178,"GoeblS1"
"GoeblS1",14.289999961853,179,"GoeblS1"
"GoeblS1",16.6800003051758,180,"GoeblS1"
"GoeblS1",14.5799999237061,181,"GoeblS1"
"GoeblS1",15.1599998474121,182,"GoeblS1"
"GoeblS1",18.2600002288818,183,"GoeblS1"
"GoeblS1",15.3000001907349,184,"GoeblS1"
"GoeblS1",13.4499998092651,185,"GoeblS1"
"GoeblS1",9.31999969482422,186,"GoeblS1"
"GoeblS1",10.210000038147,187,"GoeblS1"
"GoeblS1",13.210000038147,188,"GoeblS1"
"GoeblS1",11.4700002670288,189,"GoeblS1"
"GoeblS1",10.7600002288818,190,"GoeblS1"
"GoeblS1",11.9300003051758,191,"GoeblS1"
"GoeblS1",14.2200002670288,192,"GoeblS1"
"GoeblS1",15.4300003051758,193,"GoeblS1"
"GoeblS1",16.4300003051758,194,"GoeblS1"
"GoeblS1",16.8500003814697,195,"GoeblS1"
"GoeblS1",18.1299991607666,196,"GoeblS1"
"GoeblS1",19.5300006866455,197,"GoeblS1"
"GoeblS1",14.2600002288818,198,"GoeblS1"
"GoeblS1",15.2399997711182,199,"GoeblS1"
"GoeblS1",14.2299995422363,200,"GoeblS1"
"GoeblS1",16.3700008392334,201,"GoeblS1"
"GoeblS1",14.5799999237061,202,"GoeblS1"
"GoeblS1",13,203,"GoeblS1"
"GoeblS1",12.8900003433228,204,"GoeblS1"
"GoeblS1",13.5600004196167,205,"GoeblS1"
"GoeblS1",13.789999961853,206,"GoeblS1"
"GoeblS1",17.1299991607666,207,"GoeblS1"
"GoeblS1",17.75,208,"GoeblS1"
"GoeblS1",13.9200000762939,209,"GoeblS1"
"GoeblS1",13.4099998474121,210,"GoeblS1"
"GoeblS1",14.8100004196167,211,"GoeblS1"
"GoeblS1",15.0699996948242,212,"GoeblS1"
"GoeblS1",14.75,213,"GoeblS1"
"GoeblS1",14.4700002670288,214,"GoeblS1"
"GoeblS1",16.9699993133545,215,"GoeblS1"
"GoeblS1",16.6399993896484,216,"GoeblS1"
"GoeblS1",16.9899997711182,217,"GoeblS1"
"GoeblS1",19.8600006103516,218,"GoeblS1"
"GoeblS1",16.8400001525879,219,"GoeblS1"
"GoeblS1",17.8199996948242,220,"GoeblS1"
"GoeblS1",15.3500003814697,221,"GoeblS1"
"GoeblS1",13.7399997711182,222,"GoeblS1"
"GoeblS1",12.3800001144409,223,"GoeblS1"
"GoeblS1",12.7700004577637,224,"GoeblS1"
"GoeblS1",13.8599996566772,225,"GoeblS1"
"GoeblS1",14.6499996185303,226,"GoeblS1"
"GoeblS1",13.8299999237061,227,"GoeblS1"
"GoeblS1",13.3999996185303,228,"GoeblS1"
"GoeblS1",12.25,229,"GoeblS1"
"GoeblS1",13.2600002288818,230,"GoeblS1"
"GoeblS1",15.1999998092651,231,"GoeblS1"
"GoeblS1",16.8099994659424,232,"GoeblS1"
"GoeblS1",15.3299999237061,233,"GoeblS1"
"GoeblS1",17.2999992370605,234,"GoeblS1"
"GoeblS1",19.6000003814697,235,"GoeblS1"
"GoeblS1",14.2200002670288,236,"GoeblS1"
"GoeblS1",17.2800006866455,237,"GoeblS1"
"GoeblS1",17.1499996185303,238,"GoeblS1"
"GoeblS1",14.3299999237061,239,"GoeblS1"
"GoeblS1",11.4799995422363,240,"GoeblS1"
"GoeblS1",12.460000038147,241,"GoeblS1"
"GoeblS1",15.3999996185303,242,"GoeblS1"
"GoeblS1",11.460000038147,243,"GoeblS1"
"GoeblS1",12.789999961853,244,"GoeblS1"
"GoeblS1",12.6099996566772,245,"GoeblS1"
"GoeblS1",13.5200004577637,246,"GoeblS1"
"GoeblS1",14.4399995803833,247,"GoeblS1"
"GoeblS1",14.1800003051758,248,"GoeblS1"
"GoeblS1",11.3299999237061,249,"GoeblS1"
"GoeblS1",10.6499996185303,250,"GoeblS1"
"GoeblS1",11.25,251,"GoeblS1"
"GoeblS1",13.8000001907349,252,"GoeblS1"
"GoeblS1",14.3800001144409,253,"GoeblS1"
"GoeblS1",12.5600004196167,254,"GoeblS1"
"GoeblS1",13.8699998855591,255,"GoeblS1"
"GoeblS1",11.3500003814697,256,"GoeblS1"
"GoeblS1",8.44999980926514,257,"GoeblS1"
"GoeblS1",9.88000011444092,258,"GoeblS1"
"GoeblS1",11.6000003814697,259,"GoeblS1"
"GoeblS1",10.3800001144409,260,"GoeblS1"
"GoeblS1",13.9700002670288,261,"GoeblS1"
"GoeblS1",7.59999990463257,262,"GoeblS1"
"GoeblS1",7.48999977111816,263,"GoeblS1"
"GoeblS1",9.80000019073486,264,"GoeblS1"
"GoeblS1",9.64999961853027,265,"GoeblS1"
"GoeblS1",7.05999994277954,266,"GoeblS1"
"GoeblS1",5.73999977111816,267,"GoeblS1"
"GoeblS1",6.67000007629395,268,"GoeblS1"
"GoeblS1",8.40999984741211,269,"GoeblS1"
"GoeblS1",8.8100004196167,270,"GoeblS1"
"GoeblS1",12.1599998474121,271,"GoeblS1"
"GoeblS1",10.8100004196167,272,"GoeblS1"
"GoeblS1",11.7700004577637,273,"GoeblS1"
"GoeblS1",14.3100004196167,274,"GoeblS1"
"GoeblS1",3.90000009536743,275,"GoeblS1"
"GoeblS1",5.5,276,"GoeblS1"
"GoeblS1",9.59000015258789,277,"GoeblS1"
"GoeblS1",3.40000009536743,278,"GoeblS1"
"GoeblS1",6.09999990463257,279,"GoeblS1"
"GoeblS1",5.46000003814697,280,"GoeblS1"
"GoeblS1",6.51999998092651,281,"GoeblS1"
"GoeblS1",8.36999988555908,282,"GoeblS1"
"GoeblS1",8.85999965667725,283,"GoeblS1"
"GoeblS1",10.0600004196167,284,"GoeblS1"
"GoeblS1",8.34000015258789,285,"GoeblS1"
"GoeblS1",6.98999977111816,286,"GoeblS1"
"GoeblS1",6.78999996185303,287,"GoeblS1"
"GoeblS1",3.78999996185303,288,"GoeblS1"
"GoeblS1",5.90999984741211,289,"GoeblS1"
"GoeblS1",5.03999996185303,290,"GoeblS1"
"GoeblS1",6.8600001335144,291,"GoeblS1"
"GoeblS1",4.44000005722046,292,"GoeblS1"
"GoeblS1",3.85999989509583,293,"GoeblS1"
"GoeblS1",4.42999982833862,294,"GoeblS1"
"GoeblS1",5.65000009536743,295,"GoeblS1"
"GoeblS1",7.07999992370605,296,"GoeblS1"
"GoeblS1",5.44000005722046,297,"GoeblS1"
"GoeblS1",5.40999984741211,298,"GoeblS1"
"GoeblS1",-0.300000011920929,299,"GoeblS1"
"GoeblS1",1.03999996185303,300,"GoeblS1"
"GoeblS1",3.42000007629395,301,"GoeblS1"
"GoeblS1",5.13000011444092,302,"GoeblS1"
"GoeblS1",7.82999992370605,303,"GoeblS1"
"GoeblS1",1.16999995708466,304,"GoeblS1"
"GoeblS1",-4.01000022888184,305,"GoeblS1"
"GoeblS1",-3.22000002861023,306,"GoeblS1"
"GoeblS1",-3.25,307,"GoeblS1"
"GoeblS1",-2.42000007629395,308,"GoeblS1"
"GoeblS1",-1.14999997615814,309,"GoeblS1"
"GoeblS1",-3.35999989509583,310,"GoeblS1"
"GoeblS1",-4.51000022888184,311,"GoeblS1"
"GoeblS1",-5.82999992370605,312,"GoeblS1"
"GoeblS1",-4.5,313,"GoeblS1"
"GoeblS1",-0.600000023841858,314,"GoeblS1"
"GoeblS1",0.150000005960464,315,"GoeblS1"
"GoeblS1",0.349999994039536,316,"GoeblS1"
"GoeblS1",-1.49000000953674,317,"GoeblS1"
"GoeblS1",-2.67000007629395,318,"GoeblS1"
"GoeblS1",-3.44000005722046,319,"GoeblS1"
"GoeblS1",-2.02999997138977,320,"GoeblS1"
"GoeblS1",-1.60000002384186,321,"GoeblS1"
"GoeblS1",-3.55999994277954,322,"GoeblS1"
"GoeblS1",-2.38000011444092,323,"GoeblS1"
"GoeblS1",-4.53000020980835,324,"GoeblS1"
"GoeblS1",-9.13000011444092,325,"GoeblS1"
"GoeblS1",-6.1100001335144,326,"GoeblS1"
"GoeblS1",-0.159999996423721,327,"GoeblS1"
"GoeblS1",1.12999999523163,328,"GoeblS1"
"GoeblS1",2.00999999046326,329,"GoeblS1"
"GoeblS1",-1.35000002384186,330,"GoeblS1"
"GoeblS1",-3.0699999332428,331,"GoeblS1"
"GoeblS1",-1.6599999666214,332,"GoeblS1"
"GoeblS1",-8.60000038146973,333,"GoeblS1"
"GoeblS1",-8.67000007629395,334,"GoeblS1"
"GoeblS1",-6.94000005722046,335,"GoeblS1"
"GoeblS1",-5.19999980926514,336,"GoeblS1"
"GoeblS1",-5.38000011444092,337,"GoeblS1"
"GoeblS1",-3.92000007629395,338,"GoeblS1"
"GoeblS1",-1.86000001430511,339,"GoeblS1"
"GoeblS1",-3.35999989509583,340,"GoeblS1"
"GoeblS1",-3.48000001907349,341,"GoeblS1"
"GoeblS1",-1.62000000476837,342,"GoeblS1"
"GoeblS1",-0.860000014305115,343,"GoeblS1"
"GoeblS1",-5.69000005722046,344,"GoeblS1"
"GoeblS1",-12.6800003051758,345,"GoeblS1"
"GoeblS1",-10.039999961853,346,"GoeblS1"
"GoeblS1",-5.82000017166138,347,"GoeblS1"
"GoeblS1",-5.65999984741211,348,"GoeblS1"
"GoeblS1",-4.84999990463257,349,"GoeblS1"
"GoeblS1",-1.67999994754791,350,"GoeblS1"
"GoeblS1",-6.67000007629395,351,"GoeblS1"
"GoeblS1",-6.03000020980835,352,"GoeblS1"
"GoeblS1",-4.57000017166138,353,"GoeblS1"
"GoeblS1",-1.70000004768372,354,"GoeblS1"
"GoeblS1",-4.28000020980835,355,"GoeblS1"
"GoeblS1",-2.41000008583069,356,"GoeblS1"
"GoeblS1",-0.259999990463257,357,"GoeblS1"
"GoeblS1",-0.00999999977648258,358,"GoeblS1"
"GoeblS1",-2.83999991416931,359,"GoeblS1"
"GoeblS1",-2.32999992370605,360,"GoeblS1"
"GoeblS1",-2.51999998092651,361,"GoeblS1"
"GoeblS1",-3.20000004768372,362,"GoeblS1"
"GoeblS1",-2.28999996185303,363,"GoeblS1"
"GoeblS1",-3.24000000953674,364,"GoeblS1"
"GoeblS1",-2.00999999046326,365,"GoeblS1"
"GoeblS1",371.399993896484,1,"GoeblS1"
"GoeblS1",434.160003662109,2,"GoeblS1"
"GoeblS1",425.350006103516,3,"GoeblS1"
"GoeblS1",416.700012207031,4,"GoeblS1"
"GoeblS1",394.390014648438,5,"GoeblS1"
"GoeblS1",390.899993896484,6,"GoeblS1"
"GoeblS1",369.179992675781,7,"GoeblS1"
"GoeblS1",353.760009765625,8,"GoeblS1"
"GoeblS1",193.779998779297,9,"GoeblS1"
"GoeblS1",301.049987792969,10,"GoeblS1"
"GoeblS1",316.25,11,"GoeblS1"
"GoeblS1",168.740005493164,12,"GoeblS1"
"GoeblS1",113.180000305176,13,"GoeblS1"
"GoeblS1",97.5199966430664,14,"GoeblS1"
"GoeblS1",123.269996643066,15,"GoeblS1"
"GoeblS1",73.5400009155273,16,"GoeblS1"
"GoeblS1",178.869995117188,17,"GoeblS1"
"GoeblS1",338.589996337891,18,"GoeblS1"
"GoeblS1",257.290008544922,19,"GoeblS1"
"GoeblS1",292.429992675781,20,"GoeblS1"
"GoeblS1",436.839996337891,21,"GoeblS1"
"GoeblS1",549.609985351562,22,"GoeblS1"
"GoeblS1",539.72998046875,23,"GoeblS1"
"GoeblS1",462.480010986328,24,"GoeblS1"
"GoeblS1",477.850006103516,25,"GoeblS1"
"GoeblS1",488.859985351562,26,"GoeblS1"
"GoeblS1",446.929992675781,27,"GoeblS1"
"GoeblS1",446.079986572266,28,"GoeblS1"
"GoeblS1",548.580017089844,29,"GoeblS1"
"GoeblS1",527.950012207031,30,"GoeblS1"
"GoeblS1",529.570007324219,31,"GoeblS1"
"GoeblS1",619.570007324219,32,"GoeblS1"
"GoeblS1",588.179992675781,33,"GoeblS1"
"GoeblS1",629.179992675781,34,"GoeblS1"
"GoeblS1",414.440002441406,35,"GoeblS1"
"GoeblS1",348.079986572266,36,"GoeblS1"
"GoeblS1",405.769989013672,37,"GoeblS1"
"GoeblS1",594,38,"GoeblS1"
"GoeblS1",622.950012207031,39,"GoeblS1"
"GoeblS1",437.299987792969,40,"GoeblS1"
"GoeblS1",477.739990234375,41,"GoeblS1"
"GoeblS1",272.059997558594,42,"GoeblS1"
"GoeblS1",276.179992675781,43,"GoeblS1"
"GoeblS1",437.589996337891,44,"GoeblS1"
"GoeblS1",456,45,"GoeblS1"
"GoeblS1",386.859985351562,46,"GoeblS1"
"GoeblS1",427,47,"GoeblS1"
"GoeblS1",239.160003662109,48,"GoeblS1"
"GoeblS1",252.490005493164,49,"GoeblS1"
"GoeblS1",318.910003662109,50,"GoeblS1"
"GoeblS1",480.329986572266,51,"GoeblS1"
"GoeblS1",497.850006103516,52,"GoeblS1"
"GoeblS1",497.209991455078,53,"GoeblS1"
"GoeblS1",411.140014648438,54,"GoeblS1"
"GoeblS1",359.25,55,"GoeblS1"
"GoeblS1",488.5,56,"GoeblS1"
"GoeblS1",675.099975585938,57,"GoeblS1"
"GoeblS1",657.950012207031,58,"GoeblS1"
"GoeblS1",196.020004272461,59,"GoeblS1"
"GoeblS1",298.549987792969,60,"GoeblS1"
"GoeblS1",471.029998779297,61,"GoeblS1"
"GoeblS1",517.140014648438,62,"GoeblS1"
"GoeblS1",572.679992675781,63,"GoeblS1"
"GoeblS1",345.040008544922,64,"GoeblS1"
"GoeblS1",359.790008544922,65,"GoeblS1"
"GoeblS1",360.820007324219,66,"GoeblS1"
"GoeblS1",570.530029296875,67,"GoeblS1"
"GoeblS1",483.510009765625,68,"GoeblS1"
"GoeblS1",312.380004882812,69,"GoeblS1"
"GoeblS1",305.700012207031,70,"GoeblS1"
"GoeblS1",399.239990234375,71,"GoeblS1"
"GoeblS1",474.470001220703,72,"GoeblS1"
"GoeblS1",628.820007324219,73,"GoeblS1"
"GoeblS1",561.280029296875,74,"GoeblS1"
"GoeblS1",516.440002441406,75,"GoeblS1"
"GoeblS1",473.230010986328,76,"GoeblS1"
"GoeblS1",484.910003662109,77,"GoeblS1"
"GoeblS1",547.880004882812,78,"GoeblS1"
"GoeblS1",572.059997558594,79,"GoeblS1"
"GoeblS1",622.580017089844,80,"GoeblS1"
"GoeblS1",607.130004882812,81,"GoeblS1"
"GoeblS1",542.419982910156,82,"GoeblS1"
"GoeblS1",597.109985351562,83,"GoeblS1"
"GoeblS1",624.469970703125,84,"GoeblS1"
"GoeblS1",326.480010986328,85,"GoeblS1"
"GoeblS1",275.579986572266,86,"GoeblS1"
"GoeblS1",318.679992675781,87,"GoeblS1"
"GoeblS1",533.5,88,"GoeblS1"
"GoeblS1",601.349975585938,89,"GoeblS1"
"GoeblS1",571.950012207031,90,"GoeblS1"
"GoeblS1",558.809997558594,91,"GoeblS1"
"GoeblS1",625.320007324219,92,"GoeblS1"
"GoeblS1",543.799987792969,93,"GoeblS1"
"GoeblS1",578.179992675781,94,"GoeblS1"
"GoeblS1",648.590026855469,95,"GoeblS1"
"GoeblS1",784.559997558594,96,"GoeblS1"
"GoeblS1",940.789978027344,97,"GoeblS1"
"GoeblS1",748.190002441406,98,"GoeblS1"
"GoeblS1",497.369995117188,99,"GoeblS1"
"GoeblS1",483.899993896484,100,"GoeblS1"
"GoeblS1",544.080017089844,101,"GoeblS1"
"GoeblS1",593.429992675781,102,"GoeblS1"
"GoeblS1",583.789978027344,103,"GoeblS1"
"GoeblS1",869.179992675781,104,"GoeblS1"
"GoeblS1",860.340026855469,105,"GoeblS1"
"GoeblS1",839.309997558594,106,"GoeblS1"
"GoeblS1",808.880004882812,107,"GoeblS1"
"GoeblS1",862.969970703125,108,"GoeblS1"
"GoeblS1",575.969970703125,109,"GoeblS1"
"GoeblS1",572.47998046875,110,"GoeblS1"
"GoeblS1",550.75,111,"GoeblS1"
"GoeblS1",514.369995117188,112,"GoeblS1"
"GoeblS1",564.340026855469,113,"GoeblS1"
"GoeblS1",819.27001953125,114,"GoeblS1"
"GoeblS1",661.940002441406,115,"GoeblS1"
"GoeblS1",767.280029296875,116,"GoeblS1"
"GoeblS1",927.330017089844,117,"GoeblS1"
"GoeblS1",706,118,"GoeblS1"
"GoeblS1",623.570007324219,119,"GoeblS1"
"GoeblS1",707.989990234375,120,"GoeblS1"
"GoeblS1",830.880004882812,121,"GoeblS1"
"GoeblS1",801.359985351562,122,"GoeblS1"
"GoeblS1",733.950012207031,123,"GoeblS1"
"GoeblS1",700.830017089844,124,"GoeblS1"
"GoeblS1",773.830017089844,125,"GoeblS1"
"GoeblS1",736.200012207031,126,"GoeblS1"
"GoeblS1",1074.59997558594,127,"GoeblS1"
"GoeblS1",820.010009765625,128,"GoeblS1"
"GoeblS1",673.409973144531,129,"GoeblS1"
"GoeblS1",787.909973144531,130,"GoeblS1"
"GoeblS1",873.700012207031,131,"GoeblS1"
"GoeblS1",753.409973144531,132,"GoeblS1"
"GoeblS1",832.140014648438,133,"GoeblS1"
"GoeblS1",821.950012207031,134,"GoeblS1"
"GoeblS1",1001.79998779297,135,"GoeblS1"
"GoeblS1",1101.42004394531,136,"GoeblS1"
"GoeblS1",973.739990234375,137,"GoeblS1"
"GoeblS1",1085.31994628906,138,"GoeblS1"
"GoeblS1",1207.01000976562,139,"GoeblS1"
"GoeblS1",1276.06005859375,140,"GoeblS1"
"GoeblS1",965.599975585938,141,"GoeblS1"
"GoeblS1",946.280029296875,142,"GoeblS1"
"GoeblS1",594.669982910156,143,"GoeblS1"
"GoeblS1",709.039978027344,144,"GoeblS1"
"GoeblS1",682.869995117188,145,"GoeblS1"
"GoeblS1",844.950012207031,146,"GoeblS1"
"GoeblS1",981.5,147,"GoeblS1"
"GoeblS1",894.830017089844,148,"GoeblS1"
"GoeblS1",918.179992675781,149,"GoeblS1"
"GoeblS1",921.109985351562,150,"GoeblS1"
"GoeblS1",1085.48999023438,151,"GoeblS1"
"GoeblS1",1050.93994140625,152,"GoeblS1"
"GoeblS1",980.929992675781,153,"GoeblS1"
"GoeblS1",1021.5,154,"GoeblS1"
"GoeblS1",1182.10998535156,155,"GoeblS1"
"GoeblS1",1389.60998535156,156,"GoeblS1"
"GoeblS1",1073.06005859375,157,"GoeblS1"
"GoeblS1",1174.72998046875,158,"GoeblS1"
"GoeblS1",1441.85998535156,159,"GoeblS1"
"GoeblS1",1553.67004394531,160,"GoeblS1"
"GoeblS1",1494.78002929688,161,"GoeblS1"
"GoeblS1",1494.65002441406,162,"GoeblS1"
"GoeblS1",1225.5,163,"GoeblS1"
"GoeblS1",1224.78002929688,164,"GoeblS1"
"GoeblS1",1151.32995605469,165,"GoeblS1"
"GoeblS1",1624.06994628906,166,"GoeblS1"
"GoeblS1",1069.30004882812,167,"GoeblS1"
"GoeblS1",1452.15002441406,168,"GoeblS1"
"GoeblS1",1007.98999023438,169,"GoeblS1"
"GoeblS1",1420.36999511719,170,"GoeblS1"
"GoeblS1",1094.71997070312,171,"GoeblS1"
"GoeblS1",1209.80004882812,172,"GoeblS1"
"GoeblS1",1489.21997070312,173,"GoeblS1"
"GoeblS1",981.280029296875,174,"GoeblS1"
"GoeblS1",1129.7900390625,175,"GoeblS1"
"GoeblS1",1457.03002929688,176,"GoeblS1"
"GoeblS1",1364.93994140625,177,"GoeblS1"
"GoeblS1",1457.84997558594,178,"GoeblS1"
"GoeblS1",1176.21997070312,179,"GoeblS1"
"GoeblS1",1446.7900390625,180,"GoeblS1"
"GoeblS1",1420.84997558594,181,"GoeblS1"
"GoeblS1",1443.28002929688,182,"GoeblS1"
"GoeblS1",1792.78002929688,183,"GoeblS1"
"GoeblS1",1374.02001953125,184,"GoeblS1"
"GoeblS1",1061.48999023438,185,"GoeblS1"
"GoeblS1",820.5,186,"GoeblS1"
"GoeblS1",956.989990234375,187,"GoeblS1"
"GoeblS1",1090.75,188,"GoeblS1"
"GoeblS1",1118.71997070312,189,"GoeblS1"
"GoeblS1",964.099975585938,190,"GoeblS1"
"GoeblS1",991.559997558594,191,"GoeblS1"
"GoeblS1",1165.31005859375,192,"GoeblS1"
"GoeblS1",1218.55004882812,193,"GoeblS1"
"GoeblS1",1258.56005859375,194,"GoeblS1"
"GoeblS1",1334.16003417969,195,"GoeblS1"
"GoeblS1",1537.97998046875,196,"GoeblS1"
"GoeblS1",2065.76000976562,197,"GoeblS1"
"GoeblS1",1309,198,"GoeblS1"
"GoeblS1",1429.76000976562,199,"GoeblS1"
"GoeblS1",1228.43005371094,200,"GoeblS1"
"GoeblS1",1402.78002929688,201,"GoeblS1"
"GoeblS1",1462.0400390625,202,"GoeblS1"
"GoeblS1",1335.68994140625,203,"GoeblS1"
"GoeblS1",1175.11999511719,204,"GoeblS1"
"GoeblS1",1140.58996582031,205,"GoeblS1"
"GoeblS1",1077.2900390625,206,"GoeblS1"
"GoeblS1",1390.18005371094,207,"GoeblS1"
"GoeblS1",1291.11999511719,208,"GoeblS1"
"GoeblS1",591.830017089844,209,"GoeblS1"
"GoeblS1",571.02001953125,210,"GoeblS1"
"GoeblS1",629.030029296875,211,"GoeblS1"
"GoeblS1",640.419982910156,212,"GoeblS1"
"GoeblS1",626.739990234375,213,"GoeblS1"
"GoeblS1",614.739990234375,214,"GoeblS1"
"GoeblS1",729.030029296875,215,"GoeblS1"
"GoeblS1",713.299987792969,216,"GoeblS1"
"GoeblS1",730.070007324219,217,"GoeblS1"
"GoeblS1",1514.18994140625,218,"GoeblS1"
"GoeblS1",823.27001953125,219,"GoeblS1"
"GoeblS1",1004.16998291016,220,"GoeblS1"
"GoeblS1",1498.38000488281,221,"GoeblS1"
"GoeblS1",1571.02001953125,222,"GoeblS1"
"GoeblS1",934.380004882812,223,"GoeblS1"
"GoeblS1",661.599975585938,224,"GoeblS1"
"GoeblS1",734.530029296875,225,"GoeblS1"
"GoeblS1",1101.0400390625,226,"GoeblS1"
"GoeblS1",685.099975585938,227,"GoeblS1"
"GoeblS1",708.72998046875,228,"GoeblS1"
"GoeblS1",552.359985351562,229,"GoeblS1"
"GoeblS1",565,230,"GoeblS1"
"GoeblS1",717.359985351562,231,"GoeblS1"
"GoeblS1",1356.58996582031,232,"GoeblS1"
"GoeblS1",736.039978027344,233,"GoeblS1"
"GoeblS1",1011.09002685547,234,"GoeblS1"
"GoeblS1",1898.51000976562,235,"GoeblS1"
"GoeblS1",888.070007324219,236,"GoeblS1"
"GoeblS1",1210.89001464844,237,"GoeblS1"
"GoeblS1",1136.83996582031,238,"GoeblS1"
"GoeblS1",892.809997558594,239,"GoeblS1"
"GoeblS1",677.650024414062,240,"GoeblS1"
"GoeblS1",676.650024414062,241,"GoeblS1"
"GoeblS1",1073.7099609375,242,"GoeblS1"
"GoeblS1",681.650024414062,243,"GoeblS1"
"GoeblS1",758.049987792969,244,"GoeblS1"
"GoeblS1",769.659973144531,245,"GoeblS1"
"GoeblS1",799.419982910156,246,"GoeblS1"
"GoeblS1",858.919982910156,247,"GoeblS1"
"GoeblS1",1284.2900390625,248,"GoeblS1"
"GoeblS1",1074.05004882812,249,"GoeblS1"
"GoeblS1",835.099975585938,250,"GoeblS1"
"GoeblS1",850.530029296875,251,"GoeblS1"
"GoeblS1",1040.52001953125,252,"GoeblS1"
"GoeblS1",1077.93994140625,253,"GoeblS1"
"GoeblS1",919.780029296875,254,"GoeblS1"
"GoeblS1",1141.66003417969,255,"GoeblS1"
"GoeblS1",806.200012207031,256,"GoeblS1"
"GoeblS1",671.679992675781,257,"GoeblS1"
"GoeblS1",682.219970703125,258,"GoeblS1"
"GoeblS1",812.489990234375,259,"GoeblS1"
"GoeblS1",789.880004882812,260,"GoeblS1"
"GoeblS1",1116.31005859375,261,"GoeblS1"
"GoeblS1",609.669982910156,262,"GoeblS1"
"GoeblS1",580.010009765625,263,"GoeblS1"
"GoeblS1",688.030029296875,264,"GoeblS1"
"GoeblS1",1190.56994628906,265,"GoeblS1"
"GoeblS1",953.989990234375,266,"GoeblS1"
"GoeblS1",643.799987792969,267,"GoeblS1"
"GoeblS1",725.590026855469,268,"GoeblS1"
"GoeblS1",744.849975585938,269,"GoeblS1"
"GoeblS1",761.090026855469,270,"GoeblS1"
"GoeblS1",1096.92004394531,271,"GoeblS1"
"GoeblS1",942.320007324219,272,"GoeblS1"
"GoeblS1",998.349975585938,273,"GoeblS1"
"GoeblS1",1299.47998046875,274,"GoeblS1"
"GoeblS1",632.330017089844,275,"GoeblS1"
"GoeblS1",620.349975585938,276,"GoeblS1"
"GoeblS1",1182.68005371094,277,"GoeblS1"
"GoeblS1",560.549987792969,278,"GoeblS1"
"GoeblS1",690.890014648438,279,"GoeblS1"
"GoeblS1",737.510009765625,280,"GoeblS1"
"GoeblS1",753.280029296875,281,"GoeblS1"
"GoeblS1",891.710021972656,282,"GoeblS1"
"GoeblS1",945.02001953125,283,"GoeblS1"
"GoeblS1",1007.71997070312,284,"GoeblS1"
"GoeblS1",1009.77001953125,285,"GoeblS1"
"GoeblS1",820.640014648438,286,"GoeblS1"
"GoeblS1",975.669982910156,287,"GoeblS1"
"GoeblS1",616.690002441406,288,"GoeblS1"
"GoeblS1",776.580017089844,289,"GoeblS1"
"GoeblS1",694.099975585938,290,"GoeblS1"
"GoeblS1",880.679992675781,291,"GoeblS1"
"GoeblS1",838.419982910156,292,"GoeblS1"
"GoeblS1",779.599975585938,293,"GoeblS1"
"GoeblS1",690.619995117188,294,"GoeblS1"
"GoeblS1",821.369995117188,295,"GoeblS1"
"GoeblS1",876.950012207031,296,"GoeblS1"
"GoeblS1",755.400024414062,297,"GoeblS1"
"GoeblS1",793.580017089844,298,"GoeblS1"
"GoeblS1",538.849975585938,299,"GoeblS1"
"GoeblS1",536.690002441406,300,"GoeblS1"
"GoeblS1",644.02001953125,301,"GoeblS1"
"GoeblS1",730.809997558594,302,"GoeblS1"
"GoeblS1",1059.93994140625,303,"GoeblS1"
"GoeblS1",664.640014648438,304,"GoeblS1"
"GoeblS1",425.029998779297,305,"GoeblS1"
"GoeblS1",455.130004882812,306,"GoeblS1"
"GoeblS1",434.160003662109,307,"GoeblS1"
"GoeblS1",511.119995117188,308,"GoeblS1"
"GoeblS1",561.530029296875,309,"GoeblS1"
"GoeblS1",476.549987792969,310,"GoeblS1"
"GoeblS1",437.040008544922,311,"GoeblS1"
"GoeblS1",395.519989013672,312,"GoeblS1"
"GoeblS1",437.429992675781,313,"GoeblS1"
"GoeblS1",584.739990234375,314,"GoeblS1"
"GoeblS1",617.409973144531,315,"GoeblS1"
"GoeblS1",626.239990234375,316,"GoeblS1"
"GoeblS1",547.780029296875,317,"GoeblS1"
"GoeblS1",501.799987792969,318,"GoeblS1"
"GoeblS1",473.790008544922,319,"GoeblS1"
"GoeblS1",526.27001953125,320,"GoeblS1"
"GoeblS1",543.22998046875,321,"GoeblS1"
"GoeblS1",469.480010986328,322,"GoeblS1"
"GoeblS1",512.669982910156,323,"GoeblS1"
"GoeblS1",436.510009765625,324,"GoeblS1"
"GoeblS1",306.239990234375,325,"GoeblS1"
"GoeblS1",387.019989013672,326,"GoeblS1"
"GoeblS1",603.700012207031,327,"GoeblS1"
"GoeblS1",662.599975585938,328,"GoeblS1"
"GoeblS1",705.840026855469,329,"GoeblS1"
"GoeblS1",553.309997558594,330,"GoeblS1"
"GoeblS1",487.25,331,"GoeblS1"
"GoeblS1",540.679992675781,332,"GoeblS1"
"GoeblS1",319.25,333,"GoeblS1"
"GoeblS1",317.399993896484,334,"GoeblS1"
"GoeblS1",363.179992675781,335,"GoeblS1"
"GoeblS1",415.040008544922,336,"GoeblS1"
"GoeblS1",409.260009765625,337,"GoeblS1"
"GoeblS1",457.140014648438,338,"GoeblS1"
"GoeblS1",532.690002441406,339,"GoeblS1"
"GoeblS1",476.519989013672,340,"GoeblS1"
"GoeblS1",472.359985351562,341,"GoeblS1"
"GoeblS1",542.320007324219,342,"GoeblS1"
"GoeblS1",573.590026855469,343,"GoeblS1"
"GoeblS1",399.730010986328,344,"GoeblS1"
"GoeblS1",230.699996948242,345,"GoeblS1"
"GoeblS1",285.100006103516,346,"GoeblS1"
"GoeblS1",395.869995117188,347,"GoeblS1"
"GoeblS1",400.559997558594,348,"GoeblS1"
"GoeblS1",426.160003662109,349,"GoeblS1"
"GoeblS1",540.080017089844,350,"GoeblS1"
"GoeblS1",370.839996337891,351,"GoeblS1"
"GoeblS1",389.450012207031,352,"GoeblS1"
"GoeblS1",435.200012207031,353,"GoeblS1"
"GoeblS1",539.109985351562,354,"GoeblS1"
"GoeblS1",444.880004882812,355,"GoeblS1"
"GoeblS1",511.790008544922,356,"GoeblS1"
"GoeblS1",599.119995117188,357,"GoeblS1"
"GoeblS1",610.109985351562,358,"GoeblS1"
"GoeblS1",495.690002441406,359,"GoeblS1"
"GoeblS1",514.52001953125,360,"GoeblS1"
"GoeblS1",507.450012207031,361,"GoeblS1"
"GoeblS1",482.480010986328,362,"GoeblS1"
"GoeblS1",516.299987792969,363,"GoeblS1"
"GoeblS1",480.989990234375,364,"GoeblS1"
"GoeblS1",527.119995117188,365,"GoeblS1"
"Pearlwise",32284.3203125,1,"Pearlwise"
"Pearlwise",32329.619140625,2,"Pearlwise"
"Pearlwise",32378.619140625,3,"Pearlwise"
"Pearlwise",32431.279296875,4,"Pearlwise"
"Pearlwise",32487.5703125,5,"Pearlwise"
"Pearlwise",32547.439453125,6,"Pearlwise"
"Pearlwise",32610.83984375,7,"Pearlwise"
"Pearlwise",32677.740234375,8,"Pearlwise"
"Pearlwise",32748.080078125,9,"Pearlwise"
"Pearlwise",32821.8203125,10,"Pearlwise"
"Pearlwise",32898.890625,11,"Pearlwise"
"Pearlwise",32979.26171875,12,"Pearlwise"
"Pearlwise",33062.87109375,13,"Pearlwise"
"Pearlwise",33149.6484375,14,"Pearlwise"
"Pearlwise",33239.55859375,15,"Pearlwise"
"Pearlwise",33332.53125,16,"Pearlwise"
"Pearlwise",33428.51171875,17,"Pearlwise"
"Pearlwise",33527.4296875,18,"Pearlwise"
"Pearlwise",33629.23046875,19,"Pearlwise"
"Pearlwise",33733.859375,20,"Pearlwise"
"Pearlwise",33841.23828125,21,"Pearlwise"
"Pearlwise",33951.328125,22,"Pearlwise"
"Pearlwise",34064.05078125,23,"Pearlwise"
"Pearlwise",34179.33984375,24,"Pearlwise"
"Pearlwise",34297.12890625,25,"Pearlwise"
"Pearlwise",34417.37890625,26,"Pearlwise"
"Pearlwise",34540,27,"Pearlwise"
"Pearlwise",34664.94140625,28,"Pearlwise"
"Pearlwise",34792.140625,29,"Pearlwise"
"Pearlwise",34921.53125,30,"Pearlwise"
"Pearlwise",35053.05078125,31,"Pearlwise"
"Pearlwise",35186.640625,32,"Pearlwise"
"Pearlwise",35322.23828125,33,"Pearlwise"
"Pearlwise",35459.78125,34,"Pearlwise"
"Pearlwise",35599.21875,35,"Pearlwise"
"Pearlwise",35740.48046875,36,"Pearlwise"
"Pearlwise",35883.51171875,37,"Pearlwise"
"Pearlwise",36028.25,38,"Pearlwise"
"Pearlwise",36174.640625,39,"Pearlwise"
"Pearlwise",36322.640625,40,"Pearlwise"
"Pearlwise",36472.171875,41,"Pearlwise"
"Pearlwise",36623.19921875,42,"Pearlwise"
"Pearlwise",36775.66015625,43,"Pearlwise"
"Pearlwise",36929.51171875,44,"Pearlwise"
"Pearlwise",37084.6796875,45,"Pearlwise"
"Pearlwise",37241.140625,46,"Pearlwise"
"Pearlwise",37398.828125,47,"Pearlwise"
"Pearlwise",37557.7109375,48,"Pearlwise"
"Pearlwise",37717.7109375,49,"Pearlwise"
"Pearlwise",37878.80859375,50,"Pearlwise"
"Pearlwise",38040.94921875,51,"Pearlwise"
"Pearlwise",38204.08984375,52,"Pearlwise"
"Pearlwise",38368.19140625,53,"Pearlwise"
"Pearlwise",38533.19921875,54,"Pearlwise"
"Pearlwise",38699.078125,55,"Pearlwise"
"Pearlwise",38865.7890625,56,"Pearlwise"
"Pearlwise",39033.2890625,57,"Pearlwise"
"Pearlwise",39201.5390625,58,"Pearlwise"
"Pearlwise",39370.5,59,"Pearlwise"
"Pearlwise",39540.140625,60,"Pearlwise"
"Pearlwise",39710.421875,61,"Pearlwise"
"Pearlwise",39881.30859375,62,"Pearlwise"
"Pearlwise",40052.76171875,63,"Pearlwise"
"Pearlwise",40224.73828125,64,"Pearlwise"
"Pearlwise",40397.23046875,65,"Pearlwise"
"Pearlwise",40570.1796875,66,"Pearlwise"
"Pearlwise",40743.5703125,67,"Pearlwise"
"Pearlwise",40917.37109375,68,"Pearlwise"
"Pearlwise",41091.53125,69,"Pearlwise"
"Pearlwise",41266.0390625,70,"Pearlwise"
"Pearlwise",41440.859375,71,"Pearlwise"
"Pearlwise",41615.9609375,72,"Pearlwise"
"Pearlwise",41791.30859375,73,"Pearlwise"
"Pearlwise",41966.890625,74,"Pearlwise"
"Pearlwise",42142.66015625,75,"Pearlwise"
"Pearlwise",42318.6015625,76,"Pearlwise"
"Pearlwise",42494.671875,77,"Pearlwise"
"Pearlwise",42670.859375,78,"Pearlwise"
"Pearlwise",42847.12890625,79,"Pearlwise"
"Pearlwise",43023.44921875,80,"Pearlwise"
"Pearlwise",43199.80859375,81,"Pearlwise"
"Pearlwise",43376.16015625,82,"Pearlwise"
"Pearlwise",43552.48046875,83,"Pearlwise"
"Pearlwise",43728.75,84,"Pearlwise"
"Pearlwise",43904.94140625,85,"Pearlwise"
"Pearlwise",44081.01953125,86,"Pearlwise"
"Pearlwise",44256.9609375,87,"Pearlwise"
"Pearlwise",44432.73046875,88,"Pearlwise"
"Pearlwise",44608.30078125,89,"Pearlwise"
"Pearlwise",44783.66015625,90,"Pearlwise"
"Pearlwise",44958.76171875,91,"Pearlwise"
"Pearlwise",45133.578125,92,"Pearlwise"
"Pearlwise",45308.08984375,93,"Pearlwise"
"Pearlwise",45482.25,94,"Pearlwise"
"Pearlwise",45656.05078125,95,"Pearlwise"
"Pearlwise",45829.44140625,96,"Pearlwise"
"Pearlwise",46002.390625,97,"Pearlwise"
"Pearlwise",46174.87890625,98,"Pearlwise"
"Pearlwise",46346.87109375,99,"Pearlwise"
"Pearlwise",46518.3203125,100,"Pearlwise"
"Pearlwise",46689.19921875,101,"Pearlwise"
"Pearlwise",46859.48046875,102,"Pearlwise"
"Pearlwise",47029.12890625,103,"Pearlwise"
"Pearlwise",47198.08984375,104,"Pearlwise"
"Pearlwise",47366.33984375,105,"Pearlwise"
"Pearlwise",47533.8515625,106,"Pearlwise"
"Pearlwise",47700.55859375,107,"Pearlwise"
"Pearlwise",47866.44140625,108,"Pearlwise"
"Pearlwise",48031.44921875,109,"Pearlwise"
"Pearlwise",48195.55078125,110,"Pearlwise"
"Pearlwise",48358.69140625,111,"Pearlwise"
"Pearlwise",48520.828125,112,"Pearlwise"
"Pearlwise",48681.9296875,113,"Pearlwise"
"Pearlwise",48841.94921875,114,"Pearlwise"
"Pearlwise",49000.8203125,115,"Pearlwise"
"Pearlwise",49158.51171875,116,"Pearlwise"
"Pearlwise",49314.98046875,117,"Pearlwise"
"Pearlwise",49470.16015625,118,"Pearlwise"
"Pearlwise",49624,119,"Pearlwise"
"Pearlwise",49776.46875,120,"Pearlwise"
"Pearlwise",49927.5,121,"Pearlwise"
"Pearlwise",50077.0390625,122,"Pearlwise"
"Pearlwise",50225.0390625,123,"Pearlwise"
"Pearlwise",50371.44140625,124,"Pearlwise"
"Pearlwise",50516.1796875,125,"Pearlwise"
"Pearlwise",50659.2109375,126,"Pearlwise"
"Pearlwise",50800.48046875,127,"Pearlwise"
"Pearlwise",50939.91015625,128,"Pearlwise"
"Pearlwise",51077.4609375,129,"Pearlwise"
"Pearlwise",51213.05859375,130,"Pearlwise"
"Pearlwise",51346.66015625,131,"Pearlwise"
"Pearlwise",51478.1796875,132,"Pearlwise"
"Pearlwise",51607.578125,133,"Pearlwise"
"Pearlwise",51734.78125,134,"Pearlwise"
"Pearlwise",51859.73046875,135,"Pearlwise"
"Pearlwise",51982.359375,136,"Pearlwise"
"Pearlwise",52102.609375,137,"Pearlwise"
"Pearlwise",52220.41015625,138,"Pearlwise"
"Pearlwise",52335.69921875,139,"Pearlwise"
"Pearlwise",52448.4296875,140,"Pearlwise"
"Pearlwise",52558.51953125,141,"Pearlwise"
"Pearlwise",52665.91015625,142,"Pearlwise"
"Pearlwise",52770.5390625,143,"Pearlwise"
"Pearlwise",52872.3515625,144,"Pearlwise"
"Pearlwise",52971.28125,145,"Pearlwise"
"Pearlwise",53067.26171875,146,"Pearlwise"
"Pearlwise",53160.23828125,147,"Pearlwise"
"Pearlwise",53250.1484375,148,"Pearlwise"
"Pearlwise",53336.94921875,149,"Pearlwise"
"Pearlwise",53420.55859375,150,"Pearlwise"
"Pearlwise",53500.9296875,151,"Pearlwise"
"Pearlwise",53578.01953125,152,"Pearlwise"
"Pearlwise",53651.76171875,153,"Pearlwise"
"Pearlwise",53722.109375,154,"Pearlwise"
"Pearlwise",53789.01953125,155,"Pearlwise"
"Pearlwise",53852.4296875,156,"Pearlwise"
"Pearlwise",53912.30078125,157,"Pearlwise"
"Pearlwise",53968.6015625,158,"Pearlwise"
"Pearlwise",54021.26953125,159,"Pearlwise"
"Pearlwise",54070.28125,160,"Pearlwise"
"Pearlwise",54115.578125,161,"Pearlwise"
"Pearlwise",54157.16015625,162,"Pearlwise"
"Pearlwise",54194.96875,163,"Pearlwise"
"Pearlwise",54228.98046875,164,"Pearlwise"
"Pearlwise",54259.171875,165,"Pearlwise"
"Pearlwise",54285.51953125,166,"Pearlwise"
"Pearlwise",54308.01171875,167,"Pearlwise"
"Pearlwise",54326.609375,168,"Pearlwise"
"Pearlwise",54341.30859375,169,"Pearlwise"
"Pearlwise",54352.1015625,170,"Pearlwise"
"Pearlwise",54358.98046875,171,"Pearlwise"
"Pearlwise",54361.9296875,172,"Pearlwise"
"Pearlwise",54360.9609375,173,"Pearlwise"
"Pearlwise",54356.05859375,174,"Pearlwise"
"Pearlwise",54347.23828125,175,"Pearlwise"
"Pearlwise",54334.51171875,176,"Pearlwise"
"Pearlwise",54317.87890625,177,"Pearlwise"
"Pearlwise",54297.3515625,178,"Pearlwise"
"Pearlwise",54272.94921875,179,"Pearlwise"
"Pearlwise",54244.69140625,180,"Pearlwise"
"Pearlwise",54212.6015625,181,"Pearlwise"
"Pearlwise",54176.69921875,182,"Pearlwise"
"Pearlwise",54137.01953125,183,"Pearlwise"
"Pearlwise",54093.58984375,184,"Pearlwise"
"Pearlwise",54046.44921875,185,"Pearlwise"
"Pearlwise",53995.62109375,186,"Pearlwise"
"Pearlwise",53941.1484375,187,"Pearlwise"
"Pearlwise",53883.0703125,188,"Pearlwise"
"Pearlwise",53821.44140625,189,"Pearlwise"
"Pearlwise",53756.2890625,190,"Pearlwise"
"Pearlwise",53687.671875,191,"Pearlwise"
"Pearlwise",53615.640625,192,"Pearlwise"
"Pearlwise",53540.23046875,193,"Pearlwise"
"Pearlwise",53461.51171875,194,"Pearlwise"
"Pearlwise",53379.51953125,195,"Pearlwise"
"Pearlwise",53294.3203125,196,"Pearlwise"
"Pearlwise",53205.98046875,197,"Pearlwise"
"Pearlwise",53114.5390625,198,"Pearlwise"
"Pearlwise",53020.05859375,199,"Pearlwise"
"Pearlwise",52922.609375,200,"Pearlwise"
"Pearlwise",52822.25,201,"Pearlwise"
"Pearlwise",52719.03125,202,"Pearlwise"
"Pearlwise",52613.01953125,203,"Pearlwise"
"Pearlwise",52504.2890625,204,"Pearlwise"
"Pearlwise",52392.87890625,205,"Pearlwise"
"Pearlwise",52278.87890625,206,"Pearlwise"
"Pearlwise",52162.328125,207,"Pearlwise"
"Pearlwise",52043.30859375,208,"Pearlwise"
"Pearlwise",51921.87109375,209,"Pearlwise"
"Pearlwise",51798.08984375,210,"Pearlwise"
"Pearlwise",51672.01953125,211,"Pearlwise"
"Pearlwise",51543.71875,212,"Pearlwise"
"Pearlwise",51413.26171875,213,"Pearlwise"
"Pearlwise",51280.69921875,214,"Pearlwise"
"Pearlwise",51146.1015625,215,"Pearlwise"
"Pearlwise",51009.53125,216,"Pearlwise"
"Pearlwise",50871.0390625,217,"Pearlwise"
"Pearlwise",50730.69140625,218,"Pearlwise"
"Pearlwise",50588.5390625,219,"Pearlwise"
"Pearlwise",50444.6484375,220,"Pearlwise"
"Pearlwise",50299.078125,221,"Pearlwise"
"Pearlwise",50151.87890625,222,"Pearlwise"
"Pearlwise",50003.109375,223,"Pearlwise"
"Pearlwise",49852.828125,224,"Pearlwise"
"Pearlwise",49701.078125,225,"Pearlwise"
"Pearlwise",49547.921875,226,"Pearlwise"
"Pearlwise",49393.41015625,227,"Pearlwise"
"Pearlwise",49237.58984375,228,"Pearlwise"
"Pearlwise",49080.51171875,229,"Pearlwise"
"Pearlwise",48922.21875,230,"Pearlwise"
"Pearlwise",48762.78125,231,"Pearlwise"
"Pearlwise",48602.21875,232,"Pearlwise"
"Pearlwise",48440.6015625,233,"Pearlwise"
"Pearlwise",48277.9609375,234,"Pearlwise"
"Pearlwise",48114.328125,235,"Pearlwise"
"Pearlwise",47949.78125,236,"Pearlwise"
"Pearlwise",47784.328125,237,"Pearlwise"
"Pearlwise",47618.03125,238,"Pearlwise"
"Pearlwise",47450.921875,239,"Pearlwise"
"Pearlwise",47283.05078125,240,"Pearlwise"
"Pearlwise",47114.4296875,241,"Pearlwise"
"Pearlwise",46945.12890625,242,"Pearlwise"
"Pearlwise",46775.171875,243,"Pearlwise"
"Pearlwise",46604.578125,244,"Pearlwise"
"Pearlwise",46433.41015625,245,"Pearlwise"
"Pearlwise",46261.69140625,246,"Pearlwise"
"Pearlwise",46089.44921875,247,"Pearlwise"
"Pearlwise",45916.73046875,248,"Pearlwise"
"Pearlwise",45743.55078125,249,"Pearlwise"
"Pearlwise",45569.9609375,250,"Pearlwise"
"Pearlwise",45395.98046875,251,"Pearlwise"
"Pearlwise",45221.640625,252,"Pearlwise"
"Pearlwise",45046.96875,253,"Pearlwise"
"Pearlwise",44872.01171875,254,"Pearlwise"
"Pearlwise",44696.78125,255,"Pearlwise"
"Pearlwise",44521.30859375,256,"Pearlwise"
"Pearlwise",44345.62890625,257,"Pearlwise"
"Pearlwise",44169.78125,258,"Pearlwise"
"Pearlwise",43993.76953125,259,"Pearlwise"
"Pearlwise",43817.62890625,260,"Pearlwise"
"Pearlwise",43641.3984375,261,"Pearlwise"
"Pearlwise",43465.1015625,262,"Pearlwise"
"Pearlwise",43288.76171875,263,"Pearlwise"
"Pearlwise",43112.3984375,264,"Pearlwise"
"Pearlwise",42936.05859375,265,"Pearlwise"
"Pearlwise",42759.76171875,266,"Pearlwise"
"Pearlwise",42583.53125,267,"Pearlwise"
"Pearlwise",42407.390625,268,"Pearlwise"
"Pearlwise",42231.37890625,269,"Pearlwise"
"Pearlwise",42055.51953125,270,"Pearlwise"
"Pearlwise",41879.83984375,271,"Pearlwise"
"Pearlwise",41704.37109375,272,"Pearlwise"
"Pearlwise",41529.140625,273,"Pearlwise"
"Pearlwise",41354.1796875,274,"Pearlwise"
"Pearlwise",41179.51171875,275,"Pearlwise"
"Pearlwise",41005.171875,276,"Pearlwise"
"Pearlwise",40831.1796875,277,"Pearlwise"
"Pearlwise",40657.58984375,278,"Pearlwise"
"Pearlwise",40484.41015625,279,"Pearlwise"
"Pearlwise",40311.6796875,280,"Pearlwise"
"Pearlwise",40139.44140625,281,"Pearlwise"
"Pearlwise",39967.7109375,282,"Pearlwise"
"Pearlwise",39796.5390625,283,"Pearlwise"
"Pearlwise",39625.94921875,284,"Pearlwise"
"Pearlwise",39455.98046875,285,"Pearlwise"
"Pearlwise",39286.671875,286,"Pearlwise"
"Pearlwise",39118.05859375,287,"Pearlwise"
"Pearlwise",38950.171875,288,"Pearlwise"
"Pearlwise",38783.05859375,289,"Pearlwise"
"Pearlwise",38616.76171875,290,"Pearlwise"
"Pearlwise",38451.30078125,291,"Pearlwise"
"Pearlwise",38286.73828125,292,"Pearlwise"
"Pearlwise",38123.12109375,293,"Pearlwise"
"Pearlwise",37960.4609375,294,"Pearlwise"
"Pearlwise",37798.828125,295,"Pearlwise"
"Pearlwise",37638.26953125,296,"Pearlwise"
"Pearlwise",37478.8203125,297,"Pearlwise"
"Pearlwise",37320.53125,298,"Pearlwise"
"Pearlwise",37163.44140625,299,"Pearlwise"
"Pearlwise",37007.609375,300,"Pearlwise"
"Pearlwise",36853.08984375,301,"Pearlwise"
"Pearlwise",36699.921875,302,"Pearlwise"
"Pearlwise",36548.16015625,303,"Pearlwise"
"Pearlwise",36397.87109375,304,"Pearlwise"
"Pearlwise",36249.08984375,305,"Pearlwise"
"Pearlwise",36101.87890625,306,"Pearlwise"
"Pearlwise",35956.30078125,307,"Pearlwise"
"Pearlwise",35812.3984375,308,"Pearlwise"
"Pearlwise",35670.23828125,309,"Pearlwise"
"Pearlwise",35529.87890625,310,"Pearlwise"
"Pearlwise",35391.37109375,311,"Pearlwise"
"Pearlwise",35254.7890625,312,"Pearlwise"
"Pearlwise",35120.1796875,313,"Pearlwise"
"Pearlwise",34987.6015625,314,"Pearlwise"
"Pearlwise",34857.12890625,315,"Pearlwise"
"Pearlwise",34728.8203125,316,"Pearlwise"
"Pearlwise",34602.73046875,317,"Pearlwise"
"Pearlwise",34478.9296875,318,"Pearlwise"
"Pearlwise",34357.48046875,319,"Pearlwise"
"Pearlwise",34238.44140625,320,"Pearlwise"
"Pearlwise",34121.87890625,321,"Pearlwise"
"Pearlwise",34007.859375,322,"Pearlwise"
"Pearlwise",33896.4296875,323,"Pearlwise"
"Pearlwise",33787.6796875,324,"Pearlwise"
"Pearlwise",33681.6484375,325,"Pearlwise"
"Pearlwise",33578.421875,326,"Pearlwise"
"Pearlwise",33478.03125,327,"Pearlwise"
"Pearlwise",33380.5703125,328,"Pearlwise"
"Pearlwise",33286.0703125,329,"Pearlwise"
"Pearlwise",33194.609375,330,"Pearlwise"
"Pearlwise",33106.25,331,"Pearlwise"
"Pearlwise",33021.03125,332,"Pearlwise"
"Pearlwise",32939.01953125,333,"Pearlwise"
"Pearlwise",32860.28125,334,"Pearlwise"
"Pearlwise",32784.8515625,335,"Pearlwise"
"Pearlwise",32712.7890625,336,"Pearlwise"
"Pearlwise",32644.150390625,337,"Pearlwise"
"Pearlwise",32578.98046875,338,"Pearlwise"
"Pearlwise",32517.3203125,339,"Pearlwise"
"Pearlwise",32459.220703125,340,"Pearlwise"
"Pearlwise",32404.73046875,341,"Pearlwise"
"Pearlwise",32353.880859375,342,"Pearlwise"
"Pearlwise",32306.69921875,343,"Pearlwise"
"Pearlwise",32263.25,344,"Pearlwise"
"Pearlwise",32223.55078125,345,"Pearlwise"
"Pearlwise",32187.619140625,346,"Pearlwise"
"Pearlwise",32155.509765625,347,"Pearlwise"
"Pearlwise",32127.23046875,348,"Pearlwise"
"Pearlwise",32102.80078125,349,"Pearlwise"
"Pearlwise",32082.25,350,"Pearlwise"
"Pearlwise",32065.58984375,351,"Pearlwise"
"Pearlwise",32052.830078125,352,"Pearlwise"
"Pearlwise",32043.98046875,353,"Pearlwise"
"Pearlwise",32039.060546875,354,"Pearlwise"
"Pearlwise",32038.060546875,355,"Pearlwise"
"Pearlwise",32040.990234375,356,"Pearlwise"
"Pearlwise",32047.83984375,357,"Pearlwise"
"Pearlwise",32058.609375,358,"Pearlwise"
"Pearlwise",32073.279296875,359,"Pearlwise"
"Pearlwise",32091.859375,360,"Pearlwise"
"Pearlwise",32114.3203125,361,"Pearlwise"
"Pearlwise",32140.640625,362,"Pearlwise"
"Pearlwise",32170.810546875,363,"Pearlwise"
"Pearlwise",32204.80078125,364,"Pearlwise"
"Pearlwise",32242.580078125,365,"Pearlwise"
"Pearlwise",0,1,"Pearlwise"
"Pearlwise",2.58999991416931,2,"Pearlwise"
"Pearlwise",5.48000001907349,3,"Pearlwise"
"Pearlwise",3.38000011444092,4,"Pearlwise"
"Pearlwise",0,5,"Pearlwise"
"Pearlwise",7.76999998092651,6,"Pearlwise"
"Pearlwise",2.3199999332428,7,"Pearlwise"
"Pearlwise",1.74000000953674,8,"Pearlwise"
"Pearlwise",0,9,"Pearlwise"
"Pearlwise",3.42000007629395,10,"Pearlwise"
"Pearlwise",0.0700000002980232,11,"Pearlwise"
"Pearlwise",1.49000000953674,12,"Pearlwise"
"Pearlwise",33.9599990844727,13,"Pearlwise"
"Pearlwise",1.73000001907349,14,"Pearlwise"
"Pearlwise",0,15,"Pearlwise"
"Pearlwise",7.84000015258789,16,"Pearlwise"
"Pearlwise",4.44999980926514,17,"Pearlwise"
"Pearlwise",0,18,"Pearlwise"
"Pearlwise",0,19,"Pearlwise"
"Pearlwise",0.389999985694885,20,"Pearlwise"
"Pearlwise",4.65000009536743,21,"Pearlwise"
"Pearlwise",6.32999992370605,22,"Pearlwise"
"Pearlwise",2.53999996185303,23,"Pearlwise"
"Pearlwise",2.74000000953674,24,"Pearlwise"
"Pearlwise",0.860000014305115,25,"Pearlwise"
"Pearlwise",10.3199996948242,26,"Pearlwise"
"Pearlwise",0,27,"Pearlwise"
"Pearlwise",0,28,"Pearlwise"
"Pearlwise",0,29,"Pearlwise"
"Pearlwise",0,30,"Pearlwise"
"Pearlwise",0.680000007152557,31,"Pearlwise"
"Pearlwise",3.17000007629395,32,"Pearlwise"
"Pearlwise",0.660000026226044,33,"Pearlwise"
"Pearlwise",0,34,"Pearlwise"
"Pearlwise",6.44999980926514,35,"Pearlwise"
"Pearlwise",0,36,"Pearlwise"
"Pearlwise",0,37,"Pearlwise"
"Pearlwise",0,38,"Pearlwise"
"Pearlwise",1.47000002861023,39,"Pearlwise"
"Pearlwise",3.90000009536743,40,"Pearlwise"
"Pearlwise",0,41,"Pearlwise"
"Pearlwise",0,42,"Pearlwise"
"Pearlwise",0,43,"Pearlwise"
"Pearlwise",0,44,"Pearlwise"
"Pearlwise",2.6800000667572,45,"Pearlwise"
"Pearlwise",5.26000022888184,46,"Pearlwise"
"Pearlwise",0,47,"Pearlwise"
"Pearlwise",4.40999984741211,48,"Pearlwise"
"Pearlwise",2.5699999332428,49,"Pearlwise"
"Pearlwise",0,50,"Pearlwise"
"Pearlwise",0,51,"Pearlwise"
"Pearlwise",0,52,"Pearlwise"
"Pearlwise",0,53,"Pearlwise"
"Pearlwise",0,54,"Pearlwise"
"Pearlwise",0,55,"Pearlwise"
"Pearlwise",0,56,"Pearlwise"
"Pearlwise",14.9899997711182,57,"Pearlwise"
"Pearlwise",0,58,"Pearlwise"
"Pearlwise",0,59,"Pearlwise"
"Pearlwise",7.01999998092651,60,"Pearlwise"
"Pearlwise",6.90999984741211,61,"Pearlwise"
"Pearlwise",3.85999989509583,62,"Pearlwise"
"Pearlwise",2.75,63,"Pearlwise"
"Pearlwise",2.92000007629395,64,"Pearlwise"
"Pearlwise",25.9099998474121,65,"Pearlwise"
"Pearlwise",2.10999989509583,66,"Pearlwise"
"Pearlwise",0,67,"Pearlwise"
"Pearlwise",0,68,"Pearlwise"
"Pearlwise",0,69,"Pearlwise"
"Pearlwise",0,70,"Pearlwise"
"Pearlwise",9.36999988555908,71,"Pearlwise"
"Pearlwise",3.94000005722046,72,"Pearlwise"
"Pearlwise",0,73,"Pearlwise"
"Pearlwise",0,74,"Pearlwise"
"Pearlwise",0,75,"Pearlwise"
"Pearlwise",0,76,"Pearlwise"
"Pearlwise",0,77,"Pearlwise"
"Pearlwise",0,78,"Pearlwise"
"Pearlwise",0,79,"Pearlwise"
"Pearlwise",0,80,"Pearlwise"
"Pearlwise",0,81,"Pearlwise"
"Pearlwise",0,82,"Pearlwise"
"Pearlwise",9.52000045776367,83,"Pearlwise"
"Pearlwise",0,84,"Pearlwise"
"Pearlwise",0.649999976158142,85,"Pearlwise"
"Pearlwise",0,86,"Pearlwise"
"Pearlwise",10.2799997329712,87,"Pearlwise"
"Pearlwise",3.50999999046326,88,"Pearlwise"
"Pearlwise",0,89,"Pearlwise"
"Pearlwise",0,90,"Pearlwise"
"Pearlwise",0,91,"Pearlwise"
"Pearlwise",0,92,"Pearlwise"
"Pearlwise",0,93,"Pearlwise"
"Pearlwise",10.25,94,"Pearlwise"
"Pearlwise",0,95,"Pearlwise"
"Pearlwise",6.44999980926514,96,"Pearlwise"
"Pearlwise",0,97,"Pearlwise"
"Pearlwise",0,98,"Pearlwise"
"Pearlwise",0,99,"Pearlwise"
"Pearlwise",0,100,"Pearlwise"
"Pearlwise",0,101,"Pearlwise"
"Pearlwise",0,102,"Pearlwise"
"Pearlwise",0,103,"Pearlwise"
"Pearlwise",0,104,"Pearlwise"
"Pearlwise",5.90000009536743,105,"Pearlwise"
"Pearlwise",0,106,"Pearlwise"
"Pearlwise",0,107,"Pearlwise"
"Pearlwise",0,108,"Pearlwise"
"Pearlwise",0,109,"Pearlwise"
"Pearlwise",0,110,"Pearlwise"
"Pearlwise",0,111,"Pearlwise"
"Pearlwise",0,112,"Pearlwise"
"Pearlwise",0,113,"Pearlwise"
"Pearlwise",0,114,"Pearlwise"
"Pearlwise",0,115,"Pearlwise"
"Pearlwise",2.47000002861023,116,"Pearlwise"
"Pearlwise",5.21999979019165,117,"Pearlwise"
"Pearlwise",0,118,"Pearlwise"
"Pearlwise",0,119,"Pearlwise"
"Pearlwise",0,120,"Pearlwise"
"Pearlwise",0,121,"Pearlwise"
"Pearlwise",0,122,"Pearlwise"
"Pearlwise",1.97000002861023,123,"Pearlwise"
"Pearlwise",0,124,"Pearlwise"
"Pearlwise",9.48999977111816,125,"Pearlwise"
"Pearlwise",28.6499996185303,126,"Pearlwise"
"Pearlwise",0,127,"Pearlwise"
"Pearlwise",0,128,"Pearlwise"
"Pearlwise",0,129,"Pearlwise"
"Pearlwise",0,130,"Pearlwise"
"Pearlwise",0,131,"Pearlwise"
"Pearlwise",0,132,"Pearlwise"
"Pearlwise",0,133,"Pearlwise"
"Pearlwise",0,134,"Pearlwise"
"Pearlwise",0,135,"Pearlwise"
"Pearlwise",0,136,"Pearlwise"
"Pearlwise",0,137,"Pearlwise"
"Pearlwise",0,138,"Pearlwise"
"Pearlwise",0,139,"Pearlwise"
"Pearlwise",0,140,"Pearlwise"
"Pearlwise",0,141,"Pearlwise"
"Pearlwise",0,142,"Pearlwise"
"Pearlwise",0,143,"Pearlwise"
"Pearlwise",0,144,"Pearlwise"
"Pearlwise",0,145,"Pearlwise"
"Pearlwise",0,146,"Pearlwise"
"Pearlwise",0,147,"Pearlwise"
"Pearlwise",0,148,"Pearlwise"
"Pearlwise",0,149,"Pearlwise"
"Pearlwise",0,150,"Pearlwise"
"Pearlwise",0,151,"Pearlwise"
"Pearlwise",0,152,"Pearlwise"
"Pearlwise",0,153,"Pearlwise"
"Pearlwise",0,154,"Pearlwise"
"Pearlwise",0,155,"Pearlwise"
"Pearlwise",0,156,"Pearlwise"
"Pearlwise",0,157,"Pearlwise"
"Pearlwise",0,158,"Pearlwise"
"Pearlwise",0,159,"Pearlwise"
"Pearlwise",12.1800003051758,160,"Pearlwise"
"Pearlwise",20.3199996948242,161,"Pearlwise"
"Pearlwise",0,162,"Pearlwise"
"Pearlwise",0,163,"Pearlwise"
"Pearlwise",0,164,"Pearlwise"
"Pearlwise",0,165,"Pearlwise"
"Pearlwise",0,166,"Pearlwise"
"Pearlwise",0,167,"Pearlwise"
"Pearlwise",0,168,"Pearlwise"
"Pearlwise",0,169,"Pearlwise"
"Pearlwise",0,170,"Pearlwise"
"Pearlwise",0,171,"Pearlwise"
"Pearlwise",0,172,"Pearlwise"
"Pearlwise",0,173,"Pearlwise"
"Pearlwise",0,174,"Pearlwise"
"Pearlwise",0,175,"Pearlwise"
"Pearlwise",0,176,"Pearlwise"
"Pearlwise",0,177,"Pearlwise"
"Pearlwise",0,178,"Pearlwise"
"Pearlwise",0,179,"Pearlwise"
"Pearlwise",0,180,"Pearlwise"
"Pearlwise",0,181,"Pearlwise"
"Pearlwise",0,182,"Pearlwise"
"Pearlwise",0,183,"Pearlwise"
"Pearlwise",0,184,"Pearlwise"
"Pearlwise",0,185,"Pearlwise"
"Pearlwise",0,186,"Pearlwise"
"Pearlwise",0,187,"Pearlwise"
"Pearlwise",0,188,"Pearlwise"
"Pearlwise",0,189,"Pearlwise"
"Pearlwise",0,190,"Pearlwise"
"Pearlwise",0,191,"Pearlwise"
"Pearlwise",0,192,"Pearlwise"
"Pearlwise",0,193,"Pearlwise"
"Pearlwise",0,194,"Pearlwise"
"Pearlwise",0,195,"Pearlwise"
"Pearlwise",0,196,"Pearlwise"
"Pearlwise",0,197,"Pearlwise"
"Pearlwise",0,198,"Pearlwise"
"Pearlwise",0,199,"Pearlwise"
"Pearlwise",0,200,"Pearlwise"
"Pearlwise",0,201,"Pearlwise"
"Pearlwise",0,202,"Pearlwise"
"Pearlwise",0,203,"Pearlwise"
"Pearlwise",0,204,"Pearlwise"
"Pearlwise",0,205,"Pearlwise"
"Pearlwise",0,206,"Pearlwise"
"Pearlwise",0,207,"Pearlwise"
"Pearlwise",0,208,"Pearlwise"
"Pearlwise",0,209,"Pearlwise"
"Pearlwise",0,210,"Pearlwise"
"Pearlwise",0,211,"Pearlwise"
"Pearlwise",0,212,"Pearlwise"
"Pearlwise",0,213,"Pearlwise"
"Pearlwise",0,214,"Pearlwise"
"Pearlwise",0,215,"Pearlwise"
"Pearlwise",2.32999992370605,216,"Pearlwise"
"Pearlwise",0,217,"Pearlwise"
"Pearlwise",0,218,"Pearlwise"
"Pearlwise",0,219,"Pearlwise"
"Pearlwise",0,220,"Pearlwise"
"Pearlwise",0,221,"Pearlwise"
"Pearlwise",0,222,"Pearlwise"
"Pearlwise",0,223,"Pearlwise"
"Pearlwise",0,224,"Pearlwise"
"Pearlwise",0,225,"Pearlwise"
"Pearlwise",0,226,"Pearlwise"
"Pearlwise",0,227,"Pearlwise"
"Pearlwise",0,228,"Pearlwise"
"Pearlwise",0,229,"Pearlwise"
"Pearlwise",0,230,"Pearlwise"
"Pearlwise",0,231,"Pearlwise"
"Pearlwise",0,232,"Pearlwise"
"Pearlwise",0,233,"Pearlwise"
"Pearlwise",0,234,"Pearlwise"
"Pearlwise",0,235,"Pearlwise"
"Pearlwise",0,236,"Pearlwise"
"Pearlwise",4.55999994277954,237,"Pearlwise"
"Pearlwise",0,238,"Pearlwise"
"Pearlwise",0,239,"Pearlwise"
"Pearlwise",0,240,"Pearlwise"
"Pearlwise",0,241,"Pearlwise"
"Pearlwise",0,242,"Pearlwise"
"Pearlwise",0,243,"Pearlwise"
"Pearlwise",0,244,"Pearlwise"
"Pearlwise",0,245,"Pearlwise"
"Pearlwise",0,246,"Pearlwise"
"Pearlwise",0,247,"Pearlwise"
"Pearlwise",0,248,"Pearlwise"
"Pearlwise",0,249,"Pearlwise"
"Pearlwise",0,250,"Pearlwise"
"Pearlwise",0,251,"Pearlwise"
"Pearlwise",0,252,"Pearlwise"
"Pearlwise",0,253,"Pearlwise"
"Pearlwise",0,254,"Pearlwise"
"Pearlwise",2.25999999046326,255,"Pearlwise"
"Pearlwise",0,256,"Pearlwise"
"Pearlwise",0,257,"Pearlwise"
"Pearlwise",0,258,"Pearlwise"
"Pearlwise",2.6800000667572,259,"Pearlwise"
"Pearlwise",20.8700008392334,260,"Pearlwise"
"Pearlwise",5.57000017166138,261,"Pearlwise"
"Pearlwise",0,262,"Pearlwise"
"Pearlwise",0,263,"Pearlwise"
"Pearlwise",0,264,"Pearlwise"
"Pearlwise",0,265,"Pearlwise"
"Pearlwise",0,266,"Pearlwise"
"Pearlwise",0,267,"Pearlwise"
"Pearlwise",0,268,"Pearlwise"
"Pearlwise",0,269,"Pearlwise"
"Pearlwise",0,270,"Pearlwise"
"Pearlwise",0,271,"Pearlwise"
"Pearlwise",0,272,"Pearlwise"
"Pearlwise",0,273,"Pearlwise"
"Pearlwise",0,274,"Pearlwise"
"Pearlwise",0,275,"Pearlwise"
"Pearlwise",0,276,"Pearlwise"
"Pearlwise",0,277,"Pearlwise"
"Pearlwise",0,278,"Pearlwise"
"Pearlwise",0,279,"Pearlwise"
"Pearlwise",0,280,"Pearlwise"
"Pearlwise",0,281,"Pearlwise"
"Pearlwise",0,282,"Pearlwise"
"Pearlwise",0,283,"Pearlwise"
"Pearlwise",0,284,"Pearlwise"
"Pearlwise",0,285,"Pearlwise"
"Pearlwise",0,286,"Pearlwise"
"Pearlwise",0,287,"Pearlwise"
"Pearlwise",0,288,"Pearlwise"
"Pearlwise",0,289,"Pearlwise"
"Pearlwise",13.8100004196167,290,"Pearlwise"
"Pearlwise",3.67000007629395,291,"Pearlwise"
"Pearlwise",0,292,"Pearlwise"
"Pearlwise",0,293,"Pearlwise"
"Pearlwise",0,294,"Pearlwise"
"Pearlwise",0,295,"Pearlwise"
"Pearlwise",0,296,"Pearlwise"
"Pearlwise",6.26000022888184,297,"Pearlwise"
"Pearlwise",0,298,"Pearlwise"
"Pearlwise",0,299,"Pearlwise"
"Pearlwise",0,300,"Pearlwise"
"Pearlwise",4.01000022888184,301,"Pearlwise"
"Pearlwise",4.69000005722046,302,"Pearlwise"
"Pearlwise",0,303,"Pearlwise"
"Pearlwise",2.61999988555908,304,"Pearlwise"
"Pearlwise",1.9099999666214,305,"Pearlwise"
"Pearlwise",10.4200000762939,306,"Pearlwise"
"Pearlwise",5.55999994277954,307,"Pearlwise"
"Pearlwise",8.39000034332275,308,"Pearlwise"
"Pearlwise",0,309,"Pearlwise"
"Pearlwise",0,310,"Pearlwise"
"Pearlwise",0,311,"Pearlwise"
"Pearlwise",0,312,"Pearlwise"
"Pearlwise",0,313,"Pearlwise"
"Pearlwise",0,314,"Pearlwise"
"Pearlwise",0,315,"Pearlwise"
"Pearlwise",8.14000034332275,316,"Pearlwise"
"Pearlwise",0,317,"Pearlwise"
"Pearlwise",3.46000003814697,318,"Pearlwise"
"Pearlwise",3.86999988555908,319,"Pearlwise"
"Pearlwise",2.98000001907349,320,"Pearlwise"
"Pearlwise",0,321,"Pearlwise"
"Pearlwise",9.89999961853027,322,"Pearlwise"
"Pearlwise",0,323,"Pearlwise"
"Pearlwise",0,324,"Pearlwise"
"Pearlwise",1.6599999666214,325,"Pearlwise"
"Pearlwise",28.1100006103516,326,"Pearlwise"
"Pearlwise",4.71000003814697,327,"Pearlwise"
"Pearlwise",9.97000026702881,328,"Pearlwise"
"Pearlwise",0,329,"Pearlwise"
"Pearlwise",3.52999997138977,330,"Pearlwise"
"Pearlwise",6.71000003814697,331,"Pearlwise"
"Pearlwise",0,332,"Pearlwise"
"Pearlwise",0,333,"Pearlwise"
"Pearlwise",0,334,"Pearlwise"
"Pearlwise",0,335,"Pearlwise"
"Pearlwise",0,336,"Pearlwise"
"Pearlwise",0,337,"Pearlwise"
"Pearlwise",0,338,"Pearlwise"
"Pearlwise",0,339,"Pearlwise"
"Pearlwise",0,340,"Pearlwise"
"Pearlwise",0,341,"Pearlwise"
"Pearlwise",0,342,"Pearlwise"
"Pearlwise",0,343,"Pearlwise"
"Pearlwise",0,344,"Pearlwise"
"Pearlwise",0,345,"Pearlwise"
"Pearlwise",0,346,"Pearlwise"
"Pearlwise",3.34999990463257,347,"Pearlwise"
"Pearlwise",3.02999997138977,348,"Pearlwise"
"Pearlwise",11.2600002288818,349,"Pearlwise"
"Pearlwise",0.870000004768372,350,"Pearlwise"
"Pearlwise",8.27000045776367,351,"Pearlwise"
"Pearlwise",0,352,"Pearlwise"
"Pearlwise",0,353,"Pearlwise"
"Pearlwise",0,354,"Pearlwise"
"Pearlwise",0,355,"Pearlwise"
"Pearlwise",0,356,"Pearlwise"
"Pearlwise",0,357,"Pearlwise"
"Pearlwise",1.48000001907349,358,"Pearlwise"
"Pearlwise",11.1099996566772,359,"Pearlwise"
"Pearlwise",2.42000007629395,360,"Pearlwise"
"Pearlwise",3.73000001907349,361,"Pearlwise"
"Pearlwise",17.4699993133545,362,"Pearlwise"
"Pearlwise",11.5900001525879,363,"Pearlwise"
"Pearlwise",6.42999982833862,364,"Pearlwise"
"Pearlwise",0,365,"Pearlwise"
"Pearlwise",221.130004882812,1,"Pearlwise"
"Pearlwise",127.5,2,"Pearlwise"
"Pearlwise",96.6800003051758,3,"Pearlwise"
"Pearlwise",130.850006103516,4,"Pearlwise"
"Pearlwise",189.529998779297,5,"Pearlwise"
"Pearlwise",152.139999389648,6,"Pearlwise"
"Pearlwise",129.279998779297,7,"Pearlwise"
"Pearlwise",232.039993286133,8,"Pearlwise"
"Pearlwise",229.179992675781,9,"Pearlwise"
"Pearlwise",159.550003051758,10,"Pearlwise"
"Pearlwise",245.119995117188,11,"Pearlwise"
"Pearlwise",178.669998168945,12,"Pearlwise"
"Pearlwise",136.479995727539,13,"Pearlwise"
"Pearlwise",235.520004272461,14,"Pearlwise"
"Pearlwise",259.529998779297,15,"Pearlwise"
"Pearlwise",205.639999389648,16,"Pearlwise"
"Pearlwise",130.820007324219,17,"Pearlwise"
"Pearlwise",208.490005493164,18,"Pearlwise"
"Pearlwise",191.970001220703,19,"Pearlwise"
"Pearlwise",200.339996337891,20,"Pearlwise"
"Pearlwise",150.570007324219,21,"Pearlwise"
"Pearlwise",132.419998168945,22,"Pearlwise"
"Pearlwise",163.929992675781,23,"Pearlwise"
"Pearlwise",127.360000610352,24,"Pearlwise"
"Pearlwise",220.610000610352,25,"Pearlwise"
"Pearlwise",140.470001220703,26,"Pearlwise"
"Pearlwise",228.940002441406,27,"Pearlwise"
"Pearlwise",243.199996948242,28,"Pearlwise"
"Pearlwise",254.240005493164,29,"Pearlwise"
"Pearlwise",243.289993286133,30,"Pearlwise"
"Pearlwise",214.880004882812,31,"Pearlwise"
"Pearlwise",148.729995727539,32,"Pearlwise"
"Pearlwise",257.559997558594,33,"Pearlwise"
"Pearlwise",222.339996337891,34,"Pearlwise"
"Pearlwise",168.710006713867,35,"Pearlwise"
"Pearlwise",245.320007324219,36,"Pearlwise"
"Pearlwise",251.649993896484,37,"Pearlwise"
"Pearlwise",193.75,38,"Pearlwise"
"Pearlwise",198.380004882812,39,"Pearlwise"
"Pearlwise",130.179992675781,40,"Pearlwise"
"Pearlwise",294.559997558594,41,"Pearlwise"
"Pearlwise",324.429992675781,42,"Pearlwise"
"Pearlwise",308.850006103516,43,"Pearlwise"
"Pearlwise",290.059997558594,44,"Pearlwise"
"Pearlwise",175.080001831055,45,"Pearlwise"
"Pearlwise",157.949996948242,46,"Pearlwise"
"Pearlwise",238.190002441406,47,"Pearlwise"
"Pearlwise",147.649993896484,48,"Pearlwise"
"Pearlwise",222.070007324219,49,"Pearlwise"
"Pearlwise",301.589996337891,50,"Pearlwise"
"Pearlwise",281.100006103516,51,"Pearlwise"
"Pearlwise",292.850006103516,52,"Pearlwise"
"Pearlwise",341.100006103516,53,"Pearlwise"
"Pearlwise",362.779998779297,54,"Pearlwise"
"Pearlwise",372.089996337891,55,"Pearlwise"
"Pearlwise",355.369995117188,56,"Pearlwise"
"Pearlwise",265.549987792969,57,"Pearlwise"
"Pearlwise",365.670013427734,58,"Pearlwise"
"Pearlwise",376.339996337891,59,"Pearlwise"
"Pearlwise",263.920013427734,60,"Pearlwise"
"Pearlwise",223.679992675781,61,"Pearlwise"
"Pearlwise",209.809997558594,62,"Pearlwise"
"Pearlwise",244.300003051758,63,"Pearlwise"
"Pearlwise",260.079986572266,64,"Pearlwise"
"Pearlwise",238.320007324219,65,"Pearlwise"
"Pearlwise",232.630004882812,66,"Pearlwise"
"Pearlwise",383.480010986328,67,"Pearlwise"
"Pearlwise",470.279998779297,68,"Pearlwise"
"Pearlwise",407.260009765625,69,"Pearlwise"
"Pearlwise",385.709991455078,70,"Pearlwise"
"Pearlwise",265.809997558594,71,"Pearlwise"
"Pearlwise",243.100006103516,72,"Pearlwise"
"Pearlwise",315.910003662109,73,"Pearlwise"
"Pearlwise",424.029998779297,74,"Pearlwise"
"Pearlwise",427.320007324219,75,"Pearlwise"
"Pearlwise",437.040008544922,76,"Pearlwise"
"Pearlwise",436.600006103516,77,"Pearlwise"
"Pearlwise",436.799987792969,78,"Pearlwise"
"Pearlwise",443.660003662109,79,"Pearlwise"
"Pearlwise",422.299987792969,80,"Pearlwise"
"Pearlwise",372.329986572266,81,"Pearlwise"
"Pearlwise",400.489990234375,82,"Pearlwise"
"Pearlwise",223.339996337891,83,"Pearlwise"
"Pearlwise",327.089996337891,84,"Pearlwise"
"Pearlwise",334.040008544922,85,"Pearlwise"
"Pearlwise",374.649993896484,86,"Pearlwise"
"Pearlwise",286.519989013672,87,"Pearlwise"
"Pearlwise",234.440002441406,88,"Pearlwise"
"Pearlwise",369.380004882812,89,"Pearlwise"
"Pearlwise",366.970001220703,90,"Pearlwise"
"Pearlwise",418.880004882812,91,"Pearlwise"
"Pearlwise",503.839996337891,92,"Pearlwise"
"Pearlwise",484.959991455078,93,"Pearlwise"
"Pearlwise",341.549987792969,94,"Pearlwise"
"Pearlwise",305.489990234375,95,"Pearlwise"
"Pearlwise",126.410003662109,96,"Pearlwise"
"Pearlwise",357.100006103516,97,"Pearlwise"
"Pearlwise",387.579986572266,98,"Pearlwise"
"Pearlwise",464.290008544922,99,"Pearlwise"
"Pearlwise",487.859985351562,100,"Pearlwise"
"Pearlwise",495.880004882812,101,"Pearlwise"
"Pearlwise",487.799987792969,102,"Pearlwise"
"Pearlwise",449.790008544922,103,"Pearlwise"
"Pearlwise",464.079986572266,104,"Pearlwise"
"Pearlwise",239.300003051758,105,"Pearlwise"
"Pearlwise",412.519989013672,106,"Pearlwise"
"Pearlwise",457.779998779297,107,"Pearlwise"
"Pearlwise",425.329986572266,108,"Pearlwise"
"Pearlwise",497.709991455078,109,"Pearlwise"
"Pearlwise",520.099975585938,110,"Pearlwise"
"Pearlwise",509.950012207031,111,"Pearlwise"
"Pearlwise",425.989990234375,112,"Pearlwise"
"Pearlwise",522.260009765625,113,"Pearlwise"
"Pearlwise",498.690002441406,114,"Pearlwise"
"Pearlwise",401.320007324219,115,"Pearlwise"
"Pearlwise",275.940002441406,116,"Pearlwise"
"Pearlwise",250.949996948242,117,"Pearlwise"
"Pearlwise",466.049987792969,118,"Pearlwise"
"Pearlwise",485.480010986328,119,"Pearlwise"
"Pearlwise",422.329986572266,120,"Pearlwise"
"Pearlwise",497.809997558594,121,"Pearlwise"
"Pearlwise",497.600006103516,122,"Pearlwise"
"Pearlwise",363.890014648438,123,"Pearlwise"
"Pearlwise",523.059997558594,124,"Pearlwise"
"Pearlwise",310.790008544922,125,"Pearlwise"
"Pearlwise",110.879997253418,126,"Pearlwise"
"Pearlwise",391.809997558594,127,"Pearlwise"
"Pearlwise",349.380004882812,128,"Pearlwise"
"Pearlwise",473.179992675781,129,"Pearlwise"
"Pearlwise",539.460021972656,130,"Pearlwise"
"Pearlwise",484.220001220703,131,"Pearlwise"
"Pearlwise",513.260009765625,132,"Pearlwise"
"Pearlwise",467.160003662109,133,"Pearlwise"
"Pearlwise",475.559997558594,134,"Pearlwise"
"Pearlwise",484.850006103516,135,"Pearlwise"
"Pearlwise",504.640014648438,136,"Pearlwise"
"Pearlwise",520.630004882812,137,"Pearlwise"
"Pearlwise",439.329986572266,138,"Pearlwise"
"Pearlwise",545.080017089844,139,"Pearlwise"
"Pearlwise",499.029998779297,140,"Pearlwise"
"Pearlwise",472.420013427734,141,"Pearlwise"
"Pearlwise",533.950012207031,142,"Pearlwise"
"Pearlwise",429.470001220703,143,"Pearlwise"
"Pearlwise",514.530029296875,144,"Pearlwise"
"Pearlwise",486.559997558594,145,"Pearlwise"
"Pearlwise",460.880004882812,146,"Pearlwise"
"Pearlwise",544.320007324219,147,"Pearlwise"
"Pearlwise",530.590026855469,148,"Pearlwise"
"Pearlwise",522.320007324219,149,"Pearlwise"
"Pearlwise",445.019989013672,150,"Pearlwise"
"Pearlwise",518.219970703125,151,"Pearlwise"
"Pearlwise",527.52001953125,152,"Pearlwise"
"Pearlwise",471.790008544922,153,"Pearlwise"
"Pearlwise",416.049987792969,154,"Pearlwise"
"Pearlwise",327.630004882812,155,"Pearlwise"
"Pearlwise",513.239990234375,156,"Pearlwise"
"Pearlwise",508.619995117188,157,"Pearlwise"
"Pearlwise",456.760009765625,158,"Pearlwise"
"Pearlwise",490.959991455078,159,"Pearlwise"
"Pearlwise",362.170013427734,160,"Pearlwise"
"Pearlwise",324.910003662109,161,"Pearlwise"
"Pearlwise",488.320007324219,162,"Pearlwise"
"Pearlwise",488.209991455078,163,"Pearlwise"
"Pearlwise",518.309997558594,164,"Pearlwise"
"Pearlwise",530.419982910156,165,"Pearlwise"
"Pearlwise",450.359985351562,166,"Pearlwise"
"Pearlwise",415.130004882812,167,"Pearlwise"
"Pearlwise",506.670013427734,168,"Pearlwise"
"Pearlwise",440.260009765625,169,"Pearlwise"
"Pearlwise",522.679992675781,170,"Pearlwise"
"Pearlwise",511.350006103516,171,"Pearlwise"
"Pearlwise",487.359985351562,172,"Pearlwise"
"Pearlwise",504.440002441406,173,"Pearlwise"
"Pearlwise",515.409973144531,174,"Pearlwise"
"Pearlwise",473.049987792969,175,"Pearlwise"
"Pearlwise",501,176,"Pearlwise"
"Pearlwise",479.309997558594,177,"Pearlwise"
"Pearlwise",452.559997558594,178,"Pearlwise"
"Pearlwise",456.279998779297,179,"Pearlwise"
"Pearlwise",500.940002441406,180,"Pearlwise"
"Pearlwise",492.799987792969,181,"Pearlwise"
"Pearlwise",406.929992675781,182,"Pearlwise"
"Pearlwise",448.220001220703,183,"Pearlwise"
"Pearlwise",485.690002441406,184,"Pearlwise"
"Pearlwise",497.559997558594,185,"Pearlwise"
"Pearlwise",517.039978027344,186,"Pearlwise"
"Pearlwise",490.410003662109,187,"Pearlwise"
"Pearlwise",519.47998046875,188,"Pearlwise"
"Pearlwise",508.540008544922,189,"Pearlwise"
"Pearlwise",471.290008544922,190,"Pearlwise"
"Pearlwise",485.779998779297,191,"Pearlwise"
"Pearlwise",461.149993896484,192,"Pearlwise"
"Pearlwise",482.260009765625,193,"Pearlwise"
"Pearlwise",488.519989013672,194,"Pearlwise"
"Pearlwise",462.609985351562,195,"Pearlwise"
"Pearlwise",274.260009765625,196,"Pearlwise"
"Pearlwise",368.119995117188,197,"Pearlwise"
"Pearlwise",468.829986572266,198,"Pearlwise"
"Pearlwise",447.179992675781,199,"Pearlwise"
"Pearlwise",493.589996337891,200,"Pearlwise"
"Pearlwise",474.850006103516,201,"Pearlwise"
"Pearlwise",463.070007324219,202,"Pearlwise"
"Pearlwise",413.089996337891,203,"Pearlwise"
"Pearlwise",480.549987792969,204,"Pearlwise"
"Pearlwise",487.309997558594,205,"Pearlwise"
"Pearlwise",412.140014648438,206,"Pearlwise"
"Pearlwise",447.690002441406,207,"Pearlwise"
"Pearlwise",497.309997558594,208,"Pearlwise"
"Pearlwise",400.690002441406,209,"Pearlwise"
"Pearlwise",456.859985351562,210,"Pearlwise"
"Pearlwise",438.209991455078,211,"Pearlwise"
"Pearlwise",418,212,"Pearlwise"
"Pearlwise",494.450012207031,213,"Pearlwise"
"Pearlwise",471.299987792969,214,"Pearlwise"
"Pearlwise",479.929992675781,215,"Pearlwise"
"Pearlwise",305.190002441406,216,"Pearlwise"
"Pearlwise",473.329986572266,217,"Pearlwise"
"Pearlwise",467.130004882812,218,"Pearlwise"
"Pearlwise",468.75,219,"Pearlwise"
"Pearlwise",474.369995117188,220,"Pearlwise"
"Pearlwise",468.140014648438,221,"Pearlwise"
"Pearlwise",477.179992675781,222,"Pearlwise"
"Pearlwise",442.890014648438,223,"Pearlwise"
"Pearlwise",472.059997558594,224,"Pearlwise"
"Pearlwise",431.670013427734,225,"Pearlwise"
"Pearlwise",397.149993896484,226,"Pearlwise"
"Pearlwise",457.220001220703,227,"Pearlwise"
"Pearlwise",410.910003662109,228,"Pearlwise"
"Pearlwise",477.420013427734,229,"Pearlwise"
"Pearlwise",465.100006103516,230,"Pearlwise"
"Pearlwise",486.220001220703,231,"Pearlwise"
"Pearlwise",469.829986572266,232,"Pearlwise"
"Pearlwise",441.75,233,"Pearlwise"
"Pearlwise",436.899993896484,234,"Pearlwise"
"Pearlwise",442.75,235,"Pearlwise"
"Pearlwise",271.209991455078,236,"Pearlwise"
"Pearlwise",154.160003662109,237,"Pearlwise"
"Pearlwise",404.399993896484,238,"Pearlwise"
"Pearlwise",458.589996337891,239,"Pearlwise"
"Pearlwise",470.959991455078,240,"Pearlwise"
"Pearlwise",472.579986572266,241,"Pearlwise"
"Pearlwise",476.799987792969,242,"Pearlwise"
"Pearlwise",479.160003662109,243,"Pearlwise"
"Pearlwise",467.630004882812,244,"Pearlwise"
"Pearlwise",443.690002441406,245,"Pearlwise"
"Pearlwise",420.559997558594,246,"Pearlwise"
"Pearlwise",433.730010986328,247,"Pearlwise"
"Pearlwise",439.410003662109,248,"Pearlwise"
"Pearlwise",431.649993896484,249,"Pearlwise"
"Pearlwise",440.029998779297,250,"Pearlwise"
"Pearlwise",400.869995117188,251,"Pearlwise"
"Pearlwise",399.130004882812,252,"Pearlwise"
"Pearlwise",420.600006103516,253,"Pearlwise"
"Pearlwise",396.769989013672,254,"Pearlwise"
"Pearlwise",249.160003662109,255,"Pearlwise"
"Pearlwise",317.390014648438,256,"Pearlwise"
"Pearlwise",427.880004882812,257,"Pearlwise"
"Pearlwise",424.130004882812,258,"Pearlwise"
"Pearlwise",223.229995727539,259,"Pearlwise"
"Pearlwise",113.430000305176,260,"Pearlwise"
"Pearlwise",139.25,261,"Pearlwise"
"Pearlwise",327.640014648438,262,"Pearlwise"
"Pearlwise",383.959991455078,263,"Pearlwise"
"Pearlwise",372.149993896484,264,"Pearlwise"
"Pearlwise",383.339996337891,265,"Pearlwise"
"Pearlwise",403.170013427734,266,"Pearlwise"
"Pearlwise",370.209991455078,267,"Pearlwise"
"Pearlwise",385.890014648438,268,"Pearlwise"
"Pearlwise",348.549987792969,269,"Pearlwise"
"Pearlwise",385.929992675781,270,"Pearlwise"
"Pearlwise",385.769989013672,271,"Pearlwise"
"Pearlwise",389.890014648438,272,"Pearlwise"
"Pearlwise",378.209991455078,273,"Pearlwise"
"Pearlwise",379.359985351562,274,"Pearlwise"
"Pearlwise",408.549987792969,275,"Pearlwise"
"Pearlwise",357.309997558594,276,"Pearlwise"
"Pearlwise",397.929992675781,277,"Pearlwise"
"Pearlwise",369.910003662109,278,"Pearlwise"
"Pearlwise",374.739990234375,279,"Pearlwise"
"Pearlwise",350.420013427734,280,"Pearlwise"
"Pearlwise",348.190002441406,281,"Pearlwise"
"Pearlwise",330.589996337891,282,"Pearlwise"
"Pearlwise",338.769989013672,283,"Pearlwise"
"Pearlwise",302.079986572266,284,"Pearlwise"
"Pearlwise",309.929992675781,285,"Pearlwise"
"Pearlwise",271.369995117188,286,"Pearlwise"
"Pearlwise",336.149993896484,287,"Pearlwise"
"Pearlwise",335.130004882812,288,"Pearlwise"
"Pearlwise",326.049987792969,289,"Pearlwise"
"Pearlwise",121.120002746582,290,"Pearlwise"
"Pearlwise",141.210006713867,291,"Pearlwise"
"Pearlwise",270.429992675781,292,"Pearlwise"
"Pearlwise",297.950012207031,293,"Pearlwise"
"Pearlwise",276.209991455078,294,"Pearlwise"
"Pearlwise",237.059997558594,295,"Pearlwise"
"Pearlwise",241.279998779297,296,"Pearlwise"
"Pearlwise",204.729995727539,297,"Pearlwise"
"Pearlwise",272.290008544922,298,"Pearlwise"
"Pearlwise",242.419998168945,299,"Pearlwise"
"Pearlwise",269.600006103516,300,"Pearlwise"
"Pearlwise",173.080001831055,301,"Pearlwise"
"Pearlwise",128.139999389648,302,"Pearlwise"
"Pearlwise",161.770004272461,303,"Pearlwise"
"Pearlwise",174.360000610352,304,"Pearlwise"
"Pearlwise",185.990005493164,305,"Pearlwise"
"Pearlwise",120.129997253418,306,"Pearlwise"
"Pearlwise",102.610000610352,307,"Pearlwise"
"Pearlwise",123.540000915527,308,"Pearlwise"
"Pearlwise",262.429992675781,309,"Pearlwise"
"Pearlwise",189.369995117188,310,"Pearlwise"
"Pearlwise",236.490005493164,311,"Pearlwise"
"Pearlwise",268.029998779297,312,"Pearlwise"
"Pearlwise",259.399993896484,313,"Pearlwise"
"Pearlwise",232.580001831055,314,"Pearlwise"
"Pearlwise",198,315,"Pearlwise"
"Pearlwise",144.929992675781,316,"Pearlwise"
"Pearlwise",185.899993896484,317,"Pearlwise"
"Pearlwise",143.009994506836,318,"Pearlwise"
"Pearlwise",133.589996337891,319,"Pearlwise"
"Pearlwise",100.970001220703,320,"Pearlwise"
"Pearlwise",213.649993896484,321,"Pearlwise"
"Pearlwise",157.880004882812,322,"Pearlwise"
"Pearlwise",169.639999389648,323,"Pearlwise"
"Pearlwise",191.949996948242,324,"Pearlwise"
"Pearlwise",150.070007324219,325,"Pearlwise"
"Pearlwise",75.6999969482422,326,"Pearlwise"
"Pearlwise",132.520004272461,327,"Pearlwise"
"Pearlwise",133.119995117188,328,"Pearlwise"
"Pearlwise",192.399993896484,329,"Pearlwise"
"Pearlwise",125.110000610352,330,"Pearlwise"
"Pearlwise",117.559997558594,331,"Pearlwise"
"Pearlwise",199.029998779297,332,"Pearlwise"
"Pearlwise",229.610000610352,333,"Pearlwise"
"Pearlwise",231.389999389648,334,"Pearlwise"
"Pearlwise",222.320007324219,335,"Pearlwise"
"Pearlwise",210.410003662109,336,"Pearlwise"
"Pearlwise",205.339996337891,337,"Pearlwise"
"Pearlwise",205.800003051758,338,"Pearlwise"
"Pearlwise",209.740005493164,339,"Pearlwise"
"Pearlwise",201.759994506836,340,"Pearlwise"
"Pearlwise",206.330001831055,341,"Pearlwise"
"Pearlwise",191.220001220703,342,"Pearlwise"
"Pearlwise",190.220001220703,343,"Pearlwise"
"Pearlwise",189.309997558594,344,"Pearlwise"
"Pearlwise",216.190002441406,345,"Pearlwise"
"Pearlwise",168.690002441406,346,"Pearlwise"
"Pearlwise",112.98999786377,347,"Pearlwise"
"Pearlwise",108.879997253418,348,"Pearlwise"
"Pearlwise",94.9199981689453,349,"Pearlwise"
"Pearlwise",159.460006713867,350,"Pearlwise"
"Pearlwise",72.870002746582,351,"Pearlwise"
"Pearlwise",122.169998168945,352,"Pearlwise"
"Pearlwise",194.429992675781,353,"Pearlwise"
"Pearlwise",192.949996948242,354,"Pearlwise"
"Pearlwise",158.699996948242,355,"Pearlwise"
"Pearlwise",161.149993896484,356,"Pearlwise"
"Pearlwise",155.550003051758,357,"Pearlwise"
"Pearlwise",152.270004272461,358,"Pearlwise"
"Pearlwise",140.220001220703,359,"Pearlwise"
"Pearlwise",105.459999084473,360,"Pearlwise"
"Pearlwise",90.1800003051758,361,"Pearlwise"
"Pearlwise",111.819999694824,362,"Pearlwise"
"Pearlwise",89.1699981689453,363,"Pearlwise"
"Pearlwise",133.419998168945,364,"Pearlwise"
"Pearlwise",158.470001220703,365,"Pearlwise"
"Pearlwise",0,1,"Pearlwise"
"Pearlwise",0,2,"Pearlwise"
"Pearlwise",0,3,"Pearlwise"
"Pearlwise",0,4,"Pearlwise"
"Pearlwise",0,5,"Pearlwise"
"Pearlwise",7.76999998092651,6,"Pearlwise"
"Pearlwise",10.0799999237061,7,"Pearlwise"
"Pearlwise",11.8299999237061,8,"Pearlwise"
"Pearlwise",11.5900001525879,9,"Pearlwise"
"Pearlwise",15.0100002288818,10,"Pearlwise"
"Pearlwise",15.0799999237061,11,"Pearlwise"
"Pearlwise",14.3400001525879,12,"Pearlwise"
"Pearlwise",13.2600002288818,13,"Pearlwise"
"Pearlwise",12.0299997329712,14,"Pearlwise"
"Pearlwise",12.0299997329712,15,"Pearlwise"
"Pearlwise",19.8700008392334,16,"Pearlwise"
"Pearlwise",17.7000007629395,17,"Pearlwise"
"Pearlwise",14.75,18,"Pearlwise"
"Pearlwise",11.3900003433228,19,"Pearlwise"
"Pearlwise",8.4399995803833,20,"Pearlwise"
"Pearlwise",5.28000020980835,21,"Pearlwise"
"Pearlwise",2.15000009536743,22,"Pearlwise"
"Pearlwise",0,23,"Pearlwise"
"Pearlwise",0,24,"Pearlwise"
"Pearlwise",0,25,"Pearlwise"
"Pearlwise",0,26,"Pearlwise"
"Pearlwise",0,27,"Pearlwise"
"Pearlwise",0,28,"Pearlwise"
"Pearlwise",0,29,"Pearlwise"
"Pearlwise",0,30,"Pearlwise"
"Pearlwise",0,31,"Pearlwise"
"Pearlwise",0,32,"Pearlwise"
"Pearlwise",0,33,"Pearlwise"
"Pearlwise",0,34,"Pearlwise"
"Pearlwise",0,35,"Pearlwise"
"Pearlwise",0,36,"Pearlwise"
"Pearlwise",0,37,"Pearlwise"
"Pearlwise",0,38,"Pearlwise"
"Pearlwise",0,39,"Pearlwise"
"Pearlwise",0,40,"Pearlwise"
"Pearlwise",0,41,"Pearlwise"
"Pearlwise",0,42,"Pearlwise"
"Pearlwise",0,43,"Pearlwise"
"Pearlwise",0,44,"Pearlwise"
"Pearlwise",0,45,"Pearlwise"
"Pearlwise",0,46,"Pearlwise"
"Pearlwise",0,47,"Pearlwise"
"Pearlwise",0,48,"Pearlwise"
"Pearlwise",0,49,"Pearlwise"
"Pearlwise",0,50,"Pearlwise"
"Pearlwise",0,51,"Pearlwise"
"Pearlwise",0,52,"Pearlwise"
"Pearlwise",0,53,"Pearlwise"
"Pearlwise",0,54,"Pearlwise"
"Pearlwise",0,55,"Pearlwise"
"Pearlwise",0,56,"Pearlwise"
"Pearlwise",0,57,"Pearlwise"
"Pearlwise",0,58,"Pearlwise"
"Pearlwise",0,59,"Pearlwise"
"Pearlwise",0,60,"Pearlwise"
"Pearlwise",0,61,"Pearlwise"
"Pearlwise",3.85999989509583,62,"Pearlwise"
"Pearlwise",6.61999988555908,63,"Pearlwise"
"Pearlwise",9.53999996185303,64,"Pearlwise"
"Pearlwise",7.98999977111816,65,"Pearlwise"
"Pearlwise",6.69000005722046,66,"Pearlwise"
"Pearlwise",6.51000022888184,67,"Pearlwise"
"Pearlwise",6.51000022888184,68,"Pearlwise"
"Pearlwise",5.17000007629395,69,"Pearlwise"
"Pearlwise",2.61999988555908,70,"Pearlwise"
"Pearlwise",0.140000000596046,71,"Pearlwise"
"Pearlwise",0,72,"Pearlwise"
"Pearlwise",0,73,"Pearlwise"
"Pearlwise",0,74,"Pearlwise"
"Pearlwise",0,75,"Pearlwise"
"Pearlwise",0,76,"Pearlwise"
"Pearlwise",0,77,"Pearlwise"
"Pearlwise",0,78,"Pearlwise"
"Pearlwise",0,79,"Pearlwise"
"Pearlwise",0,80,"Pearlwise"
"Pearlwise",0,81,"Pearlwise"
"Pearlwise",0,82,"Pearlwise"
"Pearlwise",0,83,"Pearlwise"
"Pearlwise",0,84,"Pearlwise"
"Pearlwise",0,85,"Pearlwise"
"Pearlwise",0,86,"Pearlwise"
"Pearlwise",0,87,"Pearlwise"
"Pearlwise",0,88,"Pearlwise"
"Pearlwise",0,89,"Pearlwise"
"Pearlwise",0,90,"Pearlwise"
"Pearlwise",0,91,"Pearlwise"
"Pearlwise",0,92,"Pearlwise"
"Pearlwise",0,93,"Pearlwise"
"Pearlwise",0,94,"Pearlwise"
"Pearlwise",0,95,"Pearlwise"
"Pearlwise",0,96,"Pearlwise"
"Pearlwise",0,97,"Pearlwise"
"Pearlwise",0,98,"Pearlwise"
"Pearlwise",0,99,"Pearlwise"
"Pearlwise",0,100,"Pearlwise"
"Pearlwise",0,101,"Pearlwise"
"Pearlwise",0,102,"Pearlwise"
"Pearlwise",0,103,"Pearlwise"
"Pearlwise",0,104,"Pearlwise"
"Pearlwise",0,105,"Pearlwise"
"Pearlwise",0,106,"Pearlwise"
"Pearlwise",0,107,"Pearlwise"
"Pearlwise",0,108,"Pearlwise"
"Pearlwise",0,109,"Pearlwise"
"Pearlwise",0,110,"Pearlwise"
"Pearlwise",0,111,"Pearlwise"
"Pearlwise",0,112,"Pearlwise"
"Pearlwise",0,113,"Pearlwise"
"Pearlwise",0,114,"Pearlwise"
"Pearlwise",0,115,"Pearlwise"
"Pearlwise",0,116,"Pearlwise"
"Pearlwise",0,117,"Pearlwise"
"Pearlwise",0,118,"Pearlwise"
"Pearlwise",0,119,"Pearlwise"
"Pearlwise",0,120,"Pearlwise"
"Pearlwise",0,121,"Pearlwise"
"Pearlwise",0,122,"Pearlwise"
"Pearlwise",0,123,"Pearlwise"
"Pearlwise",0,124,"Pearlwise"
"Pearlwise",0,125,"Pearlwise"
"Pearlwise",0,126,"Pearlwise"
"Pearlwise",0,127,"Pearlwise"
"Pearlwise",0,128,"Pearlwise"
"Pearlwise",0,129,"Pearlwise"
"Pearlwise",0,130,"Pearlwise"
"Pearlwise",0,131,"Pearlwise"
"Pearlwise",0,132,"Pearlwise"
"Pearlwise",0,133,"Pearlwise"
"Pearlwise",0,134,"Pearlwise"
"Pearlwise",0,135,"Pearlwise"
"Pearlwise",0,136,"Pearlwise"
"Pearlwise",0,137,"Pearlwise"
"Pearlwise",0,138,"Pearlwise"
"Pearlwise",0,139,"Pearlwise"
"Pearlwise",0,140,"Pearlwise"
"Pearlwise",0,141,"Pearlwise"
"Pearlwise",0,142,"Pearlwise"
"Pearlwise",0,143,"Pearlwise"
"Pearlwise",0,144,"Pearlwise"
"Pearlwise",0,145,"Pearlwise"
"Pearlwise",0,146,"Pearlwise"
"Pearlwise",0,147,"Pearlwise"
"Pearlwise",0,148,"Pearlwise"
"Pearlwise",0,149,"Pearlwise"
"Pearlwise",0,150,"Pearlwise"
"Pearlwise",0,151,"Pearlwise"
"Pearlwise",0,152,"Pearlwise"
"Pearlwise",0,153,"Pearlwise"
"Pearlwise",0,154,"Pearlwise"
"Pearlwise",0,155,"Pearlwise"
"Pearlwise",0,156,"Pearlwise"
"Pearlwise",0,157,"Pearlwise"
"Pearlwise",0,158,"Pearlwise"
"Pearlwise",0,159,"Pearlwise"
"Pearlwise",0,160,"Pearlwise"
"Pearlwise",0,161,"Pearlwise"
"Pearlwise",0,162,"Pearlwise"
"Pearlwise",0,163,"Pearlwise"
"Pearlwise",0,164,"Pearlwise"
"Pearlwise",0,165,"Pearlwise"
"Pearlwise",0,166,"Pearlwise"
"Pearlwise",0,167,"Pearlwise"
"Pearlwise",0,168,"Pearlwise"
"Pearlwise",0,169,"Pearlwise"
"Pearlwise",0,170,"Pearlwise"
"Pearlwise",0,171,"Pearlwise"
"Pearlwise",0,172,"Pearlwise"
"Pearlwise",0,173,"Pearlwise"
"Pearlwise",0,174,"Pearlwise"
"Pearlwise",0,175,"Pearlwise"
"Pearlwise",0,176,"Pearlwise"
"Pearlwise",0,177,"Pearlwise"
"Pearlwise",0,178,"Pearlwise"
"Pearlwise",0,179,"Pearlwise"
"Pearlwise",0,180,"Pearlwise"
"Pearlwise",0,181,"Pearlwise"
"Pearlwise",0,182,"Pearlwise"
"Pearlwise",0,183,"Pearlwise"
"Pearlwise",0,184,"Pearlwise"
"Pearlwise",0,185,"Pearlwise"
"Pearlwise",0,186,"Pearlwise"
"Pearlwise",0,187,"Pearlwise"
"Pearlwise",0,188,"Pearlwise"
"Pearlwise",0,189,"Pearlwise"
"Pearlwise",0,190,"Pearlwise"
"Pearlwise",0,191,"Pearlwise"
"Pearlwise",0,192,"Pearlwise"
"Pearlwise",0,193,"Pearlwise"
"Pearlwise",0,194,"Pearlwise"
"Pearlwise",0,195,"Pearlwise"
"Pearlwise",0,196,"Pearlwise"
"Pearlwise",0,197,"Pearlwise"
"Pearlwise",0,198,"Pearlwise"
"Pearlwise",0,199,"Pearlwise"
"Pearlwise",0,200,"Pearlwise"
"Pearlwise",0,201,"Pearlwise"
"Pearlwise",0,202,"Pearlwise"
"Pearlwise",0,203,"Pearlwise"
"Pearlwise",0,204,"Pearlwise"
"Pearlwise",0,205,"Pearlwise"
"Pearlwise",0,206,"Pearlwise"
"Pearlwise",0,207,"Pearlwise"
"Pearlwise",0,208,"Pearlwise"
"Pearlwise",0,209,"Pearlwise"
"Pearlwise",0,210,"Pearlwise"
"Pearlwise",0,211,"Pearlwise"
"Pearlwise",0,212,"Pearlwise"
"Pearlwise",0,213,"Pearlwise"
"Pearlwise",0,214,"Pearlwise"
"Pearlwise",0,215,"Pearlwise"
"Pearlwise",0,216,"Pearlwise"
"Pearlwise",0,217,"Pearlwise"
"Pearlwise",0,218,"Pearlwise"
"Pearlwise",0,219,"Pearlwise"
"Pearlwise",0,220,"Pearlwise"
"Pearlwise",0,221,"Pearlwise"
"Pearlwise",0,222,"Pearlwise"
"Pearlwise",0,223,"Pearlwise"
"Pearlwise",0,224,"Pearlwise"
"Pearlwise",0,225,"Pearlwise"
"Pearlwise",0,226,"Pearlwise"
"Pearlwise",0,227,"Pearlwise"
"Pearlwise",0,228,"Pearlwise"
"Pearlwise",0,229,"Pearlwise"
"Pearlwise",0,230,"Pearlwise"
"Pearlwise",0,231,"Pearlwise"
"Pearlwise",0,232,"Pearlwise"
"Pearlwise",0,233,"Pearlwise"
"Pearlwise",0,234,"Pearlwise"
"Pearlwise",0,235,"Pearlwise"
"Pearlwise",0,236,"Pearlwise"
"Pearlwise",0,237,"Pearlwise"
"Pearlwise",0,238,"Pearlwise"
"Pearlwise",0,239,"Pearlwise"
"Pearlwise",0,240,"Pearlwise"
"Pearlwise",0,241,"Pearlwise"
"Pearlwise",0,242,"Pearlwise"
"Pearlwise",0,243,"Pearlwise"
"Pearlwise",0,244,"Pearlwise"
"Pearlwise",0,245,"Pearlwise"
"Pearlwise",0,246,"Pearlwise"
"Pearlwise",0,247,"Pearlwise"
"Pearlwise",0,248,"Pearlwise"
"Pearlwise",0,249,"Pearlwise"
"Pearlwise",0,250,"Pearlwise"
"Pearlwise",0,251,"Pearlwise"
"Pearlwise",0,252,"Pearlwise"
"Pearlwise",0,253,"Pearlwise"
"Pearlwise",0,254,"Pearlwise"
"Pearlwise",0,255,"Pearlwise"
"Pearlwise",0,256,"Pearlwise"
"Pearlwise",0,257,"Pearlwise"
"Pearlwise",0,258,"Pearlwise"
"Pearlwise",0,259,"Pearlwise"
"Pearlwise",0,260,"Pearlwise"
"Pearlwise",0,261,"Pearlwise"
"Pearlwise",0,262,"Pearlwise"
"Pearlwise",0,263,"Pearlwise"
"Pearlwise",0,264,"Pearlwise"
"Pearlwise",0,265,"Pearlwise"
"Pearlwise",0,266,"Pearlwise"
"Pearlwise",0,267,"Pearlwise"
"Pearlwise",0,268,"Pearlwise"
"Pearlwise",0,269,"Pearlwise"
"Pearlwise",0,270,"Pearlwise"
"Pearlwise",0,271,"Pearlwise"
"Pearlwise",0,272,"Pearlwise"
"Pearlwise",0,273,"Pearlwise"
"Pearlwise",0,274,"Pearlwise"
"Pearlwise",0,275,"Pearlwise"
"Pearlwise",0,276,"Pearlwise"
"Pearlwise",0,277,"Pearlwise"
"Pearlwise",0,278,"Pearlwise"
"Pearlwise",0,279,"Pearlwise"
"Pearlwise",0,280,"Pearlwise"
"Pearlwise",0,281,"Pearlwise"
"Pearlwise",0,282,"Pearlwise"
"Pearlwise",0,283,"Pearlwise"
"Pearlwise",0,284,"Pearlwise"
"Pearlwise",0,285,"Pearlwise"
"Pearlwise",0,286,"Pearlwise"
"Pearlwise",0,287,"Pearlwise"
"Pearlwise",0,288,"Pearlwise"
"Pearlwise",0,289,"Pearlwise"
"Pearlwise",0,290,"Pearlwise"
"Pearlwise",0,291,"Pearlwise"
"Pearlwise",0,292,"Pearlwise"
"Pearlwise",0,293,"Pearlwise"
"Pearlwise",0,294,"Pearlwise"
"Pearlwise",0,295,"Pearlwise"
"Pearlwise",0,296,"Pearlwise"
"Pearlwise",0,297,"Pearlwise"
"Pearlwise",0,298,"Pearlwise"
"Pearlwise",0,299,"Pearlwise"
"Pearlwise",0,300,"Pearlwise"
"Pearlwise",0,301,"Pearlwise"
"Pearlwise",0,302,"Pearlwise"
"Pearlwise",0,303,"Pearlwise"
"Pearlwise",0,304,"Pearlwise"
"Pearlwise",0,305,"Pearlwise"
"Pearlwise",0,306,"Pearlwise"
"Pearlwise",0,307,"Pearlwise"
"Pearlwise",0,308,"Pearlwise"
"Pearlwise",0,309,"Pearlwise"
"Pearlwise",0,310,"Pearlwise"
"Pearlwise",0,311,"Pearlwise"
"Pearlwise",0,312,"Pearlwise"
"Pearlwise",0,313,"Pearlwise"
"Pearlwise",0,314,"Pearlwise"
"Pearlwise",0,315,"Pearlwise"
"Pearlwise",0,316,"Pearlwise"
"Pearlwise",0,317,"Pearlwise"
"Pearlwise",0,318,"Pearlwise"
"Pearlwise",0,319,"Pearlwise"
"Pearlwise",0,320,"Pearlwise"
"Pearlwise",0,321,"Pearlwise"
"Pearlwise",0,322,"Pearlwise"
"Pearlwise",0,323,"Pearlwise"
"Pearlwise",0,324,"Pearlwise"
"Pearlwise",0,325,"Pearlwise"
"Pearlwise",0,326,"Pearlwise"
"Pearlwise",0,327,"Pearlwise"
"Pearlwise",0,328,"Pearlwise"
"Pearlwise",0,329,"Pearlwise"
"Pearlwise",0,330,"Pearlwise"
"Pearlwise",0,331,"Pearlwise"
"Pearlwise",0,332,"Pearlwise"
"Pearlwise",0,333,"Pearlwise"
"Pearlwise",0,334,"Pearlwise"
"Pearlwise",0,335,"Pearlwise"
"Pearlwise",0,336,"Pearlwise"
"Pearlwise",0,337,"Pearlwise"
"Pearlwise",0,338,"Pearlwise"
"Pearlwise",0,339,"Pearlwise"
"Pearlwise",0,340,"Pearlwise"
"Pearlwise",0,341,"Pearlwise"
"Pearlwise",0,342,"Pearlwise"
"Pearlwise",0,343,"Pearlwise"
"Pearlwise",0,344,"Pearlwise"
"Pearlwise",0,345,"Pearlwise"
"Pearlwise",0,346,"Pearlwise"
"Pearlwise",0,347,"Pearlwise"
"Pearlwise",0,348,"Pearlwise"
"Pearlwise",0,349,"Pearlwise"
"Pearlwise",0,350,"Pearlwise"
"Pearlwise",0,351,"Pearlwise"
"Pearlwise",0,352,"Pearlwise"
"Pearlwise",0,353,"Pearlwise"
"Pearlwise",0,354,"Pearlwise"
"Pearlwise",0,355,"Pearlwise"
"Pearlwise",0,356,"Pearlwise"
"Pearlwise",0,357,"Pearlwise"
"Pearlwise",0,358,"Pearlwise"
"Pearlwise",0,359,"Pearlwise"
"Pearlwise",0,360,"Pearlwise"
"Pearlwise",0,361,"Pearlwise"
"Pearlwise",0,362,"Pearlwise"
"Pearlwise",0,363,"Pearlwise"
"Pearlwise",0,364,"Pearlwise"
"Pearlwise",0,365,"Pearlwise"
"Pearlwise",7.03999996185303,1,"Pearlwise"
"Pearlwise",3.61999988555908,2,"Pearlwise"
"Pearlwise",2.91000008583069,3,"Pearlwise"
"Pearlwise",2.79999995231628,4,"Pearlwise"
"Pearlwise",3.76999998092651,5,"Pearlwise"
"Pearlwise",0.879999995231628,6,"Pearlwise"
"Pearlwise",-1.29999995231628,7,"Pearlwise"
"Pearlwise",0.649999976158142,8,"Pearlwise"
"Pearlwise",3.25,9,"Pearlwise"
"Pearlwise",-1.08000004291534,10,"Pearlwise"
"Pearlwise",-1.21000003814697,11,"Pearlwise"
"Pearlwise",1.5900000333786,12,"Pearlwise"
"Pearlwise",2.48000001907349,13,"Pearlwise"
"Pearlwise",5.61999988555908,14,"Pearlwise"
"Pearlwise",2.45000004768372,15,"Pearlwise"
"Pearlwise",2.84999990463257,16,"Pearlwise"
"Pearlwise",4.59999990463257,17,"Pearlwise"
"Pearlwise",7.90000009536743,18,"Pearlwise"
"Pearlwise",8.14000034332275,19,"Pearlwise"
"Pearlwise",7.44999980926514,20,"Pearlwise"
"Pearlwise",7.88000011444092,21,"Pearlwise"
"Pearlwise",6.80999994277954,22,"Pearlwise"
"Pearlwise",8.0600004196167,23,"Pearlwise"
"Pearlwise",5.5,24,"Pearlwise"
"Pearlwise",5.6399998664856,25,"Pearlwise"
"Pearlwise",4.36999988555908,26,"Pearlwise"
"Pearlwise",11.2399997711182,27,"Pearlwise"
"Pearlwise",14.6099996566772,28,"Pearlwise"
"Pearlwise",13.3999996185303,29,"Pearlwise"
"Pearlwise",12.4099998474121,30,"Pearlwise"
"Pearlwise",12.0200004577637,31,"Pearlwise"
"Pearlwise",7.17999982833862,32,"Pearlwise"
"Pearlwise",6.86999988555908,33,"Pearlwise"
"Pearlwise",2.59999990463257,34,"Pearlwise"
"Pearlwise",1.47000002861023,35,"Pearlwise"
"Pearlwise",7.21999979019165,36,"Pearlwise"
"Pearlwise",4.80999994277954,37,"Pearlwise"
"Pearlwise",3.23000001907349,38,"Pearlwise"
"Pearlwise",1.85000002384186,39,"Pearlwise"
"Pearlwise",0.639999985694885,40,"Pearlwise"
"Pearlwise",3.41000008583069,41,"Pearlwise"
"Pearlwise",7.23000001907349,42,"Pearlwise"
"Pearlwise",9.14999961853027,43,"Pearlwise"
"Pearlwise",6.80000019073486,44,"Pearlwise"
"Pearlwise",3.75,45,"Pearlwise"
"Pearlwise",5.21000003814697,46,"Pearlwise"
"Pearlwise",5.13000011444092,47,"Pearlwise"
"Pearlwise",2.99000000953674,48,"Pearlwise"
"Pearlwise",7.98999977111816,49,"Pearlwise"
"Pearlwise",9.44999980926514,50,"Pearlwise"
"Pearlwise",8.63000011444092,51,"Pearlwise"
"Pearlwise",7.69999980926514,52,"Pearlwise"
"Pearlwise",8.90999984741211,53,"Pearlwise"
"Pearlwise",11.4799995422363,54,"Pearlwise"
"Pearlwise",14.2600002288818,55,"Pearlwise"
"Pearlwise",13.2700004577637,56,"Pearlwise"
"Pearlwise",5.82999992370605,57,"Pearlwise"
"Pearlwise",3.75999999046326,58,"Pearlwise"
"Pearlwise",10.8299999237061,59,"Pearlwise"
"Pearlwise",10.1499996185303,60,"Pearlwise"
"Pearlwise",5.55999994277954,61,"Pearlwise"
"Pearlwise",0.200000002980232,62,"Pearlwise"
"Pearlwise",0.740000009536743,63,"Pearlwise"
"Pearlwise",1.1599999666214,64,"Pearlwise"
"Pearlwise",5.07000017166138,65,"Pearlwise"
"Pearlwise",4.11999988555908,66,"Pearlwise"
"Pearlwise",3.82999992370605,67,"Pearlwise"
"Pearlwise",7.90999984741211,68,"Pearlwise"
"Pearlwise",8.02000045776367,69,"Pearlwise"
"Pearlwise",10.1199998855591,70,"Pearlwise"
"Pearlwise",8.56999969482422,71,"Pearlwise"
"Pearlwise",8.02000045776367,72,"Pearlwise"
"Pearlwise",4.21000003814697,73,"Pearlwise"
"Pearlwise",7.82000017166138,74,"Pearlwise"
"Pearlwise",10.7799997329712,75,"Pearlwise"
"Pearlwise",14.4799995422363,76,"Pearlwise"
"Pearlwise",16.6000003814697,77,"Pearlwise"
"Pearlwise",18.4599990844727,78,"Pearlwise"
"Pearlwise",20.3899993896484,79,"Pearlwise"
"Pearlwise",18.1499996185303,80,"Pearlwise"
"Pearlwise",15.460000038147,81,"Pearlwise"
"Pearlwise",16.3199996948242,82,"Pearlwise"
"Pearlwise",8.40999984741211,83,"Pearlwise"
"Pearlwise",7.32999992370605,84,"Pearlwise"
"Pearlwise",7.53000020980835,85,"Pearlwise"
"Pearlwise",8.85999965667725,86,"Pearlwise"
"Pearlwise",10.6099996566772,87,"Pearlwise"
"Pearlwise",6.90999984741211,88,"Pearlwise"
"Pearlwise",7.26000022888184,89,"Pearlwise"
"Pearlwise",9.53999996185303,90,"Pearlwise"
"Pearlwise",8.86999988555908,91,"Pearlwise"
"Pearlwise",16.0100002288818,92,"Pearlwise"
"Pearlwise",20.2999992370605,93,"Pearlwise"
"Pearlwise",16.8400001525879,94,"Pearlwise"
"Pearlwise",6.73999977111816,95,"Pearlwise"
"Pearlwise",0.629999995231628,96,"Pearlwise"
"Pearlwise",4.92999982833862,97,"Pearlwise"
"Pearlwise",7.96999979019165,98,"Pearlwise"
"Pearlwise",11.960000038147,99,"Pearlwise"
"Pearlwise",16.7399997711182,100,"Pearlwise"
"Pearlwise",18.1399993896484,101,"Pearlwise"
"Pearlwise",21.6399993896484,102,"Pearlwise"
"Pearlwise",20.8899993896484,103,"Pearlwise"
"Pearlwise",20.9200000762939,104,"Pearlwise"
"Pearlwise",11.4099998474121,105,"Pearlwise"
"Pearlwise",13.4499998092651,106,"Pearlwise"
"Pearlwise",14.0900001525879,107,"Pearlwise"
"Pearlwise",9.5600004196167,108,"Pearlwise"
"Pearlwise",13.5100002288818,109,"Pearlwise"
"Pearlwise",17.5100002288818,110,"Pearlwise"
"Pearlwise",21.2000007629395,111,"Pearlwise"
"Pearlwise",16.4400005340576,112,"Pearlwise"
"Pearlwise",18.8899993896484,113,"Pearlwise"
"Pearlwise",21.4200000762939,114,"Pearlwise"
"Pearlwise",18.0699996948242,115,"Pearlwise"
"Pearlwise",14.9899997711182,116,"Pearlwise"
"Pearlwise",11.1400003433228,117,"Pearlwise"
"Pearlwise",14.6700000762939,118,"Pearlwise"
"Pearlwise",16.2800006866455,119,"Pearlwise"
"Pearlwise",10.8999996185303,120,"Pearlwise"
"Pearlwise",11.5200004577637,121,"Pearlwise"
"Pearlwise",11.5600004196167,122,"Pearlwise"
"Pearlwise",10.6599998474121,123,"Pearlwise"
"Pearlwise",15.9200000762939,124,"Pearlwise"
"Pearlwise",12.0900001525879,125,"Pearlwise"
"Pearlwise",2.00999999046326,126,"Pearlwise"
"Pearlwise",9.80000019073486,127,"Pearlwise"
"Pearlwise",7.90000009536743,128,"Pearlwise"
"Pearlwise",10.6800003051758,129,"Pearlwise"
"Pearlwise",18.6399993896484,130,"Pearlwise"
"Pearlwise",21.1800003051758,131,"Pearlwise"
"Pearlwise",23.5300006866455,132,"Pearlwise"
"Pearlwise",24.7900009155273,133,"Pearlwise"
"Pearlwise",23.9400005340576,134,"Pearlwise"
"Pearlwise",22.8500003814697,135,"Pearlwise"
"Pearlwise",23.1800003051758,136,"Pearlwise"
"Pearlwise",26.7800006866455,137,"Pearlwise"
"Pearlwise",19.4500007629395,138,"Pearlwise"
"Pearlwise",22.4099998474121,139,"Pearlwise"
"Pearlwise",16.2199993133545,140,"Pearlwise"
"Pearlwise",14.0900001525879,141,"Pearlwise"
"Pearlwise",19.0900001525879,142,"Pearlwise"
"Pearlwise",15.6300001144409,143,"Pearlwise"
"Pearlwise",16.3500003814697,144,"Pearlwise"
"Pearlwise",18.9599990844727,145,"Pearlwise"
"Pearlwise",18.4099998474121,146,"Pearlwise"
"Pearlwise",22.8400001525879,147,"Pearlwise"
"Pearlwise",26.7099990844727,148,"Pearlwise"
"Pearlwise",26.3099994659424,149,"Pearlwise"
"Pearlwise",18.6499996185303,150,"Pearlwise"
"Pearlwise",19.9500007629395,151,"Pearlwise"
"Pearlwise",24.0900001525879,152,"Pearlwise"
"Pearlwise",25.2900009155273,153,"Pearlwise"
"Pearlwise",22.7700004577637,154,"Pearlwise"
"Pearlwise",21.0100002288818,155,"Pearlwise"
"Pearlwise",27.3899993896484,156,"Pearlwise"
"Pearlwise",29.6000003814697,157,"Pearlwise"
"Pearlwise",31.3400001525879,158,"Pearlwise"
"Pearlwise",31.4200000762939,159,"Pearlwise"
"Pearlwise",31.3600006103516,160,"Pearlwise"
"Pearlwise",27.0200004577637,161,"Pearlwise"
"Pearlwise",27.5599994659424,162,"Pearlwise"
"Pearlwise",30.7600002288818,163,"Pearlwise"
"Pearlwise",31.0900001525879,164,"Pearlwise"
"Pearlwise",32.1399993896484,165,"Pearlwise"
"Pearlwise",27.6299991607666,166,"Pearlwise"
"Pearlwise",19.6700000762939,167,"Pearlwise"
"Pearlwise",20.2900009155273,168,"Pearlwise"
"Pearlwise",15.6499996185303,169,"Pearlwise"
"Pearlwise",21.2399997711182,170,"Pearlwise"
"Pearlwise",25.7800006866455,171,"Pearlwise"
"Pearlwise",28.9899997711182,172,"Pearlwise"
"Pearlwise",31.7800006866455,173,"Pearlwise"
"Pearlwise",34.5800018310547,174,"Pearlwise"
"Pearlwise",32.9700012207031,175,"Pearlwise"
"Pearlwise",32.6800003051758,176,"Pearlwise"
"Pearlwise",31.8500003814697,177,"Pearlwise"
"Pearlwise",30.8099994659424,178,"Pearlwise"
"Pearlwise",25.2700004577637,179,"Pearlwise"
"Pearlwise",27.4500007629395,180,"Pearlwise"
"Pearlwise",31.3500003814697,181,"Pearlwise"
"Pearlwise",25.8999996185303,182,"Pearlwise"
"Pearlwise",26.8099994659424,183,"Pearlwise"
"Pearlwise",28.3099994659424,184,"Pearlwise"
"Pearlwise",28.7600002288818,185,"Pearlwise"
"Pearlwise",32.4199981689453,186,"Pearlwise"
"Pearlwise",34.0400009155273,187,"Pearlwise"
"Pearlwise",36.6699981689453,188,"Pearlwise"
"Pearlwise",36.1100006103516,189,"Pearlwise"
"Pearlwise",36.0200004577637,190,"Pearlwise"
"Pearlwise",37.810001373291,191,"Pearlwise"
"Pearlwise",37.1500015258789,192,"Pearlwise"
"Pearlwise",37.1100006103516,193,"Pearlwise"
"Pearlwise",37.2200012207031,194,"Pearlwise"
"Pearlwise",37.1199989318848,195,"Pearlwise"
"Pearlwise",28.7900009155273,196,"Pearlwise"
"Pearlwise",29.8299999237061,197,"Pearlwise"
"Pearlwise",33.0499992370605,198,"Pearlwise"
"Pearlwise",34.1800003051758,199,"Pearlwise"
"Pearlwise",34.7999992370605,200,"Pearlwise"
"Pearlwise",34.8899993896484,201,"Pearlwise"
"Pearlwise",37.2299995422363,202,"Pearlwise"
"Pearlwise",36.6100006103516,203,"Pearlwise"
"Pearlwise",37.2099990844727,204,"Pearlwise"
"Pearlwise",36.1599998474121,205,"Pearlwise"
"Pearlwise",35.4500007629395,206,"Pearlwise"
"Pearlwise",33.4099998474121,207,"Pearlwise"
"Pearlwise",32.0299987792969,208,"Pearlwise"
"Pearlwise",28.5799999237061,209,"Pearlwise"
"Pearlwise",29.4599990844727,210,"Pearlwise"
"Pearlwise",29.5300006866455,211,"Pearlwise"
"Pearlwise",29.9799995422363,212,"Pearlwise"
"Pearlwise",33.4199981689453,213,"Pearlwise"
"Pearlwise",36.8400001525879,214,"Pearlwise"
"Pearlwise",38.3699989318848,215,"Pearlwise"
"Pearlwise",32.1199989318848,216,"Pearlwise"
"Pearlwise",32.6300010681152,217,"Pearlwise"
"Pearlwise",35.3899993896484,218,"Pearlwise"
"Pearlwise",34.1399993896484,219,"Pearlwise"
"Pearlwise",32.189998626709,220,"Pearlwise"
"Pearlwise",33.4599990844727,221,"Pearlwise"
"Pearlwise",33.7000007629395,222,"Pearlwise"
"Pearlwise",31.7399997711182,223,"Pearlwise"
"Pearlwise",32.2700004577637,224,"Pearlwise"
"Pearlwise",30.7299995422363,225,"Pearlwise"
"Pearlwise",27.2999992370605,226,"Pearlwise"
"Pearlwise",28.1800003051758,227,"Pearlwise"
"Pearlwise",25,228,"Pearlwise"
"Pearlwise",28.1599998474121,229,"Pearlwise"
"Pearlwise",30.3299999237061,230,"Pearlwise"
"Pearlwise",29.0400009155273,231,"Pearlwise"
"Pearlwise",29.3600006103516,232,"Pearlwise"
"Pearlwise",27.9899997711182,233,"Pearlwise"
"Pearlwise",26.9599990844727,234,"Pearlwise"
"Pearlwise",27.8700008392334,235,"Pearlwise"
"Pearlwise",18.9799995422363,236,"Pearlwise"
"Pearlwise",12.8100004196167,237,"Pearlwise"
"Pearlwise",19.7800006866455,238,"Pearlwise"
"Pearlwise",25.5200004577637,239,"Pearlwise"
"Pearlwise",29.6599998474121,240,"Pearlwise"
"Pearlwise",23.7600002288818,241,"Pearlwise"
"Pearlwise",27.8999996185303,242,"Pearlwise"
"Pearlwise",31.2099990844727,243,"Pearlwise"
"Pearlwise",32.439998626709,244,"Pearlwise"
"Pearlwise",33.25,245,"Pearlwise"
"Pearlwise",30.2700004577637,246,"Pearlwise"
"Pearlwise",26.8799991607666,247,"Pearlwise"
"Pearlwise",28.8899993896484,248,"Pearlwise"
"Pearlwise",31.5799999237061,249,"Pearlwise"
"Pearlwise",33.1500015258789,250,"Pearlwise"
"Pearlwise",32.3199996948242,251,"Pearlwise"
"Pearlwise",30.7199993133545,252,"Pearlwise"
"Pearlwise",30.3400001525879,253,"Pearlwise"
"Pearlwise",29.1599998474121,254,"Pearlwise"
"Pearlwise",20.4599990844727,255,"Pearlwise"
"Pearlwise",18.1299991607666,256,"Pearlwise"
"Pearlwise",22.9099998474121,257,"Pearlwise"
"Pearlwise",26.8400001525879,258,"Pearlwise"
"Pearlwise",18.8700008392334,259,"Pearlwise"
"Pearlwise",12.25,260,"Pearlwise"
"Pearlwise",13.8599996566772,261,"Pearlwise"
"Pearlwise",18.25,262,"Pearlwise"
"Pearlwise",22.2700004577637,263,"Pearlwise"
"Pearlwise",22.25,264,"Pearlwise"
"Pearlwise",20.5300006866455,265,"Pearlwise"
"Pearlwise",23.5,266,"Pearlwise"
"Pearlwise",24.5499992370605,267,"Pearlwise"
"Pearlwise",28.25,268,"Pearlwise"
"Pearlwise",28.4899997711182,269,"Pearlwise"
"Pearlwise",26.4500007629395,270,"Pearlwise"
"Pearlwise",28.3799991607666,271,"Pearlwise"
"Pearlwise",30.8500003814697,272,"Pearlwise"
"Pearlwise",23.7099990844727,273,"Pearlwise"
"Pearlwise",19.7199993133545,274,"Pearlwise"
"Pearlwise",26.9799995422363,275,"Pearlwise"
"Pearlwise",25.2800006866455,276,"Pearlwise"
"Pearlwise",26.3099994659424,277,"Pearlwise"
"Pearlwise",27.3500003814697,278,"Pearlwise"
"Pearlwise",25.1700000762939,279,"Pearlwise"
"Pearlwise",26.4799995422363,280,"Pearlwise"
"Pearlwise",27.2900009155273,281,"Pearlwise"
"Pearlwise",26.8099994659424,282,"Pearlwise"
"Pearlwise",25.6800003051758,283,"Pearlwise"
"Pearlwise",22.9500007629395,284,"Pearlwise"
"Pearlwise",24.3500003814697,285,"Pearlwise"
"Pearlwise",19.2199993133545,286,"Pearlwise"
"Pearlwise",21.7199993133545,287,"Pearlwise"
"Pearlwise",25.1800003051758,288,"Pearlwise"
"Pearlwise",25.2000007629395,289,"Pearlwise"
"Pearlwise",12.5100002288818,290,"Pearlwise"
"Pearlwise",7.23000001907349,291,"Pearlwise"
"Pearlwise",10.2799997329712,292,"Pearlwise"
"Pearlwise",17.6200008392334,293,"Pearlwise"
"Pearlwise",19.8099994659424,294,"Pearlwise"
"Pearlwise",16.6800003051758,295,"Pearlwise"
"Pearlwise",15.1099996566772,296,"Pearlwise"
"Pearlwise",13.6499996185303,297,"Pearlwise"
"Pearlwise",9.81999969482422,298,"Pearlwise"
"Pearlwise",13.3400001525879,299,"Pearlwise"
"Pearlwise",20.6700000762939,300,"Pearlwise"
"Pearlwise",16.1499996185303,301,"Pearlwise"
"Pearlwise",8.57999992370605,302,"Pearlwise"
"Pearlwise",5.69000005722046,303,"Pearlwise"
"Pearlwise",8.55000019073486,304,"Pearlwise"
"Pearlwise",6.80999994277954,305,"Pearlwise"
"Pearlwise",8.69999980926514,306,"Pearlwise"
"Pearlwise",7.07999992370605,307,"Pearlwise"
"Pearlwise",6.01999998092651,308,"Pearlwise"
"Pearlwise",10.1199998855591,309,"Pearlwise"
"Pearlwise",4.30999994277954,310,"Pearlwise"
"Pearlwise",5.38000011444092,311,"Pearlwise"
"Pearlwise",10.9499998092651,312,"Pearlwise"
"Pearlwise",14.6700000762939,313,"Pearlwise"
"Pearlwise",14.1000003814697,314,"Pearlwise"
"Pearlwise",14.1700000762939,315,"Pearlwise"
"Pearlwise",9.28999996185303,316,"Pearlwise"
"Pearlwise",7.28999996185303,317,"Pearlwise"
"Pearlwise",10.6999998092651,318,"Pearlwise"
"Pearlwise",7.44999980926514,319,"Pearlwise"
"Pearlwise",1.44000005722046,320,"Pearlwise"
"Pearlwise",2.41000008583069,321,"Pearlwise"
"Pearlwise",8.53999996185303,322,"Pearlwise"
"Pearlwise",2.05999994277954,323,"Pearlwise"
"Pearlwise",2.90000009536743,324,"Pearlwise"
"Pearlwise",7.96000003814697,325,"Pearlwise"
"Pearlwise",9.6899995803833,326,"Pearlwise"
"Pearlwise",12.6700000762939,327,"Pearlwise"
"Pearlwise",5.55999994277954,328,"Pearlwise"
"Pearlwise",5.11999988555908,329,"Pearlwise"
"Pearlwise",6.42999982833862,330,"Pearlwise"
"Pearlwise",2.42000007629395,331,"Pearlwise"
"Pearlwise",1.27999997138977,332,"Pearlwise"
"Pearlwise",3.64000010490417,333,"Pearlwise"
"Pearlwise",5.82999992370605,334,"Pearlwise"
"Pearlwise",7.57000017166138,335,"Pearlwise"
"Pearlwise",9.02999973297119,336,"Pearlwise"
"Pearlwise",9,337,"Pearlwise"
"Pearlwise",9.34000015258789,338,"Pearlwise"
"Pearlwise",10.8000001907349,339,"Pearlwise"
"Pearlwise",9.71000003814697,340,"Pearlwise"
"Pearlwise",10.0699996948242,341,"Pearlwise"
"Pearlwise",10.5600004196167,342,"Pearlwise"
"Pearlwise",6.01999998092651,343,"Pearlwise"
"Pearlwise",2.96000003814697,344,"Pearlwise"
"Pearlwise",5.59999990463257,345,"Pearlwise"
"Pearlwise",4.94000005722046,346,"Pearlwise"
"Pearlwise",4.86999988555908,347,"Pearlwise"
"Pearlwise",3.23000001907349,348,"Pearlwise"
"Pearlwise",4.07999992370605,349,"Pearlwise"
"Pearlwise",2.04999995231628,350,"Pearlwise"
"Pearlwise",3.08999991416931,351,"Pearlwise"
"Pearlwise",6.6399998664856,352,"Pearlwise"
"Pearlwise",11.9200000762939,353,"Pearlwise"
"Pearlwise",11,354,"Pearlwise"
"Pearlwise",11.1400003433228,355,"Pearlwise"
"Pearlwise",9.17000007629395,356,"Pearlwise"
"Pearlwise",9.02000045776367,357,"Pearlwise"
"Pearlwise",9.51000022888184,358,"Pearlwise"
"Pearlwise",7.84000015258789,359,"Pearlwise"
"Pearlwise",2.13000011444092,360,"Pearlwise"
"Pearlwise",5.21999979019165,361,"Pearlwise"
"Pearlwise",7.1399998664856,362,"Pearlwise"
"Pearlwise",6.73999977111816,363,"Pearlwise"
"Pearlwise",7.03999996185303,364,"Pearlwise"
"Pearlwise",1.82000005245209,365,"Pearlwise"
"Pearlwise",-4.61999988555908,1,"Pearlwise"
"Pearlwise",-3.24000000953674,2,"Pearlwise"
"Pearlwise",-1.9099999666214,3,"Pearlwise"
"Pearlwise",-4.19999980926514,4,"Pearlwise"
"Pearlwise",-4.19999980926514,5,"Pearlwise"
"Pearlwise",-6.3899998664856,6,"Pearlwise"
"Pearlwise",-7.03999996185303,7,"Pearlwise"
"Pearlwise",-8.23999977111816,8,"Pearlwise"
"Pearlwise",-5.44000005722046,9,"Pearlwise"
"Pearlwise",-8.47000026702881,10,"Pearlwise"
"Pearlwise",-10.6199998855591,11,"Pearlwise"
"Pearlwise",-4.21999979019165,12,"Pearlwise"
"Pearlwise",-3.4300000667572,13,"Pearlwise"
"Pearlwise",-3.0699999332428,14,"Pearlwise"
"Pearlwise",-7.73999977111816,15,"Pearlwise"
"Pearlwise",-8.36999988555908,16,"Pearlwise"
"Pearlwise",-0.8299999833107,17,"Pearlwise"
"Pearlwise",1.00999999046326,18,"Pearlwise"
"Pearlwise",2,19,"Pearlwise"
"Pearlwise",1.02999997138977,20,"Pearlwise"
"Pearlwise",1.50999999046326,21,"Pearlwise"
"Pearlwise",1.45000004768372,22,"Pearlwise"
"Pearlwise",-0.150000005960464,23,"Pearlwise"
"Pearlwise",-0.150000005960464,24,"Pearlwise"
"Pearlwise",-2.38000011444092,25,"Pearlwise"
"Pearlwise",-1.83000004291534,26,"Pearlwise"
"Pearlwise",2.69000005722046,27,"Pearlwise"
"Pearlwise",4.90999984741211,28,"Pearlwise"
"Pearlwise",3.11999988555908,29,"Pearlwise"
"Pearlwise",3.28999996185303,30,"Pearlwise"
"Pearlwise",4.80999994277954,31,"Pearlwise"
"Pearlwise",1.01999998092651,32,"Pearlwise"
"Pearlwise",-2.29999995231628,33,"Pearlwise"
"Pearlwise",-4.3600001335144,34,"Pearlwise"
"Pearlwise",-5.40999984741211,35,"Pearlwise"
"Pearlwise",-0.759999990463257,36,"Pearlwise"
"Pearlwise",-3.3199999332428,37,"Pearlwise"
"Pearlwise",-2.27999997138977,38,"Pearlwise"
"Pearlwise",-3.65000009536743,39,"Pearlwise"
"Pearlwise",-3.94000005722046,40,"Pearlwise"
"Pearlwise",-6.34000015258789,41,"Pearlwise"
"Pearlwise",-5.78999996185303,42,"Pearlwise"
"Pearlwise",-2.03999996185303,43,"Pearlwise"
"Pearlwise",-2.58999991416931,44,"Pearlwise"
"Pearlwise",-2.6800000667572,45,"Pearlwise"
"Pearlwise",-0.300000011920929,46,"Pearlwise"
"Pearlwise",-1.25,47,"Pearlwise"
"Pearlwise",-1.91999995708466,48,"Pearlwise"
"Pearlwise",-0.72000002861023,49,"Pearlwise"
"Pearlwise",0.449999988079071,50,"Pearlwise"
"Pearlwise",0.769999980926514,51,"Pearlwise"
"Pearlwise",-0.589999973773956,52,"Pearlwise"
"Pearlwise",-2.23000001907349,53,"Pearlwise"
"Pearlwise",-2.1800000667572,54,"Pearlwise"
"Pearlwise",-1.17999994754791,55,"Pearlwise"
"Pearlwise",0.5,56,"Pearlwise"
"Pearlwise",-5.84999990463257,57,"Pearlwise"
"Pearlwise",-8.56999969482422,58,"Pearlwise"
"Pearlwise",-3.05999994277954,59,"Pearlwise"
"Pearlwise",-1.23000001907349,60,"Pearlwise"
"Pearlwise",-2.70000004768372,61,"Pearlwise"
"Pearlwise",-6.19999980926514,62,"Pearlwise"
"Pearlwise",-6.90999984741211,63,"Pearlwise"
"Pearlwise",-7.09999990463257,64,"Pearlwise"
"Pearlwise",-2.29999995231628,65,"Pearlwise"
"Pearlwise",-2.91000008583069,66,"Pearlwise"
"Pearlwise",-5.57000017166138,67,"Pearlwise"
"Pearlwise",-7.76000022888184,68,"Pearlwise"
"Pearlwise",-2.8199999332428,69,"Pearlwise"
"Pearlwise",0.0799999982118607,70,"Pearlwise"
"Pearlwise",-0.0900000035762787,71,"Pearlwise"
"Pearlwise",-0.600000023841858,72,"Pearlwise"
"Pearlwise",-3.79999995231628,73,"Pearlwise"
"Pearlwise",-5.94999980926514,74,"Pearlwise"
"Pearlwise",-3.61999988555908,75,"Pearlwise"
"Pearlwise",-1.53999996185303,76,"Pearlwise"
"Pearlwise",0.330000013113022,77,"Pearlwise"
"Pearlwise",1.72000002861023,78,"Pearlwise"
"Pearlwise",2.40000009536743,79,"Pearlwise"
"Pearlwise",2.88000011444092,80,"Pearlwise"
"Pearlwise",3.73000001907349,81,"Pearlwise"
"Pearlwise",2.96000003814697,82,"Pearlwise"
"Pearlwise",0.150000005960464,83,"Pearlwise"
"Pearlwise",-1.70000004768372,84,"Pearlwise"
"Pearlwise",-1.52999997138977,85,"Pearlwise"
"Pearlwise",-1.67999994754791,86,"Pearlwise"
"Pearlwise",-0.25,87,"Pearlwise"
"Pearlwise",-1.07000005245209,88,"Pearlwise"
"Pearlwise",-2.47000002861023,89,"Pearlwise"
"Pearlwise",-0.0900000035762787,90,"Pearlwise"
"Pearlwise",-2.88000011444092,91,"Pearlwise"
"Pearlwise",-4.19000005722046,92,"Pearlwise"
"Pearlwise",1.80999994277954,93,"Pearlwise"
"Pearlwise",1.55999994277954,94,"Pearlwise"
"Pearlwise",-1.24000000953674,95,"Pearlwise"
"Pearlwise",-3.40000009536743,96,"Pearlwise"
"Pearlwise",-4.48000001907349,97,"Pearlwise"
"Pearlwise",-2.44000005722046,98,"Pearlwise"
"Pearlwise",-2.38000011444092,99,"Pearlwise"
"Pearlwise",0.0399999991059303,100,"Pearlwise"
"Pearlwise",0.389999985694885,101,"Pearlwise"
"Pearlwise",3.85999989509583,102,"Pearlwise"
"Pearlwise",5.90999984741211,103,"Pearlwise"
"Pearlwise",5.09000015258789,104,"Pearlwise"
"Pearlwise",2.79999995231628,105,"Pearlwise"
"Pearlwise",1.57000005245209,106,"Pearlwise"
"Pearlwise",0.159999996423721,107,"Pearlwise"
"Pearlwise",-2.29999995231628,108,"Pearlwise"
"Pearlwise",-2.36999988555908,109,"Pearlwise"
"Pearlwise",-0.6700000166893,110,"Pearlwise"
"Pearlwise",3.30999994277954,111,"Pearlwise"
"Pearlwise",4.17000007629395,112,"Pearlwise"
"Pearlwise",0.330000013113022,113,"Pearlwise"
"Pearlwise",4.30000019073486,114,"Pearlwise"
"Pearlwise",6.30999994277954,115,"Pearlwise"
"Pearlwise",4.69000005722046,116,"Pearlwise"
"Pearlwise",2.20000004768372,117,"Pearlwise"
"Pearlwise",0.379999995231628,118,"Pearlwise"
"Pearlwise",0.680000007152557,119,"Pearlwise"
"Pearlwise",-1.29999995231628,120,"Pearlwise"
"Pearlwise",-4.5,121,"Pearlwise"
"Pearlwise",-4.23000001907349,122,"Pearlwise"
"Pearlwise",0.889999985694885,123,"Pearlwise"
"Pearlwise",-1.50999999046326,124,"Pearlwise"
"Pearlwise",0.340000003576279,125,"Pearlwise"
"Pearlwise",-1.5,126,"Pearlwise"
"Pearlwise",-0.910000026226044,127,"Pearlwise"
"Pearlwise",-1.29999995231628,128,"Pearlwise"
"Pearlwise",-3.25999999046326,129,"Pearlwise"
"Pearlwise",-0.230000004172325,130,"Pearlwise"
"Pearlwise",5.86999988555908,131,"Pearlwise"
"Pearlwise",6.21000003814697,132,"Pearlwise"
"Pearlwise",10,133,"Pearlwise"
"Pearlwise",8.92000007629395,134,"Pearlwise"
"Pearlwise",7.30999994277954,135,"Pearlwise"
"Pearlwise",6.3600001335144,136,"Pearlwise"
"Pearlwise",8.22999954223633,137,"Pearlwise"
"Pearlwise",6.23000001907349,138,"Pearlwise"
"Pearlwise",2.63000011444092,139,"Pearlwise"
"Pearlwise",0.469999998807907,140,"Pearlwise"
"Pearlwise",-0.0199999995529652,141,"Pearlwise"
"Pearlwise",0.810000002384186,142,"Pearlwise"
"Pearlwise",3.26999998092651,143,"Pearlwise"
"Pearlwise",-0.0199999995529652,144,"Pearlwise"
"Pearlwise",3.80999994277954,145,"Pearlwise"
"Pearlwise",4.44999980926514,146,"Pearlwise"
"Pearlwise",3.08999991416931,147,"Pearlwise"
"Pearlwise",7.40999984741211,148,"Pearlwise"
"Pearlwise",7.6100001335144,149,"Pearlwise"
"Pearlwise",4.90999984741211,150,"Pearlwise"
"Pearlwise",2.36999988555908,151,"Pearlwise"
"Pearlwise",5.38000011444092,152,"Pearlwise"
"Pearlwise",9.56999969482422,153,"Pearlwise"
"Pearlwise",9.86999988555908,154,"Pearlwise"
"Pearlwise",11.3500003814697,155,"Pearlwise"
"Pearlwise",9.22999954223633,156,"Pearlwise"
"Pearlwise",11.2700004577637,157,"Pearlwise"
"Pearlwise",15.4200000762939,158,"Pearlwise"
"Pearlwise",13.6199998855591,159,"Pearlwise"
"Pearlwise",13.4499998092651,160,"Pearlwise"
"Pearlwise",12.1499996185303,161,"Pearlwise"
"Pearlwise",10.2200002670288,162,"Pearlwise"
"Pearlwise",12.9700002670288,163,"Pearlwise"
"Pearlwise",11.2200002670288,164,"Pearlwise"
"Pearlwise",11.0500001907349,165,"Pearlwise"
"Pearlwise",11.960000038147,166,"Pearlwise"
"Pearlwise",6.34000015258789,167,"Pearlwise"
"Pearlwise",2.36999988555908,168,"Pearlwise"
"Pearlwise",1.54999995231628,169,"Pearlwise"
"Pearlwise",2.28999996185303,170,"Pearlwise"
"Pearlwise",6.96999979019165,171,"Pearlwise"
"Pearlwise",11.2399997711182,172,"Pearlwise"
"Pearlwise",12.3999996185303,173,"Pearlwise"
"Pearlwise",14.0200004577637,174,"Pearlwise"
"Pearlwise",15.210000038147,175,"Pearlwise"
"Pearlwise",13.210000038147,176,"Pearlwise"
"Pearlwise",13.8299999237061,177,"Pearlwise"
"Pearlwise",14.5100002288818,178,"Pearlwise"
"Pearlwise",9.47000026702881,179,"Pearlwise"
"Pearlwise",8.93000030517578,180,"Pearlwise"
"Pearlwise",12.8199996948242,181,"Pearlwise"
"Pearlwise",12.1700000762939,182,"Pearlwise"
"Pearlwise",11.210000038147,183,"Pearlwise"
"Pearlwise",10.5,184,"Pearlwise"
"Pearlwise",10.1300001144409,185,"Pearlwise"
"Pearlwise",12.0100002288818,186,"Pearlwise"
"Pearlwise",15.2600002288818,187,"Pearlwise"
"Pearlwise",15.4399995803833,188,"Pearlwise"
"Pearlwise",15.6499996185303,189,"Pearlwise"
"Pearlwise",17.7999992370605,190,"Pearlwise"
"Pearlwise",18.3500003814697,191,"Pearlwise"
"Pearlwise",19.1399993896484,192,"Pearlwise"
"Pearlwise",17.8899993896484,193,"Pearlwise"
"Pearlwise",17.5699996948242,194,"Pearlwise"
"Pearlwise",18.9899997711182,195,"Pearlwise"
"Pearlwise",19.2700004577637,196,"Pearlwise"
"Pearlwise",16.9599990844727,197,"Pearlwise"
"Pearlwise",15.3999996185303,198,"Pearlwise"
"Pearlwise",17.4200000762939,199,"Pearlwise"
"Pearlwise",15.3800001144409,200,"Pearlwise"
"Pearlwise",16.5100002288818,201,"Pearlwise"
"Pearlwise",19.1100006103516,202,"Pearlwise"
"Pearlwise",21.0400009155273,203,"Pearlwise"
"Pearlwise",18.1800003051758,204,"Pearlwise"
"Pearlwise",16.8099994659424,205,"Pearlwise"
"Pearlwise",20.0900001525879,206,"Pearlwise"
"Pearlwise",16.7000007629395,207,"Pearlwise"
"Pearlwise",12.6999998092651,208,"Pearlwise"
"Pearlwise",14.4899997711182,209,"Pearlwise"
"Pearlwise",12.710000038147,210,"Pearlwise"
"Pearlwise",13.7299995422363,211,"Pearlwise"
"Pearlwise",14.9899997711182,212,"Pearlwise"
"Pearlwise",13.8500003814697,213,"Pearlwise"
"Pearlwise",18.2299995422363,214,"Pearlwise"
"Pearlwise",18.9400005340576,215,"Pearlwise"
"Pearlwise",17.0100002288818,216,"Pearlwise"
"Pearlwise",14.7200002670288,217,"Pearlwise"
"Pearlwise",17.6000003814697,218,"Pearlwise"
"Pearlwise",16.3999996185303,219,"Pearlwise"
"Pearlwise",14.25,220,"Pearlwise"
"Pearlwise",15.7399997711182,221,"Pearlwise"
"Pearlwise",15.3000001907349,222,"Pearlwise"
"Pearlwise",15.6000003814697,223,"Pearlwise"
"Pearlwise",14.3400001525879,224,"Pearlwise"
"Pearlwise",15.2399997711182,225,"Pearlwise"
"Pearlwise",13.5699996948242,226,"Pearlwise"
"Pearlwise",11.1300001144409,227,"Pearlwise"
"Pearlwise",10.6400003433228,228,"Pearlwise"
"Pearlwise",9.67000007629395,229,"Pearlwise"
"Pearlwise",12.4399995803833,230,"Pearlwise"
"Pearlwise",9.64000034332275,231,"Pearlwise"
"Pearlwise",11.0100002288818,232,"Pearlwise"
"Pearlwise",11.3800001144409,233,"Pearlwise"
"Pearlwise",10.6899995803833,234,"Pearlwise"
"Pearlwise",11.1800003051758,235,"Pearlwise"
"Pearlwise",10.1300001144409,236,"Pearlwise"
"Pearlwise",6.26000022888184,237,"Pearlwise"
"Pearlwise",5.8600001335144,238,"Pearlwise"
"Pearlwise",8.05000019073486,239,"Pearlwise"
"Pearlwise",10.7200002670288,240,"Pearlwise"
"Pearlwise",4.92999982833862,241,"Pearlwise"
"Pearlwise",8.10999965667725,242,"Pearlwise"
"Pearlwise",10.6499996185303,243,"Pearlwise"
"Pearlwise",12.4899997711182,244,"Pearlwise"
"Pearlwise",14.9799995422363,245,"Pearlwise"
"Pearlwise",13.6700000762939,246,"Pearlwise"
"Pearlwise",9.57999992370605,247,"Pearlwise"
"Pearlwise",10.8500003814697,248,"Pearlwise"
"Pearlwise",13.6899995803833,249,"Pearlwise"
"Pearlwise",14.2700004577637,250,"Pearlwise"
"Pearlwise",16.1100006103516,251,"Pearlwise"
"Pearlwise",14.6899995803833,252,"Pearlwise"
"Pearlwise",12.7399997711182,253,"Pearlwise"
"Pearlwise",13.1199998855591,254,"Pearlwise"
"Pearlwise",8.23999977111816,255,"Pearlwise"
"Pearlwise",6.6399998664856,256,"Pearlwise"
"Pearlwise",4.73999977111816,257,"Pearlwise"
"Pearlwise",8.32999992370605,258,"Pearlwise"
"Pearlwise",8,259,"Pearlwise"
"Pearlwise",7.09000015258789,260,"Pearlwise"
"Pearlwise",7.42000007629395,261,"Pearlwise"
"Pearlwise",6.30000019073486,262,"Pearlwise"
"Pearlwise",7.1399998664856,263,"Pearlwise"
"Pearlwise",7.71000003814697,264,"Pearlwise"
"Pearlwise",5.23000001907349,265,"Pearlwise"
"Pearlwise",6.21000003814697,266,"Pearlwise"
"Pearlwise",9.06999969482422,267,"Pearlwise"
"Pearlwise",11.1300001144409,268,"Pearlwise"
"Pearlwise",13.6999998092651,269,"Pearlwise"
"Pearlwise",9.10999965667725,270,"Pearlwise"
"Pearlwise",10.6999998092651,271,"Pearlwise"
"Pearlwise",12.2799997329712,272,"Pearlwise"
"Pearlwise",6.53999996185303,273,"Pearlwise"
"Pearlwise",2.49000000953674,274,"Pearlwise"
"Pearlwise",5.61999988555908,275,"Pearlwise"
"Pearlwise",8.86999988555908,276,"Pearlwise"
"Pearlwise",5.44999980926514,277,"Pearlwise"
"Pearlwise",9.05000019073486,278,"Pearlwise"
"Pearlwise",6.19999980926514,279,"Pearlwise"
"Pearlwise",9.40999984741211,280,"Pearlwise"
"Pearlwise",10.0500001907349,281,"Pearlwise"
"Pearlwise",10.710000038147,282,"Pearlwise"
"Pearlwise",8.77999973297119,283,"Pearlwise"
"Pearlwise",8.76000022888184,284,"Pearlwise"
"Pearlwise",9.22000026702881,285,"Pearlwise"
"Pearlwise",6.6399998664856,286,"Pearlwise"
"Pearlwise",4.07000017166138,287,"Pearlwise"
"Pearlwise",7.05999994277954,288,"Pearlwise"
"Pearlwise",7.40000009536743,289,"Pearlwise"
"Pearlwise",5.1399998664856,290,"Pearlwise"
"Pearlwise",-1.37999999523163,291,"Pearlwise"
"Pearlwise",-3.3199999332428,292,"Pearlwise"
"Pearlwise",1.23000001907349,293,"Pearlwise"
"Pearlwise",4.80999994277954,294,"Pearlwise"
"Pearlwise",4.46999979019165,295,"Pearlwise"
"Pearlwise",2.65000009536743,296,"Pearlwise"
"Pearlwise",-1.25999999046326,297,"Pearlwise"
"Pearlwise",-4.94999980926514,298,"Pearlwise"
"Pearlwise",0.449999988079071,299,"Pearlwise"
"Pearlwise",4.92999982833862,300,"Pearlwise"
"Pearlwise",3.67000007629395,301,"Pearlwise"
"Pearlwise",0.209999993443489,302,"Pearlwise"
"Pearlwise",-2.05999994277954,303,"Pearlwise"
"Pearlwise",-3.5,304,"Pearlwise"
"Pearlwise",-2.1800000667572,305,"Pearlwise"
"Pearlwise",1.10000002384186,306,"Pearlwise"
"Pearlwise",0.850000023841858,307,"Pearlwise"
"Pearlwise",-1.48000001907349,308,"Pearlwise"
"Pearlwise",-4.15000009536743,309,"Pearlwise"
"Pearlwise",-4.3899998664856,310,"Pearlwise"
"Pearlwise",-6.40999984741211,311,"Pearlwise"
"Pearlwise",-4.44000005722046,312,"Pearlwise"
"Pearlwise",-0.330000013113022,313,"Pearlwise"
"Pearlwise",1.6599999666214,314,"Pearlwise"
"Pearlwise",4.21999979019165,315,"Pearlwise"
"Pearlwise",-0.109999999403954,316,"Pearlwise"
"Pearlwise",-1.50999999046326,317,"Pearlwise"
"Pearlwise",1.58000004291534,318,"Pearlwise"
"Pearlwise",-0.680000007152557,319,"Pearlwise"
"Pearlwise",-4.3600001335144,320,"Pearlwise"
"Pearlwise",-8.10000038146973,321,"Pearlwise"
"Pearlwise",-2.03999996185303,322,"Pearlwise"
"Pearlwise",-5.57000017166138,323,"Pearlwise"
"Pearlwise",-6.03000020980835,324,"Pearlwise"
"Pearlwise",1.25999999046326,325,"Pearlwise"
"Pearlwise",5.3899998664856,326,"Pearlwise"
"Pearlwise",4.44999980926514,327,"Pearlwise"
"Pearlwise",-2.28999996185303,328,"Pearlwise"
"Pearlwise",-3.69000005722046,329,"Pearlwise"
"Pearlwise",-0.740000009536743,330,"Pearlwise"
"Pearlwise",-4.05000019073486,331,"Pearlwise"
"Pearlwise",-7.82000017166138,332,"Pearlwise"
"Pearlwise",-8.82999992370605,333,"Pearlwise"
"Pearlwise",-7.30999994277954,334,"Pearlwise"
"Pearlwise",-4.76000022888184,335,"Pearlwise"
"Pearlwise",-2.3199999332428,336,"Pearlwise"
"Pearlwise",-2.09999990463257,337,"Pearlwise"
"Pearlwise",-2.11999988555908,338,"Pearlwise"
"Pearlwise",-1.27999997138977,339,"Pearlwise"
"Pearlwise",-1.54999995231628,340,"Pearlwise"
"Pearlwise",-1.82000005245209,341,"Pearlwise"
"Pearlwise",0.230000004172325,342,"Pearlwise"
"Pearlwise",-3.86999988555908,343,"Pearlwise"
"Pearlwise",-6.69999980926514,344,"Pearlwise"
"Pearlwise",-7.36999988555908,345,"Pearlwise"
"Pearlwise",-3.35999989509583,346,"Pearlwise"
"Pearlwise",-2.24000000953674,347,"Pearlwise"
"Pearlwise",-3.48000001907349,348,"Pearlwise"
"Pearlwise",-1.62000000476837,349,"Pearlwise"
"Pearlwise",-5.53000020980835,350,"Pearlwise"
"Pearlwise",-1.11000001430511,351,"Pearlwise"
"Pearlwise",1.21000003814697,352,"Pearlwise"
"Pearlwise",1.14999997615814,353,"Pearlwise"
"Pearlwise",0.409999996423721,354,"Pearlwise"
"Pearlwise",3.30999994277954,355,"Pearlwise"
"Pearlwise",1.19000005722046,356,"Pearlwise"
"Pearlwise",1.44000005722046,357,"Pearlwise"
"Pearlwise",2.15000009536743,358,"Pearlwise"
"Pearlwise",-1.91999995708466,359,"Pearlwise"
"Pearlwise",-4.25,360,"Pearlwise"
"Pearlwise",-0.140000000596046,361,"Pearlwise"
"Pearlwise",0.230000004172325,362,"Pearlwise"
"Pearlwise",1.58000004291534,363,"Pearlwise"
"Pearlwise",-1.37000000476837,364,"Pearlwise"
"Pearlwise",-5.05999994277954,365,"Pearlwise"
"Pearlwise",433.529998779297,1,"Pearlwise"
"Pearlwise",480.769989013672,2,"Pearlwise"
"Pearlwise",530.940002441406,3,"Pearlwise"
"Pearlwise",447.529998779297,4,"Pearlwise"
"Pearlwise",447.579986572266,5,"Pearlwise"
"Pearlwise",378.760009765625,6,"Pearlwise"
"Pearlwise",360.429992675781,7,"Pearlwise"
"Pearlwise",328.239990234375,8,"Pearlwise"
"Pearlwise",407.459991455078,9,"Pearlwise"
"Pearlwise",322.480010986328,10,"Pearlwise"
"Pearlwise",272.209991455078,11,"Pearlwise"
"Pearlwise",446.720001220703,12,"Pearlwise"
"Pearlwise",474.079986572266,13,"Pearlwise"
"Pearlwise",487.109985351562,14,"Pearlwise"
"Pearlwise",341.450012207031,15,"Pearlwise"
"Pearlwise",325.070007324219,16,"Pearlwise"
"Pearlwise",574.969970703125,17,"Pearlwise"
"Pearlwise",657.190002441406,18,"Pearlwise"
"Pearlwise",705.340026855469,19,"Pearlwise"
"Pearlwise",658.190002441406,20,"Pearlwise"
"Pearlwise",681.070007324219,21,"Pearlwise"
"Pearlwise",678.239990234375,22,"Pearlwise"
"Pearlwise",603.929992675781,23,"Pearlwise"
"Pearlwise",604.130004882812,24,"Pearlwise"
"Pearlwise",512.780029296875,25,"Pearlwise"
"Pearlwise",534.169982910156,26,"Pearlwise"
"Pearlwise",741,27,"Pearlwise"
"Pearlwise",866.679992675781,28,"Pearlwise"
"Pearlwise",764.039978027344,29,"Pearlwise"
"Pearlwise",773.27001953125,30,"Pearlwise"
"Pearlwise",860.320007324219,31,"Pearlwise"
"Pearlwise",657.330017089844,32,"Pearlwise"
"Pearlwise",515.830017089844,33,"Pearlwise"
"Pearlwise",442.320007324219,34,"Pearlwise"
"Pearlwise",408.279998779297,35,"Pearlwise"
"Pearlwise",577.72998046875,36,"Pearlwise"
"Pearlwise",477.899993896484,37,"Pearlwise"
"Pearlwise",516.549987792969,38,"Pearlwise"
"Pearlwise",466.429992675781,39,"Pearlwise"
"Pearlwise",456.260009765625,40,"Pearlwise"
"Pearlwise",380.380004882812,41,"Pearlwise"
"Pearlwise",396.640014648438,42,"Pearlwise"
"Pearlwise",525.799987792969,43,"Pearlwise"
"Pearlwise",504.670013427734,44,"Pearlwise"
"Pearlwise",501.549987792969,45,"Pearlwise"
"Pearlwise",597.47998046875,46,"Pearlwise"
"Pearlwise",557.429992675781,47,"Pearlwise"
"Pearlwise",530.609985351562,48,"Pearlwise"
"Pearlwise",579.25,49,"Pearlwise"
"Pearlwise",631,50,"Pearlwise"
"Pearlwise",645.659973144531,51,"Pearlwise"
"Pearlwise",584.97998046875,52,"Pearlwise"
"Pearlwise",518.419982910156,53,"Pearlwise"
"Pearlwise",520.460021972656,54,"Pearlwise"
"Pearlwise",560.059997558594,55,"Pearlwise"
"Pearlwise",633.369995117188,56,"Pearlwise"
"Pearlwise",394.839996337891,57,"Pearlwise"
"Pearlwise",320.059997558594,58,"Pearlwise"
"Pearlwise",487.549987792969,59,"Pearlwise"
"Pearlwise",558.049987792969,60,"Pearlwise"
"Pearlwise",500.760009765625,61,"Pearlwise"
"Pearlwise",384.320007324219,62,"Pearlwise"
"Pearlwise",363.880004882812,63,"Pearlwise"
"Pearlwise",358.579986572266,64,"Pearlwise"
"Pearlwise",515.840026855469,65,"Pearlwise"
"Pearlwise",492.850006103516,66,"Pearlwise"
"Pearlwise",403.5,67,"Pearlwise"
"Pearlwise",340.940002441406,68,"Pearlwise"
"Pearlwise",496.290008544922,69,"Pearlwise"
"Pearlwise",614.450012207031,70,"Pearlwise"
"Pearlwise",606.590026855469,71,"Pearlwise"
"Pearlwise",584.359985351562,72,"Pearlwise"
"Pearlwise",461.029998779297,73,"Pearlwise"
"Pearlwise",391.790008544922,74,"Pearlwise"
"Pearlwise",467.440002441406,75,"Pearlwise"
"Pearlwise",545.580017089844,76,"Pearlwise"
"Pearlwise",625.5,77,"Pearlwise"
"Pearlwise",691.669982910156,78,"Pearlwise"
"Pearlwise",726.140014648438,79,"Pearlwise"
"Pearlwise",751.309997558594,80,"Pearlwise"
"Pearlwise",797.590026855469,81,"Pearlwise"
"Pearlwise",755.580017089844,82,"Pearlwise"
"Pearlwise",617.52001953125,83,"Pearlwise"
"Pearlwise",539.330017089844,84,"Pearlwise"
"Pearlwise",545.919982910156,85,"Pearlwise"
"Pearlwise",540.140014648438,86,"Pearlwise"
"Pearlwise",599.849975585938,87,"Pearlwise"
"Pearlwise",564.630004882812,88,"Pearlwise"
"Pearlwise",509.269989013672,89,"Pearlwise"
"Pearlwise",606.929992675781,90,"Pearlwise"
"Pearlwise",493.910003662109,91,"Pearlwise"
"Pearlwise",448,92,"Pearlwise"
"Pearlwise",695.789978027344,93,"Pearlwise"
"Pearlwise",683.619995117188,94,"Pearlwise"
"Pearlwise",557.97998046875,95,"Pearlwise"
"Pearlwise",475.25,96,"Pearlwise"
"Pearlwise",438.029998779297,97,"Pearlwise"
"Pearlwise",510.369995117188,98,"Pearlwise"
"Pearlwise",512.690002441406,99,"Pearlwise"
"Pearlwise",612.369995117188,100,"Pearlwise"
"Pearlwise",628.429992675781,101,"Pearlwise"
"Pearlwise",805.260009765625,102,"Pearlwise"
"Pearlwise",928.820007324219,103,"Pearlwise"
"Pearlwise",870.52001953125,104,"Pearlwise"
"Pearlwise",747.070007324219,105,"Pearlwise"
"Pearlwise",684.080017089844,106,"Pearlwise"
"Pearlwise",617.77001953125,107,"Pearlwise"
"Pearlwise",515.859985351562,108,"Pearlwise"
"Pearlwise",513.320007324219,109,"Pearlwise"
"Pearlwise",557.190002441406,110,"Pearlwise"
"Pearlwise",725.02001953125,111,"Pearlwise"
"Pearlwise",822.929992675781,112,"Pearlwise"
"Pearlwise",574.900024414062,113,"Pearlwise"
"Pearlwise",755.390014648438,114,"Pearlwise"
"Pearlwise",948.200012207031,115,"Pearlwise"
"Pearlwise",853.130004882812,116,"Pearlwise"
"Pearlwise",715.849975585938,117,"Pearlwise"
"Pearlwise",603.489990234375,118,"Pearlwise"
"Pearlwise",599.929992675781,119,"Pearlwise"
"Pearlwise",555.5,120,"Pearlwise"
"Pearlwise",422.920013427734,121,"Pearlwise"
"Pearlwise",430.019989013672,122,"Pearlwise"
"Pearlwise",651.489990234375,123,"Pearlwise"
"Pearlwise",492.579986572266,124,"Pearlwise"
"Pearlwise",625.950012207031,125,"Pearlwise"
"Pearlwise",547.219970703125,126,"Pearlwise"
"Pearlwise",571.359985351562,127,"Pearlwise"
"Pearlwise",555.440002441406,128,"Pearlwise"
"Pearlwise",480.109985351562,129,"Pearlwise"
"Pearlwise",558.27001953125,130,"Pearlwise"
"Pearlwise",868.219970703125,131,"Pearlwise"
"Pearlwise",856.570007324219,132,"Pearlwise"
"Pearlwise",1137.86999511719,133,"Pearlwise"
"Pearlwise",1055.06005859375,134,"Pearlwise"
"Pearlwise",944.780029296875,135,"Pearlwise"
"Pearlwise",863.880004882812,136,"Pearlwise"
"Pearlwise",934.590026855469,137,"Pearlwise"
"Pearlwise",910.219970703125,138,"Pearlwise"
"Pearlwise",631.390014648438,139,"Pearlwise"
"Pearlwise",583.940002441406,140,"Pearlwise"
"Pearlwise",584.109985351562,141,"Pearlwise"
"Pearlwise",568.380004882812,142,"Pearlwise"
"Pearlwise",752.309997558594,143,"Pearlwise"
"Pearlwise",554.429992675781,144,"Pearlwise"
"Pearlwise",728.140014648438,145,"Pearlwise"
"Pearlwise",779.75,146,"Pearlwise"
"Pearlwise",640.599975585938,147,"Pearlwise"
"Pearlwise",809.830017089844,148,"Pearlwise"
"Pearlwise",829.429992675781,149,"Pearlwise"
"Pearlwise",783.47998046875,150,"Pearlwise"
"Pearlwise",592.440002441406,151,"Pearlwise"
"Pearlwise",680.289978027344,152,"Pearlwise"
"Pearlwise",938.409973144531,153,"Pearlwise"
"Pearlwise",1027.56994628906,154,"Pearlwise"
"Pearlwise",1255.43005371094,155,"Pearlwise"
"Pearlwise",712.760009765625,156,"Pearlwise"
"Pearlwise",792.419982910156,157,"Pearlwise"
"Pearlwise",1117.33996582031,158,"Pearlwise"
"Pearlwise",936.940002441406,159,"Pearlwise"
"Pearlwise",1156.08996582031,160,"Pearlwise"
"Pearlwise",1220.06005859375,161,"Pearlwise"
"Pearlwise",895.840026855469,162,"Pearlwise"
"Pearlwise",1027.10998535156,163,"Pearlwise"
"Pearlwise",875.119995117188,164,"Pearlwise"
"Pearlwise",843.22998046875,165,"Pearlwise"
"Pearlwise",1034.94995117188,166,"Pearlwise"
"Pearlwise",789.390014648438,167,"Pearlwise"
"Pearlwise",532.809997558594,168,"Pearlwise"
"Pearlwise",569.039978027344,169,"Pearlwise"
"Pearlwise",514.289978027344,170,"Pearlwise"
"Pearlwise",691.599975585938,171,"Pearlwise"
"Pearlwise",927.799987792969,172,"Pearlwise"
"Pearlwise",958.27001953125,173,"Pearlwise"
"Pearlwise",965.419982910156,174,"Pearlwise"
"Pearlwise",1128.39001464844,175,"Pearlwise"
"Pearlwise",946.010009765625,176,"Pearlwise"
"Pearlwise",1025.78002929688,177,"Pearlwise"
"Pearlwise",1050.5400390625,178,"Pearlwise"
"Pearlwise",764.75,179,"Pearlwise"
"Pearlwise",669.700012207031,180,"Pearlwise"
"Pearlwise",849.52001953125,181,"Pearlwise"
"Pearlwise",989.409973144531,182,"Pearlwise"
"Pearlwise",860.219970703125,183,"Pearlwise"
"Pearlwise",759.859985351562,184,"Pearlwise"
"Pearlwise",655.22998046875,185,"Pearlwise"
"Pearlwise",689.039978027344,186,"Pearlwise"
"Pearlwise",821.440002441406,187,"Pearlwise"
"Pearlwise",760.609985351562,188,"Pearlwise"
"Pearlwise",795.929992675781,189,"Pearlwise"
"Pearlwise",996.72998046875,190,"Pearlwise"
"Pearlwise",986.219970703125,191,"Pearlwise"
"Pearlwise",1103.72998046875,192,"Pearlwise"
"Pearlwise",973.890014648438,193,"Pearlwise"
"Pearlwise",941.25,194,"Pearlwise"
"Pearlwise",1095.43994140625,195,"Pearlwise"
"Pearlwise",1689.77001953125,196,"Pearlwise"
"Pearlwise",1181.92004394531,197,"Pearlwise"
"Pearlwise",826.559997558594,198,"Pearlwise"
"Pearlwise",982.119995117188,199,"Pearlwise"
"Pearlwise",768.47998046875,200,"Pearlwise"
"Pearlwise",866.030029296875,201,"Pearlwise"
"Pearlwise",1033.5400390625,202,"Pearlwise"
"Pearlwise",1323.0400390625,203,"Pearlwise"
"Pearlwise",938.02001953125,204,"Pearlwise"
"Pearlwise",855.510009765625,205,"Pearlwise"
"Pearlwise",1268.09997558594,206,"Pearlwise"
"Pearlwise",928.349975585938,207,"Pearlwise"
"Pearlwise",592.219970703125,208,"Pearlwise"
"Pearlwise",882.460021972656,209,"Pearlwise"
"Pearlwise",680.099975585938,210,"Pearlwise"
"Pearlwise",762.849975585938,211,"Pearlwise"
"Pearlwise",868.190002441406,212,"Pearlwise"
"Pearlwise",643.719970703125,213,"Pearlwise"
"Pearlwise",850.049987792969,214,"Pearlwise"
"Pearlwise",859.559997558594,215,"Pearlwise"
"Pearlwise",1124.18005371094,216,"Pearlwise"
"Pearlwise",625.369995117188,217,"Pearlwise"
"Pearlwise",760.719970703125,218,"Pearlwise"
"Pearlwise",701.77001953125,219,"Pearlwise"
"Pearlwise",605.359985351562,220,"Pearlwise"
"Pearlwise",670.609985351562,221,"Pearlwise"
"Pearlwise",650.840026855469,222,"Pearlwise"
"Pearlwise",664.099975585938,223,"Pearlwise"
"Pearlwise",609.109985351562,224,"Pearlwise"
"Pearlwise",648.22998046875,225,"Pearlwise"
"Pearlwise",577.609985351562,226,"Pearlwise"
"Pearlwise",486.649993896484,227,"Pearlwise"
"Pearlwise",469.820007324219,228,"Pearlwise"
"Pearlwise",438.329986572266,229,"Pearlwise"
"Pearlwise",533.530029296875,230,"Pearlwise"
"Pearlwise",437.609985351562,231,"Pearlwise"
"Pearlwise",482.519989013672,232,"Pearlwise"
"Pearlwise",495.380004882812,233,"Pearlwise"
"Pearlwise",471.720001220703,234,"Pearlwise"
"Pearlwise",488.140014648438,235,"Pearlwise"
"Pearlwise",563.080017089844,236,"Pearlwise"
"Pearlwise",755.809997558594,237,"Pearlwise"
"Pearlwise",332.290008544922,238,"Pearlwise"
"Pearlwise",390.049987792969,239,"Pearlwise"
"Pearlwise",472.619995117188,240,"Pearlwise"
"Pearlwise",310.059997558594,241,"Pearlwise"
"Pearlwise",391.720001220703,242,"Pearlwise"
"Pearlwise",470.350006103516,243,"Pearlwise"
"Pearlwise",535.650024414062,244,"Pearlwise"
"Pearlwise",636.630004882812,245,"Pearlwise"
"Pearlwise",581.690002441406,246,"Pearlwise"
"Pearlwise",435.769989013672,247,"Pearlwise"
"Pearlwise",477,248,"Pearlwise"
"Pearlwise",582.400024414062,249,"Pearlwise"
"Pearlwise",606.260009765625,250,"Pearlwise"
"Pearlwise",687.669982910156,251,"Pearlwise"
"Pearlwise",624.140014648438,252,"Pearlwise"
"Pearlwise",544.880004882812,253,"Pearlwise"
"Pearlwise",559.599975585938,254,"Pearlwise"
"Pearlwise",395.579986572266,255,"Pearlwise"
"Pearlwise",351.959991455078,256,"Pearlwise"
"Pearlwise",305.670013427734,257,"Pearlwise"
"Pearlwise",398.149993896484,258,"Pearlwise"
"Pearlwise",388.589996337891,259,"Pearlwise"
"Pearlwise",720.200012207031,260,"Pearlwise"
"Pearlwise",866.27001953125,261,"Pearlwise"
"Pearlwise",445.299987792969,262,"Pearlwise"
"Pearlwise",365.059997558594,263,"Pearlwise"
"Pearlwise",392.660003662109,264,"Pearlwise"
"Pearlwise",331.329986572266,265,"Pearlwise"
"Pearlwise",340.769989013672,266,"Pearlwise"
"Pearlwise",423.75,267,"Pearlwise"
"Pearlwise",486.670013427734,268,"Pearlwise"
"Pearlwise",596.02001953125,269,"Pearlwise"
"Pearlwise",421.299987792969,270,"Pearlwise"
"Pearlwise",471.929992675781,271,"Pearlwise"
"Pearlwise",527.630004882812,272,"Pearlwise"
"Pearlwise",365.010009765625,273,"Pearlwise"
"Pearlwise",298.100006103516,274,"Pearlwise"
"Pearlwise",326.359985351562,275,"Pearlwise"
"Pearlwise",457.130004882812,276,"Pearlwise"
"Pearlwise",322.309997558594,277,"Pearlwise"
"Pearlwise",433.230010986328,278,"Pearlwise"
"Pearlwise",365.470001220703,279,"Pearlwise"
"Pearlwise",488.350006103516,280,"Pearlwise"
"Pearlwise",510.970001220703,281,"Pearlwise"
"Pearlwise",575.299987792969,282,"Pearlwise"
"Pearlwise",501.630004882812,283,"Pearlwise"
"Pearlwise",591.27001953125,284,"Pearlwise"
"Pearlwise",586.309997558594,285,"Pearlwise"
"Pearlwise",598.210021972656,286,"Pearlwise"
"Pearlwise",397.420013427734,287,"Pearlwise"
"Pearlwise",467.75,288,"Pearlwise"
"Pearlwise",495.649993896484,289,"Pearlwise"
"Pearlwise",880.510009765625,290,"Pearlwise"
"Pearlwise",552.190002441406,291,"Pearlwise"
"Pearlwise",426.630004882812,292,"Pearlwise"
"Pearlwise",524.429992675781,293,"Pearlwise"
"Pearlwise",689.299987792969,294,"Pearlwise"
"Pearlwise",745.679992675781,295,"Pearlwise"
"Pearlwise",661.859985351562,296,"Pearlwise"
"Pearlwise",543.619995117188,297,"Pearlwise"
"Pearlwise",401.269989013672,298,"Pearlwise"
"Pearlwise",602.650024414062,299,"Pearlwise"
"Pearlwise",748.989990234375,300,"Pearlwise"
"Pearlwise",794.27001953125,301,"Pearlwise"
"Pearlwise",620.059997558594,302,"Pearlwise"
"Pearlwise",525.150024414062,303,"Pearlwise"
"Pearlwise",471.779998779297,304,"Pearlwise"
"Pearlwise",520.469970703125,305,"Pearlwise"
"Pearlwise",661.239990234375,306,"Pearlwise"
"Pearlwise",649.469970703125,307,"Pearlwise"
"Pearlwise",547.950012207031,308,"Pearlwise"
"Pearlwise",449.320007324219,309,"Pearlwise"
"Pearlwise",441.149993896484,310,"Pearlwise"
"Pearlwise",378.269989013672,311,"Pearlwise"
"Pearlwise",439.329986572266,312,"Pearlwise"
"Pearlwise",596.099975585938,313,"Pearlwise"
"Pearlwise",688.330017089844,314,"Pearlwise"
"Pearlwise",825.809997558594,315,"Pearlwise"
"Pearlwise",606.030029296875,316,"Pearlwise"
"Pearlwise",546.739990234375,317,"Pearlwise"
"Pearlwise",684.359985351562,318,"Pearlwise"
"Pearlwise",581.010009765625,319,"Pearlwise"
"Pearlwise",442.290008544922,320,"Pearlwise"
"Pearlwise",332.019989013672,321,"Pearlwise"
"Pearlwise",525.75,322,"Pearlwise"
"Pearlwise",403.429992675781,323,"Pearlwise"
"Pearlwise",389.429992675781,324,"Pearlwise"
"Pearlwise",669.109985351562,325,"Pearlwise"
"Pearlwise",895.799987792969,326,"Pearlwise"
"Pearlwise",839.219970703125,327,"Pearlwise"
"Pearlwise",516.02001953125,328,"Pearlwise"
"Pearlwise",465.079986572266,329,"Pearlwise"
"Pearlwise",578.469970703125,330,"Pearlwise"
"Pearlwise",452.540008544922,331,"Pearlwise"
"Pearlwise",339.220001220703,332,"Pearlwise"
"Pearlwise",313.410003662109,333,"Pearlwise"
"Pearlwise",352.790008544922,334,"Pearlwise"
"Pearlwise",429.079986572266,335,"Pearlwise"
"Pearlwise",515.210021972656,336,"Pearlwise"
"Pearlwise",523.330017089844,337,"Pearlwise"
"Pearlwise",522.590026855469,338,"Pearlwise"
"Pearlwise",556.200012207031,339,"Pearlwise"
"Pearlwise",545.130004882812,340,"Pearlwise"
"Pearlwise",534.640014648438,341,"Pearlwise"
"Pearlwise",621.150024414062,342,"Pearlwise"
"Pearlwise",458.760009765625,343,"Pearlwise"
"Pearlwise",369.890014648438,344,"Pearlwise"
"Pearlwise",351.190002441406,345,"Pearlwise"
"Pearlwise",476.480010986328,346,"Pearlwise"
"Pearlwise",518.200012207031,347,"Pearlwise"
"Pearlwise",472.519989013672,348,"Pearlwise"
"Pearlwise",542.489990234375,349,"Pearlwise"
"Pearlwise",404.540008544922,350,"Pearlwise"
"Pearlwise",563.280029296875,351,"Pearlwise"
"Pearlwise",666.570007324219,352,"Pearlwise"
"Pearlwise",663.599975585938,353,"Pearlwise"
"Pearlwise",629.340026855469,354,"Pearlwise"
"Pearlwise",774.400024414062,355,"Pearlwise"
"Pearlwise",665.809997558594,356,"Pearlwise"
"Pearlwise",677.909973144531,357,"Pearlwise"
"Pearlwise",713.070007324219,358,"Pearlwise"
"Pearlwise",530.650024414062,359,"Pearlwise"
"Pearlwise",445.709991455078,360,"Pearlwise"
"Pearlwise",604.590026855469,361,"Pearlwise"
"Pearlwise",621.070007324219,362,"Pearlwise"
"Pearlwise",684.440002441406,363,"Pearlwise"
"Pearlwise",552.330017089844,364,"Pearlwise"
"Pearlwise",419.489990234375,365,"Pearlwise"
"Peavine",33341.859375,1,"Peavine"
"Peavine",33382.3515625,2,"Peavine"
"Peavine",33426.1484375,3,"Peavine"
"Peavine",33473.23828125,4,"Peavine"
"Peavine",33523.578125,5,"Peavine"
"Peavine",33577.12109375,6,"Peavine"
"Peavine",33633.83984375,7,"Peavine"
"Peavine",33693.69921875,8,"Peavine"
"Peavine",33756.6484375,9,"Peavine"
"Peavine",33822.66015625,10,"Peavine"
"Peavine",33891.671875,11,"Peavine"
"Peavine",33963.640625,12,"Peavine"
"Peavine",34038.53125,13,"Peavine"
"Peavine",34116.28125,14,"Peavine"
"Peavine",34196.8515625,15,"Peavine"
"Peavine",34280.19140625,16,"Peavine"
"Peavine",34366.23828125,17,"Peavine"
"Peavine",34454.9609375,18,"Peavine"
"Peavine",34546.28125,19,"Peavine"
"Peavine",34640.171875,20,"Peavine"
"Peavine",34736.55078125,21,"Peavine"
"Peavine",34835.37890625,22,"Peavine"
"Peavine",34936.609375,23,"Peavine"
"Peavine",35040.171875,24,"Peavine"
"Peavine",35146.01953125,25,"Peavine"
"Peavine",35254.08984375,26,"Peavine"
"Peavine",35364.33984375,27,"Peavine"
"Peavine",35476.69921875,28,"Peavine"
"Peavine",35591.12109375,29,"Peavine"
"Peavine",35707.5390625,30,"Peavine"
"Peavine",35825.921875,31,"Peavine"
"Peavine",35946.19140625,32,"Peavine"
"Peavine",36068.30078125,33,"Peavine"
"Peavine",36192.19921875,34,"Peavine"
"Peavine",36317.83984375,35,"Peavine"
"Peavine",36445.16015625,36,"Peavine"
"Peavine",36574.1015625,37,"Peavine"
"Peavine",36704.62890625,38,"Peavine"
"Peavine",36836.6796875,39,"Peavine"
"Peavine",36970.19921875,40,"Peavine"
"Peavine",37105.16015625,41,"Peavine"
"Peavine",37241.48828125,42,"Peavine"
"Peavine",37379.16015625,43,"Peavine"
"Peavine",37518.1015625,44,"Peavine"
"Peavine",37658.28125,45,"Peavine"
"Peavine",37799.66015625,46,"Peavine"
"Peavine",37942.1796875,47,"Peavine"
"Peavine",38085.80078125,48,"Peavine"
"Peavine",38230.48046875,49,"Peavine"
"Peavine",38376.171875,50,"Peavine"
"Peavine",38522.83984375,51,"Peavine"
"Peavine",38670.44921875,52,"Peavine"
"Peavine",38818.94140625,53,"Peavine"
"Peavine",38968.30078125,54,"Peavine"
"Peavine",39118.4609375,55,"Peavine"
"Peavine",39269.41015625,56,"Peavine"
"Peavine",39421.1015625,57,"Peavine"
"Peavine",39573.5,58,"Peavine"
"Peavine",39726.55859375,59,"Peavine"
"Peavine",39880.26171875,60,"Peavine"
"Peavine",40034.5703125,61,"Peavine"
"Peavine",40189.44140625,62,"Peavine"
"Peavine",40344.8515625,63,"Peavine"
"Peavine",40500.76171875,64,"Peavine"
"Peavine",40657.1484375,65,"Peavine"
"Peavine",40813.96875,66,"Peavine"
"Peavine",40971.2109375,67,"Peavine"
"Peavine",41128.828125,68,"Peavine"
"Peavine",41286.80859375,69,"Peavine"
"Peavine",41445.1015625,70,"Peavine"
"Peavine",41603.69921875,71,"Peavine"
"Peavine",41762.55078125,72,"Peavine"
"Peavine",41921.6484375,73,"Peavine"
"Peavine",42080.9609375,74,"Peavine"
"Peavine",42240.4609375,75,"Peavine"
"Peavine",42400.109375,76,"Peavine"
"Peavine",42559.8984375,77,"Peavine"
"Peavine",42719.7890625,78,"Peavine"
"Peavine",42879.76171875,79,"Peavine"
"Peavine",43039.78125,80,"Peavine"
"Peavine",43199.828125,81,"Peavine"
"Peavine",43359.87109375,82,"Peavine"
"Peavine",43519.890625,83,"Peavine"
"Peavine",43679.859375,84,"Peavine"
"Peavine",43839.75,85,"Peavine"
"Peavine",43999.5390625,86,"Peavine"
"Peavine",44159.19140625,87,"Peavine"
"Peavine",44318.69140625,88,"Peavine"
"Peavine",44478,89,"Peavine"
"Peavine",44637.1015625,90,"Peavine"
"Peavine",44795.9609375,91,"Peavine"
"Peavine",44954.55078125,92,"Peavine"
"Peavine",45112.8515625,93,"Peavine"
"Peavine",45270.8203125,94,"Peavine"
"Peavine",45428.44140625,95,"Peavine"
"Peavine",45585.6796875,96,"Peavine"
"Peavine",45742.51171875,97,"Peavine"
"Peavine",45898.8984375,98,"Peavine"
"Peavine",46054.80859375,99,"Peavine"
"Peavine",46210.21875,100,"Peavine"
"Peavine",46365.08984375,101,"Peavine"
"Peavine",46519.3984375,102,"Peavine"
"Peavine",46673.1015625,103,"Peavine"
"Peavine",46826.171875,104,"Peavine"
"Peavine",46978.5703125,105,"Peavine"
"Peavine",47130.26171875,106,"Peavine"
"Peavine",47281.2109375,107,"Peavine"
"Peavine",47431.37890625,108,"Peavine"
"Peavine",47580.73046875,109,"Peavine"
"Peavine",47729.23046875,110,"Peavine"
"Peavine",47876.83984375,111,"Peavine"
"Peavine",48023.51171875,112,"Peavine"
"Peavine",48169.2109375,113,"Peavine"
"Peavine",48313.890625,114,"Peavine"
"Peavine",48457.51171875,115,"Peavine"
"Peavine",48600.03125,116,"Peavine"
"Peavine",48741.41015625,117,"Peavine"
"Peavine",48881.58984375,118,"Peavine"
"Peavine",49020.5390625,119,"Peavine"
"Peavine",49158.2109375,120,"Peavine"
"Peavine",49294.5390625,121,"Peavine"
"Peavine",49429.5,122,"Peavine"
"Peavine",49563.03125,123,"Peavine"
"Peavine",49695.08984375,124,"Peavine"
"Peavine",49825.609375,125,"Peavine"
"Peavine",49954.55859375,126,"Peavine"
"Peavine",50081.890625,127,"Peavine"
"Peavine",50207.51953125,128,"Peavine"
"Peavine",50331.4296875,129,"Peavine"
"Peavine",50453.55078125,130,"Peavine"
"Peavine",50573.8203125,131,"Peavine"
"Peavine",50692.19921875,132,"Peavine"
"Peavine",50808.62890625,133,"Peavine"
"Peavine",50923.05859375,134,"Peavine"
"Peavine",51035.421875,135,"Peavine"
"Peavine",51145.671875,136,"Peavine"
"Peavine",51253.75,137,"Peavine"
"Peavine",51359.6015625,138,"Peavine"
"Peavine",51463.171875,139,"Peavine"
"Peavine",51564.3984375,140,"Peavine"
"Peavine",51663.23828125,141,"Peavine"
"Peavine",51759.62890625,142,"Peavine"
"Peavine",51853.51171875,143,"Peavine"
"Peavine",51944.8515625,144,"Peavine"
"Peavine",52033.5703125,145,"Peavine"
"Peavine",52119.62890625,146,"Peavine"
"Peavine",52202.96875,147,"Peavine"
"Peavine",52283.55078125,148,"Peavine"
"Peavine",52361.30859375,149,"Peavine"
"Peavine",52436.19921875,150,"Peavine"
"Peavine",52508.1796875,151,"Peavine"
"Peavine",52577.19921875,152,"Peavine"
"Peavine",52643.2109375,153,"Peavine"
"Peavine",52706.16015625,154,"Peavine"
"Peavine",52766.03125,155,"Peavine"
"Peavine",52822.76171875,156,"Peavine"
"Peavine",52876.30859375,157,"Peavine"
"Peavine",52926.6484375,158,"Peavine"
"Peavine",52973.75,159,"Peavine"
"Peavine",53017.55859375,160,"Peavine"
"Peavine",53058.05859375,161,"Peavine"
"Peavine",53095.21875,162,"Peavine"
"Peavine",53129,163,"Peavine"
"Peavine",53159.3984375,164,"Peavine"
"Peavine",53186.37109375,165,"Peavine"
"Peavine",53209.91015625,166,"Peavine"
"Peavine",53230,167,"Peavine"
"Peavine",53246.609375,168,"Peavine"
"Peavine",53259.73828125,169,"Peavine"
"Peavine",53269.37890625,170,"Peavine"
"Peavine",53275.53125,171,"Peavine"
"Peavine",53278.16015625,172,"Peavine"
"Peavine",53277.2890625,173,"Peavine"
"Peavine",53272.921875,174,"Peavine"
"Peavine",53265.0390625,175,"Peavine"
"Peavine",53253.671875,176,"Peavine"
"Peavine",53238.80859375,177,"Peavine"
"Peavine",53220.46875,178,"Peavine"
"Peavine",53198.6796875,179,"Peavine"
"Peavine",53173.4296875,180,"Peavine"
"Peavine",53144.76171875,181,"Peavine"
"Peavine",53112.6796875,182,"Peavine"
"Peavine",53077.21875,183,"Peavine"
"Peavine",53038.3984375,184,"Peavine"
"Peavine",52996.26171875,185,"Peavine"
"Peavine",52950.80859375,186,"Peavine"
"Peavine",52902.109375,187,"Peavine"
"Peavine",52850.171875,188,"Peavine"
"Peavine",52795.0390625,189,"Peavine"
"Peavine",52736.75,190,"Peavine"
"Peavine",52675.3515625,191,"Peavine"
"Peavine",52610.87109375,192,"Peavine"
"Peavine",52543.359375,193,"Peavine"
"Peavine",52472.87109375,194,"Peavine"
"Peavine",52399.44140625,195,"Peavine"
"Peavine",52323.12109375,196,"Peavine"
"Peavine",52243.9609375,197,"Peavine"
"Peavine",52162.01171875,198,"Peavine"
"Peavine",52077.30859375,199,"Peavine"
"Peavine",51989.921875,200,"Peavine"
"Peavine",51899.8984375,201,"Peavine"
"Peavine",51807.30078125,202,"Peavine"
"Peavine",51712.16015625,203,"Peavine"
"Peavine",51614.55078125,204,"Peavine"
"Peavine",51514.51953125,205,"Peavine"
"Peavine",51412.12109375,206,"Peavine"
"Peavine",51307.421875,207,"Peavine"
"Peavine",51200.4609375,208,"Peavine"
"Peavine",51091.30078125,209,"Peavine"
"Peavine",50979.98828125,210,"Peavine"
"Peavine",50866.6015625,211,"Peavine"
"Peavine",50751.171875,212,"Peavine"
"Peavine",50633.76953125,213,"Peavine"
"Peavine",50514.44140625,214,"Peavine"
"Peavine",50393.25,215,"Peavine"
"Peavine",50270.23828125,216,"Peavine"
"Peavine",50145.46875,217,"Peavine"
"Peavine",50018.98828125,218,"Peavine"
"Peavine",49890.8515625,219,"Peavine"
"Peavine",49761.12109375,220,"Peavine"
"Peavine",49629.828125,221,"Peavine"
"Peavine",49497.03125,222,"Peavine"
"Peavine",49362.7890625,223,"Peavine"
"Peavine",49227.140625,224,"Peavine"
"Peavine",49090.140625,225,"Peavine"
"Peavine",48951.828125,226,"Peavine"
"Peavine",48812.26953125,227,"Peavine"
"Peavine",48671.48046875,228,"Peavine"
"Peavine",48529.5390625,229,"Peavine"
"Peavine",48386.4609375,230,"Peavine"
"Peavine",48242.30859375,231,"Peavine"
"Peavine",48097.12109375,232,"Peavine"
"Peavine",47950.9296875,233,"Peavine"
"Peavine",47803.7890625,234,"Peavine"
"Peavine",47655.73828125,235,"Peavine"
"Peavine",47506.80859375,236,"Peavine"
"Peavine",47357.05078125,237,"Peavine"
"Peavine",47206.48828125,238,"Peavine"
"Peavine",47055.171875,239,"Peavine"
"Peavine",46903.12109375,240,"Peavine"
"Peavine",46750.390625,241,"Peavine"
"Peavine",46597,242,"Peavine"
"Peavine",46443,243,"Peavine"
"Peavine",46288.3984375,244,"Peavine"
"Peavine",46133.26171875,245,"Peavine"
"Peavine",45977.6015625,246,"Peavine"
"Peavine",45821.44921875,247,"Peavine"
"Peavine",45664.83984375,248,"Peavine"
"Peavine",45507.80078125,249,"Peavine"
"Peavine",45350.37109375,250,"Peavine"
"Peavine",45192.5703125,251,"Peavine"
"Peavine",45034.4296875,252,"Peavine"
"Peavine",44875.98046875,253,"Peavine"
"Peavine",44717.25,254,"Peavine"
"Peavine",44558.26953125,255,"Peavine"
"Peavine",44399.05859375,256,"Peavine"
"Peavine",44239.66015625,257,"Peavine"
"Peavine",44080.078125,258,"Peavine"
"Peavine",43920.359375,259,"Peavine"
"Peavine",43760.51953125,260,"Peavine"
"Peavine",43600.58984375,261,"Peavine"
"Peavine",43440.58984375,262,"Peavine"
"Peavine",43280.55078125,263,"Peavine"
"Peavine",43120.5,264,"Peavine"
"Peavine",42960.4609375,265,"Peavine"
"Peavine",42800.4609375,266,"Peavine"
"Peavine",42640.53125,267,"Peavine"
"Peavine",42480.69140625,268,"Peavine"
"Peavine",42320.96875,269,"Peavine"
"Peavine",42161.390625,270,"Peavine"
"Peavine",42001.98046875,271,"Peavine"
"Peavine",41842.76953125,272,"Peavine"
"Peavine",41683.7890625,273,"Peavine"
"Peavine",41525.05859375,274,"Peavine"
"Peavine",41366.609375,275,"Peavine"
"Peavine",41208.46875,276,"Peavine"
"Peavine",41050.671875,277,"Peavine"
"Peavine",40893.23046875,278,"Peavine"
"Peavine",40736.19140625,279,"Peavine"
"Peavine",40579.578125,280,"Peavine"
"Peavine",40423.4296875,281,"Peavine"
"Peavine",40267.76171875,282,"Peavine"
"Peavine",40112.609375,283,"Peavine"
"Peavine",39958.01953125,284,"Peavine"
"Peavine",39804.01171875,285,"Peavine"
"Peavine",39650.62109375,286,"Peavine"
"Peavine",39497.87890625,287,"Peavine"
"Peavine",39345.828125,288,"Peavine"
"Peavine",39194.5,289,"Peavine"
"Peavine",39043.94140625,290,"Peavine"
"Peavine",38894.171875,291,"Peavine"
"Peavine",38745.23828125,292,"Peavine"
"Peavine",38597.1796875,293,"Peavine"
"Peavine",38450.03125,294,"Peavine"
"Peavine",38303.83984375,295,"Peavine"
"Peavine",38158.640625,296,"Peavine"
"Peavine",38014.48046875,297,"Peavine"
"Peavine",37871.3984375,298,"Peavine"
"Peavine",37729.44140625,299,"Peavine"
"Peavine",37588.6484375,300,"Peavine"
"Peavine",37449.078125,301,"Peavine"
"Peavine",37310.76171875,302,"Peavine"
"Peavine",37173.75,303,"Peavine"
"Peavine",37038.1015625,304,"Peavine"
"Peavine",36903.83984375,305,"Peavine"
"Peavine",36771.0390625,306,"Peavine"
"Peavine",36639.73828125,307,"Peavine"
"Peavine",36509.98828125,308,"Peavine"
"Peavine",36381.8515625,309,"Peavine"
"Peavine",36255.359375,310,"Peavine"
"Peavine",36130.5703125,311,"Peavine"
"Peavine",36007.55078125,312,"Peavine"
"Peavine",35886.3515625,313,"Peavine"
"Peavine",35767.01171875,314,"Peavine"
"Peavine",35649.58984375,315,"Peavine"
"Peavine",35534.1484375,316,"Peavine"
"Peavine",35420.75,317,"Peavine"
"Peavine",35309.4296875,318,"Peavine"
"Peavine",35200.25,319,"Peavine"
"Peavine",35093.28125,320,"Peavine"
"Peavine",34988.55859375,321,"Peavine"
"Peavine",34886.140625,322,"Peavine"
"Peavine",34786.1015625,323,"Peavine"
"Peavine",34688.46875,324,"Peavine"
"Peavine",34593.3203125,325,"Peavine"
"Peavine",34500.69921875,326,"Peavine"
"Peavine",34410.66015625,327,"Peavine"
"Peavine",34323.25,328,"Peavine"
"Peavine",34238.5390625,329,"Peavine"
"Peavine",34156.5703125,330,"Peavine"
"Peavine",34077.390625,331,"Peavine"
"Peavine",34001.05078125,332,"Peavine"
"Peavine",33927.6015625,333,"Peavine"
"Peavine",33857.08984375,334,"Peavine"
"Peavine",33789.55859375,335,"Peavine"
"Peavine",33725.0703125,336,"Peavine"
"Peavine",33663.640625,337,"Peavine"
"Peavine",33605.33984375,338,"Peavine"
"Peavine",33550.1796875,339,"Peavine"
"Peavine",33498.21875,340,"Peavine"
"Peavine",33449.48828125,341,"Peavine"
"Peavine",33404.03125,342,"Peavine"
"Peavine",33361.859375,343,"Peavine"
"Peavine",33323.01953125,344,"Peavine"
"Peavine",33287.5390625,345,"Peavine"
"Peavine",33255.44140625,346,"Peavine"
"Peavine",33226.75,347,"Peavine"
"Peavine",33201.48046875,348,"Peavine"
"Peavine",33179.66015625,349,"Peavine"
"Peavine",33161.30078125,350,"Peavine"
"Peavine",33146.421875,351,"Peavine"
"Peavine",33135.01953125,352,"Peavine"
"Peavine",33127.12109375,353,"Peavine"
"Peavine",33122.71875,354,"Peavine"
"Peavine",33121.828125,355,"Peavine"
"Peavine",33124.44921875,356,"Peavine"
"Peavine",33130.55859375,357,"Peavine"
"Peavine",33140.1796875,358,"Peavine"
"Peavine",33153.2890625,359,"Peavine"
"Peavine",33169.87890625,360,"Peavine"
"Peavine",33189.94921875,361,"Peavine"
"Peavine",33213.4609375,362,"Peavine"
"Peavine",33240.421875,363,"Peavine"
"Peavine",33270.7890625,364,"Peavine"
"Peavine",33304.55078125,365,"Peavine"
"Peavine",0,1,"Peavine"
"Peavine",0,2,"Peavine"
"Peavine",0,3,"Peavine"
"Peavine",0,4,"Peavine"
"Peavine",0,5,"Peavine"
"Peavine",6.44999980926514,6,"Peavine"
"Peavine",0,7,"Peavine"
"Peavine",0,8,"Peavine"
"Peavine",0,9,"Peavine"
"Peavine",12.9700002670288,10,"Peavine"
"Peavine",0,11,"Peavine"
"Peavine",0,12,"Peavine"
"Peavine",0,13,"Peavine"
"Peavine",0,14,"Peavine"
"Peavine",0,15,"Peavine"
"Peavine",2.80999994277954,16,"Peavine"
"Peavine",0,17,"Peavine"
"Peavine",0,18,"Peavine"
"Peavine",0,19,"Peavine"
"Peavine",0.509999990463257,20,"Peavine"
"Peavine",0,21,"Peavine"
"Peavine",1.5900000333786,22,"Peavine"
"Peavine",0,23,"Peavine"
"Peavine",0,24,"Peavine"
"Peavine",0,25,"Peavine"
"Peavine",0,26,"Peavine"
"Peavine",0,27,"Peavine"
"Peavine",0,28,"Peavine"
"Peavine",0,29,"Peavine"
"Peavine",0,30,"Peavine"
"Peavine",2.41000008583069,31,"Peavine"
"Peavine",0,32,"Peavine"
"Peavine",0,33,"Peavine"
"Peavine",6.92999982833862,34,"Peavine"
"Peavine",24.5799999237061,35,"Peavine"
"Peavine",0,36,"Peavine"
"Peavine",0,37,"Peavine"
"Peavine",1.4099999666214,38,"Peavine"
"Peavine",0,39,"Peavine"
"Peavine",0,40,"Peavine"
"Peavine",0,41,"Peavine"
"Peavine",0,42,"Peavine"
"Peavine",0,43,"Peavine"
"Peavine",0,44,"Peavine"
"Peavine",4.96999979019165,45,"Peavine"
"Peavine",0,46,"Peavine"
"Peavine",0,47,"Peavine"
"Peavine",5.59000015258789,48,"Peavine"
"Peavine",13.4399995803833,49,"Peavine"
"Peavine",3.52999997138977,50,"Peavine"
"Peavine",1.25999999046326,51,"Peavine"
"Peavine",0,52,"Peavine"
"Peavine",0,53,"Peavine"
"Peavine",0,54,"Peavine"
"Peavine",0,55,"Peavine"
"Peavine",0,56,"Peavine"
"Peavine",0,57,"Peavine"
"Peavine",0,58,"Peavine"
"Peavine",0,59,"Peavine"
"Peavine",7.15000009536743,60,"Peavine"
"Peavine",27.7299995422363,61,"Peavine"
"Peavine",16.8600006103516,62,"Peavine"
"Peavine",2.05999994277954,63,"Peavine"
"Peavine",0,64,"Peavine"
"Peavine",0,65,"Peavine"
"Peavine",0,66,"Peavine"
"Peavine",0,67,"Peavine"
"Peavine",0,68,"Peavine"
"Peavine",0,69,"Peavine"
"Peavine",0,70,"Peavine"
"Peavine",0,71,"Peavine"
"Peavine",0,72,"Peavine"
"Peavine",0,73,"Peavine"
"Peavine",0,74,"Peavine"
"Peavine",0,75,"Peavine"
"Peavine",0,76,"Peavine"
"Peavine",0,77,"Peavine"
"Peavine",0,78,"Peavine"
"Peavine",0,79,"Peavine"
"Peavine",0,80,"Peavine"
"Peavine",0,81,"Peavine"
"Peavine",5.8600001335144,82,"Peavine"
"Peavine",0,83,"Peavine"
"Peavine",1.5,84,"Peavine"
"Peavine",0,85,"Peavine"
"Peavine",0,86,"Peavine"
"Peavine",6.57999992370605,87,"Peavine"
"Peavine",0,88,"Peavine"
"Peavine",15.3100004196167,89,"Peavine"
"Peavine",14.8699998855591,90,"Peavine"
"Peavine",5.26999998092651,91,"Peavine"
"Peavine",0,92,"Peavine"
"Peavine",0,93,"Peavine"
"Peavine",0.889999985694885,94,"Peavine"
"Peavine",0,95,"Peavine"
"Peavine",2,96,"Peavine"
"Peavine",0,97,"Peavine"
"Peavine",0,98,"Peavine"
"Peavine",0,99,"Peavine"
"Peavine",0,100,"Peavine"
"Peavine",0,101,"Peavine"
"Peavine",0,102,"Peavine"
"Peavine",0,103,"Peavine"
"Peavine",0,104,"Peavine"
"Peavine",0,105,"Peavine"
"Peavine",0,106,"Peavine"
"Peavine",0,107,"Peavine"
"Peavine",0,108,"Peavine"
"Peavine",0,109,"Peavine"
"Peavine",0,110,"Peavine"
"Peavine",0,111,"Peavine"
"Peavine",0,112,"Peavine"
"Peavine",0,113,"Peavine"
"Peavine",3.95000004768372,114,"Peavine"
"Peavine",0,115,"Peavine"
"Peavine",2.0699999332428,116,"Peavine"
"Peavine",1.08000004291534,117,"Peavine"
"Peavine",0,118,"Peavine"
"Peavine",0,119,"Peavine"
"Peavine",0,120,"Peavine"
"Peavine",0,121,"Peavine"
"Peavine",0,122,"Peavine"
"Peavine",0,123,"Peavine"
"Peavine",0,124,"Peavine"
"Peavine",7.92999982833862,125,"Peavine"
"Peavine",0,126,"Peavine"
"Peavine",0,127,"Peavine"
"Peavine",0,128,"Peavine"
"Peavine",0,129,"Peavine"
"Peavine",0,130,"Peavine"
"Peavine",0,131,"Peavine"
"Peavine",0,132,"Peavine"
"Peavine",0,133,"Peavine"
"Peavine",0,134,"Peavine"
"Peavine",0,135,"Peavine"
"Peavine",0,136,"Peavine"
"Peavine",0,137,"Peavine"
"Peavine",0,138,"Peavine"
"Peavine",0,139,"Peavine"
"Peavine",0,140,"Peavine"
"Peavine",0,141,"Peavine"
"Peavine",0,142,"Peavine"
"Peavine",0,143,"Peavine"
"Peavine",0,144,"Peavine"
"Peavine",0,145,"Peavine"
"Peavine",0,146,"Peavine"
"Peavine",0,147,"Peavine"
"Peavine",0,148,"Peavine"
"Peavine",0,149,"Peavine"
"Peavine",0,150,"Peavine"
"Peavine",0,151,"Peavine"
"Peavine",0,152,"Peavine"
"Peavine",0,153,"Peavine"
"Peavine",0,154,"Peavine"
"Peavine",0,155,"Peavine"
"Peavine",0,156,"Peavine"
"Peavine",0,157,"Peavine"
"Peavine",0,158,"Peavine"
"Peavine",0,159,"Peavine"
"Peavine",0,160,"Peavine"
"Peavine",0,161,"Peavine"
"Peavine",0,162,"Peavine"
"Peavine",0,163,"Peavine"
"Peavine",0,164,"Peavine"
"Peavine",0,165,"Peavine"
"Peavine",0,166,"Peavine"
"Peavine",0,167,"Peavine"
"Peavine",0,168,"Peavine"
"Peavine",0,169,"Peavine"
"Peavine",0,170,"Peavine"
"Peavine",0,171,"Peavine"
"Peavine",0,172,"Peavine"
"Peavine",0,173,"Peavine"
"Peavine",0,174,"Peavine"
"Peavine",0,175,"Peavine"
"Peavine",0,176,"Peavine"
"Peavine",0,177,"Peavine"
"Peavine",0,178,"Peavine"
"Peavine",0,179,"Peavine"
"Peavine",0,180,"Peavine"
"Peavine",0,181,"Peavine"
"Peavine",0,182,"Peavine"
"Peavine",0,183,"Peavine"
"Peavine",0,184,"Peavine"
"Peavine",0,185,"Peavine"
"Peavine",0,186,"Peavine"
"Peavine",0,187,"Peavine"
"Peavine",0,188,"Peavine"
"Peavine",0,189,"Peavine"
"Peavine",0,190,"Peavine"
"Peavine",0,191,"Peavine"
"Peavine",0,192,"Peavine"
"Peavine",0,193,"Peavine"
"Peavine",0,194,"Peavine"
"Peavine",0,195,"Peavine"
"Peavine",2.51999998092651,196,"Peavine"
"Peavine",0,197,"Peavine"
"Peavine",0,198,"Peavine"
"Peavine",0,199,"Peavine"
"Peavine",0,200,"Peavine"
"Peavine",0,201,"Peavine"
"Peavine",0,202,"Peavine"
"Peavine",0,203,"Peavine"
"Peavine",0,204,"Peavine"
"Peavine",0,205,"Peavine"
"Peavine",0,206,"Peavine"
"Peavine",0,207,"Peavine"
"Peavine",0,208,"Peavine"
"Peavine",0,209,"Peavine"
"Peavine",0,210,"Peavine"
"Peavine",0,211,"Peavine"
"Peavine",0,212,"Peavine"
"Peavine",0,213,"Peavine"
"Peavine",0,214,"Peavine"
"Peavine",0,215,"Peavine"
"Peavine",1.91999995708466,216,"Peavine"
"Peavine",0,217,"Peavine"
"Peavine",0,218,"Peavine"
"Peavine",0,219,"Peavine"
"Peavine",0,220,"Peavine"
"Peavine",0,221,"Peavine"
"Peavine",0,222,"Peavine"
"Peavine",0,223,"Peavine"
"Peavine",0,224,"Peavine"
"Peavine",0,225,"Peavine"
"Peavine",0,226,"Peavine"
"Peavine",0,227,"Peavine"
"Peavine",0,228,"Peavine"
"Peavine",0,229,"Peavine"
"Peavine",0,230,"Peavine"
"Peavine",0,231,"Peavine"
"Peavine",0,232,"Peavine"
"Peavine",0,233,"Peavine"
"Peavine",0,234,"Peavine"
"Peavine",0,235,"Peavine"
"Peavine",0,236,"Peavine"
"Peavine",3.42000007629395,237,"Peavine"
"Peavine",0,238,"Peavine"
"Peavine",0,239,"Peavine"
"Peavine",0,240,"Peavine"
"Peavine",0,241,"Peavine"
"Peavine",0,242,"Peavine"
"Peavine",0,243,"Peavine"
"Peavine",0,244,"Peavine"
"Peavine",0,245,"Peavine"
"Peavine",0,246,"Peavine"
"Peavine",0,247,"Peavine"
"Peavine",0,248,"Peavine"
"Peavine",0,249,"Peavine"
"Peavine",0,250,"Peavine"
"Peavine",0,251,"Peavine"
"Peavine",0,252,"Peavine"
"Peavine",0,253,"Peavine"
"Peavine",0,254,"Peavine"
"Peavine",0,255,"Peavine"
"Peavine",0,256,"Peavine"
"Peavine",0,257,"Peavine"
"Peavine",0,258,"Peavine"
"Peavine",0,259,"Peavine"
"Peavine",1.27999997138977,260,"Peavine"
"Peavine",0,261,"Peavine"
"Peavine",1.51999998092651,262,"Peavine"
"Peavine",0,263,"Peavine"
"Peavine",0,264,"Peavine"
"Peavine",0,265,"Peavine"
"Peavine",0,266,"Peavine"
"Peavine",0,267,"Peavine"
"Peavine",0,268,"Peavine"
"Peavine",0,269,"Peavine"
"Peavine",0,270,"Peavine"
"Peavine",0,271,"Peavine"
"Peavine",0,272,"Peavine"
"Peavine",0,273,"Peavine"
"Peavine",0,274,"Peavine"
"Peavine",0,275,"Peavine"
"Peavine",0,276,"Peavine"
"Peavine",0,277,"Peavine"
"Peavine",0,278,"Peavine"
"Peavine",0,279,"Peavine"
"Peavine",0,280,"Peavine"
"Peavine",0,281,"Peavine"
"Peavine",0,282,"Peavine"
"Peavine",0,283,"Peavine"
"Peavine",0,284,"Peavine"
"Peavine",0,285,"Peavine"
"Peavine",0,286,"Peavine"
"Peavine",0,287,"Peavine"
"Peavine",0,288,"Peavine"
"Peavine",0,289,"Peavine"
"Peavine",6.75,290,"Peavine"
"Peavine",1.72000002861023,291,"Peavine"
"Peavine",0,292,"Peavine"
"Peavine",0,293,"Peavine"
"Peavine",0,294,"Peavine"
"Peavine",0,295,"Peavine"
"Peavine",0,296,"Peavine"
"Peavine",0,297,"Peavine"
"Peavine",0,298,"Peavine"
"Peavine",0,299,"Peavine"
"Peavine",0,300,"Peavine"
"Peavine",0,301,"Peavine"
"Peavine",0,302,"Peavine"
"Peavine",0,303,"Peavine"
"Peavine",0,304,"Peavine"
"Peavine",0,305,"Peavine"
"Peavine",0.800000011920929,306,"Peavine"
"Peavine",0,307,"Peavine"
"Peavine",0,308,"Peavine"
"Peavine",0,309,"Peavine"
"Peavine",0,310,"Peavine"
"Peavine",0,311,"Peavine"
"Peavine",0,312,"Peavine"
"Peavine",0,313,"Peavine"
"Peavine",0,314,"Peavine"
"Peavine",0,315,"Peavine"
"Peavine",3.47000002861023,316,"Peavine"
"Peavine",0,317,"Peavine"
"Peavine",0,318,"Peavine"
"Peavine",2.44000005722046,319,"Peavine"
"Peavine",0,320,"Peavine"
"Peavine",0,321,"Peavine"
"Peavine",0,322,"Peavine"
"Peavine",0,323,"Peavine"
"Peavine",0,324,"Peavine"
"Peavine",0,325,"Peavine"
"Peavine",0,326,"Peavine"
"Peavine",8.67000007629395,327,"Peavine"
"Peavine",0,328,"Peavine"
"Peavine",0,329,"Peavine"
"Peavine",2.20000004768372,330,"Peavine"
"Peavine",0,331,"Peavine"
"Peavine",0,332,"Peavine"
"Peavine",0,333,"Peavine"
"Peavine",0,334,"Peavine"
"Peavine",0,335,"Peavine"
"Peavine",0,336,"Peavine"
"Peavine",0,337,"Peavine"
"Peavine",0,338,"Peavine"
"Peavine",0,339,"Peavine"
"Peavine",0,340,"Peavine"
"Peavine",0,341,"Peavine"
"Peavine",0,342,"Peavine"
"Peavine",0,343,"Peavine"
"Peavine",0,344,"Peavine"
"Peavine",0,345,"Peavine"
"Peavine",0,346,"Peavine"
"Peavine",0,347,"Peavine"
"Peavine",0,348,"Peavine"
"Peavine",11.4700002670288,349,"Peavine"
"Peavine",0,350,"Peavine"
"Peavine",5.17999982833862,351,"Peavine"
"Peavine",0,352,"Peavine"
"Peavine",0,353,"Peavine"
"Peavine",0,354,"Peavine"
"Peavine",0,355,"Peavine"
"Peavine",4.01000022888184,356,"Peavine"
"Peavine",1.27999997138977,357,"Peavine"
"Peavine",0,358,"Peavine"
"Peavine",2.08999991416931,359,"Peavine"
"Peavine",0,360,"Peavine"
"Peavine",0,361,"Peavine"
"Peavine",0,362,"Peavine"
"Peavine",9.46000003814697,363,"Peavine"
"Peavine",12.0600004196167,364,"Peavine"
"Peavine",0,365,"Peavine"
"Peavine",226.529998779297,1,"Peavine"
"Peavine",195.679992675781,2,"Peavine"
"Peavine",133.429992675781,3,"Peavine"
"Peavine",218.460006713867,4,"Peavine"
"Peavine",222.929992675781,5,"Peavine"
"Peavine",193.100006103516,6,"Peavine"
"Peavine",268.350006103516,7,"Peavine"
"Peavine",264.790008544922,8,"Peavine"
"Peavine",252.259994506836,9,"Peavine"
"Peavine",153.149993896484,10,"Peavine"
"Peavine",283.190002441406,11,"Peavine"
"Peavine",244.580001831055,12,"Peavine"
"Peavine",173.679992675781,13,"Peavine"
"Peavine",238.050003051758,14,"Peavine"
"Peavine",276.980010986328,15,"Peavine"
"Peavine",186.25,16,"Peavine"
"Peavine",202.009994506836,17,"Peavine"
"Peavine",242.509994506836,18,"Peavine"
"Peavine",220.75,19,"Peavine"
"Peavine",174.380004882812,20,"Peavine"
"Peavine",172.059997558594,21,"Peavine"
"Peavine",128.660003662109,22,"Peavine"
"Peavine",226.210006713867,23,"Peavine"
"Peavine",205.580001831055,24,"Peavine"
"Peavine",226.979995727539,25,"Peavine"
"Peavine",250.710006713867,26,"Peavine"
"Peavine",249.300003051758,27,"Peavine"
"Peavine",278.709991455078,28,"Peavine"
"Peavine",294.369995117188,29,"Peavine"
"Peavine",275.440002441406,30,"Peavine"
"Peavine",156.779998779297,31,"Peavine"
"Peavine",231.520004272461,32,"Peavine"
"Peavine",246.619995117188,33,"Peavine"
"Peavine",225.490005493164,34,"Peavine"
"Peavine",146.470001220703,35,"Peavine"
"Peavine",242.490005493164,36,"Peavine"
"Peavine",228.080001831055,37,"Peavine"
"Peavine",245.809997558594,38,"Peavine"
"Peavine",345.850006103516,39,"Peavine"
"Peavine",298.119995117188,40,"Peavine"
"Peavine",350.470001220703,41,"Peavine"
"Peavine",385.709991455078,42,"Peavine"
"Peavine",385.820007324219,43,"Peavine"
"Peavine",329.660003662109,44,"Peavine"
"Peavine",193.300003051758,45,"Peavine"
"Peavine",239.119995117188,46,"Peavine"
"Peavine",266.070007324219,47,"Peavine"
"Peavine",177.190002441406,48,"Peavine"
"Peavine",246.089996337891,49,"Peavine"
"Peavine",170.630004882812,50,"Peavine"
"Peavine",301.089996337891,51,"Peavine"
"Peavine",330.209991455078,52,"Peavine"
"Peavine",379.700012207031,53,"Peavine"
"Peavine",367.119995117188,54,"Peavine"
"Peavine",387.089996337891,55,"Peavine"
"Peavine",373.029998779297,56,"Peavine"
"Peavine",226.179992675781,57,"Peavine"
"Peavine",372.320007324219,58,"Peavine"
"Peavine",402.029998779297,59,"Peavine"
"Peavine",166.440002441406,60,"Peavine"
"Peavine",72.9100036621094,61,"Peavine"
"Peavine",206.759994506836,62,"Peavine"
"Peavine",220.449996948242,63,"Peavine"
"Peavine",360.5,64,"Peavine"
"Peavine",328,65,"Peavine"
"Peavine",409.630004882812,66,"Peavine"
"Peavine",380.029998779297,67,"Peavine"
"Peavine",468.279998779297,68,"Peavine"
"Peavine",439.420013427734,69,"Peavine"
"Peavine",350.140014648438,70,"Peavine"
"Peavine",388.170013427734,71,"Peavine"
"Peavine",374.149993896484,72,"Peavine"
"Peavine",398.480010986328,73,"Peavine"
"Peavine",449.429992675781,74,"Peavine"
"Peavine",467.769989013672,75,"Peavine"
"Peavine",505.179992675781,76,"Peavine"
"Peavine",450.089996337891,77,"Peavine"
"Peavine",451.709991455078,78,"Peavine"
"Peavine",465.579986572266,79,"Peavine"
"Peavine",423.369995117188,80,"Peavine"
"Peavine",417.309997558594,81,"Peavine"
"Peavine",302.700012207031,82,"Peavine"
"Peavine",332.079986572266,83,"Peavine"
"Peavine",400.549987792969,84,"Peavine"
"Peavine",421.049987792969,85,"Peavine"
"Peavine",425.720001220703,86,"Peavine"
"Peavine",308.309997558594,87,"Peavine"
"Peavine",354.470001220703,88,"Peavine"
"Peavine",244.570007324219,89,"Peavine"
"Peavine",193.720001220703,90,"Peavine"
"Peavine",283.600006103516,91,"Peavine"
"Peavine",488.640014648438,92,"Peavine"
"Peavine",507.549987792969,93,"Peavine"
"Peavine",455.489990234375,94,"Peavine"
"Peavine",371.190002441406,95,"Peavine"
"Peavine",289.859985351562,96,"Peavine"
"Peavine",513.190002441406,97,"Peavine"
"Peavine",505.649993896484,98,"Peavine"
"Peavine",534.070007324219,99,"Peavine"
"Peavine",530.280029296875,100,"Peavine"
"Peavine",514.530029296875,101,"Peavine"
"Peavine",501.230010986328,102,"Peavine"
"Peavine",454.290008544922,103,"Peavine"
"Peavine",485.329986572266,104,"Peavine"
"Peavine",351.910003662109,105,"Peavine"
"Peavine",459.179992675781,106,"Peavine"
"Peavine",526.260009765625,107,"Peavine"
"Peavine",483.649993896484,108,"Peavine"
"Peavine",519.039978027344,109,"Peavine"
"Peavine",490.190002441406,110,"Peavine"
"Peavine",500.200012207031,111,"Peavine"
"Peavine",523.330017089844,112,"Peavine"
"Peavine",515.570007324219,113,"Peavine"
"Peavine",296.839996337891,114,"Peavine"
"Peavine",443.929992675781,115,"Peavine"
"Peavine",285.040008544922,116,"Peavine"
"Peavine",337.359985351562,117,"Peavine"
"Peavine",509.320007324219,118,"Peavine"
"Peavine",498.230010986328,119,"Peavine"
"Peavine",470.790008544922,120,"Peavine"
"Peavine",524.570007324219,121,"Peavine"
"Peavine",514.989990234375,122,"Peavine"
"Peavine",522.539978027344,123,"Peavine"
"Peavine",480.950012207031,124,"Peavine"
"Peavine",292.040008544922,125,"Peavine"
"Peavine",359.130004882812,126,"Peavine"
"Peavine",484.440002441406,127,"Peavine"
"Peavine",445.239990234375,128,"Peavine"
"Peavine",453.649993896484,129,"Peavine"
"Peavine",494.559997558594,130,"Peavine"
"Peavine",484.079986572266,131,"Peavine"
"Peavine",528.030029296875,132,"Peavine"
"Peavine",511.920013427734,133,"Peavine"
"Peavine",515.880004882812,134,"Peavine"
"Peavine",527.159973144531,135,"Peavine"
"Peavine",505.380004882812,136,"Peavine"
"Peavine",539.260009765625,137,"Peavine"
"Peavine",494.309997558594,138,"Peavine"
"Peavine",525.780029296875,139,"Peavine"
"Peavine",438.579986572266,140,"Peavine"
"Peavine",440.049987792969,141,"Peavine"
"Peavine",516.640014648438,142,"Peavine"
"Peavine",473.209991455078,143,"Peavine"
"Peavine",463.640014648438,144,"Peavine"
"Peavine",475.459991455078,145,"Peavine"
"Peavine",434.839996337891,146,"Peavine"
"Peavine",553.710021972656,147,"Peavine"
"Peavine",531.02001953125,148,"Peavine"
"Peavine",484.700012207031,149,"Peavine"
"Peavine",470.380004882812,150,"Peavine"
"Peavine",532.890014648438,151,"Peavine"
"Peavine",535.409973144531,152,"Peavine"
"Peavine",481.149993896484,153,"Peavine"
"Peavine",473.230010986328,154,"Peavine"
"Peavine",254.800003051758,155,"Peavine"
"Peavine",560.510009765625,156,"Peavine"
"Peavine",542.679992675781,157,"Peavine"
"Peavine",499.070007324219,158,"Peavine"
"Peavine",527.580017089844,159,"Peavine"
"Peavine",510.549987792969,160,"Peavine"
"Peavine",501.760009765625,161,"Peavine"
"Peavine",532.409973144531,162,"Peavine"
"Peavine",528.200012207031,163,"Peavine"
"Peavine",529.679992675781,164,"Peavine"
"Peavine",515.419982910156,165,"Peavine"
"Peavine",479.989990234375,166,"Peavine"
"Peavine",506.570007324219,167,"Peavine"
"Peavine",536.590026855469,168,"Peavine"
"Peavine",407.220001220703,169,"Peavine"
"Peavine",548.669982910156,170,"Peavine"
"Peavine",552.289978027344,171,"Peavine"
"Peavine",533.710021972656,172,"Peavine"
"Peavine",538.260009765625,173,"Peavine"
"Peavine",531.159973144531,174,"Peavine"
"Peavine",476.140014648438,175,"Peavine"
"Peavine",487.609985351562,176,"Peavine"
"Peavine",454.670013427734,177,"Peavine"
"Peavine",389.75,178,"Peavine"
"Peavine",456.890014648438,179,"Peavine"
"Peavine",563.840026855469,180,"Peavine"
"Peavine",491.799987792969,181,"Peavine"
"Peavine",471.959991455078,182,"Peavine"
"Peavine",525.72998046875,183,"Peavine"
"Peavine",533.299987792969,184,"Peavine"
"Peavine",528.349975585938,185,"Peavine"
"Peavine",537.940002441406,186,"Peavine"
"Peavine",533.890014648438,187,"Peavine"
"Peavine",536.419982910156,188,"Peavine"
"Peavine",513.890014648438,189,"Peavine"
"Peavine",509.220001220703,190,"Peavine"
"Peavine",500.220001220703,191,"Peavine"
"Peavine",526.070007324219,192,"Peavine"
"Peavine",518.429992675781,193,"Peavine"
"Peavine",505.670013427734,194,"Peavine"
"Peavine",464.570007324219,195,"Peavine"
"Peavine",249.190002441406,196,"Peavine"
"Peavine",522.960021972656,197,"Peavine"
"Peavine",485.390014648438,198,"Peavine"
"Peavine",474.549987792969,199,"Peavine"
"Peavine",522.380004882812,200,"Peavine"
"Peavine",506.140014648438,201,"Peavine"
"Peavine",504.529998779297,202,"Peavine"
"Peavine",485.309997558594,203,"Peavine"
"Peavine",474.739990234375,204,"Peavine"
"Peavine",475.380004882812,205,"Peavine"
"Peavine",436.609985351562,206,"Peavine"
"Peavine",410.760009765625,207,"Peavine"
"Peavine",488.970001220703,208,"Peavine"
"Peavine",401.149993896484,209,"Peavine"
"Peavine",489,210,"Peavine"
"Peavine",471.440002441406,211,"Peavine"
"Peavine",495.100006103516,212,"Peavine"
"Peavine",515.070007324219,213,"Peavine"
"Peavine",498.040008544922,214,"Peavine"
"Peavine",490.200012207031,215,"Peavine"
"Peavine",376.279998779297,216,"Peavine"
"Peavine",500.290008544922,217,"Peavine"
"Peavine",457.179992675781,218,"Peavine"
"Peavine",461.329986572266,219,"Peavine"
"Peavine",454.600006103516,220,"Peavine"
"Peavine",433.260009765625,221,"Peavine"
"Peavine",478.489990234375,222,"Peavine"
"Peavine",487.079986572266,223,"Peavine"
"Peavine",496.799987792969,224,"Peavine"
"Peavine",468.399993896484,225,"Peavine"
"Peavine",471.359985351562,226,"Peavine"
"Peavine",478.480010986328,227,"Peavine"
"Peavine",468.760009765625,228,"Peavine"
"Peavine",493.790008544922,229,"Peavine"
"Peavine",458.5,230,"Peavine"
"Peavine",484.690002441406,231,"Peavine"
"Peavine",456.290008544922,232,"Peavine"
"Peavine",451.540008544922,233,"Peavine"
"Peavine",477.940002441406,234,"Peavine"
"Peavine",427.670013427734,235,"Peavine"
"Peavine",266.730010986328,236,"Peavine"
"Peavine",169.470001220703,237,"Peavine"
"Peavine",488.829986572266,238,"Peavine"
"Peavine",497.380004882812,239,"Peavine"
"Peavine",507.309997558594,240,"Peavine"
"Peavine",480.190002441406,241,"Peavine"
"Peavine",475.940002441406,242,"Peavine"
"Peavine",481.390014648438,243,"Peavine"
"Peavine",471.220001220703,244,"Peavine"
"Peavine",452.149993896484,245,"Peavine"
"Peavine",389.25,246,"Peavine"
"Peavine",472.089996337891,247,"Peavine"
"Peavine",460.119995117188,248,"Peavine"
"Peavine",464.109985351562,249,"Peavine"
"Peavine",444.359985351562,250,"Peavine"
"Peavine",446.049987792969,251,"Peavine"
"Peavine",434.799987792969,252,"Peavine"
"Peavine",442.079986572266,253,"Peavine"
"Peavine",434.420013427734,254,"Peavine"
"Peavine",396.820007324219,255,"Peavine"
"Peavine",400.220001220703,256,"Peavine"
"Peavine",432.980010986328,257,"Peavine"
"Peavine",443.179992675781,258,"Peavine"
"Peavine",375.899993896484,259,"Peavine"
"Peavine",310.589996337891,260,"Peavine"
"Peavine",216.839996337891,261,"Peavine"
"Peavine",346.010009765625,262,"Peavine"
"Peavine",363.630004882812,263,"Peavine"
"Peavine",417.660003662109,264,"Peavine"
"Peavine",399.299987792969,265,"Peavine"
"Peavine",415.279998779297,266,"Peavine"
"Peavine",401.950012207031,267,"Peavine"
"Peavine",421.720001220703,268,"Peavine"
"Peavine",379.739990234375,269,"Peavine"
"Peavine",390.299987792969,270,"Peavine"
"Peavine",411.589996337891,271,"Peavine"
"Peavine",419.260009765625,272,"Peavine"
"Peavine",378.320007324219,273,"Peavine"
"Peavine",366.869995117188,274,"Peavine"
"Peavine",419.079986572266,275,"Peavine"
"Peavine",390.470001220703,276,"Peavine"
"Peavine",388.679992675781,277,"Peavine"
"Peavine",307.220001220703,278,"Peavine"
"Peavine",355.019989013672,279,"Peavine"
"Peavine",354.920013427734,280,"Peavine"
"Peavine",354.010009765625,281,"Peavine"
"Peavine",368.839996337891,282,"Peavine"
"Peavine",364.589996337891,283,"Peavine"
"Peavine",335.049987792969,284,"Peavine"
"Peavine",358.220001220703,285,"Peavine"
"Peavine",296.209991455078,286,"Peavine"
"Peavine",342.380004882812,287,"Peavine"
"Peavine",351.589996337891,288,"Peavine"
"Peavine",348.489990234375,289,"Peavine"
"Peavine",148.889999389648,290,"Peavine"
"Peavine",255.600006103516,291,"Peavine"
"Peavine",267.230010986328,292,"Peavine"
"Peavine",307.799987792969,293,"Peavine"
"Peavine",327.690002441406,294,"Peavine"
"Peavine",253.940002441406,295,"Peavine"
"Peavine",299.220001220703,296,"Peavine"
"Peavine",329.320007324219,297,"Peavine"
"Peavine",281.720001220703,298,"Peavine"
"Peavine",309.880004882812,299,"Peavine"
"Peavine",319.609985351562,300,"Peavine"
"Peavine",200.639999389648,301,"Peavine"
"Peavine",183.039993286133,302,"Peavine"
"Peavine",217.210006713867,303,"Peavine"
"Peavine",275.910003662109,304,"Peavine"
"Peavine",174.070007324219,305,"Peavine"
"Peavine",272.179992675781,306,"Peavine"
"Peavine",192,307,"Peavine"
"Peavine",224.679992675781,308,"Peavine"
"Peavine",300.470001220703,309,"Peavine"
"Peavine",223.580001831055,310,"Peavine"
"Peavine",223.520004272461,311,"Peavine"
"Peavine",294.130004882812,312,"Peavine"
"Peavine",289.239990234375,313,"Peavine"
"Peavine",297.959991455078,314,"Peavine"
"Peavine",262.290008544922,315,"Peavine"
"Peavine",159.789993286133,316,"Peavine"
"Peavine",216.740005493164,317,"Peavine"
"Peavine",251.110000610352,318,"Peavine"
"Peavine",137.080001831055,319,"Peavine"
"Peavine",118.5,320,"Peavine"
"Peavine",247.699996948242,321,"Peavine"
"Peavine",265.640014648438,322,"Peavine"
"Peavine",211.669998168945,323,"Peavine"
"Peavine",263.420013427734,324,"Peavine"
"Peavine",154.130004882812,325,"Peavine"
"Peavine",161.949996948242,326,"Peavine"
"Peavine",128.110000610352,327,"Peavine"
"Peavine",153.419998168945,328,"Peavine"
"Peavine",215.029998779297,329,"Peavine"
"Peavine",158.740005493164,330,"Peavine"
"Peavine",204.080001831055,331,"Peavine"
"Peavine",202.800003051758,332,"Peavine"
"Peavine",241.470001220703,333,"Peavine"
"Peavine",253.679992675781,334,"Peavine"
"Peavine",251.339996337891,335,"Peavine"
"Peavine",225.539993286133,336,"Peavine"
"Peavine",217.559997558594,337,"Peavine"
"Peavine",240.460006713867,338,"Peavine"
"Peavine",235.039993286133,339,"Peavine"
"Peavine",234.009994506836,340,"Peavine"
"Peavine",235.389999389648,341,"Peavine"
"Peavine",244.339996337891,342,"Peavine"
"Peavine",228.800003051758,343,"Peavine"
"Peavine",221.259994506836,344,"Peavine"
"Peavine",247.110000610352,345,"Peavine"
"Peavine",234.669998168945,346,"Peavine"
"Peavine",144.830001831055,347,"Peavine"
"Peavine",167.179992675781,348,"Peavine"
"Peavine",90.3099975585938,349,"Peavine"
"Peavine",209.610000610352,350,"Peavine"
"Peavine",124.290000915527,351,"Peavine"
"Peavine",202.740005493164,352,"Peavine"
"Peavine",223.199996948242,353,"Peavine"
"Peavine",228.529998779297,354,"Peavine"
"Peavine",199.080001831055,355,"Peavine"
"Peavine",108.870002746582,356,"Peavine"
"Peavine",134.279998779297,357,"Peavine"
"Peavine",159.610000610352,358,"Peavine"
"Peavine",145.330001831055,359,"Peavine"
"Peavine",190.259994506836,360,"Peavine"
"Peavine",120.75,361,"Peavine"
"Peavine",152.669998168945,362,"Peavine"
"Peavine",114.849998474121,363,"Peavine"
"Peavine",100.870002746582,364,"Peavine"
"Peavine",160.860000610352,365,"Peavine"
"Peavine",0,1,"Peavine"
"Peavine",0,2,"Peavine"
"Peavine",0,3,"Peavine"
"Peavine",0,4,"Peavine"
"Peavine",0,5,"Peavine"
"Peavine",6.44999980926514,6,"Peavine"
"Peavine",6.44999980926514,7,"Peavine"
"Peavine",6.44999980926514,8,"Peavine"
"Peavine",5.8600001335144,9,"Peavine"
"Peavine",5.6100001335144,10,"Peavine"
"Peavine",5.6100001335144,11,"Peavine"
"Peavine",5.6100001335144,12,"Peavine"
"Peavine",3.30999994277954,13,"Peavine"
"Peavine",1.28999996185303,14,"Peavine"
"Peavine",0.239999994635582,15,"Peavine"
"Peavine",0,16,"Peavine"
"Peavine",0,17,"Peavine"
"Peavine",0,18,"Peavine"
"Peavine",0,19,"Peavine"
"Peavine",0,20,"Peavine"
"Peavine",0,21,"Peavine"
"Peavine",0,22,"Peavine"
"Peavine",0,23,"Peavine"
"Peavine",0,24,"Peavine"
"Peavine",0,25,"Peavine"
"Peavine",0,26,"Peavine"
"Peavine",0,27,"Peavine"
"Peavine",0,28,"Peavine"
"Peavine",0,29,"Peavine"
"Peavine",0,30,"Peavine"
"Peavine",0,31,"Peavine"
"Peavine",0,32,"Peavine"
"Peavine",0,33,"Peavine"
"Peavine",6.92999982833862,34,"Peavine"
"Peavine",5.84000015258789,35,"Peavine"
"Peavine",4.26000022888184,36,"Peavine"
"Peavine",2.88000011444092,37,"Peavine"
"Peavine",2.11999988555908,38,"Peavine"
"Peavine",2.11999988555908,39,"Peavine"
"Peavine",2.02999997138977,40,"Peavine"
"Peavine",2.02999997138977,41,"Peavine"
"Peavine",2.02999997138977,42,"Peavine"
"Peavine",1.82000005245209,43,"Peavine"
"Peavine",0.360000014305115,44,"Peavine"
"Peavine",0,45,"Peavine"
"Peavine",0,46,"Peavine"
"Peavine",0,47,"Peavine"
"Peavine",0,48,"Peavine"
"Peavine",0,49,"Peavine"
"Peavine",0,50,"Peavine"
"Peavine",0,51,"Peavine"
"Peavine",0,52,"Peavine"
"Peavine",0,53,"Peavine"
"Peavine",0,54,"Peavine"
"Peavine",0,55,"Peavine"
"Peavine",0,56,"Peavine"
"Peavine",0,57,"Peavine"
"Peavine",0,58,"Peavine"
"Peavine",0,59,"Peavine"
"Peavine",0,60,"Peavine"
"Peavine",0,61,"Peavine"
"Peavine",16.8600006103516,62,"Peavine"
"Peavine",18.9200000762939,63,"Peavine"
"Peavine",18.9200000762939,64,"Peavine"
"Peavine",16.8899993896484,65,"Peavine"
"Peavine",15.0799999237061,66,"Peavine"
"Peavine",14.1700000762939,67,"Peavine"
"Peavine",14.1700000762939,68,"Peavine"
"Peavine",12.9300003051758,69,"Peavine"
"Peavine",9.81999969482422,70,"Peavine"
"Peavine",7.23999977111816,71,"Peavine"
"Peavine",4.80999994277954,72,"Peavine"
"Peavine",3.44000005722046,73,"Peavine"
"Peavine",2.96000003814697,74,"Peavine"
"Peavine",1.53999996185303,75,"Peavine"
"Peavine",0.0700000002980232,76,"Peavine"
"Peavine",0,77,"Peavine"
"Peavine",0,78,"Peavine"
"Peavine",0,79,"Peavine"
"Peavine",0,80,"Peavine"
"Peavine",0,81,"Peavine"
"Peavine",0,82,"Peavine"
"Peavine",0,83,"Peavine"
"Peavine",0,84,"Peavine"
"Peavine",0,85,"Peavine"
"Peavine",0,86,"Peavine"
"Peavine",0,87,"Peavine"
"Peavine",0,88,"Peavine"
"Peavine",0,89,"Peavine"
"Peavine",0,90,"Peavine"
"Peavine",0,91,"Peavine"
"Peavine",0,92,"Peavine"
"Peavine",0,93,"Peavine"
"Peavine",0,94,"Peavine"
"Peavine",0,95,"Peavine"
"Peavine",2,96,"Peavine"
"Peavine",1.99000000953674,97,"Peavine"
"Peavine",1.69000005722046,98,"Peavine"
"Peavine",0.620000004768372,99,"Peavine"
"Peavine",0,100,"Peavine"
"Peavine",0,101,"Peavine"
"Peavine",0,102,"Peavine"
"Peavine",0,103,"Peavine"
"Peavine",0,104,"Peavine"
"Peavine",0,105,"Peavine"
"Peavine",0,106,"Peavine"
"Peavine",0,107,"Peavine"
"Peavine",0,108,"Peavine"
"Peavine",0,109,"Peavine"
"Peavine",0,110,"Peavine"
"Peavine",0,111,"Peavine"
"Peavine",0,112,"Peavine"
"Peavine",0,113,"Peavine"
"Peavine",0,114,"Peavine"
"Peavine",0,115,"Peavine"
"Peavine",0,116,"Peavine"
"Peavine",0,117,"Peavine"
"Peavine",0,118,"Peavine"
"Peavine",0,119,"Peavine"
"Peavine",0,120,"Peavine"
"Peavine",0,121,"Peavine"
"Peavine",0,122,"Peavine"
"Peavine",0,123,"Peavine"
"Peavine",0,124,"Peavine"
"Peavine",0,125,"Peavine"
"Peavine",0,126,"Peavine"
"Peavine",0,127,"Peavine"
"Peavine",0,128,"Peavine"
"Peavine",0,129,"Peavine"
"Peavine",0,130,"Peavine"
"Peavine",0,131,"Peavine"
"Peavine",0,132,"Peavine"
"Peavine",0,133,"Peavine"
"Peavine",0,134,"Peavine"
"Peavine",0,135,"Peavine"
"Peavine",0,136,"Peavine"
"Peavine",0,137,"Peavine"
"Peavine",0,138,"Peavine"
"Peavine",0,139,"Peavine"
"Peavine",0,140,"Peavine"
"Peavine",0,141,"Peavine"
"Peavine",0,142,"Peavine"
"Peavine",0,143,"Peavine"
"Peavine",0,144,"Peavine"
"Peavine",0,145,"Peavine"
"Peavine",0,146,"Peavine"
"Peavine",0,147,"Peavine"
"Peavine",0,148,"Peavine"
"Peavine",0,149,"Peavine"
"Peavine",0,150,"Peavine"
"Peavine",0,151,"Peavine"
"Peavine",0,152,"Peavine"
"Peavine",0,153,"Peavine"
"Peavine",0,154,"Peavine"
"Peavine",0,155,"Peavine"
"Peavine",0,156,"Peavine"
"Peavine",0,157,"Peavine"
"Peavine",0,158,"Peavine"
"Peavine",0,159,"Peavine"
"Peavine",0,160,"Peavine"
"Peavine",0,161,"Peavine"
"Peavine",0,162,"Peavine"
"Peavine",0,163,"Peavine"
"Peavine",0,164,"Peavine"
"Peavine",0,165,"Peavine"
"Peavine",0,166,"Peavine"
"Peavine",0,167,"Peavine"
"Peavine",0,168,"Peavine"
"Peavine",0,169,"Peavine"
"Peavine",0,170,"Peavine"
"Peavine",0,171,"Peavine"
"Peavine",0,172,"Peavine"
"Peavine",0,173,"Peavine"
"Peavine",0,174,"Peavine"
"Peavine",0,175,"Peavine"
"Peavine",0,176,"Peavine"
"Peavine",0,177,"Peavine"
"Peavine",0,178,"Peavine"
"Peavine",0,179,"Peavine"
"Peavine",0,180,"Peavine"
"Peavine",0,181,"Peavine"
"Peavine",0,182,"Peavine"
"Peavine",0,183,"Peavine"
"Peavine",0,184,"Peavine"
"Peavine",0,185,"Peavine"
"Peavine",0,186,"Peavine"
"Peavine",0,187,"Peavine"
"Peavine",0,188,"Peavine"
"Peavine",0,189,"Peavine"
"Peavine",0,190,"Peavine"
"Peavine",0,191,"Peavine"
"Peavine",0,192,"Peavine"
"Peavine",0,193,"Peavine"
"Peavine",0,194,"Peavine"
"Peavine",0,195,"Peavine"
"Peavine",0,196,"Peavine"
"Peavine",0,197,"Peavine"
"Peavine",0,198,"Peavine"
"Peavine",0,199,"Peavine"
"Peavine",0,200,"Peavine"
"Peavine",0,201,"Peavine"
"Peavine",0,202,"Peavine"
"Peavine",0,203,"Peavine"
"Peavine",0,204,"Peavine"
"Peavine",0,205,"Peavine"
"Peavine",0,206,"Peavine"
"Peavine",0,207,"Peavine"
"Peavine",0,208,"Peavine"
"Peavine",0,209,"Peavine"
"Peavine",0,210,"Peavine"
"Peavine",0,211,"Peavine"
"Peavine",0,212,"Peavine"
"Peavine",0,213,"Peavine"
"Peavine",0,214,"Peavine"
"Peavine",0,215,"Peavine"
"Peavine",0,216,"Peavine"
"Peavine",0,217,"Peavine"
"Peavine",0,218,"Peavine"
"Peavine",0,219,"Peavine"
"Peavine",0,220,"Peavine"
"Peavine",0,221,"Peavine"
"Peavine",0,222,"Peavine"
"Peavine",0,223,"Peavine"
"Peavine",0,224,"Peavine"
"Peavine",0,225,"Peavine"
"Peavine",0,226,"Peavine"
"Peavine",0,227,"Peavine"
"Peavine",0,228,"Peavine"
"Peavine",0,229,"Peavine"
"Peavine",0,230,"Peavine"
"Peavine",0,231,"Peavine"
"Peavine",0,232,"Peavine"
"Peavine",0,233,"Peavine"
"Peavine",0,234,"Peavine"
"Peavine",0,235,"Peavine"
"Peavine",0,236,"Peavine"
"Peavine",0,237,"Peavine"
"Peavine",0,238,"Peavine"
"Peavine",0,239,"Peavine"
"Peavine",0,240,"Peavine"
"Peavine",0,241,"Peavine"
"Peavine",0,242,"Peavine"
"Peavine",0,243,"Peavine"
"Peavine",0,244,"Peavine"
"Peavine",0,245,"Peavine"
"Peavine",0,246,"Peavine"
"Peavine",0,247,"Peavine"
"Peavine",0,248,"Peavine"
"Peavine",0,249,"Peavine"
"Peavine",0,250,"Peavine"
"Peavine",0,251,"Peavine"
"Peavine",0,252,"Peavine"
"Peavine",0,253,"Peavine"
"Peavine",0,254,"Peavine"
"Peavine",0,255,"Peavine"
"Peavine",0,256,"Peavine"
"Peavine",0,257,"Peavine"
"Peavine",0,258,"Peavine"
"Peavine",0,259,"Peavine"
"Peavine",0,260,"Peavine"
"Peavine",0,261,"Peavine"
"Peavine",0,262,"Peavine"
"Peavine",0,263,"Peavine"
"Peavine",0,264,"Peavine"
"Peavine",0,265,"Peavine"
"Peavine",0,266,"Peavine"
"Peavine",0,267,"Peavine"
"Peavine",0,268,"Peavine"
"Peavine",0,269,"Peavine"
"Peavine",0,270,"Peavine"
"Peavine",0,271,"Peavine"
"Peavine",0,272,"Peavine"
"Peavine",0,273,"Peavine"
"Peavine",0,274,"Peavine"
"Peavine",0,275,"Peavine"
"Peavine",0,276,"Peavine"
"Peavine",0,277,"Peavine"
"Peavine",0,278,"Peavine"
"Peavine",0,279,"Peavine"
"Peavine",0,280,"Peavine"
"Peavine",0,281,"Peavine"
"Peavine",0,282,"Peavine"
"Peavine",0,283,"Peavine"
"Peavine",0,284,"Peavine"
"Peavine",0,285,"Peavine"
"Peavine",0,286,"Peavine"
"Peavine",0,287,"Peavine"
"Peavine",0,288,"Peavine"
"Peavine",0,289,"Peavine"
"Peavine",0,290,"Peavine"
"Peavine",0,291,"Peavine"
"Peavine",0,292,"Peavine"
"Peavine",0,293,"Peavine"
"Peavine",0,294,"Peavine"
"Peavine",0,295,"Peavine"
"Peavine",0,296,"Peavine"
"Peavine",0,297,"Peavine"
"Peavine",0,298,"Peavine"
"Peavine",0,299,"Peavine"
"Peavine",0,300,"Peavine"
"Peavine",0,301,"Peavine"
"Peavine",0,302,"Peavine"
"Peavine",0,303,"Peavine"
"Peavine",0,304,"Peavine"
"Peavine",0,305,"Peavine"
"Peavine",0,306,"Peavine"
"Peavine",0,307,"Peavine"
"Peavine",0,308,"Peavine"
"Peavine",0,309,"Peavine"
"Peavine",0,310,"Peavine"
"Peavine",0,311,"Peavine"
"Peavine",0,312,"Peavine"
"Peavine",0,313,"Peavine"
"Peavine",0,314,"Peavine"
"Peavine",0,315,"Peavine"
"Peavine",0,316,"Peavine"
"Peavine",0,317,"Peavine"
"Peavine",0,318,"Peavine"
"Peavine",0,319,"Peavine"
"Peavine",0,320,"Peavine"
"Peavine",0,321,"Peavine"
"Peavine",0,322,"Peavine"
"Peavine",0,323,"Peavine"
"Peavine",0,324,"Peavine"
"Peavine",0,325,"Peavine"
"Peavine",0,326,"Peavine"
"Peavine",0,327,"Peavine"
"Peavine",0,328,"Peavine"
"Peavine",0,329,"Peavine"
"Peavine",0,330,"Peavine"
"Peavine",0,331,"Peavine"
"Peavine",0,332,"Peavine"
"Peavine",0,333,"Peavine"
"Peavine",0,334,"Peavine"
"Peavine",0,335,"Peavine"
"Peavine",0,336,"Peavine"
"Peavine",0,337,"Peavine"
"Peavine",0,338,"Peavine"
"Peavine",0,339,"Peavine"
"Peavine",0,340,"Peavine"
"Peavine",0,341,"Peavine"
"Peavine",0,342,"Peavine"
"Peavine",0,343,"Peavine"
"Peavine",0,344,"Peavine"
"Peavine",0,345,"Peavine"
"Peavine",0,346,"Peavine"
"Peavine",0,347,"Peavine"
"Peavine",0,348,"Peavine"
"Peavine",0,349,"Peavine"
"Peavine",0,350,"Peavine"
"Peavine",0,351,"Peavine"
"Peavine",0,352,"Peavine"
"Peavine",0,353,"Peavine"
"Peavine",0,354,"Peavine"
"Peavine",0,355,"Peavine"
"Peavine",0,356,"Peavine"
"Peavine",0,357,"Peavine"
"Peavine",0,358,"Peavine"
"Peavine",0,359,"Peavine"
"Peavine",0,360,"Peavine"
"Peavine",0,361,"Peavine"
"Peavine",0,362,"Peavine"
"Peavine",0,363,"Peavine"
"Peavine",0,364,"Peavine"
"Peavine",0,365,"Peavine"
"Peavine",6.8600001335144,1,"Peavine"
"Peavine",4.25,2,"Peavine"
"Peavine",2.77999997138977,3,"Peavine"
"Peavine",5.48000001907349,4,"Peavine"
"Peavine",4.98000001907349,5,"Peavine"
"Peavine",2.16000008583069,6,"Peavine"
"Peavine",0.560000002384186,7,"Peavine"
"Peavine",1.16999995708466,8,"Peavine"
"Peavine",5.92999982833862,9,"Peavine"
"Peavine",1.82000005245209,10,"Peavine"
"Peavine",0.0799999982118607,11,"Peavine"
"Peavine",3.21000003814697,12,"Peavine"
"Peavine",5.42999982833862,13,"Peavine"
"Peavine",7.98999977111816,14,"Peavine"
"Peavine",8.63000011444092,15,"Peavine"
"Peavine",7.63000011444092,16,"Peavine"
"Peavine",7.17000007629395,17,"Peavine"
"Peavine",9.27999973297119,18,"Peavine"
"Peavine",9.76000022888184,19,"Peavine"
"Peavine",7.59999990463257,20,"Peavine"
"Peavine",7.78999996185303,21,"Peavine"
"Peavine",6.07999992370605,22,"Peavine"
"Peavine",7.44000005722046,23,"Peavine"
"Peavine",8.27999973297119,24,"Peavine"
"Peavine",7.51000022888184,25,"Peavine"
"Peavine",8.27999973297119,26,"Peavine"
"Peavine",12.6499996185303,27,"Peavine"
"Peavine",16.8700008392334,28,"Peavine"
"Peavine",16.1900005340576,29,"Peavine"
"Peavine",13.6199998855591,30,"Peavine"
"Peavine",11.7799997329712,31,"Peavine"
"Peavine",7.51999998092651,32,"Peavine"
"Peavine",5.46000003814697,33,"Peavine"
"Peavine",3.63000011444092,34,"Peavine"
"Peavine",1.87999999523163,35,"Peavine"
"Peavine",4.65999984741211,36,"Peavine"
"Peavine",3.48000001907349,37,"Peavine"
"Peavine",2.40000009536743,38,"Peavine"
"Peavine",4.23999977111816,39,"Peavine"
"Peavine",2.74000000953674,40,"Peavine"
"Peavine",3.09999990463257,41,"Peavine"
"Peavine",7.55999994277954,42,"Peavine"
"Peavine",9.85000038146973,43,"Peavine"
"Peavine",7.53999996185303,44,"Peavine"
"Peavine",5.82999992370605,45,"Peavine"
"Peavine",6.40999984741211,46,"Peavine"
"Peavine",7.15999984741211,47,"Peavine"
"Peavine",6.86999988555908,48,"Peavine"
"Peavine",11.2600002288818,49,"Peavine"
"Peavine",6.5,50,"Peavine"
"Peavine",8.15999984741211,51,"Peavine"
"Peavine",7.71000003814697,52,"Peavine"
"Peavine",9.17000007629395,53,"Peavine"
"Peavine",9.30000019073486,54,"Peavine"
"Peavine",13.0200004577637,55,"Peavine"
"Peavine",13.3500003814697,56,"Peavine"
"Peavine",7.67000007629395,57,"Peavine"
"Peavine",8.64999961853027,58,"Peavine"
"Peavine",13.039999961853,59,"Peavine"
"Peavine",6.73000001907349,60,"Peavine"
"Peavine",1.28999996185303,61,"Peavine"
"Peavine",-1.03999996185303,62,"Peavine"
"Peavine",-0.52999997138977,63,"Peavine"
"Peavine",2.26999998092651,64,"Peavine"
"Peavine",6.21999979019165,65,"Peavine"
"Peavine",8.75,66,"Peavine"
"Peavine",5.19999980926514,67,"Peavine"
"Peavine",7.69000005722046,68,"Peavine"
"Peavine",8.71000003814697,69,"Peavine"
"Peavine",9.52999973297119,70,"Peavine"
"Peavine",9.4399995803833,71,"Peavine"
"Peavine",8.3100004196167,72,"Peavine"
"Peavine",6.26000022888184,73,"Peavine"
"Peavine",6.07999992370605,74,"Peavine"
"Peavine",9.52000045776367,75,"Peavine"
"Peavine",12.8999996185303,76,"Peavine"
"Peavine",14.1400003433228,77,"Peavine"
"Peavine",16.5200004577637,78,"Peavine"
"Peavine",18.4500007629395,79,"Peavine"
"Peavine",15.8100004196167,80,"Peavine"
"Peavine",14.8500003814697,81,"Peavine"
"Peavine",13.7799997329712,82,"Peavine"
"Peavine",5.57999992370605,83,"Peavine"
"Peavine",8.31999969482422,84,"Peavine"
"Peavine",7.94999980926514,85,"Peavine"
"Peavine",10.4300003051758,86,"Peavine"
"Peavine",11.0900001525879,87,"Peavine"
"Peavine",5.80999994277954,88,"Peavine"
"Peavine",5.09999990463257,89,"Peavine"
"Peavine",3.95000004768372,90,"Peavine"
"Peavine",6.96999979019165,91,"Peavine"
"Peavine",10.9300003051758,92,"Peavine"
"Peavine",18.6100006103516,93,"Peavine"
"Peavine",15.9899997711182,94,"Peavine"
"Peavine",4.84000015258789,95,"Peavine"
"Peavine",1.89999997615814,96,"Peavine"
"Peavine",6.67999982833862,97,"Peavine"
"Peavine",6.90999984741211,98,"Peavine"
"Peavine",10.2600002288818,99,"Peavine"
"Peavine",17.6499996185303,100,"Peavine"
"Peavine",20,101,"Peavine"
"Peavine",20.8600006103516,102,"Peavine"
"Peavine",18.6100006103516,103,"Peavine"
"Peavine",15.1700000762939,104,"Peavine"
"Peavine",8.17000007629395,105,"Peavine"
"Peavine",13.6000003814697,106,"Peavine"
"Peavine",17.8899993896484,107,"Peavine"
"Peavine",17.2600002288818,108,"Peavine"
"Peavine",17.5,109,"Peavine"
"Peavine",19.9400005340576,110,"Peavine"
"Peavine",20.9200000762939,111,"Peavine"
"Peavine",22.2199993133545,112,"Peavine"
"Peavine",22.2399997711182,113,"Peavine"
"Peavine",17.3600006103516,114,"Peavine"
"Peavine",15.8999996185303,115,"Peavine"
"Peavine",13.039999961853,116,"Peavine"
"Peavine",9.78999996185303,117,"Peavine"
"Peavine",14.3100004196167,118,"Peavine"
"Peavine",16.8799991607666,119,"Peavine"
"Peavine",15.8999996185303,120,"Peavine"
"Peavine",16.8500003814697,121,"Peavine"
"Peavine",14.3199996948242,122,"Peavine"
"Peavine",17.9899997711182,123,"Peavine"
"Peavine",18.3400001525879,124,"Peavine"
"Peavine",11.5600004196167,125,"Peavine"
"Peavine",6.57000017166138,126,"Peavine"
"Peavine",13.3000001907349,127,"Peavine"
"Peavine",13.2299995422363,128,"Peavine"
"Peavine",11.5200004577637,129,"Peavine"
"Peavine",16.5799999237061,130,"Peavine"
"Peavine",19.4099998474121,131,"Peavine"
"Peavine",21.7600002288818,132,"Peavine"
"Peavine",24.6100006103516,133,"Peavine"
"Peavine",24.8500003814697,134,"Peavine"
"Peavine",25.3400001525879,135,"Peavine"
"Peavine",24.3299999237061,136,"Peavine"
"Peavine",26.3400001525879,137,"Peavine"
"Peavine",25.5100002288818,138,"Peavine"
"Peavine",25.1000003814697,139,"Peavine"
"Peavine",20.1900005340576,140,"Peavine"
"Peavine",15.0799999237061,141,"Peavine"
"Peavine",18.2299995422363,142,"Peavine"
"Peavine",19.9699993133545,143,"Peavine"
"Peavine",17.6700000762939,144,"Peavine"
"Peavine",19.0400009155273,145,"Peavine"
"Peavine",18.1499996185303,146,"Peavine"
"Peavine",22.75,147,"Peavine"
"Peavine",25.7900009155273,148,"Peavine"
"Peavine",24.8700008392334,149,"Peavine"
"Peavine",21.7299995422363,150,"Peavine"
"Peavine",23.2900009155273,151,"Peavine"
"Peavine",25.3600006103516,152,"Peavine"
"Peavine",25.0100002288818,153,"Peavine"
"Peavine",24.5,154,"Peavine"
"Peavine",18.5699996948242,155,"Peavine"
"Peavine",27.4500007629395,156,"Peavine"
"Peavine",31.4500007629395,157,"Peavine"
"Peavine",31.5100002288818,158,"Peavine"
"Peavine",30.9899997711182,159,"Peavine"
"Peavine",28.6800003051758,160,"Peavine"
"Peavine",28,161,"Peavine"
"Peavine",29.2999992370605,162,"Peavine"
"Peavine",31.7199993133545,163,"Peavine"
"Peavine",31.8600006103516,164,"Peavine"
"Peavine",30.7900009155273,165,"Peavine"
"Peavine",26.7000007629395,166,"Peavine"
"Peavine",25.5200004577637,167,"Peavine"
"Peavine",23.8500003814697,168,"Peavine"
"Peavine",16.5100002288818,169,"Peavine"
"Peavine",21.1800003051758,170,"Peavine"
"Peavine",24.9400005340576,171,"Peavine"
"Peavine",27.0799999237061,172,"Peavine"
"Peavine",30.3099994659424,173,"Peavine"
"Peavine",32.5800018310547,174,"Peavine"
"Peavine",30.2600002288818,175,"Peavine"
"Peavine",29.9300003051758,176,"Peavine"
"Peavine",30.4599990844727,177,"Peavine"
"Peavine",27.5300006866455,178,"Peavine"
"Peavine",27.0400009155273,179,"Peavine"
"Peavine",29.4200000762939,180,"Peavine"
"Peavine",28.6399993896484,181,"Peavine"
"Peavine",27.0900001525879,182,"Peavine"
"Peavine",28.6599998474121,183,"Peavine"
"Peavine",31.0900001525879,184,"Peavine"
"Peavine",31.4599990844727,185,"Peavine"
"Peavine",33.5,186,"Peavine"
"Peavine",35.2099990844727,187,"Peavine"
"Peavine",35.810001373291,188,"Peavine"
"Peavine",36.5800018310547,189,"Peavine"
"Peavine",35.4599990844727,190,"Peavine"
"Peavine",34.7700004577637,191,"Peavine"
"Peavine",35.0299987792969,192,"Peavine"
"Peavine",35.5900001525879,193,"Peavine"
"Peavine",36.1800003051758,194,"Peavine"
"Peavine",34.2400016784668,195,"Peavine"
"Peavine",25.9799995422363,196,"Peavine"
"Peavine",31.4500007629395,197,"Peavine"
"Peavine",30.6100006103516,198,"Peavine"
"Peavine",30.7600002288818,199,"Peavine"
"Peavine",33.439998626709,200,"Peavine"
"Peavine",33.6199989318848,201,"Peavine"
"Peavine",35.1100006103516,202,"Peavine"
"Peavine",34.8300018310547,203,"Peavine"
"Peavine",33.7999992370605,204,"Peavine"
"Peavine",33.9000015258789,205,"Peavine"
"Peavine",32.7299995422363,206,"Peavine"
"Peavine",30.6800003051758,207,"Peavine"
"Peavine",31.0400009155273,208,"Peavine"
"Peavine",25.25,209,"Peavine"
"Peavine",27.2000007629395,210,"Peavine"
"Peavine",27.6800003051758,211,"Peavine"
"Peavine",29.4500007629395,212,"Peavine"
"Peavine",32.5400009155273,213,"Peavine"
"Peavine",34.0900001525879,214,"Peavine"
"Peavine",33.9799995422363,215,"Peavine"
"Peavine",28.6000003814697,216,"Peavine"
"Peavine",31.5300006866455,217,"Peavine"
"Peavine",32.060001373291,218,"Peavine"
"Peavine",32.7000007629395,219,"Peavine"
"Peavine",32.8600006103516,220,"Peavine"
"Peavine",31.5200004577637,221,"Peavine"
"Peavine",32.2099990844727,222,"Peavine"
"Peavine",31.8099994659424,223,"Peavine"
"Peavine",30.75,224,"Peavine"
"Peavine",28.4699993133545,225,"Peavine"
"Peavine",26.7700004577637,226,"Peavine"
"Peavine",26.9099998474121,227,"Peavine"
"Peavine",27.0100002288818,228,"Peavine"
"Peavine",28.0200004577637,229,"Peavine"
"Peavine",26.0300006866455,230,"Peavine"
"Peavine",26.6900005340576,231,"Peavine"
"Peavine",26.0100002288818,232,"Peavine"
"Peavine",27.3400001525879,233,"Peavine"
"Peavine",26.8500003814697,234,"Peavine"
"Peavine",25.2900009155273,235,"Peavine"
"Peavine",16.9300003051758,236,"Peavine"
"Peavine",10.2299995422363,237,"Peavine"
"Peavine",19.4799995422363,238,"Peavine"
"Peavine",24.4099998474121,239,"Peavine"
"Peavine",29.2800006866455,240,"Peavine"
"Peavine",29.7000007629395,241,"Peavine"
"Peavine",29.6200008392334,242,"Peavine"
"Peavine",30.8600006103516,243,"Peavine"
"Peavine",31.25,244,"Peavine"
"Peavine",30.4899997711182,245,"Peavine"
"Peavine",28.2000007629395,246,"Peavine"
"Peavine",28.3700008392334,247,"Peavine"
"Peavine",28.4799995422363,248,"Peavine"
"Peavine",31.3700008392334,249,"Peavine"
"Peavine",31.0499992370605,250,"Peavine"
"Peavine",30.5300006866455,251,"Peavine"
"Peavine",29.1900005340576,252,"Peavine"
"Peavine",28.75,253,"Peavine"
"Peavine",27.5799999237061,254,"Peavine"
"Peavine",22.4300003051758,255,"Peavine"
"Peavine",20.0100002288818,256,"Peavine"
"Peavine",24.0300006866455,257,"Peavine"
"Peavine",26.9200000762939,258,"Peavine"
"Peavine",22.2999992370605,259,"Peavine"
"Peavine",15.8100004196167,260,"Peavine"
"Peavine",13.9300003051758,261,"Peavine"
"Peavine",17.3899993896484,262,"Peavine"
"Peavine",18.7800006866455,263,"Peavine"
"Peavine",22.75,264,"Peavine"
"Peavine",23.3500003814697,265,"Peavine"
"Peavine",24.2800006866455,266,"Peavine"
"Peavine",25.2999992370605,267,"Peavine"
"Peavine",28.1100006103516,268,"Peavine"
"Peavine",26.9699993133545,269,"Peavine"
"Peavine",26.6900005340576,270,"Peavine"
"Peavine",27.9400005340576,271,"Peavine"
"Peavine",29.7000007629395,272,"Peavine"
"Peavine",27.6000003814697,273,"Peavine"
"Peavine",24.2299995422363,274,"Peavine"
"Peavine",29.7199993133545,275,"Peavine"
"Peavine",30.3600006103516,276,"Peavine"
"Peavine",28.75,277,"Peavine"
"Peavine",26.0699996948242,278,"Peavine"
"Peavine",26.9599990844727,279,"Peavine"
"Peavine",26.5799999237061,280,"Peavine"
"Peavine",25.9200000762939,281,"Peavine"
"Peavine",26.7399997711182,282,"Peavine"
"Peavine",26.0799999237061,283,"Peavine"
"Peavine",25.2199993133545,284,"Peavine"
"Peavine",25.0599994659424,285,"Peavine"
"Peavine",21.5300006866455,286,"Peavine"
"Peavine",20.4599990844727,287,"Peavine"
"Peavine",23.0599994659424,288,"Peavine"
"Peavine",24.4500007629395,289,"Peavine"
"Peavine",13.8999996185303,290,"Peavine"
"Peavine",10.25,291,"Peavine"
"Peavine",8.59000015258789,292,"Peavine"
"Peavine",14.4799995422363,293,"Peavine"
"Peavine",18.5799999237061,294,"Peavine"
"Peavine",18,295,"Peavine"
"Peavine",19.8500003814697,296,"Peavine"
"Peavine",20.9099998474121,297,"Peavine"
"Peavine",13.6599998474121,298,"Peavine"
"Peavine",17.4400005340576,299,"Peavine"
"Peavine",20.6900005340576,300,"Peavine"
"Peavine",17.2900009155273,301,"Peavine"
"Peavine",8.85000038146973,302,"Peavine"
"Peavine",8.09000015258789,303,"Peavine"
"Peavine",9.01000022888184,304,"Peavine"
"Peavine",8.06999969482422,305,"Peavine"
"Peavine",10.6899995803833,306,"Peavine"
"Peavine",9.03999996185303,307,"Peavine"
"Peavine",8.19999980926514,308,"Peavine"
"Peavine",12.8199996948242,309,"Peavine"
"Peavine",9.40999984741211,310,"Peavine"
"Peavine",6.09000015258789,311,"Peavine"
"Peavine",11.6300001144409,312,"Peavine"
"Peavine",13.3100004196167,313,"Peavine"
"Peavine",16.3700008392334,314,"Peavine"
"Peavine",16.7800006866455,315,"Peavine"
"Peavine",10.460000038147,316,"Peavine"
"Peavine",7.69000005722046,317,"Peavine"
"Peavine",11.4099998474121,318,"Peavine"
"Peavine",8.27000045776367,319,"Peavine"
"Peavine",1.49000000953674,320,"Peavine"
"Peavine",4.71000003814697,321,"Peavine"
"Peavine",10.5600004196167,322,"Peavine"
"Peavine",5.07000017166138,323,"Peavine"
"Peavine",6.21999979019165,324,"Peavine"
"Peavine",8.26000022888184,325,"Peavine"
"Peavine",11.1800003051758,326,"Peavine"
"Peavine",12,327,"Peavine"
"Peavine",5.51999998092651,328,"Peavine"
"Peavine",4.96999979019165,329,"Peavine"
"Peavine",4.84000015258789,330,"Peavine"
"Peavine",4.51999998092651,331,"Peavine"
"Peavine",2.69000005722046,332,"Peavine"
"Peavine",5.63000011444092,333,"Peavine"
"Peavine",8.47999954223633,334,"Peavine"
"Peavine",9,335,"Peavine"
"Peavine",5.73000001907349,336,"Peavine"
"Peavine",7.65000009536743,337,"Peavine"
"Peavine",9.8100004196167,338,"Peavine"
"Peavine",10.3800001144409,339,"Peavine"
"Peavine",11.4499998092651,340,"Peavine"
"Peavine",10.6300001144409,341,"Peavine"
"Peavine",12.6400003433228,342,"Peavine"
"Peavine",10.5699996948242,343,"Peavine"
"Peavine",4.67000007629395,344,"Peavine"
"Peavine",8.35000038146973,345,"Peavine"
"Peavine",9.0600004196167,346,"Peavine"
"Peavine",5.32000017166138,347,"Peavine"
"Peavine",6.34000015258789,348,"Peavine"
"Peavine",2.55999994277954,349,"Peavine"
"Peavine",4.46000003814697,350,"Peavine"
"Peavine",5.88000011444092,351,"Peavine"
"Peavine",9.82999992370605,352,"Peavine"
"Peavine",12.1599998474121,353,"Peavine"
"Peavine",12.5500001907349,354,"Peavine"
"Peavine",10.960000038147,355,"Peavine"
"Peavine",10.1199998855591,356,"Peavine"
"Peavine",10.5299997329712,357,"Peavine"
"Peavine",10.8800001144409,358,"Peavine"
"Peavine",8.09000015258789,359,"Peavine"
"Peavine",5.03999996185303,360,"Peavine"
"Peavine",7.21999979019165,361,"Peavine"
"Peavine",9.92000007629395,362,"Peavine"
"Peavine",10.6000003814697,363,"Peavine"
"Peavine",5.88000011444092,364,"Peavine"
"Peavine",3.32999992370605,365,"Peavine"
"Peavine",-4.59999990463257,1,"Peavine"
"Peavine",-4.40000009536743,2,"Peavine"
"Peavine",-2.45000004768372,3,"Peavine"
"Peavine",-4.82999992370605,4,"Peavine"
"Peavine",-5.63000011444092,5,"Peavine"
"Peavine",-8.52999973297119,6,"Peavine"
"Peavine",-11.4499998092651,7,"Peavine"
"Peavine",-10.3500003814697,8,"Peavine"
"Peavine",-4.59999990463257,9,"Peavine"
"Peavine",-5.40999984741211,10,"Peavine"
"Peavine",-12.8999996185303,11,"Peavine"
"Peavine",-6.32999992370605,12,"Peavine"
"Peavine",-0.52999997138977,13,"Peavine"
"Peavine",-1.19000005722046,14,"Peavine"
"Peavine",-3.49000000953674,15,"Peavine"
"Peavine",-3.63000011444092,16,"Peavine"
"Peavine",-0.9200000166893,17,"Peavine"
"Peavine",-1.6599999666214,18,"Peavine"
"Peavine",0.5799999833107,19,"Peavine"
"Peavine",1.10000002384186,20,"Peavine"
"Peavine",1.46000003814697,21,"Peavine"
"Peavine",1.62000000476837,22,"Peavine"
"Peavine",-1.50999999046326,23,"Peavine"
"Peavine",0.550000011920929,24,"Peavine"
"Peavine",-1.25999999046326,25,"Peavine"
"Peavine",-1.94000005722046,26,"Peavine"
"Peavine",2.40000009536743,27,"Peavine"
"Peavine",3.66000008583069,28,"Peavine"
"Peavine",1.25999999046326,29,"Peavine"
"Peavine",1.69000005722046,30,"Peavine"
"Peavine",4.53999996185303,31,"Peavine"
"Peavine",-0.610000014305115,32,"Peavine"
"Peavine",-3.34999990463257,33,"Peavine"
"Peavine",-6.07999992370605,34,"Peavine"
"Peavine",-3.42000007629395,35,"Peavine"
"Peavine",-2.24000000953674,36,"Peavine"
"Peavine",-2.70000004768372,37,"Peavine"
"Peavine",-4.19999980926514,38,"Peavine"
"Peavine",-7.23999977111816,39,"Peavine"
"Peavine",-5.76999998092651,40,"Peavine"
"Peavine",-8.14999961853027,41,"Peavine"
"Peavine",-7.69000005722046,42,"Peavine"
"Peavine",-5.51000022888184,43,"Peavine"
"Peavine",-2.52999997138977,44,"Peavine"
"Peavine",-1.86000001430511,45,"Peavine"
"Peavine",-0.479999989271164,46,"Peavine"
"Peavine",-0.730000019073486,47,"Peavine"
"Peavine",0.389999985694885,48,"Peavine"
"Peavine",0.5,49,"Peavine"
"Peavine",0.430000007152557,50,"Peavine"
"Peavine",-0.850000023841858,51,"Peavine"
"Peavine",-2.86999988555908,52,"Peavine"
"Peavine",-5.90999984741211,53,"Peavine"
"Peavine",-4.11999988555908,54,"Peavine"
"Peavine",-3.20000004768372,55,"Peavine"
"Peavine",-0.8299999833107,56,"Peavine"
"Peavine",1.50999999046326,57,"Peavine"
"Peavine",-4.21999979019165,58,"Peavine"
"Peavine",-3.30999994277954,59,"Peavine"
"Peavine",1.01999998092651,60,"Peavine"
"Peavine",-0.850000023841858,61,"Peavine"
"Peavine",-7.03000020980835,62,"Peavine"
"Peavine",-6.88000011444092,63,"Peavine"
"Peavine",-6.05000019073486,64,"Peavine"
"Peavine",-1.17999994754791,65,"Peavine"
"Peavine",-1.69000005722046,66,"Peavine"
"Peavine",-3.82999992370605,67,"Peavine"
"Peavine",-6.07000017166138,68,"Peavine"
"Peavine",-3.03999996185303,69,"Peavine"
"Peavine",1.38999998569489,70,"Peavine"
"Peavine",0.150000005960464,71,"Peavine"
"Peavine",-0.200000002980232,72,"Peavine"
"Peavine",-2.74000000953674,73,"Peavine"
"Peavine",-4.86999988555908,74,"Peavine"
"Peavine",-2.60999989509583,75,"Peavine"
"Peavine",-2.49000000953674,76,"Peavine"
"Peavine",-0.839999973773956,77,"Peavine"
"Peavine",1,78,"Peavine"
"Peavine",1.04999995231628,79,"Peavine"
"Peavine",2.61999988555908,80,"Peavine"
"Peavine",2.1800000667572,81,"Peavine"
"Peavine",2.13000011444092,82,"Peavine"
"Peavine",-2.6800000667572,83,"Peavine"
"Peavine",-2.42000007629395,84,"Peavine"
"Peavine",-3.45000004768372,85,"Peavine"
"Peavine",-1.14999997615814,86,"Peavine"
"Peavine",0.189999997615814,87,"Peavine"
"Peavine",-2.60999989509583,88,"Peavine"
"Peavine",-2.20000004768372,89,"Peavine"
"Peavine",-1.55999994277954,90,"Peavine"
"Peavine",-1.99000000953674,91,"Peavine"
"Peavine",-3.80999994277954,92,"Peavine"
"Peavine",0.680000007152557,93,"Peavine"
"Peavine",2.6800000667572,94,"Peavine"
"Peavine",-4.25,95,"Peavine"
"Peavine",-6.25,96,"Peavine"
"Peavine",-5.98000001907349,97,"Peavine"
"Peavine",-5.28000020980835,98,"Peavine"
"Peavine",-3.46000003814697,99,"Peavine"
"Peavine",-1.38999998569489,100,"Peavine"
"Peavine",2.30999994277954,101,"Peavine"
"Peavine",4.07000017166138,102,"Peavine"
"Peavine",5.03000020980835,103,"Peavine"
"Peavine",0.180000007152557,104,"Peavine"
"Peavine",-0.699999988079071,105,"Peavine"
"Peavine",0.52999997138977,106,"Peavine"
"Peavine",0.150000005960464,107,"Peavine"
"Peavine",2.75,108,"Peavine"
"Peavine",0.790000021457672,109,"Peavine"
"Peavine",4.92000007629395,110,"Peavine"
"Peavine",5.19000005722046,111,"Peavine"
"Peavine",4.57000017166138,112,"Peavine"
"Peavine",5,113,"Peavine"
"Peavine",6.48999977111816,114,"Peavine"
"Peavine",3.3199999332428,115,"Peavine"
"Peavine",3.0699999332428,116,"Peavine"
"Peavine",1.35000002384186,117,"Peavine"
"Peavine",-1.28999996185303,118,"Peavine"
"Peavine",1.50999999046326,119,"Peavine"
"Peavine",1.8400000333786,120,"Peavine"
"Peavine",-0.540000021457672,121,"Peavine"
"Peavine",-2.20000004768372,122,"Peavine"
"Peavine",0.75,123,"Peavine"
"Peavine",3.48000001907349,124,"Peavine"
"Peavine",0.839999973773956,125,"Peavine"
"Peavine",-2.95000004768372,126,"Peavine"
"Peavine",-1.28999996185303,127,"Peavine"
"Peavine",0.389999985694885,128,"Peavine"
"Peavine",-1.51999998092651,129,"Peavine"
"Peavine",1.52999997138977,130,"Peavine"
"Peavine",4.78000020980835,131,"Peavine"
"Peavine",4.48999977111816,132,"Peavine"
"Peavine",7.92999982833862,133,"Peavine"
"Peavine",7.90999984741211,134,"Peavine"
"Peavine",7.3899998664856,135,"Peavine"
"Peavine",7.80000019073486,136,"Peavine"
"Peavine",7.40999984741211,137,"Peavine"
"Peavine",9.43000030517578,138,"Peavine"
"Peavine",7.30999994277954,139,"Peavine"
"Peavine",7.28999996185303,140,"Peavine"
"Peavine",2.52999997138977,141,"Peavine"
"Peavine",2.10999989509583,142,"Peavine"
"Peavine",5.94999980926514,143,"Peavine"
"Peavine",4.15000009536743,144,"Peavine"
"Peavine",4.90000009536743,145,"Peavine"
"Peavine",5.67000007629395,146,"Peavine"
"Peavine",3.57999992370605,147,"Peavine"
"Peavine",7.78999996185303,148,"Peavine"
"Peavine",9.48999977111816,149,"Peavine"
"Peavine",7.28000020980835,150,"Peavine"
"Peavine",5.55000019073486,151,"Peavine"
"Peavine",7.61999988555908,152,"Peavine"
"Peavine",10.460000038147,153,"Peavine"
"Peavine",10.3800001144409,154,"Peavine"
"Peavine",11.710000038147,155,"Peavine"
"Peavine",8.19999980926514,156,"Peavine"
"Peavine",12.9799995422363,157,"Peavine"
"Peavine",15.4499998092651,158,"Peavine"
"Peavine",13.3199996948242,159,"Peavine"
"Peavine",12.1099996566772,160,"Peavine"
"Peavine",11.8900003433228,161,"Peavine"
"Peavine",11.3999996185303,162,"Peavine"
"Peavine",13.8299999237061,163,"Peavine"
"Peavine",13.8400001525879,164,"Peavine"
"Peavine",13.7399997711182,165,"Peavine"
"Peavine",11.6999998092651,166,"Peavine"
"Peavine",9.42000007629395,167,"Peavine"
"Peavine",6.13000011444092,168,"Peavine"
"Peavine",4.94000005722046,169,"Peavine"
"Peavine",2.85999989509583,170,"Peavine"
"Peavine",5.96000003814697,171,"Peavine"
"Peavine",9.13000011444092,172,"Peavine"
"Peavine",11.6400003433228,173,"Peavine"
"Peavine",14,174,"Peavine"
"Peavine",14.8999996185303,175,"Peavine"
"Peavine",13.9399995803833,176,"Peavine"
"Peavine",16.0599994659424,177,"Peavine"
"Peavine",15.9300003051758,178,"Peavine"
"Peavine",12.9700002670288,179,"Peavine"
"Peavine",8.77999973297119,180,"Peavine"
"Peavine",12.7200002670288,181,"Peavine"
"Peavine",12.3100004196167,182,"Peavine"
"Peavine",10.8299999237061,183,"Peavine"
"Peavine",12.4099998474121,184,"Peavine"
"Peavine",12.710000038147,185,"Peavine"
"Peavine",13.8500003814697,186,"Peavine"
"Peavine",15.5799999237061,187,"Peavine"
"Peavine",15.789999961853,188,"Peavine"
"Peavine",17.9300003051758,189,"Peavine"
"Peavine",17.1700000762939,190,"Peavine"
"Peavine",17.0400009155273,191,"Peavine"
"Peavine",15.5900001525879,192,"Peavine"
"Peavine",16.5400009155273,193,"Peavine"
"Peavine",17.8299999237061,194,"Peavine"
"Peavine",18.3600006103516,195,"Peavine"
"Peavine",15.9300003051758,196,"Peavine"
"Peavine",12.5699996948242,197,"Peavine"
"Peavine",14.0200004577637,198,"Peavine"
"Peavine",14.5799999237061,199,"Peavine"
"Peavine",14.1599998474121,200,"Peavine"
"Peavine",15.3599996566772,201,"Peavine"
"Peavine",16.7399997711182,202,"Peavine"
"Peavine",17.6200008392334,203,"Peavine"
"Peavine",17.2999992370605,204,"Peavine"
"Peavine",17.2900009155273,205,"Peavine"
"Peavine",18.1200008392334,206,"Peavine"
"Peavine",17.3400001525879,207,"Peavine"
"Peavine",13.7799997329712,208,"Peavine"
"Peavine",12.4799995422363,209,"Peavine"
"Peavine",10.2799997329712,210,"Peavine"
"Peavine",11.6400003433228,211,"Peavine"
"Peavine",11.8400001525879,212,"Peavine"
"Peavine",13.2799997329712,213,"Peavine"
"Peavine",15.7399997711182,214,"Peavine"
"Peavine",16.1000003814697,215,"Peavine"
"Peavine",16.6200008392334,216,"Peavine"
"Peavine",13.3900003433228,217,"Peavine"
"Peavine",16.3700008392334,218,"Peavine"
"Peavine",16.7700004577637,219,"Peavine"
"Peavine",17.2700004577637,220,"Peavine"
"Peavine",17.1100006103516,221,"Peavine"
"Peavine",15.4300003051758,222,"Peavine"
"Peavine",14.5600004196167,223,"Peavine"
"Peavine",12.9300003051758,224,"Peavine"
"Peavine",12.4499998092651,225,"Peavine"
"Peavine",10.460000038147,226,"Peavine"
"Peavine",10.1800003051758,227,"Peavine"
"Peavine",10.7700004577637,228,"Peavine"
"Peavine",10.0500001907349,229,"Peavine"
"Peavine",10.3100004196167,230,"Peavine"
"Peavine",9.34000015258789,231,"Peavine"
"Peavine",10.3599996566772,232,"Peavine"
"Peavine",11.8299999237061,233,"Peavine"
"Peavine",9.73999977111816,234,"Peavine"
"Peavine",11,235,"Peavine"
"Peavine",9.10999965667725,236,"Peavine"
"Peavine",3.77999997138977,237,"Peavine"
"Peavine",2.10999989509583,238,"Peavine"
"Peavine",5.78999996185303,239,"Peavine"
"Peavine",9.13000011444092,240,"Peavine"
"Peavine",11.5,241,"Peavine"
"Peavine",11.5600004196167,242,"Peavine"
"Peavine",12.1400003433228,243,"Peavine"
"Peavine",13.1099996566772,244,"Peavine"
"Peavine",13.6300001144409,245,"Peavine"
"Peavine",14.789999961853,246,"Peavine"
"Peavine",9.93000030517578,247,"Peavine"
"Peavine",10.6899995803833,248,"Peavine"
"Peavine",12.7799997329712,249,"Peavine"
"Peavine",13.6999998092651,250,"Peavine"
"Peavine",12.8699998855591,251,"Peavine"
"Peavine",12.25,252,"Peavine"
"Peavine",11.1899995803833,253,"Peavine"
"Peavine",10.4899997711182,254,"Peavine"
"Peavine",7.84999990463257,255,"Peavine"
"Peavine",5.26000022888184,256,"Peavine"
"Peavine",6.84999990463257,257,"Peavine"
"Peavine",8.47999954223633,258,"Peavine"
"Peavine",8.4399995803833,259,"Peavine"
"Peavine",5.21000003814697,260,"Peavine"
"Peavine",6.96999979019165,261,"Peavine"
"Peavine",5.28999996185303,262,"Peavine"
"Peavine",5.73999977111816,263,"Peavine"
"Peavine",6.11999988555908,264,"Peavine"
"Peavine",7.73000001907349,265,"Peavine"
"Peavine",6.98000001907349,266,"Peavine"
"Peavine",8.43000030517578,267,"Peavine"
"Peavine",9.09000015258789,268,"Peavine"
"Peavine",11.1999998092651,269,"Peavine"
"Peavine",10.1000003814697,270,"Peavine"
"Peavine",9.21000003814697,271,"Peavine"
"Peavine",9.64000034332275,272,"Peavine"
"Peavine",11.1800003051758,273,"Peavine"
"Peavine",8.72999954223633,274,"Peavine"
"Peavine",8.53999996185303,275,"Peavine"
"Peavine",11.7399997711182,276,"Peavine"
"Peavine",10.1499996185303,277,"Peavine"
"Peavine",13.3599996566772,278,"Peavine"
"Peavine",11.0699996948242,279,"Peavine"
"Peavine",10.5200004577637,280,"Peavine"
"Peavine",9.80000019073486,281,"Peavine"
"Peavine",9.01000022888184,282,"Peavine"
"Peavine",8.5,283,"Peavine"
"Peavine",9.9399995803833,284,"Peavine"
"Peavine",7.53999996185303,285,"Peavine"
"Peavine",8.63000011444092,286,"Peavine"
"Peavine",4.15999984741211,287,"Peavine"
"Peavine",5.51000022888184,288,"Peavine"
"Peavine",6.69000005722046,289,"Peavine"
"Peavine",5.69000005722046,290,"Peavine"
"Peavine",-0.810000002384186,291,"Peavine"
"Peavine",-3.23000001907349,292,"Peavine"
"Peavine",-0.379999995231628,293,"Peavine"
"Peavine",1.58000004291534,294,"Peavine"
"Peavine",6.40999984741211,295,"Peavine"
"Peavine",4.96999979019165,296,"Peavine"
"Peavine",2.78999996185303,297,"Peavine"
"Peavine",0.0299999993294477,298,"Peavine"
"Peavine",1.07000005245209,299,"Peavine"
"Peavine",2.75,300,"Peavine"
"Peavine",8.14999961853027,301,"Peavine"
"Peavine",0.850000023841858,302,"Peavine"
"Peavine",-1.62999999523163,303,"Peavine"
"Peavine",-4.59000015258789,304,"Peavine"
"Peavine",0.620000004768372,305,"Peavine"
"Peavine",-2.50999999046326,306,"Peavine"
"Peavine",0.800000011920929,307,"Peavine"
"Peavine",-1.82000005245209,308,"Peavine"
"Peavine",-3.57999992370605,309,"Peavine"
"Peavine",-0.6700000166893,310,"Peavine"
"Peavine",-3.95000004768372,311,"Peavine"
"Peavine",-4.53000020980835,312,"Peavine"
"Peavine",-2.53999996185303,313,"Peavine"
"Peavine",-1.37000000476837,314,"Peavine"
"Peavine",3.20000004768372,315,"Peavine"
"Peavine",0.639999985694885,316,"Peavine"
"Peavine",-2.35999989509583,317,"Peavine"
"Peavine",-1.24000000953674,318,"Peavine"
"Peavine",0.310000002384186,319,"Peavine"
"Peavine",-3.35999989509583,320,"Peavine"
"Peavine",-7.78000020980835,321,"Peavine"
"Peavine",-4.26000022888184,322,"Peavine"
"Peavine",-4.8899998664856,323,"Peavine"
"Peavine",-8.5,324,"Peavine"
"Peavine",1.48000001907349,325,"Peavine"
"Peavine",4.01000022888184,326,"Peavine"
"Peavine",4.51000022888184,327,"Peavine"
"Peavine",-0.939999997615814,328,"Peavine"
"Peavine",-4.94999980926514,329,"Peavine"
"Peavine",-4.55000019073486,330,"Peavine"
"Peavine",-4.6399998664856,331,"Peavine"
"Peavine",-6.46000003814697,332,"Peavine"
"Peavine",-7.1100001335144,333,"Peavine"
"Peavine",-6.26999998092651,334,"Peavine"
"Peavine",-5.96000003814697,335,"Peavine"
"Peavine",-6,336,"Peavine"
"Peavine",-3.60999989509583,337,"Peavine"
"Peavine",-4.36999988555908,338,"Peavine"
"Peavine",-3.15000009536743,339,"Peavine"
"Peavine",-2.25999999046326,340,"Peavine"
"Peavine",-3.51999998092651,341,"Peavine"
"Peavine",-3.25,342,"Peavine"
"Peavine",-2.84999990463257,343,"Peavine"
"Peavine",-7.53999996185303,344,"Peavine"
"Peavine",-8.13000011444092,345,"Peavine"
"Peavine",-5.48000001907349,346,"Peavine"
"Peavine",-1.52999997138977,347,"Peavine"
"Peavine",-1.77999997138977,348,"Peavine"
"Peavine",-2.77999997138977,349,"Peavine"
"Peavine",-7.07000017166138,350,"Peavine"
"Peavine",-2.05999994277954,351,"Peavine"
"Peavine",-1.12999999523163,352,"Peavine"
"Peavine",-1.25,353,"Peavine"
"Peavine",-1.62000000476837,354,"Peavine"
"Peavine",0.0700000002980232,355,"Peavine"
"Peavine",3.16000008583069,356,"Peavine"
"Peavine",4.07999992370605,357,"Peavine"
"Peavine",2.90000009536743,358,"Peavine"
"Peavine",-1.9099999666214,359,"Peavine"
"Peavine",-4.80999994277954,360,"Peavine"
"Peavine",1.6599999666214,361,"Peavine"
"Peavine",2.55999994277954,362,"Peavine"
"Peavine",3.44000005722046,363,"Peavine"
"Peavine",0.0299999993294477,364,"Peavine"
"Peavine",-3.76999998092651,365,"Peavine"
"Peavine",434.369995117188,1,"Peavine"
"Peavine",440.670013427734,2,"Peavine"
"Peavine",510.149993896484,3,"Peavine"
"Peavine",426.760009765625,4,"Peavine"
"Peavine",401.660003662109,5,"Peavine"
"Peavine",320.859985351562,6,"Peavine"
"Peavine",254.669998168945,7,"Peavine"
"Peavine",278.059997558594,8,"Peavine"
"Peavine",434.140014648438,9,"Peavine"
"Peavine",408.429992675781,10,"Peavine"
"Peavine",226.649993896484,11,"Peavine"
"Peavine",380.619995117188,12,"Peavine"
"Peavine",587.559997558594,13,"Peavine"
"Peavine",559.780029296875,14,"Peavine"
"Peavine",472.019989013672,15,"Peavine"
"Peavine",467,16,"Peavine"
"Peavine",571.030029296875,17,"Peavine"
"Peavine",540.72998046875,18,"Peavine"
"Peavine",637.059997558594,19,"Peavine"
"Peavine",661.549987792969,20,"Peavine"
"Peavine",678.47998046875,21,"Peavine"
"Peavine",686.599975585938,22,"Peavine"
"Peavine",546.820007324219,23,"Peavine"
"Peavine",635.690002441406,24,"Peavine"
"Peavine",557.059997558594,25,"Peavine"
"Peavine",529.820007324219,26,"Peavine"
"Peavine",725.690002441406,27,"Peavine"
"Peavine",793.77001953125,28,"Peavine"
"Peavine",668.489990234375,29,"Peavine"
"Peavine",690.210021972656,30,"Peavine"
"Peavine",844.47998046875,31,"Peavine"
"Peavine",584.330017089844,32,"Peavine"
"Peavine",476.850006103516,33,"Peavine"
"Peavine",387.989990234375,34,"Peavine"
"Peavine",474.420013427734,35,"Peavine"
"Peavine",518.080017089844,36,"Peavine"
"Peavine",500.579986572266,37,"Peavine"
"Peavine",447.420013427734,38,"Peavine"
"Peavine",354.910003662109,39,"Peavine"
"Peavine",397.399993896484,40,"Peavine"
"Peavine",330.690002441406,41,"Peavine"
"Peavine",342.739990234375,42,"Peavine"
"Peavine",405.269989013672,43,"Peavine"
"Peavine",506.980010986328,44,"Peavine"
"Peavine",533.059997558594,45,"Peavine"
"Peavine",589.530029296875,46,"Peavine"
"Peavine",579.099975585938,47,"Peavine"
"Peavine",628.140014648438,48,"Peavine"
"Peavine",633.119995117188,49,"Peavine"
"Peavine",630.169982910156,50,"Peavine"
"Peavine",573.820007324219,51,"Peavine"
"Peavine",494.470001220703,52,"Peavine"
"Peavine",392.950012207031,53,"Peavine"
"Peavine",450.230010986328,54,"Peavine"
"Peavine",482.269989013672,55,"Peavine"
"Peavine",574.869995117188,56,"Peavine"
"Peavine",681.349975585938,57,"Peavine"
"Peavine",446.920013427734,58,"Peavine"
"Peavine",478.380004882812,59,"Peavine"
"Peavine",657.700012207031,60,"Peavine"
"Peavine",574.109985351562,61,"Peavine"
"Peavine",360.630004882812,62,"Peavine"
"Peavine",364.839996337891,63,"Peavine"
"Peavine",388.869995117188,64,"Peavine"
"Peavine",560.22998046875,65,"Peavine"
"Peavine",539.760009765625,66,"Peavine"
"Peavine",460.010009765625,67,"Peavine"
"Peavine",388.369995117188,68,"Peavine"
"Peavine",488.070007324219,69,"Peavine"
"Peavine",675.210021972656,70,"Peavine"
"Peavine",617.320007324219,71,"Peavine"
"Peavine",601.669982910156,72,"Peavine"
"Peavine",499.179992675781,73,"Peavine"
"Peavine",425.429992675781,74,"Peavine"
"Peavine",504.100006103516,75,"Peavine"
"Peavine",508.420013427734,76,"Peavine"
"Peavine",574.419982910156,77,"Peavine"
"Peavine",656.349975585938,78,"Peavine"
"Peavine",656.760009765625,79,"Peavine"
"Peavine",737.530029296875,80,"Peavine"
"Peavine",714.489990234375,81,"Peavine"
"Peavine",711.97998046875,82,"Peavine"
"Peavine",501.429992675781,83,"Peavine"
"Peavine",511.390014648438,84,"Peavine"
"Peavine",473.489990234375,85,"Peavine"
"Peavine",561.669982910156,86,"Peavine"
"Peavine",619.070007324219,87,"Peavine"
"Peavine",503.910003662109,88,"Peavine"
"Peavine",519.559997558594,89,"Peavine"
"Peavine",544.630004882812,90,"Peavine"
"Peavine",527.950012207031,91,"Peavine"
"Peavine",460.940002441406,92,"Peavine"
"Peavine",634.169982910156,93,"Peavine"
"Peavine",740.330017089844,94,"Peavine"
"Peavine",445.869995117188,95,"Peavine"
"Peavine",382.809997558594,96,"Peavine"
"Peavine",391.019989013672,97,"Peavine"
"Peavine",412.489990234375,98,"Peavine"
"Peavine",473.140014648438,99,"Peavine"
"Peavine",533.650024414062,100,"Peavine"
"Peavine",671.989990234375,101,"Peavine"
"Peavine",762.700012207031,102,"Peavine"
"Peavine",852.960021972656,103,"Peavine"
"Peavine",606.049987792969,104,"Peavine"
"Peavine",580.150024414062,105,"Peavine"
"Peavine",634.429992675781,106,"Peavine"
"Peavine",571.090026855469,107,"Peavine"
"Peavine",709.880004882812,108,"Peavine"
"Peavine",600.869995117188,109,"Peavine"
"Peavine",805.960021972656,110,"Peavine"
"Peavine",807.510009765625,111,"Peavine"
"Peavine",752.630004882812,112,"Peavine"
"Peavine",776.289978027344,113,"Peavine"
"Peavine",966.690002441406,114,"Peavine"
"Peavine",764.039978027344,115,"Peavine"
"Peavine",761.080017089844,116,"Peavine"
"Peavine",673.289978027344,117,"Peavine"
"Peavine",533.440002441406,118,"Peavine"
"Peavine",644.549987792969,119,"Peavine"
"Peavine",676.460021972656,120,"Peavine"
"Peavine",545.260009765625,121,"Peavine"
"Peavine",493.260009765625,122,"Peavine"
"Peavine",589.25,123,"Peavine"
"Peavine",734.940002441406,124,"Peavine"
"Peavine",649.210021972656,125,"Peavine"
"Peavine",491.600006103516,126,"Peavine"
"Peavine",509.720001220703,127,"Peavine"
"Peavine",593.72998046875,128,"Peavine"
"Peavine",518.880004882812,129,"Peavine"
"Peavine",596.630004882812,130,"Peavine"
"Peavine",738.320007324219,131,"Peavine"
"Peavine",680.27001953125,132,"Peavine"
"Peavine",856.090026855469,133,"Peavine"
"Peavine",848.900024414062,134,"Peavine"
"Peavine",806.02001953125,135,"Peavine"
"Peavine",837.080017089844,136,"Peavine"
"Peavine",773.340026855469,137,"Peavine"
"Peavine",935.239990234375,138,"Peavine"
"Peavine",765.849975585938,139,"Peavine"
"Peavine",828.539978027344,140,"Peavine"
"Peavine",612.789978027344,141,"Peavine"
"Peavine",523.640014648438,142,"Peavine"
"Peavine",707.669982910156,143,"Peavine"
"Peavine",645.77001953125,144,"Peavine"
"Peavine",661.210021972656,145,"Peavine"
"Peavine",737.840026855469,146,"Peavine"
"Peavine",525.489990234375,147,"Peavine"
"Peavine",701.969970703125,148,"Peavine"
"Peavine",844.169982910156,149,"Peavine"
"Peavine",760.719970703125,150,"Peavine"
"Peavine",585.159973144531,151,"Peavine"
"Peavine",503.959991455078,152,"Peavine"
"Peavine",535.340026855469,153,"Peavine"
"Peavine",526.369995117188,154,"Peavine"
"Peavine",1055.09997558594,155,"Peavine"
"Peavine",394.320007324219,156,"Peavine"
"Peavine",554.090026855469,157,"Peavine"
"Peavine",657.659973144531,158,"Peavine"
"Peavine",567.530029296875,159,"Peavine"
"Peavine",521.47998046875,160,"Peavine"
"Peavine",513.309997558594,161,"Peavine"
"Peavine",496.100006103516,162,"Peavine"
"Peavine",587.940002441406,163,"Peavine"
"Peavine",588.239990234375,164,"Peavine"
"Peavine",584.260009765625,165,"Peavine"
"Peavine",539.969970703125,166,"Peavine"
"Peavine",438.649993896484,167,"Peavine"
"Peavine",338.880004882812,168,"Peavine"
"Peavine",479.920013427734,169,"Peavine"
"Peavine",270.769989013672,170,"Peavine"
"Peavine",334.690002441406,171,"Peavine"
"Peavine",421.700012207031,172,"Peavine"
"Peavine",504.429992675781,173,"Peavine"
"Peavine",594.849975585938,174,"Peavine"
"Peavine",633.27001953125,175,"Peavine"
"Peavine",592.679992675781,176,"Peavine"
"Peavine",685.440002441406,177,"Peavine"
"Peavine",679.650024414062,178,"Peavine"
"Peavine",554.02001953125,179,"Peavine"
"Peavine",411.25,180,"Peavine"
"Peavine",544.340026855469,181,"Peavine"
"Peavine",528.780029296875,182,"Peavine"
"Peavine",476.209991455078,183,"Peavine"
"Peavine",532.659973144531,184,"Peavine"
"Peavine",544.039978027344,185,"Peavine"
"Peavine",588.989990234375,186,"Peavine"
"Peavine",663.460021972656,187,"Peavine"
"Peavine",673.02001953125,188,"Peavine"
"Peavine",778.119995117188,189,"Peavine"
"Peavine",738.989990234375,190,"Peavine"
"Peavine",732.869995117188,191,"Peavine"
"Peavine",663.869995117188,192,"Peavine"
"Peavine",708.260009765625,193,"Peavine"
"Peavine",772.659973144531,194,"Peavine"
"Peavine",800.789978027344,195,"Peavine"
"Peavine",679.340026855469,196,"Peavine"
"Peavine",538.460021972656,197,"Peavine"
"Peavine",595.719970703125,198,"Peavine"
"Peavine",619.409973144531,199,"Peavine"
"Peavine",601.77001953125,200,"Peavine"
"Peavine",653.530029296875,201,"Peavine"
"Peavine",718.059997558594,202,"Peavine"
"Peavine",762.099975585938,203,"Peavine"
"Peavine",745.559997558594,204,"Peavine"
"Peavine",745.260009765625,205,"Peavine"
"Peavine",788.010009765625,206,"Peavine"
"Peavine",747.640014648438,207,"Peavine"
"Peavine",585.929992675781,208,"Peavine"
"Peavine",535.210021972656,209,"Peavine"
"Peavine",458.029998779297,210,"Peavine"
"Peavine",504.320007324219,211,"Peavine"
"Peavine",511.529998779297,212,"Peavine"
"Peavine",565.950012207031,213,"Peavine"
"Peavine",670.570007324219,214,"Peavine"
"Peavine",687.309997558594,215,"Peavine"
"Peavine",712.190002441406,216,"Peavine"
"Peavine",570.409973144531,217,"Peavine"
"Peavine",700.260009765625,218,"Peavine"
"Peavine",719.280029296875,219,"Peavine"
"Peavine",744.309997558594,220,"Peavine"
"Peavine",736.02001953125,221,"Peavine"
"Peavine",656.599975585938,222,"Peavine"
"Peavine",618.320007324219,223,"Peavine"
"Peavine",552.219970703125,224,"Peavine"
"Peavine",533.950012207031,225,"Peavine"
"Peavine",464.089996337891,226,"Peavine"
"Peavine",454.850006103516,227,"Peavine"
"Peavine",474.260009765625,228,"Peavine"
"Peavine",450.440002441406,229,"Peavine"
"Peavine",459.160003662109,230,"Peavine"
"Peavine",428.200012207031,231,"Peavine"
"Peavine",460.519989013672,232,"Peavine"
"Peavine",511.25,233,"Peavine"
"Peavine",440.589996337891,234,"Peavine"
"Peavine",482.140014648438,235,"Peavine"
"Peavine",421.040008544922,236,"Peavine"
"Peavine",388.970001220703,237,"Peavine"
"Peavine",250.539993286133,238,"Peavine"
"Peavine",330.549987792969,239,"Peavine"
"Peavine",421.760009765625,240,"Peavine"
"Peavine",499.390014648438,241,"Peavine"
"Peavine",501.649993896484,242,"Peavine"
"Peavine",522.590026855469,243,"Peavine"
"Peavine",559.119995117188,244,"Peavine"
"Peavine",579.989990234375,245,"Peavine"
"Peavine",628.22998046875,246,"Peavine"
"Peavine",446.700012207031,247,"Peavine"
"Peavine",471.760009765625,248,"Peavine"
"Peavine",546.549987792969,249,"Peavine"
"Peavine",582.840026855469,250,"Peavine"
"Peavine",549.97998046875,251,"Peavine"
"Peavine",526.719970703125,252,"Peavine"
"Peavine",488.820007324219,253,"Peavine"
"Peavine",465.029998779297,254,"Peavine"
"Peavine",384.290008544922,255,"Peavine"
"Peavine",317.670013427734,256,"Peavine"
"Peavine",357.290008544922,257,"Peavine"
"Peavine",402.5,258,"Peavine"
"Peavine",401.170013427734,259,"Peavine"
"Peavine",316.450012207031,260,"Peavine"
"Peavine",360.459991455078,261,"Peavine"
"Peavine",318.459991455078,262,"Peavine"
"Peavine",329.160003662109,263,"Peavine"
"Peavine",338.609985351562,264,"Peavine"
"Peavine",381.089996337891,265,"Peavine"
"Peavine",360.720001220703,266,"Peavine"
"Peavine",401.049987792969,267,"Peavine"
"Peavine",420.489990234375,268,"Peavine"
"Peavine",488.929992675781,269,"Peavine"
"Peavine",452.190002441406,270,"Peavine"
"Peavine",424.190002441406,271,"Peavine"
"Peavine",437.480010986328,272,"Peavine"
"Peavine",488.339996337891,273,"Peavine"
"Peavine",409.779998779297,274,"Peavine"
"Peavine",404.059997558594,275,"Peavine"
"Peavine",508.109985351562,276,"Peavine"
"Peavine",453.869995117188,277,"Peavine"
"Peavine",569.280029296875,278,"Peavine"
"Peavine",484.380004882812,279,"Peavine"
"Peavine",465.929992675781,280,"Peavine"
"Peavine",442.480010986328,281,"Peavine"
"Peavine",418.170013427734,282,"Peavine"
"Peavine",402.880004882812,283,"Peavine"
"Peavine",447.049987792969,284,"Peavine"
"Peavine",375.950012207031,285,"Peavine"
"Peavine",406.880004882812,286,"Peavine"
"Peavine",292.690002441406,287,"Peavine"
"Peavine",323.570007324219,288,"Peavine"
"Peavine",353.109985351562,289,"Peavine"
"Peavine",566.549987792969,290,"Peavine"
"Peavine",219.289993286133,291,"Peavine"
"Peavine",184.119995117188,292,"Peavine"
"Peavine",206.860000610352,293,"Peavine"
"Peavine",240.600006103516,294,"Peavine"
"Peavine",345.920013427734,295,"Peavine"
"Peavine",310.920013427734,296,"Peavine"
"Peavine",263.839996337891,297,"Peavine"
"Peavine",213.539993286133,298,"Peavine"
"Peavine",231.289993286133,299,"Peavine"
"Peavine",263.179992675781,300,"Peavine"
"Peavine",490.450012207031,301,"Peavine"
"Peavine",385.059997558594,302,"Peavine"
"Peavine",280.890014648438,303,"Peavine"
"Peavine",168.759994506836,304,"Peavine"
"Peavine",404.589996337891,305,"Peavine"
"Peavine",191.119995117188,306,"Peavine"
"Peavine",372.359985351562,307,"Peavine"
"Peavine",272.040008544922,308,"Peavine"
"Peavine",160.550003051758,309,"Peavine"
"Peavine",290.220001220703,310,"Peavine"
"Peavine",249.949996948242,311,"Peavine"
"Peavine",149.039993286133,312,"Peavine"
"Peavine",174.490005493164,313,"Peavine"
"Peavine",191.369995117188,314,"Peavine"
"Peavine",272.279998779297,315,"Peavine"
"Peavine",430.239990234375,316,"Peavine"
"Peavine",283.320007324219,317,"Peavine"
"Peavine",240.440002441406,318,"Peavine"
"Peavine",483.140014648438,319,"Peavine"
"Peavine",450.959991455078,320,"Peavine"
"Peavine",198.669998168945,321,"Peavine"
"Peavine",207.970001220703,322,"Peavine"
"Peavine",278.359985351562,323,"Peavine"
"Peavine",173.119995117188,324,"Peavine"
"Peavine",517.760009765625,325,"Peavine"
"Peavine",575.219970703125,326,"Peavine"
"Peavine",682.419982910156,327,"Peavine"
"Peavine",510.170013427734,328,"Peavine"
"Peavine",323.850006103516,329,"Peavine"
"Peavine",392.519989013672,330,"Peavine"
"Peavine",360.309997558594,331,"Peavine"
"Peavine",324.700012207031,332,"Peavine"
"Peavine",269.660003662109,333,"Peavine"
"Peavine",265.510009765625,334,"Peavine"
"Peavine",271.619995117188,335,"Peavine"
"Peavine",305.589996337891,336,"Peavine"
"Peavine",361.709991455078,337,"Peavine"
"Peavine",311.630004882812,338,"Peavine"
"Peavine",343.089996337891,339,"Peavine"
"Peavine",361.760009765625,340,"Peavine"
"Peavine",333.589996337891,341,"Peavine"
"Peavine",321.899993896484,342,"Peavine"
"Peavine",357.510009765625,343,"Peavine"
"Peavine",282.350006103516,344,"Peavine"
"Peavine",239.410003662109,345,"Peavine"
"Peavine",297.890014648438,346,"Peavine"
"Peavine",525.809997558594,347,"Peavine"
"Peavine",482.850006103516,348,"Peavine"
"Peavine",497.609985351562,349,"Peavine"
"Peavine",350.570007324219,350,"Peavine"
"Peavine",525.239990234375,351,"Peavine"
"Peavine",540.570007324219,352,"Peavine"
"Peavine",498.709991455078,353,"Peavine"
"Peavine",478.869995117188,354,"Peavine"
"Peavine",579.52001953125,355,"Peavine"
"Peavine",765.919982910156,356,"Peavine"
"Peavine",817.75,357,"Peavine"
"Peavine",752.049987792969,358,"Peavine"
"Peavine",530.789978027344,359,"Peavine"
"Peavine",427.429992675781,360,"Peavine"
"Peavine",688.409973144531,361,"Peavine"
"Peavine",734.150024414062,362,"Peavine"
"Peavine",781.289978027344,363,"Peavine"
"Peavine",611.840026855469,364,"Peavine"
"Peavine",462.179992675781,365,"Peavine"
"Plymouth",33529.08984375,1,"Plymouth"
"Plymouth",33568.73828125,2,"Plymouth"
"Plymouth",33611.640625,3,"Plymouth"
"Plymouth",33657.76171875,4,"Plymouth"
"Plymouth",33707.05859375,5,"Plymouth"
"Plymouth",33759.5,6,"Plymouth"
"Plymouth",33815.05859375,7,"Plymouth"
"Plymouth",33873.69140625,8,"Plymouth"
"Plymouth",33935.359375,9,"Plymouth"
"Plymouth",34000.01171875,10,"Plymouth"
"Plymouth",34067.609375,11,"Plymouth"
"Plymouth",34138.12109375,12,"Plymouth"
"Plymouth",34211.48046875,13,"Plymouth"
"Plymouth",34287.66015625,14,"Plymouth"
"Plymouth",34366.6015625,15,"Plymouth"
"Plymouth",34448.25,16,"Plymouth"
"Plymouth",34532.5703125,17,"Plymouth"
"Plymouth",34619.5,18,"Plymouth"
"Plymouth",34708.98828125,19,"Plymouth"
"Plymouth",34800.98828125,20,"Plymouth"
"Plymouth",34895.44921875,21,"Plymouth"
"Plymouth",34992.30859375,22,"Plymouth"
"Plymouth",35091.51953125,23,"Plymouth"
"Plymouth",35193.03125,24,"Plymouth"
"Plymouth",35296.78125,25,"Plymouth"
"Plymouth",35402.7109375,26,"Plymouth"
"Plymouth",35510.78125,27,"Plymouth"
"Plymouth",35620.9296875,28,"Plymouth"
"Plymouth",35733.1015625,29,"Plymouth"
"Plymouth",35847.23828125,30,"Plymouth"
"Plymouth",35963.30859375,31,"Plymouth"
"Plymouth",36081.23046875,32,"Plymouth"
"Plymouth",36200.96875,33,"Plymouth"
"Plymouth",36322.4609375,34,"Plymouth"
"Plymouth",36445.66015625,35,"Plymouth"
"Plymouth",36570.51953125,36,"Plymouth"
"Plymouth",36696.98046875,37,"Plymouth"
"Plymouth",36824.98828125,38,"Plymouth"
"Plymouth",36954.51171875,39,"Plymouth"
"Plymouth",37085.48046875,40,"Plymouth"
"Plymouth",37217.859375,41,"Plymouth"
"Plymouth",37351.58984375,42,"Plymouth"
"Plymouth",37486.62890625,43,"Plymouth"
"Plymouth",37622.94140625,44,"Plymouth"
"Plymouth",37760.4609375,45,"Plymouth"
"Plymouth",37899.16015625,46,"Plymouth"
"Plymouth",38038.98828125,47,"Plymouth"
"Plymouth",38179.91015625,48,"Plymouth"
"Plymouth",38321.87109375,49,"Plymouth"
"Plymouth",38464.828125,50,"Plymouth"
"Plymouth",38608.75,51,"Plymouth"
"Plymouth",38753.58984375,52,"Plymouth"
"Plymouth",38899.3203125,53,"Plymouth"
"Plymouth",39045.890625,54,"Plymouth"
"Plymouth",39193.26171875,55,"Plymouth"
"Plymouth",39341.41015625,56,"Plymouth"
"Plymouth",39490.28125,57,"Plymouth"
"Plymouth",39639.859375,58,"Plymouth"
"Plymouth",39790.08984375,59,"Plymouth"
"Plymouth",39940.94921875,60,"Plymouth"
"Plymouth",40092.41015625,61,"Plymouth"
"Plymouth",40244.4296875,62,"Plymouth"
"Plymouth",40396.98046875,63,"Plymouth"
"Plymouth",40550.03125,64,"Plymouth"
"Plymouth",40703.5390625,65,"Plymouth"
"Plymouth",40857.48828125,66,"Plymouth"
"Plymouth",41011.8515625,67,"Plymouth"
"Plymouth",41166.58984375,68,"Plymouth"
"Plymouth",41321.671875,69,"Plymouth"
"Plymouth",41477.078125,70,"Plymouth"
"Plymouth",41632.76953125,71,"Plymouth"
"Plymouth",41788.73046875,72,"Plymouth"
"Plymouth",41944.9296875,73,"Plymouth"
"Plymouth",42101.33984375,74,"Plymouth"
"Plymouth",42257.9296875,75,"Plymouth"
"Plymouth",42414.671875,76,"Plymouth"
"Plymouth",42571.55078125,77,"Plymouth"
"Plymouth",42728.53125,78,"Plymouth"
"Plymouth",42885.578125,79,"Plymouth"
"Plymouth",43042.69140625,80,"Plymouth"
"Plymouth",43199.828125,81,"Plymouth"
"Plymouth",43356.9609375,82,"Plymouth"
"Plymouth",43514.0703125,83,"Plymouth"
"Plymouth",43671.12890625,84,"Plymouth"
"Plymouth",43828.109375,85,"Plymouth"
"Plymouth",43984.98828125,86,"Plymouth"
"Plymouth",44141.73046875,87,"Plymouth"
"Plymouth",44298.3203125,88,"Plymouth"
"Plymouth",44454.73046875,89,"Plymouth"
"Plymouth",44610.9296875,90,"Plymouth"
"Plymouth",44766.890625,91,"Plymouth"
"Plymouth",44922.578125,92,"Plymouth"
"Plymouth",45077.98828125,93,"Plymouth"
"Plymouth",45233.0703125,94,"Plymouth"
"Plymouth",45387.80859375,95,"Plymouth"
"Plymouth",45542.171875,96,"Plymouth"
"Plymouth",45696.12109375,97,"Plymouth"
"Plymouth",45849.640625,98,"Plymouth"
"Plymouth",46002.69140625,99,"Plymouth"
"Plymouth",46155.23828125,100,"Plymouth"
"Plymouth",46307.26171875,101,"Plymouth"
"Plymouth",46458.71875,102,"Plymouth"
"Plymouth",46609.578125,103,"Plymouth"
"Plymouth",46759.8203125,104,"Plymouth"
"Plymouth",46909.390625,105,"Plymouth"
"Plymouth",47058.26953125,106,"Plymouth"
"Plymouth",47206.41015625,107,"Plymouth"
"Plymouth",47353.7890625,108,"Plymouth"
"Plymouth",47500.359375,109,"Plymouth"
"Plymouth",47646.08984375,110,"Plymouth"
"Plymouth",47790.9296875,111,"Plymouth"
"Plymouth",47934.859375,112,"Plymouth"
"Plymouth",48077.8203125,113,"Plymouth"
"Plymouth",48219.78125,114,"Plymouth"
"Plymouth",48360.69921875,115,"Plymouth"
"Plymouth",48500.53125,116,"Plymouth"
"Plymouth",48639.23046875,117,"Plymouth"
"Plymouth",48776.76171875,118,"Plymouth"
"Plymouth",48913.0703125,119,"Plymouth"
"Plymouth",49048.12109375,120,"Plymouth"
"Plymouth",49181.8515625,121,"Plymouth"
"Plymouth",49314.23046875,122,"Plymouth"
"Plymouth",49445.2109375,123,"Plymouth"
"Plymouth",49574.71875,124,"Plymouth"
"Plymouth",49702.73828125,125,"Plymouth"
"Plymouth",49829.19921875,126,"Plymouth"
"Plymouth",49954.05859375,127,"Plymouth"
"Plymouth",50077.26953125,128,"Plymouth"
"Plymouth",50198.76953125,129,"Plymouth"
"Plymouth",50318.51171875,130,"Plymouth"
"Plymouth",50436.44140625,131,"Plymouth"
"Plymouth",50552.5,132,"Plymouth"
"Plymouth",50666.6484375,133,"Plymouth"
"Plymouth",50778.828125,134,"Plymouth"
"Plymouth",50888.98046875,135,"Plymouth"
"Plymouth",50997.05859375,136,"Plymouth"
"Plymouth",51103,137,"Plymouth"
"Plymouth",51206.75,138,"Plymouth"
"Plymouth",51308.26171875,139,"Plymouth"
"Plymouth",51407.46875,140,"Plymouth"
"Plymouth",51504.33984375,141,"Plymouth"
"Plymouth",51598.80078125,142,"Plymouth"
"Plymouth",51690.80859375,143,"Plymouth"
"Plymouth",51780.30859375,144,"Plymouth"
"Plymouth",51867.23828125,145,"Plymouth"
"Plymouth",51951.5703125,146,"Plymouth"
"Plymouth",52033.21875,147,"Plymouth"
"Plymouth",52112.171875,148,"Plymouth"
"Plymouth",52188.3515625,149,"Plymouth"
"Plymouth",52261.71875,150,"Plymouth"
"Plymouth",52332.23828125,151,"Plymouth"
"Plymouth",52399.8515625,152,"Plymouth"
"Plymouth",52464.51171875,153,"Plymouth"
"Plymouth",52526.1796875,154,"Plymouth"
"Plymouth",52584.80859375,155,"Plymouth"
"Plymouth",52640.37890625,156,"Plymouth"
"Plymouth",52692.828125,157,"Plymouth"
"Plymouth",52742.140625,158,"Plymouth"
"Plymouth",52788.26171875,159,"Plymouth"
"Plymouth",52831.171875,160,"Plymouth"
"Plymouth",52870.828125,161,"Plymouth"
"Plymouth",52907.21875,162,"Plymouth"
"Plymouth",52940.30859375,163,"Plymouth"
"Plymouth",52970.0703125,164,"Plymouth"
"Plymouth",52996.48828125,165,"Plymouth"
"Plymouth",53019.5390625,166,"Plymouth"
"Plymouth",53039.2109375,167,"Plymouth"
"Plymouth",53055.48046875,168,"Plymouth"
"Plymouth",53068.328125,169,"Plymouth"
"Plymouth",53077.76953125,170,"Plymouth"
"Plymouth",53083.7890625,171,"Plymouth"
"Plymouth",53086.37109375,172,"Plymouth"
"Plymouth",53085.51953125,173,"Plymouth"
"Plymouth",53081.23828125,174,"Plymouth"
"Plymouth",53073.51953125,175,"Plymouth"
"Plymouth",53062.390625,176,"Plymouth"
"Plymouth",53047.83984375,177,"Plymouth"
"Plymouth",53029.87890625,178,"Plymouth"
"Plymouth",53008.5390625,179,"Plymouth"
"Plymouth",52983.80859375,180,"Plymouth"
"Plymouth",52955.73828125,181,"Plymouth"
"Plymouth",52924.3203125,182,"Plymouth"
"Plymouth",52889.58984375,183,"Plymouth"
"Plymouth",52851.578125,184,"Plymouth"
"Plymouth",52810.30078125,185,"Plymouth"
"Plymouth",52765.80078125,186,"Plymouth"
"Plymouth",52718.08984375,187,"Plymouth"
"Plymouth",52667.21875,188,"Plymouth"
"Plymouth",52613.23046875,189,"Plymouth"
"Plymouth",52556.12890625,190,"Plymouth"
"Plymouth",52495.98828125,191,"Plymouth"
"Plymouth",52432.828125,192,"Plymouth"
"Plymouth",52366.69921875,193,"Plymouth"
"Plymouth",52297.6484375,194,"Plymouth"
"Plymouth",52225.7109375,195,"Plymouth"
"Plymouth",52150.94140625,196,"Plymouth"
"Plymouth",52073.37890625,197,"Plymouth"
"Plymouth",51993.08984375,198,"Plymouth"
"Plymouth",51910.1015625,199,"Plymouth"
"Plymouth",51824.48046875,200,"Plymouth"
"Plymouth",51736.26953125,201,"Plymouth"
"Plymouth",51645.51953125,202,"Plymouth"
"Plymouth",51552.2890625,203,"Plymouth"
"Plymouth",51456.62890625,204,"Plymouth"
"Plymouth",51358.58984375,205,"Plymouth"
"Plymouth",51258.23046875,206,"Plymouth"
"Plymouth",51155.6015625,207,"Plymouth"
"Plymouth",51050.76171875,208,"Plymouth"
"Plymouth",50943.75,209,"Plymouth"
"Plymouth",50834.640625,210,"Plymouth"
"Plymouth",50723.48046875,211,"Plymouth"
"Plymouth",50610.3203125,212,"Plymouth"
"Plymouth",50495.21875,213,"Plymouth"
"Plymouth",50378.21875,214,"Plymouth"
"Plymouth",50259.390625,215,"Plymouth"
"Plymouth",50138.76953125,216,"Plymouth"
"Plymouth",50016.421875,217,"Plymouth"
"Plymouth",49892.37890625,218,"Plymouth"
"Plymouth",49766.71875,219,"Plymouth"
"Plymouth",49639.48046875,220,"Plymouth"
"Plymouth",49510.71875,221,"Plymouth"
"Plymouth",49380.46875,222,"Plymouth"
"Plymouth",49248.7890625,223,"Plymouth"
"Plymouth",49115.73828125,224,"Plymouth"
"Plymouth",48981.3515625,225,"Plymouth"
"Plymouth",48845.671875,226,"Plymouth"
"Plymouth",48708.75,227,"Plymouth"
"Plymouth",48570.62890625,228,"Plymouth"
"Plymouth",48431.37109375,229,"Plymouth"
"Plymouth",48290.98828125,230,"Plymouth"
"Plymouth",48149.55078125,231,"Plymouth"
"Plymouth",48007.08984375,232,"Plymouth"
"Plymouth",47863.640625,233,"Plymouth"
"Plymouth",47719.26171875,234,"Plymouth"
"Plymouth",47573.96875,235,"Plymouth"
"Plymouth",47427.8203125,236,"Plymouth"
"Plymouth",47280.83984375,237,"Plymouth"
"Plymouth",47133.078125,238,"Plymouth"
"Plymouth",46984.5703125,239,"Plymouth"
"Plymouth",46835.33984375,240,"Plymouth"
"Plymouth",46685.44140625,241,"Plymouth"
"Plymouth",46534.87890625,242,"Plymouth"
"Plymouth",46383.71875,243,"Plymouth"
"Plymouth",46231.98046875,244,"Plymouth"
"Plymouth",46079.69140625,245,"Plymouth"
"Plymouth",45926.890625,246,"Plymouth"
"Plymouth",45773.609375,247,"Plymouth"
"Plymouth",45619.87109375,248,"Plymouth"
"Plymouth",45465.7109375,249,"Plymouth"
"Plymouth",45311.16015625,250,"Plymouth"
"Plymouth",45156.25,251,"Plymouth"
"Plymouth",45001,252,"Plymouth"
"Plymouth",44845.44921875,253,"Plymouth"
"Plymouth",44689.62109375,254,"Plymouth"
"Plymouth",44533.5390625,255,"Plymouth"
"Plymouth",44377.23046875,256,"Plymouth"
"Plymouth",44220.73046875,257,"Plymouth"
"Plymouth",44064.05859375,258,"Plymouth"
"Plymouth",43907.25,259,"Plymouth"
"Plymouth",43750.3203125,260,"Plymouth"
"Plymouth",43593.30078125,261,"Plymouth"
"Plymouth",43436.2109375,262,"Plymouth"
"Plymouth",43279.078125,263,"Plymouth"
"Plymouth",43121.94921875,264,"Plymouth"
"Plymouth",42964.8203125,265,"Plymouth"
"Plymouth",42807.73046875,266,"Plymouth"
"Plymouth",42650.7109375,267,"Plymouth"
"Plymouth",42493.78125,268,"Plymouth"
"Plymouth",42336.96875,269,"Plymouth"
"Plymouth",42180.2890625,270,"Plymouth"
"Plymouth",42023.7890625,271,"Plymouth"
"Plymouth",41867.48828125,272,"Plymouth"
"Plymouth",41711.3984375,273,"Plymouth"
"Plymouth",41555.5703125,274,"Plymouth"
"Plymouth",41400.01953125,275,"Plymouth"
"Plymouth",41244.76953125,276,"Plymouth"
"Plymouth",41089.8515625,277,"Plymouth"
"Plymouth",40935.30078125,278,"Plymouth"
"Plymouth",40781.140625,279,"Plymouth"
"Plymouth",40627.3984375,280,"Plymouth"
"Plymouth",40474.109375,281,"Plymouth"
"Plymouth",40321.30859375,282,"Plymouth"
"Plymouth",40169.01953125,283,"Plymouth"
"Plymouth",40017.26953125,284,"Plymouth"
"Plymouth",39866.109375,285,"Plymouth"
"Plymouth",39715.55078125,286,"Plymouth"
"Plymouth",39565.640625,287,"Plymouth"
"Plymouth",39416.41015625,288,"Plymouth"
"Plymouth",39267.890625,289,"Plymouth"
"Plymouth",39120.12109375,290,"Plymouth"
"Plymouth",38973.140625,291,"Plymouth"
"Plymouth",38826.98828125,292,"Plymouth"
"Plymouth",38681.69140625,293,"Plymouth"
"Plymouth",38537.30078125,294,"Plymouth"
"Plymouth",38393.8515625,295,"Plymouth"
"Plymouth",38251.37890625,296,"Plymouth"
"Plymouth",38109.9296875,297,"Plymouth"
"Plymouth",37969.55078125,298,"Plymouth"
"Plymouth",37830.28125,299,"Plymouth"
"Plymouth",37692.1484375,300,"Plymouth"
"Plymouth",37555.23046875,301,"Plymouth"
"Plymouth",37419.5390625,302,"Plymouth"
"Plymouth",37285.140625,303,"Plymouth"
"Plymouth",37152.0703125,304,"Plymouth"
"Plymouth",37020.390625,305,"Plymouth"
"Plymouth",36890.12890625,306,"Plymouth"
"Plymouth",36761.359375,307,"Plymouth"
"Plymouth",36634.109375,308,"Plymouth"
"Plymouth",36508.44140625,309,"Plymouth"
"Plymouth",36384.390625,310,"Plymouth"
"Plymouth",36262.03125,311,"Plymouth"
"Plymouth",36141.3984375,312,"Plymouth"
"Plymouth",36022.55078125,313,"Plymouth"
"Plymouth",35905.55078125,314,"Plymouth"
"Plymouth",35790.4296875,315,"Plymouth"
"Plymouth",35677.25,316,"Plymouth"
"Plymouth",35566.078125,317,"Plymouth"
"Plymouth",35456.94921875,318,"Plymouth"
"Plymouth",35349.94140625,319,"Plymouth"
"Plymouth",35245.078125,320,"Plymouth"
"Plymouth",35142.4296875,321,"Plymouth"
"Plymouth",35042.05859375,322,"Plymouth"
"Plymouth",34944.01171875,323,"Plymouth"
"Plymouth",34848.328125,324,"Plymouth"
"Plymouth",34755.078125,325,"Plymouth"
"Plymouth",34664.3203125,326,"Plymouth"
"Plymouth",34576.08984375,327,"Plymouth"
"Plymouth",34490.44921875,328,"Plymouth"
"Plymouth",34407.44921875,329,"Plymouth"
"Plymouth",34327.12890625,330,"Plymouth"
"Plymouth",34249.55859375,331,"Plymouth"
"Plymouth",34174.76953125,332,"Plymouth"
"Plymouth",34102.80859375,333,"Plymouth"
"Plymouth",34033.73828125,334,"Plymouth"
"Plymouth",33967.58984375,335,"Plymouth"
"Plymouth",33904.421875,336,"Plymouth"
"Plymouth",33844.25,337,"Plymouth"
"Plymouth",33787.140625,338,"Plymouth"
"Plymouth",33733.12109375,339,"Plymouth"
"Plymouth",33682.23046875,340,"Plymouth"
"Plymouth",33634.5,341,"Plymouth"
"Plymouth",33589.98046875,342,"Plymouth"
"Plymouth",33548.6796875,343,"Plymouth"
"Plymouth",33510.640625,344,"Plymouth"
"Plymouth",33475.8984375,345,"Plymouth"
"Plymouth",33444.4609375,346,"Plymouth"
"Plymouth",33416.359375,347,"Plymouth"
"Plymouth",33391.62109375,348,"Plymouth"
"Plymouth",33370.25,349,"Plymouth"
"Plymouth",33352.26953125,350,"Plymouth"
"Plymouth",33337.69921875,351,"Plymouth"
"Plymouth",33326.5390625,352,"Plymouth"
"Plymouth",33318.80078125,353,"Plymouth"
"Plymouth",33314.5,354,"Plymouth"
"Plymouth",33313.62109375,355,"Plymouth"
"Plymouth",33316.1796875,356,"Plymouth"
"Plymouth",33322.171875,357,"Plymouth"
"Plymouth",33331.58984375,358,"Plymouth"
"Plymouth",33344.4296875,359,"Plymouth"
"Plymouth",33360.6796875,360,"Plymouth"
"Plymouth",33380.3203125,361,"Plymouth"
"Plymouth",33403.3515625,362,"Plymouth"
"Plymouth",33429.75,363,"Plymouth"
"Plymouth",33459.48828125,364,"Plymouth"
"Plymouth",33492.55078125,365,"Plymouth"
"Plymouth",0,1,"Plymouth"
"Plymouth",0,2,"Plymouth"
"Plymouth",0,3,"Plymouth"
"Plymouth",0,4,"Plymouth"
"Plymouth",0,5,"Plymouth"
"Plymouth",5.94000005722046,6,"Plymouth"
"Plymouth",0,7,"Plymouth"
"Plymouth",0,8,"Plymouth"
"Plymouth",0,9,"Plymouth"
"Plymouth",15.8800001144409,10,"Plymouth"
"Plymouth",0,11,"Plymouth"
"Plymouth",0,12,"Plymouth"
"Plymouth",6.69999980926514,13,"Plymouth"
"Plymouth",0,14,"Plymouth"
"Plymouth",0,15,"Plymouth"
"Plymouth",4.57999992370605,16,"Plymouth"
"Plymouth",0,17,"Plymouth"
"Plymouth",0,18,"Plymouth"
"Plymouth",0,19,"Plymouth"
"Plymouth",0,20,"Plymouth"
"Plymouth",1.19000005722046,21,"Plymouth"
"Plymouth",0,22,"Plymouth"
"Plymouth",0,23,"Plymouth"
"Plymouth",0,24,"Plymouth"
"Plymouth",0,25,"Plymouth"
"Plymouth",0,26,"Plymouth"
"Plymouth",0,27,"Plymouth"
"Plymouth",0,28,"Plymouth"
"Plymouth",0,29,"Plymouth"
"Plymouth",0,30,"Plymouth"
"Plymouth",0.810000002384186,31,"Plymouth"
"Plymouth",0,32,"Plymouth"
"Plymouth",0,33,"Plymouth"
"Plymouth",7.36999988555908,34,"Plymouth"
"Plymouth",22.7600002288818,35,"Plymouth"
"Plymouth",0,36,"Plymouth"
"Plymouth",0,37,"Plymouth"
"Plymouth",0.870000004768372,38,"Plymouth"
"Plymouth",0.699999988079071,39,"Plymouth"
"Plymouth",0,40,"Plymouth"
"Plymouth",0,41,"Plymouth"
"Plymouth",0,42,"Plymouth"
"Plymouth",0,43,"Plymouth"
"Plymouth",0,44,"Plymouth"
"Plymouth",7.82999992370605,45,"Plymouth"
"Plymouth",0,46,"Plymouth"
"Plymouth",0,47,"Plymouth"
"Plymouth",2.5699999332428,48,"Plymouth"
"Plymouth",27.75,49,"Plymouth"
"Plymouth",12.3100004196167,50,"Plymouth"
"Plymouth",3.53999996185303,51,"Plymouth"
"Plymouth",0,52,"Plymouth"
"Plymouth",0,53,"Plymouth"
"Plymouth",0,54,"Plymouth"
"Plymouth",0,55,"Plymouth"
"Plymouth",0,56,"Plymouth"
"Plymouth",0,57,"Plymouth"
"Plymouth",0,58,"Plymouth"
"Plymouth",0,59,"Plymouth"
"Plymouth",11.7799997329712,60,"Plymouth"
"Plymouth",23.0400009155273,61,"Plymouth"
"Plymouth",17.3999996185303,62,"Plymouth"
"Plymouth",2.92000007629395,63,"Plymouth"
"Plymouth",0,64,"Plymouth"
"Plymouth",0,65,"Plymouth"
"Plymouth",0,66,"Plymouth"
"Plymouth",0,67,"Plymouth"
"Plymouth",0,68,"Plymouth"
"Plymouth",0,69,"Plymouth"
"Plymouth",0,70,"Plymouth"
"Plymouth",0,71,"Plymouth"
"Plymouth",0,72,"Plymouth"
"Plymouth",0,73,"Plymouth"
"Plymouth",0,74,"Plymouth"
"Plymouth",0,75,"Plymouth"
"Plymouth",0,76,"Plymouth"
"Plymouth",0,77,"Plymouth"
"Plymouth",0,78,"Plymouth"
"Plymouth",0,79,"Plymouth"
"Plymouth",0,80,"Plymouth"
"Plymouth",0,81,"Plymouth"
"Plymouth",6.38000011444092,82,"Plymouth"
"Plymouth",2.80999994277954,83,"Plymouth"
"Plymouth",2.17000007629395,84,"Plymouth"
"Plymouth",0,85,"Plymouth"
"Plymouth",0,86,"Plymouth"
"Plymouth",4.48999977111816,87,"Plymouth"
"Plymouth",0,88,"Plymouth"
"Plymouth",8.28999996185303,89,"Plymouth"
"Plymouth",12.9399995803833,90,"Plymouth"
"Plymouth",4.17999982833862,91,"Plymouth"
"Plymouth",0,92,"Plymouth"
"Plymouth",0,93,"Plymouth"
"Plymouth",0,94,"Plymouth"
"Plymouth",0,95,"Plymouth"
"Plymouth",6.17000007629395,96,"Plymouth"
"Plymouth",0,97,"Plymouth"
"Plymouth",0,98,"Plymouth"
"Plymouth",0,99,"Plymouth"
"Plymouth",0,100,"Plymouth"
"Plymouth",0,101,"Plymouth"
"Plymouth",0,102,"Plymouth"
"Plymouth",0,103,"Plymouth"
"Plymouth",0,104,"Plymouth"
"Plymouth",0,105,"Plymouth"
"Plymouth",0,106,"Plymouth"
"Plymouth",0,107,"Plymouth"
"Plymouth",0,108,"Plymouth"
"Plymouth",0,109,"Plymouth"
"Plymouth",0,110,"Plymouth"
"Plymouth",0,111,"Plymouth"
"Plymouth",0,112,"Plymouth"
"Plymouth",0,113,"Plymouth"
"Plymouth",0,114,"Plymouth"
"Plymouth",0,115,"Plymouth"
"Plymouth",0.759999990463257,116,"Plymouth"
"Plymouth",3.72000002861023,117,"Plymouth"
"Plymouth",0,118,"Plymouth"
"Plymouth",0,119,"Plymouth"
"Plymouth",0,120,"Plymouth"
"Plymouth",0,121,"Plymouth"
"Plymouth",0,122,"Plymouth"
"Plymouth",0,123,"Plymouth"
"Plymouth",0,124,"Plymouth"
"Plymouth",5.15000009536743,125,"Plymouth"
"Plymouth",0,126,"Plymouth"
"Plymouth",0,127,"Plymouth"
"Plymouth",0,128,"Plymouth"
"Plymouth",0,129,"Plymouth"
"Plymouth",0,130,"Plymouth"
"Plymouth",0,131,"Plymouth"
"Plymouth",0,132,"Plymouth"
"Plymouth",0,133,"Plymouth"
"Plymouth",0,134,"Plymouth"
"Plymouth",0,135,"Plymouth"
"Plymouth",0,136,"Plymouth"
"Plymouth",0,137,"Plymouth"
"Plymouth",0,138,"Plymouth"
"Plymouth",0,139,"Plymouth"
"Plymouth",0,140,"Plymouth"
"Plymouth",0,141,"Plymouth"
"Plymouth",0,142,"Plymouth"
"Plymouth",0,143,"Plymouth"
"Plymouth",0,144,"Plymouth"
"Plymouth",0,145,"Plymouth"
"Plymouth",0,146,"Plymouth"
"Plymouth",0,147,"Plymouth"
"Plymouth",0,148,"Plymouth"
"Plymouth",0,149,"Plymouth"
"Plymouth",0,150,"Plymouth"
"Plymouth",0,151,"Plymouth"
"Plymouth",0,152,"Plymouth"
"Plymouth",0,153,"Plymouth"
"Plymouth",0,154,"Plymouth"
"Plymouth",0,155,"Plymouth"
"Plymouth",0,156,"Plymouth"
"Plymouth",0,157,"Plymouth"
"Plymouth",0,158,"Plymouth"
"Plymouth",0,159,"Plymouth"
"Plymouth",0,160,"Plymouth"
"Plymouth",0,161,"Plymouth"
"Plymouth",0,162,"Plymouth"
"Plymouth",0,163,"Plymouth"
"Plymouth",0,164,"Plymouth"
"Plymouth",0,165,"Plymouth"
"Plymouth",0,166,"Plymouth"
"Plymouth",0,167,"Plymouth"
"Plymouth",0,168,"Plymouth"
"Plymouth",0,169,"Plymouth"
"Plymouth",0,170,"Plymouth"
"Plymouth",0,171,"Plymouth"
"Plymouth",0,172,"Plymouth"
"Plymouth",0,173,"Plymouth"
"Plymouth",0,174,"Plymouth"
"Plymouth",0,175,"Plymouth"
"Plymouth",0,176,"Plymouth"
"Plymouth",0,177,"Plymouth"
"Plymouth",0,178,"Plymouth"
"Plymouth",0,179,"Plymouth"
"Plymouth",0,180,"Plymouth"
"Plymouth",0,181,"Plymouth"
"Plymouth",0,182,"Plymouth"
"Plymouth",0,183,"Plymouth"
"Plymouth",0,184,"Plymouth"
"Plymouth",0,185,"Plymouth"
"Plymouth",0,186,"Plymouth"
"Plymouth",0,187,"Plymouth"
"Plymouth",0,188,"Plymouth"
"Plymouth",0,189,"Plymouth"
"Plymouth",0,190,"Plymouth"
"Plymouth",0,191,"Plymouth"
"Plymouth",0,192,"Plymouth"
"Plymouth",0,193,"Plymouth"
"Plymouth",0,194,"Plymouth"
"Plymouth",0,195,"Plymouth"
"Plymouth",0,196,"Plymouth"
"Plymouth",0,197,"Plymouth"
"Plymouth",0,198,"Plymouth"
"Plymouth",0,199,"Plymouth"
"Plymouth",0,200,"Plymouth"
"Plymouth",0,201,"Plymouth"
"Plymouth",0,202,"Plymouth"
"Plymouth",0,203,"Plymouth"
"Plymouth",0,204,"Plymouth"
"Plymouth",0,205,"Plymouth"
"Plymouth",0,206,"Plymouth"
"Plymouth",0,207,"Plymouth"
"Plymouth",0,208,"Plymouth"
"Plymouth",0,209,"Plymouth"
"Plymouth",0,210,"Plymouth"
"Plymouth",0,211,"Plymouth"
"Plymouth",0,212,"Plymouth"
"Plymouth",0,213,"Plymouth"
"Plymouth",0,214,"Plymouth"
"Plymouth",7.44999980926514,215,"Plymouth"
"Plymouth",2.46000003814697,216,"Plymouth"
"Plymouth",0,217,"Plymouth"
"Plymouth",0,218,"Plymouth"
"Plymouth",0,219,"Plymouth"
"Plymouth",0,220,"Plymouth"
"Plymouth",0,221,"Plymouth"
"Plymouth",0,222,"Plymouth"
"Plymouth",0,223,"Plymouth"
"Plymouth",0,224,"Plymouth"
"Plymouth",0,225,"Plymouth"
"Plymouth",0,226,"Plymouth"
"Plymouth",0,227,"Plymouth"
"Plymouth",0,228,"Plymouth"
"Plymouth",0,229,"Plymouth"
"Plymouth",0,230,"Plymouth"
"Plymouth",0,231,"Plymouth"
"Plymouth",0,232,"Plymouth"
"Plymouth",0,233,"Plymouth"
"Plymouth",0,234,"Plymouth"
"Plymouth",0,235,"Plymouth"
"Plymouth",0,236,"Plymouth"
"Plymouth",1.12000000476837,237,"Plymouth"
"Plymouth",0,238,"Plymouth"
"Plymouth",0,239,"Plymouth"
"Plymouth",0,240,"Plymouth"
"Plymouth",0,241,"Plymouth"
"Plymouth",0,242,"Plymouth"
"Plymouth",0,243,"Plymouth"
"Plymouth",0,244,"Plymouth"
"Plymouth",0,245,"Plymouth"
"Plymouth",0,246,"Plymouth"
"Plymouth",0,247,"Plymouth"
"Plymouth",0,248,"Plymouth"
"Plymouth",0,249,"Plymouth"
"Plymouth",0,250,"Plymouth"
"Plymouth",0,251,"Plymouth"
"Plymouth",0,252,"Plymouth"
"Plymouth",0,253,"Plymouth"
"Plymouth",0,254,"Plymouth"
"Plymouth",0,255,"Plymouth"
"Plymouth",0,256,"Plymouth"
"Plymouth",0,257,"Plymouth"
"Plymouth",0,258,"Plymouth"
"Plymouth",0,259,"Plymouth"
"Plymouth",1.72000002861023,260,"Plymouth"
"Plymouth",0,261,"Plymouth"
"Plymouth",9.52999973297119,262,"Plymouth"
"Plymouth",0,263,"Plymouth"
"Plymouth",0,264,"Plymouth"
"Plymouth",0,265,"Plymouth"
"Plymouth",0,266,"Plymouth"
"Plymouth",0,267,"Plymouth"
"Plymouth",0,268,"Plymouth"
"Plymouth",0,269,"Plymouth"
"Plymouth",0,270,"Plymouth"
"Plymouth",0,271,"Plymouth"
"Plymouth",0,272,"Plymouth"
"Plymouth",0,273,"Plymouth"
"Plymouth",0,274,"Plymouth"
"Plymouth",0,275,"Plymouth"
"Plymouth",0,276,"Plymouth"
"Plymouth",0,277,"Plymouth"
"Plymouth",0,278,"Plymouth"
"Plymouth",0,279,"Plymouth"
"Plymouth",0,280,"Plymouth"
"Plymouth",0,281,"Plymouth"
"Plymouth",0,282,"Plymouth"
"Plymouth",0,283,"Plymouth"
"Plymouth",0,284,"Plymouth"
"Plymouth",0,285,"Plymouth"
"Plymouth",0,286,"Plymouth"
"Plymouth",0,287,"Plymouth"
"Plymouth",0,288,"Plymouth"
"Plymouth",0,289,"Plymouth"
"Plymouth",4.40000009536743,290,"Plymouth"
"Plymouth",1.98000001907349,291,"Plymouth"
"Plymouth",0,292,"Plymouth"
"Plymouth",0,293,"Plymouth"
"Plymouth",0,294,"Plymouth"
"Plymouth",0,295,"Plymouth"
"Plymouth",0,296,"Plymouth"
"Plymouth",0,297,"Plymouth"
"Plymouth",0,298,"Plymouth"
"Plymouth",0,299,"Plymouth"
"Plymouth",0,300,"Plymouth"
"Plymouth",0,301,"Plymouth"
"Plymouth",1.16999995708466,302,"Plymouth"
"Plymouth",0,303,"Plymouth"
"Plymouth",0,304,"Plymouth"
"Plymouth",0,305,"Plymouth"
"Plymouth",5.84000015258789,306,"Plymouth"
"Plymouth",0,307,"Plymouth"
"Plymouth",0,308,"Plymouth"
"Plymouth",0,309,"Plymouth"
"Plymouth",0,310,"Plymouth"
"Plymouth",0,311,"Plymouth"
"Plymouth",0,312,"Plymouth"
"Plymouth",0,313,"Plymouth"
"Plymouth",0,314,"Plymouth"
"Plymouth",0,315,"Plymouth"
"Plymouth",4.48999977111816,316,"Plymouth"
"Plymouth",0,317,"Plymouth"
"Plymouth",0,318,"Plymouth"
"Plymouth",0.800000011920929,319,"Plymouth"
"Plymouth",0,320,"Plymouth"
"Plymouth",0,321,"Plymouth"
"Plymouth",0,322,"Plymouth"
"Plymouth",0,323,"Plymouth"
"Plymouth",0,324,"Plymouth"
"Plymouth",0,325,"Plymouth"
"Plymouth",0,326,"Plymouth"
"Plymouth",7.78999996185303,327,"Plymouth"
"Plymouth",0,328,"Plymouth"
"Plymouth",0,329,"Plymouth"
"Plymouth",3.5,330,"Plymouth"
"Plymouth",0,331,"Plymouth"
"Plymouth",0,332,"Plymouth"
"Plymouth",0,333,"Plymouth"
"Plymouth",0,334,"Plymouth"
"Plymouth",0,335,"Plymouth"
"Plymouth",0,336,"Plymouth"
"Plymouth",0,337,"Plymouth"
"Plymouth",0,338,"Plymouth"
"Plymouth",0,339,"Plymouth"
"Plymouth",0,340,"Plymouth"
"Plymouth",0,341,"Plymouth"
"Plymouth",0,342,"Plymouth"
"Plymouth",0,343,"Plymouth"
"Plymouth",0,344,"Plymouth"
"Plymouth",0,345,"Plymouth"
"Plymouth",0,346,"Plymouth"
"Plymouth",0,347,"Plymouth"
"Plymouth",1.39999997615814,348,"Plymouth"
"Plymouth",9.85000038146973,349,"Plymouth"
"Plymouth",0,350,"Plymouth"
"Plymouth",5.38000011444092,351,"Plymouth"
"Plymouth",0,352,"Plymouth"
"Plymouth",0,353,"Plymouth"
"Plymouth",0,354,"Plymouth"
"Plymouth",0,355,"Plymouth"
"Plymouth",3,356,"Plymouth"
"Plymouth",0.990000009536743,357,"Plymouth"
"Plymouth",0,358,"Plymouth"
"Plymouth",3.22000002861023,359,"Plymouth"
"Plymouth",1.27999997138977,360,"Plymouth"
"Plymouth",3.97000002861023,361,"Plymouth"
"Plymouth",0,362,"Plymouth"
"Plymouth",3.71000003814697,363,"Plymouth"
"Plymouth",12.6400003433228,364,"Plymouth"
"Plymouth",0,365,"Plymouth"
"Plymouth",234.839996337891,1,"Plymouth"
"Plymouth",229.809997558594,2,"Plymouth"
"Plymouth",210.119995117188,3,"Plymouth"
"Plymouth",238.270004272461,4,"Plymouth"
"Plymouth",239.070007324219,5,"Plymouth"
"Plymouth",200.050003051758,6,"Plymouth"
"Plymouth",298.760009765625,7,"Plymouth"
"Plymouth",314.600006103516,8,"Plymouth"
"Plymouth",304.239990234375,9,"Plymouth"
"Plymouth",92.7600021362305,10,"Plymouth"
"Plymouth",279.230010986328,11,"Plymouth"
"Plymouth",317.130004882812,12,"Plymouth"
"Plymouth",181.179992675781,13,"Plymouth"
"Plymouth",197.279998779297,14,"Plymouth"
"Plymouth",248.360000610352,15,"Plymouth"
"Plymouth",203.929992675781,16,"Plymouth"
"Plymouth",231.789993286133,17,"Plymouth"
"Plymouth",228.449996948242,18,"Plymouth"
"Plymouth",200.270004272461,19,"Plymouth"
"Plymouth",157.440002441406,20,"Plymouth"
"Plymouth",213.669998168945,21,"Plymouth"
"Plymouth",162.419998168945,22,"Plymouth"
"Plymouth",251.990005493164,23,"Plymouth"
"Plymouth",256.549987792969,24,"Plymouth"
"Plymouth",201.940002441406,25,"Plymouth"
"Plymouth",258.390014648438,26,"Plymouth"
"Plymouth",235.710006713867,27,"Plymouth"
"Plymouth",308.859985351562,28,"Plymouth"
"Plymouth",315.799987792969,29,"Plymouth"
"Plymouth",326.200012207031,30,"Plymouth"
"Plymouth",260.510009765625,31,"Plymouth"
"Plymouth",143.940002441406,32,"Plymouth"
"Plymouth",193.220001220703,33,"Plymouth"
"Plymouth",192.979995727539,34,"Plymouth"
"Plymouth",113.370002746582,35,"Plymouth"
"Plymouth",245.669998168945,36,"Plymouth"
"Plymouth",215.080001831055,37,"Plymouth"
"Plymouth",234.820007324219,38,"Plymouth"
"Plymouth",258.339996337891,39,"Plymouth"
"Plymouth",234.869995117188,40,"Plymouth"
"Plymouth",334.299987792969,41,"Plymouth"
"Plymouth",362.959991455078,42,"Plymouth"
"Plymouth",370.570007324219,43,"Plymouth"
"Plymouth",358.660003662109,44,"Plymouth"
"Plymouth",224.619995117188,45,"Plymouth"
"Plymouth",231.949996948242,46,"Plymouth"
"Plymouth",285.059997558594,47,"Plymouth"
"Plymouth",200.679992675781,48,"Plymouth"
"Plymouth",244.389999389648,49,"Plymouth"
"Plymouth",177.110000610352,50,"Plymouth"
"Plymouth",224.179992675781,51,"Plymouth"
"Plymouth",315.209991455078,52,"Plymouth"
"Plymouth",379.329986572266,53,"Plymouth"
"Plymouth",377.470001220703,54,"Plymouth"
"Plymouth",415.329986572266,55,"Plymouth"
"Plymouth",403.440002441406,56,"Plymouth"
"Plymouth",297.359985351562,57,"Plymouth"
"Plymouth",383.839996337891,58,"Plymouth"
"Plymouth",434.329986572266,59,"Plymouth"
"Plymouth",284.399993896484,60,"Plymouth"
"Plymouth",83.120002746582,61,"Plymouth"
"Plymouth",153.970001220703,62,"Plymouth"
"Plymouth",187.880004882812,63,"Plymouth"
"Plymouth",329.660003662109,64,"Plymouth"
"Plymouth",382.660003662109,65,"Plymouth"
"Plymouth",377.880004882812,66,"Plymouth"
"Plymouth",321.269989013672,67,"Plymouth"
"Plymouth",426.600006103516,68,"Plymouth"
"Plymouth",443.890014648438,69,"Plymouth"
"Plymouth",389.519989013672,70,"Plymouth"
"Plymouth",339.809997558594,71,"Plymouth"
"Plymouth",256.299987792969,72,"Plymouth"
"Plymouth",405.049987792969,73,"Plymouth"
"Plymouth",415.309997558594,74,"Plymouth"
"Plymouth",454.190002441406,75,"Plymouth"
"Plymouth",475.769989013672,76,"Plymouth"
"Plymouth",473.420013427734,77,"Plymouth"
"Plymouth",458.609985351562,78,"Plymouth"
"Plymouth",472.929992675781,79,"Plymouth"
"Plymouth",450.470001220703,80,"Plymouth"
"Plymouth",437.480010986328,81,"Plymouth"
"Plymouth",317.600006103516,82,"Plymouth"
"Plymouth",276.049987792969,83,"Plymouth"
"Plymouth",229.210006713867,84,"Plymouth"
"Plymouth",430.200012207031,85,"Plymouth"
"Plymouth",419.029998779297,86,"Plymouth"
"Plymouth",342.630004882812,87,"Plymouth"
"Plymouth",341.320007324219,88,"Plymouth"
"Plymouth",227.869995117188,89,"Plymouth"
"Plymouth",158.410003662109,90,"Plymouth"
"Plymouth",263.609985351562,91,"Plymouth"
"Plymouth",470.850006103516,92,"Plymouth"
"Plymouth",509.920013427734,93,"Plymouth"
"Plymouth",504.950012207031,94,"Plymouth"
"Plymouth",227.990005493164,95,"Plymouth"
"Plymouth",237.910003662109,96,"Plymouth"
"Plymouth",440.899993896484,97,"Plymouth"
"Plymouth",462.070007324219,98,"Plymouth"
"Plymouth",497.059997558594,99,"Plymouth"
"Plymouth",547.780029296875,100,"Plymouth"
"Plymouth",543.049987792969,101,"Plymouth"
"Plymouth",520.330017089844,102,"Plymouth"
"Plymouth",454.910003662109,103,"Plymouth"
"Plymouth",440.399993896484,104,"Plymouth"
"Plymouth",400.720001220703,105,"Plymouth"
"Plymouth",480.700012207031,106,"Plymouth"
"Plymouth",535.390014648438,107,"Plymouth"
"Plymouth",511.070007324219,108,"Plymouth"
"Plymouth",517.539978027344,109,"Plymouth"
"Plymouth",512.080017089844,110,"Plymouth"
"Plymouth",524.799987792969,111,"Plymouth"
"Plymouth",553.400024414062,112,"Plymouth"
"Plymouth",524.630004882812,113,"Plymouth"
"Plymouth",470.440002441406,114,"Plymouth"
"Plymouth",435.070007324219,115,"Plymouth"
"Plymouth",467.570007324219,116,"Plymouth"
"Plymouth",280.570007324219,117,"Plymouth"
"Plymouth",485.929992675781,118,"Plymouth"
"Plymouth",508.769989013672,119,"Plymouth"
"Plymouth",524.690002441406,120,"Plymouth"
"Plymouth",543.440002441406,121,"Plymouth"
"Plymouth",498.880004882812,122,"Plymouth"
"Plymouth",510.290008544922,123,"Plymouth"
"Plymouth",503.920013427734,124,"Plymouth"
"Plymouth",288.529998779297,125,"Plymouth"
"Plymouth",466.790008544922,126,"Plymouth"
"Plymouth",490.579986572266,127,"Plymouth"
"Plymouth",463.359985351562,128,"Plymouth"
"Plymouth",474.959991455078,129,"Plymouth"
"Plymouth",501.160003662109,130,"Plymouth"
"Plymouth",510.829986572266,131,"Plymouth"
"Plymouth",521.989990234375,132,"Plymouth"
"Plymouth",532.02001953125,133,"Plymouth"
"Plymouth",517.929992675781,134,"Plymouth"
"Plymouth",521.679992675781,135,"Plymouth"
"Plymouth",501.130004882812,136,"Plymouth"
"Plymouth",511.630004882812,137,"Plymouth"
"Plymouth",531.27001953125,138,"Plymouth"
"Plymouth",485.829986572266,139,"Plymouth"
"Plymouth",476.739990234375,140,"Plymouth"
"Plymouth",473.970001220703,141,"Plymouth"
"Plymouth",516.400024414062,142,"Plymouth"
"Plymouth",471.649993896484,143,"Plymouth"
"Plymouth",396.179992675781,144,"Plymouth"
"Plymouth",447.890014648438,145,"Plymouth"
"Plymouth",519.809997558594,146,"Plymouth"
"Plymouth",560.780029296875,147,"Plymouth"
"Plymouth",519.010009765625,148,"Plymouth"
"Plymouth",514,149,"Plymouth"
"Plymouth",480.869995117188,150,"Plymouth"
"Plymouth",512.570007324219,151,"Plymouth"
"Plymouth",524.809997558594,152,"Plymouth"
"Plymouth",513.909973144531,153,"Plymouth"
"Plymouth",466,154,"Plymouth"
"Plymouth",350.730010986328,155,"Plymouth"
"Plymouth",539.380004882812,156,"Plymouth"
"Plymouth",540.630004882812,157,"Plymouth"
"Plymouth",513.190002441406,158,"Plymouth"
"Plymouth",529.330017089844,159,"Plymouth"
"Plymouth",542.289978027344,160,"Plymouth"
"Plymouth",521.909973144531,161,"Plymouth"
"Plymouth",549.47998046875,162,"Plymouth"
"Plymouth",506.839996337891,163,"Plymouth"
"Plymouth",535.849975585938,164,"Plymouth"
"Plymouth",506.25,165,"Plymouth"
"Plymouth",489.049987792969,166,"Plymouth"
"Plymouth",509.420013427734,167,"Plymouth"
"Plymouth",497.679992675781,168,"Plymouth"
"Plymouth",325.100006103516,169,"Plymouth"
"Plymouth",562.109985351562,170,"Plymouth"
"Plymouth",565.369995117188,171,"Plymouth"
"Plymouth",565.109985351562,172,"Plymouth"
"Plymouth",542.460021972656,173,"Plymouth"
"Plymouth",551.869995117188,174,"Plymouth"
"Plymouth",505.980010986328,175,"Plymouth"
"Plymouth",473.709991455078,176,"Plymouth"
"Plymouth",436.200012207031,177,"Plymouth"
"Plymouth",385.899993896484,178,"Plymouth"
"Plymouth",512.809997558594,179,"Plymouth"
"Plymouth",546.989990234375,180,"Plymouth"
"Plymouth",492.950012207031,181,"Plymouth"
"Plymouth",493.959991455078,182,"Plymouth"
"Plymouth",528.27001953125,183,"Plymouth"
"Plymouth",541.869995117188,184,"Plymouth"
"Plymouth",562.940002441406,185,"Plymouth"
"Plymouth",563.510009765625,186,"Plymouth"
"Plymouth",552.52001953125,187,"Plymouth"
"Plymouth",552.359985351562,188,"Plymouth"
"Plymouth",542.599975585938,189,"Plymouth"
"Plymouth",524.390014648438,190,"Plymouth"
"Plymouth",531.72998046875,191,"Plymouth"
"Plymouth",551.710021972656,192,"Plymouth"
"Plymouth",551.669982910156,193,"Plymouth"
"Plymouth",546.530029296875,194,"Plymouth"
"Plymouth",462.529998779297,195,"Plymouth"
"Plymouth",365.299987792969,196,"Plymouth"
"Plymouth",534.239990234375,197,"Plymouth"
"Plymouth",494.170013427734,198,"Plymouth"
"Plymouth",494.75,199,"Plymouth"
"Plymouth",515.070007324219,200,"Plymouth"
"Plymouth",490.399993896484,201,"Plymouth"
"Plymouth",482.589996337891,202,"Plymouth"
"Plymouth",522.789978027344,203,"Plymouth"
"Plymouth",480.390014648438,204,"Plymouth"
"Plymouth",466.880004882812,205,"Plymouth"
"Plymouth",459.170013427734,206,"Plymouth"
"Plymouth",412.390014648438,207,"Plymouth"
"Plymouth",424.859985351562,208,"Plymouth"
"Plymouth",427.049987792969,209,"Plymouth"
"Plymouth",530.419982910156,210,"Plymouth"
"Plymouth",494.440002441406,211,"Plymouth"
"Plymouth",521.919982910156,212,"Plymouth"
"Plymouth",534.469970703125,213,"Plymouth"
"Plymouth",534.590026855469,214,"Plymouth"
"Plymouth",377.440002441406,215,"Plymouth"
"Plymouth",277.649993896484,216,"Plymouth"
"Plymouth",494.350006103516,217,"Plymouth"
"Plymouth",470.010009765625,218,"Plymouth"
"Plymouth",466.910003662109,219,"Plymouth"
"Plymouth",486.649993896484,220,"Plymouth"
"Plymouth",484.399993896484,221,"Plymouth"
"Plymouth",461.609985351562,222,"Plymouth"
"Plymouth",487.429992675781,223,"Plymouth"
"Plymouth",514,224,"Plymouth"
"Plymouth",479.679992675781,225,"Plymouth"
"Plymouth",495.260009765625,226,"Plymouth"
"Plymouth",524.700012207031,227,"Plymouth"
"Plymouth",490.859985351562,228,"Plymouth"
"Plymouth",520.059997558594,229,"Plymouth"
"Plymouth",474.609985351562,230,"Plymouth"
"Plymouth",481.429992675781,231,"Plymouth"
"Plymouth",507.679992675781,232,"Plymouth"
"Plymouth",476.910003662109,233,"Plymouth"
"Plymouth",497.130004882812,234,"Plymouth"
"Plymouth",441.989990234375,235,"Plymouth"
"Plymouth",213.279998779297,236,"Plymouth"
"Plymouth",283.850006103516,237,"Plymouth"
"Plymouth",499.440002441406,238,"Plymouth"
"Plymouth",538.580017089844,239,"Plymouth"
"Plymouth",531.440002441406,240,"Plymouth"
"Plymouth",514.559997558594,241,"Plymouth"
"Plymouth",498.640014648438,242,"Plymouth"
"Plymouth",510.309997558594,243,"Plymouth"
"Plymouth",503.059997558594,244,"Plymouth"
"Plymouth",471.920013427734,245,"Plymouth"
"Plymouth",382.859985351562,246,"Plymouth"
"Plymouth",478.070007324219,247,"Plymouth"
"Plymouth",470.239990234375,248,"Plymouth"
"Plymouth",494.600006103516,249,"Plymouth"
"Plymouth",474.980010986328,250,"Plymouth"
"Plymouth",463.649993896484,251,"Plymouth"
"Plymouth",449.799987792969,252,"Plymouth"
"Plymouth",475.010009765625,253,"Plymouth"
"Plymouth",468.160003662109,254,"Plymouth"
"Plymouth",431.029998779297,255,"Plymouth"
"Plymouth",446.010009765625,256,"Plymouth"
"Plymouth",465.670013427734,257,"Plymouth"
"Plymouth",454.190002441406,258,"Plymouth"
"Plymouth",385.410003662109,259,"Plymouth"
"Plymouth",197.070007324219,260,"Plymouth"
"Plymouth",288.420013427734,261,"Plymouth"
"Plymouth",229.229995727539,262,"Plymouth"
"Plymouth",367.160003662109,263,"Plymouth"
"Plymouth",425.170013427734,264,"Plymouth"
"Plymouth",420.209991455078,265,"Plymouth"
"Plymouth",437.660003662109,266,"Plymouth"
"Plymouth",429.649993896484,267,"Plymouth"
"Plymouth",444.100006103516,268,"Plymouth"
"Plymouth",414.890014648438,269,"Plymouth"
"Plymouth",440.720001220703,270,"Plymouth"
"Plymouth",426.839996337891,271,"Plymouth"
"Plymouth",443.059997558594,272,"Plymouth"
"Plymouth",420.25,273,"Plymouth"
"Plymouth",391.480010986328,274,"Plymouth"
"Plymouth",436.880004882812,275,"Plymouth"
"Plymouth",412.070007324219,276,"Plymouth"
"Plymouth",391.489990234375,277,"Plymouth"
"Plymouth",351.059997558594,278,"Plymouth"
"Plymouth",372.790008544922,279,"Plymouth"
"Plymouth",384.730010986328,280,"Plymouth"
"Plymouth",388.700012207031,281,"Plymouth"
"Plymouth",388.609985351562,282,"Plymouth"
"Plymouth",396.820007324219,283,"Plymouth"
"Plymouth",382.440002441406,284,"Plymouth"
"Plymouth",390.679992675781,285,"Plymouth"
"Plymouth",359.959991455078,286,"Plymouth"
"Plymouth",383.390014648438,287,"Plymouth"
"Plymouth",389.440002441406,288,"Plymouth"
"Plymouth",356.640014648438,289,"Plymouth"
"Plymouth",214.089996337891,290,"Plymouth"
"Plymouth",274.989990234375,291,"Plymouth"
"Plymouth",301.190002441406,292,"Plymouth"
"Plymouth",353.350006103516,293,"Plymouth"
"Plymouth",348.690002441406,294,"Plymouth"
"Plymouth",238.979995727539,295,"Plymouth"
"Plymouth",311.359985351562,296,"Plymouth"
"Plymouth",290.040008544922,297,"Plymouth"
"Plymouth",262.649993896484,298,"Plymouth"
"Plymouth",339.779998779297,299,"Plymouth"
"Plymouth",321.329986572266,300,"Plymouth"
"Plymouth",269.779998779297,301,"Plymouth"
"Plymouth",167.309997558594,302,"Plymouth"
"Plymouth",224.910003662109,303,"Plymouth"
"Plymouth",268.700012207031,304,"Plymouth"
"Plymouth",247.460006713867,305,"Plymouth"
"Plymouth",224.619995117188,306,"Plymouth"
"Plymouth",216.300003051758,307,"Plymouth"
"Plymouth",214.520004272461,308,"Plymouth"
"Plymouth",315.670013427734,309,"Plymouth"
"Plymouth",241.800003051758,310,"Plymouth"
"Plymouth",226.880004882812,311,"Plymouth"
"Plymouth",305.029998779297,312,"Plymouth"
"Plymouth",301.390014648438,313,"Plymouth"
"Plymouth",308.920013427734,314,"Plymouth"
"Plymouth",295.829986572266,315,"Plymouth"
"Plymouth",185.449996948242,316,"Plymouth"
"Plymouth",211,317,"Plymouth"
"Plymouth",287.559997558594,318,"Plymouth"
"Plymouth",257.799987792969,319,"Plymouth"
"Plymouth",121.290000915527,320,"Plymouth"
"Plymouth",216.710006713867,321,"Plymouth"
"Plymouth",301.630004882812,322,"Plymouth"
"Plymouth",211.729995727539,323,"Plymouth"
"Plymouth",293.970001220703,324,"Plymouth"
"Plymouth",250.460006713867,325,"Plymouth"
"Plymouth",159.100006103516,326,"Plymouth"
"Plymouth",123.879997253418,327,"Plymouth"
"Plymouth",176,328,"Plymouth"
"Plymouth",211.559997558594,329,"Plymouth"
"Plymouth",162.869995117188,330,"Plymouth"
"Plymouth",184.139999389648,331,"Plymouth"
"Plymouth",195.419998168945,332,"Plymouth"
"Plymouth",222.479995727539,333,"Plymouth"
"Plymouth",270.959991455078,334,"Plymouth"
"Plymouth",283.059997558594,335,"Plymouth"
"Plymouth",222.649993896484,336,"Plymouth"
"Plymouth",253.639999389648,337,"Plymouth"
"Plymouth",226.910003662109,338,"Plymouth"
"Plymouth",217.589996337891,339,"Plymouth"
"Plymouth",244.5,340,"Plymouth"
"Plymouth",235.070007324219,341,"Plymouth"
"Plymouth",258.559997558594,342,"Plymouth"
"Plymouth",223.580001831055,343,"Plymouth"
"Plymouth",214.25,344,"Plymouth"
"Plymouth",269.059997558594,345,"Plymouth"
"Plymouth",266.380004882812,346,"Plymouth"
"Plymouth",201.850006103516,347,"Plymouth"
"Plymouth",197.410003662109,348,"Plymouth"
"Plymouth",105.279998779297,349,"Plymouth"
"Plymouth",200.639999389648,350,"Plymouth"
"Plymouth",179.960006713867,351,"Plymouth"
"Plymouth",241.589996337891,352,"Plymouth"
"Plymouth",241.520004272461,353,"Plymouth"
"Plymouth",253.199996948242,354,"Plymouth"
"Plymouth",234.919998168945,355,"Plymouth"
"Plymouth",166.119995117188,356,"Plymouth"
"Plymouth",201.119995117188,357,"Plymouth"
"Plymouth",150.380004882812,358,"Plymouth"
"Plymouth",109.430000305176,359,"Plymouth"
"Plymouth",178.899993896484,360,"Plymouth"
"Plymouth",101.589996337891,361,"Plymouth"
"Plymouth",149.75,362,"Plymouth"
"Plymouth",112.550003051758,363,"Plymouth"
"Plymouth",88.0500030517578,364,"Plymouth"
"Plymouth",175.539993286133,365,"Plymouth"
"Plymouth",0,1,"Plymouth"
"Plymouth",0,2,"Plymouth"
"Plymouth",0,3,"Plymouth"
"Plymouth",0,4,"Plymouth"
"Plymouth",0,5,"Plymouth"
"Plymouth",5.94000005722046,6,"Plymouth"
"Plymouth",5.94000005722046,7,"Plymouth"
"Plymouth",5.94000005722046,8,"Plymouth"
"Plymouth",5.94000005722046,9,"Plymouth"
"Plymouth",3.64000010490417,10,"Plymouth"
"Plymouth",3.64000010490417,11,"Plymouth"
"Plymouth",3.64000010490417,12,"Plymouth"
"Plymouth",2.25999999046326,13,"Plymouth"
"Plymouth",0,14,"Plymouth"
"Plymouth",0,15,"Plymouth"
"Plymouth",0,16,"Plymouth"
"Plymouth",0,17,"Plymouth"
"Plymouth",0,18,"Plymouth"
"Plymouth",0,19,"Plymouth"
"Plymouth",0,20,"Plymouth"
"Plymouth",0,21,"Plymouth"
"Plymouth",0,22,"Plymouth"
"Plymouth",0,23,"Plymouth"
"Plymouth",0,24,"Plymouth"
"Plymouth",0,25,"Plymouth"
"Plymouth",0,26,"Plymouth"
"Plymouth",0,27,"Plymouth"
"Plymouth",0,28,"Plymouth"
"Plymouth",0,29,"Plymouth"
"Plymouth",0,30,"Plymouth"
"Plymouth",0,31,"Plymouth"
"Plymouth",0,32,"Plymouth"
"Plymouth",0,33,"Plymouth"
"Plymouth",0,34,"Plymouth"
"Plymouth",0,35,"Plymouth"
"Plymouth",0,36,"Plymouth"
"Plymouth",0,37,"Plymouth"
"Plymouth",0,38,"Plymouth"
"Plymouth",0,39,"Plymouth"
"Plymouth",0,40,"Plymouth"
"Plymouth",0,41,"Plymouth"
"Plymouth",0,42,"Plymouth"
"Plymouth",0,43,"Plymouth"
"Plymouth",0,44,"Plymouth"
"Plymouth",0,45,"Plymouth"
"Plymouth",0,46,"Plymouth"
"Plymouth",0,47,"Plymouth"
"Plymouth",0,48,"Plymouth"
"Plymouth",0,49,"Plymouth"
"Plymouth",0,50,"Plymouth"
"Plymouth",0,51,"Plymouth"
"Plymouth",0,52,"Plymouth"
"Plymouth",0,53,"Plymouth"
"Plymouth",0,54,"Plymouth"
"Plymouth",0,55,"Plymouth"
"Plymouth",0,56,"Plymouth"
"Plymouth",0,57,"Plymouth"
"Plymouth",0,58,"Plymouth"
"Plymouth",0,59,"Plymouth"
"Plymouth",0,60,"Plymouth"
"Plymouth",0,61,"Plymouth"
"Plymouth",0,62,"Plymouth"
"Plymouth",0,63,"Plymouth"
"Plymouth",0,64,"Plymouth"
"Plymouth",0,65,"Plymouth"
"Plymouth",0,66,"Plymouth"
"Plymouth",0,67,"Plymouth"
"Plymouth",0,68,"Plymouth"
"Plymouth",0,69,"Plymouth"
"Plymouth",0,70,"Plymouth"
"Plymouth",0,71,"Plymouth"
"Plymouth",0,72,"Plymouth"
"Plymouth",0,73,"Plymouth"
"Plymouth",0,74,"Plymouth"
"Plymouth",0,75,"Plymouth"
"Plymouth",0,76,"Plymouth"
"Plymouth",0,77,"Plymouth"
"Plymouth",0,78,"Plymouth"
"Plymouth",0,79,"Plymouth"
"Plymouth",0,80,"Plymouth"
"Plymouth",0,81,"Plymouth"
"Plymouth",0,82,"Plymouth"
"Plymouth",0,83,"Plymouth"
"Plymouth",0,84,"Plymouth"
"Plymouth",0,85,"Plymouth"
"Plymouth",0,86,"Plymouth"
"Plymouth",0,87,"Plymouth"
"Plymouth",0,88,"Plymouth"
"Plymouth",0,89,"Plymouth"
"Plymouth",0,90,"Plymouth"
"Plymouth",0,91,"Plymouth"
"Plymouth",0,92,"Plymouth"
"Plymouth",0,93,"Plymouth"
"Plymouth",0,94,"Plymouth"
"Plymouth",0,95,"Plymouth"
"Plymouth",0,96,"Plymouth"
"Plymouth",0,97,"Plymouth"
"Plymouth",0,98,"Plymouth"
"Plymouth",0,99,"Plymouth"
"Plymouth",0,100,"Plymouth"
"Plymouth",0,101,"Plymouth"
"Plymouth",0,102,"Plymouth"
"Plymouth",0,103,"Plymouth"
"Plymouth",0,104,"Plymouth"
"Plymouth",0,105,"Plymouth"
"Plymouth",0,106,"Plymouth"
"Plymouth",0,107,"Plymouth"
"Plymouth",0,108,"Plymouth"
"Plymouth",0,109,"Plymouth"
"Plymouth",0,110,"Plymouth"
"Plymouth",0,111,"Plymouth"
"Plymouth",0,112,"Plymouth"
"Plymouth",0,113,"Plymouth"
"Plymouth",0,114,"Plymouth"
"Plymouth",0,115,"Plymouth"
"Plymouth",0,116,"Plymouth"
"Plymouth",0,117,"Plymouth"
"Plymouth",0,118,"Plymouth"
"Plymouth",0,119,"Plymouth"
"Plymouth",0,120,"Plymouth"
"Plymouth",0,121,"Plymouth"
"Plymouth",0,122,"Plymouth"
"Plymouth",0,123,"Plymouth"
"Plymouth",0,124,"Plymouth"
"Plymouth",0,125,"Plymouth"
"Plymouth",0,126,"Plymouth"
"Plymouth",0,127,"Plymouth"
"Plymouth",0,128,"Plymouth"
"Plymouth",0,129,"Plymouth"
"Plymouth",0,130,"Plymouth"
"Plymouth",0,131,"Plymouth"
"Plymouth",0,132,"Plymouth"
"Plymouth",0,133,"Plymouth"
"Plymouth",0,134,"Plymouth"
"Plymouth",0,135,"Plymouth"
"Plymouth",0,136,"Plymouth"
"Plymouth",0,137,"Plymouth"
"Plymouth",0,138,"Plymouth"
"Plymouth",0,139,"Plymouth"
"Plymouth",0,140,"Plymouth"
"Plymouth",0,141,"Plymouth"
"Plymouth",0,142,"Plymouth"
"Plymouth",0,143,"Plymouth"
"Plymouth",0,144,"Plymouth"
"Plymouth",0,145,"Plymouth"
"Plymouth",0,146,"Plymouth"
"Plymouth",0,147,"Plymouth"
"Plymouth",0,148,"Plymouth"
"Plymouth",0,149,"Plymouth"
"Plymouth",0,150,"Plymouth"
"Plymouth",0,151,"Plymouth"
"Plymouth",0,152,"Plymouth"
"Plymouth",0,153,"Plymouth"
"Plymouth",0,154,"Plymouth"
"Plymouth",0,155,"Plymouth"
"Plymouth",0,156,"Plymouth"
"Plymouth",0,157,"Plymouth"
"Plymouth",0,158,"Plymouth"
"Plymouth",0,159,"Plymouth"
"Plymouth",0,160,"Plymouth"
"Plymouth",0,161,"Plymouth"
"Plymouth",0,162,"Plymouth"
"Plymouth",0,163,"Plymouth"
"Plymouth",0,164,"Plymouth"
"Plymouth",0,165,"Plymouth"
"Plymouth",0,166,"Plymouth"
"Plymouth",0,167,"Plymouth"
"Plymouth",0,168,"Plymouth"
"Plymouth",0,169,"Plymouth"
"Plymouth",0,170,"Plymouth"
"Plymouth",0,171,"Plymouth"
"Plymouth",0,172,"Plymouth"
"Plymouth",0,173,"Plymouth"
"Plymouth",0,174,"Plymouth"
"Plymouth",0,175,"Plymouth"
"Plymouth",0,176,"Plymouth"
"Plymouth",0,177,"Plymouth"
"Plymouth",0,178,"Plymouth"
"Plymouth",0,179,"Plymouth"
"Plymouth",0,180,"Plymouth"
"Plymouth",0,181,"Plymouth"
"Plymouth",0,182,"Plymouth"
"Plymouth",0,183,"Plymouth"
"Plymouth",0,184,"Plymouth"
"Plymouth",0,185,"Plymouth"
"Plymouth",0,186,"Plymouth"
"Plymouth",0,187,"Plymouth"
"Plymouth",0,188,"Plymouth"
"Plymouth",0,189,"Plymouth"
"Plymouth",0,190,"Plymouth"
"Plymouth",0,191,"Plymouth"
"Plymouth",0,192,"Plymouth"
"Plymouth",0,193,"Plymouth"
"Plymouth",0,194,"Plymouth"
"Plymouth",0,195,"Plymouth"
"Plymouth",0,196,"Plymouth"
"Plymouth",0,197,"Plymouth"
"Plymouth",0,198,"Plymouth"
"Plymouth",0,199,"Plymouth"
"Plymouth",0,200,"Plymouth"
"Plymouth",0,201,"Plymouth"
"Plymouth",0,202,"Plymouth"
"Plymouth",0,203,"Plymouth"
"Plymouth",0,204,"Plymouth"
"Plymouth",0,205,"Plymouth"
"Plymouth",0,206,"Plymouth"
"Plymouth",0,207,"Plymouth"
"Plymouth",0,208,"Plymouth"
"Plymouth",0,209,"Plymouth"
"Plymouth",0,210,"Plymouth"
"Plymouth",0,211,"Plymouth"
"Plymouth",0,212,"Plymouth"
"Plymouth",0,213,"Plymouth"
"Plymouth",0,214,"Plymouth"
"Plymouth",0,215,"Plymouth"
"Plymouth",0,216,"Plymouth"
"Plymouth",0,217,"Plymouth"
"Plymouth",0,218,"Plymouth"
"Plymouth",0,219,"Plymouth"
"Plymouth",0,220,"Plymouth"
"Plymouth",0,221,"Plymouth"
"Plymouth",0,222,"Plymouth"
"Plymouth",0,223,"Plymouth"
"Plymouth",0,224,"Plymouth"
"Plymouth",0,225,"Plymouth"
"Plymouth",0,226,"Plymouth"
"Plymouth",0,227,"Plymouth"
"Plymouth",0,228,"Plymouth"
"Plymouth",0,229,"Plymouth"
"Plymouth",0,230,"Plymouth"
"Plymouth",0,231,"Plymouth"
"Plymouth",0,232,"Plymouth"
"Plymouth",0,233,"Plymouth"
"Plymouth",0,234,"Plymouth"
"Plymouth",0,235,"Plymouth"
"Plymouth",0,236,"Plymouth"
"Plymouth",0,237,"Plymouth"
"Plymouth",0,238,"Plymouth"
"Plymouth",0,239,"Plymouth"
"Plymouth",0,240,"Plymouth"
"Plymouth",0,241,"Plymouth"
"Plymouth",0,242,"Plymouth"
"Plymouth",0,243,"Plymouth"
"Plymouth",0,244,"Plymouth"
"Plymouth",0,245,"Plymouth"
"Plymouth",0,246,"Plymouth"
"Plymouth",0,247,"Plymouth"
"Plymouth",0,248,"Plymouth"
"Plymouth",0,249,"Plymouth"
"Plymouth",0,250,"Plymouth"
"Plymouth",0,251,"Plymouth"
"Plymouth",0,252,"Plymouth"
"Plymouth",0,253,"Plymouth"
"Plymouth",0,254,"Plymouth"
"Plymouth",0,255,"Plymouth"
"Plymouth",0,256,"Plymouth"
"Plymouth",0,257,"Plymouth"
"Plymouth",0,258,"Plymouth"
"Plymouth",0,259,"Plymouth"
"Plymouth",0,260,"Plymouth"
"Plymouth",0,261,"Plymouth"
"Plymouth",0,262,"Plymouth"
"Plymouth",0,263,"Plymouth"
"Plymouth",0,264,"Plymouth"
"Plymouth",0,265,"Plymouth"
"Plymouth",0,266,"Plymouth"
"Plymouth",0,267,"Plymouth"
"Plymouth",0,268,"Plymouth"
"Plymouth",0,269,"Plymouth"
"Plymouth",0,270,"Plymouth"
"Plymouth",0,271,"Plymouth"
"Plymouth",0,272,"Plymouth"
"Plymouth",0,273,"Plymouth"
"Plymouth",0,274,"Plymouth"
"Plymouth",0,275,"Plymouth"
"Plymouth",0,276,"Plymouth"
"Plymouth",0,277,"Plymouth"
"Plymouth",0,278,"Plymouth"
"Plymouth",0,279,"Plymouth"
"Plymouth",0,280,"Plymouth"
"Plymouth",0,281,"Plymouth"
"Plymouth",0,282,"Plymouth"
"Plymouth",0,283,"Plymouth"
"Plymouth",0,284,"Plymouth"
"Plymouth",0,285,"Plymouth"
"Plymouth",0,286,"Plymouth"
"Plymouth",0,287,"Plymouth"
"Plymouth",0,288,"Plymouth"
"Plymouth",0,289,"Plymouth"
"Plymouth",0,290,"Plymouth"
"Plymouth",0,291,"Plymouth"
"Plymouth",0,292,"Plymouth"
"Plymouth",0,293,"Plymouth"
"Plymouth",0,294,"Plymouth"
"Plymouth",0,295,"Plymouth"
"Plymouth",0,296,"Plymouth"
"Plymouth",0,297,"Plymouth"
"Plymouth",0,298,"Plymouth"
"Plymouth",0,299,"Plymouth"
"Plymouth",0,300,"Plymouth"
"Plymouth",0,301,"Plymouth"
"Plymouth",0,302,"Plymouth"
"Plymouth",0,303,"Plymouth"
"Plymouth",0,304,"Plymouth"
"Plymouth",0,305,"Plymouth"
"Plymouth",0,306,"Plymouth"
"Plymouth",0,307,"Plymouth"
"Plymouth",0,308,"Plymouth"
"Plymouth",0,309,"Plymouth"
"Plymouth",0,310,"Plymouth"
"Plymouth",0,311,"Plymouth"
"Plymouth",0,312,"Plymouth"
"Plymouth",0,313,"Plymouth"
"Plymouth",0,314,"Plymouth"
"Plymouth",0,315,"Plymouth"
"Plymouth",0,316,"Plymouth"
"Plymouth",0,317,"Plymouth"
"Plymouth",0,318,"Plymouth"
"Plymouth",0,319,"Plymouth"
"Plymouth",0,320,"Plymouth"
"Plymouth",0,321,"Plymouth"
"Plymouth",0,322,"Plymouth"
"Plymouth",0,323,"Plymouth"
"Plymouth",0,324,"Plymouth"
"Plymouth",0,325,"Plymouth"
"Plymouth",0,326,"Plymouth"
"Plymouth",0,327,"Plymouth"
"Plymouth",0,328,"Plymouth"
"Plymouth",0,329,"Plymouth"
"Plymouth",0,330,"Plymouth"
"Plymouth",0,331,"Plymouth"
"Plymouth",0,332,"Plymouth"
"Plymouth",0,333,"Plymouth"
"Plymouth",0,334,"Plymouth"
"Plymouth",0,335,"Plymouth"
"Plymouth",0,336,"Plymouth"
"Plymouth",0,337,"Plymouth"
"Plymouth",0,338,"Plymouth"
"Plymouth",0,339,"Plymouth"
"Plymouth",0,340,"Plymouth"
"Plymouth",0,341,"Plymouth"
"Plymouth",0,342,"Plymouth"
"Plymouth",0,343,"Plymouth"
"Plymouth",0,344,"Plymouth"
"Plymouth",0,345,"Plymouth"
"Plymouth",0,346,"Plymouth"
"Plymouth",0,347,"Plymouth"
"Plymouth",0,348,"Plymouth"
"Plymouth",0,349,"Plymouth"
"Plymouth",0,350,"Plymouth"
"Plymouth",0,351,"Plymouth"
"Plymouth",0,352,"Plymouth"
"Plymouth",0,353,"Plymouth"
"Plymouth",0,354,"Plymouth"
"Plymouth",0,355,"Plymouth"
"Plymouth",0,356,"Plymouth"
"Plymouth",0,357,"Plymouth"
"Plymouth",0,358,"Plymouth"
"Plymouth",0,359,"Plymouth"
"Plymouth",0,360,"Plymouth"
"Plymouth",0,361,"Plymouth"
"Plymouth",0,362,"Plymouth"
"Plymouth",0,363,"Plymouth"
"Plymouth",0,364,"Plymouth"
"Plymouth",0,365,"Plymouth"
"Plymouth",8.56999969482422,1,"Plymouth"
"Plymouth",7.17000007629395,2,"Plymouth"
"Plymouth",5.48000001907349,3,"Plymouth"
"Plymouth",6.76000022888184,4,"Plymouth"
"Plymouth",8.02999973297119,5,"Plymouth"
"Plymouth",6.21000003814697,6,"Plymouth"
"Plymouth",-0.270000010728836,7,"Plymouth"
"Plymouth",2.30999994277954,8,"Plymouth"
"Plymouth",8.89999961853027,9,"Plymouth"
"Plymouth",4.57000017166138,10,"Plymouth"
"Plymouth",0.409999996423721,11,"Plymouth"
"Plymouth",6.92999982833862,12,"Plymouth"
"Plymouth",8.10000038146973,13,"Plymouth"
"Plymouth",10.4099998474121,14,"Plymouth"
"Plymouth",10.4399995803833,15,"Plymouth"
"Plymouth",10.9799995422363,16,"Plymouth"
"Plymouth",9.09000015258789,17,"Plymouth"
"Plymouth",10.0200004577637,18,"Plymouth"
"Plymouth",8.68000030517578,19,"Plymouth"
"Plymouth",9.60999965667725,20,"Plymouth"
"Plymouth",10.4399995803833,21,"Plymouth"
"Plymouth",8,22,"Plymouth"
"Plymouth",10.6199998855591,23,"Plymouth"
"Plymouth",11.8400001525879,24,"Plymouth"
"Plymouth",10,25,"Plymouth"
"Plymouth",9.9399995803833,26,"Plymouth"
"Plymouth",11.460000038147,27,"Plymouth"
"Plymouth",18.7900009155273,28,"Plymouth"
"Plymouth",17.6299991607666,29,"Plymouth"
"Plymouth",19.0300006866455,30,"Plymouth"
"Plymouth",13.3599996566772,31,"Plymouth"
"Plymouth",8.01000022888184,32,"Plymouth"
"Plymouth",5.73000001907349,33,"Plymouth"
"Plymouth",5.1399998664856,34,"Plymouth"
"Plymouth",2.97000002861023,35,"Plymouth"
"Plymouth",8.27000045776367,36,"Plymouth"
"Plymouth",5.8899998664856,37,"Plymouth"
"Plymouth",4.1100001335144,38,"Plymouth"
"Plymouth",3.57999992370605,39,"Plymouth"
"Plymouth",3.17000007629395,40,"Plymouth"
"Plymouth",4.55000019073486,41,"Plymouth"
"Plymouth",7,42,"Plymouth"
"Plymouth",9.72999954223633,43,"Plymouth"
"Plymouth",10.8999996185303,44,"Plymouth"
"Plymouth",9.11999988555908,45,"Plymouth"
"Plymouth",7.96999979019165,46,"Plymouth"
"Plymouth",8.14000034332275,47,"Plymouth"
"Plymouth",8.39999961853027,48,"Plymouth"
"Plymouth",13.1000003814697,49,"Plymouth"
"Plymouth",8.21000003814697,50,"Plymouth"
"Plymouth",9.5600004196167,51,"Plymouth"
"Plymouth",10.6300001144409,52,"Plymouth"
"Plymouth",10.9799995422363,53,"Plymouth"
"Plymouth",9.94999980926514,54,"Plymouth"
"Plymouth",14.789999961853,55,"Plymouth"
"Plymouth",14.6400003433228,56,"Plymouth"
"Plymouth",10.2600002288818,57,"Plymouth"
"Plymouth",11.4799995422363,58,"Plymouth"
"Plymouth",15.7399997711182,59,"Plymouth"
"Plymouth",11.6800003051758,60,"Plymouth"
"Plymouth",5.30999994277954,61,"Plymouth"
"Plymouth",2.04999995231628,62,"Plymouth"
"Plymouth",2.91000008583069,63,"Plymouth"
"Plymouth",5.8600001335144,64,"Plymouth"
"Plymouth",11.0200004577637,65,"Plymouth"
"Plymouth",11.1899995803833,66,"Plymouth"
"Plymouth",7.98999977111816,67,"Plymouth"
"Plymouth",10.4300003051758,68,"Plymouth"
"Plymouth",12.5900001525879,69,"Plymouth"
"Plymouth",13.2799997329712,70,"Plymouth"
"Plymouth",12.6000003814697,71,"Plymouth"
"Plymouth",10.289999961853,72,"Plymouth"
"Plymouth",9.18000030517578,73,"Plymouth"
"Plymouth",8.46000003814697,74,"Plymouth"
"Plymouth",12.6700000762939,75,"Plymouth"
"Plymouth",15.8199996948242,76,"Plymouth"
"Plymouth",16.6499996185303,77,"Plymouth"
"Plymouth",17.2099990844727,78,"Plymouth"
"Plymouth",18.9500007629395,79,"Plymouth"
"Plymouth",16.9500007629395,80,"Plymouth"
"Plymouth",16.5699996948242,81,"Plymouth"
"Plymouth",15.4300003051758,82,"Plymouth"
"Plymouth",9.42000007629395,83,"Plymouth"
"Plymouth",9.02999973297119,84,"Plymouth"
"Plymouth",11.4899997711182,85,"Plymouth"
"Plymouth",12.8299999237061,86,"Plymouth"
"Plymouth",14.7299995422363,87,"Plymouth"
"Plymouth",9.09000015258789,88,"Plymouth"
"Plymouth",7.86999988555908,89,"Plymouth"
"Plymouth",5.07000017166138,90,"Plymouth"
"Plymouth",7.88000011444092,91,"Plymouth"
"Plymouth",12.7799997329712,92,"Plymouth"
"Plymouth",19.1200008392334,93,"Plymouth"
"Plymouth",19.9099998474121,94,"Plymouth"
"Plymouth",8.46000003814697,95,"Plymouth"
"Plymouth",4.23000001907349,96,"Plymouth"
"Plymouth",7.73000001907349,97,"Plymouth"
"Plymouth",8.69999980926514,98,"Plymouth"
"Plymouth",12.5,99,"Plymouth"
"Plymouth",19.7199993133545,100,"Plymouth"
"Plymouth",22.3600006103516,101,"Plymouth"
"Plymouth",22.8500003814697,102,"Plymouth"
"Plymouth",19.0400009155273,103,"Plymouth"
"Plymouth",16.1399993896484,104,"Plymouth"
"Plymouth",12.4499998092651,105,"Plymouth"
"Plymouth",15.6599998474121,106,"Plymouth"
"Plymouth",20.2299995422363,107,"Plymouth"
"Plymouth",19.9699993133545,108,"Plymouth"
"Plymouth",20.7800006866455,109,"Plymouth"
"Plymouth",22.2399997711182,110,"Plymouth"
"Plymouth",22.0599994659424,111,"Plymouth"
"Plymouth",24.7099990844727,112,"Plymouth"
"Plymouth",23.9599990844727,113,"Plymouth"
"Plymouth",22.2900009155273,114,"Plymouth"
"Plymouth",18.7099990844727,115,"Plymouth"
"Plymouth",15.9300003051758,116,"Plymouth"
"Plymouth",13.4899997711182,117,"Plymouth"
"Plymouth",15.8100004196167,118,"Plymouth"
"Plymouth",18.9099998474121,119,"Plymouth"
"Plymouth",19.7299995422363,120,"Plymouth"
"Plymouth",19.4300003051758,121,"Plymouth"
"Plymouth",17.0699996948242,122,"Plymouth"
"Plymouth",19.3400001525879,123,"Plymouth"
"Plymouth",20.75,124,"Plymouth"
"Plymouth",14.5799999237061,125,"Plymouth"
"Plymouth",13.6400003433228,126,"Plymouth"
"Plymouth",15.039999961853,127,"Plymouth"
"Plymouth",16.7399997711182,128,"Plymouth"
"Plymouth",15.75,129,"Plymouth"
"Plymouth",19.5200004577637,130,"Plymouth"
"Plymouth",22.2700004577637,131,"Plymouth"
"Plymouth",24.8999996185303,132,"Plymouth"
"Plymouth",25.1700000762939,133,"Plymouth"
"Plymouth",25.7999992370605,134,"Plymouth"
"Plymouth",26.4599990844727,135,"Plymouth"
"Plymouth",26.2000007629395,136,"Plymouth"
"Plymouth",27.1399993896484,137,"Plymouth"
"Plymouth",28.5,138,"Plymouth"
"Plymouth",28.5900001525879,139,"Plymouth"
"Plymouth",23.8799991607666,140,"Plymouth"
"Plymouth",20.6700000762939,141,"Plymouth"
"Plymouth",21.1900005340576,142,"Plymouth"
"Plymouth",22.3199996948242,143,"Plymouth"
"Plymouth",18.8500003814697,144,"Plymouth"
"Plymouth",21.6900005340576,145,"Plymouth"
"Plymouth",22.8199996948242,146,"Plymouth"
"Plymouth",25.3400001525879,147,"Plymouth"
"Plymouth",26.7399997711182,148,"Plymouth"
"Plymouth",28.1599998474121,149,"Plymouth"
"Plymouth",26.6100006103516,150,"Plymouth"
"Plymouth",25.3299999237061,151,"Plymouth"
"Plymouth",26.1900005340576,152,"Plymouth"
"Plymouth",26.7800006866455,153,"Plymouth"
"Plymouth",26.1700000762939,154,"Plymouth"
"Plymouth",22.2099990844727,155,"Plymouth"
"Plymouth",28.4899997711182,156,"Plymouth"
"Plymouth",32.3499984741211,157,"Plymouth"
"Plymouth",32.7299995422363,158,"Plymouth"
"Plymouth",32.189998626709,159,"Plymouth"
"Plymouth",31.2199993133545,160,"Plymouth"
"Plymouth",30.2600002288818,161,"Plymouth"
"Plymouth",32.5699996948242,162,"Plymouth"
"Plymouth",33.8499984741211,163,"Plymouth"
"Plymouth",32.9000015258789,164,"Plymouth"
"Plymouth",31.9300003051758,165,"Plymouth"
"Plymouth",29,166,"Plymouth"
"Plymouth",29.0599994659424,167,"Plymouth"
"Plymouth",28.0300006866455,168,"Plymouth"
"Plymouth",20.5200004577637,169,"Plymouth"
"Plymouth",25.1100006103516,170,"Plymouth"
"Plymouth",27.6399993896484,171,"Plymouth"
"Plymouth",30.6800003051758,172,"Plymouth"
"Plymouth",31.7299995422363,173,"Plymouth"
"Plymouth",35.25,174,"Plymouth"
"Plymouth",33.2000007629395,175,"Plymouth"
"Plymouth",31.7399997711182,176,"Plymouth"
"Plymouth",31.4500007629395,177,"Plymouth"
"Plymouth",29.6200008392334,178,"Plymouth"
"Plymouth",32.4500007629395,179,"Plymouth"
"Plymouth",32.4000015258789,180,"Plymouth"
"Plymouth",30.0699996948242,181,"Plymouth"
"Plymouth",29.2000007629395,182,"Plymouth"
"Plymouth",30.5,183,"Plymouth"
"Plymouth",32.6500015258789,184,"Plymouth"
"Plymouth",35.1800003051758,185,"Plymouth"
"Plymouth",36.2000007629395,186,"Plymouth"
"Plymouth",37.9799995422363,187,"Plymouth"
"Plymouth",38.2799987792969,188,"Plymouth"
"Plymouth",38.4700012207031,189,"Plymouth"
"Plymouth",36.6599998474121,190,"Plymouth"
"Plymouth",35.7900009155273,191,"Plymouth"
"Plymouth",37.4900016784668,192,"Plymouth"
"Plymouth",38.310001373291,193,"Plymouth"
"Plymouth",38.560001373291,194,"Plymouth"
"Plymouth",34.8800010681152,195,"Plymouth"
"Plymouth",28.2000007629395,196,"Plymouth"
"Plymouth",33.7299995422363,197,"Plymouth"
"Plymouth",32.75,198,"Plymouth"
"Plymouth",33.5,199,"Plymouth"
"Plymouth",34.2700004577637,200,"Plymouth"
"Plymouth",34.1399993896484,201,"Plymouth"
"Plymouth",35.2999992370605,202,"Plymouth"
"Plymouth",37.7999992370605,203,"Plymouth"
"Plymouth",36.8899993896484,204,"Plymouth"
"Plymouth",37.7099990844727,205,"Plymouth"
"Plymouth",35.2799987792969,206,"Plymouth"
"Plymouth",32.0900001525879,207,"Plymouth"
"Plymouth",31.2900009155273,208,"Plymouth"
"Plymouth",27.7099990844727,209,"Plymouth"
"Plymouth",29.9699993133545,210,"Plymouth"
"Plymouth",31.0900001525879,211,"Plymouth"
"Plymouth",32.939998626709,212,"Plymouth"
"Plymouth",34.3600006103516,213,"Plymouth"
"Plymouth",36.5999984741211,214,"Plymouth"
"Plymouth",36.3400001525879,215,"Plymouth"
"Plymouth",30.3999996185303,216,"Plymouth"
"Plymouth",32.4900016784668,217,"Plymouth"
"Plymouth",33.1699981689453,218,"Plymouth"
"Plymouth",34.189998626709,219,"Plymouth"
"Plymouth",34.9900016784668,220,"Plymouth"
"Plymouth",35.4700012207031,221,"Plymouth"
"Plymouth",34.310001373291,222,"Plymouth"
"Plymouth",32.7200012207031,223,"Plymouth"
"Plymouth",32.0400009155273,224,"Plymouth"
"Plymouth",29.6700000762939,225,"Plymouth"
"Plymouth",29.4799995422363,226,"Plymouth"
"Plymouth",30.1200008392334,227,"Plymouth"
"Plymouth",29.7399997711182,228,"Plymouth"
"Plymouth",30.0400009155273,229,"Plymouth"
"Plymouth",28.2999992370605,230,"Plymouth"
"Plymouth",29.1900005340576,231,"Plymouth"
"Plymouth",30.1299991607666,232,"Plymouth"
"Plymouth",29.8400001525879,233,"Plymouth"
"Plymouth",29.2800006866455,234,"Plymouth"
"Plymouth",27.3700008392334,235,"Plymouth"
"Plymouth",19.6000003814697,236,"Plymouth"
"Plymouth",16.0900001525879,237,"Plymouth"
"Plymouth",22.0699996948242,238,"Plymouth"
"Plymouth",28.0100002288818,239,"Plymouth"
"Plymouth",32.3600006103516,240,"Plymouth"
"Plymouth",32.5900001525879,241,"Plymouth"
"Plymouth",33.060001373291,242,"Plymouth"
"Plymouth",33.3300018310547,243,"Plymouth"
"Plymouth",33.4599990844727,244,"Plymouth"
"Plymouth",32.6300010681152,245,"Plymouth"
"Plymouth",30.3700008392334,246,"Plymouth"
"Plymouth",30.5300006866455,247,"Plymouth"
"Plymouth",30.8400001525879,248,"Plymouth"
"Plymouth",34.4599990844727,249,"Plymouth"
"Plymouth",32.2599983215332,250,"Plymouth"
"Plymouth",31.5900001525879,251,"Plymouth"
"Plymouth",31.0699996948242,252,"Plymouth"
"Plymouth",32.1300010681152,253,"Plymouth"
"Plymouth",31.5,254,"Plymouth"
"Plymouth",26.1299991607666,255,"Plymouth"
"Plymouth",23.8099994659424,256,"Plymouth"
"Plymouth",26.2399997711182,257,"Plymouth"
"Plymouth",27.8299999237061,258,"Plymouth"
"Plymouth",25.0900001525879,259,"Plymouth"
"Plymouth",16.0599994659424,260,"Plymouth"
"Plymouth",18.3299999237061,261,"Plymouth"
"Plymouth",18.5900001525879,262,"Plymouth"
"Plymouth",20.8199996948242,263,"Plymouth"
"Plymouth",24.0400009155273,264,"Plymouth"
"Plymouth",25.5599994659424,265,"Plymouth"
"Plymouth",26.5699996948242,266,"Plymouth"
"Plymouth",27.9699993133545,267,"Plymouth"
"Plymouth",29.3299999237061,268,"Plymouth"
"Plymouth",28.7700004577637,269,"Plymouth"
"Plymouth",30.1599998474121,270,"Plymouth"
"Plymouth",29.6900005340576,271,"Plymouth"
"Plymouth",31.0499992370605,272,"Plymouth"
"Plymouth",29.5699996948242,273,"Plymouth"
"Plymouth",25.9899997711182,274,"Plymouth"
"Plymouth",30.8600006103516,275,"Plymouth"
"Plymouth",31.4099998474121,276,"Plymouth"
"Plymouth",29.1700000762939,277,"Plymouth"
"Plymouth",28.0300006866455,278,"Plymouth"
"Plymouth",28.0599994659424,279,"Plymouth"
"Plymouth",28.2099990844727,280,"Plymouth"
"Plymouth",28.4799995422363,281,"Plymouth"
"Plymouth",28.3899993896484,282,"Plymouth"
"Plymouth",29.2800006866455,283,"Plymouth"
"Plymouth",27.9400005340576,284,"Plymouth"
"Plymouth",26.8400001525879,285,"Plymouth"
"Plymouth",24.0900001525879,286,"Plymouth"
"Plymouth",24.1200008392334,287,"Plymouth"
"Plymouth",26.1800003051758,288,"Plymouth"
"Plymouth",23.6800003051758,289,"Plymouth"
"Plymouth",18.3199996948242,290,"Plymouth"
"Plymouth",14.8400001525879,291,"Plymouth"
"Plymouth",12.8699998855591,292,"Plymouth"
"Plymouth",17.75,293,"Plymouth"
"Plymouth",19.8299999237061,294,"Plymouth"
"Plymouth",20.1499996185303,295,"Plymouth"
"Plymouth",20.9400005340576,296,"Plymouth"
"Plymouth",22.1000003814697,297,"Plymouth"
"Plymouth",15.3599996566772,298,"Plymouth"
"Plymouth",21.7199993133545,299,"Plymouth"
"Plymouth",22.2800006866455,300,"Plymouth"
"Plymouth",20.2000007629395,301,"Plymouth"
"Plymouth",11.9099998474121,302,"Plymouth"
"Plymouth",10.6099996566772,303,"Plymouth"
"Plymouth",12.4099998474121,304,"Plymouth"
"Plymouth",11.0299997329712,305,"Plymouth"
"Plymouth",14.1400003433228,306,"Plymouth"
"Plymouth",10.6000003814697,307,"Plymouth"
"Plymouth",9.52000045776367,308,"Plymouth"
"Plymouth",15.289999961853,309,"Plymouth"
"Plymouth",12.210000038147,310,"Plymouth"
"Plymouth",7.78999996185303,311,"Plymouth"
"Plymouth",12.9799995422363,312,"Plymouth"
"Plymouth",15.6300001144409,313,"Plymouth"
"Plymouth",17.7299995422363,314,"Plymouth"
"Plymouth",18.4500007629395,315,"Plymouth"
"Plymouth",13.6000003814697,316,"Plymouth"
"Plymouth",8.34000015258789,317,"Plymouth"
"Plymouth",12.4499998092651,318,"Plymouth"
"Plymouth",10.1800003051758,319,"Plymouth"
"Plymouth",4.01999998092651,320,"Plymouth"
"Plymouth",5.92000007629395,321,"Plymouth"
"Plymouth",13.1400003433228,322,"Plymouth"
"Plymouth",5.48999977111816,323,"Plymouth"
"Plymouth",10.3199996948242,324,"Plymouth"
"Plymouth",13.710000038147,325,"Plymouth"
"Plymouth",15.1599998474121,326,"Plymouth"
"Plymouth",13.4399995803833,327,"Plymouth"
"Plymouth",8.4399995803833,328,"Plymouth"
"Plymouth",6.6399998664856,329,"Plymouth"
"Plymouth",6.23999977111816,330,"Plymouth"
"Plymouth",7.01999998092651,331,"Plymouth"
"Plymouth",5.01999998092651,332,"Plymouth"
"Plymouth",4.46999979019165,333,"Plymouth"
"Plymouth",7.78000020980835,334,"Plymouth"
"Plymouth",11.1899995803833,335,"Plymouth"
"Plymouth",10.3900003433228,336,"Plymouth"
"Plymouth",11.960000038147,337,"Plymouth"
"Plymouth",11.9399995803833,338,"Plymouth"
"Plymouth",11.0100002288818,339,"Plymouth"
"Plymouth",9.97999954223633,340,"Plymouth"
"Plymouth",12.1499996185303,341,"Plymouth"
"Plymouth",13.960000038147,342,"Plymouth"
"Plymouth",12.0900001525879,343,"Plymouth"
"Plymouth",6.67999982833862,344,"Plymouth"
"Plymouth",8.47999954223633,345,"Plymouth"
"Plymouth",13.4099998474121,346,"Plymouth"
"Plymouth",8.44999980926514,347,"Plymouth"
"Plymouth",9.10999965667725,348,"Plymouth"
"Plymouth",5.48999977111816,349,"Plymouth"
"Plymouth",6.34999990463257,350,"Plymouth"
"Plymouth",10.0299997329712,351,"Plymouth"
"Plymouth",12.8400001525879,352,"Plymouth"
"Plymouth",12.039999961853,353,"Plymouth"
"Plymouth",11.9899997711182,354,"Plymouth"
"Plymouth",12.0100002288818,355,"Plymouth"
"Plymouth",13.7700004577637,356,"Plymouth"
"Plymouth",13.5900001525879,357,"Plymouth"
"Plymouth",10.6599998474121,358,"Plymouth"
"Plymouth",7.53000020980835,359,"Plymouth"
"Plymouth",6.84999990463257,360,"Plymouth"
"Plymouth",8.17000007629395,361,"Plymouth"
"Plymouth",11.6700000762939,362,"Plymouth"
"Plymouth",13.4300003051758,363,"Plymouth"
"Plymouth",8.97999954223633,364,"Plymouth"
"Plymouth",5.67000007629395,365,"Plymouth"
"Plymouth",-4.59999990463257,1,"Plymouth"
"Plymouth",-5.40000009536743,2,"Plymouth"
"Plymouth",-5.40999984741211,3,"Plymouth"
"Plymouth",-6.36999988555908,4,"Plymouth"
"Plymouth",-5.17999982833862,5,"Plymouth"
"Plymouth",-6.96999979019165,6,"Plymouth"
"Plymouth",-15.8699998855591,7,"Plymouth"
"Plymouth",-15.4099998474121,8,"Plymouth"
"Plymouth",-7.69999980926514,9,"Plymouth"
"Plymouth",-0.519999980926514,10,"Plymouth"
"Plymouth",-12.7799997329712,11,"Plymouth"
"Plymouth",-10.5,12,"Plymouth"
"Plymouth",-2.74000000953674,13,"Plymouth"
"Plymouth",0.870000004768372,14,"Plymouth"
"Plymouth",-2.55999994277954,15,"Plymouth"
"Plymouth",-4.42999982833862,16,"Plymouth"
"Plymouth",-2.30999994277954,17,"Plymouth"
"Plymouth",-1.08000004291534,18,"Plymouth"
"Plymouth",-0.550000011920929,19,"Plymouth"
"Plymouth",2.59999990463257,20,"Plymouth"
"Plymouth",0.52999997138977,21,"Plymouth"
"Plymouth",0.930000007152557,22,"Plymouth"
"Plymouth",-1.54999995231628,23,"Plymouth"
"Plymouth",-0.5799999833107,24,"Plymouth"
"Plymouth",1.12000000476837,25,"Plymouth"
"Plymouth",-2.20000004768372,26,"Plymouth"
"Plymouth",0.8299999833107,27,"Plymouth"
"Plymouth",1.25999999046326,28,"Plymouth"
"Plymouth",-0.330000013113022,29,"Plymouth"
"Plymouth",-0.389999985694885,30,"Plymouth"
"Plymouth",1.61000001430511,31,"Plymouth"
"Plymouth",2.44000005722046,32,"Plymouth"
"Plymouth",-1.72000002861023,33,"Plymouth"
"Plymouth",-5.30000019073486,34,"Plymouth"
"Plymouth",-2.45000004768372,35,"Plymouth"
"Plymouth",-1.10000002384186,36,"Plymouth"
"Plymouth",-1.76999998092651,37,"Plymouth"
"Plymouth",-4.03000020980835,38,"Plymouth"
"Plymouth",-5.30000019073486,39,"Plymouth"
"Plymouth",-4.67000007629395,40,"Plymouth"
"Plymouth",-8.5600004196167,41,"Plymouth"
"Plymouth",-8.76000022888184,42,"Plymouth"
"Plymouth",-7.09999990463257,43,"Plymouth"
"Plymouth",-4.46000003814697,44,"Plymouth"
"Plymouth",-1.63999998569489,45,"Plymouth"
"Plymouth",0.5799999833107,46,"Plymouth"
"Plymouth",-1.25999999046326,47,"Plymouth"
"Plymouth",-0.170000001788139,48,"Plymouth"
"Plymouth",1.5,49,"Plymouth"
"Plymouth",0.949999988079071,50,"Plymouth"
"Plymouth",-0.150000005960464,51,"Plymouth"
"Plymouth",0.219999998807907,52,"Plymouth"
"Plymouth",-3.38000011444092,53,"Plymouth"
"Plymouth",-3.97000002861023,54,"Plymouth"
"Plymouth",-3.96000003814697,55,"Plymouth"
"Plymouth",-2.1800000667572,56,"Plymouth"
"Plymouth",0.800000011920929,57,"Plymouth"
"Plymouth",-2.4300000667572,58,"Plymouth"
"Plymouth",-4.23000001907349,59,"Plymouth"
"Plymouth",-1.50999999046326,60,"Plymouth"
"Plymouth",2.48000001907349,61,"Plymouth"
"Plymouth",-3.44000005722046,62,"Plymouth"
"Plymouth",-3.85999989509583,63,"Plymouth"
"Plymouth",-3.55999994277954,64,"Plymouth"
"Plymouth",-1.16999995708466,65,"Plymouth"
"Plymouth",-0.680000007152557,66,"Plymouth"
"Plymouth",-1.16999995708466,67,"Plymouth"
"Plymouth",-4.34000015258789,68,"Plymouth"
"Plymouth",-3.94000005722046,69,"Plymouth"
"Plymouth",0.610000014305115,70,"Plymouth"
"Plymouth",2.48000001907349,71,"Plymouth"
"Plymouth",3.36999988555908,72,"Plymouth"
"Plymouth",-3.08999991416931,73,"Plymouth"
"Plymouth",-4.07999992370605,74,"Plymouth"
"Plymouth",-2.75999999046326,75,"Plymouth"
"Plymouth",-2.3199999332428,76,"Plymouth"
"Plymouth",-1.37000000476837,77,"Plymouth"
"Plymouth",0.5799999833107,78,"Plymouth"
"Plymouth",0.6700000166893,79,"Plymouth"
"Plymouth",0.879999995231628,80,"Plymouth"
"Plymouth",1.44000005722046,81,"Plymouth"
"Plymouth",1.16999995708466,82,"Plymouth"
"Plymouth",-1.60000002384186,83,"Plymouth"
"Plymouth",0.469999998807907,84,"Plymouth"
"Plymouth",-1.87999999523163,85,"Plymouth"
"Plymouth",0.180000007152557,86,"Plymouth"
"Plymouth",-0.360000014305115,87,"Plymouth"
"Plymouth",-0.189999997615814,88,"Plymouth"
"Plymouth",0.0599999986588955,89,"Plymouth"
"Plymouth",0.00999999977648258,90,"Plymouth"
"Plymouth",-1.25999999046326,91,"Plymouth"
"Plymouth",-1.78999996185303,92,"Plymouth"
"Plymouth",0.469999998807907,93,"Plymouth"
"Plymouth",1.51999998092651,94,"Plymouth"
"Plymouth",2.63000011444092,95,"Plymouth"
"Plymouth",-3.91000008583069,96,"Plymouth"
"Plymouth",-4.90000009536743,97,"Plymouth"
"Plymouth",-4.84999990463257,98,"Plymouth"
"Plymouth",-3.19000005722046,99,"Plymouth"
"Plymouth",-2.11999988555908,100,"Plymouth"
"Plymouth",0.479999989271164,101,"Plymouth"
"Plymouth",3.21000003814697,102,"Plymouth"
"Plymouth",4.3899998664856,103,"Plymouth"
"Plymouth",2.52999997138977,104,"Plymouth"
"Plymouth",0.899999976158142,105,"Plymouth"
"Plymouth",0.409999996423721,106,"Plymouth"
"Plymouth",0.610000014305115,107,"Plymouth"
"Plymouth",2.47000002861023,108,"Plymouth"
"Plymouth",2.80999994277954,109,"Plymouth"
"Plymouth",4.55000019073486,110,"Plymouth"
"Plymouth",3.42000007629395,111,"Plymouth"
"Plymouth",2.75,112,"Plymouth"
"Plymouth",4.71999979019165,113,"Plymouth"
"Plymouth",6.6100001335144,114,"Plymouth"
"Plymouth",5.13000011444092,115,"Plymouth"
"Plymouth",1.08000004291534,116,"Plymouth"
"Plymouth",2.71000003814697,117,"Plymouth"
"Plymouth",0.0799999982118607,118,"Plymouth"
"Plymouth",1.35000002384186,119,"Plymouth"
"Plymouth",0.629999995231628,120,"Plymouth"
"Plymouth",-1.38999998569489,121,"Plymouth"
"Plymouth",-0.370000004768372,122,"Plymouth"
"Plymouth",1.05999994277954,123,"Plymouth"
"Plymouth",2.77999997138977,124,"Plymouth"
"Plymouth",2.53999996185303,125,"Plymouth"
"Plymouth",-1.9099999666214,126,"Plymouth"
"Plymouth",-1.91999995708466,127,"Plymouth"
"Plymouth",1.07000005245209,128,"Plymouth"
"Plymouth",-0.400000005960464,129,"Plymouth"
"Plymouth",1.76999998092651,130,"Plymouth"
"Plymouth",3.76999998092651,131,"Plymouth"
"Plymouth",5.40000009536743,132,"Plymouth"
"Plymouth",4.82000017166138,133,"Plymouth"
"Plymouth",6.23000001907349,134,"Plymouth"
"Plymouth",6.34000015258789,135,"Plymouth"
"Plymouth",7.44000005722046,136,"Plymouth"
"Plymouth",7.61999988555908,137,"Plymouth"
"Plymouth",7.34999990463257,138,"Plymouth"
"Plymouth",10.4099998474121,139,"Plymouth"
"Plymouth",6.98999977111816,140,"Plymouth"
"Plymouth",4.34000015258789,141,"Plymouth"
"Plymouth",2.59999990463257,142,"Plymouth"
"Plymouth",6.19000005722046,143,"Plymouth"
"Plymouth",6.21999979019165,144,"Plymouth"
"Plymouth",6.76999998092651,145,"Plymouth"
"Plymouth",4.01000022888184,146,"Plymouth"
"Plymouth",2.95000004768372,147,"Plymouth"
"Plymouth",7.23000001907349,148,"Plymouth"
"Plymouth",8.78999996185303,149,"Plymouth"
"Plymouth",9.34000015258789,150,"Plymouth"
"Plymouth",6.59999990463257,151,"Plymouth"
"Plymouth",6.94000005722046,152,"Plymouth"
"Plymouth",8.44999980926514,153,"Plymouth"
"Plymouth",10.5200004577637,154,"Plymouth"
"Plymouth",11.210000038147,155,"Plymouth"
"Plymouth",8.34000015258789,156,"Plymouth"
"Plymouth",11.6400003433228,157,"Plymouth"
"Plymouth",13.7799997329712,158,"Plymouth"
"Plymouth",12.1300001144409,159,"Plymouth"
"Plymouth",10.2399997711182,160,"Plymouth"
"Plymouth",10.8000001907349,161,"Plymouth"
"Plymouth",10.8100004196167,162,"Plymouth"
"Plymouth",14.9899997711182,163,"Plymouth"
"Plymouth",12.1599998474121,164,"Plymouth"
"Plymouth",13.3100004196167,165,"Plymouth"
"Plymouth",11.6499996185303,166,"Plymouth"
"Plymouth",10.5600004196167,167,"Plymouth"
"Plymouth",10.3699998855591,168,"Plymouth"
"Plymouth",10.3599996566772,169,"Plymouth"
"Plymouth",3.29999995231628,170,"Plymouth"
"Plymouth",5.15000009536743,171,"Plymouth"
"Plymouth",7.78000020980835,172,"Plymouth"
"Plymouth",10.5,173,"Plymouth"
"Plymouth",12.5600004196167,174,"Plymouth"
"Plymouth",13.9899997711182,175,"Plymouth"
"Plymouth",14.5500001907349,176,"Plymouth"
"Plymouth",16.2700004577637,177,"Plymouth"
"Plymouth",16.7999992370605,178,"Plymouth"
"Plymouth",13.2299995422363,179,"Plymouth"
"Plymouth",10.6300001144409,180,"Plymouth"
"Plymouth",12.1700000762939,181,"Plymouth"
"Plymouth",11.3400001525879,182,"Plymouth"
"Plymouth",10.3199996948242,183,"Plymouth"
"Plymouth",11.1000003814697,184,"Plymouth"
"Plymouth",11.1199998855591,185,"Plymouth"
"Plymouth",11.8199996948242,186,"Plymouth"
"Plymouth",14.2700004577637,187,"Plymouth"
"Plymouth",14.4099998474121,188,"Plymouth"
"Plymouth",15.3500003814697,189,"Plymouth"
"Plymouth",15.2200002670288,190,"Plymouth"
"Plymouth",13.8199996948242,191,"Plymouth"
"Plymouth",13.5200004577637,192,"Plymouth"
"Plymouth",14.0699996948242,193,"Plymouth"
"Plymouth",14.6700000762939,194,"Plymouth"
"Plymouth",17.1900005340576,195,"Plymouth"
"Plymouth",15.5100002288818,196,"Plymouth"
"Plymouth",11.5200004577637,197,"Plymouth"
"Plymouth",13.3800001144409,198,"Plymouth"
"Plymouth",13.8299999237061,199,"Plymouth"
"Plymouth",13.1300001144409,200,"Plymouth"
"Plymouth",14.6800003051758,201,"Plymouth"
"Plymouth",16.25,202,"Plymouth"
"Plymouth",15.6899995803833,203,"Plymouth"
"Plymouth",17.7999992370605,204,"Plymouth"
"Plymouth",19.3099994659424,205,"Plymouth"
"Plymouth",17.5300006866455,206,"Plymouth"
"Plymouth",16.9400005340576,207,"Plymouth"
"Plymouth",15.5500001907349,208,"Plymouth"
"Plymouth",12.1300001144409,209,"Plymouth"
"Plymouth",7.98999977111816,210,"Plymouth"
"Plymouth",11.5,211,"Plymouth"
"Plymouth",11.1000003814697,212,"Plymouth"
"Plymouth",11.2299995422363,213,"Plymouth"
"Plymouth",13.0500001907349,214,"Plymouth"
"Plymouth",15.1400003433228,215,"Plymouth"
"Plymouth",17.0300006866455,216,"Plymouth"
"Plymouth",12.6700000762939,217,"Plymouth"
"Plymouth",14.8699998855591,218,"Plymouth"
"Plymouth",16.0200004577637,219,"Plymouth"
"Plymouth",15.5200004577637,220,"Plymouth"
"Plymouth",16.1000003814697,221,"Plymouth"
"Plymouth",16.5,222,"Plymouth"
"Plymouth",13.5600004196167,223,"Plymouth"
"Plymouth",11.1000003814697,224,"Plymouth"
"Plymouth",11.210000038147,225,"Plymouth"
"Plymouth",9.8100004196167,226,"Plymouth"
"Plymouth",8.05000019073486,227,"Plymouth"
"Plymouth",10.1899995803833,228,"Plymouth"
"Plymouth",8.11999988555908,229,"Plymouth"
"Plymouth",9.77000045776367,230,"Plymouth"
"Plymouth",10.0699996948242,231,"Plymouth"
"Plymouth",8.89999961853027,232,"Plymouth"
"Plymouth",10.8299999237061,233,"Plymouth"
"Plymouth",8.77000045776367,234,"Plymouth"
"Plymouth",10.4899997711182,235,"Plymouth"
"Plymouth",12.539999961853,236,"Plymouth"
"Plymouth",6.63000011444092,237,"Plymouth"
"Plymouth",1.75,238,"Plymouth"
"Plymouth",3.14000010490417,239,"Plymouth"
"Plymouth",7.46000003814697,240,"Plymouth"
"Plymouth",9.22000026702881,241,"Plymouth"
"Plymouth",10.9300003051758,242,"Plymouth"
"Plymouth",9.93000030517578,243,"Plymouth"
"Plymouth",10.5299997329712,244,"Plymouth"
"Plymouth",12.3199996948242,245,"Plymouth"
"Plymouth",15.4499998092651,246,"Plymouth"
"Plymouth",9.60000038146973,247,"Plymouth"
"Plymouth",10.2600002288818,248,"Plymouth"
"Plymouth",11.0500001907349,249,"Plymouth"
"Plymouth",10.6700000762939,250,"Plymouth"
"Plymouth",10.8299999237061,251,"Plymouth"
"Plymouth",11.1700000762939,252,"Plymouth"
"Plymouth",9.84000015258789,253,"Plymouth"
"Plymouth",9.65999984741211,254,"Plymouth"
"Plymouth",7.42999982833862,255,"Plymouth"
"Plymouth",4,256,"Plymouth"
"Plymouth",4.46000003814697,257,"Plymouth"
"Plymouth",6.69999980926514,258,"Plymouth"
"Plymouth",8.85999965667725,259,"Plymouth"
"Plymouth",8.68000030517578,260,"Plymouth"
"Plymouth",7.23999977111816,261,"Plymouth"
"Plymouth",6.73999977111816,262,"Plymouth"
"Plymouth",5.92000007629395,263,"Plymouth"
"Plymouth",5.21000003814697,264,"Plymouth"
"Plymouth",6.78000020980835,265,"Plymouth"
"Plymouth",5.78000020980835,266,"Plymouth"
"Plymouth",7.23999977111816,267,"Plymouth"
"Plymouth",6.82000017166138,268,"Plymouth"
"Plymouth",8.85000038146973,269,"Plymouth"
"Plymouth",7.51000022888184,270,"Plymouth"
"Plymouth",8.21000003814697,271,"Plymouth"
"Plymouth",7.34999990463257,272,"Plymouth"
"Plymouth",8.21000003814697,273,"Plymouth"
"Plymouth",7.28000020980835,274,"Plymouth"
"Plymouth",6.8600001335144,275,"Plymouth"
"Plymouth",9.65999984741211,276,"Plymouth"
"Plymouth",9.3100004196167,277,"Plymouth"
"Plymouth",11.2200002670288,278,"Plymouth"
"Plymouth",9.52999973297119,279,"Plymouth"
"Plymouth",8.48999977111816,280,"Plymouth"
"Plymouth",8.13000011444092,281,"Plymouth"
"Plymouth",7.73000001907349,282,"Plymouth"
"Plymouth",7.3899998664856,283,"Plymouth"
"Plymouth",7.3899998664856,284,"Plymouth"
"Plymouth",5.17000007629395,285,"Plymouth"
"Plymouth",5.26999998092651,286,"Plymouth"
"Plymouth",2.75999999046326,287,"Plymouth"
"Plymouth",3.5699999332428,288,"Plymouth"
"Plymouth",4.34999990463257,289,"Plymouth"
"Plymouth",3.91000008583069,290,"Plymouth"
"Plymouth",1.12000000476837,291,"Plymouth"
"Plymouth",-2.71000003814697,292,"Plymouth"
"Plymouth",-2.55999994277954,293,"Plymouth"
"Plymouth",-0.46000000834465,294,"Plymouth"
"Plymouth",7.73000001907349,295,"Plymouth"
"Plymouth",3.63000011444092,296,"Plymouth"
"Plymouth",6.21000003814697,297,"Plymouth"
"Plymouth",1.53999996185303,298,"Plymouth"
"Plymouth",1.23000001907349,299,"Plymouth"
"Plymouth",3.42000007629395,300,"Plymouth"
"Plymouth",5.42999982833862,301,"Plymouth"
"Plymouth",3.44000005722046,302,"Plymouth"
"Plymouth",-0.910000026226044,303,"Plymouth"
"Plymouth",-1.99000000953674,304,"Plymouth"
"Plymouth",-1.85000002384186,305,"Plymouth"
"Plymouth",-2.95000004768372,306,"Plymouth"
"Plymouth",-0.370000004768372,307,"Plymouth"
"Plymouth",-1.3400000333786,308,"Plymouth"
"Plymouth",-3.5699999332428,309,"Plymouth"
"Plymouth",-0.46000000834465,310,"Plymouth"
"Plymouth",-3.8199999332428,311,"Plymouth"
"Plymouth",-5.01999998092651,312,"Plymouth"
"Plymouth",-2.20000004768372,313,"Plymouth"
"Plymouth",-1.32000005245209,314,"Plymouth"
"Plymouth",0.709999978542328,315,"Plymouth"
"Plymouth",-0.0799999982118607,316,"Plymouth"
"Plymouth",-2.49000000953674,317,"Plymouth"
"Plymouth",-4.42000007629395,318,"Plymouth"
"Plymouth",-3.9300000667572,319,"Plymouth"
"Plymouth",-1.79999995231628,320,"Plymouth"
"Plymouth",-5.17999982833862,321,"Plymouth"
"Plymouth",-6.3899998664856,322,"Plymouth"
"Plymouth",-5.36999988555908,323,"Plymouth"
"Plymouth",-8.1899995803833,324,"Plymouth"
"Plymouth",-0.479999989271164,325,"Plymouth"
"Plymouth",6.94999980926514,326,"Plymouth"
"Plymouth",4.90999984741211,327,"Plymouth"
"Plymouth",-0.409999996423721,328,"Plymouth"
"Plymouth",-4.17000007629395,329,"Plymouth"
"Plymouth",-4.96000003814697,330,"Plymouth"
"Plymouth",-2,331,"Plymouth"
"Plymouth",-4.69000005722046,332,"Plymouth"
"Plymouth",-7.07000017166138,333,"Plymouth"
"Plymouth",-8.73999977111816,334,"Plymouth"
"Plymouth",-8.02000045776367,335,"Plymouth"
"Plymouth",-1.79999995231628,336,"Plymouth"
"Plymouth",-3.39000010490417,337,"Plymouth"
"Plymouth",-1.01999998092651,338,"Plymouth"
"Plymouth",-1.05999994277954,339,"Plymouth"
"Plymouth",-4.53999996185303,340,"Plymouth"
"Plymouth",-1.73000001907349,341,"Plymouth"
"Plymouth",-2.78999996185303,342,"Plymouth"
"Plymouth",-0.740000009536743,343,"Plymouth"
"Plymouth",-4.98999977111816,344,"Plymouth"
"Plymouth",-9.51000022888184,345,"Plymouth"
"Plymouth",-4.80000019073486,346,"Plymouth"
"Plymouth",-2.65000009536743,347,"Plymouth"
"Plymouth",-1.57000005245209,348,"Plymouth"
"Plymouth",-1.51999998092651,349,"Plymouth"
"Plymouth",-4.46000003814697,350,"Plymouth"
"Plymouth",-4.80000019073486,351,"Plymouth"
"Plymouth",-2.05999994277954,352,"Plymouth"
"Plymouth",-2.84999990463257,353,"Plymouth"
"Plymouth",-4.28999996185303,354,"Plymouth"
"Plymouth",-2.08999991416931,355,"Plymouth"
"Plymouth",0.439999997615814,356,"Plymouth"
"Plymouth",2.08999991416931,357,"Plymouth"
"Plymouth",2.70000004768372,358,"Plymouth"
"Plymouth",-0.0399999991059303,359,"Plymouth"
"Plymouth",-2.55999994277954,360,"Plymouth"
"Plymouth",1.25999999046326,361,"Plymouth"
"Plymouth",3.91000008583069,362,"Plymouth"
"Plymouth",5.61999988555908,363,"Plymouth"
"Plymouth",3.29999995231628,364,"Plymouth"
"Plymouth",-2.74000000953674,365,"Plymouth"
"Plymouth",434.089996337891,1,"Plymouth"
"Plymouth",408.579986572266,2,"Plymouth"
"Plymouth",408.480010986328,3,"Plymouth"
"Plymouth",379.410003662109,4,"Plymouth"
"Plymouth",415.700012207031,5,"Plymouth"
"Plymouth",362.359985351562,6,"Plymouth"
"Plymouth",177.380004882812,7,"Plymouth"
"Plymouth",184.300003051758,8,"Plymouth"
"Plymouth",342.470001220703,9,"Plymouth"
"Plymouth",588.169982910156,10,"Plymouth"
"Plymouth",228.759994506836,11,"Plymouth"
"Plymouth",274.769989013672,12,"Plymouth"
"Plymouth",499.399993896484,13,"Plymouth"
"Plymouth",650.650024414062,14,"Plymouth"
"Plymouth",506,15,"Plymouth"
"Plymouth",439.959991455078,16,"Plymouth"
"Plymouth",515.369995117188,17,"Plymouth"
"Plymouth",564.179992675781,18,"Plymouth"
"Plymouth",586.799987792969,19,"Plymouth"
"Plymouth",736.349975585938,20,"Plymouth"
"Plymouth",634.840026855469,21,"Plymouth"
"Plymouth",653.299987792969,22,"Plymouth"
"Plymouth",545.320007324219,23,"Plymouth"
"Plymouth",585.429992675781,24,"Plymouth"
"Plymouth",662.390014648438,25,"Plymouth"
"Plymouth",519.690002441406,26,"Plymouth"
"Plymouth",648.539978027344,27,"Plymouth"
"Plymouth",668.909973144531,28,"Plymouth"
"Plymouth",596.400024414062,29,"Plymouth"
"Plymouth",593.570007324219,30,"Plymouth"
"Plymouth",686.239990234375,31,"Plymouth"
"Plymouth",727.75,32,"Plymouth"
"Plymouth",538.419982910156,33,"Plymouth"
"Plymouth",411.880004882812,34,"Plymouth"
"Plymouth",510,35,"Plymouth"
"Plymouth",563.419982910156,36,"Plymouth"
"Plymouth",536.530029296875,37,"Plymouth"
"Plymouth",453.149993896484,38,"Plymouth"
"Plymouth",411.769989013672,39,"Plymouth"
"Plymouth",432.070007324219,40,"Plymouth"
"Plymouth",320.209991455078,41,"Plymouth"
"Plymouth",315.170013427734,42,"Plymouth"
"Plymouth",358.760009765625,43,"Plymouth"
"Plymouth",438.730010986328,44,"Plymouth"
"Plymouth",541.460021972656,45,"Plymouth"
"Plymouth",636.97998046875,46,"Plymouth"
"Plymouth",556.989990234375,47,"Plymouth"
"Plymouth",603.190002441406,48,"Plymouth"
"Plymouth",680.450012207031,49,"Plymouth"
"Plymouth",654.210021972656,50,"Plymouth"
"Plymouth",603.989990234375,51,"Plymouth"
"Plymouth",620.690002441406,52,"Plymouth"
"Plymouth",475.869995117188,53,"Plymouth"
"Plymouth",455.290008544922,54,"Plymouth"
"Plymouth",455.679992675781,55,"Plymouth"
"Plymouth",520.469970703125,56,"Plymouth"
"Plymouth",646.969970703125,57,"Plymouth"
"Plymouth",510.829986572266,58,"Plymouth"
"Plymouth",446.399993896484,59,"Plymouth"
"Plymouth",546.72998046875,60,"Plymouth"
"Plymouth",729.830017089844,61,"Plymouth"
"Plymouth",473.929992675781,62,"Plymouth"
"Plymouth",459.179992675781,63,"Plymouth"
"Plymouth",469.700012207031,64,"Plymouth"
"Plymouth",560.820007324219,65,"Plymouth"
"Plymouth",581.090026855469,66,"Plymouth"
"Plymouth",560.659973144531,67,"Plymouth"
"Plymouth",442.829986572266,68,"Plymouth"
"Plymouth",456.339996337891,69,"Plymouth"
"Plymouth",638.190002441406,70,"Plymouth"
"Plymouth",730.030029296875,71,"Plymouth"
"Plymouth",777.390014648438,72,"Plymouth"
"Plymouth",486.510009765625,73,"Plymouth"
"Plymouth",451.649993896484,74,"Plymouth"
"Plymouth",498.519989013672,75,"Plymouth"
"Plymouth",515,76,"Plymouth"
"Plymouth",552.669982910156,77,"Plymouth"
"Plymouth",636.820007324219,78,"Plymouth"
"Plymouth",641.210021972656,79,"Plymouth"
"Plymouth",650.989990234375,80,"Plymouth"
"Plymouth",677.539978027344,81,"Plymouth"
"Plymouth",664.880004882812,82,"Plymouth"
"Plymouth",543.369995117188,83,"Plymouth"
"Plymouth",631.880004882812,84,"Plymouth"
"Plymouth",532.039978027344,85,"Plymouth"
"Plymouth",618.669982910156,86,"Plymouth"
"Plymouth",595.109985351562,87,"Plymouth"
"Plymouth",602.119995117188,88,"Plymouth"
"Plymouth",613.530029296875,89,"Plymouth"
"Plymouth",611.150024414062,90,"Plymouth"
"Plymouth",557.159973144531,91,"Plymouth"
"Plymouth",535.609985351562,92,"Plymouth"
"Plymouth",631.760009765625,93,"Plymouth"
"Plymouth",681.409973144531,94,"Plymouth"
"Plymouth",737.929992675781,95,"Plymouth"
"Plymouth",457.339996337891,96,"Plymouth"
"Plymouth",424.470001220703,97,"Plymouth"
"Plymouth",426.130004882812,98,"Plymouth"
"Plymouth",482.779998779297,99,"Plymouth"
"Plymouth",522.75,100,"Plymouth"
"Plymouth",607.450012207031,101,"Plymouth"
"Plymouth",744.010009765625,102,"Plymouth"
"Plymouth",835.489990234375,103,"Plymouth"
"Plymouth",732.760009765625,104,"Plymouth"
"Plymouth",651.940002441406,105,"Plymouth"
"Plymouth",629.349975585938,106,"Plymouth"
"Plymouth",605.260009765625,107,"Plymouth"
"Plymouth",702.010009765625,108,"Plymouth"
"Plymouth",711.400024414062,109,"Plymouth"
"Plymouth",798.140014648438,110,"Plymouth"
"Plymouth",731.390014648438,111,"Plymouth"
"Plymouth",670.960021972656,112,"Plymouth"
"Plymouth",788.179992675781,113,"Plymouth"
"Plymouth",941.02001953125,114,"Plymouth"
"Plymouth",879.669982910156,115,"Plymouth"
"Plymouth",660.530029296875,116,"Plymouth"
"Plymouth",741.989990234375,117,"Plymouth"
"Plymouth",614.299987792969,118,"Plymouth"
"Plymouth",650.109985351562,119,"Plymouth"
"Plymouth",607.820007324219,120,"Plymouth"
"Plymouth",519.77001953125,121,"Plymouth"
"Plymouth",583.650024414062,122,"Plymouth"
"Plymouth",631.380004882812,123,"Plymouth"
"Plymouth",708.97998046875,124,"Plymouth"
"Plymouth",732.950012207031,125,"Plymouth"
"Plymouth",518.369995117188,126,"Plymouth"
"Plymouth",503.369995117188,127,"Plymouth"
"Plymouth",628.409973144531,128,"Plymouth"
"Plymouth",563.049987792969,129,"Plymouth"
"Plymouth",624.320007324219,130,"Plymouth"
"Plymouth",698.289978027344,131,"Plymouth"
"Plymouth",759.200012207031,132,"Plymouth"
"Plymouth",720.840026855469,133,"Plymouth"
"Plymouth",800.419982910156,134,"Plymouth"
"Plymouth",799.739990234375,135,"Plymouth"
"Plymouth",858.010009765625,136,"Plymouth"
"Plymouth",853.700012207031,137,"Plymouth"
"Plymouth",814.219970703125,138,"Plymouth"
"Plymouth",1036.26000976562,139,"Plymouth"
"Plymouth",768.559997558594,140,"Plymouth"
"Plymouth",620.690002441406,141,"Plymouth"
"Plymouth",505.739990234375,142,"Plymouth"
"Plymouth",680.099975585938,143,"Plymouth"
"Plymouth",777.309997558594,144,"Plymouth"
"Plymouth",733.760009765625,145,"Plymouth"
"Plymouth",542.909973144531,146,"Plymouth"
"Plymouth",462.779998779297,147,"Plymouth"
"Plymouth",651.109985351562,148,"Plymouth"
"Plymouth",718.650024414062,149,"Plymouth"
"Plymouth",793.539978027344,150,"Plymouth"
"Plymouth",580.469970703125,151,"Plymouth"
"Plymouth",437.350006103516,152,"Plymouth"
"Plymouth",401.470001220703,153,"Plymouth"
"Plymouth",465.899993896484,154,"Plymouth"
"Plymouth",679.099975585938,155,"Plymouth"
"Plymouth",398.369995117188,156,"Plymouth"
"Plymouth",504.440002441406,157,"Plymouth"
"Plymouth",585.849975585938,158,"Plymouth"
"Plymouth",522.359985351562,159,"Plymouth"
"Plymouth",456.709991455078,160,"Plymouth"
"Plymouth",475.279998779297,161,"Plymouth"
"Plymouth",475.589996337891,162,"Plymouth"
"Plymouth",636.989990234375,163,"Plymouth"
"Plymouth",523.280029296875,164,"Plymouth"
"Plymouth",567.169982910156,165,"Plymouth"
"Plymouth",504.700012207031,166,"Plymouth"
"Plymouth",467.100006103516,167,"Plymouth"
"Plymouth",460.929992675781,168,"Plymouth"
"Plymouth",701,169,"Plymouth"
"Plymouth",274.359985351562,170,"Plymouth"
"Plymouth",315.179992675781,171,"Plymouth"
"Plymouth",382.559997558594,172,"Plymouth"
"Plymouth",465.160003662109,173,"Plymouth"
"Plymouth",538.359985351562,174,"Plymouth"
"Plymouth",594.570007324219,175,"Plymouth"
"Plymouth",618.179992675781,176,"Plymouth"
"Plymouth",695.25,177,"Plymouth"
"Plymouth",720.830017089844,178,"Plymouth"
"Plymouth",564.049987792969,179,"Plymouth"
"Plymouth",469.630004882812,180,"Plymouth"
"Plymouth",523.559997558594,181,"Plymouth"
"Plymouth",493.739990234375,182,"Plymouth"
"Plymouth",459.320007324219,183,"Plymouth"
"Plymouth",485.399993896484,184,"Plymouth"
"Plymouth",486.190002441406,185,"Plymouth"
"Plymouth",510.970001220703,186,"Plymouth"
"Plymouth",606.179992675781,187,"Plymouth"
"Plymouth",611.989990234375,188,"Plymouth"
"Plymouth",652.830017089844,189,"Plymouth"
"Plymouth",647.109985351562,190,"Plymouth"
"Plymouth",587.530029296875,191,"Plymouth"
"Plymouth",575.549987792969,192,"Plymouth"
"Plymouth",597.830017089844,193,"Plymouth"
"Plymouth",623.130004882812,194,"Plymouth"
"Plymouth",739.940002441406,195,"Plymouth"
"Plymouth",660.330017089844,196,"Plymouth"
"Plymouth",500.209991455078,197,"Plymouth"
"Plymouth",569.890014648438,198,"Plymouth"
"Plymouth",588.090026855469,199,"Plymouth"
"Plymouth",559.890014648438,200,"Plymouth"
"Plymouth",623.559997558594,201,"Plymouth"
"Plymouth",694.22998046875,202,"Plymouth"
"Plymouth",668.179992675781,203,"Plymouth"
"Plymouth",771.429992675781,204,"Plymouth"
"Plymouth",852.919982910156,205,"Plymouth"
"Plymouth",757.299987792969,206,"Plymouth"
"Plymouth",727.599975585938,207,"Plymouth"
"Plymouth",661.859985351562,208,"Plymouth"
"Plymouth",522.330017089844,209,"Plymouth"
"Plymouth",388.290008544922,210,"Plymouth"
"Plymouth",499.459991455078,211,"Plymouth"
"Plymouth",485.429992675781,212,"Plymouth"
"Plymouth",489.869995117188,213,"Plymouth"
"Plymouth",557.02001953125,214,"Plymouth"
"Plymouth",643.669982910156,215,"Plymouth"
"Plymouth",732.320007324219,216,"Plymouth"
"Plymouth",542.409973144531,217,"Plymouth"
"Plymouth",631.760009765625,218,"Plymouth"
"Plymouth",683.789978027344,219,"Plymouth"
"Plymouth",660.799987792969,220,"Plymouth"
"Plymouth",687.239990234375,221,"Plymouth"
"Plymouth",706.25,222,"Plymouth"
"Plymouth",577.159973144531,223,"Plymouth"
"Plymouth",485.670013427734,224,"Plymouth"
"Plymouth",489.279998779297,225,"Plymouth"
"Plymouth",442.809997558594,226,"Plymouth"
"Plymouth",390.059997558594,227,"Plymouth"
"Plymouth",455.029998779297,228,"Plymouth"
"Plymouth",391.959991455078,229,"Plymouth"
"Plymouth",441.640014648438,230,"Plymouth"
"Plymouth",451.25,231,"Plymouth"
"Plymouth",414.910003662109,232,"Plymouth"
"Plymouth",476.190002441406,233,"Plymouth"
"Plymouth",411.070007324219,234,"Plymouth"
"Plymouth",464.839996337891,235,"Plymouth"
"Plymouth",537.5,236,"Plymouth"
"Plymouth",351.660003662109,237,"Plymouth"
"Plymouth",243.839996337891,238,"Plymouth"
"Plymouth",270.959991455078,239,"Plymouth"
"Plymouth",373.769989013672,240,"Plymouth"
"Plymouth",424.470001220703,241,"Plymouth"
"Plymouth",479.799987792969,242,"Plymouth"
"Plymouth",446.839996337891,243,"Plymouth"
"Plymouth",466.420013427734,244,"Plymouth"
"Plymouth",529.369995117188,245,"Plymouth"
"Plymouth",657.590026855469,246,"Plymouth"
"Plymouth",436.359985351562,247,"Plymouth"
"Plymouth",457.450012207031,248,"Plymouth"
"Plymouth",483.809997558594,249,"Plymouth"
"Plymouth",470.899993896484,250,"Plymouth"
"Plymouth",476.190002441406,251,"Plymouth"
"Plymouth",488.079986572266,252,"Plymouth"
"Plymouth",443.920013427734,253,"Plymouth"
"Plymouth",438.079986572266,254,"Plymouth"
"Plymouth",372.910003662109,255,"Plymouth"
"Plymouth",289.079986572266,256,"Plymouth"
"Plymouth",299.320007324219,257,"Plymouth"
"Plymouth",353.459991455078,258,"Plymouth"
"Plymouth",413.660003662109,259,"Plymouth"
"Plymouth",445.040008544922,260,"Plymouth"
"Plymouth",367.799987792969,261,"Plymouth"
"Plymouth",354.540008544922,262,"Plymouth"
"Plymouth",333.600006103516,263,"Plymouth"
"Plymouth",316.649993896484,264,"Plymouth"
"Plymouth",355.549987792969,265,"Plymouth"
"Plymouth",330.109985351562,266,"Plymouth"
"Plymouth",367.660003662109,267,"Plymouth"
"Plymouth",356.429992675781,268,"Plymouth"
"Plymouth",413.350006103516,269,"Plymouth"
"Plymouth",374.890014648438,270,"Plymouth"
"Plymouth",394.730010986328,271,"Plymouth"
"Plymouth",370.600006103516,272,"Plymouth"
"Plymouth",394.679992675781,273,"Plymouth"
"Plymouth",368.679992675781,274,"Plymouth"
"Plymouth",357.519989013672,275,"Plymouth"
"Plymouth",438.079986572266,276,"Plymouth"
"Plymouth",427.130004882812,277,"Plymouth"
"Plymouth",489.700012207031,278,"Plymouth"
"Plymouth",434.089996337891,279,"Plymouth"
"Plymouth",402.679992675781,280,"Plymouth"
"Plymouth",392.410003662109,281,"Plymouth"
"Plymouth",381,282,"Plymouth"
"Plymouth",371.730010986328,283,"Plymouth"
"Plymouth",371.850006103516,284,"Plymouth"
"Plymouth",315.589996337891,285,"Plymouth"
"Plymouth",318.040008544922,286,"Plymouth"
"Plymouth",263.380004882812,287,"Plymouth"
"Plymouth",280.029998779297,288,"Plymouth"
"Plymouth",296.829986572266,289,"Plymouth"
"Plymouth",376.019989013672,290,"Plymouth"
"Plymouth",307.130004882812,291,"Plymouth"
"Plymouth",240.970001220703,292,"Plymouth"
"Plymouth",178.240005493164,293,"Plymouth"
"Plymouth",205.460006713867,294,"Plymouth"
"Plymouth",560.880004882812,295,"Plymouth"
"Plymouth",310.609985351562,296,"Plymouth"
"Plymouth",399.630004882812,297,"Plymouth"
"Plymouth",365.329986572266,298,"Plymouth"
"Plymouth",234.210006713867,299,"Plymouth"
"Plymouth",291.910003662109,300,"Plymouth"
"Plymouth",433.170013427734,301,"Plymouth"
"Plymouth",620.760009765625,302,"Plymouth"
"Plymouth",397.859985351562,303,"Plymouth"
"Plymouth",312.070007324219,304,"Plymouth"
"Plymouth",346.399993896484,305,"Plymouth"
"Plymouth",256.559997558594,306,"Plymouth"
"Plymouth",385.230010986328,307,"Plymouth"
"Plymouth",369.690002441406,308,"Plymouth"
"Plymouth",192.399993896484,309,"Plymouth"
"Plymouth",341.940002441406,310,"Plymouth"
"Plymouth",308.529998779297,311,"Plymouth"
"Plymouth",193.380004882812,312,"Plymouth"
"Plymouth",226.720001220703,313,"Plymouth"
"Plymouth",224.429992675781,314,"Plymouth"
"Plymouth",270.559997558594,315,"Plymouth"
"Plymouth",432.049987792969,316,"Plymouth"
"Plymouth",398.489990234375,317,"Plymouth"
"Plymouth",261.010009765625,318,"Plymouth"
"Plymouth",307.890014648438,319,"Plymouth"
"Plymouth",535.210021972656,320,"Plymouth"
"Plymouth",341.450012207031,321,"Plymouth"
"Plymouth",221.809997558594,322,"Plymouth"
"Plymouth",343.829986572266,323,"Plymouth"
"Plymouth",210.050003051758,324,"Plymouth"
"Plymouth",393.630004882812,325,"Plymouth"
"Plymouth",851.630004882812,326,"Plymouth"
"Plymouth",835.549987792969,327,"Plymouth"
"Plymouth",566.570007324219,328,"Plymouth"
"Plymouth",409.459991455078,329,"Plymouth"
"Plymouth",422.5,330,"Plymouth"
"Plymouth",521.280029296875,331,"Plymouth"
"Plymouth",428.269989013672,332,"Plymouth"
"Plymouth",344.920013427734,333,"Plymouth"
"Plymouth",269.790008544922,334,"Plymouth"
"Plymouth",267.059997558594,335,"Plymouth"
"Plymouth",479,336,"Plymouth"
"Plymouth",395.459991455078,337,"Plymouth"
"Plymouth",495.529998779297,338,"Plymouth"
"Plymouth",508.350006103516,339,"Plymouth"
"Plymouth",379.239990234375,340,"Plymouth"
"Plymouth",463.489990234375,341,"Plymouth"
"Plymouth",401.989990234375,342,"Plymouth"
"Plymouth",509.799987792969,343,"Plymouth"
"Plymouth",402.170013427734,344,"Plymouth"
"Plymouth",255.589996337891,345,"Plymouth"
"Plymouth",344.649993896484,346,"Plymouth"
"Plymouth",480.260009765625,347,"Plymouth"
"Plymouth",520.369995117188,348,"Plymouth"
"Plymouth",546.320007324219,349,"Plymouth"
"Plymouth",438.929992675781,350,"Plymouth"
"Plymouth",427.790008544922,351,"Plymouth"
"Plymouth",509.369995117188,352,"Plymouth"
"Plymouth",449.420013427734,353,"Plymouth"
"Plymouth",396.869995117188,354,"Plymouth"
"Plymouth",480.609985351562,355,"Plymouth"
"Plymouth",630.450012207031,356,"Plymouth"
"Plymouth",693.609985351562,357,"Plymouth"
"Plymouth",741.450012207031,358,"Plymouth"
"Plymouth",609.080017089844,359,"Plymouth"
"Plymouth",505.769989013672,360,"Plymouth"
"Plymouth",668.909973144531,361,"Plymouth"
"Plymouth",807.739990234375,362,"Plymouth"
"Plymouth",910.289978027344,363,"Plymouth"
"Plymouth",773.590026855469,364,"Plymouth"
"Plymouth",499.179992675781,365,"Plymouth"
"SouthEden",32445.19921875,1,"SouthEden"
"SouthEden",32489.759765625,2,"SouthEden"
"SouthEden",32537.9609375,3,"SouthEden"
"SouthEden",32589.759765625,4,"SouthEden"
"SouthEden",32645.130859375,5,"SouthEden"
"SouthEden",32704.029296875,6,"SouthEden"
"SouthEden",32766.400390625,7,"SouthEden"
"SouthEden",32832.2109375,8,"SouthEden"
"SouthEden",32901.421875,9,"SouthEden"
"SouthEden",32973.96875,10,"SouthEden"
"SouthEden",33049.80078125,11,"SouthEden"
"SouthEden",33128.87890625,12,"SouthEden"
"SouthEden",33211.1484375,13,"SouthEden"
"SouthEden",33296.5390625,14,"SouthEden"
"SouthEden",33385.01953125,15,"SouthEden"
"SouthEden",33476.51171875,16,"SouthEden"
"SouthEden",33570.9609375,17,"SouthEden"
"SouthEden",33668.3203125,18,"SouthEden"
"SouthEden",33768.51171875,19,"SouthEden"
"SouthEden",33871.48828125,20,"SouthEden"
"SouthEden",33977.19140625,21,"SouthEden"
"SouthEden",34085.55078125,22,"SouthEden"
"SouthEden",34196.51171875,23,"SouthEden"
"SouthEden",34310,24,"SouthEden"
"SouthEden",34425.96875,25,"SouthEden"
"SouthEden",34544.3515625,26,"SouthEden"
"SouthEden",34665.078125,27,"SouthEden"
"SouthEden",34788.1015625,28,"SouthEden"
"SouthEden",34913.33984375,29,"SouthEden"
"SouthEden",35040.75,30,"SouthEden"
"SouthEden",35170.26953125,31,"SouthEden"
"SouthEden",35301.8203125,32,"SouthEden"
"SouthEden",35435.359375,33,"SouthEden"
"SouthEden",35570.8203125,34,"SouthEden"
"SouthEden",35708.1484375,35,"SouthEden"
"SouthEden",35847.2890625,36,"SouthEden"
"SouthEden",35988.171875,37,"SouthEden"
"SouthEden",36130.73828125,38,"SouthEden"
"SouthEden",36274.94921875,39,"SouthEden"
"SouthEden",36420.75,40,"SouthEden"
"SouthEden",36568.05859375,41,"SouthEden"
"SouthEden",36716.8515625,42,"SouthEden"
"SouthEden",36867.05859375,43,"SouthEden"
"SouthEden",37018.640625,44,"SouthEden"
"SouthEden",37171.5390625,45,"SouthEden"
"SouthEden",37325.7109375,46,"SouthEden"
"SouthEden",37481.08984375,47,"SouthEden"
"SouthEden",37637.6484375,48,"SouthEden"
"SouthEden",37795.328125,49,"SouthEden"
"SouthEden",37954.08984375,50,"SouthEden"
"SouthEden",38113.87890625,51,"SouthEden"
"SouthEden",38274.66015625,52,"SouthEden"
"SouthEden",38436.390625,53,"SouthEden"
"SouthEden",38599.03125,54,"SouthEden"
"SouthEden",38762.53125,55,"SouthEden"
"SouthEden",38926.8515625,56,"SouthEden"
"SouthEden",39091.94921875,57,"SouthEden"
"SouthEden",39257.80078125,58,"SouthEden"
"SouthEden",39424.359375,59,"SouthEden"
"SouthEden",39591.578125,60,"SouthEden"
"SouthEden",39759.44140625,61,"SouthEden"
"SouthEden",39927.8984375,62,"SouthEden"
"SouthEden",40096.921875,63,"SouthEden"
"SouthEden",40266.48046875,64,"SouthEden"
"SouthEden",40436.53125,65,"SouthEden"
"SouthEden",40607.0390625,66,"SouthEden"
"SouthEden",40777.98828125,67,"SouthEden"
"SouthEden",40949.328125,68,"SouthEden"
"SouthEden",41121.05078125,69,"SouthEden"
"SouthEden",41293.109375,70,"SouthEden"
"SouthEden",41465.46875,71,"SouthEden"
"SouthEden",41638.12109375,72,"SouthEden"
"SouthEden",41811.01171875,73,"SouthEden"
"SouthEden",41984.12890625,74,"SouthEden"
"SouthEden",42157.44140625,75,"SouthEden"
"SouthEden",42330.921875,76,"SouthEden"
"SouthEden",42504.53125,77,"SouthEden"
"SouthEden",42678.26171875,78,"SouthEden"
"SouthEden",42852.05859375,79,"SouthEden"
"SouthEden",43025.921875,80,"SouthEden"
"SouthEden",43199.80859375,81,"SouthEden"
"SouthEden",43373.69921875,82,"SouthEden"
"SouthEden",43547.55859375,83,"SouthEden"
"SouthEden",43721.359375,84,"SouthEden"
"SouthEden",43895.08984375,85,"SouthEden"
"SouthEden",44068.69921875,86,"SouthEden"
"SouthEden",44242.1796875,87,"SouthEden"
"SouthEden",44415.48828125,88,"SouthEden"
"SouthEden",44588.609375,89,"SouthEden"
"SouthEden",44761.51171875,90,"SouthEden"
"SouthEden",44934.1484375,91,"SouthEden"
"SouthEden",45106.51953125,92,"SouthEden"
"SouthEden",45278.5703125,93,"SouthEden"
"SouthEden",45450.2890625,94,"SouthEden"
"SouthEden",45621.640625,95,"SouthEden"
"SouthEden",45792.578125,96,"SouthEden"
"SouthEden",45963.1015625,97,"SouthEden"
"SouthEden",46133.1484375,98,"SouthEden"
"SouthEden",46302.69921875,99,"SouthEden"
"SouthEden",46471.73046875,100,"SouthEden"
"SouthEden",46640.19140625,101,"SouthEden"
"SouthEden",46808.05078125,102,"SouthEden"
"SouthEden",46975.28125,103,"SouthEden"
"SouthEden",47141.83984375,104,"SouthEden"
"SouthEden",47307.69140625,105,"SouthEden"
"SouthEden",47472.7890625,106,"SouthEden"
"SouthEden",47637.109375,107,"SouthEden"
"SouthEden",47800.609375,108,"SouthEden"
"SouthEden",47963.25,109,"SouthEden"
"SouthEden",48124.98046875,110,"SouthEden"
"SouthEden",48285.76953125,111,"SouthEden"
"SouthEden",48445.55859375,112,"SouthEden"
"SouthEden",48604.328125,113,"SouthEden"
"SouthEden",48762.01171875,114,"SouthEden"
"SouthEden",48918.5703125,115,"SouthEden"
"SouthEden",49073.9609375,116,"SouthEden"
"SouthEden",49228.12109375,117,"SouthEden"
"SouthEden",49381.01953125,118,"SouthEden"
"SouthEden",49532.609375,119,"SouthEden"
"SouthEden",49682.8203125,120,"SouthEden"
"SouthEden",49831.609375,121,"SouthEden"
"SouthEden",49978.9296875,122,"SouthEden"
"SouthEden",50124.73046875,123,"SouthEden"
"SouthEden",50268.94140625,124,"SouthEden"
"SouthEden",50411.51953125,125,"SouthEden"
"SouthEden",50552.41015625,126,"SouthEden"
"SouthEden",50691.55078125,127,"SouthEden"
"SouthEden",50828.87890625,128,"SouthEden"
"SouthEden",50964.33984375,129,"SouthEden"
"SouthEden",51097.890625,130,"SouthEden"
"SouthEden",51229.44921875,131,"SouthEden"
"SouthEden",51358.96875,132,"SouthEden"
"SouthEden",51486.37890625,133,"SouthEden"
"SouthEden",51611.62890625,134,"SouthEden"
"SouthEden",51734.6484375,135,"SouthEden"
"SouthEden",51855.390625,136,"SouthEden"
"SouthEden",51973.76953125,137,"SouthEden"
"SouthEden",52089.75,138,"SouthEden"
"SouthEden",52203.25,139,"SouthEden"
"SouthEden",52314.2109375,140,"SouthEden"
"SouthEden",52422.5703125,141,"SouthEden"
"SouthEden",52528.28125,142,"SouthEden"
"SouthEden",52631.26953125,143,"SouthEden"
"SouthEden",52731.46875,144,"SouthEden"
"SouthEden",52828.828125,145,"SouthEden"
"SouthEden",52923.2890625,146,"SouthEden"
"SouthEden",53014.7890625,147,"SouthEden"
"SouthEden",53103.26953125,148,"SouthEden"
"SouthEden",53188.671875,149,"SouthEden"
"SouthEden",53270.94140625,150,"SouthEden"
"SouthEden",53350.03125,151,"SouthEden"
"SouthEden",53425.87109375,152,"SouthEden"
"SouthEden",53498.4296875,153,"SouthEden"
"SouthEden",53567.640625,154,"SouthEden"
"SouthEden",53633.4609375,155,"SouthEden"
"SouthEden",53695.83984375,156,"SouthEden"
"SouthEden",53754.73828125,157,"SouthEden"
"SouthEden",53810.12109375,158,"SouthEden"
"SouthEden",53861.9296875,159,"SouthEden"
"SouthEden",53910.140625,160,"SouthEden"
"SouthEden",53954.7109375,161,"SouthEden"
"SouthEden",53995.6015625,162,"SouthEden"
"SouthEden",54032.7890625,163,"SouthEden"
"SouthEden",54066.23828125,164,"SouthEden"
"SouthEden",54095.94140625,165,"SouthEden"
"SouthEden",54121.859375,166,"SouthEden"
"SouthEden",54143.96875,167,"SouthEden"
"SouthEden",54162.26171875,168,"SouthEden"
"SouthEden",54176.73046875,169,"SouthEden"
"SouthEden",54187.33984375,170,"SouthEden"
"SouthEden",54194.1015625,171,"SouthEden"
"SouthEden",54197.01171875,172,"SouthEden"
"SouthEden",54196.05078125,173,"SouthEden"
"SouthEden",54191.23046875,174,"SouthEden"
"SouthEden",54182.55859375,175,"SouthEden"
"SouthEden",54170.0390625,176,"SouthEden"
"SouthEden",54153.6796875,177,"SouthEden"
"SouthEden",54133.48828125,178,"SouthEden"
"SouthEden",54109.48828125,179,"SouthEden"
"SouthEden",54081.69140625,180,"SouthEden"
"SouthEden",54050.12890625,181,"SouthEden"
"SouthEden",54014.8203125,182,"SouthEden"
"SouthEden",53975.7890625,183,"SouthEden"
"SouthEden",53933.0703125,184,"SouthEden"
"SouthEden",53886.69921875,185,"SouthEden"
"SouthEden",53836.69921875,186,"SouthEden"
"SouthEden",53783.12109375,187,"SouthEden"
"SouthEden",53725.98828125,188,"SouthEden"
"SouthEden",53665.359375,189,"SouthEden"
"SouthEden",53601.26171875,190,"SouthEden"
"SouthEden",53533.76171875,191,"SouthEden"
"SouthEden",53462.87890625,192,"SouthEden"
"SouthEden",53388.69140625,193,"SouthEden"
"SouthEden",53311.23046875,194,"SouthEden"
"SouthEden",53230.55859375,195,"SouthEden"
"SouthEden",53146.73046875,196,"SouthEden"
"SouthEden",53059.7890625,197,"SouthEden"
"SouthEden",52969.80859375,198,"SouthEden"
"SouthEden",52876.83984375,199,"SouthEden"
"SouthEden",52780.9296875,200,"SouthEden"
"SouthEden",52682.16015625,201,"SouthEden"
"SouthEden",52580.5703125,202,"SouthEden"
"SouthEden",52476.23046875,203,"SouthEden"
"SouthEden",52369.19140625,204,"SouthEden"
"SouthEden",52259.53125,205,"SouthEden"
"SouthEden",52147.30859375,206,"SouthEden"
"SouthEden",52032.5703125,207,"SouthEden"
"SouthEden",51915.3984375,208,"SouthEden"
"SouthEden",51795.83984375,209,"SouthEden"
"SouthEden",51673.9609375,210,"SouthEden"
"SouthEden",51549.828125,211,"SouthEden"
"SouthEden",51423.5,212,"SouthEden"
"SouthEden",51295.03125,213,"SouthEden"
"SouthEden",51164.5,214,"SouthEden"
"SouthEden",51031.94140625,215,"SouthEden"
"SouthEden",50897.44140625,216,"SouthEden"
"SouthEden",50761.0390625,217,"SouthEden"
"SouthEden",50622.80859375,218,"SouthEden"
"SouthEden",50482.80078125,219,"SouthEden"
"SouthEden",50341.05859375,220,"SouthEden"
"SouthEden",50197.671875,221,"SouthEden"
"SouthEden",50052.66015625,222,"SouthEden"
"SouthEden",49906.109375,223,"SouthEden"
"SouthEden",49758.05078125,224,"SouthEden"
"SouthEden",49608.5390625,225,"SouthEden"
"SouthEden",49457.6484375,226,"SouthEden"
"SouthEden",49305.3984375,227,"SouthEden"
"SouthEden",49151.87109375,228,"SouthEden"
"SouthEden",48997.08984375,229,"SouthEden"
"SouthEden",48841.12109375,230,"SouthEden"
"SouthEden",48683.98828125,231,"SouthEden"
"SouthEden",48525.76953125,232,"SouthEden"
"SouthEden",48366.48828125,233,"SouthEden"
"SouthEden",48206.19921875,234,"SouthEden"
"SouthEden",48044.94140625,235,"SouthEden"
"SouthEden",47882.75,236,"SouthEden"
"SouthEden",47719.69140625,237,"SouthEden"
"SouthEden",47555.76953125,238,"SouthEden"
"SouthEden",47391.05859375,239,"SouthEden"
"SouthEden",47225.578125,240,"SouthEden"
"SouthEden",47059.37109375,241,"SouthEden"
"SouthEden",46892.48046875,242,"SouthEden"
"SouthEden",46724.9296875,243,"SouthEden"
"SouthEden",46556.76953125,244,"SouthEden"
"SouthEden",46388.01953125,245,"SouthEden"
"SouthEden",46218.73046875,246,"SouthEden"
"SouthEden",46048.9296875,247,"SouthEden"
"SouthEden",45878.640625,248,"SouthEden"
"SouthEden",45707.91015625,249,"SouthEden"
"SouthEden",45536.76171875,250,"SouthEden"
"SouthEden",45365.23046875,251,"SouthEden"
"SouthEden",45193.33984375,252,"SouthEden"
"SouthEden",45021.12109375,253,"SouthEden"
"SouthEden",44848.62109375,254,"SouthEden"
"SouthEden",44675.83984375,255,"SouthEden"
"SouthEden",44502.828125,256,"SouthEden"
"SouthEden",44329.62109375,257,"SouthEden"
"SouthEden",44156.21875,258,"SouthEden"
"SouthEden",43982.671875,259,"SouthEden"
"SouthEden",43809,260,"SouthEden"
"SouthEden",43635.23046875,261,"SouthEden"
"SouthEden",43461.390625,262,"SouthEden"
"SouthEden",43287.51953125,263,"SouthEden"
"SouthEden",43113.62109375,264,"SouthEden"
"SouthEden",42939.75,265,"SouthEden"
"SouthEden",42765.91015625,266,"SouthEden"
"SouthEden",42592.140625,267,"SouthEden"
"SouthEden",42418.46875,268,"SouthEden"
"SouthEden",42244.921875,269,"SouthEden"
"SouthEden",42071.51953125,270,"SouthEden"
"SouthEden",41898.30078125,271,"SouthEden"
"SouthEden",41725.2890625,272,"SouthEden"
"SouthEden",41552.51953125,273,"SouthEden"
"SouthEden",41380.01171875,274,"SouthEden"
"SouthEden",41207.7890625,275,"SouthEden"
"SouthEden",41035.8984375,276,"SouthEden"
"SouthEden",40864.359375,277,"SouthEden"
"SouthEden",40693.2109375,278,"SouthEden"
"SouthEden",40522.46875,279,"SouthEden"
"SouthEden",40352.19140625,280,"SouthEden"
"SouthEden",40182.37890625,281,"SouthEden"
"SouthEden",40013.078125,282,"SouthEden"
"SouthEden",39844.33984375,283,"SouthEden"
"SouthEden",39676.171875,284,"SouthEden"
"SouthEden",39508.62109375,285,"SouthEden"
"SouthEden",39341.71875,286,"SouthEden"
"SouthEden",39175.51171875,287,"SouthEden"
"SouthEden",39010.03125,288,"SouthEden"
"SouthEden",38845.30859375,289,"SouthEden"
"SouthEden",38681.390625,290,"SouthEden"
"SouthEden",38518.30859375,291,"SouthEden"
"SouthEden",38356.12109375,292,"SouthEden"
"SouthEden",38194.859375,293,"SouthEden"
"SouthEden",38034.55859375,294,"SouthEden"
"SouthEden",37875.26953125,295,"SouthEden"
"SouthEden",37717.0390625,296,"SouthEden"
"SouthEden",37559.91015625,297,"SouthEden"
"SouthEden",37403.9296875,298,"SouthEden"
"SouthEden",37249.140625,299,"SouthEden"
"SouthEden",37095.6015625,300,"SouthEden"
"SouthEden",36943.3515625,301,"SouthEden"
"SouthEden",36792.44140625,302,"SouthEden"
"SouthEden",36642.9296875,303,"SouthEden"
"SouthEden",36494.859375,304,"SouthEden"
"SouthEden",36348.2890625,305,"SouthEden"
"SouthEden",36203.28125,306,"SouthEden"
"SouthEden",36059.87109375,307,"SouthEden"
"SouthEden",35918.12890625,308,"SouthEden"
"SouthEden",35778.109375,309,"SouthEden"
"SouthEden",35639.859375,310,"SouthEden"
"SouthEden",35503.44921875,311,"SouthEden"
"SouthEden",35368.9296875,312,"SouthEden"
"SouthEden",35236.37109375,313,"SouthEden"
"SouthEden",35105.8203125,314,"SouthEden"
"SouthEden",34977.33984375,315,"SouthEden"
"SouthEden",34850.98828125,316,"SouthEden"
"SouthEden",34726.8515625,317,"SouthEden"
"SouthEden",34604.94921875,318,"SouthEden"
"SouthEden",34485.37890625,319,"SouthEden"
"SouthEden",34368.19140625,320,"SouthEden"
"SouthEden",34253.44140625,321,"SouthEden"
"SouthEden",34141.19140625,322,"SouthEden"
"SouthEden",34031.51953125,323,"SouthEden"
"SouthEden",33924.46875,324,"SouthEden"
"SouthEden",33820.109375,325,"SouthEden"
"SouthEden",33718.5,326,"SouthEden"
"SouthEden",33619.69921875,327,"SouthEden"
"SouthEden",33523.78125,328,"SouthEden"
"SouthEden",33430.7890625,329,"SouthEden"
"SouthEden",33340.7890625,330,"SouthEden"
"SouthEden",33253.828125,331,"SouthEden"
"SouthEden",33169.98046875,332,"SouthEden"
"SouthEden",33089.2890625,333,"SouthEden"
"SouthEden",33011.80859375,334,"SouthEden"
"SouthEden",32937.6015625,335,"SouthEden"
"SouthEden",32866.69921875,336,"SouthEden"
"SouthEden",32799.171875,337,"SouthEden"
"SouthEden",32735.05078125,338,"SouthEden"
"SouthEden",32674.400390625,339,"SouthEden"
"SouthEden",32617.25,340,"SouthEden"
"SouthEden",32563.640625,341,"SouthEden"
"SouthEden",32513.619140625,342,"SouthEden"
"SouthEden",32467.220703125,343,"SouthEden"
"SouthEden",32424.48046875,344,"SouthEden"
"SouthEden",32385.419921875,345,"SouthEden"
"SouthEden",32350.08984375,346,"SouthEden"
"SouthEden",32318.5,347,"SouthEden"
"SouthEden",32290.6796875,348,"SouthEden"
"SouthEden",32266.66015625,349,"SouthEden"
"SouthEden",32246.439453125,350,"SouthEden"
"SouthEden",32230.060546875,351,"SouthEden"
"SouthEden",32217.509765625,352,"SouthEden"
"SouthEden",32208.810546875,353,"SouthEden"
"SouthEden",32203.970703125,354,"SouthEden"
"SouthEden",32202.990234375,355,"SouthEden"
"SouthEden",32205.859375,356,"SouthEden"
"SouthEden",32212.599609375,357,"SouthEden"
"SouthEden",32223.189453125,358,"SouthEden"
"SouthEden",32237.630859375,359,"SouthEden"
"SouthEden",32255.900390625,360,"SouthEden"
"SouthEden",32277.990234375,361,"SouthEden"
"SouthEden",32303.880859375,362,"SouthEden"
"SouthEden",32333.55078125,363,"SouthEden"
"SouthEden",32366.98046875,364,"SouthEden"
"SouthEden",32404.140625,365,"SouthEden"
"SouthEden",0,1,"SouthEden"
"SouthEden",0,2,"SouthEden"
"SouthEden",0,3,"SouthEden"
"SouthEden",0,4,"SouthEden"
"SouthEden",0,5,"SouthEden"
"SouthEden",1.07000005245209,6,"SouthEden"
"SouthEden",0,7,"SouthEden"
"SouthEden",0,8,"SouthEden"
"SouthEden",6.28000020980835,9,"SouthEden"
"SouthEden",1.9099999666214,10,"SouthEden"
"SouthEden",3.26999998092651,11,"SouthEden"
"SouthEden",13.8100004196167,12,"SouthEden"
"SouthEden",10.4499998092651,13,"SouthEden"
"SouthEden",5.92000007629395,14,"SouthEden"
"SouthEden",0,15,"SouthEden"
"SouthEden",0,16,"SouthEden"
"SouthEden",15.7799997329712,17,"SouthEden"
"SouthEden",1.48000001907349,18,"SouthEden"
"SouthEden",0,19,"SouthEden"
"SouthEden",0,20,"SouthEden"
"SouthEden",0,21,"SouthEden"
"SouthEden",0,22,"SouthEden"
"SouthEden",0,23,"SouthEden"
"SouthEden",0,24,"SouthEden"
"SouthEden",3.6800000667572,25,"SouthEden"
"SouthEden",0,26,"SouthEden"
"SouthEden",0,27,"SouthEden"
"SouthEden",0,28,"SouthEden"
"SouthEden",0,29,"SouthEden"
"SouthEden",0,30,"SouthEden"
"SouthEden",0,31,"SouthEden"
"SouthEden",0,32,"SouthEden"
"SouthEden",3.72000002861023,33,"SouthEden"
"SouthEden",0,34,"SouthEden"
"SouthEden",0,35,"SouthEden"
"SouthEden",4.42999982833862,36,"SouthEden"
"SouthEden",0,37,"SouthEden"
"SouthEden",0.540000021457672,38,"SouthEden"
"SouthEden",0,39,"SouthEden"
"SouthEden",2.20000004768372,40,"SouthEden"
"SouthEden",0,41,"SouthEden"
"SouthEden",0,42,"SouthEden"
"SouthEden",0,43,"SouthEden"
"SouthEden",0,44,"SouthEden"
"SouthEden",0,45,"SouthEden"
"SouthEden",8.02000045776367,46,"SouthEden"
"SouthEden",5.98000001907349,47,"SouthEden"
"SouthEden",0,48,"SouthEden"
"SouthEden",7.17000007629395,49,"SouthEden"
"SouthEden",5.26999998092651,50,"SouthEden"
"SouthEden",0,51,"SouthEden"
"SouthEden",19.3700008392334,52,"SouthEden"
"SouthEden",0,53,"SouthEden"
"SouthEden",0,54,"SouthEden"
"SouthEden",0,55,"SouthEden"
"SouthEden",0,56,"SouthEden"
"SouthEden",11.8400001525879,57,"SouthEden"
"SouthEden",1.60000002384186,58,"SouthEden"
"SouthEden",0,59,"SouthEden"
"SouthEden",0,60,"SouthEden"
"SouthEden",0,61,"SouthEden"
"SouthEden",7.01000022888184,62,"SouthEden"
"SouthEden",0,63,"SouthEden"
"SouthEden",0.519999980926514,64,"SouthEden"
"SouthEden",2.03999996185303,65,"SouthEden"
"SouthEden",11.3400001525879,66,"SouthEden"
"SouthEden",0,67,"SouthEden"
"SouthEden",0,68,"SouthEden"
"SouthEden",0,69,"SouthEden"
"SouthEden",0,70,"SouthEden"
"SouthEden",0,71,"SouthEden"
"SouthEden",4.67000007629395,72,"SouthEden"
"SouthEden",1.58000004291534,73,"SouthEden"
"SouthEden",0,74,"SouthEden"
"SouthEden",0,75,"SouthEden"
"SouthEden",0,76,"SouthEden"
"SouthEden",0,77,"SouthEden"
"SouthEden",0,78,"SouthEden"
"SouthEden",0,79,"SouthEden"
"SouthEden",0,80,"SouthEden"
"SouthEden",0,81,"SouthEden"
"SouthEden",3.05999994277954,82,"SouthEden"
"SouthEden",4.48999977111816,83,"SouthEden"
"SouthEden",1.87999999523163,84,"SouthEden"
"SouthEden",1.01999998092651,85,"SouthEden"
"SouthEden",4.36999988555908,86,"SouthEden"
"SouthEden",0,87,"SouthEden"
"SouthEden",4.84999990463257,88,"SouthEden"
"SouthEden",0,89,"SouthEden"
"SouthEden",7.98999977111816,90,"SouthEden"
"SouthEden",5.17999982833862,91,"SouthEden"
"SouthEden",0,92,"SouthEden"
"SouthEden",0,93,"SouthEden"
"SouthEden",0,94,"SouthEden"
"SouthEden",0,95,"SouthEden"
"SouthEden",0,96,"SouthEden"
"SouthEden",0.129999995231628,97,"SouthEden"
"SouthEden",0,98,"SouthEden"
"SouthEden",0,99,"SouthEden"
"SouthEden",0,100,"SouthEden"
"SouthEden",0,101,"SouthEden"
"SouthEden",0,102,"SouthEden"
"SouthEden",0,103,"SouthEden"
"SouthEden",0,104,"SouthEden"
"SouthEden",0,105,"SouthEden"
"SouthEden",0,106,"SouthEden"
"SouthEden",0,107,"SouthEden"
"SouthEden",0,108,"SouthEden"
"SouthEden",0,109,"SouthEden"
"SouthEden",0,110,"SouthEden"
"SouthEden",0,111,"SouthEden"
"SouthEden",0,112,"SouthEden"
"SouthEden",0,113,"SouthEden"
"SouthEden",0,114,"SouthEden"
"SouthEden",0,115,"SouthEden"
"SouthEden",0.740000009536743,116,"SouthEden"
"SouthEden",9.69999980926514,117,"SouthEden"
"SouthEden",7.05999994277954,118,"SouthEden"
"SouthEden",0,119,"SouthEden"
"SouthEden",0,120,"SouthEden"
"SouthEden",0,121,"SouthEden"
"SouthEden",0,122,"SouthEden"
"SouthEden",2.32999992370605,123,"SouthEden"
"SouthEden",1.07000005245209,124,"SouthEden"
"SouthEden",0.0700000002980232,125,"SouthEden"
"SouthEden",2.66000008583069,126,"SouthEden"
"SouthEden",5.80999994277954,127,"SouthEden"
"SouthEden",0.990000009536743,128,"SouthEden"
"SouthEden",0,129,"SouthEden"
"SouthEden",0,130,"SouthEden"
"SouthEden",0,131,"SouthEden"
"SouthEden",0,132,"SouthEden"
"SouthEden",0,133,"SouthEden"
"SouthEden",0,134,"SouthEden"
"SouthEden",0,135,"SouthEden"
"SouthEden",0,136,"SouthEden"
"SouthEden",0,137,"SouthEden"
"SouthEden",0,138,"SouthEden"
"SouthEden",0,139,"SouthEden"
"SouthEden",0,140,"SouthEden"
"SouthEden",0,141,"SouthEden"
"SouthEden",0,142,"SouthEden"
"SouthEden",0,143,"SouthEden"
"SouthEden",0,144,"SouthEden"
"SouthEden",0,145,"SouthEden"
"SouthEden",7.65000009536743,146,"SouthEden"
"SouthEden",0,147,"SouthEden"
"SouthEden",0,148,"SouthEden"
"SouthEden",0,149,"SouthEden"
"SouthEden",0,150,"SouthEden"
"SouthEden",0,151,"SouthEden"
"SouthEden",0,152,"SouthEden"
"SouthEden",0,153,"SouthEden"
"SouthEden",0,154,"SouthEden"
"SouthEden",3.35999989509583,155,"SouthEden"
"SouthEden",0,156,"SouthEden"
"SouthEden",0,157,"SouthEden"
"SouthEden",0,158,"SouthEden"
"SouthEden",0,159,"SouthEden"
"SouthEden",0,160,"SouthEden"
"SouthEden",0,161,"SouthEden"
"SouthEden",0,162,"SouthEden"
"SouthEden",0,163,"SouthEden"
"SouthEden",0,164,"SouthEden"
"SouthEden",0,165,"SouthEden"
"SouthEden",0,166,"SouthEden"
"SouthEden",0,167,"SouthEden"
"SouthEden",0,168,"SouthEden"
"SouthEden",0,169,"SouthEden"
"SouthEden",0,170,"SouthEden"
"SouthEden",0,171,"SouthEden"
"SouthEden",0,172,"SouthEden"
"SouthEden",0,173,"SouthEden"
"SouthEden",0,174,"SouthEden"
"SouthEden",0,175,"SouthEden"
"SouthEden",0,176,"SouthEden"
"SouthEden",0,177,"SouthEden"
"SouthEden",0,178,"SouthEden"
"SouthEden",0,179,"SouthEden"
"SouthEden",0,180,"SouthEden"
"SouthEden",0,181,"SouthEden"
"SouthEden",0,182,"SouthEden"
"SouthEden",0,183,"SouthEden"
"SouthEden",0,184,"SouthEden"
"SouthEden",0,185,"SouthEden"
"SouthEden",0,186,"SouthEden"
"SouthEden",0,187,"SouthEden"
"SouthEden",0,188,"SouthEden"
"SouthEden",0,189,"SouthEden"
"SouthEden",0,190,"SouthEden"
"SouthEden",0,191,"SouthEden"
"SouthEden",0,192,"SouthEden"
"SouthEden",0,193,"SouthEden"
"SouthEden",0,194,"SouthEden"
"SouthEden",0,195,"SouthEden"
"SouthEden",0,196,"SouthEden"
"SouthEden",0,197,"SouthEden"
"SouthEden",0,198,"SouthEden"
"SouthEden",0,199,"SouthEden"
"SouthEden",0,200,"SouthEden"
"SouthEden",0,201,"SouthEden"
"SouthEden",0,202,"SouthEden"
"SouthEden",0,203,"SouthEden"
"SouthEden",0,204,"SouthEden"
"SouthEden",0,205,"SouthEden"
"SouthEden",0,206,"SouthEden"
"SouthEden",9.96000003814697,207,"SouthEden"
"SouthEden",0,208,"SouthEden"
"SouthEden",13.6999998092651,209,"SouthEden"
"SouthEden",0,210,"SouthEden"
"SouthEden",0,211,"SouthEden"
"SouthEden",0,212,"SouthEden"
"SouthEden",0,213,"SouthEden"
"SouthEden",0,214,"SouthEden"
"SouthEden",0,215,"SouthEden"
"SouthEden",0,216,"SouthEden"
"SouthEden",0,217,"SouthEden"
"SouthEden",0,218,"SouthEden"
"SouthEden",0,219,"SouthEden"
"SouthEden",0,220,"SouthEden"
"SouthEden",0,221,"SouthEden"
"SouthEden",0,222,"SouthEden"
"SouthEden",0,223,"SouthEden"
"SouthEden",0,224,"SouthEden"
"SouthEden",10.7299995422363,225,"SouthEden"
"SouthEden",7.15999984741211,226,"SouthEden"
"SouthEden",0,227,"SouthEden"
"SouthEden",0,228,"SouthEden"
"SouthEden",0,229,"SouthEden"
"SouthEden",4.48999977111816,230,"SouthEden"
"SouthEden",3.10999989509583,231,"SouthEden"
"SouthEden",0,232,"SouthEden"
"SouthEden",0,233,"SouthEden"
"SouthEden",0,234,"SouthEden"
"SouthEden",0,235,"SouthEden"
"SouthEden",0,236,"SouthEden"
"SouthEden",0,237,"SouthEden"
"SouthEden",0,238,"SouthEden"
"SouthEden",0,239,"SouthEden"
"SouthEden",0,240,"SouthEden"
"SouthEden",0,241,"SouthEden"
"SouthEden",0,242,"SouthEden"
"SouthEden",0,243,"SouthEden"
"SouthEden",0,244,"SouthEden"
"SouthEden",0,245,"SouthEden"
"SouthEden",0,246,"SouthEden"
"SouthEden",0,247,"SouthEden"
"SouthEden",0,248,"SouthEden"
"SouthEden",0,249,"SouthEden"
"SouthEden",0,250,"SouthEden"
"SouthEden",0,251,"SouthEden"
"SouthEden",0,252,"SouthEden"
"SouthEden",0,253,"SouthEden"
"SouthEden",0,254,"SouthEden"
"SouthEden",3.14000010490417,255,"SouthEden"
"SouthEden",0,256,"SouthEden"
"SouthEden",0,257,"SouthEden"
"SouthEden",0,258,"SouthEden"
"SouthEden",2.39000010490417,259,"SouthEden"
"SouthEden",0,260,"SouthEden"
"SouthEden",9.22000026702881,261,"SouthEden"
"SouthEden",0,262,"SouthEden"
"SouthEden",0,263,"SouthEden"
"SouthEden",0,264,"SouthEden"
"SouthEden",0,265,"SouthEden"
"SouthEden",0,266,"SouthEden"
"SouthEden",0,267,"SouthEden"
"SouthEden",0,268,"SouthEden"
"SouthEden",0,269,"SouthEden"
"SouthEden",0,270,"SouthEden"
"SouthEden",0,271,"SouthEden"
"SouthEden",0,272,"SouthEden"
"SouthEden",0,273,"SouthEden"
"SouthEden",0,274,"SouthEden"
"SouthEden",0,275,"SouthEden"
"SouthEden",0,276,"SouthEden"
"SouthEden",0,277,"SouthEden"
"SouthEden",0,278,"SouthEden"
"SouthEden",0,279,"SouthEden"
"SouthEden",0,280,"SouthEden"
"SouthEden",0,281,"SouthEden"
"SouthEden",0,282,"SouthEden"
"SouthEden",0,283,"SouthEden"
"SouthEden",0,284,"SouthEden"
"SouthEden",0,285,"SouthEden"
"SouthEden",0,286,"SouthEden"
"SouthEden",0,287,"SouthEden"
"SouthEden",0,288,"SouthEden"
"SouthEden",0,289,"SouthEden"
"SouthEden",0,290,"SouthEden"
"SouthEden",6.15000009536743,291,"SouthEden"
"SouthEden",0,292,"SouthEden"
"SouthEden",0,293,"SouthEden"
"SouthEden",0,294,"SouthEden"
"SouthEden",0,295,"SouthEden"
"SouthEden",0,296,"SouthEden"
"SouthEden",0,297,"SouthEden"
"SouthEden",0,298,"SouthEden"
"SouthEden",0,299,"SouthEden"
"SouthEden",0,300,"SouthEden"
"SouthEden",0,301,"SouthEden"
"SouthEden",4.57000017166138,302,"SouthEden"
"SouthEden",5.3899998664856,303,"SouthEden"
"SouthEden",0,304,"SouthEden"
"SouthEden",5.48999977111816,305,"SouthEden"
"SouthEden",0,306,"SouthEden"
"SouthEden",1.42999994754791,307,"SouthEden"
"SouthEden",0,308,"SouthEden"
"SouthEden",0,309,"SouthEden"
"SouthEden",1.00999999046326,310,"SouthEden"
"SouthEden",0,311,"SouthEden"
"SouthEden",0,312,"SouthEden"
"SouthEden",0,313,"SouthEden"
"SouthEden",0,314,"SouthEden"
"SouthEden",0,315,"SouthEden"
"SouthEden",0,316,"SouthEden"
"SouthEden",0.409999996423721,317,"SouthEden"
"SouthEden",0,318,"SouthEden"
"SouthEden",0,319,"SouthEden"
"SouthEden",0,320,"SouthEden"
"SouthEden",0,321,"SouthEden"
"SouthEden",0,322,"SouthEden"
"SouthEden",3.52999997138977,323,"SouthEden"
"SouthEden",0,324,"SouthEden"
"SouthEden",0,325,"SouthEden"
"SouthEden",0,326,"SouthEden"
"SouthEden",0,327,"SouthEden"
"SouthEden",2.30999994277954,328,"SouthEden"
"SouthEden",0.77999997138977,329,"SouthEden"
"SouthEden",0,330,"SouthEden"
"SouthEden",9.40999984741211,331,"SouthEden"
"SouthEden",0,332,"SouthEden"
"SouthEden",0,333,"SouthEden"
"SouthEden",0,334,"SouthEden"
"SouthEden",0,335,"SouthEden"
"SouthEden",0,336,"SouthEden"
"SouthEden",0,337,"SouthEden"
"SouthEden",0,338,"SouthEden"
"SouthEden",0,339,"SouthEden"
"SouthEden",0,340,"SouthEden"
"SouthEden",0,341,"SouthEden"
"SouthEden",0,342,"SouthEden"
"SouthEden",0,343,"SouthEden"
"SouthEden",0,344,"SouthEden"
"SouthEden",0,345,"SouthEden"
"SouthEden",0,346,"SouthEden"
"SouthEden",0,347,"SouthEden"
"SouthEden",0,348,"SouthEden"
"SouthEden",3.75,349,"SouthEden"
"SouthEden",3.76999998092651,350,"SouthEden"
"SouthEden",4.44999980926514,351,"SouthEden"
"SouthEden",3.23000001907349,352,"SouthEden"
"SouthEden",0,353,"SouthEden"
"SouthEden",0,354,"SouthEden"
"SouthEden",0,355,"SouthEden"
"SouthEden",0,356,"SouthEden"
"SouthEden",0,357,"SouthEden"
"SouthEden",2.83999991416931,358,"SouthEden"
"SouthEden",0,359,"SouthEden"
"SouthEden",0,360,"SouthEden"
"SouthEden",1.98000001907349,361,"SouthEden"
"SouthEden",1.23000001907349,362,"SouthEden"
"SouthEden",10.4899997711182,363,"SouthEden"
"SouthEden",5.51000022888184,364,"SouthEden"
"SouthEden",0,365,"SouthEden"
"SouthEden",255.320007324219,1,"SouthEden"
"SouthEden",251.550003051758,2,"SouthEden"
"SouthEden",219.75,3,"SouthEden"
"SouthEden",196.559997558594,4,"SouthEden"
"SouthEden",201.770004272461,5,"SouthEden"
"SouthEden",186.070007324219,6,"SouthEden"
"SouthEden",210.990005493164,7,"SouthEden"
"SouthEden",243.839996337891,8,"SouthEden"
"SouthEden",185.089996337891,9,"SouthEden"
"SouthEden",205.080001831055,10,"SouthEden"
"SouthEden",171.639999389648,11,"SouthEden"
"SouthEden",141.75,12,"SouthEden"
"SouthEden",190.679992675781,13,"SouthEden"
"SouthEden",188.179992675781,14,"SouthEden"
"SouthEden",263.549987792969,15,"SouthEden"
"SouthEden",305.959991455078,16,"SouthEden"
"SouthEden",241.360000610352,17,"SouthEden"
"SouthEden",289.959991455078,18,"SouthEden"
"SouthEden",263.450012207031,19,"SouthEden"
"SouthEden",245.419998168945,20,"SouthEden"
"SouthEden",241.169998168945,21,"SouthEden"
"SouthEden",212.029998779297,22,"SouthEden"
"SouthEden",218.779998779297,23,"SouthEden"
"SouthEden",231.009994506836,24,"SouthEden"
"SouthEden",154.330001831055,25,"SouthEden"
"SouthEden",266.299987792969,26,"SouthEden"
"SouthEden",272.040008544922,27,"SouthEden"
"SouthEden",293.279998779297,28,"SouthEden"
"SouthEden",276.649993896484,29,"SouthEden"
"SouthEden",296.329986572266,30,"SouthEden"
"SouthEden",338.299987792969,31,"SouthEden"
"SouthEden",329.660003662109,32,"SouthEden"
"SouthEden",177.740005493164,33,"SouthEden"
"SouthEden",227.910003662109,34,"SouthEden"
"SouthEden",250.460006713867,35,"SouthEden"
"SouthEden",180.050003051758,36,"SouthEden"
"SouthEden",271.970001220703,37,"SouthEden"
"SouthEden",219.940002441406,38,"SouthEden"
"SouthEden",299.450012207031,39,"SouthEden"
"SouthEden",236.330001831055,40,"SouthEden"
"SouthEden",387.700012207031,41,"SouthEden"
"SouthEden",380.440002441406,42,"SouthEden"
"SouthEden",390.480010986328,43,"SouthEden"
"SouthEden",389.339996337891,44,"SouthEden"
"SouthEden",361.260009765625,45,"SouthEden"
"SouthEden",195.880004882812,46,"SouthEden"
"SouthEden",212.880004882812,47,"SouthEden"
"SouthEden",397.399993896484,48,"SouthEden"
"SouthEden",313.850006103516,49,"SouthEden"
"SouthEden",315.690002441406,50,"SouthEden"
"SouthEden",417.649993896484,51,"SouthEden"
"SouthEden",233.899993896484,52,"SouthEden"
"SouthEden",363.880004882812,53,"SouthEden"
"SouthEden",410.609985351562,54,"SouthEden"
"SouthEden",390.959991455078,55,"SouthEden"
"SouthEden",434.679992675781,56,"SouthEden"
"SouthEden",350.850006103516,57,"SouthEden"
"SouthEden",328.040008544922,58,"SouthEden"
"SouthEden",421.899993896484,59,"SouthEden"
"SouthEden",472.200012207031,60,"SouthEden"
"SouthEden",438.290008544922,61,"SouthEden"
"SouthEden",331.880004882812,62,"SouthEden"
"SouthEden",349.839996337891,63,"SouthEden"
"SouthEden",423.859985351562,64,"SouthEden"
"SouthEden",378.369995117188,65,"SouthEden"
"SouthEden",355.540008544922,66,"SouthEden"
"SouthEden",316.089996337891,67,"SouthEden"
"SouthEden",470.570007324219,68,"SouthEden"
"SouthEden",521.179992675781,69,"SouthEden"
"SouthEden",517.239990234375,70,"SouthEden"
"SouthEden",490.670013427734,71,"SouthEden"
"SouthEden",308.519989013672,72,"SouthEden"
"SouthEden",348.700012207031,73,"SouthEden"
"SouthEden",371,74,"SouthEden"
"SouthEden",411.619995117188,75,"SouthEden"
"SouthEden",487.549987792969,76,"SouthEden"
"SouthEden",481.619995117188,77,"SouthEden"
"SouthEden",510.619995117188,78,"SouthEden"
"SouthEden",514.450012207031,79,"SouthEden"
"SouthEden",532.710021972656,80,"SouthEden"
"SouthEden",507.299987792969,81,"SouthEden"
"SouthEden",369.690002441406,82,"SouthEden"
"SouthEden",354.390014648438,83,"SouthEden"
"SouthEden",331.070007324219,84,"SouthEden"
"SouthEden",408.25,85,"SouthEden"
"SouthEden",278.130004882812,86,"SouthEden"
"SouthEden",471.589996337891,87,"SouthEden"
"SouthEden",333.769989013672,88,"SouthEden"
"SouthEden",469.589996337891,89,"SouthEden"
"SouthEden",329.329986572266,90,"SouthEden"
"SouthEden",264.630004882812,91,"SouthEden"
"SouthEden",388.970001220703,92,"SouthEden"
"SouthEden",573.72998046875,93,"SouthEden"
"SouthEden",608.169982910156,94,"SouthEden"
"SouthEden",583.760009765625,95,"SouthEden"
"SouthEden",579.369995117188,96,"SouthEden"
"SouthEden",397.440002441406,97,"SouthEden"
"SouthEden",420.320007324219,98,"SouthEden"
"SouthEden",525.179992675781,99,"SouthEden"
"SouthEden",601.190002441406,100,"SouthEden"
"SouthEden",602.460021972656,101,"SouthEden"
"SouthEden",628.260009765625,102,"SouthEden"
"SouthEden",640.669982910156,103,"SouthEden"
"SouthEden",602.900024414062,104,"SouthEden"
"SouthEden",601.210021972656,105,"SouthEden"
"SouthEden",519.909973144531,106,"SouthEden"
"SouthEden",416.079986572266,107,"SouthEden"
"SouthEden",440.720001220703,108,"SouthEden"
"SouthEden",621.039978027344,109,"SouthEden"
"SouthEden",629.219970703125,110,"SouthEden"
"SouthEden",604.309997558594,111,"SouthEden"
"SouthEden",648.140014648438,112,"SouthEden"
"SouthEden",616.260009765625,113,"SouthEden"
"SouthEden",609.02001953125,114,"SouthEden"
"SouthEden",614.570007324219,115,"SouthEden"
"SouthEden",561.340026855469,116,"SouthEden"
"SouthEden",264.029998779297,117,"SouthEden"
"SouthEden",241.470001220703,118,"SouthEden"
"SouthEden",423.369995117188,119,"SouthEden"
"SouthEden",524.510009765625,120,"SouthEden"
"SouthEden",533.75,121,"SouthEden"
"SouthEden",413.579986572266,122,"SouthEden"
"SouthEden",432.809997558594,123,"SouthEden"
"SouthEden",436.320007324219,124,"SouthEden"
"SouthEden",676.280029296875,125,"SouthEden"
"SouthEden",407.049987792969,126,"SouthEden"
"SouthEden",275.989990234375,127,"SouthEden"
"SouthEden",288.079986572266,128,"SouthEden"
"SouthEden",354.410003662109,129,"SouthEden"
"SouthEden",475.619995117188,130,"SouthEden"
"SouthEden",560.950012207031,131,"SouthEden"
"SouthEden",619.919982910156,132,"SouthEden"
"SouthEden",642.530029296875,133,"SouthEden"
"SouthEden",636.47998046875,134,"SouthEden"
"SouthEden",600.049987792969,135,"SouthEden"
"SouthEden",569.619995117188,136,"SouthEden"
"SouthEden",620.450012207031,137,"SouthEden"
"SouthEden",554.320007324219,138,"SouthEden"
"SouthEden",615.669982910156,139,"SouthEden"
"SouthEden",499.980010986328,140,"SouthEden"
"SouthEden",493.679992675781,141,"SouthEden"
"SouthEden",586.690002441406,142,"SouthEden"
"SouthEden",607.840026855469,143,"SouthEden"
"SouthEden",502.019989013672,144,"SouthEden"
"SouthEden",662.409973144531,145,"SouthEden"
"SouthEden",355.350006103516,146,"SouthEden"
"SouthEden",546.090026855469,147,"SouthEden"
"SouthEden",635.280029296875,148,"SouthEden"
"SouthEden",649.450012207031,149,"SouthEden"
"SouthEden",611.47998046875,150,"SouthEden"
"SouthEden",571.710021972656,151,"SouthEden"
"SouthEden",623.549987792969,152,"SouthEden"
"SouthEden",626.070007324219,153,"SouthEden"
"SouthEden",493.619995117188,154,"SouthEden"
"SouthEden",266.630004882812,155,"SouthEden"
"SouthEden",375.209991455078,156,"SouthEden"
"SouthEden",543.900024414062,157,"SouthEden"
"SouthEden",565.840026855469,158,"SouthEden"
"SouthEden",493.279998779297,159,"SouthEden"
"SouthEden",468.589996337891,160,"SouthEden"
"SouthEden",484.829986572266,161,"SouthEden"
"SouthEden",474.600006103516,162,"SouthEden"
"SouthEden",553.330017089844,163,"SouthEden"
"SouthEden",565.530029296875,164,"SouthEden"
"SouthEden",552.380004882812,165,"SouthEden"
"SouthEden",531.359985351562,166,"SouthEden"
"SouthEden",467.390014648438,167,"SouthEden"
"SouthEden",486.209991455078,168,"SouthEden"
"SouthEden",494.880004882812,169,"SouthEden"
"SouthEden",530.799987792969,170,"SouthEden"
"SouthEden",568.820007324219,171,"SouthEden"
"SouthEden",538.97998046875,172,"SouthEden"
"SouthEden",484.140014648438,173,"SouthEden"
"SouthEden",566.380004882812,174,"SouthEden"
"SouthEden",553.97998046875,175,"SouthEden"
"SouthEden",518.47998046875,176,"SouthEden"
"SouthEden",527.950012207031,177,"SouthEden"
"SouthEden",488.640014648438,178,"SouthEden"
"SouthEden",440.670013427734,179,"SouthEden"
"SouthEden",488.049987792969,180,"SouthEden"
"SouthEden",566.239990234375,181,"SouthEden"
"SouthEden",537.159973144531,182,"SouthEden"
"SouthEden",432.739990234375,183,"SouthEden"
"SouthEden",494.230010986328,184,"SouthEden"
"SouthEden",506.239990234375,185,"SouthEden"
"SouthEden",520.080017089844,186,"SouthEden"
"SouthEden",537.440002441406,187,"SouthEden"
"SouthEden",523.469970703125,188,"SouthEden"
"SouthEden",504.989990234375,189,"SouthEden"
"SouthEden",520.280029296875,190,"SouthEden"
"SouthEden",527.469970703125,191,"SouthEden"
"SouthEden",535.640014648438,192,"SouthEden"
"SouthEden",546.469970703125,193,"SouthEden"
"SouthEden",527.25,194,"SouthEden"
"SouthEden",493,195,"SouthEden"
"SouthEden",472.239990234375,196,"SouthEden"
"SouthEden",433.059997558594,197,"SouthEden"
"SouthEden",469.440002441406,198,"SouthEden"
"SouthEden",511.130004882812,199,"SouthEden"
"SouthEden",493.910003662109,200,"SouthEden"
"SouthEden",483.130004882812,201,"SouthEden"
"SouthEden",500.029998779297,202,"SouthEden"
"SouthEden",479.649993896484,203,"SouthEden"
"SouthEden",476.959991455078,204,"SouthEden"
"SouthEden",504.029998779297,205,"SouthEden"
"SouthEden",513.099975585938,206,"SouthEden"
"SouthEden",324.239990234375,207,"SouthEden"
"SouthEden",432.049987792969,208,"SouthEden"
"SouthEden",290.390014648438,209,"SouthEden"
"SouthEden",487.480010986328,210,"SouthEden"
"SouthEden",493.220001220703,211,"SouthEden"
"SouthEden",487.209991455078,212,"SouthEden"
"SouthEden",483.269989013672,213,"SouthEden"
"SouthEden",494.309997558594,214,"SouthEden"
"SouthEden",494.279998779297,215,"SouthEden"
"SouthEden",492.570007324219,216,"SouthEden"
"SouthEden",451.329986572266,217,"SouthEden"
"SouthEden",466.399993896484,218,"SouthEden"
"SouthEden",476.709991455078,219,"SouthEden"
"SouthEden",470.440002441406,220,"SouthEden"
"SouthEden",501.540008544922,221,"SouthEden"
"SouthEden",469.209991455078,222,"SouthEden"
"SouthEden",493.660003662109,223,"SouthEden"
"SouthEden",478.209991455078,224,"SouthEden"
"SouthEden",295.940002441406,225,"SouthEden"
"SouthEden",268.559997558594,226,"SouthEden"
"SouthEden",432.649993896484,227,"SouthEden"
"SouthEden",465.630004882812,228,"SouthEden"
"SouthEden",478.320007324219,229,"SouthEden"
"SouthEden",346.290008544922,230,"SouthEden"
"SouthEden",326.829986572266,231,"SouthEden"
"SouthEden",451.170013427734,232,"SouthEden"
"SouthEden",453.429992675781,233,"SouthEden"
"SouthEden",452.799987792969,234,"SouthEden"
"SouthEden",480.640014648438,235,"SouthEden"
"SouthEden",425.989990234375,236,"SouthEden"
"SouthEden",444.760009765625,237,"SouthEden"
"SouthEden",405.679992675781,238,"SouthEden"
"SouthEden",404.779998779297,239,"SouthEden"
"SouthEden",477.880004882812,240,"SouthEden"
"SouthEden",458.299987792969,241,"SouthEden"
"SouthEden",493.170013427734,242,"SouthEden"
"SouthEden",481.390014648438,243,"SouthEden"
"SouthEden",487.839996337891,244,"SouthEden"
"SouthEden",482.730010986328,245,"SouthEden"
"SouthEden",482.429992675781,246,"SouthEden"
"SouthEden",426.920013427734,247,"SouthEden"
"SouthEden",418.869995117188,248,"SouthEden"
"SouthEden",437.570007324219,249,"SouthEden"
"SouthEden",452.549987792969,250,"SouthEden"
"SouthEden",452.040008544922,251,"SouthEden"
"SouthEden",447.730010986328,252,"SouthEden"
"SouthEden",423.010009765625,253,"SouthEden"
"SouthEden",421.179992675781,254,"SouthEden"
"SouthEden",286.579986572266,255,"SouthEden"
"SouthEden",317.25,256,"SouthEden"
"SouthEden",401.739990234375,257,"SouthEden"
"SouthEden",450.029998779297,258,"SouthEden"
"SouthEden",328.269989013672,259,"SouthEden"
"SouthEden",407.5,260,"SouthEden"
"SouthEden",179.110000610352,261,"SouthEden"
"SouthEden",257.290008544922,262,"SouthEden"
"SouthEden",398.369995117188,263,"SouthEden"
"SouthEden",409.790008544922,264,"SouthEden"
"SouthEden",389.149993896484,265,"SouthEden"
"SouthEden",395.899993896484,266,"SouthEden"
"SouthEden",384.369995117188,267,"SouthEden"
"SouthEden",390.679992675781,268,"SouthEden"
"SouthEden",408.890014648438,269,"SouthEden"
"SouthEden",388.700012207031,270,"SouthEden"
"SouthEden",392.059997558594,271,"SouthEden"
"SouthEden",395.859985351562,272,"SouthEden"
"SouthEden",393.109985351562,273,"SouthEden"
"SouthEden",347.890014648438,274,"SouthEden"
"SouthEden",382.670013427734,275,"SouthEden"
"SouthEden",386.929992675781,276,"SouthEden"
"SouthEden",372.339996337891,277,"SouthEden"
"SouthEden",391.109985351562,278,"SouthEden"
"SouthEden",318.149993896484,279,"SouthEden"
"SouthEden",365.989990234375,280,"SouthEden"
"SouthEden",357.619995117188,281,"SouthEden"
"SouthEden",362.320007324219,282,"SouthEden"
"SouthEden",353.600006103516,283,"SouthEden"
"SouthEden",335.359985351562,284,"SouthEden"
"SouthEden",322.059997558594,285,"SouthEden"
"SouthEden",329.690002441406,286,"SouthEden"
"SouthEden",324.799987792969,287,"SouthEden"
"SouthEden",331.410003662109,288,"SouthEden"
"SouthEden",320.170013427734,289,"SouthEden"
"SouthEden",316.350006103516,290,"SouthEden"
"SouthEden",154.789993286133,291,"SouthEden"
"SouthEden",129.320007324219,292,"SouthEden"
"SouthEden",246.550003051758,293,"SouthEden"
"SouthEden",300.489990234375,294,"SouthEden"
"SouthEden",269.779998779297,295,"SouthEden"
"SouthEden",270.010009765625,296,"SouthEden"
"SouthEden",297.700012207031,297,"SouthEden"
"SouthEden",236.320007324219,298,"SouthEden"
"SouthEden",280.920013427734,299,"SouthEden"
"SouthEden",293.059997558594,300,"SouthEden"
"SouthEden",291.420013427734,301,"SouthEden"
"SouthEden",199.710006713867,302,"SouthEden"
"SouthEden",105.129997253418,303,"SouthEden"
"SouthEden",166.330001831055,304,"SouthEden"
"SouthEden",152.949996948242,305,"SouthEden"
"SouthEden",266.470001220703,306,"SouthEden"
"SouthEden",255.75,307,"SouthEden"
"SouthEden",175.720001220703,308,"SouthEden"
"SouthEden",236.839996337891,309,"SouthEden"
"SouthEden",153.479995727539,310,"SouthEden"
"SouthEden",226.429992675781,311,"SouthEden"
"SouthEden",290.519989013672,312,"SouthEden"
"SouthEden",297.410003662109,313,"SouthEden"
"SouthEden",275.920013427734,314,"SouthEden"
"SouthEden",288.75,315,"SouthEden"
"SouthEden",302.839996337891,316,"SouthEden"
"SouthEden",218.119995117188,317,"SouthEden"
"SouthEden",261.459991455078,318,"SouthEden"
"SouthEden",255.940002441406,319,"SouthEden"
"SouthEden",254.899993896484,320,"SouthEden"
"SouthEden",178.880004882812,321,"SouthEden"
"SouthEden",228.100006103516,322,"SouthEden"
"SouthEden",134.990005493164,323,"SouthEden"
"SouthEden",186.320007324219,324,"SouthEden"
"SouthEden",279.109985351562,325,"SouthEden"
"SouthEden",269.720001220703,326,"SouthEden"
"SouthEden",259.079986572266,327,"SouthEden"
"SouthEden",185.190002441406,328,"SouthEden"
"SouthEden",212.679992675781,329,"SouthEden"
"SouthEden",240.029998779297,330,"SouthEden"
"SouthEden",166.089996337891,331,"SouthEden"
"SouthEden",201.529998779297,332,"SouthEden"
"SouthEden",242.089996337891,333,"SouthEden"
"SouthEden",252.229995727539,334,"SouthEden"
"SouthEden",260.429992675781,335,"SouthEden"
"SouthEden",247.979995727539,336,"SouthEden"
"SouthEden",250.839996337891,337,"SouthEden"
"SouthEden",234.990005493164,338,"SouthEden"
"SouthEden",220.919998168945,339,"SouthEden"
"SouthEden",193.449996948242,340,"SouthEden"
"SouthEden",196.289993286133,341,"SouthEden"
"SouthEden",202.679992675781,342,"SouthEden"
"SouthEden",223.660003662109,343,"SouthEden"
"SouthEden",185.050003051758,344,"SouthEden"
"SouthEden",198.119995117188,345,"SouthEden"
"SouthEden",227.139999389648,346,"SouthEden"
"SouthEden",233.080001831055,347,"SouthEden"
"SouthEden",214.529998779297,348,"SouthEden"
"SouthEden",155.509994506836,349,"SouthEden"
"SouthEden",114.830001831055,350,"SouthEden"
"SouthEden",172.190002441406,351,"SouthEden"
"SouthEden",119.690002441406,352,"SouthEden"
"SouthEden",241.089996337891,353,"SouthEden"
"SouthEden",234.470001220703,354,"SouthEden"
"SouthEden",225.639999389648,355,"SouthEden"
"SouthEden",225.639999389648,356,"SouthEden"
"SouthEden",208.759994506836,357,"SouthEden"
"SouthEden",126.400001525879,358,"SouthEden"
"SouthEden",148.990005493164,359,"SouthEden"
"SouthEden",106.730003356934,360,"SouthEden"
"SouthEden",173.929992675781,361,"SouthEden"
"SouthEden",180.369995117188,362,"SouthEden"
"SouthEden",118.610000610352,363,"SouthEden"
"SouthEden",132.070007324219,364,"SouthEden"
"SouthEden",154.600006103516,365,"SouthEden"
"SouthEden",29.1299991607666,1,"SouthEden"
"SouthEden",29.1299991607666,2,"SouthEden"
"SouthEden",29.1299991607666,3,"SouthEden"
"SouthEden",29.1299991607666,4,"SouthEden"
"SouthEden",29.1299991607666,5,"SouthEden"
"SouthEden",30.2000007629395,6,"SouthEden"
"SouthEden",30.2000007629395,7,"SouthEden"
"SouthEden",30.2000007629395,8,"SouthEden"
"SouthEden",36.4900016784668,9,"SouthEden"
"SouthEden",38.3899993896484,10,"SouthEden"
"SouthEden",41.6599998474121,11,"SouthEden"
"SouthEden",55.4700012207031,12,"SouthEden"
"SouthEden",65.9199981689453,13,"SouthEden"
"SouthEden",71.8399963378906,14,"SouthEden"
"SouthEden",71.8399963378906,15,"SouthEden"
"SouthEden",71.8399963378906,16,"SouthEden"
"SouthEden",87.6100006103516,17,"SouthEden"
"SouthEden",89.0899963378906,18,"SouthEden"
"SouthEden",89.0899963378906,19,"SouthEden"
"SouthEden",89.0899963378906,20,"SouthEden"
"SouthEden",89.0899963378906,21,"SouthEden"
"SouthEden",88.6800003051758,22,"SouthEden"
"SouthEden",88.1999969482422,23,"SouthEden"
"SouthEden",87.8300018310547,24,"SouthEden"
"SouthEden",87.5999984741211,25,"SouthEden"
"SouthEden",87.5999984741211,26,"SouthEden"
"SouthEden",87.5999984741211,27,"SouthEden"
"SouthEden",87.2900009155273,28,"SouthEden"
"SouthEden",86.3399963378906,29,"SouthEden"
"SouthEden",86.3399963378906,30,"SouthEden"
"SouthEden",86.3399963378906,31,"SouthEden"
"SouthEden",86.3399963378906,32,"SouthEden"
"SouthEden",85.7200012207031,33,"SouthEden"
"SouthEden",85.620002746582,34,"SouthEden"
"SouthEden",85.620002746582,35,"SouthEden"
"SouthEden",85.5899963378906,36,"SouthEden"
"SouthEden",84.8899993896484,37,"SouthEden"
"SouthEden",83.8399963378906,38,"SouthEden"
"SouthEden",83.8399963378906,39,"SouthEden"
"SouthEden",86.0400009155273,40,"SouthEden"
"SouthEden",86.0400009155273,41,"SouthEden"
"SouthEden",86.0400009155273,42,"SouthEden"
"SouthEden",86.0400009155273,43,"SouthEden"
"SouthEden",86.0400009155273,44,"SouthEden"
"SouthEden",86.0400009155273,45,"SouthEden"
"SouthEden",85.6800003051758,46,"SouthEden"
"SouthEden",91.6500015258789,47,"SouthEden"
"SouthEden",91.6500015258789,48,"SouthEden"
"SouthEden",98.8199996948242,49,"SouthEden"
"SouthEden",104.089996337891,50,"SouthEden"
"SouthEden",104.089996337891,51,"SouthEden"
"SouthEden",103.889999389648,52,"SouthEden"
"SouthEden",103.889999389648,53,"SouthEden"
"SouthEden",103.889999389648,54,"SouthEden"
"SouthEden",103.889999389648,55,"SouthEden"
"SouthEden",103.889999389648,56,"SouthEden"
"SouthEden",115.720001220703,57,"SouthEden"
"SouthEden",117.330001831055,58,"SouthEden"
"SouthEden",117.330001831055,59,"SouthEden"
"SouthEden",117.330001831055,60,"SouthEden"
"SouthEden",117.330001831055,61,"SouthEden"
"SouthEden",124.339996337891,62,"SouthEden"
"SouthEden",124.339996337891,63,"SouthEden"
"SouthEden",124.849998474121,64,"SouthEden"
"SouthEden",126.900001525879,65,"SouthEden"
"SouthEden",138.229995727539,66,"SouthEden"
"SouthEden",138.229995727539,67,"SouthEden"
"SouthEden",138.229995727539,68,"SouthEden"
"SouthEden",138.229995727539,69,"SouthEden"
"SouthEden",138.229995727539,70,"SouthEden"
"SouthEden",138.229995727539,71,"SouthEden"
"SouthEden",142.899993896484,72,"SouthEden"
"SouthEden",144.479995727539,73,"SouthEden"
"SouthEden",144.190002441406,74,"SouthEden"
"SouthEden",144.190002441406,75,"SouthEden"
"SouthEden",144.190002441406,76,"SouthEden"
"SouthEden",144.190002441406,77,"SouthEden"
"SouthEden",144.190002441406,78,"SouthEden"
"SouthEden",144.190002441406,79,"SouthEden"
"SouthEden",144.190002441406,80,"SouthEden"
"SouthEden",143.809997558594,81,"SouthEden"
"SouthEden",142.740005493164,82,"SouthEden"
"SouthEden",141.550003051758,83,"SouthEden"
"SouthEden",140.360000610352,84,"SouthEden"
"SouthEden",141.380004882812,85,"SouthEden"
"SouthEden",145.75,86,"SouthEden"
"SouthEden",145.75,87,"SouthEden"
"SouthEden",145.5,88,"SouthEden"
"SouthEden",144.789993286133,89,"SouthEden"
"SouthEden",143.960006713867,90,"SouthEden"
"SouthEden",142.429992675781,91,"SouthEden"
"SouthEden",141.320007324219,92,"SouthEden"
"SouthEden",141.320007324219,93,"SouthEden"
"SouthEden",140.710006713867,94,"SouthEden"
"SouthEden",138.910003662109,95,"SouthEden"
"SouthEden",137.5,96,"SouthEden"
"SouthEden",137.050003051758,97,"SouthEden"
"SouthEden",136.639999389648,98,"SouthEden"
"SouthEden",136.520004272461,99,"SouthEden"
"SouthEden",136.520004272461,100,"SouthEden"
"SouthEden",135.5,101,"SouthEden"
"SouthEden",134.130004882812,102,"SouthEden"
"SouthEden",131.860000610352,103,"SouthEden"
"SouthEden",128.25,104,"SouthEden"
"SouthEden",125.410003662109,105,"SouthEden"
"SouthEden",122.449996948242,106,"SouthEden"
"SouthEden",118.949996948242,107,"SouthEden"
"SouthEden",116.48999786377,108,"SouthEden"
"SouthEden",116.48999786377,109,"SouthEden"
"SouthEden",116.410003662109,110,"SouthEden"
"SouthEden",115.01000213623,111,"SouthEden"
"SouthEden",113.330001831055,112,"SouthEden"
"SouthEden",110.769996643066,113,"SouthEden"
"SouthEden",108.180000305176,114,"SouthEden"
"SouthEden",104.669998168945,115,"SouthEden"
"SouthEden",101.129997253418,116,"SouthEden"
"SouthEden",97.5899963378906,117,"SouthEden"
"SouthEden",94.2300033569336,118,"SouthEden"
"SouthEden",91.2699966430664,119,"SouthEden"
"SouthEden",88.6800003051758,120,"SouthEden"
"SouthEden",87.2099990844727,121,"SouthEden"
"SouthEden",85.6100006103516,122,"SouthEden"
"SouthEden",85.5400009155273,123,"SouthEden"
"SouthEden",83.9700012207031,124,"SouthEden"
"SouthEden",83.6999969482422,125,"SouthEden"
"SouthEden",81.0100021362305,126,"SouthEden"
"SouthEden",79.129997253418,127,"SouthEden"
"SouthEden",77.1100006103516,128,"SouthEden"
"SouthEden",75.7200012207031,129,"SouthEden"
"SouthEden",73.8099975585938,130,"SouthEden"
"SouthEden",71.4800033569336,131,"SouthEden"
"SouthEden",69.0800018310547,132,"SouthEden"
"SouthEden",65.75,133,"SouthEden"
"SouthEden",62.0499992370605,134,"SouthEden"
"SouthEden",58.5,135,"SouthEden"
"SouthEden",55.1199989318848,136,"SouthEden"
"SouthEden",51.5400009155273,137,"SouthEden"
"SouthEden",46.8899993896484,138,"SouthEden"
"SouthEden",43.6100006103516,139,"SouthEden"
"SouthEden",39.2400016784668,140,"SouthEden"
"SouthEden",36.1699981689453,141,"SouthEden"
"SouthEden",34.8699989318848,142,"SouthEden"
"SouthEden",32.6800003051758,143,"SouthEden"
"SouthEden",30.8299999237061,144,"SouthEden"
"SouthEden",29.7299995422363,145,"SouthEden"
"SouthEden",26.6900005340576,146,"SouthEden"
"SouthEden",23.1800003051758,147,"SouthEden"
"SouthEden",20.0100002288818,148,"SouthEden"
"SouthEden",16.4099998474121,149,"SouthEden"
"SouthEden",12.1999998092651,150,"SouthEden"
"SouthEden",9.34000015258789,151,"SouthEden"
"SouthEden",6.34999990463257,152,"SouthEden"
"SouthEden",2.4300000667572,153,"SouthEden"
"SouthEden",0,154,"SouthEden"
"SouthEden",0,155,"SouthEden"
"SouthEden",0,156,"SouthEden"
"SouthEden",0,157,"SouthEden"
"SouthEden",0,158,"SouthEden"
"SouthEden",0,159,"SouthEden"
"SouthEden",0,160,"SouthEden"
"SouthEden",0,161,"SouthEden"
"SouthEden",0,162,"SouthEden"
"SouthEden",0,163,"SouthEden"
"SouthEden",0,164,"SouthEden"
"SouthEden",0,165,"SouthEden"
"SouthEden",0,166,"SouthEden"
"SouthEden",0,167,"SouthEden"
"SouthEden",0,168,"SouthEden"
"SouthEden",0,169,"SouthEden"
"SouthEden",0,170,"SouthEden"
"SouthEden",0,171,"SouthEden"
"SouthEden",0,172,"SouthEden"
"SouthEden",0,173,"SouthEden"
"SouthEden",0,174,"SouthEden"
"SouthEden",0,175,"SouthEden"
"SouthEden",0,176,"SouthEden"
"SouthEden",0,177,"SouthEden"
"SouthEden",0,178,"SouthEden"
"SouthEden",0,179,"SouthEden"
"SouthEden",0,180,"SouthEden"
"SouthEden",0,181,"SouthEden"
"SouthEden",0,182,"SouthEden"
"SouthEden",0,183,"SouthEden"
"SouthEden",0,184,"SouthEden"
"SouthEden",0,185,"SouthEden"
"SouthEden",0,186,"SouthEden"
"SouthEden",0,187,"SouthEden"
"SouthEden",0,188,"SouthEden"
"SouthEden",0,189,"SouthEden"
"SouthEden",0,190,"SouthEden"
"SouthEden",0,191,"SouthEden"
"SouthEden",0,192,"SouthEden"
"SouthEden",0,193,"SouthEden"
"SouthEden",0,194,"SouthEden"
"SouthEden",0,195,"SouthEden"
"SouthEden",0,196,"SouthEden"
"SouthEden",0,197,"SouthEden"
"SouthEden",0,198,"SouthEden"
"SouthEden",0,199,"SouthEden"
"SouthEden",0,200,"SouthEden"
"SouthEden",0,201,"SouthEden"
"SouthEden",0,202,"SouthEden"
"SouthEden",0,203,"SouthEden"
"SouthEden",0,204,"SouthEden"
"SouthEden",0,205,"SouthEden"
"SouthEden",0,206,"SouthEden"
"SouthEden",0,207,"SouthEden"
"SouthEden",0,208,"SouthEden"
"SouthEden",0,209,"SouthEden"
"SouthEden",0,210,"SouthEden"
"SouthEden",0,211,"SouthEden"
"SouthEden",0,212,"SouthEden"
"SouthEden",0,213,"SouthEden"
"SouthEden",0,214,"SouthEden"
"SouthEden",0,215,"SouthEden"
"SouthEden",0,216,"SouthEden"
"SouthEden",0,217,"SouthEden"
"SouthEden",0,218,"SouthEden"
"SouthEden",0,219,"SouthEden"
"SouthEden",0,220,"SouthEden"
"SouthEden",0,221,"SouthEden"
"SouthEden",0,222,"SouthEden"
"SouthEden",0,223,"SouthEden"
"SouthEden",0,224,"SouthEden"
"SouthEden",0,225,"SouthEden"
"SouthEden",0,226,"SouthEden"
"SouthEden",0,227,"SouthEden"
"SouthEden",0,228,"SouthEden"
"SouthEden",0,229,"SouthEden"
"SouthEden",0,230,"SouthEden"
"SouthEden",0,231,"SouthEden"
"SouthEden",0,232,"SouthEden"
"SouthEden",0,233,"SouthEden"
"SouthEden",0,234,"SouthEden"
"SouthEden",0,235,"SouthEden"
"SouthEden",0,236,"SouthEden"
"SouthEden",0,237,"SouthEden"
"SouthEden",0,238,"SouthEden"
"SouthEden",0,239,"SouthEden"
"SouthEden",0,240,"SouthEden"
"SouthEden",0,241,"SouthEden"
"SouthEden",0,242,"SouthEden"
"SouthEden",0,243,"SouthEden"
"SouthEden",0,244,"SouthEden"
"SouthEden",0,245,"SouthEden"
"SouthEden",0,246,"SouthEden"
"SouthEden",0,247,"SouthEden"
"SouthEden",0,248,"SouthEden"
"SouthEden",0,249,"SouthEden"
"SouthEden",0,250,"SouthEden"
"SouthEden",0,251,"SouthEden"
"SouthEden",0,252,"SouthEden"
"SouthEden",0,253,"SouthEden"
"SouthEden",0,254,"SouthEden"
"SouthEden",0,255,"SouthEden"
"SouthEden",0,256,"SouthEden"
"SouthEden",0,257,"SouthEden"
"SouthEden",0,258,"SouthEden"
"SouthEden",0,259,"SouthEden"
"SouthEden",0,260,"SouthEden"
"SouthEden",0,261,"SouthEden"
"SouthEden",0,262,"SouthEden"
"SouthEden",0,263,"SouthEden"
"SouthEden",0,264,"SouthEden"
"SouthEden",0,265,"SouthEden"
"SouthEden",0,266,"SouthEden"
"SouthEden",0,267,"SouthEden"
"SouthEden",0,268,"SouthEden"
"SouthEden",0,269,"SouthEden"
"SouthEden",0,270,"SouthEden"
"SouthEden",0,271,"SouthEden"
"SouthEden",0,272,"SouthEden"
"SouthEden",0,273,"SouthEden"
"SouthEden",0,274,"SouthEden"
"SouthEden",0,275,"SouthEden"
"SouthEden",0,276,"SouthEden"
"SouthEden",0,277,"SouthEden"
"SouthEden",0,278,"SouthEden"
"SouthEden",0,279,"SouthEden"
"SouthEden",0,280,"SouthEden"
"SouthEden",0,281,"SouthEden"
"SouthEden",0,282,"SouthEden"
"SouthEden",0,283,"SouthEden"
"SouthEden",0,284,"SouthEden"
"SouthEden",0,285,"SouthEden"
"SouthEden",0,286,"SouthEden"
"SouthEden",0,287,"SouthEden"
"SouthEden",0,288,"SouthEden"
"SouthEden",0,289,"SouthEden"
"SouthEden",0,290,"SouthEden"
"SouthEden",0,291,"SouthEden"
"SouthEden",0,292,"SouthEden"
"SouthEden",0,293,"SouthEden"
"SouthEden",0,294,"SouthEden"
"SouthEden",0,295,"SouthEden"
"SouthEden",0,296,"SouthEden"
"SouthEden",0,297,"SouthEden"
"SouthEden",0,298,"SouthEden"
"SouthEden",0,299,"SouthEden"
"SouthEden",0,300,"SouthEden"
"SouthEden",0,301,"SouthEden"
"SouthEden",0,302,"SouthEden"
"SouthEden",0,303,"SouthEden"
"SouthEden",0,304,"SouthEden"
"SouthEden",5.48999977111816,305,"SouthEden"
"SouthEden",5.48999977111816,306,"SouthEden"
"SouthEden",6.92000007629395,307,"SouthEden"
"SouthEden",6.65999984741211,308,"SouthEden"
"SouthEden",6.65999984741211,309,"SouthEden"
"SouthEden",7.67999982833862,310,"SouthEden"
"SouthEden",7.67999982833862,311,"SouthEden"
"SouthEden",7.67999982833862,312,"SouthEden"
"SouthEden",7.67999982833862,313,"SouthEden"
"SouthEden",7.59999990463257,314,"SouthEden"
"SouthEden",7.46000003814697,315,"SouthEden"
"SouthEden",6.75,316,"SouthEden"
"SouthEden",5.67999982833862,317,"SouthEden"
"SouthEden",5.67999982833862,318,"SouthEden"
"SouthEden",5.15000009536743,319,"SouthEden"
"SouthEden",5.13000011444092,320,"SouthEden"
"SouthEden",5.13000011444092,321,"SouthEden"
"SouthEden",5.13000011444092,322,"SouthEden"
"SouthEden",8.65999984741211,323,"SouthEden"
"SouthEden",8.65999984741211,324,"SouthEden"
"SouthEden",8.65999984741211,325,"SouthEden"
"SouthEden",8.65999984741211,326,"SouthEden"
"SouthEden",8.65999984741211,327,"SouthEden"
"SouthEden",8.34000015258789,328,"SouthEden"
"SouthEden",9.13000011444092,329,"SouthEden"
"SouthEden",9.13000011444092,330,"SouthEden"
"SouthEden",18.5400009155273,331,"SouthEden"
"SouthEden",18.5400009155273,332,"SouthEden"
"SouthEden",18.5400009155273,333,"SouthEden"
"SouthEden",18.5400009155273,334,"SouthEden"
"SouthEden",18.5400009155273,335,"SouthEden"
"SouthEden",18.5400009155273,336,"SouthEden"
"SouthEden",18.5400009155273,337,"SouthEden"
"SouthEden",18.5400009155273,338,"SouthEden"
"SouthEden",18.5400009155273,339,"SouthEden"
"SouthEden",18.5400009155273,340,"SouthEden"
"SouthEden",18.5400009155273,341,"SouthEden"
"SouthEden",18.5400009155273,342,"SouthEden"
"SouthEden",18.5400009155273,343,"SouthEden"
"SouthEden",18.5400009155273,344,"SouthEden"
"SouthEden",18.5400009155273,345,"SouthEden"
"SouthEden",18.5400009155273,346,"SouthEden"
"SouthEden",18.5400009155273,347,"SouthEden"
"SouthEden",18.5400009155273,348,"SouthEden"
"SouthEden",22.2900009155273,349,"SouthEden"
"SouthEden",26.0599994659424,350,"SouthEden"
"SouthEden",30.5100002288818,351,"SouthEden"
"SouthEden",30.4899997711182,352,"SouthEden"
"SouthEden",30.4899997711182,353,"SouthEden"
"SouthEden",30.4899997711182,354,"SouthEden"
"SouthEden",30.4899997711182,355,"SouthEden"
"SouthEden",30.4899997711182,356,"SouthEden"
"SouthEden",30.4899997711182,357,"SouthEden"
"SouthEden",29.6499996185303,358,"SouthEden"
"SouthEden",29.4799995422363,359,"SouthEden"
"SouthEden",28.6000003814697,360,"SouthEden"
"SouthEden",30.5799999237061,361,"SouthEden"
"SouthEden",31.8099994659424,362,"SouthEden"
"SouthEden",31.0799999237061,363,"SouthEden"
"SouthEden",29.1299991607666,364,"SouthEden"
"SouthEden",29.1299991607666,365,"SouthEden"
"SouthEden",3.27999997138977,1,"SouthEden"
"SouthEden",-0.769999980926514,2,"SouthEden"
"SouthEden",-2.34999990463257,3,"SouthEden"
"SouthEden",-0.699999988079071,4,"SouthEden"
"SouthEden",-0.959999978542328,5,"SouthEden"
"SouthEden",-2.29999995231628,6,"SouthEden"
"SouthEden",-3.24000000953674,7,"SouthEden"
"SouthEden",-4.88000011444092,8,"SouthEden"
"SouthEden",-2.98000001907349,9,"SouthEden"
"SouthEden",-3.85999989509583,10,"SouthEden"
"SouthEden",-6.53999996185303,11,"SouthEden"
"SouthEden",-5.55000019073486,12,"SouthEden"
"SouthEden",-5.6399998664856,13,"SouthEden"
"SouthEden",-3.10999989509583,14,"SouthEden"
"SouthEden",-4.90000009536743,15,"SouthEden"
"SouthEden",-7.48999977111816,16,"SouthEden"
"SouthEden",0.28999999165535,17,"SouthEden"
"SouthEden",2.84999990463257,18,"SouthEden"
"SouthEden",3.97000002861023,19,"SouthEden"
"SouthEden",2.04999995231628,20,"SouthEden"
"SouthEden",2.19000005722046,21,"SouthEden"
"SouthEden",2.21000003814697,22,"SouthEden"
"SouthEden",2.58999991416931,23,"SouthEden"
"SouthEden",2.76999998092651,24,"SouthEden"
"SouthEden",1.22000002861023,25,"SouthEden"
"SouthEden",1.74000000953674,26,"SouthEden"
"SouthEden",1.42999994754791,27,"SouthEden"
"SouthEden",5.6100001335144,28,"SouthEden"
"SouthEden",6.01000022888184,29,"SouthEden"
"SouthEden",3.46000003814697,30,"SouthEden"
"SouthEden",4.84000015258789,31,"SouthEden"
"SouthEden",4.51000022888184,32,"SouthEden"
"SouthEden",2.69000005722046,33,"SouthEden"
"SouthEden",1.03999996185303,34,"SouthEden"
"SouthEden",0.819999992847443,35,"SouthEden"
"SouthEden",1.05999994277954,36,"SouthEden"
"SouthEden",3.9300000667572,37,"SouthEden"
"SouthEden",2.60999989509583,38,"SouthEden"
"SouthEden",1.13999998569489,39,"SouthEden"
"SouthEden",-1.33000004291534,40,"SouthEden"
"SouthEden",-2.69000005722046,41,"SouthEden"
"SouthEden",-3.05999994277954,42,"SouthEden"
"SouthEden",0.270000010728836,43,"SouthEden"
"SouthEden",1.46000003814697,44,"SouthEden"
"SouthEden",2.99000000953674,45,"SouthEden"
"SouthEden",1.9099999666214,46,"SouthEden"
"SouthEden",-0.0700000002980232,47,"SouthEden"
"SouthEden",-2.59999990463257,48,"SouthEden"
"SouthEden",-0.709999978542328,49,"SouthEden"
"SouthEden",1.72000002861023,50,"SouthEden"
"SouthEden",4.15000009536743,51,"SouthEden"
"SouthEden",2.6800000667572,52,"SouthEden"
"SouthEden",2.42000007629395,53,"SouthEden"
"SouthEden",2.10999989509583,54,"SouthEden"
"SouthEden",0.109999999403954,55,"SouthEden"
"SouthEden",4.48999977111816,56,"SouthEden"
"SouthEden",5.73999977111816,57,"SouthEden"
"SouthEden",-1.73000001907349,58,"SouthEden"
"SouthEden",-0.519999980926514,59,"SouthEden"
"SouthEden",3.30999994277954,60,"SouthEden"
"SouthEden",6.46000003814697,61,"SouthEden"
"SouthEden",4.82999992370605,62,"SouthEden"
"SouthEden",-3.22000002861023,63,"SouthEden"
"SouthEden",-3.73000001907349,64,"SouthEden"
"SouthEden",0.850000023841858,65,"SouthEden"
"SouthEden",3.69000005722046,66,"SouthEden"
"SouthEden",0.699999988079071,67,"SouthEden"
"SouthEden",-2.09999990463257,68,"SouthEden"
"SouthEden",0.870000004768372,69,"SouthEden"
"SouthEden",4.05000019073486,70,"SouthEden"
"SouthEden",6.09999990463257,71,"SouthEden"
"SouthEden",4.61999988555908,72,"SouthEden"
"SouthEden",2.6800000667572,73,"SouthEden"
"SouthEden",3.89000010490417,74,"SouthEden"
"SouthEden",3.94000005722046,75,"SouthEden"
"SouthEden",6.57000017166138,76,"SouthEden"
"SouthEden",6.26999998092651,77,"SouthEden"
"SouthEden",8.3100004196167,78,"SouthEden"
"SouthEden",8.35999965667725,79,"SouthEden"
"SouthEden",9.84000015258789,80,"SouthEden"
"SouthEden",9.30000019073486,81,"SouthEden"
"SouthEden",10.289999961853,82,"SouthEden"
"SouthEden",9.60000038146973,83,"SouthEden"
"SouthEden",4.6100001335144,84,"SouthEden"
"SouthEden",3.05999994277954,85,"SouthEden"
"SouthEden",2.14000010490417,86,"SouthEden"
"SouthEden",4.98000001907349,87,"SouthEden"
"SouthEden",5.1399998664856,88,"SouthEden"
"SouthEden",7.03000020980835,89,"SouthEden"
"SouthEden",6.03000020980835,90,"SouthEden"
"SouthEden",5.17000007629395,91,"SouthEden"
"SouthEden",4.92000007629395,92,"SouthEden"
"SouthEden",9.0600004196167,93,"SouthEden"
"SouthEden",13.5900001525879,94,"SouthEden"
"SouthEden",14.3999996185303,95,"SouthEden"
"SouthEden",12.9700002670288,96,"SouthEden"
"SouthEden",3.5699999332428,97,"SouthEden"
"SouthEden",3.92000007629395,98,"SouthEden"
"SouthEden",6.32000017166138,99,"SouthEden"
"SouthEden",9.14000034332275,100,"SouthEden"
"SouthEden",12.0799999237061,101,"SouthEden"
"SouthEden",15,102,"SouthEden"
"SouthEden",18.9799995422363,103,"SouthEden"
"SouthEden",19.4400005340576,104,"SouthEden"
"SouthEden",17.4400005340576,105,"SouthEden"
"SouthEden",13.6000003814697,106,"SouthEden"
"SouthEden",11.5200004577637,107,"SouthEden"
"SouthEden",9.47999954223633,108,"SouthEden"
"SouthEden",9.35000038146973,109,"SouthEden"
"SouthEden",11.1700000762939,110,"SouthEden"
"SouthEden",12.8900003433228,111,"SouthEden"
"SouthEden",16.9599990844727,112,"SouthEden"
"SouthEden",16.7700004577637,113,"SouthEden"
"SouthEden",16.7000007629395,114,"SouthEden"
"SouthEden",19.7000007629395,115,"SouthEden"
"SouthEden",17.0599994659424,116,"SouthEden"
"SouthEden",10.289999961853,117,"SouthEden"
"SouthEden",9.03999996185303,118,"SouthEden"
"SouthEden",10.6099996566772,119,"SouthEden"
"SouthEden",12.9700002670288,120,"SouthEden"
"SouthEden",10.6099996566772,121,"SouthEden"
"SouthEden",7.15000009536743,122,"SouthEden"
"SouthEden",9.07999992370605,123,"SouthEden"
"SouthEden",7.48000001907349,124,"SouthEden"
"SouthEden",16.2299995422363,125,"SouthEden"
"SouthEden",13.9200000762939,126,"SouthEden"
"SouthEden",6.51000022888184,127,"SouthEden"
"SouthEden",4.8600001335144,128,"SouthEden"
"SouthEden",4.80000019073486,129,"SouthEden"
"SouthEden",9.17000007629395,130,"SouthEden"
"SouthEden",13.0799999237061,131,"SouthEden"
"SouthEden",16.1299991607666,132,"SouthEden"
"SouthEden",20.1399993896484,133,"SouthEden"
"SouthEden",20.7099990844727,134,"SouthEden"
"SouthEden",18,135,"SouthEden"
"SouthEden",16.1700000762939,136,"SouthEden"
"SouthEden",19.7099990844727,137,"SouthEden"
"SouthEden",19.1599998474121,138,"SouthEden"
"SouthEden",18.8600006103516,139,"SouthEden"
"SouthEden",16.2900009155273,140,"SouthEden"
"SouthEden",12.7299995422363,141,"SouthEden"
"SouthEden",11.8199996948242,142,"SouthEden"
"SouthEden",15.0100002288818,143,"SouthEden"
"SouthEden",9.69999980926514,144,"SouthEden"
"SouthEden",16.0599994659424,145,"SouthEden"
"SouthEden",11.8500003814697,146,"SouthEden"
"SouthEden",15.5299997329712,147,"SouthEden"
"SouthEden",19.7900009155273,148,"SouthEden"
"SouthEden",22.75,149,"SouthEden"
"SouthEden",21.5900001525879,150,"SouthEden"
"SouthEden",16.0599994659424,151,"SouthEden"
"SouthEden",19.8299999237061,152,"SouthEden"
"SouthEden",22.6399993896484,153,"SouthEden"
"SouthEden",21.0200004577637,154,"SouthEden"
"SouthEden",16.3600006103516,155,"SouthEden"
"SouthEden",18.2999992370605,156,"SouthEden"
"SouthEden",23.7600002288818,157,"SouthEden"
"SouthEden",26.5,158,"SouthEden"
"SouthEden",26.5900001525879,159,"SouthEden"
"SouthEden",25.7299995422363,160,"SouthEden"
"SouthEden",24.2800006866455,161,"SouthEden"
"SouthEden",23.8700008392334,162,"SouthEden"
"SouthEden",25.1700000762939,163,"SouthEden"
"SouthEden",28.0200004577637,164,"SouthEden"
"SouthEden",29.3500003814697,165,"SouthEden"
"SouthEden",28.1200008392334,166,"SouthEden"
"SouthEden",24.3099994659424,167,"SouthEden"
"SouthEden",20.8600006103516,168,"SouthEden"
"SouthEden",18.6800003051758,169,"SouthEden"
"SouthEden",15.5900001525879,170,"SouthEden"
"SouthEden",20.9200000762939,171,"SouthEden"
"SouthEden",24.7299995422363,172,"SouthEden"
"SouthEden",24.3999996185303,173,"SouthEden"
"SouthEden",28.6100006103516,174,"SouthEden"
"SouthEden",30.0900001525879,175,"SouthEden"
"SouthEden",29.3700008392334,176,"SouthEden"
"SouthEden",28.9799995422363,177,"SouthEden"
"SouthEden",27.6499996185303,178,"SouthEden"
"SouthEden",25.1299991607666,179,"SouthEden"
"SouthEden",22.9799995422363,180,"SouthEden"
"SouthEden",28.6499996185303,181,"SouthEden"
"SouthEden",28.7999992370605,182,"SouthEden"
"SouthEden",23.2900009155273,183,"SouthEden"
"SouthEden",21.9799995422363,184,"SouthEden"
"SouthEden",22.8999996185303,185,"SouthEden"
"SouthEden",23.25,186,"SouthEden"
"SouthEden",25.2800006866455,187,"SouthEden"
"SouthEden",26.5300006866455,188,"SouthEden"
"SouthEden",26.2900009155273,189,"SouthEden"
"SouthEden",26.9799995422363,190,"SouthEden"
"SouthEden",29.3799991607666,191,"SouthEden"
"SouthEden",31.3500003814697,192,"SouthEden"
"SouthEden",33.5299987792969,193,"SouthEden"
"SouthEden",32.6100006103516,194,"SouthEden"
"SouthEden",31.7099990844727,195,"SouthEden"
"SouthEden",31.0200004577637,196,"SouthEden"
"SouthEden",28.2600002288818,197,"SouthEden"
"SouthEden",28.3799991607666,198,"SouthEden"
"SouthEden",30.5,199,"SouthEden"
"SouthEden",30.4799995422363,200,"SouthEden"
"SouthEden",30.2800006866455,201,"SouthEden"
"SouthEden",30.5200004577637,202,"SouthEden"
"SouthEden",28.2099990844727,203,"SouthEden"
"SouthEden",28.5300006866455,204,"SouthEden"
"SouthEden",30.2399997711182,205,"SouthEden"
"SouthEden",31.5200004577637,206,"SouthEden"
"SouthEden",29.0499992370605,207,"SouthEden"
"SouthEden",27.25,208,"SouthEden"
"SouthEden",24.3899993896484,209,"SouthEden"
"SouthEden",27.1299991607666,210,"SouthEden"
"SouthEden",27.4500007629395,211,"SouthEden"
"SouthEden",26.3999996185303,212,"SouthEden"
"SouthEden",26.6000003814697,213,"SouthEden"
"SouthEden",27.9099998474121,214,"SouthEden"
"SouthEden",30.0400009155273,215,"SouthEden"
"SouthEden",31.6200008392334,216,"SouthEden"
"SouthEden",30.0499992370605,217,"SouthEden"
"SouthEden",30.3099994659424,218,"SouthEden"
"SouthEden",31.3299999237061,219,"SouthEden"
"SouthEden",30.4699993133545,220,"SouthEden"
"SouthEden",29.7999992370605,221,"SouthEden"
"SouthEden",27.5799999237061,222,"SouthEden"
"SouthEden",29.5400009155273,223,"SouthEden"
"SouthEden",28.3299999237061,224,"SouthEden"
"SouthEden",24.3700008392334,225,"SouthEden"
"SouthEden",22.6399993896484,226,"SouthEden"
"SouthEden",23.0799999237061,227,"SouthEden"
"SouthEden",25.4699993133545,228,"SouthEden"
"SouthEden",26.9500007629395,229,"SouthEden"
"SouthEden",26.2399997711182,230,"SouthEden"
"SouthEden",26.6599998474121,231,"SouthEden"
"SouthEden",27.4400005340576,232,"SouthEden"
"SouthEden",28.3999996185303,233,"SouthEden"
"SouthEden",27.7199993133545,234,"SouthEden"
"SouthEden",26.8799991607666,235,"SouthEden"
"SouthEden",25.6200008392334,236,"SouthEden"
"SouthEden",24.5400009155273,237,"SouthEden"
"SouthEden",22.1200008392334,238,"SouthEden"
"SouthEden",19.9500007629395,239,"SouthEden"
"SouthEden",23.75,240,"SouthEden"
"SouthEden",24.1000003814697,241,"SouthEden"
"SouthEden",22.4500007629395,242,"SouthEden"
"SouthEden",23.5799999237061,243,"SouthEden"
"SouthEden",26.0799999237061,244,"SouthEden"
"SouthEden",27.5,245,"SouthEden"
"SouthEden",28.5400009155273,246,"SouthEden"
"SouthEden",27.0300006866455,247,"SouthEden"
"SouthEden",24.0599994659424,248,"SouthEden"
"SouthEden",23.2000007629395,249,"SouthEden"
"SouthEden",25.3500003814697,250,"SouthEden"
"SouthEden",26.8700008392334,251,"SouthEden"
"SouthEden",27.5499992370605,252,"SouthEden"
"SouthEden",27.6900005340576,253,"SouthEden"
"SouthEden",26.8600006103516,254,"SouthEden"
"SouthEden",25.2800006866455,255,"SouthEden"
"SouthEden",18.7000007629395,256,"SouthEden"
"SouthEden",16.6900005340576,257,"SouthEden"
"SouthEden",22.0499992370605,258,"SouthEden"
"SouthEden",24.4599990844727,259,"SouthEden"
"SouthEden",23.1599998474121,260,"SouthEden"
"SouthEden",14.1499996185303,261,"SouthEden"
"SouthEden",14.9700002670288,262,"SouthEden"
"SouthEden",19.0799999237061,263,"SouthEden"
"SouthEden",21.5100002288818,264,"SouthEden"
"SouthEden",20.9200000762939,265,"SouthEden"
"SouthEden",21.2600002288818,266,"SouthEden"
"SouthEden",20.5799999237061,267,"SouthEden"
"SouthEden",22.3700008392334,268,"SouthEden"
"SouthEden",26.3999996185303,269,"SouthEden"
"SouthEden",25.5699996948242,270,"SouthEden"
"SouthEden",25.2199993133545,271,"SouthEden"
"SouthEden",26.6399993896484,272,"SouthEden"
"SouthEden",28.0200004577637,273,"SouthEden"
"SouthEden",22.1100006103516,274,"SouthEden"
"SouthEden",20.7600002288818,275,"SouthEden"
"SouthEden",23.6100006103516,276,"SouthEden"
"SouthEden",22.1599998474121,277,"SouthEden"
"SouthEden",25.7800006866455,278,"SouthEden"
"SouthEden",21.8799991607666,279,"SouthEden"
"SouthEden",22.2900009155273,280,"SouthEden"
"SouthEden",22.7999992370605,281,"SouthEden"
"SouthEden",22.8600006103516,282,"SouthEden"
"SouthEden",23.7700004577637,283,"SouthEden"
"SouthEden",23.0400009155273,284,"SouthEden"
"SouthEden",23.0699996948242,285,"SouthEden"
"SouthEden",22.3700008392334,286,"SouthEden"
"SouthEden",21.8500003814697,287,"SouthEden"
"SouthEden",22.2700004577637,288,"SouthEden"
"SouthEden",22.0699996948242,289,"SouthEden"
"SouthEden",21.6100006103516,290,"SouthEden"
"SouthEden",13.0900001525879,291,"SouthEden"
"SouthEden",6.76000022888184,292,"SouthEden"
"SouthEden",12.0100002288818,293,"SouthEden"
"SouthEden",16.4500007629395,294,"SouthEden"
"SouthEden",16.2299995422363,295,"SouthEden"
"SouthEden",16.3600006103516,296,"SouthEden"
"SouthEden",18.1399993896484,297,"SouthEden"
"SouthEden",12.3299999237061,298,"SouthEden"
"SouthEden",12.210000038147,299,"SouthEden"
"SouthEden",17,300,"SouthEden"
"SouthEden",18.1299991607666,301,"SouthEden"
"SouthEden",14.4899997711182,302,"SouthEden"
"SouthEden",5.21999979019165,303,"SouthEden"
"SouthEden",4.55000019073486,304,"SouthEden"
"SouthEden",3.32999992370605,305,"SouthEden"
"SouthEden",5.26000022888184,306,"SouthEden"
"SouthEden",6.84999990463257,307,"SouthEden"
"SouthEden",2.6800000667572,308,"SouthEden"
"SouthEden",2.91000008583069,309,"SouthEden"
"SouthEden",0.589999973773956,310,"SouthEden"
"SouthEden",0.77999997138977,311,"SouthEden"
"SouthEden",3.79999995231628,312,"SouthEden"
"SouthEden",7.17999982833862,313,"SouthEden"
"SouthEden",8.85999965667725,314,"SouthEden"
"SouthEden",10.5699996948242,315,"SouthEden"
"SouthEden",14.2299995422363,316,"SouthEden"
"SouthEden",7.13000011444092,317,"SouthEden"
"SouthEden",5.78999996185303,318,"SouthEden"
"SouthEden",8.56999969482422,319,"SouthEden"
"SouthEden",7.23999977111816,320,"SouthEden"
"SouthEden",1.99000000953674,321,"SouthEden"
"SouthEden",2.75,322,"SouthEden"
"SouthEden",0.159999996423721,323,"SouthEden"
"SouthEden",-2.25999999046326,324,"SouthEden"
"SouthEden",1.62000000476837,325,"SouthEden"
"SouthEden",5.38000011444092,326,"SouthEden"
"SouthEden",7.65000009536743,327,"SouthEden"
"SouthEden",8.19999980926514,328,"SouthEden"
"SouthEden",2.24000000953674,329,"SouthEden"
"SouthEden",-1.45000004768372,330,"SouthEden"
"SouthEden",1.62000000476837,331,"SouthEden"
"SouthEden",-0.620000004768372,332,"SouthEden"
"SouthEden",-1.8400000333786,333,"SouthEden"
"SouthEden",-1.19000005722046,334,"SouthEden"
"SouthEden",1.26999998092651,335,"SouthEden"
"SouthEden",2.22000002861023,336,"SouthEden"
"SouthEden",5,337,"SouthEden"
"SouthEden",4.73000001907349,338,"SouthEden"
"SouthEden",3.04999995231628,339,"SouthEden"
"SouthEden",1.9099999666214,340,"SouthEden"
"SouthEden",0.97000002861023,341,"SouthEden"
"SouthEden",2.22000002861023,342,"SouthEden"
"SouthEden",4.1100001335144,343,"SouthEden"
"SouthEden",-1.80999994277954,344,"SouthEden"
"SouthEden",-2.41000008583069,345,"SouthEden"
"SouthEden",-0.5799999833107,346,"SouthEden"
"SouthEden",1.95000004768372,347,"SouthEden"
"SouthEden",0.810000002384186,348,"SouthEden"
"SouthEden",1.45000004768372,349,"SouthEden"
"SouthEden",0.140000000596046,350,"SouthEden"
"SouthEden",0.439999997615814,351,"SouthEden"
"SouthEden",1.64999997615814,352,"SouthEden"
"SouthEden",5.6100001335144,353,"SouthEden"
"SouthEden",4.98999977111816,354,"SouthEden"
"SouthEden",2.45000004768372,355,"SouthEden"
"SouthEden",2.96000003814697,356,"SouthEden"
"SouthEden",4.28999996185303,357,"SouthEden"
"SouthEden",4.11999988555908,358,"SouthEden"
"SouthEden",1.3400000333786,359,"SouthEden"
"SouthEden",0.740000009536743,360,"SouthEden"
"SouthEden",1.35000002384186,361,"SouthEden"
"SouthEden",0.990000009536743,362,"SouthEden"
"SouthEden",2.74000000953674,363,"SouthEden"
"SouthEden",6.59000015258789,364,"SouthEden"
"SouthEden",-0.75,365,"SouthEden"
"SouthEden",-10.1700000762939,1,"SouthEden"
"SouthEden",-13.3900003433228,2,"SouthEden"
"SouthEden",-11.960000038147,3,"SouthEden"
"SouthEden",-8.81999969482422,4,"SouthEden"
"SouthEden",-9.32999992370605,5,"SouthEden"
"SouthEden",-9.69999980926514,6,"SouthEden"
"SouthEden",-11.9499998092651,7,"SouthEden"
"SouthEden",-15.8199996948242,8,"SouthEden"
"SouthEden",-13.8100004196167,9,"SouthEden"
"SouthEden",-11.9399995803833,10,"SouthEden"
"SouthEden",-15.7200002670288,11,"SouthEden"
"SouthEden",-12.4700002670288,12,"SouthEden"
"SouthEden",-15.9899997711182,13,"SouthEden"
"SouthEden",-13.1099996566772,14,"SouthEden"
"SouthEden",-15.8000001907349,15,"SouthEden"
"SouthEden",-23.2299995422363,16,"SouthEden"
"SouthEden",-17.5200004577637,17,"SouthEden"
"SouthEden",-9.78999996185303,18,"SouthEden"
"SouthEden",-6.34999990463257,19,"SouthEden"
"SouthEden",-6.98000001907349,20,"SouthEden"
"SouthEden",-6.51000022888184,21,"SouthEden"
"SouthEden",-5.01999998092651,22,"SouthEden"
"SouthEden",-4.84999990463257,23,"SouthEden"
"SouthEden",-5.13000011444092,24,"SouthEden"
"SouthEden",-5.44000005722046,25,"SouthEden"
"SouthEden",-7.67999982833862,26,"SouthEden"
"SouthEden",-8.17000007629395,27,"SouthEden"
"SouthEden",-5.26999998092651,28,"SouthEden"
"SouthEden",-3.72000002861023,29,"SouthEden"
"SouthEden",-7.17000007629395,30,"SouthEden"
"SouthEden",-9.26000022888184,31,"SouthEden"
"SouthEden",-8.32999992370605,32,"SouthEden"
"SouthEden",-4.53999996185303,33,"SouthEden"
"SouthEden",-5.75,34,"SouthEden"
"SouthEden",-6.69999980926514,35,"SouthEden"
"SouthEden",-5.94000005722046,36,"SouthEden"
"SouthEden",-4.32000017166138,37,"SouthEden"
"SouthEden",-3.50999999046326,38,"SouthEden"
"SouthEden",-7.82999992370605,39,"SouthEden"
"SouthEden",-10.7600002288818,40,"SouthEden"
"SouthEden",-17.5499992370605,41,"SouthEden"
"SouthEden",-16.9099998474121,42,"SouthEden"
"SouthEden",-14.6700000762939,43,"SouthEden"
"SouthEden",-13.1800003051758,44,"SouthEden"
"SouthEden",-8.97999954223633,45,"SouthEden"
"SouthEden",-5.1399998664856,46,"SouthEden"
"SouthEden",-7.48000001907349,47,"SouthEden"
"SouthEden",-15.4399995803833,48,"SouthEden"
"SouthEden",-14.8500003814697,49,"SouthEden"
"SouthEden",-12.4399995803833,50,"SouthEden"
"SouthEden",-9.93000030517578,51,"SouthEden"
"SouthEden",-5.51999998092651,52,"SouthEden"
"SouthEden",-7.80000019073486,53,"SouthEden"
"SouthEden",-10.6199998855591,54,"SouthEden"
"SouthEden",-11.3100004196167,55,"SouthEden"
"SouthEden",-9.88000011444092,56,"SouthEden"
"SouthEden",-11.4899997711182,57,"SouthEden"
"SouthEden",-10.1899995803833,58,"SouthEden"
"SouthEden",-12.9799995422363,59,"SouthEden"
"SouthEden",-13.0299997329712,60,"SouthEden"
"SouthEden",-6.98000001907349,61,"SouthEden"
"SouthEden",-8.31999969482422,62,"SouthEden"
"SouthEden",-12.039999961853,63,"SouthEden"
"SouthEden",-15.4099998474121,64,"SouthEden"
"SouthEden",-16.6700000762939,65,"SouthEden"
"SouthEden",-10.9399995803833,66,"SouthEden"
"SouthEden",-7.1399998664856,67,"SouthEden"
"SouthEden",-16.0900001525879,68,"SouthEden"
"SouthEden",-17.3099994659424,69,"SouthEden"
"SouthEden",-13.8599996566772,70,"SouthEden"
"SouthEden",-9.38000011444092,71,"SouthEden"
"SouthEden",-6.48000001907349,72,"SouthEden"
"SouthEden",-6.01000022888184,73,"SouthEden"
"SouthEden",-5.30999994277954,74,"SouthEden"
"SouthEden",-6.46999979019165,75,"SouthEden"
"SouthEden",-7.21999979019165,76,"SouthEden"
"SouthEden",-7.17000007629395,77,"SouthEden"
"SouthEden",-6.69999980926514,78,"SouthEden"
"SouthEden",-6.69999980926514,79,"SouthEden"
"SouthEden",-6.3600001335144,80,"SouthEden"
"SouthEden",-5.09000015258789,81,"SouthEden"
"SouthEden",-3.46000003814697,82,"SouthEden"
"SouthEden",-3.16000008583069,83,"SouthEden"
"SouthEden",-3.17000007629395,84,"SouthEden"
"SouthEden",-6.78000020980835,85,"SouthEden"
"SouthEden",-6.34999990463257,86,"SouthEden"
"SouthEden",-6.51999998092651,87,"SouthEden"
"SouthEden",-5.40000009536743,88,"SouthEden"
"SouthEden",-4.30000019073486,89,"SouthEden"
"SouthEden",-4.03999996185303,90,"SouthEden"
"SouthEden",-2.34999990463257,91,"SouthEden"
"SouthEden",-3.35999989509583,92,"SouthEden"
"SouthEden",-6.15999984741211,93,"SouthEden"
"SouthEden",-4.53000020980835,94,"SouthEden"
"SouthEden",-1.71000003814697,95,"SouthEden"
"SouthEden",-2.64000010490417,96,"SouthEden"
"SouthEden",-4.94000005722046,97,"SouthEden"
"SouthEden",-5.03000020980835,98,"SouthEden"
"SouthEden",-5.69999980926514,99,"SouthEden"
"SouthEden",-6.34000015258789,100,"SouthEden"
"SouthEden",-3.5699999332428,101,"SouthEden"
"SouthEden",-2.73000001907349,102,"SouthEden"
"SouthEden",-0.600000023841858,103,"SouthEden"
"SouthEden",2.57999992370605,104,"SouthEden"
"SouthEden",0.769999980926514,105,"SouthEden"
"SouthEden",1.04999995231628,106,"SouthEden"
"SouthEden",2.32999992370605,107,"SouthEden"
"SouthEden",-0.129999995231628,108,"SouthEden"
"SouthEden",-7.09000015258789,109,"SouthEden"
"SouthEden",-5.80999994277954,110,"SouthEden"
"SouthEden",-2.6800000667572,111,"SouthEden"
"SouthEden",-1.99000000953674,112,"SouthEden"
"SouthEden",0.0900000035762787,113,"SouthEden"
"SouthEden",0.170000001788139,114,"SouthEden"
"SouthEden",2.33999991416931,115,"SouthEden"
"SouthEden",2.4300000667572,116,"SouthEden"
"SouthEden",2.44000005722046,117,"SouthEden"
"SouthEden",2,118,"SouthEden"
"SouthEden",1.04999995231628,119,"SouthEden"
"SouthEden",0.170000001788139,120,"SouthEden"
"SouthEden",-2.50999999046326,121,"SouthEden"
"SouthEden",-2.19000005722046,122,"SouthEden"
"SouthEden",-5.82999992370605,123,"SouthEden"
"SouthEden",-2.25999999046326,124,"SouthEden"
"SouthEden",-5.34999990463257,125,"SouthEden"
"SouthEden",0.379999995231628,126,"SouthEden"
"SouthEden",-1.50999999046326,127,"SouthEden"
"SouthEden",-1.20000004768372,128,"SouthEden"
"SouthEden",-2.70000004768372,129,"SouthEden"
"SouthEden",-1.44000005722046,130,"SouthEden"
"SouthEden",-0.46000000834465,131,"SouthEden"
"SouthEden",-0.280000001192093,132,"SouthEden"
"SouthEden",1.91999995708466,133,"SouthEden"
"SouthEden",2.8199999332428,134,"SouthEden"
"SouthEden",2.46000003814697,135,"SouthEden"
"SouthEden",2.03999996185303,136,"SouthEden"
"SouthEden",2.52999997138977,137,"SouthEden"
"SouthEden",5.05999994277954,138,"SouthEden"
"SouthEden",1.82000005245209,139,"SouthEden"
"SouthEden",4.40999984741211,140,"SouthEden"
"SouthEden",1.29999995231628,141,"SouthEden"
"SouthEden",-2.90000009536743,142,"SouthEden"
"SouthEden",-0.790000021457672,143,"SouthEden"
"SouthEden",-1.5900000333786,144,"SouthEden"
"SouthEden",-3.39000010490417,145,"SouthEden"
"SouthEden",1.24000000953674,146,"SouthEden"
"SouthEden",2.35999989509583,147,"SouthEden"
"SouthEden",1.52999997138977,148,"SouthEden"
"SouthEden",2.57999992370605,149,"SouthEden"
"SouthEden",4.01999998092651,150,"SouthEden"
"SouthEden",0.800000011920929,151,"SouthEden"
"SouthEden",1.11000001430511,152,"SouthEden"
"SouthEden",3.34999990463257,153,"SouthEden"
"SouthEden",5.86999988555908,154,"SouthEden"
"SouthEden",6.69999980926514,155,"SouthEden"
"SouthEden",8.15999984741211,156,"SouthEden"
"SouthEden",5.90000009536743,157,"SouthEden"
"SouthEden",6.23000001907349,158,"SouthEden"
"SouthEden",10.7600002288818,159,"SouthEden"
"SouthEden",11.0100002288818,160,"SouthEden"
"SouthEden",8.86999988555908,161,"SouthEden"
"SouthEden",9.02999973297119,162,"SouthEden"
"SouthEden",5.78000020980835,163,"SouthEden"
"SouthEden",7.34999990463257,164,"SouthEden"
"SouthEden",9.48999977111816,165,"SouthEden"
"SouthEden",9.72000026702881,166,"SouthEden"
"SouthEden",9.60999965667725,167,"SouthEden"
"SouthEden",5.42999982833862,168,"SouthEden"
"SouthEden",2.96000003814697,169,"SouthEden"
"SouthEden",-2.20000004768372,170,"SouthEden"
"SouthEden",-0.28999999165535,171,"SouthEden"
"SouthEden",5.53000020980835,172,"SouthEden"
"SouthEden",8.43000030517578,173,"SouthEden"
"SouthEden",6.57999992370605,174,"SouthEden"
"SouthEden",8.97999954223633,175,"SouthEden"
"SouthEden",10.7200002670288,176,"SouthEden"
"SouthEden",9.53999996185303,177,"SouthEden"
"SouthEden",10.7700004577637,178,"SouthEden"
"SouthEden",10.8699998855591,179,"SouthEden"
"SouthEden",6.57999992370605,180,"SouthEden"
"SouthEden",6.11999988555908,181,"SouthEden"
"SouthEden",8.68000030517578,182,"SouthEden"
"SouthEden",9.39999961853027,183,"SouthEden"
"SouthEden",5.1100001335144,184,"SouthEden"
"SouthEden",5.05999994277954,185,"SouthEden"
"SouthEden",4.28000020980835,186,"SouthEden"
"SouthEden",4.86999988555908,187,"SouthEden"
"SouthEden",7.03999996185303,188,"SouthEden"
"SouthEden",7.94999980926514,189,"SouthEden"
"SouthEden",7.46999979019165,190,"SouthEden"
"SouthEden",9.01000022888184,191,"SouthEden"
"SouthEden",9.97999954223633,192,"SouthEden"
"SouthEden",10.8699998855591,193,"SouthEden"
"SouthEden",11.5500001907349,194,"SouthEden"
"SouthEden",13.1099996566772,195,"SouthEden"
"SouthEden",13.6999998092651,196,"SouthEden"
"SouthEden",13.1099996566772,197,"SouthEden"
"SouthEden",11.3400001525879,198,"SouthEden"
"SouthEden",10.6300001144409,199,"SouthEden"
"SouthEden",11.6999998092651,200,"SouthEden"
"SouthEden",12.1800003051758,201,"SouthEden"
"SouthEden",11.3199996948242,202,"SouthEden"
"SouthEden",10.3800001144409,203,"SouthEden"
"SouthEden",10.8999996185303,204,"SouthEden"
"SouthEden",10.8000001907349,205,"SouthEden"
"SouthEden",11.1899995803833,206,"SouthEden"
"SouthEden",13.6499996185303,207,"SouthEden"
"SouthEden",12.0500001907349,208,"SouthEden"
"SouthEden",11.2799997329712,209,"SouthEden"
"SouthEden",8.85999965667725,210,"SouthEden"
"SouthEden",8.85999965667725,211,"SouthEden"
"SouthEden",8.21000003814697,212,"SouthEden"
"SouthEden",8.5,213,"SouthEden"
"SouthEden",8.93000030517578,214,"SouthEden"
"SouthEden",10.8000001907349,215,"SouthEden"
"SouthEden",12.2299995422363,216,"SouthEden"
"SouthEden",13.3500003814697,217,"SouthEden"
"SouthEden",12.7299995422363,218,"SouthEden"
"SouthEden",12.9899997711182,219,"SouthEden"
"SouthEden",12.5699996948242,220,"SouthEden"
"SouthEden",9.76000022888184,221,"SouthEden"
"SouthEden",9.92000007629395,222,"SouthEden"
"SouthEden",10.1400003433228,223,"SouthEden"
"SouthEden",10.0699996948242,224,"SouthEden"
"SouthEden",10.7299995422363,225,"SouthEden"
"SouthEden",10.3900003433228,226,"SouthEden"
"SouthEden",7.67999982833862,227,"SouthEden"
"SouthEden",8.10999965667725,228,"SouthEden"
"SouthEden",8.56999969482422,229,"SouthEden"
"SouthEden",8.52000045776367,230,"SouthEden"
"SouthEden",10.2399997711182,231,"SouthEden"
"SouthEden",10.4499998092651,232,"SouthEden"
"SouthEden",11.0799999237061,233,"SouthEden"
"SouthEden",10.4099998474121,234,"SouthEden"
"SouthEden",7.73999977111816,235,"SouthEden"
"SouthEden",9.84000015258789,236,"SouthEden"
"SouthEden",7.82000017166138,237,"SouthEden"
"SouthEden",7.5,238,"SouthEden"
"SouthEden",5.34999990463257,239,"SouthEden"
"SouthEden",4.42000007629395,240,"SouthEden"
"SouthEden",6.03999996185303,241,"SouthEden"
"SouthEden",1.50999999046326,242,"SouthEden"
"SouthEden",3.39000010490417,243,"SouthEden"
"SouthEden",4.80000019073486,244,"SouthEden"
"SouthEden",6.34999990463257,245,"SouthEden"
"SouthEden",7.07000017166138,246,"SouthEden"
"SouthEden",9.75,247,"SouthEden"
"SouthEden",7.34000015258789,248,"SouthEden"
"SouthEden",5.19000005722046,249,"SouthEden"
"SouthEden",5.92999982833862,250,"SouthEden"
"SouthEden",7.13000011444092,251,"SouthEden"
"SouthEden",7.8899998664856,252,"SouthEden"
"SouthEden",9.69999980926514,253,"SouthEden"
"SouthEden",8.82999992370605,254,"SouthEden"
"SouthEden",9.28999996185303,255,"SouthEden"
"SouthEden",6.42000007629395,256,"SouthEden"
"SouthEden",-0.140000000596046,257,"SouthEden"
"SouthEden",0.699999988079071,258,"SouthEden"
"SouthEden",3.47000002861023,259,"SouthEden"
"SouthEden",4.82999992370605,260,"SouthEden"
"SouthEden",4.86999988555908,261,"SouthEden"
"SouthEden",4.94999980926514,262,"SouthEden"
"SouthEden",1.23000001907349,263,"SouthEden"
"SouthEden",2.33999991416931,264,"SouthEden"
"SouthEden",3.17000007629395,265,"SouthEden"
"SouthEden",2.69000005722046,266,"SouthEden"
"SouthEden",2.71000003814697,267,"SouthEden"
"SouthEden",3.47000002861023,268,"SouthEden"
"SouthEden",4.98000001907349,269,"SouthEden"
"SouthEden",5.8899998664856,270,"SouthEden"
"SouthEden",4.84000015258789,271,"SouthEden"
"SouthEden",5.42000007629395,272,"SouthEden"
"SouthEden",6.55999994277954,273,"SouthEden"
"SouthEden",5.03000020980835,274,"SouthEden"
"SouthEden",0.52999997138977,275,"SouthEden"
"SouthEden",2.34999990463257,276,"SouthEden"
"SouthEden",2.17000007629395,277,"SouthEden"
"SouthEden",2.60999989509583,278,"SouthEden"
"SouthEden",5.73000001907349,279,"SouthEden"
"SouthEden",1.75999999046326,280,"SouthEden"
"SouthEden",2.76999998092651,281,"SouthEden"
"SouthEden",1.85000002384186,282,"SouthEden"
"SouthEden",3.22000002861023,283,"SouthEden"
"SouthEden",4.05999994277954,284,"SouthEden"
"SouthEden",4.96000003814697,285,"SouthEden"
"SouthEden",3.13000011444092,286,"SouthEden"
"SouthEden",2.79999995231628,287,"SouthEden"
"SouthEden",2.24000000953674,288,"SouthEden"
"SouthEden",2.84999990463257,289,"SouthEden"
"SouthEden",2.50999999046326,290,"SouthEden"
"SouthEden",2.33999991416931,291,"SouthEden"
"SouthEden",0.389999985694885,292,"SouthEden"
"SouthEden",-1.41999995708466,293,"SouthEden"
"SouthEden",-1.76999998092651,294,"SouthEden"
"SouthEden",0.540000021457672,295,"SouthEden"
"SouthEden",0.5,296,"SouthEden"
"SouthEden",-0.8299999833107,297,"SouthEden"
"SouthEden",-1.00999999046326,298,"SouthEden"
"SouthEden",-4.86999988555908,299,"SouthEden"
"SouthEden",-1.87999999523163,300,"SouthEden"
"SouthEden",-0.9200000166893,301,"SouthEden"
"SouthEden",-1.87999999523163,302,"SouthEden"
"SouthEden",-2.08999991416931,303,"SouthEden"
"SouthEden",-4.26000022888184,304,"SouthEden"
"SouthEden",-6.34000015258789,305,"SouthEden"
"SouthEden",-8.39999961853027,306,"SouthEden"
"SouthEden",-6.11999988555908,307,"SouthEden"
"SouthEden",-5.38000011444092,308,"SouthEden"
"SouthEden",-8.60999965667725,309,"SouthEden"
"SouthEden",-6.21999979019165,310,"SouthEden"
"SouthEden",-9.80000019073486,311,"SouthEden"
"SouthEden",-11.6599998474121,312,"SouthEden"
"SouthEden",-9.43000030517578,313,"SouthEden"
"SouthEden",-5.82000017166138,314,"SouthEden"
"SouthEden",-5.65999984741211,315,"SouthEden"
"SouthEden",-4.32999992370605,316,"SouthEden"
"SouthEden",-3.44000005722046,317,"SouthEden"
"SouthEden",-7.84999990463257,318,"SouthEden"
"SouthEden",-4.73999977111816,319,"SouthEden"
"SouthEden",-5.96999979019165,320,"SouthEden"
"SouthEden",-6.15999984741211,321,"SouthEden"
"SouthEden",-8.64999961853027,322,"SouthEden"
"SouthEden",-8.10000038146973,323,"SouthEden"
"SouthEden",-10.7700004577637,324,"SouthEden"
"SouthEden",-14.8100004196167,325,"SouthEden"
"SouthEden",-10.1800003051758,326,"SouthEden"
"SouthEden",-6.88000011444092,327,"SouthEden"
"SouthEden",-5.25,328,"SouthEden"
"SouthEden",-8.28999996185303,329,"SouthEden"
"SouthEden",-13.9499998092651,330,"SouthEden"
"SouthEden",-9.10999965667725,331,"SouthEden"
"SouthEden",-9.97999954223633,332,"SouthEden"
"SouthEden",-14.539999961853,333,"SouthEden"
"SouthEden",-15.3100004196167,334,"SouthEden"
"SouthEden",-14.5600004196167,335,"SouthEden"
"SouthEden",-12.1999998092651,336,"SouthEden"
"SouthEden",-10.1800003051758,337,"SouthEden"
"SouthEden",-8.89000034332275,338,"SouthEden"
"SouthEden",-9.25,339,"SouthEden"
"SouthEden",-8.32999992370605,340,"SouthEden"
"SouthEden",-9.51000022888184,341,"SouthEden"
"SouthEden",-8.73999977111816,342,"SouthEden"
"SouthEden",-8.71000003814697,343,"SouthEden"
"SouthEden",-11.25,344,"SouthEden"
"SouthEden",-12.6499996185303,345,"SouthEden"
"SouthEden",-13.3299999237061,346,"SouthEden"
"SouthEden",-11.710000038147,347,"SouthEden"
"SouthEden",-10.9200000762939,348,"SouthEden"
"SouthEden",-9.43000030517578,349,"SouthEden"
"SouthEden",-7.05000019073486,350,"SouthEden"
"SouthEden",-12.3000001907349,351,"SouthEden"
"SouthEden",-5.94000005722046,352,"SouthEden"
"SouthEden",-9.19999980926514,353,"SouthEden"
"SouthEden",-9.13000011444092,354,"SouthEden"
"SouthEden",-10.4200000762939,355,"SouthEden"
"SouthEden",-9.82999992370605,356,"SouthEden"
"SouthEden",-6.88000011444092,357,"SouthEden"
"SouthEden",-4,358,"SouthEden"
"SouthEden",-5.59999990463257,359,"SouthEden"
"SouthEden",-3.92000007629395,360,"SouthEden"
"SouthEden",-6.73000001907349,361,"SouthEden"
"SouthEden",-7.42000007629395,362,"SouthEden"
"SouthEden",-4.26000022888184,363,"SouthEden"
"SouthEden",-1.36000001430511,364,"SouthEden"
"SouthEden",-7.21000003814697,365,"SouthEden"
"SouthEden",282.100006103516,1,"SouthEden"
"SouthEden",217.75,2,"SouthEden"
"SouthEden",244.520004272461,3,"SouthEden"
"SouthEden",313.799987792969,4,"SouthEden"
"SouthEden",301.529998779297,5,"SouthEden"
"SouthEden",292.859985351562,6,"SouthEden"
"SouthEden",244.649993896484,7,"SouthEden"
"SouthEden",178.100006103516,8,"SouthEden"
"SouthEden",210.410003662109,9,"SouthEden"
"SouthEden",244.850006103516,10,"SouthEden"
"SouthEden",179.600006103516,11,"SouthEden"
"SouthEden",234.669998168945,12,"SouthEden"
"SouthEden",175.570007324219,13,"SouthEden"
"SouthEden",222.660003662109,14,"SouthEden"
"SouthEden",178.470001220703,15,"SouthEden"
"SouthEden",94.0500030517578,16,"SouthEden"
"SouthEden",154.470001220703,17,"SouthEden"
"SouthEden",290.609985351562,18,"SouthEden"
"SouthEden",379.959991455078,19,"SouthEden"
"SouthEden",362.079986572266,20,"SouthEden"
"SouthEden",375.459991455078,21,"SouthEden"
"SouthEden",420.730010986328,22,"SouthEden"
"SouthEden",426.010009765625,23,"SouthEden"
"SouthEden",417.070007324219,24,"SouthEden"
"SouthEden",407.510009765625,25,"SouthEden"
"SouthEden",342.910003662109,26,"SouthEden"
"SouthEden",330.049987792969,27,"SouthEden"
"SouthEden",412.570007324219,28,"SouthEden"
"SouthEden",463.989990234375,29,"SouthEden"
"SouthEden",356.660003662109,30,"SouthEden"
"SouthEden",303.059997558594,31,"SouthEden"
"SouthEden",326.119995117188,32,"SouthEden"
"SouthEden",436.200012207031,33,"SouthEden"
"SouthEden",397.940002441406,34,"SouthEden"
"SouthEden",369.799987792969,35,"SouthEden"
"SouthEden",392.130004882812,36,"SouthEden"
"SouthEden",443.369995117188,37,"SouthEden"
"SouthEden",471.279998779297,38,"SouthEden"
"SouthEden",339.089996337891,39,"SouthEden"
"SouthEden",269.239990234375,40,"SouthEden"
"SouthEden",154.009994506836,41,"SouthEden"
"SouthEden",162.630004882812,42,"SouthEden"
"SouthEden",195.929992675781,43,"SouthEden"
"SouthEden",221.479995727539,44,"SouthEden"
"SouthEden",309.730010986328,45,"SouthEden"
"SouthEden",416.920013427734,46,"SouthEden"
"SouthEden",348.329986572266,47,"SouthEden"
"SouthEden",183.860000610352,48,"SouthEden"
"SouthEden",193.160003662109,49,"SouthEden"
"SouthEden",235.199996948242,50,"SouthEden"
"SouthEden",287.470001220703,51,"SouthEden"
"SouthEden",405.040008544922,52,"SouthEden"
"SouthEden",339.859985351562,53,"SouthEden"
"SouthEden",272.239990234375,54,"SouthEden"
"SouthEden",257.529998779297,55,"SouthEden"
"SouthEden",288.570007324219,56,"SouthEden"
"SouthEden",253.929992675781,57,"SouthEden"
"SouthEden",281.649993896484,58,"SouthEden"
"SouthEden",225.160003662109,59,"SouthEden"
"SouthEden",224.210006713867,60,"SouthEden"
"SouthEden",362.160003662109,61,"SouthEden"
"SouthEden",326.390014648438,62,"SouthEden"
"SouthEden",242.899993896484,63,"SouthEden"
"SouthEden",184.360000610352,64,"SouthEden"
"SouthEden",165.899993896484,65,"SouthEden"
"SouthEden",265.399993896484,66,"SouthEden"
"SouthEden",357.649993896484,67,"SouthEden"
"SouthEden",174.25,68,"SouthEden"
"SouthEden",157.199996948242,69,"SouthEden"
"SouthEden",209.520004272461,70,"SouthEden"
"SouthEden",300.190002441406,71,"SouthEden"
"SouthEden",376.109985351562,72,"SouthEden"
"SouthEden",390.019989013672,73,"SouthEden"
"SouthEden",411.429992675781,74,"SouthEden"
"SouthEden",376.420013427734,75,"SouthEden"
"SouthEden",355.489990234375,76,"SouthEden"
"SouthEden",356.679992675781,77,"SouthEden"
"SouthEden",370.010009765625,78,"SouthEden"
"SouthEden",369.880004882812,79,"SouthEden"
"SouthEden",379.839996337891,80,"SouthEden"
"SouthEden",418.459991455078,81,"SouthEden"
"SouthEden",473.019989013672,82,"SouthEden"
"SouthEden",483.859985351562,83,"SouthEden"
"SouthEden",483.410003662109,84,"SouthEden"
"SouthEden",367.760009765625,85,"SouthEden"
"SouthEden",379.880004882812,86,"SouthEden"
"SouthEden",375.220001220703,87,"SouthEden"
"SouthEden",408.730010986328,88,"SouthEden"
"SouthEden",444.160003662109,89,"SouthEden"
"SouthEden",453.029998779297,90,"SouthEden"
"SouthEden",513.719970703125,91,"SouthEden"
"SouthEden",476.75,92,"SouthEden"
"SouthEden",385.600006103516,93,"SouthEden"
"SouthEden",420.420013427734,94,"SouthEden"
"SouthEden",519.929992675781,95,"SouthEden"
"SouthEden",491.559997558594,96,"SouthEden"
"SouthEden",423.079986572266,97,"SouthEden"
"SouthEden",420.380004882812,98,"SouthEden"
"SouthEden",399.359985351562,99,"SouthEden"
"SouthEden",373.459991455078,100,"SouthEden"
"SouthEden",444.450012207031,101,"SouthEden"
"SouthEden",450.040008544922,102,"SouthEden"
"SouthEden",483.839996337891,103,"SouthEden"
"SouthEden",600.140014648438,104,"SouthEden"
"SouthEden",526.27001953125,105,"SouthEden"
"SouthEden",592.840026855469,106,"SouthEden"
"SouthEden",715.039978027344,107,"SouthEden"
"SouthEden",574.219970703125,108,"SouthEden"
"SouthEden",295.5,109,"SouthEden"
"SouthEden",314.839996337891,110,"SouthEden"
"SouthEden",395.959991455078,111,"SouthEden"
"SouthEden",380.269989013672,112,"SouthEden"
"SouthEden",455.459991455078,113,"SouthEden"
"SouthEden",460.959991455078,114,"SouthEden"
"SouthEden",516.700012207031,115,"SouthEden"
"SouthEden",553.630004882812,116,"SouthEden"
"SouthEden",727.77001953125,117,"SouthEden"
"SouthEden",705.570007324219,118,"SouthEden"
"SouthEden",640.090026855469,119,"SouthEden"
"SouthEden",540.940002441406,120,"SouthEden"
"SouthEden",452.160003662109,121,"SouthEden"
"SouthEden",520,122,"SouthEden"
"SouthEden",390.619995117188,123,"SouthEden"
"SouthEden",508.25,124,"SouthEden"
"SouthEden",303.339996337891,125,"SouthEden"
"SouthEden",601.840026855469,126,"SouthEden"
"SouthEden",546.900024414062,127,"SouthEden"
"SouthEden",559.549987792969,128,"SouthEden"
"SouthEden",500.730010986328,129,"SouthEden"
"SouthEden",519.099975585938,130,"SouthEden"
"SouthEden",496.079986572266,131,"SouthEden"
"SouthEden",460.929992675781,132,"SouthEden"
"SouthEden",505.230010986328,133,"SouthEden"
"SouthEden",537.580017089844,134,"SouthEden"
"SouthEden",557.02001953125,135,"SouthEden"
"SouthEden",566.349975585938,136,"SouthEden"
"SouthEden",518.460021972656,137,"SouthEden"
"SouthEden",648.27001953125,138,"SouthEden"
"SouthEden",484.140014648438,139,"SouthEden"
"SouthEden",653.619995117188,140,"SouthEden"
"SouthEden",536.369995117188,141,"SouthEden"
"SouthEden",362.309997558594,142,"SouthEden"
"SouthEden",343.290008544922,143,"SouthEden"
"SouthEden",403.369995117188,144,"SouthEden"
"SouthEden",258.25,145,"SouthEden"
"SouthEden",581.369995117188,146,"SouthEden"
"SouthEden",487.690002441406,147,"SouthEden"
"SouthEden",342.989990234375,148,"SouthEden"
"SouthEden",337.690002441406,149,"SouthEden"
"SouthEden",404.950012207031,150,"SouthEden"
"SouthEden",374.510009765625,151,"SouthEden"
"SouthEden",331.600006103516,152,"SouthEden"
"SouthEden",338.529998779297,153,"SouthEden"
"SouthEden",528.640014648438,154,"SouthEden"
"SouthEden",868.669982910156,155,"SouthEden"
"SouthEden",788.630004882812,156,"SouthEden"
"SouthEden",402.809997558594,157,"SouthEden"
"SouthEden",376.260009765625,158,"SouthEden"
"SouthEden",601.840026855469,159,"SouthEden"
"SouthEden",653.200012207031,160,"SouthEden"
"SouthEden",555.330017089844,161,"SouthEden"
"SouthEden",576.820007324219,162,"SouthEden"
"SouthEden",351.730010986328,163,"SouthEden"
"SouthEden",370.769989013672,164,"SouthEden"
"SouthEden",432.920013427734,165,"SouthEden"
"SouthEden",450.429992675781,166,"SouthEden"
"SouthEden",552.909973144531,167,"SouthEden"
"SouthEden",418.890014648438,168,"SouthEden"
"SouthEden",358.869995117188,169,"SouthEden"
"SouthEden",244.300003051758,170,"SouthEden"
"SouthEden",231.529998779297,171,"SouthEden"
"SouthEden",349.109985351562,172,"SouthEden"
"SouthEden",464.769989013672,173,"SouthEden"
"SouthEden",350.350006103516,174,"SouthEden"
"SouthEden",417.209991455078,175,"SouthEden"
"SouthEden",472.630004882812,176,"SouthEden"
"SouthEden",434.5,177,"SouthEden"
"SouthEden",474.410003662109,178,"SouthEden"
"SouthEden",477.700012207031,179,"SouthEden"
"SouthEden",350.320007324219,180,"SouthEden"
"SouthEden",338.640014648438,181,"SouthEden"
"SouthEden",408.279998779297,182,"SouthEden"
"SouthEden",430.170013427734,183,"SouthEden"
"SouthEden",314.190002441406,184,"SouthEden"
"SouthEden",313.130004882812,185,"SouthEden"
"SouthEden",295.339996337891,186,"SouthEden"
"SouthEden",308.529998779297,187,"SouthEden"
"SouthEden",362.420013427734,188,"SouthEden"
"SouthEden",387.290008544922,189,"SouthEden"
"SouthEden",373.790008544922,190,"SouthEden"
"SouthEden",418.209991455078,191,"SouthEden"
"SouthEden",448.420013427734,192,"SouthEden"
"SouthEden",477.75,193,"SouthEden"
"SouthEden",501.410003662109,194,"SouthEden"
"SouthEden",559.309997558594,195,"SouthEden"
"SouthEden",582.909973144531,196,"SouthEden"
"SouthEden",559.390014648438,197,"SouthEden"
"SouthEden",493.739990234375,198,"SouthEden"
"SouthEden",469.519989013672,199,"SouthEden"
"SouthEden",506.75,200,"SouthEden"
"SouthEden",523.880004882812,201,"SouthEden"
"SouthEden",493.010009765625,202,"SouthEden"
"SouthEden",461.299987792969,203,"SouthEden"
"SouthEden",478.839996337891,204,"SouthEden"
"SouthEden",475.410003662109,205,"SouthEden"
"SouthEden",488.700012207031,206,"SouthEden"
"SouthEden",580.609985351562,207,"SouthEden"
"SouthEden",519.309997558594,208,"SouthEden"
"SouthEden",491.839996337891,209,"SouthEden"
"SouthEden",413.619995117188,210,"SouthEden"
"SouthEden",413.510009765625,211,"SouthEden"
"SouthEden",394.570007324219,212,"SouthEden"
"SouthEden",403.010009765625,213,"SouthEden"
"SouthEden",415.75,214,"SouthEden"
"SouthEden",475.290008544922,215,"SouthEden"
"SouthEden",526,216,"SouthEden"
"SouthEden",568.820007324219,217,"SouthEden"
"SouthEden",544.570007324219,218,"SouthEden"
"SouthEden",554.640014648438,219,"SouthEden"
"SouthEden",538.700012207031,220,"SouthEden"
"SouthEden",441.25,221,"SouthEden"
"SouthEden",446.350006103516,222,"SouthEden"
"SouthEden",453.350006103516,223,"SouthEden"
"SouthEden",451.200012207031,224,"SouthEden"
"SouthEden",472.890014648438,225,"SouthEden"
"SouthEden",695.130004882812,226,"SouthEden"
"SouthEden",395.660003662109,227,"SouthEden"
"SouthEden",391.630004882812,228,"SouthEden"
"SouthEden",405.179992675781,229,"SouthEden"
"SouthEden",534.760009765625,230,"SouthEden"
"SouthEden",691.140014648438,231,"SouthEden"
"SouthEden",516.789978027344,232,"SouthEden"
"SouthEden",531.400024414062,233,"SouthEden"
"SouthEden",515.780029296875,234,"SouthEden"
"SouthEden",404.890014648438,235,"SouthEden"
"SouthEden",553.950012207031,236,"SouthEden"
"SouthEden",392.399993896484,237,"SouthEden"
"SouthEden",451.760009765625,238,"SouthEden"
"SouthEden",406.920013427734,239,"SouthEden"
"SouthEden",298.350006103516,240,"SouthEden"
"SouthEden",342.779998779297,241,"SouthEden"
"SouthEden",239.339996337891,242,"SouthEden"
"SouthEden",276.230010986328,243,"SouthEden"
"SouthEden",307.079986572266,244,"SouthEden"
"SouthEden",344.420013427734,245,"SouthEden"
"SouthEden",363.089996337891,246,"SouthEden"
"SouthEden",440.959991455078,247,"SouthEden"
"SouthEden",400.630004882812,248,"SouthEden"
"SouthEden",332.720001220703,249,"SouthEden"
"SouthEden",333.829986572266,250,"SouthEden"
"SouthEden",364.779998779297,251,"SouthEden"
"SouthEden",385.450012207031,252,"SouthEden"
"SouthEden",450.630004882812,253,"SouthEden"
"SouthEden",435.049987792969,254,"SouthEden"
"SouthEden",699.469970703125,255,"SouthEden"
"SouthEden",599.72998046875,256,"SouthEden"
"SouthEden",317.589996337891,257,"SouthEden"
"SouthEden",272.429992675781,258,"SouthEden"
"SouthEden",451.619995117188,259,"SouthEden"
"SouthEden",426.25,260,"SouthEden"
"SouthEden",811.22998046875,261,"SouthEden"
"SouthEden",742.659973144531,262,"SouthEden"
"SouthEden",419.049987792969,263,"SouthEden"
"SouthEden",431.239990234375,264,"SouthEden"
"SouthEden",481.739990234375,265,"SouthEden"
"SouthEden",459.329986572266,266,"SouthEden"
"SouthEden",476.480010986328,267,"SouthEden"
"SouthEden",487.899993896484,268,"SouthEden"
"SouthEden",501,269,"SouthEden"
"SouthEden",564.070007324219,270,"SouthEden"
"SouthEden",524.890014648438,271,"SouthEden"
"SouthEden",536.169982910156,272,"SouthEden"
"SouthEden",578.059997558594,273,"SouthEden"
"SouthEden",606.369995117188,274,"SouthEden"
"SouthEden",420.440002441406,275,"SouthEden"
"SouthEden",461.630004882812,276,"SouthEden"
"SouthEden",478.049987792969,277,"SouthEden"
"SouthEden",459.339996337891,278,"SouthEden"
"SouthEden",685.840026855469,279,"SouthEden"
"SouthEden",474.459991455078,280,"SouthEden"
"SouthEden",516.450012207031,281,"SouthEden"
"SouthEden",481.140014648438,282,"SouthEden"
"SouthEden",535.809997558594,283,"SouthEden"
"SouthEden",594.380004882812,284,"SouthEden"
"SouthEden",650.530029296875,285,"SouthEden"
"SouthEden",569.599975585938,286,"SouthEden"
"SouthEden",566.039978027344,287,"SouthEden"
"SouthEden",536.989990234375,288,"SouthEden"
"SouthEden",574.859985351562,289,"SouthEden"
"SouthEden",569.02001953125,290,"SouthEden"
"SouthEden",722.700012207031,291,"SouthEden"
"SouthEden",628.460021972656,292,"SouthEden"
"SouthEden",543.510009765625,293,"SouthEden"
"SouthEden",475.679992675781,294,"SouthEden"
"SouthEden",589.320007324219,295,"SouthEden"
"SouthEden",588,296,"SouthEden"
"SouthEden",507.799987792969,297,"SouthEden"
"SouthEden",540.159973144531,298,"SouthEden"
"SouthEden",381.579986572266,299,"SouthEden"
"SouthEden",383.109985351562,300,"SouthEden"
"SouthEden",407.880004882812,301,"SouthEden"
"SouthEden",485.149993896484,302,"SouthEden"
"SouthEden",523.760009765625,303,"SouthEden"
"SouthEden",445.399993896484,304,"SouthEden"
"SouthEden",380.220001220703,305,"SouthEden"
"SouthEden",324.170013427734,306,"SouthEden"
"SouthEden",386.760009765625,307,"SouthEden"
"SouthEden",409.350006103516,308,"SouthEden"
"SouthEden",319.089996337891,309,"SouthEden"
"SouthEden",383.730010986328,310,"SouthEden"
"SouthEden",290.450012207031,311,"SouthEden"
"SouthEden",250.529998779297,312,"SouthEden"
"SouthEden",291.829986572266,313,"SouthEden"
"SouthEden",387.869995117188,314,"SouthEden"
"SouthEden",381.380004882812,315,"SouthEden"
"SouthEden",366.820007324219,316,"SouthEden"
"SouthEden",454.019989013672,317,"SouthEden"
"SouthEden",310.75,318,"SouthEden"
"SouthEden",384.089996337891,319,"SouthEden"
"SouthEden",357.019989013672,320,"SouthEden"
"SouthEden",385.570007324219,321,"SouthEden"
"SouthEden",298.869995117188,322,"SouthEden"
"SouthEden",331.799987792969,323,"SouthEden"
"SouthEden",268.839996337891,324,"SouthEden"
"SouthEden",180.729995727539,325,"SouthEden"
"SouthEden",251.149993896484,326,"SouthEden"
"SouthEden",319.730010986328,327,"SouthEden"
"SouthEden",411.880004882812,328,"SouthEden"
"SouthEden",326.950012207031,329,"SouthEden"
"SouthEden",207.979995727539,330,"SouthEden"
"SouthEden",306.760009765625,331,"SouthEden"
"SouthEden",286.369995117188,332,"SouthEden"
"SouthEden",198.149993896484,333,"SouthEden"
"SouthEden",185.919998168945,334,"SouthEden"
"SouthEden",197.740005493164,335,"SouthEden"
"SouthEden",239.820007324219,336,"SouthEden"
"SouthEden",281.829986572266,337,"SouthEden"
"SouthEden",312.059997558594,338,"SouthEden"
"SouthEden",303.230010986328,339,"SouthEden"
"SouthEden",325.950012207031,340,"SouthEden"
"SouthEden",297.170013427734,341,"SouthEden"
"SouthEden",315.75,342,"SouthEden"
"SouthEden",316.480010986328,343,"SouthEden"
"SouthEden",258.809997558594,344,"SouthEden"
"SouthEden",231.220001220703,345,"SouthEden"
"SouthEden",218.850006103516,346,"SouthEden"
"SouthEden",249.490005493164,347,"SouthEden"
"SouthEden",265.769989013672,348,"SouthEden"
"SouthEden",299.170013427734,349,"SouthEden"
"SouthEden",359.959991455078,350,"SouthEden"
"SouthEden",237.759994506836,351,"SouthEden"
"SouthEden",392,352,"SouthEden"
"SouthEden",304.519989013672,353,"SouthEden"
"SouthEden",306.200012207031,354,"SouthEden"
"SouthEden",276.450012207031,355,"SouthEden"
"SouthEden",289.779998779297,356,"SouthEden"
"SouthEden",364.859985351562,357,"SouthEden"
"SouthEden",454.220001220703,358,"SouthEden"
"SouthEden",402.609985351562,359,"SouthEden"
"SouthEden",457.190002441406,360,"SouthEden"
"SouthEden",369,361,"SouthEden"
"SouthEden",349.859985351562,362,"SouthEden"
"SouthEden",445.600006103516,363,"SouthEden"
"SouthEden",553,364,"SouthEden"
"SouthEden",355.579986572266,365,"SouthEden"
"SSHigh",31441.25,1,"SSHigh"
"SSHigh",31490.5,2,"SSHigh"
"SSHigh",31543.759765625,3,"SSHigh"
"SSHigh",31600.990234375,4,"SSHigh"
"SSHigh",31662.150390625,5,"SSHigh"
"SSHigh",31727.189453125,6,"SSHigh"
"SSHigh",31796.060546875,7,"SSHigh"
"SSHigh",31868.720703125,8,"SSHigh"
"SSHigh",31945.099609375,9,"SSHigh"
"SSHigh",32025.150390625,10,"SSHigh"
"SSHigh",32108.8203125,11,"SSHigh"
"SSHigh",32196.0390625,12,"SSHigh"
"SSHigh",32286.759765625,13,"SSHigh"
"SSHigh",32380.900390625,14,"SSHigh"
"SSHigh",32478.41015625,15,"SSHigh"
"SSHigh",32579.220703125,16,"SSHigh"
"SSHigh",32683.259765625,17,"SSHigh"
"SSHigh",32790.48046875,18,"SSHigh"
"SSHigh",32900.7890625,19,"SSHigh"
"SSHigh",33014.12890625,20,"SSHigh"
"SSHigh",33130.44140625,21,"SSHigh"
"SSHigh",33249.62890625,22,"SSHigh"
"SSHigh",33371.66015625,23,"SSHigh"
"SSHigh",33496.4296875,24,"SSHigh"
"SSHigh",33623.890625,25,"SSHigh"
"SSHigh",33753.9609375,26,"SSHigh"
"SSHigh",33886.5703125,27,"SSHigh"
"SSHigh",34021.6484375,28,"SSHigh"
"SSHigh",34159.1484375,29,"SSHigh"
"SSHigh",34298.96875,30,"SSHigh"
"SSHigh",34441.0703125,31,"SSHigh"
"SSHigh",34585.359375,32,"SSHigh"
"SSHigh",34731.7890625,33,"SSHigh"
"SSHigh",34880.28125,34,"SSHigh"
"SSHigh",35030.78125,35,"SSHigh"
"SSHigh",35183.2109375,36,"SSHigh"
"SSHigh",35337.51171875,37,"SSHigh"
"SSHigh",35493.62890625,38,"SSHigh"
"SSHigh",35651.48828125,39,"SSHigh"
"SSHigh",35811.0390625,40,"SSHigh"
"SSHigh",35972.21875,41,"SSHigh"
"SSHigh",36134.9609375,42,"SSHigh"
"SSHigh",36299.21875,43,"SSHigh"
"SSHigh",36464.9296875,44,"SSHigh"
"SSHigh",36632.05078125,45,"SSHigh"
"SSHigh",36800.5,46,"SSHigh"
"SSHigh",36970.25,47,"SSHigh"
"SSHigh",37141.25,48,"SSHigh"
"SSHigh",37313.4296875,49,"SSHigh"
"SSHigh",37486.75,50,"SSHigh"
"SSHigh",37661.16015625,51,"SSHigh"
"SSHigh",37836.609375,52,"SSHigh"
"SSHigh",38013.05859375,53,"SSHigh"
"SSHigh",38190.46875,54,"SSHigh"
"SSHigh",38368.78125,55,"SSHigh"
"SSHigh",38547.9609375,56,"SSHigh"
"SSHigh",38727.9609375,57,"SSHigh"
"SSHigh",38908.73828125,58,"SSHigh"
"SSHigh",39090.26171875,59,"SSHigh"
"SSHigh",39272.48046875,60,"SSHigh"
"SSHigh",39455.37109375,61,"SSHigh"
"SSHigh",39638.87890625,62,"SSHigh"
"SSHigh",39822.98046875,63,"SSHigh"
"SSHigh",40007.640625,64,"SSHigh"
"SSHigh",40192.80859375,65,"SSHigh"
"SSHigh",40378.46875,66,"SSHigh"
"SSHigh",40564.5703125,67,"SSHigh"
"SSHigh",40751.1015625,68,"SSHigh"
"SSHigh",40938.01171875,69,"SSHigh"
"SSHigh",41125.26953125,70,"SSHigh"
"SSHigh",41312.8515625,71,"SSHigh"
"SSHigh",41500.73046875,72,"SSHigh"
"SSHigh",41688.859375,73,"SSHigh"
"SSHigh",41877.23046875,74,"SSHigh"
"SSHigh",42065.80078125,75,"SSHigh"
"SSHigh",42254.5390625,76,"SSHigh"
"SSHigh",42443.421875,77,"SSHigh"
"SSHigh",42632.41015625,78,"SSHigh"
"SSHigh",42821.48828125,79,"SSHigh"
"SSHigh",43010.62890625,80,"SSHigh"
"SSHigh",43199.7890625,81,"SSHigh"
"SSHigh",43388.9609375,82,"SSHigh"
"SSHigh",43578.1015625,83,"SSHigh"
"SSHigh",43767.1796875,84,"SSHigh"
"SSHigh",43956.171875,85,"SSHigh"
"SSHigh",44145.05078125,86,"SSHigh"
"SSHigh",44333.7890625,87,"SSHigh"
"SSHigh",44522.359375,88,"SSHigh"
"SSHigh",44710.71875,89,"SSHigh"
"SSHigh",44898.859375,90,"SSHigh"
"SSHigh",45086.73828125,91,"SSHigh"
"SSHigh",45274.3203125,92,"SSHigh"
"SSHigh",45461.578125,93,"SSHigh"
"SSHigh",45648.48828125,94,"SSHigh"
"SSHigh",45835.01953125,95,"SSHigh"
"SSHigh",46021.12890625,96,"SSHigh"
"SSHigh",46206.78125,97,"SSHigh"
"SSHigh",46391.9609375,98,"SSHigh"
"SSHigh",46576.62109375,99,"SSHigh"
"SSHigh",46760.71875,100,"SSHigh"
"SSHigh",46944.23046875,101,"SSHigh"
"SSHigh",47127.12109375,102,"SSHigh"
"SSHigh",47309.33984375,103,"SSHigh"
"SSHigh",47490.87109375,104,"SSHigh"
"SSHigh",47671.6484375,105,"SSHigh"
"SSHigh",47851.6484375,106,"SSHigh"
"SSHigh",48030.828125,107,"SSHigh"
"SSHigh",48209.140625,108,"SSHigh"
"SSHigh",48386.55078125,109,"SSHigh"
"SSHigh",48563,110,"SSHigh"
"SSHigh",48738.4609375,111,"SSHigh"
"SSHigh",48912.87109375,112,"SSHigh"
"SSHigh",49086.19921875,113,"SSHigh"
"SSHigh",49258.37890625,114,"SSHigh"
"SSHigh",49429.37109375,115,"SSHigh"
"SSHigh",49599.12890625,116,"SSHigh"
"SSHigh",49767.58984375,117,"SSHigh"
"SSHigh",49934.69921875,118,"SSHigh"
"SSHigh",50100.421875,119,"SSHigh"
"SSHigh",50264.6796875,120,"SSHigh"
"SSHigh",50427.4296875,121,"SSHigh"
"SSHigh",50588.609375,122,"SSHigh"
"SSHigh",50748.171875,123,"SSHigh"
"SSHigh",50906.03125,124,"SSHigh"
"SSHigh",51062.1484375,125,"SSHigh"
"SSHigh",51216.4609375,126,"SSHigh"
"SSHigh",51368.890625,127,"SSHigh"
"SSHigh",51519.390625,128,"SSHigh"
"SSHigh",51667.890625,129,"SSHigh"
"SSHigh",51814.3203125,130,"SSHigh"
"SSHigh",51958.62109375,131,"SSHigh"
"SSHigh",52100.71875,132,"SSHigh"
"SSHigh",52240.55078125,133,"SSHigh"
"SSHigh",52378.05078125,134,"SSHigh"
"SSHigh",52513.140625,135,"SSHigh"
"SSHigh",52645.76171875,136,"SSHigh"
"SSHigh",52775.828125,137,"SSHigh"
"SSHigh",52903.2890625,138,"SSHigh"
"SSHigh",53028.0703125,139,"SSHigh"
"SSHigh",53150.1015625,140,"SSHigh"
"SSHigh",53269.30859375,141,"SSHigh"
"SSHigh",53385.62109375,142,"SSHigh"
"SSHigh",53498.96875,143,"SSHigh"
"SSHigh",53609.2890625,144,"SSHigh"
"SSHigh",53716.51171875,145,"SSHigh"
"SSHigh",53820.55859375,146,"SSHigh"
"SSHigh",53921.37890625,147,"SSHigh"
"SSHigh",54018.890625,148,"SSHigh"
"SSHigh",54113.0390625,149,"SSHigh"
"SSHigh",54203.76171875,150,"SSHigh"
"SSHigh",54290.98828125,151,"SSHigh"
"SSHigh",54374.671875,152,"SSHigh"
"SSHigh",54454.73046875,153,"SSHigh"
"SSHigh",54531.12109375,154,"SSHigh"
"SSHigh",54603.78125,155,"SSHigh"
"SSHigh",54672.66015625,156,"SSHigh"
"SSHigh",54737.7109375,157,"SSHigh"
"SSHigh",54798.87890625,158,"SSHigh"
"SSHigh",54856.12109375,159,"SSHigh"
"SSHigh",54909.390625,160,"SSHigh"
"SSHigh",54958.640625,161,"SSHigh"
"SSHigh",55003.83984375,162,"SSHigh"
"SSHigh",55044.94921875,163,"SSHigh"
"SSHigh",55081.94140625,164,"SSHigh"
"SSHigh",55114.78125,165,"SSHigh"
"SSHigh",55143.4296875,166,"SSHigh"
"SSHigh",55167.890625,167,"SSHigh"
"SSHigh",55188.12109375,168,"SSHigh"
"SSHigh",55204.12109375,169,"SSHigh"
"SSHigh",55215.859375,170,"SSHigh"
"SSHigh",55223.33984375,171,"SSHigh"
"SSHigh",55226.55078125,172,"SSHigh"
"SSHigh",55225.48828125,173,"SSHigh"
"SSHigh",55220.16015625,174,"SSHigh"
"SSHigh",55210.5703125,175,"SSHigh"
"SSHigh",55196.71875,176,"SSHigh"
"SSHigh",55178.62109375,177,"SSHigh"
"SSHigh",55156.30078125,178,"SSHigh"
"SSHigh",55129.76171875,179,"SSHigh"
"SSHigh",55099.01953125,180,"SSHigh"
"SSHigh",55064.12890625,181,"SSHigh"
"SSHigh",55025.08984375,182,"SSHigh"
"SSHigh",54981.94921875,183,"SSHigh"
"SSHigh",54934.73828125,184,"SSHigh"
"SSHigh",54883.48828125,185,"SSHigh"
"SSHigh",54828.25,186,"SSHigh"
"SSHigh",54769.05078125,187,"SSHigh"
"SSHigh",54705.9609375,188,"SSHigh"
"SSHigh",54639,189,"SSHigh"
"SSHigh",54568.23828125,190,"SSHigh"
"SSHigh",54493.71875,191,"SSHigh"
"SSHigh",54415.5,192,"SSHigh"
"SSHigh",54333.640625,193,"SSHigh"
"SSHigh",54248.19921875,194,"SSHigh"
"SSHigh",54159.23046875,195,"SSHigh"
"SSHigh",54066.80078125,196,"SSHigh"
"SSHigh",53970.98046875,197,"SSHigh"
"SSHigh",53871.8203125,198,"SSHigh"
"SSHigh",53769.390625,199,"SSHigh"
"SSHigh",53663.76171875,200,"SSHigh"
"SSHigh",53554.98828125,201,"SSHigh"
"SSHigh",53443.16015625,202,"SSHigh"
"SSHigh",53328.33984375,203,"SSHigh"
"SSHigh",53210.578125,204,"SSHigh"
"SSHigh",53089.96875,205,"SSHigh"
"SSHigh",52966.5703125,206,"SSHigh"
"SSHigh",52840.44921875,207,"SSHigh"
"SSHigh",52711.69140625,208,"SSHigh"
"SSHigh",52580.33984375,209,"SSHigh"
"SSHigh",52446.48828125,210,"SSHigh"
"SSHigh",52310.19921875,211,"SSHigh"
"SSHigh",52171.53125,212,"SSHigh"
"SSHigh",52030.5703125,213,"SSHigh"
"SSHigh",51887.37109375,214,"SSHigh"
"SSHigh",51742.01171875,215,"SSHigh"
"SSHigh",51594.55078125,216,"SSHigh"
"SSHigh",51445.05078125,217,"SSHigh"
"SSHigh",51293.578125,218,"SSHigh"
"SSHigh",51140.2109375,219,"SSHigh"
"SSHigh",50985,220,"SSHigh"
"SSHigh",50828,221,"SSHigh"
"SSHigh",50669.2890625,222,"SSHigh"
"SSHigh",50508.9296875,223,"SSHigh"
"SSHigh",50346.9609375,224,"SSHigh"
"SSHigh",50183.44921875,225,"SSHigh"
"SSHigh",50018.4609375,226,"SSHigh"
"SSHigh",49852.05078125,227,"SSHigh"
"SSHigh",49684.26171875,228,"SSHigh"
"SSHigh",49515.1484375,229,"SSHigh"
"SSHigh",49344.78125,230,"SSHigh"
"SSHigh",49173.19140625,231,"SSHigh"
"SSHigh",49000.4296875,232,"SSHigh"
"SSHigh",48826.55859375,233,"SSHigh"
"SSHigh",48651.62890625,234,"SSHigh"
"SSHigh",48475.671875,235,"SSHigh"
"SSHigh",48298.73828125,236,"SSHigh"
"SSHigh",48120.87890625,237,"SSHigh"
"SSHigh",47942.12890625,238,"SSHigh"
"SSHigh",47762.5390625,239,"SSHigh"
"SSHigh",47582.140625,240,"SSHigh"
"SSHigh",47400.98828125,241,"SSHigh"
"SSHigh",47219.109375,242,"SSHigh"
"SSHigh",47036.55859375,243,"SSHigh"
"SSHigh",46853.3515625,244,"SSHigh"
"SSHigh",46669.5390625,245,"SSHigh"
"SSHigh",46485.16015625,246,"SSHigh"
"SSHigh",46300.23828125,247,"SSHigh"
"SSHigh",46114.828125,248,"SSHigh"
"SSHigh",45928.94140625,249,"SSHigh"
"SSHigh",45742.62109375,250,"SSHigh"
"SSHigh",45555.8984375,251,"SSHigh"
"SSHigh",45368.80859375,252,"SSHigh"
"SSHigh",45181.390625,253,"SSHigh"
"SSHigh",44993.6484375,254,"SSHigh"
"SSHigh",44805.6484375,255,"SSHigh"
"SSHigh",44617.390625,256,"SSHigh"
"SSHigh",44428.921875,257,"SSHigh"
"SSHigh",44240.26953125,258,"SSHigh"
"SSHigh",44051.44921875,259,"SSHigh"
"SSHigh",43862.51171875,260,"SSHigh"
"SSHigh",43673.46875,261,"SSHigh"
"SSHigh",43484.359375,262,"SSHigh"
"SSHigh",43295.2109375,263,"SSHigh"
"SSHigh",43106.0390625,264,"SSHigh"
"SSHigh",42916.87890625,265,"SSHigh"
"SSHigh",42727.76953125,266,"SSHigh"
"SSHigh",42538.73046875,267,"SSHigh"
"SSHigh",42349.7890625,268,"SSHigh"
"SSHigh",42160.96875,269,"SSHigh"
"SSHigh",41972.3203125,270,"SSHigh"
"SSHigh",41783.83984375,271,"SSHigh"
"SSHigh",41595.58984375,272,"SSHigh"
"SSHigh",41407.578125,273,"SSHigh"
"SSHigh",41219.83984375,274,"SSHigh"
"SSHigh",41032.421875,275,"SSHigh"
"SSHigh",40845.3203125,276,"SSHigh"
"SSHigh",40658.6015625,277,"SSHigh"
"SSHigh",40472.28125,278,"SSHigh"
"SSHigh",40286.390625,279,"SSHigh"
"SSHigh",40100.96875,280,"SSHigh"
"SSHigh",39916.05078125,281,"SSHigh"
"SSHigh",39731.66015625,282,"SSHigh"
"SSHigh",39547.8515625,283,"SSHigh"
"SSHigh",39364.640625,284,"SSHigh"
"SSHigh",39182.078125,285,"SSHigh"
"SSHigh",39000.19921875,286,"SSHigh"
"SSHigh",38819.0390625,287,"SSHigh"
"SSHigh",38638.640625,288,"SSHigh"
"SSHigh",38459.05078125,289,"SSHigh"
"SSHigh",38280.2890625,290,"SSHigh"
"SSHigh",38102.4296875,291,"SSHigh"
"SSHigh",37925.48828125,292,"SSHigh"
"SSHigh",37749.51953125,293,"SSHigh"
"SSHigh",37574.578125,294,"SSHigh"
"SSHigh",37400.69921875,295,"SSHigh"
"SSHigh",37227.94140625,296,"SSHigh"
"SSHigh",37056.3515625,297,"SSHigh"
"SSHigh",36885.9609375,298,"SSHigh"
"SSHigh",36716.8515625,299,"SSHigh"
"SSHigh",36549.05078125,300,"SSHigh"
"SSHigh",36382.62109375,301,"SSHigh"
"SSHigh",36217.62109375,302,"SSHigh"
"SSHigh",36054.109375,303,"SSHigh"
"SSHigh",35892.12890625,304,"SSHigh"
"SSHigh",35731.75,305,"SSHigh"
"SSHigh",35573.03125,306,"SSHigh"
"SSHigh",35416.03125,307,"SSHigh"
"SSHigh",35260.80078125,308,"SSHigh"
"SSHigh",35107.421875,309,"SSHigh"
"SSHigh",34955.94140625,310,"SSHigh"
"SSHigh",34806.4296875,311,"SSHigh"
"SSHigh",34658.94921875,312,"SSHigh"
"SSHigh",34513.5703125,313,"SSHigh"
"SSHigh",34370.359375,314,"SSHigh"
"SSHigh",34229.37890625,315,"SSHigh"
"SSHigh",34090.7109375,316,"SSHigh"
"SSHigh",33954.3984375,317,"SSHigh"
"SSHigh",33820.53125,318,"SSHigh"
"SSHigh",33689.171875,319,"SSHigh"
"SSHigh",33560.37890625,320,"SSHigh"
"SSHigh",33434.25,321,"SSHigh"
"SSHigh",33310.828125,322,"SSHigh"
"SSHigh",33190.19921875,323,"SSHigh"
"SSHigh",33072.4296875,324,"SSHigh"
"SSHigh",32957.578125,325,"SSHigh"
"SSHigh",32845.73046875,326,"SSHigh"
"SSHigh",32736.94921875,327,"SSHigh"
"SSHigh",32631.30078125,328,"SSHigh"
"SSHigh",32528.849609375,329,"SSHigh"
"SSHigh",32429.66015625,330,"SSHigh"
"SSHigh",32333.810546875,331,"SSHigh"
"SSHigh",32241.359375,332,"SSHigh"
"SSHigh",32152.369140625,333,"SSHigh"
"SSHigh",32066.91015625,334,"SSHigh"
"SSHigh",31985.01953125,335,"SSHigh"
"SSHigh",31906.779296875,336,"SSHigh"
"SSHigh",31832.240234375,337,"SSHigh"
"SSHigh",31761.44921875,338,"SSHigh"
"SSHigh",31694.470703125,339,"SSHigh"
"SSHigh",31631.349609375,340,"SSHigh"
"SSHigh",31572.130859375,341,"SSHigh"
"SSHigh",31516.859375,342,"SSHigh"
"SSHigh",31465.58984375,343,"SSHigh"
"SSHigh",31418.349609375,344,"SSHigh"
"SSHigh",31375.1796875,345,"SSHigh"
"SSHigh",31336.119140625,346,"SSHigh"
"SSHigh",31301.189453125,347,"SSHigh"
"SSHigh",31270.4296875,348,"SSHigh"
"SSHigh",31243.859375,349,"SSHigh"
"SSHigh",31221.509765625,350,"SSHigh"
"SSHigh",31203.390625,351,"SSHigh"
"SSHigh",31189.509765625,352,"SSHigh"
"SSHigh",31179.890625,353,"SSHigh"
"SSHigh",31174.529296875,354,"SSHigh"
"SSHigh",31173.439453125,355,"SSHigh"
"SSHigh",31176.630859375,356,"SSHigh"
"SSHigh",31184.080078125,357,"SSHigh"
"SSHigh",31195.7890625,358,"SSHigh"
"SSHigh",31211.759765625,359,"SSHigh"
"SSHigh",31231.9609375,360,"SSHigh"
"SSHigh",31256.390625,361,"SSHigh"
"SSHigh",31285.01953125,362,"SSHigh"
"SSHigh",31317.830078125,363,"SSHigh"
"SSHigh",31354.7890625,364,"SSHigh"
"SSHigh",31395.869140625,365,"SSHigh"
"SSHigh",0,1,"SSHigh"
"SSHigh",0,2,"SSHigh"
"SSHigh",0,3,"SSHigh"
"SSHigh",0,4,"SSHigh"
"SSHigh",0,5,"SSHigh"
"SSHigh",0,6,"SSHigh"
"SSHigh",4.84999990463257,7,"SSHigh"
"SSHigh",0,8,"SSHigh"
"SSHigh",4.67999982833862,9,"SSHigh"
"SSHigh",3.08999991416931,10,"SSHigh"
"SSHigh",0,11,"SSHigh"
"SSHigh",1.46000003814697,12,"SSHigh"
"SSHigh",0,13,"SSHigh"
"SSHigh",0,14,"SSHigh"
"SSHigh",0,15,"SSHigh"
"SSHigh",0,16,"SSHigh"
"SSHigh",3.50999999046326,17,"SSHigh"
"SSHigh",0,18,"SSHigh"
"SSHigh",0,19,"SSHigh"
"SSHigh",1.54999995231628,20,"SSHigh"
"SSHigh",1.45000004768372,21,"SSHigh"
"SSHigh",5.61999988555908,22,"SSHigh"
"SSHigh",5.11999988555908,23,"SSHigh"
"SSHigh",1.26999998092651,24,"SSHigh"
"SSHigh",2.49000000953674,25,"SSHigh"
"SSHigh",0,26,"SSHigh"
"SSHigh",0,27,"SSHigh"
"SSHigh",0,28,"SSHigh"
"SSHigh",0,29,"SSHigh"
"SSHigh",0,30,"SSHigh"
"SSHigh",0,31,"SSHigh"
"SSHigh",1.57000005245209,32,"SSHigh"
"SSHigh",5.17999982833862,33,"SSHigh"
"SSHigh",5.15000009536743,34,"SSHigh"
"SSHigh",5.42000007629395,35,"SSHigh"
"SSHigh",6.92000007629395,36,"SSHigh"
"SSHigh",14.3599996566772,37,"SSHigh"
"SSHigh",7.94000005722046,38,"SSHigh"
"SSHigh",2.77999997138977,39,"SSHigh"
"SSHigh",2.55999994277954,40,"SSHigh"
"SSHigh",0,41,"SSHigh"
"SSHigh",0,42,"SSHigh"
"SSHigh",0,43,"SSHigh"
"SSHigh",0,44,"SSHigh"
"SSHigh",0,45,"SSHigh"
"SSHigh",1.96000003814697,46,"SSHigh"
"SSHigh",1.76999998092651,47,"SSHigh"
"SSHigh",0,48,"SSHigh"
"SSHigh",0,49,"SSHigh"
"SSHigh",1.77999997138977,50,"SSHigh"
"SSHigh",3.88000011444092,51,"SSHigh"
"SSHigh",0,52,"SSHigh"
"SSHigh",0,53,"SSHigh"
"SSHigh",0,54,"SSHigh"
"SSHigh",0,55,"SSHigh"
"SSHigh",0,56,"SSHigh"
"SSHigh",0,57,"SSHigh"
"SSHigh",0,58,"SSHigh"
"SSHigh",0,59,"SSHigh"
"SSHigh",3.27999997138977,60,"SSHigh"
"SSHigh",4.51000022888184,61,"SSHigh"
"SSHigh",17.2999992370605,62,"SSHigh"
"SSHigh",0,63,"SSHigh"
"SSHigh",2.28999996185303,64,"SSHigh"
"SSHigh",3.83999991416931,65,"SSHigh"
"SSHigh",0,66,"SSHigh"
"SSHigh",0,67,"SSHigh"
"SSHigh",0,68,"SSHigh"
"SSHigh",0,69,"SSHigh"
"SSHigh",0,70,"SSHigh"
"SSHigh",0,71,"SSHigh"
"SSHigh",6.1100001335144,72,"SSHigh"
"SSHigh",3.35999989509583,73,"SSHigh"
"SSHigh",0,74,"SSHigh"
"SSHigh",0,75,"SSHigh"
"SSHigh",0,76,"SSHigh"
"SSHigh",0,77,"SSHigh"
"SSHigh",0,78,"SSHigh"
"SSHigh",0,79,"SSHigh"
"SSHigh",0,80,"SSHigh"
"SSHigh",0,81,"SSHigh"
"SSHigh",0,82,"SSHigh"
"SSHigh",3.20000004768372,83,"SSHigh"
"SSHigh",0,84,"SSHigh"
"SSHigh",0,85,"SSHigh"
"SSHigh",0,86,"SSHigh"
"SSHigh",6.21000003814697,87,"SSHigh"
"SSHigh",13.0799999237061,88,"SSHigh"
"SSHigh",0,89,"SSHigh"
"SSHigh",0,90,"SSHigh"
"SSHigh",0,91,"SSHigh"
"SSHigh",0,92,"SSHigh"
"SSHigh",0,93,"SSHigh"
"SSHigh",2.66000008583069,94,"SSHigh"
"SSHigh",0,95,"SSHigh"
"SSHigh",2.66000008583069,96,"SSHigh"
"SSHigh",0,97,"SSHigh"
"SSHigh",0,98,"SSHigh"
"SSHigh",0,99,"SSHigh"
"SSHigh",0,100,"SSHigh"
"SSHigh",0,101,"SSHigh"
"SSHigh",0,102,"SSHigh"
"SSHigh",0,103,"SSHigh"
"SSHigh",0,104,"SSHigh"
"SSHigh",0,105,"SSHigh"
"SSHigh",0,106,"SSHigh"
"SSHigh",0,107,"SSHigh"
"SSHigh",0,108,"SSHigh"
"SSHigh",0,109,"SSHigh"
"SSHigh",0,110,"SSHigh"
"SSHigh",0,111,"SSHigh"
"SSHigh",0,112,"SSHigh"
"SSHigh",0,113,"SSHigh"
"SSHigh",0,114,"SSHigh"
"SSHigh",0,115,"SSHigh"
"SSHigh",6.46999979019165,116,"SSHigh"
"SSHigh",5.59999990463257,117,"SSHigh"
"SSHigh",15.5,118,"SSHigh"
"SSHigh",13.1199998855591,119,"SSHigh"
"SSHigh",0,120,"SSHigh"
"SSHigh",0,121,"SSHigh"
"SSHigh",0,122,"SSHigh"
"SSHigh",0,123,"SSHigh"
"SSHigh",0,124,"SSHigh"
"SSHigh",0,125,"SSHigh"
"SSHigh",9.68000030517578,126,"SSHigh"
"SSHigh",0,127,"SSHigh"
"SSHigh",0,128,"SSHigh"
"SSHigh",0,129,"SSHigh"
"SSHigh",0,130,"SSHigh"
"SSHigh",0,131,"SSHigh"
"SSHigh",0,132,"SSHigh"
"SSHigh",0,133,"SSHigh"
"SSHigh",0,134,"SSHigh"
"SSHigh",0,135,"SSHigh"
"SSHigh",0,136,"SSHigh"
"SSHigh",0,137,"SSHigh"
"SSHigh",0,138,"SSHigh"
"SSHigh",0,139,"SSHigh"
"SSHigh",0,140,"SSHigh"
"SSHigh",0,141,"SSHigh"
"SSHigh",0,142,"SSHigh"
"SSHigh",11.1099996566772,143,"SSHigh"
"SSHigh",5.59000015258789,144,"SSHigh"
"SSHigh",0,145,"SSHigh"
"SSHigh",1.73000001907349,146,"SSHigh"
"SSHigh",0,147,"SSHigh"
"SSHigh",0,148,"SSHigh"
"SSHigh",0,149,"SSHigh"
"SSHigh",0,150,"SSHigh"
"SSHigh",0,151,"SSHigh"
"SSHigh",0,152,"SSHigh"
"SSHigh",0,153,"SSHigh"
"SSHigh",0,154,"SSHigh"
"SSHigh",0,155,"SSHigh"
"SSHigh",0,156,"SSHigh"
"SSHigh",0,157,"SSHigh"
"SSHigh",0,158,"SSHigh"
"SSHigh",0,159,"SSHigh"
"SSHigh",0,160,"SSHigh"
"SSHigh",0,161,"SSHigh"
"SSHigh",0,162,"SSHigh"
"SSHigh",0,163,"SSHigh"
"SSHigh",0,164,"SSHigh"
"SSHigh",0,165,"SSHigh"
"SSHigh",0,166,"SSHigh"
"SSHigh",0,167,"SSHigh"
"SSHigh",0,168,"SSHigh"
"SSHigh",2.1800000667572,169,"SSHigh"
"SSHigh",0.769999980926514,170,"SSHigh"
"SSHigh",0,171,"SSHigh"
"SSHigh",0,172,"SSHigh"
"SSHigh",0,173,"SSHigh"
"SSHigh",0,174,"SSHigh"
"SSHigh",0,175,"SSHigh"
"SSHigh",0,176,"SSHigh"
"SSHigh",0,177,"SSHigh"
"SSHigh",4.30000019073486,178,"SSHigh"
"SSHigh",0,179,"SSHigh"
"SSHigh",0,180,"SSHigh"
"SSHigh",0,181,"SSHigh"
"SSHigh",0,182,"SSHigh"
"SSHigh",10.2299995422363,183,"SSHigh"
"SSHigh",0,184,"SSHigh"
"SSHigh",0,185,"SSHigh"
"SSHigh",0,186,"SSHigh"
"SSHigh",0,187,"SSHigh"
"SSHigh",0,188,"SSHigh"
"SSHigh",0,189,"SSHigh"
"SSHigh",0,190,"SSHigh"
"SSHigh",0,191,"SSHigh"
"SSHigh",0,192,"SSHigh"
"SSHigh",0,193,"SSHigh"
"SSHigh",0,194,"SSHigh"
"SSHigh",0,195,"SSHigh"
"SSHigh",0,196,"SSHigh"
"SSHigh",0,197,"SSHigh"
"SSHigh",0,198,"SSHigh"
"SSHigh",2.30999994277954,199,"SSHigh"
"SSHigh",0,200,"SSHigh"
"SSHigh",0,201,"SSHigh"
"SSHigh",0,202,"SSHigh"
"SSHigh",0,203,"SSHigh"
"SSHigh",0,204,"SSHigh"
"SSHigh",0,205,"SSHigh"
"SSHigh",0,206,"SSHigh"
"SSHigh",0,207,"SSHigh"
"SSHigh",0,208,"SSHigh"
"SSHigh",2.44000005722046,209,"SSHigh"
"SSHigh",0,210,"SSHigh"
"SSHigh",0,211,"SSHigh"
"SSHigh",2,212,"SSHigh"
"SSHigh",0,213,"SSHigh"
"SSHigh",0,214,"SSHigh"
"SSHigh",0,215,"SSHigh"
"SSHigh",0,216,"SSHigh"
"SSHigh",3.30999994277954,217,"SSHigh"
"SSHigh",3.08999991416931,218,"SSHigh"
"SSHigh",3.49000000953674,219,"SSHigh"
"SSHigh",0,220,"SSHigh"
"SSHigh",0,221,"SSHigh"
"SSHigh",0,222,"SSHigh"
"SSHigh",4.48999977111816,223,"SSHigh"
"SSHigh",4.17000007629395,224,"SSHigh"
"SSHigh",0,225,"SSHigh"
"SSHigh",10.6199998855591,226,"SSHigh"
"SSHigh",4.53000020980835,227,"SSHigh"
"SSHigh",2.05999994277954,228,"SSHigh"
"SSHigh",0,229,"SSHigh"
"SSHigh",0,230,"SSHigh"
"SSHigh",0,231,"SSHigh"
"SSHigh",0,232,"SSHigh"
"SSHigh",0,233,"SSHigh"
"SSHigh",0,234,"SSHigh"
"SSHigh",0,235,"SSHigh"
"SSHigh",6.80999994277954,236,"SSHigh"
"SSHigh",0,237,"SSHigh"
"SSHigh",0,238,"SSHigh"
"SSHigh",0,239,"SSHigh"
"SSHigh",0,240,"SSHigh"
"SSHigh",0,241,"SSHigh"
"SSHigh",0,242,"SSHigh"
"SSHigh",0,243,"SSHigh"
"SSHigh",0,244,"SSHigh"
"SSHigh",0,245,"SSHigh"
"SSHigh",0,246,"SSHigh"
"SSHigh",1.85000002384186,247,"SSHigh"
"SSHigh",0,248,"SSHigh"
"SSHigh",0,249,"SSHigh"
"SSHigh",0,250,"SSHigh"
"SSHigh",0,251,"SSHigh"
"SSHigh",0,252,"SSHigh"
"SSHigh",0,253,"SSHigh"
"SSHigh",0,254,"SSHigh"
"SSHigh",0,255,"SSHigh"
"SSHigh",21.7000007629395,256,"SSHigh"
"SSHigh",0,257,"SSHigh"
"SSHigh",0,258,"SSHigh"
"SSHigh",0,259,"SSHigh"
"SSHigh",7.07000017166138,260,"SSHigh"
"SSHigh",14.4399995803833,261,"SSHigh"
"SSHigh",3.13000011444092,262,"SSHigh"
"SSHigh",0,263,"SSHigh"
"SSHigh",0,264,"SSHigh"
"SSHigh",0,265,"SSHigh"
"SSHigh",0,266,"SSHigh"
"SSHigh",0,267,"SSHigh"
"SSHigh",0,268,"SSHigh"
"SSHigh",0,269,"SSHigh"
"SSHigh",0,270,"SSHigh"
"SSHigh",0,271,"SSHigh"
"SSHigh",0,272,"SSHigh"
"SSHigh",0,273,"SSHigh"
"SSHigh",0,274,"SSHigh"
"SSHigh",0,275,"SSHigh"
"SSHigh",0,276,"SSHigh"
"SSHigh",0,277,"SSHigh"
"SSHigh",0,278,"SSHigh"
"SSHigh",0,279,"SSHigh"
"SSHigh",0,280,"SSHigh"
"SSHigh",0,281,"SSHigh"
"SSHigh",0,282,"SSHigh"
"SSHigh",0,283,"SSHigh"
"SSHigh",0,284,"SSHigh"
"SSHigh",0,285,"SSHigh"
"SSHigh",0,286,"SSHigh"
"SSHigh",0,287,"SSHigh"
"SSHigh",0,288,"SSHigh"
"SSHigh",0,289,"SSHigh"
"SSHigh",0,290,"SSHigh"
"SSHigh",6.73000001907349,291,"SSHigh"
"SSHigh",0,292,"SSHigh"
"SSHigh",0,293,"SSHigh"
"SSHigh",0,294,"SSHigh"
"SSHigh",0,295,"SSHigh"
"SSHigh",0,296,"SSHigh"
"SSHigh",0,297,"SSHigh"
"SSHigh",0,298,"SSHigh"
"SSHigh",0,299,"SSHigh"
"SSHigh",0,300,"SSHigh"
"SSHigh",0,301,"SSHigh"
"SSHigh",0,302,"SSHigh"
"SSHigh",0,303,"SSHigh"
"SSHigh",0,304,"SSHigh"
"SSHigh",4.19999980926514,305,"SSHigh"
"SSHigh",0,306,"SSHigh"
"SSHigh",10.9700002670288,307,"SSHigh"
"SSHigh",0,308,"SSHigh"
"SSHigh",0,309,"SSHigh"
"SSHigh",0.709999978542328,310,"SSHigh"
"SSHigh",0,311,"SSHigh"
"SSHigh",0,312,"SSHigh"
"SSHigh",0,313,"SSHigh"
"SSHigh",0,314,"SSHigh"
"SSHigh",0,315,"SSHigh"
"SSHigh",0,316,"SSHigh"
"SSHigh",4.34000015258789,317,"SSHigh"
"SSHigh",0,318,"SSHigh"
"SSHigh",0,319,"SSHigh"
"SSHigh",0,320,"SSHigh"
"SSHigh",0,321,"SSHigh"
"SSHigh",0,322,"SSHigh"
"SSHigh",9.69999980926514,323,"SSHigh"
"SSHigh",0,324,"SSHigh"
"SSHigh",0,325,"SSHigh"
"SSHigh",2.50999999046326,326,"SSHigh"
"SSHigh",0,327,"SSHigh"
"SSHigh",0,328,"SSHigh"
"SSHigh",0,329,"SSHigh"
"SSHigh",0,330,"SSHigh"
"SSHigh",0,331,"SSHigh"
"SSHigh",0,332,"SSHigh"
"SSHigh",0,333,"SSHigh"
"SSHigh",0,334,"SSHigh"
"SSHigh",0,335,"SSHigh"
"SSHigh",0,336,"SSHigh"
"SSHigh",0,337,"SSHigh"
"SSHigh",0,338,"SSHigh"
"SSHigh",0,339,"SSHigh"
"SSHigh",0,340,"SSHigh"
"SSHigh",0,341,"SSHigh"
"SSHigh",0,342,"SSHigh"
"SSHigh",0,343,"SSHigh"
"SSHigh",0,344,"SSHigh"
"SSHigh",0,345,"SSHigh"
"SSHigh",0,346,"SSHigh"
"SSHigh",0,347,"SSHigh"
"SSHigh",0,348,"SSHigh"
"SSHigh",7.5,349,"SSHigh"
"SSHigh",0,350,"SSHigh"
"SSHigh",7.69000005722046,351,"SSHigh"
"SSHigh",0,352,"SSHigh"
"SSHigh",0,353,"SSHigh"
"SSHigh",0,354,"SSHigh"
"SSHigh",0,355,"SSHigh"
"SSHigh",0,356,"SSHigh"
"SSHigh",0,357,"SSHigh"
"SSHigh",2.67000007629395,358,"SSHigh"
"SSHigh",0,359,"SSHigh"
"SSHigh",3.44000005722046,360,"SSHigh"
"SSHigh",6.67999982833862,361,"SSHigh"
"SSHigh",4.3600001335144,362,"SSHigh"
"SSHigh",2.54999995231628,363,"SSHigh"
"SSHigh",3.73000001907349,364,"SSHigh"
"SSHigh",0,365,"SSHigh"
"SSHigh",235.550003051758,1,"SSHigh"
"SSHigh",224.979995727539,2,"SSHigh"
"SSHigh",239.130004882812,3,"SSHigh"
"SSHigh",198.509994506836,4,"SSHigh"
"SSHigh",217.690002441406,5,"SSHigh"
"SSHigh",192.300003051758,6,"SSHigh"
"SSHigh",146.940002441406,7,"SSHigh"
"SSHigh",230.800003051758,8,"SSHigh"
"SSHigh",130.539993286133,9,"SSHigh"
"SSHigh",157.710006713867,10,"SSHigh"
"SSHigh",216.039993286133,11,"SSHigh"
"SSHigh",264.070007324219,12,"SSHigh"
"SSHigh",271.929992675781,13,"SSHigh"
"SSHigh",241.449996948242,14,"SSHigh"
"SSHigh",270.640014648438,15,"SSHigh"
"SSHigh",283.510009765625,16,"SSHigh"
"SSHigh",153.600006103516,17,"SSHigh"
"SSHigh",265.149993896484,18,"SSHigh"
"SSHigh",188.139999389648,19,"SSHigh"
"SSHigh",224.029998779297,20,"SSHigh"
"SSHigh",110.919998168945,21,"SSHigh"
"SSHigh",67.8600006103516,22,"SSHigh"
"SSHigh",85.8399963378906,23,"SSHigh"
"SSHigh",98.1999969482422,24,"SSHigh"
"SSHigh",142.149993896484,25,"SSHigh"
"SSHigh",224.089996337891,26,"SSHigh"
"SSHigh",196.320007324219,27,"SSHigh"
"SSHigh",190.399993896484,28,"SSHigh"
"SSHigh",203.660003662109,29,"SSHigh"
"SSHigh",284.899993896484,30,"SSHigh"
"SSHigh",302.730010986328,31,"SSHigh"
"SSHigh",267.040008544922,32,"SSHigh"
"SSHigh",114.779998779297,33,"SSHigh"
"SSHigh",92.379997253418,34,"SSHigh"
"SSHigh",147.429992675781,35,"SSHigh"
"SSHigh",185.350006103516,36,"SSHigh"
"SSHigh",117.720001220703,37,"SSHigh"
"SSHigh",111.650001525879,38,"SSHigh"
"SSHigh",154.419998168945,39,"SSHigh"
"SSHigh",227.419998168945,40,"SSHigh"
"SSHigh",350.109985351562,41,"SSHigh"
"SSHigh",322.269989013672,42,"SSHigh"
"SSHigh",244.509994506836,43,"SSHigh"
"SSHigh",355.929992675781,44,"SSHigh"
"SSHigh",322.609985351562,45,"SSHigh"
"SSHigh",288.559997558594,46,"SSHigh"
"SSHigh",363.820007324219,47,"SSHigh"
"SSHigh",397.649993896484,48,"SSHigh"
"SSHigh",355.040008544922,49,"SSHigh"
"SSHigh",343.359985351562,50,"SSHigh"
"SSHigh",152.639999389648,51,"SSHigh"
"SSHigh",365.209991455078,52,"SSHigh"
"SSHigh",336.809997558594,53,"SSHigh"
"SSHigh",379.989990234375,54,"SSHigh"
"SSHigh",376.040008544922,55,"SSHigh"
"SSHigh",284.660003662109,56,"SSHigh"
"SSHigh",316.440002441406,57,"SSHigh"
"SSHigh",367.890014648438,58,"SSHigh"
"SSHigh",342.029998779297,59,"SSHigh"
"SSHigh",291.75,60,"SSHigh"
"SSHigh",158.160003662109,61,"SSHigh"
"SSHigh",243.940002441406,62,"SSHigh"
"SSHigh",423.529998779297,63,"SSHigh"
"SSHigh",307.790008544922,64,"SSHigh"
"SSHigh",311.029998779297,65,"SSHigh"
"SSHigh",374.989990234375,66,"SSHigh"
"SSHigh",420.660003662109,67,"SSHigh"
"SSHigh",470.480010986328,68,"SSHigh"
"SSHigh",478.760009765625,69,"SSHigh"
"SSHigh",466.690002441406,70,"SSHigh"
"SSHigh",393.410003662109,71,"SSHigh"
"SSHigh",258.260009765625,72,"SSHigh"
"SSHigh",264.109985351562,73,"SSHigh"
"SSHigh",400,74,"SSHigh"
"SSHigh",481.730010986328,75,"SSHigh"
"SSHigh",449.859985351562,76,"SSHigh"
"SSHigh",444.160003662109,77,"SSHigh"
"SSHigh",480.649993896484,78,"SSHigh"
"SSHigh",485.640014648438,79,"SSHigh"
"SSHigh",489.910003662109,80,"SSHigh"
"SSHigh",426.230010986328,81,"SSHigh"
"SSHigh",447.019989013672,82,"SSHigh"
"SSHigh",289.660003662109,83,"SSHigh"
"SSHigh",403.140014648438,84,"SSHigh"
"SSHigh",465.410003662109,85,"SSHigh"
"SSHigh",447.920013427734,86,"SSHigh"
"SSHigh",345.720001220703,87,"SSHigh"
"SSHigh",258.230010986328,88,"SSHigh"
"SSHigh",463.279998779297,89,"SSHigh"
"SSHigh",468.100006103516,90,"SSHigh"
"SSHigh",346.320007324219,91,"SSHigh"
"SSHigh",505.380004882812,92,"SSHigh"
"SSHigh",539.109985351562,93,"SSHigh"
"SSHigh",368.799987792969,94,"SSHigh"
"SSHigh",454.459991455078,95,"SSHigh"
"SSHigh",374.769989013672,96,"SSHigh"
"SSHigh",330.369995117188,97,"SSHigh"
"SSHigh",360.589996337891,98,"SSHigh"
"SSHigh",425.220001220703,99,"SSHigh"
"SSHigh",455.910003662109,100,"SSHigh"
"SSHigh",482.559997558594,101,"SSHigh"
"SSHigh",494.480010986328,102,"SSHigh"
"SSHigh",492.279998779297,103,"SSHigh"
"SSHigh",485.589996337891,104,"SSHigh"
"SSHigh",478.040008544922,105,"SSHigh"
"SSHigh",381.589996337891,106,"SSHigh"
"SSHigh",398.410003662109,107,"SSHigh"
"SSHigh",417.380004882812,108,"SSHigh"
"SSHigh",487.709991455078,109,"SSHigh"
"SSHigh",471.579986572266,110,"SSHigh"
"SSHigh",523.700012207031,111,"SSHigh"
"SSHigh",526.380004882812,112,"SSHigh"
"SSHigh",505.890014648438,113,"SSHigh"
"SSHigh",517.280029296875,114,"SSHigh"
"SSHigh",505.410003662109,115,"SSHigh"
"SSHigh",279.470001220703,116,"SSHigh"
"SSHigh",259.609985351562,117,"SSHigh"
"SSHigh",180.880004882812,118,"SSHigh"
"SSHigh",230.380004882812,119,"SSHigh"
"SSHigh",464.950012207031,120,"SSHigh"
"SSHigh",461.049987792969,121,"SSHigh"
"SSHigh",413.799987792969,122,"SSHigh"
"SSHigh",502.540008544922,123,"SSHigh"
"SSHigh",406.649993896484,124,"SSHigh"
"SSHigh",530.299987792969,125,"SSHigh"
"SSHigh",311.100006103516,126,"SSHigh"
"SSHigh",417.040008544922,127,"SSHigh"
"SSHigh",397.940002441406,128,"SSHigh"
"SSHigh",380.359985351562,129,"SSHigh"
"SSHigh",475.019989013672,130,"SSHigh"
"SSHigh",517.739990234375,131,"SSHigh"
"SSHigh",548.719970703125,132,"SSHigh"
"SSHigh",513.390014648438,133,"SSHigh"
"SSHigh",497.690002441406,134,"SSHigh"
"SSHigh",441.709991455078,135,"SSHigh"
"SSHigh",481.5,136,"SSHigh"
"SSHigh",525.919982910156,137,"SSHigh"
"SSHigh",547.239990234375,138,"SSHigh"
"SSHigh",550.359985351562,139,"SSHigh"
"SSHigh",434.470001220703,140,"SSHigh"
"SSHigh",415.940002441406,141,"SSHigh"
"SSHigh",480.619995117188,142,"SSHigh"
"SSHigh",255.660003662109,143,"SSHigh"
"SSHigh",307.269989013672,144,"SSHigh"
"SSHigh",533.280029296875,145,"SSHigh"
"SSHigh",477.059997558594,146,"SSHigh"
"SSHigh",528.130004882812,147,"SSHigh"
"SSHigh",524.219970703125,148,"SSHigh"
"SSHigh",546.099975585938,149,"SSHigh"
"SSHigh",493.470001220703,150,"SSHigh"
"SSHigh",485.350006103516,151,"SSHigh"
"SSHigh",522.619995117188,152,"SSHigh"
"SSHigh",531.570007324219,153,"SSHigh"
"SSHigh",428.200012207031,154,"SSHigh"
"SSHigh",363.649993896484,155,"SSHigh"
"SSHigh",526.940002441406,156,"SSHigh"
"SSHigh",545.309997558594,157,"SSHigh"
"SSHigh",531.590026855469,158,"SSHigh"
"SSHigh",509.75,159,"SSHigh"
"SSHigh",512.190002441406,160,"SSHigh"
"SSHigh",479.709991455078,161,"SSHigh"
"SSHigh",454.5,162,"SSHigh"
"SSHigh",523.369995117188,163,"SSHigh"
"SSHigh",530.75,164,"SSHigh"
"SSHigh",534.510009765625,165,"SSHigh"
"SSHigh",478.640014648438,166,"SSHigh"
"SSHigh",479.339996337891,167,"SSHigh"
"SSHigh",471.940002441406,168,"SSHigh"
"SSHigh",317.730010986328,169,"SSHigh"
"SSHigh",496.429992675781,170,"SSHigh"
"SSHigh",541.75,171,"SSHigh"
"SSHigh",553.940002441406,172,"SSHigh"
"SSHigh",524.900024414062,173,"SSHigh"
"SSHigh",533.27001953125,174,"SSHigh"
"SSHigh",526.650024414062,175,"SSHigh"
"SSHigh",508.670013427734,176,"SSHigh"
"SSHigh",528.109985351562,177,"SSHigh"
"SSHigh",296.75,178,"SSHigh"
"SSHigh",449.070007324219,179,"SSHigh"
"SSHigh",504.970001220703,180,"SSHigh"
"SSHigh",536.5,181,"SSHigh"
"SSHigh",427.959991455078,182,"SSHigh"
"SSHigh",317.109985351562,183,"SSHigh"
"SSHigh",491.100006103516,184,"SSHigh"
"SSHigh",459.359985351562,185,"SSHigh"
"SSHigh",484.630004882812,186,"SSHigh"
"SSHigh",516.969970703125,187,"SSHigh"
"SSHigh",490.799987792969,188,"SSHigh"
"SSHigh",458.470001220703,189,"SSHigh"
"SSHigh",509.209991455078,190,"SSHigh"
"SSHigh",500.450012207031,191,"SSHigh"
"SSHigh",507.200012207031,192,"SSHigh"
"SSHigh",507.019989013672,193,"SSHigh"
"SSHigh",471.070007324219,194,"SSHigh"
"SSHigh",507.380004882812,195,"SSHigh"
"SSHigh",455.140014648438,196,"SSHigh"
"SSHigh",372.049987792969,197,"SSHigh"
"SSHigh",478.820007324219,198,"SSHigh"
"SSHigh",350,199,"SSHigh"
"SSHigh",498.820007324219,200,"SSHigh"
"SSHigh",475,201,"SSHigh"
"SSHigh",450.929992675781,202,"SSHigh"
"SSHigh",453.839996337891,203,"SSHigh"
"SSHigh",456.890014648438,204,"SSHigh"
"SSHigh",501.170013427734,205,"SSHigh"
"SSHigh",446.579986572266,206,"SSHigh"
"SSHigh",428.350006103516,207,"SSHigh"
"SSHigh",456.920013427734,208,"SSHigh"
"SSHigh",353.470001220703,209,"SSHigh"
"SSHigh",478.739990234375,210,"SSHigh"
"SSHigh",503.309997558594,211,"SSHigh"
"SSHigh",418.010009765625,212,"SSHigh"
"SSHigh",501.820007324219,213,"SSHigh"
"SSHigh",515.349975585938,214,"SSHigh"
"SSHigh",504.950012207031,215,"SSHigh"
"SSHigh",454.380004882812,216,"SSHigh"
"SSHigh",327.660003662109,217,"SSHigh"
"SSHigh",369.829986572266,218,"SSHigh"
"SSHigh",359.049987792969,219,"SSHigh"
"SSHigh",441.380004882812,220,"SSHigh"
"SSHigh",427.829986572266,221,"SSHigh"
"SSHigh",415.540008544922,222,"SSHigh"
"SSHigh",324.339996337891,223,"SSHigh"
"SSHigh",365.100006103516,224,"SSHigh"
"SSHigh",440.140014648438,225,"SSHigh"
"SSHigh",261.510009765625,226,"SSHigh"
"SSHigh",308.230010986328,227,"SSHigh"
"SSHigh",354.359985351562,228,"SSHigh"
"SSHigh",461,229,"SSHigh"
"SSHigh",479.369995117188,230,"SSHigh"
"SSHigh",459.220001220703,231,"SSHigh"
"SSHigh",461.660003662109,232,"SSHigh"
"SSHigh",457.630004882812,233,"SSHigh"
"SSHigh",449.5,234,"SSHigh"
"SSHigh",495.410003662109,235,"SSHigh"
"SSHigh",314.570007324219,236,"SSHigh"
"SSHigh",396.399993896484,237,"SSHigh"
"SSHigh",459.269989013672,238,"SSHigh"
"SSHigh",417.140014648438,239,"SSHigh"
"SSHigh",446.720001220703,240,"SSHigh"
"SSHigh",386.230010986328,241,"SSHigh"
"SSHigh",466.850006103516,242,"SSHigh"
"SSHigh",471.570007324219,243,"SSHigh"
"SSHigh",474.420013427734,244,"SSHigh"
"SSHigh",451.769989013672,245,"SSHigh"
"SSHigh",439.779998779297,246,"SSHigh"
"SSHigh",403.890014648438,247,"SSHigh"
"SSHigh",417.160003662109,248,"SSHigh"
"SSHigh",427.230010986328,249,"SSHigh"
"SSHigh",434.739990234375,250,"SSHigh"
"SSHigh",427.359985351562,251,"SSHigh"
"SSHigh",418.869995117188,252,"SSHigh"
"SSHigh",414.940002441406,253,"SSHigh"
"SSHigh",416.019989013672,254,"SSHigh"
"SSHigh",354.309997558594,255,"SSHigh"
"SSHigh",195.039993286133,256,"SSHigh"
"SSHigh",318.029998779297,257,"SSHigh"
"SSHigh",388.779998779297,258,"SSHigh"
"SSHigh",394.010009765625,259,"SSHigh"
"SSHigh",258.739990234375,260,"SSHigh"
"SSHigh",131.330001831055,261,"SSHigh"
"SSHigh",143.270004272461,262,"SSHigh"
"SSHigh",342.350006103516,263,"SSHigh"
"SSHigh",368.399993896484,264,"SSHigh"
"SSHigh",348,265,"SSHigh"
"SSHigh",391.510009765625,266,"SSHigh"
"SSHigh",354.089996337891,267,"SSHigh"
"SSHigh",373.529998779297,268,"SSHigh"
"SSHigh",355.010009765625,269,"SSHigh"
"SSHigh",368.720001220703,270,"SSHigh"
"SSHigh",370.989990234375,271,"SSHigh"
"SSHigh",364.260009765625,272,"SSHigh"
"SSHigh",366.309997558594,273,"SSHigh"
"SSHigh",342,274,"SSHigh"
"SSHigh",368.040008544922,275,"SSHigh"
"SSHigh",363.859985351562,276,"SSHigh"
"SSHigh",342.489990234375,277,"SSHigh"
"SSHigh",377.100006103516,278,"SSHigh"
"SSHigh",328.970001220703,279,"SSHigh"
"SSHigh",336.690002441406,280,"SSHigh"
"SSHigh",328.019989013672,281,"SSHigh"
"SSHigh",339.459991455078,282,"SSHigh"
"SSHigh",335.630004882812,283,"SSHigh"
"SSHigh",264.029998779297,284,"SSHigh"
"SSHigh",316.190002441406,285,"SSHigh"
"SSHigh",319.679992675781,286,"SSHigh"
"SSHigh",313.209991455078,287,"SSHigh"
"SSHigh",308.559997558594,288,"SSHigh"
"SSHigh",304.119995117188,289,"SSHigh"
"SSHigh",299.079986572266,290,"SSHigh"
"SSHigh",152.470001220703,291,"SSHigh"
"SSHigh",203.139999389648,292,"SSHigh"
"SSHigh",295.880004882812,293,"SSHigh"
"SSHigh",303.299987792969,294,"SSHigh"
"SSHigh",253.679992675781,295,"SSHigh"
"SSHigh",225.960006713867,296,"SSHigh"
"SSHigh",235.929992675781,297,"SSHigh"
"SSHigh",179.429992675781,298,"SSHigh"
"SSHigh",234.449996948242,299,"SSHigh"
"SSHigh",253.130004882812,300,"SSHigh"
"SSHigh",257.649993896484,301,"SSHigh"
"SSHigh",192.940002441406,302,"SSHigh"
"SSHigh",134.660003662109,303,"SSHigh"
"SSHigh",215.850006103516,304,"SSHigh"
"SSHigh",139.089996337891,305,"SSHigh"
"SSHigh",171.179992675781,306,"SSHigh"
"SSHigh",100.550003051758,307,"SSHigh"
"SSHigh",197.029998779297,308,"SSHigh"
"SSHigh",195.820007324219,309,"SSHigh"
"SSHigh",209.630004882812,310,"SSHigh"
"SSHigh",254.600006103516,311,"SSHigh"
"SSHigh",281.959991455078,312,"SSHigh"
"SSHigh",278.130004882812,313,"SSHigh"
"SSHigh",256.769989013672,314,"SSHigh"
"SSHigh",220,315,"SSHigh"
"SSHigh",225.850006103516,316,"SSHigh"
"SSHigh",158.880004882812,317,"SSHigh"
"SSHigh",192.889999389648,318,"SSHigh"
"SSHigh",223.789993286133,319,"SSHigh"
"SSHigh",146.619995117188,320,"SSHigh"
"SSHigh",147.809997558594,321,"SSHigh"
"SSHigh",144.720001220703,322,"SSHigh"
"SSHigh",162.149993896484,323,"SSHigh"
"SSHigh",235.449996948242,324,"SSHigh"
"SSHigh",246.460006713867,325,"SSHigh"
"SSHigh",151.639999389648,326,"SSHigh"
"SSHigh",193.160003662109,327,"SSHigh"
"SSHigh",158.960006713867,328,"SSHigh"
"SSHigh",158.039993286133,329,"SSHigh"
"SSHigh",193.589996337891,330,"SSHigh"
"SSHigh",167.020004272461,331,"SSHigh"
"SSHigh",206.110000610352,332,"SSHigh"
"SSHigh",85.4000015258789,333,"SSHigh"
"SSHigh",118.809997558594,334,"SSHigh"
"SSHigh",171.669998168945,335,"SSHigh"
"SSHigh",219.259994506836,336,"SSHigh"
"SSHigh",246.869995117188,337,"SSHigh"
"SSHigh",239.330001831055,338,"SSHigh"
"SSHigh",236.149993896484,339,"SSHigh"
"SSHigh",237.270004272461,340,"SSHigh"
"SSHigh",224.679992675781,341,"SSHigh"
"SSHigh",175.279998779297,342,"SSHigh"
"SSHigh",175.289993286133,343,"SSHigh"
"SSHigh",200.889999389648,344,"SSHigh"
"SSHigh",208.179992675781,345,"SSHigh"
"SSHigh",191.070007324219,346,"SSHigh"
"SSHigh",206.619995117188,347,"SSHigh"
"SSHigh",188.199996948242,348,"SSHigh"
"SSHigh",57.6800003051758,349,"SSHigh"
"SSHigh",212.149993896484,350,"SSHigh"
"SSHigh",147.279998779297,351,"SSHigh"
"SSHigh",127.769996643066,352,"SSHigh"
"SSHigh",169.690002441406,353,"SSHigh"
"SSHigh",225.399993896484,354,"SSHigh"
"SSHigh",208.389999389648,355,"SSHigh"
"SSHigh",189.860000610352,356,"SSHigh"
"SSHigh",156.059997558594,357,"SSHigh"
"SSHigh",82.6399993896484,358,"SSHigh"
"SSHigh",134.479995727539,359,"SSHigh"
"SSHigh",103.199996948242,360,"SSHigh"
"SSHigh",78.9400024414062,361,"SSHigh"
"SSHigh",119.610000610352,362,"SSHigh"
"SSHigh",113.680000305176,363,"SSHigh"
"SSHigh",101.76000213623,364,"SSHigh"
"SSHigh",179.070007324219,365,"SSHigh"
"SSHigh",7.98999977111816,1,"SSHigh"
"SSHigh",7.98999977111816,2,"SSHigh"
"SSHigh",7.98999977111816,3,"SSHigh"
"SSHigh",7.98999977111816,4,"SSHigh"
"SSHigh",7.98999977111816,5,"SSHigh"
"SSHigh",7.98999977111816,6,"SSHigh"
"SSHigh",12.8400001525879,7,"SSHigh"
"SSHigh",12.8400001525879,8,"SSHigh"
"SSHigh",17.5200004577637,9,"SSHigh"
"SSHigh",20.6000003814697,10,"SSHigh"
"SSHigh",20.6000003814697,11,"SSHigh"
"SSHigh",22.0599994659424,12,"SSHigh"
"SSHigh",22.0599994659424,13,"SSHigh"
"SSHigh",22.0599994659424,14,"SSHigh"
"SSHigh",22.0599994659424,15,"SSHigh"
"SSHigh",22.0599994659424,16,"SSHigh"
"SSHigh",25.5699996948242,17,"SSHigh"
"SSHigh",25.5699996948242,18,"SSHigh"
"SSHigh",25.2399997711182,19,"SSHigh"
"SSHigh",24.1200008392334,20,"SSHigh"
"SSHigh",22.2900009155273,21,"SSHigh"
"SSHigh",20.3299999237061,22,"SSHigh"
"SSHigh",18.4099998474121,23,"SSHigh"
"SSHigh",16.8099994659424,24,"SSHigh"
"SSHigh",15.8999996185303,25,"SSHigh"
"SSHigh",15.8999996185303,26,"SSHigh"
"SSHigh",15.710000038147,27,"SSHigh"
"SSHigh",14.210000038147,28,"SSHigh"
"SSHigh",12.1499996185303,29,"SSHigh"
"SSHigh",10.6800003051758,30,"SSHigh"
"SSHigh",9.64000034332275,31,"SSHigh"
"SSHigh",7.71000003814697,32,"SSHigh"
"SSHigh",5.21999979019165,33,"SSHigh"
"SSHigh",3.53999996185303,34,"SSHigh"
"SSHigh",3.40000009536743,35,"SSHigh"
"SSHigh",3.30999994277954,36,"SSHigh"
"SSHigh",1.42999994754791,37,"SSHigh"
"SSHigh",0,38,"SSHigh"
"SSHigh",0,39,"SSHigh"
"SSHigh",2.55999994277954,40,"SSHigh"
"SSHigh",2.55999994277954,41,"SSHigh"
"SSHigh",2.55999994277954,42,"SSHigh"
"SSHigh",2.55999994277954,43,"SSHigh"
"SSHigh",2.55999994277954,44,"SSHigh"
"SSHigh",2.55999994277954,45,"SSHigh"
"SSHigh",1.94000005722046,46,"SSHigh"
"SSHigh",3.71000003814697,47,"SSHigh"
"SSHigh",3.71000003814697,48,"SSHigh"
"SSHigh",3.71000003814697,49,"SSHigh"
"SSHigh",3.45000004768372,50,"SSHigh"
"SSHigh",1.76999998092651,51,"SSHigh"
"SSHigh",1.25,52,"SSHigh"
"SSHigh",0.879999995231628,53,"SSHigh"
"SSHigh",0.879999995231628,54,"SSHigh"
"SSHigh",0.879999995231628,55,"SSHigh"
"SSHigh",0,56,"SSHigh"
"SSHigh",0,57,"SSHigh"
"SSHigh",0,58,"SSHigh"
"SSHigh",0,59,"SSHigh"
"SSHigh",3.27999997138977,60,"SSHigh"
"SSHigh",1.74000000953674,61,"SSHigh"
"SSHigh",19.0400009155273,62,"SSHigh"
"SSHigh",19.0400009155273,63,"SSHigh"
"SSHigh",21.3400001525879,64,"SSHigh"
"SSHigh",25.1800003051758,65,"SSHigh"
"SSHigh",25.1800003051758,66,"SSHigh"
"SSHigh",25.1800003051758,67,"SSHigh"
"SSHigh",25.1800003051758,68,"SSHigh"
"SSHigh",25.1800003051758,69,"SSHigh"
"SSHigh",25.1800003051758,70,"SSHigh"
"SSHigh",24.6000003814697,71,"SSHigh"
"SSHigh",24.0200004577637,72,"SSHigh"
"SSHigh",27.3799991607666,73,"SSHigh"
"SSHigh",26.9899997711182,74,"SSHigh"
"SSHigh",26.9899997711182,75,"SSHigh"
"SSHigh",25.2800006866455,76,"SSHigh"
"SSHigh",22.7900009155273,77,"SSHigh"
"SSHigh",20.9099998474121,78,"SSHigh"
"SSHigh",19.0699996948242,79,"SSHigh"
"SSHigh",17.2299995422363,80,"SSHigh"
"SSHigh",14.7600002288818,81,"SSHigh"
"SSHigh",13.1499996185303,82,"SSHigh"
"SSHigh",10.8999996185303,83,"SSHigh"
"SSHigh",10.1000003814697,84,"SSHigh"
"SSHigh",10.1000003814697,85,"SSHigh"
"SSHigh",10.1000003814697,86,"SSHigh"
"SSHigh",16.3099994659424,87,"SSHigh"
"SSHigh",14.8000001907349,88,"SSHigh"
"SSHigh",14.4700002670288,89,"SSHigh"
"SSHigh",13.6499996185303,90,"SSHigh"
"SSHigh",11.539999961853,91,"SSHigh"
"SSHigh",10.7600002288818,92,"SSHigh"
"SSHigh",9.56999969482422,93,"SSHigh"
"SSHigh",7.11999988555908,94,"SSHigh"
"SSHigh",3.36999988555908,95,"SSHigh"
"SSHigh",1.54999995231628,96,"SSHigh"
"SSHigh",0.610000014305115,97,"SSHigh"
"SSHigh",0,98,"SSHigh"
"SSHigh",0,99,"SSHigh"
"SSHigh",0,100,"SSHigh"
"SSHigh",0,101,"SSHigh"
"SSHigh",0,102,"SSHigh"
"SSHigh",0,103,"SSHigh"
"SSHigh",0,104,"SSHigh"
"SSHigh",0,105,"SSHigh"
"SSHigh",0,106,"SSHigh"
"SSHigh",0,107,"SSHigh"
"SSHigh",0,108,"SSHigh"
"SSHigh",0,109,"SSHigh"
"SSHigh",0,110,"SSHigh"
"SSHigh",0,111,"SSHigh"
"SSHigh",0,112,"SSHigh"
"SSHigh",0,113,"SSHigh"
"SSHigh",0,114,"SSHigh"
"SSHigh",0,115,"SSHigh"
"SSHigh",0,116,"SSHigh"
"SSHigh",0,117,"SSHigh"
"SSHigh",0,118,"SSHigh"
"SSHigh",0,119,"SSHigh"
"SSHigh",0,120,"SSHigh"
"SSHigh",0,121,"SSHigh"
"SSHigh",0,122,"SSHigh"
"SSHigh",0,123,"SSHigh"
"SSHigh",0,124,"SSHigh"
"SSHigh",0,125,"SSHigh"
"SSHigh",0,126,"SSHigh"
"SSHigh",0,127,"SSHigh"
"SSHigh",0,128,"SSHigh"
"SSHigh",0,129,"SSHigh"
"SSHigh",0,130,"SSHigh"
"SSHigh",0,131,"SSHigh"
"SSHigh",0,132,"SSHigh"
"SSHigh",0,133,"SSHigh"
"SSHigh",0,134,"SSHigh"
"SSHigh",0,135,"SSHigh"
"SSHigh",0,136,"SSHigh"
"SSHigh",0,137,"SSHigh"
"SSHigh",0,138,"SSHigh"
"SSHigh",0,139,"SSHigh"
"SSHigh",0,140,"SSHigh"
"SSHigh",0,141,"SSHigh"
"SSHigh",0,142,"SSHigh"
"SSHigh",0,143,"SSHigh"
"SSHigh",0,144,"SSHigh"
"SSHigh",0,145,"SSHigh"
"SSHigh",0,146,"SSHigh"
"SSHigh",0,147,"SSHigh"
"SSHigh",0,148,"SSHigh"
"SSHigh",0,149,"SSHigh"
"SSHigh",0,150,"SSHigh"
"SSHigh",0,151,"SSHigh"
"SSHigh",0,152,"SSHigh"
"SSHigh",0,153,"SSHigh"
"SSHigh",0,154,"SSHigh"
"SSHigh",0,155,"SSHigh"
"SSHigh",0,156,"SSHigh"
"SSHigh",0,157,"SSHigh"
"SSHigh",0,158,"SSHigh"
"SSHigh",0,159,"SSHigh"
"SSHigh",0,160,"SSHigh"
"SSHigh",0,161,"SSHigh"
"SSHigh",0,162,"SSHigh"
"SSHigh",0,163,"SSHigh"
"SSHigh",0,164,"SSHigh"
"SSHigh",0,165,"SSHigh"
"SSHigh",0,166,"SSHigh"
"SSHigh",0,167,"SSHigh"
"SSHigh",0,168,"SSHigh"
"SSHigh",0,169,"SSHigh"
"SSHigh",0,170,"SSHigh"
"SSHigh",0,171,"SSHigh"
"SSHigh",0,172,"SSHigh"
"SSHigh",0,173,"SSHigh"
"SSHigh",0,174,"SSHigh"
"SSHigh",0,175,"SSHigh"
"SSHigh",0,176,"SSHigh"
"SSHigh",0,177,"SSHigh"
"SSHigh",0,178,"SSHigh"
"SSHigh",0,179,"SSHigh"
"SSHigh",0,180,"SSHigh"
"SSHigh",0,181,"SSHigh"
"SSHigh",0,182,"SSHigh"
"SSHigh",0,183,"SSHigh"
"SSHigh",0,184,"SSHigh"
"SSHigh",0,185,"SSHigh"
"SSHigh",0,186,"SSHigh"
"SSHigh",0,187,"SSHigh"
"SSHigh",0,188,"SSHigh"
"SSHigh",0,189,"SSHigh"
"SSHigh",0,190,"SSHigh"
"SSHigh",0,191,"SSHigh"
"SSHigh",0,192,"SSHigh"
"SSHigh",0,193,"SSHigh"
"SSHigh",0,194,"SSHigh"
"SSHigh",0,195,"SSHigh"
"SSHigh",0,196,"SSHigh"
"SSHigh",0,197,"SSHigh"
"SSHigh",0,198,"SSHigh"
"SSHigh",0,199,"SSHigh"
"SSHigh",0,200,"SSHigh"
"SSHigh",0,201,"SSHigh"
"SSHigh",0,202,"SSHigh"
"SSHigh",0,203,"SSHigh"
"SSHigh",0,204,"SSHigh"
"SSHigh",0,205,"SSHigh"
"SSHigh",0,206,"SSHigh"
"SSHigh",0,207,"SSHigh"
"SSHigh",0,208,"SSHigh"
"SSHigh",0,209,"SSHigh"
"SSHigh",0,210,"SSHigh"
"SSHigh",0,211,"SSHigh"
"SSHigh",0,212,"SSHigh"
"SSHigh",0,213,"SSHigh"
"SSHigh",0,214,"SSHigh"
"SSHigh",0,215,"SSHigh"
"SSHigh",0,216,"SSHigh"
"SSHigh",0,217,"SSHigh"
"SSHigh",0,218,"SSHigh"
"SSHigh",0,219,"SSHigh"
"SSHigh",0,220,"SSHigh"
"SSHigh",0,221,"SSHigh"
"SSHigh",0,222,"SSHigh"
"SSHigh",0,223,"SSHigh"
"SSHigh",0,224,"SSHigh"
"SSHigh",0,225,"SSHigh"
"SSHigh",0,226,"SSHigh"
"SSHigh",0,227,"SSHigh"
"SSHigh",0,228,"SSHigh"
"SSHigh",0,229,"SSHigh"
"SSHigh",0,230,"SSHigh"
"SSHigh",0,231,"SSHigh"
"SSHigh",0,232,"SSHigh"
"SSHigh",0,233,"SSHigh"
"SSHigh",0,234,"SSHigh"
"SSHigh",0,235,"SSHigh"
"SSHigh",0,236,"SSHigh"
"SSHigh",0,237,"SSHigh"
"SSHigh",0,238,"SSHigh"
"SSHigh",0,239,"SSHigh"
"SSHigh",0,240,"SSHigh"
"SSHigh",0,241,"SSHigh"
"SSHigh",0,242,"SSHigh"
"SSHigh",0,243,"SSHigh"
"SSHigh",0,244,"SSHigh"
"SSHigh",0,245,"SSHigh"
"SSHigh",0,246,"SSHigh"
"SSHigh",0,247,"SSHigh"
"SSHigh",0,248,"SSHigh"
"SSHigh",0,249,"SSHigh"
"SSHigh",0,250,"SSHigh"
"SSHigh",0,251,"SSHigh"
"SSHigh",0,252,"SSHigh"
"SSHigh",0,253,"SSHigh"
"SSHigh",0,254,"SSHigh"
"SSHigh",0,255,"SSHigh"
"SSHigh",0,256,"SSHigh"
"SSHigh",0,257,"SSHigh"
"SSHigh",0,258,"SSHigh"
"SSHigh",0,259,"SSHigh"
"SSHigh",0,260,"SSHigh"
"SSHigh",0,261,"SSHigh"
"SSHigh",0,262,"SSHigh"
"SSHigh",0,263,"SSHigh"
"SSHigh",0,264,"SSHigh"
"SSHigh",0,265,"SSHigh"
"SSHigh",0,266,"SSHigh"
"SSHigh",0,267,"SSHigh"
"SSHigh",0,268,"SSHigh"
"SSHigh",0,269,"SSHigh"
"SSHigh",0,270,"SSHigh"
"SSHigh",0,271,"SSHigh"
"SSHigh",0,272,"SSHigh"
"SSHigh",0,273,"SSHigh"
"SSHigh",0,274,"SSHigh"
"SSHigh",0,275,"SSHigh"
"SSHigh",0,276,"SSHigh"
"SSHigh",0,277,"SSHigh"
"SSHigh",0,278,"SSHigh"
"SSHigh",0,279,"SSHigh"
"SSHigh",0,280,"SSHigh"
"SSHigh",0,281,"SSHigh"
"SSHigh",0,282,"SSHigh"
"SSHigh",0,283,"SSHigh"
"SSHigh",0,284,"SSHigh"
"SSHigh",0,285,"SSHigh"
"SSHigh",0,286,"SSHigh"
"SSHigh",0,287,"SSHigh"
"SSHigh",0,288,"SSHigh"
"SSHigh",0,289,"SSHigh"
"SSHigh",0,290,"SSHigh"
"SSHigh",0,291,"SSHigh"
"SSHigh",0,292,"SSHigh"
"SSHigh",0,293,"SSHigh"
"SSHigh",0,294,"SSHigh"
"SSHigh",0,295,"SSHigh"
"SSHigh",0,296,"SSHigh"
"SSHigh",0,297,"SSHigh"
"SSHigh",0,298,"SSHigh"
"SSHigh",0,299,"SSHigh"
"SSHigh",0,300,"SSHigh"
"SSHigh",0,301,"SSHigh"
"SSHigh",0,302,"SSHigh"
"SSHigh",0,303,"SSHigh"
"SSHigh",0,304,"SSHigh"
"SSHigh",4.19999980926514,305,"SSHigh"
"SSHigh",3.79999995231628,306,"SSHigh"
"SSHigh",2.72000002861023,307,"SSHigh"
"SSHigh",1.99000000953674,308,"SSHigh"
"SSHigh",1.99000000953674,309,"SSHigh"
"SSHigh",2.70000004768372,310,"SSHigh"
"SSHigh",2.70000004768372,311,"SSHigh"
"SSHigh",2.70000004768372,312,"SSHigh"
"SSHigh",2.70000004768372,313,"SSHigh"
"SSHigh",2.36999988555908,314,"SSHigh"
"SSHigh",0.939999997615814,315,"SSHigh"
"SSHigh",0,316,"SSHigh"
"SSHigh",0,317,"SSHigh"
"SSHigh",0,318,"SSHigh"
"SSHigh",0,319,"SSHigh"
"SSHigh",0,320,"SSHigh"
"SSHigh",0,321,"SSHigh"
"SSHigh",0,322,"SSHigh"
"SSHigh",9.69999980926514,323,"SSHigh"
"SSHigh",9.69999980926514,324,"SSHigh"
"SSHigh",9.69999980926514,325,"SSHigh"
"SSHigh",8.80000019073486,326,"SSHigh"
"SSHigh",6.5,327,"SSHigh"
"SSHigh",4.71999979019165,328,"SSHigh"
"SSHigh",4.30000019073486,329,"SSHigh"
"SSHigh",4.30000019073486,330,"SSHigh"
"SSHigh",4.30000019073486,331,"SSHigh"
"SSHigh",4.30000019073486,332,"SSHigh"
"SSHigh",4.30000019073486,333,"SSHigh"
"SSHigh",4.30000019073486,334,"SSHigh"
"SSHigh",4.30000019073486,335,"SSHigh"
"SSHigh",4.30000019073486,336,"SSHigh"
"SSHigh",4.30000019073486,337,"SSHigh"
"SSHigh",3.80999994277954,338,"SSHigh"
"SSHigh",3.80999994277954,339,"SSHigh"
"SSHigh",3.80999994277954,340,"SSHigh"
"SSHigh",3.80999994277954,341,"SSHigh"
"SSHigh",3.80999994277954,342,"SSHigh"
"SSHigh",3.80999994277954,343,"SSHigh"
"SSHigh",3.80999994277954,344,"SSHigh"
"SSHigh",3.80999994277954,345,"SSHigh"
"SSHigh",3.80999994277954,346,"SSHigh"
"SSHigh",3.80999994277954,347,"SSHigh"
"SSHigh",3.80999994277954,348,"SSHigh"
"SSHigh",2.75,349,"SSHigh"
"SSHigh",2.75,350,"SSHigh"
"SSHigh",10.4300003051758,351,"SSHigh"
"SSHigh",10.4200000762939,352,"SSHigh"
"SSHigh",10.4200000762939,353,"SSHigh"
"SSHigh",10.4200000762939,354,"SSHigh"
"SSHigh",10.039999961853,355,"SSHigh"
"SSHigh",8.86999988555908,356,"SSHigh"
"SSHigh",8.31999969482422,357,"SSHigh"
"SSHigh",7.09000015258789,358,"SSHigh"
"SSHigh",5.94000005722046,359,"SSHigh"
"SSHigh",4.96000003814697,360,"SSHigh"
"SSHigh",4.6399998664856,361,"SSHigh"
"SSHigh",9,362,"SSHigh"
"SSHigh",8.61999988555908,363,"SSHigh"
"SSHigh",7.98999977111816,364,"SSHigh"
"SSHigh",7.98999977111816,365,"SSHigh"
"SSHigh",2.60999989509583,1,"SSHigh"
"SSHigh",0.409999996423721,2,"SSHigh"
"SSHigh",2.76999998092651,3,"SSHigh"
"SSHigh",-0.159999996423721,4,"SSHigh"
"SSHigh",0.129999995231628,5,"SSHigh"
"SSHigh",-4.40000009536743,6,"SSHigh"
"SSHigh",-3.34999990463257,7,"SSHigh"
"SSHigh",-6.80000019073486,8,"SSHigh"
"SSHigh",-6.1100001335144,9,"SSHigh"
"SSHigh",-6.3899998664856,10,"SSHigh"
"SSHigh",-9.28999996185303,11,"SSHigh"
"SSHigh",-8.64000034332275,12,"SSHigh"
"SSHigh",-13.6000003814697,13,"SSHigh"
"SSHigh",-10.1899995803833,14,"SSHigh"
"SSHigh",-11.3999996185303,15,"SSHigh"
"SSHigh",-9.22999954223633,16,"SSHigh"
"SSHigh",-5.67000007629395,17,"SSHigh"
"SSHigh",0.239999994635582,18,"SSHigh"
"SSHigh",1.03999996185303,19,"SSHigh"
"SSHigh",4.57000017166138,20,"SSHigh"
"SSHigh",1.77999997138977,21,"SSHigh"
"SSHigh",1.38999998569489,22,"SSHigh"
"SSHigh",2.0699999332428,23,"SSHigh"
"SSHigh",0.72000002861023,24,"SSHigh"
"SSHigh",2.15000009536743,25,"SSHigh"
"SSHigh",0.100000001490116,26,"SSHigh"
"SSHigh",0.449999988079071,27,"SSHigh"
"SSHigh",3.38000011444092,28,"SSHigh"
"SSHigh",5.15000009536743,29,"SSHigh"
"SSHigh",7.94999980926514,30,"SSHigh"
"SSHigh",8.27000045776367,31,"SSHigh"
"SSHigh",7.48000001907349,32,"SSHigh"
"SSHigh",4.15999984741211,33,"SSHigh"
"SSHigh",1.22000002861023,34,"SSHigh"
"SSHigh",-0.430000007152557,35,"SSHigh"
"SSHigh",1.12999999523163,36,"SSHigh"
"SSHigh",2.4300000667572,37,"SSHigh"
"SSHigh",1.69000005722046,38,"SSHigh"
"SSHigh",0.239999994635582,39,"SSHigh"
"SSHigh",-0.629999995231628,40,"SSHigh"
"SSHigh",-1.02999997138977,41,"SSHigh"
"SSHigh",-3.04999995231628,42,"SSHigh"
"SSHigh",-1.60000002384186,43,"SSHigh"
"SSHigh",1.07000005245209,44,"SSHigh"
"SSHigh",-1.36000001430511,45,"SSHigh"
"SSHigh",2.27999997138977,46,"SSHigh"
"SSHigh",-1.95000004768372,47,"SSHigh"
"SSHigh",-1.57000005245209,48,"SSHigh"
"SSHigh",0,49,"SSHigh"
"SSHigh",3.38000011444092,50,"SSHigh"
"SSHigh",2.3199999332428,51,"SSHigh"
"SSHigh",5.13000011444092,52,"SSHigh"
"SSHigh",3.24000000953674,53,"SSHigh"
"SSHigh",2.29999995231628,54,"SSHigh"
"SSHigh",3.69000005722046,55,"SSHigh"
"SSHigh",4.07999992370605,56,"SSHigh"
"SSHigh",2.70000004768372,57,"SSHigh"
"SSHigh",-1.69000005722046,58,"SSHigh"
"SSHigh",-1.99000000953674,59,"SSHigh"
"SSHigh",3.33999991416931,60,"SSHigh"
"SSHigh",2.05999994277954,61,"SSHigh"
"SSHigh",0.419999986886978,62,"SSHigh"
"SSHigh",-2.36999988555908,63,"SSHigh"
"SSHigh",-3.20000004768372,64,"SSHigh"
"SSHigh",-2.54999995231628,65,"SSHigh"
"SSHigh",-0.469999998807907,66,"SSHigh"
"SSHigh",-1.1599999666214,67,"SSHigh"
"SSHigh",-2.02999997138977,68,"SSHigh"
"SSHigh",1.99000000953674,69,"SSHigh"
"SSHigh",5.03999996185303,70,"SSHigh"
"SSHigh",5.07999992370605,71,"SSHigh"
"SSHigh",3.25,72,"SSHigh"
"SSHigh",1.79999995231628,73,"SSHigh"
"SSHigh",4.44000005722046,74,"SSHigh"
"SSHigh",7.05000019073486,75,"SSHigh"
"SSHigh",10.1099996566772,76,"SSHigh"
"SSHigh",11.7299995422363,77,"SSHigh"
"SSHigh",12.3699998855591,78,"SSHigh"
"SSHigh",12.6099996566772,79,"SSHigh"
"SSHigh",12.9399995803833,80,"SSHigh"
"SSHigh",10.8299999237061,81,"SSHigh"
"SSHigh",9.59000015258789,82,"SSHigh"
"SSHigh",8.65999984741211,83,"SSHigh"
"SSHigh",5.51999998092651,84,"SSHigh"
"SSHigh",5.88000011444092,85,"SSHigh"
"SSHigh",5.09999990463257,86,"SSHigh"
"SSHigh",5.65000009536743,87,"SSHigh"
"SSHigh",5.21999979019165,88,"SSHigh"
"SSHigh",6.28999996185303,89,"SSHigh"
"SSHigh",7.65999984741211,90,"SSHigh"
"SSHigh",6.71999979019165,91,"SSHigh"
"SSHigh",9.63000011444092,92,"SSHigh"
"SSHigh",13.2299995422363,93,"SSHigh"
"SSHigh",13.3199996948242,94,"SSHigh"
"SSHigh",14.6999998092651,95,"SSHigh"
"SSHigh",12.1800003051758,96,"SSHigh"
"SSHigh",3.5699999332428,97,"SSHigh"
"SSHigh",5.73000001907349,98,"SSHigh"
"SSHigh",7.94000005722046,99,"SSHigh"
"SSHigh",9.89000034332275,100,"SSHigh"
"SSHigh",12.5299997329712,101,"SSHigh"
"SSHigh",13.4700002670288,102,"SSHigh"
"SSHigh",18.5100002288818,103,"SSHigh"
"SSHigh",19.3999996185303,104,"SSHigh"
"SSHigh",18.7299995422363,105,"SSHigh"
"SSHigh",14.289999961853,106,"SSHigh"
"SSHigh",10.8199996948242,107,"SSHigh"
"SSHigh",6.30999994277954,108,"SSHigh"
"SSHigh",6.28000020980835,109,"SSHigh"
"SSHigh",8.5600004196167,110,"SSHigh"
"SSHigh",13.0900001525879,111,"SSHigh"
"SSHigh",17.7999992370605,112,"SSHigh"
"SSHigh",14.5200004577637,113,"SSHigh"
"SSHigh",15.9399995803833,114,"SSHigh"
"SSHigh",19.6299991607666,115,"SSHigh"
"SSHigh",14.5699996948242,116,"SSHigh"
"SSHigh",11.4399995803833,117,"SSHigh"
"SSHigh",9.10999965667725,118,"SSHigh"
"SSHigh",10,119,"SSHigh"
"SSHigh",12.6300001144409,120,"SSHigh"
"SSHigh",8.84000015258789,121,"SSHigh"
"SSHigh",6.25,122,"SSHigh"
"SSHigh",8.89999961853027,123,"SSHigh"
"SSHigh",9.22999954223633,124,"SSHigh"
"SSHigh",15.8199996948242,125,"SSHigh"
"SSHigh",13.1999998092651,126,"SSHigh"
"SSHigh",11.289999961853,127,"SSHigh"
"SSHigh",9.06999969482422,128,"SSHigh"
"SSHigh",9.03999996185303,129,"SSHigh"
"SSHigh",15.0699996948242,130,"SSHigh"
"SSHigh",19.0100002288818,131,"SSHigh"
"SSHigh",22.3700008392334,132,"SSHigh"
"SSHigh",22.7800006866455,133,"SSHigh"
"SSHigh",20.3899993896484,134,"SSHigh"
"SSHigh",16.2000007629395,135,"SSHigh"
"SSHigh",19.1900005340576,136,"SSHigh"
"SSHigh",21.9899997711182,137,"SSHigh"
"SSHigh",20.5699996948242,138,"SSHigh"
"SSHigh",17.2000007629395,139,"SSHigh"
"SSHigh",14.4300003051758,140,"SSHigh"
"SSHigh",10.8199996948242,141,"SSHigh"
"SSHigh",12.8900003433228,142,"SSHigh"
"SSHigh",10.0500001907349,143,"SSHigh"
"SSHigh",8.40999984741211,144,"SSHigh"
"SSHigh",15.0600004196167,145,"SSHigh"
"SSHigh",14.6700000762939,146,"SSHigh"
"SSHigh",17.6100006103516,147,"SSHigh"
"SSHigh",20.1299991607666,148,"SSHigh"
"SSHigh",24.2999992370605,149,"SSHigh"
"SSHigh",19.2000007629395,150,"SSHigh"
"SSHigh",15.2799997329712,151,"SSHigh"
"SSHigh",18.0900001525879,152,"SSHigh"
"SSHigh",21.7299995422363,153,"SSHigh"
"SSHigh",21,154,"SSHigh"
"SSHigh",17.8999996185303,155,"SSHigh"
"SSHigh",20.8500003814697,156,"SSHigh"
"SSHigh",26.2299995422363,157,"SSHigh"
"SSHigh",26.5799999237061,158,"SSHigh"
"SSHigh",27.4599990844727,159,"SSHigh"
"SSHigh",27.1800003051758,160,"SSHigh"
"SSHigh",25.8899993896484,161,"SSHigh"
"SSHigh",23.1399993896484,162,"SSHigh"
"SSHigh",25.4599990844727,163,"SSHigh"
"SSHigh",28.1000003814697,164,"SSHigh"
"SSHigh",27.8700008392334,165,"SSHigh"
"SSHigh",28.5100002288818,166,"SSHigh"
"SSHigh",23.2800006866455,167,"SSHigh"
"SSHigh",17.9300003051758,168,"SSHigh"
"SSHigh",14.25,169,"SSHigh"
"SSHigh",13.9099998474121,170,"SSHigh"
"SSHigh",19.4799995422363,171,"SSHigh"
"SSHigh",25.4899997711182,172,"SSHigh"
"SSHigh",28.2000007629395,173,"SSHigh"
"SSHigh",29.3899993896484,174,"SSHigh"
"SSHigh",31.8799991607666,175,"SSHigh"
"SSHigh",30.1200008392334,176,"SSHigh"
"SSHigh",30.3500003814697,177,"SSHigh"
"SSHigh",25.5300006866455,178,"SSHigh"
"SSHigh",24.7099990844727,179,"SSHigh"
"SSHigh",22.2600002288818,180,"SSHigh"
"SSHigh",27.5200004577637,181,"SSHigh"
"SSHigh",27.4500007629395,182,"SSHigh"
"SSHigh",21.9200000762939,183,"SSHigh"
"SSHigh",21.2399997711182,184,"SSHigh"
"SSHigh",22.3799991607666,185,"SSHigh"
"SSHigh",22.6900005340576,186,"SSHigh"
"SSHigh",26.3899993896484,187,"SSHigh"
"SSHigh",26.5699996948242,188,"SSHigh"
"SSHigh",25.9400005340576,189,"SSHigh"
"SSHigh",29.1200008392334,190,"SSHigh"
"SSHigh",31.7700004577637,191,"SSHigh"
"SSHigh",33.25,192,"SSHigh"
"SSHigh",33.8499984741211,193,"SSHigh"
"SSHigh",32.2799987792969,194,"SSHigh"
"SSHigh",33.1599998474121,195,"SSHigh"
"SSHigh",30.7099990844727,196,"SSHigh"
"SSHigh",26.8099994659424,197,"SSHigh"
"SSHigh",30.2299995422363,198,"SSHigh"
"SSHigh",31.0599994659424,199,"SSHigh"
"SSHigh",31.9200000762939,200,"SSHigh"
"SSHigh",32.0699996948242,201,"SSHigh"
"SSHigh",31.2999992370605,202,"SSHigh"
"SSHigh",30.8199996948242,203,"SSHigh"
"SSHigh",30.6399993896484,204,"SSHigh"
"SSHigh",33.560001373291,205,"SSHigh"
"SSHigh",31.6399993896484,206,"SSHigh"
"SSHigh",30.5400009155273,207,"SSHigh"
"SSHigh",27.6100006103516,208,"SSHigh"
"SSHigh",26.2900009155273,209,"SSHigh"
"SSHigh",25.7199993133545,210,"SSHigh"
"SSHigh",28.4699993133545,211,"SSHigh"
"SSHigh",23.5599994659424,212,"SSHigh"
"SSHigh",26.1399993896484,213,"SSHigh"
"SSHigh",31.2399997711182,214,"SSHigh"
"SSHigh",34.0400009155273,215,"SSHigh"
"SSHigh",33.5400009155273,216,"SSHigh"
"SSHigh",29.7900009155273,217,"SSHigh"
"SSHigh",32.0299987792969,218,"SSHigh"
"SSHigh",30.4599990844727,219,"SSHigh"
"SSHigh",29.0200004577637,220,"SSHigh"
"SSHigh",26.6399993896484,221,"SSHigh"
"SSHigh",25.3999996185303,222,"SSHigh"
"SSHigh",24.9300003051758,223,"SSHigh"
"SSHigh",25.9300003051758,224,"SSHigh"
"SSHigh",27.2099990844727,225,"SSHigh"
"SSHigh",22.0200004577637,226,"SSHigh"
"SSHigh",22.6700000762939,227,"SSHigh"
"SSHigh",26.7299995422363,228,"SSHigh"
"SSHigh",25.7700004577637,229,"SSHigh"
"SSHigh",29.5200004577637,230,"SSHigh"
"SSHigh",29.2000007629395,231,"SSHigh"
"SSHigh",28.3700008392334,232,"SSHigh"
"SSHigh",28.8799991607666,233,"SSHigh"
"SSHigh",26.9699993133545,234,"SSHigh"
"SSHigh",28.8299999237061,235,"SSHigh"
"SSHigh",26.2099990844727,236,"SSHigh"
"SSHigh",22.1200008392334,237,"SSHigh"
"SSHigh",23.1599998474121,238,"SSHigh"
"SSHigh",21.7000007629395,239,"SSHigh"
"SSHigh",24.5300006866455,240,"SSHigh"
"SSHigh",21.4500007629395,241,"SSHigh"
"SSHigh",23.8899993896484,242,"SSHigh"
"SSHigh",27.2600002288818,243,"SSHigh"
"SSHigh",30.1100006103516,244,"SSHigh"
"SSHigh",30.4699993133545,245,"SSHigh"
"SSHigh",29.4599990844727,246,"SSHigh"
"SSHigh",25.6499996185303,247,"SSHigh"
"SSHigh",24.9799995422363,248,"SSHigh"
"SSHigh",27.0300006866455,249,"SSHigh"
"SSHigh",28.3600006103516,250,"SSHigh"
"SSHigh",29.3400001525879,251,"SSHigh"
"SSHigh",28.9099998474121,252,"SSHigh"
"SSHigh",28.5300006866455,253,"SSHigh"
"SSHigh",27.8700008392334,254,"SSHigh"
"SSHigh",24.5400009155273,255,"SSHigh"
"SSHigh",14.5200004577637,256,"SSHigh"
"SSHigh",15.1099996566772,257,"SSHigh"
"SSHigh",19.7600002288818,258,"SSHigh"
"SSHigh",25.0599994659424,259,"SSHigh"
"SSHigh",23.5400009155273,260,"SSHigh"
"SSHigh",13.1099996566772,261,"SSHigh"
"SSHigh",13.1400003433228,262,"SSHigh"
"SSHigh",17.8500003814697,263,"SSHigh"
"SSHigh",20.1200008392334,264,"SSHigh"
"SSHigh",20.2700004577637,265,"SSHigh"
"SSHigh",21.1299991607666,266,"SSHigh"
"SSHigh",20.5300006866455,267,"SSHigh"
"SSHigh",23.1700000762939,268,"SSHigh"
"SSHigh",25.6299991607666,269,"SSHigh"
"SSHigh",25.1800003051758,270,"SSHigh"
"SSHigh",24.5599994659424,271,"SSHigh"
"SSHigh",27.2099990844727,272,"SSHigh"
"SSHigh",26.8500003814697,273,"SSHigh"
"SSHigh",18,274,"SSHigh"
"SSHigh",18.4099998474121,275,"SSHigh"
"SSHigh",20.9200000762939,276,"SSHigh"
"SSHigh",18.7700004577637,277,"SSHigh"
"SSHigh",23.7700004577637,278,"SSHigh"
"SSHigh",20.3199996948242,279,"SSHigh"
"SSHigh",20.2099990844727,280,"SSHigh"
"SSHigh",20.8600006103516,281,"SSHigh"
"SSHigh",22.4500007629395,282,"SSHigh"
"SSHigh",23.3199996948242,283,"SSHigh"
"SSHigh",20.8799991607666,284,"SSHigh"
"SSHigh",21.7399997711182,285,"SSHigh"
"SSHigh",23.3199996948242,286,"SSHigh"
"SSHigh",23.9099998474121,287,"SSHigh"
"SSHigh",23.4699993133545,288,"SSHigh"
"SSHigh",21.9400005340576,289,"SSHigh"
"SSHigh",20.7800006866455,290,"SSHigh"
"SSHigh",11.1999998092651,291,"SSHigh"
"SSHigh",8.34000015258789,292,"SSHigh"
"SSHigh",13.3100004196167,293,"SSHigh"
"SSHigh",18.0300006866455,294,"SSHigh"
"SSHigh",15.4799995422363,295,"SSHigh"
"SSHigh",13.5200004577637,296,"SSHigh"
"SSHigh",12.25,297,"SSHigh"
"SSHigh",8.73999977111816,298,"SSHigh"
"SSHigh",10.1999998092651,299,"SSHigh"
"SSHigh",14.5600004196167,300,"SSHigh"
"SSHigh",17.2900009155273,301,"SSHigh"
"SSHigh",8.32999992370605,302,"SSHigh"
"SSHigh",4.84999990463257,303,"SSHigh"
"SSHigh",5.01000022888184,304,"SSHigh"
"SSHigh",1.3400000333786,305,"SSHigh"
"SSHigh",2.38000011444092,306,"SSHigh"
"SSHigh",2.24000000953674,307,"SSHigh"
"SSHigh",4.26000022888184,308,"SSHigh"
"SSHigh",2.25999999046326,309,"SSHigh"
"SSHigh",1.87000000476837,310,"SSHigh"
"SSHigh",3.50999999046326,311,"SSHigh"
"SSHigh",4.84000015258789,312,"SSHigh"
"SSHigh",7.53999996185303,313,"SSHigh"
"SSHigh",7.1399998664856,314,"SSHigh"
"SSHigh",7.32999992370605,315,"SSHigh"
"SSHigh",11.1800003051758,316,"SSHigh"
"SSHigh",6.51999998092651,317,"SSHigh"
"SSHigh",2.45000004768372,318,"SSHigh"
"SSHigh",6.03999996185303,319,"SSHigh"
"SSHigh",3.05999994277954,320,"SSHigh"
"SSHigh",2.20000004768372,321,"SSHigh"
"SSHigh",0.340000003576279,322,"SSHigh"
"SSHigh",-0.879999995231628,323,"SSHigh"
"SSHigh",-3.26999998092651,324,"SSHigh"
"SSHigh",-0.839999973773956,325,"SSHigh"
"SSHigh",4.76999998092651,326,"SSHigh"
"SSHigh",7.65999984741211,327,"SSHigh"
"SSHigh",4.67000007629395,328,"SSHigh"
"SSHigh",1.25999999046326,329,"SSHigh"
"SSHigh",0.550000011920929,330,"SSHigh"
"SSHigh",0.389999985694885,331,"SSHigh"
"SSHigh",-0.449999988079071,332,"SSHigh"
"SSHigh",-3.9300000667572,333,"SSHigh"
"SSHigh",-3.17000007629395,334,"SSHigh"
"SSHigh",-1.89999997615814,335,"SSHigh"
"SSHigh",1.12000000476837,336,"SSHigh"
"SSHigh",6.80999994277954,337,"SSHigh"
"SSHigh",7.80000019073486,338,"SSHigh"
"SSHigh",6.36999988555908,339,"SSHigh"
"SSHigh",6.17999982833862,340,"SSHigh"
"SSHigh",4.65999984741211,341,"SSHigh"
"SSHigh",1.49000000953674,342,"SSHigh"
"SSHigh",-0.540000021457672,343,"SSHigh"
"SSHigh",-0.740000009536743,344,"SSHigh"
"SSHigh",-3.92000007629395,345,"SSHigh"
"SSHigh",-2.25999999046326,346,"SSHigh"
"SSHigh",3.44000005722046,347,"SSHigh"
"SSHigh",0.119999997317791,348,"SSHigh"
"SSHigh",-0.600000023841858,349,"SSHigh"
"SSHigh",0.319999992847443,350,"SSHigh"
"SSHigh",-3.46000003814697,351,"SSHigh"
"SSHigh",-0.959999978542328,352,"SSHigh"
"SSHigh",0.839999973773956,353,"SSHigh"
"SSHigh",2.09999990463257,354,"SSHigh"
"SSHigh",4.55000019073486,355,"SSHigh"
"SSHigh",5.1100001335144,356,"SSHigh"
"SSHigh",1.57000005245209,357,"SSHigh"
"SSHigh",1.1599999666214,358,"SSHigh"
"SSHigh",1.96000003814697,359,"SSHigh"
"SSHigh",1.66999995708466,360,"SSHigh"
"SSHigh",-1.33000004291534,361,"SSHigh"
"SSHigh",-1.47000002861023,362,"SSHigh"
"SSHigh",0.75,363,"SSHigh"
"SSHigh",0.620000004768372,364,"SSHigh"
"SSHigh",-0.889999985694885,365,"SSHigh"
"SSHigh",-8.69999980926514,1,"SSHigh"
"SSHigh",-9.57999992370605,2,"SSHigh"
"SSHigh",-8.75,3,"SSHigh"
"SSHigh",-8.10000038146973,4,"SSHigh"
"SSHigh",-8.98999977111816,5,"SSHigh"
"SSHigh",-11.7399997711182,6,"SSHigh"
"SSHigh",-10.8800001144409,7,"SSHigh"
"SSHigh",-16.3400001525879,8,"SSHigh"
"SSHigh",-12.3800001144409,9,"SSHigh"
"SSHigh",-14.3900003433228,10,"SSHigh"
"SSHigh",-17.3799991607666,11,"SSHigh"
"SSHigh",-20.5499992370605,12,"SSHigh"
"SSHigh",-26.1900005340576,13,"SSHigh"
"SSHigh",-19.5599994659424,14,"SSHigh"
"SSHigh",-23.2600002288818,15,"SSHigh"
"SSHigh",-22.7299995422363,16,"SSHigh"
"SSHigh",-12.710000038147,17,"SSHigh"
"SSHigh",-10.5699996948242,18,"SSHigh"
"SSHigh",-5.19999980926514,19,"SSHigh"
"SSHigh",-3.33999991416931,20,"SSHigh"
"SSHigh",-1.63999998569489,21,"SSHigh"
"SSHigh",-1.33000004291534,22,"SSHigh"
"SSHigh",-1.42999994754791,23,"SSHigh"
"SSHigh",-2.19000005722046,24,"SSHigh"
"SSHigh",-3.82999992370605,25,"SSHigh"
"SSHigh",-7.1100001335144,26,"SSHigh"
"SSHigh",-5.55999994277954,27,"SSHigh"
"SSHigh",-2.42000007629395,28,"SSHigh"
"SSHigh",-1.11000001430511,29,"SSHigh"
"SSHigh",-2.5,30,"SSHigh"
"SSHigh",-3.52999997138977,31,"SSHigh"
"SSHigh",-1.38999998569489,32,"SSHigh"
"SSHigh",-0.0700000002980232,33,"SSHigh"
"SSHigh",-2.00999999046326,34,"SSHigh"
"SSHigh",-5.65999984741211,35,"SSHigh"
"SSHigh",-5.78000020980835,36,"SSHigh"
"SSHigh",-1.53999996185303,37,"SSHigh"
"SSHigh",-2.36999988555908,38,"SSHigh"
"SSHigh",-5.53999996185303,39,"SSHigh"
"SSHigh",-9.22000026702881,40,"SSHigh"
"SSHigh",-12.6800003051758,41,"SSHigh"
"SSHigh",-12.1499996185303,42,"SSHigh"
"SSHigh",-7.36999988555908,43,"SSHigh"
"SSHigh",-9.88000011444092,44,"SSHigh"
"SSHigh",-9.72999954223633,45,"SSHigh"
"SSHigh",-4.51999998092651,46,"SSHigh"
"SSHigh",-12.1599998474121,47,"SSHigh"
"SSHigh",-15.5299997329712,48,"SSHigh"
"SSHigh",-9.39999961853027,49,"SSHigh"
"SSHigh",-5.38000011444092,50,"SSHigh"
"SSHigh",-2,51,"SSHigh"
"SSHigh",-4.76999998092651,52,"SSHigh"
"SSHigh",-5.1100001335144,53,"SSHigh"
"SSHigh",-8.27999973297119,54,"SSHigh"
"SSHigh",-6.6100001335144,55,"SSHigh"
"SSHigh",-3.45000004768372,56,"SSHigh"
"SSHigh",-6.05999994277954,57,"SSHigh"
"SSHigh",-13.4499998092651,58,"SSHigh"
"SSHigh",-11.8500003814697,59,"SSHigh"
"SSHigh",-7.07999992370605,60,"SSHigh"
"SSHigh",-2.33999991416931,61,"SSHigh"
"SSHigh",-6.65999984741211,62,"SSHigh"
"SSHigh",-13.3699998855591,63,"SSHigh"
"SSHigh",-13.5299997329712,64,"SSHigh"
"SSHigh",-13.0200004577637,65,"SSHigh"
"SSHigh",-9.11999988555908,66,"SSHigh"
"SSHigh",-11.7399997711182,67,"SSHigh"
"SSHigh",-16.0599994659424,68,"SSHigh"
"SSHigh",-13.1400003433228,69,"SSHigh"
"SSHigh",-8.96000003814697,70,"SSHigh"
"SSHigh",-4.61999988555908,71,"SSHigh"
"SSHigh",-4.63000011444092,72,"SSHigh"
"SSHigh",-6.21000003814697,73,"SSHigh"
"SSHigh",-5.05999994277954,74,"SSHigh"
"SSHigh",-6.78999996185303,75,"SSHigh"
"SSHigh",-1.94000005722046,76,"SSHigh"
"SSHigh",-0.0700000002980232,77,"SSHigh"
"SSHigh",-1.50999999046326,78,"SSHigh"
"SSHigh",-1.62000000476837,79,"SSHigh"
"SSHigh",-1.62000000476837,80,"SSHigh"
"SSHigh",-0.129999995231628,81,"SSHigh"
"SSHigh",-2.15000009536743,82,"SSHigh"
"SSHigh",-0.660000026226044,83,"SSHigh"
"SSHigh",-4.09000015258789,84,"SSHigh"
"SSHigh",-6.17000007629395,85,"SSHigh"
"SSHigh",-6.11999988555908,86,"SSHigh"
"SSHigh",-6.09000015258789,87,"SSHigh"
"SSHigh",-2.41000008583069,88,"SSHigh"
"SSHigh",-5.21000003814697,89,"SSHigh"
"SSHigh",-4.05000019073486,90,"SSHigh"
"SSHigh",-0.97000002861023,91,"SSHigh"
"SSHigh",-4.1399998664856,92,"SSHigh"
"SSHigh",-3.1800000667572,93,"SSHigh"
"SSHigh",-0.170000001788139,94,"SSHigh"
"SSHigh",2.9300000667572,95,"SSHigh"
"SSHigh",-1.66999995708466,96,"SSHigh"
"SSHigh",-3.76999998092651,97,"SSHigh"
"SSHigh",-3.4300000667572,98,"SSHigh"
"SSHigh",-3.59999990463257,99,"SSHigh"
"SSHigh",-3.11999988555908,100,"SSHigh"
"SSHigh",-2.33999991416931,101,"SSHigh"
"SSHigh",-2.49000000953674,102,"SSHigh"
"SSHigh",2.03999996185303,103,"SSHigh"
"SSHigh",3.25999999046326,104,"SSHigh"
"SSHigh",3.30999994277954,105,"SSHigh"
"SSHigh",3.90000009536743,106,"SSHigh"
"SSHigh",0.0900000035762787,107,"SSHigh"
"SSHigh",-4.80000019073486,108,"SSHigh"
"SSHigh",-8.10000038146973,109,"SSHigh"
"SSHigh",-4.90000009536743,110,"SSHigh"
"SSHigh",-4.34999990463257,111,"SSHigh"
"SSHigh",-0.479999989271164,112,"SSHigh"
"SSHigh",-1.76999998092651,113,"SSHigh"
"SSHigh",-1.49000000953674,114,"SSHigh"
"SSHigh",2.71000003814697,115,"SSHigh"
"SSHigh",4.30000019073486,116,"SSHigh"
"SSHigh",2.28999996185303,117,"SSHigh"
"SSHigh",3.08999991416931,118,"SSHigh"
"SSHigh",2.24000000953674,119,"SSHigh"
"SSHigh",-0.839999973773956,120,"SSHigh"
"SSHigh",-4.32999992370605,121,"SSHigh"
"SSHigh",-4.75,122,"SSHigh"
"SSHigh",-6.15999984741211,123,"SSHigh"
"SSHigh",-1.46000003814697,124,"SSHigh"
"SSHigh",-1.57000005245209,125,"SSHigh"
"SSHigh",1.97000002861023,126,"SSHigh"
"SSHigh",0.0599999986588955,127,"SSHigh"
"SSHigh",-1.38999998569489,128,"SSHigh"
"SSHigh",-0.759999990463257,129,"SSHigh"
"SSHigh",1.41999995708466,130,"SSHigh"
"SSHigh",2.75,131,"SSHigh"
"SSHigh",3.26999998092651,132,"SSHigh"
"SSHigh",6.42999982833862,133,"SSHigh"
"SSHigh",5.28000020980835,134,"SSHigh"
"SSHigh",4.07999992370605,135,"SSHigh"
"SSHigh",5.07999992370605,136,"SSHigh"
"SSHigh",4.92999982833862,137,"SSHigh"
"SSHigh",1.8400000333786,138,"SSHigh"
"SSHigh",-1.57000005245209,139,"SSHigh"
"SSHigh",2.26999998092651,140,"SSHigh"
"SSHigh",-0.330000013113022,141,"SSHigh"
"SSHigh",-0.759999990463257,142,"SSHigh"
"SSHigh",1.53999996185303,143,"SSHigh"
"SSHigh",-2,144,"SSHigh"
"SSHigh",-1.03999996185303,145,"SSHigh"
"SSHigh",1.48000001907349,146,"SSHigh"
"SSHigh",1.3400000333786,147,"SSHigh"
"SSHigh",3.55999994277954,148,"SSHigh"
"SSHigh",5.28000020980835,149,"SSHigh"
"SSHigh",4.09000015258789,150,"SSHigh"
"SSHigh",0.839999973773956,151,"SSHigh"
"SSHigh",1.26999998092651,152,"SSHigh"
"SSHigh",4.07999992370605,153,"SSHigh"
"SSHigh",8.51000022888184,154,"SSHigh"
"SSHigh",7.98000001907349,155,"SSHigh"
"SSHigh",3.70000004768372,156,"SSHigh"
"SSHigh",6.96999979019165,157,"SSHigh"
"SSHigh",8.06999969482422,158,"SSHigh"
"SSHigh",10.0500001907349,159,"SSHigh"
"SSHigh",9.55000019073486,160,"SSHigh"
"SSHigh",10.2200002670288,161,"SSHigh"
"SSHigh",9.01000022888184,162,"SSHigh"
"SSHigh",7.53999996185303,163,"SSHigh"
"SSHigh",9.35000038146973,164,"SSHigh"
"SSHigh",8.64999961853027,165,"SSHigh"
"SSHigh",12.5299997329712,166,"SSHigh"
"SSHigh",7.76000022888184,167,"SSHigh"
"SSHigh",3.21000003814697,168,"SSHigh"
"SSHigh",1.74000000953674,169,"SSHigh"
"SSHigh",-1.78999996185303,170,"SSHigh"
"SSHigh",0.389999985694885,171,"SSHigh"
"SSHigh",4.65000009536743,172,"SSHigh"
"SSHigh",9,173,"SSHigh"
"SSHigh",9.21000003814697,174,"SSHigh"
"SSHigh",11.75,175,"SSHigh"
"SSHigh",11.2700004577637,176,"SSHigh"
"SSHigh",10.0200004577637,177,"SSHigh"
"SSHigh",12.3400001525879,178,"SSHigh"
"SSHigh",9.78999996185303,179,"SSHigh"
"SSHigh",4.51999998092651,180,"SSHigh"
"SSHigh",7.09000015258789,181,"SSHigh"
"SSHigh",13.1099996566772,182,"SSHigh"
"SSHigh",7.98999977111816,183,"SSHigh"
"SSHigh",4.09999990463257,184,"SSHigh"
"SSHigh",6.69999980926514,185,"SSHigh"
"SSHigh",5.67999982833862,186,"SSHigh"
"SSHigh",7.15999984741211,187,"SSHigh"
"SSHigh",8.97000026702881,188,"SSHigh"
"SSHigh",10.1099996566772,189,"SSHigh"
"SSHigh",10.1300001144409,190,"SSHigh"
"SSHigh",12.9499998092651,191,"SSHigh"
"SSHigh",13.6499996185303,192,"SSHigh"
"SSHigh",14.1099996566772,193,"SSHigh"
"SSHigh",14.8800001144409,194,"SSHigh"
"SSHigh",13.4499998092651,195,"SSHigh"
"SSHigh",14.2399997711182,196,"SSHigh"
"SSHigh",14.2799997329712,197,"SSHigh"
"SSHigh",12.5200004577637,198,"SSHigh"
"SSHigh",13.2799997329712,199,"SSHigh"
"SSHigh",12.4700002670288,200,"SSHigh"
"SSHigh",14.0299997329712,201,"SSHigh"
"SSHigh",14.6899995803833,202,"SSHigh"
"SSHigh",14.1499996185303,203,"SSHigh"
"SSHigh",13.8699998855591,204,"SSHigh"
"SSHigh",13.8199996948242,205,"SSHigh"
"SSHigh",15.289999961853,206,"SSHigh"
"SSHigh",15.3500003814697,207,"SSHigh"
"SSHigh",11.3100004196167,208,"SSHigh"
"SSHigh",9.10000038146973,209,"SSHigh"
"SSHigh",8.57999992370605,210,"SSHigh"
"SSHigh",9.55000019073486,211,"SSHigh"
"SSHigh",9.60000038146973,212,"SSHigh"
"SSHigh",7.26000022888184,213,"SSHigh"
"SSHigh",10.7299995422363,214,"SSHigh"
"SSHigh",13.8400001525879,215,"SSHigh"
"SSHigh",16.6499996185303,216,"SSHigh"
"SSHigh",14.0799999237061,217,"SSHigh"
"SSHigh",12.6800003051758,218,"SSHigh"
"SSHigh",11.9499998092651,219,"SSHigh"
"SSHigh",13.0600004196167,220,"SSHigh"
"SSHigh",11.5299997329712,221,"SSHigh"
"SSHigh",10.9799995422363,222,"SSHigh"
"SSHigh",9.4399995803833,223,"SSHigh"
"SSHigh",6.98999977111816,224,"SSHigh"
"SSHigh",11.3000001907349,225,"SSHigh"
"SSHigh",10.1899995803833,226,"SSHigh"
"SSHigh",7.94999980926514,227,"SSHigh"
"SSHigh",8.02999973297119,228,"SSHigh"
"SSHigh",8.22000026702881,229,"SSHigh"
"SSHigh",10.3000001907349,230,"SSHigh"
"SSHigh",11.2299995422363,231,"SSHigh"
"SSHigh",10.1899995803833,232,"SSHigh"
"SSHigh",10.7600002288818,233,"SSHigh"
"SSHigh",9.63000011444092,234,"SSHigh"
"SSHigh",8.01000022888184,235,"SSHigh"
"SSHigh",10.1000003814697,236,"SSHigh"
"SSHigh",7.65000009536743,237,"SSHigh"
"SSHigh",4.94000005722046,238,"SSHigh"
"SSHigh",6.01999998092651,239,"SSHigh"
"SSHigh",6.80000019073486,240,"SSHigh"
"SSHigh",7.25,241,"SSHigh"
"SSHigh",4.46000003814697,242,"SSHigh"
"SSHigh",6.94000005722046,243,"SSHigh"
"SSHigh",9.01000022888184,244,"SSHigh"
"SSHigh",11.0200004577637,245,"SSHigh"
"SSHigh",10.7700004577637,246,"SSHigh"
"SSHigh",9.39999961853027,247,"SSHigh"
"SSHigh",7.8899998664856,248,"SSHigh"
"SSHigh",8.96000003814697,249,"SSHigh"
"SSHigh",9.35000038146973,250,"SSHigh"
"SSHigh",10.4799995422363,251,"SSHigh"
"SSHigh",10.4200000762939,252,"SSHigh"
"SSHigh",10.0900001525879,253,"SSHigh"
"SSHigh",9.25,254,"SSHigh"
"SSHigh",9.84000015258789,255,"SSHigh"
"SSHigh",4.5,256,"SSHigh"
"SSHigh",2.5,257,"SSHigh"
"SSHigh",2.90000009536743,258,"SSHigh"
"SSHigh",7.1399998664856,259,"SSHigh"
"SSHigh",8.48999977111816,260,"SSHigh"
"SSHigh",6.51999998092651,261,"SSHigh"
"SSHigh",5.98999977111816,262,"SSHigh"
"SSHigh",3.71000003814697,263,"SSHigh"
"SSHigh",4.11999988555908,264,"SSHigh"
"SSHigh",5.48999977111816,265,"SSHigh"
"SSHigh",3.04999995231628,266,"SSHigh"
"SSHigh",4.94000005722046,267,"SSHigh"
"SSHigh",5.76999998092651,268,"SSHigh"
"SSHigh",9.02999973297119,269,"SSHigh"
"SSHigh",7.42000007629395,270,"SSHigh"
"SSHigh",6.34000015258789,271,"SSHigh"
"SSHigh",8.89999961853027,272,"SSHigh"
"SSHigh",8.1899995803833,273,"SSHigh"
"SSHigh",2.25999999046326,274,"SSHigh"
"SSHigh",0.419999986886978,275,"SSHigh"
"SSHigh",2.75,276,"SSHigh"
"SSHigh",2.29999995231628,277,"SSHigh"
"SSHigh",3.08999991416931,278,"SSHigh"
"SSHigh",4.19000005722046,279,"SSHigh"
"SSHigh",3.30999994277954,280,"SSHigh"
"SSHigh",4.38000011444092,281,"SSHigh"
"SSHigh",4.55000019073486,282,"SSHigh"
"SSHigh",5.3600001335144,283,"SSHigh"
"SSHigh",8.21000003814697,284,"SSHigh"
"SSHigh",5.19000005722046,285,"SSHigh"
"SSHigh",5.80000019073486,286,"SSHigh"
"SSHigh",6.46000003814697,287,"SSHigh"
"SSHigh",6.17999982833862,288,"SSHigh"
"SSHigh",4.98000001907349,289,"SSHigh"
"SSHigh",4.09999990463257,290,"SSHigh"
"SSHigh",1.28999996185303,291,"SSHigh"
"SSHigh",-1.57000005245209,292,"SSHigh"
"SSHigh",-3.41000008583069,293,"SSHigh"
"SSHigh",-0.259999990463257,294,"SSHigh"
"SSHigh",1.50999999046326,295,"SSHigh"
"SSHigh",1.50999999046326,296,"SSHigh"
"SSHigh",-0.449999988079071,297,"SSHigh"
"SSHigh",-0.340000003576279,298,"SSHigh"
"SSHigh",-2.34999990463257,299,"SSHigh"
"SSHigh",0.219999998807907,300,"SSHigh"
"SSHigh",2.16000008583069,301,"SSHigh"
"SSHigh",-1.64999997615814,302,"SSHigh"
"SSHigh",-1.73000001907349,303,"SSHigh"
"SSHigh",-6.19999980926514,304,"SSHigh"
"SSHigh",-6.84999990463257,305,"SSHigh"
"SSHigh",-5.03999996185303,306,"SSHigh"
"SSHigh",-3.4300000667572,307,"SSHigh"
"SSHigh",-4.25,308,"SSHigh"
"SSHigh",-6.09999990463257,309,"SSHigh"
"SSHigh",-7.11999988555908,310,"SSHigh"
"SSHigh",-8.17000007629395,311,"SSHigh"
"SSHigh",-9.10000038146973,312,"SSHigh"
"SSHigh",-6.34999990463257,313,"SSHigh"
"SSHigh",-5.19999980926514,314,"SSHigh"
"SSHigh",-2.59999990463257,315,"SSHigh"
"SSHigh",-1.07000005245209,316,"SSHigh"
"SSHigh",-4.42999982833862,317,"SSHigh"
"SSHigh",-6.90000009536743,318,"SSHigh"
"SSHigh",-5.75,319,"SSHigh"
"SSHigh",-3.58999991416931,320,"SSHigh"
"SSHigh",-4.51000022888184,321,"SSHigh"
"SSHigh",-6.19000005722046,322,"SSHigh"
"SSHigh",-10.1599998474121,323,"SSHigh"
"SSHigh",-13.5200004577637,324,"SSHigh"
"SSHigh",-12.0799999237061,325,"SSHigh"
"SSHigh",-3.86999988555908,326,"SSHigh"
"SSHigh",-0.52999997138977,327,"SSHigh"
"SSHigh",-1.75,328,"SSHigh"
"SSHigh",-5,329,"SSHigh"
"SSHigh",-7.3899998664856,330,"SSHigh"
"SSHigh",-6.09999990463257,331,"SSHigh"
"SSHigh",-9,332,"SSHigh"
"SSHigh",-7.01000022888184,333,"SSHigh"
"SSHigh",-7.51999998092651,334,"SSHigh"
"SSHigh",-8.53999996185303,335,"SSHigh"
"SSHigh",-8.5,336,"SSHigh"
"SSHigh",-6.40999984741211,337,"SSHigh"
"SSHigh",-4.84000015258789,338,"SSHigh"
"SSHigh",-6.07999992370605,339,"SSHigh"
"SSHigh",-6.69999980926514,340,"SSHigh"
"SSHigh",-6.82000017166138,341,"SSHigh"
"SSHigh",-6.1100001335144,342,"SSHigh"
"SSHigh",-7.98999977111816,343,"SSHigh"
"SSHigh",-9.73999977111816,344,"SSHigh"
"SSHigh",-13.3900003433228,345,"SSHigh"
"SSHigh",-10.5200004577637,346,"SSHigh"
"SSHigh",-6.1399998664856,347,"SSHigh"
"SSHigh",-8.0600004196167,348,"SSHigh"
"SSHigh",-3.47000002861023,349,"SSHigh"
"SSHigh",-9.53999996185303,350,"SSHigh"
"SSHigh",-12.0900001525879,351,"SSHigh"
"SSHigh",-5.96999979019165,352,"SSHigh"
"SSHigh",-6.15999984741211,353,"SSHigh"
"SSHigh",-9.06999969482422,354,"SSHigh"
"SSHigh",-5.09000015258789,355,"SSHigh"
"SSHigh",-3.21000003814697,356,"SSHigh"
"SSHigh",-4.69999980926514,357,"SSHigh"
"SSHigh",-3.05999994277954,358,"SSHigh"
"SSHigh",-3.26999998092651,359,"SSHigh"
"SSHigh",-3.67000007629395,360,"SSHigh"
"SSHigh",-5.23000001907349,361,"SSHigh"
"SSHigh",-7.59999990463257,362,"SSHigh"
"SSHigh",-5.09000015258789,363,"SSHigh"
"SSHigh",-4.5,364,"SSHigh"
"SSHigh",-7.94000005722046,365,"SSHigh"
"SSHigh",316.600006103516,1,"SSHigh"
"SSHigh",295.540008544922,2,"SSHigh"
"SSHigh",315.559997558594,3,"SSHigh"
"SSHigh",331.910003662109,4,"SSHigh"
"SSHigh",309.570007324219,5,"SSHigh"
"SSHigh",248.820007324219,6,"SSHigh"
"SSHigh",266.519989013672,7,"SSHigh"
"SSHigh",170.559997558594,8,"SSHigh"
"SSHigh",236.399993896484,9,"SSHigh"
"SSHigh",200.570007324219,10,"SSHigh"
"SSHigh",156.300003051758,11,"SSHigh"
"SSHigh",119.099998474121,12,"SSHigh"
"SSHigh",71.9499969482422,13,"SSHigh"
"SSHigh",129.740005493164,14,"SSHigh"
"SSHigh",93.75,15,"SSHigh"
"SSHigh",98.2900009155273,16,"SSHigh"
"SSHigh",229.990005493164,17,"SSHigh"
"SSHigh",273.329986572266,18,"SSHigh"
"SSHigh",414.820007324219,19,"SSHigh"
"SSHigh",477.279998779297,20,"SSHigh"
"SSHigh",541.530029296875,21,"SSHigh"
"SSHigh",554.289978027344,22,"SSHigh"
"SSHigh",550.219970703125,23,"SSHigh"
"SSHigh",519.869995117188,24,"SSHigh"
"SSHigh",460.019989013672,25,"SSHigh"
"SSHigh",358.529998779297,26,"SSHigh"
"SSHigh",403.730010986328,27,"SSHigh"
"SSHigh",511.320007324219,28,"SSHigh"
"SSHigh",563.299987792969,29,"SSHigh"
"SSHigh",508.339996337891,30,"SSHigh"
"SSHigh",470.649993896484,31,"SSHigh"
"SSHigh",551.570007324219,32,"SSHigh"
"SSHigh",607.5,33,"SSHigh"
"SSHigh",527.130004882812,34,"SSHigh"
"SSHigh",400.559997558594,35,"SSHigh"
"SSHigh",397.019989013672,36,"SSHigh"
"SSHigh",545.719970703125,37,"SSHigh"
"SSHigh",513.299987792969,38,"SSHigh"
"SSHigh",404.359985351562,39,"SSHigh"
"SSHigh",303.959991455078,40,"SSHigh"
"SSHigh",230.669998168945,41,"SSHigh"
"SSHigh",240.770004272461,42,"SSHigh"
"SSHigh",351.359985351562,43,"SSHigh"
"SSHigh",288.589996337891,44,"SSHigh"
"SSHigh",292.119995117188,45,"SSHigh"
"SSHigh",436.679992675781,46,"SSHigh"
"SSHigh",240.639999389648,47,"SSHigh"
"SSHigh",182.550003051758,48,"SSHigh"
"SSHigh",299.730010986328,49,"SSHigh"
"SSHigh",409.359985351562,50,"SSHigh"
"SSHigh",527.460021972656,51,"SSHigh"
"SSHigh",428.670013427734,52,"SSHigh"
"SSHigh",417.630004882812,53,"SSHigh"
"SSHigh",327.190002441406,54,"SSHigh"
"SSHigh",372.410003662109,55,"SSHigh"
"SSHigh",473.309997558594,56,"SSHigh"
"SSHigh",388.640014648438,57,"SSHigh"
"SSHigh",216.660003662109,58,"SSHigh"
"SSHigh",246.729995727539,59,"SSHigh"
"SSHigh",359.220001220703,60,"SSHigh"
"SSHigh",514.219970703125,61,"SSHigh"
"SSHigh",370.959991455078,62,"SSHigh"
"SSHigh",217.990005493164,63,"SSHigh"
"SSHigh",215.190002441406,64,"SSHigh"
"SSHigh",224.309997558594,65,"SSHigh"
"SSHigh",306.369995117188,66,"SSHigh"
"SSHigh",248.740005493164,67,"SSHigh"
"SSHigh",174.679992675781,68,"SSHigh"
"SSHigh",222.119995117188,69,"SSHigh"
"SSHigh",310.420013427734,70,"SSHigh"
"SSHigh",433.660003662109,71,"SSHigh"
"SSHigh",433.190002441406,72,"SSHigh"
"SSHigh",384.119995117188,73,"SSHigh"
"SSHigh",419.399993896484,74,"SSHigh"
"SSHigh",367.25,75,"SSHigh"
"SSHigh",529.719970703125,76,"SSHigh"
"SSHigh",607.630004882812,77,"SSHigh"
"SSHigh",546.75,78,"SSHigh"
"SSHigh",541.890014648438,79,"SSHigh"
"SSHigh",538.239990234375,80,"SSHigh"
"SSHigh",604.780029296875,81,"SSHigh"
"SSHigh",521.440002441406,82,"SSHigh"
"SSHigh",581.989990234375,83,"SSHigh"
"SSHigh",451.170013427734,84,"SSHigh"
"SSHigh",385.290008544922,85,"SSHigh"
"SSHigh",386.890014648438,86,"SSHigh"
"SSHigh",387.799987792969,87,"SSHigh"
"SSHigh",511.5,88,"SSHigh"
"SSHigh",414.579986572266,89,"SSHigh"
"SSHigh",452.630004882812,90,"SSHigh"
"SSHigh",568.880004882812,91,"SSHigh"
"SSHigh",445.190002441406,92,"SSHigh"
"SSHigh",452.940002441406,93,"SSHigh"
"SSHigh",603.150024414062,94,"SSHigh"
"SSHigh",738.679992675781,95,"SSHigh"
"SSHigh",540.590026855469,96,"SSHigh"
"SSHigh",462.380004882812,97,"SSHigh"
"SSHigh",474.059997558594,98,"SSHigh"
"SSHigh",468.260009765625,99,"SSHigh"
"SSHigh",485.339996337891,100,"SSHigh"
"SSHigh",489.890014648438,101,"SSHigh"
"SSHigh",476.029998779297,102,"SSHigh"
"SSHigh",630.799987792969,103,"SSHigh"
"SSHigh",685.739990234375,104,"SSHigh"
"SSHigh",694.530029296875,105,"SSHigh"
"SSHigh",807.210021972656,106,"SSHigh"
"SSHigh",614.700012207031,107,"SSHigh"
"SSHigh",427.730010986328,108,"SSHigh"
"SSHigh",328.029998779297,109,"SSHigh"
"SSHigh",412.399993896484,110,"SSHigh"
"SSHigh",393.809997558594,111,"SSHigh"
"SSHigh",495.760009765625,112,"SSHigh"
"SSHigh",463.519989013672,113,"SSHigh"
"SSHigh",452.339996337891,114,"SSHigh"
"SSHigh",592.330017089844,115,"SSHigh"
"SSHigh",830.140014648438,116,"SSHigh"
"SSHigh",720.320007324219,117,"SSHigh"
"SSHigh",762.429992675781,118,"SSHigh"
"SSHigh",717.510009765625,119,"SSHigh"
"SSHigh",561.690002441406,120,"SSHigh"
"SSHigh",443.170013427734,121,"SSHigh"
"SSHigh",429.350006103516,122,"SSHigh"
"SSHigh",379.010009765625,123,"SSHigh"
"SSHigh",548.890014648438,124,"SSHigh"
"SSHigh",476.25,125,"SSHigh"
"SSHigh",703.880004882812,126,"SSHigh"
"SSHigh",603.02001953125,127,"SSHigh"
"SSHigh",542.619995117188,128,"SSHigh"
"SSHigh",564.27001953125,129,"SSHigh"
"SSHigh",563.619995117188,130,"SSHigh"
"SSHigh",560.950012207031,131,"SSHigh"
"SSHigh",542.349975585938,132,"SSHigh"
"SSHigh",699.969970703125,133,"SSHigh"
"SSHigh",672.429992675781,134,"SSHigh"
"SSHigh",684.460021972656,135,"SSHigh"
"SSHigh",681.010009765625,136,"SSHigh"
"SSHigh",615.75,137,"SSHigh"
"SSHigh",484.529998779297,138,"SSHigh"
"SSHigh",392.480010986328,139,"SSHigh"
"SSHigh",605.390014648438,140,"SSHigh"
"SSHigh",527.929992675781,141,"SSHigh"
"SSHigh",457.980010986328,142,"SSHigh"
"SSHigh",682.799987792969,143,"SSHigh"
"SSHigh",527.559997558594,144,"SSHigh"
"SSHigh",444.820007324219,145,"SSHigh"
"SSHigh",566.049987792969,146,"SSHigh"
"SSHigh",518.760009765625,147,"SSHigh"
"SSHigh",593.640014648438,148,"SSHigh"
"SSHigh",627.539978027344,149,"SSHigh"
"SSHigh",642.130004882812,150,"SSHigh"
"SSHigh",527.659973144531,151,"SSHigh"
"SSHigh",496.279998779297,152,"SSHigh"
"SSHigh",516.619995117188,153,"SSHigh"
"SSHigh",818.280029296875,154,"SSHigh"
"SSHigh",878.630004882812,155,"SSHigh"
"SSHigh",486.760009765625,156,"SSHigh"
"SSHigh",556.059997558594,157,"SSHigh"
"SSHigh",610.210021972656,158,"SSHigh"
"SSHigh",716.619995117188,159,"SSHigh"
"SSHigh",691.650024414062,160,"SSHigh"
"SSHigh",772.739990234375,161,"SSHigh"
"SSHigh",762.140014648438,162,"SSHigh"
"SSHigh",569.119995117188,163,"SSHigh"
"SSHigh",594.599975585938,164,"SSHigh"
"SSHigh",564.340026855469,165,"SSHigh"
"SSHigh",808.510009765625,166,"SSHigh"
"SSHigh",619.869995117188,167,"SSHigh"
"SSHigh",489.75,168,"SSHigh"
"SSHigh",590.919982910156,169,"SSHigh"
"SSHigh",355.940002441406,170,"SSHigh"
"SSHigh",359.760009765625,171,"SSHigh"
"SSHigh",438.329986572266,172,"SSHigh"
"SSHigh",603.869995117188,173,"SSHigh"
"SSHigh",575.369995117188,174,"SSHigh"
"SSHigh",673.840026855469,175,"SSHigh"
"SSHigh",688.690002441406,176,"SSHigh"
"SSHigh",608.419982910156,177,"SSHigh"
"SSHigh",1107.61999511719,178,"SSHigh"
"SSHigh",631.260009765625,179,"SSHigh"
"SSHigh",403.730010986328,180,"SSHigh"
"SSHigh",416.220001220703,181,"SSHigh"
"SSHigh",801.640014648438,182,"SSHigh"
"SSHigh",769.950012207031,183,"SSHigh"
"SSHigh",463.339996337891,184,"SSHigh"
"SSHigh",564.780029296875,185,"SSHigh"
"SSHigh",500.089996337891,186,"SSHigh"
"SSHigh",479.170013427734,187,"SSHigh"
"SSHigh",572.02001953125,188,"SSHigh"
"SSHigh",666.809997558594,189,"SSHigh"
"SSHigh",578.789978027344,190,"SSHigh"
"SSHigh",692.820007324219,191,"SSHigh"
"SSHigh",705.400024414062,192,"SSHigh"
"SSHigh",724.179992675781,193,"SSHigh"
"SSHigh",839.830017089844,194,"SSHigh"
"SSHigh",700.150024414062,195,"SSHigh"
"SSHigh",849.260009765625,196,"SSHigh"
"SSHigh",1051.81005859375,197,"SSHigh"
"SSHigh",726.510009765625,198,"SSHigh"
"SSHigh",1006.17999267578,199,"SSHigh"
"SSHigh",705.239990234375,200,"SSHigh"
"SSHigh",822.359985351562,201,"SSHigh"
"SSHigh",911.669982910156,202,"SSHigh"
"SSHigh",880.219970703125,203,"SSHigh"
"SSHigh",862.179992675781,204,"SSHigh"
"SSHigh",763.780029296875,205,"SSHigh"
"SSHigh",961.280029296875,206,"SSHigh"
"SSHigh",944.789978027344,207,"SSHigh"
"SSHigh",652.049987792969,208,"SSHigh"
"SSHigh",592.289978027344,209,"SSHigh"
"SSHigh",405.420013427734,210,"SSHigh"
"SSHigh",434.730010986328,211,"SSHigh"
"SSHigh",436.410003662109,212,"SSHigh"
"SSHigh",368.209991455078,213,"SSHigh"
"SSHigh",472.929992675781,214,"SSHigh"
"SSHigh",588.25,215,"SSHigh"
"SSHigh",713.419982910156,216,"SSHigh"
"SSHigh",598.169982910156,217,"SSHigh"
"SSHigh",542.880004882812,218,"SSHigh"
"SSHigh",532.450012207031,219,"SSHigh"
"SSHigh",557.210021972656,220,"SSHigh"
"SSHigh",500.700012207031,221,"SSHigh"
"SSHigh",486.109985351562,222,"SSHigh"
"SSHigh",599.840026855469,223,"SSHigh"
"SSHigh",486.109985351562,224,"SSHigh"
"SSHigh",557.260009765625,225,"SSHigh"
"SSHigh",890.880004882812,226,"SSHigh"
"SSHigh",764.140014648438,227,"SSHigh"
"SSHigh",704.340026855469,228,"SSHigh"
"SSHigh",587.669982910156,229,"SSHigh"
"SSHigh",626.25,230,"SSHigh"
"SSHigh",701.119995117188,231,"SSHigh"
"SSHigh",658.580017089844,232,"SSHigh"
"SSHigh",688.719970703125,233,"SSHigh"
"SSHigh",567.340026855469,234,"SSHigh"
"SSHigh",396.299987792969,235,"SSHigh"
"SSHigh",770.609985351562,236,"SSHigh"
"SSHigh",599.330017089844,237,"SSHigh"
"SSHigh",427.040008544922,238,"SSHigh"
"SSHigh",518.349975585938,239,"SSHigh"
"SSHigh",494.5,240,"SSHigh"
"SSHigh",609.969970703125,241,"SSHigh"
"SSHigh",409.029998779297,242,"SSHigh"
"SSHigh",460.720001220703,243,"SSHigh"
"SSHigh",511.25,244,"SSHigh"
"SSHigh",619.169982910156,245,"SSHigh"
"SSHigh",636.359985351562,246,"SSHigh"
"SSHigh",660.789978027344,247,"SSHigh"
"SSHigh",601.109985351562,248,"SSHigh"
"SSHigh",620.450012207031,249,"SSHigh"
"SSHigh",620.260009765625,250,"SSHigh"
"SSHigh",676.510009765625,251,"SSHigh"
"SSHigh",692.570007324219,252,"SSHigh"
"SSHigh",689.010009765625,253,"SSHigh"
"SSHigh",656.27001953125,254,"SSHigh"
"SSHigh",806.700012207031,255,"SSHigh"
"SSHigh",826.760009765625,256,"SSHigh"
"SSHigh",662.840026855469,257,"SSHigh"
"SSHigh",596.900024414062,258,"SSHigh"
"SSHigh",762.320007324219,259,"SSHigh"
"SSHigh",1027.30004882812,260,"SSHigh"
"SSHigh",969,261,"SSHigh"
"SSHigh",934.070007324219,262,"SSHigh"
"SSHigh",757.309997558594,263,"SSHigh"
"SSHigh",748.710021972656,264,"SSHigh"
"SSHigh",841.809997558594,265,"SSHigh"
"SSHigh",676,266,"SSHigh"
"SSHigh",807.02001953125,267,"SSHigh"
"SSHigh",825.330017089844,268,"SSHigh"
"SSHigh",1021.46997070312,269,"SSHigh"
"SSHigh",905.780029296875,270,"SSHigh"
"SSHigh",844.460021972656,271,"SSHigh"
"SSHigh",999.640014648438,272,"SSHigh"
"SSHigh",954.900024414062,273,"SSHigh"
"SSHigh",660.929992675781,274,"SSHigh"
"SSHigh",562.890014648438,275,"SSHigh"
"SSHigh",656.510009765625,276,"SSHigh"
"SSHigh",663.489990234375,277,"SSHigh"
"SSHigh",652.619995117188,278,"SSHigh"
"SSHigh",764.330017089844,279,"SSHigh"
"SSHigh",714.47998046875,280,"SSHigh"
"SSHigh",776.010009765625,281,"SSHigh"
"SSHigh",769.039978027344,282,"SSHigh"
"SSHigh",814.719970703125,283,"SSHigh"
"SSHigh",1087.36999511719,284,"SSHigh"
"SSHigh",834.22998046875,285,"SSHigh"
"SSHigh",860.960021972656,286,"SSHigh"
"SSHigh",906.929992675781,287,"SSHigh"
"SSHigh",897.989990234375,288,"SSHigh"
"SSHigh",839.570007324219,289,"SSHigh"
"SSHigh",793.820007324219,290,"SSHigh"
"SSHigh",670.210021972656,291,"SSHigh"
"SSHigh",544.530029296875,292,"SSHigh"
"SSHigh",474.739990234375,293,"SSHigh"
"SSHigh",599.059997558594,294,"SSHigh"
"SSHigh",680.900024414062,295,"SSHigh"
"SSHigh",681.169982910156,296,"SSHigh"
"SSHigh",591.159973144531,297,"SSHigh"
"SSHigh",595.780029296875,298,"SSHigh"
"SSHigh",513.929992675781,299,"SSHigh"
"SSHigh",620.419982910156,300,"SSHigh"
"SSHigh",713.570007324219,301,"SSHigh"
"SSHigh",541.390014648438,302,"SSHigh"
"SSHigh",537.880004882812,303,"SSHigh"
"SSHigh",384.489990234375,304,"SSHigh"
"SSHigh",365.739990234375,305,"SSHigh"
"SSHigh",419.950012207031,306,"SSHigh"
"SSHigh",474.070007324219,307,"SSHigh"
"SSHigh",445.799987792969,308,"SSHigh"
"SSHigh",387.480010986328,309,"SSHigh"
"SSHigh",358.109985351562,310,"SSHigh"
"SSHigh",330.190002441406,311,"SSHigh"
"SSHigh",306.859985351562,312,"SSHigh"
"SSHigh",380.029998779297,313,"SSHigh"
"SSHigh",414.910003662109,314,"SSHigh"
"SSHigh",504.339996337891,315,"SSHigh"
"SSHigh",564.700012207031,316,"SSHigh"
"SSHigh",439.760009765625,317,"SSHigh"
"SSHigh",364.200012207031,318,"SSHigh"
"SSHigh",397.910003662109,319,"SSHigh"
"SSHigh",468.369995117188,320,"SSHigh"
"SSHigh",437.070007324219,321,"SSHigh"
"SSHigh",384.850006103516,322,"SSHigh"
"SSHigh",282.320007324219,323,"SSHigh"
"SSHigh",215.330001831055,324,"SSHigh"
"SSHigh",242.080001831055,325,"SSHigh"
"SSHigh",458.829986572266,326,"SSHigh"
"SSHigh",587.429992675781,327,"SSHigh"
"SSHigh",537.27001953125,328,"SSHigh"
"SSHigh",421.410003662109,329,"SSHigh"
"SSHigh",350.839996337891,330,"SSHigh"
"SSHigh",387.260009765625,331,"SSHigh"
"SSHigh",309.459991455078,332,"SSHigh"
"SSHigh",361.149993896484,333,"SSHigh"
"SSHigh",347.290008544922,334,"SSHigh"
"SSHigh",320.649993896484,335,"SSHigh"
"SSHigh",321.630004882812,336,"SSHigh"
"SSHigh",378.220001220703,337,"SSHigh"
"SSHigh",426.369995117188,338,"SSHigh"
"SSHigh",388.089996337891,339,"SSHigh"
"SSHigh",370.040008544922,340,"SSHigh"
"SSHigh",366.470001220703,341,"SSHigh"
"SSHigh",386.970001220703,342,"SSHigh"
"SSHigh",334.739990234375,343,"SSHigh"
"SSHigh",291.890014648438,344,"SSHigh"
"SSHigh",217.649993896484,345,"SSHigh"
"SSHigh",274.299987792969,346,"SSHigh"
"SSHigh",386.329986572266,347,"SSHigh"
"SSHigh",332.920013427734,348,"SSHigh"
"SSHigh",472.709991455078,349,"SSHigh"
"SSHigh",296.480010986328,350,"SSHigh"
"SSHigh",241.869995117188,351,"SSHigh"
"SSHigh",391.390014648438,352,"SSHigh"
"SSHigh",385.619995117188,353,"SSHigh"
"SSHigh",307.670013427734,354,"SSHigh"
"SSHigh",418.329986572266,355,"SSHigh"
"SSHigh",481.910003662109,356,"SSHigh"
"SSHigh",430.809997558594,357,"SSHigh"
"SSHigh",487.329986572266,358,"SSHigh"
"SSHigh",480,359,"SSHigh"
"SSHigh",465.600006103516,360,"SSHigh"
"SSHigh",413.959991455078,361,"SSHigh"
"SSHigh",345.149993896484,362,"SSHigh"
"SSHigh",418.529998779297,363,"SSHigh"
"SSHigh",437.489990234375,364,"SSHigh"
"SSHigh",336.089996337891,365,"SSHigh"
"SSHQ",31466.2890625,1,"SSHQ"
"SSHQ",31515.419921875,2,"SSHQ"
"SSHQ",31568.55078125,3,"SSHQ"
"SSHQ",31625.640625,4,"SSHQ"
"SSHQ",31686.66015625,5,"SSHQ"
"SSHQ",31751.5390625,6,"SSHQ"
"SSHQ",31820.25,7,"SSHQ"
"SSHQ",31892.740234375,8,"SSHQ"
"SSHQ",31968.939453125,9,"SSHQ"
"SSHQ",32048.80078125,10,"SSHQ"
"SSHQ",32132.26953125,11,"SSHQ"
"SSHQ",32219.279296875,12,"SSHQ"
"SSHQ",32309.779296875,13,"SSHQ"
"SSHQ",32403.7109375,14,"SSHQ"
"SSHQ",32500.990234375,15,"SSHQ"
"SSHQ",32601.560546875,16,"SSHQ"
"SSHQ",32705.369140625,17,"SSHQ"
"SSHQ",32812.328125,18,"SSHQ"
"SSHQ",32922.390625,19,"SSHQ"
"SSHQ",33035.46875,20,"SSHQ"
"SSHQ",33151.51171875,21,"SSHQ"
"SSHQ",33270.4296875,22,"SSHQ"
"SSHQ",33392.1796875,23,"SSHQ"
"SSHQ",33516.671875,24,"SSHQ"
"SSHQ",33643.83984375,25,"SSHQ"
"SSHQ",33773.609375,26,"SSHQ"
"SSHQ",33905.9296875,27,"SSHQ"
"SSHQ",34040.7109375,28,"SSHQ"
"SSHQ",34177.890625,29,"SSHQ"
"SSHQ",34317.41015625,30,"SSHQ"
"SSHQ",34459.19140625,31,"SSHQ"
"SSHQ",34603.16015625,32,"SSHQ"
"SSHQ",34749.26953125,33,"SSHQ"
"SSHQ",34897.4296875,34,"SSHQ"
"SSHQ",35047.6015625,35,"SSHQ"
"SSHQ",35199.69921875,36,"SSHQ"
"SSHQ",35353.671875,37,"SSHQ"
"SSHQ",35509.44140625,38,"SSHQ"
"SSHQ",35666.9609375,39,"SSHQ"
"SSHQ",35826.171875,40,"SSHQ"
"SSHQ",35987,41,"SSHQ"
"SSHQ",36149.3984375,42,"SSHQ"
"SSHQ",36313.30859375,43,"SSHQ"
"SSHQ",36478.671875,44,"SSHQ"
"SSHQ",36645.4296875,45,"SSHQ"
"SSHQ",36813.53125,46,"SSHQ"
"SSHQ",36982.921875,47,"SSHQ"
"SSHQ",37153.55078125,48,"SSHQ"
"SSHQ",37325.37109375,49,"SSHQ"
"SSHQ",37498.328125,50,"SSHQ"
"SSHQ",37672.37890625,51,"SSHQ"
"SSHQ",37847.46875,52,"SSHQ"
"SSHQ",38023.55078125,53,"SSHQ"
"SSHQ",38200.58984375,54,"SSHQ"
"SSHQ",38378.5390625,55,"SSHQ"
"SSHQ",38557.33984375,56,"SSHQ"
"SSHQ",38736.96875,57,"SSHQ"
"SSHQ",38917.37890625,58,"SSHQ"
"SSHQ",39098.53125,59,"SSHQ"
"SSHQ",39280.37890625,60,"SSHQ"
"SSHQ",39462.8984375,61,"SSHQ"
"SSHQ",39646.0390625,62,"SSHQ"
"SSHQ",39829.76171875,63,"SSHQ"
"SSHQ",40014.05078125,64,"SSHQ"
"SSHQ",40198.83984375,65,"SSHQ"
"SSHQ",40384.12890625,66,"SSHQ"
"SSHQ",40569.859375,67,"SSHQ"
"SSHQ",40756.01171875,68,"SSHQ"
"SSHQ",40942.5390625,69,"SSHQ"
"SSHQ",41129.421875,70,"SSHQ"
"SSHQ",41316.62890625,71,"SSHQ"
"SSHQ",41504.12890625,72,"SSHQ"
"SSHQ",41691.890625,73,"SSHQ"
"SSHQ",41879.87890625,74,"SSHQ"
"SSHQ",42068.05859375,75,"SSHQ"
"SSHQ",42256.4296875,76,"SSHQ"
"SSHQ",42444.9296875,77,"SSHQ"
"SSHQ",42633.55078125,78,"SSHQ"
"SSHQ",42822.25,79,"SSHQ"
"SSHQ",43011.01171875,80,"SSHQ"
"SSHQ",43199.7890625,81,"SSHQ"
"SSHQ",43388.578125,82,"SSHQ"
"SSHQ",43577.33984375,83,"SSHQ"
"SSHQ",43766.0390625,84,"SSHQ"
"SSHQ",43954.66015625,85,"SSHQ"
"SSHQ",44143.16015625,86,"SSHQ"
"SSHQ",44331.51953125,87,"SSHQ"
"SSHQ",44519.7109375,88,"SSHQ"
"SSHQ",44707.69921875,89,"SSHQ"
"SSHQ",44895.4609375,90,"SSHQ"
"SSHQ",45082.9609375,91,"SSHQ"
"SSHQ",45270.171875,92,"SSHQ"
"SSHQ",45457.05078125,93,"SSHQ"
"SSHQ",45643.58984375,94,"SSHQ"
"SSHQ",45829.73828125,95,"SSHQ"
"SSHQ",46015.46875,96,"SSHQ"
"SSHQ",46200.75,97,"SSHQ"
"SSHQ",46385.55078125,98,"SSHQ"
"SSHQ",46569.828125,99,"SSHQ"
"SSHQ",46753.55859375,100,"SSHQ"
"SSHQ",46936.69921875,101,"SSHQ"
"SSHQ",47119.21875,102,"SSHQ"
"SSHQ",47301.0703125,103,"SSHQ"
"SSHQ",47482.21875,104,"SSHQ"
"SSHQ",47662.62890625,105,"SSHQ"
"SSHQ",47842.26171875,106,"SSHQ"
"SSHQ",48021.0703125,107,"SSHQ"
"SSHQ",48199.01953125,108,"SSHQ"
"SSHQ",48376.05859375,109,"SSHQ"
"SSHQ",48552.1484375,110,"SSHQ"
"SSHQ",48727.23828125,111,"SSHQ"
"SSHQ",48901.2890625,112,"SSHQ"
"SSHQ",49074.25,113,"SSHQ"
"SSHQ",49246.0703125,114,"SSHQ"
"SSHQ",49416.7109375,115,"SSHQ"
"SSHQ",49586.1015625,116,"SSHQ"
"SSHQ",49754.2109375,117,"SSHQ"
"SSHQ",49920.96875,118,"SSHQ"
"SSHQ",50086.328125,119,"SSHQ"
"SSHQ",50250.23828125,120,"SSHQ"
"SSHQ",50412.640625,121,"SSHQ"
"SSHQ",50573.48046875,122,"SSHQ"
"SSHQ",50732.69140625,123,"SSHQ"
"SSHQ",50890.21875,124,"SSHQ"
"SSHQ",51046,125,"SSHQ"
"SSHQ",51199.96875,126,"SSHQ"
"SSHQ",51352.0703125,127,"SSHQ"
"SSHQ",51502.23828125,128,"SSHQ"
"SSHQ",51650.41015625,129,"SSHQ"
"SSHQ",51796.51953125,130,"SSHQ"
"SSHQ",51940.5,131,"SSHQ"
"SSHQ",52082.28125,132,"SSHQ"
"SSHQ",52221.80078125,133,"SSHQ"
"SSHQ",52358.98828125,134,"SSHQ"
"SSHQ",52493.78125,135,"SSHQ"
"SSHQ",52626.1015625,136,"SSHQ"
"SSHQ",52755.87890625,137,"SSHQ"
"SSHQ",52883.05859375,138,"SSHQ"
"SSHQ",53007.55078125,139,"SSHQ"
"SSHQ",53129.30078125,140,"SSHQ"
"SSHQ",53248.23046875,141,"SSHQ"
"SSHQ",53364.28125,142,"SSHQ"
"SSHQ",53477.37109375,143,"SSHQ"
"SSHQ",53587.4296875,144,"SSHQ"
"SSHQ",53694.3984375,145,"SSHQ"
"SSHQ",53798.2109375,146,"SSHQ"
"SSHQ",53898.80078125,147,"SSHQ"
"SSHQ",53996.078125,148,"SSHQ"
"SSHQ",54090.01171875,149,"SSHQ"
"SSHQ",54180.51953125,150,"SSHQ"
"SSHQ",54267.5390625,151,"SSHQ"
"SSHQ",54351.01953125,152,"SSHQ"
"SSHQ",54430.890625,153,"SSHQ"
"SSHQ",54507.1015625,154,"SSHQ"
"SSHQ",54579.58984375,155,"SSHQ"
"SSHQ",54648.30859375,156,"SSHQ"
"SSHQ",54713.19921875,157,"SSHQ"
"SSHQ",54774.23046875,158,"SSHQ"
"SSHQ",54831.328125,159,"SSHQ"
"SSHQ",54884.46875,160,"SSHQ"
"SSHQ",54933.6015625,161,"SSHQ"
"SSHQ",54978.69140625,162,"SSHQ"
"SSHQ",55019.69921875,163,"SSHQ"
"SSHQ",55056.6015625,164,"SSHQ"
"SSHQ",55089.359375,165,"SSHQ"
"SSHQ",55117.94921875,166,"SSHQ"
"SSHQ",55142.33984375,167,"SSHQ"
"SSHQ",55162.53125,168,"SSHQ"
"SSHQ",55178.48046875,169,"SSHQ"
"SSHQ",55190.19140625,170,"SSHQ"
"SSHQ",55197.66015625,171,"SSHQ"
"SSHQ",55200.859375,172,"SSHQ"
"SSHQ",55199.80078125,173,"SSHQ"
"SSHQ",55194.48828125,174,"SSHQ"
"SSHQ",55184.921875,175,"SSHQ"
"SSHQ",55171.1015625,176,"SSHQ"
"SSHQ",55153.05078125,177,"SSHQ"
"SSHQ",55130.78125,178,"SSHQ"
"SSHQ",55104.30078125,179,"SSHQ"
"SSHQ",55073.640625,180,"SSHQ"
"SSHQ",55038.828125,181,"SSHQ"
"SSHQ",54999.890625,182,"SSHQ"
"SSHQ",54956.8515625,183,"SSHQ"
"SSHQ",54909.75,184,"SSHQ"
"SSHQ",54858.62890625,185,"SSHQ"
"SSHQ",54803.51953125,186,"SSHQ"
"SSHQ",54744.46875,187,"SSHQ"
"SSHQ",54681.51953125,188,"SSHQ"
"SSHQ",54614.73046875,189,"SSHQ"
"SSHQ",54544.12890625,190,"SSHQ"
"SSHQ",54469.7890625,191,"SSHQ"
"SSHQ",54391.76171875,192,"SSHQ"
"SSHQ",54310.08984375,193,"SSHQ"
"SSHQ",54224.8515625,194,"SSHQ"
"SSHQ",54136.1015625,195,"SSHQ"
"SSHQ",54043.87890625,196,"SSHQ"
"SSHQ",53948.28125,197,"SSHQ"
"SSHQ",53849.3515625,198,"SSHQ"
"SSHQ",53747.16015625,199,"SSHQ"
"SSHQ",53641.78125,200,"SSHQ"
"SSHQ",53533.26171875,201,"SSHQ"
"SSHQ",53421.69140625,202,"SSHQ"
"SSHQ",53307.12890625,203,"SSHQ"
"SSHQ",53189.6484375,204,"SSHQ"
"SSHQ",53069.30859375,205,"SSHQ"
"SSHQ",52946.19140625,206,"SSHQ"
"SSHQ",52820.359375,207,"SSHQ"
"SSHQ",52691.87890625,208,"SSHQ"
"SSHQ",52560.828125,209,"SSHQ"
"SSHQ",52427.28125,210,"SSHQ"
"SSHQ",52291.2890625,211,"SSHQ"
"SSHQ",52152.94140625,212,"SSHQ"
"SSHQ",52012.2890625,213,"SSHQ"
"SSHQ",51869.41015625,214,"SSHQ"
"SSHQ",51724.37109375,215,"SSHQ"
"SSHQ",51577.23046875,216,"SSHQ"
"SSHQ",51428.05859375,217,"SSHQ"
"SSHQ",51276.921875,218,"SSHQ"
"SSHQ",51123.87890625,219,"SSHQ"
"SSHQ",50969.01171875,220,"SSHQ"
"SSHQ",50812.359375,221,"SSHQ"
"SSHQ",50653.98828125,222,"SSHQ"
"SSHQ",50493.96875,223,"SSHQ"
"SSHQ",50332.3515625,224,"SSHQ"
"SSHQ",50169.19140625,225,"SSHQ"
"SSHQ",50004.55078125,226,"SSHQ"
"SSHQ",49838.48828125,227,"SSHQ"
"SSHQ",49671.05078125,228,"SSHQ"
"SSHQ",49502.30078125,229,"SSHQ"
"SSHQ",49332.2890625,230,"SSHQ"
"SSHQ",49161.05859375,231,"SSHQ"
"SSHQ",48988.671875,232,"SSHQ"
"SSHQ",48815.16015625,233,"SSHQ"
"SSHQ",48640.58984375,234,"SSHQ"
"SSHQ",48465,235,"SSHQ"
"SSHQ",48288.4296875,236,"SSHQ"
"SSHQ",48110.94140625,237,"SSHQ"
"SSHQ",47932.55859375,238,"SSHQ"
"SSHQ",47753.328125,239,"SSHQ"
"SSHQ",47573.30859375,240,"SSHQ"
"SSHQ",47392.53125,241,"SSHQ"
"SSHQ",47211.01953125,242,"SSHQ"
"SSHQ",47028.83984375,243,"SSHQ"
"SSHQ",46846.01171875,244,"SSHQ"
"SSHQ",46662.5703125,245,"SSHQ"
"SSHQ",46478.55859375,246,"SSHQ"
"SSHQ",46294.01953125,247,"SSHQ"
"SSHQ",46108.98046875,248,"SSHQ"
"SSHQ",45923.46875,249,"SSHQ"
"SSHQ",45737.53125,250,"SSHQ"
"SSHQ",45551.1796875,251,"SSHQ"
"SSHQ",45364.46875,252,"SSHQ"
"SSHQ",45177.421875,253,"SSHQ"
"SSHQ",44990.05859375,254,"SSHQ"
"SSHQ",44802.4296875,255,"SSHQ"
"SSHQ",44614.55859375,256,"SSHQ"
"SSHQ",44426.4609375,257,"SSHQ"
"SSHQ",44238.19140625,258,"SSHQ"
"SSHQ",44049.75,259,"SSHQ"
"SSHQ",43861.19140625,260,"SSHQ"
"SSHQ",43672.53125,261,"SSHQ"
"SSHQ",43483.7890625,262,"SSHQ"
"SSHQ",43295.01171875,263,"SSHQ"
"SSHQ",43106.21875,264,"SSHQ"
"SSHQ",42917.44921875,265,"SSHQ"
"SSHQ",42728.7109375,266,"SSHQ"
"SSHQ",42540.05078125,267,"SSHQ"
"SSHQ",42351.48828125,268,"SSHQ"
"SSHQ",42163.05078125,269,"SSHQ"
"SSHQ",41974.76953125,270,"SSHQ"
"SSHQ",41786.6796875,271,"SSHQ"
"SSHQ",41598.80078125,272,"SSHQ"
"SSHQ",41411.171875,273,"SSHQ"
"SSHQ",41223.80859375,274,"SSHQ"
"SSHQ",41036.76171875,275,"SSHQ"
"SSHQ",40850.0390625,276,"SSHQ"
"SSHQ",40663.69921875,277,"SSHQ"
"SSHQ",40477.75,278,"SSHQ"
"SSHQ",40292.23828125,279,"SSHQ"
"SSHQ",40107.19140625,280,"SSHQ"
"SSHQ",39922.640625,281,"SSHQ"
"SSHQ",39738.62890625,282,"SSHQ"
"SSHQ",39555.19140625,283,"SSHQ"
"SSHQ",39372.359375,284,"SSHQ"
"SSHQ",39190.171875,285,"SSHQ"
"SSHQ",39008.66015625,286,"SSHQ"
"SSHQ",38827.87109375,287,"SSHQ"
"SSHQ",38647.83984375,288,"SSHQ"
"SSHQ",38468.62109375,289,"SSHQ"
"SSHQ",38290.23046875,290,"SSHQ"
"SSHQ",38112.73046875,291,"SSHQ"
"SSHQ",37936.16015625,292,"SSHQ"
"SSHQ",37760.55859375,293,"SSHQ"
"SSHQ",37585.98046875,294,"SSHQ"
"SSHQ",37412.46875,295,"SSHQ"
"SSHQ",37240.0703125,296,"SSHQ"
"SSHQ",37068.828125,297,"SSHQ"
"SSHQ",36898.80859375,298,"SSHQ"
"SSHQ",36730.05078125,299,"SSHQ"
"SSHQ",36562.609375,300,"SSHQ"
"SSHQ",36396.53125,301,"SSHQ"
"SSHQ",36231.890625,302,"SSHQ"
"SSHQ",36068.71875,303,"SSHQ"
"SSHQ",35907.08984375,304,"SSHQ"
"SSHQ",35747.05859375,305,"SSHQ"
"SSHQ",35588.6796875,306,"SSHQ"
"SSHQ",35432.01171875,307,"SSHQ"
"SSHQ",35277.12890625,308,"SSHQ"
"SSHQ",35124.078125,309,"SSHQ"
"SSHQ",34972.9296875,310,"SSHQ"
"SSHQ",34823.73828125,311,"SSHQ"
"SSHQ",34676.58984375,312,"SSHQ"
"SSHQ",34531.53125,313,"SSHQ"
"SSHQ",34388.640625,314,"SSHQ"
"SSHQ",34247.96875,315,"SSHQ"
"SSHQ",34109.609375,316,"SSHQ"
"SSHQ",33973.6015625,317,"SSHQ"
"SSHQ",33840.03125,318,"SSHQ"
"SSHQ",33708.96875,319,"SSHQ"
"SSHQ",33580.48046875,320,"SSHQ"
"SSHQ",33454.62890625,321,"SSHQ"
"SSHQ",33331.48828125,322,"SSHQ"
"SSHQ",33211.140625,323,"SSHQ"
"SSHQ",33093.62890625,324,"SSHQ"
"SSHQ",32979.05078125,325,"SSHQ"
"SSHQ",32867.4609375,326,"SSHQ"
"SSHQ",32758.9296875,327,"SSHQ"
"SSHQ",32653.51953125,328,"SSHQ"
"SSHQ",32551.310546875,329,"SSHQ"
"SSHQ",32452.359375,330,"SSHQ"
"SSHQ",32356.73046875,331,"SSHQ"
"SSHQ",32264.5,332,"SSHQ"
"SSHQ",32175.720703125,333,"SSHQ"
"SSHQ",32090.44921875,334,"SSHQ"
"SSHQ",32008.759765625,335,"SSHQ"
"SSHQ",31930.7109375,336,"SSHQ"
"SSHQ",31856.33984375,337,"SSHQ"
"SSHQ",31785.73046875,338,"SSHQ"
"SSHQ",31718.900390625,339,"SSHQ"
"SSHQ",31655.9296875,340,"SSHQ"
"SSHQ",31596.849609375,341,"SSHQ"
"SSHQ",31541.720703125,342,"SSHQ"
"SSHQ",31490.5703125,343,"SSHQ"
"SSHQ",31443.439453125,344,"SSHQ"
"SSHQ",31400.380859375,345,"SSHQ"
"SSHQ",31361.41015625,346,"SSHQ"
"SSHQ",31326.5703125,347,"SSHQ"
"SSHQ",31295.890625,348,"SSHQ"
"SSHQ",31269.380859375,349,"SSHQ"
"SSHQ",31247.080078125,350,"SSHQ"
"SSHQ",31229,351,"SSHQ"
"SSHQ",31215.16015625,352,"SSHQ"
"SSHQ",31205.560546875,353,"SSHQ"
"SSHQ",31200.220703125,354,"SSHQ"
"SSHQ",31199.130859375,355,"SSHQ"
"SSHQ",31202.310546875,356,"SSHQ"
"SSHQ",31209.740234375,357,"SSHQ"
"SSHQ",31221.4296875,358,"SSHQ"
"SSHQ",31237.359375,359,"SSHQ"
"SSHQ",31257.509765625,360,"SSHQ"
"SSHQ",31281.880859375,361,"SSHQ"
"SSHQ",31310.439453125,362,"SSHQ"
"SSHQ",31343.169921875,363,"SSHQ"
"SSHQ",31380.0390625,364,"SSHQ"
"SSHQ",31421.01953125,365,"SSHQ"
"SSHQ",0,1,"SSHQ"
"SSHQ",0,2,"SSHQ"
"SSHQ",0,3,"SSHQ"
"SSHQ",0,4,"SSHQ"
"SSHQ",0,5,"SSHQ"
"SSHQ",0,6,"SSHQ"
"SSHQ",4.28999996185303,7,"SSHQ"
"SSHQ",0,8,"SSHQ"
"SSHQ",3.1800000667572,9,"SSHQ"
"SSHQ",1.9099999666214,10,"SSHQ"
"SSHQ",0,11,"SSHQ"
"SSHQ",0.479999989271164,12,"SSHQ"
"SSHQ",0,13,"SSHQ"
"SSHQ",0,14,"SSHQ"
"SSHQ",0,15,"SSHQ"
"SSHQ",0,16,"SSHQ"
"SSHQ",1.08000004291534,17,"SSHQ"
"SSHQ",0,18,"SSHQ"
"SSHQ",0,19,"SSHQ"
"SSHQ",0.959999978542328,20,"SSHQ"
"SSHQ",0.519999980926514,21,"SSHQ"
"SSHQ",4.57000017166138,22,"SSHQ"
"SSHQ",2.59999990463257,23,"SSHQ"
"SSHQ",0.119999997317791,24,"SSHQ"
"SSHQ",1.70000004768372,25,"SSHQ"
"SSHQ",0,26,"SSHQ"
"SSHQ",0,27,"SSHQ"
"SSHQ",0,28,"SSHQ"
"SSHQ",0,29,"SSHQ"
"SSHQ",0,30,"SSHQ"
"SSHQ",0,31,"SSHQ"
"SSHQ",0,32,"SSHQ"
"SSHQ",5.65999984741211,33,"SSHQ"
"SSHQ",3.17000007629395,34,"SSHQ"
"SSHQ",2.75,35,"SSHQ"
"SSHQ",4.63000011444092,36,"SSHQ"
"SSHQ",9.78999996185303,37,"SSHQ"
"SSHQ",5.69999980926514,38,"SSHQ"
"SSHQ",0.730000019073486,39,"SSHQ"
"SSHQ",1.4099999666214,40,"SSHQ"
"SSHQ",0,41,"SSHQ"
"SSHQ",0,42,"SSHQ"
"SSHQ",0,43,"SSHQ"
"SSHQ",0,44,"SSHQ"
"SSHQ",0,45,"SSHQ"
"SSHQ",0.77999997138977,46,"SSHQ"
"SSHQ",0.569999992847443,47,"SSHQ"
"SSHQ",0,48,"SSHQ"
"SSHQ",0,49,"SSHQ"
"SSHQ",0.709999978542328,50,"SSHQ"
"SSHQ",2.49000000953674,51,"SSHQ"
"SSHQ",0,52,"SSHQ"
"SSHQ",0,53,"SSHQ"
"SSHQ",0,54,"SSHQ"
"SSHQ",0,55,"SSHQ"
"SSHQ",0,56,"SSHQ"
"SSHQ",0,57,"SSHQ"
"SSHQ",0,58,"SSHQ"
"SSHQ",0,59,"SSHQ"
"SSHQ",2.50999999046326,60,"SSHQ"
"SSHQ",2.51999998092651,61,"SSHQ"
"SSHQ",14.6599998474121,62,"SSHQ"
"SSHQ",0,63,"SSHQ"
"SSHQ",0.639999985694885,64,"SSHQ"
"SSHQ",1.46000003814697,65,"SSHQ"
"SSHQ",0,66,"SSHQ"
"SSHQ",0,67,"SSHQ"
"SSHQ",0,68,"SSHQ"
"SSHQ",0,69,"SSHQ"
"SSHQ",0,70,"SSHQ"
"SSHQ",0,71,"SSHQ"
"SSHQ",1.28999996185303,72,"SSHQ"
"SSHQ",1.03999996185303,73,"SSHQ"
"SSHQ",0,74,"SSHQ"
"SSHQ",0,75,"SSHQ"
"SSHQ",0,76,"SSHQ"
"SSHQ",0,77,"SSHQ"
"SSHQ",0,78,"SSHQ"
"SSHQ",0,79,"SSHQ"
"SSHQ",0,80,"SSHQ"
"SSHQ",0,81,"SSHQ"
"SSHQ",0,82,"SSHQ"
"SSHQ",1.9099999666214,83,"SSHQ"
"SSHQ",0,84,"SSHQ"
"SSHQ",0,85,"SSHQ"
"SSHQ",0,86,"SSHQ"
"SSHQ",2.73000001907349,87,"SSHQ"
"SSHQ",8.02000045776367,88,"SSHQ"
"SSHQ",0,89,"SSHQ"
"SSHQ",0,90,"SSHQ"
"SSHQ",0.0700000002980232,91,"SSHQ"
"SSHQ",0,92,"SSHQ"
"SSHQ",0,93,"SSHQ"
"SSHQ",0,94,"SSHQ"
"SSHQ",0,95,"SSHQ"
"SSHQ",0,96,"SSHQ"
"SSHQ",0,97,"SSHQ"
"SSHQ",0,98,"SSHQ"
"SSHQ",0,99,"SSHQ"
"SSHQ",0,100,"SSHQ"
"SSHQ",0,101,"SSHQ"
"SSHQ",0,102,"SSHQ"
"SSHQ",0,103,"SSHQ"
"SSHQ",0,104,"SSHQ"
"SSHQ",0,105,"SSHQ"
"SSHQ",0,106,"SSHQ"
"SSHQ",0,107,"SSHQ"
"SSHQ",0,108,"SSHQ"
"SSHQ",0,109,"SSHQ"
"SSHQ",0,110,"SSHQ"
"SSHQ",0,111,"SSHQ"
"SSHQ",0,112,"SSHQ"
"SSHQ",0,113,"SSHQ"
"SSHQ",0,114,"SSHQ"
"SSHQ",0,115,"SSHQ"
"SSHQ",6.53999996185303,116,"SSHQ"
"SSHQ",5.92999982833862,117,"SSHQ"
"SSHQ",15.1999998092651,118,"SSHQ"
"SSHQ",12.5799999237061,119,"SSHQ"
"SSHQ",0,120,"SSHQ"
"SSHQ",0,121,"SSHQ"
"SSHQ",0,122,"SSHQ"
"SSHQ",0,123,"SSHQ"
"SSHQ",0,124,"SSHQ"
"SSHQ",0,125,"SSHQ"
"SSHQ",7.8600001335144,126,"SSHQ"
"SSHQ",0,127,"SSHQ"
"SSHQ",0,128,"SSHQ"
"SSHQ",0,129,"SSHQ"
"SSHQ",0,130,"SSHQ"
"SSHQ",0,131,"SSHQ"
"SSHQ",0,132,"SSHQ"
"SSHQ",0,133,"SSHQ"
"SSHQ",0,134,"SSHQ"
"SSHQ",0,135,"SSHQ"
"SSHQ",0,136,"SSHQ"
"SSHQ",0,137,"SSHQ"
"SSHQ",0,138,"SSHQ"
"SSHQ",0,139,"SSHQ"
"SSHQ",0,140,"SSHQ"
"SSHQ",0,141,"SSHQ"
"SSHQ",0,142,"SSHQ"
"SSHQ",5.90000009536743,143,"SSHQ"
"SSHQ",5.3899998664856,144,"SSHQ"
"SSHQ",0,145,"SSHQ"
"SSHQ",0.330000013113022,146,"SSHQ"
"SSHQ",0,147,"SSHQ"
"SSHQ",0,148,"SSHQ"
"SSHQ",0,149,"SSHQ"
"SSHQ",0,150,"SSHQ"
"SSHQ",0,151,"SSHQ"
"SSHQ",0,152,"SSHQ"
"SSHQ",0,153,"SSHQ"
"SSHQ",0,154,"SSHQ"
"SSHQ",0,155,"SSHQ"
"SSHQ",0,156,"SSHQ"
"SSHQ",0,157,"SSHQ"
"SSHQ",0,158,"SSHQ"
"SSHQ",0,159,"SSHQ"
"SSHQ",0,160,"SSHQ"
"SSHQ",0,161,"SSHQ"
"SSHQ",0,162,"SSHQ"
"SSHQ",0,163,"SSHQ"
"SSHQ",0,164,"SSHQ"
"SSHQ",0,165,"SSHQ"
"SSHQ",0,166,"SSHQ"
"SSHQ",0,167,"SSHQ"
"SSHQ",0,168,"SSHQ"
"SSHQ",0,169,"SSHQ"
"SSHQ",0.980000019073486,170,"SSHQ"
"SSHQ",0,171,"SSHQ"
"SSHQ",0,172,"SSHQ"
"SSHQ",0,173,"SSHQ"
"SSHQ",0,174,"SSHQ"
"SSHQ",0,175,"SSHQ"
"SSHQ",0,176,"SSHQ"
"SSHQ",0,177,"SSHQ"
"SSHQ",1.62999999523163,178,"SSHQ"
"SSHQ",0,179,"SSHQ"
"SSHQ",0,180,"SSHQ"
"SSHQ",0,181,"SSHQ"
"SSHQ",0,182,"SSHQ"
"SSHQ",4.42000007629395,183,"SSHQ"
"SSHQ",0,184,"SSHQ"
"SSHQ",0,185,"SSHQ"
"SSHQ",0,186,"SSHQ"
"SSHQ",0,187,"SSHQ"
"SSHQ",0,188,"SSHQ"
"SSHQ",0,189,"SSHQ"
"SSHQ",0,190,"SSHQ"
"SSHQ",0,191,"SSHQ"
"SSHQ",0,192,"SSHQ"
"SSHQ",0,193,"SSHQ"
"SSHQ",0,194,"SSHQ"
"SSHQ",0,195,"SSHQ"
"SSHQ",0,196,"SSHQ"
"SSHQ",0,197,"SSHQ"
"SSHQ",0,198,"SSHQ"
"SSHQ",0,199,"SSHQ"
"SSHQ",0,200,"SSHQ"
"SSHQ",0,201,"SSHQ"
"SSHQ",0,202,"SSHQ"
"SSHQ",0,203,"SSHQ"
"SSHQ",0,204,"SSHQ"
"SSHQ",0,205,"SSHQ"
"SSHQ",0,206,"SSHQ"
"SSHQ",0,207,"SSHQ"
"SSHQ",0,208,"SSHQ"
"SSHQ",1.97000002861023,209,"SSHQ"
"SSHQ",0,210,"SSHQ"
"SSHQ",0,211,"SSHQ"
"SSHQ",0,212,"SSHQ"
"SSHQ",0,213,"SSHQ"
"SSHQ",0,214,"SSHQ"
"SSHQ",0,215,"SSHQ"
"SSHQ",0,216,"SSHQ"
"SSHQ",1.25,217,"SSHQ"
"SSHQ",0,218,"SSHQ"
"SSHQ",1.97000002861023,219,"SSHQ"
"SSHQ",0,220,"SSHQ"
"SSHQ",0,221,"SSHQ"
"SSHQ",0,222,"SSHQ"
"SSHQ",0.9200000166893,223,"SSHQ"
"SSHQ",4.23999977111816,224,"SSHQ"
"SSHQ",0,225,"SSHQ"
"SSHQ",8.84000015258789,226,"SSHQ"
"SSHQ",4.65999984741211,227,"SSHQ"
"SSHQ",1.30999994277954,228,"SSHQ"
"SSHQ",0,229,"SSHQ"
"SSHQ",0,230,"SSHQ"
"SSHQ",0,231,"SSHQ"
"SSHQ",0,232,"SSHQ"
"SSHQ",0,233,"SSHQ"
"SSHQ",0,234,"SSHQ"
"SSHQ",0,235,"SSHQ"
"SSHQ",5.71000003814697,236,"SSHQ"
"SSHQ",0,237,"SSHQ"
"SSHQ",0,238,"SSHQ"
"SSHQ",0,239,"SSHQ"
"SSHQ",0,240,"SSHQ"
"SSHQ",0,241,"SSHQ"
"SSHQ",0,242,"SSHQ"
"SSHQ",0,243,"SSHQ"
"SSHQ",0,244,"SSHQ"
"SSHQ",0,245,"SSHQ"
"SSHQ",0,246,"SSHQ"
"SSHQ",1.27999997138977,247,"SSHQ"
"SSHQ",0,248,"SSHQ"
"SSHQ",0,249,"SSHQ"
"SSHQ",0,250,"SSHQ"
"SSHQ",0,251,"SSHQ"
"SSHQ",0,252,"SSHQ"
"SSHQ",0,253,"SSHQ"
"SSHQ",0,254,"SSHQ"
"SSHQ",0,255,"SSHQ"
"SSHQ",13.8599996566772,256,"SSHQ"
"SSHQ",0,257,"SSHQ"
"SSHQ",0,258,"SSHQ"
"SSHQ",0,259,"SSHQ"
"SSHQ",5.55999994277954,260,"SSHQ"
"SSHQ",10.75,261,"SSHQ"
"SSHQ",1.95000004768372,262,"SSHQ"
"SSHQ",0,263,"SSHQ"
"SSHQ",0,264,"SSHQ"
"SSHQ",0,265,"SSHQ"
"SSHQ",0,266,"SSHQ"
"SSHQ",0,267,"SSHQ"
"SSHQ",0,268,"SSHQ"
"SSHQ",0,269,"SSHQ"
"SSHQ",0,270,"SSHQ"
"SSHQ",0,271,"SSHQ"
"SSHQ",0,272,"SSHQ"
"SSHQ",0,273,"SSHQ"
"SSHQ",0,274,"SSHQ"
"SSHQ",0,275,"SSHQ"
"SSHQ",0,276,"SSHQ"
"SSHQ",0,277,"SSHQ"
"SSHQ",0,278,"SSHQ"
"SSHQ",0,279,"SSHQ"
"SSHQ",0,280,"SSHQ"
"SSHQ",0,281,"SSHQ"
"SSHQ",0,282,"SSHQ"
"SSHQ",0,283,"SSHQ"
"SSHQ",0,284,"SSHQ"
"SSHQ",0,285,"SSHQ"
"SSHQ",0,286,"SSHQ"
"SSHQ",0,287,"SSHQ"
"SSHQ",0,288,"SSHQ"
"SSHQ",0,289,"SSHQ"
"SSHQ",0,290,"SSHQ"
"SSHQ",3.25,291,"SSHQ"
"SSHQ",0,292,"SSHQ"
"SSHQ",0,293,"SSHQ"
"SSHQ",0,294,"SSHQ"
"SSHQ",0,295,"SSHQ"
"SSHQ",0,296,"SSHQ"
"SSHQ",0,297,"SSHQ"
"SSHQ",0,298,"SSHQ"
"SSHQ",0,299,"SSHQ"
"SSHQ",0,300,"SSHQ"
"SSHQ",0,301,"SSHQ"
"SSHQ",0,302,"SSHQ"
"SSHQ",0,303,"SSHQ"
"SSHQ",0,304,"SSHQ"
"SSHQ",1.72000002861023,305,"SSHQ"
"SSHQ",0,306,"SSHQ"
"SSHQ",5.09000015258789,307,"SSHQ"
"SSHQ",0,308,"SSHQ"
"SSHQ",0,309,"SSHQ"
"SSHQ",0.6700000166893,310,"SSHQ"
"SSHQ",0,311,"SSHQ"
"SSHQ",0,312,"SSHQ"
"SSHQ",0,313,"SSHQ"
"SSHQ",0,314,"SSHQ"
"SSHQ",0,315,"SSHQ"
"SSHQ",0,316,"SSHQ"
"SSHQ",3.9300000667572,317,"SSHQ"
"SSHQ",0,318,"SSHQ"
"SSHQ",0,319,"SSHQ"
"SSHQ",0,320,"SSHQ"
"SSHQ",0,321,"SSHQ"
"SSHQ",0,322,"SSHQ"
"SSHQ",9.31999969482422,323,"SSHQ"
"SSHQ",0,324,"SSHQ"
"SSHQ",0,325,"SSHQ"
"SSHQ",1.92999994754791,326,"SSHQ"
"SSHQ",0,327,"SSHQ"
"SSHQ",0,328,"SSHQ"
"SSHQ",0,329,"SSHQ"
"SSHQ",0,330,"SSHQ"
"SSHQ",0,331,"SSHQ"
"SSHQ",0,332,"SSHQ"
"SSHQ",0,333,"SSHQ"
"SSHQ",0,334,"SSHQ"
"SSHQ",0,335,"SSHQ"
"SSHQ",0,336,"SSHQ"
"SSHQ",0,337,"SSHQ"
"SSHQ",0,338,"SSHQ"
"SSHQ",0,339,"SSHQ"
"SSHQ",0,340,"SSHQ"
"SSHQ",0,341,"SSHQ"
"SSHQ",0,342,"SSHQ"
"SSHQ",0,343,"SSHQ"
"SSHQ",0,344,"SSHQ"
"SSHQ",0,345,"SSHQ"
"SSHQ",0,346,"SSHQ"
"SSHQ",0,347,"SSHQ"
"SSHQ",0,348,"SSHQ"
"SSHQ",6.09999990463257,349,"SSHQ"
"SSHQ",0,350,"SSHQ"
"SSHQ",5.71999979019165,351,"SSHQ"
"SSHQ",0,352,"SSHQ"
"SSHQ",0,353,"SSHQ"
"SSHQ",0,354,"SSHQ"
"SSHQ",0,355,"SSHQ"
"SSHQ",0,356,"SSHQ"
"SSHQ",0,357,"SSHQ"
"SSHQ",2.22000002861023,358,"SSHQ"
"SSHQ",0,359,"SSHQ"
"SSHQ",1.89999997615814,360,"SSHQ"
"SSHQ",5.44999980926514,361,"SSHQ"
"SSHQ",3.14000010490417,362,"SSHQ"
"SSHQ",0.300000011920929,363,"SSHQ"
"SSHQ",3.09999990463257,364,"SSHQ"
"SSHQ",0,365,"SSHQ"
"SSHQ",233.410003662109,1,"SSHQ"
"SSHQ",219.490005493164,2,"SSHQ"
"SSHQ",234.600006103516,3,"SSHQ"
"SSHQ",188.009994506836,4,"SSHQ"
"SSHQ",201.619995117188,5,"SSHQ"
"SSHQ",211.110000610352,6,"SSHQ"
"SSHQ",143.460006713867,7,"SSHQ"
"SSHQ",234.820007324219,8,"SSHQ"
"SSHQ",129.240005493164,9,"SSHQ"
"SSHQ",221.300003051758,10,"SSHQ"
"SSHQ",217.639999389648,11,"SSHQ"
"SSHQ",244.220001220703,12,"SSHQ"
"SSHQ",261.600006103516,13,"SSHQ"
"SSHQ",235.889999389648,14,"SSHQ"
"SSHQ",259.239990234375,15,"SSHQ"
"SSHQ",274.410003662109,16,"SSHQ"
"SSHQ",199.809997558594,17,"SSHQ"
"SSHQ",265.179992675781,18,"SSHQ"
"SSHQ",190.619995117188,19,"SSHQ"
"SSHQ",225,20,"SSHQ"
"SSHQ",102.48999786377,21,"SSHQ"
"SSHQ",70.4300003051758,22,"SSHQ"
"SSHQ",83.7900009155273,23,"SSHQ"
"SSHQ",98.8099975585938,24,"SSHQ"
"SSHQ",190.820007324219,25,"SSHQ"
"SSHQ",217.529998779297,26,"SSHQ"
"SSHQ",205.309997558594,27,"SSHQ"
"SSHQ",179.470001220703,28,"SSHQ"
"SSHQ",197.740005493164,29,"SSHQ"
"SSHQ",248.289993286133,30,"SSHQ"
"SSHQ",268.260009765625,31,"SSHQ"
"SSHQ",250.5,32,"SSHQ"
"SSHQ",85.5800018310547,33,"SSHQ"
"SSHQ",66.3600006103516,34,"SSHQ"
"SSHQ",115.620002746582,35,"SSHQ"
"SSHQ",161.899993896484,36,"SSHQ"
"SSHQ",111.580001831055,37,"SSHQ"
"SSHQ",92.1500015258789,38,"SSHQ"
"SSHQ",170.699996948242,39,"SSHQ"
"SSHQ",261.579986572266,40,"SSHQ"
"SSHQ",345.549987792969,41,"SSHQ"
"SSHQ",328.579986572266,42,"SSHQ"
"SSHQ",240.179992675781,43,"SSHQ"
"SSHQ",345.660003662109,44,"SSHQ"
"SSHQ",324.309997558594,45,"SSHQ"
"SSHQ",280.320007324219,46,"SSHQ"
"SSHQ",338.029998779297,47,"SSHQ"
"SSHQ",388.649993896484,48,"SSHQ"
"SSHQ",352.630004882812,49,"SSHQ"
"SSHQ",338.540008544922,50,"SSHQ"
"SSHQ",135.5,51,"SSHQ"
"SSHQ",325.600006103516,52,"SSHQ"
"SSHQ",300.170013427734,53,"SSHQ"
"SSHQ",344.320007324219,54,"SSHQ"
"SSHQ",345.179992675781,55,"SSHQ"
"SSHQ",299.739990234375,56,"SSHQ"
"SSHQ",285.920013427734,57,"SSHQ"
"SSHQ",369.589996337891,58,"SSHQ"
"SSHQ",338.440002441406,59,"SSHQ"
"SSHQ",298.299987792969,60,"SSHQ"
"SSHQ",192.869995117188,61,"SSHQ"
"SSHQ",174.520004272461,62,"SSHQ"
"SSHQ",356.809997558594,63,"SSHQ"
"SSHQ",409.299987792969,64,"SSHQ"
"SSHQ",404.209991455078,65,"SSHQ"
"SSHQ",368.980010986328,66,"SSHQ"
"SSHQ",395.660003662109,67,"SSHQ"
"SSHQ",455.549987792969,68,"SSHQ"
"SSHQ",458.649993896484,69,"SSHQ"
"SSHQ",459.730010986328,70,"SSHQ"
"SSHQ",385.790008544922,71,"SSHQ"
"SSHQ",322.470001220703,72,"SSHQ"
"SSHQ",346.630004882812,73,"SSHQ"
"SSHQ",315.790008544922,74,"SSHQ"
"SSHQ",419.929992675781,75,"SSHQ"
"SSHQ",401.649993896484,76,"SSHQ"
"SSHQ",397.519989013672,77,"SSHQ"
"SSHQ",432.040008544922,78,"SSHQ"
"SSHQ",435.859985351562,79,"SSHQ"
"SSHQ",442.339996337891,80,"SSHQ"
"SSHQ",406.920013427734,81,"SSHQ"
"SSHQ",420.079986572266,82,"SSHQ"
"SSHQ",362.309997558594,83,"SSHQ"
"SSHQ",350.619995117188,84,"SSHQ"
"SSHQ",403.010009765625,85,"SSHQ"
"SSHQ",389.450012207031,86,"SSHQ"
"SSHQ",309.679992675781,87,"SSHQ"
"SSHQ",227.059997558594,88,"SSHQ"
"SSHQ",418.640014648438,89,"SSHQ"
"SSHQ",401.850006103516,90,"SSHQ"
"SSHQ",294.190002441406,91,"SSHQ"
"SSHQ",453.420013427734,92,"SSHQ"
"SSHQ",490.559997558594,93,"SSHQ"
"SSHQ",465.109985351562,94,"SSHQ"
"SSHQ",427.399993896484,95,"SSHQ"
"SSHQ",426.540008544922,96,"SSHQ"
"SSHQ",295.799987792969,97,"SSHQ"
"SSHQ",340.940002441406,98,"SSHQ"
"SSHQ",418.299987792969,99,"SSHQ"
"SSHQ",464.309997558594,100,"SSHQ"
"SSHQ",491.570007324219,101,"SSHQ"
"SSHQ",502.559997558594,102,"SSHQ"
"SSHQ",498.450012207031,103,"SSHQ"
"SSHQ",497.75,104,"SSHQ"
"SSHQ",494.010009765625,105,"SSHQ"
"SSHQ",395.109985351562,106,"SSHQ"
"SSHQ",415.980010986328,107,"SSHQ"
"SSHQ",402.850006103516,108,"SSHQ"
"SSHQ",487.429992675781,109,"SSHQ"
"SSHQ",458.75,110,"SSHQ"
"SSHQ",514.239990234375,111,"SSHQ"
"SSHQ",538.880004882812,112,"SSHQ"
"SSHQ",513.130004882812,113,"SSHQ"
"SSHQ",521.969970703125,114,"SSHQ"
"SSHQ",509.609985351562,115,"SSHQ"
"SSHQ",295.149993896484,116,"SSHQ"
"SSHQ",254.300003051758,117,"SSHQ"
"SSHQ",189.570007324219,118,"SSHQ"
"SSHQ",207.660003662109,119,"SSHQ"
"SSHQ",445.190002441406,120,"SSHQ"
"SSHQ",470.929992675781,121,"SSHQ"
"SSHQ",410.179992675781,122,"SSHQ"
"SSHQ",490.339996337891,123,"SSHQ"
"SSHQ",407.010009765625,124,"SSHQ"
"SSHQ",535.630004882812,125,"SSHQ"
"SSHQ",297.089996337891,126,"SSHQ"
"SSHQ",420.119995117188,127,"SSHQ"
"SSHQ",406.440002441406,128,"SSHQ"
"SSHQ",380.920013427734,129,"SSHQ"
"SSHQ",468.079986572266,130,"SSHQ"
"SSHQ",508.25,131,"SSHQ"
"SSHQ",555.940002441406,132,"SSHQ"
"SSHQ",520.710021972656,133,"SSHQ"
"SSHQ",505.049987792969,134,"SSHQ"
"SSHQ",454,135,"SSHQ"
"SSHQ",480.320007324219,136,"SSHQ"
"SSHQ",535.219970703125,137,"SSHQ"
"SSHQ",544.299987792969,138,"SSHQ"
"SSHQ",559.929992675781,139,"SSHQ"
"SSHQ",442.820007324219,140,"SSHQ"
"SSHQ",423.429992675781,141,"SSHQ"
"SSHQ",484.880004882812,142,"SSHQ"
"SSHQ",264.160003662109,143,"SSHQ"
"SSHQ",308.369995117188,144,"SSHQ"
"SSHQ",543.719970703125,145,"SSHQ"
"SSHQ",496.5,146,"SSHQ"
"SSHQ",535.450012207031,147,"SSHQ"
"SSHQ",532.950012207031,148,"SSHQ"
"SSHQ",560.070007324219,149,"SSHQ"
"SSHQ",484.049987792969,150,"SSHQ"
"SSHQ",503.859985351562,151,"SSHQ"
"SSHQ",511.339996337891,152,"SSHQ"
"SSHQ",540.789978027344,153,"SSHQ"
"SSHQ",438.109985351562,154,"SSHQ"
"SSHQ",374.089996337891,155,"SSHQ"
"SSHQ",534.090026855469,156,"SSHQ"
"SSHQ",556.179992675781,157,"SSHQ"
"SSHQ",550.02001953125,158,"SSHQ"
"SSHQ",527.02001953125,159,"SSHQ"
"SSHQ",528.280029296875,160,"SSHQ"
"SSHQ",484.609985351562,161,"SSHQ"
"SSHQ",456.470001220703,162,"SSHQ"
"SSHQ",539.239990234375,163,"SSHQ"
"SSHQ",545.580017089844,164,"SSHQ"
"SSHQ",538.570007324219,165,"SSHQ"
"SSHQ",492.109985351562,166,"SSHQ"
"SSHQ",459.670013427734,167,"SSHQ"
"SSHQ",481.119995117188,168,"SSHQ"
"SSHQ",404.019989013672,169,"SSHQ"
"SSHQ",499.869995117188,170,"SSHQ"
"SSHQ",551.989990234375,171,"SSHQ"
"SSHQ",553.679992675781,172,"SSHQ"
"SSHQ",521.880004882812,173,"SSHQ"
"SSHQ",547.260009765625,174,"SSHQ"
"SSHQ",545.460021972656,175,"SSHQ"
"SSHQ",528.700012207031,176,"SSHQ"
"SSHQ",543.679992675781,177,"SSHQ"
"SSHQ",418.980010986328,178,"SSHQ"
"SSHQ",440.829986572266,179,"SSHQ"
"SSHQ",506.279998779297,180,"SSHQ"
"SSHQ",534.030029296875,181,"SSHQ"
"SSHQ",436.410003662109,182,"SSHQ"
"SSHQ",310.040008544922,183,"SSHQ"
"SSHQ",498.040008544922,184,"SSHQ"
"SSHQ",467.320007324219,185,"SSHQ"
"SSHQ",495.630004882812,186,"SSHQ"
"SSHQ",523.030029296875,187,"SSHQ"
"SSHQ",509.920013427734,188,"SSHQ"
"SSHQ",480.420013427734,189,"SSHQ"
"SSHQ",526.460021972656,190,"SSHQ"
"SSHQ",512.059997558594,191,"SSHQ"
"SSHQ",521.72998046875,192,"SSHQ"
"SSHQ",523.549987792969,193,"SSHQ"
"SSHQ",491.869995117188,194,"SSHQ"
"SSHQ",521.22998046875,195,"SSHQ"
"SSHQ",470.850006103516,196,"SSHQ"
"SSHQ",397.119995117188,197,"SSHQ"
"SSHQ",483.359985351562,198,"SSHQ"
"SSHQ",486.290008544922,199,"SSHQ"
"SSHQ",510.279998779297,200,"SSHQ"
"SSHQ",492,201,"SSHQ"
"SSHQ",464.649993896484,202,"SSHQ"
"SSHQ",473.970001220703,203,"SSHQ"
"SSHQ",469.589996337891,204,"SSHQ"
"SSHQ",510.25,205,"SSHQ"
"SSHQ",467.5,206,"SSHQ"
"SSHQ",441.140014648438,207,"SSHQ"
"SSHQ",474.940002441406,208,"SSHQ"
"SSHQ",484.609985351562,209,"SSHQ"
"SSHQ",474.119995117188,210,"SSHQ"
"SSHQ",511.040008544922,211,"SSHQ"
"SSHQ",424.5,212,"SSHQ"
"SSHQ",502.040008544922,213,"SSHQ"
"SSHQ",516.359985351562,214,"SSHQ"
"SSHQ",506.149993896484,215,"SSHQ"
"SSHQ",465.630004882812,216,"SSHQ"
"SSHQ",451.529998779297,217,"SSHQ"
"SSHQ",481.589996337891,218,"SSHQ"
"SSHQ",489.149993896484,219,"SSHQ"
"SSHQ",432.320007324219,220,"SSHQ"
"SSHQ",425.890014648438,221,"SSHQ"
"SSHQ",412.609985351562,222,"SSHQ"
"SSHQ",431.519989013672,223,"SSHQ"
"SSHQ",363.429992675781,224,"SSHQ"
"SSHQ",464.010009765625,225,"SSHQ"
"SSHQ",279.619995117188,226,"SSHQ"
"SSHQ",307.809997558594,227,"SSHQ"
"SSHQ",474.040008544922,228,"SSHQ"
"SSHQ",466.570007324219,229,"SSHQ"
"SSHQ",484.390014648438,230,"SSHQ"
"SSHQ",466.480010986328,231,"SSHQ"
"SSHQ",462.829986572266,232,"SSHQ"
"SSHQ",458.200012207031,233,"SSHQ"
"SSHQ",465.329986572266,234,"SSHQ"
"SSHQ",497.170013427734,235,"SSHQ"
"SSHQ",324.929992675781,236,"SSHQ"
"SSHQ",417.670013427734,237,"SSHQ"
"SSHQ",463.309997558594,238,"SSHQ"
"SSHQ",429.619995117188,239,"SSHQ"
"SSHQ",466.549987792969,240,"SSHQ"
"SSHQ",398.619995117188,241,"SSHQ"
"SSHQ",464.959991455078,242,"SSHQ"
"SSHQ",477.700012207031,243,"SSHQ"
"SSHQ",478.190002441406,244,"SSHQ"
"SSHQ",463.010009765625,245,"SSHQ"
"SSHQ",450.450012207031,246,"SSHQ"
"SSHQ",415.399993896484,247,"SSHQ"
"SSHQ",423.049987792969,248,"SSHQ"
"SSHQ",435.390014648438,249,"SSHQ"
"SSHQ",443.790008544922,250,"SSHQ"
"SSHQ",438.970001220703,251,"SSHQ"
"SSHQ",428.079986572266,252,"SSHQ"
"SSHQ",425.480010986328,253,"SSHQ"
"SSHQ",429.619995117188,254,"SSHQ"
"SSHQ",342.160003662109,255,"SSHQ"
"SSHQ",201.789993286133,256,"SSHQ"
"SSHQ",335.510009765625,257,"SSHQ"
"SSHQ",406.839996337891,258,"SSHQ"
"SSHQ",409.100006103516,259,"SSHQ"
"SSHQ",261.5,260,"SSHQ"
"SSHQ",130.619995117188,261,"SSHQ"
"SSHQ",167.929992675781,262,"SSHQ"
"SSHQ",339.559997558594,263,"SSHQ"
"SSHQ",377.690002441406,264,"SSHQ"
"SSHQ",338.059997558594,265,"SSHQ"
"SSHQ",395.700012207031,266,"SSHQ"
"SSHQ",365.440002441406,267,"SSHQ"
"SSHQ",380.529998779297,268,"SSHQ"
"SSHQ",369.190002441406,269,"SSHQ"
"SSHQ",381.140014648438,270,"SSHQ"
"SSHQ",378.709991455078,271,"SSHQ"
"SSHQ",373.829986572266,272,"SSHQ"
"SSHQ",366.239990234375,273,"SSHQ"
"SSHQ",351.970001220703,274,"SSHQ"
"SSHQ",367.380004882812,275,"SSHQ"
"SSHQ",369.440002441406,276,"SSHQ"
"SSHQ",346.929992675781,277,"SSHQ"
"SSHQ",385.950012207031,278,"SSHQ"
"SSHQ",332.369995117188,279,"SSHQ"
"SSHQ",339.480010986328,280,"SSHQ"
"SSHQ",332.390014648438,281,"SSHQ"
"SSHQ",342.510009765625,282,"SSHQ"
"SSHQ",343.619995117188,283,"SSHQ"
"SSHQ",276.200012207031,284,"SSHQ"
"SSHQ",320.649993896484,285,"SSHQ"
"SSHQ",322.290008544922,286,"SSHQ"
"SSHQ",312.920013427734,287,"SSHQ"
"SSHQ",311.730010986328,288,"SSHQ"
"SSHQ",308.809997558594,289,"SSHQ"
"SSHQ",306.329986572266,290,"SSHQ"
"SSHQ",153.850006103516,291,"SSHQ"
"SSHQ",191.720001220703,292,"SSHQ"
"SSHQ",286.390014648438,293,"SSHQ"
"SSHQ",302.140014648438,294,"SSHQ"
"SSHQ",263.350006103516,295,"SSHQ"
"SSHQ",237.830001831055,296,"SSHQ"
"SSHQ",239.179992675781,297,"SSHQ"
"SSHQ",192.619995117188,298,"SSHQ"
"SSHQ",221.679992675781,299,"SSHQ"
"SSHQ",250,300,"SSHQ"
"SSHQ",263.290008544922,301,"SSHQ"
"SSHQ",208.369995117188,302,"SSHQ"
"SSHQ",125.290000915527,303,"SSHQ"
"SSHQ",219.619995117188,304,"SSHQ"
"SSHQ",205.199996948242,305,"SSHQ"
"SSHQ",159.850006103516,306,"SSHQ"
"SSHQ",86.0500030517578,307,"SSHQ"
"SSHQ",163.380004882812,308,"SSHQ"
"SSHQ",177.190002441406,309,"SSHQ"
"SSHQ",207.539993286133,310,"SSHQ"
"SSHQ",237,311,"SSHQ"
"SSHQ",267.809997558594,312,"SSHQ"
"SSHQ",269.059997558594,313,"SSHQ"
"SSHQ",253.740005493164,314,"SSHQ"
"SSHQ",201.410003662109,315,"SSHQ"
"SSHQ",230.050003051758,316,"SSHQ"
"SSHQ",148.610000610352,317,"SSHQ"
"SSHQ",196.050003051758,318,"SSHQ"
"SSHQ",227.979995727539,319,"SSHQ"
"SSHQ",153.050003051758,320,"SSHQ"
"SSHQ",139.210006713867,321,"SSHQ"
"SSHQ",157.279998779297,322,"SSHQ"
"SSHQ",137.020004272461,323,"SSHQ"
"SSHQ",220.139999389648,324,"SSHQ"
"SSHQ",241.309997558594,325,"SSHQ"
"SSHQ",211.259994506836,326,"SSHQ"
"SSHQ",189.720001220703,327,"SSHQ"
"SSHQ",145.75,328,"SSHQ"
"SSHQ",161.789993286133,329,"SSHQ"
"SSHQ",197.289993286133,330,"SSHQ"
"SSHQ",163.130004882812,331,"SSHQ"
"SSHQ",206.270004272461,332,"SSHQ"
"SSHQ",71.5699996948242,333,"SSHQ"
"SSHQ",92.1600036621094,334,"SSHQ"
"SSHQ",154.160003662109,335,"SSHQ"
"SSHQ",213.639999389648,336,"SSHQ"
"SSHQ",240.110000610352,337,"SSHQ"
"SSHQ",233.369995117188,338,"SSHQ"
"SSHQ",228.990005493164,339,"SSHQ"
"SSHQ",229.610000610352,340,"SSHQ"
"SSHQ",218.220001220703,341,"SSHQ"
"SSHQ",170.339996337891,342,"SSHQ"
"SSHQ",169.160003662109,343,"SSHQ"
"SSHQ",213.559997558594,344,"SSHQ"
"SSHQ",206.770004272461,345,"SSHQ"
"SSHQ",196.75,346,"SSHQ"
"SSHQ",205.389999389648,347,"SSHQ"
"SSHQ",198.539993286133,348,"SSHQ"
"SSHQ",53.1800003051758,349,"SSHQ"
"SSHQ",189.259994506836,350,"SSHQ"
"SSHQ",146.889999389648,351,"SSHQ"
"SSHQ",95.75,352,"SSHQ"
"SSHQ",180.639999389648,353,"SSHQ"
"SSHQ",220.529998779297,354,"SSHQ"
"SSHQ",210.240005493164,355,"SSHQ"
"SSHQ",184.080001831055,356,"SSHQ"
"SSHQ",163.029998779297,357,"SSHQ"
"SSHQ",80.1600036621094,358,"SSHQ"
"SSHQ",128.039993286133,359,"SSHQ"
"SSHQ",117.540000915527,360,"SSHQ"
"SSHQ",78.4700012207031,361,"SSHQ"
"SSHQ",127.470001220703,362,"SSHQ"
"SSHQ",166.050003051758,363,"SSHQ"
"SSHQ",113.220001220703,364,"SSHQ"
"SSHQ",184.820007324219,365,"SSHQ"
"SSHQ",3.11999988555908,1,"SSHQ"
"SSHQ",3.11999988555908,2,"SSHQ"
"SSHQ",3.11999988555908,3,"SSHQ"
"SSHQ",3.11999988555908,4,"SSHQ"
"SSHQ",3.11999988555908,5,"SSHQ"
"SSHQ",3.11999988555908,6,"SSHQ"
"SSHQ",7.40000009536743,7,"SSHQ"
"SSHQ",7.40000009536743,8,"SSHQ"
"SSHQ",10.5900001525879,9,"SSHQ"
"SSHQ",12.5,10,"SSHQ"
"SSHQ",12.5,11,"SSHQ"
"SSHQ",12.9799995422363,12,"SSHQ"
"SSHQ",12.9799995422363,13,"SSHQ"
"SSHQ",12.9799995422363,14,"SSHQ"
"SSHQ",12.9799995422363,15,"SSHQ"
"SSHQ",12.9799995422363,16,"SSHQ"
"SSHQ",14.0600004196167,17,"SSHQ"
"SSHQ",14.0600004196167,18,"SSHQ"
"SSHQ",13.8400001525879,19,"SSHQ"
"SSHQ",12.9200000762939,20,"SSHQ"
"SSHQ",10.8599996566772,21,"SSHQ"
"SSHQ",8.8100004196167,22,"SSHQ"
"SSHQ",6.80000019073486,23,"SSHQ"
"SSHQ",4.88000011444092,24,"SSHQ"
"SSHQ",3.97000002861023,25,"SSHQ"
"SSHQ",3.97000002861023,26,"SSHQ"
"SSHQ",3.86999988555908,27,"SSHQ"
"SSHQ",2.20000004768372,28,"SSHQ"
"SSHQ",0.00999999977648258,29,"SSHQ"
"SSHQ",0,30,"SSHQ"
"SSHQ",0,31,"SSHQ"
"SSHQ",0,32,"SSHQ"
"SSHQ",0,33,"SSHQ"
"SSHQ",0,34,"SSHQ"
"SSHQ",0,35,"SSHQ"
"SSHQ",0,36,"SSHQ"
"SSHQ",0,37,"SSHQ"
"SSHQ",0,38,"SSHQ"
"SSHQ",0,39,"SSHQ"
"SSHQ",1.4099999666214,40,"SSHQ"
"SSHQ",1.4099999666214,41,"SSHQ"
"SSHQ",1.4099999666214,42,"SSHQ"
"SSHQ",1.4099999666214,43,"SSHQ"
"SSHQ",1.4099999666214,44,"SSHQ"
"SSHQ",1.4099999666214,45,"SSHQ"
"SSHQ",0.680000007152557,46,"SSHQ"
"SSHQ",1.25,47,"SSHQ"
"SSHQ",1.25,48,"SSHQ"
"SSHQ",1.25,49,"SSHQ"
"SSHQ",0.879999995231628,50,"SSHQ"
"SSHQ",0,51,"SSHQ"
"SSHQ",0,52,"SSHQ"
"SSHQ",0,53,"SSHQ"
"SSHQ",0,54,"SSHQ"
"SSHQ",0,55,"SSHQ"
"SSHQ",0,56,"SSHQ"
"SSHQ",0,57,"SSHQ"
"SSHQ",0,58,"SSHQ"
"SSHQ",0,59,"SSHQ"
"SSHQ",2.50999999046326,60,"SSHQ"
"SSHQ",0.649999976158142,61,"SSHQ"
"SSHQ",0,62,"SSHQ"
"SSHQ",0,63,"SSHQ"
"SSHQ",0.639999985694885,64,"SSHQ"
"SSHQ",2.09999990463257,65,"SSHQ"
"SSHQ",2.09999990463257,66,"SSHQ"
"SSHQ",2.09999990463257,67,"SSHQ"
"SSHQ",2.09999990463257,68,"SSHQ"
"SSHQ",2.09999990463257,69,"SSHQ"
"SSHQ",2.09999990463257,70,"SSHQ"
"SSHQ",1.62000000476837,71,"SSHQ"
"SSHQ",0.340000003576279,72,"SSHQ"
"SSHQ",0.0599999986588955,73,"SSHQ"
"SSHQ",0,74,"SSHQ"
"SSHQ",0,75,"SSHQ"
"SSHQ",0,76,"SSHQ"
"SSHQ",0,77,"SSHQ"
"SSHQ",0,78,"SSHQ"
"SSHQ",0,79,"SSHQ"
"SSHQ",0,80,"SSHQ"
"SSHQ",0,81,"SSHQ"
"SSHQ",0,82,"SSHQ"
"SSHQ",0,83,"SSHQ"
"SSHQ",0,84,"SSHQ"
"SSHQ",0,85,"SSHQ"
"SSHQ",0,86,"SSHQ"
"SSHQ",0,87,"SSHQ"
"SSHQ",0,88,"SSHQ"
"SSHQ",0,89,"SSHQ"
"SSHQ",0,90,"SSHQ"
"SSHQ",0,91,"SSHQ"
"SSHQ",0,92,"SSHQ"
"SSHQ",0,93,"SSHQ"
"SSHQ",0,94,"SSHQ"
"SSHQ",0,95,"SSHQ"
"SSHQ",0,96,"SSHQ"
"SSHQ",0,97,"SSHQ"
"SSHQ",0,98,"SSHQ"
"SSHQ",0,99,"SSHQ"
"SSHQ",0,100,"SSHQ"
"SSHQ",0,101,"SSHQ"
"SSHQ",0,102,"SSHQ"
"SSHQ",0,103,"SSHQ"
"SSHQ",0,104,"SSHQ"
"SSHQ",0,105,"SSHQ"
"SSHQ",0,106,"SSHQ"
"SSHQ",0,107,"SSHQ"
"SSHQ",0,108,"SSHQ"
"SSHQ",0,109,"SSHQ"
"SSHQ",0,110,"SSHQ"
"SSHQ",0,111,"SSHQ"
"SSHQ",0,112,"SSHQ"
"SSHQ",0,113,"SSHQ"
"SSHQ",0,114,"SSHQ"
"SSHQ",0,115,"SSHQ"
"SSHQ",0,116,"SSHQ"
"SSHQ",0,117,"SSHQ"
"SSHQ",0,118,"SSHQ"
"SSHQ",0,119,"SSHQ"
"SSHQ",0,120,"SSHQ"
"SSHQ",0,121,"SSHQ"
"SSHQ",0,122,"SSHQ"
"SSHQ",0,123,"SSHQ"
"SSHQ",0,124,"SSHQ"
"SSHQ",0,125,"SSHQ"
"SSHQ",0,126,"SSHQ"
"SSHQ",0,127,"SSHQ"
"SSHQ",0,128,"SSHQ"
"SSHQ",0,129,"SSHQ"
"SSHQ",0,130,"SSHQ"
"SSHQ",0,131,"SSHQ"
"SSHQ",0,132,"SSHQ"
"SSHQ",0,133,"SSHQ"
"SSHQ",0,134,"SSHQ"
"SSHQ",0,135,"SSHQ"
"SSHQ",0,136,"SSHQ"
"SSHQ",0,137,"SSHQ"
"SSHQ",0,138,"SSHQ"
"SSHQ",0,139,"SSHQ"
"SSHQ",0,140,"SSHQ"
"SSHQ",0,141,"SSHQ"
"SSHQ",0,142,"SSHQ"
"SSHQ",0,143,"SSHQ"
"SSHQ",0,144,"SSHQ"
"SSHQ",0,145,"SSHQ"
"SSHQ",0,146,"SSHQ"
"SSHQ",0,147,"SSHQ"
"SSHQ",0,148,"SSHQ"
"SSHQ",0,149,"SSHQ"
"SSHQ",0,150,"SSHQ"
"SSHQ",0,151,"SSHQ"
"SSHQ",0,152,"SSHQ"
"SSHQ",0,153,"SSHQ"
"SSHQ",0,154,"SSHQ"
"SSHQ",0,155,"SSHQ"
"SSHQ",0,156,"SSHQ"
"SSHQ",0,157,"SSHQ"
"SSHQ",0,158,"SSHQ"
"SSHQ",0,159,"SSHQ"
"SSHQ",0,160,"SSHQ"
"SSHQ",0,161,"SSHQ"
"SSHQ",0,162,"SSHQ"
"SSHQ",0,163,"SSHQ"
"SSHQ",0,164,"SSHQ"
"SSHQ",0,165,"SSHQ"
"SSHQ",0,166,"SSHQ"
"SSHQ",0,167,"SSHQ"
"SSHQ",0,168,"SSHQ"
"SSHQ",0,169,"SSHQ"
"SSHQ",0,170,"SSHQ"
"SSHQ",0,171,"SSHQ"
"SSHQ",0,172,"SSHQ"
"SSHQ",0,173,"SSHQ"
"SSHQ",0,174,"SSHQ"
"SSHQ",0,175,"SSHQ"
"SSHQ",0,176,"SSHQ"
"SSHQ",0,177,"SSHQ"
"SSHQ",0,178,"SSHQ"
"SSHQ",0,179,"SSHQ"
"SSHQ",0,180,"SSHQ"
"SSHQ",0,181,"SSHQ"
"SSHQ",0,182,"SSHQ"
"SSHQ",0,183,"SSHQ"
"SSHQ",0,184,"SSHQ"
"SSHQ",0,185,"SSHQ"
"SSHQ",0,186,"SSHQ"
"SSHQ",0,187,"SSHQ"
"SSHQ",0,188,"SSHQ"
"SSHQ",0,189,"SSHQ"
"SSHQ",0,190,"SSHQ"
"SSHQ",0,191,"SSHQ"
"SSHQ",0,192,"SSHQ"
"SSHQ",0,193,"SSHQ"
"SSHQ",0,194,"SSHQ"
"SSHQ",0,195,"SSHQ"
"SSHQ",0,196,"SSHQ"
"SSHQ",0,197,"SSHQ"
"SSHQ",0,198,"SSHQ"
"SSHQ",0,199,"SSHQ"
"SSHQ",0,200,"SSHQ"
"SSHQ",0,201,"SSHQ"
"SSHQ",0,202,"SSHQ"
"SSHQ",0,203,"SSHQ"
"SSHQ",0,204,"SSHQ"
"SSHQ",0,205,"SSHQ"
"SSHQ",0,206,"SSHQ"
"SSHQ",0,207,"SSHQ"
"SSHQ",0,208,"SSHQ"
"SSHQ",0,209,"SSHQ"
"SSHQ",0,210,"SSHQ"
"SSHQ",0,211,"SSHQ"
"SSHQ",0,212,"SSHQ"
"SSHQ",0,213,"SSHQ"
"SSHQ",0,214,"SSHQ"
"SSHQ",0,215,"SSHQ"
"SSHQ",0,216,"SSHQ"
"SSHQ",0,217,"SSHQ"
"SSHQ",0,218,"SSHQ"
"SSHQ",0,219,"SSHQ"
"SSHQ",0,220,"SSHQ"
"SSHQ",0,221,"SSHQ"
"SSHQ",0,222,"SSHQ"
"SSHQ",0,223,"SSHQ"
"SSHQ",0,224,"SSHQ"
"SSHQ",0,225,"SSHQ"
"SSHQ",0,226,"SSHQ"
"SSHQ",0,227,"SSHQ"
"SSHQ",0,228,"SSHQ"
"SSHQ",0,229,"SSHQ"
"SSHQ",0,230,"SSHQ"
"SSHQ",0,231,"SSHQ"
"SSHQ",0,232,"SSHQ"
"SSHQ",0,233,"SSHQ"
"SSHQ",0,234,"SSHQ"
"SSHQ",0,235,"SSHQ"
"SSHQ",0,236,"SSHQ"
"SSHQ",0,237,"SSHQ"
"SSHQ",0,238,"SSHQ"
"SSHQ",0,239,"SSHQ"
"SSHQ",0,240,"SSHQ"
"SSHQ",0,241,"SSHQ"
"SSHQ",0,242,"SSHQ"
"SSHQ",0,243,"SSHQ"
"SSHQ",0,244,"SSHQ"
"SSHQ",0,245,"SSHQ"
"SSHQ",0,246,"SSHQ"
"SSHQ",0,247,"SSHQ"
"SSHQ",0,248,"SSHQ"
"SSHQ",0,249,"SSHQ"
"SSHQ",0,250,"SSHQ"
"SSHQ",0,251,"SSHQ"
"SSHQ",0,252,"SSHQ"
"SSHQ",0,253,"SSHQ"
"SSHQ",0,254,"SSHQ"
"SSHQ",0,255,"SSHQ"
"SSHQ",0,256,"SSHQ"
"SSHQ",0,257,"SSHQ"
"SSHQ",0,258,"SSHQ"
"SSHQ",0,259,"SSHQ"
"SSHQ",0,260,"SSHQ"
"SSHQ",0,261,"SSHQ"
"SSHQ",0,262,"SSHQ"
"SSHQ",0,263,"SSHQ"
"SSHQ",0,264,"SSHQ"
"SSHQ",0,265,"SSHQ"
"SSHQ",0,266,"SSHQ"
"SSHQ",0,267,"SSHQ"
"SSHQ",0,268,"SSHQ"
"SSHQ",0,269,"SSHQ"
"SSHQ",0,270,"SSHQ"
"SSHQ",0,271,"SSHQ"
"SSHQ",0,272,"SSHQ"
"SSHQ",0,273,"SSHQ"
"SSHQ",0,274,"SSHQ"
"SSHQ",0,275,"SSHQ"
"SSHQ",0,276,"SSHQ"
"SSHQ",0,277,"SSHQ"
"SSHQ",0,278,"SSHQ"
"SSHQ",0,279,"SSHQ"
"SSHQ",0,280,"SSHQ"
"SSHQ",0,281,"SSHQ"
"SSHQ",0,282,"SSHQ"
"SSHQ",0,283,"SSHQ"
"SSHQ",0,284,"SSHQ"
"SSHQ",0,285,"SSHQ"
"SSHQ",0,286,"SSHQ"
"SSHQ",0,287,"SSHQ"
"SSHQ",0,288,"SSHQ"
"SSHQ",0,289,"SSHQ"
"SSHQ",0,290,"SSHQ"
"SSHQ",0,291,"SSHQ"
"SSHQ",0,292,"SSHQ"
"SSHQ",0,293,"SSHQ"
"SSHQ",0,294,"SSHQ"
"SSHQ",0,295,"SSHQ"
"SSHQ",0,296,"SSHQ"
"SSHQ",0,297,"SSHQ"
"SSHQ",0,298,"SSHQ"
"SSHQ",0,299,"SSHQ"
"SSHQ",0,300,"SSHQ"
"SSHQ",0,301,"SSHQ"
"SSHQ",0,302,"SSHQ"
"SSHQ",0,303,"SSHQ"
"SSHQ",0,304,"SSHQ"
"SSHQ",1.72000002861023,305,"SSHQ"
"SSHQ",1.02999997138977,306,"SSHQ"
"SSHQ",0,307,"SSHQ"
"SSHQ",0,308,"SSHQ"
"SSHQ",0,309,"SSHQ"
"SSHQ",0.6700000166893,310,"SSHQ"
"SSHQ",0.6700000166893,311,"SSHQ"
"SSHQ",0.6700000166893,312,"SSHQ"
"SSHQ",0.6700000166893,313,"SSHQ"
"SSHQ",0.649999976158142,314,"SSHQ"
"SSHQ",0,315,"SSHQ"
"SSHQ",0,316,"SSHQ"
"SSHQ",0,317,"SSHQ"
"SSHQ",0,318,"SSHQ"
"SSHQ",0,319,"SSHQ"
"SSHQ",0,320,"SSHQ"
"SSHQ",0,321,"SSHQ"
"SSHQ",0,322,"SSHQ"
"SSHQ",9.31999969482422,323,"SSHQ"
"SSHQ",9.31999969482422,324,"SSHQ"
"SSHQ",9.31999969482422,325,"SSHQ"
"SSHQ",8.5600004196167,326,"SSHQ"
"SSHQ",6.25,327,"SSHQ"
"SSHQ",4.17000007629395,328,"SSHQ"
"SSHQ",3.58999991416931,329,"SSHQ"
"SSHQ",3.58999991416931,330,"SSHQ"
"SSHQ",3.39000010490417,331,"SSHQ"
"SSHQ",3.39000010490417,332,"SSHQ"
"SSHQ",3.09999990463257,333,"SSHQ"
"SSHQ",3.09999990463257,334,"SSHQ"
"SSHQ",3.09999990463257,335,"SSHQ"
"SSHQ",3.09999990463257,336,"SSHQ"
"SSHQ",3.09999990463257,337,"SSHQ"
"SSHQ",2.90000009536743,338,"SSHQ"
"SSHQ",2.90000009536743,339,"SSHQ"
"SSHQ",2.90000009536743,340,"SSHQ"
"SSHQ",2.90000009536743,341,"SSHQ"
"SSHQ",2.90000009536743,342,"SSHQ"
"SSHQ",2.90000009536743,343,"SSHQ"
"SSHQ",2.90000009536743,344,"SSHQ"
"SSHQ",2.90000009536743,345,"SSHQ"
"SSHQ",2.90000009536743,346,"SSHQ"
"SSHQ",2.90000009536743,347,"SSHQ"
"SSHQ",2.90000009536743,348,"SSHQ"
"SSHQ",1.60000002384186,349,"SSHQ"
"SSHQ",1.60000002384186,350,"SSHQ"
"SSHQ",7.32000017166138,351,"SSHQ"
"SSHQ",6.92000007629395,352,"SSHQ"
"SSHQ",6.92000007629395,353,"SSHQ"
"SSHQ",6.92000007629395,354,"SSHQ"
"SSHQ",6.86999988555908,355,"SSHQ"
"SSHQ",5.92999982833862,356,"SSHQ"
"SSHQ",5.51999998092651,357,"SSHQ"
"SSHQ",4.34000015258789,358,"SSHQ"
"SSHQ",3.01999998092651,359,"SSHQ"
"SSHQ",1.42999994754791,360,"SSHQ"
"SSHQ",0.850000023841858,361,"SSHQ"
"SSHQ",3.99000000953674,362,"SSHQ"
"SSHQ",3.6800000667572,363,"SSHQ"
"SSHQ",3.11999988555908,364,"SSHQ"
"SSHQ",3.11999988555908,365,"SSHQ"
"SSHQ",3.38000011444092,1,"SSHQ"
"SSHQ",0.409999996423721,2,"SSHQ"
"SSHQ",3.00999999046326,3,"SSHQ"
"SSHQ",0.25,4,"SSHQ"
"SSHQ",1.21000003814697,5,"SSHQ"
"SSHQ",-2.71000003814697,6,"SSHQ"
"SSHQ",-2.02999997138977,7,"SSHQ"
"SSHQ",-5.80000019073486,8,"SSHQ"
"SSHQ",-5.59000015258789,9,"SSHQ"
"SSHQ",-5.46999979019165,10,"SSHQ"
"SSHQ",-9.09000015258789,11,"SSHQ"
"SSHQ",-7.73000001907349,12,"SSHQ"
"SSHQ",-13.4899997711182,13,"SSHQ"
"SSHQ",-10.0699996948242,14,"SSHQ"
"SSHQ",-10.9099998474121,15,"SSHQ"
"SSHQ",-9.0600004196167,16,"SSHQ"
"SSHQ",-6.28999996185303,17,"SSHQ"
"SSHQ",0.490000009536743,18,"SSHQ"
"SSHQ",1.50999999046326,19,"SSHQ"
"SSHQ",5.05999994277954,20,"SSHQ"
"SSHQ",2.30999994277954,21,"SSHQ"
"SSHQ",1.95000004768372,22,"SSHQ"
"SSHQ",2.48000001907349,23,"SSHQ"
"SSHQ",1.75,24,"SSHQ"
"SSHQ",2.75,25,"SSHQ"
"SSHQ",0.589999973773956,26,"SSHQ"
"SSHQ",1.24000000953674,27,"SSHQ"
"SSHQ",3.88000011444092,28,"SSHQ"
"SSHQ",5.8600001335144,29,"SSHQ"
"SSHQ",8.39000034332275,30,"SSHQ"
"SSHQ",9.22000026702881,31,"SSHQ"
"SSHQ",8.72999954223633,32,"SSHQ"
"SSHQ",4.84999990463257,33,"SSHQ"
"SSHQ",1.74000000953674,34,"SSHQ"
"SSHQ",0.8299999833107,35,"SSHQ"
"SSHQ",1.78999996185303,36,"SSHQ"
"SSHQ",3.02999997138977,37,"SSHQ"
"SSHQ",2.26999998092651,38,"SSHQ"
"SSHQ",0.560000002384186,39,"SSHQ"
"SSHQ",-0.52999997138977,40,"SSHQ"
"SSHQ",-0.0399999991059303,41,"SSHQ"
"SSHQ",-1.97000002861023,42,"SSHQ"
"SSHQ",-0.6700000166893,43,"SSHQ"
"SSHQ",1.00999999046326,44,"SSHQ"
"SSHQ",-0.270000010728836,45,"SSHQ"
"SSHQ",2.67000007629395,46,"SSHQ"
"SSHQ",-0.620000004768372,47,"SSHQ"
"SSHQ",-1.37999999523163,48,"SSHQ"
"SSHQ",-0.0299999993294477,49,"SSHQ"
"SSHQ",3.97000002861023,50,"SSHQ"
"SSHQ",2.69000005722046,51,"SSHQ"
"SSHQ",5.65000009536743,52,"SSHQ"
"SSHQ",3.67000007629395,53,"SSHQ"
"SSHQ",3.15000009536743,54,"SSHQ"
"SSHQ",4.94999980926514,55,"SSHQ"
"SSHQ",5.07999992370605,56,"SSHQ"
"SSHQ",4.65000009536743,57,"SSHQ"
"SSHQ",0.409999996423721,58,"SSHQ"
"SSHQ",-1.02999997138977,59,"SSHQ"
"SSHQ",4.6399998664856,60,"SSHQ"
"SSHQ",4.17000007629395,61,"SSHQ"
"SSHQ",1.14999997615814,62,"SSHQ"
"SSHQ",-2.25,63,"SSHQ"
"SSHQ",-1.98000001907349,64,"SSHQ"
"SSHQ",-2.3199999332428,65,"SSHQ"
"SSHQ",0.879999995231628,66,"SSHQ"
"SSHQ",-0.400000005960464,67,"SSHQ"
"SSHQ",-1.29999995231628,68,"SSHQ"
"SSHQ",1.62000000476837,69,"SSHQ"
"SSHQ",5.86999988555908,70,"SSHQ"
"SSHQ",5.32000017166138,71,"SSHQ"
"SSHQ",4.78999996185303,72,"SSHQ"
"SSHQ",3.07999992370605,73,"SSHQ"
"SSHQ",5.05000019073486,74,"SSHQ"
"SSHQ",7.78999996185303,75,"SSHQ"
"SSHQ",10.9700002670288,76,"SSHQ"
"SSHQ",12.7600002288818,77,"SSHQ"
"SSHQ",13.5200004577637,78,"SSHQ"
"SSHQ",13.6300001144409,79,"SSHQ"
"SSHQ",14.3699998855591,80,"SSHQ"
"SSHQ",12.6700000762939,81,"SSHQ"
"SSHQ",12.039999961853,82,"SSHQ"
"SSHQ",10.7799997329712,83,"SSHQ"
"SSHQ",8,84,"SSHQ"
"SSHQ",7.40000009536743,85,"SSHQ"
"SSHQ",6.32000017166138,86,"SSHQ"
"SSHQ",8.15999984741211,87,"SSHQ"
"SSHQ",7.40000009536743,88,"SSHQ"
"SSHQ",8.17000007629395,89,"SSHQ"
"SSHQ",8.6899995803833,90,"SSHQ"
"SSHQ",8.51000022888184,91,"SSHQ"
"SSHQ",11.6199998855591,92,"SSHQ"
"SSHQ",15.5600004196167,93,"SSHQ"
"SSHQ",15.8500003814697,94,"SSHQ"
"SSHQ",16.3500003814697,95,"SSHQ"
"SSHQ",13.4300003051758,96,"SSHQ"
"SSHQ",5.53999996185303,97,"SSHQ"
"SSHQ",7.26000022888184,98,"SSHQ"
"SSHQ",9.31999969482422,99,"SSHQ"
"SSHQ",11.8500003814697,100,"SSHQ"
"SSHQ",14.4700002670288,101,"SSHQ"
"SSHQ",15.5299997329712,102,"SSHQ"
"SSHQ",19.9200000762939,103,"SSHQ"
"SSHQ",21.25,104,"SSHQ"
"SSHQ",20.4099998474121,105,"SSHQ"
"SSHQ",16.7299995422363,106,"SSHQ"
"SSHQ",12.5299997329712,107,"SSHQ"
"SSHQ",8.80000019073486,108,"SSHQ"
"SSHQ",8.1899995803833,109,"SSHQ"
"SSHQ",10.1700000762939,110,"SSHQ"
"SSHQ",14.8900003433228,111,"SSHQ"
"SSHQ",20.0699996948242,112,"SSHQ"
"SSHQ",16.5499992370605,113,"SSHQ"
"SSHQ",17.9699993133545,114,"SSHQ"
"SSHQ",20.9799995422363,115,"SSHQ"
"SSHQ",17.4400005340576,116,"SSHQ"
"SSHQ",12.8000001907349,117,"SSHQ"
"SSHQ",11.1199998855591,118,"SSHQ"
"SSHQ",11.039999961853,119,"SSHQ"
"SSHQ",14.3900003433228,120,"SSHQ"
"SSHQ",11.1700000762939,121,"SSHQ"
"SSHQ",8.43000030517578,122,"SSHQ"
"SSHQ",10.5200004577637,123,"SSHQ"
"SSHQ",11.3699998855591,124,"SSHQ"
"SSHQ",17.5499992370605,125,"SSHQ"
"SSHQ",15.5500001907349,126,"SSHQ"
"SSHQ",13.3900003433228,127,"SSHQ"
"SSHQ",11.3599996566772,128,"SSHQ"
"SSHQ",11.0100002288818,129,"SSHQ"
"SSHQ",16.9300003051758,130,"SSHQ"
"SSHQ",20.5400009155273,131,"SSHQ"
"SSHQ",24.0300006866455,132,"SSHQ"
"SSHQ",24.2099990844727,133,"SSHQ"
"SSHQ",22.4799995422363,134,"SSHQ"
"SSHQ",18.4899997711182,135,"SSHQ"
"SSHQ",20.8600006103516,136,"SSHQ"
"SSHQ",23.6900005340576,137,"SSHQ"
"SSHQ",22.7700004577637,138,"SSHQ"
"SSHQ",19.4099998474121,139,"SSHQ"
"SSHQ",16.5699996948242,140,"SSHQ"
"SSHQ",12.6999998092651,141,"SSHQ"
"SSHQ",14.7700004577637,142,"SSHQ"
"SSHQ",12.9899997711182,143,"SSHQ"
"SSHQ",9.90999984741211,144,"SSHQ"
"SSHQ",17.2600002288818,145,"SSHQ"
"SSHQ",16.6299991607666,146,"SSHQ"
"SSHQ",19.2800006866455,147,"SSHQ"
"SSHQ",22,148,"SSHQ"
"SSHQ",26.2900009155273,149,"SSHQ"
"SSHQ",22,150,"SSHQ"
"SSHQ",17.6900005340576,151,"SSHQ"
"SSHQ",19.8199996948242,152,"SSHQ"
"SSHQ",23.9699993133545,153,"SSHQ"
"SSHQ",22.9400005340576,154,"SSHQ"
"SSHQ",20.6599998474121,155,"SSHQ"
"SSHQ",22.8400001525879,156,"SSHQ"
"SSHQ",28.2999992370605,157,"SSHQ"
"SSHQ",28.7299995422363,158,"SSHQ"
"SSHQ",29.5499992370605,159,"SSHQ"
"SSHQ",29.2000007629395,160,"SSHQ"
"SSHQ",27.9899997711182,161,"SSHQ"
"SSHQ",25.2099990844727,162,"SSHQ"
"SSHQ",27.8199996948242,163,"SSHQ"
"SSHQ",30.2600002288818,164,"SSHQ"
"SSHQ",29.8600006103516,165,"SSHQ"
"SSHQ",30.8799991607666,166,"SSHQ"
"SSHQ",26.0100002288818,167,"SSHQ"
"SSHQ",20.3099994659424,168,"SSHQ"
"SSHQ",16.6399993896484,169,"SSHQ"
"SSHQ",15.9700002670288,170,"SSHQ"
"SSHQ",21.3999996185303,171,"SSHQ"
"SSHQ",27.4400005340576,172,"SSHQ"
"SSHQ",30.3099994659424,173,"SSHQ"
"SSHQ",31.6499996185303,174,"SSHQ"
"SSHQ",34.1399993896484,175,"SSHQ"
"SSHQ",32.3899993896484,176,"SSHQ"
"SSHQ",32.6500015258789,177,"SSHQ"
"SSHQ",28.4799995422363,178,"SSHQ"
"SSHQ",26.8299999237061,179,"SSHQ"
"SSHQ",24.6100006103516,180,"SSHQ"
"SSHQ",29.6100006103516,181,"SSHQ"
"SSHQ",29.9300003051758,182,"SSHQ"
"SSHQ",24.5799999237061,183,"SSHQ"
"SSHQ",23.1800003051758,184,"SSHQ"
"SSHQ",24.6900005340576,185,"SSHQ"
"SSHQ",24.6499996185303,186,"SSHQ"
"SSHQ",28.4799995422363,187,"SSHQ"
"SSHQ",28.7199993133545,188,"SSHQ"
"SSHQ",28.0699996948242,189,"SSHQ"
"SSHQ",31.1100006103516,190,"SSHQ"
"SSHQ",33.6800003051758,191,"SSHQ"
"SSHQ",35.189998626709,192,"SSHQ"
"SSHQ",35.9099998474121,193,"SSHQ"
"SSHQ",34.3600006103516,194,"SSHQ"
"SSHQ",35.0900001525879,195,"SSHQ"
"SSHQ",33.0699996948242,196,"SSHQ"
"SSHQ",28.7099990844727,197,"SSHQ"
"SSHQ",32.0099983215332,198,"SSHQ"
"SSHQ",32.8400001525879,199,"SSHQ"
"SSHQ",33.7400016784668,200,"SSHQ"
"SSHQ",34.1800003051758,201,"SSHQ"
"SSHQ",33.2599983215332,202,"SSHQ"
"SSHQ",32.8699989318848,203,"SSHQ"
"SSHQ",32.0299987792969,204,"SSHQ"
"SSHQ",35.4300003051758,205,"SSHQ"
"SSHQ",33.2000007629395,206,"SSHQ"
"SSHQ",32.8600006103516,207,"SSHQ"
"SSHQ",30.1800003051758,208,"SSHQ"
"SSHQ",28.0200004577637,209,"SSHQ"
"SSHQ",27.5400009155273,210,"SSHQ"
"SSHQ",30.7099990844727,211,"SSHQ"
"SSHQ",26.0699996948242,212,"SSHQ"
"SSHQ",27.7999992370605,213,"SSHQ"
"SSHQ",32.8800010681152,214,"SSHQ"
"SSHQ",35.5299987792969,215,"SSHQ"
"SSHQ",35.2799987792969,216,"SSHQ"
"SSHQ",32.2000007629395,217,"SSHQ"
"SSHQ",33.6500015258789,218,"SSHQ"
"SSHQ",32.7400016784668,219,"SSHQ"
"SSHQ",31.2099990844727,220,"SSHQ"
"SSHQ",29.0400009155273,221,"SSHQ"
"SSHQ",27.6399993896484,222,"SSHQ"
"SSHQ",26.6800003051758,223,"SSHQ"
"SSHQ",27.5499992370605,224,"SSHQ"
"SSHQ",29.6100006103516,225,"SSHQ"
"SSHQ",24.7299995422363,226,"SSHQ"
"SSHQ",24.3999996185303,227,"SSHQ"
"SSHQ",28.4200000762939,228,"SSHQ"
"SSHQ",27.7800006866455,229,"SSHQ"
"SSHQ",31.2000007629395,230,"SSHQ"
"SSHQ",30.9599990844727,231,"SSHQ"
"SSHQ",30.4400005340576,232,"SSHQ"
"SSHQ",31.1399993896484,233,"SSHQ"
"SSHQ",28.8999996185303,234,"SSHQ"
"SSHQ",30.7299995422363,235,"SSHQ"
"SSHQ",28.4699993133545,236,"SSHQ"
"SSHQ",24.0100002288818,237,"SSHQ"
"SSHQ",24.6000003814697,238,"SSHQ"
"SSHQ",23.7199993133545,239,"SSHQ"
"SSHQ",26.7399997711182,240,"SSHQ"
"SSHQ",23.7299995422363,241,"SSHQ"
"SSHQ",25.2399997711182,242,"SSHQ"
"SSHQ",29.0100002288818,243,"SSHQ"
"SSHQ",31.5100002288818,244,"SSHQ"
"SSHQ",31.8899993896484,245,"SSHQ"
"SSHQ",30.9200000762939,246,"SSHQ"
"SSHQ",27.7700004577637,247,"SSHQ"
"SSHQ",26.9099998474121,248,"SSHQ"
"SSHQ",28.2999992370605,249,"SSHQ"
"SSHQ",29.8799991607666,250,"SSHQ"
"SSHQ",30.8500003814697,251,"SSHQ"
"SSHQ",30.0599994659424,252,"SSHQ"
"SSHQ",30.3199996948242,253,"SSHQ"
"SSHQ",29.6800003051758,254,"SSHQ"
"SSHQ",27.1700000762939,255,"SSHQ"
"SSHQ",16.9699993133545,256,"SSHQ"
"SSHQ",17.2700004577637,257,"SSHQ"
"SSHQ",21.8199996948242,258,"SSHQ"
"SSHQ",26.6000003814697,259,"SSHQ"
"SSHQ",25.6000003814697,260,"SSHQ"
"SSHQ",14.960000038147,261,"SSHQ"
"SSHQ",14.2399997711182,262,"SSHQ"
"SSHQ",18.7000007629395,263,"SSHQ"
"SSHQ",22.1900005340576,264,"SSHQ"
"SSHQ",22.2600002288818,265,"SSHQ"
"SSHQ",22.6900005340576,266,"SSHQ"
"SSHQ",22.3199996948242,267,"SSHQ"
"SSHQ",24.6900005340576,268,"SSHQ"
"SSHQ",27.3899993896484,269,"SSHQ"
"SSHQ",27.2700004577637,270,"SSHQ"
"SSHQ",26.2099990844727,271,"SSHQ"
"SSHQ",28.6200008392334,272,"SSHQ"
"SSHQ",29.0300006866455,273,"SSHQ"
"SSHQ",20.7299995422363,274,"SSHQ"
"SSHQ",19.5900001525879,275,"SSHQ"
"SSHQ",22.3999996185303,276,"SSHQ"
"SSHQ",20.75,277,"SSHQ"
"SSHQ",25.8299999237061,278,"SSHQ"
"SSHQ",22.7800006866455,279,"SSHQ"
"SSHQ",21.2999992370605,280,"SSHQ"
"SSHQ",22.1599998474121,281,"SSHQ"
"SSHQ",23.7000007629395,282,"SSHQ"
"SSHQ",25.1599998474121,283,"SSHQ"
"SSHQ",22.75,284,"SSHQ"
"SSHQ",22.9300003051758,285,"SSHQ"
"SSHQ",24.7800006866455,286,"SSHQ"
"SSHQ",25.2399997711182,287,"SSHQ"
"SSHQ",24.5499992370605,288,"SSHQ"
"SSHQ",23.2099990844727,289,"SSHQ"
"SSHQ",22.5,290,"SSHQ"
"SSHQ",14.2299995422363,291,"SSHQ"
"SSHQ",10.1800003051758,292,"SSHQ"
"SSHQ",13.8599996566772,293,"SSHQ"
"SSHQ",19.2000007629395,294,"SSHQ"
"SSHQ",17.6299991607666,295,"SSHQ"
"SSHQ",15.6400003433228,296,"SSHQ"
"SSHQ",13.4700002670288,297,"SSHQ"
"SSHQ",11.3900003433228,298,"SSHQ"
"SSHQ",11.5,299,"SSHQ"
"SSHQ",15.3000001907349,300,"SSHQ"
"SSHQ",19.1499996185303,301,"SSHQ"
"SSHQ",10.9499998092651,302,"SSHQ"
"SSHQ",6.15999984741211,303,"SSHQ"
"SSHQ",6.63000011444092,304,"SSHQ"
"SSHQ",3.00999999046326,305,"SSHQ"
"SSHQ",3.41000008583069,306,"SSHQ"
"SSHQ",3.02999997138977,307,"SSHQ"
"SSHQ",5.73999977111816,308,"SSHQ"
"SSHQ",4.09000015258789,309,"SSHQ"
"SSHQ",3.46000003814697,310,"SSHQ"
"SSHQ",5.05000019073486,311,"SSHQ"
"SSHQ",5.75,312,"SSHQ"
"SSHQ",7.88000011444092,313,"SSHQ"
"SSHQ",7.84000015258789,314,"SSHQ"
"SSHQ",8.34000015258789,315,"SSHQ"
"SSHQ",12.6999998092651,316,"SSHQ"
"SSHQ",8.36999988555908,317,"SSHQ"
"SSHQ",3.5,318,"SSHQ"
"SSHQ",7.65000009536743,319,"SSHQ"
"SSHQ",4.51000022888184,320,"SSHQ"
"SSHQ",3.67000007629395,321,"SSHQ"
"SSHQ",1.9099999666214,322,"SSHQ"
"SSHQ",0.75,323,"SSHQ"
"SSHQ",-2.58999991416931,324,"SSHQ"
"SSHQ",0.259999990463257,325,"SSHQ"
"SSHQ",6.09999990463257,326,"SSHQ"
"SSHQ",8.51000022888184,327,"SSHQ"
"SSHQ",5.42000007629395,328,"SSHQ"
"SSHQ",2.54999995231628,329,"SSHQ"
"SSHQ",1.61000001430511,330,"SSHQ"
"SSHQ",1.53999996185303,331,"SSHQ"
"SSHQ",0.439999997615814,332,"SSHQ"
"SSHQ",-2.52999997138977,333,"SSHQ"
"SSHQ",-2.41000008583069,334,"SSHQ"
"SSHQ",-1.10000002384186,335,"SSHQ"
"SSHQ",1.55999994277954,336,"SSHQ"
"SSHQ",7.34999990463257,337,"SSHQ"
"SSHQ",8.05000019073486,338,"SSHQ"
"SSHQ",6.3899998664856,339,"SSHQ"
"SSHQ",6.07000017166138,340,"SSHQ"
"SSHQ",4.5,341,"SSHQ"
"SSHQ",1.64999997615814,342,"SSHQ"
"SSHQ",-0.46000000834465,343,"SSHQ"
"SSHQ",0.990000009536743,344,"SSHQ"
"SSHQ",-3.07999992370605,345,"SSHQ"
"SSHQ",-1.70000004768372,346,"SSHQ"
"SSHQ",4.23999977111816,347,"SSHQ"
"SSHQ",1.16999995708466,348,"SSHQ"
"SSHQ",-0.0900000035762787,349,"SSHQ"
"SSHQ",1.71000003814697,350,"SSHQ"
"SSHQ",-3.03999996185303,351,"SSHQ"
"SSHQ",-1.12000000476837,352,"SSHQ"
"SSHQ",2.35999989509583,353,"SSHQ"
"SSHQ",1.94000005722046,354,"SSHQ"
"SSHQ",5.03000020980835,355,"SSHQ"
"SSHQ",4.90999984741211,356,"SSHQ"
"SSHQ",2.20000004768372,357,"SSHQ"
"SSHQ",1.19000005722046,358,"SSHQ"
"SSHQ",2.47000002861023,359,"SSHQ"
"SSHQ",2.55999994277954,360,"SSHQ"
"SSHQ",-0.519999980926514,361,"SSHQ"
"SSHQ",-0.810000002384186,362,"SSHQ"
"SSHQ",1.77999997138977,363,"SSHQ"
"SSHQ",1.62000000476837,364,"SSHQ"
"SSHQ",0.519999980926514,365,"SSHQ"
"SSHQ",-9.39999961853027,1,"SSHQ"
"SSHQ",-10.3199996948242,2,"SSHQ"
"SSHQ",-9.60999965667725,3,"SSHQ"
"SSHQ",-7.82999992370605,4,"SSHQ"
"SSHQ",-7.73000001907349,5,"SSHQ"
"SSHQ",-12.1300001144409,6,"SSHQ"
"SSHQ",-10.0100002288818,7,"SSHQ"
"SSHQ",-16.9599990844727,8,"SSHQ"
"SSHQ",-12.3199996948242,9,"SSHQ"
"SSHQ",-15.0600004196167,10,"SSHQ"
"SSHQ",-18.2099990844727,11,"SSHQ"
"SSHQ",-18.9899997711182,12,"SSHQ"
"SSHQ",-26.6499996185303,13,"SSHQ"
"SSHQ",-20.1800003051758,14,"SSHQ"
"SSHQ",-23.1399993896484,15,"SSHQ"
"SSHQ",-23.4599990844727,16,"SSHQ"
"SSHQ",-13.7299995422363,17,"SSHQ"
"SSHQ",-12.0200004577637,18,"SSHQ"
"SSHQ",-5.48000001907349,19,"SSHQ"
"SSHQ",-3.79999995231628,20,"SSHQ"
"SSHQ",-1.11000001430511,21,"SSHQ"
"SSHQ",-1.12000000476837,22,"SSHQ"
"SSHQ",-1.20000004768372,23,"SSHQ"
"SSHQ",-1.42999994754791,24,"SSHQ"
"SSHQ",-3.83999991416931,25,"SSHQ"
"SSHQ",-7.05000019073486,26,"SSHQ"
"SSHQ",-5.75,27,"SSHQ"
"SSHQ",-2.04999995231628,28,"SSHQ"
"SSHQ",-0.77999997138977,29,"SSHQ"
"SSHQ",-2.59999990463257,30,"SSHQ"
"SSHQ",-3.86999988555908,31,"SSHQ"
"SSHQ",-2.01999998092651,32,"SSHQ"
"SSHQ",1.12999999523163,33,"SSHQ"
"SSHQ",-0.959999978542328,34,"SSHQ"
"SSHQ",-3.99000000953674,35,"SSHQ"
"SSHQ",-5.34999990463257,36,"SSHQ"
"SSHQ",-1.44000005722046,37,"SSHQ"
"SSHQ",-1.21000003814697,38,"SSHQ"
"SSHQ",-4.32000017166138,39,"SSHQ"
"SSHQ",-7.65999984741211,40,"SSHQ"
"SSHQ",-12.4799995422363,41,"SSHQ"
"SSHQ",-12.3000001907349,42,"SSHQ"
"SSHQ",-6.65000009536743,43,"SSHQ"
"SSHQ",-10.0299997329712,44,"SSHQ"
"SSHQ",-9.39000034332275,45,"SSHQ"
"SSHQ",-4.26000022888184,46,"SSHQ"
"SSHQ",-9.9399995803833,47,"SSHQ"
"SSHQ",-15.6700000762939,48,"SSHQ"
"SSHQ",-9.94999980926514,49,"SSHQ"
"SSHQ",-5.09999990463257,50,"SSHQ"
"SSHQ",-1.70000004768372,51,"SSHQ"
"SSHQ",-4.69000005722046,52,"SSHQ"
"SSHQ",-4.96999979019165,53,"SSHQ"
"SSHQ",-8.43000030517578,54,"SSHQ"
"SSHQ",-6.67999982833862,55,"SSHQ"
"SSHQ",-3.53999996185303,56,"SSHQ"
"SSHQ",-3.22000002861023,57,"SSHQ"
"SSHQ",-12.5900001525879,58,"SSHQ"
"SSHQ",-11.2700004577637,59,"SSHQ"
"SSHQ",-7,60,"SSHQ"
"SSHQ",-1.58000004291534,61,"SSHQ"
"SSHQ",-4.42000007629395,62,"SSHQ"
"SSHQ",-12.5600004196167,63,"SSHQ"
"SSHQ",-13.1000003814697,64,"SSHQ"
"SSHQ",-13.0799999237061,65,"SSHQ"
"SSHQ",-8.22999954223633,66,"SSHQ"
"SSHQ",-10.6400003433228,67,"SSHQ"
"SSHQ",-15.7299995422363,68,"SSHQ"
"SSHQ",-13.3199996948242,69,"SSHQ"
"SSHQ",-9.39999961853027,70,"SSHQ"
"SSHQ",-4.8600001335144,71,"SSHQ"
"SSHQ",-2.95000004768372,72,"SSHQ"
"SSHQ",-5.34000015258789,73,"SSHQ"
"SSHQ",-3.40000009536743,74,"SSHQ"
"SSHQ",-6.44999980926514,75,"SSHQ"
"SSHQ",-2,76,"SSHQ"
"SSHQ",0.0700000002980232,77,"SSHQ"
"SSHQ",-1.76999998092651,78,"SSHQ"
"SSHQ",-1.91999995708466,79,"SSHQ"
"SSHQ",-1.86000001430511,80,"SSHQ"
"SSHQ",-0.550000011920929,81,"SSHQ"
"SSHQ",-1.94000005722046,82,"SSHQ"
"SSHQ",0.100000001490116,83,"SSHQ"
"SSHQ",-1.92999994754791,84,"SSHQ"
"SSHQ",-4.78000020980835,85,"SSHQ"
"SSHQ",-5.07999992370605,86,"SSHQ"
"SSHQ",-4.6100001335144,87,"SSHQ"
"SSHQ",-0.600000023841858,88,"SSHQ"
"SSHQ",-4.44000005722046,89,"SSHQ"
"SSHQ",-2.95000004768372,90,"SSHQ"
"SSHQ",0.8299999833107,91,"SSHQ"
"SSHQ",-3.20000004768372,92,"SSHQ"
"SSHQ",-3.14000010490417,93,"SSHQ"
"SSHQ",-0.230000004172325,94,"SSHQ"
"SSHQ",2.78999996185303,95,"SSHQ"
"SSHQ",0.109999999403954,96,"SSHQ"
"SSHQ",-2.3199999332428,97,"SSHQ"
"SSHQ",-1.91999995708466,98,"SSHQ"
"SSHQ",-2.75,99,"SSHQ"
"SSHQ",-2.60999989509583,100,"SSHQ"
"SSHQ",-2.19000005722046,101,"SSHQ"
"SSHQ",-2.39000010490417,102,"SSHQ"
"SSHQ",1.87000000476837,103,"SSHQ"
"SSHQ",2.97000002861023,104,"SSHQ"
"SSHQ",2.63000011444092,105,"SSHQ"
"SSHQ",4.90999984741211,106,"SSHQ"
"SSHQ",0.109999999403954,107,"SSHQ"
"SSHQ",-2.76999998092651,108,"SSHQ"
"SSHQ",-7.53999996185303,109,"SSHQ"
"SSHQ",-3.76999998092651,110,"SSHQ"
"SSHQ",-3.00999999046326,111,"SSHQ"
"SSHQ",-1,112,"SSHQ"
"SSHQ",-1.51999998092651,113,"SSHQ"
"SSHQ",-1.13999998569489,114,"SSHQ"
"SSHQ",2.67000007629395,115,"SSHQ"
"SSHQ",5.44999980926514,116,"SSHQ"
"SSHQ",3.0699999332428,117,"SSHQ"
"SSHQ",4.15999984741211,118,"SSHQ"
"SSHQ",3.47000002861023,119,"SSHQ"
"SSHQ",0.72000002861023,120,"SSHQ"
"SSHQ",-3.75999999046326,121,"SSHQ"
"SSHQ",-3.50999999046326,122,"SSHQ"
"SSHQ",-5.15000009536743,123,"SSHQ"
"SSHQ",-0.270000010728836,124,"SSHQ"
"SSHQ",-1.6599999666214,125,"SSHQ"
"SSHQ",4,126,"SSHQ"
"SSHQ",1.07000005245209,127,"SSHQ"
"SSHQ",-0.349999994039536,128,"SSHQ"
"SSHQ",0.310000002384186,129,"SSHQ"
"SSHQ",2.5,130,"SSHQ"
"SSHQ",3.73000001907349,131,"SSHQ"
"SSHQ",2.91000008583069,132,"SSHQ"
"SSHQ",6.28999996185303,133,"SSHQ"
"SSHQ",5.8600001335144,134,"SSHQ"
"SSHQ",4.90999984741211,135,"SSHQ"
"SSHQ",5.84000015258789,136,"SSHQ"
"SSHQ",4.8600001335144,137,"SSHQ"
"SSHQ",3.04999995231628,138,"SSHQ"
"SSHQ",-1.67999994754791,139,"SSHQ"
"SSHQ",3.13000011444092,140,"SSHQ"
"SSHQ",0.360000014305115,141,"SSHQ"
"SSHQ",-0.150000005960464,142,"SSHQ"
"SSHQ",3.35999989509583,143,"SSHQ"
"SSHQ",-1.4099999666214,144,"SSHQ"
"SSHQ",-0.879999995231628,145,"SSHQ"
"SSHQ",1.45000004768372,146,"SSHQ"
"SSHQ",1.29999995231628,147,"SSHQ"
"SSHQ",3.64000010490417,148,"SSHQ"
"SSHQ",4.69000005722046,149,"SSHQ"
"SSHQ",6.17999982833862,150,"SSHQ"
"SSHQ",1.03999996185303,151,"SSHQ"
"SSHQ",2.47000002861023,152,"SSHQ"
"SSHQ",4.40000009536743,153,"SSHQ"
"SSHQ",9.13000011444092,154,"SSHQ"
"SSHQ",9.56999969482422,155,"SSHQ"
"SSHQ",3.92000007629395,156,"SSHQ"
"SSHQ",6.84999990463257,157,"SSHQ"
"SSHQ",7.51999998092651,158,"SSHQ"
"SSHQ",9.84000015258789,159,"SSHQ"
"SSHQ",9.27999973297119,160,"SSHQ"
"SSHQ",10.9300003051758,161,"SSHQ"
"SSHQ",9.90999984741211,162,"SSHQ"
"SSHQ",7.34999990463257,163,"SSHQ"
"SSHQ",8.94999980926514,164,"SSHQ"
"SSHQ",8.94999980926514,165,"SSHQ"
"SSHQ",12.9499998092651,166,"SSHQ"
"SSHQ",10.2299995422363,167,"SSHQ"
"SSHQ",3.8199999332428,168,"SSHQ"
"SSHQ",3.95000004768372,169,"SSHQ"
"SSHQ",-1.27999997138977,170,"SSHQ"
"SSHQ",-0.109999999403954,171,"SSHQ"
"SSHQ",5.15999984741211,172,"SSHQ"
"SSHQ",10.0900001525879,173,"SSHQ"
"SSHQ",8.92000007629395,174,"SSHQ"
"SSHQ",11.1099996566772,175,"SSHQ"
"SSHQ",10.8999996185303,176,"SSHQ"
"SSHQ",9.65999984741211,177,"SSHQ"
"SSHQ",13.5500001907349,178,"SSHQ"
"SSHQ",11.2299995422363,179,"SSHQ"
"SSHQ",5.44000005722046,180,"SSHQ"
"SSHQ",7.82000017166138,181,"SSHQ"
"SSHQ",14.1999998092651,182,"SSHQ"
"SSHQ",9.97999954223633,183,"SSHQ"
"SSHQ",4.42000007629395,184,"SSHQ"
"SSHQ",7.48000001907349,185,"SSHQ"
"SSHQ",5.80000019073486,186,"SSHQ"
"SSHQ",7.48000001907349,187,"SSHQ"
"SSHQ",8.69999980926514,188,"SSHQ"
"SSHQ",9.94999980926514,189,"SSHQ"
"SSHQ",9.53999996185303,190,"SSHQ"
"SSHQ",12.8599996566772,191,"SSHQ"
"SSHQ",13.25,192,"SSHQ"
"SSHQ",13.6300001144409,193,"SSHQ"
"SSHQ",14.6700000762939,194,"SSHQ"
"SSHQ",13.0699996948242,195,"SSHQ"
"SSHQ",14.6800003051758,196,"SSHQ"
"SSHQ",14.25,197,"SSHQ"
"SSHQ",12.8900003433228,198,"SSHQ"
"SSHQ",13.289999961853,199,"SSHQ"
"SSHQ",12.289999961853,200,"SSHQ"
"SSHQ",13.9899997711182,201,"SSHQ"
"SSHQ",14.8599996566772,202,"SSHQ"
"SSHQ",13.960000038147,203,"SSHQ"
"SSHQ",13.5,204,"SSHQ"
"SSHQ",13.8100004196167,205,"SSHQ"
"SSHQ",14.6999998092651,206,"SSHQ"
"SSHQ",16.0599994659424,207,"SSHQ"
"SSHQ",11.6099996566772,208,"SSHQ"
"SSHQ",8.85999965667725,209,"SSHQ"
"SSHQ",9.06999969482422,210,"SSHQ"
"SSHQ",9.27999973297119,211,"SSHQ"
"SSHQ",10.4200000762939,212,"SSHQ"
"SSHQ",7.05999994277954,213,"SSHQ"
"SSHQ",10.2600002288818,214,"SSHQ"
"SSHQ",13.289999961853,215,"SSHQ"
"SSHQ",16.0300006866455,216,"SSHQ"
"SSHQ",14.1499996185303,217,"SSHQ"
"SSHQ",13.3800001144409,218,"SSHQ"
"SSHQ",11.8599996566772,219,"SSHQ"
"SSHQ",14.2200002670288,220,"SSHQ"
"SSHQ",12.6000003814697,221,"SSHQ"
"SSHQ",12.039999961853,222,"SSHQ"
"SSHQ",10.1899995803833,223,"SSHQ"
"SSHQ",7.46000003814697,224,"SSHQ"
"SSHQ",10.8400001525879,225,"SSHQ"
"SSHQ",11.2200002670288,226,"SSHQ"
"SSHQ",8.94999980926514,227,"SSHQ"
"SSHQ",8.84000015258789,228,"SSHQ"
"SSHQ",8.6899995803833,229,"SSHQ"
"SSHQ",10.3400001525879,230,"SSHQ"
"SSHQ",11.4200000762939,231,"SSHQ"
"SSHQ",11.0799999237061,232,"SSHQ"
"SSHQ",11.9200000762939,233,"SSHQ"
"SSHQ",9.19999980926514,234,"SSHQ"
"SSHQ",7.8600001335144,235,"SSHQ"
"SSHQ",10.7399997711182,236,"SSHQ"
"SSHQ",7.44000005722046,237,"SSHQ"
"SSHQ",4.76999998092651,238,"SSHQ"
"SSHQ",6.23999977111816,239,"SSHQ"
"SSHQ",6.15999984741211,240,"SSHQ"
"SSHQ",7.96000003814697,241,"SSHQ"
"SSHQ",4.57000017166138,242,"SSHQ"
"SSHQ",6.55000019073486,243,"SSHQ"
"SSHQ",8.48999977111816,244,"SSHQ"
"SSHQ",10.1599998474121,245,"SSHQ"
"SSHQ",10.1700000762939,246,"SSHQ"
"SSHQ",9.8100004196167,247,"SSHQ"
"SSHQ",8.36999988555908,248,"SSHQ"
"SSHQ",8.55000019073486,249,"SSHQ"
"SSHQ",8.9399995803833,250,"SSHQ"
"SSHQ",9.93000030517578,251,"SSHQ"
"SSHQ",9.84000015258789,252,"SSHQ"
"SSHQ",10,253,"SSHQ"
"SSHQ",8.8100004196167,254,"SSHQ"
"SSHQ",12.3699998855591,255,"SSHQ"
"SSHQ",5.86999988555908,256,"SSHQ"
"SSHQ",2.85999989509583,257,"SSHQ"
"SSHQ",2.4300000667572,258,"SSHQ"
"SSHQ",6.42999982833862,259,"SSHQ"
"SSHQ",9.3100004196167,260,"SSHQ"
"SSHQ",7.78999996185303,261,"SSHQ"
"SSHQ",7.42999982833862,262,"SSHQ"
"SSHQ",3.61999988555908,263,"SSHQ"
"SSHQ",4.21000003814697,264,"SSHQ"
"SSHQ",6.90000009536743,265,"SSHQ"
"SSHQ",2.77999997138977,266,"SSHQ"
"SSHQ",4.67000007629395,267,"SSHQ"
"SSHQ",5.3600001335144,268,"SSHQ"
"SSHQ",8.4399995803833,269,"SSHQ"
"SSHQ",7,270,"SSHQ"
"SSHQ",5.8600001335144,271,"SSHQ"
"SSHQ",8.10000038146973,272,"SSHQ"
"SSHQ",8.92000007629395,273,"SSHQ"
"SSHQ",2.6800000667572,274,"SSHQ"
"SSHQ",0,275,"SSHQ"
"SSHQ",2.02999997138977,276,"SSHQ"
"SSHQ",2.35999989509583,277,"SSHQ"
"SSHQ",1.88999998569489,278,"SSHQ"
"SSHQ",4.80999994277954,279,"SSHQ"
"SSHQ",2.59999990463257,280,"SSHQ"
"SSHQ",3.76999998092651,281,"SSHQ"
"SSHQ",3.84999990463257,282,"SSHQ"
"SSHQ",4.6399998664856,283,"SSHQ"
"SSHQ",8.0600004196167,284,"SSHQ"
"SSHQ",4.36999988555908,285,"SSHQ"
"SSHQ",5.30999994277954,286,"SSHQ"
"SSHQ",6.21000003814697,287,"SSHQ"
"SSHQ",5.38000011444092,288,"SSHQ"
"SSHQ",4.19000005722046,289,"SSHQ"
"SSHQ",3.40000009536743,290,"SSHQ"
"SSHQ",3.07999992370605,291,"SSHQ"
"SSHQ",-0.129999995231628,292,"SSHQ"
"SSHQ",-3.74000000953674,293,"SSHQ"
"SSHQ",-0.899999976158142,294,"SSHQ"
"SSHQ",1.22000002861023,295,"SSHQ"
"SSHQ",1.33000004291534,296,"SSHQ"
"SSHQ",-0.959999978542328,297,"SSHQ"
"SSHQ",0.370000004768372,298,"SSHQ"
"SSHQ",-1.5900000333786,299,"SSHQ"
"SSHQ",-0.419999986886978,300,"SSHQ"
"SSHQ",1.61000001430511,301,"SSHQ"
"SSHQ",-1.37999999523163,302,"SSHQ"
"SSHQ",-0.660000026226044,303,"SSHQ"
"SSHQ",-6.30999994277954,304,"SSHQ"
"SSHQ",-7.32999992370605,305,"SSHQ"
"SSHQ",-4.34999990463257,306,"SSHQ"
"SSHQ",-2.99000000953674,307,"SSHQ"
"SSHQ",-3.00999999046326,308,"SSHQ"
"SSHQ",-5.42000007629395,309,"SSHQ"
"SSHQ",-6.61999988555908,310,"SSHQ"
"SSHQ",-6.98999977111816,311,"SSHQ"
"SSHQ",-8.88000011444092,312,"SSHQ"
"SSHQ",-7.09000015258789,313,"SSHQ"
"SSHQ",-5.94999980926514,314,"SSHQ"
"SSHQ",-3.14000010490417,315,"SSHQ"
"SSHQ",-1.77999997138977,316,"SSHQ"
"SSHQ",-2.90000009536743,317,"SSHQ"
"SSHQ",-7.32000017166138,318,"SSHQ"
"SSHQ",-6.34000015258789,319,"SSHQ"
"SSHQ",-3.38000011444092,320,"SSHQ"
"SSHQ",-3.40000009536743,321,"SSHQ"
"SSHQ",-6.21999979019165,322,"SSHQ"
"SSHQ",-7.65999984741211,323,"SSHQ"
"SSHQ",-13.1300001144409,324,"SSHQ"
"SSHQ",-12.1499996185303,325,"SSHQ"
"SSHQ",-4.19999980926514,326,"SSHQ"
"SSHQ",-0.5,327,"SSHQ"
"SSHQ",-1.04999995231628,328,"SSHQ"
"SSHQ",-4.63000011444092,329,"SSHQ"
"SSHQ",-7.55000019073486,330,"SSHQ"
"SSHQ",-5.51000022888184,331,"SSHQ"
"SSHQ",-9.1899995803833,332,"SSHQ"
"SSHQ",-5.30000019073486,333,"SSHQ"
"SSHQ",-6.01999998092651,334,"SSHQ"
"SSHQ",-7.5,335,"SSHQ"
"SSHQ",-8.72999954223633,336,"SSHQ"
"SSHQ",-6.82000017166138,337,"SSHQ"
"SSHQ",-5.53000020980835,338,"SSHQ"
"SSHQ",-6.73000001907349,339,"SSHQ"
"SSHQ",-7.42999982833862,340,"SSHQ"
"SSHQ",-7.6399998664856,341,"SSHQ"
"SSHQ",-6.42000007629395,342,"SSHQ"
"SSHQ",-8.27000045776367,343,"SSHQ"
"SSHQ",-10.2600002288818,344,"SSHQ"
"SSHQ",-13.5600004196167,345,"SSHQ"
"SSHQ",-11.3000001907349,346,"SSHQ"
"SSHQ",-6.36999988555908,347,"SSHQ"
"SSHQ",-8.72999954223633,348,"SSHQ"
"SSHQ",-2.92000007629395,349,"SSHQ"
"SSHQ",-7.30000019073486,350,"SSHQ"
"SSHQ",-12.4300003051758,351,"SSHQ"
"SSHQ",-5.03999996185303,352,"SSHQ"
"SSHQ",-6.01999998092651,353,"SSHQ"
"SSHQ",-10.039999961853,354,"SSHQ"
"SSHQ",-5.88000011444092,355,"SSHQ"
"SSHQ",-3.76999998092651,356,"SSHQ"
"SSHQ",-5.01000022888184,357,"SSHQ"
"SSHQ",-3.19000005722046,358,"SSHQ"
"SSHQ",-2.84999990463257,359,"SSHQ"
"SSHQ",-2.22000002861023,360,"SSHQ"
"SSHQ",-4.63000011444092,361,"SSHQ"
"SSHQ",-7.94000005722046,362,"SSHQ"
"SSHQ",-5.26000022888184,363,"SSHQ"
"SSHQ",-4.65000009536743,364,"SSHQ"
"SSHQ",-7.63000011444092,365,"SSHQ"
"SSHQ",299.709991455078,1,"SSHQ"
"SSHQ",278.730010986328,2,"SSHQ"
"SSHQ",294.970001220703,3,"SSHQ"
"SSHQ",338.940002441406,4,"SSHQ"
"SSHQ",341.549987792969,5,"SSHQ"
"SSHQ",241.110000610352,6,"SSHQ"
"SSHQ",285.700012207031,7,"SSHQ"
"SSHQ",161.899993896484,8,"SSHQ"
"SSHQ",237.490005493164,9,"SSHQ"
"SSHQ",189.800003051758,10,"SSHQ"
"SSHQ",145.699996948242,11,"SSHQ"
"SSHQ",136.279998779297,12,"SSHQ"
"SSHQ",68.9700012207031,13,"SSHQ"
"SSHQ",122.959999084473,14,"SSHQ"
"SSHQ",94.8000030517578,15,"SSHQ"
"SSHQ",92.129997253418,16,"SSHQ"
"SSHQ",211.660003662109,17,"SSHQ"
"SSHQ",243.360000610352,18,"SSHQ"
"SSHQ",406.25,19,"SSHQ"
"SSHQ",461.339996337891,20,"SSHQ"
"SSHQ",563.320007324219,21,"SSHQ"
"SSHQ",562.820007324219,22,"SSHQ"
"SSHQ",559.380004882812,23,"SSHQ"
"SSHQ",550.010009765625,24,"SSHQ"
"SSHQ",459.920013427734,25,"SSHQ"
"SSHQ",360.119995117188,26,"SSHQ"
"SSHQ",397.739990234375,27,"SSHQ"
"SSHQ",525.580017089844,28,"SSHQ"
"SSHQ",577.010009765625,29,"SSHQ"
"SSHQ",504.399993896484,30,"SSHQ"
"SSHQ",458.720001220703,31,"SSHQ"
"SSHQ",526.789978027344,32,"SSHQ"
"SSHQ",662.739990234375,33,"SSHQ"
"SSHQ",569.419982910156,34,"SSHQ"
"SSHQ",454.799987792969,35,"SSHQ"
"SSHQ",410.239990234375,36,"SSHQ"
"SSHQ",549.52001953125,37,"SSHQ"
"SSHQ",558.859985351562,38,"SSHQ"
"SSHQ",443.529998779297,39,"SSHQ"
"SSHQ",343.510009765625,40,"SSHQ"
"SSHQ",234.389999389648,41,"SSHQ"
"SSHQ",237.919998168945,42,"SSHQ"
"SSHQ",371.269989013672,43,"SSHQ"
"SSHQ",285.269989013672,44,"SSHQ"
"SSHQ",300.089996337891,45,"SSHQ"
"SSHQ",445.649993896484,46,"SSHQ"
"SSHQ",287.299987792969,47,"SSHQ"
"SSHQ",180.339996337891,48,"SSHQ"
"SSHQ",287.100006103516,49,"SSHQ"
"SSHQ",417.959991455078,50,"SSHQ"
"SSHQ",539.27001953125,51,"SSHQ"
"SSHQ",431.239990234375,52,"SSHQ"
"SSHQ",422.160003662109,53,"SSHQ"
"SSHQ",323.609985351562,54,"SSHQ"
"SSHQ",370.510009765625,55,"SSHQ"
"SSHQ",470.339996337891,56,"SSHQ"
"SSHQ",481.5,57,"SSHQ"
"SSHQ",232.399993896484,58,"SSHQ"
"SSHQ",258.5,59,"SSHQ"
"SSHQ",361.470001220703,60,"SSHQ"
"SSHQ",543.799987792969,61,"SSHQ"
"SSHQ",440.200012207031,62,"SSHQ"
"SSHQ",232.800003051758,63,"SSHQ"
"SSHQ",222.839996337891,64,"SSHQ"
"SSHQ",223.279998779297,65,"SSHQ"
"SSHQ",328.470001220703,66,"SSHQ"
"SSHQ",271.660003662109,67,"SSHQ"
"SSHQ",179.559997558594,68,"SSHQ"
"SSHQ",218.860000610352,69,"SSHQ"
"SSHQ",291.75,70,"SSHQ"
"SSHQ",425.75,71,"SSHQ"
"SSHQ",491.5,72,"SSHQ"
"SSHQ",410.609985351562,73,"SSHQ"
"SSHQ",475.089996337891,74,"SSHQ"
"SSHQ",361.970001220703,75,"SSHQ"
"SSHQ",494.559997558594,76,"SSHQ"
"SSHQ",553.130004882812,77,"SSHQ"
"SSHQ",463.239990234375,78,"SSHQ"
"SSHQ",454.869995117188,79,"SSHQ"
"SSHQ",449.459991455078,80,"SSHQ"
"SSHQ",520.140014648438,81,"SSHQ"
"SSHQ",466.059997558594,82,"SSHQ"
"SSHQ",578.549987792969,83,"SSHQ"
"SSHQ",516.710021972656,84,"SSHQ"
"SSHQ",400.570007324219,85,"SSHQ"
"SSHQ",397.339996337891,86,"SSHQ"
"SSHQ",430.899993896484,87,"SSHQ"
"SSHQ",584.419982910156,88,"SSHQ"
"SSHQ",398.010009765625,89,"SSHQ"
"SSHQ",441.779998779297,90,"SSHQ"
"SSHQ",648.349975585938,91,"SSHQ"
"SSHQ",395.779998779297,92,"SSHQ"
"SSHQ",362.869995117188,93,"SSHQ"
"SSHQ",458.720001220703,94,"SSHQ"
"SSHQ",590.75,95,"SSHQ"
"SSHQ",503.320007324219,96,"SSHQ"
"SSHQ",515.02001953125,97,"SSHQ"
"SSHQ",499.850006103516,98,"SSHQ"
"SSHQ",420.450012207031,99,"SSHQ"
"SSHQ",380.049987792969,100,"SSHQ"
"SSHQ",358.309997558594,101,"SSHQ"
"SSHQ",341.649993896484,102,"SSHQ"
"SSHQ",435.989990234375,103,"SSHQ"
"SSHQ",462.619995117188,104,"SSHQ"
"SSHQ",457.410003662109,105,"SSHQ"
"SSHQ",651.619995117188,106,"SSHQ"
"SSHQ",472.829986572266,107,"SSHQ"
"SSHQ",406.309997558594,108,"SSHQ"
"SSHQ",258.230010986328,109,"SSHQ"
"SSHQ",342.760009765625,110,"SSHQ"
"SSHQ",307.940002441406,111,"SSHQ"
"SSHQ",313.5,112,"SSHQ"
"SSHQ",315.220001220703,113,"SSHQ"
"SSHQ",300.709991455078,114,"SSHQ"
"SSHQ",382.279998779297,115,"SSHQ"
"SSHQ",718.010009765625,116,"SSHQ"
"SSHQ",705.72998046875,117,"SSHQ"
"SSHQ",822.070007324219,118,"SSHQ"
"SSHQ",782.989990234375,119,"SSHQ"
"SSHQ",533.880004882812,120,"SSHQ"
"SSHQ",388.540008544922,121,"SSHQ"
"SSHQ",432.920013427734,122,"SSHQ"
"SSHQ",345.299987792969,123,"SSHQ"
"SSHQ",518.830017089844,124,"SSHQ"
"SSHQ",366.459991455078,125,"SSHQ"
"SSHQ",755.190002441406,126,"SSHQ"
"SSHQ",540.739990234375,127,"SSHQ"
"SSHQ",482.399993896484,128,"SSHQ"
"SSHQ",507.369995117188,129,"SSHQ"
"SSHQ",479.179992675781,130,"SSHQ"
"SSHQ",457.869995117188,131,"SSHQ"
"SSHQ",377.470001220703,132,"SSHQ"
"SSHQ",506.450012207031,133,"SSHQ"
"SSHQ",515.950012207031,134,"SSHQ"
"SSHQ",554.940002441406,135,"SSHQ"
"SSHQ",547.419982910156,136,"SSHQ"
"SSHQ",441.339996337891,137,"SSHQ"
"SSHQ",383.899993896484,138,"SSHQ"
"SSHQ",280.440002441406,139,"SSHQ"
"SSHQ",502.019989013672,140,"SSHQ"
"SSHQ",446.079986572266,141,"SSHQ"
"SSHQ",368.200012207031,142,"SSHQ"
"SSHQ",697.390014648438,143,"SSHQ"
"SSHQ",493.380004882812,144,"SSHQ"
"SSHQ",338.730010986328,145,"SSHQ"
"SSHQ",433.290008544922,146,"SSHQ"
"SSHQ",388.820007324219,147,"SSHQ"
"SSHQ",442.720001220703,148,"SSHQ"
"SSHQ",428.890014648438,149,"SSHQ"
"SSHQ",571.900024414062,150,"SSHQ"
"SSHQ",399.690002441406,151,"SSHQ"
"SSHQ",412.760009765625,152,"SSHQ"
"SSHQ",343.320007324219,153,"SSHQ"
"SSHQ",607.619995117188,154,"SSHQ"
"SSHQ",735.289978027344,155,"SSHQ"
"SSHQ",329.880004882812,156,"SSHQ"
"SSHQ",357.350006103516,157,"SSHQ"
"SSHQ",375.279998779297,158,"SSHQ"
"SSHQ",451.390014648438,159,"SSHQ"
"SSHQ",434.739990234375,160,"SSHQ"
"SSHQ",551.47998046875,161,"SSHQ"
"SSHQ",572.859985351562,162,"SSHQ"
"SSHQ",370.570007324219,163,"SSHQ"
"SSHQ",416.190002441406,164,"SSHQ"
"SSHQ",416.450012207031,165,"SSHQ"
"SSHQ",569.159973144531,166,"SSHQ"
"SSHQ",551.590026855469,167,"SSHQ"
"SSHQ",368.970001220703,168,"SSHQ"
"SSHQ",470.660003662109,169,"SSHQ"
"SSHQ",267.679992675781,170,"SSHQ"
"SSHQ",235.910003662109,171,"SSHQ"
"SSHQ",315.260009765625,172,"SSHQ"
"SSHQ",451.899993896484,173,"SSHQ"
"SSHQ",415.380004882812,174,"SSHQ"
"SSHQ",485.959991455078,175,"SSHQ"
"SSHQ",478.75,176,"SSHQ"
"SSHQ",438.269989013672,177,"SSHQ"
"SSHQ",698.390014648438,178,"SSHQ"
"SSHQ",508.109985351562,179,"SSHQ"
"SSHQ",321.929992675781,180,"SSHQ"
"SSHQ",383.640014648438,181,"SSHQ"
"SSHQ",603.130004882812,182,"SSHQ"
"SSHQ",713.039978027344,183,"SSHQ"
"SSHQ",317.850006103516,184,"SSHQ"
"SSHQ",416.329986572266,185,"SSHQ"
"SSHQ",343.880004882812,186,"SSHQ"
"SSHQ",374.149993896484,187,"SSHQ"
"SSHQ",408.850006103516,188,"SSHQ"
"SSHQ",452.929992675781,189,"SSHQ"
"SSHQ",434.510009765625,190,"SSHQ"
"SSHQ",549.539978027344,191,"SSHQ"
"SSHQ",564.630004882812,192,"SSHQ"
"SSHQ",579.849975585938,193,"SSHQ"
"SSHQ",623.390014648438,194,"SSHQ"
"SSHQ",557.789978027344,195,"SSHQ"
"SSHQ",623.549987792969,196,"SSHQ"
"SSHQ",767.840026855469,197,"SSHQ"
"SSHQ",550.679992675781,198,"SSHQ"
"SSHQ",566.429992675781,199,"SSHQ"
"SSHQ",528.010009765625,200,"SSHQ"
"SSHQ",594.549987792969,201,"SSHQ"
"SSHQ",632.679992675781,202,"SSHQ"
"SSHQ",593.450012207031,203,"SSHQ"
"SSHQ",582.179992675781,204,"SSHQ"
"SSHQ",587.280029296875,205,"SSHQ"
"SSHQ",628.849975585938,206,"SSHQ"
"SSHQ",685.450012207031,207,"SSHQ"
"SSHQ",503.529998779297,208,"SSHQ"
"SSHQ",413.529998779297,209,"SSHQ"
"SSHQ",420.049987792969,210,"SSHQ"
"SSHQ",426.290008544922,211,"SSHQ"
"SSHQ",462.589996337891,212,"SSHQ"
"SSHQ",362.970001220703,213,"SSHQ"
"SSHQ",457.299987792969,214,"SSHQ"
"SSHQ",566.380004882812,215,"SSHQ"
"SSHQ",684.280029296875,216,"SSHQ"
"SSHQ",601.27001953125,217,"SSHQ"
"SSHQ",570.090026855469,218,"SSHQ"
"SSHQ",512.510009765625,219,"SSHQ"
"SSHQ",604.179992675781,220,"SSHQ"
"SSHQ",539.619995117188,221,"SSHQ"
"SSHQ",519.070007324219,222,"SSHQ"
"SSHQ",454.989990234375,223,"SSHQ"
"SSHQ",373.589996337891,224,"SSHQ"
"SSHQ",476.769989013672,225,"SSHQ"
"SSHQ",489.760009765625,226,"SSHQ"
"SSHQ",428.390014648438,227,"SSHQ"
"SSHQ",412.920013427734,228,"SSHQ"
"SSHQ",408.670013427734,229,"SSHQ"
"SSHQ",460.119995117188,230,"SSHQ"
"SSHQ",496.690002441406,231,"SSHQ"
"SSHQ",485.010009765625,232,"SSHQ"
"SSHQ",514.5,233,"SSHQ"
"SSHQ",423.839996337891,234,"SSHQ"
"SSHQ",384.820007324219,235,"SSHQ"
"SSHQ",473.359985351562,236,"SSHQ"
"SSHQ",373.170013427734,237,"SSHQ"
"SSHQ",306.350006103516,238,"SSHQ"
"SSHQ",341.570007324219,239,"SSHQ"
"SSHQ",339.519989013672,240,"SSHQ"
"SSHQ",387.510009765625,241,"SSHQ"
"SSHQ",301.700012207031,242,"SSHQ"
"SSHQ",349.630004882812,243,"SSHQ"
"SSHQ",402.640014648438,244,"SSHQ"
"SSHQ",453.970001220703,245,"SSHQ"
"SSHQ",454.410003662109,246,"SSHQ"
"SSHQ",442.920013427734,247,"SSHQ"
"SSHQ",399.200012207031,248,"SSHQ"
"SSHQ",404.369995117188,249,"SSHQ"
"SSHQ",416.119995117188,250,"SSHQ"
"SSHQ",446.799987792969,251,"SSHQ"
"SSHQ",443.959991455078,252,"SSHQ"
"SSHQ",448.940002441406,253,"SSHQ"
"SSHQ",412.100006103516,254,"SSHQ"
"SSHQ",540.809997558594,255,"SSHQ"
"SSHQ",669.969970703125,256,"SSHQ"
"SSHQ",469.019989013672,257,"SSHQ"
"SSHQ",357.579986572266,258,"SSHQ"
"SSHQ",439.820007324219,259,"SSHQ"
"SSHQ",814.969970703125,260,"SSHQ"
"SSHQ",1056.68994140625,261,"SSHQ"
"SSHQ",1031.07995605469,262,"SSHQ"
"SSHQ",600.960021972656,263,"SSHQ"
"SSHQ",566.289978027344,264,"SSHQ"
"SSHQ",734.760009765625,265,"SSHQ"
"SSHQ",496.950012207031,266,"SSHQ"
"SSHQ",603.059997558594,267,"SSHQ"
"SSHQ",603.780029296875,268,"SSHQ"
"SSHQ",732.72998046875,269,"SSHQ"
"SSHQ",652.059997558594,270,"SSHQ"
"SSHQ",614.169982910156,271,"SSHQ"
"SSHQ",710.080017089844,272,"SSHQ"
"SSHQ",762.159973144531,273,"SSHQ"
"SSHQ",526.239990234375,274,"SSHQ"
"SSHQ",429.609985351562,275,"SSHQ"
"SSHQ",481.429992675781,276,"SSHQ"
"SSHQ",524.450012207031,277,"SSHQ"
"SSHQ",449.390014648438,278,"SSHQ"
"SSHQ",631.179992675781,279,"SSHQ"
"SSHQ",543.099975585938,280,"SSHQ"
"SSHQ",594.349975585938,281,"SSHQ"
"SSHQ",580.460021972656,282,"SSHQ"
"SSHQ",606.179992675781,283,"SSHQ"
"SSHQ",887.77001953125,284,"SSHQ"
"SSHQ",637.049987792969,285,"SSHQ"
"SSHQ",669.700012207031,286,"SSHQ"
"SSHQ",724.460021972656,287,"SSHQ"
"SSHQ",691.559997558594,288,"SSHQ"
"SSHQ",648.880004882812,289,"SSHQ"
"SSHQ",622.200012207031,290,"SSHQ"
"SSHQ",761.599975585938,291,"SSHQ"
"SSHQ",605.119995117188,292,"SSHQ"
"SSHQ",427.220001220703,293,"SSHQ"
"SSHQ",492.100006103516,294,"SSHQ"
"SSHQ",615.799987792969,295,"SSHQ"
"SSHQ",654.280029296875,296,"SSHQ"
"SSHQ",564.030029296875,297,"SSHQ"
"SSHQ",627.22998046875,298,"SSHQ"
"SSHQ",543.650024414062,299,"SSHQ"
"SSHQ",566.840026855469,300,"SSHQ"
"SSHQ",626.260009765625,301,"SSHQ"
"SSHQ",551.969970703125,302,"SSHQ"
"SSHQ",581.940002441406,303,"SSHQ"
"SSHQ",381.230010986328,304,"SSHQ"
"SSHQ",352.429992675781,305,"SSHQ"
"SSHQ",442.369995117188,306,"SSHQ"
"SSHQ",490.109985351562,307,"SSHQ"
"SSHQ",489.119995117188,308,"SSHQ"
"SSHQ",408.010009765625,309,"SSHQ"
"SSHQ",372.260009765625,310,"SSHQ"
"SSHQ",361.660003662109,311,"SSHQ"
"SSHQ",312.179992675781,312,"SSHQ"
"SSHQ",359.029998779297,313,"SSHQ"
"SSHQ",391.970001220703,314,"SSHQ"
"SSHQ",484.410003662109,315,"SSHQ"
"SSHQ",536.109985351562,316,"SSHQ"
"SSHQ",493.290008544922,317,"SSHQ"
"SSHQ",352.730010986328,318,"SSHQ"
"SSHQ",380.200012207031,319,"SSHQ"
"SSHQ",476.119995117188,320,"SSHQ"
"SSHQ",475.399993896484,321,"SSHQ"
"SSHQ",383.679992675781,322,"SSHQ"
"SSHQ",343.600006103516,323,"SSHQ"
"SSHQ",222.330001831055,324,"SSHQ"
"SSHQ",240.770004272461,325,"SSHQ"
"SSHQ",447.570007324219,326,"SSHQ"
"SSHQ",588.780029296875,327,"SSHQ"
"SSHQ",565.679992675781,328,"SSHQ"
"SSHQ",433.25,329,"SSHQ"
"SSHQ",346.390014648438,330,"SSHQ"
"SSHQ",405.239990234375,331,"SSHQ"
"SSHQ",304.769989013672,332,"SSHQ"
"SSHQ",411.700012207031,333,"SSHQ"
"SSHQ",389.679992675781,334,"SSHQ"
"SSHQ",347.739990234375,335,"SSHQ"
"SSHQ",315.920013427734,336,"SSHQ"
"SSHQ",366.579986572266,337,"SSHQ"
"SSHQ",404.519989013672,338,"SSHQ"
"SSHQ",368.989990234375,339,"SSHQ"
"SSHQ",349.679992675781,340,"SSHQ"
"SSHQ",343.910003662109,341,"SSHQ"
"SSHQ",378.130004882812,342,"SSHQ"
"SSHQ",327.660003662109,343,"SSHQ"
"SSHQ",280.149993896484,344,"SSHQ"
"SSHQ",214.619995117188,345,"SSHQ"
"SSHQ",257.859985351562,346,"SSHQ"
"SSHQ",379.559997558594,347,"SSHQ"
"SSHQ",315.980010986328,348,"SSHQ"
"SSHQ",492.660003662109,349,"SSHQ"
"SSHQ",353.309997558594,350,"SSHQ"
"SSHQ",235.350006103516,351,"SSHQ"
"SSHQ",420.130004882812,352,"SSHQ"
"SSHQ",389.890014648438,353,"SSHQ"
"SSHQ",282.640014648438,354,"SSHQ"
"SSHQ",380.690002441406,355,"SSHQ"
"SSHQ",462.130004882812,356,"SSHQ"
"SSHQ",421.070007324219,357,"SSHQ"
"SSHQ",482.660003662109,358,"SSHQ"
"SSHQ",495.089996337891,359,"SSHQ"
"SSHQ",519.039978027344,360,"SSHQ"
"SSHQ",433.190002441406,361,"SSHQ"
"SSHQ",336.049987792969,362,"SSHQ"
"SSHQ",413.149993896484,363,"SSHQ"
"SSHQ",432.429992675781,364,"SSHQ"
"SSHQ",344.260009765625,365,"SSHQ"
