Date,Site,graveltrt,n_sensors,n_dailytimepoints,avgmindailyvwc,avgmaxdailyvwc,VWC.avg,sd_vwc.avg,threeormoresensors,alldailytimepoints
9/30/2021,Sheep Station,Black,4,32,0.10750076,0.120390363,0.113945561,0.016785341,1,0
9/30/2021,Sheep Station,White,3,32,0.08582665,0.093384129,0.08960539,0.005344715,1,0
10/1/2021,Sheep Station,Black,4,96,0.10360717,0.121814912,0.112711041,0.017091755,1,1
10/1/2021,Sheep Station,White,3,96,0.08328641,0.093389226,0.088337818,0.004779393,1,1
10/2/2021,Sheep Station,Black,4,96,0.104640948,0.121476831,0.113058889,0.017218491,1,1
10/2/2021,Sheep Station,White,3,96,0.083926233,0.0932321,0.088579167,0.004503236,1,1
10/3/2021,Sheep Station,Black,4,96,0.102673799,0.120126335,0.111400067,0.017666598,1,1
10/3/2021,Sheep Station,White,3,96,0.082493203,0.092294427,0.087393815,0.004318124,1,1
10/4/2021,Sheep Station,Black,4,96,0.101983752,0.119006708,0.11049523,0.017621749,1,1
10/4/2021,Sheep Station,White,3,96,0.08185673,0.092136917,0.086996824,0.004235825,1,1
10/5/2021,Sheep Station,Black,4,96,0.101051135,0.116199261,0.108625198,0.017824944,1,1
10/5/2021,Sheep Station,White,3,96,0.08185673,0.090723909,0.08629032,0.004241295,1,1
10/6/2021,Sheep Station,Black,4,96,0.102214359,0.113854237,0.108034298,0.017239307,1,1
10/6/2021,Sheep Station,White,3,96,0.080904605,0.088995491,0.084950048,0.002971617,1,1
10/7/2021,Sheep Station,Black,4,96,0.100955781,0.175749924,0.138352852,0.022491971,1,1
10/7/2021,Sheep Station,White,3,96,0.079940848,0.146746735,0.113343791,0.007423544,1,1
10/8/2021,Sheep Station,Black,4,96,0.171683021,0.264602352,0.218142686,0.017741422,1,1
10/8/2021,Sheep Station,White,3,96,0.145084947,0.230837067,0.187961007,0.014152494,1,1
10/9/2021,Sheep Station,Black,4,96,0.227689609,0.246852916,0.237271262,0.021304034,1,1
10/9/2021,Sheep Station,White,3,96,0.184038594,0.20666343,0.195351012,0.010137903,1,1
10/10/2021,Sheep Station,Black,4,96,0.215053629,0.229369558,0.222211594,0.024412067,1,1
10/10/2021,Sheep Station,White,3,96,0.170221349,0.183779503,0.177000426,0.009823294,1,1
10/11/2021,Sheep Station,Black,4,96,0.212064296,0.237203892,0.224634094,0.022201678,1,1
10/11/2021,Sheep Station,White,3,96,0.169685716,0.191610292,0.180648004,0.008355493,1,1
10/12/2021,Sheep Station,Black,4,96,0.211102929,0.228205394,0.219654161,0.024595144,1,1
10/12/2021,Sheep Station,White,3,96,0.164518858,0.179956332,0.172237595,0.009518645,1,1
10/13/2021,Sheep Station,Black,4,96,0.209304407,0.216857724,0.213081066,0.023761722,1,1
10/13/2021,Sheep Station,White,3,96,0.164537619,0.171056171,0.167796895,0.006926648,1,1
10/14/2021,Sheep Station,Black,4,96,0.20389203,0.215137504,0.209514767,0.022720981,1,1
10/14/2021,Sheep Station,White,3,96,0.161811431,0.169169957,0.165490694,0.005733508,1,1
10/15/2021,Sheep Station,Black,4,96,0.194112666,0.20706353,0.200588098,0.021062676,1,1
10/15/2021,Sheep Station,White,3,96,0.151253526,0.162091563,0.156672545,0.004415287,1,1
10/16/2021,Sheep Station,Black,4,96,0.188863892,0.202683028,0.19577346,0.018559215,1,1
10/16/2021,Sheep Station,White,3,96,0.147732809,0.15906621,0.15339951,0.003410811,1,1
10/17/2021,Sheep Station,Black,4,96,0.184742082,0.197025061,0.190883571,0.016842046,1,1
10/17/2021,Sheep Station,White,3,96,0.148302401,0.156573996,0.152438199,0.002557551,1,1
10/18/2021,Sheep Station,Black,4,96,0.180941962,0.192843053,0.186892508,0.015395631,1,1
10/18/2021,Sheep Station,White,3,96,0.146318942,0.154207458,0.1502632,0.002321206,1,1
10/19/2021,Sheep Station,Black,4,96,0.176281769,0.186651256,0.181466512,0.014758863,1,1
10/19/2021,Sheep Station,White,3,96,0.143908054,0.151125704,0.147516879,0.001244395,1,1
10/20/2021,Sheep Station,Black,4,96,0.172886822,0.180568945,0.176727884,0.014078625,1,1
10/20/2021,Sheep Station,White,3,96,0.141192148,0.146040703,0.143616425,0.001577402,1,1
10/21/2021,Sheep Station,Black,4,96,0.169248212,0.180768132,0.175008172,0.014042459,1,1
10/21/2021,Sheep Station,White,3,96,0.139037068,0.146040226,0.142538647,0.001933917,1,1
10/22/2021,Sheep Station,Black,4,96,0.165167578,0.177197073,0.171182325,0.014005894,1,1
10/22/2021,Sheep Station,White,3,96,0.136006271,0.143476784,0.139741528,0.002261358,1,1
10/23/2021,Sheep Station,Black,4,96,0.161055319,0.168332342,0.164693831,0.014074714,1,1
10/23/2021,Sheep Station,White,3,96,0.133244758,0.138746132,0.135995445,0.003074652,1,1
10/24/2021,Sheep Station,Black,4,96,0.158378493,0.187329378,0.172853936,0.015073709,1,1
10/24/2021,Sheep Station,White,3,96,0.130470817,0.160589695,0.145530256,0.001785807,1,1
10/25/2021,Sheep Station,Black,4,96,0.189749714,0.25465272,0.222201217,0.011057807,1,1
10/25/2021,Sheep Station,White,3,96,0.163063397,0.216328984,0.18969619,0.007558829,1,1
10/26/2021,Sheep Station,Black,4,96,0.223864496,0.258860268,0.241362382,0.014819575,1,1
10/26/2021,Sheep Station,White,3,96,0.179499343,0.219010954,0.199255149,0.007864778,1,1
10/27/2021,Sheep Station,Black,4,96,0.212753858,0.224917229,0.218835544,0.02076593,1,1
10/27/2021,Sheep Station,White,3,96,0.170818349,0.179767609,0.175292979,0.00229788,1,1
10/28/2021,Sheep Station,Black,4,96,0.205787424,0.215740886,0.210764155,0.018080119,1,1
10/28/2021,Sheep Station,White,3,96,0.165664052,0.171628331,0.168646192,0.000713418,1,1
10/29/2021,Sheep Station,Black,4,96,0.200281251,0.210292779,0.205287015,0.016277541,1,1
10/29/2021,Sheep Station,White,3,96,0.161829645,0.167841822,0.164835734,0.000237396,1,1
10/30/2021,Sheep Station,Black,4,96,0.195716459,0.207433727,0.201575093,0.015845151,1,1
10/30/2021,Sheep Station,White,3,96,0.158654258,0.16566289,0.162158574,0.001716866,1,1
10/31/2021,Sheep Station,Black,4,96,0.187806465,0.195712976,0.19175972,0.015805913,1,1
10/31/2021,Sheep Station,White,3,96,0.152943964,0.158654258,0.155799111,0.002539062,1,1
11/1/2021,Sheep Station,Black,4,96,0.184794918,0.191708758,0.188251838,0.014757015,1,1
11/1/2021,Sheep Station,White,3,96,0.150699601,0.154759397,0.152729499,0.003091669,1,1
11/2/2021,Sheep Station,Black,4,96,0.180983812,0.203790411,0.192387111,0.01421406,1,1
11/2/2021,Sheep Station,White,3,96,0.148583983,0.165251404,0.156917694,0.001682626,1,1
11/3/2021,Sheep Station,Black,4,96,0.192984477,0.199016068,0.196000272,0.013770033,1,1
11/3/2021,Sheep Station,White,3,96,0.156714126,0.161139781,0.158926954,0.001645044,1,1
11/4/2021,Sheep Station,Black,4,96,0.189890381,0.199952293,0.194921337,0.01405079,1,1
11/4/2021,Sheep Station,White,3,96,0.153648913,0.160175522,0.156912218,0.001254504,1,1
11/5/2021,Sheep Station,Black,4,96,0.186194677,0.194812581,0.190503629,0.013680186,1,1
11/5/2021,Sheep Station,White,3,96,0.1511263,0.156435619,0.15378096,0.001329993,1,1
11/6/2021,Sheep Station,Black,4,96,0.183247883,0.188344888,0.185796386,0.013552492,1,1
11/6/2021,Sheep Station,White,3,96,0.148731132,0.151967486,0.150349309,0.001463349,1,1
11/7/2021,Sheep Station,Black,4,96,0.177980714,0.187856622,0.182918668,0.013975912,1,1
11/7/2021,Sheep Station,White,3,96,0.145470267,0.151263709,0.148366988,0.002438833,1,1
11/8/2021,Sheep Station,Black,4,96,0.162053645,0.178780023,0.170416834,0.014561202,1,1
11/8/2021,Sheep Station,White,3,96,0.131774654,0.145327384,0.138551019,0.004129709,1,1
11/9/2021,Sheep Station,Black,4,96,0.16228357,0.184845276,0.173564423,0.014349693,1,1
11/9/2021,Sheep Station,White,3,96,0.125467228,0.139319569,0.132393399,0.004163532,1,1
11/10/2021,Sheep Station,Black,4,96,0.182986077,0.193717659,0.188351868,0.015785021,1,1
11/10/2021,Sheep Station,White,3,96,0.13788031,0.152940651,0.145410481,0.001846937,1,1
11/11/2021,Sheep Station,Black,4,96,0.170060124,0.185571019,0.177815571,0.014241975,1,1
11/11/2021,Sheep Station,White,3,96,0.130171701,0.149002726,0.139587214,0.004119959,1,1
11/12/2021,Sheep Station,Black,4,96,0.1738865,0.182522006,0.178204253,0.014616363,1,1
11/12/2021,Sheep Station,White,3,96,0.12811289,0.148293217,0.138203053,0.004914183,1,1
11/13/2021,Sheep Station,Black,4,96,0.180069011,0.185486667,0.182777839,0.014478312,1,1
11/13/2021,Sheep Station,White,3,96,0.146454881,0.15041017,0.148432525,0.004515503,1,1
11/14/2021,Sheep Station,Black,4,96,0.178285453,0.183336124,0.180810789,0.014174134,1,1
11/14/2021,Sheep Station,White,3,96,0.145321652,0.148861274,0.147091463,0.004167873,1,1
11/15/2021,Sheep Station,Black,4,96,0.175874155,0.183043391,0.179458773,0.014461013,1,1
11/15/2021,Sheep Station,White,3,96,0.142329782,0.1473075,0.144818641,0.003840711,1,1
11/16/2021,Sheep Station,Black,4,96,0.170834519,0.179771684,0.175303102,0.014887318,1,1
11/16/2021,Sheep Station,White,3,96,0.139020671,0.145321652,0.142171162,0.004732316,1,1
11/17/2021,Sheep Station,Black,4,96,0.129813246,0.173270386,0.151541816,0.016057242,1,1
11/17/2021,Sheep Station,White,3,96,0.103868273,0.138875137,0.121371705,0.008437566,1,1
11/18/2021,Sheep Station,Black,4,96,0.120237965,0.157723818,0.138980892,0.016379471,1,1
11/18/2021,Sheep Station,White,4,80.25,0.099717429,0.114694266,0.107205847,0.02307408,1,0
11/19/2021,Sheep Station,Black,4,96,0.15307682,0.167073734,0.160075277,0.010871963,1,1
11/19/2021,Sheep Station,White,4,96,0.107579462,0.12526492,0.116422191,0.023377188,1,1
11/20/2021,Sheep Station,Black,4,96,0.167278424,0.201637223,0.184457824,0.014642938,1,1
11/20/2021,Sheep Station,White,4,96,0.125595165,0.165140439,0.145367802,0.023225189,1,1
11/21/2021,Sheep Station,Black,4,96,0.189398047,0.198427983,0.193913015,0.015812692,1,1
11/21/2021,Sheep Station,White,4,96,0.155589249,0.164564878,0.160077063,0.02058709,1,1
11/22/2021,Sheep Station,Black,4,96,0.177235689,0.192047335,0.184641512,0.014030952,1,1
11/22/2021,Sheep Station,White,4,96,0.136855181,0.160625748,0.148740465,0.018083406,1,1
11/23/2021,Sheep Station,Black,4,96,0.154503595,0.182353936,0.168428766,0.013855142,1,1
11/23/2021,Sheep Station,White,4,96,0.099644737,0.142247774,0.120946256,0.01769054,1,1
11/24/2021,Sheep Station,Black,4,96,0.157518141,0.178831685,0.168174913,0.016528842,1,1
11/24/2021,Sheep Station,White,4,96,0.096190639,0.116644235,0.106417437,0.02158111,1,1
11/25/2021,Sheep Station,Black,4,96,0.15423372,0.170604821,0.162419271,0.018168413,1,1
11/25/2021,Sheep Station,White,4,96,0.094901746,0.106954006,0.100927876,0.022506639,1,1
11/26/2021,Sheep Station,Black,4,96,0.149994578,0.168304075,0.159149326,0.019793921,1,1
11/26/2021,Sheep Station,White,4,96,0.091608051,0.106492458,0.099050255,0.022752567,1,1
11/27/2021,Sheep Station,Black,4,96,0.146784237,0.167648178,0.157216207,0.02110374,1,1
11/27/2021,Sheep Station,White,4,96,0.091256274,0.110373477,0.100814875,0.022693461,1,1
11/28/2021,Sheep Station,Black,4,96,0.159754414,0.170269981,0.165012198,0.020637463,1,1
11/28/2021,Sheep Station,White,4,96,0.098361162,0.125489594,0.111925378,0.024821933,1,1
11/29/2021,Sheep Station,Black,4,96,0.157172441,0.16683685,0.162004646,0.020223331,1,1
11/29/2021,Sheep Station,White,4,96,0.103108786,0.134529619,0.118819202,0.024023532,1,1
11/30/2021,Sheep Station,Black,4,96,0.156243853,0.16182236,0.159033107,0.020030067,1,1
11/30/2021,Sheep Station,White,4,96,0.114179397,0.132614931,0.123397164,0.023337546,1,1
12/1/2021,Sheep Station,Black,4,96,0.158017334,0.162477896,0.160247615,0.01931309,1,1
12/1/2021,Sheep Station,White,4,96,0.112894176,0.124987451,0.118940813,0.024621941,1,1
12/2/2021,Sheep Station,Black,4,96,0.157716006,0.164639942,0.161177974,0.019020333,1,1
12/2/2021,Sheep Station,White,4,96,0.12123521,0.148487702,0.134861456,0.025340984,1,1
12/3/2021,Sheep Station,Black,4,96,0.156161863,0.160534181,0.158348022,0.018794572,1,1
12/3/2021,Sheep Station,White,4,96,0.131627049,0.144443415,0.138035232,0.023645604,1,1
12/4/2021,Sheep Station,Black,4,96,0.156464484,0.161567796,0.15901614,0.018924694,1,1
12/4/2021,Sheep Station,White,4,96,0.142607544,0.156444941,0.149526242,0.021475662,1,1
12/5/2021,Sheep Station,Black,4,96,0.142640593,0.156472366,0.149556479,0.019027621,1,1
12/5/2021,Sheep Station,White,4,94,0.114870571,0.145758044,0.130314307,0.021593995,1,0
12/6/2021,Sheep Station,Black,4,96,0.128414724,0.150370385,0.139392555,0.019548803,1,1
12/6/2021,Sheep Station,White,4,95.75,0.092742847,0.11558851,0.104165679,0.021546343,1,0
12/7/2021,Sheep Station,Black,4,96,0.13010277,0.142265609,0.136184189,0.017490036,1,1
12/7/2021,Sheep Station,White,4,96,0.094136748,0.100253612,0.09719518,0.024079861,1,1
12/8/2021,Sheep Station,Black,4,96,0.137612516,0.144492351,0.141052433,0.017899233,1,1
12/8/2021,Sheep Station,White,4,96,0.094598224,0.102205783,0.098402004,0.024350289,1,1
12/9/2021,Sheep Station,Black,4,96,0.103798732,0.136636117,0.120217425,0.018172468,1,1
12/9/2021,Sheep Station,White,4,96,0.083184327,0.093660807,0.088422567,0.022831604,1,1
12/10/2021,Sheep Station,Black,4,96,0.094636278,0.115658639,0.105147459,0.017705951,1,1
12/10/2021,Sheep Station,White,4,96,0.079957006,0.089686567,0.084821787,0.022458017,1,1
12/11/2021,Sheep Station,Black,4,96,0.091720361,0.098512396,0.095116379,0.016897936,1,1
12/11/2021,Sheep Station,White,4,96,0.078995774,0.084359035,0.081677404,0.022400302,1,1
12/12/2021,Sheep Station,Black,4,96,0.096065523,0.102808367,0.099436945,0.016399788,1,1
12/12/2021,Sheep Station,White,4,96,0.082938406,0.088850241,0.085894323,0.022769512,1,1
12/13/2021,Sheep Station,Black,4,96,0.101995537,0.109696895,0.105846216,0.015991521,1,1
12/13/2021,Sheep Station,White,4,96,0.088146135,0.094359387,0.091252761,0.023309539,1,1
12/14/2021,Sheep Station,Black,4,96,0.109810105,0.115256628,0.112533366,0.015549064,1,1
12/14/2021,Sheep Station,White,4,96,0.094359387,0.0981813,0.096270343,0.024020242,1,1
12/15/2021,Sheep Station,Black,4,96,0.115256628,0.11920031,0.117228469,0.015170426,1,1
12/15/2021,Sheep Station,White,4,96,0.0981813,0.100249754,0.099215527,0.024687144,1,1
12/16/2021,Sheep Station,Black,4,96,0.118418476,0.120896799,0.119657638,0.014361485,1,1
12/16/2021,Sheep Station,White,4,96,0.098509016,0.09990266,0.099205838,0.024991676,1,1
12/17/2021,Sheep Station,Black,4,96,0.120896799,0.126021873,0.123459336,0.013523436,1,1
12/17/2021,Sheep Station,White,4,96,0.099547459,0.100011539,0.099779499,0.025171259,1,1
12/18/2021,Sheep Station,Black,4,96,0.125357939,0.128339786,0.126848863,0.013154593,1,1
12/18/2021,Sheep Station,White,4,96,0.098727224,0.099999093,0.099363158,0.025474213,1,1
12/19/2021,Sheep Station,Black,4,96,0.1281181,0.129655696,0.128886898,0.013257691,1,1
12/19/2021,Sheep Station,White,4,96,0.098836193,0.099881917,0.099359055,0.025591856,1,1
12/20/2021,Sheep Station,Black,4,96,0.129433269,0.133265333,0.131349301,0.013433656,1,1
12/20/2021,Sheep Station,White,4,96,0.099300371,0.101025507,0.100162939,0.025775946,1,1
12/21/2021,Sheep Station,Black,4,96,0.130527344,0.133375121,0.131951232,0.013505936,1,1
12/21/2021,Sheep Station,White,4,96,0.099162551,0.100904372,0.100033461,0.026160009,1,1
12/22/2021,Sheep Station,Black,4,96,0.130307496,0.132939091,0.131623293,0.013522405,1,1
12/22/2021,Sheep Station,White,4,96,0.099509569,0.10147127,0.100490419,0.026307976,1,1
12/23/2021,Sheep Station,Black,4,96,0.132939091,0.139228415,0.136083753,0.01344001,1,1
12/23/2021,Sheep Station,White,4,96,0.101363117,0.104802694,0.103082906,0.026361376,1,1
12/24/2021,Sheep Station,Black,4,96,0.139336385,0.145436704,0.142386544,0.013681103,1,1
12/24/2021,Sheep Station,White,4,96,0.104802694,0.107514609,0.106158651,0.027022913,1,1
12/25/2021,Sheep Station,Black,4,96,0.143190134,0.145648047,0.144419091,0.01401128,1,1
12/25/2021,Sheep Station,White,4,96,0.105873557,0.107727222,0.106800389,0.028192812,1,1
12/26/2021,Sheep Station,Black,4,96,0.143607643,0.14563239,0.144620016,0.014633625,1,1
12/26/2021,Sheep Station,White,4,96,0.106442995,0.108355504,0.107399249,0.028905864,1,1
12/27/2021,Sheep Station,Black,4,96,0.138000784,0.144032218,0.141016501,0.015046796,1,1
12/27/2021,Sheep Station,White,4,96,0.105674054,0.107289877,0.106481966,0.030324382,1,1
12/28/2021,Sheep Station,Black,4,96,0.126508225,0.137891179,0.132199702,0.01589174,1,1
12/28/2021,Sheep Station,White,4,96,0.101235311,0.105769016,0.103502164,0.031475993,1,1
12/29/2021,Sheep Station,Black,4,96,0.120983349,0.126504324,0.123743837,0.015878291,1,1
12/29/2021,Sheep Station,White,4,96,0.099605897,0.101235311,0.100420604,0.032163356,1,1
12/30/2021,Sheep Station,Black,4,96,0.120546972,0.122110035,0.121328504,0.014685416,1,1
12/30/2021,Sheep Station,White,4,96,0.100078428,0.101123229,0.100600828,0.0320358,1,1
12/31/2021,Sheep Station,Black,4,96,0.121433187,0.122659443,0.122046315,0.015005505,1,1
12/31/2021,Sheep Station,White,4,85,0.100769788,0.101907138,0.101338463,0.032306092,1,0
1/1/2022,Sheep Station,Black,4,96,0.116289496,0.122655982,0.119472739,0.014794399,1,1
1/1/2022,Sheep Station,White,3,96,0.101212874,0.105002753,0.103107814,0.040214452,1,1
1/2/2022,Sheep Station,Black,4,96,0.112669524,0.116289496,0.11447951,0.014603147,1,1
1/2/2022,Sheep Station,White,3,96,0.0995178,0.101212874,0.100365337,0.041385698,1,1
1/3/2022,Sheep Station,Black,4,96,0.10960206,0.112900831,0.111251445,0.014604952,1,1
1/3/2022,Sheep Station,White,4,83.5,0.094522426,0.096019695,0.09527106,0.034337194,1,0
1/4/2022,Sheep Station,Black,4,96,0.109599231,0.110740013,0.110169622,0.01478681,1,1
1/4/2022,Sheep Station,White,4,95,0.094534921,0.095708692,0.095121806,0.033815771,1,0
1/5/2022,Sheep Station,Black,4,96,0.110740013,0.11278615,0.111763082,0.014662926,1,1
1/5/2022,Sheep Station,White,4,96,0.095708692,0.097215353,0.096462023,0.033801065,1,1
1/6/2022,Sheep Station,Black,4,96,0.112448234,0.114718458,0.113583346,0.014305262,1,1
1/6/2022,Sheep Station,White,4,96,0.097096739,0.098823957,0.097960348,0.034048843,1,1
1/7/2022,Sheep Station,Black,4,96,0.114609307,0.118781494,0.1166954,0.013680234,1,1
1/7/2022,Sheep Station,White,4,96,0.098823957,0.101921249,0.100372603,0.034413132,1,1
1/8/2022,Sheep Station,Black,4,96,0.117661638,0.119800169,0.118730904,0.013081946,1,1
1/8/2022,Sheep Station,White,4,96,0.10073079,0.102445882,0.101588336,0.035518889,1,1
1/9/2022,Sheep Station,Black,4,96,0.11631583,0.118230484,0.117273157,0.013018479,1,1
1/9/2022,Sheep Station,White,4,96,0.100207169,0.101255422,0.100731296,0.036498299,1,1
1/10/2022,Sheep Station,Black,4,96,0.112690588,0.116766216,0.114728402,0.013391959,1,1
1/10/2022,Sheep Station,White,4,96,0.097660068,0.100447318,0.099053693,0.036505438,1,1
1/11/2022,Sheep Station,Black,4,96,0.110299736,0.112690588,0.111495162,0.013836673,1,1
1/11/2022,Sheep Station,White,4,96,0.09607958,0.097660068,0.096869824,0.036139638,1,1
1/12/2022,Sheep Station,Black,4,96,0.10995164,0.111091379,0.110521509,0.014276749,1,1
1/12/2022,Sheep Station,White,4,96,0.09622851,0.097144978,0.096686744,0.035170173,1,1
1/13/2022,Sheep Station,Black,4,96,0.110636322,0.112228962,0.111432642,0.014180402,1,1
1/13/2022,Sheep Station,White,4,96,0.096695192,0.097746218,0.097220705,0.034944568,1,1
1/14/2022,Sheep Station,Black,4,96,0.110752258,0.112344615,0.111548437,0.014065908,1,1
1/14/2022,Sheep Station,White,4,96,0.096801274,0.09785212,0.097326697,0.035150072,1,1
1/15/2022,Sheep Station,Black,4,96,0.111320341,0.11257273,0.111946535,0.014040023,1,1
1/15/2022,Sheep Station,White,4,96,0.097280394,0.098092947,0.097686671,0.034915743,1,1
1/16/2022,Sheep Station,Black,4,96,0.111783618,0.112801036,0.112292327,0.013760696,1,1
1/16/2022,Sheep Station,White,4,96,0.097492293,0.098435896,0.097964094,0.035174571,1,1
1/17/2022,Sheep Station,Black,4,96,0.110752258,0.11257273,0.111662494,0.01403193,1,1
1/17/2022,Sheep Station,White,4,96,0.097025979,0.098194875,0.097610427,0.035286915,1,1
1/18/2022,Sheep Station,Black,4,96,0.111097252,0.11257273,0.111834991,0.013932117,1,1
1/18/2022,Sheep Station,White,4,96,0.097250881,0.098194875,0.097722878,0.035363003,1,1
1/19/2022,Sheep Station,Black,4,96,0.112009009,0.113600612,0.112804811,0.013623716,1,1
1/19/2022,Sheep Station,White,4,96,0.09785212,0.099006603,0.098429361,0.035143249,1,1
1/20/2022,Sheep Station,Black,4,96,0.11303187,0.113937676,0.113484773,0.01361865,1,1
1/20/2022,Sheep Station,White,4,96,0.098647261,0.099217607,0.098932434,0.035514542,1,1
1/21/2022,Sheep Station,Black,4,96,0.113487769,0.114617104,0.114052436,0.013499632,1,1
1/21/2022,Sheep Station,White,4,96,0.09909909,0.099905062,0.099502076,0.035692242,1,1
1/22/2022,Sheep Station,Black,4,96,0.114395497,0.115299065,0.114847281,0.013292479,1,1
1/22/2022,Sheep Station,White,4,96,0.09978693,0.100579137,0.100183033,0.035942524,1,1
1/23/2022,Sheep Station,Black,4,96,0.113943106,0.115187066,0.114565086,0.013269708,1,1
1/23/2022,Sheep Station,White,4,96,0.099642156,0.100460812,0.100051484,0.036246241,1,1
1/24/2022,Sheep Station,Black,4,96,0.113603422,0.114962835,0.114283129,0.013240896,1,1
1/24/2022,Sheep Station,White,4,96,0.099414935,0.100355797,0.099885366,0.036109116,1,1
1/25/2022,Sheep Station,Black,4,96,0.114061428,0.115077639,0.114569534,0.013035461,1,1
1/25/2022,Sheep Station,White,4,96,0.099411048,0.100338796,0.099874922,0.036322684,1,1
1/26/2022,Sheep Station,Black,4,96,0.111232841,0.114176326,0.112704583,0.012822343,1,1
1/26/2022,Sheep Station,White,4,96,0.096886573,0.099292435,0.098089504,0.036124111,1,1
1/27/2022,Sheep Station,Black,4,96,0.10792863,0.111232841,0.109580736,0.012691049,1,1
1/27/2022,Sheep Station,White,4,96,0.094297038,0.096763771,0.095530405,0.034999089,1,1
1/28/2022,Sheep Station,Black,4,96,0.105638465,0.10792863,0.106783547,0.012634059,1,1
1/28/2022,Sheep Station,White,4,96,0.092348043,0.094297038,0.093322541,0.0335961,1,1
1/29/2022,Sheep Station,Black,4,96,0.104484536,0.105863769,0.105174152,0.012868835,1,1
1/29/2022,Sheep Station,White,4,96,0.091565403,0.092829982,0.092197692,0.032610548,1,1
1/30/2022,Sheep Station,Black,4,96,0.103563163,0.105058333,0.104310748,0.01292818,1,1
1/30/2022,Sheep Station,White,4,96,0.09134883,0.09239828,0.091873555,0.031993235,1,1
1/31/2022,Sheep Station,Black,4,96,0.103559563,0.10471198,0.104135771,0.013077071,1,1
1/31/2022,Sheep Station,White,4,96,0.091240405,0.092073554,0.09165698,0.031581464,1,1
2/1/2022,Sheep Station,Black,4,96,0.102410249,0.104480939,0.103445594,0.012987027,1,1
2/1/2022,Sheep Station,White,4,96,0.090541244,0.091830678,0.091185961,0.031607205,1,1
2/2/2022,Sheep Station,Black,4,96,0.102636669,0.103329916,0.102983292,0.013103901,1,1
2/2/2022,Sheep Station,White,4,96,0.090795302,0.09138594,0.091090621,0.031097312,1,1
2/3/2022,Sheep Station,Black,4,96,0.10275072,0.103673426,0.103212073,0.013206343,1,1
2/3/2022,Sheep Station,White,4,96,0.090675917,0.091748009,0.091211963,0.031000207,1,1
2/4/2022,Sheep Station,Black,4,96,0.103103681,0.104708197,0.103905939,0.013036127,1,1
2/4/2022,Sheep Station,White,4,96,0.091157764,0.092337588,0.091747676,0.030831909,1,1
2/5/2022,Sheep Station,Black,4,96,0.104594614,0.106774202,0.105684408,0.013209707,1,1
2/5/2022,Sheep Station,White,4,96,0.092337588,0.094106672,0.09322213,0.030612809,1,1
2/6/2022,Sheep Station,Black,4,96,0.106315583,0.107232252,0.106773918,0.013250502,1,1
2/6/2022,Sheep Station,White,4,96,0.093389448,0.094445968,0.093917708,0.030764264,1,1
2/7/2022,Sheep Station,Black,4,96,0.107002439,0.108377138,0.107689789,0.013228747,1,1
2/7/2022,Sheep Station,White,4,96,0.094323067,0.095130004,0.094726535,0.030985888,1,1
2/8/2022,Sheep Station,Black,4,96,0.105973573,0.107919836,0.106946705,0.013160192,1,1
2/8/2022,Sheep Station,White,4,96,0.093374591,0.094888492,0.094131541,0.031230996,1,1
2/9/2022,Sheep Station,Black,4,96,0.106320843,0.108265879,0.107293361,0.012981064,1,1
2/9/2022,Sheep Station,White,4,96,0.093612397,0.095259253,0.094435825,0.030953407,1,1
2/10/2022,Sheep Station,Black,4,96,0.107349141,0.109174103,0.108261622,0.013196073,1,1
2/10/2022,Sheep Station,White,4,96,0.094661998,0.096064869,0.095363433,0.031090281,1,1
2/11/2022,Sheep Station,Black,4,96,0.109174103,0.111457115,0.110315609,0.013105643,1,1
2/11/2022,Sheep Station,White,4,96,0.096064869,0.097915074,0.096989972,0.031177559,1,1
2/12/2022,Sheep Station,Black,4,96,0.108954145,0.111573052,0.110263598,0.012803045,1,1
2/12/2022,Sheep Station,White,4,96,0.096146306,0.097904103,0.097025204,0.031702905,1,1
2/13/2022,Sheep Station,Black,4,96,0.107693886,0.109639371,0.108666629,0.012890513,1,1
2/13/2022,Sheep Station,White,4,96,0.094862467,0.096613092,0.09573778,0.031861833,1,1
2/14/2022,Sheep Station,Black,4,96,0.107352627,0.109635515,0.108494071,0.012943888,1,1
2/14/2022,Sheep Station,White,4,96,0.09465771,0.096635072,0.095646391,0.031290435,1,1
2/15/2022,Sheep Station,Black,4,96,0.109522959,0.112365521,0.11094424,0.012903001,1,1
2/15/2022,Sheep Station,White,4,96,0.096516747,0.098712318,0.097614532,0.03151315,1,1
2/16/2022,Sheep Station,Black,4,96,0.110777697,0.112253523,0.11151561,0.012798435,1,1
2/16/2022,Sheep Station,White,4,96,0.097759573,0.098819207,0.09828939,0.032017227,1,1
2/17/2022,Sheep Station,Black,4,96,0.109181631,0.111579988,0.11038081,0.012617908,1,1
2/17/2022,Sheep Station,White,4,96,0.096468056,0.09822504,0.097346548,0.032314942,1,1
2/18/2022,Sheep Station,Black,4,96,0.109866673,0.111688798,0.110777736,0.012730159,1,1
2/18/2022,Sheep Station,White,4,96,0.096827501,0.09822504,0.097526271,0.032199553,1,1
2/19/2022,Sheep Station,Black,4,96,0.111121943,0.113615086,0.112368515,0.012651114,1,1
2/19/2022,Sheep Station,White,4,96,0.097866463,0.099949783,0.098908123,0.032418928,1,1
2/20/2022,Sheep Station,Black,4,96,0.11089373,0.113391552,0.112142641,0.012591552,1,1
2/20/2022,Sheep Station,White,4,96,0.097839238,0.099592172,0.098715705,0.032833388,1,1
2/21/2022,Sheep Station,Black,4,96,0.111129951,0.113050001,0.112089976,0.01236277,1,1
2/21/2022,Sheep Station,White,4,96,0.09842257,0.099592172,0.099007371,0.032800914,1,1
2/22/2022,Sheep Station,Black,4,96,0.101667674,0.111240566,0.10645412,0.010195183,1,1
2/22/2022,Sheep Station,White,4,96,0.092852404,0.09842257,0.095637487,0.03266356,1,1
2/23/2022,Sheep Station,Black,4,96,0.096452221,0.101438815,0.098945518,0.007407782,1,1
2/23/2022,Sheep Station,White,4,96,0.089341566,0.09273302,0.091037293,0.032267473,1,1
2/24/2022,Sheep Station,Black,4,96,0.096900653,0.099673837,0.098287245,0.009423933,1,1
2/24/2022,Sheep Station,White,4,96,0.089015514,0.090795302,0.089905408,0.031290843,1,1
2/25/2022,Sheep Station,Black,4,96,0.097353119,0.099556088,0.098454604,0.010051986,1,1
2/25/2022,Sheep Station,White,4,96,0.089379146,0.090686516,0.090032831,0.031071228,1,1
2/26/2022,Sheep Station,Black,4,96,0.099087276,0.101740813,0.100414044,0.01101721,1,1
2/26/2022,Sheep Station,White,4,95.75,0.090218804,0.091881806,0.091050305,0.030640264,1,0
2/27/2022,Sheep Station,Black,4,96,0.098625109,0.101171115,0.099898112,0.010628723,1,1
2/27/2022,Sheep Station,White,4,96,0.090098935,0.091871403,0.090985169,0.030784472,1,1
2/28/2022,Sheep Station,Black,4,96,0.099197907,0.102769703,0.100983805,0.011545162,1,1
2/28/2022,Sheep Station,White,4,96,0.090338578,0.092832472,0.091585525,0.030468397,1,1
3/1/2022,Sheep Station,Black,4,96,0.102774611,0.111635568,0.107205089,0.013613643,1,1
3/1/2022,Sheep Station,White,4,86.75,0.092713377,0.097441006,0.095077191,0.030875669,1,0
3/2/2022,Sheep Station,Black,4,96,0.111745721,0.12588525,0.118815485,0.020573364,1,1
3/2/2022,Sheep Station,White,4,96,0.097441006,0.102422249,0.099931628,0.031525501,1,1
3/3/2022,Sheep Station,Black,4,96,0.126212532,0.160298984,0.143255758,0.030301211,1,1
3/3/2022,Sheep Station,White,4,96,0.102437634,0.115816057,0.109126845,0.031141624,1,1
3/4/2022,Sheep Station,Black,4,96,0.154389612,0.164661927,0.15952577,0.033887507,1,1
3/4/2022,Sheep Station,White,4,96,0.115816057,0.120483754,0.118149905,0.033073277,1,1
3/5/2022,Sheep Station,Black,4,96,0.138832863,0.159245625,0.149039244,0.028204301,1,1
3/5/2022,Sheep Station,White,4,95.75,0.118581718,0.121950062,0.12026589,0.033260339,1,0
3/6/2022,Sheep Station,Black,4,96,0.120446512,0.140882144,0.130664328,0.01894213,1,1
3/6/2022,Sheep Station,White,4,91.25,0.104499964,0.119501445,0.112000705,0.03170317,1,0
3/7/2022,Sheep Station,Black,4,96,0.117864428,0.12425361,0.121059019,0.013818662,1,1
3/7/2022,Sheep Station,White,4,96,0.099809831,0.105647199,0.102728515,0.032169346,1,1
3/8/2022,Sheep Station,Black,4,96,0.108678481,0.121327361,0.115002921,0.014333776,1,1
3/8/2022,Sheep Station,White,4,89,0.09624302,0.103421526,0.099832273,0.030994303,1,0
3/9/2022,Sheep Station,Black,4,96,0.100645689,0.110407231,0.10552646,0.014357277,1,1
3/9/2022,Sheep Station,White,4,88.5,0.088868162,0.096475918,0.09267204,0.029515222,1,0
3/10/2022,Sheep Station,Black,4,96,0.100518795,0.108084451,0.104301623,0.015746826,1,1
3/10/2022,Sheep Station,White,4,88.5,0.087536011,0.092038713,0.089787362,0.029919517,1,0
3/11/2022,Sheep Station,Black,4,96,0.104989441,0.113171548,0.109080494,0.017116582,1,1
3/11/2022,Sheep Station,White,4,92,0.090122608,0.09463076,0.092376684,0.029880291,1,0
3/12/2022,Sheep Station,Black,4,96,0.111706834,0.121336849,0.116521842,0.018296628,1,1
3/12/2022,Sheep Station,White,4,94.5,0.093903902,0.100103602,0.097003752,0.029475524,1,0
3/13/2022,Sheep Station,Black,4,96,0.120672777,0.133887524,0.127280151,0.018914726,1,1
3/13/2022,Sheep Station,White,4,96,0.099171128,0.107588949,0.103380038,0.029030791,1,1
3/14/2022,Sheep Station,Black,4,96,0.133887524,0.14255316,0.138220342,0.019186525,1,1
3/14/2022,Sheep Station,White,4,95.75,0.107588949,0.112621419,0.110105184,0.028431357,1,0
3/15/2022,Sheep Station,Black,4,96,0.142447615,0.173147224,0.157797419,0.03123513,1,1
3/15/2022,Sheep Station,White,4,93.75,0.112502109,0.129923867,0.121212988,0.033823985,1,0
3/16/2022,Sheep Station,Black,4,96,0.154198043,0.208882391,0.181540217,0.042063953,1,1
3/16/2022,Sheep Station,White,4,88.25,0.129932834,0.17305091,0.151491872,0.025357282,1,0
3/17/2022,Sheep Station,Black,4,96,0.183119204,0.25242202,0.217770612,0.068096004,1,1
3/17/2022,Sheep Station,White,4,94.25,0.155289568,0.212840188,0.184064878,0.027863144,1,0
3/18/2022,Sheep Station,Black,4,96,0.203873362,0.249622218,0.22674779,0.065082133,1,1
3/18/2022,Sheep Station,White,4,94.5,0.179517634,0.253304981,0.216411307,0.020981417,1,0
3/19/2022,Sheep Station,Black,4,96,0.209267396,0.267816551,0.238541974,0.033765234,1,1
3/19/2022,Sheep Station,White,4,88,0.206661269,0.239006694,0.222833982,0.017084305,1,0
3/20/2022,Sheep Station,Black,4,96,0.184316996,0.248908583,0.21661279,0.032363376,1,1
3/20/2022,Sheep Station,White,4,96,0.179514721,0.231953509,0.205734115,0.026496834,1,1
3/21/2022,Sheep Station,Black,4,96,0.150176954,0.215830173,0.183003563,0.027082625,1,1
3/21/2022,Sheep Station,White,4,94,0.143597752,0.20646964,0.175033696,0.048861313,1,0
3/22/2022,Sheep Station,Black,4,96,0.150977088,0.183652084,0.167314586,0.02883182,1,1
3/22/2022,Sheep Station,White,4,91,0.146293977,0.219913438,0.183103708,0.088341097,1,0
3/23/2022,Sheep Station,Black,4,96,0.153403461,0.171271872,0.162337666,0.028716701,1,1
3/23/2022,Sheep Station,White,4,96,0.148205074,0.173320854,0.160762964,0.060927539,1,1
3/24/2022,Sheep Station,Black,4,96,0.150485257,0.16508409,0.157784673,0.028594137,1,1
3/24/2022,Sheep Station,White,4,96,0.146623285,0.159021927,0.152822606,0.050344526,1,1
3/25/2022,Sheep Station,Black,4,96,0.146406291,0.160102651,0.153254471,0.027516552,1,1
3/25/2022,Sheep Station,White,4,96,0.142454684,0.152201058,0.147327871,0.047217124,1,1
3/26/2022,Sheep Station,Black,4,96,0.142708717,0.157354496,0.150031607,0.026575649,1,1
3/26/2022,Sheep Station,White,4,86.5,0.139717385,0.147705531,0.143711458,0.044704534,1,0
3/27/2022,Sheep Station,Black,4,96,0.138854196,0.151960181,0.145407189,0.027271973,1,1
3/27/2022,Sheep Station,White,3,96,0.1154175,0.124218225,0.119817863,0.019367243,1,1
3/28/2022,Sheep Station,Black,4,96,0.133158967,0.144906757,0.139032862,0.026345848,1,1
3/28/2022,Sheep Station,White,4,78.25,0.130325349,0.139153659,0.134739504,0.043354922,1,0
3/29/2022,Sheep Station,Black,4,96,0.127417566,0.142896829,0.135157198,0.025318942,1,1
3/29/2022,Sheep Station,White,4,86.75,0.124047831,0.134731583,0.129389707,0.042679839,1,0
3/30/2022,Sheep Station,Black,4,96,0.126036156,0.139451802,0.132743979,0.026142052,1,1
3/30/2022,Sheep Station,White,4,73,0.123025652,0.130365362,0.126695507,0.042305159,1,0
3/31/2022,Sheep Station,Black,4,96,0.121554129,0.136138882,0.128846506,0.02492472,1,1
3/31/2022,Sheep Station,White,4,74,0.115486097,0.124136828,0.119811462,0.035871521,1,0
4/1/2022,Sheep Station,Black,4,96,0.119821988,0.135529496,0.127675742,0.025183222,1,1
4/1/2022,Sheep Station,White,3,96,0.094578922,0.106307822,0.100443372,0.0200995,1,1
4/2/2022,Sheep Station,Black,4,96,0.117634669,0.134690918,0.126162793,0.025633867,1,1
4/2/2022,Sheep Station,White,3,96,0.093840294,0.104293225,0.099066759,0.019622777,1,1
4/3/2022,Sheep Station,Black,4,96,0.116313772,0.129639426,0.122976599,0.027016405,1,1
4/3/2022,Sheep Station,White,3,96,0.091420484,0.101392304,0.096406394,0.020845224,1,1
4/4/2022,Sheep Station,Black,4,96,0.114042981,0.124602553,0.119322767,0.025511747,1,1
4/4/2022,Sheep Station,White,4,72.5,0.10793056,0.113237172,0.110583866,0.037502279,1,0
4/5/2022,Sheep Station,Black,4,96,0.104274238,0.127628427,0.115951332,0.027076862,1,1
4/5/2022,Sheep Station,White,4,73,0.091029807,0.106637381,0.098833594,0.027341008,1,0
4/6/2022,Sheep Station,Black,4,96,0.105665462,0.130350251,0.118007856,0.024488347,1,1
4/6/2022,Sheep Station,White,3,96,0.067624395,0.100427672,0.084026034,0.026494246,1,1
4/7/2022,Sheep Station,Black,4,96,0.110222638,0.130435659,0.120329148,0.025075121,1,1
4/7/2022,Sheep Station,White,3,96,0.082464721,0.099319182,0.090891952,0.024210194,1,1
4/8/2022,Sheep Station,Black,4,96,0.110690845,0.126195846,0.118443346,0.025785311,1,1
4/8/2022,Sheep Station,White,3,96,0.086847711,0.097777816,0.092312764,0.02216644,1,1
4/9/2022,Sheep Station,Black,4,96,0.107464222,0.119638057,0.11355114,0.026387093,1,1
4/9/2022,Sheep Station,White,3,96,0.083832191,0.09217345,0.08800282,0.022152169,1,1
4/10/2022,Sheep Station,Black,4,96,0.104505187,0.113025764,0.108765475,0.025792765,1,1
4/10/2022,Sheep Station,White,4,77,0.093786694,0.103763093,0.098774894,0.036185959,1,0
4/11/2022,Sheep Station,Black,4,96,0.105693523,0.120688617,0.11319107,0.022627777,1,1
4/11/2022,Sheep Station,White,4,85.25,0.097765894,0.105693365,0.101729629,0.043771146,1,0
4/12/2022,Sheep Station,Black,4,96,0.113418054,0.136063617,0.124740835,0.018696019,1,1
4/12/2022,Sheep Station,White,4,96,0.102765808,0.110522497,0.106644152,0.041772772,1,1
4/13/2022,Sheep Station,Black,4,96,0.12132166,0.152978361,0.13715001,0.019555208,1,1
4/13/2022,Sheep Station,White,4,85,0.103884125,0.121612646,0.112748385,0.044891664,1,0
4/14/2022,Sheep Station,Black,4,96,0.132603457,0.154270716,0.143437087,0.028163125,1,1
4/14/2022,Sheep Station,White,3,96,0.099367579,0.128603806,0.113985692,0.025720355,1,1
4/15/2022,Sheep Station,Black,4,96,0.132110743,0.145530924,0.138820834,0.032313266,1,1
4/15/2022,Sheep Station,White,4,73.25,0.122842502,0.139730316,0.131286409,0.039035733,1,0
4/16/2022,Sheep Station,Black,4,96,0.127818668,0.140730454,0.134274561,0.032558838,1,1
4/16/2022,Sheep Station,White,4,73.75,0.116929558,0.132237323,0.12458344,0.043502842,1,0
4/17/2022,Sheep Station,Black,4,96,0.123544039,0.138000052,0.130772046,0.032701729,1,1
4/17/2022,Sheep Station,White,3,96,0.093603974,0.106445258,0.100024616,0.037374904,1,1
4/18/2022,Sheep Station,Black,4,96,0.120751355,0.132478012,0.126614683,0.032870975,1,1
4/18/2022,Sheep Station,White,4,72.25,0.111623353,0.119307465,0.115465409,0.052967781,1,0
4/19/2022,Sheep Station,Black,4,96,0.119094033,0.131077196,0.125085615,0.031286694,1,1
4/19/2022,Sheep Station,White,3,96,0.090300781,0.099490607,0.094895694,0.040030381,1,1
4/20/2022,Sheep Station,Black,4,89,0.118358413,0.130055521,0.124206967,0.032301131,1,0
4/20/2022,Sheep Station,White,3,89,0.087444303,0.09564974,0.091547022,0.043440735,1,0
4/21/2022,Sheep Station,Black,4,18,0.119614948,0.122908907,0.121261927,0.030731458,1,0
4/21/2022,Sheep Station,White,4,17,0.109890219,0.112828465,0.111359342,0.0515342,1,0
4/22/2022,Sheep Station,Black,4,96,0.117678531,0.146542955,0.132110743,0.031276271,1,1
4/22/2022,Sheep Station,White,4,96,0.110156673,0.131490937,0.120823805,0.049766891,1,1
4/23/2022,Sheep Station,Black,4,96,0.133186014,0.144401226,0.13879362,0.030883248,1,1
4/23/2022,Sheep Station,White,4,96,0.118653933,0.127124442,0.122889187,0.050029012,1,1
4/24/2022,Sheep Station,Black,4,96,0.128142204,0.143980756,0.13606148,0.030984276,1,1
4/24/2022,Sheep Station,White,4,96,0.111343534,0.123859817,0.117601675,0.054153244,1,1
4/25/2022,Sheep Station,Black,4,96,0.124608265,0.138608059,0.131608162,0.031213069,1,1
4/25/2022,Sheep Station,White,4,96,0.108686801,0.118095469,0.113391135,0.055411499,1,1
4/26/2022,Sheep Station,Black,4,96,0.122250542,0.12982198,0.126036261,0.031453846,1,1
4/26/2022,Sheep Station,White,4,96,0.107209397,0.112873385,0.110041391,0.055202843,1,1
4/27/2022,Sheep Station,Black,4,96,0.118359948,0.130222518,0.124291233,0.031723283,1,1
4/27/2022,Sheep Station,White,4,96,0.104616074,0.113511662,0.109063868,0.054494652,1,1
4/28/2022,Sheep Station,Black,4,96,0.121480763,0.12951065,0.125495707,0.031187081,1,1
4/28/2022,Sheep Station,White,4,96,0.108063027,0.113042108,0.110552568,0.054409874,1,1
4/29/2022,Sheep Station,Black,4,96,0.121571304,0.158495484,0.140033394,0.032293907,1,1
4/29/2022,Sheep Station,White,4,96,0.109216053,0.135953322,0.122584688,0.053806127,1,1
4/30/2022,Sheep Station,Black,4,96,0.137105145,0.150984174,0.144044659,0.03471452,1,1
4/30/2022,Sheep Station,White,4,96,0.113628929,0.128742197,0.121185563,0.059301064,1,1
5/1/2022,Sheep Station,Black,4,96,0.134605899,0.144517716,0.139561808,0.036946138,1,1
5/1/2022,Sheep Station,White,4,96,0.112919583,0.120169494,0.116544539,0.061865787,1,1
5/2/2022,Sheep Station,Black,4,96,0.130446572,0.138709214,0.134577893,0.037495999,1,1
5/2/2022,Sheep Station,White,4,96,0.110085361,0.116763248,0.113424305,0.060395585,1,1
5/3/2022,Sheep Station,Black,4,96,0.136416234,0.161623998,0.149020116,0.039163887,1,1
5/3/2022,Sheep Station,White,4,96,0.116773102,0.133393595,0.125083348,0.060853341,1,1
5/4/2022,Sheep Station,Black,4,96,0.148998609,0.164260875,0.156629742,0.037618376,1,1
5/4/2022,Sheep Station,White,4,96,0.122727244,0.131903471,0.127315358,0.062101581,1,1
5/5/2022,Sheep Station,Black,4,96,0.142717188,0.155616028,0.149166608,0.037856607,1,1
5/5/2022,Sheep Station,White,4,96,0.118745245,0.126412543,0.122578894,0.061770296,1,1
5/6/2022,Sheep Station,Black,4,96,0.137670081,0.149714446,0.143692263,0.03835287,1,1
5/6/2022,Sheep Station,White,4,96,0.115433811,0.122953393,0.119193602,0.061332594,1,1
5/7/2022,Sheep Station,Black,4,96,0.132686367,0.145281645,0.138984006,0.038344331,1,1
5/7/2022,Sheep Station,White,4,96,0.11135881,0.119560404,0.115459607,0.060720123,1,1
5/8/2022,Sheep Station,Black,4,96,0.127877759,0.137604481,0.13274112,0.038228332,1,1
5/8/2022,Sheep Station,White,4,96,0.1083736,0.114777317,0.111575458,0.059639962,1,1
5/9/2022,Sheep Station,Black,4,96,0.124362791,0.131998271,0.128180531,0.037938943,1,1
5/9/2022,Sheep Station,White,4,96,0.105573844,0.110514104,0.108043974,0.058637663,1,1
5/10/2022,Sheep Station,Black,4,96,0.11947697,0.138262587,0.128869778,0.038046295,1,1
5/10/2022,Sheep Station,White,4,96,0.099584147,0.113374435,0.106479291,0.057801354,1,1
5/11/2022,Sheep Station,Black,4,96,0.123163518,0.137819024,0.130491271,0.037997449,1,1
5/11/2022,Sheep Station,White,4,96,0.10425571,0.114358837,0.109307274,0.058883499,1,1
5/12/2022,Sheep Station,Black,4,96,0.122158771,0.133507969,0.12783337,0.037972594,1,1
5/12/2022,Sheep Station,White,4,96,0.105404283,0.113191074,0.109297678,0.057628657,1,1
5/13/2022,Sheep Station,Black,4,96,0.119486496,0.135179723,0.127333109,0.038586192,1,1
5/13/2022,Sheep Station,White,4,96,0.105653343,0.118583141,0.112118242,0.052366701,1,1
5/14/2022,Sheep Station,Black,4,96,0.117216226,0.131237315,0.12422677,0.039280859,1,1
5/14/2022,Sheep Station,White,4,96,0.108479653,0.117390593,0.112935123,0.049631615,1,1
5/15/2022,Sheep Station,Black,4,96,0.114292596,0.132403966,0.123348281,0.039627381,1,1
5/15/2022,Sheep Station,White,4,96,0.105884748,0.117221596,0.111553172,0.049889621,1,1
5/16/2022,Sheep Station,Black,4,96,0.113235427,0.128526499,0.120880963,0.040639845,1,1
5/16/2022,Sheep Station,White,4,96,0.105199455,0.11510289,0.110151173,0.050739116,1,1
5/17/2022,Sheep Station,Black,4,96,0.10991912,0.127022749,0.118470934,0.041628215,1,1
5/17/2022,Sheep Station,White,4,96,0.100701191,0.111668027,0.106184609,0.05136516,1,1
5/18/2022,Sheep Station,Black,4,96,0.105835276,0.120450882,0.113143079,0.041009418,1,1
5/18/2022,Sheep Station,White,4,96,0.096784213,0.106126723,0.101455468,0.051076994,1,1
5/19/2022,Sheep Station,Black,4,96,0.100682115,0.113369897,0.107026006,0.041129465,1,1
5/19/2022,Sheep Station,White,4,96,0.092101093,0.099622527,0.09586181,0.051868447,1,1
5/20/2022,Sheep Station,Black,4,96,0.098157586,0.110013455,0.10408552,0.04066306,1,1
5/20/2022,Sheep Station,White,4,96,0.090574293,0.097719625,0.094146959,0.051433668,1,1
5/21/2022,Sheep Station,Black,4,96,0.095523763,0.114920251,0.105222007,0.040709465,1,1
5/21/2022,Sheep Station,White,4,96,0.088740124,0.099907286,0.094323705,0.051939204,1,1
5/22/2022,Sheep Station,Black,4,96,0.096287048,0.104216216,0.100251632,0.040653998,1,1
5/22/2022,Sheep Station,White,4,96,0.089513103,0.094715414,0.092114258,0.051325614,1,1
5/23/2022,Sheep Station,Black,4,96,0.093755152,0.112731507,0.10324333,0.041303347,1,1
5/23/2022,Sheep Station,White,4,96,0.088144249,0.099380706,0.093762477,0.051598255,1,1
5/24/2022,Sheep Station,Black,4,96,0.094175924,0.112555133,0.103365528,0.042242245,1,1
5/24/2022,Sheep Station,White,4,96,0.088712447,0.099570697,0.094141572,0.052016068,1,1
5/25/2022,Sheep Station,Black,4,96,0.094837133,0.113283377,0.104060255,0.043073084,1,1
5/25/2022,Sheep Station,White,4,96,0.089602069,0.100529982,0.095066025,0.052904777,1,1
5/26/2022,Sheep Station,Black,4,96,0.092223721,0.11065918,0.10144145,0.043700461,1,1
5/26/2022,Sheep Station,White,4,93.5,0.08866342,0.099716458,0.094189939,0.052896984,1,0
5/27/2022,Sheep Station,Black,4,96,0.090933622,0.10519053,0.098062076,0.042925036,1,1
5/27/2022,Sheep Station,White,4,96,0.085566674,0.098802923,0.092184799,0.050337477,1,1
5/28/2022,Sheep Station,Black,4,96,0.090611873,0.10676915,0.098690512,0.040674092,1,1
5/28/2022,Sheep Station,White,4,96,0.089268797,0.102921262,0.09609503,0.054278791,1,1
5/29/2022,Sheep Station,Black,4,96,0.105585657,0.168176461,0.136881059,0.041028475,1,1
5/29/2022,Sheep Station,White,4,96,0.100618016,0.143241379,0.121929698,0.049519121,1,1
5/30/2022,Sheep Station,Black,4,90,0.157033022,0.175621495,0.166327259,0.038522903,1,0
5/30/2022,Sheep Station,White,4,90,0.134401031,0.146828173,0.140614602,0.04507273,1,0
5/31/2022,Sheep Station,Black,4,95,0.156026844,0.172167111,0.164096978,0.039650958,1,0
5/31/2022,Sheep Station,White,4,85.25,0.129155502,0.138034968,0.133595235,0.048164624,1,0
6/1/2022,Sheep Station,Black,4,96,0.1511216,0.169385327,0.160253463,0.040172824,1,1
6/1/2022,Sheep Station,White,4,94,0.124550045,0.134835422,0.129692733,0.047959066,1,0
6/2/2022,Sheep Station,Black,4,96,0.143848374,0.165799944,0.154824159,0.040268946,1,1
6/2/2022,Sheep Station,White,4,96,0.120874166,0.132955834,0.126915,0.048503337,1,1
6/3/2022,Sheep Station,Black,4,96,0.135188514,0.153841384,0.144514949,0.039260866,1,1
6/3/2022,Sheep Station,White,4,82.75,0.116575647,0.125959143,0.121267395,0.047655389,1,0
6/4/2022,Sheep Station,Black,4,96,0.124973547,0.135583527,0.130278537,0.037772846,1,1
6/4/2022,Sheep Station,White,4,73,0.111857114,0.11660866,0.114232887,0.047870494,1,0
6/5/2022,Sheep Station,Black,4,96,0.120028287,0.172610197,0.146319242,0.040466466,1,1
6/5/2022,Sheep Station,White,4,76.75,0.108941777,0.154141238,0.131541507,0.044283197,1,0
6/6/2022,Sheep Station,Black,4,96,0.160306206,0.254327867,0.207317037,0.046114107,1,1
6/6/2022,Sheep Station,White,4,96,0.142600173,0.19619751,0.169398841,0.053973284,1,1
6/7/2022,Sheep Station,Black,4,96,0.154188002,0.178561904,0.166374953,0.031609225,1,1
6/7/2022,Sheep Station,White,4,96,0.136859633,0.151981393,0.144420513,0.043739515,1,1
6/8/2022,Sheep Station,Black,4,96,0.145339917,0.156873034,0.151106476,0.030456796,1,1
6/8/2022,Sheep Station,White,4,96,0.132113846,0.139981316,0.136047581,0.043258781,1,1
6/9/2022,Sheep Station,Black,4,96,0.138709506,0.160805523,0.149757515,0.030255281,1,1
6/9/2022,Sheep Station,White,4,93,0.127685327,0.141117183,0.134401255,0.044094493,1,0
6/10/2022,Sheep Station,Black,4,96,0.129161505,0.148533443,0.138847474,0.02956492,1,1
6/10/2022,Sheep Station,White,4,87.5,0.121394617,0.134564485,0.127979551,0.044233604,1,0
6/11/2022,Sheep Station,Black,4,96,0.120443396,0.138310477,0.129376937,0.029034769,1,1
6/11/2022,Sheep Station,White,4,80,0.116553461,0.128256932,0.122405197,0.044681885,1,0
6/12/2022,Sheep Station,Black,4,96,0.116083451,0.182569787,0.149326619,0.030483769,1,1
6/12/2022,Sheep Station,White,4,82.75,0.115611458,0.164848329,0.140229894,0.045138832,1,0
6/13/2022,Sheep Station,Black,4,96,0.161588609,0.175840426,0.168714518,0.031625934,1,1
6/13/2022,Sheep Station,White,4,93,0.144358253,0.157287268,0.150822761,0.04298026,1,0
6/14/2022,Sheep Station,Black,4,96,0.153987588,0.173012834,0.163500211,0.030161918,1,1
6/14/2022,Sheep Station,White,4,96,0.138106704,0.151851991,0.144979347,0.042788113,1,1
6/15/2022,Sheep Station,Black,4,96,0.146609778,0.166475169,0.156542473,0.029791545,1,1
6/15/2022,Sheep Station,White,4,95.25,0.13358386,0.146496849,0.140040355,0.04267025,1,0
6/16/2022,Sheep Station,Black,4,96,0.137589637,0.161166787,0.149378212,0.029915014,1,1
6/16/2022,Sheep Station,White,4,87.25,0.128519231,0.143218128,0.13586868,0.043103126,1,0
6/17/2022,Sheep Station,Black,4,96,0.126477474,0.145803565,0.13614052,0.029573532,1,1
6/17/2022,Sheep Station,White,4,84.25,0.120017843,0.133970315,0.126994079,0.043433441,1,0
6/18/2022,Sheep Station,Black,4,96,0.116798831,0.138498945,0.127648888,0.029840057,1,1
6/18/2022,Sheep Station,White,4,82.25,0.112512807,0.126736334,0.11962457,0.044787001,1,0
6/19/2022,Sheep Station,Black,4,96,0.107300561,0.126863765,0.117082163,0.029387933,1,1
6/19/2022,Sheep Station,White,4,84.75,0.10570133,0.118275996,0.111988663,0.045214241,1,0
6/20/2022,Sheep Station,Black,4,96,0.102004798,0.114673942,0.10833937,0.030191611,1,1
6/20/2022,Sheep Station,White,4,85.5,0.10217195,0.114329202,0.108250576,0.044207736,1,0
6/21/2022,Sheep Station,Black,4,96,0.105863879,0.132826554,0.119345216,0.028267435,1,1
6/21/2022,Sheep Station,White,4,84.75,0.109798092,0.125272451,0.117535272,0.043107908,1,0
6/22/2022,Sheep Station,Black,4,96,0.104953315,0.128231006,0.11659216,0.028137513,1,1
6/22/2022,Sheep Station,White,4,86.25,0.106051598,0.121588554,0.113820076,0.043501734,1,0
6/23/2022,Sheep Station,Black,4,96,0.099517781,0.120153716,0.109835749,0.028287743,1,1
6/23/2022,Sheep Station,White,4,82,0.09989221,0.114462264,0.107177237,0.044951387,1,0
6/24/2022,Sheep Station,Black,4,96,0.091240447,0.111391328,0.101315888,0.028031245,1,1
6/24/2022,Sheep Station,White,4,77.25,0.094547094,0.106712576,0.100629835,0.047220074,1,0
6/25/2022,Sheep Station,Black,4,96,0.086070663,0.104907462,0.095489063,0.027421791,1,1
6/25/2022,Sheep Station,White,4,87.5,0.087880142,0.100620207,0.094250175,0.04547104,1,0
6/26/2022,Sheep Station,Black,4,96,0.081929198,0.104121946,0.093025572,0.026842153,1,1
6/26/2022,Sheep Station,White,4,81,0.084990257,0.099080379,0.092035318,0.046223354,1,0
6/27/2022,Sheep Station,Black,4,96,0.075334174,0.097312443,0.086323308,0.026489673,1,1
6/27/2022,Sheep Station,White,4,82,0.081013096,0.095666558,0.088339827,0.045194203,1,0
6/28/2022,Sheep Station,Black,4,61,0.070368291,0.087720655,0.079044473,0.02597345,1,0
6/28/2022,Sheep Station,White,4,49.5,0.07810194,0.088910365,0.083506152,0.043315753,1,0
9/21/2022,Sheep Station,Black,3,37,0.055874654,0.246837179,0.151355917,0.013452825,1,0
9/21/2022,Sheep Station,White,4,37,0.068663951,0.209221307,0.138942629,0.019906385,1,0
9/22/2022,Sheep Station,Black,3,96,0.194321722,0.246624529,0.220473126,0.011501234,1,1
9/22/2022,Sheep Station,White,4,96,0.176748425,0.20890839,0.192828408,0.026186722,1,1
9/23/2022,Sheep Station,Black,3,96,0.166858832,0.194456289,0.180657561,0.006771766,1,1
9/23/2022,Sheep Station,White,4,96,0.159694102,0.177973647,0.168833874,0.023055834,1,1
9/24/2022,Sheep Station,Black,3,96,0.154317642,0.176955183,0.165636413,0.006564602,1,1
9/24/2022,Sheep Station,White,4,96,0.150320001,0.165763561,0.158041781,0.021760406,1,1
9/25/2022,Sheep Station,Black,3,96,0.146718875,0.168761492,0.157740183,0.006732852,1,1
9/25/2022,Sheep Station,White,4,96,0.144401208,0.159104582,0.151752895,0.021144242,1,1
9/26/2022,Sheep Station,Black,3,96,0.1404343,0.161929871,0.151182085,0.007622825,1,1
9/26/2022,Sheep Station,White,4,96,0.139380218,0.153800007,0.146590113,0.020836149,1,1
9/27/2022,Sheep Station,Black,3,96,0.135238002,0.155692716,0.145465359,0.008424838,1,1
9/27/2022,Sheep Station,White,4,96,0.134525647,0.148560505,0.141543076,0.020245185,1,1
9/28/2022,Sheep Station,Black,3,96,0.132470762,0.150651753,0.141561257,0.00893338,1,1
9/28/2022,Sheep Station,White,4,96,0.131583447,0.144113099,0.137848273,0.019968055,1,1
9/29/2022,Sheep Station,Black,3,96,0.126607584,0.140418803,0.133513194,0.009319258,1,1
9/29/2022,Sheep Station,White,4,96,0.12634379,0.136726895,0.131535343,0.018775817,1,1
9/30/2022,Sheep Station,Black,3,96,0.122763845,0.134207075,0.12848546,0.009486767,1,1
9/30/2022,Sheep Station,White,4,96,0.122259552,0.13042648,0.126343016,0.018063396,1,1
10/1/2022,Sheep Station,Black,3,96,0.121572201,0.134651323,0.128111762,0.009251922,1,1
10/1/2022,Sheep Station,White,4,96,0.120805226,0.129564881,0.125185054,0.017844391,1,1
10/2/2022,Sheep Station,Black,3,96,0.119043492,0.133343607,0.126193549,0.009034715,1,1
10/2/2022,Sheep Station,White,4,96,0.11881627,0.128801702,0.123808986,0.01722705,1,1
10/3/2022,Sheep Station,Black,3,96,0.118292212,0.138547967,0.12842009,0.009431243,1,1
10/3/2022,Sheep Station,White,4,96,0.118254064,0.132090162,0.125172113,0.017249806,1,1
10/4/2022,Sheep Station,Black,3,96,0.11753537,0.136958246,0.127246808,0.009911998,1,1
10/4/2022,Sheep Station,White,4,96,0.117361054,0.130775522,0.124068288,0.017164073,1,1
10/5/2022,Sheep Station,Black,3,96,0.11617964,0.134771337,0.125475489,0.010730895,1,1
10/5/2022,Sheep Station,White,4,96,0.116235726,0.12935785,0.122796788,0.017007607,1,1
10/6/2022,Sheep Station,Black,3,96,0.113610653,0.131277678,0.122444165,0.011134486,1,1
10/6/2022,Sheep Station,White,4,96,0.114212252,0.126723969,0.120468111,0.01668034,1,1
10/7/2022,Sheep Station,Black,3,96,0.110578756,0.128192989,0.119385872,0.011664414,1,1
10/7/2022,Sheep Station,White,4,96,0.11251696,0.124076569,0.118296765,0.016444528,1,1
10/8/2022,Sheep Station,Black,3,96,0.106311679,0.123614304,0.114962991,0.011968328,1,1
10/8/2022,Sheep Station,White,4,96,0.108891111,0.120632811,0.114761961,0.015994585,1,1
10/9/2022,Sheep Station,Black,3,96,0.102622775,0.120940444,0.11178161,0.012259605,1,1
10/9/2022,Sheep Station,White,4,96,0.106144298,0.118399721,0.112272009,0.015910145,1,1
10/10/2022,Sheep Station,Black,3,96,0.099370025,0.116598397,0.107984211,0.012849737,1,1
10/10/2022,Sheep Station,White,4,96,0.103510285,0.115139905,0.109325095,0.015647164,1,1
10/11/2022,Sheep Station,Black,3,96,0.095956226,0.114488905,0.105222565,0.012973414,1,1
10/11/2022,Sheep Station,White,4,96,0.100975389,0.113675876,0.107325632,0.01540274,1,1
10/12/2022,Sheep Station,Black,3,96,0.09408401,0.111769694,0.102926852,0.013026868,1,1
10/12/2022,Sheep Station,White,4,96,0.099581314,0.111521685,0.1055515,0.015507535,1,1
10/13/2022,Sheep Station,Black,3,96,0.090625947,0.109029757,0.099827852,0.013645428,1,1
10/13/2022,Sheep Station,White,4,96,0.097259503,0.10936171,0.103310606,0.015382096,1,1
10/14/2022,Sheep Station,Black,3,96,0.087783637,0.106429579,0.097106608,0.01406331,1,1
10/14/2022,Sheep Station,White,4,96,0.095397115,0.107309533,0.101353324,0.015178776,1,1
10/15/2022,Sheep Station,Black,3,96,0.086994556,0.101515755,0.094255156,0.014079803,1,1
10/15/2022,Sheep Station,White,4,96,0.094691673,0.104661774,0.099676724,0.015508758,1,1
10/16/2022,Sheep Station,Black,3,96,0.084769477,0.103201558,0.093985518,0.014540695,1,1
10/16/2022,Sheep Station,White,4,96,0.093286391,0.104781248,0.09903382,0.015380149,1,1
10/17/2022,Sheep Station,Black,3,96,0.081904215,0.100734949,0.091319582,0.014633362,1,1
10/17/2022,Sheep Station,White,4,96,0.090814574,0.103173703,0.096994138,0.01536006,1,1
10/18/2022,Sheep Station,Black,3,96,0.079817168,0.098254524,0.089035846,0.0150517,1,1
10/18/2022,Sheep Station,White,4,96,0.089281471,0.10109273,0.095187101,0.015399284,1,1
10/19/2022,Sheep Station,Black,3,96,0.077408264,0.095446989,0.086427627,0.015425926,1,1
10/19/2022,Sheep Station,White,4,96,0.087388624,0.099125203,0.093256913,0.015327743,1,1
10/20/2022,Sheep Station,Black,3,96,0.073851227,0.092321152,0.08308619,0.015751426,1,1
10/20/2022,Sheep Station,White,4,96,0.085257202,0.096561592,0.090909397,0.01527271,1,1
10/21/2022,Sheep Station,Black,3,96,0.072399825,0.086966482,0.079683154,0.015711352,1,1
10/21/2022,Sheep Station,White,4,96,0.084183335,0.093408149,0.088795742,0.015233316,1,1
10/22/2022,Sheep Station,Black,3,96,0.076283964,0.166615615,0.12144979,0.020479066,1,1
10/22/2022,Sheep Station,White,4,96,0.086552244,0.157298068,0.121925156,0.022304133,1,1
10/23/2022,Sheep Station,Black,3,96,0.168086797,0.189353898,0.178720348,0.027628603,1,1
10/23/2022,Sheep Station,White,4,96,0.156660363,0.171924002,0.164292183,0.030413289,1,1
10/24/2022,Sheep Station,Black,3,96,0.147344559,0.177222118,0.162283339,0.020104876,1,1
10/24/2022,Sheep Station,White,4,87,0.130354505,0.162307963,0.146331234,0.024927478,1,0
10/25/2022,Sheep Station,Black,3,96,0.157431309,0.173227971,0.16532964,0.01387793,1,1
10/25/2022,Sheep Station,White,3,96,0.138428951,0.150972292,0.144700622,0.015718313,1,1
10/26/2022,Sheep Station,Black,3,96,0.150187815,0.159385865,0.15478684,0.012090389,1,1
10/26/2022,Sheep Station,White,3,96,0.13220158,0.141353036,0.136777308,0.01513689,1,1
10/27/2022,Sheep Station,Black,4,85.75,0.091636153,0.143563127,0.11759964,0.047078235,1,0
10/27/2022,Sheep Station,White,4,85.75,0.124934504,0.144232251,0.134583377,0.020414203,1,0
10/28/2022,Sheep Station,Black,4,96,0.1174985,0.147301856,0.132400178,0.015945903,1,1
10/28/2022,Sheep Station,White,4,96,0.111172173,0.145767815,0.128469994,0.01902239,1,1
10/29/2022,Sheep Station,Black,4,96,0.123648928,0.146140113,0.134894521,0.01564739,1,1
10/29/2022,Sheep Station,White,4,96,0.115058878,0.144080263,0.129569571,0.017986466,1,1
10/30/2022,Sheep Station,Black,4,96,0.122206058,0.142089799,0.132147929,0.015440786,1,1
10/30/2022,Sheep Station,White,4,96,0.113714524,0.14055365,0.127134087,0.017636112,1,1
10/31/2022,Sheep Station,Black,4,96,0.128844043,0.142098982,0.135471513,0.015345535,1,1
10/31/2022,Sheep Station,White,4,96,0.131552368,0.140224135,0.135888251,0.017017702,1,1
11/1/2022,Sheep Station,Black,4,96,0.127966452,0.139192093,0.133579273,0.015371747,1,1
11/1/2022,Sheep Station,White,4,96,0.130908411,0.138940727,0.134924569,0.016578528,1,1
11/2/2022,Sheep Station,Black,4,96,0.122760911,0.129504282,0.126132596,0.015530439,1,1
11/2/2022,Sheep Station,White,4,96,0.126613757,0.131878618,0.129246187,0.01680205,1,1
11/3/2022,Sheep Station,Black,4,96,0.115589328,0.129499419,0.122544373,0.01570452,1,1
11/3/2022,Sheep Station,White,4,96,0.117453037,0.129253425,0.123353231,0.017295271,1,1
11/4/2022,Sheep Station,Black,4,96,0.114911996,0.1230751,0.118993548,0.016074852,1,1
11/4/2022,Sheep Station,White,4,96,0.109389776,0.124618659,0.117004218,0.017914784,1,1
11/5/2022,Sheep Station,Black,4,96,0.122632047,0.230635367,0.176633707,0.025770068,1,1
11/5/2022,Sheep Station,White,4,96,0.124626841,0.158355966,0.141491404,0.025889418,1,1
11/6/2022,Sheep Station,Black,4,96,0.106447076,0.197301,0.151874038,0.023549246,1,1
11/6/2022,Sheep Station,White,4,96,0.094383579,0.162401769,0.128392674,0.023830712,1,1
11/7/2022,Sheep Station,Black,4,96,0.178099092,0.223064527,0.20058181,0.026150741,1,1
11/7/2022,Sheep Station,White,4,96,0.149006495,0.210149821,0.179578158,0.018199334,1,1
11/8/2022,Sheep Station,Black,4,96,0.204335816,0.210463669,0.207399743,0.026400807,1,1
11/8/2022,Sheep Station,White,4,96,0.187402423,0.19189816,0.189650292,0.018744927,1,1
11/9/2022,Sheep Station,Black,4,96,0.20538716,0.208503939,0.20694555,0.024233999,1,1
11/9/2022,Sheep Station,White,4,96,0.185430091,0.188755196,0.187092643,0.019685512,1,1
11/10/2022,Sheep Station,Black,4,96,0.201535702,0.207039151,0.204287427,0.023982979,1,1
11/10/2022,Sheep Station,White,4,96,0.18294505,0.187373612,0.185159331,0.020354536,1,1
11/11/2022,Sheep Station,Black,4,96,0.187247138,0.201554257,0.194400698,0.023420855,1,1
11/11/2022,Sheep Station,White,4,96,0.173433393,0.182838105,0.178135749,0.021531085,1,1
11/12/2022,Sheep Station,Black,4,96,0.174323298,0.188068595,0.181195946,0.022878684,1,1
11/12/2022,Sheep Station,White,4,96,0.164974123,0.173330754,0.169152439,0.023007735,1,1
11/13/2022,Sheep Station,Black,4,96,0.160307799,0.174762782,0.16753529,0.022231626,1,1
11/13/2022,Sheep Station,White,4,96,0.153752849,0.165181238,0.159467043,0.024236304,1,1
11/14/2022,Sheep Station,Black,4,96,0.147869596,0.163827036,0.155848316,0.022000025,1,1
11/14/2022,Sheep Station,White,4,96,0.144186791,0.158139244,0.151163017,0.025607088,1,1
11/15/2022,Sheep Station,Black,4,96,0.127429483,0.147655167,0.137542325,0.022591315,1,1
11/15/2022,Sheep Station,White,4,96,0.127297036,0.143855074,0.135576055,0.028079837,1,1
11/16/2022,Sheep Station,Black,4,96,0.119354961,0.127790824,0.123572893,0.022001145,1,1
11/16/2022,Sheep Station,White,4,96,0.121384555,0.128096409,0.124740482,0.02793505,1,1
11/17/2022,Sheep Station,Black,4,96,0.10952352,0.123083666,0.116303593,0.021369551,1,1
11/17/2022,Sheep Station,White,4,96,0.110755598,0.124432338,0.117593968,0.026051876,1,1
11/18/2022,Sheep Station,Black,4,96,0.089605354,0.10894803,0.099276692,0.01943529,1,1
11/18/2022,Sheep Station,White,4,96,0.09387579,0.110183656,0.102029723,0.023036639,1,1
11/19/2022,Sheep Station,Black,4,96,0.083473405,0.091060549,0.087266977,0.015055965,1,1
11/19/2022,Sheep Station,White,4,90.25,0.089400403,0.097683141,0.093541772,0.016279901,1,0
11/20/2022,Sheep Station,Black,4,96,0.081100842,0.088368762,0.084734802,0.013944578,1,1
11/20/2022,Sheep Station,White,4,89.5,0.08765731,0.094606489,0.0911319,0.013691652,1,0
11/21/2022,Sheep Station,Black,4,96,0.081105117,0.088730801,0.084917959,0.013616936,1,1
11/21/2022,Sheep Station,White,4,89.5,0.087433329,0.095085576,0.091259453,0.013009512,1,0
11/22/2022,Sheep Station,Black,4,96,0.082184862,0.089680219,0.085932541,0.013412153,1,1
11/22/2022,Sheep Station,White,4,96,0.088141171,0.095440362,0.091790766,0.012975911,1,1
11/23/2022,Sheep Station,Black,4,96,0.086116347,0.093441796,0.089779072,0.013559781,1,1
11/23/2022,Sheep Station,White,4,96,0.091804016,0.098581666,0.095192841,0.01299908,1,1
11/24/2022,Sheep Station,Black,4,96,0.084449559,0.091910589,0.088180074,0.013729103,1,1
11/24/2022,Sheep Station,White,4,94.5,0.090038324,0.097303046,0.093670685,0.012916588,1,0
11/25/2022,Sheep Station,Black,4,96,0.083493784,0.091323305,0.087408544,0.013750647,1,1
11/25/2022,Sheep Station,White,4,95.5,0.089212624,0.096144149,0.092678387,0.012681152,1,0
11/26/2022,Sheep Station,Black,4,96,0.088593811,0.095070189,0.091832,0.01417859,1,1
11/26/2022,Sheep Station,White,4,96,0.093100725,0.099397667,0.096249196,0.012792662,1,1
11/27/2022,Sheep Station,Black,4,96,0.093310956,0.096007321,0.094659138,0.013969375,1,1
11/27/2022,Sheep Station,White,4,96,0.097288826,0.100197282,0.098743054,0.013737942,1,1
11/28/2022,Sheep Station,Black,4,96,0.091435878,0.095543809,0.093489843,0.013734905,1,1
11/28/2022,Sheep Station,White,4,96,0.096244562,0.099845853,0.098045208,0.013689837,1,1
11/29/2022,Sheep Station,Black,4,96,0.085656554,0.092496818,0.089076686,0.013279053,1,1
11/29/2022,Sheep Station,White,4,92.75,0.091440432,0.096941248,0.09419084,0.013603694,1,0
11/30/2022,Sheep Station,Black,4,96,0.087909622,0.09263481,0.090272216,0.012716929,1,1
11/30/2022,Sheep Station,White,4,96,0.093563775,0.097412918,0.095488346,0.013204814,1,1
12/1/2022,Sheep Station,Black,4,96,0.092518967,0.097311679,0.094915323,0.012505762,1,1
12/1/2022,Sheep Station,White,4,82.25,0.097300362,0.101579005,0.099439683,0.013619491,1,0
12/2/2022,Sheep Station,Black,4,96,0.096377706,0.098128762,0.097253234,0.0125991,1,1
12/2/2022,Sheep Station,White,4,96,0.100882635,0.10204055,0.101461592,0.0141186,1,1
12/3/2022,Sheep Station,Black,4,96,0.094272027,0.096725557,0.095498792,0.012801917,1,1
12/3/2022,Sheep Station,White,4,96,0.098679272,0.100882635,0.099780953,0.014148887,1,1
12/4/2022,Sheep Station,Black,4,96,0.093333939,0.098243378,0.095788659,0.012698373,1,1
12/4/2022,Sheep Station,White,4,96,0.097867109,0.102381004,0.100124056,0.01421225,1,1
12/5/2022,Sheep Station,Black,4,96,0.098243378,0.101723729,0.099983553,0.012554047,1,1
12/5/2022,Sheep Station,White,4,96,0.10226316,0.105357427,0.103810294,0.014876964,1,1
12/6/2022,Sheep Station,Black,4,96,0.100566387,0.102417441,0.101491914,0.012494995,1,1
12/6/2022,Sheep Station,White,4,96,0.104439603,0.105920712,0.105180157,0.01545077,1,1
12/7/2022,Sheep Station,Black,4,96,0.101492673,0.103576181,0.102534427,0.012322017,1,1
12/7/2022,Sheep Station,White,4,96,0.105001731,0.106719503,0.105860617,0.015835703,1,1
12/8/2022,Sheep Station,Black,4,96,0.101148318,0.103572117,0.102360218,0.012365884,1,1
12/8/2022,Sheep Station,White,4,96,0.10430475,0.106595606,0.105450178,0.016215928,1,1
12/9/2022,Sheep Station,Black,4,96,0.103459189,0.107477872,0.10546853,0.012270328,1,1
12/9/2022,Sheep Station,White,4,96,0.106485724,0.10920904,0.107847382,0.016560708,1,1
12/10/2022,Sheep Station,Black,4,96,0.107365502,0.111009793,0.109187648,0.01231165,1,1
12/10/2022,Sheep Station,White,4,96,0.109092819,0.111804189,0.110448504,0.017495615,1,1
12/11/2022,Sheep Station,Black,4,96,0.11112554,0.119567363,0.115346451,0.012769418,1,1
12/11/2022,Sheep Station,White,4,96,0.111917399,0.117179228,0.114548313,0.018748205,1,1
12/12/2022,Sheep Station,Black,4,96,0.119675787,0.129159197,0.124417492,0.014653282,1,1
12/12/2022,Sheep Station,White,4,96,0.117290672,0.123886431,0.120588551,0.021336825,1,1
12/13/2022,Sheep Station,Black,4,96,0.129377317,0.134074835,0.131726076,0.016106798,1,1
12/13/2022,Sheep Station,White,4,96,0.123656444,0.127311865,0.125484155,0.024764346,1,1
12/14/2022,Sheep Station,Black,4,96,0.130600793,0.13363016,0.132115477,0.016021953,1,1
12/14/2022,Sheep Station,White,4,96,0.124550957,0.126955204,0.12575308,0.026577864,1,1
12/15/2022,Sheep Station,Black,4,96,0.128658297,0.130934766,0.129796531,0.014470854,1,1
12/15/2022,Sheep Station,White,4,96,0.123145344,0.124994427,0.124069885,0.025711441,1,1
12/16/2022,Sheep Station,Black,4,96,0.123269744,0.128658297,0.12596402,0.012931603,1,1
12/16/2022,Sheep Station,White,4,96,0.119539237,0.123035917,0.121287577,0.024145021,1,1
12/17/2022,Sheep Station,Black,4,96,0.122726971,0.124055557,0.123391264,0.011539402,1,1
12/17/2022,Sheep Station,White,4,96,0.119337313,0.120227456,0.119782384,0.02251687,1,1
12/18/2022,Sheep Station,Black,4,96,0.123510962,0.125956355,0.124733659,0.010818537,1,1
12/18/2022,Sheep Station,White,4,96,0.120121729,0.122454019,0.121287874,0.022533348,1,1
12/19/2022,Sheep Station,Black,4,96,0.12529394,0.126400989,0.125847464,0.010467905,1,1
12/19/2022,Sheep Station,White,4,96,0.121778758,0.122999623,0.122389191,0.02293877,1,1
12/20/2022,Sheep Station,Black,4,96,0.121854741,0.12529394,0.123574341,0.01028588,1,1
12/20/2022,Sheep Station,White,4,96,0.119472058,0.121778758,0.120625408,0.022289467,1,1
12/21/2022,Sheep Station,Black,4,96,0.113190291,0.121966554,0.117578423,0.010312317,1,1
12/21/2022,Sheep Station,White,4,95.75,0.107243221,0.119702799,0.11347301,0.019584575,1,0
12/22/2022,Sheep Station,Black,4,96,0.082485635,0.112737872,0.097611753,0.008074909,1,1
12/22/2022,Sheep Station,White,3,96,0.079304397,0.099953845,0.089629121,0.008616006,1,1
12/23/2022,Sheep Station,Black,4,96,0.08163793,0.084490729,0.08306433,0.010784599,1,1
12/23/2022,Sheep Station,White,3,96,0.079305172,0.083299165,0.081302168,0.001559269,1,1
12/24/2022,Sheep Station,Black,4,96,0.084370179,0.088519111,0.086444645,0.011561508,1,1
12/24/2022,Sheep Station,White,4,88.5,0.088191204,0.092552867,0.090372035,0.009928348,1,0
12/25/2022,Sheep Station,Black,4,96,0.088399144,0.092288468,0.090343806,0.011955567,1,1
12/25/2022,Sheep Station,White,4,96,0.092319926,0.096406188,0.094363057,0.010313798,1,1
12/26/2022,Sheep Station,Black,4,96,0.091941079,0.095452551,0.093696815,0.011876208,1,1
12/26/2022,Sheep Station,White,4,96,0.095012318,0.09953952,0.097275919,0.010780367,1,1
12/27/2022,Sheep Station,Black,4,96,0.094066247,0.097571481,0.095818864,0.010852288,1,1
12/27/2022,Sheep Station,White,4,80.75,0.09699039,0.12859487,0.11279263,0.025023371,1,0
12/28/2022,Sheep Station,Black,4,96,0.097340241,0.101634856,0.099487549,0.010663784,1,1
12/28/2022,Sheep Station,White,4,86.75,0.119356649,0.131651083,0.125503866,0.03519909,1,0
12/29/2022,Sheep Station,Black,4,96,0.098163003,0.100952301,0.099557652,0.010001114,1,1
12/29/2022,Sheep Station,White,4,96,0.107968604,0.123820191,0.115894398,0.018763641,1,1
12/30/2022,Sheep Station,Black,4,96,0.098277451,0.100366222,0.099321837,0.010328386,1,1
12/30/2022,Sheep Station,White,4,84.5,0.108402619,0.11079229,0.109597455,0.011767551,1,0
12/31/2022,Sheep Station,Black,4,96,0.100366222,0.104994627,0.102680424,0.009908402,1,1
12/31/2022,Sheep Station,White,3,96,0.105416492,0.10756361,0.106490051,0.009767585,1,1
1/1/2023,Sheep Station,Black,4,96,0.103852481,0.106491866,0.105172173,0.00896896,1,1
1/1/2023,Sheep Station,White,4,72.5,0.110286202,0.113253368,0.111769785,0.014171199,1,0
1/2/2023,Sheep Station,Black,4,96,0.102106936,0.105228424,0.10366768,0.009650483,1,1
1/2/2023,Sheep Station,White,3,96,0.100374895,0.103457684,0.10191629,0.006482464,1,1
1/3/2023,Sheep Station,Black,4,96,0.10257042,0.103955343,0.103262882,0.009897911,1,1
1/3/2023,Sheep Station,White,3,96,0.100215646,0.101297257,0.100756451,0.00704174,1,1
1/4/2023,Sheep Station,Black,4,96,0.1028067,0.103841325,0.103324013,0.009633774,1,1
1/4/2023,Sheep Station,White,4,81.5,0.105749762,0.107113188,0.106431475,0.013110365,1,0
1/5/2023,Sheep Station,Black,4,96,0.103151064,0.1061437,0.104647382,0.009566602,1,1
1/5/2023,Sheep Station,White,3,96,0.100216789,0.102530055,0.101373422,0.006982671,1,1
1/6/2023,Sheep Station,Black,4,96,0.106027666,0.111169867,0.108598767,0.009465862,1,1
1/6/2023,Sheep Station,White,3,96,0.102530055,0.105757202,0.104143628,0.006826054,1,1
1/7/2023,Sheep Station,Black,4,96,0.111169867,0.115934247,0.113552057,0.008955104,1,1
1/7/2023,Sheep Station,White,4,73.25,0.111681473,0.116375009,0.114028241,0.014366768,1,0
1/8/2023,Sheep Station,Black,4,96,0.115487427,0.117739303,0.116613365,0.00816606,1,1
1/8/2023,Sheep Station,White,4,93.25,0.114693066,0.116818491,0.115755779,0.01567698,1,0
1/9/2023,Sheep Station,Black,4,96,0.117397336,0.119866181,0.118631759,0.008509262,1,1
1/9/2023,Sheep Station,White,4,83.5,0.10859357,0.118033955,0.113313762,0.009528681,1,0
1/10/2023,Sheep Station,Black,4,96,0.119753439,0.124219321,0.12198638,0.008178841,1,1
1/10/2023,Sheep Station,White,4,73.75,0.11576472,0.121641109,0.118702915,0.014041319,1,0
1/11/2023,Sheep Station,Black,4,96,0.124219321,0.130309109,0.127264215,0.006806596,1,1
1/11/2023,Sheep Station,White,4,79,0.123449096,0.127116734,0.125282915,0.018722005,1,0
1/12/2023,Sheep Station,Black,4,96,0.13041744,0.136544492,0.133480966,0.004457023,1,1
1/12/2023,Sheep Station,White,4,94.25,0.127102382,0.129505919,0.128304151,0.019332457,1,0
1/13/2023,Sheep Station,Black,4,96,0.13643625,0.140219517,0.138327884,0.002919258,1,1
1/13/2023,Sheep Station,White,4,95.75,0.129502427,0.131661156,0.130581792,0.02035609,1,0
1/14/2023,Sheep Station,Black,4,96,0.140326317,0.14375582,0.142041069,0.003400414,1,1
1/14/2023,Sheep Station,White,4,96,0.131444834,0.134479115,0.132961974,0.021147437,1,1
1/15/2023,Sheep Station,Black,4,96,0.143861547,0.148324478,0.146093013,0.004473027,1,1
1/15/2023,Sheep Station,White,4,86.5,0.134371867,0.13846558,0.136418724,0.021726426,1,0
1/16/2023,Sheep Station,Black,4,96,0.148324478,0.153581176,0.150952827,0.005849109,1,1
1/16/2023,Sheep Station,White,4,75,0.13846558,0.142084938,0.140275259,0.022572254,1,0
1/17/2023,Sheep Station,Black,4,96,0.149904564,0.154208805,0.152056685,0.006168229,1,1
1/17/2023,Sheep Station,White,4,81.25,0.138101613,0.141872697,0.139987155,0.023153843,1,0
1/18/2023,Sheep Station,Black,4,96,0.142446045,0.149904564,0.146175304,0.006342567,1,1
1/18/2023,Sheep Station,White,4,78.25,0.133840162,0.13820347,0.136021816,0.023780884,1,0
1/19/2023,Sheep Station,Black,4,96,0.137919754,0.142339513,0.140129633,0.007053828,1,1
1/19/2023,Sheep Station,White,3,96,0.120673321,0.123304953,0.121989137,0.011490046,1,1
1/20/2023,Sheep Station,Black,4,96,0.133888086,0.138137255,0.136012671,0.007984488,1,1
1/20/2023,Sheep Station,White,3,96,0.119054578,0.121275112,0.120164845,0.008756319,1,1
1/21/2023,Sheep Station,Black,4,96,0.129273498,0.133888086,0.131580792,0.009373648,1,1
1/21/2023,Sheep Station,White,3,96,0.115919809,0.119054578,0.117487193,0.007338119,1,1
1/22/2023,Sheep Station,Black,4,96,0.126952033,0.129491163,0.128221598,0.010378005,1,1
1/22/2023,Sheep Station,White,3,96,0.114880289,0.116221075,0.115550682,0.005658148,1,1
1/23/2023,Sheep Station,Black,4,96,0.12473695,0.127169698,0.125953324,0.010769545,1,1
1/23/2023,Sheep Station,White,3,96,0.113675319,0.11518007,0.114427694,0.004756399,1,1
1/24/2023,Sheep Station,Black,4,96,0.122061642,0.12473695,0.123399296,0.010992624,1,1
1/24/2023,Sheep Station,White,3,96,0.112316797,0.113675319,0.112996058,0.004408753,1,1
1/25/2023,Sheep Station,Black,4,96,0.120267242,0.122395201,0.121331221,0.011544642,1,1
1/25/2023,Sheep Station,White,3,96,0.111255681,0.11261794,0.11193681,0.004519289,1,1
1/26/2023,Sheep Station,Black,4,96,0.118364805,0.120267242,0.119316024,0.011752851,1,1
1/26/2023,Sheep Station,White,3,96,0.110802847,0.111255681,0.111029264,0.004291219,1,1
1/27/2023,Sheep Station,Black,4,96,0.118134212,0.119141128,0.11863767,0.012154536,1,1
1/27/2023,Sheep Station,White,3,96,0.110953915,0.111561572,0.111257743,0.004078428,1,1
1/28/2023,Sheep Station,Black,4,96,0.116339078,0.11925872,0.117798899,0.011835435,1,1
1/28/2023,Sheep Station,White,3,96,0.109738491,0.112013906,0.110876199,0.004269799,1,1
1/29/2023,Sheep Station,Black,4,96,0.100118691,0.116674425,0.108396558,0.014736239,1,1
1/29/2023,Sheep Station,White,3,96,0.097758318,0.109889311,0.103823815,0.004025903,1,1
1/30/2023,Sheep Station,Black,4,96,0.086818904,0.10000539,0.093412147,0.014916188,1,1
1/30/2023,Sheep Station,White,4,78,0.0912915,0.097876951,0.094584226,0.004314267,1,0
1/31/2023,Sheep Station,Black,4,96,0.082301054,0.086699519,0.084500287,0.013996897,1,1
1/31/2023,Sheep Station,White,4,82.75,0.089037472,0.091524515,0.090280994,0.007889794,1,0
2/1/2023,Sheep Station,Black,4,96,0.082425527,0.083380152,0.082902839,0.013567348,1,1
2/1/2023,Sheep Station,White,4,87.5,0.089985266,0.091282194,0.09063373,0.008105043,1,0
2/2/2023,Sheep Station,Black,4,96,0.082426701,0.083501678,0.082964189,0.013467479,1,1
2/2/2023,Sheep Station,White,3,96,0.088637988,0.089587316,0.089112652,0.009187812,1,1
2/3/2023,Sheep Station,Black,4,96,0.081836894,0.083269687,0.082553291,0.013041512,1,1
2/3/2023,Sheep Station,White,4,76,0.089747364,0.091751108,0.090749236,0.008278166,1,0
2/4/2023,Sheep Station,Black,4,96,0.082309879,0.083269687,0.082789783,0.013198862,1,1
2/4/2023,Sheep Station,White,4,80.5,0.090574337,0.091867045,0.091220691,0.008305756,1,0
2/5/2023,Sheep Station,Black,4,96,0.082792087,0.084462598,0.083627342,0.013062895,1,1
2/5/2023,Sheep Station,White,3,96,0.089901467,0.09147537,0.090688419,0.008975103,1,1
2/6/2023,Sheep Station,Black,4,96,0.084341366,0.086484764,0.085413065,0.013096317,1,1
2/6/2023,Sheep Station,White,4,78.25,0.093513122,0.095271887,0.094392505,0.008224004,1,0
2/7/2023,Sheep Station,Black,4,96,0.086130416,0.087313334,0.086721875,0.013009436,1,1
2/7/2023,Sheep Station,White,3,96,0.092732566,0.09367497,0.093203768,0.008412979,1,1
2/8/2023,Sheep Station,Black,4,96,0.08707992,0.088381855,0.087730887,0.012926618,1,1
2/8/2023,Sheep Station,White,4,73.5,0.095510636,0.096679192,0.096094914,0.007626758,1,0
2/9/2023,Sheep Station,Black,4,96,0.086007889,0.088381855,0.087194872,0.01303362,1,1
2/9/2023,Sheep Station,White,3,96,0.091950595,0.094302865,0.09312673,0.00818099,1,1
2/10/2023,Sheep Station,Black,4,96,0.083506577,0.086128537,0.084817557,0.013093371,1,1
2/10/2023,Sheep Station,White,3,96,0.090060778,0.091950595,0.091005687,0.008655198,1,1
2/11/2023,Sheep Station,Black,4,96,0.08398214,0.085054509,0.084518325,0.013259439,1,1
2/11/2023,Sheep Station,White,3,96,0.090378108,0.091634164,0.091006136,0.008654797,1,1
2/12/2023,Sheep Station,Black,4,96,0.084218645,0.085054509,0.084636577,0.013310961,1,1
2/12/2023,Sheep Station,White,3,96,0.090695182,0.091634164,0.091164673,0.008520329,1,1
2/13/2023,Sheep Station,Black,4,96,0.083391018,0.084935414,0.084163216,0.013105138,1,1
2/13/2023,Sheep Station,White,3,96,0.089746756,0.091321041,0.090533899,0.008714555,1,1
2/14/2023,Sheep Station,Black,4,96,0.083389366,0.0846992,0.084044283,0.013103139,1,1
2/14/2023,Sheep Station,White,3,96,0.090378108,0.091479835,0.090928972,0.008524054,1,1
2/15/2023,Sheep Station,Black,4,96,0.082175953,0.084457029,0.083316491,0.013756406,1,1
2/15/2023,Sheep Station,White,4,94.25,0.087154815,0.092819612,0.089987214,0.006004224,1,0
2/16/2023,Sheep Station,Black,4,96,0.080991216,0.082776062,0.081883639,0.013724648,1,1
2/16/2023,Sheep Station,White,4,96,0.089408515,0.091645803,0.090527159,0.006808196,1,1
2/17/2023,Sheep Station,Black,4,96,0.08111687,0.081831634,0.081474252,0.013220565,1,1
2/17/2023,Sheep Station,White,4,96,0.089992179,0.091286125,0.090639152,0.00756556,1,1
2/18/2023,Sheep Station,Black,4,96,0.080515515,0.081831634,0.081173575,0.013282721,1,1
2/18/2023,Sheep Station,White,4,94,0.089992179,0.091169426,0.090580802,0.007514609,1,0
2/19/2023,Sheep Station,Black,4,96,0.080155458,0.081474399,0.080814929,0.013237164,1,1
2/19/2023,Sheep Station,White,4,88.75,0.089636326,0.090931136,0.090283731,0.007729421,1,0
2/20/2023,Sheep Station,Black,4,96,0.080635384,0.082427548,0.081531466,0.013346039,1,1
2/20/2023,Sheep Station,White,4,86.75,0.084131781,0.092458015,0.088294898,0.007280259,1,0
2/21/2023,Sheep Station,Black,4,96,0.082190081,0.084811602,0.083500842,0.01344945,1,1
2/21/2023,Sheep Station,White,4,88.75,0.080608678,0.094688367,0.087648523,0.009951391,1,0
2/22/2023,Sheep Station,Black,4,96,0.079426702,0.084811602,0.082119152,0.013636136,1,1
2/22/2023,Sheep Station,White,4,91.5,0.081724292,0.094456874,0.088090583,0.006775618,1,0
2/23/2023,Sheep Station,Black,4,96,0.076412154,0.079426702,0.077919428,0.013861851,1,1
2/23/2023,Sheep Station,White,4,81.25,0.086810566,0.088943165,0.087876866,0.005758495,1,0
2/24/2023,Sheep Station,Black,4,96,0.076898634,0.07882457,0.077861602,0.013783383,1,1
2/24/2023,Sheep Station,White,4,94.75,0.058417137,0.089640547,0.074028842,0.026271825,1,0
2/25/2023,Sheep Station,Black,4,96,0.07882457,0.080502698,0.079663634,0.013901471,1,1
2/25/2023,Sheep Station,White,4,93.5,0.062048397,0.091408674,0.076728535,0.024804548,1,0
2/26/2023,Sheep Station,Black,4,96,0.080028364,0.082059756,0.08104406,0.013825399,1,1
2/26/2023,Sheep Station,White,4,87.5,0.067366826,0.092817213,0.08009202,0.020927849,1,0
2/27/2023,Sheep Station,Black,4,96,0.08193774,0.083259188,0.082598464,0.013908128,1,1
2/27/2023,Sheep Station,White,4,88.75,0.092936309,0.093638048,0.093287178,0.00744659,1,0
2/28/2023,Sheep Station,Black,4,96,0.083016135,0.084329,0.083672567,0.013923324,1,1
2/28/2023,Sheep Station,White,4,75,0.0713228,0.094459837,0.082891319,0.019034692,1,0
3/1/2023,Sheep Station,Black,4,96,0.083736112,0.084924255,0.084330183,0.013814627,1,1
3/1/2023,Sheep Station,White,4,78,0.089751653,0.095161863,0.092456758,0.006095694,1,0
3/2/2023,Sheep Station,Black,4,96,0.08397048,0.084924255,0.084447367,0.013930325,1,1
3/2/2023,Sheep Station,White,4,89.75,0.094459837,0.095277516,0.094868677,0.007508511,1,0
3/3/2023,Sheep Station,Black,4,96,0.084206887,0.085039435,0.084623161,0.014086015,1,1
3/3/2023,Sheep Station,White,4,77.5,0.094230451,0.095513973,0.094872212,0.007097007,1,0
3/4/2023,Sheep Station,Black,4,96,0.08456259,0.085160375,0.084861482,0.014080304,1,1
3/4/2023,Sheep Station,White,3,96,0.092744028,0.093370887,0.093057457,0.007312568,1,1
3/5/2023,Sheep Station,Black,4,96,0.084677771,0.085986881,0.085332326,0.014336521,1,1
3/5/2023,Sheep Station,White,3,96,0.093213762,0.093686804,0.093450283,0.007122103,1,1
3/6/2023,Sheep Station,Black,4,94.75,0.085750652,0.086338622,0.086044637,0.01439706,1,0
3/6/2023,Sheep Station,White,3,96,0.093528909,0.094312645,0.093920777,0.006946748,1,1
3/7/2023,Sheep Station,Black,4,92.75,0.086338622,0.087523621,0.086931122,0.014581407,1,0
3/7/2023,Sheep Station,White,3,96,0.094312645,0.095092567,0.094702606,0.00684445,1,1
3/8/2023,Sheep Station,Black,4,92.25,0.087049285,0.087762207,0.087405746,0.014569606,1,0
3/8/2023,Sheep Station,White,3,96,0.094935057,0.095092567,0.095013812,0.006971678,1,1
3/9/2023,Sheep Station,Black,4,93.75,0.087409101,0.087883146,0.087646124,0.014392496,1,0
3/9/2023,Sheep Station,White,3,96,0.094935057,0.095249183,0.09509212,0.006932534,1,1
3/10/2023,Sheep Station,Black,4,82.5,0.087883146,0.088706123,0.088294635,0.014522305,1,0
3/10/2023,Sheep Station,White,3,96,0.095249183,0.096030496,0.09563984,0.006665725,1,1
3/11/2023,Sheep Station,Black,3,96,0.091999556,0.092626991,0.092313273,0.016021527,1,1
3/11/2023,Sheep Station,White,3,96,0.095873242,0.096341319,0.096107281,0.006660254,1,1
3/12/2023,Sheep Station,Black,3,96,0.091999556,0.092474798,0.092237177,0.015902275,1,1
3/12/2023,Sheep Station,White,3,96,0.096184194,0.096341319,0.096262757,0.006695374,1,1
3/13/2023,Sheep Station,Black,3,96,0.091999556,0.093100399,0.092549977,0.015913975,1,1
3/13/2023,Sheep Station,White,3,96,0.096184194,0.096964233,0.096574213,0.006654843,1,1
3/14/2023,Sheep Station,Black,3,96,0.093100399,0.142676828,0.117888613,0.055886178,1,1
3/14/2023,Sheep Station,White,3,96,0.096807234,0.100975213,0.098891223,0.00758981,1,1
3/15/2023,Sheep Station,Black,4,75,0.148948079,0.15774684,0.15334746,0.084113954,1,0
3/15/2023,Sheep Station,White,3,96,0.101127031,0.151669972,0.126398501,0.026486818,1,1
3/16/2023,Sheep Station,Black,4,84,0.151386041,0.157701664,0.154543852,0.080414479,1,0
3/16/2023,Sheep Station,White,4,72.25,0.165795984,0.171814712,0.168805348,0.056613726,1,0
3/17/2023,Sheep Station,Black,4,83.75,0.144516366,0.151702173,0.148109269,0.070116302,1,0
3/17/2023,Sheep Station,White,3,96,0.144988346,0.148937839,0.146963092,0.040782673,1,1
3/18/2023,Sheep Station,Black,4,90.25,0.135225588,0.144636041,0.139930815,0.059831583,1,0
3/18/2023,Sheep Station,White,3,96,0.140126909,0.145567812,0.14284736,0.038336309,1,1
3/19/2023,Sheep Station,Black,4,90,0.12533167,0.135250539,0.130291104,0.048097945,1,0
3/19/2023,Sheep Station,White,3,96,0.135271671,0.140126909,0.13769929,0.035464284,1,1
3/20/2023,Sheep Station,Black,4,92,0.121834485,0.126042722,0.123938603,0.039450803,1,0
3/20/2023,Sheep Station,White,3,96,0.132966888,0.135871301,0.134419095,0.031487714,1,1
3/21/2023,Sheep Station,Black,4,96,0.121995727,0.123485664,0.122740695,0.036120572,1,1
3/21/2023,Sheep Station,White,4,76.25,0.130151788,0.149791637,0.139971713,0.026189449,1,0
3/22/2023,Sheep Station,Black,4,96,0.122741755,0.123735167,0.123238461,0.035031743,1,1
3/22/2023,Sheep Station,White,4,80.75,0.097980391,0.148423703,0.123202047,0.029872024,1,0
3/23/2023,Sheep Station,Black,4,96,0.122447683,0.123552598,0.12300014,0.034220553,1,1
3/23/2023,Sheep Station,White,4,74,0.144738182,0.146307996,0.145523089,0.033839401,1,0
3/24/2023,Sheep Station,Black,4,96,0.122683154,0.124380819,0.123531987,0.033495524,1,1
3/24/2023,Sheep Station,White,3,96,0.130872774,0.132047238,0.131460006,0.022884121,1,1
3/25/2023,Sheep Station,Black,4,96,0.124055052,0.124732168,0.12439361,0.03282455,1,1
3/25/2023,Sheep Station,White,4,74.25,0.143488655,0.144435933,0.143962294,0.030930669,1,0
3/26/2023,Sheep Station,Black,4,96,0.1236478,0.124630598,0.124139199,0.032326536,1,1
3/26/2023,Sheep Station,White,3,96,0.128630775,0.130776686,0.12970373,0.020314699,1,1
3/27/2023,Sheep Station,Black,4,96,0.123423237,0.123867577,0.123645407,0.032228112,1,1
3/27/2023,Sheep Station,White,4,73,0.138992971,0.140386289,0.13968963,0.028261898,1,0
3/28/2023,Sheep Station,Black,4,96,0.123541178,0.124440417,0.123990797,0.031926053,1,1
3/28/2023,Sheep Station,White,3,96,0.126466167,0.127496573,0.12698137,0.017659736,1,1
3/29/2023,Sheep Station,Black,4,85.75,0.124218332,0.125337305,0.124777818,0.031626219,1,0
3/29/2023,Sheep Station,White,3,96,0.127212135,0.127506229,0.127359182,0.017207206,1,1
3/30/2023,Sheep Station,Black,4,96,0.125220034,0.127982104,0.126601069,0.031542753,1,1
3/30/2023,Sheep Station,White,4,72.25,0.138637858,0.140395388,0.139516623,0.025863086,1,0
3/31/2023,Sheep Station,Black,4,95.75,0.127982104,0.131268635,0.12962537,0.031464329,1,0
3/31/2023,Sheep Station,White,3,96,0.129849603,0.132473685,0.131161644,0.017420418,1,1
4/1/2023,Sheep Station,Black,4,96,0.13093555,0.135866707,0.133401128,0.032345358,1,1
4/1/2023,Sheep Station,White,3,96,0.132473685,0.135944823,0.134209254,0.017752488,1,1
4/2/2023,Sheep Station,Black,4,96,0.136609858,0.140635179,0.138622519,0.033994281,1,1
4/2/2023,Sheep Station,White,4,74.25,0.152965479,0.156375134,0.154670306,0.034555708,1,0
4/3/2023,Sheep Station,Black,4,96,0.140635179,0.143974142,0.142304661,0.034323623,1,1
4/3/2023,Sheep Station,White,4,75.5,0.157331256,0.160726398,0.159028827,0.034565493,1,0
4/4/2023,Sheep Station,Black,4,95,0.143748937,0.196322348,0.170035643,0.059480652,1,0
4/4/2023,Sheep Station,White,4,74.25,0.157680076,0.178183381,0.167931728,0.030152296,1,0
4/5/2023,Sheep Station,Black,4,96,0.171633482,0.232967179,0.202300331,0.084628097,1,1
4/5/2023,Sheep Station,White,3,77,0.168420737,0.177834541,0.173127639,0.036013017,1,0
4/6/2023,Sheep Station,Black,4,96,0.203062449,0.252620947,0.227841698,0.094290978,1,1
4/6/2023,Sheep Station,White,4,75.25,0.184089907,0.191672489,0.187881198,0.034348005,1,0
4/7/2023,Sheep Station,Black,4,96,0.220724471,0.276320167,0.248522319,0.09361653,1,1
4/7/2023,Sheep Station,White,3,96,0.185458799,0.195618083,0.190538441,0.042274111,1,1
4/8/2023,Sheep Station,Black,4,96,0.241263762,0.292305335,0.266784549,0.08328055,1,1
4/8/2023,Sheep Station,White,3,96,0.191268355,0.207576076,0.199422215,0.040721158,1,1
4/9/2023,Sheep Station,Black,4,96,0.243478656,0.264779303,0.25412898,0.045030394,1,1
4/9/2023,Sheep Station,White,3,96,0.1907889,0.202943434,0.196866167,0.022943391,1,1
4/10/2023,Sheep Station,Black,4,96,0.244620595,0.266933654,0.255777124,0.031402799,1,1
4/10/2023,Sheep Station,White,3,96,0.194886814,0.207087174,0.200986994,0.00976885,1,1
4/11/2023,Sheep Station,Black,4,96,0.248984039,0.286343008,0.267663524,0.026095207,1,1
4/11/2023,Sheep Station,White,3,96,0.201471339,0.221289853,0.211380596,0.004693521,1,1
4/12/2023,Sheep Station,Black,4,96,0.259719335,0.304250337,0.281984836,0.028776507,1,1
4/12/2023,Sheep Station,White,4,78.5,0.216964561,0.248155504,0.232560033,0.009100169,1,0
4/13/2023,Sheep Station,Black,4,96,0.278252635,0.311198842,0.294725738,0.049376087,1,1
4/13/2023,Sheep Station,White,4,77.5,0.229859203,0.276479993,0.253169598,0.033857504,1,0
4/14/2023,Sheep Station,Black,4,96,0.280896455,0.314363029,0.297629742,0.055961188,1,1
4/14/2023,Sheep Station,White,3,96,0.225819379,0.286868359,0.256343869,0.034283175,1,1
4/15/2023,Sheep Station,Black,4,96,0.272,0.307298586,0.289649293,0.042523451,1,1
4/15/2023,Sheep Station,White,3,96,0.203122516,0.279227749,0.241175132,0.007872294,1,1
4/16/2023,Sheep Station,Black,4,96,0.271255441,0.30558905,0.288422246,0.038307973,1,1
4/16/2023,Sheep Station,White,3,96,0.225016698,0.258403877,0.241710288,0.018927877,1,1
4/17/2023,Sheep Station,Black,4,96,0.268719502,0.284786545,0.276753023,0.041340743,1,1
4/17/2023,Sheep Station,White,3,96,0.225318839,0.255098234,0.240208536,0.046477301,1,1
4/18/2023,Sheep Station,Black,4,96,0.266880244,0.278062455,0.27247135,0.044642586,1,1
4/18/2023,Sheep Station,White,3,96,0.226020242,0.250724907,0.238372574,0.066395912,1,1
4/19/2023,Sheep Station,Black,4,96,0.265194062,0.273230109,0.269212086,0.045224124,1,1
4/19/2023,Sheep Station,White,3,96,0.222409099,0.240934963,0.231672031,0.058725905,1,1
4/20/2023,Sheep Station,Black,4,96,0.26024298,0.268116504,0.264179742,0.045136158,1,1
4/20/2023,Sheep Station,White,3,96,0.205857361,0.228024388,0.216940875,0.034835642,1,1
4/21/2023,Sheep Station,Black,4,96,0.2565245,0.265279695,0.260902097,0.044730652,1,1
4/21/2023,Sheep Station,White,3,96,0.201483657,0.21458891,0.208036284,0.027119599,1,1
4/22/2023,Sheep Station,Black,4,96,0.252038218,0.259949122,0.25599367,0.045744373,1,1
4/22/2023,Sheep Station,White,3,96,0.198017736,0.210798611,0.204408174,0.024753943,1,1
4/23/2023,Sheep Station,Black,4,96,0.24468543,0.301792055,0.273238743,0.038983837,1,1
4/23/2023,Sheep Station,White,3,96,0.193850453,0.20806697,0.200958711,0.024696298,1,1
4/24/2023,Sheep Station,Black,4,96,0.242424056,0.250739075,0.246581566,0.048051156,1,1
4/24/2023,Sheep Station,White,4,72.5,0.210053165,0.219094623,0.214573894,0.03520329,1,0
4/25/2023,Sheep Station,Black,4,96,0.236510988,0.248807296,0.242659142,0.049222686,1,1
4/25/2023,Sheep Station,White,4,72.25,0.208076634,0.217730589,0.212903611,0.035527626,1,0
4/26/2023,Sheep Station,Black,4,96,0.232461017,0.244493302,0.238477159,0.04921755,1,1
4/26/2023,Sheep Station,White,4,75.25,0.204492278,0.215297829,0.209895054,0.036396371,1,0
4/27/2023,Sheep Station,Black,4,96,0.226718176,0.237998437,0.232358307,0.050477656,1,1
4/27/2023,Sheep Station,White,3,96,0.183056022,0.195706323,0.189381172,0.022311445,1,1
4/28/2023,Sheep Station,Black,4,49,0.221803829,0.233566053,0.227684941,0.051129899,1,0
4/28/2023,Sheep Station,White,3,49,0.17923674,0.191986442,0.185611591,0.02235728,1,0
5/4/2023,Sheep Station,Black,4,36,0.201489978,0.206921738,0.204205858,0.038745451,1,0
5/4/2023,Sheep Station,White,3,36,0.167642072,0.17277052,0.170206296,0.017004857,1,0
5/5/2023,Sheep Station,Black,4,96,0.200182915,0.214930475,0.207556695,0.038538113,1,1
5/5/2023,Sheep Station,White,3,96,0.166425625,0.17990916,0.173167393,0.017966341,1,1
5/6/2023,Sheep Station,Black,4,96,0.200841922,0.207188062,0.204014992,0.037996707,1,1
5/6/2023,Sheep Station,White,3,96,0.166925261,0.172734171,0.169829716,0.01851123,1,1
5/7/2023,Sheep Station,Black,4,96,0.199764695,0.211525071,0.205644883,0.036966448,1,1
5/7/2023,Sheep Station,White,3,96,0.165979748,0.176459476,0.171219612,0.018717237,1,1
5/8/2023,Sheep Station,Black,4,96,0.195957266,0.210017148,0.202987207,0.035881264,1,1
5/8/2023,Sheep Station,White,3,96,0.161307092,0.174879198,0.168093145,0.018711309,1,1
5/9/2023,Sheep Station,Black,4,96,0.195215411,0.209597725,0.202406568,0.035404829,1,1
5/9/2023,Sheep Station,White,3,96,0.162016422,0.174729213,0.168372817,0.018580372,1,1
5/10/2023,Sheep Station,Black,4,96,0.193261925,0.199683428,0.196472676,0.035110753,1,1
5/10/2023,Sheep Station,White,3,96,0.16105031,0.167178124,0.164114217,0.018747364,1,1
5/11/2023,Sheep Station,Black,4,96,0.189373985,0.204658668,0.197016327,0.032255084,1,1
5/11/2023,Sheep Station,White,3,96,0.159426744,0.171814953,0.165620849,0.017297803,1,1
5/12/2023,Sheep Station,Black,4,96,0.183584109,0.19832528,0.190954695,0.030198366,1,1
5/12/2023,Sheep Station,White,3,96,0.156095097,0.168170537,0.162132817,0.017406321,1,1
5/13/2023,Sheep Station,Black,4,96,0.179332335,0.190816805,0.18507457,0.028833725,1,1
5/13/2023,Sheep Station,White,3,96,0.153309306,0.162590886,0.157950096,0.017105513,1,1
5/14/2023,Sheep Station,Black,4,96,0.176043689,0.188565891,0.18230479,0.028146931,1,1
5/14/2023,Sheep Station,White,3,96,0.150932704,0.161215405,0.156074055,0.01702122,1,1
5/15/2023,Sheep Station,Black,4,96,0.177399222,0.196550831,0.186975027,0.028610062,1,1
5/15/2023,Sheep Station,White,3,96,0.153753464,0.167071929,0.160412697,0.017063812,1,1
5/16/2023,Sheep Station,Black,4,96,0.174663123,0.194161355,0.184412239,0.025802483,1,1
5/16/2023,Sheep Station,White,3,96,0.150620053,0.165700495,0.158160274,0.018332409,1,1
5/17/2023,Sheep Station,Black,4,96,0.168755263,0.18478008,0.176767671,0.025105036,1,1
5/17/2023,Sheep Station,White,3,96,0.146944657,0.15966476,0.153304709,0.018553353,1,1
5/18/2023,Sheep Station,Black,4,96,0.162409853,0.180269726,0.171339789,0.023751997,1,1
5/18/2023,Sheep Station,White,3,96,0.142519891,0.156212389,0.14936614,0.018710374,1,1
5/19/2023,Sheep Station,Black,4,96,0.155591853,0.17544084,0.165516347,0.022936176,1,1
5/19/2023,Sheep Station,White,3,96,0.138225973,0.152850444,0.145538208,0.018888846,1,1
5/20/2023,Sheep Station,Black,4,96,0.149868023,0.167924602,0.158896312,0.021673885,1,1
5/20/2023,Sheep Station,White,3,96,0.134746919,0.148489202,0.141618061,0.019247406,1,1
5/21/2023,Sheep Station,Black,4,96,0.143541865,0.161094606,0.152318235,0.020582267,1,1
5/21/2023,Sheep Station,White,3,96,0.130366765,0.143379038,0.136872901,0.019614819,1,1
5/22/2023,Sheep Station,Black,4,96,0.138777932,0.152440324,0.145609128,0.021529649,1,1
5/22/2023,Sheep Station,White,3,96,0.125969405,0.136918272,0.131443838,0.019635428,1,1
5/23/2023,Sheep Station,Black,4,96,0.134315221,0.184404109,0.159359665,0.026166357,1,1
5/23/2023,Sheep Station,White,3,96,0.121990229,0.160924469,0.141457349,0.016453544,1,1
5/24/2023,Sheep Station,Black,4,96,0.179001562,0.198881194,0.188941378,0.024616274,1,1
5/24/2023,Sheep Station,White,4,81,0.168163039,0.185341783,0.176752411,0.030682138,1,0
5/25/2023,Sheep Station,Black,4,96,0.180272773,0.203702688,0.191987731,0.023619439,1,1
5/25/2023,Sheep Station,White,4,82.5,0.171765823,0.187779825,0.179772824,0.033765166,1,0
5/26/2023,Sheep Station,Black,4,96,0.179098107,0.205406491,0.192252299,0.023237655,1,1
5/26/2023,Sheep Station,White,4,79,0.169893667,0.187476598,0.178685132,0.032712545,1,0
5/27/2023,Sheep Station,Black,4,96,0.170527618,0.190447684,0.180487651,0.021659999,1,1
5/27/2023,Sheep Station,White,4,75.25,0.164952423,0.175199095,0.170075759,0.030934652,1,0
5/28/2023,Sheep Station,Black,4,96,0.165022291,0.181963272,0.173492782,0.021624988,1,1
5/28/2023,Sheep Station,White,4,93.75,0.160083633,0.17091256,0.165498096,0.03017742,1,0
5/29/2023,Sheep Station,Black,4,96,0.162900478,0.185126774,0.174013626,0.020892642,1,1
5/29/2023,Sheep Station,White,4,83.25,0.159619935,0.172506642,0.166063288,0.029776723,1,0
5/30/2023,Sheep Station,Black,4,96,0.155566208,0.179198299,0.167382253,0.020853433,1,1
5/30/2023,Sheep Station,White,3,96,0.143358986,0.159291377,0.151325181,0.025348982,1,1
5/31/2023,Sheep Station,Black,4,96,0.151163854,0.175593607,0.16337873,0.021134425,1,1
5/31/2023,Sheep Station,White,3,96,0.142075161,0.158307801,0.150191481,0.025583629,1,1
6/1/2023,Sheep Station,Black,4,96,0.147336647,0.172467459,0.159902053,0.021734837,1,1
6/1/2023,Sheep Station,White,3,96,0.13949585,0.156525249,0.148010549,0.025392413,1,1
6/2/2023,Sheep Station,Black,4,96,0.144049561,0.191614393,0.167831977,0.022213585,1,1
6/2/2023,Sheep Station,White,3,96,0.136148736,0.170209646,0.153179191,0.025397291,1,1
6/3/2023,Sheep Station,Black,4,96,0.185175456,0.218841981,0.202008719,0.021132374,1,1
6/3/2023,Sheep Station,White,3,96,0.163819949,0.186252003,0.175035976,0.027504462,1,1
6/4/2023,Sheep Station,Black,4,96,0.184413172,0.207946379,0.196179776,0.020455182,1,1
6/4/2023,Sheep Station,White,3,96,0.160503467,0.177135284,0.168819375,0.026728204,1,1
6/5/2023,Sheep Station,Black,4,96,0.172316141,0.196065664,0.184190903,0.01993383,1,1
6/5/2023,Sheep Station,White,3,96,0.153852259,0.170334091,0.162093175,0.026437149,1,1
6/6/2023,Sheep Station,Black,4,96,0.159145515,0.182776645,0.17096108,0.019764253,1,1
6/6/2023,Sheep Station,White,3,96,0.146380047,0.16322043,0.154800239,0.027485644,1,1
6/7/2023,Sheep Station,Black,4,96,0.146965142,0.170568738,0.15876694,0.02063156,1,1
6/7/2023,Sheep Station,White,3,96,0.139058995,0.155729835,0.147394415,0.028784672,1,1
6/8/2023,Sheep Station,Black,4,96,0.141558366,0.208342716,0.174950541,0.018715931,1,1
6/8/2023,Sheep Station,White,3,96,0.135786568,0.179816604,0.157801586,0.028082472,1,1
6/9/2023,Sheep Station,Black,4,96,0.171457447,0.19764832,0.184552884,0.0183816,1,1
6/9/2023,Sheep Station,White,3,96,0.156294982,0.173333451,0.164814216,0.028387028,1,1
6/10/2023,Sheep Station,Black,4,96,0.16052166,0.180846021,0.17068384,0.018620307,1,1
6/10/2023,Sheep Station,White,3,96,0.150158996,0.164286251,0.157222624,0.028206078,1,1
6/11/2023,Sheep Station,Black,4,96,0.148168366,0.169593349,0.158880858,0.019490046,1,1
6/11/2023,Sheep Station,White,3,96,0.142483095,0.158494602,0.150488848,0.028959831,1,1
6/12/2023,Sheep Station,Black,4,96,0.142197827,0.157385081,0.149791454,0.019570595,1,1
6/12/2023,Sheep Station,White,3,96,0.137627003,0.149981409,0.143804206,0.029005062,1,1
6/13/2023,Sheep Station,Black,4,96,0.137136091,0.251264971,0.194200531,0.037426942,1,1
6/13/2023,Sheep Station,White,3,96,0.133882388,0.18022493,0.157053659,0.029566112,1,1
6/14/2023,Sheep Station,Black,4,96,0.182575598,0.21103267,0.196804134,0.024477255,1,1
6/14/2023,Sheep Station,White,3,96,0.158500006,0.173959275,0.16622964,0.029065661,1,1
6/15/2023,Sheep Station,Black,4,96,0.165891737,0.185751867,0.175821802,0.021439449,1,1
6/15/2023,Sheep Station,White,3,96,0.150446797,0.164448917,0.157447857,0.027793728,1,1
6/16/2023,Sheep Station,Black,4,96,0.15483994,0.173282996,0.164061468,0.021139076,1,1
6/16/2023,Sheep Station,White,3,96,0.14395466,0.157820741,0.1508877,0.028141213,1,1
6/17/2023,Sheep Station,Black,4,96,0.145686872,0.159411993,0.152549433,0.020893272,1,1
6/17/2023,Sheep Station,White,3,96,0.138101089,0.149336467,0.143718778,0.027705453,1,1
6/18/2023,Sheep Station,Black,4,96,0.142535914,0.154206127,0.14837102,0.020130437,1,1
6/18/2023,Sheep Station,White,3,96,0.138101089,0.148790156,0.143445622,0.027474883,1,1
6/19/2023,Sheep Station,Black,4,96,0.139781918,0.155563205,0.147672562,0.021315004,1,1
6/19/2023,Sheep Station,White,3,96,0.136134567,0.147787134,0.141960851,0.026995357,1,1
6/20/2023,Sheep Station,Black,4,96,0.136452338,0.149906218,0.143179278,0.020924034,1,1
6/20/2023,Sheep Station,White,3,96,0.132464657,0.142969732,0.137717195,0.027600229,1,1
6/21/2023,Sheep Station,Black,4,96,0.129572179,0.145985659,0.137778919,0.02113324,1,1
6/21/2023,Sheep Station,White,3,96,0.126943097,0.138939137,0.132941117,0.02746975,1,1
6/22/2023,Sheep Station,Black,4,96,0.12660088,0.149464663,0.138032772,0.02137823,1,1
6/22/2023,Sheep Station,White,3,96,0.123842242,0.141050691,0.132446467,0.028027434,1,1
6/23/2023,Sheep Station,Black,4,96,0.125052899,0.131866507,0.128459703,0.0211707,1,1
6/23/2023,Sheep Station,White,3,96,0.121855843,0.127455796,0.124655819,0.028606958,1,1
6/24/2023,Sheep Station,Black,4,96,0.121049309,0.150122473,0.135585891,0.023089288,1,1
6/24/2023,Sheep Station,White,3,96,0.118779458,0.133868103,0.126323781,0.028011909,1,1
6/25/2023,Sheep Station,Black,4,96,0.127068058,0.150023106,0.138545582,0.023914714,1,1
6/25/2023,Sheep Station,White,3,96,0.123098679,0.141470922,0.1322848,0.02822297,1,1
6/26/2023,Sheep Station,Black,4,96,0.126356097,0.146680983,0.13651854,0.022345828,1,1
6/26/2023,Sheep Station,White,3,96,0.124268167,0.140479311,0.132373739,0.028292588,1,1
6/27/2023,Sheep Station,Black,4,96,0.12370263,0.141131943,0.132417287,0.02225851,1,1
6/27/2023,Sheep Station,White,3,96,0.121867726,0.135442918,0.128655322,0.028761425,1,1
6/28/2023,Sheep Station,Black,4,96,0.117784807,0.137583831,0.127684319,0.022239046,1,1
6/28/2023,Sheep Station,White,3,96,0.11650458,0.131365687,0.123935133,0.028890324,1,1
6/29/2023,Sheep Station,Black,4,96,0.114708861,0.133458216,0.124083539,0.022967906,1,1
6/29/2023,Sheep Station,White,3,96,0.112985844,0.12740572,0.120195782,0.029911805,1,1
6/30/2023,Sheep Station,Black,4,96,0.110373829,0.128276104,0.119324966,0.024059565,1,1
6/30/2023,Sheep Station,White,3,96,0.109027999,0.123415006,0.116221502,0.030420028,1,1
7/1/2023,Sheep Station,Black,4,96,0.104119048,0.123504877,0.113811962,0.023912335,1,1
7/1/2023,Sheep Station,White,3,96,0.10473599,0.119221345,0.111978667,0.03124266,1,1
7/2/2023,Sheep Station,Black,4,96,0.100205783,0.12230552,0.111255651,0.023388143,1,1
7/2/2023,Sheep Station,White,3,96,0.101252355,0.11740611,0.109329232,0.030916594,1,1
7/3/2023,Sheep Station,Black,4,96,0.098104127,0.116391737,0.107247932,0.023400619,1,1
7/3/2023,Sheep Station,White,3,96,0.099524428,0.112613474,0.106068951,0.031199293,1,1
7/4/2023,Sheep Station,Black,4,96,0.094610902,0.112774177,0.103692539,0.02347508,1,1
7/4/2023,Sheep Station,White,3,96,0.097052534,0.110162117,0.103607326,0.031558967,1,1
7/5/2023,Sheep Station,Black,4,96,0.090819098,0.113671897,0.102245498,0.024210505,1,1
7/5/2023,Sheep Station,White,3,96,0.094231993,0.109869053,0.102050523,0.031723017,1,1
7/6/2023,Sheep Station,Black,4,96,0.086792326,0.202940654,0.14486649,0.034980239,1,1
7/6/2023,Sheep Station,White,3,96,0.092187872,0.153218227,0.122703049,0.040238926,1,1
7/7/2023,Sheep Station,Black,4,96,0.143979277,0.172438264,0.158208771,0.025859905,1,1
7/7/2023,Sheep Station,White,3,96,0.125185306,0.141965372,0.133575339,0.037246634,1,1
7/8/2023,Sheep Station,Black,4,96,0.136847602,0.162339929,0.149593766,0.022672872,1,1
7/8/2023,Sheep Station,White,3,96,0.122795713,0.140238263,0.131516988,0.03467221,1,1
7/9/2023,Sheep Station,Black,4,96,0.12718319,0.150649846,0.138916518,0.020710909,1,1
7/9/2023,Sheep Station,White,3,96,0.117230321,0.133267912,0.125249116,0.032723524,1,1
7/10/2023,Sheep Station,Black,4,96,0.121310065,0.145650918,0.133480491,0.021044851,1,1
7/10/2023,Sheep Station,White,3,96,0.113088404,0.128326615,0.120707509,0.031802408,1,1
7/11/2023,Sheep Station,Black,4,96,0.116183335,0.13953306,0.127858197,0.022810314,1,1
7/11/2023,Sheep Station,White,3,96,0.107532841,0.122982817,0.115257829,0.033620156,1,1
7/12/2023,Sheep Station,Black,4,96,0.107097905,0.131352864,0.119225385,0.023659249,1,1
7/12/2023,Sheep Station,White,3,96,0.100752925,0.116407027,0.108579976,0.034478486,1,1
7/13/2023,Sheep Station,Black,4,96,0.099470843,0.122380864,0.110925853,0.024732188,1,1
7/13/2023,Sheep Station,White,3,96,0.095311838,0.109925034,0.102618436,0.034855765,1,1
7/14/2023,Sheep Station,Black,4,96,0.091255079,0.113167753,0.102211416,0.025648364,1,1
7/14/2023,Sheep Station,White,3,96,0.089638221,0.103491984,0.096565103,0.035822789,1,1
7/15/2023,Sheep Station,Black,4,96,0.083306045,0.106989183,0.095147614,0.026453088,1,1
7/15/2023,Sheep Station,White,3,96,0.083613273,0.098702312,0.091157792,0.036378012,1,1
7/16/2023,Sheep Station,Black,4,96,0.076618787,0.099272335,0.087945561,0.026083159,1,1
7/16/2023,Sheep Station,White,3,96,0.078191585,0.092950548,0.085571066,0.036489395,1,1
7/17/2023,Sheep Station,Black,4,86.25,-0.000368148,0.084052653,0.041842253,0.02363898,1,0
7/17/2023,Sheep Station,White,3,96,-0.020234063,0.083351251,0.031558594,0.017798756,1,1
7/18/2023,Sheep Station,Black,3,96,-0.020795103,-0.017073574,-0.018934339,0.000703332,1,1
7/18/2023,Sheep Station,White,3,94.66666667,-0.020988882,-0.016335874,-0.018662378,0.003874308,1,0
7/19/2023,Sheep Station,Black,3,59,-0.020235775,-0.018558936,-0.019397355,0.001319817,1,0
7/19/2023,Sheep Station,White,3,59,-0.019866504,-0.016346984,-0.018106744,0.004484622,1,0
12/10/2021,Boise High,Black,4,13,0.101054803,0.11063708,0.105845941,0.02869129,1,0
12/10/2021,Boise High,White,4,13,0.077279364,0.100150315,0.088714839,0.015547121,1,0
12/11/2021,Boise High,Black,4,24,0.098079747,0.107023496,0.102551621,0.027815249,1,1
12/11/2021,Boise High,White,4,24,0.072485271,0.078943807,0.075714539,0.022920414,1,1
12/12/2021,Boise High,Black,4,24,0.106673976,0.121437907,0.114055942,0.028672206,1,1
12/12/2021,Boise High,White,4,24,0.078948558,0.092556622,0.08575259,0.026264629,1,1
12/13/2021,Boise High,Black,4,24,0.122432306,0.152069338,0.137250822,0.032336186,1,1
12/13/2021,Boise High,White,4,24,0.093710363,0.144747511,0.119228937,0.040735831,1,1
12/14/2021,Boise High,Black,4,24,0.148275549,0.150357239,0.149316394,0.036292704,1,1
12/14/2021,Boise High,White,4,24,0.142220913,0.144417401,0.143319157,0.053284246,1,1
12/15/2021,Boise High,Black,4,24,0.146300958,0.150247723,0.148274341,0.036957378,1,1
12/15/2021,Boise High,White,4,24,0.138157442,0.143222924,0.140690183,0.050751488,1,1
12/16/2021,Boise High,Black,4,24,0.142939843,0.145780539,0.144360191,0.036943744,1,1
12/16/2021,Boise High,White,4,24,0.133224256,0.137731886,0.135478071,0.047997489,1,1
12/17/2021,Boise High,Black,4,24,0.139562247,0.143484892,0.14152357,0.036163874,1,1
12/17/2021,Boise High,White,4,24,0.127927981,0.133835936,0.130881959,0.046129183,1,1
12/18/2021,Boise High,Black,4,24,0.130811101,0.138922505,0.134866803,0.034636299,1,1
12/18/2021,Boise High,White,4,24,0.113836478,0.127084799,0.120460639,0.043143023,1,1
12/19/2021,Boise High,Black,4,24,0.125757199,0.130495815,0.128126507,0.033348969,1,1
12/19/2021,Boise High,White,4,24,0.107807614,0.114873726,0.11134067,0.041609806,1,1
12/20/2021,Boise High,Black,4,24,0.130392734,0.151649358,0.141021046,0.035403573,1,1
12/20/2021,Boise High,White,4,24,0.114461407,0.131346518,0.122903963,0.044447632,1,1
12/21/2021,Boise High,Black,4,24,0.132442381,0.148331614,0.140386998,0.036367754,1,1
12/21/2021,Boise High,White,4,24,0.113471057,0.130001232,0.121736145,0.041592861,1,1
12/22/2021,Boise High,Black,4,24,0.142802896,0.154313367,0.148558131,0.037885435,1,1
12/22/2021,Boise High,White,4,24,0.117322538,0.13317913,0.125250834,0.043238494,1,1
12/23/2021,Boise High,Black,4,24,0.150845269,0.159923825,0.155384547,0.03854355,1,1
12/23/2021,Boise High,White,4,24,0.132491292,0.15357333,0.143032311,0.051518622,1,1
12/24/2021,Boise High,Black,4,24,0.148776637,0.155670289,0.152223463,0.038489349,1,1
12/24/2021,Boise High,White,4,24,0.137126736,0.14961018,0.143368458,0.049848235,1,1
12/25/2021,Boise High,Black,4,24,0.133686598,0.14710512,0.140395859,0.036628692,1,1
12/25/2021,Boise High,White,4,24,0.117494272,0.134778116,0.126136194,0.036505547,1,1
12/26/2021,Boise High,Black,4,24,0.132588763,0.139205568,0.135897165,0.037983413,1,1
12/26/2021,Boise High,White,4,24,0.109493317,0.121863002,0.11567816,0.028981203,1,1
12/27/2021,Boise High,Black,4,24,0.115726635,0.132037772,0.123882203,0.042498997,1,1
12/27/2021,Boise High,White,4,24,0.094562463,0.108241584,0.101402024,0.026526964,1,1
12/28/2021,Boise High,Black,4,24,0.098464697,0.114601672,0.106533184,0.045332079,1,1
12/28/2021,Boise High,White,4,24,0.079166014,0.09396659,0.086566302,0.029063414,1,1
12/29/2021,Boise High,Black,4,24,0.09560803,0.099711264,0.097659647,0.042858889,1,1
12/29/2021,Boise High,White,4,24,0.07589831,0.079909669,0.07790399,0.029269523,1,1
12/30/2021,Boise High,Black,4,24,0.091332434,0.096037425,0.093684929,0.040169464,1,1
12/30/2021,Boise High,White,4,24,0.071079599,0.076647091,0.073863345,0.025767437,1,1
12/31/2021,Boise High,Black,4,24,0.087851095,0.094252626,0.091051861,0.037913371,1,1
12/31/2021,Boise High,White,4,24,0.064032865,0.073486531,0.068759698,0.020815327,1,1
1/1/2022,Boise High,Black,4,24,0.076378472,0.086558091,0.081468281,0.032344028,1,1
1/1/2022,Boise High,White,4,24,0.054199629,0.062814699,0.058507164,0.013669869,1,1
1/2/2022,Boise High,Black,4,24,0.075347573,0.07814555,0.076746561,0.026615895,1,1
1/2/2022,Boise High,White,4,24,0.053449851,0.05631241,0.054881131,0.011519619,1,1
1/3/2022,Boise High,Black,4,24,0.076935221,0.080469422,0.078702321,0.025648066,1,1
1/3/2022,Boise High,White,4,24,0.055070859,0.058796288,0.056933574,0.011970763,1,1
1/4/2022,Boise High,Black,4,24,0.080949016,0.085326646,0.083137831,0.025378193,1,1
1/4/2022,Boise High,White,4,24,0.059284547,0.062492259,0.060888403,0.013453966,1,1
1/5/2022,Boise High,Black,4,24,0.085447488,0.092244629,0.088846059,0.026547014,1,1
1/5/2022,Boise High,White,4,24,0.061347057,0.098778144,0.080062601,0.04270545,1,1
1/6/2022,Boise High,Black,4,24,0.092597667,0.197439443,0.145018555,0.051663481,1,1
1/6/2022,Boise High,White,4,24,0.079180522,0.168853004,0.124016763,0.016338828,1,1
1/7/2022,Boise High,Black,4,24,0.169748167,0.223202586,0.196475376,0.041029555,1,1
1/7/2022,Boise High,White,4,24,0.136274364,0.162557509,0.149415936,0.024950886,1,1
1/8/2022,Boise High,Black,4,24,0.167051464,0.188138239,0.177594852,0.027044944,1,1
1/8/2022,Boise High,White,4,24,0.103969216,0.138646062,0.121307639,0.009884421,1,1
1/9/2022,Boise High,Black,4,24,0.11145699,0.165395731,0.138426361,0.029528155,1,1
1/9/2022,Boise High,White,4,24,0.083453173,0.101828668,0.092640921,0.01857879,1,1
1/10/2022,Boise High,Black,4,24,0.101567373,0.117184596,0.109375984,0.025095343,1,1
1/10/2022,Boise High,White,4,24,0.079040367,0.088025816,0.083533091,0.014022741,1,1
1/11/2022,Boise High,Black,4,24,0.107960528,0.119879553,0.11392004,0.025679749,1,1
1/11/2022,Boise High,White,4,24,0.082897153,0.092741255,0.087819204,0.013466517,1,1
1/12/2022,Boise High,Black,4,24,0.119735422,0.139262451,0.129498936,0.023688085,1,1
1/12/2022,Boise High,White,4,24,0.087904273,0.097420732,0.092662502,0.013047361,1,1
1/13/2022,Boise High,Black,4,24,0.134159092,0.218095731,0.176127411,0.023635123,1,1
1/13/2022,Boise High,White,4,24,0.09450957,0.106157513,0.100333542,0.01035946,1,1
1/14/2022,Boise High,Black,4,24,0.170392253,0.279440921,0.224916587,0.022064929,1,1
1/14/2022,Boise High,White,4,24,0.103617836,0.107167918,0.105392877,0.009652736,1,1
1/15/2022,Boise High,Black,4,24,0.144447768,0.251167841,0.197807805,0.023503582,1,1
1/15/2022,Boise High,White,4,24,0.086115437,0.104164336,0.095139886,0.011901171,1,1
1/16/2022,Boise High,Black,4,24,0.121560793,0.174538646,0.14804972,0.028919131,1,1
1/16/2022,Boise High,White,4,24,0.082884258,0.091687139,0.087285698,0.013668573,1,1
1/17/2022,Boise High,Black,4,24,0.105048921,0.135023274,0.120036097,0.032244303,1,1
1/17/2022,Boise High,White,4,24,0.083839003,0.091919042,0.087879023,0.013763028,1,1
1/18/2022,Boise High,Black,4,24,0.083064651,0.134043327,0.108553989,0.017100135,1,1
1/18/2022,Boise High,White,4,24,0.081563091,0.090152472,0.085857782,0.013923782,1,1
1/19/2022,Boise High,Black,4,24,0.084208877,0.109183073,0.096695975,0.017683202,1,1
1/19/2022,Boise High,White,4,24,0.082882795,0.091916922,0.087399859,0.013869713,1,1
1/20/2022,Boise High,Black,4,24,0.099752797,0.140577259,0.120165028,0.031684932,1,1
1/20/2022,Boise High,White,4,24,0.087184733,0.097297972,0.092241352,0.013466319,1,1
1/21/2022,Boise High,Black,4,24,0.115567042,0.13693754,0.126252291,0.030394991,1,1
1/21/2022,Boise High,White,4,24,0.090700522,0.09776397,0.094232246,0.014224345,1,1
1/22/2022,Boise High,Black,4,24,0.086826085,0.132808331,0.109817208,0.025405686,1,1
1/22/2022,Boise High,White,4,24,0.081575206,0.09296027,0.087267738,0.014053098,1,1
1/23/2022,Boise High,Black,4,24,0.078956498,0.149168268,0.114062383,0.045543886,1,1
1/23/2022,Boise High,White,4,24,0.082173945,0.091326574,0.08675026,0.013715255,1,1
1/24/2022,Boise High,Black,4,24,0.07526066,0.122410195,0.098835427,0.033794146,1,1
1/24/2022,Boise High,White,4,24,0.082300162,0.092618641,0.087459401,0.013575574,1,1
1/25/2022,Boise High,Black,4,24,0.0565966,0.095768981,0.076182791,0.031615553,1,1
1/25/2022,Boise High,White,4,24,0.079781776,0.089559043,0.08467041,0.013576554,1,1
1/26/2022,Boise High,Black,4,24,0.04637663,0.070115989,0.058246309,0.034499137,1,1
1/26/2022,Boise High,White,4,24,0.078698535,0.086718498,0.082708516,0.01362854,1,1
1/27/2022,Boise High,Black,4,24,0.041351115,0.05634791,0.048849513,0.033347513,1,1
1/27/2022,Boise High,White,4,24,0.075937396,0.0838637,0.079900548,0.013306045,1,1
1/28/2022,Boise High,Black,4,24,0.039323615,0.051759439,0.045541527,0.031265945,1,1
1/28/2022,Boise High,White,4,24,0.07496956,0.082798412,0.078883986,0.013059587,1,1
1/29/2022,Boise High,Black,4,24,0.036129286,0.048998946,0.042564116,0.030973538,1,1
1/29/2022,Boise High,White,4,24,0.073034346,0.081492303,0.077263325,0.012627761,1,1
1/30/2022,Boise High,Black,4,24,0.035225213,0.050347647,0.04278643,0.031444568,1,1
1/30/2022,Boise High,White,4,24,0.07242479,0.082926234,0.077675512,0.01271739,1,1
1/31/2022,Boise High,Black,4,24,0.04450446,0.055130074,0.049817267,0.035134732,1,1
1/31/2022,Boise High,White,4,24,0.080407383,0.087329766,0.083868574,0.012300012,1,1
2/1/2022,Boise High,Black,4,24,0.035920702,0.048106818,0.04201376,0.035299208,1,1
2/1/2022,Boise High,White,4,24,0.075707477,0.08268276,0.079195119,0.012593818,1,1
2/2/2022,Boise High,Black,4,24,0.034149732,0.042218537,0.038184134,0.032578732,1,1
2/2/2022,Boise High,White,4,24,0.075952001,0.081844816,0.078898408,0.012536256,1,1
2/3/2022,Boise High,Black,4,24,0.037561642,0.04573552,0.041648581,0.033923069,1,1
2/3/2022,Boise High,White,4,24,0.078728328,0.086251505,0.082489916,0.012546781,1,1
2/4/2022,Boise High,Black,4,24,0.035417961,0.052242469,0.043830215,0.033815516,1,1
2/4/2022,Boise High,White,4,24,0.077511789,0.088270912,0.082891351,0.012774542,1,1
2/5/2022,Boise High,Black,4,24,0.03714134,0.062513047,0.049827194,0.035409704,1,1
2/5/2022,Boise High,White,4,24,0.080043975,0.090626763,0.085335369,0.012757008,1,1
2/6/2022,Boise High,Black,4,24,0.028677261,0.061501834,0.045089547,0.04131935,1,1
2/6/2022,Boise High,White,4,24,0.07931638,0.091914827,0.085615603,0.013162626,1,1
2/7/2022,Boise High,Black,4,24,0.023615705,0.058081514,0.040848609,0.042809348,1,1
2/7/2022,Boise High,White,4,24,0.083275033,0.09554836,0.089411696,0.012960349,1,1
2/8/2022,Boise High,Black,4,24,0.019599837,0.049658254,0.034629045,0.031439266,1,1
2/8/2022,Boise High,White,4,24,0.086139914,0.098563883,0.092351899,0.013126392,1,1
2/9/2022,Boise High,Black,4,24,0.023917337,0.05253558,0.038226458,0.03204847,1,1
2/9/2022,Boise High,White,4,24,0.093770122,0.109178899,0.101474511,0.018316223,1,1
2/10/2022,Boise High,Black,4,24,0.032705372,0.048556343,0.040630857,0.03114252,1,1
2/10/2022,Boise High,White,4,24,0.108179679,0.167875579,0.138027629,0.048689095,1,1
2/11/2022,Boise High,Black,4,24,0.033238725,0.046472853,0.039855789,0.030061627,1,1
2/11/2022,Boise High,White,4,24,0.134131666,0.189465698,0.161798682,0.049270996,1,1
2/12/2022,Boise High,Black,4,24,0.024850674,0.044695102,0.034772888,0.029046531,1,1
2/12/2022,Boise High,White,4,24,0.107399629,0.167199388,0.137299509,0.039105123,1,1
2/13/2022,Boise High,Black,4,24,0.022603817,0.042774035,0.032688926,0.029624647,1,1
2/13/2022,Boise High,White,4,24,0.091569221,0.138749113,0.115159167,0.043818902,1,1
2/14/2022,Boise High,Black,4,24,0.037233663,0.042639158,0.03993641,0.030703732,1,1
2/14/2022,Boise High,White,4,24,0.111367616,0.120871843,0.116119729,0.039500072,1,1
2/15/2022,Boise High,Black,4,24,0.031394879,0.044334609,0.037864744,0.030461482,1,1
2/15/2022,Boise High,White,4,24,0.099031243,0.113543033,0.106287138,0.039517846,1,1
2/16/2022,Boise High,Black,4,24,0.023268919,0.035409667,0.029339293,0.026691649,1,1
2/16/2022,Boise High,White,4,24,0.08468059,0.097093699,0.090887145,0.035954372,1,1
2/17/2022,Boise High,Black,4,24,0.014060614,0.040973033,0.027516823,0.02219402,1,1
2/17/2022,Boise High,White,4,24,0.067085909,0.097443631,0.08226477,0.033792663,1,1
2/18/2022,Boise High,Black,4,24,0.021480034,0.045072624,0.033276329,0.028379156,1,1
2/18/2022,Boise High,White,4,24,0.059034016,0.350041557,0.204537787,0.061918291,1,1
2/19/2022,Boise High,Black,4,24,0.028074932,0.040557773,0.034316353,0.028976001,1,1
2/19/2022,Boise High,White,4,24,0.089764731,0.15305105,0.121407891,0.040809721,1,1
2/20/2022,Boise High,Black,4,24,0.027432069,0.037333149,0.032382609,0.027264326,1,1
2/20/2022,Boise High,White,4,24,0.083928213,0.108690411,0.096309312,0.038989658,1,1
2/21/2022,Boise High,Black,4,24,0.01494535,0.030785531,0.022865441,0.021336956,1,1
2/21/2022,Boise High,White,4,24,0.056321287,0.080757353,0.06853932,0.030406982,1,1
2/22/2022,Boise High,Black,4,24,0.007615457,0.024562193,0.016088825,0.016066913,1,1
2/22/2022,Boise High,White,4,24,0.023668953,0.054959258,0.039314106,0.019598321,1,1
2/23/2022,Boise High,Black,4,24,-0.001694602,0.016619636,0.007462517,0.005767111,1,1
2/23/2022,Boise High,White,4,24,0.017232213,0.095957046,0.05659463,0.076398692,1,1
2/24/2022,Boise High,Black,4,24,-0.000889359,0.003700455,0.001405548,0.010959423,1,1
2/24/2022,Boise High,White,4,24,0.028183854,0.033024256,0.030604055,0.028038942,1,1
2/25/2022,Boise High,Black,4,24,-0.002387288,0.014129788,0.00587125,0.012043372,1,1
2/25/2022,Boise High,White,4,24,0.026651031,0.051270501,0.038960766,0.041558014,1,1
2/26/2022,Boise High,Black,4,24,-0.002793771,0.031682994,0.014444612,0.020235709,1,1
2/26/2022,Boise High,White,4,24,0.028616664,0.05744304,0.043029852,0.048015884,1,1
2/27/2022,Boise High,Black,4,24,-0.002382505,0.023543043,0.010580269,0.014535912,1,1
2/27/2022,Boise High,White,4,24,0.032952275,0.093215185,0.06308373,0.06755674,1,1
2/28/2022,Boise High,Black,4,24,0.019017895,0.023331749,0.021174822,0.022428362,1,1
2/28/2022,Boise High,White,4,24,0.052463704,0.131131913,0.091797808,0.078149952,1,1
3/1/2022,Boise High,Black,4,24,0.01953752,0.022298712,0.020918116,0.022258063,1,1
3/1/2022,Boise High,White,4,24,0.072403949,0.079033433,0.075718691,0.038610199,1,1
3/2/2022,Boise High,Black,4,24,0.019020768,0.021646769,0.020333769,0.021912764,1,1
3/2/2022,Boise High,White,4,24,0.069018877,0.07402823,0.071523554,0.037837964,1,1
3/3/2022,Boise High,Black,4,24,0.018632722,0.021527194,0.020079958,0.021484058,1,1
3/3/2022,Boise High,White,4,24,0.065860754,0.071115557,0.068488155,0.037607225,1,1
3/4/2022,Boise High,Black,4,24,0.01679354,0.019566801,0.01818017,0.020841346,1,1
3/4/2022,Boise High,White,4,24,0.057820509,0.066191814,0.062006161,0.03548553,1,1
3/5/2022,Boise High,Black,4,24,0.004064391,0.018010999,0.011037695,0.017163166,1,1
3/5/2022,Boise High,White,4,24,0.030127285,0.055700409,0.042913847,0.027916102,1,1
3/6/2022,Boise High,Black,4,24,0.002857788,0.016049796,0.009453792,0.016155601,1,1
3/6/2022,Boise High,White,4,24,0.021756344,0.045986427,0.033871386,0.02928293,1,1
3/7/2022,Boise High,Black,4,24,-0.00089901,0.016709833,0.007905412,0.014681287,1,1
3/7/2022,Boise High,White,4,24,0.013754218,0.045683469,0.029718843,0.028755509,1,1
3/8/2022,Boise High,Black,4,24,0.008863103,0.015239917,0.01205151,0.018176764,1,1
3/8/2022,Boise High,White,4,24,0.020904509,0.032490111,0.02669731,0.02285946,1,1
3/9/2022,Boise High,Black,4,24,0.011658725,0.020097596,0.01587816,0.015972057,1,1
3/9/2022,Boise High,White,4,24,0.025427027,0.030387447,0.027907237,0.022669427,1,1
3/10/2022,Boise High,Black,4,24,0.007290466,0.0170626,0.012176533,0.014244665,1,1
3/10/2022,Boise High,White,4,24,0.020348696,0.028526156,0.024437426,0.022571842,1,1
3/11/2022,Boise High,Black,4,24,0.003541903,0.036699645,0.020120774,0.020616827,1,1
3/11/2022,Boise High,White,4,24,0.018761687,0.076558686,0.047660186,0.058231104,1,1
3/12/2022,Boise High,Black,4,24,0.019183857,0.027397467,0.023290662,0.021334014,1,1
3/12/2022,Boise High,White,4,24,0.038688988,0.059044037,0.048866513,0.040988502,1,1
3/13/2022,Boise High,Black,4,24,0.022563674,0.027809521,0.025186598,0.022056102,1,1
3/13/2022,Boise High,White,4,24,0.045590349,0.049773825,0.047682087,0.039450194,1,1
3/14/2022,Boise High,Black,4,24,0.017422829,0.138456792,0.07793981,0.013827357,1,1
3/14/2022,Boise High,White,4,24,0.022756746,0.160996404,0.091876575,0.028048762,1,1
3/15/2022,Boise High,Black,4,24,0.12962861,0.135851696,0.132740153,0.008056906,1,1
3/15/2022,Boise High,White,4,24,0.155153872,0.158370165,0.156762019,0.04319966,1,1
3/16/2022,Boise High,Black,4,24,0.12631925,0.133565217,0.129942234,0.008254478,1,1
3/16/2022,Boise High,White,4,24,0.151323533,0.156025851,0.153674692,0.042755864,1,1
3/17/2022,Boise High,Black,4,24,0.121759299,0.132903855,0.127331577,0.008836562,1,1
3/17/2022,Boise High,White,4,24,0.143082406,0.152886679,0.147984543,0.041385189,1,1
3/18/2022,Boise High,Black,4,24,0.123541605,0.132683173,0.128112389,0.008879148,1,1
3/18/2022,Boise High,White,4,24,0.146488894,0.15292179,0.149705342,0.04107096,1,1
3/19/2022,Boise High,Black,4,24,0.123204773,0.12906515,0.126134962,0.009053701,1,1
3/19/2022,Boise High,White,4,24,0.147358773,0.152019355,0.149689064,0.041380631,1,1
3/20/2022,Boise High,Black,4,24,0.123430533,0.132244296,0.127837415,0.008934855,1,1
3/20/2022,Boise High,White,4,24,0.141487889,0.153304871,0.14739638,0.041266822,1,1
3/21/2022,Boise High,Black,4,24,0.122532779,0.12895173,0.125742255,0.009343915,1,1
3/21/2022,Boise High,White,4,24,0.140028523,0.147178609,0.143603566,0.040633201,1,1
3/22/2022,Boise High,Black,4,24,0.124087961,0.135287885,0.129687923,0.009585795,1,1
3/22/2022,Boise High,White,4,24,0.143984407,0.150562182,0.147273295,0.040465192,1,1
3/23/2022,Boise High,Black,4,24,0.122532684,0.135173302,0.128852993,0.009745568,1,1
3/23/2022,Boise High,White,4,24,0.142940974,0.150685443,0.146813208,0.040165146,1,1
3/24/2022,Boise High,Black,4,24,0.121406285,0.133311886,0.127359086,0.01050824,1,1
3/24/2022,Boise High,White,4,24,0.142448185,0.148588819,0.145518502,0.039816214,1,1
3/25/2022,Boise High,Black,4,24,0.120391319,0.131336048,0.125863683,0.011117056,1,1
3/25/2022,Boise High,White,4,24,0.14087767,0.147235001,0.144056335,0.039427691,1,1
3/26/2022,Boise High,Black,4,24,0.118252479,0.131432166,0.124842322,0.011848278,1,1
3/26/2022,Boise High,White,4,24,0.138745686,0.145875467,0.142310577,0.039228397,1,1
3/27/2022,Boise High,Black,4,24,0.116452105,0.124706756,0.120579431,0.012082553,1,1
3/27/2022,Boise High,White,4,24,0.136834152,0.141103424,0.138968788,0.038896074,1,1
3/28/2022,Boise High,Black,4,24,0.113960795,0.12226293,0.118111863,0.012335803,1,1
3/28/2022,Boise High,White,4,24,0.134655248,0.139396887,0.137026068,0.038995764,1,1
3/29/2022,Boise High,Black,4,24,0.112258092,0.120246546,0.116252319,0.012666328,1,1
3/29/2022,Boise High,White,4,24,0.13293292,0.137996694,0.135464807,0.038935753,1,1
3/30/2022,Boise High,Black,4,24,0.109185899,0.11552416,0.112355029,0.01289282,1,1
3/30/2022,Boise High,White,4,24,0.130206881,0.134233031,0.132219956,0.038834203,1,1
3/31/2022,Boise High,Black,4,24,0.106329452,0.119895332,0.113112392,0.013032775,1,1
3/31/2022,Boise High,White,4,24,0.127126507,0.134216875,0.130671691,0.039112591,1,1
4/1/2022,Boise High,Black,4,24,0.105171984,0.120895743,0.113033864,0.013451217,1,1
4/1/2022,Boise High,White,4,24,0.124268487,0.133360863,0.128814675,0.039003639,1,1
4/2/2022,Boise High,Black,4,24,0.108373577,0.119211683,0.11379263,0.0137945,1,1
4/2/2022,Boise High,White,4,24,0.125866182,0.13239412,0.129130151,0.038468894,1,1
4/3/2022,Boise High,Black,4,24,0.104472168,0.117636839,0.111054503,0.014026645,1,1
4/3/2022,Boise High,White,4,24,0.122553116,0.130662665,0.12660789,0.038371321,1,1
4/4/2022,Boise High,Black,4,24,0.104918579,0.109602582,0.10726058,0.01443365,1,1
4/4/2022,Boise High,White,4,24,0.121822204,0.125348136,0.12358517,0.037459546,1,1
4/5/2022,Boise High,Black,4,24,0.102041611,0.110279214,0.106160413,0.014503246,1,1
4/5/2022,Boise High,White,4,24,0.118626671,0.123371763,0.120999217,0.037053502,1,1
4/6/2022,Boise High,Black,4,24,0.098576434,0.117286915,0.107931674,0.014294971,1,1
4/6/2022,Boise High,White,4,24,0.113642795,0.125113375,0.119378085,0.037751416,1,1
4/7/2022,Boise High,Black,4,24,0.10145363,0.119753193,0.110603412,0.014852037,1,1
4/7/2022,Boise High,White,4,24,0.115939481,0.127647171,0.121793326,0.037285297,1,1
4/8/2022,Boise High,Black,4,24,0.105482494,0.115476197,0.110479346,0.015187361,1,1
4/8/2022,Boise High,White,4,24,0.118878443,0.125922205,0.122400324,0.03674336,1,1
4/9/2022,Boise High,Black,4,24,0.099947535,0.10993197,0.104939752,0.01491734,1,1
4/9/2022,Boise High,White,4,24,0.114283409,0.120277576,0.117280493,0.036686933,1,1
4/10/2022,Boise High,Black,4,24,0.098089103,0.102971492,0.100530297,0.014138571,1,1
4/10/2022,Boise High,White,4,24,0.112129554,0.119092284,0.115610919,0.039243621,1,1
4/11/2022,Boise High,Black,4,24,0.102034958,0.116992369,0.109513664,0.016132062,1,1
4/11/2022,Boise High,White,4,24,0.117091369,0.130618004,0.123854687,0.039642343,1,1
4/12/2022,Boise High,Black,4,24,0.112976719,0.141477209,0.127226964,0.019355556,1,1
4/12/2022,Boise High,White,4,24,0.125173224,0.161057003,0.143115113,0.066178899,1,1
4/13/2022,Boise High,Black,4,24,0.11942854,0.136658544,0.128043542,0.015763723,1,1
4/13/2022,Boise High,White,4,24,0.126457615,0.164785322,0.145621468,0.068852063,1,1
4/14/2022,Boise High,Black,4,24,0.126880672,0.146222603,0.136551637,0.012990329,1,1
4/14/2022,Boise High,White,4,24,0.134136975,0.163759457,0.148948216,0.064336704,1,1
4/15/2022,Boise High,Black,4,24,0.133619804,0.14269235,0.138156077,0.012073761,1,1
4/15/2022,Boise High,White,4,24,0.142077899,0.148389643,0.145233771,0.048961579,1,1
4/16/2022,Boise High,Black,4,24,0.132962447,0.142590877,0.137776662,0.011976025,1,1
4/16/2022,Boise High,White,4,24,0.143163569,0.153932944,0.148548257,0.050976269,1,1
4/17/2022,Boise High,Black,4,24,0.129682299,0.140659675,0.135170987,0.011845648,1,1
4/17/2022,Boise High,White,4,24,0.140405346,0.148127951,0.144266648,0.047021002,1,1
4/18/2022,Boise High,Black,4,24,0.12770845,0.13471666,0.131212555,0.01146736,1,1
4/18/2022,Boise High,White,4,24,0.140323916,0.145337746,0.142830831,0.045756472,1,1
4/19/2022,Boise High,Black,4,24,0.12506102,0.146542426,0.135801723,0.011082318,1,1
4/19/2022,Boise High,White,4,24,0.139026344,0.162430007,0.150728175,0.056136034,1,1
4/20/2022,Boise High,Black,4,24,0.135479935,0.143140402,0.139310168,0.011198018,1,1
4/20/2022,Boise High,White,4,24,0.14692254,0.152259618,0.149591079,0.045655649,1,1
4/21/2022,Boise High,Black,4,24,0.133307479,0.138516959,0.135912219,0.01109637,1,1
4/21/2022,Boise High,White,4,24,0.146218065,0.14949712,0.147857592,0.045012585,1,1
4/22/2022,Boise High,Black,4,24,0.129914906,0.138944477,0.134429691,0.011211071,1,1
4/22/2022,Boise High,White,4,24,0.144047705,0.14921627,0.146631988,0.044424656,1,1
4/23/2022,Boise High,Black,4,24,0.126498288,0.134502962,0.130500625,0.011249243,1,1
4/23/2022,Boise High,White,4,24,0.141594958,0.146207768,0.143901363,0.044141462,1,1
4/24/2022,Boise High,Black,4,24,0.123168986,0.139362074,0.13126553,0.011801543,1,1
4/24/2022,Boise High,White,4,24,0.138168471,0.147803003,0.142985737,0.044105939,1,1
4/25/2022,Boise High,Black,4,24,0.123714793,0.132411849,0.128063321,0.012217712,1,1
4/25/2022,Boise High,White,4,24,0.139123291,0.144445399,0.141784345,0.043246621,1,1
4/26/2022,Boise High,Black,4,24,0.122154579,0.130651038,0.126402808,0.012572598,1,1
4/26/2022,Boise High,White,4,24,0.138278669,0.145356558,0.141817614,0.042691968,1,1
4/27/2022,Boise High,Black,4,24,0.11915186,0.131760145,0.125456003,0.011800825,1,1
4/27/2022,Boise High,White,4,24,0.137869261,0.144406656,0.141137959,0.042494589,1,1
4/28/2022,Boise High,Black,4,24,0.118363539,0.139905065,0.129134302,0.010678854,1,1
4/28/2022,Boise High,White,4,24,0.13668889,0.163579276,0.150134083,0.057236192,1,1
4/29/2022,Boise High,Black,4,24,0.127678236,0.137187919,0.132433077,0.01304075,1,1
4/29/2022,Boise High,White,4,24,0.144401316,0.149975708,0.147188512,0.043939976,1,1
4/30/2022,Boise High,Black,4,24,0.125709092,0.160962144,0.143335618,0.017181822,1,1
4/30/2022,Boise High,White,4,24,0.14118219,0.182411417,0.161796804,0.067901137,1,1
5/1/2022,Boise High,Black,4,24,0.142593993,0.166589573,0.154591783,0.015324335,1,1
5/1/2022,Boise High,White,4,24,0.157900121,0.179579604,0.168739863,0.061796506,1,1
5/2/2022,Boise High,Black,4,24,0.143345613,0.148036178,0.145690896,0.011400548,1,1
5/2/2022,Boise High,White,4,24,0.147596739,0.176296636,0.161946688,0.058980517,1,1
5/3/2022,Boise High,Black,4,24,0.147709958,0.185525969,0.166617963,0.013241584,1,1
5/3/2022,Boise High,White,4,24,0.151662067,0.201597214,0.17662964,0.058604118,1,1
5/4/2022,Boise High,Black,4,24,0.15538986,0.166412175,0.160901017,0.012545256,1,1
5/4/2022,Boise High,White,4,24,0.163404591,0.170891859,0.167148225,0.039199271,1,1
5/5/2022,Boise High,Black,4,24,0.153205082,0.157573968,0.155389525,0.011650414,1,1
5/5/2022,Boise High,White,4,24,0.162135087,0.165559191,0.163847139,0.037776036,1,1
5/6/2022,Boise High,Black,4,24,0.150251463,0.156641036,0.15344625,0.011761116,1,1
5/6/2022,Boise High,White,4,24,0.159510504,0.166975047,0.163242776,0.039613865,1,1
5/7/2022,Boise High,Black,4,24,0.15067669,0.159142368,0.154909529,0.010966966,1,1
5/7/2022,Boise High,White,4,24,0.160295788,0.173825927,0.167060858,0.046634979,1,1
5/8/2022,Boise High,Black,4,24,0.149083946,0.15766358,0.153373763,0.012390104,1,1
5/8/2022,Boise High,White,4,24,0.159086213,0.163698912,0.161392562,0.036958916,1,1
5/9/2022,Boise High,Black,4,24,0.144399937,0.150664534,0.147532236,0.012224695,1,1
5/9/2022,Boise High,White,4,24,0.154020334,0.159100913,0.156560623,0.036629639,1,1
5/10/2022,Boise High,Black,4,24,0.140121706,0.150137533,0.145129619,0.011929429,1,1
5/10/2022,Boise High,White,4,24,0.144550728,0.155686643,0.150118685,0.038065983,1,1
5/11/2022,Boise High,Black,4,24,0.140663434,0.147605885,0.144134659,0.011622291,1,1
5/11/2022,Boise High,White,4,24,0.143990923,0.14911506,0.146552991,0.040097253,1,1
5/12/2022,Boise High,Black,4,24,0.138731964,0.147290912,0.143011438,0.01128646,1,1
5/12/2022,Boise High,White,4,24,0.143053353,0.150890566,0.14697196,0.039124269,1,1
5/13/2022,Boise High,Black,4,24,0.140144415,0.148238093,0.144191254,0.011138512,1,1
5/13/2022,Boise High,White,4,24,0.146224936,0.151299834,0.148762385,0.038550918,1,1
5/14/2022,Boise High,Black,4,24,0.138414003,0.145166218,0.141790111,0.011016739,1,1
5/14/2022,Boise High,White,4,24,0.145718643,0.149948208,0.147833426,0.038272148,1,1
5/15/2022,Boise High,Black,4,24,0.135495652,0.14760289,0.141549271,0.011067596,1,1
5/15/2022,Boise High,White,4,24,0.143830687,0.151840111,0.147835399,0.038070615,1,1
5/16/2022,Boise High,Black,4,24,0.133091666,0.142917532,0.138004599,0.011235366,1,1
5/16/2022,Boise High,White,4,24,0.141703386,0.148387771,0.145045578,0.03796815,1,1
5/17/2022,Boise High,Black,4,24,0.128160441,0.143443126,0.135801784,0.011417999,1,1
5/17/2022,Boise High,White,4,24,0.138479386,0.147852156,0.143165771,0.038142186,1,1
5/18/2022,Boise High,Black,4,24,0.125390196,0.13491923,0.130154713,0.011848392,1,1
5/18/2022,Boise High,White,4,24,0.135630993,0.142255967,0.13894348,0.037418835,1,1
5/19/2022,Boise High,Black,4,24,0.118914269,0.126481466,0.122697867,0.012242732,1,1
5/19/2022,Boise High,White,4,24,0.129025104,0.136070227,0.132547665,0.03682129,1,1
5/20/2022,Boise High,Black,4,24,0.115653735,0.13032113,0.122987432,0.012630205,1,1
5/20/2022,Boise High,White,4,24,0.126279376,0.136202103,0.131240739,0.036634251,1,1
5/21/2022,Boise High,Black,4,24,0.116318764,0.125017753,0.120668259,0.01326626,1,1
5/21/2022,Boise High,White,4,24,0.126737889,0.132637864,0.129687876,0.036377424,1,1
5/22/2022,Boise High,Black,3,24,0.115813238,0.127087047,0.121450142,0.015438963,1,1
5/22/2022,Boise High,White,4,24,0.12321944,0.133304307,0.128261873,0.037169789,1,1
5/23/2022,Boise High,Black,3,24,0.113840031,0.125596526,0.119718278,0.01630477,1,1
5/23/2022,Boise High,White,4,24,0.120552231,0.130279643,0.125415937,0.037974625,1,1
5/24/2022,Boise High,Black,3,24,0.111867373,0.125151493,0.118509433,0.016609831,1,1
5/24/2022,Boise High,White,4,24,0.119599905,0.130278431,0.124939168,0.037554468,1,1
5/25/2022,Boise High,Black,3,24,0.109578195,0.122630196,0.116104196,0.017135759,1,1
5/25/2022,Boise High,White,4,24,0.118955538,0.130299218,0.124627378,0.037163715,1,1
5/26/2022,Boise High,Black,3,24,0.105768484,0.116351898,0.111060191,0.017398471,1,1
5/26/2022,Boise High,White,4,24,0.118402744,0.127900409,0.123151576,0.037050965,1,1
5/27/2022,Boise High,Black,3,24,0.100568155,0.107425441,0.103996798,0.016766937,1,1
5/27/2022,Boise High,White,4,24,0.11640322,0.122391583,0.119397402,0.036860533,1,1
5/28/2022,Boise High,Black,3,24,0.097942101,0.103927883,0.100934992,0.016092585,1,1
5/28/2022,Boise High,White,4,24,0.116408968,0.126210302,0.121309635,0.041432431,1,1
5/29/2022,Boise High,Black,3,24,0.09623676,0.136851067,0.116543914,0.009963928,1,1
5/29/2022,Boise High,White,4,24,0.118743531,0.16134131,0.14004242,0.059858253,1,1
5/30/2022,Boise High,Black,3,24,0.129855663,0.157900006,0.143877834,0.0061703,1,1
5/30/2022,Boise High,White,4,24,0.138600335,0.172952363,0.155776349,0.062123664,1,1
5/31/2022,Boise High,Black,3,24,0.137736018,0.147997722,0.14286687,0.015532124,1,1
5/31/2022,Boise High,White,4,24,0.142011065,0.148014057,0.145012561,0.04017225,1,1
6/1/2022,Boise High,Black,3,24,0.133542982,0.147985583,0.140764282,0.015718576,1,1
6/1/2022,Boise High,White,4,24,0.139570937,0.148728663,0.1441498,0.039391434,1,1
6/2/2022,Boise High,Black,3,24,0.129567452,0.138702589,0.13413502,0.01699925,1,1
6/2/2022,Boise High,White,4,24,0.139308674,0.144833805,0.14207124,0.038791102,1,1
6/3/2022,Boise High,Black,3,24,0.12364356,0.134908435,0.129275997,0.018680418,1,1
6/3/2022,Boise High,White,4,24,0.136745896,0.14434761,0.140546753,0.038299327,1,1
6/4/2022,Boise High,Black,3,24,0.119344535,0.124077539,0.121711037,0.018403422,1,1
6/4/2022,Boise High,White,4,24,0.133942503,0.138996115,0.136469309,0.038331744,1,1
6/5/2022,Boise High,Black,3,24,0.118467008,0.134663435,0.126565222,0.016930396,1,1
6/5/2022,Boise High,White,4,24,0.134818664,0.154630331,0.144724498,0.044295451,1,1
6/6/2022,Boise High,Black,3,24,0.125172541,0.139226978,0.132199759,0.017712603,1,1
6/6/2022,Boise High,White,4,24,0.14133198,0.148840116,0.145086048,0.038886414,1,1
6/7/2022,Boise High,Black,3,24,0.121078581,0.135150515,0.128114548,0.020532615,1,1
6/7/2022,Boise High,White,4,24,0.137680968,0.147196397,0.142438683,0.038601683,1,1
6/8/2022,Boise High,Black,3,24,0.117794268,0.131576692,0.12468548,0.021947566,1,1
6/8/2022,Boise High,White,4,24,0.136538811,0.157862077,0.147200444,0.047557664,1,1
6/9/2022,Boise High,Black,3,24,0.118171232,0.131602675,0.124886954,0.023083813,1,1
6/9/2022,Boise High,White,4,24,0.140501365,0.149436735,0.14496905,0.038180729,1,1
6/10/2022,Boise High,Black,3,24,0.108944761,0.121721044,0.115332903,0.024105931,1,1
6/10/2022,Boise High,White,4,24,0.137522848,0.14671638,0.142119614,0.037807434,1,1
6/11/2022,Boise High,Black,3,24,0.100246509,0.110493124,0.105369816,0.023078002,1,1
6/11/2022,Boise High,White,4,24,0.132345533,0.14066506,0.136505296,0.037617071,1,1
6/12/2022,Boise High,Black,3,24,0.097798983,0.215802923,0.156800953,0.015595942,1,1
6/12/2022,Boise High,White,4,24,0.130066173,0.242413316,0.186239745,0.044084525,1,1
6/13/2022,Boise High,Black,3,24,0.158404956,0.166655873,0.162530415,0.018616444,1,1
6/13/2022,Boise High,White,4,24,0.171283275,0.180625234,0.175954254,0.035598707,1,1
6/14/2022,Boise High,Black,3,24,0.154652566,0.162108908,0.158380737,0.01943038,1,1
6/14/2022,Boise High,White,4,24,0.166479256,0.171830192,0.169154724,0.033690538,1,1
6/15/2022,Boise High,Black,3,24,0.151311348,0.163213655,0.157262502,0.019000928,1,1
6/15/2022,Boise High,White,4,24,0.163043251,0.171678931,0.167361091,0.032793097,1,1
6/16/2022,Boise High,Black,3,24,0.14400056,0.155240178,0.149620369,0.017542685,1,1
6/16/2022,Boise High,White,4,24,0.158444503,0.168402474,0.163423489,0.031750962,1,1
6/17/2022,Boise High,Black,3,24,0.136581406,0.147138993,0.141860199,0.015788989,1,1
6/17/2022,Boise High,White,4,24,0.152629104,0.160514295,0.156571699,0.031720673,1,1
6/18/2022,Boise High,Black,3,24,0.132373534,0.143164213,0.137768873,0.015719682,1,1
6/18/2022,Boise High,White,4,24,0.148174154,0.156571118,0.152372636,0.032163863,1,1
6/19/2022,Boise High,Black,3,24,0.126829257,0.135279842,0.131054549,0.014681228,1,1
6/19/2022,Boise High,White,4,24,0.143700754,0.150189107,0.146944931,0.032391334,1,1
6/20/2022,Boise High,Black,3,24,0.123288495,0.133810359,0.128549427,0.015027348,1,1
6/20/2022,Boise High,White,4,24,0.140468542,0.14942757,0.144948056,0.032874319,1,1
6/21/2022,Boise High,Black,3,24,0.119395127,0.130885037,0.125140082,0.015998953,1,1
6/21/2022,Boise High,White,4,24,0.135394219,0.146977102,0.141185661,0.033218967,1,1
6/22/2022,Boise High,Black,3,18.66666667,0.113840493,0.124675453,0.119257973,0.016760828,1,0
6/22/2022,Boise High,White,4,24,0.129818214,0.143017896,0.136418055,0.033864314,1,1
6/23/2022,Boise High,Black,2,12.5,0.110550363,0.117762163,0.114156263,0.022256252,0,0
6/23/2022,Boise High,White,4,24,0.127253985,0.138316995,0.13278549,0.035319116,1,1
6/24/2022,Boise High,Black,1,24,0.084095843,0.09730003,0.090697937,NA,0,1
6/24/2022,Boise High,White,4,24,0.122213205,0.133129148,0.127671177,0.033871776,1,1
6/25/2022,Boise High,Black,1,24,0.077862591,0.092618756,0.085240673,NA,0,1
6/25/2022,Boise High,White,4,24,0.118188443,0.129683055,0.123935749,0.03465101,1,1
6/26/2022,Boise High,Black,1,24,0.073994078,0.087425128,0.080709603,NA,0,1
6/26/2022,Boise High,White,4,24,0.115694894,0.127669424,0.121682159,0.0353531,1,1
6/27/2022,Boise High,Black,1,24,0.070100546,0.081706196,0.075903371,NA,0,1
6/27/2022,Boise High,White,4,24,0.111944424,0.122329656,0.11713704,0.036111307,1,1
6/28/2022,Boise High,Black,1,24,0.0666731,0.076414824,0.071543962,NA,0,1
6/28/2022,Boise High,White,4,24,0.105988175,0.115900902,0.110944538,0.037232813,1,1
6/29/2022,Boise High,Black,1,24,0.061743248,0.075447693,0.068595471,NA,0,1
6/29/2022,Boise High,White,4,24,0.100299025,0.111430423,0.105864724,0.038546316,1,1
6/30/2022,Boise High,Black,1,24,0.058766339,0.072050445,0.065408392,NA,0,1
6/30/2022,Boise High,White,4,24,0.096757307,0.106849989,0.101803648,0.039537091,1,1
7/1/2022,Boise High,Black,1,24,0.05627466,0.070588611,0.063431635,NA,0,1
7/1/2022,Boise High,White,4,24,0.093176128,0.104911288,0.099043708,0.041376761,1,1
7/2/2022,Boise High,Black,1,24,0.05627466,0.066181891,0.061228275,NA,0,1
7/2/2022,Boise High,White,4,24,0.089869661,0.098207325,0.094038493,0.041866041,1,1
7/3/2022,Boise High,Black,1,24,0.053773019,0.064705901,0.05923946,NA,0,1
7/3/2022,Boise High,White,4,24,0.087699987,0.096985637,0.092342812,0.042882886,1,1
7/4/2022,Boise High,Black,1,8,0.051764522,0.054274146,0.053019334,NA,0,0
7/4/2022,Boise High,White,4,20,0.085485649,0.095329916,0.090407783,0.042766133,1,0
7/5/2022,Boise High,White,3,24,0.097775669,0.107599843,0.102687756,0.041764658,1,1
7/6/2022,Boise High,White,3,24,0.096824486,0.107685077,0.102254781,0.042686284,1,1
7/7/2022,Boise High,White,3,24,0.094429966,0.105642776,0.100036371,0.044030454,1,1
7/8/2022,Boise High,White,3,24,0.091423471,0.102356362,0.096889916,0.045237157,1,1
7/9/2022,Boise High,White,3,24,0.088894262,0.099455006,0.094174634,0.045303544,1,1
7/10/2022,Boise High,White,3,24,0.085919319,0.096538054,0.091228687,0.044961856,1,1
7/11/2022,Boise High,White,3,24,0.082795658,0.094987879,0.088891769,0.044494705,1,1
7/12/2022,Boise High,White,3,24,0.081054434,0.093902255,0.087478345,0.04438729,1,1
7/13/2022,Boise High,White,3,24,0.080861962,0.089885098,0.08537353,0.04434549,1,1
7/14/2022,Boise High,White,3,24,0.077401766,0.088790135,0.08309595,0.043720097,1,1
7/15/2022,Boise High,White,3,24,0.075972636,0.085837266,0.080904951,0.043169993,1,1
7/16/2022,Boise High,White,3,24,0.072324861,0.083649981,0.077987421,0.042223887,1,1
7/17/2022,Boise High,White,3,24,0.070414095,0.080209233,0.075311664,0.041254034,1,1
7/18/2022,Boise High,White,3,24,0.068338258,0.078807772,0.073573015,0.040428597,1,1
7/19/2022,Boise High,White,3,24,0.065447458,0.078499742,0.0719736,0.039725084,1,1
7/20/2022,Boise High,White,3,24,0.065131027,0.077401135,0.071266081,0.03934324,1,1
7/21/2022,Boise High,White,3,24,0.063686659,0.075353289,0.069519974,0.038512865,1,1
7/22/2022,Boise High,White,3,24,0.061919287,0.073140428,0.067529858,0.037475652,1,1
7/23/2022,Boise High,White,3,24,0.059312606,0.072185195,0.0657489,0.036861746,1,1
7/24/2022,Boise High,White,3,24,0.058509846,0.069645553,0.0640777,0.035874109,1,1
7/25/2022,Boise High,White,3,24,0.056224785,0.070288337,0.063256561,0.035412933,1,1
7/26/2022,Boise High,White,3,24,0.056561377,0.069972931,0.063267154,0.035232874,1,1
7/27/2022,Boise High,White,3,24,0.056898352,0.068228336,0.062563344,0.034614918,1,1
7/28/2022,Boise High,White,3,24,0.056252558,0.067419327,0.061835942,0.034251095,1,1
7/29/2022,Boise High,White,3,24,0.054943245,0.065980383,0.060461814,0.033531568,1,1
7/30/2022,Boise High,White,3,24,0.053467315,0.06518704,0.059327178,0.032818461,1,1
7/31/2022,Boise High,White,3,24,0.052978594,0.063405914,0.058192254,0.032321156,1,1
8/1/2022,Boise High,White,3,24,0.053140498,0.063087419,0.058113959,0.032268304,1,1
8/2/2022,Boise High,White,3,24,0.05299124,0.059858879,0.05642506,0.031043388,1,1
8/3/2022,Boise High,White,3,24,0.050666208,0.062286075,0.056476141,0.031380218,1,1
8/4/2022,Boise High,White,3,24,0.051835057,0.063099116,0.057467087,0.031566971,1,1
8/5/2022,Boise High,White,3,24,0.052159257,0.060336034,0.056247645,0.031235275,1,1
8/6/2022,Boise High,White,3,24,0.050174338,0.060670116,0.055422227,0.030738915,1,1
8/7/2022,Boise High,White,3,24,0.048683556,0.062774032,0.055728794,0.030873882,1,1
8/8/2022,Boise High,White,3,24,0.051504038,0.060667007,0.056085522,0.030970279,1,1
8/9/2022,Boise High,White,3,24,0.052675751,0.059691397,0.056183574,0.030747047,1,1
8/10/2022,Boise High,White,3,24,0.051181678,0.061819049,0.056500364,0.030775931,1,1
8/11/2022,Boise High,White,3,24,0.052832677,0.065218105,0.059025391,0.031808581,1,1
8/12/2022,Boise High,White,3,24,0.054644008,0.06794965,0.061296829,0.032784373,1,1
8/13/2022,Boise High,White,3,24,0.054644008,0.068283525,0.061463767,0.032679964,1,1
8/14/2022,Boise High,White,3,24,0.054807877,0.06618747,0.060497673,0.032409754,1,1
8/15/2022,Boise High,White,3,24,0.053985193,0.066344086,0.060164639,0.032327979,1,1
8/16/2022,Boise High,White,3,24,0.053161072,0.065204245,0.059182658,0.032098307,1,1
8/17/2022,Boise High,White,3,24,0.052494922,0.063904803,0.058199862,0.031913904,1,1
8/18/2022,Boise High,White,3,24,0.052156897,0.059386289,0.055771593,0.030662547,1,1
8/19/2022,Boise High,White,3,24,0.051165486,0.059707633,0.055436559,0.030582607,1,1
8/20/2022,Boise High,White,3,24,0.050508823,0.061650549,0.056079686,0.030853145,1,1
8/21/2022,Boise High,White,3,24,0.051174592,0.062306864,0.056740728,0.030966317,1,1
8/22/2022,Boise High,White,3,24,0.051842323,0.062787655,0.057314989,0.031183385,1,1
8/23/2022,Boise High,White,3,24,0.05068521,0.061812324,0.056248767,0.03074882,1,1
8/24/2022,Boise High,White,3,19.66666667,0.00860893,0.053659943,0.031134437,0.038093261,1,0
8/25/2022,Boise High,Black,2,12.5,-0.022380481,-0.019024946,-0.020702714,0.001184999,0,0
8/25/2022,Boise High,White,3,20.66666667,-0.020798671,0.004979672,-0.0079095,0.021472849,1,0
8/26/2022,Boise High,Black,3,20,-0.021541634,-0.01911869,-0.020330162,0.001964062,1,0
8/26/2022,Boise High,White,3,24,-0.003892466,0.003986388,4.69613199432691e-05,0.033563194,1,1
8/27/2022,Boise High,Black,3,18.66666667,-0.021354573,-0.019117263,-0.020235918,0.001321108,1,0
8/27/2022,Boise High,White,3,24,-0.004226074,0.002445988,-0.000890043,0.031926919,1,1
8/28/2022,Boise High,Black,3,19.66666667,-0.021727838,-0.019117263,-0.020422551,0.001218994,1,0
8/28/2022,Boise High,White,3,24,-0.005469472,0.00261584,-0.001426816,0.031482357,1,1
8/29/2022,Boise High,Black,3,19.33333333,-0.022102819,-0.017450114,-0.019776466,0.002932651,1,0
8/29/2022,Boise High,White,3,24,-0.02284792,0.001825716,-0.010511102,0.016206442,1,1
8/30/2022,Boise High,Black,3,10.66666667,-0.020984306,0.027291316,0.003153505,0.005610043,1,0
8/30/2022,Boise High,White,3,13,-0.023034981,0.020870106,-0.001082438,0.018883919,1,0
11/23/2021,Boise Low,Black,2,24,0.133160804,0.142726131,0.137943467,0.020806226,0,1
11/23/2021,Boise Low,White,2,24,0.147803761,0.155986004,0.151894882,0.006382529,0,1
11/24/2021,Boise Low,Black,2,24,0.134718098,0.144229591,0.139473844,0.019824819,0,1
11/24/2021,Boise Low,White,2,24,0.152228169,0.157236688,0.154732428,0.007393148,0,1
11/25/2021,Boise Low,Black,2,24,0.129430287,0.140369319,0.134899803,0.020933297,0,1
11/25/2021,Boise Low,White,2,24,0.144599535,0.151807383,0.148203459,0.006595703,0,1
11/26/2021,Boise Low,Black,2,24,0.13297414,0.1399386,0.13645637,0.019939495,0,1
11/26/2021,Boise Low,White,2,24,0.149907455,0.153696113,0.151801784,0.006846181,0,1
11/27/2021,Boise Low,Black,2,24,0.13383447,0.143374272,0.138604371,0.020166342,0,1
11/27/2021,Boise Low,White,2,24,0.151386246,0.15682932,0.154107783,0.006812843,0,1
11/28/2021,Boise Low,Black,2,24,0.132524844,0.144021504,0.138273174,0.020029866,0,1
11/28/2021,Boise Low,White,2,24,0.150759347,0.15682932,0.153794334,0.006369558,0,1
11/29/2021,Boise Low,Black,2,24,0.131437231,0.141438827,0.136438029,0.020248365,0,1
11/29/2021,Boise Low,White,2,24,0.150124439,0.155366503,0.152745471,0.006680739,0,1
11/30/2021,Boise Low,Black,2,24,0.1305479,0.140799679,0.13567379,0.020436304,0,1
11/30/2021,Boise Low,White,2,24,0.149065547,0.15474134,0.151903443,0.006693425,0,1
12/1/2021,Boise Low,Black,2,24,0.130773571,0.141009003,0.135891287,0.020424745,0,1
12/1/2021,Boise Low,White,2,24,0.149061621,0.154948369,0.152004995,0.007139118,0,1
12/2/2021,Boise Low,Black,2,24,0.129456278,0.140148275,0.134802276,0.020467835,0,1
12/2/2021,Boise Low,White,2,24,0.148642093,0.154529885,0.151585989,0.006845597,0,1
12/3/2021,Boise Low,Black,2,24,0.129016448,0.138200518,0.133608483,0.020666423,0,1
12/3/2021,Boise Low,White,2,24,0.148218282,0.153064587,0.150641434,0.006710758,0,1
12/4/2021,Boise Low,Black,2,24,0.127026294,0.134070844,0.130548569,0.021096128,0,1
12/4/2021,Boise Low,White,2,24,0.145452887,0.15053881,0.147995848,0.006896842,0,1
12/5/2021,Boise Low,Black,2,24,0.130773571,0.137335092,0.134054331,0.020647375,0,1
12/5/2021,Boise Low,White,2,24,0.148638167,0.153276578,0.150957372,0.006857761,0,1
12/6/2021,Boise Low,Black,2,24,0.128576249,0.15211042,0.140343335,0.019068968,0,1
12/6/2021,Boise Low,White,2,24,0.146944709,0.195353948,0.171149328,0.009801818,0,1
12/7/2021,Boise Low,Black,2,24,0.158848666,0.18394278,0.171395723,0.011185674,0,1
12/7/2021,Boise Low,White,2,24,0.198607125,0.208432667,0.203519896,0.011463627,0,1
12/8/2021,Boise Low,Black,2,24,0.178170972,0.183723711,0.180947341,0.01176485,0,1
12/8/2021,Boise Low,White,2,24,0.203801103,0.207718782,0.205759943,0.005689719,0,1
12/9/2021,Boise Low,Black,2,24,0.172550716,0.178170972,0.175360844,0.012474056,0,1
12/9/2021,Boise Low,White,2,24,0.19736439,0.203801103,0.200582747,0.003477236,0,1
12/10/2021,Boise Low,Black,4,19.5,0.146180958,0.151452057,0.148816507,0.023492765,1,0
12/10/2021,Boise Low,White,4,19.5,0.169361636,0.175113976,0.172237806,0.023431888,1,0
12/11/2021,Boise Low,Black,4,24,0.144881018,0.147210557,0.146045787,0.022686131,1,1
12/11/2021,Boise Low,White,4,24,0.169744756,0.171549428,0.170647092,0.021789228,1,1
12/12/2021,Boise Low,Black,4,24,0.14477022,0.151287649,0.148028934,0.023332294,1,1
12/12/2021,Boise Low,White,4,24,0.169534091,0.175130792,0.172332442,0.022408467,1,1
12/13/2021,Boise Low,Black,4,24,0.148882583,0.156886425,0.152884504,0.024323012,1,1
12/13/2021,Boise Low,White,4,24,0.175706953,0.182626195,0.179166574,0.023963851,1,1
12/14/2021,Boise Low,Black,4,24,0.154527545,0.186459161,0.170493353,0.032657383,1,1
12/14/2021,Boise Low,White,4,24,0.181456298,0.207412038,0.194434168,0.027016777,1,1
12/15/2021,Boise Low,Black,4,24,0.15941586,0.181294572,0.170355216,0.032301496,1,1
12/15/2021,Boise Low,White,4,24,0.180285313,0.201685202,0.190985257,0.023543557,1,1
12/16/2021,Boise Low,Black,4,24,0.160172701,0.168092761,0.164132731,0.029844535,1,1
12/16/2021,Boise Low,White,4,24,0.177701582,0.188802797,0.183252189,0.02224353,1,1
12/17/2021,Boise Low,Black,4,24,0.164413177,0.169652425,0.167032801,0.030296141,1,1
12/17/2021,Boise Low,White,4,24,0.185891409,0.190527111,0.18820926,0.023912203,1,1
12/18/2021,Boise Low,Black,4,24,0.154051088,0.163827233,0.158939161,0.027386947,1,1
12/18/2021,Boise Low,White,4,24,0.173302967,0.185126469,0.179214718,0.021787409,1,1
12/19/2021,Boise Low,Black,4,24,0.149867971,0.156679165,0.153273568,0.026400083,1,1
12/19/2021,Boise Low,White,4,24,0.164729025,0.174994759,0.169861892,0.020108601,1,1
12/20/2021,Boise Low,Black,4,24,0.152835582,0.161797587,0.157316584,0.027969784,1,1
12/20/2021,Boise Low,White,4,24,0.165823892,0.175927412,0.170875652,0.021549915,1,1
12/21/2021,Boise Low,Black,4,24,0.149122089,0.157089196,0.153105643,0.026554149,1,1
12/21/2021,Boise Low,White,4,24,0.164220035,0.175742638,0.169981336,0.020795099,1,1
12/22/2021,Boise Low,Black,4,24,0.150998034,0.158033014,0.154515524,0.026730337,1,1
12/22/2021,Boise Low,White,4,24,0.162869349,0.174301568,0.168585459,0.021640659,1,1
12/23/2021,Boise Low,Black,4,24,0.155329738,0.174746987,0.165038362,0.032163104,1,1
12/23/2021,Boise Low,White,4,24,0.174599432,0.202646997,0.188623214,0.027646689,1,1
12/24/2021,Boise Low,Black,4,24,0.179584623,0.213569474,0.196577048,0.050386117,1,1
12/24/2021,Boise Low,White,4,24,0.210625891,0.229638499,0.220132195,0.037154727,1,1
12/25/2021,Boise Low,Black,4,24,0.20080375,0.214148279,0.207476014,0.055095867,1,1
12/25/2021,Boise Low,White,4,24,0.215335053,0.229036003,0.222185528,0.033369521,1,1
12/26/2021,Boise Low,Black,4,24,0.207593825,0.217648626,0.212621225,0.0559094,1,1
12/26/2021,Boise Low,White,4,24,0.212729473,0.229546081,0.221137777,0.030385428,1,1
12/27/2021,Boise Low,Black,4,24,0.199866381,0.207892519,0.20387945,0.050136074,1,1
12/27/2021,Boise Low,White,4,24,0.190310527,0.211899743,0.201105135,0.025065829,1,1
12/28/2021,Boise Low,Black,4,24,0.156261273,0.198367499,0.177314386,0.030963931,1,1
12/28/2021,Boise Low,White,4,24,0.151916588,0.188550003,0.170233295,0.026365091,1,1
12/29/2021,Boise Low,Black,4,24,0.137851613,0.154503744,0.146177678,0.017326554,1,1
12/29/2021,Boise Low,White,4,24,0.139119949,0.150764193,0.144942071,0.02979639,1,1
12/30/2021,Boise Low,Black,4,24,0.139535228,0.144341398,0.141938313,0.014914199,1,1
12/30/2021,Boise Low,White,4,24,0.133843688,0.140617706,0.137230697,0.027560103,1,1
12/31/2021,Boise Low,Black,4,24,0.127976019,0.142865833,0.135420926,0.014378108,1,1
12/31/2021,Boise Low,White,4,24,0.124814473,0.134779509,0.129796991,0.025223911,1,1
1/1/2022,Boise Low,Black,4,24,0.098379521,0.124983342,0.111681432,0.013208554,1,1
1/1/2022,Boise Low,White,4,24,0.0944316,0.122820197,0.108625898,0.016435175,1,1
1/2/2022,Boise Low,Black,4,24,0.091626529,0.098974003,0.095300266,0.009630139,1,1
1/2/2022,Boise Low,White,4,24,0.088439182,0.093966896,0.091203039,0.009220864,1,1
1/3/2022,Boise Low,Black,4,24,0.087615667,0.110684466,0.099150066,0.009831376,1,1
1/3/2022,Boise Low,White,4,24,0.084883831,0.136079565,0.110481698,0.010138356,1,1
1/4/2022,Boise Low,Black,4,24,0.111594455,0.154894633,0.133244544,0.024580173,1,1
1/4/2022,Boise Low,White,4,24,0.123932682,0.136279281,0.130105982,0.010340972,1,1
1/5/2022,Boise Low,Black,4,24,0.147532037,0.246361494,0.196946765,0.025448286,1,1
1/5/2022,Boise Low,White,4,24,0.13660422,0.192343068,0.164473644,0.013724002,1,1
1/6/2022,Boise Low,Black,4,24,0.239461739,0.274230875,0.256846307,0.011678023,1,1
1/6/2022,Boise Low,White,4,24,0.190471943,0.212255135,0.201363539,0.029958769,1,1
1/7/2022,Boise Low,Black,4,24,0.248674206,0.332691215,0.290682711,0.00922855,1,1
1/7/2022,Boise Low,White,4,24,0.205153123,0.306397051,0.255775087,0.030669454,1,1
1/8/2022,Boise Low,Black,4,24,0.272117019,0.292529628,0.282323323,0.035200666,1,1
1/8/2022,Boise Low,White,4,24,0.242760778,0.278383765,0.260572271,0.030776419,1,1
1/9/2022,Boise Low,Black,4,24,0.211433992,0.270719219,0.241076605,0.04036643,1,1
1/9/2022,Boise Low,White,4,24,0.177290224,0.271301549,0.224295886,0.0288616,1,1
1/10/2022,Boise Low,Black,4,24,0.163516019,0.23689431,0.200205164,0.05164878,1,1
1/10/2022,Boise Low,White,4,24,0.125184106,0.184311588,0.154747847,0.015470074,1,1
1/11/2022,Boise Low,Black,4,24,0.165470515,0.194553454,0.180011984,0.037810803,1,1
1/11/2022,Boise Low,White,4,24,0.113905946,0.126332482,0.120119214,0.02318964,1,1
1/12/2022,Boise Low,Black,4,24,0.149177678,0.182119291,0.165648485,0.036213401,1,1
1/12/2022,Boise Low,White,4,24,0.098832905,0.120380549,0.109606727,0.021704729,1,1
3/9/2022,Boise Low,Black,4,24,0.114519723,0.134277264,0.124398493,0.019537952,1,1
3/9/2022,Boise Low,White,4,24,0.158363113,0.179756914,0.169060013,0.030419583,1,1
3/10/2022,Boise Low,Black,4,24,0.110465696,0.131717607,0.121091652,0.019838321,1,1
3/10/2022,Boise Low,White,4,24,0.128726268,0.165439002,0.147082635,0.017021765,1,1
3/11/2022,Boise Low,Black,4,24,0.121892421,0.134983033,0.128437727,0.019127868,1,1
3/11/2022,Boise Low,White,4,24,0.13364007,0.152711992,0.143176031,0.017390959,1,1
3/12/2022,Boise Low,Black,4,24,0.123784205,0.138236573,0.131010389,0.019002068,1,1
3/12/2022,Boise Low,White,4,24,0.142868109,0.155811917,0.149340013,0.019448793,1,1
3/13/2022,Boise Low,Black,4,24,0.120768836,0.128186917,0.124477876,0.019614405,1,1
3/13/2022,Boise Low,White,4,24,0.141818384,0.149017241,0.145417812,0.018564238,1,1
3/14/2022,Boise Low,Black,4,24,0.117978113,0.128529348,0.12325373,0.019270761,1,1
3/14/2022,Boise Low,White,4,24,0.138816374,0.146605648,0.142711011,0.017946651,1,1
3/15/2022,Boise Low,Black,4,24,0.118198054,0.129638685,0.123918369,0.01916298,1,1
3/15/2022,Boise Low,White,4,24,0.137846924,0.149562147,0.143704536,0.018002805,1,1
3/16/2022,Boise Low,Black,4,24,0.117977472,0.127100663,0.122539068,0.01923636,1,1
3/16/2022,Boise Low,White,4,24,0.138284778,0.145653915,0.141969347,0.017696074,1,1
3/17/2022,Boise Low,Black,4,24,0.113363242,0.123446722,0.118404982,0.019164247,1,1
3/17/2022,Boise Low,White,4,24,0.133303363,0.141828526,0.137565944,0.017114256,1,1
3/18/2022,Boise Low,Black,4,24,0.11336745,0.128084809,0.120726129,0.019173055,1,1
3/18/2022,Boise Low,White,4,24,0.133308474,0.143317517,0.138312995,0.017198991,1,1
3/19/2022,Boise Low,Black,4,24,0.114376204,0.122974444,0.118675324,0.019800988,1,1
3/19/2022,Boise Low,White,4,24,0.132978825,0.15108048,0.142029652,0.021669424,1,1
3/20/2022,Boise Low,Black,4,24,0.118630465,0.127852211,0.123241338,0.01997947,1,1
3/20/2022,Boise Low,White,4,24,0.14210825,0.151216447,0.146662349,0.020993736,1,1
3/21/2022,Boise Low,Black,4,24,0.117645102,0.128417594,0.123031348,0.019228772,1,1
3/21/2022,Boise Low,White,4,24,0.139966689,0.147742089,0.143854389,0.019178949,1,1
3/22/2022,Boise Low,Black,4,24,0.116515331,0.132125393,0.124320362,0.019698329,1,1
3/22/2022,Boise Low,White,4,24,0.138359247,0.149415583,0.143887415,0.019326004,1,1
3/23/2022,Boise Low,Black,4,24,0.114931261,0.131784644,0.123357953,0.02003225,1,1
3/23/2022,Boise Low,White,4,24,0.135983961,0.147942003,0.141962982,0.019106183,1,1
3/24/2022,Boise Low,Black,4,24,0.114473617,0.13046721,0.122470413,0.020217925,1,1
3/24/2022,Boise Low,White,4,24,0.134454831,0.144648615,0.139551723,0.019236814,1,1
3/25/2022,Boise Low,Black,4,24,0.11243878,0.129475197,0.120956988,0.0202739,1,1
3/25/2022,Boise Low,White,4,24,0.130853258,0.142273303,0.136563281,0.019664628,1,1
3/26/2022,Boise Low,Black,4,24,0.112665545,0.128698895,0.12068222,0.020432751,1,1
3/26/2022,Boise Low,White,4,24,0.129188756,0.140197391,0.134693073,0.020605935,1,1
3/27/2022,Boise Low,Black,4,24,0.110963477,0.121519758,0.116241617,0.020212018,1,1
3/27/2022,Boise Low,White,4,24,0.126300136,0.133488074,0.129894105,0.021062778,1,1
3/28/2022,Boise Low,Black,4,24,0.109609287,0.119292461,0.114450874,0.019916317,1,1
3/28/2022,Boise Low,White,4,24,0.124514647,0.131853452,0.128184049,0.021306561,1,1
3/29/2022,Boise Low,Black,4,24,0.108589208,0.118621683,0.113605445,0.019791232,1,1
3/29/2022,Boise Low,White,4,24,0.121383196,0.130190333,0.125786764,0.021975223,1,1
3/30/2022,Boise Low,Black,4,24,0.10653463,0.116152257,0.111343443,0.019695077,1,1
3/30/2022,Boise Low,White,4,24,0.117675016,0.125773343,0.121724179,0.022505561,1,1
3/31/2022,Boise Low,Black,4,24,0.10343192,0.114240188,0.108836054,0.01963902,1,1
3/31/2022,Boise Low,White,4,24,0.113965262,0.121649264,0.117807263,0.022705916,1,1
4/1/2022,Boise Low,Black,4,24,0.101593165,0.118719591,0.110156378,0.019806262,1,1
4/1/2022,Boise Low,White,4,24,0.111588167,0.123743385,0.117665776,0.022950272,1,1
4/2/2022,Boise Low,Black,4,24,0.103198554,0.116593216,0.109895885,0.019934645,1,1
4/2/2022,Boise Low,White,4,24,0.111792581,0.121945515,0.116869048,0.023624869,1,1
4/3/2022,Boise Low,Black,4,24,0.100778839,0.117040197,0.108909518,0.01982246,1,1
4/3/2022,Boise Low,White,4,24,0.108609518,0.121499948,0.115054733,0.023582587,1,1
4/4/2022,Boise Low,Black,4,24,0.103316044,0.111175097,0.107245571,0.019789554,1,1
4/4/2022,Boise Low,White,4,24,0.109578945,0.117215306,0.113397125,0.024996494,1,1
4/5/2022,Boise Low,Black,4,24,0.099046817,0.106981829,0.103014323,0.019119592,1,1
4/5/2022,Boise Low,White,4,24,0.105594495,0.111369195,0.108481845,0.024468515,1,1
4/6/2022,Boise Low,Black,4,24,0.096732155,0.115910966,0.10632156,0.019533329,1,1
4/6/2022,Boise Low,White,4,24,0.102976456,0.117655911,0.110316183,0.024445758,1,1
4/7/2022,Boise Low,Black,4,24,0.098113179,0.115459923,0.106786551,0.019881475,1,1
4/7/2022,Boise Low,White,4,24,0.103653383,0.118087612,0.110870497,0.024905153,1,1
4/8/2022,Boise Low,Black,4,24,0.098811641,0.113320038,0.10606584,0.019785653,1,1
4/8/2022,Boise Low,White,4,24,0.104432088,0.116622104,0.110527096,0.025417152,1,1
4/9/2022,Boise Low,Black,4,24,0.097305993,0.107315477,0.102310735,0.019225523,1,1
4/9/2022,Boise Low,White,4,24,0.102355786,0.110544708,0.106450247,0.025175406,1,1
4/10/2022,Boise Low,Black,4,24,0.095330566,0.10100615,0.098168358,0.018740154,1,1
4/10/2022,Boise Low,White,4,24,0.10040954,0.106689211,0.103549376,0.024589061,1,1
4/11/2022,Boise Low,Black,4,24,0.095108932,0.109303774,0.102206353,0.019995069,1,1
4/11/2022,Boise Low,White,4,24,0.105441675,0.136227704,0.120834689,0.019648286,1,1
4/12/2022,Boise Low,Black,4,24,0.101585778,0.113446042,0.10751591,0.01971028,1,1
4/12/2022,Boise Low,White,4,24,0.119193422,0.127613768,0.123403595,0.020239435,1,1
4/13/2022,Boise Low,Black,4,24,0.100319136,0.109369422,0.104844279,0.019385765,1,1
4/13/2022,Boise Low,White,4,24,0.115134254,0.121842906,0.11848858,0.020725661,1,1
4/14/2022,Boise Low,Black,4,24,0.10020208,0.110279251,0.105240666,0.019442866,1,1
4/14/2022,Boise Low,White,4,24,0.113873305,0.123154886,0.118514095,0.021396856,1,1
4/15/2022,Boise Low,Black,4,24,0.099858949,0.116589986,0.108224467,0.019730144,1,1
4/15/2022,Boise Low,White,4,24,0.115233261,0.125227437,0.120230349,0.02185737,1,1
4/16/2022,Boise Low,Black,4,24,0.101584712,0.11197456,0.106779636,0.019733547,1,1
4/16/2022,Boise Low,White,4,24,0.114066229,0.12689171,0.120478969,0.022340033,1,1
4/17/2022,Boise Low,Black,4,24,0.100889579,0.121721868,0.111305723,0.020245293,1,1
4/17/2022,Boise Low,White,4,24,0.116580522,0.129405977,0.122993249,0.022039824,1,1
4/18/2022,Boise Low,Black,4,24,0.102494901,0.117356569,0.109925735,0.020572689,1,1
4/18/2022,Boise Low,White,4,24,0.114536705,0.126892556,0.12071463,0.021996766,1,1
4/19/2022,Boise Low,Black,4,24,0.102612576,0.116682278,0.109647427,0.020544266,1,1
4/19/2022,Boise Low,White,4,24,0.113640528,0.123101413,0.118370971,0.022361434,1,1
4/20/2022,Boise Low,Black,4,24,0.101458805,0.115114421,0.108286613,0.020397454,1,1
4/20/2022,Boise Low,White,4,24,0.1129524,0.122307304,0.117629852,0.022766667,1,1
4/21/2022,Boise Low,Black,4,24,0.10295374,0.110826874,0.106890307,0.020277595,1,1
4/21/2022,Boise Low,White,4,24,0.111786951,0.11827489,0.11503092,0.023515297,1,1
4/22/2022,Boise Low,Black,4,24,0.099738063,0.113330617,0.10653434,0.019671031,1,1
4/22/2022,Boise Low,White,4,24,0.109298438,0.119719457,0.114508947,0.023458942,1,1
4/23/2022,Boise Low,Black,4,24,0.099152675,0.111627338,0.105390007,0.01983931,1,1
4/23/2022,Boise Low,White,4,24,0.107463337,0.117035205,0.112249271,0.023540116,1,1
4/24/2022,Boise Low,Black,4,24,0.098229533,0.118930575,0.108580054,0.020090147,1,1
4/24/2022,Boise Low,White,4,24,0.105518047,0.121127108,0.113322578,0.024164792,1,1
4/25/2022,Boise Low,Black,4,24,0.098225052,0.110715045,0.104470048,0.019865735,1,1
4/25/2022,Boise Low,White,4,24,0.104358829,0.114407452,0.109383141,0.024261124,1,1
4/26/2022,Boise Low,Black,4,24,0.099735182,0.110720048,0.105227615,0.019777905,1,1
4/26/2022,Boise Low,White,4,24,0.10626486,0.115711261,0.11098806,0.025609648,1,1
4/27/2022,Boise Low,Black,4,24,0.096718984,0.113777256,0.10524812,0.019665645,1,1
4/27/2022,Boise Low,White,4,24,0.103974387,0.116849562,0.110411975,0.02534796,1,1
4/28/2022,Boise Low,Black,4,24,0.096135205,0.102841394,0.099488299,0.019269615,1,1
4/28/2022,Boise Low,White,4,24,0.102812169,0.107485058,0.105148613,0.025008931,1,1
4/29/2022,Boise Low,Black,4,24,0.094036227,0.109353274,0.101694751,0.019563449,1,1
4/29/2022,Boise Low,White,4,24,0.100971805,0.112456531,0.106714168,0.025367206,1,1
4/30/2022,Boise Low,Black,4,24,0.094962433,0.147264725,0.121113579,0.034895825,1,1
4/30/2022,Boise Low,White,4,24,0.100962248,0.229809627,0.165385937,0.03967394,1,1
5/1/2022,Boise Low,Black,4,24,0.124562556,0.142458419,0.133510487,0.033380084,1,1
5/1/2022,Boise Low,White,4,24,0.144263521,0.178160831,0.161212176,0.030709279,1,1
5/2/2022,Boise Low,Black,4,24,0.116040822,0.124243902,0.120142362,0.027808554,1,1
5/2/2022,Boise Low,White,4,24,0.136868259,0.145792948,0.141330604,0.024032793,1,1
5/3/2022,Boise Low,Black,4,24,0.115038525,0.260890372,0.187964449,0.036858848,1,1
5/3/2022,Boise Low,White,4,24,0.136536012,0.259997405,0.198266708,0.039496703,1,1
5/4/2022,Boise Low,Black,4,24,0.153325105,0.177365031,0.165345068,0.034994021,1,1
5/4/2022,Boise Low,White,4,24,0.166816041,0.186564125,0.176690083,0.031841816,1,1
5/5/2022,Boise Low,Black,4,24,0.139418425,0.153408781,0.146413603,0.032468568,1,1
5/5/2022,Boise Low,White,4,24,0.150699413,0.165512554,0.158105983,0.030103635,1,1
5/6/2022,Boise Low,Black,4,24,0.134805357,0.152439624,0.143622491,0.032443978,1,1
5/6/2022,Boise Low,White,4,24,0.142175259,0.155414995,0.148795127,0.032656365,1,1
5/7/2022,Boise Low,Black,4,24,0.136613814,0.151434805,0.14402431,0.03320569,1,1
5/7/2022,Boise Low,White,4,24,0.152883014,0.199451167,0.176167091,0.043838015,1,1
5/8/2022,Boise Low,Black,4,24,0.133913249,0.14668908,0.140301164,0.032265139,1,1
5/8/2022,Boise Low,White,4,24,0.14949552,0.16024378,0.15486965,0.034913642,1,1
5/9/2022,Boise Low,Black,4,24,0.12894075,0.141906036,0.135423393,0.031603159,1,1
5/9/2022,Boise Low,White,4,24,0.140438315,0.151624471,0.146031393,0.033174077,1,1
5/10/2022,Boise Low,Black,4,24,0.124895519,0.145982864,0.135439191,0.030923898,1,1
5/10/2022,Boise Low,White,4,24,0.137136171,0.150386481,0.143761326,0.032638121,1,1
5/11/2022,Boise Low,Black,4,24,0.12567089,0.142426567,0.134048728,0.03019718,1,1
5/11/2022,Boise Low,White,4,24,0.133232841,0.145051694,0.139142267,0.03215521,1,1
5/12/2022,Boise Low,Black,4,24,0.123910787,0.140748058,0.132329422,0.030860444,1,1
5/12/2022,Boise Low,White,4,24,0.129557982,0.140525395,0.135041689,0.032148372,1,1
5/13/2022,Boise Low,Black,4,24,0.123369033,0.144296801,0.133832917,0.030488503,1,1
5/13/2022,Boise Low,White,4,24,0.129689055,0.143242732,0.136465893,0.033666838,1,1
5/14/2022,Boise Low,Black,4,24,0.124895567,0.13832368,0.131609623,0.030518385,1,1
5/14/2022,Boise Low,White,4,24,0.127812324,0.137910672,0.132861498,0.033542769,1,1
5/15/2022,Boise Low,Black,4,24,0.122158746,0.142143628,0.132151187,0.030534953,1,1
5/15/2022,Boise Low,White,4,24,0.124088144,0.139544405,0.131816275,0.034071504,1,1
5/16/2022,Boise Low,Black,4,24,0.123708131,0.139724348,0.131716239,0.030107293,1,1
5/16/2022,Boise Low,White,4,24,0.124117334,0.137503158,0.130810246,0.03488327,1,1
5/17/2022,Boise Low,Black,4,24,0.118955709,0.140286563,0.129621136,0.02932115,1,1
5/17/2022,Boise Low,White,4,24,0.118404891,0.136021756,0.127213323,0.033856501,1,1
5/18/2022,Boise Low,Black,4,24,0.117509924,0.130801588,0.124155756,0.028605126,1,1
5/18/2022,Boise Low,White,4,24,0.116021406,0.127177313,0.12159936,0.034311822,1,1
5/19/2022,Boise Low,Black,4,24,0.111238411,0.12063938,0.115938895,0.026571714,1,1
5/19/2022,Boise Low,White,4,24,0.109032482,0.118420608,0.113726545,0.032989194,1,1
5/20/2022,Boise Low,Black,4,24,0.108284382,0.130062889,0.119173636,0.027533446,1,1
5/20/2022,Boise Low,White,4,24,0.106086722,0.124685748,0.115386235,0.033422219,1,1
5/21/2022,Boise Low,Black,4,24,0.109875569,0.124780567,0.117328068,0.027593259,1,1
5/21/2022,Boise Low,White,4,24,0.107166635,0.119563669,0.113365152,0.034281249,1,1
5/22/2022,Boise Low,Black,4,24,0.107735192,0.127348632,0.117541912,0.026830411,1,1
5/22/2022,Boise Low,White,4,24,0.105326524,0.122516522,0.113921523,0.034881555,1,1
5/23/2022,Boise Low,Black,4,24,0.106030695,0.124391336,0.115211016,0.026343785,1,1
5/23/2022,Boise Low,White,4,24,0.103817962,0.120072303,0.111945133,0.035023803,1,1
5/24/2022,Boise Low,Black,4,24,0.103984542,0.124638857,0.1143117,0.025670069,1,1
5/24/2022,Boise Low,White,4,24,0.102404507,0.121360749,0.111882628,0.035818735,1,1
5/25/2022,Boise Low,Black,4,24,0.102966821,0.126124734,0.114545777,0.02616839,1,1
5/25/2022,Boise Low,White,4,24,0.102133041,0.123179568,0.112656305,0.036821487,1,1
5/26/2022,Boise Low,Black,4,24,0.10195463,0.123068335,0.112511482,0.025167138,1,1
5/26/2022,Boise Low,White,4,24,0.10220713,0.120835267,0.111521199,0.037363302,1,1
5/27/2022,Boise Low,Black,4,24,0.099131508,0.114018815,0.106575161,0.021983758,1,1
5/27/2022,Boise Low,White,4,24,0.10115103,0.112534216,0.106842623,0.037643839,1,1
5/28/2022,Boise Low,Black,4,24,0.096382823,0.154756282,0.125569552,0.02935602,1,1
5/28/2022,Boise Low,White,4,24,0.098947087,0.193516566,0.146231826,0.039047545,1,1
5/29/2022,Boise Low,Black,4,24,0.133665325,0.143343264,0.138504295,0.032573863,1,1
5/29/2022,Boise Low,White,4,24,0.139978638,0.161598411,0.150788524,0.031595676,1,1
5/30/2022,Boise Low,Black,4,24,0.135616843,0.247520141,0.191568492,0.03289706,1,1
5/30/2022,Boise Low,White,4,24,0.148260359,0.248943646,0.198602002,0.030518272,1,1
5/31/2022,Boise Low,Black,4,24,0.168303739,0.189738233,0.179020986,0.029135325,1,1
5/31/2022,Boise Low,White,4,24,0.177853614,0.19630453,0.187079072,0.023861772,1,1
6/1/2022,Boise Low,Black,4,24,0.156887624,0.179272342,0.168079983,0.027069937,1,1
6/1/2022,Boise Low,White,4,24,0.162811581,0.181772057,0.172291819,0.024708354,1,1
6/2/2022,Boise Low,Black,4,24,0.149977105,0.164219305,0.157098205,0.026635282,1,1
6/2/2022,Boise Low,White,4,24,0.153081127,0.165444653,0.15926289,0.026704337,1,1
6/3/2022,Boise Low,Black,4,24,0.144396679,0.162932474,0.153664577,0.026816482,1,1
6/3/2022,Boise Low,White,4,24,0.147625327,0.160592307,0.154108817,0.026825017,1,1
6/4/2022,Boise Low,Black,4,24,0.141810017,0.149136076,0.145473046,0.025320843,1,1
6/4/2022,Boise Low,White,4,24,0.141648073,0.147797521,0.144722797,0.026419428,1,1
6/5/2022,Boise Low,Black,4,24,0.139390856,0.193169363,0.166280109,0.036815265,1,1
6/5/2022,Boise Low,White,4,24,0.140575293,0.197051015,0.168813154,0.035739401,1,1
6/6/2022,Boise Low,Black,4,24,0.154736655,0.181469098,0.168102876,0.03175272,1,1
6/6/2022,Boise Low,White,4,24,0.158030856,0.185882256,0.171956556,0.031158839,1,1
6/7/2022,Boise Low,Black,4,24,0.147858126,0.172123622,0.159990874,0.026772145,1,1
6/7/2022,Boise Low,White,4,24,0.152503237,0.170395244,0.16144924,0.026351312,1,1
6/8/2022,Boise Low,Black,4,24,0.146611782,0.158404838,0.15250831,0.025736987,1,1
6/8/2022,Boise Low,White,4,24,0.149334569,0.158831853,0.154083211,0.026652945,1,1
6/9/2022,Boise Low,Black,4,24,0.142465519,0.168871436,0.155668478,0.026563709,1,1
6/9/2022,Boise Low,White,4,24,0.147001934,0.165858787,0.15643036,0.027379037,1,1
6/10/2022,Boise Low,Black,4,24,0.146609167,0.172172666,0.159390916,0.025934893,1,1
6/10/2022,Boise Low,White,4,24,0.147158485,0.165681471,0.156419978,0.028814208,1,1
6/11/2022,Boise Low,Black,4,24,0.147933075,0.162074652,0.155003863,0.024259024,1,1
6/11/2022,Boise Low,White,4,24,0.145750702,0.158319026,0.152034864,0.02883956,1,1
6/12/2022,Boise Low,Black,4,24,0.141261505,0.300476119,0.220868812,0.01458992,1,1
6/12/2022,Boise Low,White,4,24,0.142473217,0.299926721,0.221199969,0.018743935,1,1
6/13/2022,Boise Low,Black,4,24,0.219671741,0.246014811,0.232843276,0.026853465,1,1
6/13/2022,Boise Low,White,4,24,0.226147812,0.24311652,0.234632166,0.027278869,1,1
6/14/2022,Boise Low,Black,4,24,0.206537836,0.220777288,0.213657562,0.023690208,1,1
6/14/2022,Boise Low,White,4,24,0.21494041,0.225843467,0.220391939,0.026271446,1,1
6/15/2022,Boise Low,Black,4,24,0.197238106,0.218859375,0.20804874,0.021041351,1,1
6/15/2022,Boise Low,White,4,24,0.207046032,0.222417667,0.21473185,0.026062577,1,1
6/16/2022,Boise Low,Black,4,24,0.188085258,0.207816165,0.197950712,0.017296691,1,1
6/16/2022,Boise Low,White,4,24,0.196481947,0.213570778,0.205026362,0.023481472,1,1
6/17/2022,Boise Low,Black,4,24,0.178281382,0.194828995,0.186555188,0.015613511,1,1
6/17/2022,Boise Low,White,4,24,0.185716607,0.200706229,0.193211418,0.021689627,1,1
6/18/2022,Boise Low,Black,4,24,0.172172524,0.194905546,0.183539035,0.015901014,1,1
6/18/2022,Boise Low,White,4,24,0.178136159,0.196071968,0.187104063,0.021043094,1,1
6/19/2022,Boise Low,Black,4,24,0.166196346,0.182207644,0.174201995,0.014851558,1,1
6/19/2022,Boise Low,White,4,24,0.170320466,0.183611404,0.176965935,0.020328359,1,1
6/20/2022,Boise Low,Black,4,24,0.162200079,0.188244533,0.175222306,0.015460718,1,1
6/20/2022,Boise Low,White,4,24,0.165332046,0.18503508,0.175183563,0.021063947,1,1
6/21/2022,Boise Low,Black,4,24,0.161046963,0.188800458,0.174923711,0.016385937,1,1
6/21/2022,Boise Low,White,4,24,0.162229348,0.182814013,0.172521681,0.022233866,1,1
6/22/2022,Boise Low,Black,4,24,0.160307944,0.18914979,0.174728867,0.017359868,1,1
6/22/2022,Boise Low,White,4,24,0.159929768,0.181874234,0.170902001,0.023325695,1,1
6/23/2022,Boise Low,Black,4,24,0.16131619,0.185641587,0.173478888,0.017856885,1,1
6/23/2022,Boise Low,White,4,24,0.159571055,0.178894568,0.169232812,0.02417223,1,1
6/24/2022,Boise Low,Black,4,24,0.157795504,0.180730734,0.169263119,0.017724813,1,1
6/24/2022,Boise Low,White,4,24,0.155514069,0.174007151,0.16476061,0.0242841,1,1
6/25/2022,Boise Low,Black,4,24,0.154771026,0.181703326,0.168237176,0.018056871,1,1
6/25/2022,Boise Low,White,4,24,0.152484469,0.172569878,0.162527174,0.024609082,1,1
6/26/2022,Boise Low,Black,4,24,0.154135909,0.182081312,0.168108611,0.018454038,1,1
6/26/2022,Boise Low,White,4,24,0.151213151,0.172847688,0.162030419,0.025034178,1,1
6/27/2022,Boise Low,Black,4,24,0.155173663,0.182858449,0.169016056,0.01880786,1,1
6/27/2022,Boise Low,White,4,24,0.152020194,0.173707709,0.162863951,0.025970283,1,1
6/28/2022,Boise Low,Black,4,24,0.157857266,0.17911223,0.168484748,0.019126797,1,1
6/28/2022,Boise Low,White,4,24,0.154593263,0.171601381,0.163097322,0.026520302,1,1
6/29/2022,Boise Low,Black,4,24,0.151718293,0.175064054,0.163391173,0.017953663,1,1
6/29/2022,Boise Low,White,4,24,0.149183284,0.16819967,0.158691477,0.025478369,1,1
6/30/2022,Boise Low,Black,4,24,0.150457118,0.175538506,0.162997812,0.018339439,1,1
6/30/2022,Boise Low,White,4,24,0.14769841,0.1675664,0.157632405,0.025802688,1,1
7/1/2022,Boise Low,Black,4,24,0.150770862,0.17376272,0.162266791,0.017946175,1,1
7/1/2022,Boise Low,White,4,24,0.147902962,0.16745887,0.157680916,0.025976766,1,1
7/2/2022,Boise Low,Black,4,24,0.14992987,0.169625811,0.159777841,0.017921437,1,1
7/2/2022,Boise Low,White,4,24,0.147466905,0.163690355,0.15557863,0.026051087,1,1
7/3/2022,Boise Low,Black,4,24,0.148455724,0.166479901,0.157467812,0.017703775,1,1
7/3/2022,Boise Low,White,4,24,0.146929406,0.161639132,0.154284269,0.026157679,1,1
7/4/2022,Boise Low,Black,4,24,0.145494156,0.165387549,0.155440852,0.016938429,1,1
7/4/2022,Boise Low,White,4,24,0.144176882,0.160406157,0.15229152,0.025953613,1,1
7/5/2022,Boise Low,Black,4,24,0.144005306,0.167225268,0.155615287,0.016836128,1,1
7/5/2022,Boise Low,White,4,24,0.143106992,0.162540369,0.15282368,0.026279939,1,1
7/6/2022,Boise Low,Black,4,24,0.145290502,0.165808533,0.155549517,0.016519723,1,1
7/6/2022,Boise Low,White,4,24,0.144567698,0.162091304,0.153329501,0.027143352,1,1
7/7/2022,Boise Low,Black,4,24,0.143378649,0.164888736,0.154133693,0.016296286,1,1
7/7/2022,Boise Low,White,4,24,0.143696347,0.161269326,0.152482837,0.027363969,1,1
7/8/2022,Boise Low,Black,4,24,0.141468313,0.163576424,0.152522368,0.015479568,1,1
7/8/2022,Boise Low,White,4,24,0.142090268,0.160821453,0.151455861,0.027786266,1,1
7/9/2022,Boise Low,Black,4,24,0.140186671,0.160601955,0.150394313,0.015049488,1,1
7/9/2022,Boise Low,White,4,24,0.141539894,0.158882264,0.150211079,0.027731449,1,1
7/10/2022,Boise Low,Black,4,24,0.137824986,0.15689303,0.147359008,0.014270968,1,1
7/10/2022,Boise Low,White,4,24,0.139596235,0.155969109,0.147782672,0.02796895,1,1
7/11/2022,Boise Low,Black,4,24,0.135121307,0.156788375,0.145954841,0.014115768,1,1
7/11/2022,Boise Low,White,4,24,0.137335781,0.155328073,0.146331927,0.028090888,1,1
7/12/2022,Boise Low,Black,4,24,0.13479857,0.157821033,0.146309801,0.014182439,1,1
7/12/2022,Boise Low,White,4,24,0.136985816,0.155165278,0.146075547,0.02900262,1,1
7/13/2022,Boise Low,Black,4,24,0.134477096,0.153979905,0.1442285,0.013699527,1,1
7/13/2022,Boise Low,White,4,24,0.137375675,0.153390951,0.145383313,0.029526042,1,1
7/14/2022,Boise Low,Black,4,24,0.131647551,0.152622625,0.142135088,0.013314747,1,1
7/14/2022,Boise Low,White,4,24,0.135192184,0.152959354,0.144075769,0.029885388,1,1
7/15/2022,Boise Low,Black,4,24,0.130114146,0.151355378,0.140734762,0.013422255,1,1
7/15/2022,Boise Low,White,4,24,0.134191416,0.150842458,0.142516937,0.030348858,1,1
7/16/2022,Boise Low,Black,4,24,0.127470793,0.148936957,0.138203875,0.013277527,1,1
7/16/2022,Boise Low,White,4,24,0.132114051,0.149153477,0.140633764,0.03051416,1,1
7/17/2022,Boise Low,Black,4,24,0.124709319,0.144465106,0.134587212,0.013477323,1,1
7/17/2022,Boise Low,White,4,24,0.129585696,0.144484363,0.13703503,0.030760468,1,1
7/18/2022,Boise Low,Black,4,24,0.122369148,0.141920161,0.132144654,0.013084698,1,1
7/18/2022,Boise Low,White,4,24,0.127713874,0.143462874,0.135588374,0.030388492,1,1
7/19/2022,Boise Low,Black,4,24,0.120137243,0.143076256,0.131606749,0.013597752,1,1
7/19/2022,Boise Low,White,4,24,0.125317637,0.143637028,0.134477332,0.03045403,1,1
7/20/2022,Boise Low,Black,4,24,0.120578077,0.142217034,0.131397556,0.013860999,1,1
7/20/2022,Boise Low,White,4,24,0.125716342,0.143509839,0.13461309,0.031177357,1,1
7/21/2022,Boise Low,Black,4,24,0.118787097,0.138780348,0.128783722,0.013742961,1,1
7/21/2022,Boise Low,White,4,24,0.124366647,0.141463157,0.132914902,0.031638704,1,1
7/22/2022,Boise Low,Black,4,24,0.116645752,0.137046347,0.126846049,0.014046841,1,1
7/22/2022,Boise Low,White,4,24,0.122478271,0.139431395,0.130954833,0.031640567,1,1
7/23/2022,Boise Low,Black,4,24,0.113713596,0.135085823,0.12439971,0.014151751,1,1
7/23/2022,Boise Low,White,4,24,0.119814936,0.137170272,0.128492604,0.031550567,1,1
7/24/2022,Boise Low,Black,4,24,0.11223346,0.131165976,0.121699718,0.014212981,1,1
7/24/2022,Boise Low,White,4,24,0.118236689,0.134599351,0.12641802,0.031461882,1,1
7/25/2022,Boise Low,Black,4,24,0.111331761,0.132578809,0.121955285,0.014215873,1,1
7/25/2022,Boise Low,White,4,24,0.117572641,0.13522072,0.12639668,0.031655985,1,1
7/26/2022,Boise Low,Black,4,24,0.110870253,0.131586317,0.121228285,0.014617831,1,1
7/26/2022,Boise Low,White,4,24,0.116762379,0.134022357,0.125392368,0.031996518,1,1
7/27/2022,Boise Low,Black,4,24,0.11098421,0.129836755,0.120410482,0.01456791,1,1
7/27/2022,Boise Low,White,4,24,0.116738977,0.132484512,0.124611745,0.032422988,1,1
7/28/2022,Boise Low,Black,4,24,0.109849053,0.129064931,0.119456992,0.014543242,1,1
7/28/2022,Boise Low,White,4,24,0.115270989,0.131381836,0.123326412,0.03262303,1,1
7/29/2022,Boise Low,Black,4,24,0.107907837,0.128068252,0.117988045,0.01470726,1,1
7/29/2022,Boise Low,White,4,24,0.11324174,0.129635254,0.121438497,0.032596676,1,1
7/30/2022,Boise Low,Black,4,24,0.105848882,0.126629546,0.116239214,0.01474007,1,1
7/30/2022,Boise Low,White,4,24,0.110529306,0.127015499,0.118772402,0.032370611,1,1
7/31/2022,Boise Low,Black,4,24,0.104933301,0.121645756,0.113289529,0.014509138,1,1
7/31/2022,Boise Low,White,4,24,0.109285798,0.122015764,0.115650781,0.032570287,1,1
8/1/2022,Boise Low,Black,4,24,0.103900947,0.122095343,0.112998145,0.014304214,1,1
8/1/2022,Boise Low,White,4,24,0.108138956,0.12292333,0.115531143,0.032452996,1,1
8/2/2022,Boise Low,Black,4,24,0.103216067,0.111550462,0.107383264,0.01351267,1,1
8/2/2022,Boise Low,White,4,24,0.107236917,0.11501603,0.111126473,0.032105133,1,1
8/3/2022,Boise Low,Black,4,24,0.099751826,0.122872539,0.111312183,0.013995797,1,1
8/3/2022,Boise Low,White,4,24,0.104647342,0.122065017,0.11335618,0.031488845,1,1
8/4/2022,Boise Low,Black,4,24,0.101139622,0.122760911,0.111950266,0.014099536,1,1
8/4/2022,Boise Low,White,4,24,0.105187317,0.12137818,0.113282749,0.032085955,1,1
8/5/2022,Boise Low,Black,4,24,0.099413041,0.117748233,0.108580637,0.013400816,1,1
8/5/2022,Boise Low,White,4,24,0.103132285,0.116473751,0.109803018,0.031848343,1,1
8/6/2022,Boise Low,Black,4,24,0.09766864,0.117755655,0.107712148,0.01319445,1,1
8/6/2022,Boise Low,White,4,24,0.101284174,0.1174998,0.109391987,0.03171857,1,1
8/7/2022,Boise Low,Black,4,24,0.095109392,0.119200696,0.107155044,0.013222935,1,1
8/7/2022,Boise Low,White,4,24,0.098882905,0.117383678,0.108133291,0.031422804,1,1
8/8/2022,Boise Low,Black,4,24,0.094526978,0.117630232,0.106078605,0.013164015,1,1
8/8/2022,Boise Low,White,4,24,0.097722743,0.115915431,0.106819087,0.031501774,1,1
8/9/2022,Boise Low,Black,4,24,0.09941127,0.113248579,0.106329924,0.013227917,1,1
8/9/2022,Boise Low,White,4,24,0.102060601,0.113425613,0.107743107,0.032363585,1,1
8/10/2022,Boise Low,Black,4,24,0.095355094,0.116172375,0.105763734,0.0127994,1,1
8/10/2022,Boise Low,White,4,24,0.101391306,0.116392862,0.108892084,0.03156807,1,1
8/11/2022,Boise Low,Black,4,24,0.097096002,0.181481555,0.139288779,0.008847164,1,1
8/11/2022,Boise Low,White,4,24,0.101784481,0.21853834,0.16016141,0.029612719,1,1
8/12/2022,Boise Low,Black,4,24,0.148079857,0.174760163,0.16142001,0.016825126,1,1
8/12/2022,Boise Low,White,4,24,0.156593602,0.176729962,0.166661782,0.022008167,1,1
8/13/2022,Boise Low,Black,4,24,0.14422817,0.168498431,0.1563633,0.017388247,1,1
8/13/2022,Boise Low,White,4,24,0.149025157,0.166655403,0.15784028,0.023585534,1,1
8/14/2022,Boise Low,Black,4,24,0.140473381,0.164212652,0.152343016,0.017513821,1,1
8/14/2022,Boise Low,White,4,24,0.143574,0.162114084,0.152844042,0.024577118,1,1
8/15/2022,Boise Low,Black,4,24,0.138963465,0.162062526,0.150512995,0.017480065,1,1
8/15/2022,Boise Low,White,4,24,0.141722979,0.16003386,0.150878419,0.02527445,1,1
8/16/2022,Boise Low,Black,4,24,0.137456393,0.159199953,0.148328173,0.016922021,1,1
8/16/2022,Boise Low,White,4,24,0.140201794,0.158341341,0.149271567,0.025969958,1,1
8/17/2022,Boise Low,Black,4,24,0.134981049,0.154752474,0.144866762,0.016028096,1,1
8/17/2022,Boise Low,White,4,24,0.139322307,0.155713748,0.147518028,0.026594899,1,1
8/18/2022,Boise Low,Black,4,24,0.131071748,0.144857146,0.137964447,0.015046675,1,1
8/18/2022,Boise Low,White,4,24,0.13714719,0.149083938,0.143115564,0.027108667,1,1
8/19/2022,Boise Low,Black,4,24,0.1270118,0.143804863,0.135408332,0.014474331,1,1
8/19/2022,Boise Low,White,4,24,0.134402234,0.148798056,0.141600145,0.027192816,1,1
8/20/2022,Boise Low,Black,4,24,0.122474732,0.141351896,0.131913314,0.014071433,1,1
8/20/2022,Boise Low,White,4,24,0.131038888,0.146343511,0.138691199,0.027217803,1,1
8/21/2022,Boise Low,Black,4,24,0.119684443,0.14026656,0.129975501,0.01425865,1,1
8/21/2022,Boise Low,White,4,24,0.128926864,0.145472605,0.137199734,0.027829372,1,1
8/22/2022,Boise Low,Black,4,24,0.116426276,0.135279765,0.125853021,0.014691087,1,1
8/22/2022,Boise Low,White,4,24,0.126255255,0.140794438,0.133524846,0.027985777,1,1
8/23/2022,Boise Low,Black,4,24,0.113489,0.13158836,0.12253868,0.014407318,1,1
8/23/2022,Boise Low,White,4,24,0.123967765,0.138093846,0.131030805,0.027733646,1,1
8/24/2022,Boise Low,Black,4,24,0.11122082,0.12786266,0.11954174,0.014246428,1,1
8/24/2022,Boise Low,White,4,24,0.12195415,0.13507014,0.128512145,0.02788806,1,1
8/25/2022,Boise Low,Black,4,24,0.109059936,0.126646832,0.117853384,0.014223169,1,1
8/25/2022,Boise Low,White,4,24,0.120053459,0.133872127,0.126962793,0.028014921,1,1
8/26/2022,Boise Low,Black,4,24,0.107001969,0.124543214,0.115772592,0.01425628,1,1
8/26/2022,Boise Low,White,4,24,0.117818222,0.131375449,0.124596835,0.027892659,1,1
8/27/2022,Boise Low,Black,4,24,0.103562432,0.119540548,0.11155149,0.013817625,1,1
8/27/2022,Boise Low,White,4,24,0.114344191,0.126894742,0.120619467,0.027553405,1,1
8/28/2022,Boise Low,Black,4,24,0.098713987,0.118092222,0.108403104,0.013266113,1,1
8/28/2022,Boise Low,White,4,24,0.109721385,0.124910334,0.11731586,0.02724561,1,1
8/29/2022,Boise Low,Black,4,24,0.099178834,0.119092468,0.109135651,0.013444225,1,1
8/29/2022,Boise Low,White,4,24,0.109818725,0.125551606,0.117685165,0.02773005,1,1
8/30/2022,Boise Low,Black,4,24,0.098134413,0.118646422,0.108390418,0.013379765,1,1
8/30/2022,Boise Low,White,4,24,0.108556008,0.12498953,0.116772769,0.02798013,1,1
8/31/2022,Boise Low,Black,4,24,0.097672016,0.119422598,0.108547307,0.013457334,1,1
8/31/2022,Boise Low,White,4,24,0.107740451,0.125531372,0.116635911,0.028333716,1,1
9/2/2022,Boise Low,Black,4,24,0.0965,0.11575,0.106125,0.012304301,1,1
9/2/2022,Boise Low,White,4,24,0.107,0.1205,0.11375,0.027690251,1,1
9/3/2022,Boise Low,Black,4,24,0.09525,0.11375,0.1045,0.012013881,1,1
9/3/2022,Boise Low,White,4,24,0.105,0.11925,0.112125,0.028158406,1,1
9/4/2022,Boise Low,Black,4,24,0.095,0.115,0.105,0.011923366,1,1
9/4/2022,Boise Low,White,4,24,0.1045,0.1185,0.1115,0.02799107,1,1
9/5/2022,Boise Low,Black,4,24,0.09425,0.1135,0.103875,0.012229575,1,1
9/5/2022,Boise Low,White,4,24,0.10325,0.117,0.110125,0.028332475,1,1
9/6/2022,Boise Low,Black,4,24,0.09275,0.112,0.102375,0.01184184,1,1
9/6/2022,Boise Low,White,4,24,0.10225,0.11625,0.10925,0.028546745,1,1
9/7/2022,Boise Low,Black,4,24,0.096,0.10875,0.102375,0.01184184,1,1
9/7/2022,Boise Low,White,4,24,0.10475,0.11475,0.10975,0.029383953,1,1
9/8/2022,Boise Low,Black,4,24,0.092,0.10575,0.098875,0.010964906,1,1
9/8/2022,Boise Low,White,4,24,0.1005,0.11075,0.105625,0.027977297,1,1
9/9/2022,Boise Low,Black,4,24,0.088,0.106,0.097,0.010637982,1,1
9/9/2022,Boise Low,White,4,24,0.096,0.109,0.1025,0.027184554,1,1
9/10/2022,Boise Low,Black,4,24,0.085,0.101,0.093,0.01,1,1
9/10/2022,Boise Low,White,4,24,0.09325,0.1055,0.099375,0.027341589,1,1
9/11/2022,Boise Low,Black,4,24,0.085,0.10675,0.095875,0.010664388,1,1
9/11/2022,Boise Low,White,4,24,0.093,0.10875,0.100875,0.027809995,1,1
9/12/2022,Boise Low,Black,4,24,0.08725,0.09875,0.093,0.010472185,1,1
9/12/2022,Boise Low,White,4,24,0.09475,0.10425,0.0995,0.028251844,1,1
9/13/2022,Boise Low,Black,4,24,0.09,0.10025,0.095125,0.010726719,1,1
9/13/2022,Boise Low,White,4,24,0.098,0.1055,0.10175,0.028479525,1,1
9/14/2022,Boise Low,Black,4,24,0.087,0.1055,0.09625,0.010789656,1,1
9/14/2022,Boise Low,White,4,24,0.09475,0.1085,0.101625,0.02825,1,1
9/15/2022,Boise Low,Black,4,24,0.08875,0.1095,0.099125,0.010827242,1,1
9/15/2022,Boise Low,White,4,24,0.0985,0.11725,0.107875,0.032301638,1,1
9/16/2022,Boise Low,Black,4,24,0.09075,0.11175,0.10125,0.01197567,1,1
9/16/2022,Boise Low,White,4,24,0.102,0.11775,0.109875,0.032859233,1,1
9/17/2022,Boise Low,Black,4,24,0.0925,0.1085,0.1005,0.012308534,1,1
9/17/2022,Boise Low,White,4,24,0.10275,0.115,0.108875,0.031343194,1,1
9/18/2022,Boise Low,Black,4,24,0.097,0.10925,0.103125,0.012664748,1,1
9/18/2022,Boise Low,White,4,24,0.1055,0.115,0.11025,0.03094215,1,1
9/19/2022,Boise Low,Black,4,24,0.09375,0.11325,0.1035,0.012993588,1,1
9/19/2022,Boise Low,White,4,24,0.103,0.1175,0.11025,0.029666198,1,1
9/20/2022,Boise Low,Black,4,24,0.094,0.113,0.1035,0.012695143,1,1
9/20/2022,Boise Low,White,4,24,0.1035,0.11725,0.110375,0.029338186,1,1
9/21/2022,Boise Low,Black,4,24,0.09375,0.10625,0.1,0.01211748,1,1
9/21/2022,Boise Low,White,4,24,0.103,0.1125,0.10775,0.028897808,1,1
9/22/2022,Boise Low,Black,4,24,0.09125,0.10325,0.09725,0.01147824,1,1
9/22/2022,Boise Low,White,4,24,0.101,0.11,0.1055,0.028644371,1,1
9/23/2022,Boise Low,Black,4,24,0.0895,0.10775,0.098625,0.011890998,1,1
9/23/2022,Boise Low,White,4,24,0.099,0.1125,0.10575,0.028543826,1,1
9/24/2022,Boise Low,Black,4,24,0.087,0.109,0.098,0.011811012,1,1
9/24/2022,Boise Low,White,4,24,0.09625,0.1125,0.104375,0.027866871,1,1
9/25/2022,Boise Low,Black,4,24,0.08775,0.109,0.098375,0.01184184,1,1
9/25/2022,Boise Low,White,4,24,0.0965,0.11225,0.104375,0.028217533,1,1
9/26/2022,Boise Low,Black,4,24,0.08725,0.10825,0.09775,0.011863811,1,1
9/26/2022,Boise Low,White,4,24,0.09625,0.112,0.104125,0.028119907,1,1
9/27/2022,Boise Low,Black,4,24,0.0875,0.1065,0.097,0.011518102,1,1
9/27/2022,Boise Low,White,4,24,0.09625,0.111,0.103625,0.028470379,1,1
9/28/2022,Boise Low,Black,4,24,0.08875,0.10425,0.0965,0.01142366,1,1
9/28/2022,Boise Low,White,4,24,0.09725,0.10925,0.10325,0.028695238,1,1
9/29/2022,Boise Low,Black,4,24,0.0895,0.10075,0.095125,0.011100863,1,1
9/29/2022,Boise Low,White,4,24,0.0975,0.106,0.10175,0.028698142,1,1
9/30/2022,Boise Low,Black,4,24,0.0865,0.098,0.09225,0.010210289,1,1
9/30/2022,Boise Low,White,4,24,0.095,0.1035,0.09925,0.027995535,1,1
10/1/2022,Boise Low,Black,4,24,0.0845,0.1025,0.0935,0.010448285,1,1
10/1/2022,Boise Low,White,4,24,0.093,0.10575,0.099375,0.027671812,1,1
10/2/2022,Boise Low,Black,4,24,0.08375,0.103,0.093375,0.010765493,1,1
10/2/2022,Boise Low,White,4,24,0.0915,0.10575,0.098625,0.027768012,1,1
10/3/2022,Boise Low,Black,4,24,0.08575,0.10375,0.09475,0.010789656,1,1
10/3/2022,Boise Low,White,4,24,0.094,0.10675,0.100375,0.028021941,1,1
10/4/2022,Boise Low,Black,4,24,0.08425,0.10325,0.09375,0.010688779,1,1
10/4/2022,Boise Low,White,4,24,0.092,0.106,0.099,0.02805352,1,1
10/5/2022,Boise Low,Black,4,24,0.08375,0.103,0.093375,0.010765493,1,1
10/5/2022,Boise Low,White,4,24,0.09125,0.1055,0.098375,0.028021941,1,1
10/6/2022,Boise Low,Black,4,24,0.08425,0.103,0.093625,0.010522793,1,1
10/6/2022,Boise Low,White,4,24,0.092,0.1055,0.09875,0.028149896,1,1
10/7/2022,Boise Low,Black,4,24,0.08425,0.103,0.093625,0.010522793,1,1
10/7/2022,Boise Low,White,4,24,0.092,0.1055,0.09875,0.028149896,1,1
10/8/2022,Boise Low,Black,4,24,0.08575,0.10175,0.09375,0.010299676,1,1
10/8/2022,Boise Low,White,4,24,0.09275,0.10425,0.0985,0.028565714,1,1
10/9/2022,Boise Low,Black,4,24,0.08325,0.10025,0.09175,0.010210289,1,1
10/9/2022,Boise Low,White,4,24,0.09025,0.10225,0.09625,0.0285,1,1
10/10/2022,Boise Low,Black,4,24,0.08325,0.1005,0.091875,0.009986449,1,1
10/10/2022,Boise Low,White,4,24,0.0905,0.103,0.09675,0.028660368,1,1
10/11/2022,Boise Low,Black,4,24,0.08475,0.0975,0.091125,0.00975,1,1
10/11/2022,Boise Low,White,4,24,0.09175,0.1015,0.096625,0.028438164,1,1
10/12/2022,Boise Low,Black,4,24,0.08425,0.1005,0.092375,0.009986449,1,1
10/12/2022,Boise Low,White,4,24,0.09125,0.1025,0.096875,0.028694875,1,1
10/13/2022,Boise Low,Black,4,24,0.0845,0.10075,0.092625,0.01013554,1,1
10/13/2022,Boise Low,White,4,24,0.0915,0.10225,0.096875,0.028700682,1,1
10/14/2022,Boise Low,Black,4,24,0.08125,0.09975,0.0905,0.010058164,1,1
10/14/2022,Boise Low,White,4,24,0.08775,0.10125,0.0945,0.028568631,1,1
10/15/2022,Boise Low,Black,4,24,0.08375,0.09625,0.09,0.010157099,1,1
10/15/2022,Boise Low,White,4,24,0.09,0.09925,0.094625,0.028790551,1,1
10/16/2022,Boise Low,Black,4,24,0.0795,0.09575,0.087625,0.00975,1,1
10/16/2022,Boise Low,White,4,24,0.08525,0.0975,0.091375,0.028344238,1,1
10/17/2022,Boise Low,Black,4,24,0.0785,0.096,0.08725,0.009526279,1,1
10/17/2022,Boise Low,White,4,24,0.0845,0.09775,0.091125,0.028420576,1,1
10/18/2022,Boise Low,Black,4,24,0.0785,0.09625,0.087375,0.009594921,1,1
10/18/2022,Boise Low,White,4,24,0.0845,0.09775,0.091125,0.028420576,1,1
10/19/2022,Boise Low,Black,4,24,0.0785,0.0965,0.0875,0.009763879,1,1
10/19/2022,Boise Low,White,4,24,0.08425,0.09775,0.091,0.028551124,1,1
10/20/2022,Boise Low,Black,4,24,0.0775,0.0955,0.0865,0.009763879,1,1
10/20/2022,Boise Low,White,4,24,0.08375,0.09675,0.09025,0.028291636,1,1
10/21/2022,Boise Low,Black,4,24,0.081,0.09275,0.086875,0.009123002,1,1
10/21/2022,Boise Low,White,4,24,0.08725,0.09625,0.09175,0.028989941,1,1
10/22/2022,Boise Low,Black,4,24,0.08375,0.2665,0.175125,0.00931285,1,1
10/22/2022,Boise Low,White,4,24,0.0925,0.22925,0.160875,0.048248273,1,1
10/23/2022,Boise Low,Black,4,24,0.161,0.1785,0.16975,0.010812801,1,1
10/23/2022,Boise Low,White,4,24,0.16925,0.184,0.176625,0.027806999,1,1
10/24/2022,Boise Low,Black,4,24,0.154,0.16075,0.157375,0.008984941,1,1
10/24/2022,Boise Low,White,4,24,0.1625,0.169,0.16575,0.02328984,1,1
10/25/2022,Boise Low,Black,4,24,0.153,0.16625,0.159625,0.010773231,1,1
10/25/2022,Boise Low,White,4,24,0.1645,0.17175,0.168125,0.023686758,1,1
10/26/2022,Boise Low,Black,4,24,0.1505,0.15775,0.154125,0.010077822,1,1
10/26/2022,Boise Low,White,4,24,0.16,0.166,0.163,0.022642144,1,1
10/27/2022,Boise Low,Black,4,24,0.145,0.1565,0.15075,0.010634065,1,1
10/27/2022,Boise Low,White,4,24,0.1555,0.16175,0.158625,0.022309845,1,1
10/28/2022,Boise Low,Black,4,24,0.1435,0.15225,0.147875,0.011448253,1,1
10/28/2022,Boise Low,White,4,24,0.1515,0.15775,0.154625,0.022503241,1,1
10/29/2022,Boise Low,Black,4,24,0.138,0.15225,0.145125,0.01217494,1,1
10/29/2022,Boise Low,White,4,24,0.14675,0.155,0.150875,0.022510646,1,1
10/30/2022,Boise Low,Black,4,24,0.13575,0.1495,0.142625,0.0126384,1,1
10/30/2022,Boise Low,White,4,24,0.144,0.15275,0.148375,0.022972357,1,1
10/31/2022,Boise Low,Black,4,24,0.1355,0.15075,0.143125,0.013437355,1,1
10/31/2022,Boise Low,White,4,24,0.14325,0.15325,0.14825,0.023609673,1,1
11/1/2022,Boise Low,Black,4,24,0.136,0.14475,0.140375,0.013695346,1,1
11/1/2022,Boise Low,White,4,24,0.1435,0.14975,0.146625,0.024287771,1,1
11/2/2022,Boise Low,Black,4,24,0.1335,0.1395,0.1365,0.0137659,1,1
11/2/2022,Boise Low,White,4,24,0.1395,0.1445,0.142,0.023766223,1,1
11/3/2022,Boise Low,Black,4,24,0.12825,0.139,0.133625,0.013554673,1,1
11/3/2022,Boise Low,White,4,24,0.135,0.141,0.138,0.023363076,1,1
11/4/2022,Boise Low,Black,4,24,0.12925,0.154,0.141625,0.014493533,1,1
11/4/2022,Boise Low,White,4,24,0.13725,0.187,0.162125,0.042538953,1,1
11/5/2022,Boise Low,Black,4,24,0.14975,0.15575,0.15275,0.01508034,1,1
11/5/2022,Boise Low,White,4,24,0.1625,0.17225,0.167375,0.031116381,1,1
11/6/2022,Boise Low,Black,4,24,0.144,0.15,0.147,0.01340398,1,1
11/6/2022,Boise Low,White,4,24,0.15625,0.1615,0.158875,0.027047412,1,1
11/7/2022,Boise Low,Black,4,24,0.146,0.15575,0.150875,0.014378079,1,1
11/7/2022,Boise Low,White,4,24,0.15925,0.1655,0.162375,0.027650723,1,1
11/8/2022,Boise Low,Black,4,24,0.144,0.14975,0.146875,0.013517735,1,1
11/8/2022,Boise Low,White,4,24,0.157,0.17825,0.167625,0.04244089,1,1
11/9/2022,Boise Low,Black,4,24,0.16075,0.2415,0.201125,0.041525845,1,1
11/9/2022,Boise Low,White,4,24,0.183,0.25125,0.217125,0.061320707,1,1
11/10/2022,Boise Low,Black,4,24,0.175,0.21075,0.192875,0.027786013,1,1
11/10/2022,Boise Low,White,4,24,0.18225,0.22225,0.20225,0.03642458,1,1
11/11/2022,Boise Low,Black,4,24,0.15425,0.18075,0.1675,0.029280255,1,1
11/11/2022,Boise Low,White,4,24,0.14575,0.186,0.165875,0.027795009,1,1
11/12/2022,Boise Low,Black,4,24,0.16425,0.16925,0.16675,0.031159536,1,1
11/12/2022,Boise Low,White,4,24,0.15125,0.16175,0.1565,0.026403914,1,1
11/13/2022,Boise Low,Black,4,24,0.154,0.16475,0.159375,0.02812287,1,1
11/13/2022,Boise Low,White,4,24,0.144,0.156,0.15,0.027233558,1,1
11/14/2022,Boise Low,Black,4,24,0.1505,0.1615,0.156,0.026242459,1,1
11/14/2022,Boise Low,White,4,24,0.13925,0.153,0.146125,0.027662776,1,1
11/15/2022,Boise Low,Black,4,24,0.1415,0.15625,0.148875,0.024499575,1,1
11/15/2022,Boise Low,White,4,24,0.12275,0.14225,0.1325,0.024600136,1,1
11/16/2022,Boise Low,Black,4,24,0.13625,0.152,0.144125,0.023095364,1,1
11/16/2022,Boise Low,White,4,24,0.1055,0.128,0.11675,0.022555487,1,1
11/17/2022,Boise Low,Black,4,24,0.134,0.1475,0.14075,0.022998188,1,1
11/17/2022,Boise Low,White,4,24,0.0895,0.115,0.10225,0.023074156,1,1
11/18/2022,Boise Low,Black,4,24,0.13575,0.14675,0.14125,0.02094636,1,1
11/18/2022,Boise Low,White,4,24,0.0945,0.10675,0.100625,0.021545978,1,1
11/19/2022,Boise Low,Black,4,24,0.1205,0.1435,0.132,0.023014488,1,1
11/19/2022,Boise Low,White,4,24,0.06625,0.102,0.084125,0.024294632,1,1
11/20/2022,Boise Low,Black,4,24,0.10275,0.13225,0.1175,0.017421251,1,1
11/20/2022,Boise Low,White,4,24,0.05975,0.07525,0.0675,0.024300206,1,1
11/21/2022,Boise Low,Black,4,24,0.0975,0.126,0.11175,0.011064207,1,1
11/21/2022,Boise Low,White,4,24,0.0585,0.075,0.06675,0.024074537,1,1
11/22/2022,Boise Low,Black,4,24,0.1005,0.1235,0.112,0.01260952,1,1
11/22/2022,Boise Low,White,4,24,0.0585,0.074,0.06625,0.024482987,1,1
11/23/2022,Boise Low,Black,4,24,0.11525,0.149,0.132125,0.014619479,1,1
11/23/2022,Boise Low,White,4,24,0.06325,0.08225,0.07275,0.024253866,1,1
11/24/2022,Boise Low,Black,4,24,0.13075,0.1475,0.139125,0.018611712,1,1
11/24/2022,Boise Low,White,4,24,0.06825,0.0865,0.077375,0.023633927,1,1
11/25/2022,Boise Low,Black,4,24,0.127,0.14225,0.134625,0.020937904,1,1
11/25/2022,Boise Low,White,4,24,0.06725,0.08525,0.07625,0.023581419,1,1
11/26/2022,Boise Low,Black,4,24,0.13825,0.15375,0.146,0.020338797,1,1
11/26/2022,Boise Low,White,4,24,0.08475,0.1265,0.105625,0.017565947,1,1
11/27/2022,Boise Low,Black,4,24,0.147,0.15025,0.148625,0.021437409,1,1
11/27/2022,Boise Low,White,4,24,0.11925,0.13925,0.12925,0.021910804,1,1
11/28/2022,Boise Low,Black,4,24,0.14725,0.15825,0.15275,0.022761444,1,1
11/28/2022,Boise Low,White,4,24,0.138,0.14075,0.139375,0.026945547,1,1
11/29/2022,Boise Low,Black,4,24,0.1555,0.1595,0.1575,0.026767518,1,1
11/29/2022,Boise Low,White,4,24,0.135,0.13975,0.137375,0.028831045,1,1
11/30/2022,Boise Low,Black,4,24,0.15575,0.17075,0.16325,0.03128498,1,1
11/30/2022,Boise Low,White,4,24,0.13325,0.1405,0.136875,0.030603309,1,1
12/1/2022,Boise Low,Black,4,24,0.16975,0.22575,0.19775,0.060545437,1,1
12/1/2022,Boise Low,White,4,24,0.139,0.164,0.1515,0.033334167,1,1
12/2/2022,Boise Low,Black,4,24,0.155,0.185,0.17,0.044476586,1,1
12/2/2022,Boise Low,White,4,24,0.091,0.14,0.1155,0.042180169,1,1
12/3/2022,Boise Low,Black,4,24,0.12125,0.151,0.136125,0.038105938,1,1
12/3/2022,Boise Low,White,4,24,0.068,0.09175,0.079875,0.043996922,1,1
12/4/2022,Boise Low,Black,4,24,0.1245,0.1305,0.1275,0.030389143,1,1
12/4/2022,Boise Low,White,4,24,0.068,0.0765,0.07225,0.038924071,1,1
12/5/2022,Boise Low,Black,4,24,0.1255,0.12875,0.127125,0.032034812,1,1
12/5/2022,Boise Low,White,4,24,0.0735,0.0775,0.0755,0.038676005,1,1
12/6/2022,Boise Low,Black,4,24,0.124,0.12875,0.126375,0.031634304,1,1
12/6/2022,Boise Low,White,4,24,0.072,0.08,0.076,0.03853786,1,1
12/7/2022,Boise Low,Black,4,24,0.12375,0.13025,0.127,0.032457665,1,1
12/7/2022,Boise Low,White,4,24,0.07425,0.08175,0.078,0.039465175,1,1
12/8/2022,Boise Low,Black,4,24,0.1135,0.12325,0.118375,0.03322242,1,1
12/8/2022,Boise Low,White,4,24,0.06725,0.075,0.071125,0.038760751,1,1
12/9/2022,Boise Low,Black,4,24,0.11825,0.12575,0.122,0.031522479,1,1
12/9/2022,Boise Low,White,4,24,0.06975,0.0785,0.074125,0.038842363,1,1
12/10/2022,Boise Low,Black,4,24,0.12575,0.2095,0.167625,0.0567265,1,1
12/10/2022,Boise Low,White,4,24,0.07875,0.16075,0.11975,0.030774719,1,1
12/11/2022,Boise Low,Black,4,24,0.172,0.24,0.206,0.050021662,1,1
12/11/2022,Boise Low,White,4,24,0.1515,0.1815,0.1665,0.034002451,1,1
12/12/2022,Boise Low,Black,4,24,0.17825,0.283,0.230625,0.043140034,1,1
12/12/2022,Boise Low,White,4,24,0.15275,0.199,0.175875,0.040123507,1,1
12/13/2022,Boise Low,Black,4,24,0.1665,0.17975,0.173125,0.031615858,1,1
12/13/2022,Boise Low,White,4,24,0.14275,0.1525,0.147625,0.029640555,1,1
12/14/2022,Boise Low,Black,4,24,0.147,0.1635,0.15525,0.035365944,1,1
12/14/2022,Boise Low,White,4,24,0.1205,0.139,0.12975,0.029744747,1,1
12/15/2022,Boise Low,Black,4,24,0.12825,0.15525,0.14175,0.044550533,1,1
12/15/2022,Boise Low,White,4,24,0.09025,0.12775,0.109,0.037152837,1,1
12/16/2022,Boise Low,Black,4,24,0.08075,0.1235,0.102125,0.050443657,1,1
12/16/2022,Boise Low,White,4,24,0.0535,0.0845,0.069,0.042753168,1,1
12/17/2022,Boise Low,Black,4,24,0.0645,0.08475,0.074625,0.043979872,1,1
12/17/2022,Boise Low,White,4,24,0.04075,0.054,0.047375,0.037075093,1,1
12/18/2022,Boise Low,Black,4,24,0.05325,0.066,0.059625,0.034201304,1,1
12/18/2022,Boise Low,White,4,24,0.038,0.044,0.041,0.03347387,1,1
12/19/2022,Boise Low,Black,4,24,0.05,0.06025,0.055125,0.028908981,1,1
12/19/2022,Boise Low,White,4,24,0.037,0.04325,0.040125,0.032637849,1,1
12/20/2022,Boise Low,Black,4,24,0.052,0.06475,0.058375,0.029158689,1,1
12/20/2022,Boise Low,White,4,24,0.03875,0.04625,0.0425,0.03321897,1,1
12/21/2022,Boise Low,Black,4,24,0.0645,0.0745,0.0695,0.031688589,1,1
12/21/2022,Boise Low,White,4,24,0.0445,0.053,0.04875,0.03526684,1,1
12/22/2022,Boise Low,Black,4,24,0.04875,0.06525,0.057,0.032282606,1,1
12/22/2022,Boise Low,White,4,24,0.0355,0.0435,0.0395,0.032769396,1,1
12/23/2022,Boise Low,Black,4,24,0.05,0.0535,0.05175,0.027599819,1,1
12/23/2022,Boise Low,White,4,24,0.037,0.04075,0.038875,0.031768367,1,1
12/24/2022,Boise Low,Black,4,24,0.0535,0.0565,0.055,0.028445855,1,1
12/24/2022,Boise Low,White,4,24,0.041,0.0435,0.04225,0.032517944,1,1
12/25/2022,Boise Low,Black,4,24,0.056,0.0605,0.05825,0.029873344,1,1
12/25/2022,Boise Low,White,4,24,0.04325,0.04725,0.04525,0.033539777,1,1
12/26/2022,Boise Low,Black,4,24,0.05975,0.06325,0.0615,0.031002688,1,1
12/26/2022,Boise Low,White,4,24,0.046,0.05,0.048,0.034421408,1,1
12/27/2022,Boise Low,Black,4,24,0.06325,0.291,0.177125,0.041839724,1,1
12/27/2022,Boise Low,White,4,24,0.04925,0.317,0.183125,0.026578108,1,1
12/28/2022,Boise Low,Black,4,24,0.172,0.201,0.1865,0.048247625,1,1
12/28/2022,Boise Low,White,4,24,0.16275,0.188,0.175375,0.029984371,1,1
12/29/2022,Boise Low,Black,4,24,0.13525,0.1815,0.158375,0.046268015,1,1
12/29/2022,Boise Low,White,4,24,0.13275,0.17125,0.152,0.028480988,1,1
12/30/2022,Boise Low,Black,4,24,0.1455,0.30325,0.224375,0.041961043,1,1
12/30/2022,Boise Low,White,4,24,0.135,0.3195,0.22725,0.032332904,1,1
12/31/2022,Boise Low,Black,4,24,0.166,0.19275,0.179375,0.045056215,1,1
12/31/2022,Boise Low,White,4,24,0.18725,0.226,0.206625,0.04412742,1,1
1/1/2023,Boise Low,Black,4,24,0.12725,0.16375,0.1455,0.047199929,1,1
1/1/2023,Boise Low,White,4,24,0.13225,0.18175,0.157,0.032641997,1,1
1/2/2023,Boise Low,Black,4,24,0.10825,0.1385,0.123375,0.050483289,1,1
1/2/2023,Boise Low,White,4,24,0.103,0.1425,0.12275,0.028019339,1,1
1/3/2023,Boise Low,Black,4,24,0.07175,0.1065,0.089125,0.056442264,1,1
1/3/2023,Boise Low,White,4,24,0.06525,0.09825,0.08175,0.02356728,1,1
1/4/2023,Boise Low,Black,4,24,0.07125,0.10925,0.09025,0.049982497,1,1
1/4/2023,Boise Low,White,4,24,0.06175,0.16125,0.1115,0.042774603,1,1
1/5/2023,Boise Low,Black,4,24,0.10675,0.11125,0.109,0.04725992,1,1
1/5/2023,Boise Low,White,4,24,0.12875,0.17075,0.14975,0.046905046,1,1
1/6/2023,Boise Low,Black,4,24,0.106,0.11075,0.108375,0.04646392,1,1
1/6/2023,Boise Low,White,4,24,0.138,0.1455,0.14175,0.039349926,1,1
1/7/2023,Boise Low,Black,4,24,0.0945,0.107,0.10075,0.051225807,1,1
1/7/2023,Boise Low,White,4,24,0.1215,0.13775,0.129625,0.034562443,1,1
1/8/2023,Boise Low,Black,4,24,0.09825,0.103,0.100625,0.051034915,1,1
1/8/2023,Boise Low,White,4,24,0.12375,0.1295,0.126625,0.031925369,1,1
1/9/2023,Boise Low,Black,4,24,0.097,0.10225,0.099625,0.050864813,1,1
1/9/2023,Boise Low,White,4,24,0.12175,0.1305,0.126125,0.031846965,1,1
1/10/2023,Boise Low,Black,4,24,0.099,0.249,0.174,0.065175404,1,1
1/10/2023,Boise Low,White,4,24,0.125,0.1865,0.15575,0.0538648,1,1
1/11/2023,Boise Low,Black,4,24,0.111,0.13375,0.122375,0.059688602,1,1
1/11/2023,Boise Low,White,4,24,0.12025,0.13975,0.13,0.035021422,1,1
1/12/2023,Boise Low,Black,4,24,0.119,0.12325,0.121125,0.054463099,1,1
1/12/2023,Boise Low,White,4,24,0.1275,0.132,0.12975,0.03374537,1,1
1/13/2023,Boise Low,Black,4,24,0.11725,0.12,0.118625,0.054557882,1,1
1/13/2023,Boise Low,White,4,24,0.12475,0.1275,0.126125,0.032484291,1,1
1/14/2023,Boise Low,Black,4,24,0.116,0.11975,0.117875,0.053698813,1,1
1/14/2023,Boise Low,White,4,24,0.12425,0.12725,0.12575,0.0333004,1,1
1/15/2023,Boise Low,Black,4,24,0.1145,0.1205,0.1175,0.053202444,1,1
1/15/2023,Boise Low,White,4,24,0.12125,0.127,0.124125,0.033255012,1,1
1/16/2023,Boise Low,Black,4,24,0.11175,0.11575,0.11375,0.052721754,1,1
1/16/2023,Boise Low,White,4,24,0.1185,0.122,0.12025,0.032001302,1,1
1/17/2023,Boise Low,Black,4,24,0.10875,0.114,0.111375,0.052460104,1,1
1/17/2023,Boise Low,White,4,24,0.1155,0.1205,0.118,0.031514547,1,1
1/18/2023,Boise Low,Black,4,24,0.102,0.10975,0.105875,0.05339222,1,1
1/18/2023,Boise Low,White,4,24,0.1085,0.116,0.11225,0.031478829,1,1
1/19/2023,Boise Low,Black,4,24,0.1,0.11225,0.106125,0.057758657,1,1
1/19/2023,Boise Low,White,4,24,0.11225,0.12075,0.1165,0.031564748,1,1
1/20/2023,Boise Low,Black,4,24,0.07525,0.10125,0.08825,0.062865597,1,1
1/20/2023,Boise Low,White,4,24,0.07675,0.1095,0.093125,0.02925,1,1
1/21/2023,Boise Low,Black,4,24,0.0545,0.0785,0.0665,0.053155432,1,1
1/21/2023,Boise Low,White,4,24,0.04575,0.07575,0.06075,0.019397165,1,1
1/22/2023,Boise Low,Black,4,24,0.05825,0.072,0.065125,0.049796879,1,1
1/22/2023,Boise Low,White,4,24,0.0505,0.06325,0.056875,0.016804637,1,1
1/23/2023,Boise Low,Black,4,24,0.0525,0.08075,0.066625,0.048739743,1,1
1/23/2023,Boise Low,White,4,24,0.04475,0.1155,0.080125,0.021515014,1,1
1/24/2023,Boise Low,Black,4,24,0.04125,0.07675,0.059,0.04249902,1,1
1/24/2023,Boise Low,White,4,24,0.044,0.112,0.078,0.019343388,1,1
1/25/2023,Boise Low,Black,4,24,0.0565,0.07425,0.065375,0.047483989,1,1
1/25/2023,Boise Low,White,4,24,0.069,0.14,0.1045,0.039108823,1,1
1/26/2023,Boise Low,Black,4,24,0.06925,0.07425,0.07175,0.048966826,1,1
1/26/2023,Boise Low,White,4,24,0.09525,0.123,0.109125,0.031491732,1,1
1/27/2023,Boise Low,Black,4,24,0.06825,0.071,0.069625,0.047978077,1,1
1/27/2023,Boise Low,White,4,24,0.10575,0.11225,0.109,0.02922613,1,1
1/28/2023,Boise Low,Black,4,24,0.06725,0.07125,0.06925,0.046564471,1,1
1/28/2023,Boise Low,White,4,22,0.1035,0.109,0.10625,0.02781037,1,0
1/29/2023,Boise Low,Black,4,24,0.03775,0.0705,0.054125,0.044505384,1,1
1/29/2023,Boise Low,White,3,24,0.049,0.109666667,0.079333333,0.019094065,1,1
1/30/2023,Boise Low,Black,4,24,0.0175,0.03775,0.027625,0.030521509,1,1
1/30/2023,Boise Low,White,3,24,0.027,0.043666667,0.035333333,0.011003787,1,1
1/31/2023,Boise Low,Black,4,24,0.013,0.02025,0.016625,0.018548922,1,1
1/31/2023,Boise Low,White,3,24,0.023,0.030666667,0.026833333,0.008836477,1,1
2/1/2023,Boise Low,Black,4,24,0.01275,0.02,0.016375,0.017341545,1,1
2/1/2023,Boise Low,White,3,24,0.022666667,0.032333333,0.0275,0.008674676,1,1
2/2/2023,Boise Low,Black,4,24,0.0125,0.026,0.01925,0.014958275,1,1
2/2/2023,Boise Low,White,3,24,0.023,0.049,0.036,0.011629703,1,1
2/3/2023,Boise Low,Black,4,24,0.01475,0.026,0.020375,0.015776433,1,1
2/3/2023,Boise Low,White,3,24,0.026333333,0.040666667,0.0335,0.008261356,1,1
2/4/2023,Boise Low,Black,4,24,0.0165,0.0505,0.0335,0.024093568,1,1
2/4/2023,Boise Low,White,3,24,0.029,0.089666667,0.059333333,0.022744963,1,1
2/5/2023,Boise Low,Black,4,24,0.039,0.066,0.0525,0.03193222,1,1
2/5/2023,Boise Low,White,3,24,0.058333333,0.096,0.077166667,0.030505464,1,1
2/6/2023,Boise Low,Black,4,24,0.05625,0.0615,0.058875,0.039011483,1,1
2/6/2023,Boise Low,White,3,24,0.072333333,0.081,0.076666667,0.03301641,1,1
2/7/2023,Boise Low,Black,4,24,0.044,0.05775,0.050875,0.039512393,1,1
2/7/2023,Boise Low,White,3,24,0.057666667,0.074666667,0.066166667,0.031564748,1,1
2/8/2023,Boise Low,Black,4,24,0.049,0.0545,0.05175,0.036856705,1,1
2/8/2023,Boise Low,White,3,24,0.062666667,0.073666667,0.068166667,0.02766014,1,1
2/9/2023,Boise Low,Black,4,24,0.03225,0.05075,0.0415,0.034363256,1,1
2/9/2023,Boise Low,White,3,24,0.043,0.076333333,0.059666667,0.022772425,1,1
2/10/2023,Boise Low,Black,4,24,0.0345,0.04625,0.040375,0.031943635,1,1
2/10/2023,Boise Low,White,3,24,0.047333333,0.066666667,0.057,0.024713357,1,1
2/11/2023,Boise Low,Black,4,24,0.03275,0.0455,0.039125,0.029878574,1,1
2/11/2023,Boise Low,White,3,24,0.045,0.065,0.055,0.023404059,1,1
2/12/2023,Boise Low,Black,4,24,0.03325,0.0455,0.039375,0.028897448,1,1
2/12/2023,Boise Low,White,3,24,0.044333333,0.064666667,0.0545,0.022118996,1,1
2/13/2023,Boise Low,Black,4,24,0.03125,0.04575,0.0385,0.02644176,1,1
2/13/2023,Boise Low,White,3,24,0.043,0.065666667,0.054333333,0.024006943,1,1
2/14/2023,Boise Low,Black,4,24,0.031,0.0425,0.03675,0.027846304,1,1
2/14/2023,Boise Low,White,3,24,0.038333333,0.057,0.047666667,0.017105067,1,1
2/15/2023,Boise Low,Black,4,24,0.02875,0.0415,0.035125,0.024584463,1,1
2/15/2023,Boise Low,White,3,24,0.037333333,0.053666667,0.0455,0.011056672,1,1
2/16/2023,Boise Low,Black,4,24,0.02625,0.04175,0.034,0.023334524,1,1
2/16/2023,Boise Low,White,3,24,0.035666667,0.055333333,0.0455,0.009096703,1,1
2/17/2023,Boise Low,Black,4,24,0.0275,0.04275,0.035125,0.023232072,1,1
2/17/2023,Boise Low,White,3,24,0.035,0.052,0.0435,0.010111874,1,1
2/18/2023,Boise Low,Black,4,24,0.02575,0.03925,0.0325,0.022188586,1,1
2/18/2023,Boise Low,White,3,24,0.032666667,0.044333333,0.0385,0.008760708,1,1
2/19/2023,Boise Low,Black,4,24,0.02675,0.0405,0.033625,0.023070092,1,1
2/19/2023,Boise Low,White,3,24,0.033666667,0.053,0.043333333,0.012858201,1,1
2/20/2023,Boise Low,Black,4,24,0.03675,0.04275,0.03975,0.024513602,1,1
2/20/2023,Boise Low,White,3,24,0.045,0.052666667,0.048833333,0.015036068,1,1
2/21/2023,Boise Low,Black,4,24,0.03425,0.03775,0.036,0.023473389,1,1
2/21/2023,Boise Low,White,3,24,0.044666667,0.048666667,0.046666667,0.012291596,1,1
2/22/2023,Boise Low,Black,4,24,0.03225,0.0375,0.034875,0.022268719,1,1
2/22/2023,Boise Low,White,3,24,0.040666667,0.047,0.043833333,0.011184066,1,1
2/23/2023,Boise Low,Black,4,24,0.028,0.03875,0.033375,0.018084869,1,1
2/23/2023,Boise Low,White,3,24,0.034,0.043333333,0.038666667,0.009504385,1,1
2/24/2023,Boise Low,Black,4,24,0.02225,0.03875,0.0305,0.018096961,1,1
2/24/2023,Boise Low,White,3,24,0.028,0.043333333,0.035666667,0.007234178,1,1
2/25/2023,Boise Low,Black,4,24,0.023,0.04175,0.032375,0.018741109,1,1
2/25/2023,Boise Low,White,3,24,0.028666667,0.046333333,0.0375,0.008185353,1,1
2/26/2023,Boise Low,Black,4,24,0.03225,0.04875,0.0405,0.020603398,1,1
2/26/2023,Boise Low,White,3,24,0.035333333,0.086333333,0.060833333,0.020076935,1,1
2/27/2023,Boise Low,Black,4,24,0.0315,0.0405,0.036,0.022449944,1,1
2/27/2023,Boise Low,White,3,24,0.037333333,0.053333333,0.045333333,0.013156114,1,1
2/28/2023,Boise Low,Black,4,24,0.034,0.04,0.037,0.021548395,1,1
2/28/2023,Boise Low,White,3,24,0.039666667,0.046333333,0.043,0.009041571,1,1
3/1/2023,Boise Low,Black,4,24,0.039,0.051,0.045,0.02325224,1,1
3/1/2023,Boise Low,White,3,24,0.046333333,0.068666667,0.0575,0.011532563,1,1
3/2/2023,Boise Low,Black,4,24,0.05,0.05625,0.053125,0.02919011,1,1
3/2/2023,Boise Low,White,3,24,0.048666667,0.091333333,0.07,0.012529964,1,1
3/3/2023,Boise Low,Black,4,24,0.054,0.06575,0.059875,0.03322242,1,1
3/3/2023,Boise Low,White,3,24,0.055333333,0.076666667,0.066,0.012257651,1,1
3/4/2023,Boise Low,Black,4,24,0.0465,0.083,0.06475,0.040762524,1,1
3/4/2023,Boise Low,White,3,24,0.044,0.064666667,0.054333333,0.017337339,1,1
3/5/2023,Boise Low,Black,4,24,0.04425,0.07375,0.059,0.035064227,1,1
3/5/2023,Boise Low,White,3,24,0.044333333,0.060666667,0.0525,0.016209565,1,1
3/6/2023,Boise Low,Black,4,24,0.0275,0.059,0.04325,0.023538975,1,1
3/6/2023,Boise Low,White,3,24,0.038,0.063333333,0.050666667,0.012209969,1,1
3/7/2023,Boise Low,Black,4,24,0.026,0.0695,0.04775,0.029321494,1,1
3/7/2023,Boise Low,White,3,24,0.037666667,0.064666667,0.051166667,0.011930353,1,1
3/8/2023,Boise Low,Black,4,24,0.02175,0.067,0.044375,0.013972443,1,1
3/8/2023,Boise Low,White,3,24,0.036333333,0.07,0.053166667,0.001443376,1,1
3/9/2023,Boise Low,Black,4,24,0.03325,0.04825,0.04075,0.008930286,1,1
3/9/2023,Boise Low,White,3,24,0.044,0.062,0.053,0.003774917,1,1
3/10/2023,Boise Low,Black,4,24,0.04625,0.13,0.088125,0.020005728,1,1
3/10/2023,Boise Low,White,3,24,0.062333333,0.155,0.108666667,0.027075512,1,1
3/11/2023,Boise Low,Black,4,24,0.08175,0.0915,0.086625,0.022114758,1,1
3/11/2023,Boise Low,White,3,24,0.091666667,0.102,0.096833333,0.021179786,1,1
3/12/2023,Boise Low,Black,4,24,0.075,0.0965,0.08575,0.019653244,1,1
3/12/2023,Boise Low,White,3,24,0.085333333,0.134,0.109666667,0.028523382,1,1
3/13/2023,Boise Low,Black,4,24,0.08225,0.09125,0.08675,0.022092608,1,1
3/13/2023,Boise Low,White,3,24,0.096333333,0.108,0.102166667,0.022540704,1,1
3/14/2023,Boise Low,Black,4,24,0.07925,0.18925,0.13425,0.052141634,1,1
3/14/2023,Boise Low,White,3,24,0.093333333,0.193666667,0.1435,0.042535279,1,1
3/15/2023,Boise Low,Black,4,24,0.088,0.12575,0.106875,0.028305992,1,1
3/15/2023,Boise Low,White,3,24,0.102,0.145333333,0.123666667,0.030167587,1,1
3/16/2023,Boise Low,Black,4,24,0.07775,0.106,0.091875,0.028966576,1,1
3/16/2023,Boise Low,White,3,24,0.091666667,0.136333333,0.114,0.051543671,1,1
3/17/2023,Boise Low,Black,4,24,0.085,0.0965,0.09075,0.04308422,1,1
3/17/2023,Boise Low,White,4,21.25,0.1355,0.16125,0.148375,0.084904235,1,0
3/18/2023,Boise Low,Black,4,24,0.08375,0.091,0.087375,0.043442251,1,1
3/18/2023,Boise Low,White,4,24,0.15125,0.157,0.154125,0.096893735,1,1
3/19/2023,Boise Low,Black,4,24,0.0795,0.08375,0.081625,0.043058826,1,1
3/19/2023,Boise Low,White,4,24,0.14725,0.1515,0.149375,0.096598288,1,1
3/20/2023,Boise Low,Black,4,24,0.07875,0.13725,0.108,0.057290197,1,1
3/20/2023,Boise Low,White,4,24,0.14675,0.193,0.169875,0.097191713,1,1
3/21/2023,Boise Low,Black,4,24,0.095,0.21975,0.157375,0.033890449,1,1
3/21/2023,Boise Low,White,4,24,0.158,0.252,0.205,0.064287116,1,1
3/22/2023,Boise Low,Black,4,24,0.20725,0.2165,0.211875,0.048872922,1,1
3/22/2023,Boise Low,White,4,24,0.24125,0.2495,0.245375,0.053850681,1,1
3/23/2023,Boise Low,Black,4,24,0.20325,0.2105,0.206875,0.046662574,1,1
3/23/2023,Boise Low,White,4,24,0.24,0.24575,0.242875,0.053529392,1,1
3/24/2023,Boise Low,Black,4,24,0.1955,0.204,0.19975,0.04330993,1,1
3/24/2023,Boise Low,White,4,24,0.23325,0.2395,0.236375,0.051611328,1,1
3/25/2023,Boise Low,Black,4,24,0.19125,0.199,0.195125,0.040978399,1,1
3/25/2023,Boise Low,White,4,24,0.229,0.23525,0.232125,0.050840232,1,1
3/26/2023,Boise Low,Black,4,24,0.186,0.19325,0.189625,0.037963524,1,1
3/26/2023,Boise Low,White,4,24,0.22375,0.23075,0.22725,0.049376951,1,1
3/27/2023,Boise Low,Black,4,24,0.18275,0.19325,0.188,0.036631043,1,1
3/27/2023,Boise Low,White,4,24,0.22075,0.23,0.225375,0.04903124,1,1
3/28/2023,Boise Low,Black,4,24,0.18275,0.18625,0.1845,0.035211267,1,1
3/28/2023,Boise Low,White,4,24,0.222,0.225,0.2235,0.049052693,1,1
3/29/2023,Boise Low,Black,4,24,0.182,0.189,0.1855,0.035620687,1,1
3/29/2023,Boise Low,White,4,24,0.22375,0.22875,0.22625,0.050649942,1,1
3/30/2023,Boise Low,Black,4,24,0.183,0.19975,0.191375,0.038504058,1,1
3/30/2023,Boise Low,White,4,24,0.224,0.23725,0.230625,0.051481995,1,1
3/31/2023,Boise Low,Black,4,24,0.19525,0.20375,0.1995,0.043522025,1,1
3/31/2023,Boise Low,White,4,24,0.23325,0.24,0.236625,0.053157588,1,1
4/1/2023,Boise Low,Black,4,24,0.19175,0.20075,0.19625,0.042206832,1,1
4/1/2023,Boise Low,White,4,24,0.2325,0.23925,0.235875,0.052953399,1,1
4/2/2023,Boise Low,Black,4,24,0.19,0.20275,0.196375,0.041304509,1,1
4/2/2023,Boise Low,White,4,24,0.23,0.24,0.235,0.052645038,1,1
4/3/2023,Boise Low,Black,4,24,0.183,0.19125,0.187125,0.03720971,1,1
4/3/2023,Boise Low,White,4,24,0.224,0.231,0.2275,0.050348784,1,1
4/4/2023,Boise Low,Black,4,24,0.17975,0.18675,0.18325,0.034743105,1,1
4/4/2023,Boise Low,White,4,24,0.22,0.22575,0.222875,0.049383491,1,1
4/5/2023,Boise Low,Black,4,24,0.176,0.19275,0.184375,0.034831439,1,1
4/5/2023,Boise Low,White,4,24,0.21575,0.22975,0.22275,0.049828874,1,1
4/6/2023,Boise Low,Black,4,24,0.174,0.18425,0.179125,0.032714357,1,1
4/6/2023,Boise Low,White,4,24,0.21225,0.2225,0.217375,0.048702113,1,1
4/7/2023,Boise Low,Black,4,24,0.17275,0.18625,0.1795,0.029574764,1,1
4/7/2023,Boise Low,White,4,24,0.21075,0.22475,0.21775,0.050208731,1,1
4/8/2023,Boise Low,Black,4,24,0.17625,0.1935,0.184875,0.033534497,1,1
4/8/2023,Boise Low,White,4,24,0.2165,0.23,0.22325,0.051381741,1,1
4/9/2023,Boise Low,Black,4,24,0.177,0.19525,0.186125,0.033252506,1,1
4/9/2023,Boise Low,White,4,24,0.2165,0.2315,0.224,0.052049656,1,1
4/10/2023,Boise Low,Black,4,24,0.1755,0.1875,0.1815,0.032442256,1,1
4/10/2023,Boise Low,White,4,24,0.212,0.22475,0.218375,0.052127048,1,1
4/11/2023,Boise Low,Black,4,24,0.16875,0.1805,0.174625,0.031404286,1,1
4/11/2023,Boise Low,White,4,24,0.20325,0.2155,0.209375,0.051514359,1,1
4/12/2023,Boise Low,Black,4,24,0.163,0.171,0.167,0.029583216,1,1
4/12/2023,Boise Low,White,4,24,0.1965,0.2045,0.2005,0.049208739,1,1
4/13/2023,Boise Low,Black,4,24,0.159,0.17275,0.165875,0.029218644,1,1
4/13/2023,Boise Low,White,4,24,0.19175,0.20375,0.19775,0.048156862,1,1
4/14/2023,Boise Low,Black,4,24,0.1575,0.17625,0.166875,0.030434013,1,1
4/14/2023,Boise Low,White,4,24,0.1895,0.2055,0.1975,0.048481955,1,1
4/15/2023,Boise Low,Black,4,24,0.1555,0.17225,0.163875,0.029603983,1,1
4/15/2023,Boise Low,White,4,24,0.1855,0.20125,0.193375,0.04844133,1,1
4/16/2023,Boise Low,Black,4,24,0.1565,0.17275,0.164625,0.030844705,1,1
4/16/2023,Boise Low,White,4,24,0.1865,0.20025,0.193375,0.049892175,1,1
4/17/2023,Boise Low,Black,4,24,0.15475,0.16625,0.1605,0.030254476,1,1
4/17/2023,Boise Low,White,4,24,0.1835,0.193,0.18825,0.049119752,1,1
4/18/2023,Boise Low,Black,4,24,0.1515,0.15975,0.155625,0.02925,1,1
4/18/2023,Boise Low,White,4,24,0.181,0.18775,0.184375,0.047002438,1,1
4/19/2023,Boise Low,Black,4,24,0.14825,0.16475,0.1565,0.029288792,1,1
4/19/2023,Boise Low,White,4,24,0.1765,0.1915,0.184,0.045958314,1,1
4/20/2023,Boise Low,Black,4,24,0.15,0.1715,0.16075,0.030346609,1,1
4/20/2023,Boise Low,White,4,24,0.178,0.19675,0.187375,0.047396158,1,1
4/21/2023,Boise Low,Black,4,24,0.154,0.17125,0.162625,0.031404286,1,1
4/21/2023,Boise Low,White,4,24,0.1835,0.20125,0.192375,0.049027841,1,1
4/22/2023,Boise Low,Black,4,24,0.15725,0.17725,0.16725,0.032960835,1,1
4/22/2023,Boise Low,White,4,24,0.189,0.20525,0.197125,0.050030616,1,1
4/23/2023,Boise Low,Black,4,24,0.155,0.19025,0.172625,0.026696988,1,1
4/23/2023,Boise Low,White,4,24,0.185,0.22625,0.205625,0.050886106,1,1
4/24/2023,Boise Low,Black,4,24,0.16425,0.1735,0.168875,0.031993163,1,1
4/24/2023,Boise Low,White,4,24,0.199,0.20775,0.203375,0.051520829,1,1
4/25/2023,Boise Low,Black,4,24,0.1595,0.17975,0.169625,0.032665923,1,1
4/25/2023,Boise Low,White,4,24,0.193,0.20925,0.201125,0.051127903,1,1
4/26/2023,Boise Low,Black,4,24,0.15725,0.1805,0.168875,0.033774682,1,1
4/26/2023,Boise Low,White,4,24,0.1885,0.20775,0.198125,0.052367889,1,1
4/27/2023,Boise Low,Black,4,24,0.15675,0.1765,0.166625,0.032912447,1,1
4/27/2023,Boise Low,White,4,24,0.18675,0.20375,0.19525,0.053013363,1,1
4/28/2023,Boise Low,Black,4,24,0.15325,0.17475,0.164,0.032508973,1,1
4/28/2023,Boise Low,White,4,24,0.182,0.19975,0.190875,0.052661458,1,1
4/29/2023,Boise Low,Black,4,24,0.15225,0.17675,0.1645,0.032746501,1,1
4/29/2023,Boise Low,White,4,24,0.1795,0.20125,0.190375,0.054185445,1,1
4/30/2023,Boise Low,Black,4,24,0.15225,0.17625,0.16425,0.032379263,1,1
4/30/2023,Boise Low,White,4,24,0.179,0.1995,0.18925,0.05485815,1,1
5/1/2023,Boise Low,Black,4,24,0.15125,0.17125,0.16125,0.031202297,1,1
5/1/2023,Boise Low,White,4,24,0.1775,0.1945,0.186,0.054726593,1,1
5/2/2023,Boise Low,Black,4,24,0.1485,0.1675,0.158,0.030102602,1,1
5/2/2023,Boise Low,White,4,24,0.174,0.18975,0.181875,0.05348111,1,1
5/3/2023,Boise Low,Black,4,24,0.14475,0.162,0.153375,0.029640555,1,1
5/3/2023,Boise Low,White,4,24,0.16975,0.18425,0.177,0.052266943,1,1
5/4/2023,Boise Low,Black,4,24,0.14575,0.161,0.153375,0.029688311,1,1
5/4/2023,Boise Low,White,4,24,0.1705,0.18275,0.176625,0.052517259,1,1
5/5/2023,Boise Low,Black,4,24,0.1395,0.146,0.14275,0.027527259,1,1
5/5/2023,Boise Low,White,4,24,0.16525,0.1715,0.168375,0.049200906,1,1
5/6/2023,Boise Low,Black,4,24,0.13625,0.17,0.153125,0.025662473,1,1
5/6/2023,Boise Low,White,4,24,0.163,0.20425,0.183625,0.045702617,1,1
5/7/2023,Boise Low,Black,4,24,0.1435,0.15575,0.149625,0.028125833,1,1
5/7/2023,Boise Low,White,4,24,0.17225,0.181,0.176625,0.051905965,1,1
5/8/2023,Boise Low,Black,4,24,0.14125,0.194,0.167625,0.01891373,1,1
5/8/2023,Boise Low,White,4,24,0.1685,0.21575,0.192125,0.046691139,1,1
5/9/2023,Boise Low,Black,4,24,0.159,0.1795,0.16925,0.028007439,1,1
5/9/2023,Boise Low,White,4,24,0.18625,0.20175,0.194,0.054263247,1,1
5/10/2023,Boise Low,Black,4,24,0.153,0.17825,0.165625,0.030269278,1,1
5/10/2023,Boise Low,White,4,24,0.18,0.2,0.19,0.053834623,1,1
5/11/2023,Boise Low,Black,4,24,0.152,0.17425,0.163125,0.030844705,1,1
5/11/2023,Boise Low,White,4,24,0.17725,0.19525,0.18625,0.054859669,1,1
5/12/2023,Boise Low,Black,4,24,0.14975,0.174,0.161875,0.031132446,1,1
5/12/2023,Boise Low,White,4,24,0.17425,0.19375,0.184,0.055140729,1,1
5/13/2023,Boise Low,Black,4,24,0.14875,0.17125,0.16,0.031310275,1,1
5/13/2023,Boise Low,White,4,24,0.17225,0.19025,0.18125,0.055124858,1,1
5/14/2023,Boise Low,Black,4,24,0.146,0.1905,0.16825,0.019632032,1,1
5/14/2023,Boise Low,White,4,24,0.1695,0.2195,0.1945,0.041707314,1,1
5/15/2023,Boise Low,Black,4,24,0.1575,0.1775,0.1675,0.02786874,1,1
5/15/2023,Boise Low,White,4,24,0.188,0.20275,0.195375,0.053641363,1,1
10/15/2021,Cheyenne,Black,4,6,0.10131548,0.102916995,0.102116237,0.0161781,1,0
10/15/2021,Cheyenne,White,4,6,0.1262621,0.128008656,0.127135378,0.017875964,1,0
10/16/2021,Cheyenne,Black,4,24,0.100740217,0.106347324,0.10354377,0.016516752,1,1
10/16/2021,Cheyenne,White,4,22.75,0.124740187,0.129584447,0.127162317,0.016563159,1,0
10/17/2021,Cheyenne,Black,4,24,0.102236198,0.106919944,0.104578071,0.016692485,1,1
10/17/2021,Cheyenne,White,4,22,0.125101579,0.129391588,0.127246584,0.015324824,1,0
10/18/2021,Cheyenne,Black,4,24,0.1038463,0.107605767,0.105726033,0.016823217,1,1
10/18/2021,Cheyenne,White,4,24,0.125347655,0.129085802,0.127216728,0.014163959,1,1
10/19/2021,Cheyenne,Black,4,24,0.103401938,0.176816292,0.140109115,0.018596209,1,1
10/19/2021,Cheyenne,White,4,22.75,0.124803722,0.18194494,0.153374331,0.018176777,1,0
10/20/2021,Cheyenne,Black,4,24,0.179001894,0.19114276,0.185072327,0.025659351,1,1
10/20/2021,Cheyenne,White,4,24,0.18486353,0.20532031,0.19509192,0.027023719,1,1
10/21/2021,Cheyenne,Black,4,24,0.180238895,0.186585892,0.183412394,0.025278575,1,1
10/21/2021,Cheyenne,White,4,24,0.197709452,0.203221306,0.200465379,0.025194214,1,1
10/22/2021,Cheyenne,Black,4,24,0.177054893,0.185093224,0.181074059,0.025734459,1,1
10/22/2021,Cheyenne,White,4,24,0.195536111,0.201163795,0.198349953,0.024795179,1,1
10/23/2021,Cheyenne,Black,4,24,0.174234029,0.177436285,0.175835157,0.025541486,1,1
10/23/2021,Cheyenne,White,4,24,0.192298811,0.19496721,0.193633011,0.02356019,1,1
10/24/2021,Cheyenne,Black,4,24,0.170216411,0.176401008,0.17330871,0.025931743,1,1
10/24/2021,Cheyenne,White,4,24,0.188760057,0.19285892,0.190809488,0.022989765,1,1
10/25/2021,Cheyenne,Black,4,24,0.168386299,0.174385328,0.171385814,0.026222093,1,1
10/25/2021,Cheyenne,White,4,24,0.186344784,0.190945707,0.188645246,0.022537131,1,1
10/26/2021,Cheyenne,Black,4,24,0.167060968,0.171081856,0.169071412,0.02612049,1,1
10/26/2021,Cheyenne,White,4,24,0.185272433,0.190579902,0.187926168,0.022180953,1,1
10/27/2021,Cheyenne,Black,4,24,0.166909456,0.172618113,0.169763785,0.025117867,1,1
10/27/2021,Cheyenne,White,4,24,0.187617328,0.192418654,0.190017991,0.022197969,1,1
10/28/2021,Cheyenne,Black,4,24,0.168088011,0.171896122,0.169992067,0.025895853,1,1
10/28/2021,Cheyenne,White,4,24,0.188584261,0.191359043,0.189971652,0.022258736,1,1
10/29/2021,Cheyenne,Black,4,24,0.166870892,0.174695726,0.170783309,0.026011069,1,1
10/29/2021,Cheyenne,White,4,24,0.187139116,0.192977358,0.190058237,0.022308591,1,1
10/30/2021,Cheyenne,Black,4,24,0.167565599,0.171287023,0.169426311,0.026143589,1,1
10/30/2021,Cheyenne,White,4,24,0.187231507,0.189917985,0.188574746,0.021987252,1,1
10/31/2021,Cheyenne,Black,4,24,0.16462414,0.16757692,0.16610053,0.025488928,1,1
10/31/2021,Cheyenne,White,4,24,0.184811089,0.189458389,0.187134739,0.021268207,1,1
11/1/2021,Cheyenne,Black,4,24,0.164929993,0.200793292,0.182861643,0.02427478,1,1
11/1/2021,Cheyenne,White,4,24,0.188986074,0.217168968,0.203077521,0.021467202,1,1
11/2/2021,Cheyenne,Black,4,24,0.199945327,0.216043267,0.207994297,0.023242732,1,1
11/2/2021,Cheyenne,White,4,24,0.217356555,0.243886016,0.230621286,0.025340285,1,1
11/3/2021,Cheyenne,Black,4,24,0.207979675,0.215971395,0.211975535,0.024632286,1,1
11/3/2021,Cheyenne,White,4,24,0.230703127,0.241900548,0.236301837,0.024242317,1,1
11/4/2021,Cheyenne,Black,4,24,0.206480674,0.213837486,0.21015908,0.025140651,1,1
11/4/2021,Cheyenne,White,4,24,0.228891097,0.238671858,0.233781477,0.022760607,1,1
11/5/2021,Cheyenne,Black,4,24,0.203191511,0.209581114,0.206386313,0.025539453,1,1
11/5/2021,Cheyenne,White,4,24,0.226877723,0.233939972,0.230408847,0.021265895,1,1
11/6/2021,Cheyenne,Black,4,24,0.19961001,0.205941901,0.202775955,0.025655563,1,1
11/6/2021,Cheyenne,White,4,24,0.223058946,0.228606116,0.225832531,0.019751536,1,1
11/7/2021,Cheyenne,Black,4,24,0.197036125,0.20265983,0.199847978,0.025789735,1,1
11/7/2021,Cheyenne,White,4,24,0.220186066,0.22473821,0.222462138,0.019104569,1,1
11/8/2021,Cheyenne,Black,4,24,0.192543786,0.198512234,0.19552801,0.025544186,1,1
11/8/2021,Cheyenne,White,4,24,0.215858895,0.220098406,0.217978651,0.018189664,1,1
11/9/2021,Cheyenne,Black,4,24,0.189255312,0.195545167,0.192400239,0.02516145,1,1
11/9/2021,Cheyenne,White,4,24,0.212391321,0.217371553,0.214881437,0.018044401,1,1
11/10/2021,Cheyenne,Black,4,24,0.188472833,0.192706846,0.19058984,0.025314417,1,1
11/10/2021,Cheyenne,White,4,24,0.211074617,0.215285126,0.213179871,0.018284953,1,1
11/11/2021,Cheyenne,Black,4,24,0.186024103,0.189418819,0.187721461,0.025524528,1,1
11/11/2021,Cheyenne,White,4,24,0.208208911,0.211073257,0.209641084,0.017966939,1,1
11/12/2021,Cheyenne,Black,4,24,0.184461851,0.18805996,0.186260905,0.025467543,1,1
11/12/2021,Cheyenne,White,4,24,0.206811033,0.20986646,0.208338747,0.018055275,1,1
11/13/2021,Cheyenne,Black,4,24,0.184374738,0.18796213,0.186168434,0.02533096,1,1
11/13/2021,Cheyenne,White,4,24,0.206801601,0.210227545,0.208514573,0.018332231,1,1
11/14/2021,Cheyenne,Black,4,24,0.182405211,0.186692335,0.184548773,0.025425226,1,1
11/14/2021,Cheyenne,White,4,24,0.204763338,0.208832897,0.206798118,0.018100086,1,1
11/15/2021,Cheyenne,Black,4,24,0.183772158,0.186582129,0.185177144,0.025689307,1,1
11/15/2021,Cheyenne,White,4,24,0.206046082,0.208270345,0.207158213,0.018608734,1,1
11/16/2021,Cheyenne,Black,4,24,0.180831339,0.184153337,0.182492338,0.025293255,1,1
11/16/2021,Cheyenne,White,4,24,0.2027734,0.205947917,0.204360658,0.018322897,1,1
11/17/2021,Cheyenne,Black,4,24,0.175962739,0.18033519,0.178148964,0.024992568,1,1
11/17/2021,Cheyenne,White,4,24,0.196912531,0.202401891,0.199657211,0.017702025,1,1
11/18/2021,Cheyenne,Black,4,24,0.159160122,0.177110821,0.168135472,0.023835117,1,1
11/18/2021,Cheyenne,White,4,22,0.171997502,0.198251858,0.18512468,0.017464428,1,0
11/19/2021,Cheyenne,Black,4,24,0.175624825,0.179304894,0.17746486,0.025983153,1,1
11/19/2021,Cheyenne,White,4,24,0.196538281,0.200693049,0.198615665,0.017772377,1,1
11/20/2021,Cheyenne,Black,4,24,0.174059346,0.176543813,0.17530158,0.025224637,1,1
11/20/2021,Cheyenne,White,4,24,0.195286419,0.19785494,0.19657068,0.017725437,1,1
11/21/2021,Cheyenne,Black,4,24,0.171948031,0.176639218,0.174293624,0.025288318,1,1
11/21/2021,Cheyenne,White,4,24,0.192303639,0.19680069,0.194552165,0.017828274,1,1
11/22/2021,Cheyenne,Black,4,21.5,0.172750354,0.176823162,0.174786758,0.02551401,1,0
11/22/2021,Cheyenne,White,4,21.5,0.193744853,0.197920103,0.195832478,0.018296716,1,0
11/23/2021,Cheyenne,Black,4,24,0.172045439,0.175935525,0.173990482,0.025396155,1,1
11/23/2021,Cheyenne,White,4,24,0.193069708,0.196875893,0.1949728,0.018255481,1,1
11/24/2021,Cheyenne,Black,4,24,0.169736564,0.173855662,0.171796113,0.024942567,1,1
11/24/2021,Cheyenne,White,4,23.25,0.190059047,0.195065226,0.192562137,0.018357834,1,0
11/25/2021,Cheyenne,Black,4,24,0.159047082,0.172625843,0.165836463,0.024030245,1,1
11/25/2021,Cheyenne,White,4,22.5,0.172383461,0.192667075,0.182525268,0.018461276,1,0
11/26/2021,Cheyenne,Black,4,24,0.170832958,0.174042091,0.172437524,0.025332401,1,1
11/26/2021,Cheyenne,White,4,24,0.191506568,0.194662478,0.193084523,0.018790416,1,1
11/27/2021,Cheyenne,Black,4,24,0.169439286,0.172546148,0.170992717,0.02489911,1,1
11/27/2021,Cheyenne,White,4,24,0.18985749,0.192746084,0.191301787,0.018732941,1,1
11/28/2021,Cheyenne,Black,4,24,0.167921796,0.172153499,0.170037648,0.024714666,1,1
11/28/2021,Cheyenne,White,4,24,0.188109472,0.192543674,0.190326573,0.018860234,1,1
11/29/2021,Cheyenne,Black,4,24,0.170438781,0.173650883,0.172044832,0.025073349,1,1
11/29/2021,Cheyenne,White,4,24,0.191199906,0.194063038,0.192631472,0.019384925,1,1
11/30/2021,Cheyenne,Black,4,24,0.168844972,0.171653286,0.170249129,0.024541045,1,1
11/30/2021,Cheyenne,White,4,24,0.189263821,0.191769347,0.190516584,0.019096468,1,1
12/1/2021,Cheyenne,Black,4,24,0.169239834,0.172255266,0.17074755,0.024715026,1,1
12/1/2021,Cheyenne,White,4,24,0.1896425,0.192709029,0.191175764,0.019614247,1,1
12/2/2021,Cheyenne,Black,4,24,0.169450723,0.172834754,0.171142738,0.024919003,1,1
12/2/2021,Cheyenne,White,4,24,0.189923111,0.193077721,0.191500416,0.020003853,1,1
12/3/2021,Cheyenne,Black,4,24,0.167237032,0.170450374,0.168843703,0.024192082,1,1
12/3/2021,Cheyenne,White,4,24,0.187006276,0.19010146,0.188553868,0.019741822,1,1
12/4/2021,Cheyenne,Black,4,24,0.166012183,0.17004519,0.168028686,0.024232857,1,1
12/4/2021,Cheyenne,White,4,24,0.18564751,0.189606313,0.187626911,0.019760988,1,1
12/5/2021,Cheyenne,Black,4,24,0.164689373,0.168637194,0.166663283,0.024012611,1,1
12/5/2021,Cheyenne,White,4,24,0.183971833,0.188730981,0.186351407,0.019911616,1,1
12/6/2021,Cheyenne,Black,4,24,0.155850593,0.164581493,0.160216043,0.022854652,1,1
12/6/2021,Cheyenne,White,4,22.75,0.170241423,0.18357778,0.176909601,0.019946364,1,0
12/7/2021,Cheyenne,Black,4,24,0.163442366,0.166295748,0.164869057,0.024302571,1,1
12/7/2021,Cheyenne,White,4,24,0.182987548,0.186009347,0.184498448,0.019822875,1,1
12/8/2021,Cheyenne,Black,4,24,0.163041189,0.165176731,0.16410896,0.024120653,1,1
12/8/2021,Cheyenne,White,4,24,0.18249372,0.18513152,0.18381262,0.019789915,1,1
12/9/2021,Cheyenne,Black,4,24,0.162048172,0.164263647,0.16315591,0.02353069,1,1
12/9/2021,Cheyenne,White,4,24,0.182993632,0.184449103,0.183721367,0.019622283,1,1
12/10/2021,Cheyenne,Black,4,24,0.154216431,0.162262619,0.158239525,0.021800431,1,1
12/10/2021,Cheyenne,White,4,24,0.173613958,0.182993632,0.178303795,0.01950102,1,1
12/11/2021,Cheyenne,Black,4,24,0.126750063,0.151721977,0.13923602,0.017705584,1,1
12/11/2021,Cheyenne,White,4,24,0.136618014,0.170789264,0.153703639,0.017184413,1,1
12/12/2021,Cheyenne,Black,4,24,0.145021332,0.164137889,0.154579611,0.022406282,1,1
12/12/2021,Cheyenne,White,4,24,0.14993665,0.183447257,0.166691953,0.018135891,1,1
12/13/2021,Cheyenne,Black,4,24,0.157051977,0.163224351,0.160138164,0.02410924,1,1
12/13/2021,Cheyenne,White,4,24,0.172196992,0.182269704,0.177233348,0.020126811,1,1
12/14/2021,Cheyenne,Black,4,24,0.156637359,0.162515443,0.159576401,0.023969359,1,1
12/14/2021,Cheyenne,White,4,24,0.168356162,0.18128138,0.174818771,0.019933904,1,1
12/15/2021,Cheyenne,Black,4,24,0.15561343,0.160870712,0.158242071,0.023689265,1,1
12/15/2021,Cheyenne,White,4,24,0.170168459,0.179711159,0.174939809,0.020114804,1,1
12/16/2021,Cheyenne,Black,4,24,0.119740445,0.15903084,0.139385642,0.021785918,1,1
12/16/2021,Cheyenne,White,4,22.5,0.128621364,0.16692321,0.147772287,0.017807242,1,0
12/17/2021,Cheyenne,Black,4,24,0.125248641,0.154865988,0.140057314,0.022632009,1,1
12/17/2021,Cheyenne,White,4,23.5,0.126500953,0.147275187,0.13688807,0.016887603,1,0
12/18/2021,Cheyenne,Black,4,24,0.106877195,0.138601093,0.122739144,0.023383613,1,1
12/18/2021,Cheyenne,White,4,20,0.115680298,0.130092585,0.122886442,0.017623588,1,0
12/19/2021,Cheyenne,Black,4,24,0.119886458,0.148341337,0.134113898,0.026263889,1,1
12/19/2021,Cheyenne,White,4,22,0.124155197,0.143580047,0.133867622,0.018841733,1,0
12/20/2021,Cheyenne,Black,4,24,0.143210594,0.161926135,0.152568365,0.02556804,1,1
12/20/2021,Cheyenne,White,4,24,0.139439283,0.169210896,0.154325089,0.021780752,1,1
12/21/2021,Cheyenne,Black,4,24,0.159661211,0.162342153,0.161001682,0.023358665,1,1
12/21/2021,Cheyenne,White,4,24,0.157854892,0.181196891,0.169525892,0.020638999,1,1
12/22/2021,Cheyenne,Black,4,24,0.159773368,0.162133779,0.160953574,0.023283776,1,1
12/22/2021,Cheyenne,White,4,24,0.179038152,0.181393027,0.18021559,0.019696057,1,1
12/23/2021,Cheyenne,Black,4,24,0.159573536,0.161721494,0.160647515,0.02319444,1,1
12/23/2021,Cheyenne,White,4,24,0.17913207,0.181293499,0.180212785,0.019786694,1,1
12/24/2021,Cheyenne,Black,4,24,0.157618951,0.160188682,0.158903817,0.02278541,1,1
12/24/2021,Cheyenne,White,4,24,0.175939802,0.179618761,0.177779282,0.019681766,1,1
12/25/2021,Cheyenne,Black,4,24,0.156076629,0.158344772,0.1572107,0.022247892,1,1
12/25/2021,Cheyenne,White,4,24,0.173736092,0.177650411,0.175693251,0.019297568,1,1
12/26/2021,Cheyenne,Black,4,24,0.154524244,0.157630596,0.15607742,0.02185827,1,1
12/26/2021,Cheyenne,White,4,24,0.173930995,0.177456133,0.175693564,0.019354307,1,1
12/27/2021,Cheyenne,Black,4,24,0.136829974,0.153295372,0.145062673,0.018708824,1,1
12/27/2021,Cheyenne,White,4,24,0.154839832,0.172922764,0.163881298,0.021581736,1,1
12/28/2021,Cheyenne,Black,4,24,0.125986839,0.138723681,0.13235526,0.017638833,1,1
12/28/2021,Cheyenne,White,4,24,0.134387577,0.15567435,0.145030963,0.021921399,1,1
12/29/2021,Cheyenne,Black,4,24,0.114144264,0.12688729,0.120515777,0.013867144,1,1
12/29/2021,Cheyenne,White,4,24,0.124890577,0.133853383,0.12937198,0.019831949,1,1
12/30/2021,Cheyenne,Black,4,24,0.108558068,0.117376367,0.112967217,0.015990119,1,1
12/30/2021,Cheyenne,White,4,24,0.120237192,0.127441585,0.123839389,0.0187214,1,1
12/31/2021,Cheyenne,Black,4,24,0.110701079,0.115325611,0.113013345,0.017070648,1,1
12/31/2021,Cheyenne,White,4,24,0.122362066,0.125571394,0.12396673,0.018474221,1,1
1/1/2022,Cheyenne,Black,4,24,0.108996874,0.111721564,0.110359219,0.016644885,1,1
1/1/2022,Cheyenne,White,4,24,0.120920563,0.123474179,0.122197371,0.018164668,1,1
1/2/2022,Cheyenne,Black,4,24,0.108538227,0.112726163,0.110632195,0.017059718,1,1
1/2/2022,Cheyenne,White,4,24,0.120477293,0.124486232,0.122481762,0.017841062,1,1
1/3/2022,Cheyenne,Black,4,24,0.11011971,0.123783043,0.116951376,0.019947821,1,1
1/3/2022,Cheyenne,White,4,24,0.12282066,0.12912102,0.12597084,0.017782827,1,1
1/4/2022,Cheyenne,Black,4,24,0.112945605,0.124012733,0.118479169,0.020337065,1,1
1/4/2022,Cheyenne,White,4,24,0.122720417,0.129356632,0.126038524,0.017251936,1,1
1/5/2022,Cheyenne,Black,4,24,0.10787016,0.113605108,0.110737634,0.017176266,1,1
1/5/2022,Cheyenne,White,4,24,0.118809797,0.122501824,0.12065581,0.017320491,1,1
1/6/2022,Cheyenne,Black,4,24,0.107989702,0.111487817,0.10973876,0.016341479,1,1
1/6/2022,Cheyenne,White,4,24,0.119249482,0.122711843,0.120980662,0.017734267,1,1
1/7/2022,Cheyenne,Black,4,24,0.111831822,0.129436564,0.120634193,0.024495174,1,1
1/7/2022,Cheyenne,White,4,24,0.123156911,0.132636517,0.127896714,0.017518064,1,1
1/8/2022,Cheyenne,Black,4,24,0.124693858,0.132797664,0.128745761,0.030892283,1,1
1/8/2022,Cheyenne,White,4,24,0.126760488,0.133934738,0.130347613,0.018589291,1,1
1/9/2022,Cheyenne,Black,4,24,0.107869402,0.12537724,0.116623321,0.021091527,1,1
1/9/2022,Cheyenne,White,4,24,0.116935,0.126198938,0.121566969,0.020172087,1,1
1/10/2022,Cheyenne,Black,4,24,0.109894792,0.131499115,0.120696953,0.024354792,1,1
1/10/2022,Cheyenne,White,4,24,0.117732368,0.130312853,0.12402261,0.019054549,1,1
1/11/2022,Cheyenne,Black,4,24,0.115911392,0.128783129,0.122347261,0.025657072,1,1
1/11/2022,Cheyenne,White,4,24,0.120896632,0.130885014,0.125890823,0.018161238,1,1
1/12/2022,Cheyenne,Black,4,24,0.116459226,0.140042752,0.128250989,0.029109071,1,1
1/12/2022,Cheyenne,White,4,24,0.121575154,0.142235165,0.13190516,0.019501577,1,1
1/13/2022,Cheyenne,Black,4,24,0.136188533,0.156011233,0.146099883,0.02958635,1,1
1/13/2022,Cheyenne,White,4,24,0.136750894,0.172495361,0.154623128,0.021805974,1,1
1/14/2022,Cheyenne,Black,4,24,0.143856792,0.155321477,0.149589134,0.023240197,1,1
1/14/2022,Cheyenne,White,4,24,0.13953845,0.171482254,0.155510352,0.019354481,1,1
1/15/2022,Cheyenne,Black,4,24,0.113928843,0.151413335,0.132671089,0.022562758,1,1
1/15/2022,Cheyenne,White,4,24,0.117871257,0.140696155,0.129283706,0.014917469,1,1
1/16/2022,Cheyenne,Black,4,24,0.140114008,0.158749187,0.149431597,0.02927911,1,1
1/16/2022,Cheyenne,White,4,24,0.129829291,0.144542756,0.137186023,0.017848805,1,1
1/17/2022,Cheyenne,Black,4,24,0.134462882,0.161403837,0.147933359,0.029601148,1,1
1/17/2022,Cheyenne,White,4,24,0.12718638,0.148223663,0.137705022,0.018332632,1,1
1/18/2022,Cheyenne,Black,4,24,0.16092361,0.175964814,0.168444212,0.027737295,1,1
1/18/2022,Cheyenne,White,4,24,0.146879977,0.171985522,0.159432749,0.022979777,1,1
1/19/2022,Cheyenne,Black,4,24,0.140798263,0.171675581,0.156236922,0.019556847,1,1
1/19/2022,Cheyenne,White,4,24,0.133418761,0.166128993,0.149773877,0.019206435,1,1
1/20/2022,Cheyenne,Black,4,24,0.113208732,0.150212537,0.131710635,0.017158835,1,1
1/20/2022,Cheyenne,White,4,24,0.124527773,0.134931045,0.129729409,0.016604778,1,1
1/21/2022,Cheyenne,Black,4,24,0.127573585,0.137736565,0.132655075,0.023436721,1,1
1/21/2022,Cheyenne,White,4,24,0.124988684,0.135893425,0.130441055,0.016509577,1,1
1/22/2022,Cheyenne,Black,4,24,0.110860383,0.14202331,0.126441847,0.023791458,1,1
1/22/2022,Cheyenne,White,4,24,0.11651833,0.133069698,0.124794014,0.01603596,1,1
1/23/2022,Cheyenne,Black,4,24,0.117132179,0.161232296,0.139182238,0.028864121,1,1
1/23/2022,Cheyenne,White,4,24,0.120321024,0.143557779,0.131939402,0.017872269,1,1
1/24/2022,Cheyenne,Black,4,24,0.128236925,0.158439513,0.143338219,0.029679998,1,1
1/24/2022,Cheyenne,White,4,24,0.123096487,0.138998359,0.131047423,0.017231288,1,1
1/25/2022,Cheyenne,Black,4,24,0.135600099,0.151595354,0.143597727,0.029112523,1,1
1/25/2022,Cheyenne,White,4,24,0.12979399,0.133588199,0.131691094,0.017958,1,1
1/26/2022,Cheyenne,Black,4,24,0.112262025,0.135066155,0.12366409,0.020364829,1,1
1/26/2022,Cheyenne,White,4,24,0.123743273,0.129904326,0.1268238,0.016831461,1,1
1/27/2022,Cheyenne,Black,4,24,0.1137363,0.123256631,0.118496465,0.019872862,1,1
1/27/2022,Cheyenne,White,4,24,0.123297049,0.12771914,0.125508094,0.016517886,1,1
1/28/2022,Cheyenne,Black,4,24,0.109432898,0.127140235,0.118286567,0.020697191,1,1
1/28/2022,Cheyenne,White,4,24,0.121080214,0.127716245,0.12439823,0.016280065,1,1
1/29/2022,Cheyenne,Black,4,24,0.113471601,0.150157923,0.131814762,0.028536476,1,1
1/29/2022,Cheyenne,White,4,24,0.122300256,0.131970972,0.127135614,0.016858821,1,1
1/30/2022,Cheyenne,Black,4,24,0.115172552,0.164373519,0.139773035,0.031474887,1,1
1/30/2022,Cheyenne,White,4,24,0.118846092,0.142045902,0.130445997,0.018286506,1,1
1/31/2022,Cheyenne,Black,4,24,0.133223215,0.166192824,0.14970802,0.032279961,1,1
1/31/2022,Cheyenne,White,4,24,0.124647563,0.14681495,0.135731257,0.018754113,1,1
2/1/2022,Cheyenne,Black,4,24,0.12356594,0.160462119,0.142014029,0.028899247,1,1
2/1/2022,Cheyenne,White,4,24,0.122324692,0.139860518,0.131092605,0.016993177,1,1
2/2/2022,Cheyenne,Black,4,24,0.123940414,0.126135446,0.12503793,0.021894235,1,1
2/2/2022,Cheyenne,White,4,24,0.125969026,0.127183719,0.126576372,0.016000633,1,1
2/3/2022,Cheyenne,Black,4,24,0.118416911,0.123505762,0.120961336,0.020502766,1,1
2/3/2022,Cheyenne,White,4,24,0.123538842,0.126192188,0.124865515,0.01576973,1,1
2/4/2022,Cheyenne,Black,4,24,0.115957882,0.119409217,0.117683549,0.019798743,1,1
2/4/2022,Cheyenne,White,4,24,0.122430274,0.125310287,0.123870281,0.015614185,1,1
2/5/2022,Cheyenne,Black,4,24,0.116744198,0.139417721,0.128080959,0.026470728,1,1
2/5/2022,Cheyenne,White,4,24,0.123430418,0.134914108,0.129172263,0.016682355,1,1
2/6/2022,Cheyenne,Black,4,24,0.116132455,0.145150291,0.130641373,0.028812423,1,1
2/6/2022,Cheyenne,White,4,24,0.121429671,0.133279521,0.127354596,0.016655252,1,1
2/7/2022,Cheyenne,Black,4,24,0.11273814,0.158167854,0.135452997,0.032220973,1,1
2/7/2022,Cheyenne,White,4,24,0.117408412,0.139628319,0.128518365,0.017256574,1,1
2/8/2022,Cheyenne,Black,4,24,0.145805152,0.166946912,0.156376032,0.039509185,1,1
2/8/2022,Cheyenne,White,4,24,0.131330427,0.15054612,0.140938274,0.020454989,1,1
2/9/2022,Cheyenne,Black,4,24,0.13864322,0.18514682,0.16189502,0.018811809,1,1
2/9/2022,Cheyenne,White,4,24,0.127389077,0.160934003,0.14416154,0.022646169,1,1
2/10/2022,Cheyenne,Black,4,24,0.165520459,0.184682108,0.175101284,0.015367224,1,1
2/10/2022,Cheyenne,White,4,24,0.137897849,0.172888372,0.155393111,0.024963506,1,1
2/11/2022,Cheyenne,Black,4,24,0.169168435,0.182238352,0.175703393,0.01351999,1,1
2/11/2022,Cheyenne,White,4,24,0.143648338,0.172414102,0.15803122,0.025119245,1,1
2/12/2022,Cheyenne,Black,4,24,0.120828103,0.164869912,0.142849008,0.011781315,1,1
2/12/2022,Cheyenne,White,4,24,0.118765034,0.139001759,0.128883396,0.016453162,1,1
2/13/2022,Cheyenne,Black,4,24,0.120896654,0.170110319,0.145503487,0.018811552,1,1
2/13/2022,Cheyenne,White,4,24,0.119867358,0.155460542,0.13766395,0.020864476,1,1
2/14/2022,Cheyenne,Black,4,24,0.142203849,0.181087792,0.16164582,0.013032033,1,1
2/14/2022,Cheyenne,White,4,24,0.128795426,0.163748253,0.14627184,0.022937202,1,1
2/15/2022,Cheyenne,Black,4,24,0.170044836,0.183266319,0.176655577,0.013408733,1,1
2/15/2022,Cheyenne,White,4,24,0.144264838,0.186143037,0.165203937,0.026374208,1,1
2/16/2022,Cheyenne,Black,4,24,0.175327603,0.179703642,0.177515622,0.012745556,1,1
2/16/2022,Cheyenne,White,4,24,0.160505131,0.180827782,0.170666456,0.02734142,1,1
2/17/2022,Cheyenne,Black,4,24,0.166200154,0.175223913,0.170712033,0.015201637,1,1
2/17/2022,Cheyenne,White,4,24,0.141347839,0.159270197,0.150309018,0.024064472,1,1
2/18/2022,Cheyenne,Black,4,24,0.142759765,0.177997261,0.160378513,0.014790171,1,1
2/18/2022,Cheyenne,White,4,24,0.131545525,0.146934835,0.13924018,0.021122561,1,1
2/19/2022,Cheyenne,Black,4,24,0.148449499,0.188973706,0.168711603,0.016611383,1,1
2/19/2022,Cheyenne,White,4,24,0.126703149,0.169834398,0.148268773,0.020718398,1,1
2/20/2022,Cheyenne,Black,4,24,0.184063911,0.188554004,0.186308958,0.016673323,1,1
2/20/2022,Cheyenne,White,4,24,0.163823597,0.203498498,0.183661047,0.022901097,1,1
2/21/2022,Cheyenne,Black,4,24,0.125158677,0.184265997,0.154712337,0.012521114,1,1
2/21/2022,Cheyenne,White,4,24,0.117366673,0.196209166,0.15678792,0.021164304,1,1
2/22/2022,Cheyenne,Black,4,24,0.105435697,0.117490683,0.11146319,0.010027695,1,1
2/22/2022,Cheyenne,White,4,24,0.109474765,0.116027016,0.112750891,0.015949448,1,1
2/23/2022,Cheyenne,Black,4,24,0.104755212,0.107034687,0.105894949,0.010850014,1,1
2/23/2022,Cheyenne,White,4,24,0.109366475,0.111738628,0.110552551,0.015657639,1,1
2/24/2022,Cheyenne,Black,4,24,0.103375945,0.11211418,0.107745063,0.012159528,1,1
2/24/2022,Cheyenne,White,4,24,0.108784964,0.115121301,0.111953133,0.016184389,1,1
2/25/2022,Cheyenne,Black,4,24,0.102332091,0.123078331,0.112705211,0.015242194,1,1
2/25/2022,Cheyenne,White,4,24,0.108663931,0.118159542,0.113411737,0.016281308,1,1
2/26/2022,Cheyenne,Black,4,24,0.10277752,0.130023822,0.116400671,0.01782514,1,1
2/26/2022,Cheyenne,White,4,24,0.107524335,0.120493608,0.114008971,0.016565485,1,1
2/27/2022,Cheyenne,Black,4,24,0.108820818,0.163375132,0.136097975,0.025805476,1,1
2/27/2022,Cheyenne,White,4,24,0.111062972,0.142115854,0.126589413,0.020332176,1,1
2/28/2022,Cheyenne,Black,4,24,0.145935146,0.186925646,0.166430396,0.01564915,1,1
2/28/2022,Cheyenne,White,4,24,0.130877586,0.185506843,0.158192215,0.029680455,1,1
3/1/2022,Cheyenne,Black,4,24,0.181861222,0.189581145,0.185721183,0.015686096,1,1
3/1/2022,Cheyenne,White,4,24,0.179154728,0.202567246,0.190860987,0.032560367,1,1
3/2/2022,Cheyenne,Black,4,24,0.184648592,0.188568655,0.186608624,0.0165072,1,1
3/2/2022,Cheyenne,White,4,24,0.197447658,0.201097678,0.199272668,0.028366587,1,1
3/3/2022,Cheyenne,Black,4,23.75,0.182822991,0.188795697,0.185809344,0.01507401,1,0
3/3/2022,Cheyenne,White,4,24,0.195482444,0.200820155,0.1981513,0.027917162,1,1
3/4/2022,Cheyenne,Black,4,24,0.182338245,0.186276883,0.184307564,0.014570966,1,1
3/4/2022,Cheyenne,White,4,24,0.193425577,0.197949849,0.195687713,0.026712895,1,1
3/5/2022,Cheyenne,Black,4,24,0.18254219,0.187159732,0.184850961,0.016163089,1,1
3/5/2022,Cheyenne,White,4,24,0.193597965,0.199304175,0.19645107,0.028508574,1,1
3/6/2022,Cheyenne,Black,4,24,0.181530349,0.185320441,0.183425395,0.016388515,1,1
3/6/2022,Cheyenne,White,4,24,0.186999537,0.197551601,0.192275569,0.030037718,1,1
3/7/2022,Cheyenne,Black,4,24,0.14063116,0.187647846,0.164139503,0.017214078,1,1
3/7/2022,Cheyenne,White,4,24,0.140728449,0.184712738,0.162720594,0.029372756,1,1
3/8/2022,Cheyenne,Black,4,24,0.118722767,0.184091058,0.151406912,0.013739815,1,1
3/8/2022,Cheyenne,White,4,24,0.12301641,0.145294065,0.134155237,0.020714488,1,1
3/9/2022,Cheyenne,Black,4,24,0.154286448,0.176412217,0.165349333,0.019467997,1,1
3/9/2022,Cheyenne,White,4,24,0.136183148,0.142849451,0.1395163,0.022530083,1,1
3/10/2022,Cheyenne,Black,4,24,0.138630034,0.158040911,0.148335473,0.014466906,1,1
3/10/2022,Cheyenne,White,4,24,0.129894776,0.13564642,0.132770598,0.021880675,1,1
3/11/2022,Cheyenne,Black,4,24,0.126057047,0.138450181,0.132253614,0.012628517,1,1
3/11/2022,Cheyenne,White,4,24,0.12496398,0.131442888,0.128203434,0.020769576,1,1
3/12/2022,Cheyenne,Black,4,24,0.122763824,0.185519539,0.154141681,0.018558621,1,1
3/12/2022,Cheyenne,White,4,24,0.124012791,0.166169196,0.145090993,0.021781157,1,1
3/13/2022,Cheyenne,Black,4,23.75,0.179249767,0.201715481,0.190482624,0.0187133,1,0
3/13/2022,Cheyenne,White,4,24,0.152734494,0.211697042,0.182215768,0.026777714,1,1
3/14/2022,Cheyenne,Black,4,23.25,0.192508541,0.199211717,0.195860129,0.017280703,1,0
3/14/2022,Cheyenne,White,4,24,0.194444519,0.208778135,0.201611327,0.031090032,1,1
3/15/2022,Cheyenne,Black,4,23.25,0.190214302,0.197337244,0.193775773,0.016293842,1,0
3/15/2022,Cheyenne,White,4,24,0.188621864,0.206919245,0.197770555,0.031148446,1,1
3/16/2022,Cheyenne,Black,4,23.75,0.190445643,0.193724856,0.192085249,0.015079236,1,0
3/16/2022,Cheyenne,White,4,24,0.20049572,0.204052828,0.202274274,0.029637941,1,1
3/17/2022,Cheyenne,Black,4,24,0.190234464,0.205981832,0.198108148,0.021072617,1,1
3/17/2022,Cheyenne,White,4,24,0.200368162,0.21395576,0.207161961,0.032788598,1,1
3/18/2022,Cheyenne,Black,4,22.5,0.192060966,0.204684488,0.198372727,0.023262116,1,0
3/18/2022,Cheyenne,White,4,23,0.187276915,0.215806421,0.201541668,0.038313071,1,0
3/19/2022,Cheyenne,Black,4,23,0.194456499,0.20377462,0.199115559,0.02304112,1,0
3/19/2022,Cheyenne,White,4,24,0.198370192,0.216844432,0.207607312,0.038851968,1,1
3/20/2022,Cheyenne,Black,4,23.5,0.1962962,0.202723049,0.199509624,0.02413017,1,0
3/20/2022,Cheyenne,White,4,24,0.207865838,0.21788194,0.212873889,0.040308901,1,1
3/21/2022,Cheyenne,Black,4,24,0.19301201,0.198133934,0.195572972,0.022761397,1,1
3/21/2022,Cheyenne,White,4,24,0.204380926,0.21243095,0.208405938,0.036912961,1,1
3/22/2022,Cheyenne,Black,4,24,0.186090846,0.192840878,0.189465862,0.021058086,1,1
3/22/2022,Cheyenne,White,4,24,0.188270926,0.204059161,0.196165044,0.033098625,1,1
3/23/2022,Cheyenne,Black,4,24,0.18525441,0.193353649,0.18930403,0.020007409,1,1
3/23/2022,Cheyenne,White,4,24,0.188362852,0.205053937,0.196708394,0.031908273,1,1
3/24/2022,Cheyenne,Black,4,23,0.187483829,0.193774674,0.190629251,0.019764375,1,0
3/24/2022,Cheyenne,White,4,24,0.198884487,0.207424991,0.203154739,0.031090452,1,1
3/25/2022,Cheyenne,Black,4,22.5,0.186044164,0.192994032,0.189519098,0.019546158,1,0
3/25/2022,Cheyenne,White,4,24,0.19823651,0.205286983,0.201761747,0.030114311,1,1
3/26/2022,Cheyenne,Black,4,22.5,0.185561307,0.191199582,0.188380444,0.018884721,1,0
3/26/2022,Cheyenne,White,4,24,0.198791511,0.205799092,0.202295301,0.029837952,1,1
3/27/2022,Cheyenne,Black,4,23.25,0.183512658,0.19172965,0.187621154,0.01942084,1,0
3/27/2022,Cheyenne,White,4,24,0.196542259,0.204933457,0.200737858,0.027963872,1,1
3/28/2022,Cheyenne,Black,4,23.25,0.183894116,0.188766509,0.186330313,0.019072933,1,0
3/28/2022,Cheyenne,White,4,24,0.197141681,0.202861726,0.200001704,0.026869998,1,1
3/29/2022,Cheyenne,Black,4,24,0.180757031,0.185265817,0.183011424,0.018602738,1,1
3/29/2022,Cheyenne,White,4,24,0.194130071,0.198948842,0.196539456,0.02580537,1,1
3/30/2022,Cheyenne,Black,4,24,0.177879974,0.18310767,0.180493822,0.018529526,1,1
3/30/2022,Cheyenne,White,4,24,0.189613987,0.196016219,0.192815103,0.02543399,1,1
3/31/2022,Cheyenne,Black,4,23.75,0.177166354,0.187366702,0.182266528,0.01956747,1,0
3/31/2022,Cheyenne,White,4,24,0.186436541,0.199602019,0.19301928,0.026391682,1,1
4/1/2022,Cheyenne,Black,4,24,0.18055176,0.185628362,0.183090061,0.019157658,1,1
4/1/2022,Cheyenne,White,4,24,0.193676516,0.198675219,0.196175868,0.025422627,1,1
4/2/2022,Cheyenne,Black,4,24,0.178370479,0.185133446,0.181751963,0.019219792,1,1
4/2/2022,Cheyenne,White,4,24,0.191201039,0.198306445,0.194753742,0.024966395,1,1
4/3/2022,Cheyenne,Black,4,24,0.178266879,0.183178436,0.180722658,0.019168781,1,1
4/3/2022,Cheyenne,White,4,24,0.191783361,0.196511976,0.194147669,0.024773044,1,1
4/4/2022,Cheyenne,Black,4,24,0.176379099,0.182680357,0.179529728,0.019159794,1,1
4/4/2022,Cheyenne,White,4,24,0.189662002,0.196420319,0.193041161,0.024663213,1,1
4/5/2022,Cheyenne,Black,4,24,0.176081926,0.179444443,0.177763185,0.01871594,1,1
4/5/2022,Cheyenne,White,4,24,0.190434989,0.193866964,0.192150977,0.024332076,1,1
4/6/2022,Cheyenne,Black,4,24,0.173878554,0.177473225,0.175675889,0.018433772,1,1
4/6/2022,Cheyenne,White,4,24,0.187641777,0.191765618,0.189703697,0.02389004,1,1
4/7/2022,Cheyenne,Black,4,24,0.173482049,0.177266985,0.175374517,0.018455443,1,1
4/7/2022,Cheyenne,White,4,24,0.187934782,0.192041006,0.189987894,0.024052408,1,1
4/8/2022,Cheyenne,Black,4,24,0.172580007,0.179516032,0.17604802,0.018987067,1,1
4/8/2022,Cheyenne,White,4,24,0.18705475,0.19488715,0.19097095,0.024500342,1,1
4/9/2022,Cheyenne,Black,4,24,0.174679782,0.178316511,0.176498147,0.019277377,1,1
4/9/2022,Cheyenne,White,4,24,0.190032888,0.195077125,0.192555007,0.024928445,1,1
4/10/2022,Cheyenne,Black,4,24,0.172274835,0.175571363,0.173923099,0.018403514,1,1
4/10/2022,Cheyenne,White,4,24,0.187415373,0.1916315,0.189523436,0.024705262,1,1
4/11/2022,Cheyenne,Black,4,24,0.170163304,0.175050758,0.172607031,0.018569025,1,1
4/11/2022,Cheyenne,White,4,24,0.184007443,0.190777816,0.18739263,0.024354935,1,1
4/12/2022,Cheyenne,Black,4,24,0.169855155,0.172657009,0.171256082,0.018386703,1,1
4/12/2022,Cheyenne,White,4,24,0.185760144,0.188942339,0.187351242,0.024446312,1,1
4/13/2022,Cheyenne,Black,4,24,0.162231296,0.170464139,0.166347718,0.017215913,1,1
4/13/2022,Cheyenne,White,4,24,0.165518016,0.185476847,0.175497431,0.025226547,1,1
4/14/2022,Cheyenne,Black,4,24,0.160799082,0.172776319,0.166787701,0.017086589,1,1
4/14/2022,Cheyenne,White,4,24,0.156629588,0.187500879,0.172065234,0.024636327,1,1
4/15/2022,Cheyenne,Black,4,24,0.167439558,0.171878453,0.169659005,0.017536871,1,1
4/15/2022,Cheyenne,White,4,24,0.176085915,0.186634209,0.181360062,0.024959623,1,1
4/16/2022,Cheyenne,Black,4,24,0.16866624,0.171969824,0.170318032,0.017581321,1,1
4/16/2022,Cheyenne,White,4,24,0.183230463,0.186818875,0.185024669,0.024013643,1,1
4/17/2022,Cheyenne,Black,4,24,0.167952135,0.172659457,0.170305796,0.017897844,1,1
4/17/2022,Cheyenne,White,4,24,0.182548754,0.188065946,0.18530735,0.024140775,1,1
4/18/2022,Cheyenne,Black,4,24,0.167341646,0.172741909,0.170041777,0.01819173,1,1
4/18/2022,Cheyenne,White,4,24,0.181852005,0.188245948,0.185048977,0.024388114,1,1
4/19/2022,Cheyenne,Black,4,24,0.168148693,0.173427328,0.170788011,0.018620838,1,1
4/19/2022,Cheyenne,White,4,24,0.183124647,0.190157954,0.1866413,0.024792221,1,1
4/20/2022,Cheyenne,Black,4,24,0.167894389,0.172706157,0.170300273,0.019790241,1,1
4/20/2022,Cheyenne,White,4,24,0.184378285,0.189294968,0.186836626,0.024962205,1,1
4/21/2022,Cheyenne,Black,4,24,0.166576888,0.171764806,0.169170847,0.020206101,1,1
4/21/2022,Cheyenne,White,4,24,0.182812657,0.18947909,0.186145874,0.024994462,1,1
4/22/2022,Cheyenne,Black,4,24,0.166422073,0.173031077,0.169726575,0.021694637,1,1
4/22/2022,Cheyenne,White,4,24,0.184166979,0.191091157,0.187629068,0.025598324,1,1
4/23/2022,Cheyenne,Black,4,24,0.164489564,0.168220248,0.166354906,0.021009287,1,1
4/23/2022,Cheyenne,White,4,24,0.182208996,0.186285146,0.184247071,0.024963575,1,1
4/24/2022,Cheyenne,Black,4,24,0.162750497,0.1670243,0.164887398,0.020556962,1,1
4/24/2022,Cheyenne,White,4,24,0.180545107,0.184631091,0.182588099,0.024709528,1,1
4/25/2022,Cheyenne,Black,4,24,0.161327638,0.167723559,0.164525598,0.020460106,1,1
4/25/2022,Cheyenne,White,4,24,0.178184122,0.184517704,0.181350913,0.024657911,1,1
4/26/2022,Cheyenne,Black,3,23,0.15453133,0.159640213,0.157085771,0.019075827,1,0
4/26/2022,Cheyenne,White,4,22.5,0.178468727,0.185671803,0.182070265,0.025053594,1,0
4/27/2022,Cheyenne,Black,2,24,0.154123813,0.158692695,0.156408254,0.029469946,0,1
4/27/2022,Cheyenne,White,2,24,0.163229287,0.167714506,0.165471897,0.009837285,0,1
4/28/2022,Cheyenne,Black,2,24,0.15220844,0.156377614,0.154293027,0.030483251,0,1
4/28/2022,Cheyenne,White,2,24,0.163026266,0.168133944,0.165580105,0.00911345,0,1
4/29/2022,Cheyenne,Black,2,24,0.149899311,0.152628765,0.151264038,0.030224406,0,1
4/29/2022,Cheyenne,White,2,24,0.162207745,0.164871596,0.16353967,0.0085721,0,1
4/30/2022,Cheyenne,Black,2,24,0.148003623,0.151586294,0.149794959,0.03001492,0,1
4/30/2022,Cheyenne,White,2,24,0.160556346,0.164259046,0.162407696,0.008446618,0,1
5/1/2022,Cheyenne,Black,2,24,0.146339618,0.149291828,0.147815723,0.029085008,0,1
5/1/2022,Cheyenne,White,2,24,0.159523793,0.162823081,0.161173437,0.008176241,0,1
5/2/2022,Cheyenne,Black,2,24,0.146968782,0.165893093,0.156430937,0.029307053,0,1
5/2/2022,Cheyenne,White,2,24,0.160770051,0.211666346,0.186218198,0.021004087,0,1
5/3/2022,Cheyenne,Black,2,24,0.165910676,0.172729783,0.169320229,0.026560939,0,1
5/3/2022,Cheyenne,White,2,24,0.204881199,0.212003238,0.208442219,0.02904548,0,1
5/4/2022,Cheyenne,Black,2,24,0.174769528,0.228611991,0.20169076,0.015626898,0,1
5/4/2022,Cheyenne,White,2,24,0.216810547,0.246628471,0.231719509,0.023545685,0,1
5/5/2022,Cheyenne,Black,2,24,0.225364454,0.233170934,0.229267694,0.01101727,0,1
5/5/2022,Cheyenne,White,2,24,0.23489131,0.244800307,0.239845809,0.014096841,0,1
5/6/2022,Cheyenne,Black,3,18,0.208639572,0.215066319,0.211852945,0.022299758,1,0
5/6/2022,Cheyenne,White,4,15,0.247156423,0.254995525,0.251075974,0.028671514,1,0
5/7/2022,Cheyenne,Black,3,24,0.202041303,0.209960461,0.206000882,0.021442357,1,1
5/7/2022,Cheyenne,White,4,24,0.236334376,0.248671047,0.242502712,0.025467527,1,1
5/8/2022,Cheyenne,Black,3,24,0.198494638,0.204556987,0.201525812,0.020695608,1,1
5/8/2022,Cheyenne,White,4,24,0.232506186,0.242142476,0.237324331,0.022308601,1,1
5/9/2022,Cheyenne,Black,3,24,0.195839047,0.203673447,0.199756247,0.020525117,1,1
5/9/2022,Cheyenne,White,4,24,0.229836941,0.239382252,0.234609596,0.020909751,1,1
5/10/2022,Cheyenne,Black,3,24,0.192628314,0.198784625,0.195706469,0.020298917,1,1
5/10/2022,Cheyenne,White,4,24,0.225311261,0.232750081,0.229030671,0.019475121,1,1
5/11/2022,Cheyenne,Black,3,23.66666667,0.18930542,0.19666025,0.192982835,0.019183571,1,0
5/11/2022,Cheyenne,White,4,24,0.222195737,0.230875432,0.226535585,0.019623503,1,1
5/12/2022,Cheyenne,Black,3,24,0.186632589,0.191062714,0.188847651,0.017404759,1,1
5/12/2022,Cheyenne,White,4,23.75,0.208915677,0.228435643,0.21867566,0.022567761,1,0
5/13/2022,Cheyenne,Black,3,24,0.182735388,0.18876638,0.185750884,0.016219979,1,1
5/13/2022,Cheyenne,White,4,24,0.218657732,0.224757917,0.221707825,0.018788806,1,1
5/14/2022,Cheyenne,Black,3,24,0.177645947,0.184637273,0.18114161,0.013843121,1,1
5/14/2022,Cheyenne,White,4,24,0.215824563,0.221957117,0.21889084,0.019298167,1,1
5/15/2022,Cheyenne,Black,3,24,0.168895716,0.180761317,0.174828517,0.008233651,1,1
5/15/2022,Cheyenne,White,4,24,0.213602349,0.22233532,0.217968835,0.020600056,1,1
5/16/2022,Cheyenne,Black,3,24,0.161126196,0.171607713,0.166366955,0.004994635,1,1
5/16/2022,Cheyenne,White,4,24,0.211918693,0.219158825,0.215538759,0.021287602,1,1
5/17/2022,Cheyenne,Black,3,24,0.155420204,0.162897602,0.159158903,0.007375528,1,1
5/17/2022,Cheyenne,White,4,24,0.210215088,0.215235066,0.212725077,0.022048286,1,1
5/18/2022,Cheyenne,Black,3,24,0.149776886,0.158000345,0.153888615,0.011728194,1,1
5/18/2022,Cheyenne,White,4,24,0.207378335,0.214701757,0.211040046,0.023679138,1,1
5/19/2022,Cheyenne,Black,3,24,0.145920272,0.151410326,0.148665299,0.013980387,1,1
5/19/2022,Cheyenne,White,4,24,0.203094926,0.20972788,0.206411403,0.02471497,1,1
5/20/2022,Cheyenne,Black,3,24,0.144387856,0.150669724,0.14752879,0.013995865,1,1
5/20/2022,Cheyenne,White,4,24,0.200296998,0.22441357,0.212355284,0.023430732,1,1
5/21/2022,Cheyenne,Black,3,24,0.146334122,0.157236035,0.151785078,0.015188814,1,1
5/21/2022,Cheyenne,White,4,24,0.215472732,0.225109912,0.220291322,0.021485916,1,1
5/22/2022,Cheyenne,Black,3,24,0.148469379,0.154903541,0.15168646,0.014094666,1,1
5/22/2022,Cheyenne,White,4,24,0.214022838,0.220431875,0.217227357,0.021466883,1,1
5/23/2022,Cheyenne,Black,3,24,0.150873398,0.214555899,0.182714649,0.008435049,1,1
5/23/2022,Cheyenne,White,4,24,0.216291644,0.272345133,0.244318388,0.026727082,1,1
5/24/2022,Cheyenne,Black,3,24,0.209974423,0.21769158,0.213833002,0.017747389,1,1
5/24/2022,Cheyenne,White,4,24,0.25845436,0.2675949,0.26302463,0.030787428,1,1
5/25/2022,Cheyenne,Black,3,24,0.207386002,0.217493753,0.212439877,0.016587233,1,1
5/25/2022,Cheyenne,White,4,24,0.250182528,0.262172397,0.256177463,0.02767371,1,1
5/26/2022,Cheyenne,Black,3,24,0.197554573,0.211226935,0.204390754,0.012367002,1,1
5/26/2022,Cheyenne,White,4,24,0.242295623,0.254434232,0.248364927,0.025780894,1,1
5/27/2022,Cheyenne,Black,3,24,0.17916289,0.200260927,0.189711908,0.009312394,1,1
5/27/2022,Cheyenne,White,4,24,0.234772287,0.244162492,0.23946739,0.023656254,1,1
5/28/2022,Cheyenne,Black,3,24,0.169968014,0.180448229,0.175208122,0.014263815,1,1
5/28/2022,Cheyenne,White,4,24,0.22797484,0.233905904,0.230940372,0.021551062,1,1
5/29/2022,Cheyenne,Black,3,24,0.166074336,0.173050617,0.169562476,0.020474641,1,1
5/29/2022,Cheyenne,White,4,24,0.224046923,0.237844788,0.230945855,0.02238186,1,1
5/30/2022,Cheyenne,Black,3,24,0.164625426,0.169801931,0.167213678,0.024190292,1,1
5/30/2022,Cheyenne,White,4,24,0.229247551,0.235912155,0.232579853,0.021092974,1,1
5/31/2022,Cheyenne,Black,3,24,0.163475449,0.168823391,0.16614942,0.025493364,1,1
5/31/2022,Cheyenne,White,4,24,0.225384481,0.231151588,0.228268035,0.020025008,1,1
6/1/2022,Cheyenne,Black,3,24,0.161160926,0.169811323,0.165486125,0.026411305,1,1
6/1/2022,Cheyenne,White,4,24,0.222890526,0.232649907,0.227770217,0.020788974,1,1
6/2/2022,Cheyenne,Black,3,24,0.158896208,0.166519796,0.162708002,0.027802287,1,1
6/2/2022,Cheyenne,White,4,24,0.209866244,0.22844192,0.219154082,0.022238927,1,1
6/3/2022,Cheyenne,Black,3,24,0.156797181,0.16178373,0.159290455,0.027676434,1,1
6/3/2022,Cheyenne,White,4,24,0.216442231,0.22285749,0.219649861,0.022036514,1,1
6/4/2022,Cheyenne,Black,3,24,0.153588196,0.160888155,0.157238175,0.028659904,1,1
6/4/2022,Cheyenne,White,4,24,0.208246384,0.220219012,0.214232698,0.028638164,1,1
6/5/2022,Cheyenne,Black,3,24,0.151047225,0.155018186,0.153032705,0.028121124,1,1
6/5/2022,Cheyenne,White,4,24,0.201763701,0.209441125,0.205602413,0.035327199,1,1
6/6/2022,Cheyenne,Black,3,24,0.147581428,0.152795851,0.15018864,0.027306626,1,1
6/6/2022,Cheyenne,White,4,24,0.195295583,0.201952297,0.19862394,0.039159433,1,1
6/7/2022,Cheyenne,Black,3,24,0.143525017,0.149240504,0.14638276,0.025308718,1,1
6/7/2022,Cheyenne,White,4,24,0.188424543,0.195279948,0.191852245,0.039963042,1,1
6/8/2022,Cheyenne,Black,3,24,0.139873793,0.146072537,0.142973165,0.023114119,1,1
6/8/2022,Cheyenne,White,4,24,0.183959462,0.189832963,0.186896212,0.039697815,1,1
6/9/2022,Cheyenne,Black,3,24,0.13564426,0.141759532,0.138701896,0.019747354,1,1
6/9/2022,Cheyenne,White,4,24,0.177135158,0.183884889,0.180510024,0.037534142,1,1
6/10/2022,Cheyenne,Black,3,24,0.1312013,0.135955493,0.133578396,0.016548156,1,1
6/10/2022,Cheyenne,White,4,24,0.171154264,0.177247025,0.174200645,0.034914628,1,1
6/11/2022,Cheyenne,Black,3,24,0.126997434,0.131802477,0.129399955,0.013845707,1,1
6/11/2022,Cheyenne,White,4,24,0.164201459,0.17129151,0.167746484,0.031865173,1,1
6/12/2022,Cheyenne,Black,3,24,0.122299497,0.127746783,0.12502314,0.011483952,1,1
6/12/2022,Cheyenne,White,4,24,0.157568472,0.163888589,0.16072853,0.029977835,1,1
6/13/2022,Cheyenne,Black,3,24,0.117845841,0.123494317,0.120670079,0.009716156,1,1
6/13/2022,Cheyenne,White,4,24,0.151491152,0.156953648,0.1542224,0.028099687,1,1
6/14/2022,Cheyenne,Black,3,24,0.113647866,0.117847564,0.115747715,0.008571291,1,1
6/14/2022,Cheyenne,White,4,24,0.14782645,0.151269885,0.149548167,0.026987949,1,1
6/15/2022,Cheyenne,Black,3,24,0.110626993,0.11575796,0.113192476,0.007777245,1,1
6/15/2022,Cheyenne,White,4,24,0.145280916,0.150297632,0.147789274,0.027259425,1,1
6/16/2022,Cheyenne,Black,3,24,0.108499348,0.114853874,0.111676611,0.007796282,1,1
6/16/2022,Cheyenne,White,4,24,0.143249426,0.148495669,0.145872547,0.027430576,1,1
6/17/2022,Cheyenne,Black,3,24,0.107579388,0.111980182,0.109779785,0.008337153,1,1
6/17/2022,Cheyenne,White,4,24,0.141331667,0.145447841,0.143389754,0.026987154,1,1
6/18/2022,Cheyenne,Black,3,24,0.104980218,0.108797876,0.106889047,0.008020544,1,1
6/18/2022,Cheyenne,White,4,24,0.138983676,0.142689386,0.140836531,0.026606615,1,1
6/19/2022,Cheyenne,Black,3,24,0.10267854,0.107427319,0.105052929,0.00781913,1,1
6/19/2022,Cheyenne,White,4,24,0.136720207,0.140762817,0.138741512,0.026536031,1,1
6/20/2022,Cheyenne,Black,3,24,0.100984881,0.106358292,0.103671587,0.007691511,1,1
6/20/2022,Cheyenne,White,4,24,0.134666266,0.139257327,0.136961796,0.026464328,1,1
6/21/2022,Cheyenne,Black,3,24,0.098509309,0.104674203,0.101591756,0.007670056,1,1
6/21/2022,Cheyenne,White,4,24,0.131631609,0.137317868,0.134474739,0.026225028,1,1
6/22/2022,Cheyenne,Black,3,24,0.097265375,0.103138407,0.100201891,0.007788211,1,1
6/22/2022,Cheyenne,White,4,24,0.130211819,0.135802351,0.133007085,0.026198981,1,1
6/23/2022,Cheyenne,Black,3,24,0.096176535,0.102217063,0.099196799,0.007669515,1,1
6/23/2022,Cheyenne,White,4,24,0.129003372,0.134081388,0.13154238,0.026023343,1,1
6/24/2022,Cheyenne,Black,3,24,0.095243561,0.099748688,0.097496125,0.007456706,1,1
6/24/2022,Cheyenne,White,4,24,0.127147725,0.131159976,0.12915385,0.0255256,1,1
6/25/2022,Cheyenne,Black,3,24,0.093055589,0.098817001,0.095936295,0.007633763,1,1
6/25/2022,Cheyenne,White,4,24,0.124516897,0.129098536,0.126807717,0.024948353,1,1
6/26/2022,Cheyenne,Black,3,24,0.09258726,0.095554406,0.094070833,0.007481048,1,1
6/26/2022,Cheyenne,White,4,24,0.123422142,0.126056401,0.124739272,0.024171985,1,1
6/27/2022,Cheyenne,Black,3,24,0.091021692,0.098510238,0.094765965,0.007163051,1,1
6/27/2022,Cheyenne,White,4,24,0.121213395,0.127573377,0.124393386,0.024306865,1,1
6/28/2022,Cheyenne,Black,3,24,0.091176654,0.09865585,0.094916252,0.007798945,1,1
6/28/2022,Cheyenne,White,4,24,0.120535251,0.126692725,0.123613988,0.024429921,1,1
6/29/2022,Cheyenne,Black,3,24,0.090702454,0.095083793,0.092893124,0.007731782,1,1
6/29/2022,Cheyenne,White,4,24,0.119640494,0.123504266,0.12157238,0.024172279,1,1
6/30/2022,Cheyenne,Black,3,24,0.089603292,0.094458841,0.092031067,0.007645413,1,1
6/30/2022,Cheyenne,White,4,24,0.118088774,0.12974141,0.123915092,0.021890842,1,1
7/1/2022,Cheyenne,Black,4,24,0.090355424,0.099932337,0.095143881,0.007135042,1,1
7/1/2022,Cheyenne,White,4,24,0.114268726,0.138284547,0.126276636,0.025592908,1,1
7/2/2022,Cheyenne,Black,4,24,0.092348602,0.103165599,0.0977571,0.00790876,1,1
7/2/2022,Cheyenne,White,4,24,0.126918994,0.141841536,0.134380265,0.033059443,1,1
7/3/2022,Cheyenne,Black,4,24,0.095509697,0.103392955,0.099451326,0.008252411,1,1
7/3/2022,Cheyenne,White,4,24,0.132123983,0.138187738,0.13515586,0.029730606,1,1
7/4/2022,Cheyenne,Black,4,24,0.097140787,0.105806431,0.101473609,0.00850139,1,1
7/4/2022,Cheyenne,White,4,24,0.131225592,0.138560684,0.134893138,0.028170803,1,1
7/5/2022,Cheyenne,Black,4,24,0.099690029,0.106261719,0.102975874,0.009073952,1,1
7/5/2022,Cheyenne,White,4,24,0.131297294,0.136799058,0.134048176,0.02634463,1,1
7/6/2022,Cheyenne,Black,4,24,0.100616358,0.105909485,0.103262922,0.009435545,1,1
7/6/2022,Cheyenne,White,4,24,0.127950786,0.138434878,0.133192832,0.026505615,1,1
7/7/2022,Cheyenne,Black,4,24,0.10038249,0.107968479,0.104175485,0.00963134,1,1
7/7/2022,Cheyenne,White,4,24,0.107860573,0.14337316,0.125616866,0.035643768,1,1
7/8/2022,Cheyenne,Black,4,24,0.101418333,0.154255159,0.127836746,0.028003809,1,1
7/8/2022,Cheyenne,White,4,24,0.139413875,0.193873826,0.166643851,0.031528893,1,1
7/9/2022,Cheyenne,Black,4,24,0.146545224,0.165717367,0.156131295,0.037453008,1,1
7/9/2022,Cheyenne,White,4,24,0.187011681,0.199887268,0.193449475,0.029367421,1,1
7/10/2022,Cheyenne,Black,4,24,0.149301179,0.158816988,0.154059083,0.031063179,1,1
7/10/2022,Cheyenne,White,4,24,0.182650782,0.191404101,0.187027441,0.028711771,1,1
7/11/2022,Cheyenne,Black,4,24,0.146508344,0.159281749,0.152895046,0.028753626,1,1
7/11/2022,Cheyenne,White,4,24,0.177622713,0.186011631,0.181817172,0.030048108,1,1
7/12/2022,Cheyenne,Black,4,24,0.146498105,0.157204337,0.151851221,0.026488399,1,1
7/12/2022,Cheyenne,White,4,24,0.173382297,0.181567598,0.177474948,0.030821175,1,1
7/13/2022,Cheyenne,Black,4,24,0.145743927,0.155537736,0.150640831,0.023904529,1,1
7/13/2022,Cheyenne,White,4,24,0.170312058,0.177355532,0.173833795,0.031836972,1,1
7/14/2022,Cheyenne,Black,4,24,0.145000556,0.150216226,0.147608391,0.022030344,1,1
7/14/2022,Cheyenne,White,4,24,0.16772848,0.172296435,0.170012457,0.03199658,1,1
7/15/2022,Cheyenne,Black,4,24,0.14247836,0.150505528,0.146491944,0.020101513,1,1
7/15/2022,Cheyenne,White,4,24,0.165197767,0.171005517,0.168101642,0.032607464,1,1
7/16/2022,Cheyenne,Black,4,24,0.140995646,0.1496794,0.145337523,0.019490761,1,1
7/16/2022,Cheyenne,White,4,24,0.164434489,0.177390568,0.170912528,0.031032489,1,1
7/17/2022,Cheyenne,Black,4,24,0.13984214,0.149914227,0.144878183,0.01854618,1,1
7/17/2022,Cheyenne,White,4,24,0.167011671,0.175187815,0.171099743,0.031378735,1,1
7/18/2022,Cheyenne,Black,4,24,0.140190592,0.147718132,0.143954362,0.017587018,1,1
7/18/2022,Cheyenne,White,4,24,0.165663026,0.172193065,0.168928046,0.031430304,1,1
7/19/2022,Cheyenne,Black,4,24,0.139034318,0.14517987,0.142107094,0.016783023,1,1
7/19/2022,Cheyenne,White,4,24,0.163484775,0.169356346,0.16642056,0.031824968,1,1
7/20/2022,Cheyenne,Black,4,24,0.136124991,0.143045651,0.139585321,0.016537805,1,1
7/20/2022,Cheyenne,White,4,24,0.160531931,0.167724617,0.164128274,0.031589042,1,1
7/21/2022,Cheyenne,Black,4,24,0.132450907,0.139951473,0.13620119,0.015565046,1,1
7/21/2022,Cheyenne,White,4,24,0.158313992,0.165861249,0.16208762,0.032356291,1,1
7/22/2022,Cheyenne,Black,4,24,0.127871593,0.134881442,0.131376518,0.014550877,1,1
7/22/2022,Cheyenne,White,4,24,0.156933447,0.163915943,0.160424695,0.032680731,1,1
7/23/2022,Cheyenne,Black,4,24,0.122022897,0.12744491,0.124733903,0.013717507,1,1
7/23/2022,Cheyenne,White,4,24,0.155673837,0.168536115,0.162104976,0.0304806,1,1
7/24/2022,Cheyenne,Black,4,24,0.117463095,0.123805087,0.120634091,0.012458225,1,1
7/24/2022,Cheyenne,White,4,23.75,0.114162967,0.169759858,0.141961413,0.032356521,1,0
7/25/2022,Cheyenne,Black,4,24,0.117546042,0.12657826,0.122062151,0.013348244,1,1
7/25/2022,Cheyenne,White,4,24,0.126292334,0.174094621,0.150193478,0.044628353,1,1
7/26/2022,Cheyenne,Black,4,24,0.118900511,0.127019687,0.122960099,0.013138691,1,1
7/26/2022,Cheyenne,White,4,24,0.163902834,0.172166541,0.168034688,0.029015509,1,1
7/27/2022,Cheyenne,Black,4,24,0.119685844,0.126797916,0.12324188,0.013114904,1,1
7/27/2022,Cheyenne,White,4,24,0.162917364,0.170485314,0.166701339,0.028122096,1,1
7/28/2022,Cheyenne,Black,4,24,0.120128842,0.226049092,0.173088967,0.020277016,1,1
7/28/2022,Cheyenne,White,4,24,0.162631817,0.213686317,0.188159067,0.021975439,1,1
7/29/2022,Cheyenne,Black,4,24,0.194435295,0.205579922,0.200007608,0.017866666,1,1
7/29/2022,Cheyenne,White,4,24,0.201693296,0.210408967,0.206051132,0.017585086,1,1
7/30/2022,Cheyenne,Black,4,24,0.189174213,0.200567979,0.194871096,0.015797807,1,1
7/30/2022,Cheyenne,White,4,23.75,0.179662697,0.207215276,0.193438986,0.023699325,1,0
7/31/2022,Cheyenne,Black,4,24,0.186662301,0.195257217,0.190959759,0.014943483,1,1
7/31/2022,Cheyenne,White,4,24,0.195463676,0.202998031,0.199230853,0.018963895,1,1
8/1/2022,Cheyenne,Black,4,24,0.183936365,0.192294009,0.188115187,0.014187368,1,1
8/1/2022,Cheyenne,White,4,24,0.193337884,0.200634386,0.196986135,0.019258056,1,1
8/2/2022,Cheyenne,Black,2,24,0.172945932,0.177960254,0.175453093,0.013178977,0,1
8/2/2022,Cheyenne,White,2,24,0.178373814,0.182734795,0.180554304,0.011773222,0,1
8/3/2022,Cheyenne,Black,2,24,0.169504039,0.176754616,0.173129328,0.013670657,0,1
8/3/2022,Cheyenne,White,2,24,0.17457056,0.180361189,0.177465875,0.011993913,0,1
8/4/2022,Cheyenne,Black,2,24,0.168691516,0.178545713,0.173618615,0.013797055,0,1
8/4/2022,Cheyenne,White,2,24,0.172770657,0.180569813,0.176670235,0.011166844,0,1
8/5/2022,Cheyenne,Black,2,24,0.168890573,0.175545514,0.172218043,0.014124015,0,1
8/5/2022,Cheyenne,White,2,24,0.171771713,0.177786328,0.17477902,0.010783514,0,1
8/6/2022,Cheyenne,Black,2,24,0.165836729,0.175135836,0.170486283,0.014314245,0,1
8/6/2022,Cheyenne,White,2,24,0.169541284,0.176594786,0.173068035,0.010683336,0,1
8/7/2022,Cheyenne,Black,2,24,0.166237071,0.178263016,0.172250044,0.016518767,0,1
8/7/2022,Cheyenne,White,2,24,0.169553764,0.210012034,0.189782899,0.022166845,0,1
8/8/2022,Cheyenne,Black,2,24,0.174869895,0.188081756,0.181475826,0.019144595,0,1
8/8/2022,Cheyenne,White,2,24,0.195453241,0.205460303,0.200456772,0.019156169,0,1
8/9/2022,Cheyenne,Black,2,24,0.176060952,0.186519325,0.181290139,0.0194383,0,1
8/9/2022,Cheyenne,White,2,24,0.190879345,0.197986707,0.194433026,0.015899593,0,1
8/10/2022,Cheyenne,Black,2,24,0.175248019,0.185913391,0.180580705,0.020166551,0,1
8/10/2022,Cheyenne,White,2,24,0.187206008,0.19456894,0.190887474,0.014521486,0,1
8/11/2022,Cheyenne,Black,2,24,0.174433336,0.185521424,0.17997738,0.020476309,0,1
8/11/2022,Cheyenne,White,2,24,0.184295498,0.191492222,0.18789386,0.013372226,0,1
8/12/2022,Cheyenne,Black,2,24,0.173434153,0.183543608,0.17848888,0.020678972,0,1
8/12/2022,Cheyenne,White,2,24,0.181348071,0.187820897,0.184584484,0.01236165,0,1
8/13/2022,Cheyenne,Black,2,24,0.171821281,0.179601185,0.175711233,0.020524836,0,1
8/13/2022,Cheyenne,White,2,24,0.177583486,0.18292097,0.180252228,0.011917058,0,1
8/14/2022,Cheyenne,Black,2,24,0.168788262,0.188069463,0.178428862,0.020114199,0,1
8/14/2022,Cheyenne,White,2,24,0.173773922,0.209392771,0.191583347,0.021573628,0,1
8/15/2022,Cheyenne,Black,2,24,0.187703617,0.194265552,0.190984584,0.019715695,0,1
8/15/2022,Cheyenne,White,2,24,0.199064791,0.207354665,0.203209728,0.022470013,0,1
8/16/2022,Cheyenne,Black,2,24,0.184570707,0.196369506,0.190470107,0.019869995,0,1
8/16/2022,Cheyenne,White,2,24,0.194301069,0.201719604,0.198010337,0.018732562,0,1
8/17/2022,Cheyenne,Black,2,24,0.182386048,0.195194118,0.188790083,0.020904141,0,1
8/17/2022,Cheyenne,White,2,24,0.190261535,0.197922058,0.194091797,0.018488379,0,1
8/18/2022,Cheyenne,Black,2,24,0.180982985,0.191739775,0.18636138,0.021165378,0,1
8/18/2022,Cheyenne,White,2,24,0.185949884,0.19291126,0.189430572,0.019781718,0,1
8/19/2022,Cheyenne,Black,2,24,0.178613394,0.188433647,0.183523521,0.021154325,0,1
8/19/2022,Cheyenne,White,2,24,0.18117445,0.187626772,0.184400611,0.02208675,0,1
8/20/2022,Cheyenne,Black,2,24,0.176425055,0.183149599,0.179787327,0.021048637,0,1
8/20/2022,Cheyenne,White,2,24,0.175943613,0.181529343,0.178736478,0.023632033,0,1
8/21/2022,Cheyenne,Black,2,24,0.173824288,0.183581255,0.178702772,0.020119399,0,1
8/21/2022,Cheyenne,White,2,24,0.17211736,0.199174352,0.185645856,0.037220061,0,1
8/22/2022,Cheyenne,Black,2,24,0.178661242,0.193519764,0.186090503,0.018818584,0,1
8/22/2022,Cheyenne,White,2,24,0.188184373,0.197688684,0.192936528,0.036760782,0,1
8/23/2022,Cheyenne,Black,2,24,0.179445229,0.191565312,0.185505271,0.019672189,0,1
8/23/2022,Cheyenne,White,2,24,0.182738274,0.189923875,0.186331075,0.035249533,0,1
8/24/2022,Cheyenne,Black,2,24,0.178239763,0.186910436,0.182575099,0.019807649,0,1
8/24/2022,Cheyenne,White,2,24,0.175283037,0.183275491,0.179279264,0.037067379,0,1
8/25/2022,Cheyenne,Black,2,24,0.175248019,0.18219474,0.178721379,0.019832942,0,1
8/25/2022,Cheyenne,White,2,24,0.168945871,0.175637014,0.172291443,0.03975629,0,1
8/26/2022,Cheyenne,Black,2,24,0.173836507,0.181595683,0.177716095,0.020157326,0,1
8/26/2022,Cheyenne,White,2,24,0.16375304,0.18525096,0.174502,0.053531429,0,1
8/27/2022,Cheyenne,Black,2,24,0.172236919,0.183378235,0.177807577,0.019727328,0,1
8/27/2022,Cheyenne,White,2,24,0.169055678,0.176779717,0.172917698,0.059921381,0,1
8/28/2022,Cheyenne,Black,2,24,0.173434153,0.182792947,0.17811355,0.019860575,0,1
8/28/2022,Cheyenne,White,2,24,0.16292857,0.169760503,0.166344536,0.059055071,0,1
8/29/2022,Cheyenne,Black,2,24,0.172236919,0.183378235,0.177807577,0.019727328,0,1
8/29/2022,Cheyenne,White,2,24,0.158040684,0.164016727,0.161028706,0.059415097,0,1
8/30/2022,Cheyenne,Black,2,24,0.172236919,0.182768151,0.177502535,0.020158722,0,1
8/30/2022,Cheyenne,White,2,24,0.154324025,0.159746017,0.157035021,0.0591748,0,1
8/31/2022,Cheyenne,Black,2,24,0.172225013,0.180202998,0.176214006,0.020362465,0,1
8/31/2022,Cheyenne,White,2,24,0.150544129,0.155817658,0.153180894,0.059492653,0,1
9/1/2022,Cheyenne,Black,2,24,0.17041149,0.17761074,0.174011115,0.020456853,0,1
9/1/2022,Cheyenne,White,2,24,0.146413919,0.150859579,0.148636749,0.058551005,0,1
9/2/2022,Cheyenne,Black,2,24,0.168566629,0.175391667,0.171979148,0.021401385,0,1
9/2/2022,Cheyenne,White,2,24,0.143232703,0.147743516,0.145488109,0.058321023,0,1
9/3/2022,Cheyenne,Black,2,24,0.166120268,0.17296683,0.169543549,0.021796285,0,1
9/3/2022,Cheyenne,White,2,24,0.140098393,0.14536703,0.142732712,0.056384863,0,1
9/4/2022,Cheyenne,Black,2,24,0.163436629,0.171518907,0.167477768,0.023038547,0,1
9/4/2022,Cheyenne,White,2,24,0.138503887,0.143266436,0.140885161,0.055074612,0,1
9/5/2022,Cheyenne,Black,2,24,0.160266206,0.167610154,0.16393818,0.025824375,0,1
9/5/2022,Cheyenne,White,2,24,0.135969762,0.140362859,0.13816631,0.05384973,0,1
9/6/2022,Cheyenne,Black,2,24,0.156248108,0.163451038,0.159849573,0.028528912,0,1
9/6/2022,Cheyenne,White,2,24,0.133015711,0.137871671,0.135443691,0.052299914,0,1
9/7/2022,Cheyenne,Black,2,24,0.151586294,0.1590527,0.155319497,0.030709269,0,1
9/7/2022,Cheyenne,White,2,24,0.130041283,0.134960737,0.13250101,0.05044561,0,1
9/8/2022,Cheyenne,Black,2,24,0.146877613,0.152992897,0.149935255,0.032092863,0,1
9/8/2022,Cheyenne,White,2,24,0.127074409,0.131326996,0.129200703,0.048750546,0,1
9/9/2022,Cheyenne,Black,2,24,0.142701536,0.146045893,0.144373715,0.030486301,0,1
9/9/2022,Cheyenne,White,2,24,0.125456288,0.14613029,0.135793289,0.061725453,0,1
9/10/2022,Cheyenne,Black,2,24,0.142290108,0.173055194,0.157672651,0.027923583,0,1
9/10/2022,Cheyenne,White,2,24,0.146236859,0.200725794,0.173481327,0.089641927,0,1
9/11/2022,Cheyenne,Black,2,24,0.172505811,0.189011104,0.180758458,0.023408744,0,1
9/11/2022,Cheyenne,White,2,24,0.17744524,0.195935249,0.186690245,0.06569395,0,1
9/12/2022,Cheyenne,Black,2,24,0.17660585,0.188621812,0.182613831,0.021614848,0,1
9/12/2022,Cheyenne,White,2,24,0.181189969,0.189895287,0.185542628,0.051581347,0,1
9/13/2022,Cheyenne,Black,2,24,0.175792336,0.184696861,0.180244599,0.022288523,0,1
9/13/2022,Cheyenne,White,2,24,0.179049157,0.185489565,0.182269361,0.047241196,0,1
9/14/2022,Cheyenne,Black,2,24,0.175391667,0.180560194,0.17797593,0.022259963,0,1
9/14/2022,Cheyenne,White,2,24,0.17623724,0.18093162,0.17858443,0.044121697,0,1
9/15/2022,Cheyenne,Black,2,24,0.172382385,0.17798318,0.175182782,0.022110353,0,1
9/15/2022,Cheyenne,White,2,24,0.172890708,0.177435473,0.17516309,0.042895935,0,1
9/16/2022,Cheyenne,Black,2,24,0.169746161,0.174990661,0.172368411,0.022244912,0,1
9/16/2022,Cheyenne,White,2,24,0.170303442,0.174712583,0.172508013,0.041863848,0,1
9/17/2022,Cheyenne,Black,2,24,0.168934137,0.17677208,0.172853108,0.022645328,0,1
9/17/2022,Cheyenne,White,2,24,0.168945871,0.174712583,0.171829227,0.041208275,0,1
9/18/2022,Cheyenne,Black,2,24,0.168317385,0.176565222,0.172441304,0.022949802,0,1
9/18/2022,Cheyenne,White,2,24,0.167342618,0.173557527,0.170450073,0.040474298,0,1
9/19/2022,Cheyenne,Black,2,24,0.16791033,0.176165223,0.172037777,0.022969437,0,1
9/19/2022,Cheyenne,White,2,24,0.166358471,0.171945773,0.169152122,0.04015393,0,1
9/20/2022,Cheyenne,Black,2,24,0.16791033,0.173563883,0.170737106,0.022891929,0,1
9/20/2022,Cheyenne,White,2,24,0.165131651,0.169781797,0.167456724,0.039584015,0,1
9/21/2022,Cheyenne,Black,2,24,0.165672131,0.169522636,0.167597383,0.022899605,0,1
9/21/2022,Cheyenne,White,2,24,0.162955381,0.186225593,0.174590487,0.052112718,0,1
9/22/2022,Cheyenne,Black,2,24,0.167567201,0.21071104,0.18913912,0.018970339,0,1
9/22/2022,Cheyenne,White,2,24,0.190897465,0.237449177,0.214173321,0.071147257,0,1
9/23/2022,Cheyenne,Black,2,24,0.199040636,0.207523018,0.203281827,0.019842283,0,1
9/23/2022,Cheyenne,White,2,24,0.205820844,0.215598069,0.210709456,0.034748164,0,1
9/24/2022,Cheyenne,Black,2,24,0.194265552,0.20243863,0.198352091,0.020332525,0,1
9/24/2022,Cheyenne,White,2,24,0.200625263,0.206982143,0.203803703,0.031099928,0,1
9/25/2022,Cheyenne,Black,2,24,0.19019004,0.199958675,0.195074357,0.021297066,0,1
9/25/2022,Cheyenne,White,2,24,0.196072705,0.202695146,0.199383926,0.030749134,0,1
9/26/2022,Cheyenne,Black,2,24,0.188043863,0.196330622,0.192187242,0.021709652,0,1
9/26/2022,Cheyenne,White,2,24,0.193200715,0.199704923,0.196452819,0.030283712,0,1
9/27/2022,Cheyenne,Black,2,24,0.185887367,0.193257757,0.189572562,0.021975688,0,1
9/27/2022,Cheyenne,White,2,24,0.190346517,0.196091317,0.193218917,0.029686617,0,1
9/28/2022,Cheyenne,Black,2,24,0.182932481,0.190551475,0.186741978,0.022253167,0,1
9/28/2022,Cheyenne,White,2,24,0.187250346,0.193237446,0.190243896,0.02920146,0,1
9/29/2022,Cheyenne,Black,2,10,0.182932481,0.185292542,0.184112512,0.022244685,0,0
9/29/2022,Cheyenne,White,2,10,0.186672889,0.188827492,0.18775019,0.028541013,0,0
11/9/2022,Cheyenne,Black,4,10,0.145963535,0.149974789,0.147969162,0.014690162,1,0
11/9/2022,Cheyenne,White,4,10,0.163242366,0.166378744,0.164810555,0.024512927,1,0
11/10/2022,Cheyenne,Black,4,24,0.142244998,0.146930713,0.144587856,0.013597994,1,1
11/10/2022,Cheyenne,White,4,23.25,0.15729617,0.164048474,0.160672322,0.023482822,1,0
11/11/2022,Cheyenne,Black,4,24,0.12190547,0.145147473,0.133526471,0.012343552,1,1
11/11/2022,Cheyenne,White,4,20.75,0.125244075,0.16181178,0.143527928,0.018536355,1,0
11/12/2022,Cheyenne,Black,4,24,0.114196369,0.145369224,0.129782797,0.01107664,1,1
11/12/2022,Cheyenne,White,4,22,0.115963766,0.158403143,0.137183455,0.017378615,1,0
11/13/2022,Cheyenne,Black,4,24,0.140119921,0.144837137,0.142478529,0.012022658,1,1
11/13/2022,Cheyenne,White,4,23.75,0.133913739,0.163031869,0.148472804,0.018695468,1,0
11/14/2022,Cheyenne,Black,4,24,0.125140194,0.143458333,0.134299263,0.011885845,1,1
11/14/2022,Cheyenne,White,4,20.5,0.127019983,0.159064416,0.143042199,0.017829863,1,0
11/15/2022,Cheyenne,Black,4,24,0.127575915,0.142179549,0.134877732,0.011646732,1,1
11/15/2022,Cheyenne,White,4,20,0.125909109,0.145259138,0.135584123,0.015214159,1,0
11/16/2022,Cheyenne,Black,4,24,0.122025238,0.141752969,0.131889104,0.011587229,1,1
11/16/2022,Cheyenne,White,4,23.5,0.121558897,0.137850434,0.129704665,0.015978951,1,0
11/17/2022,Cheyenne,Black,4,24,0.121926364,0.138945922,0.130436143,0.011649886,1,1
11/17/2022,Cheyenne,White,4,22.75,0.12219516,0.129728947,0.125962053,0.015656366,1,0
11/18/2022,Cheyenne,Black,4,24,0.109700395,0.1208231,0.115261748,0.010205578,1,1
11/18/2022,Cheyenne,White,4,20.25,0.113118228,0.120434472,0.11677635,0.015028653,1,0
11/19/2022,Cheyenne,Black,4,24,0.107874995,0.126064604,0.1169698,0.011786086,1,1
11/19/2022,Cheyenne,White,4,20.25,0.111980114,0.122171124,0.117075619,0.016285086,1,0
11/20/2022,Cheyenne,Black,4,24,0.106610665,0.143472578,0.125041622,0.00933405,1,1
11/20/2022,Cheyenne,White,4,21,0.109381337,0.135774186,0.122577761,0.018288797,1,0
11/21/2022,Cheyenne,Black,4,24,0.111042073,0.142937817,0.126989945,0.009669441,1,1
11/21/2022,Cheyenne,White,4,23,0.112215176,0.137304684,0.12475993,0.0182388,1,0
11/22/2022,Cheyenne,Black,4,24,0.11532598,0.143896468,0.129611224,0.010372707,1,1
11/22/2022,Cheyenne,White,4,24,0.115595527,0.155087069,0.135341298,0.019559722,1,1
11/23/2022,Cheyenne,Black,4,24,0.123451045,0.14143727,0.132444157,0.011666243,1,1
11/23/2022,Cheyenne,White,4,24,0.119298693,0.135973733,0.127636213,0.017312641,1,1
11/24/2022,Cheyenne,Black,4,24,0.138425112,0.142937817,0.140681464,0.010216439,1,1
11/24/2022,Cheyenne,White,4,24,0.127940822,0.157953553,0.142947188,0.019218861,1,1
11/25/2022,Cheyenne,Black,4,24,0.136035424,0.144750968,0.140393196,0.010489718,1,1
11/25/2022,Cheyenne,White,4,24,0.128085941,0.164401837,0.146243889,0.01895565,1,1
11/26/2022,Cheyenne,Black,4,24,0.140257344,0.143467791,0.141862568,0.010509707,1,1
11/26/2022,Cheyenne,White,4,24,0.155611288,0.163659174,0.159635231,0.021907169,1,1
11/27/2022,Cheyenne,Black,4,24,0.140468698,0.142506361,0.14148753,0.010570959,1,1
11/27/2022,Cheyenne,White,4,24,0.159148362,0.16284899,0.160998676,0.021794214,1,1
11/28/2022,Cheyenne,Black,4,24,0.139066579,0.141757362,0.14041197,0.010560856,1,1
11/28/2022,Cheyenne,White,4,24,0.155470569,0.162032966,0.158751767,0.022243718,1,1
11/29/2022,Cheyenne,Black,4,24,0.138853014,0.139826361,0.139339687,0.010333737,1,1
11/29/2022,Cheyenne,White,4,24,0.154088445,0.158662759,0.156375602,0.022007065,1,1
11/30/2022,Cheyenne,Black,4,24,0.13339263,0.138747197,0.136069913,0.011411073,1,1
11/30/2022,Cheyenne,White,4,24,0.138401022,0.152728099,0.145564561,0.021346566,1,1
12/1/2022,Cheyenne,Black,4,24,0.132194834,0.137652282,0.134923558,0.0117472,1,1
12/1/2022,Cheyenne,White,4,24,0.136107123,0.143830935,0.139969029,0.021892238,1,1
12/2/2022,Cheyenne,Black,4,24,0.114430018,0.138639823,0.12653492,0.010202397,1,1
12/2/2022,Cheyenne,White,4,23.75,0.119547527,0.148137318,0.133842423,0.018888496,1,0
12/3/2022,Cheyenne,Black,4,24,0.106490286,0.135870943,0.121180614,0.010796443,1,1
12/3/2022,Cheyenne,White,4,23,0.112114213,0.135925245,0.124019729,0.017516156,1,0
12/4/2022,Cheyenne,Black,4,24,0.122950051,0.141225215,0.132087633,0.010541774,1,1
12/4/2022,Cheyenne,White,4,24,0.12405402,0.160301071,0.142177545,0.020047631,1,1
12/5/2022,Cheyenne,Black,4,24,0.139069647,0.140899256,0.139984451,0.010404895,1,1
12/5/2022,Cheyenne,White,4,24,0.151924349,0.162343431,0.15713389,0.022131323,1,1
12/6/2022,Cheyenne,Black,4,24,0.137336947,0.139821719,0.138579333,0.010574504,1,1
12/6/2022,Cheyenne,White,4,24,0.150998842,0.161216117,0.15610748,0.02148142,1,1
12/7/2022,Cheyenne,Black,4,24,0.120502688,0.139715303,0.130108995,0.010515191,1,1
12/7/2022,Cheyenne,White,4,21.25,0.12809238,0.159994774,0.144043577,0.018587902,1,0
12/8/2022,Cheyenne,Black,4,24,0.12504926,0.138851918,0.131950589,0.010980189,1,1
12/8/2022,Cheyenne,White,4,23.25,0.128982043,0.150583955,0.139782999,0.017072653,1,0
12/9/2022,Cheyenne,Black,4,24,0.107641436,0.135212909,0.121427173,0.010938904,1,1
12/9/2022,Cheyenne,White,4,21.75,0.113356603,0.137648486,0.125502544,0.017768973,1,0
12/10/2022,Cheyenne,Black,4,24,0.110036004,0.135761226,0.122898615,0.010873936,1,1
12/10/2022,Cheyenne,White,4,22,0.114357671,0.135040209,0.12469894,0.018303932,1,0
12/11/2022,Cheyenne,Black,4,24,0.110150056,0.140469186,0.125309621,0.009414615,1,1
12/11/2022,Cheyenne,White,4,24,0.114018051,0.14709004,0.130554046,0.019563728,1,1
12/12/2022,Cheyenne,Black,4,24,0.124483224,0.138850182,0.131666703,0.011401501,1,1
12/12/2022,Cheyenne,White,4,24,0.122728111,0.136039447,0.129383779,0.018747572,1,1
12/13/2022,Cheyenne,Black,4,24,0.106383989,0.12615349,0.116268739,0.010149394,1,1
12/13/2022,Cheyenne,White,4,18.5,0.113079669,0.121631453,0.117355561,0.01643994,1,0
12/14/2022,Cheyenne,Black,4,24,0.105468417,0.109358273,0.107413345,0.008427059,1,1
12/14/2022,Cheyenne,White,4,22.25,0.110290263,0.113227636,0.111758949,0.015019532,1,0
12/15/2022,Cheyenne,Black,4,24,0.102248739,0.10753382,0.10489128,0.008020942,1,1
12/15/2022,Cheyenne,White,4,22.5,0.107323622,0.111306163,0.109314892,0.014823071,1,0
12/16/2022,Cheyenne,Black,4,24,0.100169618,0.1045548,0.102362209,0.007617467,1,1
12/16/2022,Cheyenne,White,4,20.25,0.104930067,0.107897133,0.1064136,0.014191125,1,0
12/17/2022,Cheyenne,Black,4,24,0.100285554,0.110384561,0.105335058,0.007899578,1,1
12/17/2022,Cheyenne,White,4,22,0.104696449,0.111292958,0.107994704,0.014866774,1,0
12/18/2022,Cheyenne,Black,4,24,0.099126125,0.110155405,0.104640765,0.007909096,1,1
12/18/2022,Cheyenne,White,4,20.5,0.103200495,0.11151221,0.107356353,0.015029923,1,0
12/19/2022,Cheyenne,Black,4,24,0.100866767,0.111516986,0.106191876,0.008021507,1,1
12/19/2022,Cheyenne,White,4,22,0.104688777,0.112976607,0.108832692,0.01548278,1,0
12/20/2022,Cheyenne,Black,4,24,0.103863107,0.113668088,0.108765597,0.008504056,1,1
12/20/2022,Cheyenne,White,4,21.25,0.107769085,0.115333986,0.111551535,0.016228672,1,0
12/21/2022,Cheyenne,Black,4,22.5,0.100410759,0.117266446,0.108838603,0.00795654,1,0
12/21/2022,Cheyenne,White,4,19.25,0.104535941,0.118132824,0.111334383,0.016675066,1,0
12/22/2022,Cheyenne,Black,4,19.5,0.090466697,0.096668812,0.093567754,0.007829979,1,0
12/22/2022,Cheyenne,White,4,18.5,0.095096223,0.099995326,0.097545775,0.012198244,1,0
12/23/2022,Cheyenne,Black,4,23.5,0.089640308,0.095516231,0.09257827,0.007093138,1,0
12/23/2022,Cheyenne,White,3,24,0.090803439,0.094543566,0.092673503,0.013123153,1,1
12/24/2022,Cheyenne,Black,4,24,0.094466278,0.107872374,0.101169326,0.007641055,1,1
12/24/2022,Cheyenne,White,4,22.25,0.098453833,0.109691147,0.10407249,0.014997823,1,0
12/25/2022,Cheyenne,Black,4,24,0.103174053,0.116264867,0.10971946,0.0083832,1,1
12/25/2022,Cheyenne,White,4,24,0.10605496,0.118114065,0.112084513,0.016784887,1,1
12/26/2022,Cheyenne,Black,4,24,0.108450182,0.128994007,0.118722094,0.010519467,1,1
12/26/2022,Cheyenne,White,4,24,0.11240417,0.125300782,0.118852476,0.018690078,1,1
12/27/2022,Cheyenne,Black,4,24,0.117832508,0.141971923,0.129902216,0.009892556,1,1
12/27/2022,Cheyenne,White,4,24,0.11922483,0.154106045,0.136665437,0.023171196,1,1
12/28/2022,Cheyenne,Black,4,24,0.138415175,0.140567496,0.139491335,0.010931262,1,1
12/28/2022,Cheyenne,White,4,24,0.149307219,0.160523854,0.154915537,0.025924238,1,1
12/29/2022,Cheyenne,Black,4,24,0.115125295,0.138630079,0.126877687,0.010108506,1,1
12/29/2022,Cheyenne,White,4,24,0.11717104,0.152214283,0.134692661,0.020148886,1,1
12/30/2022,Cheyenne,Black,4,24,0.106387807,0.123720309,0.115054058,0.009784608,1,1
12/30/2022,Cheyenne,White,4,24,0.109732119,0.12104167,0.115386895,0.015911813,1,1
12/31/2022,Cheyenne,Black,4,24,0.114910796,0.13960221,0.127256503,0.009739881,1,1
12/31/2022,Cheyenne,White,4,24,0.116038069,0.144233549,0.130135809,0.019597887,1,1
1/1/2023,Cheyenne,Black,4,24,0.130437488,0.136674706,0.133556097,0.011826658,1,1
1/1/2023,Cheyenne,White,4,24,0.128330862,0.135793874,0.132062368,0.020028032,1,1
1/2/2023,Cheyenne,Black,4,24,0.116478642,0.129218275,0.122848459,0.011596244,1,1
1/2/2023,Cheyenne,White,4,24,0.119965985,0.127464877,0.123715431,0.016998384,1,1
1/3/2023,Cheyenne,Black,4,24,0.112758478,0.116028007,0.114393243,0.009699459,1,1
1/3/2023,Cheyenne,White,4,24,0.117180998,0.119746588,0.118463793,0.015419082,1,1
1/4/2023,Cheyenne,Black,4,24,0.106726535,0.112191003,0.109458769,0.009063408,1,1
1/4/2023,Cheyenne,White,4,24,0.111785261,0.116622107,0.114203684,0.014341387,1,1
1/5/2023,Cheyenne,Black,4,24,0.104319463,0.108902141,0.106610802,0.00837689,1,1
1/5/2023,Cheyenne,White,4,24,0.10996663,0.113469807,0.111718219,0.014142762,1,1
1/6/2023,Cheyenne,Black,4,24,0.107076939,0.114688074,0.110882507,0.008492263,1,1
1/6/2023,Cheyenne,White,4,24,0.112115791,0.118620029,0.11536791,0.015165473,1,1
1/7/2023,Cheyenne,Black,4,24,0.114346685,0.119973063,0.117159874,0.008872313,1,1
1/7/2023,Cheyenne,White,4,24,0.117839066,0.122064807,0.119951936,0.016385852,1,1
1/8/2023,Cheyenne,Black,4,24,0.105933746,0.130934378,0.118434062,0.010599446,1,1
1/8/2023,Cheyenne,White,4,24,0.112003978,0.122857887,0.117430933,0.015187511,1,1
1/9/2023,Cheyenne,Black,4,24,0.120388409,0.140073763,0.130231086,0.014577833,1,1
1/9/2023,Cheyenne,White,4,24,0.116396714,0.133877341,0.125137027,0.0173006,1,1
1/10/2023,Cheyenne,Black,4,24,0.135207701,0.147786841,0.141497271,0.013005353,1,1
1/10/2023,Cheyenne,White,4,24,0.126158226,0.159534847,0.142846537,0.02149592,1,1
1/11/2023,Cheyenne,Black,4,24,0.143578347,0.14620281,0.144890578,0.011646385,1,1
1/11/2023,Cheyenne,White,4,24,0.14016038,0.151957517,0.146058949,0.021040202,1,1
1/12/2023,Cheyenne,Black,4,24,0.138663851,0.143688928,0.14117639,0.008819491,1,1
1/12/2023,Cheyenne,White,4,24,0.133096779,0.140599573,0.136848176,0.017863365,1,1
1/13/2023,Cheyenne,Black,4,24,0.132864296,0.138871677,0.135867987,0.010210327,1,1
1/13/2023,Cheyenne,White,4,24,0.128728963,0.135369018,0.132048991,0.01640829,1,1
1/14/2023,Cheyenne,Black,4,24,0.13362685,0.173398711,0.153512781,0.011428671,1,1
1/14/2023,Cheyenne,White,4,24,0.129404983,0.160728745,0.145066864,0.022117562,1,1
1/15/2023,Cheyenne,Black,4,24,0.170999926,0.181397002,0.176198464,0.016498193,1,1
1/15/2023,Cheyenne,White,4,24,0.153447077,0.164826088,0.159136582,0.026196121,1,1
1/16/2023,Cheyenne,Black,4,24,0.174800947,0.181929678,0.178365313,0.014339892,1,1
1/16/2023,Cheyenne,White,4,24,0.152663466,0.163815629,0.158239547,0.023757765,1,1
1/17/2023,Cheyenne,Black,4,24,0.167780288,0.179786205,0.173783246,0.012105581,1,1
1/17/2023,Cheyenne,White,4,24,0.136315711,0.161034103,0.148674907,0.019965577,1,1
1/18/2023,Cheyenne,Black,4,24,0.172955293,0.1757311,0.174343197,0.01130046,1,1
1/18/2023,Cheyenne,White,4,24,0.138488647,0.146380313,0.14243448,0.01770884,1,1
1/19/2023,Cheyenne,Black,4,24,0.144584067,0.173822246,0.159203157,0.008538179,1,1
1/19/2023,Cheyenne,White,4,24,0.12217211,0.137195596,0.129683853,0.01886907,1,1
1/20/2023,Cheyenne,Black,4,24,0.128234716,0.145473976,0.136854346,0.018172054,1,1
1/20/2023,Cheyenne,White,4,24,0.11680612,0.124169301,0.12048771,0.02114487,1,1
1/21/2023,Cheyenne,Black,4,24,0.121612085,0.13174098,0.126676532,0.012180888,1,1
1/21/2023,Cheyenne,White,4,24,0.117143536,0.121836541,0.119490039,0.021235168,1,1
1/22/2023,Cheyenne,Black,4,24,0.118759388,0.129180575,0.123969981,0.007436579,1,1
1/22/2023,Cheyenne,White,4,24,0.117930016,0.12406503,0.120997523,0.021088576,1,1
1/23/2023,Cheyenne,Black,4,24,0.119114988,0.125004007,0.122059497,0.005856102,1,1
1/23/2023,Cheyenne,White,4,24,0.118715657,0.123390509,0.121053083,0.021275318,1,1
1/24/2023,Cheyenne,Black,4,24,0.112696851,0.121124882,0.116910866,0.004299978,1,1
1/24/2023,Cheyenne,White,4,24,0.114571996,0.120178526,0.117375261,0.020673331,1,1
1/25/2023,Cheyenne,Black,4,24,0.11099357,0.11562762,0.113310595,0.004344958,1,1
1/25/2023,Cheyenne,White,4,24,0.113900457,0.117716925,0.115808691,0.020553241,1,1
1/26/2023,Cheyenne,Black,4,24,0.108942889,0.113930777,0.111436833,0.004371466,1,1
1/26/2023,Cheyenne,White,4,24,0.112664005,0.117267931,0.114965968,0.020401837,1,1
1/27/2023,Cheyenne,Black,4,24,0.110989083,0.117494339,0.114241711,0.007049668,1,1
1/27/2023,Cheyenne,White,4,24,0.115360545,0.121404009,0.118382277,0.020730543,1,1
1/28/2023,Cheyenne,Black,4,24,0.110526698,0.11570224,0.113114469,0.007266087,1,1
1/28/2023,Cheyenne,White,4,24,0.114800723,0.118386623,0.116593673,0.020674739,1,1
1/29/2023,Cheyenne,Black,4,24,0.111085914,0.113790821,0.112438368,0.007519325,1,1
1/29/2023,Cheyenne,White,4,24,0.115581423,0.117163742,0.116372583,0.020619755,1,1
1/30/2023,Cheyenne,Black,4,24,0.110515829,0.111311028,0.110913428,0.006863357,1,1
1/30/2023,Cheyenne,White,4,24,0.115361102,0.116595214,0.115978158,0.020649606,1,1
1/31/2023,Cheyenne,Black,4,24,0.109494578,0.111085821,0.1102902,0.006511937,1,1
1/31/2023,Cheyenne,White,4,24,0.114674095,0.116357638,0.115515866,0.021042951,1,1
2/1/2023,Cheyenne,Black,4,24,0.109722031,0.111198936,0.110460483,0.006578405,1,1
2/1/2023,Cheyenne,White,4,24,0.114540745,0.116569964,0.115555354,0.021621658,1,1
2/2/2023,Cheyenne,Black,4,24,0.110513199,0.111653561,0.11108338,0.006908587,1,1
2/2/2023,Cheyenne,White,4,24,0.115223847,0.117129255,0.116176551,0.021537353,1,1
2/3/2023,Cheyenne,Black,4,24,0.111308586,0.113129716,0.112219151,0.00686391,1,1
2/3/2023,Cheyenne,White,4,24,0.116228126,0.118696438,0.117462282,0.021754484,1,1
2/4/2023,Cheyenne,Black,4,24,0.112556644,0.114832459,0.113694551,0.006474359,1,1
2/4/2023,Cheyenne,White,4,24,0.117909446,0.119925834,0.11891764,0.021846989,1,1
2/5/2023,Cheyenne,Black,4,24,0.113126542,0.115511633,0.114319088,0.006188752,1,1
2/5/2023,Cheyenne,White,4,24,0.118017059,0.120144149,0.119080604,0.022003937,1,1
2/6/2023,Cheyenne,Black,4,24,0.113808246,0.115511177,0.114659712,0.006118667,1,1
2/6/2023,Cheyenne,White,4,24,0.118358459,0.119811201,0.11908483,0.021884902,1,1
2/7/2023,Cheyenne,Black,4,24,0.111750839,0.115626523,0.113688681,0.006553099,1,1
2/7/2023,Cheyenne,White,4,24,0.116670478,0.119474562,0.11807252,0.021955672,1,1
2/8/2023,Cheyenne,Black,4,24,0.111987948,0.115175823,0.113581886,0.006072191,1,1
2/8/2023,Cheyenne,White,4,24,0.11622007,0.11903003,0.11762505,0.0219117,1,1
2/9/2023,Cheyenne,Black,4,24,0.110954599,0.11426679,0.112610695,0.007063342,1,1
2/9/2023,Cheyenne,White,4,24,0.114987377,0.118024727,0.116506052,0.02173141,1,1
2/10/2023,Cheyenne,Black,4,24,0.107744182,0.113137191,0.110440686,0.007302573,1,1
2/10/2023,Cheyenne,White,4,24,0.111706071,0.116895029,0.11430055,0.021812902,1,1
2/11/2023,Cheyenne,Black,4,24,0.110057166,0.125729941,0.117893553,0.009163758,1,1
2/11/2023,Cheyenne,White,4,24,0.11386545,0.120711666,0.117288558,0.021598268,1,1
2/12/2023,Cheyenne,Black,4,24,0.12158888,0.13700702,0.12929795,0.024676895,1,1
2/12/2023,Cheyenne,White,4,24,0.11891868,0.123369763,0.121144221,0.022003366,1,1
2/13/2023,Cheyenne,Black,4,24,0.122359082,0.166791566,0.144575324,0.026581154,1,1
2/13/2023,Cheyenne,White,4,24,0.116213448,0.134720175,0.125466811,0.024157812,1,1
2/14/2023,Cheyenne,Black,4,24,0.148988599,0.155348282,0.152168441,0.032538713,1,1
2/14/2023,Cheyenne,White,4,24,0.120999623,0.133026844,0.127013233,0.024397825,1,1
2/15/2023,Cheyenne,Black,4,24,0.125304222,0.147981081,0.136642652,0.025471797,1,1
2/15/2023,Cheyenne,White,4,24,0.111692462,0.119772574,0.115732518,0.022634819,1,1
2/16/2023,Cheyenne,Black,4,24,0.119786009,0.127503214,0.123644612,0.025879984,1,1
2/16/2023,Cheyenne,White,4,24,0.108400052,0.115185758,0.111792905,0.02222461,1,1
2/17/2023,Cheyenne,Black,4,24,0.120318692,0.130949514,0.125634103,0.020031508,1,1
2/17/2023,Cheyenne,White,4,24,0.109553088,0.123326965,0.116440026,0.022185054,1,1
2/18/2023,Cheyenne,Black,4,24,0.124850186,0.131508335,0.128179261,0.018986642,1,1
2/18/2023,Cheyenne,White,4,24,0.115661295,0.12464831,0.120154803,0.022782339,1,1
2/19/2023,Cheyenne,Black,4,24,0.124754066,0.132269684,0.128511875,0.018732191,1,1
2/19/2023,Cheyenne,White,4,24,0.115873875,0.125200506,0.120537191,0.023001978,1,1
2/20/2023,Cheyenne,Black,4,24,0.129096372,0.145007333,0.137051852,0.018817676,1,1
2/20/2023,Cheyenne,White,4,24,0.120342363,0.136048242,0.128195303,0.024660555,1,1
2/21/2023,Cheyenne,Black,4,24,0.139298355,0.15228558,0.145791967,0.022741554,1,1
2/21/2023,Cheyenne,White,4,24,0.131093938,0.185076598,0.158085268,0.006660482,1,1
2/22/2023,Cheyenne,Black,4,22.75,0.115819179,0.151114598,0.133466888,0.01927505,1,0
2/22/2023,Cheyenne,White,4,24,0.12044289,0.182255253,0.151349071,0.013645261,1,1
2/23/2023,Cheyenne,Black,4,21.75,0.11150834,0.116312996,0.113910668,0.021263856,1,0
2/23/2023,Cheyenne,White,4,24,0.11515644,0.120000903,0.117578671,0.006836813,1,1
2/24/2023,Cheyenne,Black,4,24,0.111537946,0.118788911,0.115163429,0.018601482,1,1
2/24/2023,Cheyenne,White,4,24,0.107698413,0.123004632,0.115351522,0.010581208,1,1
2/25/2023,Cheyenne,Black,4,24,0.114709258,0.163468553,0.139088905,0.031140834,1,1
2/25/2023,Cheyenne,White,4,24,0.118881337,0.138489164,0.128685251,0.004758712,1,1
2/26/2023,Cheyenne,Black,4,24,0.153128382,0.176429614,0.164778998,0.066700212,1,1
2/26/2023,Cheyenne,White,4,24,0.130985677,0.152079053,0.141532365,0.007317789,1,1
2/27/2023,Cheyenne,Black,4,24,0.160518542,0.178741278,0.16962991,0.069922129,1,1
2/27/2023,Cheyenne,White,4,24,0.149482377,0.16253867,0.156010523,0.020284215,1,1
2/28/2023,Cheyenne,Black,4,24,0.158630578,0.178407278,0.168518928,0.058765543,1,1
2/28/2023,Cheyenne,White,4,24,0.145412181,0.163248457,0.154330319,0.015929066,1,1
3/1/2023,Cheyenne,Black,4,24,0.138640607,0.166247224,0.152443916,0.037586548,1,1
3/1/2023,Cheyenne,White,4,24,0.126796778,0.142657578,0.134727178,0.005569176,1,1
3/2/2023,Cheyenne,Black,4,24,0.122299921,0.151321743,0.136810832,0.017597808,1,1
3/2/2023,Cheyenne,White,4,24,0.12491842,0.14586949,0.135393955,0.004883992,1,1
3/3/2023,Cheyenne,Black,4,24,0.145954886,0.157850679,0.151902783,0.024565794,1,1
3/3/2023,Cheyenne,White,4,24,0.136633459,0.148624834,0.142629147,0.006415829,1,1
3/4/2023,Cheyenne,Black,4,24,0.12392647,0.155000091,0.13946328,0.015880999,1,1
3/4/2023,Cheyenne,White,4,24,0.129329048,0.14745602,0.138392534,0.005854195,1,1
3/5/2023,Cheyenne,Black,4,24,0.123966835,0.151744038,0.137855437,0.014974817,1,1
3/5/2023,Cheyenne,White,4,24,0.129219618,0.148197357,0.138708487,0.005765667,1,1
3/6/2023,Cheyenne,Black,4,24,0.145585321,0.176178694,0.160882007,0.010232644,1,1
3/6/2023,Cheyenne,White,4,24,0.134890314,0.150728509,0.142809412,0.006984232,1,1
3/7/2023,Cheyenne,Black,4,24,0.160154205,0.173607282,0.166880744,0.011534491,1,1
3/7/2023,Cheyenne,White,4,24,0.138670787,0.149672318,0.144171553,0.00776519,1,1
3/8/2023,Cheyenne,Black,4,24,0.16057457,0.168501686,0.164538128,0.0111056,1,1
3/8/2023,Cheyenne,White,4,24,0.138565056,0.147968434,0.143266745,0.008098328,1,1
3/9/2023,Cheyenne,Black,4,24,0.137283852,0.173998989,0.155641421,0.012674596,1,1
3/9/2023,Cheyenne,White,4,24,0.13370185,0.152711447,0.143206649,0.006910252,1,1
3/10/2023,Cheyenne,Black,4,24,0.162491042,0.19883753,0.180664286,0.021496521,1,1
3/10/2023,Cheyenne,White,4,24,0.141133685,0.164800242,0.152966963,0.010605788,1,1
3/11/2023,Cheyenne,Black,4,24,0.191221315,0.211645383,0.201433349,0.028219005,1,1
3/11/2023,Cheyenne,White,4,24,0.157597095,0.200667422,0.179132259,0.023038444,1,1
3/12/2023,Cheyenne,Black,4,24,0.171245832,0.201732002,0.186488917,0.028439118,1,1
3/12/2023,Cheyenne,White,4,24,0.144608598,0.190631319,0.167619959,0.022769345,1,1
3/13/2023,Cheyenne,Black,4,17,0.18441774,0.198147796,0.191282768,0.028470079,1,0
3/13/2023,Cheyenne,White,4,17,0.154721539,0.178912006,0.166816773,0.013258264,1,0
3/14/2023,Cheyenne,Black,4,15.75,0.154321905,0.1627464,0.158534152,0.072216929,1,0
3/14/2023,Cheyenne,White,4,19,0.167504065,0.239191122,0.203347594,0.016466,1,0
3/15/2023,Cheyenne,Black,3,21.66666667,0.189715604,0.195083236,0.19239942,0.035872217,1,0
3/15/2023,Cheyenne,White,4,20.5,0.220325883,0.244238377,0.23228213,0.00769653,1,0
3/16/2023,Cheyenne,Black,2,24,0.168901376,0.17863062,0.173765998,0.044592414,0,1
3/16/2023,Cheyenne,White,2,24,0.177169919,0.224516973,0.200843446,0.002160532,0,1
3/17/2023,Cheyenne,Black,2,24,0.122252107,0.170388885,0.146320496,0.045454454,0,1
3/17/2023,Cheyenne,White,2,24,0.1185265,0.170642756,0.144584628,0.004242473,0,1
3/18/2023,Cheyenne,Black,2,24,0.107802726,0.168060429,0.137931578,0.044449405,0,1
3/18/2023,Cheyenne,White,2,24,0.11125708,0.137600705,0.124428893,0.020527657,0,1
3/19/2023,Cheyenne,Black,3,18.66666667,0.113047247,0.177318727,0.145182987,0.036623117,1,0
3/19/2023,Cheyenne,White,4,16,0.110962646,0.165231626,0.138097136,0.026198788,1,0
3/20/2023,Cheyenne,Black,3,16.33333333,0.170538731,0.174804861,0.172671796,0.041354387,1,0
3/20/2023,Cheyenne,White,4,12.5,0.161077021,0.191798799,0.17643791,0.035200064,1,0
3/21/2023,Cheyenne,Black,2,24,0.160090152,0.164557382,0.162323767,0.051168105,0,1
3/21/2023,Cheyenne,White,2,24,0.176743634,0.206114635,0.191429134,0.019681077,0,1
3/22/2023,Cheyenne,Black,2,24,0.15830072,0.162769727,0.160535224,0.048022604,0,1
3/22/2023,Cheyenne,White,2,24,0.186700121,0.197649956,0.192175038,0.010760259,0,1
3/23/2023,Cheyenne,Black,2,24,0.162769727,0.180519953,0.17164484,0.047726296,0,1
3/23/2023,Cheyenne,White,2,24,0.187702738,0.222711563,0.20520715,0.006924132,0,1
3/24/2023,Cheyenne,Black,3,20.66666667,0.178101122,0.189567218,0.18383417,0.04070333,1,0
3/24/2023,Cheyenne,White,4,19,0.205769055,0.230435893,0.218102474,0.015732011,1,0
3/25/2023,Cheyenne,Black,3,24,0.17373685,0.183779861,0.178758355,0.041315528,1,1
3/25/2023,Cheyenne,White,4,24,0.193615824,0.223401643,0.208508734,0.019717904,1,1
3/26/2023,Cheyenne,Black,3,24,0.144587785,0.177795301,0.161191543,0.045470881,1,1
3/26/2023,Cheyenne,White,4,24,0.130883303,0.195690636,0.163286969,0.020612311,1,1
3/27/2023,Cheyenne,Black,3,24,0.165724784,0.173550546,0.169637665,0.044933341,1,1
3/27/2023,Cheyenne,White,4,24,0.146399649,0.162371941,0.154385795,0.022837275,1,1
3/28/2023,Cheyenne,Black,3,24,0.123009558,0.171651937,0.147330747,0.046038739,1,1
3/28/2023,Cheyenne,White,4,24,0.123169398,0.167312622,0.14524101,0.021851019,1,1
3/29/2023,Cheyenne,Black,3,24,0.160194546,0.168015105,0.164104826,0.047066755,1,1
3/29/2023,Cheyenne,White,4,24,0.142114041,0.181104496,0.161609269,0.026960272,1,1
3/30/2023,Cheyenne,Black,3,24,0.160475932,0.170571926,0.165523929,0.048051933,1,1
3/30/2023,Cheyenne,White,4,24,0.156073131,0.219972018,0.188022574,0.021844589,1,1
3/31/2023,Cheyenne,Black,3,24,0.160788665,0.164858667,0.162823666,0.047071679,1,1
3/31/2023,Cheyenne,White,4,24,0.204909772,0.212893859,0.208901815,0.015844696,1,1
4/1/2023,Cheyenne,Black,3,24,0.157204501,0.163143456,0.160173979,0.047835428,1,1
4/1/2023,Cheyenne,White,4,24,0.191674028,0.207598399,0.199636213,0.018329941,1,1
4/2/2023,Cheyenne,Black,3,24,0.157640976,0.163096145,0.160368561,0.048012468,1,1
4/2/2023,Cheyenne,White,4,24,0.199433185,0.206367165,0.202900175,0.016612299,1,1
4/3/2023,Cheyenne,Black,3,24,0.155975568,0.158409004,0.157192286,0.047281317,1,1
4/3/2023,Cheyenne,White,4,24,0.196090791,0.19950984,0.197800316,0.016465797,1,1
4/4/2023,Cheyenne,Black,3,24,0.154633539,0.15709344,0.15586349,0.045219733,1,1
4/4/2023,Cheyenne,White,4,24,0.194832068,0.196667623,0.195749845,0.016487188,1,1
4/5/2023,Cheyenne,Black,3,24,0.156217481,0.158701787,0.157459634,0.041372066,1,1
4/5/2023,Cheyenne,White,4,24,0.186761528,0.19559475,0.191178139,0.017851247,1,1
4/6/2023,Cheyenne,Black,3,24,0.156322415,0.162459952,0.159391183,0.039809252,1,1
4/6/2023,Cheyenne,White,4,24,0.172349583,0.198312603,0.185331093,0.021583626,1,1
4/7/2023,Cheyenne,Black,3,24,0.159087641,0.198158065,0.178622853,0.035309188,1,1
4/7/2023,Cheyenne,White,4,24,0.1738001,0.238814816,0.206307458,0.021803162,1,1
4/8/2023,Cheyenne,Black,3,24,0.192465891,0.210941647,0.201703769,0.022866753,1,1
4/8/2023,Cheyenne,White,4,24,0.229714904,0.250038389,0.239876647,0.022907528,1,1
4/9/2023,Cheyenne,Black,3,24,0.188554888,0.204946652,0.19675077,0.029758308,1,1
4/9/2023,Cheyenne,White,4,24,0.230055284,0.242822006,0.236438645,0.021518463,1,1
4/10/2023,Cheyenne,Black,3,24,0.186229145,0.225214049,0.205721597,0.011069469,1,1
4/10/2023,Cheyenne,White,4,24,0.227605354,0.238527488,0.233066421,0.020264768,1,1
4/11/2023,Cheyenne,Black,3,24,0.210943555,0.220192711,0.215568133,0.013837822,1,1
4/11/2023,Cheyenne,White,4,24,0.222160976,0.232083429,0.227122203,0.019290531,1,1
4/12/2023,Cheyenne,Black,3,24,0.20561857,0.21364972,0.209634145,0.013232704,1,1
4/12/2023,Cheyenne,White,4,24,0.216117274,0.224500831,0.220309053,0.018492945,1,1
4/13/2023,Cheyenne,Black,3,24,0.201253052,0.20649754,0.203875296,0.012291802,1,1
4/13/2023,Cheyenne,White,4,24,0.211251438,0.216840781,0.214046109,0.018350146,1,1
4/14/2023,Cheyenne,Black,3,24,0.195888544,0.204931309,0.200409926,0.014612715,1,1
4/14/2023,Cheyenne,White,4,24,0.206432823,0.219014507,0.212723665,0.018226111,1,1
4/15/2023,Cheyenne,Black,3,24,0.199315558,0.208448415,0.203881986,0.014143454,1,1
4/15/2023,Cheyenne,White,4,24,0.210806474,0.22059454,0.215700507,0.017579796,1,1
4/16/2023,Cheyenne,Black,3,24,0.19831875,0.209956716,0.204137733,0.013240803,1,1
4/16/2023,Cheyenne,White,4,24,0.208069529,0.22026008,0.214164805,0.016360493,1,1
4/17/2023,Cheyenne,Black,3,24,0.198579515,0.206760456,0.202669986,0.012386514,1,1
4/17/2023,Cheyenne,White,4,24,0.210127056,0.217719436,0.213923246,0.016146974,1,1
4/18/2023,Cheyenne,Black,3,24,0.196197321,0.202271457,0.199234389,0.010938432,1,1
4/18/2023,Cheyenne,White,4,24,0.20786443,0.215119176,0.211491803,0.017490104,1,1
4/19/2023,Cheyenne,Black,3,24,0.192473412,0.196452454,0.194462933,0.010959073,1,1
4/19/2023,Cheyenne,White,4,24,0.205428641,0.209850911,0.207639776,0.018031012,1,1
4/20/2023,Cheyenne,Black,3,24,0.189496522,0.195161839,0.192329181,0.011588854,1,1
4/20/2023,Cheyenne,White,4,24,0.199136902,0.207555059,0.20334598,0.016938412,1,1
4/21/2023,Cheyenne,Black,3,24,0.188858082,0.194665993,0.191762038,0.010833556,1,1
4/21/2023,Cheyenne,White,4,24,0.198855259,0.206977319,0.202916289,0.017209405,1,1
4/22/2023,Cheyenne,Black,3,24,0.190258746,0.198577275,0.194418011,0.012587932,1,1
4/22/2023,Cheyenne,White,4,24,0.202969011,0.212236866,0.207602939,0.018565806,1,1
4/23/2023,Cheyenne,Black,3,24,0.190907513,0.201520378,0.196213946,0.011589552,1,1
4/23/2023,Cheyenne,White,4,24,0.203181256,0.213648252,0.208414754,0.017669291,1,1
4/24/2023,Cheyenne,Black,3,24,0.19195422,0.20280462,0.19737942,0.010359102,1,1
4/24/2023,Cheyenne,White,4,24,0.205248527,0.214934815,0.210091671,0.017594416,1,1
4/25/2023,Cheyenne,Black,3,24,0.191703225,0.25407962,0.222891423,0.003523306,1,1
4/25/2023,Cheyenne,White,4,24,0.206081942,0.295331344,0.250706643,0.024246804,1,1
4/26/2023,Cheyenne,Black,3,24,0.243576095,0.255262439,0.249419267,0.008260218,1,1
4/26/2023,Cheyenne,White,4,24,0.280093621,0.296815567,0.288454594,0.033230793,1,1
4/27/2023,Cheyenne,Black,3,24,0.236103177,0.243328268,0.239715723,0.010929848,1,1
4/27/2023,Cheyenne,White,4,24,0.266519777,0.278878555,0.272699166,0.030841787,1,1
4/28/2023,Cheyenne,Black,3,24,0.231310397,0.238378833,0.234844615,0.01197999,1,1
4/28/2023,Cheyenne,White,4,24,0.256702174,0.268449035,0.262575604,0.026902887,1,1
4/29/2023,Cheyenne,Black,3,24,0.225668381,0.233995919,0.22983215,0.010738871,1,1
4/29/2023,Cheyenne,White,4,24,0.249343891,0.260041095,0.254692493,0.024397667,1,1
4/30/2023,Cheyenne,Black,3,24,0.220768308,0.23157,0.226169154,0.009732324,1,1
4/30/2023,Cheyenne,White,4,24,0.243476514,0.255126107,0.249301311,0.022225112,1,1
5/1/2023,Cheyenne,Black,3,24,0.216172546,0.226399352,0.221285949,0.00884193,1,1
5/1/2023,Cheyenne,White,4,24,0.237311907,0.249336053,0.24332398,0.019806269,1,1
5/2/2023,Cheyenne,Black,3,24,0.211778447,0.218986586,0.215382516,0.007601551,1,1
5/2/2023,Cheyenne,White,4,24,0.231766924,0.240995031,0.236380978,0.017849785,1,1
5/3/2023,Cheyenne,Black,3,24,0.208447685,0.217893774,0.21317073,0.007454265,1,1
5/3/2023,Cheyenne,White,4,24,0.227878828,0.238237079,0.233057953,0.018026624,1,1
5/4/2023,Cheyenne,Black,3,24,0.205590695,0.214490876,0.210040785,0.006868101,1,1
5/4/2023,Cheyenne,White,4,24,0.224755637,0.2357926,0.230274118,0.017312273,1,1
5/5/2023,Cheyenne,Black,3,24,0.208557591,0.218373795,0.213465693,0.008245611,1,1
5/5/2023,Cheyenne,White,4,24,0.232787598,0.249066427,0.240927013,0.017537374,1,1
5/6/2023,Cheyenne,Black,3,24,0.212633575,0.220426992,0.216530283,0.008177646,1,1
5/6/2023,Cheyenne,White,4,24,0.238611344,0.24757883,0.243095087,0.020934553,1,1
5/7/2023,Cheyenne,Black,3,24,0.209562019,0.216676116,0.213119067,0.007636646,1,1
5/7/2023,Cheyenne,White,4,24,0.233916845,0.241735965,0.237826405,0.018812232,1,1
5/8/2023,Cheyenne,Black,3,24,0.206211458,0.21485128,0.210531369,0.007316016,1,1
5/8/2023,Cheyenne,White,4,24,0.229217522,0.239082146,0.234149834,0.018035927,1,1
5/9/2023,Cheyenne,Black,3,24,0.204338883,0.35488836,0.279613622,0.030442122,1,1
5/9/2023,Cheyenne,White,4,24,0.226893626,0.361596853,0.294245239,0.023619949,1,1
5/10/2023,Cheyenne,Black,3,24,0.263032993,0.305492024,0.284262508,0.012467715,1,1
5/10/2023,Cheyenne,White,4,24,0.315237686,0.348274268,0.331755977,0.038198527,1,1
5/11/2023,Cheyenne,Black,3,24,0.261943688,0.311881155,0.286912421,0.007136984,1,1
5/11/2023,Cheyenne,White,4,23.75,0.251017695,0.351524785,0.30127124,0.065076058,1,0
5/12/2023,Cheyenne,Black,3,24,0.276875327,0.307013253,0.29194429,0.003606106,1,1
5/12/2023,Cheyenne,White,4,23,0.258272087,0.349394508,0.303833297,0.071232173,1,0
5/13/2023,Cheyenne,Black,3,24,0.25987639,0.276140273,0.268008331,0.009059739,1,1
5/13/2023,Cheyenne,White,4,24,0.307986684,0.328264244,0.318125464,0.027968282,1,1
5/14/2023,Cheyenne,Black,3,24,0.175803584,0.266389728,0.221096656,0.077049926,1,1
5/14/2023,Cheyenne,White,4,22.5,0.24318973,0.315189011,0.279189371,0.060158889,1,0
5/15/2023,Cheyenne,Black,3,24,0.257425174,0.268630932,0.263028053,0.011961603,1,1
5/15/2023,Cheyenne,White,4,24,0.2881466,0.316104934,0.302125767,0.026612455,1,1
5/16/2023,Cheyenne,Black,3,24,0.250365694,0.264942149,0.257653922,0.013185812,1,1
5/16/2023,Cheyenne,White,4,24,0.288312308,0.309827998,0.299070153,0.027155833,1,1
5/17/2023,Cheyenne,Black,3,24,0.247811774,0.256108602,0.251960188,0.013615372,1,1
5/17/2023,Cheyenne,White,4,24,0.283362456,0.295893028,0.289627742,0.028534222,1,1
5/18/2023,Cheyenne,Black,3,24,0.246024812,0.250170305,0.248097559,0.012448727,1,1
5/18/2023,Cheyenne,White,4,24,0.280970246,0.288392335,0.28468129,0.028071192,1,1
5/19/2023,Cheyenne,Black,3,24,0.242011935,0.253247956,0.247629945,0.014028015,1,1
5/19/2023,Cheyenne,White,4,24,0.2712496,0.290716603,0.280983102,0.026756211,1,1
5/20/2023,Cheyenne,Black,3,24,0.235936066,0.24846443,0.242200248,0.013498194,1,1
5/20/2023,Cheyenne,White,4,24,0.261004597,0.280921862,0.270963229,0.024480562,1,1
5/21/2023,Cheyenne,Black,3,24,0.229167789,0.242617289,0.235892539,0.012578507,1,1
5/21/2023,Cheyenne,White,4,24,0.248601541,0.269023463,0.258812502,0.020906441,1,1
5/22/2023,Cheyenne,Black,3,24,0.223819986,0.236638491,0.230229239,0.012918304,1,1
5/22/2023,Cheyenne,White,4,24,0.240332227,0.256892174,0.248612201,0.018168292,1,1
5/23/2023,Cheyenne,Black,3,24,0.220475773,0.233036975,0.226756374,0.012558335,1,1
5/23/2023,Cheyenne,White,4,24,0.235652704,0.248264395,0.241958549,0.017457734,1,1
5/24/2023,Cheyenne,Black,3,24,0.219146316,0.227286056,0.223216186,0.012323013,1,1
5/24/2023,Cheyenne,White,4,24,0.234860808,0.251786891,0.24332385,0.01531209,1,1
5/25/2023,Cheyenne,Black,3,24,0.222639466,0.235955616,0.229297541,0.012263872,1,1
5/25/2023,Cheyenne,White,4,24,0.242767867,0.259194274,0.25098107,0.017436615,1,1
5/26/2023,Cheyenne,Black,3,24,0.219763199,0.228948504,0.224355852,0.011781024,1,1
5/26/2023,Cheyenne,White,4,24,0.239780668,0.248693969,0.244237319,0.015057224,1,1
5/27/2023,Cheyenne,Black,3,24,0.217962598,0.229195098,0.223578848,0.011157202,1,1
5/27/2023,Cheyenne,White,4,24,0.238485072,0.248896852,0.243690962,0.014614675,1,1
5/28/2023,Cheyenne,Black,3,24,0.220508099,0.23167786,0.226092979,0.010577273,1,1
5/28/2023,Cheyenne,White,4,24,0.244446285,0.264809102,0.254627693,0.019153756,1,1
5/29/2023,Cheyenne,Black,3,24,0.224915196,0.23574242,0.230328808,0.011688303,1,1
5/29/2023,Cheyenne,White,4,24,0.250561204,0.265491962,0.258026583,0.021360697,1,1
5/30/2023,Cheyenne,Black,3,24,0.22011437,0.233641227,0.226877799,0.012022659,1,1
5/30/2023,Cheyenne,White,4,24,0.240742709,0.258761026,0.249751868,0.01958195,1,1
5/31/2023,Cheyenne,Black,3,24,0.215989555,0.229770169,0.222879862,0.0122115,1,1
5/31/2023,Cheyenne,White,4,24,0.23225994,0.245807391,0.239033666,0.01632612,1,1
6/1/2023,Cheyenne,Black,3,24,0.212704485,0.22132498,0.217014732,0.011737216,1,1
6/1/2023,Cheyenne,White,4,24,0.230015837,0.235857103,0.23293647,0.016065988,1,1
6/2/2023,Cheyenne,Black,3,24,0.211607978,0.222079113,0.216843545,0.010556505,1,1
6/2/2023,Cheyenne,White,4,24,0.23019452,0.247542419,0.238868469,0.01874135,1,1
6/3/2023,Cheyenne,Black,3,24,0.215058794,0.225796262,0.220427528,0.009444573,1,1
6/3/2023,Cheyenne,White,4,24,0.239606466,0.262497079,0.251051772,0.025762238,1,1
6/4/2023,Cheyenne,Black,3,24,0.222815787,0.234495327,0.228655557,0.009258068,1,1
6/4/2023,Cheyenne,White,4,24,0.25791429,0.271105111,0.2645097,0.030622834,1,1
6/5/2023,Cheyenne,Black,3,24,0.22578535,0.242625907,0.234205628,0.010711501,1,1
6/5/2023,Cheyenne,White,4,24,0.257802572,0.293242477,0.275522524,0.035969166,1,1
6/6/2023,Cheyenne,Black,3,24,0.237021888,0.313937455,0.275479672,0.025364131,1,1
6/6/2023,Cheyenne,White,4,24,0.27801536,0.35059195,0.314303655,0.038546353,1,1
6/7/2023,Cheyenne,Black,3,24,0.268475294,0.347873668,0.308174481,0.02038974,1,1
6/7/2023,Cheyenne,White,4,24,0.320063509,0.364316978,0.342190243,0.032680612,1,1
6/8/2023,Cheyenne,Black,3,24,0.281767388,0.305327584,0.293547486,0.002233246,1,1
6/8/2023,Cheyenne,White,4,24,0.335982762,0.355294526,0.345638644,0.028773629,1,1
6/9/2023,Cheyenne,Black,3,24,0.276481638,0.35275647,0.314619054,0.013150522,1,1
6/9/2023,Cheyenne,White,4,24,0.331976183,0.36318101,0.347578596,0.027049993,1,1
6/10/2023,Cheyenne,Black,3,24,0.266542226,0.294347097,0.280444662,0.010691034,1,1
6/10/2023,Cheyenne,White,4,24,0.320759028,0.344290055,0.332524542,0.029436246,1,1
6/11/2023,Cheyenne,Black,3,24,0.259273748,0.272529989,0.265901869,0.016198989,1,1
6/11/2023,Cheyenne,White,4,24,0.309404574,0.323394693,0.316399634,0.03164346,1,1
6/12/2023,Cheyenne,Black,3,24,0.258084625,0.353710165,0.305897395,0.015026276,1,1
6/12/2023,Cheyenne,White,4,24,0.306855969,0.365647487,0.336251728,0.023564151,1,1
6/13/2023,Cheyenne,Black,3,24,0.276737183,0.301818242,0.289277713,0.010726579,1,1
6/13/2023,Cheyenne,White,4,24,0.328956328,0.349756651,0.339356489,0.026658541,1,1
6/14/2023,Cheyenne,Black,3,24,0.270299802,0.285231223,0.277765512,0.015619813,1,1
6/14/2023,Cheyenne,White,4,24,0.318447269,0.331505261,0.324976265,0.033668629,1,1
6/15/2023,Cheyenne,Black,3,24,0.25814561,0.275482833,0.266814222,0.019081214,1,1
6/15/2023,Cheyenne,White,4,24,0.232744563,0.322134264,0.277439414,0.06122294,1,1
6/16/2023,Cheyenne,Black,3,24,0.251827459,0.27189371,0.261860584,0.020690464,1,1
6/16/2023,Cheyenne,White,4,24,0.294742741,0.315611541,0.305177141,0.034898644,1,1
6/17/2023,Cheyenne,Black,3,24,0.254390677,0.265617763,0.26000422,0.019182595,1,1
6/17/2023,Cheyenne,White,4,24,0.293560088,0.307075694,0.300317891,0.03837148,1,1
6/18/2023,Cheyenne,Black,3,24,0.248423919,0.264328241,0.25637608,0.018776586,1,1
6/18/2023,Cheyenne,White,4,24,0.271269675,0.296979301,0.284124488,0.037951128,1,1
6/19/2023,Cheyenne,Black,3,24,0.241079797,0.257851914,0.249465855,0.018401178,1,1
6/19/2023,Cheyenne,White,4,24,0.238751784,0.273845844,0.256298814,0.035677058,1,1
6/20/2023,Cheyenne,Black,3,24,0.234191597,0.246669143,0.24043037,0.017690257,1,1
6/20/2023,Cheyenne,White,4,24,0.218596861,0.241470061,0.230033461,0.036517743,1,1
6/21/2023,Cheyenne,Black,3,24,0.227396602,0.239068841,0.233232722,0.017053935,1,1
6/21/2023,Cheyenne,White,4,24,0.20682336,0.221849341,0.214336351,0.039079197,1,1
6/22/2023,Cheyenne,Black,3,24,0.222090428,0.231057192,0.22657381,0.016164217,1,1
6/22/2023,Cheyenne,White,4,24,0.196010489,0.219853327,0.207931908,0.04895806,1,1
6/23/2023,Cheyenne,Black,3,24,0.231229067,0.243569583,0.237399325,0.015205043,1,1
6/23/2023,Cheyenne,White,4,24,0.214044571,0.243672449,0.22885851,0.040553311,1,1
6/24/2023,Cheyenne,Black,3,24,0.225649854,0.238993153,0.232321503,0.01586012,1,1
6/24/2023,Cheyenne,White,4,24,0.1924362,0.22268603,0.207561115,0.04393584,1,1
6/25/2023,Cheyenne,Black,3,24,0.220756069,0.235035911,0.22789599,0.016220783,1,1
6/25/2023,Cheyenne,White,4,24,0.179629233,0.19574311,0.187686171,0.048843294,1,1
6/26/2023,Cheyenne,Black,3,24,0.213752379,0.226506407,0.220129393,0.014764834,1,1
6/26/2023,Cheyenne,White,4,24,0.171938755,0.182220627,0.177079691,0.049431734,1,1
6/27/2023,Cheyenne,Black,3,24,0.206130271,0.219347169,0.21273872,0.013392069,1,1
6/27/2023,Cheyenne,White,4,24,0.164518081,0.174390979,0.16945453,0.049335274,1,1
6/28/2023,Cheyenne,Black,3,24,0.198736678,0.211063301,0.204899989,0.012392392,1,1
6/28/2023,Cheyenne,White,4,24,0.160495764,0.168373793,0.164434779,0.049041417,1,1
6/29/2023,Cheyenne,Black,3,24,0.193000187,0.222633084,0.207816636,0.013851671,1,1
6/29/2023,Cheyenne,White,4,24,0.159043258,0.241737369,0.200390314,0.062705992,1,1
6/30/2023,Cheyenne,Black,3,24,0.23919561,0.252817978,0.246006794,0.005360073,1,1
6/30/2023,Cheyenne,White,4,24,0.260506935,0.279067926,0.269787431,0.044477516,1,1
7/1/2023,Cheyenne,Black,3,24,0.236906563,0.252978777,0.24494267,0.011094992,1,1
7/1/2023,Cheyenne,White,4,24,0.240566097,0.270785298,0.255675698,0.041935307,1,1
7/2/2023,Cheyenne,Black,3,24,0.228359749,0.243516271,0.23593801,0.012437892,1,1
7/2/2023,Cheyenne,White,4,24,0.198864207,0.241789866,0.220327036,0.045048204,1,1
7/3/2023,Cheyenne,Black,3,24,0.224441856,0.238446782,0.231444319,0.010327977,1,1
7/3/2023,Cheyenne,White,4,24,0.181983672,0.215167064,0.198575368,0.057193733,1,1
7/4/2023,Cheyenne,Black,3,24,0.228648975,0.254964223,0.241806599,0.011992586,1,1
7/4/2023,Cheyenne,White,4,24,0.19257969,0.267730772,0.230155231,0.054997373,1,1
7/5/2023,Cheyenne,Black,3,24,0.215943654,0.255400995,0.235672325,0.024070562,1,1
7/5/2023,Cheyenne,White,4,24,0.19133442,0.272539191,0.231936806,0.059371962,1,1
7/6/2023,Cheyenne,Black,3,24,0.243460576,0.252766177,0.248113376,0.01044616,1,1
7/6/2023,Cheyenne,White,4,24,0.255447809,0.270717856,0.263082832,0.042196416,1,1
7/7/2023,Cheyenne,Black,3,24,0.238748789,0.250841399,0.244795094,0.011997241,1,1
7/7/2023,Cheyenne,White,4,24,0.238325126,0.259777751,0.249051439,0.046693523,1,1
7/8/2023,Cheyenne,Black,3,24,0.240334709,0.314863493,0.277599101,0.033266147,1,1
7/8/2023,Cheyenne,White,4,24,0.247341093,0.293479364,0.270410229,0.057910671,1,1
7/9/2023,Cheyenne,Black,3,24,0.253165523,0.283652912,0.268409217,0.01731711,1,1
7/9/2023,Cheyenne,White,4,24,0.262619846,0.289300717,0.275960281,0.050984404,1,1
7/10/2023,Cheyenne,Black,3,24,0.243182838,0.260603398,0.251893118,0.014750165,1,1
7/10/2023,Cheyenne,White,4,24,0.224253837,0.263843644,0.244048741,0.050041329,1,1
7/11/2023,Cheyenne,Black,3,24,0.232589245,0.250710299,0.241649772,0.014700816,1,1
7/11/2023,Cheyenne,White,4,24,0.181587528,0.225619871,0.2036037,0.051827537,1,1
7/12/2023,Cheyenne,Black,3,23.66666667,0.222745582,0.238367632,0.230556607,0.015242442,1,0
7/12/2023,Cheyenne,White,4,23.5,0.169492979,0.185408063,0.177450521,0.055061738,1,0
7/13/2023,Cheyenne,Black,2,9,0.212104365,0.216680348,0.214392357,0.012843399,0,0
7/13/2023,Cheyenne,White,2,9,0.127677664,0.129435979,0.128556821,0.005916843,0,0
