Date,Site,graveltrt,n_sensors,n_dailytimepoints,avgmindailyTemp_C,avgmaxdailyTemp_C,avg_Temp_C,sd_Temp_C.avg,threeormoresensors,alldailytimepoints,DailyTdiff,Possiblesnowcover_2degrees,Possiblesnowcover_1degree,Year,Month,quarter,Experimentyear,Frostheaveissue
9/30/2021,Sheep Station,Black,4,32,10.29999995,26.82500029,18.56250012,0.394493667,1,0,16.52500033,0,0,2021,Sep,Q3,Year1,NA
9/30/2021,Sheep Station,White,3,32,7.566666762,22.13333257,14.84999967,0.346410244,1,0,14.56666581,0,0,2021,Sep,Q3,Year1,NA
10/1/2021,Sheep Station,Black,4,96,5.325000048,27.4749999,16.39999998,0.437797273,1,1,22.14999986,0,0,2021,Oct,Q4,Year1,NA
10/1/2021,Sheep Station,White,3,96,3.866666635,21.56666692,12.71666678,0.160727755,1,1,17.70000029,0,0,2021,Oct,Q4,Year1,NA
10/2/2021,Sheep Station,Black,4,96,7.550000191,28.19999981,17.875,0.462781485,1,1,20.64999962,0,0,2021,Oct,Q4,Year1,NA
10/2/2021,Sheep Station,White,3,96,5.966666698,22.29999987,14.13333329,0.12583047,1,1,16.33333317,0,0,2021,Oct,Q4,Year1,NA
10/3/2021,Sheep Station,Black,4,96,5.949999928,27.79999971,16.87499982,0.436844554,1,1,21.84999979,0,0,2021,Oct,Q4,Year1,NA
10/3/2021,Sheep Station,White,3,96,4.133333365,21.96666718,13.05000027,0.180277656,1,1,17.83333381,0,0,2021,Oct,Q4,Year1,NA
10/4/2021,Sheep Station,Black,4,96,6.875,28.30000019,17.5875001,0.451617611,1,1,21.42500019,0,0,2021,Oct,Q4,Year1,NA
10/4/2021,Sheep Station,White,3,96,5.066666603,22.63333321,13.8499999,0.173205329,1,1,17.5666666,0,0,2021,Oct,Q4,Year1,NA
10/5/2021,Sheep Station,Black,4,96,7.299999952,26.95000029,17.12500012,0.483907728,1,1,19.65000033,0,0,2021,Oct,Q4,Year1,NA
10/5/2021,Sheep Station,White,3,96,5.466666698,21.76666641,13.61666656,0.225462378,1,1,16.29999971,0,0,2021,Oct,Q4,Year1,NA
10/6/2021,Sheep Station,Black,4,96,11.20000005,24.7249999,17.96249998,0.193110819,1,1,13.52499986,0,0,2021,Oct,Q4,Year1,NA
10/6/2021,Sheep Station,White,3,96,9.23333327,19.83333333,14.5333333,0.202072343,1,1,10.60000006,0,0,2021,Oct,Q4,Year1,NA
10/7/2021,Sheep Station,Black,4,96,9.849999905,15.75,12.79999995,0.158113883,1,1,5.900000095,0,0,2021,Oct,Q4,Year1,NA
10/7/2021,Sheep Station,White,3,96,8.76666673,13.33333333,11.05000003,0.100000143,1,1,4.566666603,0,0,2021,Oct,Q4,Year1,NA
10/8/2021,Sheep Station,Black,4,96,9.375,16.07500005,12.72500002,0.184842228,1,1,6.700000048,0,0,2021,Oct,Q4,Year1,NA
10/8/2021,Sheep Station,White,3,96,8.699999809,13.39999994,11.04999987,0.049999952,1,1,4.700000127,0,0,2021,Oct,Q4,Year1,NA
10/9/2021,Sheep Station,Black,4,96,8.024999857,17.375,12.69999993,0.168325016,1,1,9.350000143,0,0,2021,Oct,Q4,Year1,NA
10/9/2021,Sheep Station,White,3,96,7.566666603,14.0666666,10.8166666,0.076376423,1,1,6.5,0,0,2021,Oct,Q4,Year1,NA
10/10/2021,Sheep Station,Black,4,96,6.924999952,14.625,10.77499998,0.189296806,1,1,7.700000048,0,0,2021,Oct,Q4,Year1,NA
10/10/2021,Sheep Station,White,3,96,6.133333206,11.23333359,8.683333397,0.076376189,1,1,5.100000381,0,0,2021,Oct,Q4,Year1,NA
10/11/2021,Sheep Station,Black,4,96,2.274999976,7.625,4.949999988,0.367423506,1,1,5.350000024,0,0,2021,Oct,Q4,Year1,NA
10/11/2021,Sheep Station,White,3,96,1.899999976,6.666666508,4.283333242,0.028867486,1,1,4.766666532,0,0,2021,Oct,Q4,Year1,NA
10/12/2021,Sheep Station,Black,4,96,1.625,4.499999881,3.06249994,0.278013763,1,1,2.874999881,0,0,2021,Oct,Q4,Year1,NA
10/12/2021,Sheep Station,White,3,96,1.5,3.166666667,2.333333333,0.076376254,1,1,1.666666667,1,0,2021,Oct,Q4,Year1,NA
10/13/2021,Sheep Station,Black,4,96,1.699999988,6.125000119,3.912500054,0.2174665,1,1,4.425000131,0,0,2021,Oct,Q4,Year1,NA
10/13/2021,Sheep Station,White,3,96,1.600000024,4.26666673,2.933333377,0.028867624,1,1,2.666666706,0,0,2021,Oct,Q4,Year1,NA
10/14/2021,Sheep Station,Black,4,96,1.949999958,13.5250001,7.737500027,0.256173848,1,1,11.57500014,0,0,2021,Oct,Q4,Year1,NA
10/14/2021,Sheep Station,White,3,96,1.733333349,9.46666654,5.599999944,0.180277425,1,1,7.73333319,0,0,2021,Oct,Q4,Year1,NA
10/15/2021,Sheep Station,Black,4,96,1.275000006,15.62499976,8.449999884,0.141421376,1,1,14.34999976,0,0,2021,Oct,Q4,Year1,NA
10/15/2021,Sheep Station,White,3,96,0.933333337,10.36666679,5.650000066,0.132287428,1,1,9.433333457,0,0,2021,Oct,Q4,Year1,NA
10/16/2021,Sheep Station,Black,4,96,1.449999988,19.07500029,10.26250014,0.074999988,1,1,17.6250003,0,0,2021,Oct,Q4,Year1,NA
10/16/2021,Sheep Station,White,3,96,0.933333337,13.03333314,6.98333324,0.144337473,1,1,12.09999981,0,0,2021,Oct,Q4,Year1,NA
10/17/2021,Sheep Station,Black,4,96,2.424999952,18.72500038,10.57500017,0.049999873,1,1,16.30000043,0,0,2021,Oct,Q4,Year1,NA
10/17/2021,Sheep Station,White,3,96,1.700000008,13.99999968,7.849999845,0.17320507,1,1,12.29999967,0,0,2021,Oct,Q4,Year1,NA
10/18/2021,Sheep Station,Black,4,96,4.850000024,20.19999981,12.52499992,0.275378705,1,1,15.34999979,0,0,2021,Oct,Q4,Year1,NA
10/18/2021,Sheep Station,White,3,96,3.700000048,15.23333295,9.4666665,0.288675135,1,1,11.5333329,0,0,2021,Oct,Q4,Year1,NA
10/19/2021,Sheep Station,Black,4,96,6.575000048,17.19999981,11.88749993,0.075000048,1,1,10.62499976,0,0,2021,Oct,Q4,Year1,NA
10/19/2021,Sheep Station,White,3,96,5.033333302,14,9.516666651,0.202072402,1,1,8.966666698,0,0,2021,Oct,Q4,Year1,NA
10/20/2021,Sheep Station,Black,4,96,5.575000048,15.125,10.35000002,0.135400746,1,1,9.549999952,0,0,2021,Oct,Q4,Year1,NA
10/20/2021,Sheep Station,White,3,96,4.666666508,11.63333321,8.149999857,0.173205122,1,1,6.966666698,0,0,2021,Oct,Q4,Year1,NA
10/21/2021,Sheep Station,Black,4,96,4.700000048,19.0250001,11.86250007,0.110867836,1,1,14.32500005,0,0,2021,Oct,Q4,Year1,NA
10/21/2021,Sheep Station,White,3,96,3.799999952,14.70000013,9.25000004,0.22912867,1,1,10.90000017,0,0,2021,Oct,Q4,Year1,NA
10/22/2021,Sheep Station,Black,4,96,3.725000024,18.92500067,11.32500035,0.184842303,1,1,15.20000064,0,0,2021,Oct,Q4,Year1,NA
10/22/2021,Sheep Station,White,3,96,2.833333333,14.76666641,8.799999873,0.264575082,1,1,11.93333308,0,0,2021,Oct,Q4,Year1,NA
10/23/2021,Sheep Station,Black,4,96,5.950000048,13.52499986,9.737499952,0.110867782,1,1,7.574999809,0,0,2021,Oct,Q4,Year1,NA
10/23/2021,Sheep Station,White,3,96,4.800000032,10.76666673,7.783333381,0.125830564,1,1,5.966666698,0,0,2021,Oct,Q4,Year1,NA
10/24/2021,Sheep Station,Black,4,96,4.675000072,9.125,6.900000036,0.212132132,1,1,4.449999928,0,0,2021,Oct,Q4,Year1,NA
10/24/2021,Sheep Station,White,3,96,3.800000032,7.666666667,5.733333349,0.028867589,1,1,3.866666635,0,0,2021,Oct,Q4,Year1,NA
10/25/2021,Sheep Station,Black,4,96,6.125,8.125000119,7.12500006,0.155456284,1,1,2.000000119,0,0,2021,Oct,Q4,Year1,NA
10/25/2021,Sheep Station,White,3,96,5.933333397,7.699999968,6.816666683,0.057735041,1,1,1.766666571,1,0,2021,Oct,Q4,Year1,NA
10/26/2021,Sheep Station,Black,4,96,3.699999988,13.9000001,8.800000042,0.191485291,1,1,10.20000011,0,0,2021,Oct,Q4,Year1,NA
10/26/2021,Sheep Station,White,3,96,2.966666698,10.5,6.733333349,0.284311995,1,1,7.533333302,0,0,2021,Oct,Q4,Year1,NA
10/27/2021,Sheep Station,Black,4,96,2.800000012,15.14999986,8.974999934,0.104083287,1,1,12.34999985,0,0,2021,Oct,Q4,Year1,NA
10/27/2021,Sheep Station,White,3,96,2.400000095,10.89999994,6.650000016,0.149999857,1,1,8.499999841,0,0,2021,Oct,Q4,Year1,NA
10/28/2021,Sheep Station,Black,4,96,3,14.20000029,8.600000143,0.122474516,1,1,11.20000029,0,0,2021,Oct,Q4,Year1,NA
10/28/2021,Sheep Station,White,3,96,2.366666714,10.09999975,6.23333323,0.144337636,1,1,7.733333031,0,0,2021,Oct,Q4,Year1,NA
10/29/2021,Sheep Station,Black,4,96,5.974999905,16.07500005,11.02499998,0.184842378,1,1,10.10000014,0,0,2021,Oct,Q4,Year1,NA
10/29/2021,Sheep Station,White,3,96,4.76666673,12.03333314,8.399999936,0.180277524,1,1,7.266666412,0,0,2021,Oct,Q4,Year1,NA
10/30/2021,Sheep Station,Black,4,96,5.349999905,19.57499981,12.46249986,0.275000225,1,1,14.2249999,0,0,2021,Oct,Q4,Year1,NA
10/30/2021,Sheep Station,White,3,96,4.366666794,14.5666666,9.466666698,0.292973168,1,1,10.19999981,0,0,2021,Oct,Q4,Year1,NA
10/31/2021,Sheep Station,Black,4,96,3.050000012,10.54999995,6.799999982,0.108012426,1,1,7.49999994,0,0,2021,Oct,Q4,Year1,NA
10/31/2021,Sheep Station,White,3,96,2.566666603,8.266666571,5.416666587,0.144337498,1,1,5.699999968,0,0,2021,Oct,Q4,Year1,NA
11/1/2021,Sheep Station,Black,4,96,2.574999928,12.95000005,7.762499988,0.160077978,1,1,10.37500012,0,0,2021,Nov,Q4,Year1,NA
11/1/2021,Sheep Station,White,3,96,2.166666667,9.899999936,6.033333302,0.144337636,1,1,7.73333327,0,0,2021,Nov,Q4,Year1,NA
11/2/2021,Sheep Station,Black,4,96,5.899999976,13.25000024,9.575000107,0.155456387,1,1,7.350000262,0,0,2021,Nov,Q4,Year1,NA
11/2/2021,Sheep Station,White,3,96,5.133333206,10.43333308,7.783333143,0.152752508,1,1,5.299999873,0,0,2021,Nov,Q4,Year1,NA
11/3/2021,Sheep Station,Black,4,96,5.449999928,11.57500005,8.512499988,0.170171483,1,1,6.125000119,0,0,2021,Nov,Q4,Year1,NA
11/3/2021,Sheep Station,White,3,96,4.533333302,9.333333333,6.933333317,0.12583058,1,1,4.800000032,0,0,2021,Nov,Q4,Year1,NA
11/4/2021,Sheep Station,Black,4,96,3.175000012,16.10000038,9.637500197,0.085391425,1,1,12.92500037,0,0,2021,Nov,Q4,Year1,NA
11/4/2021,Sheep Station,White,3,96,2.766666651,11.96666686,7.366666754,0.175594186,1,1,9.200000207,0,0,2021,Nov,Q4,Year1,NA
11/5/2021,Sheep Station,Black,4,96,3.299999952,14.74999976,9.024999857,0.049999952,1,1,11.44999981,0,0,2021,Nov,Q4,Year1,NA
11/5/2021,Sheep Station,White,3,96,2.733333349,10.83333333,6.783333341,0.125830675,1,1,8.099999984,0,0,2021,Nov,Q4,Year1,NA
11/6/2021,Sheep Station,Black,4,96,2.600000024,9.650000095,6.12500006,0.155456412,1,1,7.050000072,0,0,2021,Nov,Q4,Year1,NA
11/6/2021,Sheep Station,White,3,96,2.066666603,7,4.533333302,0.057734972,1,1,4.933333397,0,0,2021,Nov,Q4,Year1,NA
11/7/2021,Sheep Station,Black,4,96,2.050000012,12.67500019,7.362500101,0.149303974,1,1,10.62500018,0,0,2021,Nov,Q4,Year1,NA
11/7/2021,Sheep Station,White,3,96,1.433333317,9.399999936,5.416666627,0.125830442,1,1,7.966666619,0,0,2021,Nov,Q4,Year1,NA
11/8/2021,Sheep Station,Black,4,96,-0.625,8.400000095,3.887500048,0.110867621,1,1,9.025000095,0,0,2021,Nov,Q4,Year1,NA
11/8/2021,Sheep Station,White,3,96,-0.533333346,2.899999936,1.183333295,0.104083309,1,1,3.433333283,0,0,2021,Nov,Q4,Year1,NA
11/9/2021,Sheep Station,Black,4,96,-0.150000004,1.450000018,0.650000007,0.177951296,1,1,1.600000022,1,0,2021,Nov,Q4,Year1,NA
11/9/2021,Sheep Station,White,3,96,-0.433333342,0.700000008,0.133333333,0.144337572,1,1,1.13333335,1,0,2021,Nov,Q4,Year1,NA
11/10/2021,Sheep Station,Black,4,96,0.650000006,9.600000143,5.125000075,0.253311322,1,1,8.950000137,0,0,2021,Nov,Q4,Year1,NA
11/10/2021,Sheep Station,White,3,96,0.366666675,3.966666698,2.166666687,0.057734998,1,1,3.600000024,0,0,2021,Nov,Q4,Year1,NA
11/11/2021,Sheep Station,Black,4,96,-0.125000002,7.125000119,3.500000059,0.204124181,1,1,7.250000121,0,0,2021,Nov,Q4,Year1,NA
11/11/2021,Sheep Station,White,3,96,-0.366666675,1.566666683,0.600000004,0.086602527,1,1,1.933333357,1,0,2021,Nov,Q4,Year1,NA
11/12/2021,Sheep Station,Black,4,96,0.500000007,5.649999976,3.074999992,0.175594187,1,1,5.149999969,0,0,2021,Nov,Q4,Year1,NA
11/12/2021,Sheep Station,White,3,96,0,2.333333413,1.166666706,0.125830586,1,1,2.333333413,0,0,2021,Nov,Q4,Year1,NA
11/13/2021,Sheep Station,Black,4,96,2.324999988,9.174999714,5.749999851,0.070710695,1,1,6.849999726,0,0,2021,Nov,Q4,Year1,NA
11/13/2021,Sheep Station,White,3,96,1.666666706,6.866666635,4.266666671,0.11547003,1,1,5.199999928,0,0,2021,Nov,Q4,Year1,NA
11/14/2021,Sheep Station,Black,4,96,2.724999964,8.674999714,5.699999839,0.081649726,1,1,5.94999975,0,0,2021,Nov,Q4,Year1,NA
11/14/2021,Sheep Station,White,3,96,1.733333349,6.866666635,4.299999992,0.086602527,1,1,5.133333286,0,0,2021,Nov,Q4,Year1,NA
11/15/2021,Sheep Station,Black,4,96,1.449999988,10.25,5.849999994,0.147195955,1,1,8.800000012,0,0,2021,Nov,Q4,Year1,NA
11/15/2021,Sheep Station,White,3,96,1.200000008,7.366666476,4.283333242,0.152752534,1,1,6.166666468,0,0,2021,Nov,Q4,Year1,NA
11/16/2021,Sheep Station,Black,4,96,0.525000008,8.600000143,4.562500075,0.188745875,1,1,8.075000135,0,0,2021,Nov,Q4,Year1,NA
11/16/2021,Sheep Station,White,3,96,0.166666667,6.300000191,3.233333429,0.076376261,1,1,6.133333524,0,0,2021,Nov,Q4,Year1,NA
11/17/2021,Sheep Station,Black,4,96,-2.524999976,3.149999976,0.3125,0.455292915,1,1,5.674999952,0,0,2021,Nov,Q4,Year1,NA
11/17/2021,Sheep Station,White,3,96,-2.699999968,1.033333361,-0.833333304,0.317542612,1,1,3.733333329,0,0,2021,Nov,Q4,Year1,NA
11/18/2021,Sheep Station,Black,4,96,-2.050000012,0.325000005,-0.862500004,0.047871361,1,1,2.375000017,0,0,2021,Nov,Q4,Year1,NA
11/18/2021,Sheep Station,White,4,80.25,-2.549999967,0.150000004,-1.199999982,0.521216505,1,0,2.699999971,0,0,2021,Nov,Q4,Year1,NA
11/19/2021,Sheep Station,Black,4,96,-0.075000001,0.350000005,0.137500002,0.125,1,1,0.425000006,1,1,2021,Nov,Q4,Year1,NA
11/19/2021,Sheep Station,White,4,96,-0.525000006,0.225000005,-0.15,0.187082871,1,1,0.750000011,1,1,2021,Nov,Q4,Year1,NA
11/20/2021,Sheep Station,Black,4,96,0.300000006,6.075000048,3.187500027,0.311916172,1,1,5.775000041,0,0,2021,Nov,Q4,Year1,NA
11/20/2021,Sheep Station,White,4,96,0.200000007,1.199999988,0.699999997,0.187082875,1,1,0.999999981,1,1,2021,Nov,Q4,Year1,NA
11/21/2021,Sheep Station,Black,4,96,0.600000009,3.400000036,2.000000022,0.17795131,1,1,2.800000027,0,0,2021,Nov,Q4,Year1,NA
11/21/2021,Sheep Station,White,4,96,0.175000001,0.500000004,0.337500002,0.228673711,1,1,0.325000003,1,1,2021,Nov,Q4,Year1,NA
11/22/2021,Sheep Station,Black,4,96,-0.025,8.125,4.05,0.158113857,1,1,8.15,0,0,2021,Nov,Q4,Year1,NA
11/22/2021,Sheep Station,White,4,96,-0.549999991,1.474999994,0.462500001,0.314576436,1,1,2.024999985,0,0,2021,Nov,Q4,Year1,NA
11/23/2021,Sheep Station,Black,4,96,-0.999999985,0.825000003,-0.087499991,0.131497779,1,1,1.824999988,1,0,2021,Nov,Q4,Year1,NA
11/23/2021,Sheep Station,White,4,96,-2.899999976,0.425000006,-1.237499985,0.256173761,1,1,3.324999982,0,0,2021,Nov,Q4,Year1,NA
11/24/2021,Sheep Station,Black,4,96,-0.425000012,3.849999964,1.712499976,0.246221472,1,1,4.274999976,0,0,2021,Nov,Q4,Year1,NA
11/24/2021,Sheep Station,White,4,96,-2.849999964,0.649999995,-1.099999985,0.308220693,1,1,3.499999959,0,0,2021,Nov,Q4,Year1,NA
11/25/2021,Sheep Station,Black,4,96,-0.30000001,0.999999985,0.349999988,0.070710673,1,1,1.299999995,1,0,2021,Nov,Q4,Year1,NA
11/25/2021,Sheep Station,White,4,96,-2.875,0.375000002,-1.249999999,0.234520771,1,1,3.250000002,0,0,2021,Nov,Q4,Year1,NA
11/26/2021,Sheep Station,Black,4,96,-0.600000001,1.599999994,0.499999996,0.081649678,1,1,2.199999996,0,0,2021,Nov,Q4,Year1,NA
11/26/2021,Sheep Station,White,4,96,-2.75,0.52500001,-1.112499995,0.165201926,1,1,3.27500001,0,0,2021,Nov,Q4,Year1,NA
11/27/2021,Sheep Station,Black,4,96,-0.524999999,5.824999928,2.649999965,0.040824808,1,1,6.349999927,0,0,2021,Nov,Q4,Year1,NA
11/27/2021,Sheep Station,White,4,96,-2.900000036,1.099999994,-0.900000021,0.270801279,1,1,4.00000003,0,0,2021,Nov,Q4,Year1,NA
11/28/2021,Sheep Station,Black,4,96,-0.025,9.799999952,4.887499976,0.188745816,1,1,9.824999953,0,0,2021,Nov,Q4,Year1,NA
11/28/2021,Sheep Station,White,4,96,-1.700000018,2.274999976,0.287499979,0.252899864,1,1,3.974999994,0,0,2021,Nov,Q4,Year1,NA
11/29/2021,Sheep Station,Black,4,96,-0.225000001,8.850000143,4.312500071,0.13149787,1,1,9.075000145,0,0,2021,Nov,Q4,Year1,NA
11/29/2021,Sheep Station,White,4,96,-1.700000018,2.325000048,0.312500015,0.327554096,1,1,4.025000066,0,0,2021,Nov,Q4,Year1,NA
11/30/2021,Sheep Station,Black,4,96,-0.075000003,1.349999994,0.637499996,0.179698822,1,1,1.424999997,1,0,2021,Nov,Q4,Year1,NA
11/30/2021,Sheep Station,White,4,96,-0.925000012,0.225000003,-0.350000004,0.212132045,1,1,1.150000015,1,0,2021,Nov,Q4,Year1,NA
12/1/2021,Sheep Station,Black,4,96,0.125000004,5.775000095,2.95000005,0.216024652,1,1,5.650000092,0,0,2021,Dec,Q4,Year1,NA
12/1/2021,Sheep Station,White,4,96,-1.049999982,0.924999997,-0.062499993,0.179698826,1,1,1.974999979,1,0,2021,Dec,Q4,Year1,NA
12/2/2021,Sheep Station,Black,4,96,0.425000012,9.299999952,4.862499982,0.317214446,1,1,8.87499994,0,0,2021,Dec,Q4,Year1,NA
12/2/2021,Sheep Station,White,4,96,-0.275000004,2.600000024,1.16250001,0.201556436,1,1,2.875000028,0,0,2021,Dec,Q4,Year1,NA
12/3/2021,Sheep Station,Black,4,96,0.100000003,5.900000095,3.000000049,0.18257416,1,1,5.800000092,0,0,2021,Dec,Q4,Year1,NA
12/3/2021,Sheep Station,White,4,96,-0.425000004,1.125,0.349999998,0.158113875,1,1,1.550000004,1,0,2021,Dec,Q4,Year1,NA
12/4/2021,Sheep Station,Black,4,96,0.400000013,6.5,3.450000007,0.158113862,1,1,6.099999987,0,0,2021,Dec,Q4,Year1,NA
12/4/2021,Sheep Station,White,4,96,-0.025,1.850000024,0.912500012,0.103077632,1,1,1.875000024,1,0,2021,Dec,Q4,Year1,NA
12/5/2021,Sheep Station,Black,4,96,-0.949999988,4.025000036,1.537500024,0.110867849,1,1,4.975000024,0,0,2021,Dec,Q4,Year1,NA
12/5/2021,Sheep Station,White,4,94,-1.5,1.174999997,-0.162500001,0.265753672,1,0,2.674999997,0,0,2021,Dec,Q4,Year1,NA
12/6/2021,Sheep Station,Black,4,96,-1.175000012,0.150000004,-0.512500004,0.143614079,1,1,1.325000016,1,0,2021,Dec,Q4,Year1,NA
12/6/2021,Sheep Station,White,4,95.75,-2.324999988,-0.150000004,-1.237499996,0.184277854,1,0,2.174999984,0,0,2021,Dec,Q4,Year1,NA
12/7/2021,Sheep Station,Black,4,96,-0.57500001,0.275000002,-0.150000004,0.129099452,1,1,0.850000013,1,1,2021,Dec,Q4,Year1,NA
12/7/2021,Sheep Station,White,4,96,-1.349999994,-0.025,-0.687499997,0.13768926,1,1,1.324999994,1,0,2021,Dec,Q4,Year1,NA
12/8/2021,Sheep Station,Black,4,96,-0.800000012,0.175000006,-0.312500003,0.118145386,1,1,0.975000018,1,1,2021,Dec,Q4,Year1,NA
12/8/2021,Sheep Station,White,4,96,-2.099999964,-0.050000003,-1.074999983,0.155456317,1,1,2.049999962,0,0,2021,Dec,Q4,Year1,NA
12/9/2021,Sheep Station,Black,4,96,-2.599999964,0.274999999,-1.162499983,0.075000033,1,1,2.874999963,0,0,2021,Dec,Q4,Year1,NA
12/9/2021,Sheep Station,White,4,96,-4.024999976,-0.200000001,-2.112499989,0.143614029,1,1,3.824999975,0,0,2021,Dec,Q4,Year1,NA
12/10/2021,Sheep Station,Black,4,96,-4.12499994,-0.125000004,-2.124999972,0.132287539,1,1,3.999999937,0,0,2021,Dec,Q4,Year1,NA
12/10/2021,Sheep Station,White,4,96,-5.399999976,-0.700000025,-3.050000001,0.147195942,1,1,4.699999951,0,0,2021,Dec,Q4,Year1,NA
12/11/2021,Sheep Station,Black,4,96,-4.350000024,-1.375,-2.862500012,0.205649394,1,1,2.975000024,0,0,2021,Dec,Q4,Year1,NA
12/11/2021,Sheep Station,White,4,96,-5.574999928,-2.024999976,-3.799999952,0.091287006,1,1,3.549999952,0,0,2021,Dec,Q4,Year1,NA
12/12/2021,Sheep Station,Black,4,96,-2.275000036,-0.650000006,-1.462500021,0.154784808,1,1,1.62500003,1,0,2021,Dec,Q4,Year1,NA
12/12/2021,Sheep Station,White,4,96,-2.775000036,-0.849999994,-1.812500015,0.103077631,1,1,1.925000042,1,0,2021,Dec,Q4,Year1,NA
12/13/2021,Sheep Station,Black,4,96,-1.050000012,-0.225000005,-0.637500009,0.110867801,1,1,0.825000007,1,1,2021,Dec,Q4,Year1,NA
12/13/2021,Sheep Station,White,4,96,-1.324999988,-0.350000009,-0.837499999,0.137689259,1,1,0.974999979,1,1,2021,Dec,Q4,Year1,NA
12/14/2021,Sheep Station,Black,4,96,-0.225000005,-0.050000001,-0.137500003,0.137689266,1,1,0.175000004,1,1,2021,Dec,Q4,Year1,NA
12/14/2021,Sheep Station,White,4,96,-0.375000011,-0.125000004,-0.250000007,0.158113889,1,1,0.250000007,1,1,2021,Dec,Q4,Year1,NA
12/15/2021,Sheep Station,Black,4,96,-0.100000001,-3.12E-17,-0.050000001,0.115470056,1,1,0.100000001,1,1,2021,Dec,Q4,Year1,NA
12/15/2021,Sheep Station,White,4,96,-0.250000004,-0.050000003,-0.150000003,0.195789005,1,1,0.200000001,1,1,2021,Dec,Q4,Year1,NA
12/16/2021,Sheep Station,Black,4,96,-0.200000007,-0.075000001,-0.137500004,0.131497786,1,1,0.125000006,1,1,2021,Dec,Q4,Year1,NA
12/16/2021,Sheep Station,White,4,96,-0.325000005,-0.200000005,-0.262500005,0.175000001,1,1,0.125,1,1,2021,Dec,Q4,Year1,NA
12/17/2021,Sheep Station,Black,4,96,-0.150000004,-0.050000001,-0.100000002,0.12247449,1,1,0.100000003,1,1,2021,Dec,Q4,Year1,NA
12/17/2021,Sheep Station,White,4,96,-0.300000003,-0.150000004,-0.225000003,0.15545632,1,1,0.149999999,1,1,2021,Dec,Q4,Year1,NA
12/18/2021,Sheep Station,Black,4,96,-0.225000005,-0.075000001,-0.150000003,0.147196017,1,1,0.150000004,1,1,2021,Dec,Q4,Year1,NA
12/18/2021,Sheep Station,White,4,96,-0.425000008,-0.275000002,-0.350000005,0.177951307,1,1,0.150000006,1,1,2021,Dec,Q4,Year1,NA
12/19/2021,Sheep Station,Black,4,96,-0.175000003,-0.075000001,-0.125000002,0.15545632,1,1,0.100000001,1,1,2021,Dec,Q4,Year1,NA
12/19/2021,Sheep Station,White,4,96,-0.425000008,-0.275000002,-0.350000005,0.177951307,1,1,0.150000006,1,1,2021,Dec,Q4,Year1,NA
12/20/2021,Sheep Station,Black,4,96,-0.125000004,0.025,-0.050000002,0.158113887,1,1,0.150000004,1,1,2021,Dec,Q4,Year1,NA
12/20/2021,Sheep Station,White,4,96,-0.350000003,-0.175000006,-0.262500005,0.170171484,1,1,0.174999997,1,1,2021,Dec,Q4,Year1,NA
12/21/2021,Sheep Station,Black,4,96,-0.175000003,-0.050000001,-0.112500002,0.149303943,1,1,0.125000002,1,1,2021,Dec,Q4,Year1,NA
12/21/2021,Sheep Station,White,4,96,-0.500000007,-0.250000006,-0.375000007,0.155456316,1,1,0.250000002,1,1,2021,Dec,Q4,Year1,NA
12/22/2021,Sheep Station,Black,4,96,-0.175000003,0.025,-0.075000001,0.15545632,1,1,0.200000003,1,1,2021,Dec,Q4,Year1,NA
12/22/2021,Sheep Station,White,4,96,-0.45000001,-0.175000006,-0.312500008,0.137689268,1,1,0.275000004,1,1,2021,Dec,Q4,Year1,NA
12/23/2021,Sheep Station,Black,4,96,0.025,0.125000004,0.075000002,0.150000004,1,1,0.100000003,1,1,2021,Dec,Q4,Year1,NA
12/23/2021,Sheep Station,White,4,96,-0.175000006,0,-0.087500003,0.165201901,1,1,0.175000006,1,1,2021,Dec,Q4,Year1,NA
12/24/2021,Sheep Station,Black,4,96,0.050000001,0.150000004,0.100000002,0.12247449,1,1,0.100000003,1,1,2021,Dec,Q4,Year1,NA
12/24/2021,Sheep Station,White,4,96,-0.025,0.075000001,0.025,0.15545632,1,1,0.100000001,1,1,2021,Dec,Q4,Year1,NA
12/25/2021,Sheep Station,Black,4,96,0.025,0.125000004,0.075000002,0.155456321,1,1,0.100000003,1,1,2021,Dec,Q4,Year1,NA
12/25/2021,Sheep Station,White,4,96,-0.200000003,0.025,-0.087500001,0.149303943,1,1,0.225000003,1,1,2021,Dec,Q4,Year1,NA
12/26/2021,Sheep Station,Black,4,96,0.025000002,0.125000004,0.075000003,0.170782519,1,1,0.100000001,1,1,2021,Dec,Q4,Year1,NA
12/26/2021,Sheep Station,White,4,96,-0.225000003,0,-0.112500002,0.110867791,1,1,0.225000003,1,1,2021,Dec,Q4,Year1,NA
12/27/2021,Sheep Station,Black,4,96,-0.075000003,0.050000003,-0.0125,0.188745867,1,1,0.125000006,1,1,2021,Dec,Q4,Year1,NA
12/27/2021,Sheep Station,White,4,96,-0.475000005,-0.200000003,-0.337500004,0.242813371,1,1,0.275000002,1,1,2021,Dec,Q4,Year1,NA
12/28/2021,Sheep Station,Black,4,96,-0.449999996,-0.075000003,-0.262499999,0.262599187,1,1,0.374999993,1,1,2021,Dec,Q4,Year1,NA
12/28/2021,Sheep Station,White,4,96,-1.000000022,-0.450000003,-0.725000013,0.466368964,1,1,0.550000019,1,1,2021,Dec,Q4,Year1,NA
12/29/2021,Sheep Station,Black,4,96,-0.649999995,-0.400000013,-0.525000004,0.306865876,1,1,0.249999981,1,1,2021,Dec,Q4,Year1,NA
12/29/2021,Sheep Station,White,4,96,-1.149999991,-0.725000001,-0.937499996,0.476751152,1,1,0.42499999,1,1,2021,Dec,Q4,Year1,NA
12/30/2021,Sheep Station,Black,4,96,-0.575000007,-0.350000001,-0.462500004,0.246221447,1,1,0.225000005,1,1,2021,Dec,Q4,Year1,NA
12/30/2021,Sheep Station,White,4,96,-0.899999991,-0.574999996,-0.737499993,0.332603355,1,1,0.324999996,1,1,2021,Dec,Q4,Year1,NA
12/31/2021,Sheep Station,Black,4,96,-0.425000006,-0.225000007,-0.325000007,0.221735584,1,1,0.199999999,1,1,2021,Dec,Q4,Year1,NA
12/31/2021,Sheep Station,White,4,85,-0.650000013,-0.449999996,-0.550000004,0.324037034,1,0,0.200000018,1,1,2021,Dec,Q4,Year1,NA
1/1/2022,Sheep Station,Black,4,96,-0.874999978,-0.300000004,-0.587499991,0.289755634,1,1,0.574999973,1,1,2022,Jan,Q1,Year1,NA
1/1/2022,Sheep Station,White,3,96,-1.49999996,-0.533333346,-1.016666653,0.763762596,1,1,0.966666614,1,1,2022,Jan,Q1,Year1,NA
1/2/2022,Sheep Station,Black,4,96,-1.100000024,-0.874999978,-0.987500001,0.388104356,1,1,0.225000046,1,1,2022,Jan,Q1,Year1,NA
1/2/2022,Sheep Station,White,3,96,-1.666666667,-1.433333357,-1.550000012,1.050000012,1,1,0.233333309,1,1,2022,Jan,Q1,Year1,NA
1/3/2022,Sheep Station,Black,4,96,-1.399999991,-1.075000018,-1.237500004,0.451617461,1,1,0.324999973,1,1,2022,Jan,Q1,Year1,NA
1/3/2022,Sheep Station,White,4,83.5,-2.174999982,-1.75000003,-1.962500006,1.052279275,1,0,0.424999952,1,1,2022,Jan,Q1,Year1,NA
1/4/2022,Sheep Station,Black,4,96,-1.250000015,-0.900000021,-1.075000018,0.3662877,1,1,0.349999994,1,1,2022,Jan,Q1,Year1,NA
1/4/2022,Sheep Station,White,4,95,-1.800000042,-1.399999976,-1.600000009,0.790569409,1,0,0.400000066,1,1,2022,Jan,Q1,Year1,NA
1/5/2022,Sheep Station,Black,4,96,-0.949999988,-0.650000006,-0.799999997,0.302765024,1,1,0.299999982,1,1,2022,Jan,Q1,Year1,NA
1/5/2022,Sheep Station,White,4,96,-1.399999976,-0.950000018,-1.174999997,0.600694032,1,1,0.449999958,1,1,2022,Jan,Q1,Year1,NA
1/6/2022,Sheep Station,Black,4,96,-0.675000012,-0.400000015,-0.537500014,0.268871099,1,1,0.274999997,1,1,2022,Jan,Q1,Year1,NA
1/6/2022,Sheep Station,White,4,96,-1.025000021,-0.65000001,-0.837500015,0.462556312,1,1,0.375000011,1,1,2022,Jan,Q1,Year1,NA
1/7/2022,Sheep Station,Black,4,96,-0.425000016,-0.150000006,-0.287500011,0.197378663,1,1,0.27500001,1,1,2022,Jan,Q1,Year1,NA
1/7/2022,Sheep Station,White,4,96,-0.65000001,-0.275000004,-0.462500007,0.278013794,1,1,0.375000006,1,1,2022,Jan,Q1,Year1,NA
1/8/2022,Sheep Station,Black,4,96,-0.500000009,-0.150000006,-0.325000008,0.239791583,1,1,0.350000003,1,1,2022,Jan,Q1,Year1,NA
1/8/2022,Sheep Station,White,4,96,-0.775,-0.30000001,-0.537500005,0.368272996,1,1,0.47499999,1,1,2022,Jan,Q1,Year1,NA
1/9/2022,Sheep Station,Black,4,96,-0.625000004,-0.400000008,-0.512500006,0.259406374,1,1,0.224999996,1,1,2022,Jan,Q1,Year1,NA
1/9/2022,Sheep Station,White,4,96,-0.950000007,-0.625000009,-0.787500008,0.517002593,1,1,0.324999997,1,1,2022,Jan,Q1,Year1,NA
1/10/2022,Sheep Station,Black,4,96,-1.074999988,-0.625000004,-0.849999996,0.355902598,1,1,0.449999984,1,1,2022,Jan,Q1,Year1,NA
1/10/2022,Sheep Station,White,4,96,-1.475000039,-0.950000007,-1.212500023,0.74091725,1,1,0.525000032,1,1,2022,Jan,Q1,Year1,NA
1/11/2022,Sheep Station,Black,4,96,-1.350000009,-1.024999976,-1.187499993,0.413067791,1,1,0.325000033,1,1,2022,Jan,Q1,Year1,NA
1/11/2022,Sheep Station,White,4,96,-1.824999988,-1.374999985,-1.599999987,0.883176081,1,1,0.450000003,1,1,2022,Jan,Q1,Year1,NA
1/12/2022,Sheep Station,Black,4,96,-1.249999985,-0.925000012,-1.087499999,0.342478721,1,1,0.324999973,1,1,2022,Jan,Q1,Year1,NA
1/12/2022,Sheep Station,White,4,96,-1.650000006,-1.275000006,-1.462500006,0.720387622,1,1,0.375,1,1,2022,Jan,Q1,Year1,NA
1/13/2022,Sheep Station,Black,4,96,-1.125,-0.724999994,-0.924999997,0.342782713,1,1,0.400000006,1,1,2022,Jan,Q1,Year1,NA
1/13/2022,Sheep Station,White,4,96,-1.425000012,-0.900000006,-1.162500009,0.585056982,1,1,0.525000006,1,1,2022,Jan,Q1,Year1,NA
1/14/2022,Sheep Station,Black,4,96,-1.125,-0.724999994,-0.924999997,0.342782713,1,1,0.400000006,1,1,2022,Jan,Q1,Year1,NA
1/14/2022,Sheep Station,White,4,96,-1.5,-1.000000015,-1.250000007,0.646786929,1,1,0.499999985,1,1,2022,Jan,Q1,Year1,NA
1/15/2022,Sheep Station,Black,4,96,-0.900000006,-0.650000006,-0.775000006,0.272335578,1,1,0.25,1,1,2022,Jan,Q1,Year1,NA
1/15/2022,Sheep Station,White,4,96,-1.124999985,-0.849999994,-0.98749999,0.521815715,1,1,0.274999991,1,1,2022,Jan,Q1,Year1,NA
1/16/2022,Sheep Station,Black,4,96,-0.875000007,-0.625000004,-0.750000006,0.318852109,1,1,0.250000004,1,1,2022,Jan,Q1,Year1,NA
1/16/2022,Sheep Station,White,4,96,-1.149999991,-0.799999982,-0.974999987,0.537742172,1,1,0.350000009,1,1,2022,Jan,Q1,Year1,NA
1/17/2022,Sheep Station,Black,4,96,-1.125,-0.675000012,-0.900000006,0.334165614,1,1,0.449999988,1,1,2022,Jan,Q1,Year1,NA
1/17/2022,Sheep Station,White,4,96,-1.425000012,-0.849999994,-1.137500003,0.561805125,1,1,0.575000018,1,1,2022,Jan,Q1,Year1,NA
1/18/2022,Sheep Station,Black,4,96,-1.074999988,-0.724999994,-0.899999991,0.318852086,1,1,0.349999994,1,1,2022,Jan,Q1,Year1,NA
1/18/2022,Sheep Station,White,4,96,-1.349999972,-0.900000006,-1.124999989,0.597913015,1,1,0.449999966,1,1,2022,Jan,Q1,Year1,NA
1/19/2022,Sheep Station,Black,4,96,-0.774999999,-0.52500001,-0.650000004,0.254950976,1,1,0.249999989,1,1,2022,Jan,Q1,Year1,NA
1/19/2022,Sheep Station,White,4,96,-1.000000015,-0.675000016,-0.837500015,0.455292953,1,1,0.324999999,1,1,2022,Jan,Q1,Year1,NA
1/20/2022,Sheep Station,Black,4,96,-0.699999988,-0.550000001,-0.624999994,0.272335569,1,1,0.149999987,1,1,2022,Jan,Q1,Year1,NA
1/20/2022,Sheep Station,White,4,96,-0.875000004,-0.725000013,-0.800000008,0.474341657,1,1,0.149999991,1,1,2022,Jan,Q1,Year1,NA
1/21/2022,Sheep Station,Black,4,96,-0.600000013,-0.450000005,-0.525000009,0.27233558,1,1,0.150000008,1,1,2022,Jan,Q1,Year1,NA
1/21/2022,Sheep Station,White,4,96,-0.774999995,-0.599999998,-0.687499996,0.390245638,1,1,0.174999997,1,1,2022,Jan,Q1,Year1,NA
1/22/2022,Sheep Station,Black,4,96,-0.550000001,-0.424999999,-0.4875,0.256173767,1,1,0.125000002,1,1,2022,Jan,Q1,Year1,NA
1/22/2022,Sheep Station,White,4,96,-0.725000013,-0.575000007,-0.65000001,0.36968456,1,1,0.150000006,1,1,2022,Jan,Q1,Year1,NA
1/23/2022,Sheep Station,Black,4,96,-0.699999988,-0.450000005,-0.574999996,0.272335569,1,1,0.249999983,1,1,2022,Jan,Q1,Year1,NA
1/23/2022,Sheep Station,White,4,96,-0.849999998,-0.65000001,-0.750000004,0.450924978,1,1,0.199999988,1,1,2022,Jan,Q1,Year1,NA
1/24/2022,Sheep Station,Black,4,96,-0.699999988,-0.475000011,-0.587499999,0.286865237,1,1,0.224999977,1,1,2022,Jan,Q1,Year1,NA
1/24/2022,Sheep Station,White,4,96,-0.899999995,-0.599999998,-0.749999996,0.433973884,1,1,0.299999997,1,1,2022,Jan,Q1,Year1,NA
1/25/2022,Sheep Station,Black,4,96,-0.700000003,-0.475000011,-0.587500007,0.306526234,1,1,0.224999992,1,1,2022,Jan,Q1,Year1,NA
1/25/2022,Sheep Station,White,4,96,-0.975000013,-0.625000004,-0.800000008,0.470814905,1,1,0.350000009,1,1,2022,Jan,Q1,Year1,NA
1/26/2022,Sheep Station,Black,4,96,-1.200000018,-0.75,-0.975000009,0.396862694,1,1,0.450000018,1,1,2022,Jan,Q1,Year1,NA
1/26/2022,Sheep Station,White,4,96,-1.650000036,-1.025000021,-1.337500028,0.657488925,1,1,0.625000015,1,1,2022,Jan,Q1,Year1,NA
1/27/2022,Sheep Station,Black,4,96,-1.599999994,-1.200000018,-1.400000006,0.508265034,1,1,0.399999976,1,1,2022,Jan,Q1,Year1,NA
1/27/2022,Sheep Station,White,4,96,-2.149999991,-1.675000012,-1.912500001,0.889170938,1,1,0.474999979,1,1,2022,Jan,Q1,Year1,NA
1/28/2022,Sheep Station,Black,4,96,-2,-1.575000018,-1.787500009,0.564764002,1,1,0.424999982,1,1,2022,Jan,Q1,Year1,NA
1/28/2022,Sheep Station,White,4,96,-2.549999952,-2.050000027,-2.29999999,0.989949475,1,1,0.499999925,1,1,2022,Jan,Q1,Year1,NA
1/29/2022,Sheep Station,Black,4,96,-2.074999988,-1.675000042,-1.875000015,0.563471397,1,1,0.399999946,1,1,2022,Jan,Q1,Year1,NA
1/29/2022,Sheep Station,White,4,96,-2.574999988,-2.075000048,-2.325000018,0.865544147,1,1,0.49999994,1,1,2022,Jan,Q1,Year1,NA
1/30/2022,Sheep Station,Black,4,96,-2.150000006,-1.775000006,-1.962500006,0.582201295,1,1,0.375,1,1,2022,Jan,Q1,Year1,NA
1/30/2022,Sheep Station,White,4,96,-2.674999952,-2.100000024,-2.387499988,0.873093158,1,1,0.574999928,1,1,2022,Jan,Q1,Year1,NA
1/31/2022,Sheep Station,Black,4,96,-2.074999988,-1.700000048,-1.887500018,0.545244603,1,1,0.37499994,1,1,2022,Jan,Q1,Year1,NA
1/31/2022,Sheep Station,White,4,96,-2.5,-2.074999988,-2.287499994,0.740917218,1,1,0.425000012,1,1,2022,Jan,Q1,Year1,NA
2/1/2022,Sheep Station,Black,4,96,-2.349999994,-1.849999994,-2.099999994,0.627162903,1,1,0.5,1,1,2022,Feb,Q1,Year1,NA
2/1/2022,Sheep Station,White,4,96,-2.849999994,-2.25,-2.549999997,0.911043345,1,1,0.599999994,1,1,2022,Feb,Q1,Year1,NA
2/2/2022,Sheep Station,Black,4,96,-2.200000018,-1.900000006,-2.050000012,0.567156683,1,1,0.300000012,1,1,2022,Feb,Q1,Year1,NA
2/2/2022,Sheep Station,White,4,96,-2.574999958,-2.225000024,-2.399999991,0.729154779,1,1,0.349999934,1,1,2022,Feb,Q1,Year1,NA
2/3/2022,Sheep Station,Black,4,96,-2.12500003,-1.650000036,-1.887500033,0.579331553,1,1,0.474999994,1,1,2022,Feb,Q1,Year1,NA
2/3/2022,Sheep Station,White,4,96,-2.49999997,-2.024999976,-2.262499973,0.643395958,1,1,0.474999994,1,1,2022,Feb,Q1,Year1,NA
2/4/2022,Sheep Station,Black,4,96,-1.974999964,-1.399999976,-1.68749997,0.566237563,1,1,0.574999988,1,1,2022,Feb,Q1,Year1,NA
2/4/2022,Sheep Station,White,4,96,-2.375,-1.650000006,-2.012500003,0.56623759,1,1,0.724999994,1,1,2022,Feb,Q1,Year1,NA
2/5/2022,Sheep Station,Black,4,96,-1.424999952,-0.950000003,-1.187499978,0.458938978,1,1,0.474999949,1,1,2022,Feb,Q1,Year1,NA
2/5/2022,Sheep Station,White,4,96,-1.625,-1.150000021,-1.38750001,0.342478706,1,1,0.474999979,1,1,2022,Feb,Q1,Year1,NA
2/6/2022,Sheep Station,Black,4,96,-1.174999997,-0.950000003,-1.0625,0.423034681,1,1,0.224999994,1,1,2022,Feb,Q1,Year1,NA
2/6/2022,Sheep Station,White,4,96,-1.374999985,-1.100000009,-1.237499997,0.356779568,1,1,0.274999976,1,1,2022,Feb,Q1,Year1,NA
2/7/2022,Sheep Station,Black,4,96,-1.025000006,-0.774999999,-0.900000002,0.38078864,1,1,0.250000007,1,1,2022,Feb,Q1,Year1,NA
2/7/2022,Sheep Station,White,4,96,-1.225000009,-0.924999997,-1.075000003,0.278388229,1,1,0.300000012,1,1,2022,Feb,Q1,Year1,NA
2/8/2022,Sheep Station,Black,4,96,-1.424999982,-0.924999997,-1.17499999,0.417332802,1,1,0.499999985,1,1,2022,Feb,Q1,Year1,NA
2/8/2022,Sheep Station,White,4,96,-1.724999964,-1.149999991,-1.437499978,0.502286429,1,1,0.574999973,1,1,2022,Feb,Q1,Year1,NA
2/9/2022,Sheep Station,Black,4,96,-1.224999979,-0.774999999,-0.999999989,0.410284427,1,1,0.449999981,1,1,2022,Feb,Q1,Year1,NA
2/9/2022,Sheep Station,White,4,96,-1.424999997,-0.875000015,-1.150000006,0.34156502,1,1,0.549999982,1,1,2022,Feb,Q1,Year1,NA
2/10/2022,Sheep Station,Black,4,96,-1.000000015,-0.650000006,-0.82500001,0.366287681,1,1,0.350000009,1,1,2022,Feb,Q1,Year1,NA
2/10/2022,Sheep Station,White,4,96,-1.200000003,-0.75,-0.975000001,0.259807617,1,1,0.450000003,1,1,2022,Feb,Q1,Year1,NA
2/11/2022,Sheep Station,Black,4,96,-0.700000018,-0.425000006,-0.562500012,0.317214442,1,1,0.275000012,1,1,2022,Feb,Q1,Year1,NA
2/11/2022,Sheep Station,White,4,96,-0.825000003,-0.475000009,-0.650000006,0.158113888,1,1,0.349999994,1,1,2022,Feb,Q1,Year1,NA
2/12/2022,Sheep Station,Black,4,96,-0.950000003,-0.500000004,-0.725000003,0.349999991,1,1,0.449999999,1,1,2022,Feb,Q1,Year1,NA
2/12/2022,Sheep Station,White,4,96,-1.125,-0.57500001,-0.850000005,0.285773799,1,1,0.54999999,1,1,2022,Feb,Q1,Year1,NA
2/13/2022,Sheep Station,Black,4,96,-1.200000003,-0.79999999,-0.999999996,0.414326759,1,1,0.400000013,1,1,2022,Feb,Q1,Year1,NA
2/13/2022,Sheep Station,White,4,96,-1.399999991,-0.900000021,-1.150000006,0.385140674,1,1,0.49999997,1,1,2022,Feb,Q1,Year1,NA
2/14/2022,Sheep Station,Black,4,96,-1.249999985,-0.650000006,-0.949999996,0.391577993,1,1,0.599999979,1,1,2022,Feb,Q1,Year1,NA
2/14/2022,Sheep Station,White,4,96,-1.450000003,-0.75,-1.100000001,0.302765026,1,1,0.700000003,1,1,2022,Feb,Q1,Year1,NA
2/15/2022,Sheep Station,Black,4,96,-0.675000012,-0.375000006,-0.525000009,0.327871932,1,1,0.300000006,1,1,2022,Feb,Q1,Year1,NA
2/15/2022,Sheep Station,White,4,96,-0.799999997,-0.375000007,-0.587500002,0.137689256,1,1,0.42499999,1,1,2022,Feb,Q1,Year1,NA
2/16/2022,Sheep Station,Black,4,96,-0.700000018,-0.425000006,-0.562500012,0.317214442,1,1,0.275000012,1,1,2022,Feb,Q1,Year1,NA
2/16/2022,Sheep Station,White,4,96,-0.799999997,-0.425000012,-0.612500004,0.201556449,1,1,0.374999985,1,1,2022,Feb,Q1,Year1,NA
2/17/2022,Sheep Station,Black,4,96,-0.975000009,-0.600000001,-0.787500005,0.370528898,1,1,0.375000007,1,1,2022,Feb,Q1,Year1,NA
2/17/2022,Sheep Station,White,4,96,-1.150000006,-0.650000006,-0.900000006,0.341565014,1,1,0.5,1,1,2022,Feb,Q1,Year1,NA
2/18/2022,Sheep Station,Black,4,96,-0.824999981,-0.474999998,-0.649999989,0.341565008,1,1,0.349999983,1,1,2022,Feb,Q1,Year1,NA
2/18/2022,Sheep Station,White,4,96,-0.924999982,-0.475000009,-0.699999996,0.227303021,1,1,0.449999973,1,1,2022,Feb,Q1,Year1,NA
2/19/2022,Sheep Station,Black,4,96,-0.625,-0.300000001,-0.4625,0.295451627,1,1,0.324999999,1,1,2022,Feb,Q1,Year1,NA
2/19/2022,Sheep Station,White,4,96,-0.650000006,-0.275000006,-0.462500006,0.174999994,1,1,0.375,1,1,2022,Feb,Q1,Year1,NA
2/20/2022,Sheep Station,Black,4,96,-0.82500001,-0.35,-0.587500005,0.303795442,1,1,0.475000011,1,1,2022,Feb,Q1,Year1,NA
2/20/2022,Sheep Station,White,4,96,-0.924999997,-0.375000007,-0.650000002,0.219848422,1,1,0.54999999,1,1,2022,Feb,Q1,Year1,NA
2/21/2022,Sheep Station,Black,4,96,-0.799999997,-0.400000004,-0.600000001,0.355902598,1,1,0.399999993,1,1,2022,Feb,Q1,Year1,NA
2/21/2022,Sheep Station,White,4,96,-0.899999991,-0.425000012,-0.662500001,0.256173765,1,1,0.474999979,1,1,2022,Feb,Q1,Year1,NA
2/22/2022,Sheep Station,Black,4,96,-2.850000024,-0.799999997,-1.82500001,1.135414761,1,1,2.050000027,0,0,2022,Feb,Q1,Year1,NA
2/22/2022,Sheep Station,White,4,96,-2.450000018,-0.899999991,-1.675000004,0.702969877,1,1,1.550000027,1,0,2022,Feb,Q1,Year1,NA
2/23/2022,Sheep Station,Black,4,96,-4.024999976,-2.725000054,-3.375000015,2.115616555,1,1,1.299999923,1,0,2022,Feb,Q1,Year1,NA
2/23/2022,Sheep Station,White,4,96,-3.49999997,-2.474999994,-2.987499982,1.241890345,1,1,1.024999976,1,0,2022,Feb,Q1,Year1,NA
2/24/2022,Sheep Station,Black,4,96,-3.325000018,-2.224999964,-2.774999991,1.247998422,1,1,1.100000054,1,0,2022,Feb,Q1,Year1,NA
2/24/2022,Sheep Station,White,4,96,-3.299999982,-2.25,-2.774999991,0.992051731,1,1,1.049999982,1,0,2022,Feb,Q1,Year1,NA
2/25/2022,Sheep Station,Black,4,96,-3.12499997,-2.224999964,-2.674999967,1.078965529,1,1,0.900000006,1,1,2022,Feb,Q1,Year1,NA
2/25/2022,Sheep Station,White,4,96,-3.12500003,-2.324999988,-2.725000009,0.945603879,1,1,0.800000042,1,1,2022,Feb,Q1,Year1,NA
2/26/2022,Sheep Station,Black,4,96,-2.350000024,-1.550000012,-1.950000018,0.742742695,1,1,0.800000012,1,1,2022,Feb,Q1,Year1,NA
2/26/2022,Sheep Station,White,4,95.75,-2.450000018,-1.625,-2.037500009,0.589314564,1,0,0.825000018,1,1,2022,Feb,Q1,Year1,NA
2/27/2022,Sheep Station,Black,4,96,-2.74999997,-1.850000024,-2.299999997,0.94956129,1,1,0.899999946,1,1,2022,Feb,Q1,Year1,NA
2/27/2022,Sheep Station,White,4,96,-2.699999988,-1.87499997,-2.287499979,0.768521296,1,1,0.825000018,1,1,2022,Feb,Q1,Year1,NA
2/28/2022,Sheep Station,Black,4,96,-2.474999964,-1.299999997,-1.887499981,0.712244081,1,1,1.174999967,1,0,2022,Feb,Q1,Year1,NA
2/28/2022,Sheep Station,White,4,96,-2.525000036,-1.324999988,-1.925000012,0.517204045,1,1,1.200000048,1,0,2022,Feb,Q1,Year1,NA
3/1/2022,Sheep Station,Black,4,96,-1.399999991,-0.150000004,-0.774999998,0.33788556,1,1,1.249999987,1,0,2022,Mar,Q1,Year1,NA
3/1/2022,Sheep Station,White,4,86.75,-1.424999982,-0.350000003,-0.887499993,0.259406373,1,0,1.074999979,1,0,2022,Mar,Q1,Year1,NA
3/2/2022,Sheep Station,Black,4,96,-0.175000004,0.100000001,-0.037500001,0.085391259,1,1,0.275000006,1,1,2022,Mar,Q1,Year1,NA
3/2/2022,Sheep Station,White,4,96,-0.350000003,0,-0.175000002,0.155456319,1,1,0.350000003,1,1,2022,Mar,Q1,Year1,NA
3/3/2022,Sheep Station,Black,4,96,0.100000001,0.225000007,0.162500004,0.085391259,1,1,0.125000006,1,1,2022,Mar,Q1,Year1,NA
3/3/2022,Sheep Station,White,4,96,0,0.200000005,0.100000002,0.195789006,1,1,0.200000005,1,1,2022,Mar,Q1,Year1,NA
3/4/2022,Sheep Station,Black,4,96,0.075000001,0.250000006,0.162500003,0.175000006,1,1,0.175000004,1,1,2022,Mar,Q1,Year1,NA
3/4/2022,Sheep Station,White,4,96,0.200000005,0.300000004,0.250000005,0.216024693,1,1,0.1,1,1,2022,Mar,Q1,Year1,NA
3/5/2022,Sheep Station,Black,4,96,-0.750000013,0.075000005,-0.337500004,0.822977334,1,1,0.825000018,1,1,2022,Mar,Q1,Year1,NA
3/5/2022,Sheep Station,White,4,95.75,-0.025,0.350000001,0.162500001,0.179698823,1,0,0.375000002,1,1,2022,Mar,Q1,Year1,NA
3/6/2022,Sheep Station,Black,4,96,-1.70000001,-0.175000004,-0.937500007,0.956011697,1,1,1.525000006,1,0,2022,Mar,Q1,Year1,NA
3/6/2022,Sheep Station,White,4,91.25,-0.950000003,0.150000006,-0.399999999,0.216024703,1,0,1.100000009,1,0,2022,Mar,Q1,Year1,NA
3/7/2022,Sheep Station,Black,4,96,-1.775000013,-0.424999997,-1.100000005,0.872735167,1,1,1.350000016,1,0,2022,Mar,Q1,Year1,NA
3/7/2022,Sheep Station,White,4,96,-1.674999982,-0.275000004,-0.974999993,0.45184805,1,1,1.399999978,1,0,2022,Mar,Q1,Year1,NA
3/8/2022,Sheep Station,Black,4,96,-3.525000036,-0.900000019,-2.212500027,1.526092548,1,1,2.625000017,0,0,2022,Mar,Q1,Year1,NA
3/8/2022,Sheep Station,White,4,89,-2.37500003,-0.375000011,-1.37500002,0.523609289,1,0,2.000000019,0,0,2022,Mar,Q1,Year1,NA
3/9/2022,Sheep Station,Black,4,96,-5.449999988,-2.449999988,-3.949999988,1.44683561,1,1,3,0,0,2022,Mar,Q1,Year1,NA
3/9/2022,Sheep Station,White,4,88.5,-4.649999976,-2.224999964,-3.43749997,1.311725958,1,0,2.425000012,0,0,2022,Mar,Q1,Year1,NA
3/10/2022,Sheep Station,Black,4,96,-5.099999964,-1.99999997,-3.549999967,1.399404588,1,1,3.099999994,0,0,2022,Mar,Q1,Year1,NA
3/10/2022,Sheep Station,White,4,88.5,-5.200000107,-2.199999988,-3.700000048,1.296148222,1,0,3.000000119,0,0,2022,Mar,Q1,Year1,NA
3/11/2022,Sheep Station,Black,4,96,-3.375,-1.025000021,-2.20000001,1.134313342,1,1,2.349999979,0,0,2022,Mar,Q1,Year1,NA
3/11/2022,Sheep Station,White,4,92,-3.574999988,-1.224999979,-2.399999984,1.088577014,1,0,2.350000009,0,0,2022,Mar,Q1,Year1,NA
3/12/2022,Sheep Station,Black,4,96,-1.650000021,-0.225000005,-0.937500013,0.699255556,1,1,1.425000016,1,0,2022,Mar,Q1,Year1,NA
3/12/2022,Sheep Station,White,4,94.5,-1.900000036,-0.325000003,-1.112500019,0.483692427,1,0,1.575000033,1,0,2022,Mar,Q1,Year1,NA
3/13/2022,Sheep Station,Black,4,96,-0.525000012,0.150000006,-0.187500003,0.507239269,1,1,0.675000018,1,1,2022,Mar,Q1,Year1,NA
3/13/2022,Sheep Station,White,4,96,-0.625000006,0.175000003,-0.225000001,0.309569603,1,1,0.800000008,1,1,2022,Mar,Q1,Year1,NA
3/14/2022,Sheep Station,Black,4,96,0.025,0.225000009,0.125000005,0.193649175,1,1,0.200000009,1,1,2022,Mar,Q1,Year1,NA
3/14/2022,Sheep Station,White,4,95.75,0.100000003,0.35,0.225000001,0.272335578,1,0,0.249999996,1,1,2022,Mar,Q1,Year1,NA
3/15/2022,Sheep Station,Black,4,96,0.100000003,0.550000004,0.325000004,0.330403793,1,1,0.450000001,1,1,2022,Mar,Q1,Year1,NA
3/15/2022,Sheep Station,White,4,93.75,0.175000004,0.375000007,0.275000006,0.23273734,1,0,0.200000003,1,1,2022,Mar,Q1,Year1,NA
3/16/2022,Sheep Station,Black,4,96,-0.074999999,1.275000008,0.600000004,0.602771385,1,1,1.350000007,1,0,2022,Mar,Q1,Year1,NA
3/16/2022,Sheep Station,White,4,88.25,0.175000004,0.925000006,0.550000005,0.504975246,1,0,0.750000002,1,1,2022,Mar,Q1,Year1,NA
3/17/2022,Sheep Station,Black,4,96,-0.150000002,4.375000097,2.112500047,2.517397857,1,1,4.525000099,0,0,2022,Mar,Q1,Year1,NA
3/17/2022,Sheep Station,White,4,94.25,0.049999997,1.049999991,0.549999994,0.433973869,1,0,0.999999994,1,1,2022,Mar,Q1,Year1,NA
3/18/2022,Sheep Station,Black,4,96,0.025,6.57500005,3.300000025,3.672192831,1,1,6.550000049,0,0,2022,Mar,Q1,Year1,NA
3/18/2022,Sheep Station,White,4,94.5,0.175000003,1.924999947,1.049999975,1.354621672,1,0,1.749999944,1,0,2022,Mar,Q1,Year1,NA
3/19/2022,Sheep Station,Black,4,96,0.175000004,5.699999943,2.937499974,2.616414509,1,1,5.524999939,0,0,2022,Mar,Q1,Year1,NA
3/19/2022,Sheep Station,White,4,88,0.175000004,2.774999965,1.474999985,1.651514409,1,0,2.599999961,0,0,2022,Mar,Q1,Year1,NA
3/20/2022,Sheep Station,Black,4,96,-0.449999997,9.424999923,4.487499963,3.353698152,1,1,9.87499992,0,0,2022,Mar,Q1,Year1,NA
3/20/2022,Sheep Station,White,4,96,-0.150000002,3.450000003,1.65,1.379009314,1,1,3.600000005,0,0,2022,Mar,Q1,Year1,NA
3/21/2022,Sheep Station,Black,4,96,-0.700000014,14.87499976,7.087499874,3.818894821,1,1,15.57499978,0,0,2022,Mar,Q1,Year1,NA
3/21/2022,Sheep Station,White,4,94,-0.749999985,4.525000051,1.887500033,1.328768226,1,0,5.275000036,0,0,2022,Mar,Q1,Year1,NA
3/22/2022,Sheep Station,Black,4,96,-0.200000003,20.375,10.0875,2.010130383,1,1,20.575,0,0,2022,Mar,Q1,Year1,NA
3/22/2022,Sheep Station,White,4,91,-0.275000012,10.625,5.174999994,1.727473997,1,0,10.90000001,0,0,2022,Mar,Q1,Year1,NA
3/23/2022,Sheep Station,Black,4,96,0.27500001,23.60000038,11.9375002,1.28735844,1,1,23.32500037,0,0,2022,Mar,Q1,Year1,NA
3/23/2022,Sheep Station,White,4,96,-0.200000001,15.45000029,7.625000142,1.201734851,1,1,15.65000029,0,0,2022,Mar,Q1,Year1,NA
3/24/2022,Sheep Station,Black,4,96,0.675000012,24.1500001,12.41250005,0.381608086,1,1,23.47500008,0,0,2022,Mar,Q1,Year1,NA
3/24/2022,Sheep Station,White,4,96,0.050000001,17.84999967,8.949999833,0.997496744,1,1,17.79999967,0,0,2022,Mar,Q1,Year1,NA
3/25/2022,Sheep Station,Black,4,96,1.125,23.7249999,12.42499995,0.730867031,1,1,22.5999999,0,0,2022,Mar,Q1,Year1,NA
3/25/2022,Sheep Station,White,4,96,0.300000006,18.17500019,9.237500099,0.567707239,1,1,17.87500018,0,0,2022,Mar,Q1,Year1,NA
3/26/2022,Sheep Station,Black,4,96,1.700000018,25.39999962,13.54999982,1.393436741,1,1,23.6999996,0,0,2022,Mar,Q1,Year1,NA
3/26/2022,Sheep Station,White,4,86.5,0.625000004,17.32500029,8.975000145,2.623452014,1,0,16.70000028,0,0,2022,Mar,Q1,Year1,NA
3/27/2022,Sheep Station,Black,4,96,3.175000012,23.67499971,13.42499986,0.861684261,1,1,20.4999997,0,0,2022,Mar,Q1,Year1,NA
3/27/2022,Sheep Station,White,3,96,1.700000028,20.53333346,11.11666674,0.602770962,1,1,18.83333343,0,0,2022,Mar,Q1,Year1,NA
3/28/2022,Sheep Station,Black,4,96,3.449999928,19.92500019,11.68750006,1.116821924,1,1,16.47500026,0,0,2022,Mar,Q1,Year1,NA
3/28/2022,Sheep Station,White,4,78.25,2.550000012,15.9749999,9.262499958,1.121289982,1,0,13.42499989,0,0,2022,Mar,Q1,Year1,NA
3/29/2022,Sheep Station,Black,4,96,1.275000028,21.79999971,11.53749987,1.047516661,1,1,20.52499969,0,0,2022,Mar,Q1,Year1,NA
3/29/2022,Sheep Station,White,4,86.75,0.599999994,16.74999976,8.674999878,0.455521495,1,0,16.14999977,0,0,2022,Mar,Q1,Year1,NA
3/30/2022,Sheep Station,Black,4,96,1.449999964,20.9000001,11.17500003,1.046024056,1,1,19.45000013,0,0,2022,Mar,Q1,Year1,NA
3/30/2022,Sheep Station,White,4,73,0.524999976,13.62500012,7.075000048,3.086664955,1,0,13.10000014,0,0,2022,Mar,Q1,Year1,NA
3/31/2022,Sheep Station,Black,4,96,0.175000012,19.70000005,9.93750003,0.852813917,1,1,19.52500004,0,0,2022,Mar,Q1,Year1,NA
3/31/2022,Sheep Station,White,4,74,-0.450000009,11.34999999,5.449999993,3.605782404,1,0,11.8,0,0,2022,Mar,Q1,Year1,NA
4/1/2022,Sheep Station,Black,4,96,-0.349999994,21.875,10.7625,0.44417503,1,1,22.22499999,0,0,2022,Apr,Q2,Year1,NA
4/1/2022,Sheep Station,White,3,96,-1.566666675,16.69999981,7.566666567,1.198262718,1,1,18.26666648,0,0,2022,Apr,Q2,Year1,NA
4/2/2022,Sheep Station,Black,4,96,-0.324999973,23,11.33750001,0.476751064,1,1,23.32499997,0,0,2022,Apr,Q2,Year1,NA
4/2/2022,Sheep Station,White,3,96,-0.866666645,17.73333295,8.433333154,0.160727526,1,1,18.5999996,0,0,2022,Apr,Q2,Year1,NA
4/3/2022,Sheep Station,Black,4,96,-0.225000007,18.67499971,9.224999853,2.697066235,1,1,18.89999972,0,0,2022,Apr,Q2,Year1,NA
4/3/2022,Sheep Station,White,3,96,-1.499999985,16.16666667,7.333333341,1.198262472,1,1,17.66666665,0,0,2022,Apr,Q2,Year1,NA
4/4/2022,Sheep Station,Black,4,96,-0.275000006,15.0999999,7.412499949,0.265753782,1,1,15.37499991,0,0,2022,Apr,Q2,Year1,NA
4/4/2022,Sheep Station,White,4,72.5,-1.024999991,9.024999902,3.999999955,3.20416394,1,0,10.04999989,0,0,2022,Apr,Q2,Year1,NA
4/5/2022,Sheep Station,Black,4,96,-2.275000013,20.0999999,8.912499946,1.368317177,1,1,22.37499992,0,0,2022,Apr,Q2,Year1,NA
4/5/2022,Sheep Station,White,4,73,-2.899999976,10.10000005,3.600000039,3.864151549,1,0,13.00000003,0,0,2022,Apr,Q2,Year1,NA
4/6/2022,Sheep Station,Black,4,96,-2.074999988,24.94999981,11.43749991,2.072588951,1,1,27.0249998,0,0,2022,Apr,Q2,Year1,NA
4/6/2022,Sheep Station,White,3,96,-4.033333421,18.30000051,7.133333544,1.963627749,1,1,22.33333393,0,0,2022,Apr,Q2,Year1,NA
4/7/2022,Sheep Station,Black,4,96,-0.4,27,13.3,0.915605659,1,1,27.4,0,0,2022,Apr,Q2,Year1,NA
4/7/2022,Sheep Station,White,3,96,-1.833333333,21.63333384,9.900000254,0.84113029,1,1,23.46666718,0,0,2022,Apr,Q2,Year1,NA
4/8/2022,Sheep Station,Black,4,96,1.400000021,24.875,13.13750001,0.653675773,1,1,23.47499998,0,0,2022,Apr,Q2,Year1,NA
4/8/2022,Sheep Station,White,3,96,-0.466666679,21.60000038,10.56666685,0.475219252,1,1,22.06666706,0,0,2022,Apr,Q2,Year1,NA
4/9/2022,Sheep Station,Black,4,96,0.274999976,18.47500014,9.37500006,3.709110529,1,1,18.20000017,0,0,2022,Apr,Q2,Year1,NA
4/9/2022,Sheep Station,White,3,96,-0.300000007,16,7.849999997,2.955080509,1,1,16.30000001,0,0,2022,Apr,Q2,Year1,NA
4/10/2022,Sheep Station,Black,4,96,-1.950000003,8.649999917,3.349999957,3.724916057,1,1,10.59999992,0,0,2022,Apr,Q2,Year1,NA
4/10/2022,Sheep Station,White,4,77,-2.675000012,5.874999959,1.599999974,2.455945157,1,0,8.549999971,0,0,2022,Apr,Q2,Year1,NA
4/11/2022,Sheep Station,Black,4,96,-0.74999997,2.274999946,0.762499988,0.958623101,1,1,3.024999917,0,0,2022,Apr,Q2,Year1,NA
4/11/2022,Sheep Station,White,4,85.25,-1.849999949,1.300000012,-0.274999969,1.343192691,1,0,3.149999961,0,0,2022,Apr,Q2,Year1,NA
4/12/2022,Sheep Station,Black,4,96,-0.974999994,3.424999952,1.224999979,0.464578661,1,1,4.399999946,0,0,2022,Apr,Q2,Year1,NA
4/12/2022,Sheep Station,White,4,96,-0.675000001,1.925000012,0.625000006,0.132287556,1,1,2.600000013,0,0,2022,Apr,Q2,Year1,NA
4/13/2022,Sheep Station,Black,4,96,-0.874999966,6.75000006,2.937500047,2.42809087,1,1,7.625000026,0,0,2022,Apr,Q2,Year1,NA
4/13/2022,Sheep Station,White,4,85,-0.974999998,2.150000006,0.587500004,0.793068977,1,0,3.125000004,0,0,2022,Apr,Q2,Year1,NA
4/14/2022,Sheep Station,Black,4,96,-0.075000003,12.27499986,6.099999927,2.607361348,1,1,12.34999986,0,0,2022,Apr,Q2,Year1,NA
4/14/2022,Sheep Station,White,3,96,-0.133333338,5.966666698,2.91666668,2.413676383,1,1,6.100000036,0,0,2022,Apr,Q2,Year1,NA
4/15/2022,Sheep Station,Black,4,96,0.225000005,16.10000014,8.162500074,0.278013851,1,1,15.87500014,0,0,2022,Apr,Q2,Year1,NA
4/15/2022,Sheep Station,White,4,73.25,-0.149999999,9.574999899,4.71249995,2.735682424,1,0,9.724999897,0,0,2022,Apr,Q2,Year1,NA
4/16/2022,Sheep Station,Black,4,96,0.124999993,18.62500024,9.375000115,1.309261987,1,1,18.50000025,0,0,2022,Apr,Q2,Year1,NA
4/16/2022,Sheep Station,White,4,73.75,-0.100000001,11.25,5.574999999,3.126366355,1,0,11.35,0,0,2022,Apr,Q2,Year1,NA
4/17/2022,Sheep Station,Black,4,96,-1.86E-09,22,11,0.694022021,1,1,22,0,0,2022,Apr,Q2,Year1,NA
4/17/2022,Sheep Station,White,3,96,-0.633333333,16.46666686,7.916666762,0.464578637,1,1,17.10000019,0,0,2022,Apr,Q2,Year1,NA
4/18/2022,Sheep Station,Black,4,96,2.049999982,19.2249999,10.63749994,0.920484433,1,1,17.17499992,0,0,2022,Apr,Q2,Year1,NA
4/18/2022,Sheep Station,White,4,72.25,1.775000028,13.99999988,7.887499955,1.262520478,1,0,12.22499985,0,0,2022,Apr,Q2,Year1,NA
4/19/2022,Sheep Station,Black,4,96,0.57500001,19.3499999,9.962499958,1.72064672,1,1,18.77499989,0,0,2022,Apr,Q2,Year1,NA
4/19/2022,Sheep Station,White,3,96,-0.133333325,14.96666622,7.416666448,0.911500448,1,1,15.09999955,0,0,2022,Apr,Q2,Year1,NA
4/20/2022,Sheep Station,Black,4,89,1.124999985,20.22500038,10.67500018,0.719374667,1,0,19.1000004,0,0,2022,Apr,Q2,Year1,NA
4/20/2022,Sheep Station,White,3,89,-0.233333309,16.96666654,8.366666615,0.831163559,1,0,17.19999985,0,0,2022,Apr,Q2,Year1,NA
4/21/2022,Sheep Station,Black,4,18,5.899999976,11.54999971,8.724999845,0.155456284,1,0,5.649999738,0,0,2022,Apr,Q2,Year1,NA
4/21/2022,Sheep Station,White,4,17,4.574999988,9.400000095,6.987500042,0.347310999,1,0,4.825000107,0,0,2022,Apr,Q2,Year1,NA
4/22/2022,Sheep Station,Black,4,96,3.550000012,12.125,7.837500006,0.170171667,1,1,8.574999988,0,0,2022,Apr,Q2,Year1,NA
4/22/2022,Sheep Station,White,4,96,2.775000036,9.775000095,6.275000066,0.26614532,1,1,7.00000006,0,0,2022,Apr,Q2,Year1,NA
4/23/2022,Sheep Station,Black,4,96,1.399999976,19.17499971,10.28749985,0.423034597,1,1,17.77499974,0,0,2022,Apr,Q2,Year1,NA
4/23/2022,Sheep Station,White,4,96,1.025000006,15.2249999,8.124999955,0.804673774,1,1,14.1999999,0,0,2022,Apr,Q2,Year1,NA
4/24/2022,Sheep Station,Black,4,96,0.525000021,25.20000029,12.86250015,0.495605523,1,1,24.67500027,0,0,2022,Apr,Q2,Year1,NA
4/24/2022,Sheep Station,White,4,96,-0.025000004,19.9749999,9.97499995,1.021028955,1,1,19.99999991,0,0,2022,Apr,Q2,Year1,NA
4/25/2022,Sheep Station,Black,4,96,0.524999999,23.17499971,11.84999986,0.336650076,1,1,22.64999972,0,0,2022,Apr,Q2,Year1,NA
4/25/2022,Sheep Station,White,4,96,-0.424999997,18.17499995,8.874999978,0.705336631,1,1,18.59999995,0,0,2022,Apr,Q2,Year1,NA
4/26/2022,Sheep Station,Black,4,96,3.474999964,16.92499995,10.19999996,0.227303109,1,1,13.44999999,0,0,2022,Apr,Q2,Year1,NA
4/26/2022,Sheep Station,White,4,96,1.950000018,14.75,8.350000009,0.691616412,1,1,12.79999998,0,0,2022,Apr,Q2,Year1,NA
4/27/2022,Sheep Station,Black,4,96,0.950000003,18.55000019,9.750000097,0.341565106,1,1,17.60000019,0,0,2022,Apr,Q2,Year1,NA
4/27/2022,Sheep Station,White,4,96,0.199999996,15.52499986,7.862499926,0.580767963,1,1,15.32499986,0,0,2022,Apr,Q2,Year1,NA
4/28/2022,Sheep Station,Black,4,96,1.99999994,15.39999986,8.699999899,0.195789181,1,1,13.39999992,0,0,2022,Apr,Q2,Year1,NA
4/28/2022,Sheep Station,White,4,96,1.450000018,12.6500001,7.050000057,0.724568878,1,1,11.20000008,0,0,2022,Apr,Q2,Year1,NA
4/29/2022,Sheep Station,Black,4,96,2.199999988,16.67499948,9.437499732,0.503942754,1,1,14.47499949,0,0,2022,Apr,Q2,Year1,NA
4/29/2022,Sheep Station,White,4,96,1.774999976,13.0250001,7.400000036,0.777817503,1,1,11.25000012,0,0,2022,Apr,Q2,Year1,NA
4/30/2022,Sheep Station,Black,4,96,0.750000007,22.92499971,11.83749986,0.381608352,1,1,22.17499971,0,0,2022,Apr,Q2,Year1,NA
4/30/2022,Sheep Station,White,4,96,0.150000021,17.15000033,8.650000177,0.807258933,1,1,17.00000031,0,0,2022,Apr,Q2,Year1,NA
5/1/2022,Sheep Station,Black,4,96,5.600000024,21.39999962,13.49999982,0.420317346,1,1,15.79999959,0,0,2022,May,Q2,Year1,NA
5/1/2022,Sheep Station,White,4,96,4.375000119,18.22499967,11.29999989,0.981495489,1,1,13.84999955,0,0,2022,May,Q2,Year1,NA
5/2/2022,Sheep Station,Black,4,96,2.549999952,18.19999981,10.37499988,0.322748772,1,1,15.64999986,0,0,2022,May,Q2,Year1,NA
5/2/2022,Sheep Station,White,4,96,1.424999988,15.3499999,8.387499946,0.625000062,1,1,13.92499992,0,0,2022,May,Q2,Year1,NA
5/3/2022,Sheep Station,Black,4,96,2.849999964,13.25,8.049999982,0.147196036,1,1,10.40000004,0,0,2022,May,Q2,Year1,NA
5/3/2022,Sheep Station,White,4,96,2.274999976,10.39999986,6.337499917,0.332603444,1,1,8.124999881,0,0,2022,May,Q2,Year1,NA
5/4/2022,Sheep Station,Black,4,96,3.600000024,29.19999981,16.39999992,0.496655647,1,1,25.59999979,0,0,2022,May,Q2,Year1,NA
5/4/2022,Sheep Station,White,4,96,2.875,22.69999981,12.7874999,1.370751096,1,1,19.82499981,0,0,2022,May,Q2,Year1,NA
5/5/2022,Sheep Station,Black,4,96,4,26.19999981,15.0999999,0.533853992,1,1,22.19999981,0,0,2022,May,Q2,Year1,NA
5/5/2022,Sheep Station,White,4,96,2.375,20.75000048,11.56250024,1.033098194,1,1,18.37500048,0,0,2022,May,Q2,Year1,NA
5/6/2022,Sheep Station,Black,4,96,4.700000048,25.6500001,15.17500007,0.366288082,1,1,20.95000005,0,0,2022,May,Q2,Year1,NA
5/6/2022,Sheep Station,White,4,96,3.425000012,21.27499962,12.34999982,0.922857863,1,1,17.84999961,0,0,2022,May,Q2,Year1,NA
5/7/2022,Sheep Station,Black,4,96,7.174999952,24.69999981,15.93749988,0.490535353,1,1,17.52499986,0,0,2022,May,Q2,Year1,NA
5/7/2022,Sheep Station,White,4,96,5.549999952,20.2249999,12.88749993,0.821963909,1,1,14.67499995,0,0,2022,May,Q2,Year1,NA
5/8/2022,Sheep Station,Black,4,96,3.975000024,19.5,11.73750001,0.314576103,1,1,15.52499998,0,0,2022,May,Q2,Year1,NA
5/8/2022,Sheep Station,White,4,96,2.674999982,15.67500019,9.175000086,0.695821073,1,1,13.00000021,0,0,2022,May,Q2,Year1,NA
5/9/2022,Sheep Station,Black,4,96,1.24999997,12.5250001,6.887500033,0.09464838,1,1,11.27500013,0,0,2022,May,Q2,Year1,NA
5/9/2022,Sheep Station,White,4,96,0.325000018,9.650000095,4.987500057,0.413067796,1,1,9.325000077,0,0,2022,May,Q2,Year1,NA
5/10/2022,Sheep Station,Black,4,96,-1.075000007,23.5999999,11.26249995,0.460751246,1,1,24.67499991,0,0,2022,May,Q2,Year1,NA
5/10/2022,Sheep Station,White,4,96,-1.924999982,18.17500019,8.125000104,1.125833133,1,1,20.10000017,0,0,2022,May,Q2,Year1,NA
5/11/2022,Sheep Station,Black,4,96,1.474999994,26.22500038,13.85000019,0.484768095,1,1,24.75000039,0,0,2022,May,Q2,Year1,NA
5/11/2022,Sheep Station,White,4,96,0.474999994,21.9000001,11.18750004,1.512930178,1,1,21.4250001,0,0,2022,May,Q2,Year1,NA
5/12/2022,Sheep Station,Black,4,96,5.949999809,24.20000029,15.07500005,0.377491541,1,1,18.25000048,0,0,2022,May,Q2,Year1,NA
5/12/2022,Sheep Station,White,4,96,4.225000083,19.625,11.92500004,0.926013128,1,1,15.39999992,0,0,2022,May,Q2,Year1,NA
5/13/2022,Sheep Station,Black,4,96,3.975000083,28.67499971,16.3249999,0.504149376,1,1,24.69999963,0,0,2022,May,Q2,Year1,NA
5/13/2022,Sheep Station,White,4,96,2.25000006,23.32500029,12.78750017,0.862529856,1,1,21.07500023,0,0,2022,May,Q2,Year1,NA
5/14/2022,Sheep Station,Black,4,96,7.274999976,29.57500029,18.42500013,0.78368795,1,1,22.30000031,0,0,2022,May,Q2,Year1,NA
5/14/2022,Sheep Station,White,4,96,5.824999928,24.94999981,15.38749987,1.478385999,1,1,19.12499988,0,0,2022,May,Q2,Year1,NA
5/15/2022,Sheep Station,Black,4,96,4.775000095,33.47499943,19.12499976,0.619811779,1,1,28.69999933,0,0,2022,May,Q2,Year1,NA
5/15/2022,Sheep Station,White,4,96,3.399999976,27.9749999,15.68749994,1.241889957,1,1,24.57499993,0,0,2022,May,Q2,Year1,NA
5/16/2022,Sheep Station,Black,4,96,11.0999999,33.5250001,22.3125,1.04831209,1,1,22.42500019,0,0,2022,May,Q2,Year1,NA
5/16/2022,Sheep Station,White,4,96,9.549999952,29.02499962,19.28749979,1.712393432,1,1,19.47499967,0,0,2022,May,Q2,Year1,NA
5/17/2022,Sheep Station,Black,4,96,8.674999952,34.47499943,21.57499969,0.596517596,1,1,25.79999948,0,0,2022,May,Q2,Year1,NA
5/17/2022,Sheep Station,White,4,96,7.425000072,28.9000001,18.16250008,1.384663517,1,1,21.47500002,0,0,2022,May,Q2,Year1,NA
5/18/2022,Sheep Station,Black,4,96,8.099999785,32.22500038,20.16250008,0.839022182,1,1,24.1250006,0,0,2022,May,Q2,Year1,NA
5/18/2022,Sheep Station,White,4,96,6.200000048,26.9749999,16.58749998,1.0609548,1,1,20.77499986,0,0,2022,May,Q2,Year1,NA
5/19/2022,Sheep Station,Black,4,96,8.024999857,26.67499971,17.34999979,0.732575448,1,1,18.64999986,0,0,2022,May,Q2,Year1,NA
5/19/2022,Sheep Station,White,4,96,5.75,21.375,13.5625,0.558830737,1,1,15.625,0,0,2022,May,Q2,Year1,NA
5/20/2022,Sheep Station,Black,4,96,5.524999976,24.39999962,14.9624998,0.409013116,1,1,18.87499964,0,0,2022,May,Q2,Year1,NA
5/20/2022,Sheep Station,White,4,96,3.800000131,19.87499952,11.83749983,0.507239094,1,1,16.07499939,0,0,2022,May,Q2,Year1,NA
5/21/2022,Sheep Station,Black,4,96,2.700000048,31.625,17.16250002,0.274999705,1,1,28.92499995,0,0,2022,May,Q2,Year1,NA
5/21/2022,Sheep Station,White,4,96,0.99999997,25.72500038,13.36250018,1.177833393,1,1,24.72500041,0,0,2022,May,Q2,Year1,NA
5/22/2022,Sheep Station,Black,4,96,5.700000048,20,12.85000002,0.187082946,1,1,14.29999995,0,0,2022,May,Q2,Year1,NA
5/22/2022,Sheep Station,White,4,96,3.324999943,17.07500005,10.2,0.533853784,1,1,13.7500001,0,0,2022,May,Q2,Year1,NA
5/23/2022,Sheep Station,Black,4,96,2.25,30.85000038,16.55000019,0.748331831,1,1,28.60000038,0,0,2022,May,Q2,Year1,NA
5/23/2022,Sheep Station,White,4,96,0.450000018,25,12.72500001,0.949122692,1,1,24.54999998,0,0,2022,May,Q2,Year1,NA
5/24/2022,Sheep Station,Black,4,96,4.274999976,32.4749999,18.37499994,0.651280696,1,1,28.19999993,0,0,2022,May,Q2,Year1,NA
5/24/2022,Sheep Station,White,4,96,2.449999988,26.74999952,14.59999976,1.357080041,1,1,24.29999954,0,0,2022,May,Q2,Year1,NA
5/25/2022,Sheep Station,Black,4,96,7.650000095,36.07499981,21.86249995,0.37277118,1,1,28.42499971,0,0,2022,May,Q2,Year1,NA
5/25/2022,Sheep Station,White,4,96,5.374999881,29.94999981,17.66249985,1.557441866,1,1,24.57499993,0,0,2022,May,Q2,Year1,NA
5/26/2022,Sheep Station,Black,4,96,8.450000048,37.89999962,23.17499983,0.676387558,1,1,29.44999957,0,0,2022,May,Q2,Year1,NA
5/26/2022,Sheep Station,White,4,93.5,6.450000048,31.9000001,19.17500007,1.684487982,1,0,25.45000005,0,0,2022,May,Q2,Year1,NA
5/27/2022,Sheep Station,Black,4,96,13.45000005,33.69999981,23.57499993,0.440643716,1,1,20.24999976,0,0,2022,May,Q2,Year1,NA
5/27/2022,Sheep Station,White,4,96,12.07499981,28.7750001,20.42499995,1.383534379,1,1,16.70000029,0,0,2022,May,Q2,Year1,NA
5/28/2022,Sheep Station,Black,4,96,10.35000014,28.29999971,19.32499993,0.603462197,1,1,17.94999957,0,0,2022,May,Q2,Year1,NA
5/28/2022,Sheep Station,White,4,96,8.924999952,24.57500029,16.75000012,1.334790955,1,1,15.65000033,0,0,2022,May,Q2,Year1,NA
5/29/2022,Sheep Station,Black,4,96,7.624999881,17.59999943,12.61249965,0.286865148,1,1,9.974999547,0,0,2022,May,Q2,Year1,NA
5/29/2022,Sheep Station,White,4,96,6.300000072,15.0999999,10.69999999,0.414326886,1,1,8.799999833,0,0,2022,May,Q2,Year1,NA
5/30/2022,Sheep Station,Black,4,90,6.200000167,18.375,12.28750008,0.478495746,1,0,12.17499983,0,0,2022,May,Q2,Year1,NA
5/30/2022,Sheep Station,White,4,90,5.25,15.92500019,10.5875001,0.765261374,1,0,10.67500019,0,0,2022,May,Q2,Year1,NA
5/31/2022,Sheep Station,Black,4,95,7.25,29.32500029,18.28750014,0.534439064,1,0,22.07500029,0,0,2022,May,Q2,Year1,NA
5/31/2022,Sheep Station,White,4,85.25,6.424999952,23.69999981,15.06249988,2.548651815,1,0,17.27499986,0,0,2022,May,Q2,Year1,NA
6/1/2022,Sheep Station,Black,4,96,7.350000024,33.65000057,20.5000003,0.4983298,1,1,26.30000055,0,0,2022,Jun,Q2,Year1,NA
6/1/2022,Sheep Station,White,4,94,5.75,27.22500038,16.48750019,1.510725804,1,0,21.47500038,0,0,2022,Jun,Q2,Year1,NA
6/2/2022,Sheep Station,Black,4,96,8.950000048,37.80000019,23.37500012,0.793200544,1,1,28.85000014,0,0,2022,Jun,Q2,Year1,NA
6/2/2022,Sheep Station,White,4,96,7.200000048,31.57499933,19.38749969,1.707031873,1,1,24.37499928,0,0,2022,Jun,Q2,Year1,NA
6/3/2022,Sheep Station,Black,4,96,10.92499995,35.69999981,23.31249988,0.887294493,1,1,24.77499986,0,0,2022,Jun,Q2,Year1,NA
6/3/2022,Sheep Station,White,4,82.75,9.100000143,28.10000038,18.60000026,3.735639144,1,0,19.00000024,0,0,2022,Jun,Q2,Year1,NA
6/4/2022,Sheep Station,Black,4,96,11.2249999,24.375,17.79999995,0.488193908,1,1,13.1500001,0,0,2022,Jun,Q2,Year1,NA
6/4/2022,Sheep Station,White,4,73,9.274999976,19.49999976,14.38749987,3.011471159,1,0,10.22499979,0,0,2022,Jun,Q2,Year1,NA
6/5/2022,Sheep Station,Black,4,96,7.100000024,18.875,12.98750001,0.765261276,1,1,11.77499998,0,0,2022,Jun,Q2,Year1,NA
6/5/2022,Sheep Station,White,4,76.75,5.925000072,15.625,10.77500004,1.897586272,1,0,9.699999928,0,0,2022,Jun,Q2,Year1,NA
6/6/2022,Sheep Station,Black,4,96,5.5,31.09999943,18.29999971,1.566843817,1,1,25.59999943,0,0,2022,Jun,Q2,Year1,NA
6/6/2022,Sheep Station,White,4,96,5.599999905,26.0999999,15.8499999,1.166904902,1,1,20.5,0,0,2022,Jun,Q2,Year1,NA
6/7/2022,Sheep Station,Black,4,96,8.449999928,35.12499905,21.78749949,1.25324583,1,1,26.67499912,0,0,2022,Jun,Q2,Year1,NA
6/7/2022,Sheep Station,White,4,96,7.024999857,28.69999981,17.86249983,1.212692996,1,1,21.67499995,0,0,2022,Jun,Q2,Year1,NA
6/8/2022,Sheep Station,Black,4,96,8.599999905,25.52499962,17.06249976,0.476751043,1,1,16.92499971,0,0,2022,Jun,Q2,Year1,NA
6/8/2022,Sheep Station,White,4,96,6.449999928,22.02499962,14.23749977,0.661280462,1,1,15.57499969,0,0,2022,Jun,Q2,Year1,NA
6/9/2022,Sheep Station,Black,4,96,10.17500019,38.32499981,24.25,1.597394172,1,1,28.14999962,0,0,2022,Jun,Q2,Year1,NA
6/9/2022,Sheep Station,White,4,93,8.674999952,32.52499866,20.59999931,1.415980144,1,0,23.84999871,0,0,2022,Jun,Q2,Year1,NA
6/10/2022,Sheep Station,Black,4,96,12.45000005,37.65000057,25.05000031,1.873054801,1,1,25.20000052,0,0,2022,Jun,Q2,Year1,NA
6/10/2022,Sheep Station,White,4,87.5,10.57500005,32.70000029,21.63750017,1.028246648,1,0,22.12500024,0,0,2022,Jun,Q2,Year1,NA
6/11/2022,Sheep Station,Black,4,96,13.2249999,36.99999905,25.11249948,1.50298339,1,1,23.77499914,0,0,2022,Jun,Q2,Year1,NA
6/11/2022,Sheep Station,White,4,80,13.09999967,33.0250001,23.06249988,1.068780086,1,0,19.92500043,0,0,2022,Jun,Q2,Year1,NA
6/12/2022,Sheep Station,Black,4,96,12.77499986,16.44999981,14.61249983,0.601906932,1,1,3.674999952,0,0,2022,Jun,Q2,Year1,NA
6/12/2022,Sheep Station,White,4,82.75,11.70000005,15.12499976,13.4124999,0.327554188,1,0,3.424999714,0,0,2022,Jun,Q2,Year1,NA
6/13/2022,Sheep Station,Black,4,96,8.650000095,26.1500001,17.4000001,1.417157098,1,1,17.5,0,0,2022,Jun,Q2,Year1,NA
6/13/2022,Sheep Station,White,4,93,7.150000095,21.45000029,14.30000019,0.813428815,1,0,14.30000019,0,0,2022,Jun,Q2,Year1,NA
6/14/2022,Sheep Station,Black,4,96,5.575000048,28.44999981,17.01249993,1.312995477,1,1,22.87499976,0,0,2022,Jun,Q2,Year1,NA
6/14/2022,Sheep Station,White,4,96,4.100000024,23.4749999,13.78749996,0.295451552,1,1,19.37499988,0,0,2022,Jun,Q2,Year1,NA
6/15/2022,Sheep Station,Black,4,96,4.449999988,34.3499999,19.39999995,1.764464195,1,1,29.89999992,0,0,2022,Jun,Q2,Year1,NA
6/15/2022,Sheep Station,White,4,95.25,2.575000003,27.7750001,15.17500005,0.749999943,1,0,25.20000009,0,0,2022,Jun,Q2,Year1,NA
6/16/2022,Sheep Station,Black,4,96,7.975000024,39.67500114,23.82500058,2.220172819,1,1,31.70000112,0,0,2022,Jun,Q2,Year1,NA
6/16/2022,Sheep Station,White,4,87.25,5.850000143,33.32500029,19.58750021,1.080413252,1,0,27.47500014,0,0,2022,Jun,Q2,Year1,NA
6/17/2022,Sheep Station,Black,4,96,12.2750001,37.45000076,24.86250043,1.666520847,1,1,25.17500067,0,0,2022,Jun,Q2,Year1,NA
6/17/2022,Sheep Station,White,4,84.25,11.82499981,32.79999924,22.31249952,1.330022077,1,0,20.97499943,0,0,2022,Jun,Q2,Year1,NA
6/18/2022,Sheep Station,Black,4,96,13,41.82499981,27.4124999,1.935791709,1,1,28.82499981,0,0,2022,Jun,Q2,Year1,NA
6/18/2022,Sheep Station,White,4,82.25,11.04999995,36.27499962,23.66249979,1.1946927,1,0,25.22499967,0,0,2022,Jun,Q2,Year1,NA
6/19/2022,Sheep Station,Black,4,96,14.07499981,38.72500038,26.4000001,2.392001021,1,1,24.65000057,0,0,2022,Jun,Q2,Year1,NA
6/19/2022,Sheep Station,White,4,84.75,12.19999981,32.72500038,22.4625001,1.020110763,1,0,20.52500057,0,0,2022,Jun,Q2,Year1,NA
6/20/2022,Sheep Station,Black,4,96,10.94999981,23.42500019,17.1875,1.20718342,1,1,12.47500038,0,0,2022,Jun,Q2,Year1,NA
6/20/2022,Sheep Station,White,4,85.5,8.774999976,20.17500019,14.47500008,0.450000202,1,0,11.40000021,0,0,2022,Jun,Q2,Year1,NA
6/21/2022,Sheep Station,Black,4,96,6.674999952,39.97499943,23.32499969,1.826426517,1,1,33.29999948,0,0,2022,Jun,Q2,Year1,NA
6/21/2022,Sheep Station,White,4,84.75,6.37499994,32.32500029,19.35000011,1.045625762,1,0,25.95000035,0,0,2022,Jun,Q2,Year1,NA
6/22/2022,Sheep Station,Black,4,96,10.1500001,42.60000038,26.37500024,2.130140475,1,1,32.45000029,0,0,2022,Jun,Q2,Year1,NA
6/22/2022,Sheep Station,White,4,86.25,7.949999809,35.72500038,21.8375001,1.316165378,1,0,27.77500057,0,0,2022,Jun,Q2,Year1,NA
6/23/2022,Sheep Station,Black,4,96,12.5999999,43.42499924,28.01249957,2.03362327,1,1,30.82499933,0,0,2022,Jun,Q2,Year1,NA
6/23/2022,Sheep Station,White,4,82,10.32499981,36.82500076,23.57500029,1.288732508,1,0,26.50000095,0,0,2022,Jun,Q2,Year1,NA
6/24/2022,Sheep Station,Black,4,96,15.92499971,42,28.96249986,1.955068252,1,1,26.07500029,0,0,2022,Jun,Q2,Year1,NA
6/24/2022,Sheep Station,White,4,77.25,15.92500019,36.27499962,26.0999999,1.676803075,1,0,20.34999943,0,0,2022,Jun,Q2,Year1,NA
6/25/2022,Sheep Station,Black,4,96,11.125,40.25,25.6875,1.980478094,1,1,29.125,0,0,2022,Jun,Q2,Year1,NA
6/25/2022,Sheep Station,White,4,87.5,9.200000167,33.57500076,21.38750046,1.184184225,1,0,24.3750006,0,0,2022,Jun,Q2,Year1,NA
6/26/2022,Sheep Station,Black,4,96,12.44999981,46.92500019,29.6875,1.758491086,1,1,34.47500038,0,0,2022,Jun,Q2,Year1,NA
6/26/2022,Sheep Station,White,4,81,11.2249999,39.25000095,25.23750043,1.432582068,1,0,28.02500105,0,0,2022,Jun,Q2,Year1,NA
6/27/2022,Sheep Station,Black,4,96,14.0250001,48.77500057,31.40000033,1.609864994,1,1,34.75000048,0,0,2022,Jun,Q2,Year1,NA
6/27/2022,Sheep Station,White,4,82,11.97500014,41.72499943,26.84999979,1.922671419,1,0,29.74999928,0,0,2022,Jun,Q2,Year1,NA
6/28/2022,Sheep Station,Black,4,61,15.2249999,45.85000038,30.53750014,1.571822479,1,0,30.62500048,0,0,2022,Jun,Q2,Year1,NA
6/28/2022,Sheep Station,White,4,49.5,13.54999995,38.37499952,25.96249974,2.40221233,1,0,24.82499957,0,0,2022,Jun,Q2,Year1,NA
9/21/2022,Sheep Station,Black,3,37,13.39999994,35.1666654,24.28333267,0.472581381,1,0,21.76666546,0,0,2022,Sep,Q3,Year2,NA
9/21/2022,Sheep Station,White,4,37,12.72500014,29.70000029,21.21250021,0.628987738,1,0,16.97500014,0,0,2022,Sep,Q3,Year2,NA
9/22/2022,Sheep Station,Black,3,96,11.33333302,22.56666629,16.94999965,0.563471206,1,1,11.23333327,0,0,2022,Sep,Q3,Year2,NA
9/22/2022,Sheep Station,White,4,96,10.17499995,18.8499999,14.51249993,0.436606589,1,1,8.674999952,0,0,2022,Sep,Q3,Year2,NA
9/23/2022,Sheep Station,Black,3,96,5.399999936,29.13333321,17.26666657,0.425244739,1,1,23.73333327,0,0,2022,Sep,Q3,Year2,NA
9/23/2022,Sheep Station,White,4,96,4.725000024,22.625,13.67500001,0.520416496,1,1,17.89999998,0,0,2022,Sep,Q3,Year2,NA
9/24/2022,Sheep Station,Black,3,96,5.599999905,32.93333308,19.26666649,0.332917049,1,1,27.33333317,0,0,2022,Sep,Q3,Year2,NA
9/24/2022,Sheep Station,White,4,96,4.350000024,25.70000029,15.02500015,0.700594825,1,1,21.35000026,0,0,2022,Sep,Q3,Year2,NA
9/25/2022,Sheep Station,Black,3,96,8.566666603,35.5,22.0333333,0.246644923,1,1,26.9333334,0,0,2022,Sep,Q3,Year2,NA
9/25/2022,Sheep Station,White,4,96,7,28.375,17.6875,0.839022309,1,1,21.375,0,0,2022,Sep,Q3,Year2,NA
9/26/2022,Sheep Station,Black,3,96,10.10000006,36.36666616,23.23333311,0.25657927,1,1,26.26666609,0,0,2022,Sep,Q3,Year2,NA
9/26/2022,Sheep Station,White,4,96,8.424999714,29.57499981,18.99999976,0.919238639,1,1,21.1500001,0,0,2022,Sep,Q3,Year2,NA
9/27/2022,Sheep Station,Black,3,96,10.30000019,36.06666692,23.18333356,0.256580911,1,1,25.76666673,0,0,2022,Sep,Q3,Year2,NA
9/27/2022,Sheep Station,White,4,96,8.575000048,29.4749999,19.02499998,0.865544155,1,1,20.89999986,0,0,2022,Sep,Q3,Year2,NA
9/28/2022,Sheep Station,Black,3,96,11.89999994,36.29999924,24.09999959,0.350000245,1,1,24.3999993,0,0,2022,Sep,Q3,Year2,NA
9/28/2022,Sheep Station,White,4,96,9.875,29.82499981,19.8499999,0.866987137,1,1,19.94999981,0,0,2022,Sep,Q3,Year2,NA
9/29/2022,Sheep Station,Black,3,96,13.36666679,29.09999975,21.23333327,0.275378755,1,1,15.73333295,0,0,2022,Sep,Q3,Year2,NA
9/29/2022,Sheep Station,White,4,96,11.5999999,25.1500001,18.375,0.551512955,1,1,13.55000019,0,0,2022,Sep,Q3,Year2,NA
9/30/2022,Sheep Station,Black,3,96,9.499999682,24.69999949,17.09999959,0.500000238,1,1,15.19999981,0,0,2022,Sep,Q3,Year2,NA
9/30/2022,Sheep Station,White,4,96,8.299999952,20.30000019,14.30000007,0.504975363,1,1,12.00000024,0,0,2022,Sep,Q3,Year2,NA
10/1/2022,Sheep Station,Black,3,96,9.833333333,25.73333359,17.78333346,0.332915957,1,1,15.90000025,0,0,2022,Oct,Q4,Year2,NA
10/1/2022,Sheep Station,White,4,96,8.650000095,20.9000001,14.7750001,0.561990419,1,1,12.25,0,0,2022,Oct,Q4,Year2,NA
10/2/2022,Sheep Station,Black,3,96,6.200000127,25.33333333,15.76666673,0.332916423,1,1,19.13333321,0,0,2022,Oct,Q4,Year2,NA
10/2/2022,Sheep Station,White,4,96,5.324999928,20.02500057,12.67500025,0.384057144,1,1,14.70000064,0,0,2022,Oct,Q4,Year2,NA
10/3/2022,Sheep Station,Black,3,96,6.900000095,33.03333282,19.96666646,0.448144719,1,1,26.13333273,0,0,2022,Oct,Q4,Year2,NA
10/3/2022,Sheep Station,White,4,96,5.774999976,26.30000019,16.03750008,0.872138241,1,1,20.52500021,0,0,2022,Oct,Q4,Year2,NA
10/4/2022,Sheep Station,Black,3,96,7.300000032,33.03333282,20.16666643,0.236291472,1,1,25.73333279,0,0,2022,Oct,Q4,Year2,NA
10/4/2022,Sheep Station,White,4,96,5.725000024,26.29999971,16.01249987,0.837033046,1,1,20.57499969,0,0,2022,Oct,Q4,Year2,NA
10/5/2022,Sheep Station,Black,3,96,8.53333346,34.40000025,21.46666686,0.189297121,1,1,25.86666679,0,0,2022,Oct,Q4,Year2,NA
10/5/2022,Sheep Station,White,4,96,6.975000024,27.55000019,17.26250011,0.904963408,1,1,20.57500017,0,0,2022,Oct,Q4,Year2,NA
10/6/2022,Sheep Station,Black,3,96,8.900000254,34.73333359,21.81666692,0.189296345,1,1,25.83333333,0,0,2022,Oct,Q4,Year2,NA
10/6/2022,Sheep Station,White,4,96,7.325000048,27.82499981,17.57499993,0.933184444,1,1,20.49999976,0,0,2022,Oct,Q4,Year2,NA
10/7/2022,Sheep Station,Black,3,96,9.96666654,34.56666565,22.26666609,0.529936725,1,1,24.59999911,0,0,2022,Oct,Q4,Year2,NA
10/7/2022,Sheep Station,White,4,96,8.649999857,27.44999981,18.04999983,0.940744452,1,1,18.79999995,0,0,2022,Oct,Q4,Year2,NA
10/8/2022,Sheep Station,Black,3,96,9.566666603,32.86666616,21.21666638,0.361709342,1,1,23.29999955,0,0,2022,Oct,Q4,Year2,NA
10/8/2022,Sheep Station,White,4,96,8.349999666,26.32500029,17.33749998,0.798305807,1,1,17.97500062,0,0,2022,Oct,Q4,Year2,NA
10/9/2022,Sheep Station,Black,3,96,7.333333333,33.59999975,20.46666654,0.275379145,1,1,26.26666641,0,0,2022,Oct,Q4,Year2,NA
10/9/2022,Sheep Station,White,4,96,6.125000119,26.62499952,16.37499982,0.864580939,1,1,20.4999994,0,0,2022,Oct,Q4,Year2,NA
10/10/2022,Sheep Station,Black,3,96,6.03333346,31.33333397,18.68333371,0.388372799,1,1,25.30000051,0,0,2022,Oct,Q4,Year2,NA
10/10/2022,Sheep Station,White,4,96,4.75,24.75,14.75,0.790569264,1,1,20,0,0,2022,Oct,Q4,Year2,NA
10/11/2022,Sheep Station,Black,3,96,5.23333327,32.10000038,18.66666683,0.431084305,1,1,26.86666711,0,0,2022,Oct,Q4,Year2,NA
10/11/2022,Sheep Station,White,4,96,3.924999893,25.07499981,14.49999985,0.82965841,1,1,21.14999992,0,0,2022,Oct,Q4,Year2,NA
10/12/2022,Sheep Station,Black,3,96,5.800000032,32.03333346,18.91666675,0.321455127,1,1,26.23333343,0,0,2022,Oct,Q4,Year2,NA
10/12/2022,Sheep Station,White,4,96,4.475000024,25.07499981,14.77499992,0.934968778,1,1,20.59999979,0,0,2022,Oct,Q4,Year2,NA
10/13/2022,Sheep Station,Black,3,96,7.166666667,31.93333371,19.55000019,0.350000518,1,1,24.76666705,0,0,2022,Oct,Q4,Year2,NA
10/13/2022,Sheep Station,White,4,96,5.875,24.89999962,15.38749981,1.020926733,1,1,19.02499962,0,0,2022,Oct,Q4,Year2,NA
10/14/2022,Sheep Station,Black,3,96,3.566666683,30.96666654,17.26666661,0.404145491,1,1,27.39999986,0,0,2022,Oct,Q4,Year2,NA
10/14/2022,Sheep Station,White,4,96,2.399999976,23.99999952,13.19999975,0.829658578,1,1,21.59999955,0,0,2022,Oct,Q4,Year2,NA
10/15/2022,Sheep Station,Black,3,96,6.333333174,27.96666654,17.14999986,0.360555478,1,1,21.63333337,0,0,2022,Oct,Q4,Year2,NA
10/15/2022,Sheep Station,White,4,96,4.775000095,22.5999999,13.6875,0.728440204,1,1,17.82499981,0,0,2022,Oct,Q4,Year2,NA
10/16/2022,Sheep Station,Black,3,96,6.066666603,32.73333359,19.4000001,0.350000739,1,1,26.66666698,0,0,2022,Oct,Q4,Year2,NA
10/16/2022,Sheep Station,White,4,96,5.174999952,25.44999981,15.31249988,1.028246915,1,1,20.27499986,0,0,2022,Oct,Q4,Year2,NA
10/17/2022,Sheep Station,Black,3,96,5.333333333,32.96666718,19.15000025,0.327871323,1,1,27.63333384,0,0,2022,Oct,Q4,Year2,NA
10/17/2022,Sheep Station,White,4,96,4.225000143,25.75000048,14.98750031,0.96641528,1,1,21.52500033,0,0,2022,Oct,Q4,Year2,NA
10/18/2022,Sheep Station,Black,3,96,5.666666667,33.03333282,19.34999975,0.264574879,1,1,27.36666616,0,0,2022,Oct,Q4,Year2,NA
10/18/2022,Sheep Station,White,4,96,4.574999809,25.9749999,15.27499986,1.0070585,1,1,21.4000001,0,0,2022,Oct,Q4,Year2,NA
10/19/2022,Sheep Station,Black,3,96,6.066666762,31.93333308,18.99999992,0.304138385,1,1,25.86666632,0,0,2022,Oct,Q4,Year2,NA
10/19/2022,Sheep Station,White,4,96,4.949999928,25.05000019,15.00000006,1.000832846,1,1,20.10000026,0,0,2022,Oct,Q4,Year2,NA
10/20/2022,Sheep Station,Black,3,96,3.23333327,29.56666692,16.4000001,0.259807373,1,1,26.33333365,0,0,2022,Oct,Q4,Year2,NA
10/20/2022,Sheep Station,White,4,96,2.24999997,23.02499962,12.63749979,0.780357986,1,1,20.77499965,0,0,2022,Oct,Q4,Year2,NA
10/21/2022,Sheep Station,Black,3,96,3.433333317,24.26666705,13.85000018,0.312250013,1,1,20.83333373,0,0,2022,Oct,Q4,Year2,NA
10/21/2022,Sheep Station,White,4,96,2.399999976,18.77499962,10.5874998,0.487125827,1,1,16.37499964,0,0,2022,Oct,Q4,Year2,NA
10/22/2022,Sheep Station,Black,3,96,2.633333286,12.4333334,7.533333341,0.351188305,1,1,9.800000111,0,0,2022,Oct,Q4,Year2,NA
10/22/2022,Sheep Station,White,4,96,2.525000036,11.04999995,6.787499994,0.047871403,1,1,8.524999917,0,0,2022,Oct,Q4,Year2,NA
10/23/2022,Sheep Station,Black,3,96,1.366666675,8.599999746,4.98333321,0.284312003,1,1,7.233333071,0,0,2022,Oct,Q4,Year2,NA
10/23/2022,Sheep Station,White,4,96,1.075000018,6.049999952,3.562499985,0.165201879,1,1,4.974999934,0,0,2022,Oct,Q4,Year2,NA
10/24/2022,Sheep Station,Black,3,96,-1.099999984,5.866666635,2.383333325,0.3547299,1,1,6.966666619,0,0,2022,Oct,Q4,Year2,NA
10/24/2022,Sheep Station,White,4,87,-1.424999982,1.349999994,-0.037499994,0.174999989,1,0,2.774999976,0,0,2022,Oct,Q4,Year2,NA
10/25/2022,Sheep Station,Black,3,96,0.366666677,17.76666641,9.066666545,0.11546983,1,1,17.39999974,0,0,2022,Oct,Q4,Year2,NA
10/25/2022,Sheep Station,White,3,96,0.100000004,12.96666654,6.533333272,0.568623989,1,1,12.86666654,0,0,2022,Oct,Q4,Year2,NA
10/26/2022,Sheep Station,Black,3,96,0.733333349,12.73333327,6.733333309,0.144337671,1,1,11.99999992,0,0,2022,Oct,Q4,Year2,NA
10/26/2022,Sheep Station,White,3,96,0.166666672,8.933333397,4.550000034,0.435889837,1,1,8.766666725,0,0,2022,Oct,Q4,Year2,NA
10/27/2022,Sheep Station,Black,4,85.75,-1.574999977,5.950000048,2.187500035,0.415080251,1,0,7.525000025,0,0,2022,Oct,Q4,Year2,NA
10/27/2022,Sheep Station,White,4,85.75,-1.375000015,2.37500003,0.500000007,0.508265061,1,0,3.750000045,0,0,2022,Oct,Q4,Year2,NA
10/28/2022,Sheep Station,Black,4,96,-2.175000012,14.25,6.037499994,0.52021628,1,1,16.42500001,0,0,2022,Oct,Q4,Year2,NA
10/28/2022,Sheep Station,White,4,96,-2.724999964,8.575000048,2.925000042,0.34278269,1,1,11.30000001,0,0,2022,Oct,Q4,Year2,NA
10/29/2022,Sheep Station,Black,4,96,-1.199999988,17.54999971,8.174999863,0.586657225,1,1,18.7499997,0,0,2022,Oct,Q4,Year2,NA
10/29/2022,Sheep Station,White,4,96,-1.775000006,11,4.612499997,0.561805162,1,1,12.77500001,0,0,2022,Oct,Q4,Year2,NA
10/30/2022,Sheep Station,Black,4,96,-1.450000018,15.82499981,7.187499896,0.252899691,1,1,17.27499983,0,0,2022,Oct,Q4,Year2,NA
10/30/2022,Sheep Station,White,4,96,-2.125,10.32500029,4.100000143,0.481317643,1,1,12.45000029,0,0,2022,Oct,Q4,Year2,NA
10/31/2022,Sheep Station,Black,4,96,0.750000007,17.9749999,9.362499956,0.41306762,1,1,17.2249999,0,0,2022,Oct,Q4,Year2,NA
10/31/2022,Sheep Station,White,4,96,0.050000001,13.25000024,6.65000012,0.646786891,1,1,13.20000024,0,0,2022,Oct,Q4,Year2,NA
11/1/2022,Sheep Station,Black,4,96,2.399999976,17.92499971,10.16249985,0.368273055,1,1,15.52499974,0,0,2022,Nov,Q4,Year2,NA
11/1/2022,Sheep Station,White,4,96,1.075000018,14.45000005,7.762500033,0.718070384,1,1,13.37500003,0,0,2022,Nov,Q4,Year2,NA
11/2/2022,Sheep Station,Black,4,96,0.675000004,7.500000119,4.087500062,0.193110517,1,1,6.825000115,0,0,2022,Nov,Q4,Year2,NA
11/2/2022,Sheep Station,White,4,96,0.525000006,6.25,3.387500003,0.08539123,1,1,5.724999994,0,0,2022,Nov,Q4,Year2,NA
11/3/2022,Sheep Station,Black,4,96,-1.724999994,10.57500005,4.425000027,0.405174916,1,1,12.30000004,0,0,2022,Nov,Q4,Year2,NA
11/3/2022,Sheep Station,White,4,96,-1.675000012,6.550000072,2.43750003,0.396600208,1,1,8.225000083,0,0,2022,Nov,Q4,Year2,NA
11/4/2022,Sheep Station,Black,4,96,-1.124999985,3,0.937500007,0.213600097,1,1,4.124999985,0,0,2022,Nov,Q4,Year2,NA
11/4/2022,Sheep Station,White,4,96,-1.799999982,0.52500001,-0.637499986,0.165201883,1,1,2.324999992,0,0,2022,Nov,Q4,Year2,NA
11/5/2022,Sheep Station,Black,4,96,-0.450000001,5.049999952,2.299999976,0.389444112,1,1,5.499999953,0,0,2022,Nov,Q4,Year2,NA
11/5/2022,Sheep Station,White,4,96,-0.649999999,2.200000048,0.775000025,0.08660254,1,1,2.850000046,0,0,2022,Nov,Q4,Year2,NA
11/6/2022,Sheep Station,Black,4,96,-3.524999976,6.125,1.300000012,0.641612565,1,1,9.649999976,0,0,2022,Nov,Q4,Year2,NA
11/6/2022,Sheep Station,White,4,96,-3.824999988,2.100000024,-0.862499982,0.149303948,1,1,5.925000012,0,0,2022,Nov,Q4,Year2,NA
11/7/2022,Sheep Station,Black,4,96,0.700000003,6.899999976,3.79999999,0.389444053,1,1,6.199999973,0,0,2022,Nov,Q4,Year2,NA
11/7/2022,Sheep Station,White,4,96,0.150000006,3.424999952,1.787499979,0.402854379,1,1,3.274999946,0,0,2022,Nov,Q4,Year2,NA
11/8/2022,Sheep Station,Black,4,96,0.974999994,1.300000012,1.137500003,0.110867793,1,1,0.325000018,1,1,2022,Nov,Q4,Year2,NA
11/8/2022,Sheep Station,White,4,96,0.575000003,0.824999988,0.699999996,0.091287087,1,1,0.249999985,1,1,2022,Nov,Q4,Year2,NA
11/9/2022,Sheep Station,Black,4,96,1.050000012,1.199999988,1.125,0.086602527,1,1,0.149999976,1,1,2022,Nov,Q4,Year2,NA
11/9/2022,Sheep Station,White,4,96,0.824999988,0.924999997,0.874999993,0.095742705,1,1,0.100000009,1,1,2022,Nov,Q4,Year2,NA
11/10/2022,Sheep Station,Black,4,96,0.575000003,1.225000024,0.900000013,0.057735015,1,1,0.650000021,1,1,2022,Nov,Q4,Year2,NA
11/10/2022,Sheep Station,White,4,96,0.5,1.050000012,0.775000006,0.144337578,1,1,0.550000012,1,1,2022,Nov,Q4,Year2,NA
11/11/2022,Sheep Station,Black,4,96,0.45000001,0.899999991,0.675000001,0.064549724,1,1,0.449999981,1,1,2022,Nov,Q4,Year2,NA
11/11/2022,Sheep Station,White,4,96,0.375000011,0.824999988,0.6,0.129099444,1,1,0.449999977,1,1,2022,Nov,Q4,Year2,NA
11/12/2022,Sheep Station,Black,4,96,0.375000011,0.875,0.625000006,0.104083297,1,1,0.499999989,1,1,2022,Nov,Q4,Year2,NA
11/12/2022,Sheep Station,White,4,96,0.350000005,0.824999988,0.587499997,0.131497781,1,1,0.474999983,1,1,2022,Nov,Q4,Year2,NA
11/13/2022,Sheep Station,Black,4,96,3.73E-09,0.650000006,0.325000005,0.20207259,1,1,0.650000002,1,1,2022,Nov,Q4,Year2,NA
11/13/2022,Sheep Station,White,4,96,0.100000001,0.699999996,0.399999999,0.135400636,1,1,0.599999994,1,1,2022,Nov,Q4,Year2,NA
11/14/2022,Sheep Station,Black,4,96,-0.324999996,0.475000009,0.075000007,0.221735574,1,1,0.800000004,1,1,2022,Nov,Q4,Year2,NA
11/14/2022,Sheep Station,White,4,96,-0.175000006,0.550000001,0.187499997,0.170171487,1,1,0.725000007,1,1,2022,Nov,Q4,Year2,NA
11/15/2022,Sheep Station,Black,4,96,-0.974999994,0.050000001,-0.462499997,0.306526224,1,1,1.024999995,1,0,2022,Nov,Q4,Year2,NA
11/15/2022,Sheep Station,White,4,96,-0.849999988,0.150000004,-0.349999992,0.282842707,1,1,0.999999993,1,1,2022,Nov,Q4,Year2,NA
11/16/2022,Sheep Station,Black,4,96,-0.775000021,0,-0.38750001,0.265753649,1,1,0.775000021,1,1,2022,Nov,Q4,Year2,NA
11/16/2022,Sheep Station,White,4,96,-0.649999995,0.075000001,-0.287499997,0.201556436,1,1,0.724999996,1,1,2022,Nov,Q4,Year2,NA
11/17/2022,Sheep Station,Black,4,96,-1.824999988,-0.125000002,-0.974999995,0.531507307,1,1,1.699999986,1,0,2022,Nov,Q4,Year2,NA
11/17/2022,Sheep Station,White,4,96,-1.825000003,0.025,-0.900000001,0.402077942,1,1,1.850000003,1,0,2022,Nov,Q4,Year2,NA
11/18/2022,Sheep Station,Black,4,96,-3.400000036,-0.725000001,-2.062500019,0.615595921,1,1,2.675000034,0,0,2022,Nov,Q4,Year2,NA
11/18/2022,Sheep Station,White,4,96,-3.899999976,-0.575000003,-2.23749999,0.69447224,1,1,3.324999973,0,0,2022,Nov,Q4,Year2,NA
11/19/2022,Sheep Station,Black,4,96,-4.174999952,-1.200000003,-2.687499978,0.694472201,1,1,2.974999949,0,0,2022,Nov,Q4,Year2,NA
11/19/2022,Sheep Station,White,4,90.25,-4.24999994,-1.074999988,-2.662499964,0.453458906,1,0,3.174999952,0,0,2022,Nov,Q4,Year2,NA
11/20/2022,Sheep Station,Black,4,96,-4.574999928,-1.299999982,-2.937499955,0.642099368,1,1,3.274999946,0,0,2022,Nov,Q4,Year2,NA
11/20/2022,Sheep Station,White,4,89.5,-4.37499994,-1.12499997,-2.749999955,0.318852112,1,0,3.24999997,0,0,2022,Nov,Q4,Year2,NA
11/21/2022,Sheep Station,Black,4,96,-4.37500006,-1.050000012,-2.712500036,0.567707387,1,1,3.325000048,0,0,2022,Nov,Q4,Year2,NA
11/21/2022,Sheep Station,White,4,89.5,-4.225000083,-0.875000015,-2.550000049,0.279880946,1,0,3.350000069,0,0,2022,Nov,Q4,Year2,NA
11/22/2022,Sheep Station,Black,4,96,-3.850000024,-0.900000006,-2.375000015,0.469929074,1,1,2.950000018,0,0,2022,Nov,Q4,Year2,NA
11/22/2022,Sheep Station,White,4,96,-3.825000048,-0.700000003,-2.262500025,0.309232937,1,1,3.125000045,0,0,2022,Nov,Q4,Year2,NA
11/23/2022,Sheep Station,Black,4,96,-2.450000048,-0.350000007,-1.400000027,0.234520805,1,1,2.100000041,0,0,2022,Nov,Q4,Year2,NA
11/23/2022,Sheep Station,White,4,96,-2.49999994,-0.200000009,-1.349999974,0.191485415,1,1,2.299999932,0,0,2022,Nov,Q4,Year2,NA
11/24/2022,Sheep Station,Black,4,96,-3.225000024,-0.57500001,-1.900000017,0.297209272,1,1,2.650000013,0,0,2022,Nov,Q4,Year2,NA
11/24/2022,Sheep Station,White,4,94.5,-3.325000048,-0.400000004,-1.862500026,0.174999991,1,0,2.925000044,0,0,2022,Nov,Q4,Year2,NA
11/25/2022,Sheep Station,Black,4,96,-3.5,-0.57500001,-2.037500005,0.283945378,1,1,2.92499999,0,0,2022,Nov,Q4,Year2,NA
11/25/2022,Sheep Station,White,4,95.5,-3.550000012,-0.425000004,-1.987500008,0.143614058,1,0,3.125000007,0,0,2022,Nov,Q4,Year2,NA
11/26/2022,Sheep Station,Black,4,96,-1.849999994,-0.300000003,-1.074999998,0.119023799,1,1,1.549999991,1,0,2022,Nov,Q4,Year2,NA
11/26/2022,Sheep Station,White,4,96,-1.949999988,-0.275,-1.112499994,0.103077642,1,1,1.674999988,1,0,2022,Nov,Q4,Year2,NA
11/27/2022,Sheep Station,Black,4,96,-1.450000018,-0.475000001,-0.96250001,0.193110484,1,1,0.975000016,1,1,2022,Nov,Q4,Year2,NA
11/27/2022,Sheep Station,White,4,96,-1.550000012,-0.450000018,-1.000000015,0.070710688,1,1,1.099999994,1,0,2022,Nov,Q4,Year2,NA
11/28/2022,Sheep Station,Black,4,96,-1.599999994,-0.425000012,-1.012500003,0.213600082,1,1,1.174999982,1,0,2022,Nov,Q4,Year2,NA
11/28/2022,Sheep Station,White,4,96,-1.62500003,-0.400000008,-1.012500019,0.110867801,1,1,1.225000022,1,0,2022,Nov,Q4,Year2,NA
11/29/2022,Sheep Station,Black,4,96,-3.175000072,-1.349999994,-2.262500033,0.502286449,1,1,1.825000077,1,0,2022,Nov,Q4,Year2,NA
11/29/2022,Sheep Station,White,4,92.75,-3.00000006,-1.275000006,-2.137500033,0.235849542,1,0,1.725000054,1,0,2022,Nov,Q4,Year2,NA
11/30/2022,Sheep Station,Black,4,96,-2.050000012,-0.875,-1.462500006,0.425000004,1,1,1.175000012,1,0,2022,Nov,Q4,Year2,NA
11/30/2022,Sheep Station,White,4,96,-1.949999988,-0.799999997,-1.374999993,0.095742684,1,1,1.149999991,1,0,2022,Nov,Q4,Year2,NA
12/1/2022,Sheep Station,Black,4,96,-0.999999985,-0.450000007,-0.724999996,0.301385694,1,1,0.549999978,1,1,2022,Dec,Q4,Year2,NA
12/1/2022,Sheep Station,White,4,82.25,-0.924999982,-0.400000006,-0.662499994,0.075000001,1,0,0.524999976,1,1,2022,Dec,Q4,Year2,NA
12/2/2022,Sheep Station,Black,4,96,-0.775000006,-0.400000006,-0.587500006,0.217466471,1,1,0.375,1,1,2022,Dec,Q4,Year2,NA
12/2/2022,Sheep Station,White,4,96,-0.724999994,-0.400000006,-0.5625,0.110867777,1,1,0.324999988,1,1,2022,Dec,Q4,Year2,NA
12/3/2022,Sheep Station,Black,4,96,-1.174999982,-0.675000012,-0.924999997,0.239791577,1,1,0.49999997,1,1,2022,Dec,Q4,Year2,NA
12/3/2022,Sheep Station,White,4,96,-1.12500003,-0.675000012,-0.900000021,0.070710688,1,1,0.450000018,1,1,2022,Dec,Q4,Year2,NA
12/4/2022,Sheep Station,Black,4,96,-1.325000018,-0.400000002,-0.86250001,0.249582991,1,1,0.925000016,1,1,2022,Dec,Q4,Year2,NA
12/4/2022,Sheep Station,White,4,96,-1.324999988,-0.400000006,-0.862499997,0.062915286,1,1,0.924999982,1,1,2022,Dec,Q4,Year2,NA
12/5/2022,Sheep Station,Black,4,96,-0.450000003,-0.225000005,-0.337500004,0.170171478,1,1,0.224999998,1,1,2022,Dec,Q4,Year2,NA
12/5/2022,Sheep Station,White,4,96,-0.400000006,-0.200000007,-0.300000006,0.115470053,1,1,0.199999999,1,1,2022,Dec,Q4,Year2,NA
12/6/2022,Sheep Station,Black,4,96,-0.525000006,-0.250000006,-0.387500006,0.154784799,1,1,0.275,1,1,2022,Dec,Q4,Year2,NA
12/6/2022,Sheep Station,White,4,96,-0.475000009,-0.200000007,-0.337500008,0.103077646,1,1,0.275000002,1,1,2022,Dec,Q4,Year2,NA
12/7/2022,Sheep Station,Black,4,96,-0.5,-0.225000003,-0.362500002,0.131497779,1,1,0.274999997,1,1,2022,Dec,Q4,Year2,NA
12/7/2022,Sheep Station,White,4,96,-0.45000001,-0.200000007,-0.325000009,0.119023812,1,1,0.250000004,1,1,2022,Dec,Q4,Year2,NA
12/8/2022,Sheep Station,Black,4,96,-0.650000006,-0.300000004,-0.475000005,0.155456308,1,1,0.350000001,1,1,2022,Dec,Q4,Year2,NA
12/8/2022,Sheep Station,White,4,96,-0.625000015,-0.300000008,-0.462500012,0.062915279,1,1,0.325000007,1,1,2022,Dec,Q4,Year2,NA
12/9/2022,Sheep Station,Black,4,96,-0.325000003,-0.150000004,-0.237500004,0.137689266,1,1,0.174999999,1,1,2022,Dec,Q4,Year2,NA
12/9/2022,Sheep Station,White,4,96,-0.300000008,-0.100000001,-0.200000005,0.091287094,1,1,0.200000007,1,1,2022,Dec,Q4,Year2,NA
12/10/2022,Sheep Station,Black,4,96,-0.250000006,-0.050000001,-0.150000003,0.129099447,1,1,0.200000005,1,1,2022,Dec,Q4,Year2,NA
12/10/2022,Sheep Station,White,4,96,-0.225000007,-0.075000001,-0.150000004,0.122474491,1,1,0.150000006,1,1,2022,Dec,Q4,Year2,NA
12/11/2022,Sheep Station,Black,4,96,-0.125000004,0.050000001,-0.037500001,0.125000003,1,1,0.175000004,1,1,2022,Dec,Q4,Year2,NA
12/11/2022,Sheep Station,White,4,96,-0.075000001,0.050000001,-0.0125,0.160078108,1,1,0.125000002,1,1,2022,Dec,Q4,Year2,NA
12/12/2022,Sheep Station,Black,4,96,0.025,0.125000004,0.075000002,0.125830578,1,1,0.100000003,1,1,2022,Dec,Q4,Year2,NA
12/12/2022,Sheep Station,White,4,96,0.050000001,0.150000006,0.100000003,0.173205085,1,1,0.100000005,1,1,2022,Dec,Q4,Year2,NA
12/13/2022,Sheep Station,Black,4,96,0,0.125000004,0.062500002,0.131497786,1,1,0.125000004,1,1,2022,Dec,Q4,Year2,NA
12/13/2022,Sheep Station,White,4,96,0.025,0.150000006,0.087500003,0.103077644,1,1,0.125000006,1,1,2022,Dec,Q4,Year2,NA
12/14/2022,Sheep Station,Black,4,96,-0.075000003,0.025,-0.025000001,0.170782517,1,1,0.100000003,1,1,2022,Dec,Q4,Year2,NA
12/14/2022,Sheep Station,White,4,96,-0.075000001,3.12E-17,-0.037500001,0.062915288,1,1,0.075000001,1,1,2022,Dec,Q4,Year2,NA
12/15/2022,Sheep Station,Black,4,96,-0.075000001,0.025,-0.025,0.210158673,1,1,0.100000001,1,1,2022,Dec,Q4,Year2,NA
12/15/2022,Sheep Station,White,4,96,-0.125000002,-0.025,-0.075000001,0.028867514,1,1,0.100000001,1,1,2022,Dec,Q4,Year2,NA
12/16/2022,Sheep Station,Black,4,96,-0.175000001,-0.075000001,-0.125000001,0.250000002,1,1,0.1,1,1,2022,Dec,Q4,Year2,NA
12/16/2022,Sheep Station,White,4,96,-0.200000005,-0.100000001,-0.150000003,0.040824831,1,1,0.100000003,1,1,2022,Dec,Q4,Year2,NA
12/17/2022,Sheep Station,Black,4,96,-0.150000002,0,-0.075000001,0.23273734,1,1,0.150000002,1,1,2022,Dec,Q4,Year2,NA
12/17/2022,Sheep Station,White,4,96,-0.125000002,-0.050000001,-0.087500001,0.025,1,1,0.075000001,1,1,2022,Dec,Q4,Year2,NA
12/18/2022,Sheep Station,Black,4,96,-0.050000003,0.075000003,0.0125,0.188745867,1,1,0.125000006,1,1,2022,Dec,Q4,Year2,NA
12/18/2022,Sheep Station,White,4,96,-0.075000001,0.050000001,-0.0125,0.047871356,1,1,0.125000002,1,1,2022,Dec,Q4,Year2,NA
12/19/2022,Sheep Station,Black,4,96,-0.025,0.075000003,0.025000001,0.170782517,1,1,0.100000003,1,1,2022,Dec,Q4,Year2,NA
12/19/2022,Sheep Station,White,4,96,-0.050000001,0.050000001,0,0.04082483,1,1,0.100000001,1,1,2022,Dec,Q4,Year2,NA
12/20/2022,Sheep Station,Black,4,96,-0.125000004,0.025000002,-0.050000001,0.187082875,1,1,0.150000006,1,1,2022,Dec,Q4,Year2,NA
12/20/2022,Sheep Station,White,4,96,-0.125000002,-0.050000001,-0.087500001,0.047871356,1,1,0.075000001,1,1,2022,Dec,Q4,Year2,NA
12/21/2022,Sheep Station,Black,4,96,-1.224999994,0,-0.612499997,0.754293273,1,1,1.224999994,1,0,2022,Dec,Q4,Year2,NA
12/21/2022,Sheep Station,White,4,95.75,-2.600000009,-0.025,-1.312500005,0.668798677,1,0,2.575000009,0,0,2022,Dec,Q4,Year2,NA
12/22/2022,Sheep Station,Black,4,96,-4.449999988,-1.299999982,-2.874999985,1.608570753,1,1,3.150000006,0,0,2022,Dec,Q4,Year2,NA
12/22/2022,Sheep Station,White,3,96,-6.76666673,-2.233333329,-4.50000003,1.552417609,1,1,4.533333401,0,0,2022,Dec,Q4,Year2,NA
12/23/2022,Sheep Station,Black,4,96,-4,-2.450000048,-3.225000024,1.195477626,1,1,1.549999952,1,0,2022,Dec,Q4,Year2,NA
12/23/2022,Sheep Station,White,3,96,-6.300000032,-3.366666714,-4.833333373,0.602771465,1,1,2.933333317,0,0,2022,Dec,Q4,Year2,NA
12/24/2022,Sheep Station,Black,4,96,-2.450000048,-1.325000003,-1.887500025,0.648556102,1,1,1.125000045,1,0,2022,Dec,Q4,Year2,NA
12/24/2022,Sheep Station,White,4,88.5,-3.150000036,-1.49999997,-2.325000003,0.284312052,1,0,1.650000066,1,0,2022,Dec,Q4,Year2,NA
12/25/2022,Sheep Station,Black,4,96,-1.375000015,-0.724999994,-1.050000004,0.406201913,1,1,0.650000021,1,1,2022,Dec,Q4,Year2,NA
12/25/2022,Sheep Station,White,4,96,-1.724999994,-0.725000024,-1.225000009,0.184842268,1,1,0.99999997,1,1,2022,Dec,Q4,Year2,NA
12/26/2022,Sheep Station,Black,4,96,-1.000000015,-0.400000008,-0.700000011,0.285773801,1,1,0.600000007,1,1,2022,Dec,Q4,Year2,NA
12/26/2022,Sheep Station,White,4,96,-1.399999976,-0.375000006,-0.887499991,0.143614067,1,1,1.024999971,1,0,2022,Dec,Q4,Year2,NA
12/27/2022,Sheep Station,Black,4,96,-0.750000007,-0.275000006,-0.512500007,0.242813372,1,1,0.475000001,1,1,2022,Dec,Q4,Year2,NA
12/27/2022,Sheep Station,White,4,80.75,-1.150000006,-0.174999993,-0.6625,0.265753651,1,0,0.975000013,1,1,2022,Dec,Q4,Year2,NA
12/28/2022,Sheep Station,Black,4,96,-0.450000005,-0.150000006,-0.300000005,0.254950981,1,1,0.299999999,1,1,2022,Dec,Q4,Year2,NA
12/28/2022,Sheep Station,White,4,86.75,-0.225,0.125000002,-0.049999999,0.348807493,1,0,0.350000001,1,1,2022,Dec,Q4,Year2,NA
12/29/2022,Sheep Station,Black,4,96,-0.750000015,-0.375000006,-0.56250001,0.372771162,1,1,0.375000009,1,1,2022,Dec,Q4,Year2,NA
12/29/2022,Sheep Station,White,4,96,-0.475000003,-0.025,-0.250000002,0.285773808,1,1,0.450000003,1,1,2022,Dec,Q4,Year2,NA
12/30/2022,Sheep Station,Black,4,96,-0.700000003,-0.375000015,-0.537500009,0.319830688,1,1,0.324999988,1,1,2022,Dec,Q4,Year2,NA
12/30/2022,Sheep Station,White,4,84.5,-0.500000004,-0.250000006,-0.375000005,0.322748615,1,0,0.249999998,1,1,2022,Dec,Q4,Year2,NA
12/31/2022,Sheep Station,Black,4,96,-0.375000015,-0.125000006,-0.25000001,0.261406462,1,1,0.250000009,1,1,2022,Dec,Q4,Year2,NA
12/31/2022,Sheep Station,White,3,96,-0.200000008,-2.48E-09,-0.100000005,0.304138137,1,1,0.200000005,1,1,2022,Dec,Q4,Year2,NA
1/1/2023,Sheep Station,Black,4,96,-0.449999994,-0.125000006,-0.2875,0.317214438,1,1,0.324999988,1,1,2023,Jan,Q1,Year2,NA
1/1/2023,Sheep Station,White,4,72.5,-0.500000004,-0.075000003,-0.287500003,0.118145398,1,0,0.425000001,1,1,2023,Jan,Q1,Year2,NA
1/2/2023,Sheep Station,Black,4,96,-0.825000003,-0.425000003,-0.625000003,0.499165974,1,1,0.4,1,1,2023,Jan,Q1,Year2,NA
1/2/2023,Sheep Station,White,3,96,-1.066666643,-0.566666683,-0.816666663,0.115470047,1,1,0.49999996,1,1,2023,Jan,Q1,Year2,NA
1/3/2023,Sheep Station,Black,4,96,-0.549999997,-0.400000004,-0.475000001,0.379692857,1,1,0.149999993,1,1,2023,Jan,Q1,Year2,NA
1/3/2023,Sheep Station,White,3,96,-0.800000012,-0.599999994,-0.700000003,0.217944934,1,1,0.200000018,1,1,2023,Jan,Q1,Year2,NA
1/4/2023,Sheep Station,Black,4,96,-0.524999999,-0.35,-0.437499999,0.374999995,1,1,0.174999999,1,1,2023,Jan,Q1,Year2,NA
1/4/2023,Sheep Station,White,4,81.5,-0.825000003,-0.649999991,-0.737499997,0.154784792,1,0,0.175000012,1,1,2023,Jan,Q1,Year2,NA
1/5/2023,Sheep Station,Black,4,96,-0.475000001,-0.200000003,-0.337500002,0.335099486,1,1,0.274999999,1,1,2023,Jan,Q1,Year2,NA
1/5/2023,Sheep Station,White,3,96,-0.766666671,-0.266666676,-0.516666673,0.246644147,1,1,0.499999995,1,1,2023,Jan,Q1,Year2,NA
1/6/2023,Sheep Station,Black,4,96,-0.200000003,1.86E-09,-0.100000001,0.25495098,1,1,0.200000005,1,1,2023,Jan,Q1,Year2,NA
1/6/2023,Sheep Station,White,3,96,-0.300000009,0,-0.150000005,0.217944955,1,1,0.300000009,1,1,2023,Jan,Q1,Year2,NA
1/7/2023,Sheep Station,Black,4,96,-0.075000003,0.075000001,-9.31E-10,0.212132039,1,1,0.150000004,1,1,2023,Jan,Q1,Year2,NA
1/7/2023,Sheep Station,White,4,73.25,-0.050000001,0.050000001,3.12E-17,0.147196017,1,0,0.100000001,1,1,2023,Jan,Q1,Year2,NA
1/8/2023,Sheep Station,Black,4,96,-0.100000003,0.050000001,-0.025000001,0.225462492,1,1,0.150000004,1,1,2023,Jan,Q1,Year2,NA
1/8/2023,Sheep Station,White,4,93.25,-0.175000004,0.050000001,-0.062500002,0.137689267,1,0,0.225000005,1,1,2023,Jan,Q1,Year2,NA
1/9/2023,Sheep Station,Black,4,96,-0.050000003,0.075000001,0.012499999,0.217466477,1,1,0.125000004,1,1,2023,Jan,Q1,Year2,NA
1/9/2023,Sheep Station,White,4,83.5,-0.075000001,0.025,-0.025,0.132287568,1,0,0.100000001,1,1,2023,Jan,Q1,Year2,NA
1/10/2023,Sheep Station,Black,4,96,1.86E-09,0.150000002,0.075000002,0.193649172,1,1,0.15,1,1,2023,Jan,Q1,Year2,NA
1/10/2023,Sheep Station,White,4,73.75,-0.025,0.100000003,0.037500001,0.170171486,1,0,0.125000004,1,1,2023,Jan,Q1,Year2,NA
1/11/2023,Sheep Station,Black,4,96,0.100000003,0.200000003,0.150000003,0.16329932,1,1,0.1,1,1,2023,Jan,Q1,Year2,NA
1/11/2023,Sheep Station,White,4,79,0.125000004,0.150000006,0.137500005,0.160078112,1,0,0.025000002,1,1,2023,Jan,Q1,Year2,NA
1/12/2023,Sheep Station,Black,4,96,0.125000004,0.225000003,0.175000004,0.125830578,1,1,0.1,1,1,2023,Jan,Q1,Year2,NA
1/12/2023,Sheep Station,White,4,94.25,0.125000004,0.125000004,0.125000004,0.150000005,1,0,0,1,1,2023,Jan,Q1,Year2,NA
1/13/2023,Sheep Station,Black,4,96,0.150000002,0.250000002,0.200000002,0.173205082,1,1,0.1,1,1,2023,Jan,Q1,Year2,NA
1/13/2023,Sheep Station,White,4,95.75,0.125000004,0.150000006,0.137500005,0.160078112,1,0,0.025000002,1,1,2023,Jan,Q1,Year2,NA
1/14/2023,Sheep Station,Black,4,96,0.150000002,0.250000002,0.200000002,0.173205082,1,1,0.1,1,1,2023,Jan,Q1,Year2,NA
1/14/2023,Sheep Station,White,4,96,0.125000004,0.200000005,0.162500004,0.165201901,1,1,0.075000001,1,1,2023,Jan,Q1,Year2,NA
1/15/2023,Sheep Station,Black,4,96,0.225000001,0.32500001,0.275000006,0.189296949,1,1,0.100000009,1,1,2023,Jan,Q1,Year2,NA
1/15/2023,Sheep Station,White,4,86.5,0.175000004,0.225000003,0.200000004,0.212132037,1,0,0.049999999,1,1,2023,Jan,Q1,Year2,NA
1/16/2023,Sheep Station,Black,4,96,0.225000001,0.32500001,0.275000006,0.189296949,1,1,0.100000009,1,1,2023,Jan,Q1,Year2,NA
1/16/2023,Sheep Station,White,4,75,0.200000005,0.225000003,0.212500004,0.201556446,1,0,0.024999999,1,1,2023,Jan,Q1,Year2,NA
1/17/2023,Sheep Station,Black,4,96,0.200000001,0.32500001,0.262500006,0.193110508,1,1,0.125000009,1,1,2023,Jan,Q1,Year2,NA
1/17/2023,Sheep Station,White,4,81.25,0.125000004,0.200000005,0.162500004,0.149303945,1,0,0.075000001,1,1,2023,Jan,Q1,Year2,NA
1/18/2023,Sheep Station,Black,4,96,0.125000002,0.225000001,0.175000002,0.189296946,1,1,0.1,1,1,2023,Jan,Q1,Year2,NA
1/18/2023,Sheep Station,White,4,78.25,0,0.125000004,0.062500002,0.094648476,1,0,0.125000004,1,1,2023,Jan,Q1,Year2,NA
1/19/2023,Sheep Station,Black,4,96,0.125000002,0.225000001,0.175000002,0.189296946,1,1,0.1,1,1,2023,Jan,Q1,Year2,NA
1/19/2023,Sheep Station,White,3,96,0,0.100000001,0.050000001,0.086602542,1,1,0.100000001,1,1,2023,Jan,Q1,Year2,NA
1/20/2023,Sheep Station,Black,4,96,0.075000001,0.225000001,0.150000001,0.204124146,1,1,0.15,1,1,2023,Jan,Q1,Year2,NA
1/20/2023,Sheep Station,White,3,96,-0.033333334,0.100000001,0.033333334,0.104083302,1,1,0.133333335,1,1,2023,Jan,Q1,Year2,NA
1/21/2023,Sheep Station,Black,4,96,0.025,0.125,0.075,0.262995566,1,1,0.1,1,1,2023,Jan,Q1,Year2,NA
1/21/2023,Sheep Station,White,3,96,-0.100000001,-0.033333334,-0.066666668,0.144337569,1,1,0.066666668,1,1,2023,Jan,Q1,Year2,NA
1/22/2023,Sheep Station,Black,4,96,0.050000001,0.125,0.0875,0.249582987,1,1,0.074999999,1,1,2023,Jan,Q1,Year2,NA
1/22/2023,Sheep Station,White,3,96,-0.100000001,-0.033333334,-0.066666668,0.125830576,1,1,0.066666668,1,1,2023,Jan,Q1,Year2,NA
1/23/2023,Sheep Station,Black,4,96,-0.024999999,0.1,0.037500001,0.259406377,1,1,0.124999998,1,1,2023,Jan,Q1,Year2,NA
1/23/2023,Sheep Station,White,3,96,-0.133333335,-0.033333334,-0.083333335,0.125830576,1,1,0.100000001,1,1,2023,Jan,Q1,Year2,NA
1/24/2023,Sheep Station,Black,4,96,-0.075000001,0.025,-0.025,0.262995571,1,1,0.100000001,1,1,2023,Jan,Q1,Year2,NA
1/24/2023,Sheep Station,White,3,96,-0.200000005,-0.100000001,-0.150000003,0.100000003,1,1,0.100000004,1,1,2023,Jan,Q1,Year2,NA
1/25/2023,Sheep Station,Black,4,96,-0.100000003,0.025,-0.037500001,0.271952822,1,1,0.125000004,1,1,2023,Jan,Q1,Year2,NA
1/25/2023,Sheep Station,White,3,96,-0.233333342,-0.133333338,-0.18333334,0.125830579,1,1,0.100000004,1,1,2023,Jan,Q1,Year2,NA
1/26/2023,Sheep Station,Black,4,96,-0.125000004,-0.025,-0.075000002,0.28722814,1,1,0.100000003,1,1,2023,Jan,Q1,Year2,NA
1/26/2023,Sheep Station,White,3,96,-0.266666676,-0.200000005,-0.233333341,0.076376266,1,1,0.06666667,1,1,2023,Jan,Q1,Year2,NA
1/27/2023,Sheep Station,Black,4,96,-0.075000001,0.025,-0.025,0.262995571,1,1,0.100000001,1,1,2023,Jan,Q1,Year2,NA
1/27/2023,Sheep Station,White,3,96,-0.200000005,-0.100000001,-0.150000003,0.100000003,1,1,0.100000004,1,1,2023,Jan,Q1,Year2,NA
1/28/2023,Sheep Station,Black,4,96,-0.325000003,0.050000001,-0.137500001,0.342478716,1,1,0.375000004,1,1,2023,Jan,Q1,Year2,NA
1/28/2023,Sheep Station,White,3,96,-0.466666664,-0.066666668,-0.266666666,0.160727503,1,1,0.399999996,1,1,2023,Jan,Q1,Year2,NA
1/29/2023,Sheep Station,Black,4,96,-1.449999988,-0.299999993,-0.874999991,0.551513066,1,1,1.149999995,1,0,2023,Jan,Q1,Year2,NA
1/29/2023,Sheep Station,White,3,96,-2.50000004,-0.5,-1.50000002,0.638357246,1,1,2.00000004,0,0,2023,Jan,Q1,Year2,NA
1/30/2023,Sheep Station,Black,4,96,-2.574999988,-1.449999988,-2.012499988,0.66128033,1,1,1.125,1,0,2023,Jan,Q1,Year2,NA
1/30/2023,Sheep Station,White,4,78,-4.475000083,-2.800000012,-3.637500048,0.728440111,1,0,1.675000072,1,0,2023,Jan,Q1,Year2,NA
1/31/2023,Sheep Station,Black,4,96,-3.25,-2.549999982,-2.899999991,0.921050091,1,1,0.700000018,1,1,2023,Jan,Q1,Year2,NA
1/31/2023,Sheep Station,White,4,82.75,-5.175000012,-4.050000072,-4.612500042,0.835039938,1,0,1.12499994,1,0,2023,Jan,Q1,Year2,NA
2/1/2023,Sheep Station,Black,4,96,-2.899999976,-2.475000024,-2.6875,0.704006368,1,1,0.424999952,1,1,2023,Feb,Q1,Year2,NA
2/1/2023,Sheep Station,White,4,87.5,-4.374999881,-3.5,-3.93749994,0.817898691,1,0,0.874999881,1,1,2023,Feb,Q1,Year2,NA
2/2/2023,Sheep Station,Black,4,96,-2.87499994,-2.424999982,-2.649999961,0.742742635,1,1,0.449999958,1,1,2023,Feb,Q1,Year2,NA
2/2/2023,Sheep Station,White,3,96,-4.033333302,-3.366666714,-3.700000008,0.909670195,1,1,0.666666587,1,1,2023,Feb,Q1,Year2,NA
2/3/2023,Sheep Station,Black,4,96,-3.050000042,-2.274999976,-2.662500009,0.721543513,1,1,0.775000066,1,1,2023,Feb,Q1,Year2,NA
2/3/2023,Sheep Station,White,4,76,-4.475000024,-3.074999988,-3.775000006,0.754431365,1,0,1.400000036,1,0,2023,Feb,Q1,Year2,NA
2/4/2023,Sheep Station,Black,4,96,-2.774999976,-2.24999994,-2.512499958,0.6725263,1,1,0.525000036,1,1,2023,Feb,Q1,Year2,NA
2/4/2023,Sheep Station,White,4,80.5,-4.175000012,-3.175000012,-3.675000012,0.800520662,1,0,1,1,0,2023,Feb,Q1,Year2,NA
2/5/2023,Sheep Station,Black,4,96,-2.450000018,-1.824999958,-2.137499988,0.526584884,1,1,0.62500006,1,1,2023,Feb,Q1,Year2,NA
2/5/2023,Sheep Station,White,3,96,-3.300000032,-2.266666691,-2.783333361,0.682519812,1,1,1.033333341,1,0,2023,Feb,Q1,Year2,NA
2/6/2023,Sheep Station,Black,4,96,-1.824999958,-1.375,-1.599999979,0.430116248,1,1,0.449999958,1,1,2023,Feb,Q1,Year2,NA
2/6/2023,Sheep Station,White,4,78.25,-2.375,-1.87499994,-2.12499997,0.421307466,1,0,0.50000006,1,1,2023,Feb,Q1,Year2,NA
2/7/2023,Sheep Station,Black,4,96,-1.524999976,-1.225000009,-1.374999993,0.421307489,1,1,0.299999967,1,1,2023,Feb,Q1,Year2,NA
2/7/2023,Sheep Station,White,3,96,-2.033333302,-1.566666683,-1.799999992,0.390512455,1,1,0.466666619,1,1,2023,Feb,Q1,Year2,NA
2/8/2023,Sheep Station,Black,4,96,-1.275000006,-1.049999982,-1.162499994,0.368273,1,1,0.225000024,1,1,2023,Feb,Q1,Year2,NA
2/8/2023,Sheep Station,White,4,73.5,-1.74999997,-1.424999982,-1.587499976,0.335099494,1,0,0.324999988,1,1,2023,Feb,Q1,Year2,NA
2/9/2023,Sheep Station,Black,4,96,-1.849999994,-1.099999979,-1.474999987,0.466368956,1,1,0.750000015,1,1,2023,Feb,Q1,Year2,NA
2/9/2023,Sheep Station,White,3,96,-2.566666722,-1.533333381,-2.050000052,0.433012736,1,1,1.033333341,1,0,2023,Feb,Q1,Year2,NA
2/10/2023,Sheep Station,Black,4,96,-2.525000006,-1.925000042,-2.225000024,0.676387485,1,1,0.599999964,1,1,2023,Feb,Q1,Year2,NA
2/10/2023,Sheep Station,White,3,96,-3.433333317,-2.566666722,-3.00000002,0.65000007,1,1,0.866666595,1,1,2023,Feb,Q1,Year2,NA
2/11/2023,Sheep Station,Black,4,96,-2.350000024,-1.87500003,-2.112500027,0.531311271,1,1,0.474999994,1,1,2023,Feb,Q1,Year2,NA
2/11/2023,Sheep Station,White,3,96,-3.133333365,-2.366666635,-2.75,0.522015347,1,1,0.76666673,1,1,2023,Feb,Q1,Year2,NA
2/12/2023,Sheep Station,Black,4,96,-2.225000024,-1.87500003,-2.050000027,0.496655487,1,1,0.349999994,1,1,2023,Feb,Q1,Year2,NA
2/12/2023,Sheep Station,White,3,96,-3.133333365,-2.466666659,-2.800000012,0.476969661,1,1,0.666666706,1,1,2023,Feb,Q1,Year2,NA
2/13/2023,Sheep Station,Black,4,96,-2.675000042,-2.024999976,-2.350000009,0.655743832,1,1,0.650000066,1,1,2023,Feb,Q1,Year2,NA
2/13/2023,Sheep Station,White,3,96,-3.566666683,-2.73333327,-3.149999976,0.649999999,1,1,0.833333413,1,1,2023,Feb,Q1,Year2,NA
2/14/2023,Sheep Station,Black,4,96,-2.425000012,-2.050000042,-2.237500027,0.483692411,1,1,0.37499997,1,1,2023,Feb,Q1,Year2,NA
2/14/2023,Sheep Station,White,3,96,-3.166666667,-2.533333302,-2.849999984,0.435889957,1,1,0.633333365,1,1,2023,Feb,Q1,Year2,NA
2/15/2023,Sheep Station,Black,4,96,-2.850000024,-2.12500006,-2.487500042,0.314576446,1,1,0.724999964,1,1,2023,Feb,Q1,Year2,NA
2/15/2023,Sheep Station,White,4,94.25,-4.025000036,-2.899999976,-3.462500006,0.563286484,1,0,1.12500006,1,0,2023,Feb,Q1,Year2,NA
2/16/2023,Sheep Station,Black,4,96,-3.25000006,-2.550000012,-2.900000036,0.521216581,1,1,0.700000048,1,1,2023,Feb,Q1,Year2,NA
2/16/2023,Sheep Station,White,4,96,-4.650000095,-3.425000012,-4.037500054,0.61015711,1,1,1.225000083,1,0,2023,Feb,Q1,Year2,NA
2/17/2023,Sheep Station,Black,4,96,-3.274999976,-2.875,-3.074999988,0.661437801,1,1,0.399999976,1,1,2023,Feb,Q1,Year2,NA
2/17/2023,Sheep Station,White,4,96,-4.475000024,-3.700000048,-4.087500036,0.59634305,1,1,0.774999976,1,1,2023,Feb,Q1,Year2,NA
2/18/2023,Sheep Station,Black,4,96,-3.324999988,-2.875,-3.099999994,0.674536859,1,1,0.449999988,1,1,2023,Feb,Q1,Year2,NA
2/18/2023,Sheep Station,White,4,94,-4.549999952,-3.774999976,-4.162499964,0.657488878,1,0,0.774999976,1,1,2023,Feb,Q1,Year2,NA
2/19/2023,Sheep Station,Black,4,96,-3.5,-2.974999964,-3.237499982,0.698062838,1,1,0.525000036,1,1,2023,Feb,Q1,Year2,NA
2/19/2023,Sheep Station,White,4,88.75,-4.674999893,-3.799999952,-4.237499923,0.651120748,1,0,0.87499994,1,1,2023,Feb,Q1,Year2,NA
2/20/2023,Sheep Station,Black,4,96,-3.100000024,-2.300000012,-2.700000018,0.514781495,1,1,0.800000012,1,1,2023,Feb,Q1,Year2,NA
2/20/2023,Sheep Station,White,4,86.75,-3.950000048,-2.800000012,-3.37500003,0.512347567,1,0,1.150000036,1,0,2023,Feb,Q1,Year2,NA
2/21/2023,Sheep Station,Black,4,96,-2.300000012,-1.550000012,-1.925000012,0.377491714,1,1,0.75,1,1,2023,Feb,Q1,Year2,NA
2/21/2023,Sheep Station,White,4,88.75,-2.850000024,-1.949999988,-2.400000006,0.387298319,1,0,0.900000036,1,1,2023,Feb,Q1,Year2,NA
2/22/2023,Sheep Station,Black,4,96,-3.849999964,-1.599999994,-2.724999979,0.295803971,1,1,2.24999997,0,0,2023,Feb,Q1,Year2,NA
2/22/2023,Sheep Station,White,4,91.5,-4.899999976,-2.149999976,-3.524999976,0.386220989,1,0,2.75,0,0,2023,Feb,Q1,Year2,NA
2/23/2023,Sheep Station,Black,4,96,-4.899999857,-3.899999917,-4.399999887,0.294391991,1,1,0.99999994,1,1,2023,Feb,Q1,Year2,NA
2/23/2023,Sheep Station,White,4,81.25,-6.324999928,-5.049999952,-5.68749994,0.860595732,1,0,1.274999976,1,0,2023,Feb,Q1,Year2,NA
2/24/2023,Sheep Station,Black,4,96,-4.375,-3.375,-3.875,0.366287648,1,1,1,1,0,2023,Feb,Q1,Year2,NA
2/24/2023,Sheep Station,White,4,94.75,-5.424999833,-4.074999928,-4.749999881,0.204124184,1,0,1.349999905,1,0,2023,Feb,Q1,Year2,NA
2/25/2023,Sheep Station,Black,4,96,-3.399999976,-2.599999964,-2.99999997,0.397911238,1,1,0.800000012,1,1,2023,Feb,Q1,Year2,NA
2/25/2023,Sheep Station,White,4,93.5,-4.074999928,-3.149999976,-3.612499952,0.390245666,1,0,0.924999952,1,1,2023,Feb,Q1,Year2,NA
2/26/2023,Sheep Station,Black,4,96,-2.725000024,-2.074999988,-2.400000006,0.374165775,1,1,0.650000036,1,1,2023,Feb,Q1,Year2,NA
2/26/2023,Sheep Station,White,4,87.5,-3.275000095,-2.49999994,-2.887500018,0.295451614,1,0,0.775000155,1,1,2023,Feb,Q1,Year2,NA
2/27/2023,Sheep Station,Black,4,96,-2.150000036,-1.774999976,-1.962500006,0.311916099,1,1,0.37500006,1,1,2023,Feb,Q1,Year2,NA
2/27/2023,Sheep Station,White,4,88.75,-2.524999917,-2.175000012,-2.349999964,0.318852103,1,0,0.349999905,1,1,2023,Feb,Q1,Year2,NA
2/28/2023,Sheep Station,Black,4,96,-1.850000024,-1.549999982,-1.700000003,0.285773816,1,1,0.300000042,1,1,2023,Feb,Q1,Year2,NA
2/28/2023,Sheep Station,White,4,75,-2.224999994,-1.949999988,-2.087499991,0.28975564,1,0,0.275000006,1,1,2023,Feb,Q1,Year2,NA
3/1/2023,Sheep Station,Black,4,96,-1.75,-1.474999994,-1.612499997,0.301039862,1,1,0.275000006,1,1,2023,Mar,Q1,Year2,NA
3/1/2023,Sheep Station,White,4,78,-1.949999958,-1.774999976,-1.862499967,0.262599148,1,0,0.174999982,1,1,2023,Mar,Q1,Year2,NA
3/2/2023,Sheep Station,Black,4,96,-1.774999976,-1.474999994,-1.624999985,0.275378494,1,1,0.299999982,1,1,2023,Mar,Q1,Year2,NA
3/2/2023,Sheep Station,White,4,89.75,-1.974999994,-1.774999976,-1.874999985,0.272335553,1,0,0.200000018,1,1,2023,Mar,Q1,Year2,NA
3/3/2023,Sheep Station,Black,4,96,-1.699999988,-1.400000006,-1.549999997,0.212132033,1,1,0.299999982,1,1,2023,Mar,Q1,Year2,NA
3/3/2023,Sheep Station,White,4,77.5,-1.949999958,-1.724999994,-1.837499976,0.239356752,1,0,0.224999964,1,1,2023,Mar,Q1,Year2,NA
3/4/2023,Sheep Station,Black,4,96,-1.649999976,-1.37500003,-1.512500003,0.188745837,1,1,0.274999946,1,1,2023,Mar,Q1,Year2,NA
3/4/2023,Sheep Station,White,3,96,-1.866666635,-1.633333325,-1.74999998,0.229128755,1,1,0.233333309,1,1,2023,Mar,Q1,Year2,NA
3/5/2023,Sheep Station,Black,4,96,-1.550000012,-1.300000012,-1.425000012,0.175594237,1,1,0.25,1,1,2023,Mar,Q1,Year2,NA
3/5/2023,Sheep Station,White,3,96,-1.733333349,-1.466666659,-1.600000004,0.200000018,1,1,0.266666691,1,1,2023,Mar,Q1,Year2,NA
3/6/2023,Sheep Station,Black,4,94.75,-1.399999976,-1.174999982,-1.287499979,0.131497779,1,0,0.224999994,1,1,2023,Mar,Q1,Year2,NA
3/6/2023,Sheep Station,White,3,96,-1.5,-1.333333333,-1.416666667,0.125830576,1,1,0.166666667,1,1,2023,Mar,Q1,Year2,NA
3/7/2023,Sheep Station,Black,4,92.75,-1.174999982,-0.975000009,-1.074999996,0.149999991,1,0,0.199999973,1,1,2023,Mar,Q1,Year2,NA
3/7/2023,Sheep Station,White,3,96,-1.333333333,-1.166666667,-1.25,0.149999976,1,1,0.166666667,1,1,2023,Mar,Q1,Year2,NA
3/8/2023,Sheep Station,Black,4,92.25,-1.149999976,-0.975000009,-1.062499993,0.1600781,1,0,0.174999967,1,1,2023,Mar,Q1,Year2,NA
3/8/2023,Sheep Station,White,3,96,-1.266666691,-1.133333325,-1.200000008,0.180277541,1,1,0.133333365,1,1,2023,Mar,Q1,Year2,NA
3/9/2023,Sheep Station,Black,4,93.75,-1.149999976,-1,-1.074999988,0.144337567,1,0,0.149999976,1,1,2023,Mar,Q1,Year2,NA
3/9/2023,Sheep Station,White,3,96,-1.266666691,-1.099999984,-1.183333337,0.189296922,1,1,0.166666706,1,1,2023,Mar,Q1,Year2,NA
3/10/2023,Sheep Station,Black,4,82.5,-1.025000006,-0.875,-0.950000003,0.147196033,1,0,0.150000006,1,1,2023,Mar,Q1,Year2,NA
3/10/2023,Sheep Station,White,3,96,-1.099999984,-0.966666679,-1.033333331,0.189296945,1,1,0.133333306,1,1,2023,Mar,Q1,Year2,NA
3/11/2023,Sheep Station,Black,3,96,-0.933333337,-0.866666655,-0.899999996,0.132287563,1,1,0.066666683,1,1,2023,Mar,Q1,Year2,NA
3/11/2023,Sheep Station,White,3,96,-1,-0.900000016,-0.950000008,0.173205105,1,1,0.099999984,1,1,2023,Mar,Q1,Year2,NA
3/12/2023,Sheep Station,Black,3,96,-1.033333341,-0.933333337,-0.983333339,0.115470064,1,1,0.100000004,1,1,2023,Mar,Q1,Year2,NA
3/12/2023,Sheep Station,White,3,96,-1.033333302,-0.966666679,-0.99999999,0.217944955,1,1,0.066666623,1,1,2023,Mar,Q1,Year2,NA
3/13/2023,Sheep Station,Black,3,96,-1.00000002,-0.833333333,-0.916666677,0.175594241,1,1,0.166666687,1,1,2023,Mar,Q1,Year2,NA
3/13/2023,Sheep Station,White,3,96,-1.033333302,-0.866666675,-0.949999988,0.217944948,1,1,0.166666627,1,1,2023,Mar,Q1,Year2,NA
3/14/2023,Sheep Station,Black,3,96,-0.833333333,-0.299999992,-0.566666663,0.301385686,1,1,0.533333341,1,1,2023,Mar,Q1,Year2,NA
3/14/2023,Sheep Station,White,3,96,-0.900000016,-0.13333334,-0.516666678,0.292973275,1,1,0.766666676,1,1,2023,Mar,Q1,Year2,NA
3/15/2023,Sheep Station,Black,4,75,-0.124999993,0.075000001,-0.024999996,0.43493295,1,0,0.199999994,1,1,2023,Mar,Q1,Year2,NA
3/15/2023,Sheep Station,White,3,96,-0.066666665,0.300000004,0.11666667,0.275378529,1,1,0.36666667,1,1,2023,Mar,Q1,Year2,NA
3/16/2023,Sheep Station,Black,4,84,0.025000004,0.1,0.062500002,0.385951212,1,0,0.074999996,1,1,2023,Mar,Q1,Year2,NA
3/16/2023,Sheep Station,White,4,72.25,0.200000005,0.250000002,0.225000003,0.210158673,1,0,0.049999997,1,1,2023,Mar,Q1,Year2,NA
3/17/2023,Sheep Station,Black,4,83.75,-0.050000004,0.075000001,0.012499998,0.440407019,1,0,0.125000006,1,1,2023,Mar,Q1,Year2,NA
3/17/2023,Sheep Station,White,3,96,0.233333342,0.333333336,0.283333339,0.160727516,1,1,0.099999994,1,1,2023,Mar,Q1,Year2,NA
3/18/2023,Sheep Station,Black,4,90.25,-0.174999997,0,-0.087499999,0.510514454,1,0,0.174999997,1,1,2023,Mar,Q1,Year2,NA
3/18/2023,Sheep Station,White,3,96,0.133333335,0.266666673,0.200000004,0.100000001,1,1,0.133333338,1,1,2023,Mar,Q1,Year2,NA
3/19/2023,Sheep Station,Black,4,90,-0.249999996,-0.125000007,-0.187500002,0.564763974,1,0,0.124999989,1,1,2023,Mar,Q1,Year2,NA
3/19/2023,Sheep Station,White,3,96,0.033333334,0.166666672,0.100000003,0.13228757,1,1,0.133333338,1,1,2023,Mar,Q1,Year2,NA
3/20/2023,Sheep Station,Black,4,92,-0.250000006,-0.100000005,-0.175000005,0.504149462,1,0,0.15,1,1,2023,Mar,Q1,Year2,NA
3/20/2023,Sheep Station,White,3,96,0.066666668,0.166666672,0.11666667,0.115470058,1,1,0.100000004,1,1,2023,Mar,Q1,Year2,NA
3/21/2023,Sheep Station,Black,4,96,-0.175000003,0.024999995,-0.075000004,0.41733281,1,1,0.199999997,1,1,2023,Mar,Q1,Year2,NA
3/21/2023,Sheep Station,White,4,76.25,0.075000001,0.175000003,0.125000002,0.132287568,1,0,0.100000001,1,1,2023,Mar,Q1,Year2,NA
3/22/2023,Sheep Station,Black,4,96,-0.1,0.049999997,-0.025000001,0.366287689,1,1,0.149999997,1,1,2023,Mar,Q1,Year2,NA
3/22/2023,Sheep Station,White,4,80.75,0.125000004,0.175000003,0.150000003,0.158113887,1,0,0.049999999,1,1,2023,Mar,Q1,Year2,NA
3/23/2023,Sheep Station,Black,4,96,-0.1,0,-0.05,0.365148378,1,1,0.1,1,1,2023,Mar,Q1,Year2,NA
3/23/2023,Sheep Station,White,4,74,0.075000001,0.175000003,0.125000002,0.132287568,1,0,0.100000001,1,1,2023,Mar,Q1,Year2,NA
3/24/2023,Sheep Station,Black,4,96,-0.075000001,0.1,0.012499999,0.322425708,1,1,0.175000001,1,1,2023,Mar,Q1,Year2,NA
3/24/2023,Sheep Station,White,3,96,0.166666672,0.266666673,0.216666672,0.152752527,1,1,0.100000001,1,1,2023,Mar,Q1,Year2,NA
3/25/2023,Sheep Station,Black,4,96,-0.025,0.075000001,0.025,0.275378534,1,1,0.100000001,1,1,2023,Mar,Q1,Year2,NA
3/25/2023,Sheep Station,White,4,74.25,0.100000001,0.200000005,0.150000003,0.147196017,1,0,0.100000003,1,1,2023,Mar,Q1,Year2,NA
3/26/2023,Sheep Station,Black,4,96,-0.049999999,0.049999999,0,0.310912643,1,1,0.099999998,1,1,2023,Mar,Q1,Year2,NA
3/26/2023,Sheep Station,White,3,96,0.133333335,0.166666672,0.150000003,0.132287569,1,1,0.033333336,1,1,2023,Mar,Q1,Year2,NA
3/27/2023,Sheep Station,Black,4,96,-0.049999999,0.024999999,-0.0125,0.303795443,1,1,0.074999997,1,1,2023,Mar,Q1,Year2,NA
3/27/2023,Sheep Station,White,4,73,0.075000001,0.125000004,0.100000002,0.12247449,1,0,0.050000003,1,1,2023,Mar,Q1,Year2,NA
3/28/2023,Sheep Station,Black,4,96,-0.049999999,0.049999999,0,0.310912643,1,1,0.099999998,1,1,2023,Mar,Q1,Year2,NA
3/28/2023,Sheep Station,White,3,96,0.133333335,0.166666672,0.150000003,0.132287569,1,1,0.033333336,1,1,2023,Mar,Q1,Year2,NA
3/29/2023,Sheep Station,Black,4,85.75,-0.025,0.075000001,0.025,0.275378534,1,0,0.100000001,1,1,2023,Mar,Q1,Year2,NA
3/29/2023,Sheep Station,White,3,96,0.133333335,0.200000008,0.166666672,0.144337572,1,1,0.066666673,1,1,2023,Mar,Q1,Year2,NA
3/30/2023,Sheep Station,Black,4,96,0.025,0.150000004,0.087500002,0.256173776,1,1,0.125000004,1,1,2023,Mar,Q1,Year2,NA
3/30/2023,Sheep Station,White,4,72.25,0.150000006,0.175000004,0.162500005,0.188745867,1,0,0.024999999,1,1,2023,Mar,Q1,Year2,NA
3/31/2023,Sheep Station,Black,4,95.75,0.075000003,0.175000003,0.125000003,0.23979158,1,0,0.1,1,1,2023,Mar,Q1,Year2,NA
3/31/2023,Sheep Station,White,3,96,0.200000008,0.300000004,0.250000006,0.173205085,1,1,0.099999997,1,1,2023,Mar,Q1,Year2,NA
4/1/2023,Sheep Station,Black,4,96,0.100000003,0.225000003,0.162500003,0.201556447,1,1,0.125,1,1,2023,Apr,Q2,Year2,NA
4/1/2023,Sheep Station,White,3,96,0.233333339,0.300000004,0.266666672,0.189296949,1,1,0.066666665,1,1,2023,Apr,Q2,Year2,NA
4/2/2023,Sheep Station,Black,4,96,0.125000006,0.250000004,0.187500005,0.193110508,1,1,0.124999998,1,1,2023,Apr,Q2,Year2,NA
4/2/2023,Sheep Station,White,4,74.25,0.225000003,0.250000002,0.237500003,0.221265303,1,0,0.024999999,1,1,2023,Apr,Q2,Year2,NA
4/3/2023,Sheep Station,Black,4,96,0.175000006,0.250000004,0.212500005,0.1652019,1,1,0.074999997,1,1,2023,Apr,Q2,Year2,NA
4/3/2023,Sheep Station,White,4,75.5,0.225000003,0.250000002,0.237500003,0.221265303,1,0,0.024999999,1,1,2023,Apr,Q2,Year2,NA
4/4/2023,Sheep Station,Black,4,95,0.175000006,0.275000004,0.225000005,0.155456321,1,0,0.099999998,1,1,2023,Apr,Q2,Year2,NA
4/4/2023,Sheep Station,White,4,74.25,0.250000002,0.250000002,0.250000002,0.238047615,1,0,0,1,1,2023,Apr,Q2,Year2,NA
4/5/2023,Sheep Station,Black,4,96,0.225000005,0.300000004,0.262500005,0.143614067,1,1,0.074999999,1,1,2023,Apr,Q2,Year2,NA
4/5/2023,Sheep Station,White,3,77,0.333333336,0.366666667,0.350000001,0.217944947,1,0,0.033333331,1,1,2023,Apr,Q2,Year2,NA
4/6/2023,Sheep Station,Black,4,96,0.225000005,0.300000004,0.262500005,0.143614067,1,1,0.074999999,1,1,2023,Apr,Q2,Year2,NA
4/6/2023,Sheep Station,White,4,75.25,0.250000002,0.275,0.262500001,0.249582986,1,0,0.024999999,1,1,2023,Apr,Q2,Year2,NA
4/7/2023,Sheep Station,Black,4,96,0.225000005,0.300000004,0.262500005,0.143614067,1,1,0.074999999,1,1,2023,Apr,Q2,Year2,NA
4/7/2023,Sheep Station,White,3,96,0.333333336,0.366666667,0.350000001,0.217944947,1,1,0.033333331,1,1,2023,Apr,Q2,Year2,NA
4/8/2023,Sheep Station,Black,4,96,0.225000005,0.300000004,0.262500005,0.143614067,1,1,0.074999999,1,1,2023,Apr,Q2,Year2,NA
4/8/2023,Sheep Station,White,3,96,0.333333336,0.400000008,0.366666672,0.236290786,1,1,0.066666673,1,1,2023,Apr,Q2,Year2,NA
4/9/2023,Sheep Station,Black,4,96,0.225000005,0.300000004,0.262500005,0.143614067,1,1,0.074999999,1,1,2023,Apr,Q2,Year2,NA
4/9/2023,Sheep Station,White,3,96,0.333333336,0.400000008,0.366666672,0.236290786,1,1,0.066666673,1,1,2023,Apr,Q2,Year2,NA
4/10/2023,Sheep Station,Black,4,96,0.250000006,0.300000004,0.275000005,0.132287566,1,1,0.049999999,1,1,2023,Apr,Q2,Year2,NA
4/10/2023,Sheep Station,White,3,96,0.366666677,0.400000008,0.383333343,0.256580082,1,1,0.033333331,1,1,2023,Apr,Q2,Year2,NA
4/11/2023,Sheep Station,Black,4,96,0.250000006,0.375000011,0.312500008,0.143614071,1,1,0.125000006,1,1,2023,Apr,Q2,Year2,NA
4/11/2023,Sheep Station,White,3,96,0.333333346,0.466666671,0.400000008,0.264575139,1,1,0.133333325,1,1,2023,Apr,Q2,Year2,NA
4/12/2023,Sheep Station,Black,4,96,0.250000006,0.400000013,0.325000009,0.132287569,1,1,0.150000008,1,1,2023,Apr,Q2,Year2,NA
4/12/2023,Sheep Station,White,4,78.5,0.250000009,0.375000004,0.312500007,0.283945425,1,0,0.124999994,1,1,2023,Apr,Q2,Year2,NA
4/13/2023,Sheep Station,Black,4,96,0.275000006,0.550000004,0.412500005,0.14930394,1,1,0.274999999,1,1,2023,Apr,Q2,Year2,NA
4/13/2023,Sheep Station,White,4,77.5,0.250000009,0.75,0.500000005,0.469041575,1,0,0.499999991,1,1,2023,Apr,Q2,Year2,NA
4/14/2023,Sheep Station,Black,4,96,0.225000005,0.70000001,0.462500008,0.228673712,1,1,0.475000005,1,1,2023,Apr,Q2,Year2,NA
4/14/2023,Sheep Station,White,3,96,0.100000004,1.766666651,0.933333327,0.711219591,1,1,1.666666647,1,0,2023,Apr,Q2,Year2,NA
4/15/2023,Sheep Station,Black,4,96,0.075000001,1.875000045,0.975000023,1.078965598,1,1,1.800000044,1,0,2023,Apr,Q2,Year2,NA
4/15/2023,Sheep Station,White,3,96,-0.333333326,3.76666671,1.716666692,1.722159567,1,1,4.100000036,0,0,2023,Apr,Q2,Year2,NA
4/16/2023,Sheep Station,Black,4,96,0.225000007,10.70000014,5.462500072,3.273472951,1,1,10.47500013,0,0,2023,Apr,Q2,Year2,NA
4/16/2023,Sheep Station,White,3,96,0.266666668,8.166666468,4.216666568,3.197785635,1,1,7.8999998,0,0,2023,Apr,Q2,Year2,NA
4/17/2023,Sheep Station,Black,4,96,0.225000007,17.625,8.925000004,3.166622795,1,1,17.39999999,0,0,2023,Apr,Q2,Year2,NA
4/17/2023,Sheep Station,White,3,96,0.133333333,12.66666655,6.39999994,4.706113001,1,1,12.53333321,0,0,2023,Apr,Q2,Year2,NA
4/18/2023,Sheep Station,Black,4,96,0.424999995,16.77499962,8.599999807,1.62992833,1,1,16.34999962,0,0,2023,Apr,Q2,Year2,NA
4/18/2023,Sheep Station,White,3,96,-0.066666663,12.46666686,6.200000097,2.884441229,1,1,12.53333352,0,0,2023,Apr,Q2,Year2,NA
4/19/2023,Sheep Station,Black,4,96,1.199999996,18.42500019,9.812500093,1.641835728,1,1,17.2250002,0,0,2023,Apr,Q2,Year2,NA
4/19/2023,Sheep Station,White,3,96,0.599999997,15.66666667,8.133333332,1.931536525,1,1,15.06666667,0,0,2023,Apr,Q2,Year2,NA
4/20/2023,Sheep Station,Black,4,96,1.274999991,18.2750001,9.775000043,0.250000323,1,1,17.0000001,0,0,2023,Apr,Q2,Year2,NA
4/20/2023,Sheep Station,White,3,96,0.866666675,15.63333321,8.24999994,0.90138767,1,1,14.76666653,0,0,2023,Apr,Q2,Year2,NA
4/21/2023,Sheep Station,Black,4,96,1.400000036,21.92499924,11.66249964,0.402854393,1,1,20.5249992,0,0,2023,Apr,Q2,Year2,NA
4/21/2023,Sheep Station,White,3,96,0.566666673,18.90000025,9.733333463,0.752218764,1,1,18.33333358,0,0,2023,Apr,Q2,Year2,NA
4/22/2023,Sheep Station,Black,4,96,1.900000006,22.60000038,12.25000019,2.790758581,1,1,20.70000038,0,0,2023,Apr,Q2,Year2,NA
4/22/2023,Sheep Station,White,3,96,0.900000008,20.66666667,10.78333334,2.254070277,1,1,19.76666666,0,0,2023,Apr,Q2,Year2,NA
4/23/2023,Sheep Station,Black,4,96,1.025000006,21.5999999,11.31249996,1.824543455,1,1,20.5749999,0,0,2023,Apr,Q2,Year2,NA
4/23/2023,Sheep Station,White,3,96,0.399999991,19.59999975,9.999999868,1.837797722,1,1,19.19999975,0,0,2023,Apr,Q2,Year2,NA
4/24/2023,Sheep Station,Black,4,96,2.899999976,18.39999962,10.6499998,5.428320644,1,1,15.49999964,0,0,2023,Apr,Q2,Year2,NA
4/24/2023,Sheep Station,White,4,72.5,2.175000012,14.17500031,8.175000161,4.650179203,1,0,12.0000003,0,0,2023,Apr,Q2,Year2,NA
4/25/2023,Sheep Station,Black,4,96,3.850000024,26.29999971,15.07499987,4.026681638,1,1,22.44999969,0,0,2023,Apr,Q2,Year2,NA
4/25/2023,Sheep Station,White,4,72.25,3.300000042,18.35000002,10.82500003,5.530144768,1,0,15.04999998,0,0,2023,Apr,Q2,Year2,NA
4/26/2023,Sheep Station,Black,4,96,4.200000018,29.2249999,16.71249996,3.869404422,1,1,25.02499989,0,0,2023,Apr,Q2,Year2,NA
4/26/2023,Sheep Station,White,4,75.25,3.25,21.22500014,12.23750007,6.014202031,1,0,17.97500014,0,0,2023,Apr,Q2,Year2,NA
4/27/2023,Sheep Station,Black,4,96,5.974999905,26.6500001,16.3125,3.68835443,1,1,20.67500019,0,0,2023,Apr,Q2,Year2,NA
4/27/2023,Sheep Station,White,3,96,5.633333445,24.53333346,15.08333345,3.50368871,1,1,18.90000002,0,0,2023,Apr,Q2,Year2,NA
4/28/2023,Sheep Station,Black,4,49,4.475000054,28.12499952,16.29999979,2.796724171,1,0,23.64999947,0,0,2023,Apr,Q2,Year2,NA
4/28/2023,Sheep Station,White,3,49,4.399999976,25.1666673,14.78333364,2.947173708,1,0,20.76666733,0,0,2023,Apr,Q2,Year2,NA
5/4/2023,Sheep Station,Black,4,36,11.17500019,20.47500038,15.82500029,0.707695976,1,0,9.300000191,0,0,2023,May,Q2,Year2,NA
5/4/2023,Sheep Station,White,3,36,9.633333524,18.30000051,13.96666702,0.784750507,1,0,8.666666985,0,0,2023,May,Q2,Year2,NA
5/5/2023,Sheep Station,Black,4,96,7.299999952,20.55000019,13.92500007,0.676387117,1,1,13.25000024,0,0,2023,May,Q2,Year2,NA
5/5/2023,Sheep Station,White,3,96,6.366666635,17.60000006,11.98333335,1.040832866,1,1,11.23333343,0,0,2023,May,Q2,Year2,NA
5/6/2023,Sheep Station,Black,4,96,3.25,15.42500019,9.337500095,0.423034703,1,1,12.17500019,0,0,2023,May,Q2,Year2,NA
5/6/2023,Sheep Station,White,3,96,2.333333294,13.80000019,8.066666742,0.71472611,1,1,11.4666669,0,0,2023,May,Q2,Year2,NA
5/7/2023,Sheep Station,Black,4,96,5.175000072,16.64999962,10.91249985,0.654949083,1,1,11.47499955,0,0,2023,May,Q2,Year2,NA
5/7/2023,Sheep Station,White,3,96,4.333333333,14.53333314,9.433333238,0.86071647,1,1,10.19999981,0,0,2023,May,Q2,Year2,NA
5/8/2023,Sheep Station,Black,4,96,1.100000016,24.9749999,13.03749996,0.785679035,1,1,23.87499989,0,0,2023,May,Q2,Year2,NA
5/8/2023,Sheep Station,White,3,96,0.733333342,20.66666667,10.7,1.132475091,1,1,19.93333332,0,0,2023,May,Q2,Year2,NA
5/9/2023,Sheep Station,Black,4,96,2.850000024,23.90000057,13.3750003,0.817006741,1,1,21.05000055,0,0,2023,May,Q2,Year2,NA
5/9/2023,Sheep Station,White,3,96,2.066666683,20,11.03333334,1.305118208,1,1,17.93333332,0,0,2023,May,Q2,Year2,NA
5/10/2023,Sheep Station,Black,4,96,2.550000012,15.14999986,8.849999934,0.463680851,1,1,12.59999985,0,0,2023,May,Q2,Year2,NA
5/10/2023,Sheep Station,White,3,96,1.900000016,13.19999981,7.549999913,0.409267729,1,1,11.29999979,0,0,2023,May,Q2,Year2,NA
5/11/2023,Sheep Station,Black,4,96,4.100000024,28.44999981,16.27499992,1.193384788,1,1,24.34999979,0,0,2023,May,Q2,Year2,NA
5/11/2023,Sheep Station,White,3,96,3.666666667,24.13333321,13.89999994,1.480709039,1,1,20.46666654,0,0,2023,May,Q2,Year2,NA
5/12/2023,Sheep Station,Black,4,96,5.524999976,26.92500019,16.22500008,1.078965562,1,1,21.40000021,0,0,2023,May,Q2,Year2,NA
5/12/2023,Sheep Station,White,3,96,4.73333327,23.40000025,14.06666676,1.140541153,1,1,18.66666698,0,0,2023,May,Q2,Year2,NA
5/13/2023,Sheep Station,Black,4,96,7.424999952,24.67500019,16.05000007,1.213122688,1,1,17.25000024,0,0,2023,May,Q2,Year2,NA
5/13/2023,Sheep Station,White,3,96,6.600000064,21.73333295,14.16666651,1.304159786,1,1,15.13333289,0,0,2023,May,Q2,Year2,NA
5/14/2023,Sheep Station,Black,4,96,7.800000072,27.75000048,17.77500027,1.110930495,1,1,19.95000041,0,0,2023,May,Q2,Year2,NA
5/14/2023,Sheep Station,White,3,96,7.133333365,24.53333346,15.83333341,1.426826737,1,1,17.4000001,0,0,2023,May,Q2,Year2,NA
5/15/2023,Sheep Station,Black,4,96,9.775000095,29.07500029,19.42500019,0.978519408,1,1,19.30000019,0,0,2023,May,Q2,Year2,NA
5/15/2023,Sheep Station,White,3,96,9.133333206,25.29999987,17.21666654,1.350308743,1,1,16.16666667,0,0,2023,May,Q2,Year2,NA
5/16/2023,Sheep Station,Black,4,96,7.475000024,34.44999981,20.96249992,0.832040422,1,1,26.97499979,0,0,2023,May,Q2,Year2,NA
5/16/2023,Sheep Station,White,3,96,6.566666603,29.70000076,18.13333368,1.61580758,1,1,23.13333416,0,0,2023,May,Q2,Year2,NA
5/17/2023,Sheep Station,Black,4,96,7.875000119,31.67499971,19.77499992,0.764307926,1,1,23.79999959,0,0,2023,May,Q2,Year2,NA
5/17/2023,Sheep Station,White,3,96,6.766666571,27.23333359,17.00000008,1.09658576,1,1,20.46666702,0,0,2023,May,Q2,Year2,NA
5/18/2023,Sheep Station,Black,4,96,10.9000001,33.125,22.01250005,0.950766941,1,1,22.2249999,0,0,2023,May,Q2,Year2,NA
5/18/2023,Sheep Station,White,3,96,9.633333524,28.63333384,19.13333368,1.351233906,1,1,19.00000032,0,0,2023,May,Q2,Year2,NA
5/19/2023,Sheep Station,Black,4,96,8.250000238,36.77500057,22.51250041,1.020927509,1,1,28.52500033,0,0,2023,May,Q2,Year2,NA
5/19/2023,Sheep Station,White,3,96,7.000000159,31.1666673,19.08333373,1.325079019,1,1,24.16666714,0,0,2023,May,Q2,Year2,NA
5/20/2023,Sheep Station,Black,4,96,10.05000019,37.875,23.9625001,1.077323209,1,1,27.82499981,0,0,2023,May,Q2,Year2,NA
5/20/2023,Sheep Station,White,3,96,8.466666698,32.46666654,20.46666662,1.525068036,1,1,23.99999984,0,0,2023,May,Q2,Year2,NA
5/21/2023,Sheep Station,Black,4,96,11.92499995,37.55000019,24.73750007,1.053861873,1,1,25.62500024,0,0,2023,May,Q2,Year2,NA
5/21/2023,Sheep Station,White,3,96,10.60000006,32.63333321,21.61666663,1.582982205,1,1,22.03333314,0,0,2023,May,Q2,Year2,NA
5/22/2023,Sheep Station,Black,4,96,12.17499995,32.70000029,22.43750012,0.841006646,1,1,20.52500033,0,0,2023,May,Q2,Year2,NA
5/22/2023,Sheep Station,White,3,96,10.69999981,29.09999975,19.89999978,1.293251552,1,1,18.39999994,0,0,2023,May,Q2,Year2,NA
5/23/2023,Sheep Station,Black,4,96,9.525000095,35.375,22.45000005,0.878446315,1,1,25.8499999,0,0,2023,May,Q2,Year2,NA
5/23/2023,Sheep Station,White,3,96,8.066666762,30.93333308,19.49999992,1.525614609,1,1,22.86666632,0,0,2023,May,Q2,Year2,NA
5/24/2023,Sheep Station,Black,4,96,12.39999986,31.32500029,21.86250007,0.819933761,1,1,18.92500043,0,0,2023,May,Q2,Year2,NA
5/24/2023,Sheep Station,White,4,81,11.62500024,24.47500038,18.05000031,3.059411752,1,0,12.85000014,0,0,2023,May,Q2,Year2,NA
5/25/2023,Sheep Station,Black,4,96,9.849999905,34.97500134,22.41250062,0.546770874,1,1,25.12500143,0,0,2023,May,Q2,Year2,NA
5/25/2023,Sheep Station,White,4,82.5,9.000000238,25.74999976,17.375,3.801863449,1,0,16.74999952,0,0,2023,May,Q2,Year2,NA
5/26/2023,Sheep Station,Black,4,96,11.45000005,31.69999933,21.57499969,0.80259986,1,1,20.24999928,0,0,2023,May,Q2,Year2,NA
5/26/2023,Sheep Station,White,4,79,10.57500005,23.64999962,17.11249983,3.740627136,1,0,13.07499957,0,0,2023,May,Q2,Year2,NA
5/27/2023,Sheep Station,Black,4,96,8.850000143,32.42500067,20.63750041,0.580768219,1,1,23.57500052,0,0,2023,May,Q2,Year2,NA
5/27/2023,Sheep Station,White,4,75.25,7.700000048,22.54999995,15.125,4.659130807,1,0,14.8499999,0,0,2023,May,Q2,Year2,NA
5/28/2023,Sheep Station,Black,4,96,8.275000095,31.95000029,20.11250019,0.39237499,1,1,23.67500019,0,0,2023,May,Q2,Year2,NA
5/28/2023,Sheep Station,White,4,93.75,7.125,25.92499971,16.52499986,1.057118642,1,0,18.79999971,0,0,2023,May,Q2,Year2,NA
5/29/2023,Sheep Station,Black,4,96,8.149999976,35.67500019,21.91250008,0.531311348,1,1,27.52500021,0,0,2023,May,Q2,Year2,NA
5/29/2023,Sheep Station,White,4,83.25,7.200000048,26.22499967,16.71249986,3.57686408,1,0,19.02499962,0,0,2023,May,Q2,Year2,NA
5/30/2023,Sheep Station,Black,4,96,8.649999857,38.92499924,23.78749955,0.540640068,1,1,30.27499938,0,0,2023,May,Q2,Year2,NA
5/30/2023,Sheep Station,White,3,96,7.533333302,32.93333244,20.23333287,1.445971071,1,1,25.39999914,0,0,2023,May,Q2,Year2,NA
5/31/2023,Sheep Station,Black,4,96,10.2750001,39.19999886,24.73749948,0.319830761,1,1,28.92499876,0,0,2023,May,Q2,Year2,NA
5/31/2023,Sheep Station,White,3,96,8.933333397,33.16666667,21.05000003,1.293251598,1,1,24.23333327,0,0,2023,May,Q2,Year2,NA
6/1/2023,Sheep Station,Black,4,96,9.350000143,39.67500019,24.51250017,0.50228612,1,1,30.32500005,0,0,2023,Jun,Q2,Year2,NA
6/1/2023,Sheep Station,White,3,96,8.099999905,33.69999949,20.8999997,1.57876559,1,1,25.59999959,0,0,2023,Jun,Q2,Year2,NA
6/2/2023,Sheep Station,Black,4,96,12.5250001,25.7249999,19.125,0.529937115,1,1,13.19999981,0,0,2023,Jun,Q2,Year2,NA
6/2/2023,Sheep Station,White,3,96,10.79999987,22.63333384,16.71666686,0.752218756,1,1,11.83333397,0,0,2023,Jun,Q2,Year2,NA
6/3/2023,Sheep Station,Black,4,96,10.29999995,23.70000029,17.00000012,0.675770955,1,1,13.40000033,0,0,2023,Jun,Q2,Year2,NA
6/3/2023,Sheep Station,White,3,96,9.53333346,21.76666641,15.64999994,1.085126982,1,1,12.23333295,0,0,2023,Jun,Q2,Year2,NA
6/4/2023,Sheep Station,Black,4,96,10.20000005,38.05000019,24.12500012,0.533073045,1,1,27.85000014,0,0,2023,Jun,Q2,Year2,NA
6/4/2023,Sheep Station,White,3,96,9.433333397,33.13333257,21.28333298,1.556705613,1,1,23.69999917,0,0,2023,Jun,Q2,Year2,NA
6/5/2023,Sheep Station,Black,4,96,11.75,38.375,25.0625,0.35443675,1,1,26.625,0,0,2023,Jun,Q2,Year2,NA
6/5/2023,Sheep Station,White,3,96,10.5666666,32.83333333,21.69999997,1.28160026,1,1,22.26666673,0,0,2023,Jun,Q2,Year2,NA
6/6/2023,Sheep Station,Black,4,96,12.54999995,40.82499981,26.68749988,0.498956764,1,1,28.27499986,0,0,2023,Jun,Q2,Year2,NA
6/6/2023,Sheep Station,White,3,96,11.10000006,35.70000076,23.40000041,1.525614636,1,1,24.6000007,0,0,2023,Jun,Q2,Year2,NA
6/7/2023,Sheep Station,Black,4,96,13.9000001,42.30000019,28.10000014,0.615087935,1,1,28.4000001,0,0,2023,Jun,Q2,Year2,NA
6/7/2023,Sheep Station,White,3,96,12.19999981,37.03333282,24.61666632,1.606496776,1,1,24.83333302,0,0,2023,Jun,Q2,Year2,NA
6/8/2023,Sheep Station,Black,4,96,14.9000001,32.77499962,23.83749986,0.502286045,1,1,17.87499952,0,0,2023,Jun,Q2,Year2,NA
6/8/2023,Sheep Station,White,3,96,13.73333327,29.16666667,21.44999997,1.31148809,1,1,15.4333334,0,0,2023,Jun,Q2,Year2,NA
6/9/2023,Sheep Station,Black,4,96,10.29999995,38.32499886,24.3124994,0.512144366,1,1,28.0249989,0,0,2023,Jun,Q2,Year2,NA
6/9/2023,Sheep Station,White,3,96,9.100000064,33.20000013,21.1500001,1.325707416,1,1,24.10000006,0,0,2023,Jun,Q2,Year2,NA
6/10/2023,Sheep Station,Black,4,96,10.82499981,36.39999962,23.61249971,0.434693602,1,1,25.57499981,0,0,2023,Jun,Q2,Year2,NA
6/10/2023,Sheep Station,White,3,96,9.299999873,31.49999873,20.3999993,1.10566693,1,1,22.19999886,0,0,2023,Jun,Q2,Year2,NA
6/11/2023,Sheep Station,Black,4,96,13.39999986,38.42500019,25.91250002,0.676233685,1,1,25.02500033,0,0,2023,Jun,Q2,Year2,NA
6/11/2023,Sheep Station,White,3,96,11.63333321,34.29999987,22.96666654,1.726509305,1,1,22.66666667,0,0,2023,Jun,Q2,Year2,NA
6/12/2023,Sheep Station,Black,4,96,13.47500014,34.72500134,24.10000074,0.310912518,1,1,21.25000119,0,0,2023,Jun,Q2,Year2,NA
6/12/2023,Sheep Station,White,3,96,11.76666641,31.40000025,21.58333333,1.241303313,1,1,19.63333384,0,0,2023,Jun,Q2,Year2,NA
6/13/2023,Sheep Station,Black,4,96,14.07500005,23.72500038,18.90000021,0.465474788,1,1,9.650000334,0,0,2023,Jun,Q2,Year2,NA
6/13/2023,Sheep Station,White,3,96,12.13333352,21.59999975,16.86666663,0.548482327,1,1,9.466666222,0,0,2023,Jun,Q2,Year2,NA
6/14/2023,Sheep Station,Black,4,96,14.42499995,29.1500001,21.78750002,0.283945626,1,1,14.72500014,0,0,2023,Jun,Q2,Year2,NA
6/14/2023,Sheep Station,White,3,96,13.20000013,26.39999962,19.79999987,0.983615677,1,1,13.19999949,0,0,2023,Jun,Q2,Year2,NA
6/15/2023,Sheep Station,Black,4,96,9.075000048,32.02499962,20.54999983,0.929157524,1,1,22.94999957,0,0,2023,Jun,Q2,Year2,NA
6/15/2023,Sheep Station,White,3,96,7.700000127,28.86666743,18.28333378,1.351233977,1,1,21.1666673,0,0,2023,Jun,Q2,Year2,NA
6/16/2023,Sheep Station,Black,4,96,10.42499995,35.55000019,22.98750007,0.390245738,1,1,25.12500024,0,0,2023,Jun,Q2,Year2,NA
6/16/2023,Sheep Station,White,3,96,8.899999936,31.09999975,19.99999984,1.213466181,1,1,22.19999981,0,0,2023,Jun,Q2,Year2,NA
6/17/2023,Sheep Station,Black,4,96,11.70000005,31.30000019,21.50000012,0.369684606,1,1,19.60000014,0,0,2023,Jun,Q2,Year2,NA
6/17/2023,Sheep Station,White,3,96,9.599999746,28.29999987,18.94999981,1.47732869,1,1,18.70000013,0,0,2023,Jun,Q2,Year2,NA
6/18/2023,Sheep Station,Black,4,96,12.9000001,22.9000001,17.9000001,0.402077849,1,1,10,0,0,2023,Jun,Q2,Year2,NA
6/18/2023,Sheep Station,White,3,96,11,21.53333346,16.26666673,0.742181329,1,1,10.53333346,0,0,2023,Jun,Q2,Year2,NA
6/19/2023,Sheep Station,Black,4,96,7.100000024,28.2750001,17.68750006,0.502286205,1,1,21.17500007,0,0,2023,Jun,Q2,Year2,NA
6/19/2023,Sheep Station,White,3,96,5.833333333,24.83333333,15.33333333,0.964797305,1,1,19,0,0,2023,Jun,Q2,Year2,NA
6/20/2023,Sheep Station,Black,4,96,9.325000048,28.32499981,18.82499993,0.347611248,1,1,18.99999976,0,0,2023,Jun,Q2,Year2,NA
6/20/2023,Sheep Station,White,3,96,8.000000159,25.10000038,16.55000027,1.342572161,1,1,17.10000022,0,0,2023,Jun,Q2,Year2,NA
6/21/2023,Sheep Station,Black,4,96,6.75,29.0999999,17.92499995,0.483907605,1,1,22.3499999,0,0,2023,Jun,Q2,Year2,NA
6/21/2023,Sheep Station,White,3,96,4.866666794,25.93333308,15.39999994,1.227803026,1,1,21.06666629,0,0,2023,Jun,Q2,Year2,NA
6/22/2023,Sheep Station,Black,4,96,7.774999976,37.67500019,22.72500008,0.429145748,1,1,29.90000021,0,0,2023,Jun,Q2,Year2,NA
6/22/2023,Sheep Station,White,3,96,5.866666635,34.10000038,19.98333351,1.733734295,1,1,28.23333375,0,0,2023,Jun,Q2,Year2,NA
6/23/2023,Sheep Station,Black,4,96,13.32500029,21.75,17.53750014,0.708725304,1,1,8.424999714,0,0,2023,Jun,Q2,Year2,NA
6/23/2023,Sheep Station,White,3,96,11.33333365,19.69999949,15.51666657,0.585946511,1,1,8.36666584,0,0,2023,Jun,Q2,Year2,NA
6/24/2023,Sheep Station,Black,4,96,8.600000262,33.45000076,21.02500051,0.347611059,1,1,24.8500005,0,0,2023,Jun,Q2,Year2,NA
6/24/2023,Sheep Station,White,3,96,7.066666603,30.36666616,18.71666638,1.569500478,1,1,23.29999955,0,0,2023,Jun,Q2,Year2,NA
6/25/2023,Sheep Station,Black,4,96,9.674999952,38.22500038,23.95000017,0.40824868,1,1,28.55000043,0,0,2023,Jun,Q2,Year2,NA
6/25/2023,Sheep Station,White,3,96,8.233333429,34.6666673,21.45000037,1.520690672,1,1,26.43333387,0,0,2023,Jun,Q2,Year2,NA
6/26/2023,Sheep Station,Black,4,96,11.14999986,37.82499981,24.48749983,0.2868645,1,1,26.67499995,0,0,2023,Jun,Q2,Year2,NA
6/26/2023,Sheep Station,White,3,96,9.633333206,34.89999962,22.26666641,1.775058912,1,1,25.26666641,0,0,2023,Jun,Q2,Year2,NA
6/27/2023,Sheep Station,Black,4,96,13.30000019,37.07499981,25.1875,0.596342878,1,1,23.77499962,0,0,2023,Jun,Q2,Year2,NA
6/27/2023,Sheep Station,White,3,96,11.5,33.43333308,22.46666654,1.654035018,1,1,21.93333308,0,0,2023,Jun,Q2,Year2,NA
6/28/2023,Sheep Station,Black,4,96,11.4000001,38.42499924,24.91249967,0.390245366,1,1,27.02499914,0,0,2023,Jun,Q2,Year2,NA
6/28/2023,Sheep Station,White,3,96,9.333333333,35.13333384,22.23333359,1.909406592,1,1,25.80000051,0,0,2023,Jun,Q2,Year2,NA
6/29/2023,Sheep Station,Black,4,96,13.79999995,39.32499886,26.5624994,0.467930124,1,1,25.5249989,0,0,2023,Jun,Q2,Year2,NA
6/29/2023,Sheep Station,White,3,96,11.83333333,36.30000114,24.06666724,1.977582837,1,1,24.46666781,0,0,2023,Jun,Q2,Year2,NA
6/30/2023,Sheep Station,Black,4,96,14.97500014,40.77499962,27.87499988,0.623832361,1,1,25.79999948,0,0,2023,Jun,Q2,Year2,NA
6/30/2023,Sheep Station,White,3,96,13,37.23333422,25.11666711,2.013910428,1,1,24.23333422,0,0,2023,Jun,Q2,Year2,NA
7/1/2023,Sheep Station,Black,4,96,16.07499981,42.67500019,29.375,0.777282283,1,1,26.60000038,0,0,2023,Jul,Q3,Year2,NA
7/1/2023,Sheep Station,White,3,96,13.96666654,38.83333333,26.39999994,2.042056912,1,1,24.86666679,0,0,2023,Jul,Q3,Year2,NA
7/2/2023,Sheep Station,Black,4,96,11.9000001,42.22500038,27.06250024,0.744283814,1,1,30.32500029,0,0,2023,Jul,Q3,Year2,NA
7/2/2023,Sheep Station,White,3,96,10.19999981,38.30000051,24.25000016,1.814524525,1,1,28.1000007,0,0,2023,Jul,Q3,Year2,NA
7/3/2023,Sheep Station,Black,4,96,14.32499981,41.07499981,27.69999981,1.061445741,1,1,26.75,0,0,2023,Jul,Q3,Year2,NA
7/3/2023,Sheep Station,White,3,96,12.16666635,36.56666692,24.36666663,1.713426909,1,1,24.40000057,0,0,2023,Jul,Q3,Year2,NA
7/4/2023,Sheep Station,Black,4,96,13.5999999,39.02499962,26.31249976,0.7016345,1,1,25.42499971,0,0,2023,Jul,Q3,Year2,NA
7/4/2023,Sheep Station,White,3,96,11.73333327,34.96666718,23.35000022,1.314343887,1,1,23.23333391,0,0,2023,Jul,Q3,Year2,NA
7/5/2023,Sheep Station,Black,4,96,11.6500001,45.47499943,28.56249976,0.927698835,1,1,33.82499933,0,0,2023,Jul,Q3,Year2,NA
7/5/2023,Sheep Station,White,3,96,10.03333346,39.36666616,24.69999981,1.909842646,1,1,29.3333327,0,0,2023,Jul,Q3,Year2,NA
7/6/2023,Sheep Station,Black,4,96,13.45000005,42.22500038,27.83750021,1.085798153,1,1,28.77500033,0,0,2023,Jul,Q3,Year2,NA
7/6/2023,Sheep Station,White,3,96,11.5666666,37.23333295,24.39999978,1.952562602,1,1,25.66666635,0,0,2023,Jul,Q3,Year2,NA
7/7/2023,Sheep Station,Black,4,96,11.32500005,42.02499962,26.67499983,0.651281425,1,1,30.69999957,0,0,2023,Jul,Q3,Year2,NA
7/7/2023,Sheep Station,White,3,96,10.10000006,37.33333333,23.7166667,1.619670911,1,1,27.23333327,0,0,2023,Jul,Q3,Year2,NA
7/8/2023,Sheep Station,Black,4,96,12.9749999,42.57499886,27.77499938,0.37749192,1,1,29.59999895,0,0,2023,Jul,Q3,Year2,NA
7/8/2023,Sheep Station,White,3,96,11.53333346,38.3333346,24.93333403,1.892308768,1,1,26.80000114,0,0,2023,Jul,Q3,Year2,NA
7/9/2023,Sheep Station,Black,4,96,14.62499976,45.09999943,29.86249959,0.829030852,1,1,30.47499967,0,0,2023,Jul,Q3,Year2,NA
7/9/2023,Sheep Station,White,3,96,12.70000013,40.0333341,26.36666711,2.025051606,1,1,27.33333397,0,0,2023,Jul,Q3,Year2,NA
7/10/2023,Sheep Station,Black,4,96,15.0999999,44.92500019,30.01250005,0.870224943,1,1,29.82500029,0,0,2023,Jul,Q3,Year2,NA
7/10/2023,Sheep Station,White,3,96,13.5,39.60000102,26.55000051,1.850000291,1,1,26.10000102,0,0,2023,Jul,Q3,Year2,NA
7/11/2023,Sheep Station,Black,4,96,17.37499952,47.47500038,32.42499995,1.026725748,1,1,30.10000086,0,0,2023,Jul,Q3,Year2,NA
7/11/2023,Sheep Station,White,3,96,15.59999975,41.09999975,28.34999975,2.239977378,1,1,25.5,0,0,2023,Jul,Q3,Year2,NA
7/12/2023,Sheep Station,Black,4,96,16.04999995,48.30000114,32.17500055,1.061838064,1,1,32.25000119,0,0,2023,Jul,Q3,Year2,NA
7/12/2023,Sheep Station,White,3,96,14.23333327,40.96666718,27.60000022,2.107724635,1,1,26.73333391,0,0,2023,Jul,Q3,Year2,NA
7/13/2023,Sheep Station,Black,4,96,15.52500033,46.79999924,31.16249979,0.938416155,1,1,31.2749989,0,0,2023,Jul,Q3,Year2,NA
7/13/2023,Sheep Station,White,3,96,13.70000013,40.43333435,27.06666724,2.052031367,1,1,26.73333422,0,0,2023,Jul,Q3,Year2,NA
7/14/2023,Sheep Station,Black,4,96,17.04999971,47.07499981,32.06249976,1.049901214,1,1,30.0250001,0,0,2023,Jul,Q3,Year2,NA
7/14/2023,Sheep Station,White,3,96,15.43333308,40.26666641,27.84999975,2.022375424,1,1,24.83333333,0,0,2023,Jul,Q3,Year2,NA
7/15/2023,Sheep Station,Black,4,96,17.04999971,50.64999962,33.84999967,1.114301233,1,1,33.5999999,0,0,2023,Jul,Q3,Year2,NA
7/15/2023,Sheep Station,White,3,96,15.5,43.33333333,29.41666667,2.314267287,1,1,27.83333333,0,0,2023,Jul,Q3,Year2,NA
7/16/2023,Sheep Station,Black,4,96,17.6500001,51.625,34.63750005,1.137522796,1,1,33.9749999,0,0,2023,Jul,Q3,Year2,NA
7/16/2023,Sheep Station,White,3,96,16.10000006,43.89999898,29.99999952,2.325403234,1,1,27.79999892,0,0,2023,Jul,Q3,Year2,NA
7/17/2023,Sheep Station,Black,4,86.25,18.07499981,39.90000057,28.98750019,1.585021624,1,0,21.82500076,0,0,2023,Jul,Q3,Year2,NA
7/17/2023,Sheep Station,White,3,96,16.40000025,39.5,27.95000013,0.444410129,1,1,23.09999975,0,0,2023,Jul,Q3,Year2,NA
7/18/2023,Sheep Station,Black,3,96,22.5,31.03333346,26.76666673,0.650640334,1,1,8.53333346,0,0,2023,Jul,Q3,Year2,NA
7/18/2023,Sheep Station,White,3,94.66666667,22.36666679,30.26666705,26.31666692,0.875119517,1,0,7.900000254,0,0,2023,Jul,Q3,Year2,NA
7/19/2023,Sheep Station,Black,3,59,22.13333321,24.46666718,23.30000019,0.264575239,1,0,2.333333969,0,0,2023,Jul,Q3,Year2,NA
7/19/2023,Sheep Station,White,3,59,22,24.5,23.25,0.264575239,1,0,2.5,0,0,2023,Jul,Q3,Year2,NA
12/10/2021,Boise High,Black,4,13,-0.924999982,0.250000004,-0.337499989,0.239356771,1,0,1.174999986,1,0,2021,Dec,Q4,Year1,NA
12/10/2021,Boise High,White,4,13,-0.999999985,0.100000001,-0.449999992,0.147196004,1,0,1.099999987,1,0,2021,Dec,Q4,Year1,NA
12/11/2021,Boise High,Black,4,24,-0.925000012,0.175000003,-0.375000005,0.239791587,1,1,1.100000015,1,0,2021,Dec,Q4,Year1,NA
12/11/2021,Boise High,White,4,24,-1.199999988,0.150000004,-0.524999992,0.170782516,1,1,1.349999992,1,0,2021,Dec,Q4,Year1,NA
12/12/2021,Boise High,Black,4,24,-0.175000006,0.375000009,0.100000001,0.195789009,1,1,0.550000016,1,1,2021,Dec,Q4,Year1,NA
12/12/2021,Boise High,White,4,24,-0.200000007,0.350000009,0.075000001,0.119023807,1,1,0.550000016,1,1,2021,Dec,Q4,Year1,NA
12/13/2021,Boise High,Black,4,24,0.375000011,3.225000024,1.800000018,0.1683251,1,1,2.850000013,0,0,2021,Dec,Q4,Year1,NA
12/13/2021,Boise High,White,4,24,0.32500001,1.950000048,1.137500029,0.275000027,1,1,1.625000037,1,0,2021,Dec,Q4,Year1,NA
12/14/2021,Boise High,Black,4,24,1.175000012,2.899999976,2.037499994,0.213600074,1,1,1.724999964,1,0,2021,Dec,Q4,Year1,NA
12/14/2021,Boise High,White,4,24,1.049999982,1.950000048,1.500000015,0.279880937,1,1,0.900000066,1,1,2021,Dec,Q4,Year1,NA
12/15/2021,Boise High,Black,4,24,0.875000015,1.175000012,1.025000013,0.232737348,1,1,0.299999997,1,1,2021,Dec,Q4,Year1,NA
12/15/2021,Boise High,White,4,24,0.799999997,1.049999982,0.92499999,0.170782503,1,1,0.249999985,1,1,2021,Dec,Q4,Year1,NA
12/16/2021,Boise High,Black,4,24,0.850000009,0.950000003,0.900000006,0.173205099,1,1,0.099999994,1,1,2021,Dec,Q4,Year1,NA
12/16/2021,Boise High,White,4,24,0.799999997,0.900000006,0.850000001,0.182574186,1,1,0.100000009,1,1,2021,Dec,Q4,Year1,NA
12/17/2021,Boise High,Black,4,24,0.57500001,1.025000006,0.800000008,0.141421372,1,1,0.449999996,1,1,2021,Dec,Q4,Year1,NA
12/17/2021,Boise High,White,4,24,0.474999992,0.925000012,0.700000002,0.324037043,1,1,0.45000002,1,1,2021,Dec,Q4,Year1,NA
12/18/2021,Boise High,Black,4,24,0.200000001,0.575000003,0.387500002,0.137689268,1,1,0.375000002,1,1,2021,Dec,Q4,Year1,NA
12/18/2021,Boise High,White,4,24,0.175000003,0.574999992,0.374999997,0.473462417,1,1,0.399999989,1,1,2021,Dec,Q4,Year1,NA
12/19/2021,Boise High,Black,4,24,0.175000001,0.500000015,0.337500008,0.154784801,1,1,0.325000014,1,1,2021,Dec,Q4,Year1,NA
12/19/2021,Boise High,White,4,24,0.150000012,0.57500001,0.362500011,0.402854406,1,1,0.424999999,1,1,2021,Dec,Q4,Year1,NA
12/20/2021,Boise High,Black,4,24,0.475000016,1.424999997,0.950000007,0.590197706,1,1,0.949999981,1,1,2021,Dec,Q4,Year1,NA
12/20/2021,Boise High,White,4,24,0.500000015,0.87500003,0.687500022,0.275000005,1,1,0.375000015,1,1,2021,Dec,Q4,Year1,NA
12/21/2021,Boise High,Black,4,24,3.73E-09,1.449999973,0.724999988,0.548482751,1,1,1.449999969,1,0,2021,Dec,Q4,Year1,NA
12/21/2021,Boise High,White,4,24,-0.025000002,0.625000015,0.300000006,0.168325088,1,1,0.650000017,1,1,2021,Dec,Q4,Year1,NA
12/22/2021,Boise High,Black,4,24,0.675000004,4.175000072,2.425000038,0.483907696,1,1,3.500000067,0,0,2021,Dec,Q4,Year1,NA
12/22/2021,Boise High,White,4,24,0.400000013,0.799999997,0.600000005,0.135400645,1,1,0.399999984,1,1,2021,Dec,Q4,Year1,NA
12/23/2021,Boise High,Black,4,24,1.125,2.725000024,1.925000012,0.249999984,1,1,1.600000024,1,0,2021,Dec,Q4,Year1,NA
12/23/2021,Boise High,White,4,24,0.600000009,1.350000039,0.975000024,0.275378539,1,1,0.75000003,1,1,2021,Dec,Q4,Year1,NA
12/24/2021,Boise High,Black,4,24,0.524999999,1.074999988,0.799999993,0.248327733,1,1,0.54999999,1,1,2021,Dec,Q4,Year1,NA
12/24/2021,Boise High,White,4,24,0.475000013,0.799999997,0.637500005,0.193110506,1,1,0.324999984,1,1,2021,Dec,Q4,Year1,NA
12/25/2021,Boise High,Black,4,24,0.024999999,0.450000007,0.237500003,0.295451634,1,1,0.425000008,1,1,2021,Dec,Q4,Year1,NA
12/25/2021,Boise High,White,4,24,0.149999999,0.475000009,0.312500004,0.368272994,1,1,0.32500001,1,1,2021,Dec,Q4,Year1,NA
12/26/2021,Boise High,Black,4,24,0.025,0.425000001,0.225000001,0.312249896,1,1,0.4,1,1,2021,Dec,Q4,Year1,NA
12/26/2021,Boise High,White,4,24,0.049999997,0.500000007,0.275000002,0.483907708,1,1,0.45000001,1,1,2021,Dec,Q4,Year1,NA
12/27/2021,Boise High,Black,4,24,-0.600000007,0.150000002,-0.225000002,0.417332808,1,1,0.750000009,1,1,2021,Dec,Q4,Year1,NA
12/27/2021,Boise High,White,4,24,-0.600000011,0.225000001,-0.187500005,0.93217936,1,1,0.825000012,1,1,2021,Dec,Q4,Year1,NA
12/28/2021,Boise High,Black,4,24,-1.299999971,-0.475000007,-0.887499989,0.711073114,1,1,0.824999964,1,1,2021,Dec,Q4,Year1,NA
12/28/2021,Boise High,White,4,24,-1.300000031,-0.375000009,-0.83750002,1.349305412,1,1,0.925000021,1,1,2021,Dec,Q4,Year1,NA
12/29/2021,Boise High,Black,4,24,-1.149999991,-0.175000003,-0.662499997,0.442295129,1,1,0.974999988,1,1,2021,Dec,Q4,Year1,NA
12/29/2021,Boise High,White,4,24,-1.249999983,-0.325000005,-0.787499994,1.042732782,1,1,0.924999978,1,1,2021,Dec,Q4,Year1,NA
12/30/2021,Boise High,Black,4,24,-1.449999988,-0.225000007,-0.837499998,0.555840185,1,1,1.224999981,1,0,2021,Dec,Q4,Year1,NA
12/30/2021,Boise High,White,4,24,-1.624999974,-0.325000005,-0.974999989,1.212091838,1,1,1.299999969,1,0,2021,Dec,Q4,Year1,NA
12/31/2021,Boise High,Black,4,24,-2.024999991,-0.474999992,-1.249999992,0.947804492,1,1,1.549999999,1,0,2021,Dec,Q4,Year1,NA
12/31/2021,Boise High,White,4,24,-2.62500006,-0.700000012,-1.662500036,1.364658093,1,1,1.925000047,1,0,2021,Dec,Q4,Year1,NA
1/1/2022,Boise High,Black,4,24,-4.150000006,-2.174999952,-3.162499979,1.905857201,1,1,1.975000054,1,0,2022,Jan,Q1,Year1,NA
1/1/2022,Boise High,White,4,24,-5.24999994,-2.799999923,-4.024999931,2.317146153,1,1,2.450000018,0,0,2022,Jan,Q1,Year1,NA
1/2/2022,Boise High,Black,4,24,-4.049999982,-1.875,-2.962499991,1.42616911,1,1,2.174999982,0,0,2022,Jan,Q1,Year1,NA
1/2/2022,Boise High,White,4,24,-5.050000072,-2.549999982,-3.800000027,1.603641744,1,1,2.500000089,0,0,2022,Jan,Q1,Year1,NA
1/3/2022,Boise High,Black,4,24,-2.99999997,-0.900000006,-1.949999988,0.696419442,1,1,2.099999964,0,0,2022,Jan,Q1,Year1,NA
1/3/2022,Boise High,White,4,24,-3.5,-1.25,-2.375,0.833166673,1,1,2.25,0,0,2022,Jan,Q1,Year1,NA
1/4/2022,Boise High,Black,4,24,-0.974999979,-0.250000004,-0.612499991,0.249582983,1,1,0.724999975,1,1,2022,Jan,Q1,Year1,NA
1/4/2022,Boise High,White,4,24,-1.174999997,-0.450000012,-0.812500005,0.368273008,1,1,0.724999985,1,1,2022,Jan,Q1,Year1,NA
1/5/2022,Boise High,Black,4,24,-0.250000004,0.125000006,-0.062499999,0.201556448,1,1,0.375000009,1,1,2022,Jan,Q1,Year1,NA
1/5/2022,Boise High,White,4,24,-0.450000012,0.200000005,-0.125000004,0.239791582,1,1,0.650000017,1,1,2022,Jan,Q1,Year1,NA
1/6/2022,Boise High,Black,4,24,0.150000006,0.40000001,0.275000008,0.175594234,1,1,0.250000004,1,1,2022,Jan,Q1,Year1,NA
1/6/2022,Boise High,White,4,24,0.200000005,0.425000004,0.312500005,0.094648473,1,1,0.225,1,1,2022,Jan,Q1,Year1,NA
1/7/2022,Boise High,Black,4,24,0.325000005,0.425000012,0.375000008,0.155456318,1,1,0.100000007,1,1,2022,Jan,Q1,Year1,NA
1/7/2022,Boise High,White,4,24,0.350000005,0.475000009,0.412500007,0.125000001,1,1,0.125000004,1,1,2022,Jan,Q1,Year1,NA
1/8/2022,Boise High,Black,4,24,0.049999999,0.40000001,0.225000004,0.236290785,1,1,0.350000011,1,1,2022,Jan,Q1,Year1,NA
1/8/2022,Boise High,White,4,24,-1.15,0.375000007,-0.387499996,0.497284285,1,1,1.525000008,1,0,2022,Jan,Q1,Year1,NA
1/9/2022,Boise High,Black,4,24,-1.75,0.275000004,-0.737499998,0.278013805,1,1,2.025000004,0,0,2022,Jan,Q1,Year1,NA
1/9/2022,Boise High,White,4,24,-3.425000012,-0.125000002,-1.775000007,0.655108161,1,1,3.30000001,0,0,2022,Jan,Q1,Year1,NA
1/10/2022,Boise High,Black,4,24,-3.149999976,0.175000006,-1.487499985,0.335099508,1,1,3.324999982,0,0,2022,Jan,Q1,Year1,NA
1/10/2022,Boise High,White,4,24,-4.549999952,-0.349999994,-2.449999973,0.615088001,1,1,4.199999958,0,0,2022,Jan,Q1,Year1,NA
1/11/2022,Boise High,Black,4,24,-0.949999988,0.275000008,-0.33749999,0.18874585,1,1,1.224999996,1,0,2022,Jan,Q1,Year1,NA
1/11/2022,Boise High,White,4,24,-2.400000006,0.075000003,-1.162500001,0.344903363,1,1,2.475000009,0,0,2022,Jan,Q1,Year1,NA
1/12/2022,Boise High,Black,4,24,0.175000003,0.799999997,0.4875,0.075,1,1,0.624999994,1,1,2022,Jan,Q1,Year1,NA
1/12/2022,Boise High,White,4,24,-0.975000001,0.350000007,-0.312499997,0.303795433,1,1,1.325000009,1,0,2022,Jan,Q1,Year1,NA
1/13/2022,Boise High,Black,4,24,0.300000006,1.824999988,1.062499997,0.228673722,1,1,1.524999982,1,0,2022,Jan,Q1,Year1,NA
1/13/2022,Boise High,White,4,24,-0.175000003,0.475000003,0.15,0.385140673,1,1,0.650000006,1,1,2022,Jan,Q1,Year1,NA
1/14/2022,Boise High,Black,4,24,0.250000004,2.675000012,1.462500008,0.298258848,1,1,2.425000008,0,0,2022,Jan,Q1,Year1,NA
1/14/2022,Boise High,White,4,24,0,0.375000002,0.187500001,0.232289335,1,1,0.375000002,1,1,2022,Jan,Q1,Year1,NA
1/15/2022,Boise High,Black,4,24,-0.225000001,1.424999997,0.599999998,0.216024675,1,1,1.649999999,1,0,2022,Jan,Q1,Year1,NA
1/15/2022,Boise High,White,4,24,-2.62499997,0.150000002,-1.237499984,0.48712593,1,1,2.774999972,0,0,2022,Jan,Q1,Year1,NA
1/16/2022,Boise High,Black,4,24,-0.824999994,0.600000009,-0.112499992,0.309232925,1,1,1.425000003,1,0,2022,Jan,Q1,Year1,NA
1/16/2022,Boise High,White,4,24,-3.774999976,-0.225000003,-1.99999999,0.567156639,1,1,3.549999973,0,0,2022,Jan,Q1,Year1,NA
1/17/2022,Boise High,Black,4,24,-1.324999996,0.799999997,-0.262499999,0.271952822,1,1,2.124999993,0,0,2022,Jan,Q1,Year1,NA
1/17/2022,Boise High,White,4,24,-3.200000048,-0.075000001,-1.637500024,0.440407026,1,1,3.125000047,0,0,2022,Jan,Q1,Year1,NA
1/18/2022,Boise High,Black,4,24,-2.100000054,0.775000006,-0.662500024,0.306526248,1,1,2.87500006,0,0,2022,Jan,Q1,Year1,NA
1/18/2022,Boise High,White,4,24,-3.949999928,-0.175000006,-2.062499967,0.48541216,1,1,3.774999922,0,0,2022,Jan,Q1,Year1,NA
1/19/2022,Boise High,Black,4,24,-1.450000003,1.424999967,-0.012500018,0.184277842,1,1,2.87499997,0,0,2022,Jan,Q1,Year1,NA
1/19/2022,Boise High,White,4,24,-3.275000036,0.025,-1.625000018,0.396862695,1,1,3.300000036,0,0,2022,Jan,Q1,Year1,NA
1/20/2022,Boise High,Black,4,24,0.1,0.525000013,0.312500007,0.188745864,1,1,0.425000014,1,1,2022,Jan,Q1,Year1,NA
1/20/2022,Boise High,White,4,24,-1.549999982,0.225000003,-0.662499989,0.242813364,1,1,1.774999985,1,0,2022,Jan,Q1,Year1,NA
1/21/2022,Boise High,Black,4,24,-0.149999999,1.399999991,0.624999996,0.170782527,1,1,1.54999999,1,0,2022,Jan,Q1,Year1,NA
1/21/2022,Boise High,White,4,24,-1.04999999,0.225000005,-0.412499992,0.249582982,1,1,1.274999995,1,0,2022,Jan,Q1,Year1,NA
1/22/2022,Boise High,Black,4,24,-1.724999994,2.649999917,0.462499961,0.370528876,1,1,4.374999911,0,0,2022,Jan,Q1,Year1,NA
1/22/2022,Boise High,White,4,24,-4,0.025,-1.9875,0.404917638,1,1,4.025,0,0,2022,Jan,Q1,Year1,NA
1/23/2022,Boise High,Black,4,24,-1.700000003,3.025000066,0.662500031,0.51214421,1,1,4.725000069,0,0,2022,Jan,Q1,Year1,NA
1/23/2022,Boise High,White,4,24,-3.674999952,0,-1.837499976,0.319830638,1,1,3.674999952,0,0,2022,Jan,Q1,Year1,NA
1/24/2022,Boise High,Black,4,24,-1.524999976,3.349999934,0.912499979,0.520216292,1,1,4.874999911,0,0,2022,Jan,Q1,Year1,NA
1/24/2022,Boise High,White,4,24,-3.375,0.075000001,-1.649999999,0.195788996,1,1,3.450000001,0,0,2022,Jan,Q1,Year1,NA
1/25/2022,Boise High,Black,4,24,-3.50000003,5.37500006,0.937500015,0.763080444,1,1,8.875000089,0,0,2022,Jan,Q1,Year1,NA
1/25/2022,Boise High,White,4,24,-4.899999976,-0.125000006,-2.512499991,0.262599166,1,1,4.774999971,0,0,2022,Jan,Q1,Year1,NA
1/26/2022,Boise High,Black,4,24,-3.450000018,1.975000009,-0.737500004,0.14930395,1,1,5.425000027,0,0,2022,Jan,Q1,Year1,NA
1/26/2022,Boise High,White,4,24,-5.300000072,-0.600000009,-2.95000004,0.420317371,1,1,4.700000063,0,0,2022,Jan,Q1,Year1,NA
1/27/2022,Boise High,Black,4,24,-5.424999952,1.224999994,-2.099999979,0.367423479,1,1,6.649999946,0,0,2022,Jan,Q1,Year1,NA
1/27/2022,Boise High,White,4,24,-6.800000072,-1.274999991,-4.037500031,0.508879484,1,1,5.52500008,0,0,2022,Jan,Q1,Year1,NA
1/28/2022,Boise High,Black,4,24,-6.450000048,2.424999967,-2.01250004,0.143614103,1,1,8.875000015,0,0,2022,Jan,Q1,Year1,NA
1/28/2022,Boise High,White,4,24,-7.275000215,-1.425000012,-4.350000113,0.470814931,1,1,5.850000203,0,0,2022,Jan,Q1,Year1,NA
1/29/2022,Boise High,Black,4,24,-7.550000191,4.074999988,-1.737500101,0.772846409,1,1,11.62500018,0,0,2022,Jan,Q1,Year1,NA
1/29/2022,Boise High,White,4,24,-8.149999976,-1.800000042,-4.975000009,0.429146367,1,1,6.349999934,0,0,2022,Jan,Q1,Year1,NA
1/30/2022,Boise High,Black,4,24,-7.500000119,4.924999952,-1.287500083,0.872138209,1,1,12.42500007,0,0,2022,Jan,Q1,Year1,NA
1/30/2022,Boise High,White,4,24,-8.624999881,-1.049999997,-4.837499939,0.411045445,1,1,7.574999884,0,0,2022,Jan,Q1,Year1,NA
1/31/2022,Boise High,Black,4,24,-1.875000045,3.825000018,0.974999987,0.49916596,1,1,5.700000063,0,0,2022,Jan,Q1,Year1,NA
1/31/2022,Boise High,White,4,24,-3.099999964,-0.225000003,-1.662499984,0.22867369,1,1,2.874999961,0,0,2022,Jan,Q1,Year1,NA
2/1/2022,Boise High,Black,4,24,-5.299999952,1.625000037,-1.837499958,0.179698789,1,1,6.92499999,0,0,2022,Feb,Q1,Year1,NA
2/1/2022,Boise High,White,4,24,-6.25,-1.674999982,-3.962499991,0.295451719,1,1,4.575000018,0,0,2022,Feb,Q1,Year1,NA
2/2/2022,Boise High,Black,4,24,-6.175000072,2.04999996,-2.062500056,0.110867771,1,1,8.225000031,0,0,2022,Feb,Q1,Year1,NA
2/2/2022,Boise High,White,4,24,-5.900000095,-1.599999994,-3.750000045,0.273861286,1,1,4.300000101,0,0,2022,Feb,Q1,Year1,NA
2/3/2022,Boise High,Black,4,24,-3.175000072,2.87499997,-0.150000051,0.410284397,1,1,6.050000042,0,0,2022,Feb,Q1,Year1,NA
2/3/2022,Boise High,White,4,24,-4.024999857,-0.350000007,-2.187499932,0.239356765,1,1,3.67499985,0,0,2022,Feb,Q1,Year1,NA
2/4/2022,Boise High,Black,4,24,-4.149999917,5.899999976,0.87500003,1.021844769,1,1,10.04999989,0,0,2022,Feb,Q1,Year1,NA
2/4/2022,Boise High,White,4,24,-4.849999905,-0.125000004,-2.487499954,0.193110454,1,1,4.724999901,0,0,2022,Feb,Q1,Year1,NA
2/5/2022,Boise High,Black,4,24,-2.925000012,8.649999857,2.862499923,1.08118374,1,1,11.57499987,0,0,2022,Feb,Q1,Year1,NA
2/5/2022,Boise High,White,4,24,-3.574999988,0.125000006,-1.724999991,0.18929693,1,1,3.699999994,0,0,2022,Feb,Q1,Year1,NA
2/6/2022,Boise High,Black,4,24,-3.149999917,10.72500002,3.787500054,0.946374714,1,1,13.87499994,0,0,2022,Feb,Q1,Year1,NA
2/6/2022,Boise High,White,4,24,-4.174999952,0.300000008,-1.937499972,0.213600101,1,1,4.474999961,0,0,2022,Feb,Q1,Year1,NA
2/7/2022,Boise High,Black,4,24,-1.424999977,12.4000001,5.487500059,0.878801274,1,1,13.82500007,0,0,2022,Feb,Q1,Year1,NA
2/7/2022,Boise High,White,4,24,-2.37499997,0.525000013,-0.924999978,0.217944943,1,1,2.899999984,0,0,2022,Feb,Q1,Year1,NA
2/8/2022,Boise High,Black,4,24,-1.724999979,11.74999976,5.012499891,0.649839737,1,1,13.47499974,0,0,2022,Feb,Q1,Year1,NA
2/8/2022,Boise High,White,4,24,-1.724999964,0.775000006,-0.474999979,0.23629076,1,1,2.49999997,0,0,2022,Feb,Q1,Year1,NA
2/9/2022,Boise High,Black,4,24,-0.699999999,14.67499971,6.987499857,1.06330842,1,1,15.37499971,0,0,2022,Feb,Q1,Year1,NA
2/9/2022,Boise High,White,4,24,-0.275000006,1.374999985,0.54999999,0.339116503,1,1,1.649999991,1,0,2022,Feb,Q1,Year1,NA
2/10/2022,Boise High,Black,4,24,-0.125000006,14.02499986,6.949999926,0.67946048,1,1,14.14999986,0,0,2022,Feb,Q1,Year1,NA
2/10/2022,Boise High,White,4,24,0.300000008,2.975000024,1.637500016,0.614240728,1,1,2.675000016,0,0,2022,Feb,Q1,Year1,NA
2/11/2022,Boise High,Black,4,24,-0.474999987,16.625,8.075000007,1.274428086,1,1,17.09999999,0,0,2022,Feb,Q1,Year1,NA
2/11/2022,Boise High,White,4,24,0.300000006,4.524999976,2.412499991,0.932179325,1,1,4.22499997,0,0,2022,Feb,Q1,Year1,NA
2/12/2022,Boise High,Black,4,24,-1.800000001,15.74999976,6.97499988,0.839146228,1,1,17.54999976,0,0,2022,Feb,Q1,Year1,NA
2/12/2022,Boise High,White,4,24,-0.025,2.87500006,1.42500003,0.808805751,1,1,2.90000006,0,0,2022,Feb,Q1,Year1,NA
2/13/2022,Boise High,Black,4,24,-1.250000006,16.47500014,7.612500069,0.622327774,1,1,17.72500015,0,0,2022,Feb,Q1,Year1,NA
2/13/2022,Boise High,White,4,24,-0.175000008,5.025000036,2.425000014,0.865544177,1,1,5.200000044,0,0,2022,Feb,Q1,Year1,NA
2/14/2022,Boise High,Black,4,24,1.150000006,14.67499995,7.912499979,0.58076794,1,1,13.52499995,0,0,2022,Feb,Q1,Year1,NA
2/14/2022,Boise High,White,4,24,0.45000001,7.724999905,4.087499958,0.978412829,1,1,7.274999894,0,0,2022,Feb,Q1,Year1,NA
2/15/2022,Boise High,Black,4,24,-1.050000012,2.24999997,0.599999979,0.318852065,1,1,3.299999982,0,0,2022,Feb,Q1,Year1,NA
2/15/2022,Boise High,White,4,24,0.100000003,0.700000003,0.400000003,0.091287092,1,1,0.6,1,1,2022,Feb,Q1,Year1,NA
2/16/2022,Boise High,Black,4,24,-1.824999996,2.449999958,0.312499981,0.394493302,1,1,4.274999954,0,0,2022,Feb,Q1,Year1,NA
2/16/2022,Boise High,White,4,24,-0.174999997,0.599999994,0.212499999,0.165201895,1,1,0.774999991,1,1,2022,Feb,Q1,Year1,NA
2/17/2022,Boise High,Black,4,24,-3.425000012,4.375,0.474999994,0.578071462,1,1,7.800000012,0,0,2022,Feb,Q1,Year1,NA
2/17/2022,Boise High,White,4,24,-0.77500001,0.825000003,0.024999997,0.284312035,1,1,1.600000013,1,0,2022,Feb,Q1,Year1,NA
2/18/2022,Boise High,Black,4,24,-1.375000045,12.30000019,5.462500073,1.302161675,1,1,13.67500024,0,0,2022,Feb,Q1,Year1,NA
2/18/2022,Boise High,White,4,24,-0.799999997,2.125,0.662500001,0.436606228,1,1,2.924999997,0,0,2022,Feb,Q1,Year1,NA
2/19/2022,Boise High,Black,4,24,0.074999997,15.49999976,7.787499879,1.114581188,1,1,15.42499976,0,0,2022,Feb,Q1,Year1,NA
2/19/2022,Boise High,White,4,24,0.175000004,6.675000072,3.425000038,1.638342704,1,1,6.500000067,0,0,2022,Feb,Q1,Year1,NA
2/20/2022,Boise High,Black,4,24,-1.674999952,7.250000119,2.787500083,0.337577042,1,1,8.925000072,0,0,2022,Feb,Q1,Year1,NA
2/20/2022,Boise High,White,4,24,-0.35,2.850000024,1.250000012,0.646786994,1,1,3.200000023,0,0,2022,Feb,Q1,Year1,NA
2/21/2022,Boise High,Black,4,24,-3.074999928,2.62499994,-0.224999994,0.499165923,1,1,5.699999869,0,0,2022,Feb,Q1,Year1,NA
2/21/2022,Boise High,White,4,24,-1.199999996,1.149999991,-0.025000002,0.29011491,1,1,2.349999987,0,0,2022,Feb,Q1,Year1,NA
2/22/2022,Boise High,Black,4,24,-5.550000072,-0.375000006,-2.962500039,0.887294632,1,1,5.175000066,0,0,2022,Feb,Q1,Year1,NA
2/22/2022,Boise High,White,4,24,-4.200000048,-0.52500001,-2.362500029,0.57209416,1,1,3.675000038,0,0,2022,Feb,Q1,Year1,NA
2/23/2022,Boise High,Black,4,24,-10.42499995,4.024999976,-3.199999988,0.83964287,1,1,14.44999993,0,0,2022,Feb,Q1,Year1,NA
2/23/2022,Boise High,White,4,24,-8.724999905,0.950000031,-3.887499937,0.773923862,1,1,9.674999936,0,0,2022,Feb,Q1,Year1,NA
2/24/2022,Boise High,Black,4,24,-7.800000072,0.35,-3.725000036,0.608960882,1,1,8.150000071,0,0,2022,Feb,Q1,Year1,NA
2/24/2022,Boise High,White,4,24,-7.824999928,-1.374999985,-4.599999957,0.341564937,1,1,6.449999943,0,0,2022,Feb,Q1,Year1,NA
2/25/2022,Boise High,Black,4,24,-10.625,7.225000024,-1.699999988,0.895358519,1,1,17.85000002,0,0,2022,Feb,Q1,Year1,NA
2/25/2022,Boise High,White,4,24,-9.625,1.625,-4,0.609644701,1,1,11.25,0,0,2022,Feb,Q1,Year1,NA
2/26/2022,Boise High,Black,4,24,-8.299999833,12.24999976,1.974999964,1.544074694,1,1,20.54999959,0,0,2022,Feb,Q1,Year1,NA
2/26/2022,Boise High,White,4,24,-9.325000048,2.925000049,-3.199999999,1.115795714,1,1,12.2500001,0,0,2022,Feb,Q1,Year1,NA
2/27/2022,Boise High,Black,4,24,-3.175000012,12.9000001,4.862500042,0.977560661,1,1,16.07500011,0,0,2022,Feb,Q1,Year1,NA
2/27/2022,Boise High,White,4,24,-4.074999928,4.200000077,0.062500075,1.263180547,1,1,8.275000006,0,0,2022,Feb,Q1,Year1,NA
2/28/2022,Boise High,Black,4,24,0.875000015,16.42500019,8.650000103,1.473092213,1,1,15.55000018,0,0,2022,Feb,Q1,Year1,NA
2/28/2022,Boise High,White,4,24,0.57500001,9.799999952,5.187499981,2.206193962,1,1,9.224999942,0,0,2022,Feb,Q1,Year1,NA
3/1/2022,Boise High,Black,4,24,3.87500006,19.4000001,11.63750008,1.409713409,1,1,15.52500004,0,0,2022,Mar,Q1,Year1,NA
3/1/2022,Boise High,White,4,24,2.599999994,13.8499999,8.224999949,2.114040129,1,1,11.24999991,0,0,2022,Mar,Q1,Year1,NA
3/2/2022,Boise High,Black,4,24,3.149999976,18.79999971,10.97499985,0.984462406,1,1,15.64999974,0,0,2022,Mar,Q1,Year1,NA
3/2/2022,Boise High,White,4,24,1.599999994,14.04999995,7.824999973,1.508034158,1,1,12.44999996,0,0,2022,Mar,Q1,Year1,NA
3/3/2022,Boise High,Black,4,24,2.724999964,20.9749999,11.84999993,0.997496985,1,1,18.24999994,0,0,2022,Mar,Q1,Year1,NA
3/3/2022,Boise High,White,4,24,1.800000012,15.2249999,8.512499958,1.772650918,1,1,13.42499989,0,0,2022,Mar,Q1,Year1,NA
3/4/2022,Boise High,Black,4,24,-1.274999999,13.9000001,6.312500048,0.700446517,1,1,15.17500009,0,0,2022,Mar,Q1,Year1,NA
3/4/2022,Boise High,White,4,24,-0.225000016,9.775000095,4.775000039,1.110930391,1,1,10.00000011,0,0,2022,Mar,Q1,Year1,NA
3/5/2022,Boise High,Black,4,24,-3.625,12.29999995,4.337499976,0.807645811,1,1,15.92499995,0,0,2022,Mar,Q1,Year1,NA
3/5/2022,Boise High,White,4,24,-1.800000042,7.900000095,3.050000027,1.71901141,1,1,9.700000137,0,0,2022,Mar,Q1,Year1,NA
3/6/2022,Boise High,Black,4,24,-4.199999988,5.924999952,0.862499982,0.46255637,1,1,10.12499994,0,0,2022,Mar,Q1,Year1,NA
3/6/2022,Boise High,White,4,24,-2.574999988,3.549999952,0.487499982,0.696867951,1,1,6.12499994,0,0,2022,Mar,Q1,Year1,NA
3/7/2022,Boise High,Black,4,24,-5.224999905,14.42499995,4.600000024,0.818535176,1,1,19.64999986,0,0,2022,Mar,Q1,Year1,NA
3/7/2022,Boise High,White,4,24,-3.824999988,8.425000191,2.300000101,2.093243201,1,1,12.25000018,0,0,2022,Mar,Q1,Year1,NA
3/8/2022,Boise High,Black,4,24,-1.475,4.600000143,1.562500072,0.337577139,1,1,6.075000143,0,0,2022,Mar,Q1,Year1,NA
3/8/2022,Boise High,White,4,24,-0.925000008,2.199999988,0.63749999,0.228673707,1,1,3.124999996,0,0,2022,Mar,Q1,Year1,NA
3/9/2022,Boise High,Black,4,24,-1.625,2.350000024,0.362500012,0.451617471,1,1,3.975000024,0,0,2022,Mar,Q1,Year1,NA
3/9/2022,Boise High,White,4,24,-1.324999966,1.224999994,-0.049999986,0.450924953,1,1,2.54999996,0,0,2022,Mar,Q1,Year1,NA
3/10/2022,Boise High,Black,4,24,-3.399999976,1.399999961,-1.000000007,0.724568817,1,1,4.799999937,0,0,2022,Mar,Q1,Year1,NA
3/10/2022,Boise High,White,4,24,-2.449999958,0.949999988,-0.749999985,0.841625377,1,1,3.399999946,0,0,2022,Mar,Q1,Year1,NA
3/11/2022,Boise High,Black,4,24,-3.274999976,11.32500017,4.025000095,1.41686269,1,1,14.60000014,0,0,2022,Mar,Q1,Year1,NA
3/11/2022,Boise High,White,4,24,-2.24999994,6.025000095,1.887500077,1.7143391,1,1,8.275000036,0,0,2022,Mar,Q1,Year1,NA
3/12/2022,Boise High,Black,4,24,0.325000007,19.67499971,9.99999986,1.339775914,1,1,19.34999971,0,0,2022,Mar,Q1,Year1,NA
3/12/2022,Boise High,White,4,24,0.325000007,15.02499962,7.674999813,2.890934103,1,1,14.69999961,0,0,2022,Mar,Q1,Year1,NA
3/13/2022,Boise High,Black,4,24,-0.699999988,6.874999881,3.087499946,0.278013788,1,1,7.574999869,0,0,2022,Mar,Q1,Year1,NA
3/13/2022,Boise High,White,4,24,-0.299999988,5.625,2.662500006,0.193110462,1,1,5.924999988,0,0,2022,Mar,Q1,Year1,NA
3/14/2022,Boise High,Black,4,24,-1.424999971,15.75,7.162500015,0.679920284,1,1,17.17499997,0,0,2022,Mar,Q1,Year1,NA
3/14/2022,Boise High,White,4,24,-0.850000009,12.80000019,5.975000091,1.300320549,1,1,13.6500002,0,0,2022,Mar,Q1,Year1,NA
3/15/2022,Boise High,Black,4,24,3.975000024,11.49999976,7.737499893,0.298258785,1,1,7.524999738,0,0,2022,Mar,Q1,Year1,NA
3/15/2022,Boise High,White,4,24,3.599999964,8.699999928,6.149999946,0.348807456,1,1,5.099999964,0,0,2022,Mar,Q1,Year1,NA
3/16/2022,Boise High,Black,4,24,1.325000018,11,6.162500009,0.354436336,1,1,9.674999982,0,0,2022,Mar,Q1,Year1,NA
3/16/2022,Boise High,White,4,24,1.174999982,7.774999857,4.47499992,0.483907626,1,1,6.599999875,0,0,2022,Mar,Q1,Year1,NA
3/17/2022,Boise High,Black,4,24,0.475000015,13.2249999,6.84999996,0.420317446,1,1,12.74999989,0,0,2022,Mar,Q1,Year1,NA
3/17/2022,Boise High,White,4,24,0.575000003,8.875,4.725000001,0.554526802,1,1,8.299999997,0,0,2022,Mar,Q1,Year1,NA
3/18/2022,Boise High,Black,4,24,1.650000006,14.4749999,8.062499955,0.447911795,1,1,12.8249999,0,0,2022,Mar,Q1,Year1,NA
3/18/2022,Boise High,White,4,24,1.325000018,10.57499981,5.949999914,0.404145223,1,1,9.249999791,0,0,2022,Mar,Q1,Year1,NA
3/19/2022,Boise High,Black,4,24,3.824999988,12.85000014,8.337500066,0.354436345,1,1,9.025000155,0,0,2022,Mar,Q1,Year1,NA
3/19/2022,Boise High,White,4,24,3.324999988,10.05000019,6.687500089,0.415080259,1,1,6.725000203,0,0,2022,Mar,Q1,Year1,NA
3/20/2022,Boise High,Black,4,24,0.850000024,10.3499999,5.599999964,0.494974752,1,1,9.499999881,0,0,2022,Mar,Q1,Year1,NA
3/20/2022,Boise High,White,4,24,0.825000003,6.425000072,3.625000037,0.572276199,1,1,5.600000069,0,0,2022,Mar,Q1,Year1,NA
3/21/2022,Boise High,Black,4,24,0.950000003,8.325000048,4.637500025,0.201556526,1,1,7.375000045,0,0,2022,Mar,Q1,Year1,NA
3/21/2022,Boise High,White,4,24,0.775000006,5.375,3.075000003,0.239791561,1,1,4.599999994,0,0,2022,Mar,Q1,Year1,NA
3/22/2022,Boise High,Black,4,24,1.925000012,17.5999999,9.762499958,0.335099463,1,1,15.67499989,0,0,2022,Mar,Q1,Year1,NA
3/22/2022,Boise High,White,4,24,1.37500003,12.92500019,7.15000011,0.782091145,1,1,11.55000016,0,0,2022,Mar,Q1,Year1,NA
3/23/2022,Boise High,Black,4,24,2.400000036,20.5250001,11.46250007,0.518611805,1,1,18.12500006,0,0,2022,Mar,Q1,Year1,NA
3/23/2022,Boise High,White,4,24,1.75,15.7249999,8.737499952,0.728440286,1,1,13.9749999,0,0,2022,Mar,Q1,Year1,NA
3/24/2022,Boise High,Black,4,24,4.25,21.07499981,12.6624999,0.492231392,1,1,16.82499981,0,0,2022,Mar,Q1,Year1,NA
3/24/2022,Boise High,White,4,24,3.349999964,15.42499971,9.387499839,0.755397199,1,1,12.07499975,0,0,2022,Mar,Q1,Year1,NA
3/25/2022,Boise High,Black,4,24,6.300000072,21.82499981,14.06249994,0.394493665,1,1,15.52499974,0,0,2022,Mar,Q1,Year1,NA
3/25/2022,Boise High,White,4,24,4.774999976,16.54999995,10.66249996,0.729582924,1,1,11.77499998,0,0,2022,Mar,Q1,Year1,NA
3/26/2022,Boise High,Black,4,24,6.725000024,24.07500029,15.40000015,0.310912479,1,1,17.35000026,0,0,2022,Mar,Q1,Year1,NA
3/26/2022,Boise High,White,4,24,5.524999976,17.75,11.63749999,0.788854933,1,1,12.22500002,0,0,2022,Mar,Q1,Year1,NA
3/27/2022,Boise High,Black,4,24,7.575000048,19.20000029,13.38750017,0.137689342,1,1,11.62500024,0,0,2022,Mar,Q1,Year1,NA
3/27/2022,Boise High,White,4,24,6.075000048,14.54999995,10.3125,0.480234362,1,1,8.474999905,0,0,2022,Mar,Q1,Year1,NA
3/28/2022,Boise High,Black,4,24,6.024999976,17.375,11.69999999,0.285774004,1,1,11.35000002,0,0,2022,Mar,Q1,Year1,NA
3/28/2022,Boise High,White,4,24,4.949999928,13.10000014,9.025000036,0.639661259,1,1,8.150000215,0,0,2022,Mar,Q1,Year1,NA
3/29/2022,Boise High,Black,4,24,4.850000024,16.24999976,10.54999989,0.29999978,1,1,11.39999974,0,0,2022,Mar,Q1,Year1,NA
3/29/2022,Boise High,White,4,24,3.949999988,12.44999981,8.199999899,0.491596149,1,1,8.499999821,0,0,2022,Mar,Q1,Year1,NA
3/30/2022,Boise High,Black,4,24,3.050000012,12.42499971,7.737499863,0.154784851,1,1,9.374999702,0,0,2022,Mar,Q1,Year1,NA
3/30/2022,Boise High,White,4,24,2.274999976,9.375,5.824999988,0.275378488,1,1,7.100000024,0,0,2022,Mar,Q1,Year1,NA
3/31/2022,Boise High,Black,4,24,0.849999994,18.22499943,9.537499711,0.370528915,1,1,17.37499943,0,0,2022,Mar,Q1,Year1,NA
3/31/2022,Boise High,White,4,24,1,11.75,6.375,0.754431474,1,1,10.75,0,0,2022,Mar,Q1,Year1,NA
4/1/2022,Boise High,Black,4,24,0.450000003,20.47500038,10.46250019,0.500624415,1,1,20.02500038,0,0,2022,Apr,Q2,Year1,NA
4/1/2022,Boise High,White,4,24,0.450000003,13.35000014,6.900000073,0.806225747,1,1,12.90000014,0,0,2022,Apr,Q2,Year1,NA
4/2/2022,Boise High,Black,4,24,5.899999976,19.79999971,12.84999985,0.437797454,1,1,13.89999974,0,0,2022,Apr,Q2,Year1,NA
4/2/2022,Boise High,White,4,24,4.149999917,13.67499995,8.912499934,0.790964636,1,1,9.525000036,0,0,2022,Apr,Q2,Year1,NA
4/3/2022,Boise High,Black,4,24,1.900000006,19.94999981,10.92499991,0.466369044,1,1,18.0499998,0,0,2022,Apr,Q2,Year1,NA
4/3/2022,Boise High,White,4,24,1.249999985,14.07499981,7.662499897,0.720387541,1,1,12.82499982,0,0,2022,Apr,Q2,Year1,NA
4/4/2022,Boise High,Black,4,24,5.549999952,12.37500024,8.962500095,0.143614144,1,1,6.825000286,0,0,2022,Apr,Q2,Year1,NA
4/4/2022,Boise High,White,4,24,4.074999988,9.824999809,6.949999899,0.324037039,1,1,5.749999821,0,0,2022,Apr,Q2,Year1,NA
4/5/2022,Boise High,Black,4,24,2.174999982,14.19999981,8.187499896,0.306526265,1,1,12.02499983,0,0,2022,Apr,Q2,Year1,NA
4/5/2022,Boise High,White,4,24,1.449999988,9.550000191,5.500000089,0.488193973,1,1,8.100000203,0,0,2022,Apr,Q2,Year1,NA
4/6/2022,Boise High,Black,4,24,-0.699999981,22.55000019,10.92500011,0.75773761,1,1,23.25000017,0,0,2022,Apr,Q2,Year1,NA
4/6/2022,Boise High,White,4,24,-0.449999988,14,6.775000006,0.915150389,1,1,14.44999999,0,0,2022,Apr,Q2,Year1,NA
4/7/2022,Boise High,Black,4,24,2.324999958,26.625,14.47499998,0.841130106,1,1,24.30000004,0,0,2022,Apr,Q2,Year1,NA
4/7/2022,Boise High,White,4,24,1.099999994,18.44999981,9.774999902,1.052378181,1,1,17.34999982,0,0,2022,Apr,Q2,Year1,NA
4/8/2022,Boise High,Black,4,24,9.724999905,22.94999981,16.33749986,0.402854279,1,1,13.2249999,0,0,2022,Apr,Q2,Year1,NA
4/8/2022,Boise High,White,4,24,7.299999952,17.8499999,12.57499993,0.66520702,1,1,10.54999995,0,0,2022,Apr,Q2,Year1,NA
4/9/2022,Boise High,Black,4,24,2.474999964,17.42500019,9.950000077,0.546199077,1,1,14.95000023,0,0,2022,Apr,Q2,Year1,NA
4/9/2022,Boise High,White,4,24,1.599999994,11.95000029,6.77500014,0.550000009,1,1,10.35000029,0,0,2022,Apr,Q2,Year1,NA
4/10/2022,Boise High,Black,4,24,1.099999987,6.825000048,3.962500017,0.438510693,1,1,5.725000061,0,0,2022,Apr,Q2,Year1,NA
4/10/2022,Boise High,White,4,24,0.500000015,3.699999928,2.099999972,0.441588026,1,1,3.199999914,0,0,2022,Apr,Q2,Year1,NA
4/11/2022,Boise High,Black,4,24,1.450000018,3.274999976,2.362499997,0.813813007,1,1,1.824999958,1,0,2022,Apr,Q2,Year1,NA
4/11/2022,Boise High,White,4,24,1.074999988,2.37499994,1.724999964,0.290114903,1,1,1.299999952,1,0,2022,Apr,Q2,Year1,NA
4/12/2022,Boise High,Black,4,24,0.87500003,6.150000095,3.512500063,0.606045882,1,1,5.275000066,0,0,2022,Apr,Q2,Year1,NA
4/12/2022,Boise High,White,4,24,0.650000015,2.74999997,1.699999993,0.59581874,1,1,2.099999955,0,0,2022,Apr,Q2,Year1,NA
4/13/2022,Boise High,Black,4,24,0.525000015,7.225000143,3.875000079,0.5560276,1,1,6.700000128,0,0,2022,Apr,Q2,Year1,NA
4/13/2022,Boise High,White,4,24,0.349999994,3.075000018,1.712500006,0.777147565,1,1,2.725000024,0,0,2022,Apr,Q2,Year1,NA
4/14/2022,Boise High,Black,4,24,1.200000018,9.099999905,5.149999961,0.238047725,1,1,7.899999887,0,0,2022,Apr,Q2,Year1,NA
4/14/2022,Boise High,White,4,24,0.824999988,5.674999952,3.24999997,0.410284407,1,1,4.849999964,0,0,2022,Apr,Q2,Year1,NA
4/15/2022,Boise High,Black,4,24,1.449999988,14.02500033,7.737500161,0.303795419,1,1,12.57500035,0,0,2022,Apr,Q2,Year1,NA
4/15/2022,Boise High,White,4,24,1.025000006,9.799999714,5.41249986,0.432772045,1,1,8.774999708,0,0,2022,Apr,Q2,Year1,NA
4/16/2022,Boise High,Black,4,24,2.5,9.775000095,6.137500048,0.356779602,1,1,7.275000095,0,0,2022,Apr,Q2,Year1,NA
4/16/2022,Boise High,White,4,24,2.025000006,7.899999857,4.962499931,0.335099485,1,1,5.874999851,0,0,2022,Apr,Q2,Year1,NA
4/17/2022,Boise High,Black,4,24,1.275000006,16.32500005,8.800000027,0.302764999,1,1,15.05000004,0,0,2022,Apr,Q2,Year1,NA
4/17/2022,Boise High,White,4,24,1.074999988,11.9749999,6.524999946,0.466369038,1,1,10.89999992,0,0,2022,Apr,Q2,Year1,NA
4/18/2022,Boise High,Black,4,24,2.675000012,13.20000005,7.93750003,0.262599245,1,1,10.52500004,0,0,2022,Apr,Q2,Year1,NA
4/18/2022,Boise High,White,4,24,2.049999952,11.42499995,6.737499952,0.449768598,1,1,9.375,0,0,2022,Apr,Q2,Year1,NA
4/19/2022,Boise High,Black,4,24,3.175000012,12,7.587500006,0.37052897,1,1,8.824999988,0,0,2022,Apr,Q2,Year1,NA
4/19/2022,Boise High,White,4,24,2.75000006,8.975000143,5.862500101,0.319830785,1,1,6.225000083,0,0,2022,Apr,Q2,Year1,NA
4/20/2022,Boise High,Black,4,24,2.474999964,16.42499971,9.449999839,0.408248125,1,1,13.94999975,0,0,2022,Apr,Q2,Year1,NA
4/20/2022,Boise High,White,4,24,1.900000006,13.54999995,7.724999979,0.590903141,1,1,11.64999995,0,0,2022,Apr,Q2,Year1,NA
4/21/2022,Boise High,Black,4,24,4.924999952,11.64999986,8.287499905,0.415080308,1,1,6.724999905,0,0,2022,Apr,Q2,Year1,NA
4/21/2022,Boise High,White,4,24,3.975000024,9.524999857,6.74999994,0.300000019,1,1,5.549999833,0,0,2022,Apr,Q2,Year1,NA
4/22/2022,Boise High,Black,4,24,3.149999976,15.4749999,9.31249994,0.460751125,1,1,12.32499993,0,0,2022,Apr,Q2,Year1,NA
4/22/2022,Boise High,White,4,24,2.625,12.0999999,7.362499952,0.601906566,1,1,9.474999905,0,0,2022,Apr,Q2,Year1,NA
4/23/2022,Boise High,Black,4,24,2.5,15.07500005,8.787500024,0.356779574,1,1,12.57500005,0,0,2022,Apr,Q2,Year1,NA
4/23/2022,Boise High,White,4,24,2,11.3499999,6.674999952,0.483907719,1,1,9.349999905,0,0,2022,Apr,Q2,Year1,NA
4/24/2022,Boise High,Black,4,24,1.75,23.82499981,12.7874999,0.409012832,1,1,22.07499981,0,0,2022,Apr,Q2,Year1,NA
4/24/2022,Boise High,White,4,24,1.475000024,16.57500029,9.025000155,0.801560755,1,1,15.10000026,0,0,2022,Apr,Q2,Year1,NA
4/25/2022,Boise High,Black,4,24,5.799999952,19.47500038,12.63750017,0.361420718,1,1,13.67500043,0,0,2022,Apr,Q2,Year1,NA
4/25/2022,Boise High,White,4,24,4.325000167,15.375,9.850000083,0.609644684,1,1,11.04999983,0,0,2022,Apr,Q2,Year1,NA
4/26/2022,Boise High,Black,4,24,7.624999881,16.60000038,12.11250013,0.295451525,1,1,8.975000501,0,0,2022,Apr,Q2,Year1,NA
4/26/2022,Boise High,White,4,24,6.524999857,13.24999976,9.887499809,0.466145658,1,1,6.724999905,0,0,2022,Apr,Q2,Year1,NA
4/27/2022,Boise High,Black,4,24,3.399999976,20.9000001,12.15000004,0.441588113,1,1,17.50000012,0,0,2022,Apr,Q2,Year1,NA
4/27/2022,Boise High,White,4,24,2.775000036,15.14999986,8.962499946,0.672526085,1,1,12.37499982,0,0,2022,Apr,Q2,Year1,NA
4/28/2022,Boise High,Black,4,24,5.199999928,14.2249999,9.712499917,0.473242469,1,1,9.024999976,0,0,2022,Apr,Q2,Year1,NA
4/28/2022,Boise High,White,4,24,4.099999905,10.47500014,7.287500024,0.425000163,1,1,6.375000238,0,0,2022,Apr,Q2,Year1,NA
4/29/2022,Boise High,Black,4,24,2.574999988,17.17500019,9.875000089,0.29860768,1,1,14.6000002,0,0,2022,Apr,Q2,Year1,NA
4/29/2022,Boise High,White,4,24,2.025000006,12.42499971,7.22499986,0.567890834,1,1,10.39999971,0,0,2022,Apr,Q2,Year1,NA
4/30/2022,Boise High,Black,4,24,4.099999964,13.85000014,8.975000054,0.368555774,1,1,9.750000179,0,0,2022,Apr,Q2,Year1,NA
4/30/2022,Boise High,White,4,24,3.274999946,11.07499981,7.174999878,0.262995436,1,1,7.799999863,0,0,2022,Apr,Q2,Year1,NA
5/1/2022,Boise High,Black,4,24,3.550000012,15.54999995,9.549999982,0.204124067,1,1,11.99999994,0,0,2022,May,Q2,Year1,NA
5/1/2022,Boise High,White,4,24,2.900000036,12.79999995,7.849999994,0.147195955,1,1,9.899999917,0,0,2022,May,Q2,Year1,NA
5/2/2022,Boise High,Black,4,24,4.025000036,11.02499986,7.524999946,0.236290754,1,1,6.999999821,0,0,2022,May,Q2,Year1,NA
5/2/2022,Boise High,White,4,24,3.524999976,9.600000143,6.56250006,0.249583002,1,1,6.075000167,0,0,2022,May,Q2,Year1,NA
5/3/2022,Boise High,Black,4,24,2.324999988,9.850000143,6.087500066,0.235849727,1,1,7.525000155,0,0,2022,May,Q2,Year1,NA
5/3/2022,Boise High,White,4,24,2.075000018,8,5.037500009,0.174999945,1,1,5.924999982,0,0,2022,May,Q2,Year1,NA
5/4/2022,Boise High,Black,4,24,2.099999994,22.94999981,12.5249999,0.266145423,1,1,20.84999982,0,0,2022,May,Q2,Year1,NA
5/4/2022,Boise High,White,4,24,1.774999976,18.60000038,10.18750018,0.672526358,1,1,16.82500041,0,0,2022,May,Q2,Year1,NA
5/5/2022,Boise High,Black,4,24,8.424999952,15.44999981,11.93749988,0.188745791,1,1,7.024999857,0,0,2022,May,Q2,Year1,NA
5/5/2022,Boise High,White,4,24,7.925000072,14.125,11.02500004,0.25331142,1,1,6.199999928,0,0,2022,May,Q2,Year1,NA
5/6/2022,Boise High,Black,4,24,5.975000024,17.0999999,11.53749996,0.154784726,1,1,11.12499988,0,0,2022,May,Q2,Year1,NA
5/6/2022,Boise High,White,4,24,5.625000119,15.0999999,10.36250001,0.41708317,1,1,9.474999785,0,0,2022,May,Q2,Year1,NA
5/7/2022,Boise High,Black,4,24,5.200000048,10.6500001,7.925000072,0.2327373,1,1,5.450000048,0,0,2022,May,Q2,Year1,NA
5/7/2022,Boise High,White,4,24,4.624999881,8.924999952,6.774999917,0.2723355,1,1,4.300000072,0,0,2022,May,Q2,Year1,NA
5/8/2022,Boise High,Black,4,24,2.99999994,16.92499971,9.962499827,0.201556367,1,1,13.92499977,0,0,2022,May,Q2,Year1,NA
5/8/2022,Boise High,White,4,24,2.550000012,12.875,7.712500006,0.41306787,1,1,10.32499999,0,0,2022,May,Q2,Year1,NA
5/9/2022,Boise High,Black,4,24,2.099999964,10.94999981,6.524999887,0.312249904,1,1,8.849999845,0,0,2022,May,Q2,Year1,NA
5/9/2022,Boise High,White,4,24,1.699999988,8.150000095,4.925000042,0.320156214,1,1,6.450000107,0,0,2022,May,Q2,Year1,NA
5/10/2022,Boise High,Black,4,24,1.425000012,13.0999999,7.262499958,0.268871256,1,1,11.67499989,0,0,2022,May,Q2,Year1,NA
5/10/2022,Boise High,White,4,24,1.150000006,9.649999857,5.399999931,0.288675097,1,1,8.499999851,0,0,2022,May,Q2,Year1,NA
5/11/2022,Boise High,Black,4,24,2.199999928,12.64999986,7.424999893,0.266145324,1,1,10.44999993,0,0,2022,May,Q2,Year1,NA
5/11/2022,Boise High,White,4,24,1.600000024,9.924999952,5.762499988,0.228673659,1,1,8.324999928,0,0,2022,May,Q2,Year1,NA
5/12/2022,Boise High,Black,4,24,2.399999976,16.2750001,9.337500036,0.228673581,1,1,13.87500012,0,0,2022,May,Q2,Year1,NA
5/12/2022,Boise High,White,4,24,1.824999988,13.20000005,7.512500018,0.495605557,1,1,11.37500006,0,0,2022,May,Q2,Year1,NA
5/13/2022,Boise High,Black,4,24,5.475000024,19.19999981,12.33749992,0.262599088,1,1,13.72499979,0,0,2022,May,Q2,Year1,NA
5/13/2022,Boise High,White,4,24,4.725000024,15.32500005,10.02500004,0.504149445,1,1,10.60000002,0,0,2022,May,Q2,Year1,NA
5/14/2022,Boise High,Black,4,24,8.475000143,19.69999933,14.08749974,0.228673603,1,1,11.22499919,0,0,2022,May,Q2,Year1,NA
5/14/2022,Boise High,White,4,24,7.350000024,16.5999999,11.97499996,0.457347531,1,1,9.249999881,0,0,2022,May,Q2,Year1,NA
5/15/2022,Boise High,Black,4,24,8.100000143,26.19999981,17.14999998,0.261406477,1,1,18.09999967,0,0,2022,May,Q2,Year1,NA
5/15/2022,Boise High,White,4,24,7.100000024,22.17499971,14.63749987,0.594944216,1,1,15.07499969,0,0,2022,May,Q2,Year1,NA
5/16/2022,Boise High,Black,4,24,11.125,24.55000019,17.8375001,0.319830451,1,1,13.42500019,0,0,2022,May,Q2,Year1,NA
5/16/2022,Boise High,White,4,24,10.07499981,20.25,15.1624999,0.37052906,1,1,10.17500019,0,0,2022,May,Q2,Year1,NA
5/17/2022,Boise High,Black,4,24,8.074999928,29.4749999,18.77499992,0.357071431,1,1,21.39999998,0,0,2022,May,Q2,Year1,NA
5/17/2022,Boise High,White,4,24,7,23.375,15.1875,0.572093969,1,1,16.375,0,0,2022,May,Q2,Year1,NA
5/18/2022,Boise High,Black,4,24,9.724999905,24.05000019,16.88750005,0.278013591,1,1,14.32500029,0,0,2022,May,Q2,Year1,NA
5/18/2022,Boise High,White,4,24,7.999999881,19.7750001,13.88749999,0.426956363,1,1,11.77500021,0,0,2022,May,Q2,Year1,NA
5/19/2022,Boise High,Black,4,24,7.600000143,16.47499943,12.03749979,0.451617431,1,1,8.874999285,0,0,2022,May,Q2,Year1,NA
5/19/2022,Boise High,White,4,24,5.625,13.30000019,9.462500095,0.460751162,1,1,7.675000191,0,0,2022,May,Q2,Year1,NA
5/20/2022,Boise High,Black,4,24,3.774999976,24.67499971,14.22499985,0.563471541,1,1,20.89999974,0,0,2022,May,Q2,Year1,NA
5/20/2022,Boise High,White,4,24,2.600000024,18.75,10.67500001,0.513971752,1,1,16.14999998,0,0,2022,May,Q2,Year1,NA
5/21/2022,Boise High,Black,4,24,8.375,21.5999999,14.98749995,0.309233099,1,1,13.2249999,0,0,2022,May,Q2,Year1,NA
5/21/2022,Boise High,White,4,24,6.274999857,16.7750001,11.52499998,0.510718459,1,1,10.50000024,0,0,2022,May,Q2,Year1,NA
5/22/2022,Boise High,Black,3,24,7.666666667,24.79999987,16.23333327,0.548482903,1,1,17.13333321,0,0,2022,May,Q2,Year1,NA
5/22/2022,Boise High,White,4,24,6.125,19.30000019,12.7125001,0.471477923,1,1,13.17500019,0,0,2022,May,Q2,Year1,NA
5/23/2022,Boise High,Black,3,24,8.066666603,26.46666654,17.26666657,0.325320655,1,1,18.39999994,0,0,2022,May,Q2,Year1,NA
5/23/2022,Boise High,White,4,24,6.25,20.9000001,13.57500005,0.457347536,1,1,14.6500001,0,0,2022,May,Q2,Year1,NA
5/24/2022,Boise High,Black,3,24,8.833333333,29.90000025,19.36666679,0.548482407,1,1,21.06666692,0,0,2022,May,Q2,Year1,NA
5/24/2022,Boise High,White,4,24,6.949999928,23.34999943,15.14999968,0.536966825,1,1,16.3999995,0,0,2022,May,Q2,Year1,NA
5/25/2022,Boise High,Black,3,24,11.53333314,32.9666659,22.24999952,0.458258069,1,1,21.43333276,0,0,2022,May,Q2,Year1,NA
5/25/2022,Boise High,White,4,24,9.349999905,26.30000019,17.82500005,0.563471192,1,1,16.95000029,0,0,2022,May,Q2,Year1,NA
5/26/2022,Boise High,Black,3,24,14.33333333,32.09999911,23.21666622,0.354729673,1,1,17.76666578,0,0,2022,May,Q2,Year1,NA
5/26/2022,Boise High,White,4,24,12.27499986,26.25,19.26249993,0.440407159,1,1,13.97500014,0,0,2022,May,Q2,Year1,NA
5/27/2022,Boise High,Black,3,24,13.76666673,26.63333321,20.19999997,0.304137915,1,1,12.86666648,0,0,2022,May,Q2,Year1,NA
5/27/2022,Boise High,White,4,24,12.22500014,21.74999952,16.98749983,0.201556414,1,1,9.52499938,0,0,2022,May,Q2,Year1,NA
5/28/2022,Boise High,Black,3,24,10.53333314,21.70000013,16.11666663,0.292973568,1,1,11.16666698,0,0,2022,May,Q2,Year1,NA
5/28/2022,Boise High,White,4,24,9.575000048,17,13.28750002,0.347311115,1,1,7.424999952,0,0,2022,May,Q2,Year1,NA
5/29/2022,Boise High,Black,3,24,6.633333365,10.36666679,8.500000079,0.34999999,1,1,3.733333429,0,0,2022,May,Q2,Year1,NA
5/29/2022,Boise High,White,4,24,6.124999881,9.375,7.74999994,0.479583151,1,1,3.250000119,0,0,2022,May,Q2,Year1,NA
5/30/2022,Boise High,Black,3,24,4.566666603,11.36666648,7.96666654,0.317542621,1,1,6.799999873,0,0,2022,May,Q2,Year1,NA
5/30/2022,Boise High,White,4,24,3.75,9.199999809,6.474999905,0.392640825,1,1,5.449999809,0,0,2022,May,Q2,Year1,NA
5/31/2022,Boise High,Black,3,24,6.399999936,22.83333333,14.61666663,0.534633763,1,1,16.4333334,0,0,2022,May,Q2,Year1,NA
5/31/2022,Boise High,White,4,24,5.774999976,17.64999962,11.7124998,0.758699445,1,1,11.87499964,0,0,2022,May,Q2,Year1,NA
6/1/2022,Boise High,Black,3,24,6.933333397,29.59999975,18.26666657,0.450925144,1,1,22.66666635,0,0,2022,Jun,Q2,Year1,NA
6/1/2022,Boise High,White,4,24,5.824999928,22.94999981,14.38749987,0.566237695,1,1,17.12499988,0,0,2022,Jun,Q2,Year1,NA
6/2/2022,Boise High,Black,3,24,12.53333346,26.46666654,19.5,0.229128878,1,1,13.93333308,0,0,2022,Jun,Q2,Year1,NA
6/2/2022,Boise High,White,4,24,11.2249999,21.64999962,16.43749976,0.47675106,1,1,10.42499971,0,0,2022,Jun,Q2,Year1,NA
6/3/2022,Boise High,Black,3,24,12.56666692,29.53333282,21.04999987,0.349999802,1,1,16.9666659,0,0,2022,Jun,Q2,Year1,NA
6/3/2022,Boise High,White,4,24,11.35000014,23.64999962,17.49999988,0.437797373,1,1,12.29999948,0,0,2022,Jun,Q2,Year1,NA
6/4/2022,Boise High,Black,3,24,12.89999994,20.23333295,16.56666644,0.057735247,1,1,7.333333015,0,0,2022,Jun,Q2,Year1,NA
6/4/2022,Boise High,White,4,24,11.5999999,16.82499981,14.21249986,0.221265319,1,1,5.224999905,0,0,2022,Jun,Q2,Year1,NA
6/5/2022,Boise High,Black,3,24,11.76666673,23.63333321,17.69999997,0.278388595,1,1,11.86666648,0,0,2022,Jun,Q2,Year1,NA
6/5/2022,Boise High,White,4,24,11.04999995,19.6500001,15.35000002,0.402077849,1,1,8.600000143,0,0,2022,Jun,Q2,Year1,NA
6/6/2022,Boise High,Black,3,24,10.66666667,27.83333333,19.25,0.346409831,1,1,17.16666667,0,0,2022,Jun,Q2,Year1,NA
6/6/2022,Boise High,White,4,24,9.699999809,22.0999999,15.89999986,0.504975064,1,1,12.4000001,0,0,2022,Jun,Q2,Year1,NA
6/7/2022,Boise High,Black,3,24,9.833333333,31.29999987,20.5666666,0.625166639,1,1,21.46666654,0,0,2022,Jun,Q2,Year1,NA
6/7/2022,Boise High,White,4,24,8.5,24.65000057,16.57500029,0.46992892,1,1,16.15000057,0,0,2022,Jun,Q2,Year1,NA
6/8/2022,Boise High,Black,3,24,15.23333295,23.29999987,19.26666641,0.340342815,1,1,8.066666921,0,0,2022,Jun,Q2,Year1,NA
6/8/2022,Boise High,White,4,24,13.54999995,20.17500019,16.86250007,0.292617439,1,1,6.625000238,0,0,2022,Jun,Q2,Year1,NA
6/9/2022,Boise High,Black,3,24,11.9333334,32.06666629,21.99999984,0.299999714,1,1,20.13333289,0,0,2022,Jun,Q2,Year1,NA
6/9/2022,Boise High,White,4,24,10.64999986,26.07500029,18.36250007,0.419076347,1,1,15.42500043,0,0,2022,Jun,Q2,Year1,NA
6/10/2022,Boise High,Black,3,24,15.09999975,33.43333435,24.26666705,0.45092525,1,1,18.3333346,0,0,2022,Jun,Q2,Year1,NA
6/10/2022,Boise High,White,4,24,13.32500029,27.69999981,20.51250005,0.495605528,1,1,14.37499952,0,0,2022,Jun,Q2,Year1,NA
6/11/2022,Boise High,Black,3,24,17.13333321,31.66666667,24.39999994,0.556776162,1,1,14.53333346,0,0,2022,Jun,Q2,Year1,NA
6/11/2022,Boise High,White,4,24,15.17499995,26.0999999,20.63749993,0.425000214,1,1,10.92499995,0,0,2022,Jun,Q2,Year1,NA
6/12/2022,Boise High,Black,3,24,11.13333321,18.23333295,14.68333308,0.275378625,1,1,7.099999746,0,0,2022,Jun,Q2,Year1,NA
6/12/2022,Boise High,White,4,24,10.4749999,16.30000019,13.38750005,0.347311029,1,1,5.825000286,0,0,2022,Jun,Q2,Year1,NA
6/13/2022,Boise High,Black,3,24,7.566666762,15.36666648,11.46666662,0.332916452,1,1,7.799999714,0,0,2022,Jun,Q2,Year1,NA
6/13/2022,Boise High,White,4,24,6.700000048,12.77500033,9.737500191,0.390245763,1,1,6.075000286,0,0,2022,Jun,Q2,Year1,NA
6/14/2022,Boise High,Black,3,24,6.26666673,20.0333341,13.15000041,0.76974021,1,1,13.76666737,0,0,2022,Jun,Q2,Year1,NA
6/14/2022,Boise High,White,4,24,5.024999976,15.97500014,10.50000006,0.302765114,1,1,10.95000017,0,0,2022,Jun,Q2,Year1,NA
6/15/2022,Boise High,Black,3,24,6.699999968,27.66666667,17.18333332,0.3547295,1,1,20.9666667,0,0,2022,Jun,Q2,Year1,NA
6/15/2022,Boise High,White,4,24,5.050000072,22.97499943,14.01249975,0.61424072,1,1,17.92499936,0,0,2022,Jun,Q2,Year1,NA
6/16/2022,Boise High,Black,3,24,12.96666686,29.23333359,21.10000022,0.526783045,1,1,16.26666673,0,0,2022,Jun,Q2,Year1,NA
6/16/2022,Boise High,White,4,24,11.49999976,25.25,18.37499988,0.464578698,1,1,13.75000024,0,0,2022,Jun,Q2,Year1,NA
6/17/2022,Boise High,Black,3,24,13.10000006,26.5,19.80000003,0.563471312,1,1,13.39999994,0,0,2022,Jun,Q2,Year1,NA
6/17/2022,Boise High,White,4,24,11.7249999,21.9749999,16.8499999,0.385140795,1,1,10.25,0,0,2022,Jun,Q2,Year1,NA
6/18/2022,Boise High,Black,3,24,11.63333321,28.70000013,20.16666667,1.029967519,1,1,17.06666692,0,0,2022,Jun,Q2,Year1,NA
6/18/2022,Boise High,White,4,24,10.45000029,23.20000029,16.82500029,0.483907514,1,1,12.75,0,0,2022,Jun,Q2,Year1,NA
6/19/2022,Boise High,Black,3,24,10.63333321,24.60000038,17.61666679,1.162253578,1,1,13.96666718,0,0,2022,Jun,Q2,Year1,NA
6/19/2022,Boise High,White,4,24,8.700000048,19.3499999,14.02499998,0.596518116,1,1,10.64999986,0,0,2022,Jun,Q2,Year1,NA
6/20/2022,Boise High,Black,3,24,10.66666667,28.40000025,19.53333346,0.808290334,1,1,17.73333359,0,0,2022,Jun,Q2,Year1,NA
6/20/2022,Boise High,White,4,24,8.649999857,23.32500029,15.98750007,0.554338813,1,1,14.67500043,0,0,2022,Jun,Q2,Year1,NA
6/21/2022,Boise High,Black,3,24,12.66666635,32.39999962,22.53333298,1.068097842,1,1,19.73333327,0,0,2022,Jun,Q2,Year1,NA
6/21/2022,Boise High,White,4,24,10.25,27.30000019,18.7750001,1.057119007,1,1,17.05000019,0,0,2022,Jun,Q2,Year1,NA
6/22/2022,Boise High,Black,3,18.66666667,14.03333314,30.39999898,22.21666606,5.151294254,1,0,16.36666584,0,0,2022,Jun,Q2,Year1,NA
6/22/2022,Boise High,White,4,24,11.2249999,29.875,20.54999995,0.792674662,1,1,18.6500001,0,0,2022,Jun,Q2,Year1,NA
6/23/2022,Boise High,Black,2,12.5,18.90000057,29.65000057,24.27500057,4.49012833,0,0,10.75,0,0,2022,Jun,Q2,Year1,NA
6/23/2022,Boise High,White,4,24,13.85000014,29.92499971,21.88749993,0.678693901,1,1,16.07499957,0,0,2022,Jun,Q2,Year1,NA
6/24/2022,Boise High,Black,1,24,15.69999981,37.70000076,26.70000029,NA,0,1,22.00000095,0,0,2022,Jun,Q2,Year1,NA
6/24/2022,Boise High,White,4,24,13.4749999,28.22500038,20.85000014,0.518009021,1,1,14.75000048,0,0,2022,Jun,Q2,Year1,NA
6/25/2022,Boise High,Black,1,24,14.60000038,39.5,27.05000019,NA,0,1,24.89999962,0,0,2022,Jun,Q2,Year1,NA
6/25/2022,Boise High,White,4,24,12.39999986,29.44999981,20.92499983,0.904157048,1,1,17.04999995,0,0,2022,Jun,Q2,Year1,NA
6/26/2022,Boise High,Black,1,24,16.39999962,41.59999847,28.99999905,NA,0,1,25.19999886,0,0,2022,Jun,Q2,Year1,NA
6/26/2022,Boise High,White,4,24,14.2750001,32.35000038,23.31250024,0.9936255,1,1,18.07500029,0,0,2022,Jun,Q2,Year1,NA
6/27/2022,Boise High,Black,1,24,19,40.09999847,29.54999924,NA,0,1,21.09999847,0,0,2022,Jun,Q2,Year1,NA
6/27/2022,Boise High,White,4,24,16.92500019,32.42499971,24.67499995,0.658913408,1,1,15.49999952,0,0,2022,Jun,Q2,Year1,NA
6/28/2022,Boise High,Black,1,24,20.10000038,39.5,29.80000019,NA,0,1,19.39999962,0,0,2022,Jun,Q2,Year1,NA
6/28/2022,Boise High,White,4,24,17.87499952,32.0250001,24.94999981,0.672061278,1,1,14.15000057,0,0,2022,Jun,Q2,Year1,NA
6/29/2022,Boise High,Black,1,24,16.89999962,42.70000076,29.80000019,NA,0,1,25.80000114,0,0,2022,Jun,Q2,Year1,NA
6/29/2022,Boise High,White,4,24,15.42499995,32.02499914,23.72499955,0.551512919,1,1,16.59999919,0,0,2022,Jun,Q2,Year1,NA
6/30/2022,Boise High,Black,1,24,17.20000076,42.20000076,29.70000076,NA,0,1,25,0,0,2022,Jun,Q2,Year1,NA
6/30/2022,Boise High,White,4,24,15.375,31.25,23.3125,0.967276881,1,1,15.875,0,0,2022,Jun,Q2,Year1,NA
7/1/2022,Boise High,Black,1,24,18.20000076,43.90000153,31.05000114,NA,0,1,25.70000076,0,0,2022,Jul,Q3,Year1,NA
7/1/2022,Boise High,White,4,24,16.57499981,33.99999905,25.28749943,0.701634936,1,1,17.42499924,0,0,2022,Jul,Q3,Year1,NA
7/2/2022,Boise High,Black,1,24,19.10000038,38.40000153,28.75000095,NA,0,1,19.30000114,0,0,2022,Jul,Q3,Year1,NA
7/2/2022,Boise High,White,4,24,17.54999971,30.375,23.96249986,0.510514339,1,1,12.82500029,0,0,2022,Jul,Q3,Year1,NA
7/3/2022,Boise High,Black,1,24,18.89999962,39.20000076,29.05000019,NA,0,1,20.30000114,0,0,2022,Jul,Q3,Year1,NA
7/3/2022,Boise High,White,4,24,17.54999971,31.29999971,24.42499971,0.55602764,1,1,13.75,0,0,2022,Jul,Q3,Year1,NA
7/4/2022,Boise High,Black,1,8,17.89999962,21.89999962,19.89999962,NA,0,0,4,0,0,2022,Jul,Q3,Year1,NA
7/4/2022,Boise High,White,4,20,16.37500024,26.5250001,21.45000017,2.763452036,1,0,10.14999986,0,0,2022,Jul,Q3,Year1,NA
7/5/2022,Boise High,White,3,24,15.73333359,29.76666641,22.75,0.8261354,1,1,14.03333282,0,0,2022,Jul,Q3,Year1,NA
7/6/2022,Boise High,White,3,24,17.26666641,33.40000025,25.33333333,0.763762304,1,1,16.13333384,0,0,2022,Jul,Q3,Year1,NA
7/7/2022,Boise High,White,3,24,18.06666692,34.66666667,26.36666679,0.693421203,1,1,16.59999975,0,0,2022,Jul,Q3,Year1,NA
7/8/2022,Boise High,White,3,24,18.23333359,34.56666692,26.40000025,0.746660095,1,1,16.33333333,0,0,2022,Jul,Q3,Year1,NA
7/9/2022,Boise High,White,3,24,18.80000051,34.36666743,26.58333397,0.642910328,1,1,15.56666692,0,0,2022,Jul,Q3,Year1,NA
7/10/2022,Boise High,White,3,24,18.09999975,34,26.04999987,0.522016221,1,1,15.90000025,0,0,2022,Jul,Q3,Year1,NA
7/11/2022,Boise High,White,3,24,16.90000025,35.06666819,25.98333422,0.665832845,1,1,18.16666794,0,0,2022,Jul,Q3,Year1,NA
7/12/2022,Boise High,White,3,24,17.53333282,36.69999949,27.11666616,0.951753018,1,1,19.16666667,0,0,2022,Jul,Q3,Year1,NA
7/13/2022,Boise High,White,3,24,21.73333295,35.56666692,28.64999994,0.649999619,1,1,13.83333397,0,0,2022,Jul,Q3,Year1,NA
7/14/2022,Boise High,White,3,24,19.83333397,37.33333333,28.58333365,0.568624646,1,1,17.49999936,0,0,2022,Jul,Q3,Year1,NA
7/15/2022,Boise High,White,3,24,21.40000025,36.86666743,29.13333384,0.66583349,1,1,15.46666718,0,0,2022,Jul,Q3,Year1,NA
7/16/2022,Boise High,White,3,24,19.63333321,37.20000076,28.41666698,0.718215244,1,1,17.56666756,0,0,2022,Jul,Q3,Year1,NA
7/17/2022,Boise High,White,3,24,20,35.63333384,27.81666692,0.633113889,1,1,15.63333384,0,0,2022,Jul,Q3,Year1,NA
7/18/2022,Boise High,White,3,24,19.63333321,35.9666659,27.79999955,0.435890135,1,1,16.3333327,0,0,2022,Jul,Q3,Year1,NA
7/19/2022,Boise High,White,3,24,17.56666629,37.63333257,27.59999943,0.57662851,1,1,20.06666629,0,0,2022,Jul,Q3,Year1,NA
7/20/2022,Boise High,White,3,24,19.76666705,38.80000051,29.28333378,0.617116924,1,1,19.03333346,0,0,2022,Jul,Q3,Year1,NA
7/21/2022,Boise High,White,3,24,19.93333308,38.43333308,29.18333308,0.642909982,1,1,18.5,0,0,2022,Jul,Q3,Year1,NA
7/22/2022,Boise High,White,3,24,20.16666667,37.69999949,28.93333308,0.568623724,1,1,17.53333282,0,0,2022,Jul,Q3,Year1,NA
7/23/2022,Boise High,White,3,24,18.36666679,38.33333206,28.34999943,0.540832242,1,1,19.96666527,0,0,2022,Jul,Q3,Year1,NA
7/24/2022,Boise High,White,3,24,19,36.63333384,27.81666692,0.416332956,1,1,17.63333384,0,0,2022,Jul,Q3,Year1,NA
7/25/2022,Boise High,White,3,24,17.00000064,38.76666641,27.88333352,0.66583337,1,1,21.76666578,0,0,2022,Jul,Q3,Year1,NA
7/26/2022,Boise High,White,3,24,18.86666679,39.59999975,29.23333327,0.652559106,1,1,20.73333295,0,0,2022,Jul,Q3,Year1,NA
7/27/2022,Boise High,White,3,24,21,39.06666692,30.03333346,0.503321753,1,1,18.06666692,0,0,2022,Jul,Q3,Year1,NA
7/28/2022,Boise High,White,3,24,21.63333321,39.36666616,30.49999968,0.826135848,1,1,17.73333295,0,0,2022,Jul,Q3,Year1,NA
7/29/2022,Boise High,White,3,24,21.06666629,38.86666616,29.96666622,0.579511168,1,1,17.79999987,0,0,2022,Jul,Q3,Year1,NA
7/30/2022,Boise High,White,3,24,20.43333308,39.06666692,29.75,0.556776676,1,1,18.63333384,0,0,2022,Jul,Q3,Year1,NA
7/31/2022,Boise High,White,3,24,20.83333333,37.39999898,29.11666616,0.825126049,1,1,16.56666565,0,0,2022,Jul,Q3,Year1,NA
8/1/2022,Boise High,White,3,24,21.86666679,38.09999975,29.98333327,0.625166665,1,1,16.23333295,0,0,2022,Aug,Q3,Year1,NA
8/2/2022,Boise High,White,3,24,21.53333346,33.36666616,27.44999981,0.576627807,1,1,11.8333327,0,0,2022,Aug,Q3,Year1,NA
8/3/2022,Boise High,White,3,24,18.79999987,36.93333308,27.86666648,0.718215952,1,1,18.13333321,0,0,2022,Aug,Q3,Year1,NA
8/4/2022,Boise High,White,3,24,20.86666679,38.5,29.6833334,0.700594606,1,1,17.63333321,0,0,2022,Aug,Q3,Year1,NA
8/5/2022,Boise High,White,3,24,21.76666705,35.36666743,28.56666724,0.765397357,1,1,13.60000038,0,0,2022,Aug,Q3,Year1,NA
8/6/2022,Boise High,White,3,24,18.40000025,34.36666616,26.38333321,0.592311874,1,1,15.9666659,0,0,2022,Aug,Q3,Year1,NA
8/7/2022,Boise High,White,3,24,16.0666666,36.63333384,26.35000022,0.936749646,1,1,20.56666724,0,0,2022,Aug,Q3,Year1,NA
8/8/2022,Boise High,White,3,24,20.23333359,34.66666794,27.45000076,0.726291867,1,1,14.43333435,0,0,2022,Aug,Q3,Year1,NA
8/9/2022,Boise High,White,3,24,21.66666667,34.09999975,27.88333321,0.637050655,1,1,12.43333308,0,0,2022,Aug,Q3,Year1,NA
8/10/2022,Boise High,White,3,24,18.83333333,33.36666616,26.09999975,0.649999472,1,1,14.53333282,0,0,2022,Aug,Q3,Year1,NA
8/11/2022,Boise High,White,3,24,18.86666679,35.66666667,27.26666673,0.72858313,1,1,16.79999987,0,0,2022,Aug,Q3,Year1,NA
8/12/2022,Boise High,White,3,24,19.5,36.80000051,28.15000025,0.606218129,1,1,17.30000051,0,0,2022,Aug,Q3,Year1,NA
8/13/2022,Boise High,White,3,24,18.09999975,36.79999924,27.44999949,0.492442784,1,1,18.69999949,0,0,2022,Aug,Q3,Year1,NA
8/14/2022,Boise High,White,3,24,18.06666629,34.86666616,26.46666622,0.633114429,1,1,16.79999987,0,0,2022,Aug,Q3,Year1,NA
8/15/2022,Boise High,White,3,24,18.46666654,36.63333384,27.55000019,1.025914329,1,1,18.1666673,0,0,2022,Aug,Q3,Year1,NA
8/16/2022,Boise High,White,3,24,18.76666705,36.83333333,27.80000019,1,1,1,18.06666629,0,0,2022,Aug,Q3,Year1,NA
8/17/2022,Boise High,White,3,24,19.16666667,37.03333282,28.09999975,0.926013144,1,1,17.86666616,0,0,2022,Aug,Q3,Year1,NA
8/18/2022,Boise High,White,3,24,20.20000013,32.0333341,26.11666711,0.493288525,1,1,11.83333397,0,0,2022,Aug,Q3,Year1,NA
8/19/2022,Boise High,White,3,24,19.53333282,32.76666768,26.15000025,0.350000245,1,1,13.23333486,0,0,2022,Aug,Q3,Year1,NA
8/20/2022,Boise High,White,3,24,18.16666667,34.59999975,26.38333321,0.831163667,1,1,16.43333308,0,0,2022,Aug,Q3,Year1,NA
8/21/2022,Boise High,White,3,24,18.53333282,35.13333257,26.8333327,0.633113927,1,1,16.59999975,0,0,2022,Aug,Q3,Year1,NA
8/22/2022,Boise High,White,3,24,19.93333308,36.70000076,28.31666692,0.633113701,1,1,16.76666768,0,0,2022,Aug,Q3,Year1,NA
8/23/2022,Boise High,White,3,24,19.49999936,36.4666659,27.98333263,0.700595287,1,1,16.96666654,0,0,2022,Aug,Q3,Year1,NA
8/24/2022,Boise High,White,3,19.66666667,19.13333321,43.73333359,31.4333334,7.925486205,1,0,24.60000038,0,0,2022,Aug,Q3,Year1,NA
8/25/2022,Boise High,Black,2,12.5,18.89999962,56.25,37.57499981,0.530330086,0,0,37.35000038,0,0,2022,Aug,Q3,Year1,NA
8/25/2022,Boise High,White,3,20.66666667,15.29999987,57.5,36.39999994,1.081665541,1,0,42.20000013,0,0,2022,Aug,Q3,Year1,NA
8/26/2022,Boise High,Black,3,20,17.96666654,52.59999975,35.28333314,6.276211893,1,0,34.63333321,0,0,2022,Aug,Q3,Year1,NA
8/26/2022,Boise High,White,3,24,12.20000013,50.80000051,31.50000032,0.901387422,1,1,38.60000038,0,0,2022,Aug,Q3,Year1,NA
8/27/2022,Boise High,Black,3,18.66666667,19.63333352,48.29999924,33.96666638,8.129319947,1,0,28.66666571,0,0,2022,Aug,Q3,Year1,NA
8/27/2022,Boise High,White,3,24,11.9333334,45.86666743,28.90000041,1.490804953,1,1,33.93333403,0,0,2022,Aug,Q3,Year1,NA
8/28/2022,Boise High,Black,3,19.66666667,12.73333343,50.63333384,31.68333364,6.986116921,1,0,37.90000041,0,0,2022,Aug,Q3,Year1,NA
8/28/2022,Boise High,White,3,24,6.300000032,48.40000025,27.35000014,1.802775902,1,1,42.10000022,0,0,2022,Aug,Q3,Year1,NA
8/29/2022,Boise High,Black,3,19.33333333,12.10000006,55.13333384,33.61666695,5.728073572,1,0,43.03333378,0,0,2022,Aug,Q3,Year1,NA
8/29/2022,Boise High,White,3,24,8.133333206,57.33333333,32.73333327,3.302019537,1,1,49.20000013,0,0,2022,Aug,Q3,Year1,NA
8/30/2022,Boise High,Black,3,10.66666667,16.9333334,47.56666692,32.25000016,3.831123082,1,0,30.63333352,0,0,2022,Aug,Q3,Year1,NA
8/30/2022,Boise High,White,3,13,13.50000032,48.0333341,30.76666721,3.728381856,1,0,34.53333378,0,0,2022,Aug,Q3,Year1,NA
11/22/2021,Boise Low,Black,2,9,1.450000048,6.699999809,4.074999928,0.176776695,0,0,5.249999762,0,0,2021,Nov,Q4,Year1,NA
11/22/2021,Boise Low,White,2,9,0.849999994,4.399999976,2.624999985,0.459619412,0,0,3.549999982,0,0,2021,Nov,Q4,Year1,NA
11/23/2021,Boise Low,Black,2,24,0.199999999,7.400000095,3.800000047,0.141421424,0,1,7.200000096,0,0,2021,Nov,Q4,Year1,NA
11/23/2021,Boise Low,White,2,24,-0.050000001,5.400000095,2.675000047,0.38890873,0,1,5.450000096,0,0,2021,Nov,Q4,Year1,NA
11/24/2021,Boise Low,Black,2,24,1.25,9,5.125,0.035355474,0,1,7.75,0,0,2021,Nov,Q4,Year1,NA
11/24/2021,Boise Low,White,2,24,1.100000024,5.849999905,3.474999964,0.601040697,0,1,4.749999881,0,0,2021,Nov,Q4,Year1,NA
11/25/2021,Boise Low,Black,2,24,-0.650000006,6.699999809,3.024999902,0.247487369,0,1,7.349999815,0,0,2021,Nov,Q4,Year1,NA
11/25/2021,Boise Low,White,2,24,-0.699999988,1.800000072,0.550000042,0.424264086,0,1,2.50000006,0,0,2021,Nov,Q4,Year1,NA
11/26/2021,Boise Low,Black,2,24,1.00000003,6.75,3.875000015,0.176776843,0,1,5.74999997,0,0,2021,Nov,Q4,Year1,NA
11/26/2021,Boise Low,White,2,24,0.549999997,4.350000143,2.45000007,0.424264096,0,1,3.800000146,0,0,2021,Nov,Q4,Year1,NA
11/27/2021,Boise Low,Black,2,24,2.150000036,10.25,6.200000018,0.07071099,0,1,8.099999964,0,0,2021,Nov,Q4,Year1,NA
11/27/2021,Boise Low,White,2,24,1.550000012,7.100000143,4.325000077,0.530330128,0,1,5.550000131,0,0,2021,Nov,Q4,Year1,NA
11/28/2021,Boise Low,Black,2,24,1.599999964,11.19999981,6.399999887,1.26E-07,0,1,9.599999845,0,0,2021,Nov,Q4,Year1,NA
11/28/2021,Boise Low,White,2,24,1.25,7.450000048,4.350000024,0.636396171,0,1,6.200000048,0,0,2021,Nov,Q4,Year1,NA
11/29/2021,Boise Low,Black,2,24,1.450000048,9.900000095,5.675000072,0.035355137,0,1,8.450000048,0,0,2021,Nov,Q4,Year1,NA
11/29/2021,Boise Low,White,2,24,1.100000024,6.549999952,3.824999988,0.459619307,0,1,5.449999928,0,0,2021,Nov,Q4,Year1,NA
11/30/2021,Boise Low,Black,2,24,1.5,9.949999809,5.724999905,0.035355305,0,1,8.449999809,0,0,2021,Nov,Q4,Year1,NA
11/30/2021,Boise Low,White,2,24,1.100000024,6.5,3.800000012,0.56568556,0,1,5.399999976,0,0,2021,Nov,Q4,Year1,NA
12/1/2021,Boise Low,Black,2,24,2,10.44999981,6.224999905,0.035355305,0,1,8.449999809,0,0,2021,Dec,Q4,Year1,NA
12/1/2021,Boise Low,White,2,24,1.5,7,4.25,0.56568556,0,1,5.5,0,0,2021,Dec,Q4,Year1,NA
12/2/2021,Boise Low,Black,2,24,1.599999964,10.35000038,5.975000173,0.035355347,0,1,8.750000417,0,0,2021,Dec,Q4,Year1,NA
12/2/2021,Boise Low,White,2,24,1.25,6.850000143,4.050000072,0.707106781,0,1,5.600000143,0,0,2021,Dec,Q4,Year1,NA
12/3/2021,Boise Low,Black,2,24,1.350000024,9.050000191,5.200000107,0.141421221,0,1,7.700000167,0,0,2021,Dec,Q4,Year1,NA
12/3/2021,Boise Low,White,2,24,1.100000024,5.799999952,3.449999988,0.494974781,0,1,4.699999928,0,0,2021,Dec,Q4,Year1,NA
12/4/2021,Boise Low,Black,2,24,0.350000013,5.75,3.050000006,0.141421229,0,1,5.399999987,0,0,2021,Dec,Q4,Year1,NA
12/4/2021,Boise Low,White,2,24,0.050000001,3.699999928,1.874999965,0.106066035,0,1,3.649999928,0,0,2021,Dec,Q4,Year1,NA
12/5/2021,Boise Low,Black,2,24,3.75,9,6.375,0.106065747,0,1,5.25,0,0,2021,Dec,Q4,Year1,NA
12/5/2021,Boise Low,White,2,24,3,6.850000143,4.925000072,0.388908696,0,1,3.850000143,0,0,2021,Dec,Q4,Year1,NA
12/6/2021,Boise Low,Black,2,24,1.899999976,3.399999976,2.649999976,0.282842611,0,1,1.5,1,0,2021,Dec,Q4,Year1,NA
12/6/2021,Boise Low,White,2,24,1.5,2.649999976,2.074999988,0.03535539,0,1,1.149999976,1,0,2021,Dec,Q4,Year1,NA
12/7/2021,Boise Low,Black,2,24,1.899999976,5.699999809,3.799999893,0.141421306,0,1,3.799999833,0,0,2021,Dec,Q4,Year1,NA
12/7/2021,Boise Low,White,2,24,1.550000012,4.349999905,2.949999958,0.212132043,0,1,2.799999893,0,0,2021,Dec,Q4,Year1,NA
12/8/2021,Boise Low,Black,2,24,3,7.600000143,5.300000072,0,0,1,4.600000143,0,0,2021,Dec,Q4,Year1,NA
12/8/2021,Boise Low,White,2,24,2.699999928,5.649999857,4.174999893,0.459619391,0,1,2.949999928,0,0,2021,Dec,Q4,Year1,NA
12/9/2021,Boise Low,Black,2,24,1.75,4.900000095,3.325000048,0.247487306,0,1,3.150000095,0,0,2021,Dec,Q4,Year1,NA
12/9/2021,Boise Low,White,2,24,1.550000012,3.5,2.525000006,0.247487348,0,1,1.949999988,1,0,2021,Dec,Q4,Year1,NA
12/10/2021,Boise Low,Black,4,19.5,0.875,4.524999976,2.699999988,0.070710653,1,0,3.649999976,0,0,2021,Dec,Q4,Year1,NA
12/10/2021,Boise Low,White,4,19.5,0.775000021,3.025000036,1.900000028,0.355902649,1,0,2.250000015,0,0,2021,Dec,Q4,Year1,NA
12/11/2021,Boise Low,Black,4,24,1.849999994,3.675000012,2.762500003,0.110867816,1,1,1.825000018,1,0,2021,Dec,Q4,Year1,NA
12/11/2021,Boise Low,White,4,24,1.550000012,3.200000048,2.37500003,0.27537855,1,1,1.650000036,1,0,2021,Dec,Q4,Year1,NA
12/12/2021,Boise Low,Black,4,24,3.199999988,8.599999905,5.899999946,0.234520658,1,1,5.399999917,0,0,2021,Dec,Q4,Year1,NA
12/12/2021,Boise Low,White,4,24,2.974999964,7.25,5.112499982,0.317214463,1,1,4.275000036,0,0,2021,Dec,Q4,Year1,NA
12/13/2021,Boise Low,Black,4,24,3.12500006,8.624999762,5.874999911,0.064549738,1,1,5.499999702,0,0,2021,Dec,Q4,Year1,NA
12/13/2021,Boise Low,White,4,24,2.950000048,7.800000072,5.37500006,0.155456323,1,1,4.850000024,0,0,2021,Dec,Q4,Year1,NA
12/14/2021,Boise Low,Black,4,24,1.875,7.674999952,4.774999976,0.064549645,1,1,5.799999952,0,0,2021,Dec,Q4,Year1,NA
12/14/2021,Boise Low,White,4,24,1.649999976,7.424999952,4.537499964,0.242813344,1,1,5.774999976,0,0,2021,Dec,Q4,Year1,NA
12/15/2021,Boise Low,Black,4,24,0.574999992,1.674999982,1.124999987,0.217944943,1,1,1.09999999,1,0,2021,Dec,Q4,Year1,NA
12/15/2021,Boise Low,White,4,24,0.574999999,1.449999988,1.012499994,0.344903361,1,1,0.874999989,1,1,2021,Dec,Q4,Year1,NA
12/16/2021,Boise Low,Black,4,24,0.824999988,5.224999905,3.024999946,0.104083344,1,1,4.399999917,0,0,2021,Dec,Q4,Year1,NA
12/16/2021,Boise Low,White,4,24,0.725000009,2.349999964,1.537499987,0.29545163,1,1,1.624999955,1,0,2021,Dec,Q4,Year1,NA
12/17/2021,Boise Low,Black,4,24,1.574999988,5.975000024,3.775000006,0.104083296,1,1,4.400000036,0,0,2021,Dec,Q4,Year1,NA
12/17/2021,Boise Low,White,4,24,1.200000018,4.449999928,2.824999973,0.246644115,1,1,3.249999911,0,0,2021,Dec,Q4,Year1,NA
12/18/2021,Boise Low,Black,4,24,0.475000013,3.449999988,1.9625,0.149303945,1,1,2.974999975,0,0,2021,Dec,Q4,Year1,NA
12/18/2021,Boise Low,White,4,24,0.400000006,1.075000003,0.737500004,0.332603372,1,1,0.674999997,1,1,2021,Dec,Q4,Year1,NA
12/19/2021,Boise Low,Black,4,24,0.350000003,0.924999997,0.6375,0.165201899,1,1,0.574999994,1,1,2021,Dec,Q4,Year1,NA
12/19/2021,Boise Low,White,4,24,0.150000006,0.575000003,0.362500004,0.278013794,1,1,0.424999997,1,1,2021,Dec,Q4,Year1,NA
12/20/2021,Boise Low,Black,4,24,0.799999997,8.274999976,4.537499987,0.103077594,1,1,7.474999979,0,0,2021,Dec,Q4,Year1,NA
12/20/2021,Boise Low,White,4,24,0.475000013,3.099999964,1.787499988,0.396600143,1,1,2.624999952,0,0,2021,Dec,Q4,Year1,NA
12/21/2021,Boise Low,Black,4,24,0.200000005,4,2.100000002,0.227303038,1,1,3.799999995,0,0,2021,Dec,Q4,Year1,NA
12/21/2021,Boise Low,White,4,24,-0.049999999,0.875,0.412500001,0.256173786,1,1,0.924999999,1,1,2021,Dec,Q4,Year1,NA
12/22/2021,Boise Low,Black,4,24,0.775000006,7.024999976,3.899999991,0.187082853,1,1,6.24999997,0,0,2021,Dec,Q4,Year1,NA
12/22/2021,Boise Low,White,4,24,0.275000008,2.899999976,1.587499992,0.438510753,1,1,2.624999968,0,0,2021,Dec,Q4,Year1,NA
12/23/2021,Boise Low,Black,4,24,2.75,6.674999952,4.712499976,0.075000074,1,1,3.924999952,0,0,2021,Dec,Q4,Year1,NA
12/23/2021,Boise Low,White,4,24,1.550000012,5.799999952,3.674999982,0.165831219,1,1,4.24999994,0,0,2021,Dec,Q4,Year1,NA
12/24/2021,Boise Low,Black,4,24,1.525000006,6.700000048,4.112500027,0.143614059,1,1,5.175000042,0,0,2021,Dec,Q4,Year1,NA
12/24/2021,Boise Low,White,4,24,1.325000018,4.674999952,2.999999985,0.285773743,1,1,3.349999934,0,0,2021,Dec,Q4,Year1,NA
12/25/2021,Boise Low,Black,4,24,1.425000012,2.574999988,2,0.147195989,1,1,1.149999976,1,0,2021,Dec,Q4,Year1,NA
12/25/2021,Boise Low,White,4,24,1.175000012,1.824999988,1.5,0.244948952,1,1,0.649999976,1,1,2021,Dec,Q4,Year1,NA
12/26/2021,Boise Low,Black,4,24,0.899999991,1.349999994,1.124999993,0.165831239,1,1,0.450000003,1,1,2021,Dec,Q4,Year1,NA
12/26/2021,Boise Low,White,4,24,0.700000003,1.150000006,0.925000004,0.239791578,1,1,0.450000003,1,1,2021,Dec,Q4,Year1,NA
12/27/2021,Boise Low,Black,4,24,0.600000001,0.950000003,0.775000002,0.155456315,1,1,0.350000001,1,1,2021,Dec,Q4,Year1,NA
12/27/2021,Boise Low,White,4,24,0.349999998,0.774999991,0.562499994,0.335099492,1,1,0.424999993,1,1,2021,Dec,Q4,Year1,NA
12/28/2021,Boise Low,Black,4,24,-0.075000012,0.574999996,0.249999992,0.38729833,1,1,0.650000008,1,1,2021,Dec,Q4,Year1,NA
12/28/2021,Boise Low,White,4,24,-0.449999982,0.4,-0.024999991,0.77728158,1,1,0.849999983,1,1,2021,Dec,Q4,Year1,NA
12/29/2021,Boise Low,Black,4,24,-0.324999996,0.225000003,-0.049999996,0.555277704,1,1,0.549999999,1,1,2021,Dec,Q4,Year1,NA
12/29/2021,Boise Low,White,4,24,-0.625000004,0.174999999,-0.225000002,0.864580829,1,1,0.800000003,1,1,2021,Dec,Q4,Year1,NA
12/30/2021,Boise Low,Black,4,24,0.025000004,0.300000001,0.162500002,0.356779581,1,1,0.274999997,1,1,2021,Dec,Q4,Year1,NA
12/30/2021,Boise Low,White,4,24,-0.525000006,0.07499999,-0.225000008,0.775134404,1,1,0.599999996,1,1,2021,Dec,Q4,Year1,NA
12/31/2021,Boise Low,Black,4,24,-1.125000006,0.275,-0.425000003,0.602079726,1,1,1.400000006,1,0,2021,Dec,Q4,Year1,NA
12/31/2021,Boise Low,White,4,24,-1.550000023,1.86E-09,-0.775000011,1.012011219,1,1,1.550000025,1,0,2021,Dec,Q4,Year1,NA
1/1/2022,Boise Low,Black,4,24,-3.800000042,-0.599999994,-2.200000018,1.010775296,1,1,3.200000048,0,0,2022,Jan,Q1,Year1,NA
1/1/2022,Boise Low,White,4,24,-4.574999988,-1.34999997,-2.962499979,1.507412207,1,1,3.225000018,0,0,2022,Jan,Q1,Year1,NA
1/2/2022,Boise Low,Black,4,24,-5.024999917,-2.074999988,-3.549999952,0.969535949,1,1,2.949999928,0,0,2022,Jan,Q1,Year1,NA
1/2/2022,Boise Low,White,4,24,-5.725000143,-3.474999964,-4.600000054,1.360759633,1,1,2.250000179,0,0,2022,Jan,Q1,Year1,NA
1/3/2022,Boise Low,Black,4,24,-6.300000072,0.125000002,-3.087500035,0.784617718,1,1,6.425000073,0,0,2022,Jan,Q1,Year1,NA
1/3/2022,Boise Low,White,4,24,-7.025000095,0.250000004,-3.387500046,0.9222934,1,1,7.275000099,0,0,2022,Jan,Q1,Year1,NA
1/4/2022,Boise Low,Black,4,24,0.100000001,0.450000003,0.275000002,0.119023805,1,1,0.350000001,1,1,2022,Jan,Q1,Year1,NA
1/4/2022,Boise Low,White,4,24,0.125000002,0.300000004,0.212500003,0.085391258,1,1,0.175000003,1,1,2022,Jan,Q1,Year1,NA
1/5/2022,Boise Low,Black,4,24,0.350000005,1.349999994,0.85,0.135400632,1,1,0.999999989,1,1,2022,Jan,Q1,Year1,NA
1/5/2022,Boise Low,White,4,24,0.300000004,0.800000012,0.550000008,0.129099441,1,1,0.500000007,1,1,2022,Jan,Q1,Year1,NA
1/6/2022,Boise Low,Black,4,24,0.325000007,0.500000007,0.412500007,0.103077644,1,1,0.175000001,1,1,2022,Jan,Q1,Year1,NA
1/6/2022,Boise Low,White,4,24,0.325000003,0.475000016,0.40000001,0.147196018,1,1,0.150000013,1,1,2022,Jan,Q1,Year1,NA
1/7/2022,Boise Low,Black,4,24,0.325000007,5.725000024,3.025000015,0.337885574,1,1,5.400000017,0,0,2022,Jan,Q1,Year1,NA
1/7/2022,Boise Low,White,4,24,0.325000003,4.049999952,2.187499978,0.374999939,1,1,3.724999949,0,0,2022,Jan,Q1,Year1,NA
1/8/2022,Boise Low,Black,4,24,0.774999991,5.875000119,3.325000055,0.225462446,1,1,5.100000128,0,0,2022,Jan,Q1,Year1,NA
1/8/2022,Boise Low,White,4,24,0.375000006,3.300000012,1.837500009,0.33757715,1,1,2.925000006,0,0,2022,Jan,Q1,Year1,NA
1/9/2022,Boise Low,Black,4,24,0.275000002,1.424999982,0.849999992,0.147196005,1,1,1.14999998,1,0,2022,Jan,Q1,Year1,NA
1/9/2022,Boise Low,White,4,24,-0.025000004,0.974999994,0.474999995,0.155456317,1,1,0.999999998,1,1,2022,Jan,Q1,Year1,NA
1/10/2022,Boise Low,Black,4,24,-0.274999995,0.725000009,0.225000007,0.125830568,1,1,1.000000004,1,0,2022,Jan,Q1,Year1,NA
1/10/2022,Boise Low,White,4,24,-1.025000012,0.800000012,-0.1125,0.356779578,1,1,1.825000023,1,0,2022,Jan,Q1,Year1,NA
1/11/2022,Boise Low,Black,4,24,0.125000004,0.550000012,0.337500008,0.08539126,1,1,0.425000008,1,1,2022,Jan,Q1,Year1,NA
1/11/2022,Boise Low,White,4,24,-0.6,0.425000008,-0.087499996,0.271952813,1,1,1.025000008,1,0,2022,Jan,Q1,Year1,NA
1/12/2022,Boise Low,Black,4,24,-0.300000004,0.974999994,0.337499995,0.075000002,1,1,1.274999999,1,0,2022,Jan,Q1,Year1,NA
1/12/2022,Boise Low,White,4,24,-1.62499994,0.725000009,-0.449999966,0.30822068,1,1,2.349999949,0,0,2022,Jan,Q1,Year1,NA
1/13/2022,Boise Low,Black,4,24,-0.175000001,1.625,0.725,0.436844762,1,1,1.800000001,1,0,2022,Jan,Q1,Year1,NA
1/13/2022,Boise Low,White,4,24,-1.599999979,1.000000015,-0.299999982,0.234520791,1,1,2.599999994,0,0,2022,Jan,Q1,Year1,NA
1/14/2022,Boise Low,Black,1,24,0.200000003,10.10000038,5.150000192,NA,0,1,9.900000378,0,0,2022,Jan,Q1,Year1,NA
1/14/2022,Boise Low,White,1,24,0.100000001,0.800000012,0.450000007,NA,0,1,0.70000001,1,1,2022,Jan,Q1,Year1,NA
1/15/2022,Boise Low,Black,1,24,0.200000003,0.600000024,0.400000013,NA,0,1,0.400000021,1,1,2022,Jan,Q1,Year1,NA
1/15/2022,Boise Low,White,1,24,0.200000003,0.300000012,0.250000007,NA,0,1,0.100000009,1,1,2022,Jan,Q1,Year1,NA
1/16/2022,Boise Low,Black,1,24,0.200000003,0.899999976,0.54999999,NA,0,1,0.699999973,1,1,2022,Jan,Q1,Year1,NA
1/16/2022,Boise Low,White,1,24,0.100000001,0.400000006,0.250000004,NA,0,1,0.300000004,1,1,2022,Jan,Q1,Year1,NA
1/17/2022,Boise Low,Black,1,24,0.200000003,0.600000024,0.400000013,NA,0,1,0.400000021,1,1,2022,Jan,Q1,Year1,NA
1/17/2022,Boise Low,White,1,24,0.100000001,0.300000012,0.200000007,NA,0,1,0.20000001,1,1,2022,Jan,Q1,Year1,NA
1/18/2022,Boise Low,Black,1,24,0.200000003,3,1.600000001,NA,0,1,2.799999997,0,0,2022,Jan,Q1,Year1,NA
1/18/2022,Boise Low,White,1,24,0.100000001,0.5,0.300000001,NA,0,1,0.399999999,1,1,2022,Jan,Q1,Year1,NA
1/19/2022,Boise Low,Black,1,24,0.300000012,2.900000095,1.600000054,NA,0,1,2.600000083,0,0,2022,Jan,Q1,Year1,NA
1/19/2022,Boise Low,White,1,24,0.400000006,0.5,0.450000003,NA,0,1,0.099999994,1,1,2022,Jan,Q1,Year1,NA
1/20/2022,Boise Low,Black,1,24,0.600000024,3.200000048,1.900000036,NA,0,1,2.600000024,0,0,2022,Jan,Q1,Year1,NA
1/20/2022,Boise Low,White,1,24,0.400000006,0.600000024,0.500000015,NA,0,1,0.200000018,1,1,2022,Jan,Q1,Year1,NA
1/21/2022,Boise Low,Black,1,24,0.400000006,8.600000381,4.500000194,NA,0,1,8.200000376,0,0,2022,Jan,Q1,Year1,NA
1/21/2022,Boise Low,White,1,24,0.400000006,1,0.700000003,NA,0,1,0.599999994,1,1,2022,Jan,Q1,Year1,NA
1/22/2022,Boise Low,Black,1,24,-0.100000001,5.400000095,2.650000047,NA,0,1,5.500000097,0,0,2022,Jan,Q1,Year1,NA
1/22/2022,Boise Low,White,1,24,0.300000012,0.800000012,0.550000012,NA,0,1,0.5,1,1,2022,Jan,Q1,Year1,NA
1/23/2022,Boise Low,Black,1,24,0.400000006,5.199999809,2.799999908,NA,0,1,4.799999803,0,0,2022,Jan,Q1,Year1,NA
1/23/2022,Boise Low,White,1,24,0.5,0.800000012,0.650000006,NA,0,1,0.300000012,1,1,2022,Jan,Q1,Year1,NA
1/24/2022,Boise Low,Black,1,24,0.100000001,2.700000048,1.400000025,NA,0,1,2.600000046,0,0,2022,Jan,Q1,Year1,NA
1/24/2022,Boise Low,White,1,24,0.400000006,0.600000024,0.500000015,NA,0,1,0.200000018,1,1,2022,Jan,Q1,Year1,NA
1/25/2022,Boise Low,Black,1,24,-0.800000012,7.400000095,3.300000042,NA,0,1,8.200000107,0,0,2022,Jan,Q1,Year1,NA
1/25/2022,Boise Low,White,1,24,0.200000003,1,0.600000001,NA,0,1,0.799999997,1,1,2022,Jan,Q1,Year1,NA
1/26/2022,Boise Low,Black,1,24,0,0.600000024,0.300000012,NA,0,1,0.600000024,1,1,2022,Jan,Q1,Year1,NA
1/26/2022,Boise Low,White,1,24,0.300000012,0.600000024,0.450000018,NA,0,1,0.300000012,1,1,2022,Jan,Q1,Year1,NA
1/27/2022,Boise Low,Black,1,24,-1.899999976,0.5,-0.699999988,NA,0,1,2.399999976,0,0,2022,Jan,Q1,Year1,NA
1/27/2022,Boise Low,White,1,24,-0.300000012,0.5,0.099999994,NA,0,1,0.800000012,1,1,2022,Jan,Q1,Year1,NA
1/28/2022,Boise Low,Black,1,24,-4.099999905,0,-2.049999952,NA,0,1,4.099999905,0,0,2022,Jan,Q1,Year1,NA
1/28/2022,Boise Low,White,1,24,-2.700000048,-0.100000001,-1.400000025,NA,0,1,2.600000046,0,0,2022,Jan,Q1,Year1,NA
1/29/2022,Boise Low,Black,1,24,-6.300000191,2.099999905,-2.100000143,NA,0,1,8.400000095,0,0,2022,Jan,Q1,Year1,NA
1/29/2022,Boise Low,White,1,24,-4.5,-0.300000012,-2.400000006,NA,0,1,4.199999988,0,0,2022,Jan,Q1,Year1,NA
1/30/2022,Boise Low,Black,1,24,-7,-0.200000003,-3.600000001,NA,0,1,6.799999997,0,0,2022,Jan,Q1,Year1,NA
1/30/2022,Boise Low,White,1,24,-5.900000095,-1.299999952,-3.600000024,NA,0,1,4.600000143,0,0,2022,Jan,Q1,Year1,NA
1/31/2022,Boise Low,Black,1,24,-5.400000095,6.400000095,0.5,NA,0,1,11.80000019,0,0,2022,Jan,Q1,Year1,NA
1/31/2022,Boise Low,White,1,24,-4.400000095,0.100000001,-2.150000047,NA,0,1,4.500000097,0,0,2022,Jan,Q1,Year1,NA
2/1/2022,Boise Low,Black,1,24,-3.299999952,2.700000048,-0.299999952,NA,0,1,6,0,0,2022,Feb,Q1,Year1,NA
2/1/2022,Boise Low,White,1,24,-3.099999905,0.100000001,-1.499999952,NA,0,1,3.199999906,0,0,2022,Feb,Q1,Year1,NA
2/2/2022,Boise Low,Black,1,24,-3,6.199999809,1.599999905,NA,0,1,9.199999809,0,0,2022,Feb,Q1,Year1,NA
2/2/2022,Boise Low,White,1,24,-2.900000095,0.300000012,-1.300000042,NA,0,1,3.200000107,0,0,2022,Feb,Q1,Year1,NA
2/3/2022,Boise Low,Black,1,24,-1,8.600000381,3.800000191,NA,0,1,9.600000381,0,0,2022,Feb,Q1,Year1,NA
2/3/2022,Boise Low,White,1,24,-1.299999952,0.600000024,-0.349999964,NA,0,1,1.899999976,1,0,2022,Feb,Q1,Year1,NA
2/4/2022,Boise Low,Black,1,24,-4.300000191,6.400000095,1.049999952,NA,0,1,10.70000029,0,0,2022,Feb,Q1,Year1,NA
2/4/2022,Boise Low,White,1,24,-4,0.200000003,-1.899999999,NA,0,1,4.200000003,0,0,2022,Feb,Q1,Year1,NA
2/5/2022,Boise Low,Black,1,24,-5,10.19999981,2.599999905,NA,0,1,15.19999981,0,0,2022,Feb,Q1,Year1,NA
2/5/2022,Boise Low,White,1,24,-4.400000095,0.400000006,-2.000000045,NA,0,1,4.800000101,0,0,2022,Feb,Q1,Year1,NA
2/6/2022,Boise Low,Black,1,24,-3.099999905,15.89999962,6.399999857,NA,0,1,18.99999952,0,0,2022,Feb,Q1,Year1,NA
2/6/2022,Boise Low,White,1,24,-3.400000095,0.800000012,-1.300000042,NA,0,1,4.200000107,0,0,2022,Feb,Q1,Year1,NA
2/7/2022,Boise Low,Black,1,24,-3.599999905,8.600000381,2.500000238,NA,0,1,12.20000029,0,0,2022,Feb,Q1,Year1,NA
2/7/2022,Boise Low,White,1,24,-3.200000048,0.400000006,-1.400000021,NA,0,1,3.600000054,0,0,2022,Feb,Q1,Year1,NA
2/8/2022,Boise Low,Black,1,24,-4.300000191,16,5.849999905,NA,0,1,20.30000019,0,0,2022,Feb,Q1,Year1,NA
2/8/2022,Boise Low,White,1,24,-3.799999952,0.800000012,-1.49999997,NA,0,1,4.599999964,0,0,2022,Feb,Q1,Year1,NA
2/9/2022,Boise Low,Black,1,24,-2.099999905,18.29999924,8.099999666,NA,0,1,20.39999914,0,0,2022,Feb,Q1,Year1,NA
2/9/2022,Boise Low,White,1,24,-2,1.100000024,-0.449999988,NA,0,1,3.100000024,0,0,2022,Feb,Q1,Year1,NA
2/10/2022,Boise Low,Black,1,24,-0.699999988,23.5,11.40000001,NA,0,1,24.19999999,0,0,2022,Feb,Q1,Year1,NA
2/10/2022,Boise Low,White,1,24,-0.200000003,1.899999976,0.849999987,NA,0,1,2.099999979,0,0,2022,Feb,Q1,Year1,NA
2/11/2022,Boise Low,Black,1,24,-0.300000012,19.39999962,9.549999803,NA,0,1,19.69999963,0,0,2022,Feb,Q1,Year1,NA
2/11/2022,Boise Low,White,1,24,0.300000012,3.5,1.900000006,NA,0,1,3.199999988,0,0,2022,Feb,Q1,Year1,NA
2/12/2022,Boise Low,Black,1,24,-2.5,14.60000038,6.050000191,NA,0,1,17.10000038,0,0,2022,Feb,Q1,Year1,NA
2/12/2022,Boise Low,White,1,24,0.100000001,1,0.550000001,NA,0,1,0.899999999,1,1,2022,Feb,Q1,Year1,NA
2/13/2022,Boise Low,Black,1,24,-3.5,18.79999924,7.649999619,NA,0,1,22.29999924,0,0,2022,Feb,Q1,Year1,NA
2/13/2022,Boise Low,White,1,24,-1,1.5,0.25,NA,0,1,2.5,0,0,2022,Feb,Q1,Year1,NA
2/14/2022,Boise Low,Black,1,24,-1,15.60000038,7.300000191,NA,0,1,16.60000038,0,0,2022,Feb,Q1,Year1,NA
2/14/2022,Boise Low,White,1,24,-0.100000001,1.299999952,0.599999975,NA,0,1,1.399999954,1,0,2022,Feb,Q1,Year1,NA
2/15/2022,Boise Low,Black,1,24,1.200000048,11.30000019,6.250000119,NA,0,1,10.10000014,0,0,2022,Feb,Q1,Year1,NA
2/15/2022,Boise Low,White,1,24,0.600000024,3.700000048,2.150000036,NA,0,1,3.100000024,0,0,2022,Feb,Q1,Year1,NA
2/16/2022,Boise Low,Black,1,24,0.800000012,11.89999962,6.349999815,NA,0,1,11.09999961,0,0,2022,Feb,Q1,Year1,NA
2/16/2022,Boise Low,White,1,24,0.5,5.5,3,NA,0,1,5,0,0,2022,Feb,Q1,Year1,NA
2/17/2022,Boise Low,Black,1,24,0,19.20000076,9.600000381,NA,0,1,19.20000076,0,0,2022,Feb,Q1,Year1,NA
2/17/2022,Boise Low,White,1,24,0.600000024,8.100000381,4.350000203,NA,0,1,7.500000358,0,0,2022,Feb,Q1,Year1,NA
2/18/2022,Boise Low,Black,1,24,-1.700000048,26.10000038,12.20000017,NA,0,1,27.80000043,0,0,2022,Feb,Q1,Year1,NA
2/18/2022,Boise Low,White,1,24,0.5,8.5,4.5,NA,0,1,8,0,0,2022,Feb,Q1,Year1,NA
2/19/2022,Boise Low,Black,1,24,-1.399999976,26.70000076,12.65000039,NA,0,1,28.10000074,0,0,2022,Feb,Q1,Year1,NA
2/19/2022,Boise Low,White,1,24,0.600000024,9.699999809,5.149999917,NA,0,1,9.099999785,0,0,2022,Feb,Q1,Year1,NA
2/20/2022,Boise Low,Black,1,24,0.600000024,13.19999981,6.899999917,NA,0,1,12.59999979,0,0,2022,Feb,Q1,Year1,NA
2/20/2022,Boise Low,White,1,24,1.899999976,7.699999809,4.799999893,NA,0,1,5.799999833,0,0,2022,Feb,Q1,Year1,NA
2/21/2022,Boise Low,Black,1,24,-0.600000024,16.29999924,7.849999607,NA,0,1,16.89999926,0,0,2022,Feb,Q1,Year1,NA
2/21/2022,Boise Low,White,1,24,1,6.599999905,3.799999952,NA,0,1,5.599999905,0,0,2022,Feb,Q1,Year1,NA
2/22/2022,Boise Low,Black,1,24,-3.799999952,2.900000095,-0.449999928,NA,0,1,6.700000048,0,0,2022,Feb,Q1,Year1,NA
2/22/2022,Boise Low,White,1,24,0,1.299999952,0.649999976,NA,0,1,1.299999952,1,0,2022,Feb,Q1,Year1,NA
2/23/2022,Boise Low,Black,1,24,-7.699999809,9.600000381,0.950000286,NA,0,1,17.30000019,0,0,2022,Feb,Q1,Year1,NA
2/23/2022,Boise Low,White,1,24,-2.5,0.699999988,-0.900000006,NA,0,1,3.199999988,0,0,2022,Feb,Q1,Year1,NA
2/24/2022,Boise Low,Black,1,24,-4.599999905,8.899999619,2.149999857,NA,0,1,13.49999952,0,0,2022,Feb,Q1,Year1,NA
2/24/2022,Boise Low,White,1,24,-2,0.699999988,-0.650000006,NA,0,1,2.699999988,0,0,2022,Feb,Q1,Year1,NA
2/25/2022,Boise Low,Black,1,24,-7.099999905,17.89999962,5.399999857,NA,0,1,24.99999952,0,0,2022,Feb,Q1,Year1,NA
2/25/2022,Boise Low,White,1,24,-3.900000095,1.200000048,-1.350000024,NA,0,1,5.100000143,0,0,2022,Feb,Q1,Year1,NA
2/26/2022,Boise Low,Black,1,24,-8.100000381,11.30000019,1.599999905,NA,0,1,19.40000057,0,0,2022,Feb,Q1,Year1,NA
2/26/2022,Boise Low,White,1,24,-4.800000191,0.800000012,-2.000000089,NA,0,1,5.600000203,0,0,2022,Feb,Q1,Year1,NA
2/27/2022,Boise Low,Black,1,24,-3.200000048,14.80000019,5.800000072,NA,0,1,18.00000024,0,0,2022,Feb,Q1,Year1,NA
2/27/2022,Boise Low,White,1,24,-1.5,2,0.25,NA,0,1,3.5,0,0,2022,Feb,Q1,Year1,NA
2/28/2022,Boise Low,Black,1,24,-2.099999905,18.60000038,8.250000238,NA,0,1,20.70000029,0,0,2022,Feb,Q1,Year1,NA
2/28/2022,Boise Low,White,1,24,-0.200000003,3.900000095,1.850000046,NA,0,1,4.100000098,0,0,2022,Feb,Q1,Year1,NA
3/1/2022,Boise Low,Black,1,24,1.799999952,25.89999962,13.84999979,NA,0,1,24.09999967,0,0,2022,Mar,Q1,Year1,NA
3/1/2022,Boise Low,White,1,24,0.400000006,8.800000191,4.600000098,NA,0,1,8.400000185,0,0,2022,Mar,Q1,Year1,NA
3/2/2022,Boise Low,Black,1,24,2.299999952,26.5,14.39999998,NA,0,1,24.20000005,0,0,2022,Mar,Q1,Year1,NA
3/2/2022,Boise Low,White,1,24,1.899999976,12.60000038,7.250000179,NA,0,1,10.70000041,0,0,2022,Mar,Q1,Year1,NA
3/3/2022,Boise Low,Black,1,24,2.599999905,25,13.79999995,NA,0,1,22.4000001,0,0,2022,Mar,Q1,Year1,NA
3/3/2022,Boise Low,White,1,24,3.099999905,12.89999962,7.999999762,NA,0,1,9.799999714,0,0,2022,Mar,Q1,Year1,NA
3/4/2022,Boise Low,Black,1,24,2.299999952,19.5,10.89999998,NA,0,1,17.20000005,0,0,2022,Mar,Q1,Year1,NA
3/4/2022,Boise Low,White,1,24,3.700000048,9.699999809,6.699999928,NA,0,1,5.999999762,0,0,2022,Mar,Q1,Year1,NA
3/5/2022,Boise Low,Black,1,24,0.699999988,19.10000038,9.900000185,NA,0,1,18.40000039,0,0,2022,Mar,Q1,Year1,NA
3/5/2022,Boise Low,White,1,24,1.899999976,10.19999981,6.049999893,NA,0,1,8.299999833,0,0,2022,Mar,Q1,Year1,NA
3/6/2022,Boise Low,Black,1,24,0.899999976,13.60000038,7.250000179,NA,0,1,12.70000041,0,0,2022,Mar,Q1,Year1,NA
3/6/2022,Boise Low,White,1,24,2,7.5,4.75,NA,0,1,5.5,0,0,2022,Mar,Q1,Year1,NA
3/7/2022,Boise Low,Black,1,24,-0.600000024,20.79999924,10.09999961,NA,0,1,21.39999926,0,0,2022,Mar,Q1,Year1,NA
3/7/2022,Boise Low,White,1,24,1,11.89999962,6.449999809,NA,0,1,10.89999962,0,0,2022,Mar,Q1,Year1,NA
3/8/2022,Boise Low,Black,4,24,2.875,11.125,7,0.279880845,1,1,8.25,0,0,2022,Mar,Q1,Year1,NA
3/8/2022,Boise Low,White,4,24,1.800000012,8.800000191,5.300000101,0.234520674,1,1,7.000000179,0,0,2022,Mar,Q1,Year1,NA
3/9/2022,Boise Low,Black,4,24,0.550000016,4.900000095,2.725000056,0.421307452,1,1,4.35000008,0,0,2022,Mar,Q1,Year1,NA
3/9/2022,Boise Low,White,4,24,0.425000006,3.625,2.025000003,0.22173556,1,1,3.199999994,0,0,2022,Mar,Q1,Year1,NA
3/10/2022,Boise Low,Black,4,24,-1.524999976,10.97500014,4.725000083,0.578071598,1,1,12.50000012,0,0,2022,Mar,Q1,Year1,NA
3/10/2022,Boise Low,White,4,24,-1.299999997,4.174999952,1.437499978,0.5313113,1,1,5.474999949,0,0,2022,Mar,Q1,Year1,NA
3/11/2022,Boise Low,Black,4,24,0.550000001,14.32500005,7.437500024,0.430842245,1,1,13.77500005,0,0,2022,Mar,Q1,Year1,NA
3/11/2022,Boise Low,White,4,24,1.86E-09,10.2750001,5.137500049,0.44791178,1,1,10.27500009,0,0,2022,Mar,Q1,Year1,NA
3/12/2022,Boise Low,Black,4,24,1.224999994,18.72499943,9.974999711,0.630475998,1,1,17.49999943,0,0,2022,Mar,Q1,Year1,NA
3/12/2022,Boise Low,White,4,24,0.599999998,15.25000024,7.925000118,0.573730507,1,1,14.65000024,0,0,2022,Mar,Q1,Year1,NA
3/13/2022,Boise Low,Black,4,24,6.774999976,11.79999995,9.287499964,0.239356798,1,1,5.024999976,0,0,2022,Mar,Q1,Year1,NA
3/13/2022,Boise Low,White,4,24,6.100000024,10.29999995,8.199999988,0.348807513,1,1,4.199999928,0,0,2022,Mar,Q1,Year1,NA
3/14/2022,Boise Low,Black,4,24,3.87499994,17.07500029,10.47500011,0.405174716,1,1,13.20000035,0,0,2022,Mar,Q1,Year1,NA
3/14/2022,Boise Low,White,4,24,3.299999952,14.54999971,8.924999833,0.434932905,1,1,11.24999976,0,0,2022,Mar,Q1,Year1,NA
3/15/2022,Boise Low,Black,4,24,7.774999976,17.32500029,12.55000013,0.418330004,1,1,9.55000031,0,0,2022,Mar,Q1,Year1,NA
3/15/2022,Boise Low,White,4,24,7.274999976,15,11.13749999,0.515388271,1,1,7.725000024,0,0,2022,Mar,Q1,Year1,NA
3/16/2022,Boise Low,Black,4,24,5.649999976,16,10.82499999,0.487339526,1,1,10.35000002,0,0,2022,Mar,Q1,Year1,NA
3/16/2022,Boise Low,White,4,24,4.524999976,13.52499986,9.024999917,0.272335646,1,1,8.999999881,0,0,2022,Mar,Q1,Year1,NA
3/17/2022,Boise Low,Black,4,24,1.349999979,14.70000029,8.025000133,0.132287494,1,1,13.35000031,0,0,2022,Mar,Q1,Year1,NA
3/17/2022,Boise Low,White,4,24,0.949999988,12.32499981,6.637499899,0.228673653,1,1,11.37499982,0,0,2022,Mar,Q1,Year1,NA
3/18/2022,Boise Low,Black,4,24,4.449999928,20.94999981,12.69999987,0.60964488,1,1,16.49999988,0,0,2022,Mar,Q1,Year1,NA
3/18/2022,Boise Low,White,4,24,3.699999928,16.94999981,10.32499987,0.473462195,1,1,13.24999988,0,0,2022,Mar,Q1,Year1,NA
3/19/2022,Boise Low,Black,4,24,7.574999928,16.77499962,12.17499977,0.272335412,1,1,9.19999969,0,0,2022,Mar,Q1,Year1,NA
3/19/2022,Boise Low,White,4,24,6.625,14.0999999,10.36249995,0.265753642,1,1,7.474999905,0,0,2022,Mar,Q1,Year1,NA
3/20/2022,Boise Low,Black,4,24,2.424999982,13.54999995,7.987499967,0.51051438,1,1,11.12499997,0,0,2022,Mar,Q1,Year1,NA
3/20/2022,Boise Low,White,4,24,1.850000024,10.92499995,6.387499988,0.124999984,1,1,9.074999928,0,0,2022,Mar,Q1,Year1,NA
3/21/2022,Boise Low,Black,4,24,3.225000024,16.87500024,10.05000013,0.324036824,1,1,13.65000021,0,0,2022,Mar,Q1,Year1,NA
3/21/2022,Boise Low,White,4,24,2.50000006,13.69999981,8.099999934,0.397911138,1,1,11.19999975,0,0,2022,Mar,Q1,Year1,NA
3/22/2022,Boise Low,Black,4,24,5,22.72500038,13.86250019,0.634264323,1,1,17.72500038,0,0,2022,Mar,Q1,Year1,NA
3/22/2022,Boise Low,White,4,24,4.199999928,18.54999971,11.37499982,0.478713658,1,1,14.34999979,0,0,2022,Mar,Q1,Year1,NA
3/23/2022,Boise Low,Black,4,24,6.100000024,25.09999943,15.59999973,0.786341607,1,1,18.9999994,0,0,2022,Mar,Q1,Year1,NA
3/23/2022,Boise Low,White,4,24,5.125,20.5999999,12.86249995,0.634264636,1,1,15.4749999,0,0,2022,Mar,Q1,Year1,NA
3/24/2022,Boise Low,Black,4,24,8.824999809,26.32499981,17.57499981,0.784750447,1,1,17.5,0,0,2022,Mar,Q1,Year1,NA
3/24/2022,Boise Low,White,4,24,7.700000048,21.32499981,14.51249993,0.711073099,1,1,13.62499976,0,0,2022,Mar,Q1,Year1,NA
3/25/2022,Boise Low,Black,4,24,8.125000119,27.24999952,17.68749982,0.909555606,1,1,19.1249994,0,0,2022,Mar,Q1,Year1,NA
3/25/2022,Boise Low,White,4,24,6.600000024,22.0250001,14.31250006,0.826009477,1,1,15.42500007,0,0,2022,Mar,Q1,Year1,NA
3/26/2022,Boise Low,Black,4,24,10.72500014,28.30000019,19.51250017,0.954266866,1,1,17.57500005,0,0,2022,Mar,Q1,Year1,NA
3/26/2022,Boise Low,White,4,24,9.275000334,22.94999981,16.11250007,0.757600329,1,1,13.67499948,0,0,2022,Mar,Q1,Year1,NA
3/27/2022,Boise Low,Black,4,24,9.825000286,22.59999943,16.21249986,0.424999938,1,1,12.77499914,0,0,2022,Mar,Q1,Year1,NA
3/27/2022,Boise Low,White,4,24,8.150000215,18.5,13.32500011,0.392640749,1,1,10.34999979,0,0,2022,Mar,Q1,Year1,NA
3/28/2022,Boise Low,Black,4,24,10.60000014,21.75,16.17500007,0.396862799,1,1,11.14999986,0,0,2022,Mar,Q1,Year1,NA
3/28/2022,Boise Low,White,4,24,9.225000143,18.57499981,13.89999998,0.437797155,1,1,9.349999666,0,0,2022,Mar,Q1,Year1,NA
3/29/2022,Boise Low,Black,4,24,10.57500005,22.5,16.53750002,0.642099627,1,1,11.92499995,0,0,2022,Mar,Q1,Year1,NA
3/29/2022,Boise Low,White,4,24,9.449999809,19.5,14.4749999,0.347610848,1,1,10.05000019,0,0,2022,Mar,Q1,Year1,NA
3/30/2022,Boise Low,Black,4,24,9.525000095,20.42500019,14.97500014,0.272335186,1,1,10.9000001,0,0,2022,Mar,Q1,Year1,NA
3/30/2022,Boise Low,White,4,24,8.125,17.5,12.8125,0.235849501,1,1,9.375,0,0,2022,Mar,Q1,Year1,NA
3/31/2022,Boise Low,Black,4,24,5.825000048,19.50000048,12.66250026,0.566237564,1,1,13.67500043,0,0,2022,Mar,Q1,Year1,NA
3/31/2022,Boise Low,White,4,24,4.575000048,15.89999986,10.23749995,0.311916254,1,1,11.32499981,0,0,2022,Mar,Q1,Year1,NA
4/1/2022,Boise Low,Black,4,24,4.775000095,24.12499952,14.44999981,0.772442081,1,1,19.34999943,0,0,2022,Apr,Q2,Year1,NA
4/1/2022,Boise Low,White,4,24,3.400000036,19.20000029,11.30000016,0.655743733,1,1,15.80000025,0,0,2022,Apr,Q2,Year1,NA
4/2/2022,Boise Low,Black,4,24,7.274999976,23.42499971,15.34999985,0.788458572,1,1,16.14999974,0,0,2022,Apr,Q2,Year1,NA
4/2/2022,Boise Low,White,4,24,5.5,19.2750001,12.38750005,0.624999968,1,1,13.7750001,0,0,2022,Apr,Q2,Year1,NA
4/3/2022,Boise Low,Black,4,24,4.875,24.30000019,14.5875001,0.695671171,1,1,19.42500019,0,0,2022,Apr,Q2,Year1,NA
4/3/2022,Boise Low,White,4,24,3.175000012,20.09999943,11.63749972,0.809706705,1,1,16.92499942,0,0,2022,Apr,Q2,Year1,NA
4/4/2022,Boise Low,Black,4,24,10.52499986,19.89999962,15.21249974,0.596343235,1,1,9.374999762,0,0,2022,Apr,Q2,Year1,NA
4/4/2022,Boise Low,White,4,24,9.124999762,17.99999952,13.56249964,0.424999924,1,1,8.874999762,0,0,2022,Apr,Q2,Year1,NA
4/5/2022,Boise Low,Black,4,24,5.550000072,16.07500029,10.81250018,0.402854587,1,1,10.52500021,0,0,2022,Apr,Q2,Year1,NA
4/5/2022,Boise Low,White,4,24,4.300000072,13.32500005,8.81250006,0.205649385,1,1,9.024999976,0,0,2022,Apr,Q2,Year1,NA
4/6/2022,Boise Low,Black,4,24,3.25,25.70000029,14.47500014,0.806742102,1,1,22.45000029,0,0,2022,Apr,Q2,Year1,NA
4/6/2022,Boise Low,White,4,24,1.924999982,20.05000019,10.98750009,0.912300001,1,1,18.12500021,0,0,2022,Apr,Q2,Year1,NA
4/7/2022,Boise Low,Black,4,24,4.899999976,26.07500029,15.48750013,0.801430627,1,1,21.17500031,0,0,2022,Apr,Q2,Year1,NA
4/7/2022,Boise Low,White,4,24,3.100000024,21.47500038,12.2875002,0.700446492,1,1,18.37500036,0,0,2022,Apr,Q2,Year1,NA
4/8/2022,Boise Low,Black,4,24,7.225000024,24.7750001,16.00000006,0.477842383,1,1,17.55000007,0,0,2022,Apr,Q2,Year1,NA
4/8/2022,Boise Low,White,4,24,5.499999881,20.69999981,13.09999985,0.595818876,1,1,15.19999993,0,0,2022,Apr,Q2,Year1,NA
4/9/2022,Boise Low,Black,4,24,6.100000024,19.3499999,12.72499996,0.483907699,1,1,13.24999988,0,0,2022,Apr,Q2,Year1,NA
4/9/2022,Boise Low,White,4,24,4.549999893,15.95000005,10.24999997,0.460072611,1,1,11.40000015,0,0,2022,Apr,Q2,Year1,NA
4/10/2022,Boise Low,Black,4,24,4.649999976,12.77499986,8.712499917,0.201556478,1,1,8.124999881,0,0,2022,Apr,Q2,Year1,NA
4/10/2022,Boise Low,White,4,24,3.100000024,10.64999986,6.87499994,0.320156273,1,1,7.549999833,0,0,2022,Apr,Q2,Year1,NA
4/11/2022,Boise Low,Black,4,24,4.399999976,12.54999995,8.474999964,0.193649239,1,1,8.149999976,0,0,2022,Apr,Q2,Year1,NA
4/11/2022,Boise Low,White,4,24,3.625,10.25,6.9375,0.249583118,1,1,6.625,0,0,2022,Apr,Q2,Year1,NA
4/12/2022,Boise Low,Black,4,24,3.175000012,16.8499999,10.01249996,0.471478179,1,1,13.67499989,0,0,2022,Apr,Q2,Year1,NA
4/12/2022,Boise Low,White,4,24,2.574999988,13.27499962,7.924999803,0.352372914,1,1,10.69999963,0,0,2022,Apr,Q2,Year1,NA
4/13/2022,Boise Low,Black,4,24,2.450000018,14.42499995,8.437499985,0.413067789,1,1,11.97499993,0,0,2022,Apr,Q2,Year1,NA
4/13/2022,Boise Low,White,4,24,1.549999982,11.6500001,6.600000039,0.418330111,1,1,10.10000011,0,0,2022,Apr,Q2,Year1,NA
4/14/2022,Boise Low,Black,4,24,4.675000072,15.70000005,10.18750006,0.402854459,1,1,11.02499998,0,0,2022,Apr,Q2,Year1,NA
4/14/2022,Boise Low,White,4,24,3.799999952,13.02499986,8.412499905,0.592135918,1,1,9.224999905,0,0,2022,Apr,Q2,Year1,NA
4/15/2022,Boise Low,Black,4,24,3.949999928,21.94999981,12.94999987,0.535412533,1,1,17.99999988,0,0,2022,Apr,Q2,Year1,NA
4/15/2022,Boise Low,White,4,24,3.00000006,17.10000014,10.0500001,0.543138752,1,1,14.10000008,0,0,2022,Apr,Q2,Year1,NA
4/16/2022,Boise Low,Black,4,24,6.675000072,16.72499967,11.69999987,0.299999913,1,1,10.04999959,0,0,2022,Apr,Q2,Year1,NA
4/16/2022,Boise Low,White,4,24,5.375,14.29999995,9.837499976,0.246221472,1,1,8.924999952,0,0,2022,Apr,Q2,Year1,NA
4/17/2022,Boise Low,Black,4,24,3.699999988,25.77500057,14.73750028,0.776074494,1,1,22.07500058,0,0,2022,Apr,Q2,Year1,NA
4/17/2022,Boise Low,White,4,24,2.775000036,19.74999952,11.26249978,0.663795897,1,1,16.97499949,0,0,2022,Apr,Q2,Year1,NA
4/18/2022,Boise Low,Black,4,24,6.250000119,23.79999971,15.02499992,0.542371336,1,1,17.54999959,0,0,2022,Apr,Q2,Year1,NA
4/18/2022,Boise Low,White,4,24,4.574999928,20.17499971,12.37499982,0.46636893,1,1,15.59999979,0,0,2022,Apr,Q2,Year1,NA
4/19/2022,Boise Low,Black,4,24,8.450000048,24.57499981,16.51249993,0.713413175,1,1,16.12499976,0,0,2022,Apr,Q2,Year1,NA
4/19/2022,Boise Low,White,4,24,7.175000072,19.875,13.52500004,0.436844563,1,1,12.69999993,0,0,2022,Apr,Q2,Year1,NA
4/20/2022,Boise Low,Black,4,24,7.799999952,23.02500057,15.41250026,0.620987115,1,1,15.22500062,0,0,2022,Apr,Q2,Year1,NA
4/20/2022,Boise Low,White,4,24,6.674999952,19.2750001,12.97500002,0.478713612,1,1,12.60000014,0,0,2022,Apr,Q2,Year1,NA
4/21/2022,Boise Low,Black,4,24,10.72500014,19.80000019,15.26250017,0.661280428,1,1,9.075000048,0,0,2022,Apr,Q2,Year1,NA
4/21/2022,Boise Low,White,4,24,9,16.9000001,12.95000005,0.387298581,1,1,7.900000095,0,0,2022,Apr,Q2,Year1,NA
4/22/2022,Boise Low,Black,4,24,7.574999809,23.0999999,15.33749986,0.796215012,1,1,15.5250001,0,0,2022,Apr,Q2,Year1,NA
4/22/2022,Boise Low,White,4,24,6.5,19.7249999,13.11249995,0.383785751,1,1,13.2249999,0,0,2022,Apr,Q2,Year1,NA
4/23/2022,Boise Low,Black,4,24,8.300000072,22.57500029,15.43750018,0.620987315,1,1,14.27500021,0,0,2022,Apr,Q2,Year1,NA
4/23/2022,Boise Low,White,4,24,7.200000048,19.375,13.28750002,0.65748875,1,1,12.17499995,0,0,2022,Apr,Q2,Year1,NA
4/24/2022,Boise Low,Black,4,24,8,31.0250001,19.51250005,0.96035995,1,1,23.0250001,0,0,2022,Apr,Q2,Year1,NA
4/24/2022,Boise Low,White,4,24,6.649999976,24.6500001,15.65000004,0.849509788,1,1,18.00000012,0,0,2022,Apr,Q2,Year1,NA
4/25/2022,Boise Low,Black,4,24,8.175000072,23.875,16.02500004,0.322748766,1,1,15.69999993,0,0,2022,Apr,Q2,Year1,NA
4/25/2022,Boise Low,White,4,24,6.200000048,20.5,13.35000002,0.581664373,1,1,14.29999995,0,0,2022,Apr,Q2,Year1,NA
4/26/2022,Boise Low,Black,4,24,12.25,24.25000048,18.25000024,0.544670956,1,1,12.00000048,0,0,2022,Apr,Q2,Year1,NA
4/26/2022,Boise Low,White,4,24,10.9000001,20.6500001,15.7750001,0.272335595,1,1,9.75,0,0,2022,Apr,Q2,Year1,NA
4/27/2022,Boise Low,Black,4,24,9.124999762,28.22500038,18.67500007,0.757738104,1,1,19.10000062,0,0,2022,Apr,Q2,Year1,NA
4/27/2022,Boise Low,White,4,24,7.849999905,23.57500029,15.7125001,0.997810074,1,1,15.72500038,0,0,2022,Apr,Q2,Year1,NA
4/28/2022,Boise Low,Black,4,24,9.225000143,17.4749999,13.35000002,0.430116334,1,1,8.249999762,0,0,2022,Apr,Q2,Year1,NA
4/28/2022,Boise Low,White,4,24,7.824999928,15.25,11.53749996,0.32755424,1,1,7.425000072,0,0,2022,Apr,Q2,Year1,NA
4/29/2022,Boise Low,Black,4,24,7.149999976,24.6500001,15.90000004,0.769198888,1,1,17.50000012,0,0,2022,Apr,Q2,Year1,NA
4/29/2022,Boise Low,White,4,24,6.049999952,19.92500019,12.98750007,0.342478827,1,1,13.87500024,0,0,2022,Apr,Q2,Year1,NA
4/30/2022,Boise Low,Black,4,24,8.600000143,18.5999999,13.60000002,0.456435325,1,1,9.999999762,0,0,2022,Apr,Q2,Year1,NA
4/30/2022,Boise Low,White,4,24,6.899999976,15.57499981,11.23749989,0.213599825,1,1,8.674999833,0,0,2022,Apr,Q2,Year1,NA
5/1/2022,Boise Low,Black,4,24,8.600000143,24.07499933,16.33749974,0.678693655,1,1,15.47499919,0,0,2022,May,Q2,Year1,NA
5/1/2022,Boise Low,White,4,24,8.075000048,20.70000029,14.38750017,0.278013813,1,1,12.62500024,0,0,2022,May,Q2,Year1,NA
5/2/2022,Boise Low,Black,4,24,9.200000048,16.92500019,13.06250012,0.124999921,1,1,7.725000143,0,0,2022,May,Q2,Year1,NA
5/2/2022,Boise Low,White,4,24,8.075000167,14.875,11.47500008,0.239791405,1,1,6.799999833,0,0,2022,May,Q2,Year1,NA
5/3/2022,Boise Low,Black,4,24,6.574999928,22.5999999,14.58749992,0.557337759,1,1,16.02499998,0,0,2022,May,Q2,Year1,NA
5/3/2022,Boise Low,White,4,24,6.175000072,19.875,13.02500004,0.301385843,1,1,13.69999993,0,0,2022,May,Q2,Year1,NA
5/4/2022,Boise Low,Black,4,24,9.399999857,32.5250001,20.96249998,0.972432293,1,1,23.12500024,0,0,2022,May,Q2,Year1,NA
5/4/2022,Boise Low,White,4,24,8.700000048,26.4000001,17.55000007,0.424264114,1,1,17.70000005,0,0,2022,May,Q2,Year1,NA
5/5/2022,Boise Low,Black,4,24,14.125,26.45000029,20.28750014,0.611520996,1,1,12.32500029,0,0,2022,May,Q2,Year1,NA
5/5/2022,Boise Low,White,4,24,12.87500024,22.82500029,17.85000026,0.441588072,1,1,9.950000048,0,0,2022,May,Q2,Year1,NA
5/6/2022,Boise Low,Black,4,24,11.92499995,31.4000001,21.66250002,0.9240991,1,1,19.47500014,0,0,2022,May,Q2,Year1,NA
5/6/2022,Boise Low,White,4,24,11.02499986,26.27500057,18.65000021,0.371932137,1,1,15.25000072,0,0,2022,May,Q2,Year1,NA
5/7/2022,Boise Low,Black,4,24,10.64999986,21.94999981,16.29999983,0.191485695,1,1,11.29999995,0,0,2022,May,Q2,Year1,NA
5/7/2022,Boise Low,White,4,24,9.424999952,18.52499962,13.97499979,0.210158659,1,1,9.099999666,0,0,2022,May,Q2,Year1,NA
5/8/2022,Boise Low,Black,4,24,7.775000215,20.97500038,14.3750003,0.104083373,1,1,13.20000017,0,0,2022,May,Q2,Year1,NA
5/8/2022,Boise Low,White,4,24,6.750000119,17.19999981,11.97499996,0.419324876,1,1,10.44999969,0,0,2022,May,Q2,Year1,NA
5/9/2022,Boise Low,Black,4,24,6.875,20.9000001,13.88750005,0.317214621,1,1,14.0250001,0,0,2022,May,Q2,Year1,NA
5/9/2022,Boise Low,White,4,24,5.950000048,16.92499971,11.43749988,0.306526141,1,1,10.97499967,0,0,2022,May,Q2,Year1,NA
5/10/2022,Boise Low,Black,4,24,5.074999928,27.07500029,16.07500011,0.523608986,1,1,22.00000036,0,0,2022,May,Q2,Year1,NA
5/10/2022,Boise Low,White,4,24,3.900000036,22.07499981,12.98749992,0.793068666,1,1,18.17499977,0,0,2022,May,Q2,Year1,NA
5/11/2022,Boise Low,Black,4,24,8.874999762,27.2750001,18.07499993,0.842120518,1,1,18.40000033,0,0,2022,May,Q2,Year1,NA
5/11/2022,Boise Low,White,4,24,7.374999881,23.15000057,15.26250023,1.021742821,1,1,15.77500069,0,0,2022,May,Q2,Year1,NA
5/12/2022,Boise Low,Black,4,24,9.824999809,27.9000001,18.86249995,0.515388165,1,1,18.07500029,0,0,2022,May,Q2,Year1,NA
5/12/2022,Boise Low,White,4,24,8.300000191,23.125,15.7125001,0.546770707,1,1,14.82499981,0,0,2022,May,Q2,Year1,NA
5/13/2022,Boise Low,Black,4,24,11.42500019,32.29999971,21.86249995,1.032290791,1,1,20.87499952,0,0,2022,May,Q2,Year1,NA
5/13/2022,Boise Low,White,4,24,10.07500005,26.69999981,18.38749993,0.904041727,1,1,16.62499976,0,0,2022,May,Q2,Year1,NA
5/14/2022,Boise Low,Black,4,24,14.4000001,29.0999999,21.75,0.750555566,1,1,14.69999981,0,0,2022,May,Q2,Year1,NA
5/14/2022,Boise Low,White,4,24,12.60000014,24.92500019,18.76250017,0.626332232,1,1,12.32500005,0,0,2022,May,Q2,Year1,NA
5/15/2022,Boise Low,Black,4,24,13.22500014,34.75,23.98750007,0.810735388,1,1,21.52499986,0,0,2022,May,Q2,Year1,NA
5/15/2022,Boise Low,White,4,24,11.625,29.60000038,20.61250019,0.676233488,1,1,17.97500038,0,0,2022,May,Q2,Year1,NA
5/16/2022,Boise Low,Black,4,24,17.7249999,34.89999962,26.31249976,1.051486828,1,1,17.17499971,0,0,2022,May,Q2,Year1,NA
5/16/2022,Boise Low,White,4,24,16.39999986,31.22500038,23.81250012,0.813813131,1,1,14.82500052,0,0,2022,May,Q2,Year1,NA
5/17/2022,Boise Low,Black,4,24,14.92500019,38.32500076,26.62500048,1.291317043,1,1,23.40000057,0,0,2022,May,Q2,Year1,NA
5/17/2022,Boise Low,White,4,24,13.55000019,33.25000048,23.40000033,1.394632839,1,1,19.70000029,0,0,2022,May,Q2,Year1,NA
5/18/2022,Boise Low,Black,4,24,16.17499971,31.52500057,23.85000014,0.460072658,1,1,15.35000086,0,0,2022,May,Q2,Year1,NA
5/18/2022,Boise Low,White,4,24,14.52499986,27.67500019,21.10000002,0.469041332,1,1,13.15000033,0,0,2022,May,Q2,Year1,NA
5/19/2022,Boise Low,Black,4,24,12.97500014,22.97500038,17.97500026,0.600693894,1,1,10.00000024,0,0,2022,May,Q2,Year1,NA
5/19/2022,Boise Low,White,4,24,11.3499999,20.32499981,15.83749986,0.798305685,1,1,8.974999905,0,0,2022,May,Q2,Year1,NA
5/20/2022,Boise Low,Black,4,24,10.32499981,34.77500057,22.55000019,1.136515421,1,1,24.45000076,0,0,2022,May,Q2,Year1,NA
5/20/2022,Boise Low,White,4,24,9.075000286,29.39999914,19.23749971,1.315532001,1,1,20.32499886,0,0,2022,May,Q2,Year1,NA
5/21/2022,Boise Low,Black,4,24,14.04999995,31.14999962,22.59999979,0.708284377,1,1,17.09999967,0,0,2022,May,Q2,Year1,NA
5/21/2022,Boise Low,White,4,24,12.42499995,26.29999924,19.36249959,0.645981253,1,1,13.87499928,0,0,2022,May,Q2,Year1,NA
5/22/2022,Boise Low,Black,4,24,13.5,36.19999886,24.84999943,1.093160633,1,1,22.69999886,0,0,2022,May,Q2,Year1,NA
5/22/2022,Boise Low,White,4,24,11.95000005,30.69999886,21.32499945,1.390742892,1,1,18.74999881,0,0,2022,May,Q2,Year1,NA
5/23/2022,Boise Low,Black,4,24,14.2249999,36.52500057,25.37500024,1.375076221,1,1,22.30000067,0,0,2022,May,Q2,Year1,NA
5/23/2022,Boise Low,White,4,24,12.67499995,30.9749999,21.82499993,1.278997144,1,1,18.29999995,0,0,2022,May,Q2,Year1,NA
5/24/2022,Boise Low,Black,4,24,14.80000019,39.02499962,26.9124999,1.528274821,1,1,24.22499943,0,0,2022,May,Q2,Year1,NA
5/24/2022,Boise Low,White,4,24,13.30000019,33.65000105,23.47500062,1.604421305,1,1,20.35000086,0,0,2022,May,Q2,Year1,NA
5/25/2022,Boise Low,Black,4,24,16.52499986,44.19999981,30.36249983,1.806181842,1,1,27.67499995,0,0,2022,May,Q2,Year1,NA
5/25/2022,Boise Low,White,4,24,14.89999986,37.94999981,26.42499983,1.197566685,1,1,23.04999995,0,0,2022,May,Q2,Year1,NA
5/26/2022,Boise Low,Black,4,24,18.97500038,44.34999943,31.6624999,1.415023392,1,1,25.37499905,0,0,2022,May,Q2,Year1,NA
5/26/2022,Boise Low,White,4,24,17.44999981,38.57499981,28.01249981,1.330021449,1,1,21.125,0,0,2022,May,Q2,Year1,NA
5/27/2022,Boise Low,Black,4,24,19.32500029,36.27499962,27.79999995,0.995824217,1,1,16.94999933,0,0,2022,May,Q2,Year1,NA
5/27/2022,Boise Low,White,4,24,17.9000001,32.32499981,25.11249995,0.436606275,1,1,14.42499971,0,0,2022,May,Q2,Year1,NA
5/28/2022,Boise Low,Black,4,24,15.50000024,31.75,23.62500012,0.512347375,1,1,16.24999976,0,0,2022,May,Q2,Year1,NA
5/28/2022,Boise Low,White,4,24,14.45000005,27.5999999,21.02499998,0.347610516,1,1,13.14999986,0,0,2022,May,Q2,Year1,NA
5/29/2022,Boise Low,Black,4,24,11,15.7750001,13.38750005,0.572093927,1,1,4.775000095,0,0,2022,May,Q2,Year1,NA
5/29/2022,Boise Low,White,4,24,10.39999986,14.57500005,12.48749995,0.268871117,1,1,4.175000191,0,0,2022,May,Q2,Year1,NA
5/30/2022,Boise Low,Black,4,24,8.725000143,17.375,13.05000007,0.187082988,1,1,8.649999857,0,0,2022,May,Q2,Year1,NA
5/30/2022,Boise Low,White,4,24,8.424999952,15.4000001,11.91250002,0.303795293,1,1,6.975000143,0,0,2022,May,Q2,Year1,NA
5/31/2022,Boise Low,Black,4,24,11.0999999,31.19999981,21.14999986,1.132106781,1,1,20.0999999,0,0,2022,May,Q2,Year1,NA
5/31/2022,Boise Low,White,4,24,10.5,26.17500019,18.3375001,0.402854703,1,1,15.67500019,0,0,2022,May,Q2,Year1,NA
6/1/2022,Boise Low,Black,4,24,12.4000001,36.22500038,24.31250024,1.066438971,1,1,23.82500029,0,0,2022,Jun,Q2,Year1,NA
6/1/2022,Boise Low,White,4,24,11.47500014,30.44999981,20.96249998,0.665050255,1,1,18.97499967,0,0,2022,Jun,Q2,Year1,NA
6/2/2022,Boise Low,Black,4,24,17.1500001,31.8499999,24.5,0.674536812,1,1,14.69999981,0,0,2022,Jun,Q2,Year1,NA
6/2/2022,Boise Low,White,4,24,15.52499986,28.07499981,21.79999983,0.391578199,1,1,12.54999995,0,0,2022,Jun,Q2,Year1,NA
6/3/2022,Boise Low,Black,4,24,17.69999933,35.19999981,26.44999957,0.450925109,1,1,17.50000048,0,0,2022,Jun,Q2,Year1,NA
6/3/2022,Boise Low,White,4,24,16.375,31.17499971,23.77499986,0.651280894,1,1,14.79999971,0,0,2022,Jun,Q2,Year1,NA
6/4/2022,Boise Low,Black,4,24,19.07500029,25.39999962,22.23749995,0.356779423,1,1,6.324999332,0,0,2022,Jun,Q2,Year1,NA
6/4/2022,Boise Low,White,4,24,17.42500019,22.54999971,19.98749995,0.311915986,1,1,5.124999523,0,0,2022,Jun,Q2,Year1,NA
6/5/2022,Boise Low,Black,4,24,17.25,28.80000019,23.0250001,0.287228564,1,1,11.55000019,0,0,2022,Jun,Q2,Year1,NA
6/5/2022,Boise Low,White,4,24,16.12500024,25.55000019,20.83750021,0.71574565,1,1,9.424999952,0,0,2022,Jun,Q2,Year1,NA
6/6/2022,Boise Low,Black,4,24,13.7750001,35.60000038,24.68750024,0.370528384,1,1,21.82500029,0,0,2022,Jun,Q2,Year1,NA
6/6/2022,Boise Low,White,4,24,13.0250001,32.04999924,22.53749967,0.935748111,1,1,19.02499914,0,0,2022,Jun,Q2,Year1,NA
6/7/2022,Boise Low,Black,4,24,15.07500005,37.77499962,26.42499983,0.448144604,1,1,22.69999957,0,0,2022,Jun,Q2,Year1,NA
6/7/2022,Boise Low,White,4,24,13.6500001,32.57499981,23.11249995,0.912300603,1,1,18.92499971,0,0,2022,Jun,Q2,Year1,NA
6/8/2022,Boise Low,Black,4,24,19.32499981,29.9749999,24.64999986,0.590197858,1,1,10.6500001,0,0,2022,Jun,Q2,Year1,NA
6/8/2022,Boise Low,White,4,24,17.32499981,26,21.6624999,0.572093948,1,1,8.675000191,0,0,2022,Jun,Q2,Year1,NA
6/9/2022,Boise Low,Black,4,24,16.6500001,40.02499962,28.33749986,0.503942518,1,1,23.37499952,0,0,2022,Jun,Q2,Year1,NA
6/9/2022,Boise Low,White,4,24,15.2750001,34.65000153,24.96250081,0.891977995,1,1,19.37500143,0,0,2022,Jun,Q2,Year1,NA
6/10/2022,Boise Low,Black,4,24,21.9749999,44.40000057,33.18750024,0.943729359,1,1,22.42500067,0,0,2022,Jun,Q2,Year1,NA
6/10/2022,Boise Low,White,4,24,20.29999971,38.44999981,29.37499976,1.195477596,1,1,18.1500001,0,0,2022,Jun,Q2,Year1,NA
6/11/2022,Boise Low,Black,4,24,24.17499971,38.17500019,31.17499995,0.644851485,1,1,14.00000048,0,0,2022,Jun,Q2,Year1,NA
6/11/2022,Boise Low,White,4,24,22.25,34.84999943,28.54999971,0.913783351,1,1,12.59999943,0,0,2022,Jun,Q2,Year1,NA
6/12/2022,Boise Low,Black,4,24,15.60000038,24.37499952,19.98749995,0.679920571,1,1,8.774999142,0,0,2022,Jun,Q2,Year1,NA
6/12/2022,Boise Low,White,4,24,14.82500005,22.40000057,18.61250031,0.500624571,1,1,7.575000525,0,0,2022,Jun,Q2,Year1,NA
6/13/2022,Boise Low,Black,4,24,11.375,22.3499999,16.86249995,0.43277196,1,1,10.9749999,0,0,2022,Jun,Q2,Year1,NA
6/13/2022,Boise Low,White,4,24,10.87499976,20.79999971,15.83749974,0.390245952,1,1,9.924999952,0,0,2022,Jun,Q2,Year1,NA
6/14/2022,Boise Low,Black,4,24,10.42500019,25.97500038,18.20000029,0.590197602,1,1,15.55000019,0,0,2022,Jun,Q2,Year1,NA
6/14/2022,Boise Low,White,4,24,9.824999809,23.02499962,16.42499971,0.630476185,1,1,13.19999981,0,0,2022,Jun,Q2,Year1,NA
6/15/2022,Boise Low,Black,4,24,11.30000019,35.20000076,23.25000048,0.965229353,1,1,23.90000057,0,0,2022,Jun,Q2,Year1,NA
6/15/2022,Boise Low,White,4,24,10.42499995,28.85000038,19.63750017,0.962959883,1,1,18.42500043,0,0,2022,Jun,Q2,Year1,NA
6/16/2022,Boise Low,Black,4,24,17.65000057,37.375,27.51250029,0.651121524,1,1,19.72499943,0,0,2022,Jun,Q2,Year1,NA
6/16/2022,Boise Low,White,4,24,16.375,33.40000057,24.88750029,0.753187837,1,1,17.02500057,0,0,2022,Jun,Q2,Year1,NA
6/17/2022,Boise Low,Black,4,24,17.9749999,33.07499981,25.52499986,0.557524406,1,1,15.0999999,0,0,2022,Jun,Q2,Year1,NA
6/17/2022,Boise Low,White,4,24,16.55000019,29.8499999,23.20000005,0.393699958,1,1,13.29999971,0,0,2022,Jun,Q2,Year1,NA
6/18/2022,Boise Low,Black,4,24,16.75000048,38.25,27.50000024,0.454605763,1,1,21.49999952,0,0,2022,Jun,Q2,Year1,NA
6/18/2022,Boise Low,White,4,24,15.60000014,33.17500019,24.38750017,0.575000303,1,1,17.57500005,0,0,2022,Jun,Q2,Year1,NA
6/19/2022,Boise Low,Black,4,24,16.07500029,31.67499971,23.875,0.56789065,1,1,15.59999943,0,0,2022,Jun,Q2,Year1,NA
6/19/2022,Boise Low,White,4,24,14.5,28.25,21.375,0.504149512,1,1,13.75,0,0,2022,Jun,Q2,Year1,NA
6/20/2022,Boise Low,Black,4,24,15.92499995,39.30000019,27.61250007,0.626331712,1,1,23.37500024,0,0,2022,Jun,Q2,Year1,NA
6/20/2022,Boise Low,White,4,24,14.42499995,34,24.21249998,1.125000404,1,1,19.57500005,0,0,2022,Jun,Q2,Year1,NA
6/21/2022,Boise Low,Black,4,24,17.69999981,42.05000019,29.875,0.603461585,1,1,24.35000038,0,0,2022,Jun,Q2,Year1,NA
6/21/2022,Boise Low,White,4,24,15.4749999,35.90000057,25.68750024,1.162881098,1,1,20.42500067,0,0,2022,Jun,Q2,Year1,NA
6/22/2022,Boise Low,Black,4,24,19.57500029,44.75,32.16250014,0.535995615,1,1,25.17499971,0,0,2022,Jun,Q2,Year1,NA
6/22/2022,Boise Low,White,4,24,17.125,38.42500019,27.7750001,1.121382817,1,1,21.30000019,0,0,2022,Jun,Q2,Year1,NA
6/23/2022,Boise Low,Black,4,24,22.69999981,44.02500057,33.36250019,0.653675185,1,1,21.32500076,0,0,2022,Jun,Q2,Year1,NA
6/23/2022,Boise Low,White,4,24,20.1500001,38.94999981,29.54999995,1.21723703,1,1,18.79999971,0,0,2022,Jun,Q2,Year1,NA
6/24/2022,Boise Low,Black,4,24,21.4749999,42.125,31.79999995,0.570087796,1,1,20.6500001,0,0,2022,Jun,Q2,Year1,NA
6/24/2022,Boise Low,White,4,24,19.17500019,37.47499943,28.32499981,1.25199838,1,1,18.29999924,0,0,2022,Jun,Q2,Year1,NA
6/25/2022,Boise Low,Black,4,24,20.44999981,44.17500114,32.31250048,0.662539453,1,1,23.72500134,0,0,2022,Jun,Q2,Year1,NA
6/25/2022,Boise Low,White,4,24,18.25,37.94999981,28.0999999,1.322245608,1,1,19.69999981,0,0,2022,Jun,Q2,Year1,NA
6/26/2022,Boise Low,Black,4,24,21.34999943,46.22500038,33.7874999,0.713413066,1,1,24.87500095,0,0,2022,Jun,Q2,Year1,NA
6/26/2022,Boise Low,White,4,24,18.89999962,39.79999924,29.34999943,1.32287604,1,1,20.89999962,0,0,2022,Jun,Q2,Year1,NA
6/27/2022,Boise Low,Black,4,24,23.77499962,48.77500057,36.2750001,0.829156006,1,1,25.00000095,0,0,2022,Jun,Q2,Year1,NA
6/27/2022,Boise Low,White,4,24,21.2750001,42.14999962,31.71249986,1.38466257,1,1,20.87499952,0,0,2022,Jun,Q2,Year1,NA
6/28/2022,Boise Low,Black,4,24,27.92500019,47.77499962,37.8499999,0.965228694,1,1,19.84999943,0,0,2022,Jun,Q2,Year1,NA
6/28/2022,Boise Low,White,4,24,25.875,42.32499981,34.0999999,1.467423514,1,1,16.44999981,0,0,2022,Jun,Q2,Year1,NA
6/29/2022,Boise Low,Black,4,24,23.25,45.37500095,34.31250048,0.555840288,1,1,22.12500095,0,0,2022,Jun,Q2,Year1,NA
6/29/2022,Boise Low,White,4,24,21.15000057,40.32499886,30.73749971,1.512379826,1,1,19.17499828,0,0,2022,Jun,Q2,Year1,NA
6/30/2022,Boise Low,Black,4,24,23.44999981,47.375,35.4124999,0.648555272,1,1,23.92500019,0,0,2022,Jun,Q2,Year1,NA
6/30/2022,Boise Low,White,4,24,21.25,41.125,31.1875,1.587122046,1,1,19.875,0,0,2022,Jun,Q2,Year1,NA
7/1/2022,Boise Low,Black,4,24,24.94999981,47.42500019,36.1875,0.620987522,1,1,22.47500038,0,0,2022,Jul,Q3,Year1,NA
7/1/2022,Boise Low,White,4,24,22.625,42.5,32.5625,1.607987871,1,1,19.875,0,0,2022,Jul,Q3,Year1,NA
7/2/2022,Boise Low,Black,4,24,25.5250001,45.52500057,35.52500033,0.580947871,1,1,20.00000048,0,0,2022,Jul,Q3,Year1,NA
7/2/2022,Boise Low,White,4,24,23.37500048,40.02500057,31.70000052,1.303201036,1,1,16.6500001,0,0,2022,Jul,Q3,Year1,NA
7/3/2022,Boise Low,Black,4,24,25.69999981,43.69999981,34.69999981,0.605529966,1,1,18,0,0,2022,Jul,Q3,Year1,NA
7/3/2022,Boise Low,White,4,24,23.8499999,39.40000057,31.62500024,1.109429009,1,1,15.55000067,0,0,2022,Jul,Q3,Year1,NA
7/4/2022,Boise Low,Black,4,24,24.2249999,44.17499924,34.19999957,0.612373214,1,1,19.94999933,0,0,2022,Jul,Q3,Year1,NA
7/4/2022,Boise Low,White,4,24,22.30000019,39.19999981,30.75,1.571623595,1,1,16.89999962,0,0,2022,Jul,Q3,Year1,NA
7/5/2022,Boise Low,Black,4,24,23.75,47,35.375,0.619812548,1,1,23.25,0,0,2022,Jul,Q3,Year1,NA
7/5/2022,Boise Low,White,4,24,21.82500029,41.77500057,31.80000043,1.71512864,1,1,19.95000029,0,0,2022,Jul,Q3,Year1,NA
7/6/2022,Boise Low,Black,4,24,26.32499981,47.87499905,37.09999943,0.722264916,1,1,21.54999924,0,0,2022,Jul,Q3,Year1,NA
7/6/2022,Boise Low,White,4,24,24.5250001,42.72499943,33.62499976,1.753330766,1,1,18.19999933,0,0,2022,Jul,Q3,Year1,NA
7/7/2022,Boise Low,Black,4,24,26.12500048,48.44999981,37.28750014,0.634264429,1,1,22.32499933,0,0,2022,Jul,Q3,Year1,NA
7/7/2022,Boise Low,White,4,24,24.4000001,43.15000057,33.77500033,1.722643795,1,1,18.75000048,0,0,2022,Jul,Q3,Year1,NA
7/8/2022,Boise Low,Black,4,24,25.89999962,49,37.44999981,0.521215952,1,1,23.10000038,0,0,2022,Jul,Q3,Year1,NA
7/8/2022,Boise Low,White,4,24,23.99999952,43.94999981,33.97499967,1.59243002,1,1,19.95000029,0,0,2022,Jul,Q3,Year1,NA
7/9/2022,Boise Low,Black,4,24,26.2750001,48.5,37.38750005,0.603290248,1,1,22.2249999,0,0,2022,Jul,Q3,Year1,NA
7/9/2022,Boise Low,White,4,24,24.39999962,43.74999905,34.07499933,1.653531624,1,1,19.34999943,0,0,2022,Jul,Q3,Year1,NA
7/10/2022,Boise Low,Black,4,24,25.69999981,46.57500076,36.13750029,0.632949267,1,1,20.87500095,0,0,2022,Jul,Q3,Year1,NA
7/10/2022,Boise Low,White,4,24,24,42.05000019,33.0250001,1.599218488,1,1,18.05000019,0,0,2022,Jul,Q3,Year1,NA
7/11/2022,Boise Low,Black,4,24,24.75,48.5,36.625,0.630476298,1,1,23.75,0,0,2022,Jul,Q3,Year1,NA
7/11/2022,Boise Low,White,4,24,23.0250001,43.17500019,33.10000014,1.702449763,1,1,20.1500001,0,0,2022,Jul,Q3,Year1,NA
7/12/2022,Boise Low,Black,4,24,26.12500048,51.80000019,38.96250033,0.892911794,1,1,25.67499971,0,0,2022,Jul,Q3,Year1,NA
7/12/2022,Boise Low,White,4,24,24.40000057,44.75,34.57500029,1.75617926,1,1,20.34999943,0,0,2022,Jul,Q3,Year1,NA
7/13/2022,Boise Low,Black,4,24,28.4000001,50.69999981,39.54999995,0.738241321,1,1,22.29999971,0,0,2022,Jul,Q3,Year1,NA
7/13/2022,Boise Low,White,4,24,26.42499971,44.69999886,35.56249928,1.784831734,1,1,18.27499914,0,0,2022,Jul,Q3,Year1,NA
7/14/2022,Boise Low,Black,4,24,27.82499981,51.75,39.7874999,0.708725254,1,1,23.92500019,0,0,2022,Jul,Q3,Year1,NA
7/14/2022,Boise Low,White,4,24,25.99999952,46.05000019,36.02499986,1.602861539,1,1,20.05000067,0,0,2022,Jul,Q3,Year1,NA
7/15/2022,Boise Low,Black,4,24,28.4749999,52.875,40.67499995,0.770821868,1,1,24.4000001,0,0,2022,Jul,Q3,Year1,NA
7/15/2022,Boise Low,White,4,24,26.54999971,46.12499905,36.33749938,1.805720593,1,1,19.57499933,0,0,2022,Jul,Q3,Year1,NA
7/16/2022,Boise Low,Black,4,24,27.87499952,52.5,40.18749976,0.807645629,1,1,24.62500048,0,0,2022,Jul,Q3,Year1,NA
7/16/2022,Boise Low,White,4,24,25.9749999,46.17500019,36.07500005,1.95554774,1,1,20.20000029,0,0,2022,Jul,Q3,Year1,NA
7/17/2022,Boise Low,Black,4,24,27.02500057,50.42500019,38.72500038,0.932291044,1,1,23.39999962,0,0,2022,Jul,Q3,Year1,NA
7/17/2022,Boise Low,White,4,24,25.125,43.07499886,34.09999943,1.586925823,1,1,17.94999886,0,0,2022,Jul,Q3,Year1,NA
7/18/2022,Boise Low,Black,4,24,26.14999962,48.55000019,37.3499999,0.571548007,1,1,22.40000057,0,0,2022,Jul,Q3,Year1,NA
7/18/2022,Boise Low,White,4,24,24.4749999,43.27500057,33.87500024,1.808544126,1,1,18.80000067,0,0,2022,Jul,Q3,Year1,NA
7/19/2022,Boise Low,Black,4,24,24.80000019,51.5,38.1500001,0.739369169,1,1,26.69999981,0,0,2022,Jul,Q3,Year1,NA
7/19/2022,Boise Low,White,4,24,23,44.57499886,33.78749943,1.9058578,1,1,21.57499886,0,0,2022,Jul,Q3,Year1,NA
7/20/2022,Boise Low,Black,4,24,27.375,52.75,40.0625,0.693271039,1,1,25.375,0,0,2022,Jul,Q3,Year1,NA
7/20/2022,Boise Low,White,4,24,25.37499952,46.37500095,35.87500024,1.853150099,1,1,21.00000143,0,0,2022,Jul,Q3,Year1,NA
7/21/2022,Boise Low,Black,4,24,27.9749999,51.875,39.92499995,0.678846807,1,1,23.9000001,0,0,2022,Jul,Q3,Year1,NA
7/21/2022,Boise Low,White,4,24,26,46.29999924,36.14999962,1.800925727,1,1,20.29999924,0,0,2022,Jul,Q3,Year1,NA
7/22/2022,Boise Low,Black,4,24,27.82500029,51.69999981,39.76250005,0.614241023,1,1,23.87499952,0,0,2022,Jul,Q3,Year1,NA
7/22/2022,Boise Low,White,4,24,26.07499981,46.09999943,36.08749962,1.739911422,1,1,20.02499962,0,0,2022,Jul,Q3,Year1,NA
7/23/2022,Boise Low,Black,4,24,26.375,51.72500038,39.05000019,0.559761434,1,1,25.35000038,0,0,2022,Jul,Q3,Year1,NA
7/23/2022,Boise Low,White,4,24,24.57499981,45.60000038,35.0875001,1.819512108,1,1,21.02500057,0,0,2022,Jul,Q3,Year1,NA
7/24/2022,Boise Low,Black,4,24,26.47500038,49.125,37.80000019,0.649358565,1,1,22.64999962,0,0,2022,Jul,Q3,Year1,NA
7/24/2022,Boise Low,White,4,24,24.55000019,44.32499981,34.4375,1.756119774,1,1,19.77499962,0,0,2022,Jul,Q3,Year1,NA
7/25/2022,Boise Low,Black,4,24,26.8499999,51.97500038,39.41250014,0.726148342,1,1,25.12500048,0,0,2022,Jul,Q3,Year1,NA
7/25/2022,Boise Low,White,4,24,25.2249999,46.07499981,35.64999986,1.92743373,1,1,20.8499999,0,0,2022,Jul,Q3,Year1,NA
7/26/2022,Boise Low,Black,4,24,28.12500048,52.5,40.31250024,0.647269798,1,1,24.37499952,0,0,2022,Jul,Q3,Year1,NA
7/26/2022,Boise Low,White,4,24,26.375,47.17500019,36.7750001,1.865699319,1,1,20.80000019,0,0,2022,Jul,Q3,Year1,NA
7/27/2022,Boise Low,Black,4,24,30.32499981,52.875,41.5999999,0.741619934,1,1,22.55000019,0,0,2022,Jul,Q3,Year1,NA
7/27/2022,Boise Low,White,4,24,28.5,47.625,38.0625,1.736075661,1,1,19.125,0,0,2022,Jul,Q3,Year1,NA
7/28/2022,Boise Low,Black,4,24,30.72500038,53.5,42.11250019,0.731864011,1,1,22.77499962,0,0,2022,Jul,Q3,Year1,NA
7/28/2022,Boise Low,White,4,24,29.07499981,48.40000057,38.73750019,1.748511153,1,1,19.32500076,0,0,2022,Jul,Q3,Year1,NA
7/29/2022,Boise Low,Black,4,24,30.17500019,53.75,41.9625001,0.618297252,1,1,23.57499981,0,0,2022,Jul,Q3,Year1,NA
7/29/2022,Boise Low,White,4,24,28.5250001,48.80000019,38.66250014,1.666520761,1,1,20.2750001,0,0,2022,Jul,Q3,Year1,NA
7/30/2022,Boise Low,Black,4,24,29.54999971,54.25,41.89999986,0.662067258,1,1,24.70000029,0,0,2022,Jul,Q3,Year1,NA
7/30/2022,Boise Low,White,4,24,28,48,38,1.762101273,1,1,20,0,0,2022,Jul,Q3,Year1,NA
7/31/2022,Boise Low,Black,4,24,30.30000019,50.5,40.4000001,0.71879551,1,1,20.19999981,0,0,2022,Jul,Q3,Year1,NA
7/31/2022,Boise Low,White,4,24,28.70000029,44.59999943,36.64999986,1.447987023,1,1,15.89999914,0,0,2022,Jul,Q3,Year1,NA
8/1/2022,Boise Low,Black,4,24,30.0999999,51.14999962,40.62499976,0.602079953,1,1,21.04999971,0,0,2022,Aug,Q3,Year1,NA
8/1/2022,Boise Low,White,4,24,28.57499981,46.67500019,37.625,1.354313862,1,1,18.10000038,0,0,2022,Aug,Q3,Year1,NA
8/2/2022,Boise Low,Black,4,24,30.07499981,40.37500095,35.22500038,0.403112493,1,1,10.30000114,0,0,2022,Aug,Q3,Year1,NA
8/2/2022,Boise Low,White,4,24,28.44999981,38.12499905,33.28749943,0.692068299,1,1,9.674999237,0,0,2022,Aug,Q3,Year1,NA
8/3/2022,Boise Low,Black,4,24,26.12499952,51.875,38.99999976,0.749444362,1,1,25.75000048,0,0,2022,Aug,Q3,Year1,NA
8/3/2022,Boise Low,White,4,24,24.9749999,45.22500038,35.10000014,1.813376122,1,1,20.25000048,0,0,2022,Aug,Q3,Year1,NA
8/4/2022,Boise Low,Black,4,24,28.22499943,52.875,40.54999971,0.839642823,1,1,24.65000057,0,0,2022,Aug,Q3,Year1,NA
8/4/2022,Boise Low,White,4,24,26.82500029,45.97500038,36.40000033,1.654790949,1,1,19.1500001,0,0,2022,Aug,Q3,Year1,NA
8/5/2022,Boise Low,Black,4,24,27.4749999,49.05000019,38.26250005,0.963824647,1,1,21.57500029,0,0,2022,Aug,Q3,Year1,NA
8/5/2022,Boise Low,White,4,24,25.89999962,42.07499981,33.98749971,1.495757483,1,1,16.17500019,0,0,2022,Aug,Q3,Year1,NA
8/6/2022,Boise Low,Black,4,24,25.99999952,49.22500038,37.61249995,0.570635991,1,1,23.22500086,0,0,2022,Aug,Q3,Year1,NA
8/6/2022,Boise Low,White,4,24,24.75,43.85000038,34.30000019,1.70195933,1,1,19.10000038,0,0,2022,Aug,Q3,Year1,NA
8/7/2022,Boise Low,Black,4,24,24.17499971,51.625,37.89999986,0.535412697,1,1,27.45000029,0,0,2022,Aug,Q3,Year1,NA
8/7/2022,Boise Low,White,4,24,22.6500001,44.80000019,33.72500014,1.965748267,1,1,22.1500001,0,0,2022,Aug,Q3,Year1,NA
8/8/2022,Boise Low,Black,4,24,24.125,51.125,37.625,0.492443122,1,1,27,0,0,2022,Aug,Q3,Year1,NA
8/8/2022,Boise Low,White,4,24,22.30000019,44.27499962,33.2874999,1.814467191,1,1,21.97499943,0,0,2022,Aug,Q3,Year1,NA
8/9/2022,Boise Low,Black,4,24,30.45000029,46.97499943,38.71249986,0.332602581,1,1,16.52499914,0,0,2022,Aug,Q3,Year1,NA
8/9/2022,Boise Low,White,4,24,28.8499999,42.60000038,35.72500014,1.233896666,1,1,13.75000048,0,0,2022,Aug,Q3,Year1,NA
8/10/2022,Boise Low,Black,4,24,25.25,47.04999924,36.14999962,0.441588216,1,1,21.79999924,0,0,2022,Aug,Q3,Year1,NA
8/10/2022,Boise Low,White,4,24,24.25,40.65000057,32.45000029,1.34598199,1,1,16.40000057,0,0,2022,Aug,Q3,Year1,NA
8/11/2022,Boise Low,Black,4,24,24.6500001,47.20000076,35.92500043,0.473462702,1,1,22.55000067,0,0,2022,Aug,Q3,Year1,NA
8/11/2022,Boise Low,White,4,24,23.12499952,42.77499962,32.94999957,1.281275754,1,1,19.6500001,0,0,2022,Aug,Q3,Year1,NA
8/12/2022,Boise Low,Black,4,24,22.625,44.70000076,33.66250038,0.442294906,1,1,22.07500076,0,0,2022,Aug,Q3,Year1,NA
8/12/2022,Boise Low,White,4,24,21.85000038,39.92500019,30.88750029,1.152081288,1,1,18.07499981,0,0,2022,Aug,Q3,Year1,NA
8/13/2022,Boise Low,Black,4,24,24.44999981,45.27499962,34.86249971,0.54677046,1,1,20.82499981,0,0,2022,Aug,Q3,Year1,NA
8/13/2022,Boise Low,White,4,24,23,40.44999981,31.7249999,1.311805432,1,1,17.44999981,0,0,2022,Aug,Q3,Year1,NA
8/14/2022,Boise Low,Black,4,24,24.29999971,45.47500038,34.88750005,0.500624884,1,1,21.17500067,0,0,2022,Aug,Q3,Year1,NA
8/14/2022,Boise Low,White,4,24,22.54999971,40.74999905,31.64999938,1.452583986,1,1,18.19999933,0,0,2022,Aug,Q3,Year1,NA
8/15/2022,Boise Low,Black,4,24,25.24999952,47.05000019,36.14999986,0.597215991,1,1,21.80000067,0,0,2022,Aug,Q3,Year1,NA
8/15/2022,Boise Low,White,4,24,23.5250001,41.80000019,32.66250014,1.556906474,1,1,18.2750001,0,0,2022,Aug,Q3,Year1,NA
8/16/2022,Boise Low,Black,4,24,26.24999952,48.39999962,37.32499957,0.69821231,1,1,22.1500001,0,0,2022,Aug,Q3,Year1,NA
8/16/2022,Boise Low,White,4,24,24.6500001,42.82500076,33.73750043,1.737514467,1,1,18.17500067,0,0,2022,Aug,Q3,Year1,NA
8/17/2022,Boise Low,Black,4,24,27.4000001,48.77499962,38.08749986,0.66001894,1,1,21.37499952,0,0,2022,Aug,Q3,Year1,NA
8/17/2022,Boise Low,White,4,24,25.82499981,43.27500057,34.55000019,1.689674668,1,1,17.45000076,0,0,2022,Aug,Q3,Year1,NA
8/18/2022,Boise Low,Black,4,24,27.92500019,43.97499943,35.94999981,0.744983311,1,1,16.04999924,0,0,2022,Aug,Q3,Year1,NA
8/18/2022,Boise Low,White,4,24,26.47500038,39.84999943,33.1624999,0.86349552,1,1,13.37499905,0,0,2022,Aug,Q3,Year1,NA
8/19/2022,Boise Low,Black,4,24,27.42500019,46.54999924,36.98749971,0.767436314,1,1,19.12499905,0,0,2022,Aug,Q3,Year1,NA
8/19/2022,Boise Low,White,4,24,26.32500029,42.47499943,34.39999986,1.71415704,1,1,16.14999914,0,0,2022,Aug,Q3,Year1,NA
8/20/2022,Boise Low,Black,4,24,25.7750001,47.42500019,36.60000014,0.664579924,1,1,21.6500001,0,0,2022,Aug,Q3,Year1,NA
8/20/2022,Boise Low,White,4,24,24.67499971,41.94999886,33.31249928,1.763696479,1,1,17.27499914,0,0,2022,Aug,Q3,Year1,NA
8/21/2022,Boise Low,Black,4,24,26.17499971,49.60000038,37.88750005,0.792017347,1,1,23.42500067,0,0,2022,Aug,Q3,Year1,NA
8/21/2022,Boise Low,White,4,24,25,43.85000038,34.42500019,1.837797479,1,1,18.85000038,0,0,2022,Aug,Q3,Year1,NA
8/22/2022,Boise Low,Black,4,24,26.4749999,48.20000076,37.33750033,0.733001644,1,1,21.72500086,0,0,2022,Aug,Q3,Year1,NA
8/22/2022,Boise Low,White,4,24,25.32499981,42,33.6624999,1.349304643,1,1,16.67500019,0,0,2022,Aug,Q3,Year1,NA
8/23/2022,Boise Low,Black,4,24,26.50000048,47.15000057,36.82500052,0.64096277,1,1,20.6500001,0,0,2022,Aug,Q3,Year1,NA
8/23/2022,Boise Low,White,4,24,25.375,41.42500019,33.4000001,1.133578551,1,1,16.05000019,0,0,2022,Aug,Q3,Year1,NA
8/24/2022,Boise Low,Black,4,24,26.5999999,45.92500019,36.26250005,0.649840001,1,1,19.32500029,0,0,2022,Aug,Q3,Year1,NA
8/24/2022,Boise Low,White,4,24,25.55000019,40.47499943,33.01249981,1.088098573,1,1,14.92499924,0,0,2022,Aug,Q3,Year1,NA
8/25/2022,Boise Low,Black,4,24,26.67499971,46.80000019,36.73749995,0.778219312,1,1,20.12500048,0,0,2022,Aug,Q3,Year1,NA
8/25/2022,Boise Low,White,4,24,25.69999981,41.27499962,33.48749971,1.094208704,1,1,15.57499981,0,0,2022,Aug,Q3,Year1,NA
8/26/2022,Boise Low,Black,4,24,26.52499962,46.57499981,36.54999971,0.679460893,1,1,20.05000019,0,0,2022,Aug,Q3,Year1,NA
8/26/2022,Boise Low,White,4,24,25.5250001,40.875,33.20000005,1.197218947,1,1,15.3499999,0,0,2022,Aug,Q3,Year1,NA
8/27/2022,Boise Low,Black,4,24,24.7249999,43.05000019,33.88750005,0.561805303,1,1,18.32500029,0,0,2022,Aug,Q3,Year1,NA
8/27/2022,Boise Low,White,4,24,23.77499962,37.89999962,30.83749962,1.102554401,1,1,14.125,0,0,2022,Aug,Q3,Year1,NA
8/28/2022,Boise Low,Black,4,24,20.92500019,42.72500038,31.82500029,0.517203997,1,1,21.80000019,0,0,2022,Aug,Q3,Year1,NA
8/28/2022,Boise Low,White,4,24,20.17499971,36.92500114,28.55000043,0.995824345,1,1,16.75000143,0,0,2022,Aug,Q3,Year1,NA
8/29/2022,Boise Low,Black,4,24,22.57499981,44.97500038,33.7750001,0.640963006,1,1,22.40000057,0,0,2022,Aug,Q3,Year1,NA
8/29/2022,Boise Low,White,4,24,21.5999999,38.94999981,30.27499986,1.254657764,1,1,17.3499999,0,0,2022,Aug,Q3,Year1,NA
8/30/2022,Boise Low,Black,4,24,22.52499962,45.89999962,34.21249962,0.670044005,1,1,23.375,0,0,2022,Aug,Q3,Year1,NA
8/30/2022,Boise Low,White,4,24,21.44999981,39.625,30.5374999,1.063308772,1,1,18.17500019,0,0,2022,Aug,Q3,Year1,NA
8/31/2022,Boise Low,Black,4,24,23.25,47.97499943,35.61249971,0.82297744,1,1,24.72499943,0,0,2022,Aug,Q3,Year1,NA
8/31/2022,Boise Low,White,4,24,22.30000019,42.02499962,32.1624999,1.085030814,1,1,19.72499943,0,0,2022,Aug,Q3,Year1,NA
9/1/2022,Boise Low,Black,4,15,28.075,46.625,37.35,1.246996391,1,0,18.55,0,0,2022,Sep,Q3,Year2,NA
9/1/2022,Boise Low,White,4,15,27,39.65,33.325,0.744423714,1,0,12.65,0,0,2022,Sep,Q3,Year2,NA
9/1/2022,Boise Low,Black,4,8,26.94999981,30.74999952,28.84999967,0.173205283,1,0,3.799999714,0,0,2022,Sep,Q3,Year2,NA
9/1/2022,Boise Low,White,4,8,26,29.22500038,27.61250019,0.27195299,1,0,3.225000381,0,0,2022,Sep,Q3,Year2,NA
9/2/2022,Boise Low,Black,4,24,24.175,45.875,35.025,0.817006732,1,1,21.7,0,0,2022,Sep,Q3,Year2,NA
9/2/2022,Boise Low,White,4,24,23.15,38.375,30.7625,0.825,1,1,15.225,0,0,2022,Sep,Q3,Year2,NA
9/3/2022,Boise Low,Black,4,24,23.6,45.3,34.45,0.930949336,1,1,21.7,0,0,2022,Sep,Q3,Year2,NA
9/3/2022,Boise Low,White,4,24,22.4,38.15,30.275,0.802599942,1,1,15.75,0,0,2022,Sep,Q3,Year2,NA
9/4/2022,Boise Low,Black,4,24,24.15,46.65,35.4,1.025508004,1,1,22.5,0,0,2022,Sep,Q3,Year2,NA
9/4/2022,Boise Low,White,4,24,23.1,38.525,30.8125,0.928596611,1,1,15.425,0,0,2022,Sep,Q3,Year2,NA
9/5/2022,Boise Low,Black,4,24,24.175,46.075,35.125,1.064972613,1,1,21.9,0,0,2022,Sep,Q3,Year2,NA
9/5/2022,Boise Low,White,4,24,22.95,38.075,30.5125,0.965552519,1,1,15.125,0,0,2022,Sep,Q3,Year2,NA
9/6/2022,Boise Low,Black,4,24,23.275,45.175,34.225,1.004572878,1,1,21.9,0,0,2022,Sep,Q3,Year2,NA
9/6/2022,Boise Low,White,4,24,22.05,38.2,30.125,0.75,1,1,16.15,0,0,2022,Sep,Q3,Year2,NA
9/7/2022,Boise Low,Black,4,24,27.425,41.95,34.6875,0.736404554,1,1,14.525,0,0,2022,Sep,Q3,Year2,NA
9/7/2022,Boise Low,White,4,24,25.9,37.375,31.6375,0.528165063,1,1,11.475,0,0,2022,Sep,Q3,Year2,NA
9/8/2022,Boise Low,Black,4,24,23.4,39.55,31.475,0.618465844,1,1,16.15,0,0,2022,Sep,Q3,Year2,NA
9/8/2022,Boise Low,White,4,24,22.525,34.025,28.275,0.694622199,1,1,11.5,0,0,2022,Sep,Q3,Year2,NA
9/9/2022,Boise Low,Black,4,24,19.575,39.7,29.6375,0.692068157,1,1,20.125,0,0,2022,Sep,Q3,Year2,NA
9/9/2022,Boise Low,White,4,24,18.725,32.75,25.7375,0.77284647,1,1,14.025,0,0,2022,Sep,Q3,Year2,NA
9/10/2022,Boise Low,Black,4,24,16.4,34.65,25.525,0.317542648,1,1,18.25,0,0,2022,Sep,Q3,Year2,NA
9/10/2022,Boise Low,White,4,24,15.45,29.8,22.625,0.45,1,1,14.35,0,0,2022,Sep,Q3,Year2,NA
9/11/2022,Boise Low,Black,4,24,16.475,40.525,28.5,0.80311892,1,1,24.05,0,0,2022,Sep,Q3,Year2,NA
9/11/2022,Boise Low,White,4,24,15.65,32.95,24.3,0.887881373,1,1,17.3,0,0,2022,Sep,Q3,Year2,NA
9/12/2022,Boise Low,Black,4,24,18.775,32,25.3875,0.252899848,1,1,13.225,0,0,2022,Sep,Q3,Year2,NA
9/12/2022,Boise Low,White,4,24,17.675,27.7,22.6875,0.349702254,1,1,10.025,0,0,2022,Sep,Q3,Year2,NA
9/13/2022,Boise Low,Black,4,24,22,33.2,27.6,0.52757306,1,1,11.2,0,0,2022,Sep,Q3,Year2,NA
9/13/2022,Boise Low,White,4,24,20.975,29.35,25.1625,0.49560569,1,1,8.375,0,0,2022,Sep,Q3,Year2,NA
9/14/2022,Boise Low,Black,4,24,18.1,38.65,28.375,0.744423714,1,1,20.55,0,0,2022,Sep,Q3,Year2,NA
9/14/2022,Boise Low,White,4,24,17.375,32.1,24.7375,0.788854655,1,1,14.725,0,0,2022,Sep,Q3,Year2,NA
9/15/2022,Boise Low,Black,4,24,17.9,37.6,27.75,0.697614985,1,1,19.7,0,0,2022,Sep,Q3,Year2,NA
9/15/2022,Boise Low,White,4,24,17.175,31.25,24.2125,0.693271231,1,1,14.075,0,0,2022,Sep,Q3,Year2,NA
9/16/2022,Boise Low,Black,4,24,16.225,37.125,26.675,0.757737861,1,1,20.9,0,0,2022,Sep,Q3,Year2,NA
9/16/2022,Boise Low,White,4,24,15.575,30.475,23.025,0.727438428,1,1,14.9,0,0,2022,Sep,Q3,Year2,NA
9/17/2022,Boise Low,Black,4,24,16.475,33.25,24.8625,0.457119605,1,1,16.775,0,0,2022,Sep,Q3,Year2,NA
9/17/2022,Boise Low,White,4,24,15.5,27.875,21.6875,0.440407009,1,1,12.375,0,0,2022,Sep,Q3,Year2,NA
9/18/2022,Boise Low,Black,4,24,20.65,33.65,27.15,0.681909085,1,1,13,0,0,2022,Sep,Q3,Year2,NA
9/18/2022,Boise Low,White,4,24,19.725,28.9,24.3125,0.531311271,1,1,9.175,0,0,2022,Sep,Q3,Year2,NA
9/19/2022,Boise Low,Black,4,24,17.5,38.125,27.8125,0.862530193,1,1,20.625,0,0,2022,Sep,Q3,Year2,NA
9/19/2022,Boise Low,White,4,24,16.775,31.4,24.0875,0.722697493,1,1,14.625,0,0,2022,Sep,Q3,Year2,NA
9/20/2022,Boise Low,Black,4,24,18.25,38.625,28.4375,0.941961606,1,1,20.375,0,0,2022,Sep,Q3,Year2,NA
9/20/2022,Boise Low,White,4,24,17.275,31.85,24.5625,0.860595724,1,1,14.575,0,0,2022,Sep,Q3,Year2,NA
9/21/2022,Boise Low,Black,4,24,18.725,32.925,25.825,0.603462233,1,1,14.2,0,0,2022,Sep,Q3,Year2,NA
9/21/2022,Boise Low,White,4,24,17.775,27.675,22.725,0.658913247,1,1,9.9,0,0,2022,Sep,Q3,Year2,NA
9/22/2022,Boise Low,Black,4,24,17.35,30.825,24.0875,0.458938994,1,1,13.475,0,0,2022,Sep,Q3,Year2,NA
9/22/2022,Boise Low,White,4,24,16.55,26.5,21.525,0.275378527,1,1,9.95,0,0,2022,Sep,Q3,Year2,NA
9/23/2022,Boise Low,Black,4,24,16.1,36,26.05,0.839642781,1,1,19.9,0,0,2022,Sep,Q3,Year2,NA
9/23/2022,Boise Low,White,4,24,15.45,29.325,22.3875,0.673764301,1,1,13.875,0,0,2022,Sep,Q3,Year2,NA
9/24/2022,Boise Low,Black,4,24,13.625,37.6,25.6125,0.83603728,1,1,23.975,0,0,2022,Sep,Q3,Year2,NA
9/24/2022,Boise Low,White,4,24,12.8,30.225,21.5125,0.757600378,1,1,17.425,0,0,2022,Sep,Q3,Year2,NA
9/25/2022,Boise Low,Black,4,24,14.975,38.45,26.7125,0.890107671,1,1,23.475,0,0,2022,Sep,Q3,Year2,NA
9/25/2022,Boise Low,White,4,24,14.05,30.9,22.475,0.798435971,1,1,16.85,0,0,2022,Sep,Q3,Year2,NA
9/26/2022,Boise Low,Black,4,24,15,38.55,26.775,0.877971146,1,1,23.55,0,0,2022,Sep,Q3,Year2,NA
9/26/2022,Boise Low,White,4,24,14,31,22.5,0.777817459,1,1,17,0,0,2022,Sep,Q3,Year2,NA
9/27/2022,Boise Low,Black,4,24,16.175,37.1,26.6375,0.777147562,1,1,20.925,0,0,2022,Sep,Q3,Year2,NA
9/27/2022,Boise Low,White,4,24,15.125,31.025,23.075,0.619811799,1,1,15.9,0,0,2022,Sep,Q3,Year2,NA
9/28/2022,Boise Low,Black,4,24,18.15,35.325,26.7375,0.653675506,1,1,17.175,0,0,2022,Sep,Q3,Year2,NA
9/28/2022,Boise Low,White,4,24,17.15,30.225,23.6875,0.534438958,1,1,13.075,0,0,2022,Sep,Q3,Year2,NA
9/29/2022,Boise Low,Black,4,24,19.5,32.275,25.8875,0.545244593,1,1,12.775,0,0,2022,Sep,Q3,Year2,NA
9/29/2022,Boise Low,White,4,24,18.725,28.05,23.3875,0.39869579,1,1,9.325,0,0,2022,Sep,Q3,Year2,NA
9/30/2022,Boise Low,Black,4,24,16.925,30.175,23.55,0.535412613,1,1,13.25,0,0,2022,Sep,Q3,Year2,NA
9/30/2022,Boise Low,White,4,24,16.125,26.125,21.125,0.433012702,1,1,10,0,0,2022,Sep,Q3,Year2,NA
10/1/2022,Boise Low,Black,4,24,14.85,34.525,24.6875,0.766349572,1,1,19.675,0,0,2022,Oct,Q4,Year2,NA
10/1/2022,Boise Low,White,4,24,14.25,27.85,21.05,0.849509662,1,1,13.6,0,0,2022,Oct,Q4,Year2,NA
10/2/2022,Boise Low,Black,4,24,13.3,35.075,24.1875,0.776074524,1,1,21.775,0,0,2022,Oct,Q4,Year2,NA
10/2/2022,Boise Low,White,4,24,12.525,28.35,20.4375,0.758699545,1,1,15.825,0,0,2022,Oct,Q4,Year2,NA
10/3/2022,Boise Low,Black,4,24,16.15,35.85,26,0.970395109,1,1,19.7,0,0,2022,Oct,Q4,Year2,NA
10/3/2022,Boise Low,White,4,24,15.45,29.275,22.3625,0.695671139,1,1,13.825,0,0,2022,Oct,Q4,Year2,NA
10/4/2022,Boise Low,Black,4,24,14.125,35.725,24.925,0.874166269,1,1,21.6,0,0,2022,Oct,Q4,Year2,NA
10/4/2022,Boise Low,White,4,24,13.35,28.8,21.075,0.804673847,1,1,15.45,0,0,2022,Oct,Q4,Year2,NA
10/5/2022,Boise Low,Black,4,24,13.9,35.625,24.7625,0.881641462,1,1,21.725,0,0,2022,Oct,Q4,Year2,NA
10/5/2022,Boise Low,White,4,24,13.025,28.725,20.875,0.759934208,1,1,15.7,0,0,2022,Oct,Q4,Year2,NA
10/6/2022,Boise Low,Black,4,24,14.75,35.875,25.3125,0.998644915,1,1,21.125,0,0,2022,Oct,Q4,Year2,NA
10/6/2022,Boise Low,White,4,24,13.875,29.025,21.45,0.796868873,1,1,15.15,0,0,2022,Oct,Q4,Year2,NA
10/7/2022,Boise Low,Black,4,24,15.075,35.925,25.5,0.953939201,1,1,20.85,0,0,2022,Oct,Q4,Year2,NA
10/7/2022,Boise Low,White,4,24,14.175,29,21.5875,0.722697493,1,1,14.825,0,0,2022,Oct,Q4,Year2,NA
10/8/2022,Boise Low,Black,4,24,16.475,34.65,25.5625,0.860595724,1,1,18.175,0,0,2022,Oct,Q4,Year2,NA
10/8/2022,Boise Low,White,4,24,15.7,28.4,22.05,0.681909085,1,1,12.7,0,0,2022,Oct,Q4,Year2,NA
10/9/2022,Boise Low,Black,4,24,14.1,33.1,23.6,0.764852927,1,1,19,0,0,2022,Oct,Q4,Year2,NA
10/9/2022,Boise Low,White,4,24,13.3,26.975,20.1375,0.668798674,1,1,13.675,0,0,2022,Oct,Q4,Year2,NA
10/10/2022,Boise Low,Black,4,24,14.25,33.85,24.05,0.914694849,1,1,19.6,0,0,2022,Oct,Q4,Year2,NA
10/10/2022,Boise Low,White,4,24,13.55,27.475,20.5125,0.742041104,1,1,13.925,0,0,2022,Oct,Q4,Year2,NA
10/11/2022,Boise Low,Black,4,24,16.425,30.8,23.6125,0.632949445,1,1,14.375,0,0,2022,Oct,Q4,Year2,NA
10/11/2022,Boise Low,White,4,24,15.475,26.275,20.875,0.556027577,1,1,10.8,0,0,2022,Oct,Q4,Year2,NA
10/12/2022,Boise Low,Black,4,24,15.75,33.6,24.675,0.899536918,1,1,17.85,0,0,2022,Oct,Q4,Year2,NA
10/12/2022,Boise Low,White,4,24,15.075,27.65,21.3625,0.673764301,1,1,12.575,0,0,2022,Oct,Q4,Year2,NA
10/13/2022,Boise Low,Black,4,24,16.25,34.175,25.2125,1.007782219,1,1,17.925,0,0,2022,Oct,Q4,Year2,NA
10/13/2022,Boise Low,White,4,24,15.625,27.875,21.75,0.735980072,1,1,12.25,0,0,2022,Oct,Q4,Year2,NA
10/14/2022,Boise Low,Black,4,24,12.675,33.775,23.225,0.922406273,1,1,21.1,0,0,2022,Oct,Q4,Year2,NA
10/14/2022,Boise Low,White,4,24,11.95,27,19.475,0.736545993,1,1,15.05,0,0,2022,Oct,Q4,Year2,NA
10/15/2022,Boise Low,Black,4,24,15.4,30.4,22.9,0.7670289,1,1,15,0,0,2022,Oct,Q4,Year2,NA
10/15/2022,Boise Low,White,4,24,14.65,25.375,20.0125,0.596343022,1,1,10.725,0,0,2022,Oct,Q4,Year2,NA
10/16/2022,Boise Low,Black,4,24,11.1,30.075,20.5875,0.884472536,1,1,18.975,0,0,2022,Oct,Q4,Year2,NA
10/16/2022,Boise Low,White,4,24,10.525,24.375,17.45,0.675771164,1,1,13.85,0,0,2022,Oct,Q4,Year2,NA
10/17/2022,Boise Low,Black,4,24,10.175,30.225,20.2,0.829658564,1,1,20.05,0,0,2022,Oct,Q4,Year2,NA
10/17/2022,Boise Low,White,4,24,9.55,24.025,16.7875,0.702821694,1,1,14.475,0,0,2022,Oct,Q4,Year2,NA
10/18/2022,Boise Low,Black,4,24,10.3,30.725,20.5125,0.93396556,1,1,20.425,0,0,2022,Oct,Q4,Year2,NA
10/18/2022,Boise Low,White,4,24,9.55,24.15,16.85,0.722264956,1,1,14.6,0,0,2022,Oct,Q4,Year2,NA
10/19/2022,Boise Low,Black,4,24,10.025,30.95,20.4875,0.945493698,1,1,20.925,0,0,2022,Oct,Q4,Year2,NA
10/19/2022,Boise Low,White,4,24,9.325,24.4,16.8625,0.759797122,1,1,15.075,0,0,2022,Oct,Q4,Year2,NA
10/20/2022,Boise Low,Black,4,24,9.2,29.875,19.5375,0.886354895,1,1,20.675,0,0,2022,Oct,Q4,Year2,NA
10/20/2022,Boise Low,White,4,24,8.5,23.35,15.925,0.705336799,1,1,14.85,0,0,2022,Oct,Q4,Year2,NA
10/21/2022,Boise Low,Black,4,24,13.05,26.625,19.8375,0.50559371,1,1,13.575,0,0,2022,Oct,Q4,Year2,NA
10/21/2022,Boise Low,White,4,24,12.075,23.025,17.55,0.402077936,1,1,10.95,0,0,2022,Oct,Q4,Year2,NA
10/22/2022,Boise Low,Black,4,24,9.2,16.275,12.7375,0.366003188,1,1,7.075,0,0,2022,Oct,Q4,Year2,NA
10/22/2022,Boise Low,White,4,24,8.65,15.275,11.9625,0.368272997,1,1,6.625,0,0,2022,Oct,Q4,Year2,NA
10/23/2022,Boise Low,Black,4,24,5.925,13.175,9.55,0.212132034,1,1,7.25,0,0,2022,Oct,Q4,Year2,NA
10/23/2022,Boise Low,White,4,24,5.55,11.15,8.35,0.288675135,1,1,5.6,0,0,2022,Oct,Q4,Year2,NA
10/24/2022,Boise Low,Black,4,24,4.75,12.7,8.725,0.095742711,1,1,7.95,0,0,2022,Oct,Q4,Year2,NA
10/24/2022,Boise Low,White,4,24,4.4,10.625,7.5125,0.252899848,1,1,6.225,0,0,2022,Oct,Q4,Year2,NA
10/25/2022,Boise Low,Black,4,24,4.275,17.6,10.9375,0.295451632,1,1,13.325,0,0,2022,Oct,Q4,Year2,NA
10/25/2022,Boise Low,White,4,24,3.85,13.3,8.575,0.396862697,1,1,9.45,0,0,2022,Oct,Q4,Year2,NA
10/26/2022,Boise Low,Black,4,24,6.575,12.475,9.525,0.1040833,1,1,5.9,0,0,2022,Oct,Q4,Year2,NA
10/26/2022,Boise Low,White,4,24,5.9,10.65,8.275,0.295803989,1,1,4.75,0,0,2022,Oct,Q4,Year2,NA
10/27/2022,Boise Low,Black,4,24,3.025,16.125,9.575,0.34278273,1,1,13.1,0,0,2022,Oct,Q4,Year2,NA
10/27/2022,Boise Low,White,4,24,2.675,11.775,7.225,0.425245027,1,1,9.1,0,0,2022,Oct,Q4,Year2,NA
10/28/2022,Boise Low,Black,4,24,5.725,16,10.8625,0.319830684,1,1,10.275,0,0,2022,Oct,Q4,Year2,NA
10/28/2022,Boise Low,White,4,24,4.925,12.675,8.8,0.36968455,1,1,7.75,0,0,2022,Oct,Q4,Year2,NA
10/29/2022,Boise Low,Black,4,24,3.35,18.325,10.8375,0.518611929,1,1,14.975,0,0,2022,Oct,Q4,Year2,NA
10/29/2022,Boise Low,White,4,24,2.725,13.25,7.9875,0.423034672,1,1,10.525,0,0,2022,Oct,Q4,Year2,NA
10/30/2022,Boise Low,Black,4,24,3.125,17.8,10.4625,0.545244593,1,1,14.675,0,0,2022,Oct,Q4,Year2,NA
10/30/2022,Boise Low,White,4,24,2.3,12.85,7.575,0.523609269,1,1,10.55,0,0,2022,Oct,Q4,Year2,NA
10/31/2022,Boise Low,Black,4,24,4.8,20.4,12.6,0.69880851,1,1,15.6,0,0,2022,Oct,Q4,Year2,NA
10/31/2022,Boise Low,White,4,24,3.9,15.2,9.55,0.460072458,1,1,11.3,0,0,2022,Oct,Q4,Year2,NA
11/1/2022,Boise Low,Black,4,24,6.825,15.8,11.3125,0.209662427,1,1,8.975,0,0,2022,Nov,Q4,Year2,NA
11/1/2022,Boise Low,White,4,24,5.75,13.775,9.7625,0.340036763,1,1,8.025,0,0,2022,Nov,Q4,Year2,NA
11/2/2022,Boise Low,Black,4,24,6.175,12.5,9.3375,0.179698822,1,1,6.325,0,0,2022,Nov,Q4,Year2,NA
11/2/2022,Boise Low,White,4,24,5.575,10.05,7.8125,0.275,1,1,4.475,0,0,2022,Nov,Q4,Year2,NA
11/3/2022,Boise Low,Black,4,24,1.75,13.375,7.5625,0.370528901,1,1,11.625,0,0,2022,Nov,Q4,Year2,NA
11/3/2022,Boise Low,White,4,24,1.375,9.425,5.4,0.452769257,1,1,8.05,0,0,2022,Nov,Q4,Year2,NA
11/4/2022,Boise Low,Black,4,24,3.8,9.325,6.5625,0.125,1,1,5.525,0,0,2022,Nov,Q4,Year2,NA
11/4/2022,Boise Low,White,4,24,3.225,8.975,6.1,0.182574186,1,1,5.75,0,0,2022,Nov,Q4,Year2,NA
11/5/2022,Boise Low,Black,4,24,6.775,11.225,9,0.212132034,1,1,4.45,0,0,2022,Nov,Q4,Year2,NA
11/5/2022,Boise Low,White,4,24,6.3,10.275,8.2875,0.165201897,1,1,3.975,0,0,2022,Nov,Q4,Year2,NA
11/6/2022,Boise Low,Black,4,24,1.9,9.525,5.7125,0.025,1,1,7.625,0,0,2022,Nov,Q4,Year2,NA
11/6/2022,Boise Low,White,4,24,1.75,7.9,4.825,0.21015867,1,1,6.15,0,0,2022,Nov,Q4,Year2,NA
11/7/2022,Boise Low,Black,4,24,4.725,12.7,8.7125,0.265753645,1,1,7.975,0,0,2022,Nov,Q4,Year2,NA
11/7/2022,Boise Low,White,4,24,4.45,9.775,7.1125,0.249582986,1,1,5.325,0,0,2022,Nov,Q4,Year2,NA
11/8/2022,Boise Low,Black,4,24,2.2,9.825,6.0125,0.047871355,1,1,7.625,0,0,2022,Nov,Q4,Year2,NA
11/8/2022,Boise Low,White,4,24,2,7.8,4.9,0.238047614,1,1,5.8,0,0,2022,Nov,Q4,Year2,NA
11/9/2022,Boise Low,Black,4,24,1.7,5.05,3.375,0.347610894,1,1,3.35,0,0,2022,Nov,Q4,Year2,NA
11/9/2022,Boise Low,White,4,24,1.375,4.675,3.025,0.272335577,1,1,3.3,0,0,2022,Nov,Q4,Year2,NA
11/10/2022,Boise Low,Black,4,24,0.775,9.35,5.0625,0.531311271,1,1,8.575,0,0,2022,Nov,Q4,Year2,NA
11/10/2022,Boise Low,White,4,24,0.675,4.875,2.775,0.585234996,1,1,4.2,0,0,2022,Nov,Q4,Year2,NA
11/11/2022,Boise Low,Black,4,24,-0.275,2.225,0.975,0.70296989,1,1,2.5,0,0,2022,Nov,Q4,Year2,NA
11/11/2022,Boise Low,White,4,24,-0.4,1.15,0.375,0.175594229,1,1,1.55,1,0,2022,Nov,Q4,Year2,NA
11/12/2022,Boise Low,Black,4,24,1.05,5.375,3.2125,0.228673712,1,1,4.325,0,0,2022,Nov,Q4,Year2,NA
11/12/2022,Boise Low,White,4,24,0.5,2.825,1.6625,0.239356777,1,1,2.325,0,0,2022,Nov,Q4,Year2,NA
11/13/2022,Boise Low,Black,4,24,0.675,7.975,4.325,0.5204165,1,1,7.3,0,0,2022,Nov,Q4,Year2,NA
11/13/2022,Boise Low,White,4,24,0.375,4.95,2.6625,0.517002579,1,1,4.575,0,0,2022,Nov,Q4,Year2,NA
11/14/2022,Boise Low,Black,4,24,-0.025,9.075,4.525,0.694622199,1,1,9.1,0,0,2022,Nov,Q4,Year2,NA
11/14/2022,Boise Low,White,4,24,-0.275,4.875,2.3,0.828653526,1,1,5.15,0,0,2022,Nov,Q4,Year2,NA
11/15/2022,Boise Low,Black,4,24,-0.5,7.375,3.4375,0.55283361,1,1,7.875,0,0,2022,Nov,Q4,Year2,NA
11/15/2022,Boise Low,White,4,24,-0.8,3.25,1.225,0.630476011,1,1,4.05,0,0,2022,Nov,Q4,Year2,NA
11/16/2022,Boise Low,Black,4,24,-0.875,6.475,2.8,0.533853913,1,1,7.35,0,0,2022,Nov,Q4,Year2,NA
11/16/2022,Boise Low,White,4,24,-1.65,3.075,0.7125,0.704006392,1,1,4.725,0,0,2022,Nov,Q4,Year2,NA
11/17/2022,Boise Low,Black,4,24,-0.875,0.575,-0.15,0.62316397,1,1,1.45,1,0,2022,Nov,Q4,Year2,NA
11/17/2022,Boise Low,White,4,24,-2.05,0,-1.025,0.379692858,1,1,2.05,0,0,2022,Nov,Q4,Year2,NA
11/18/2022,Boise Low,Black,4,24,-0.2,6.025,2.9125,0.746519703,1,1,6.225,0,0,2022,Nov,Q4,Year2,NA
11/18/2022,Boise Low,White,4,24,-1.05,3.325,1.1375,0.975,1,1,4.375,0,0,2022,Nov,Q4,Year2,NA
11/19/2022,Boise Low,Black,4,24,-2.125,1.95,-0.0875,0.306526236,1,1,4.075,0,0,2022,Nov,Q4,Year2,NA
11/19/2022,Boise Low,White,4,24,-4.1,2.1,-1,0.494974747,1,1,6.2,0,0,2022,Nov,Q4,Year2,NA
11/20/2022,Boise Low,Black,4,24,-3.225,1.65,-0.7875,0.249582986,1,1,4.875,0,0,2022,Nov,Q4,Year2,NA
11/20/2022,Boise Low,White,4,24,-5.2,1.95,-1.625,0.630476011,1,1,7.15,0,0,2022,Nov,Q4,Year2,NA
11/21/2022,Boise Low,Black,4,24,-3.45,2.65,-0.4,0.578791845,1,1,6.1,0,0,2022,Nov,Q4,Year2,NA
11/21/2022,Boise Low,White,4,24,-5.375,2.75,-1.3125,1.052279272,1,1,8.125,0,0,2022,Nov,Q4,Year2,NA
11/22/2022,Boise Low,Black,4,24,-2.875,1.425,-0.725,0.202072594,1,1,4.3,0,0,2022,Nov,Q4,Year2,NA
11/22/2022,Boise Low,White,4,24,-4.925,2.1,-1.4125,0.888233265,1,1,7.025,0,0,2022,Nov,Q4,Year2,NA
11/23/2022,Boise Low,Black,4,24,-1.25,4.575,1.6625,1.179954095,1,1,5.825,0,0,2022,Nov,Q4,Year2,NA
11/23/2022,Boise Low,White,4,24,-3.1,4.25,0.575,1.474505567,1,1,7.35,0,0,2022,Nov,Q4,Year2,NA
11/24/2022,Boise Low,Black,4,24,-0.675,6.25,2.7875,1.360989224,1,1,6.925,0,0,2022,Nov,Q4,Year2,NA
11/24/2022,Boise Low,White,4,24,-2.1,4.675,1.2875,1.670017465,1,1,6.775,0,0,2022,Nov,Q4,Year2,NA
11/25/2022,Boise Low,Black,4,24,-0.925,3.575,1.325,0.529937103,1,1,4.5,0,0,2022,Nov,Q4,Year2,NA
11/25/2022,Boise Low,White,4,24,-2.85,2.9,0.025,0.924211376,1,1,5.75,0,0,2022,Nov,Q4,Year2,NA
11/26/2022,Boise Low,Black,4,24,0.825,8.45,4.6375,0.728440114,1,1,7.625,0,0,2022,Nov,Q4,Year2,NA
11/26/2022,Boise Low,White,4,24,0.15,3.725,1.9375,1.130173291,1,1,3.575,0,0,2022,Nov,Q4,Year2,NA
11/27/2022,Boise Low,Black,4,24,1,5.525,3.2625,0.094648472,1,1,4.525,0,0,2022,Nov,Q4,Year2,NA
11/27/2022,Boise Low,White,4,24,0.175,3.2,1.6875,0.638194067,1,1,3.025,0,0,2022,Nov,Q4,Year2,NA
11/28/2022,Boise Low,Black,4,24,1.225,2.2,1.7125,0.39869579,1,1,0.975,1,1,2022,Nov,Q4,Year2,NA
11/28/2022,Boise Low,White,4,24,0.4,0.65,0.525,0.295803989,1,1,0.25,1,1,2022,Nov,Q4,Year2,NA
11/29/2022,Boise Low,Black,4,24,0.95,1.225,1.0875,0.396600134,1,1,0.275,1,1,2022,Nov,Q4,Year2,NA
11/29/2022,Boise Low,White,4,24,0.325,0.775,0.55,0.285773803,1,1,0.45,1,1,2022,Nov,Q4,Year2,NA
11/30/2022,Boise Low,Black,4,24,0.975,1.475,1.225,0.505799697,1,1,0.5,1,1,2022,Nov,Q4,Year2,NA
11/30/2022,Boise Low,White,4,24,0.525,1.35,0.9375,0.213600094,1,1,0.825,1,1,2022,Nov,Q4,Year2,NA
12/1/2022,Boise Low,Black,4,24,0.825,3.475,2.15,0.571547607,1,1,2.65,0,0,2022,Dec,Q4,Year2,NA
12/1/2022,Boise Low,White,4,24,0.325,3.575,1.95,0.227303028,1,1,3.25,0,0,2022,Dec,Q4,Year2,NA
12/2/2022,Boise Low,Black,4,24,-0.175,1.55,0.6875,0.265753645,1,1,1.725,1,0,2022,Dec,Q4,Year2,NA
12/2/2022,Boise Low,White,4,24,-0.875,2.175,0.65,0.389444048,1,1,3.05,0,0,2022,Dec,Q4,Year2,NA
12/3/2022,Boise Low,Black,4,24,-0.55,2.175,0.8125,0.340036763,1,1,2.725,0,0,2022,Dec,Q4,Year2,NA
12/3/2022,Boise Low,White,4,24,-1.25,2.9,0.825,0.634428877,1,1,4.15,0,0,2022,Dec,Q4,Year2,NA
12/4/2022,Boise Low,Black,4,24,-0.275,0.5,0.1125,0.325,1,1,0.775,1,1,2022,Dec,Q4,Year2,NA
12/4/2022,Boise Low,White,4,24,-1.125,0.525,-0.3,0.302765035,1,1,1.65,1,0,2022,Dec,Q4,Year2,NA
12/5/2022,Boise Low,Black,4,24,-0.025,0.575,0.275,0.266145324,1,1,0.6,1,1,2022,Dec,Q4,Year2,NA
12/5/2022,Boise Low,White,4,24,-0.525,0.65,0.0625,0.110867789,1,1,1.175,1,0,2022,Dec,Q4,Year2,NA
12/6/2022,Boise Low,Black,4,24,0.025,0.825,0.425,0.170782513,1,1,0.8,1,1,2022,Dec,Q4,Year2,NA
12/6/2022,Boise Low,White,4,24,-0.35,1.05,0.35,0.147196014,1,1,1.4,1,0,2022,Dec,Q4,Year2,NA
12/7/2022,Boise Low,Black,4,24,-0.05,0.35,0.15,0.36968455,1,1,0.4,1,1,2022,Dec,Q4,Year2,NA
12/7/2022,Boise Low,White,4,24,-0.425,0.225,-0.1,0.177951304,1,1,0.65,1,1,2022,Dec,Q4,Year2,NA
12/8/2022,Boise Low,Black,4,24,-0.15,0.725,0.2875,0.205649378,1,1,0.875,1,1,2022,Dec,Q4,Year2,NA
12/8/2022,Boise Low,White,4,24,-0.475,0.875,0.2,0.091287093,1,1,1.35,1,0,2022,Dec,Q4,Year2,NA
12/9/2022,Boise Low,Black,4,24,0.225,0.575,0.4,0.173205081,1,1,0.35,1,1,2022,Dec,Q4,Year2,NA
12/9/2022,Boise Low,White,4,24,-0.1,0.55,0.225,0.08660254,1,1,0.65,1,1,2022,Dec,Q4,Year2,NA
12/10/2022,Boise Low,Black,4,24,0.375,2.45,1.4125,0.217466473,1,1,2.075,0,0,2022,Dec,Q4,Year2,NA
12/10/2022,Boise Low,White,4,24,0.15,1.725,0.9375,0.314576435,1,1,1.575,1,0,2022,Dec,Q4,Year2,NA
12/11/2022,Boise Low,Black,4,24,2.5,6.425,4.4625,0.228673712,1,1,3.925,0,0,2022,Dec,Q4,Year2,NA
12/11/2022,Boise Low,White,4,24,1.575,5.65,3.6125,0.583630876,1,1,4.075,0,0,2022,Dec,Q4,Year2,NA
12/12/2022,Boise Low,Black,4,24,1.2,3.2,2.2,0.334165628,1,1,2,0,0,2022,Dec,Q4,Year2,NA
12/12/2022,Boise Low,White,4,24,1.025,2.875,1.95,0.158113883,1,1,1.85,1,0,2022,Dec,Q4,Year2,NA
12/13/2022,Boise Low,Black,4,24,0.85,4.8,2.825,0.232737334,1,1,3.95,0,0,2022,Dec,Q4,Year2,NA
12/13/2022,Boise Low,White,4,24,0.425,4.325,2.375,0.119023807,1,1,3.9,0,0,2022,Dec,Q4,Year2,NA
12/14/2022,Boise Low,Black,4,24,0.425,2.95,1.6875,0.271952815,1,1,2.525,0,0,2022,Dec,Q4,Year2,NA
12/14/2022,Boise Low,White,4,24,0.1,2.125,1.1125,0.232289331,1,1,2.025,0,0,2022,Dec,Q4,Year2,NA
12/15/2022,Boise Low,Black,4,24,-0.95,2.825,0.9375,0.125,1,1,3.775,0,0,2022,Dec,Q4,Year2,NA
12/15/2022,Boise Low,White,4,24,-1.4,2.475,0.5375,0.259406374,1,1,3.875,0,0,2022,Dec,Q4,Year2,NA
12/16/2022,Boise Low,Black,4,24,-2.35,0.375,-0.9875,0.848896342,1,1,2.725,0,0,2022,Dec,Q4,Year2,NA
12/16/2022,Boise Low,White,4,24,-2.75,0.35,-1.2,0.479583152,1,1,3.1,0,0,2022,Dec,Q4,Year2,NA
12/17/2022,Boise Low,Black,4,24,-3.825,2,-0.9125,0.438510737,1,1,5.825,0,0,2022,Dec,Q4,Year2,NA
12/17/2022,Boise Low,White,4,24,-5.075,2.075,-1.5,0.437797518,1,1,7.15,0,0,2022,Dec,Q4,Year2,NA
12/18/2022,Boise Low,Black,4,24,-4.975,0.05,-2.4625,0.962959847,1,1,5.025,0,0,2022,Dec,Q4,Year2,NA
12/18/2022,Boise Low,White,4,24,-5.975,-0.45,-3.2125,0.487125925,1,1,5.525,0,0,2022,Dec,Q4,Year2,NA
12/19/2022,Boise Low,Black,4,24,-5.475,0.2,-2.6375,0.81789873,1,1,5.675,0,0,2022,Dec,Q4,Year2,NA
12/19/2022,Boise Low,White,4,24,-6.375,-0.15,-3.2625,0.390245649,1,1,6.225,0,0,2022,Dec,Q4,Year2,NA
12/20/2022,Boise Low,Black,4,24,-3.85,1.725,-1.0625,0.42106017,1,1,5.575,0,0,2022,Dec,Q4,Year2,NA
12/20/2022,Boise Low,White,4,24,-4.5,2,-1.25,0.697614985,1,1,6.5,0,0,2022,Dec,Q4,Year2,NA
12/21/2022,Boise Low,Black,4,24,-2.05,1.575,-0.2375,0.217466473,1,1,3.625,0,0,2022,Dec,Q4,Year2,NA
12/21/2022,Boise Low,White,4,24,-3.175,1.9,-0.6375,0.18427787,1,1,5.075,0,0,2022,Dec,Q4,Year2,NA
12/22/2022,Boise Low,Black,4,24,-6.975,-0.575,-3.775,1.027537509,1,1,6.4,0,0,2022,Dec,Q4,Year2,NA
12/22/2022,Boise Low,White,4,24,-7.9,-1.95,-4.925,0.469929073,1,1,5.95,0,0,2022,Dec,Q4,Year2,NA
12/23/2022,Boise Low,Black,4,24,-5.275,-1.975,-3.625,0.966522978,1,1,3.3,0,0,2022,Dec,Q4,Year2,NA
12/23/2022,Boise Low,White,4,24,-6.025,-2.325,-4.175,0.55,1,1,3.7,0,0,2022,Dec,Q4,Year2,NA
12/24/2022,Boise Low,Black,4,24,-2.75,-0.825,-1.7875,0.615595917,1,1,1.925,1,0,2022,Dec,Q4,Year2,NA
12/24/2022,Boise Low,White,4,24,-3.25,-1.025,-2.1375,0.368272997,1,1,2.225,0,0,2022,Dec,Q4,Year2,NA
12/25/2022,Boise Low,Black,4,24,-2.025,0.25,-0.8875,0.301039864,1,1,2.275,0,0,2022,Dec,Q4,Year2,NA
12/25/2022,Boise Low,White,4,24,-2.425,0.3,-1.0625,0.131497782,1,1,2.725,0,0,2022,Dec,Q4,Year2,NA
12/26/2022,Boise Low,Black,4,24,-0.875,0.45,-0.2125,0.179698822,1,1,1.325,1,0,2022,Dec,Q4,Year2,NA
12/26/2022,Boise Low,White,4,24,-1.1,0.675,-0.2125,0.149303941,1,1,1.775,1,0,2022,Dec,Q4,Year2,NA
12/27/2022,Boise Low,Black,4,24,-0.225,5.75,2.7625,1.993478952,1,1,5.975,0,0,2022,Dec,Q4,Year2,NA
12/27/2022,Boise Low,White,4,24,-0.325,5.55,2.6125,1.552081935,1,1,5.875,0,0,2022,Dec,Q4,Year2,NA
12/28/2022,Boise Low,Black,4,24,0.4,6.425,3.4125,1.539683409,1,1,6.025,0,0,2022,Dec,Q4,Year2,NA
12/28/2022,Boise Low,White,4,24,0.475,6.125,3.3,1.433527119,1,1,5.65,0,0,2022,Dec,Q4,Year2,NA
12/29/2022,Boise Low,Black,4,24,-0.425,0.975,0.275,0.132287566,1,1,1.4,1,0,2022,Dec,Q4,Year2,NA
12/29/2022,Boise Low,White,4,24,-0.7,1.45,0.375,0.1040833,1,1,2.15,0,0,2022,Dec,Q4,Year2,NA
12/30/2022,Boise Low,Black,4,24,0.325,2.525,1.425,0.221735578,1,1,2.2,0,0,2022,Dec,Q4,Year2,NA
12/30/2022,Boise Low,White,4,24,0.35,1.975,1.1625,0.349702254,1,1,1.625,1,0,2022,Dec,Q4,Year2,NA
12/31/2022,Boise Low,Black,4,24,0.275,4.4,2.3375,0.368272997,1,1,4.125,0,0,2022,Dec,Q4,Year2,NA
12/31/2022,Boise Low,White,4,24,0.125,3.3,1.7125,0.349702254,1,1,3.175,0,0,2022,Dec,Q4,Year2,NA
1/1/2023,Boise Low,Black,4,24,-0.175,4.825,2.325,1.020212396,1,1,5,0,0,2023,Jan,Q1,Year2,NA
1/1/2023,Boise Low,White,4,24,-0.45,3.575,1.5625,0.90404185,1,1,4.025,0,0,2023,Jan,Q1,Year2,NA
1/2/2023,Boise Low,Black,4,24,-0.95,4.325,1.6875,0.877852493,1,1,5.275,0,0,2023,Jan,Q1,Year2,NA
1/2/2023,Boise Low,White,4,24,-1.35,3.425,1.0375,0.881641462,1,1,4.775,0,0,2023,Jan,Q1,Year2,NA
1/3/2023,Boise Low,Black,4,24,-1.575,1.425,-0.075,0.357071421,1,1,3,0,0,2023,Jan,Q1,Year2,NA
1/3/2023,Boise Low,White,4,24,-2.1,1.425,-0.3375,0.131497782,1,1,3.525,0,0,2023,Jan,Q1,Year2,NA
1/4/2023,Boise Low,Black,4,24,-0.625,2.225,0.8,0.282842712,1,1,2.85,0,0,2023,Jan,Q1,Year2,NA
1/4/2023,Boise Low,White,4,24,-1,2.15,0.575,0.504149449,1,1,3.15,0,0,2023,Jan,Q1,Year2,NA
1/5/2023,Boise Low,Black,4,24,1.475,6.5,3.9875,0.627661002,1,1,5.025,0,0,2023,Jan,Q1,Year2,NA
1/5/2023,Boise Low,White,4,24,1.2,4.4,2.8,0.9246621,1,1,3.2,0,0,2023,Jan,Q1,Year2,NA
1/6/2023,Boise Low,Black,4,24,0.35,8.95,4.65,1.603641689,1,1,8.6,0,0,2023,Jan,Q1,Year2,NA
1/6/2023,Boise Low,White,4,24,0.05,7.35,3.7,1.503329638,1,1,7.3,0,0,2023,Jan,Q1,Year2,NA
1/7/2023,Boise Low,Black,4,24,-0.075,6.475,3.2,0.367423461,1,1,6.55,0,0,2023,Jan,Q1,Year2,NA
1/7/2023,Boise Low,White,4,24,-0.2,5.4,2.6,0.533853913,1,1,5.6,0,0,2023,Jan,Q1,Year2,NA
1/8/2023,Boise Low,Black,4,24,2.8,11.725,7.2625,0.964689069,1,1,8.925,0,0,2023,Jan,Q1,Year2,NA
1/8/2023,Boise Low,White,4,24,2.75,10.75,6.75,1.015709932,1,1,8,0,0,2023,Jan,Q1,Year2,NA
1/9/2023,Boise Low,Black,4,24,0.675,6.05,3.3625,0.085391256,1,1,5.375,0,0,2023,Jan,Q1,Year2,NA
1/9/2023,Boise Low,White,4,24,0.65,5.8,3.225,0.193649167,1,1,5.15,0,0,2023,Jan,Q1,Year2,NA
1/10/2023,Boise Low,Black,4,24,1.25,3.625,2.4375,0.154784797,1,1,2.375,0,0,2023,Jan,Q1,Year2,NA
1/10/2023,Boise Low,White,4,24,1.2,3.225,2.2125,0.125,1,1,2.025,0,0,2023,Jan,Q1,Year2,NA
1/11/2023,Boise Low,Black,4,24,-0.05,7.575,3.7625,0.535995958,1,1,7.625,0,0,2023,Jan,Q1,Year2,NA
1/11/2023,Boise Low,White,4,24,-0.275,6.15,2.9375,0.601906693,1,1,6.425,0,0,2023,Jan,Q1,Year2,NA
1/12/2023,Boise Low,Black,4,24,2.65,9.875,6.2625,0.65748891,1,1,7.225,0,0,2023,Jan,Q1,Year2,NA
1/12/2023,Boise Low,White,4,24,2.25,9.125,5.6875,0.661280324,1,1,6.875,0,0,2023,Jan,Q1,Year2,NA
1/13/2023,Boise Low,Black,4,24,3.125,6.925,5.025,0.21015867,1,1,3.8,0,0,2023,Jan,Q1,Year2,NA
1/13/2023,Boise Low,White,4,24,3.075,6.35,4.7125,0.319830684,1,1,3.275,0,0,2023,Jan,Q1,Year2,NA
1/14/2023,Boise Low,Black,4,24,2.45,9.825,6.1375,0.662539307,1,1,7.375,0,0,2023,Jan,Q1,Year2,NA
1/14/2023,Boise Low,White,4,24,2.4,8.85,5.625,0.653834842,1,1,6.45,0,0,2023,Jan,Q1,Year2,NA
1/15/2023,Boise Low,Black,4,24,3.15,15.15,9.15,1.991230775,1,1,12,0,0,2023,Jan,Q1,Year2,NA
1/15/2023,Boise Low,White,4,24,3.225,13.875,8.55,1.586400538,1,1,10.65,0,0,2023,Jan,Q1,Year2,NA
1/16/2023,Boise Low,Black,4,24,0.75,9.85,5.3,0.669576981,1,1,9.1,0,0,2023,Jan,Q1,Year2,NA
1/16/2023,Boise Low,White,4,24,0.625,8.575,4.6,0.914694849,1,1,7.95,0,0,2023,Jan,Q1,Year2,NA
1/17/2023,Boise Low,Black,4,24,0.675,10.225,5.45,1.386241922,1,1,9.55,0,0,2023,Jan,Q1,Year2,NA
1/17/2023,Boise Low,White,4,24,0.575,9.125,4.85,1.09772492,1,1,8.55,0,0,2023,Jan,Q1,Year2,NA
1/18/2023,Boise Low,Black,4,24,-0.425,9.85,4.7125,1.157853618,1,1,10.275,0,0,2023,Jan,Q1,Year2,NA
1/18/2023,Boise Low,White,4,24,-0.65,8.15,3.75,1.193733639,1,1,8.8,0,0,2023,Jan,Q1,Year2,NA
1/19/2023,Boise Low,Black,4,24,-0.15,3,1.425,0.793200269,1,1,3.15,0,0,2023,Jan,Q1,Year2,NA
1/19/2023,Boise Low,White,4,24,-0.05,1.825,0.8875,0.256173769,1,1,1.875,1,0,2023,Jan,Q1,Year2,NA
1/20/2023,Boise Low,Black,4,24,-1.125,3.225,1.05,0.878445597,1,1,4.35,0,0,2023,Jan,Q1,Year2,NA
1/20/2023,Boise Low,White,4,24,-1.3,2.025,0.3625,0.201556444,1,1,3.325,0,0,2023,Jan,Q1,Year2,NA
1/21/2023,Boise Low,Black,4,24,-2.825,5.075,1.125,1.313075271,1,1,7.9,0,0,2023,Jan,Q1,Year2,NA
1/21/2023,Boise Low,White,4,24,-2.875,4.275,0.7,0.555277708,1,1,7.15,0,0,2023,Jan,Q1,Year2,NA
1/22/2023,Boise Low,Black,4,24,-1.025,3.15,1.0625,1.104064461,1,1,4.175,0,0,2023,Jan,Q1,Year2,NA
1/22/2023,Boise Low,White,4,24,-1.225,2.775,0.775,0.232737334,1,1,4,0,0,2023,Jan,Q1,Year2,NA
1/23/2023,Boise Low,Black,4,24,-1.325,5.025,1.85,1.373559852,1,1,6.35,0,0,2023,Jan,Q1,Year2,NA
1/23/2023,Boise Low,White,4,24,-1.675,4.65,1.4875,0.998644915,1,1,6.325,0,0,2023,Jan,Q1,Year2,NA
1/24/2023,Boise Low,Black,4,24,-3.325,8.025,2.35,1.960442127,1,1,11.35,0,0,2023,Jan,Q1,Year2,NA
1/24/2023,Boise Low,White,4,24,-3.75,6.65,1.45,1.374166414,1,1,10.4,0,0,2023,Jan,Q1,Year2,NA
1/25/2023,Boise Low,Black,4,24,-0.825,6.15,2.6625,0.475,1,1,6.975,0,0,2023,Jan,Q1,Year2,NA
1/25/2023,Boise Low,White,4,24,-1.05,4.3,1.625,0.727438428,1,1,5.35,0,0,2023,Jan,Q1,Year2,NA
1/26/2023,Boise Low,Black,4,24,6.94E-18,14.275,7.1375,1.611094349,1,1,14.275,0,0,2023,Jan,Q1,Year2,NA
1/26/2023,Boise Low,White,4,24,-0.2,9.8,4.8,1.700490125,1,1,10,0,0,2023,Jan,Q1,Year2,NA
1/27/2023,Boise Low,Black,4,24,2.075,12.275,7.175,0.980221064,1,1,10.2,0,0,2023,Jan,Q1,Year2,NA
1/27/2023,Boise Low,White,4,24,1.05,11.35,6.2,0.997496867,1,1,10.3,0,0,2023,Jan,Q1,Year2,NA
1/28/2023,Boise Low,Black,4,24,1.075,8.175,4.625,0.436844747,1,1,7.1,0,0,2023,Jan,Q1,Year2,NA
1/28/2023,Boise Low,White,4,22,1.025,7.25,4.1375,0.600520607,1,0,6.225,0,0,2023,Jan,Q1,Year2,NA
1/29/2023,Boise Low,Black,4,24,-3.55,1.525,-1.0125,0.900347155,1,1,5.075,0,0,2023,Jan,Q1,Year2,NA
1/29/2023,Boise Low,White,3,24,-4,2.133333333,-0.933333333,0.901849951,1,1,6.133333333,0,0,2023,Jan,Q1,Year2,NA
1/30/2023,Boise Low,Black,4,24,-6.1,4.15,-0.975,0.434932945,1,1,10.25,0,0,2023,Jan,Q1,Year2,NA
1/30/2023,Boise Low,White,3,24,-7.166666667,7.733333333,0.283333333,1.347528602,1,1,14.9,0,0,2023,Jan,Q1,Year2,NA
1/31/2023,Boise Low,Black,4,24,-6.875,1.875,-2.5,0.559761854,1,1,8.75,0,0,2023,Jan,Q1,Year2,NA
1/31/2023,Boise Low,White,3,24,-7.933333333,2.866666667,-2.533333333,0.354729944,1,1,10.8,0,0,2023,Jan,Q1,Year2,NA
2/1/2023,Boise Low,Black,4,24,-6.8,5.825,-0.4875,1.233811844,1,1,12.625,0,0,2023,Feb,Q1,Year2,NA
2/1/2023,Boise Low,White,3,24,-7.8,8.833333333,0.516666667,2.202460745,1,1,16.63333333,0,0,2023,Feb,Q1,Year2,NA
2/2/2023,Boise Low,Black,4,24,-6.95,7.125,0.0875,1.746126666,1,1,14.075,0,0,2023,Feb,Q1,Year2,NA
2/2/2023,Boise Low,White,3,24,-7.9,9.366666667,0.733333333,2.542800294,1,1,17.26666667,0,0,2023,Feb,Q1,Year2,NA
2/3/2023,Boise Low,Black,4,24,-4.75,7.7,1.475,1.9150718,1,1,12.45,0,0,2023,Feb,Q1,Year2,NA
2/3/2023,Boise Low,White,3,24,-5.433333333,8.933333333,1.75,2.584085912,1,1,14.36666667,0,0,2023,Feb,Q1,Year2,NA
2/4/2023,Boise Low,Black,4,24,-2.925,10.025,3.55,2.623293096,1,1,12.95,0,0,2023,Feb,Q1,Year2,NA
2/4/2023,Boise Low,White,3,24,-3.5,10.33333333,3.416666667,3.25281929,1,1,13.83333333,0,0,2023,Feb,Q1,Year2,NA
2/5/2023,Boise Low,Black,4,24,0.775,12.5,6.6375,1.738473948,1,1,11.725,0,0,2023,Feb,Q1,Year2,NA
2/5/2023,Boise Low,White,3,24,0.833333333,11.83333333,6.333333333,2.44965984,1,1,11,0,0,2023,Feb,Q1,Year2,NA
2/6/2023,Boise Low,Black,4,24,2.075,12.375,7.225,1.55697356,1,1,10.3,0,0,2023,Feb,Q1,Year2,NA
2/6/2023,Boise Low,White,3,24,1.866666667,12.13333333,7,2.086264605,1,1,10.26666667,0,0,2023,Feb,Q1,Year2,NA
2/7/2023,Boise Low,Black,4,24,-1.175,11.6,5.2125,0.526584909,1,1,12.775,0,0,2023,Feb,Q1,Year2,NA
2/7/2023,Boise Low,White,3,24,-1.5,9.966666667,4.233333333,1.125092589,1,1,11.46666667,0,0,2023,Feb,Q1,Year2,NA
2/8/2023,Boise Low,Black,4,24,-0.625,13.9,6.6375,1.212693284,1,1,14.525,0,0,2023,Feb,Q1,Year2,NA
2/8/2023,Boise Low,White,3,24,-0.9,13.4,6.25,1.899341991,1,1,14.3,0,0,2023,Feb,Q1,Year2,NA
2/9/2023,Boise Low,Black,4,24,-2.725,12.925,5.1,1.213122692,1,1,15.65,0,0,2023,Feb,Q1,Year2,NA
2/9/2023,Boise Low,White,3,24,-2.8,10.76666667,3.983333333,1.70024508,1,1,13.56666667,0,0,2023,Feb,Q1,Year2,NA
2/10/2023,Boise Low,Black,4,24,-1.825,13.175,5.675,0.942956344,1,1,15,0,0,2023,Feb,Q1,Year2,NA
2/10/2023,Boise Low,White,3,24,-1.866666667,11.96666667,5.05,1.779747173,1,1,13.83333333,0,0,2023,Feb,Q1,Year2,NA
2/11/2023,Boise Low,Black,4,24,-2.35,15.375,6.5125,1.15208145,1,1,17.725,0,0,2023,Feb,Q1,Year2,NA
2/11/2023,Boise Low,White,3,24,-2.3,13.76666667,5.733333333,2.070225431,1,1,16.06666667,0,0,2023,Feb,Q1,Year2,NA
2/12/2023,Boise Low,Black,4,24,-2.425,18.55,8.0625,2.063724384,1,1,20.975,0,0,2023,Feb,Q1,Year2,NA
2/12/2023,Boise Low,White,3,24,-2.433333333,15.76666667,6.666666667,2.924180797,1,1,18.2,0,0,2023,Feb,Q1,Year2,NA
2/13/2023,Boise Low,Black,4,24,-1.775,16.6,7.4125,1.921533676,1,1,18.375,0,0,2023,Feb,Q1,Year2,NA
2/13/2023,Boise Low,White,3,24,-1.833333333,14.23333333,6.2,2.669737815,1,1,16.06666667,0,0,2023,Feb,Q1,Year2,NA
2/14/2023,Boise Low,Black,4,24,-1.225,7.725,3.25,0.470814896,1,1,8.95,0,0,2023,Feb,Q1,Year2,NA
2/14/2023,Boise Low,White,3,24,-1.333333333,7.066666667,2.866666667,1.010362971,1,1,8.4,0,0,2023,Feb,Q1,Year2,NA
2/15/2023,Boise Low,Black,4,24,-1.55,13.625,6.0375,1.326885451,1,1,15.175,0,0,2023,Feb,Q1,Year2,NA
2/15/2023,Boise Low,White,3,24,-1.366666667,12.36666667,5.5,1.979267541,1,1,13.73333333,0,0,2023,Feb,Q1,Year2,NA
2/16/2023,Boise Low,Black,4,24,-4.15,13.95,4.9,1.530250524,1,1,18.1,0,0,2023,Feb,Q1,Year2,NA
2/16/2023,Boise Low,White,3,24,-3.933333333,12,4.033333333,2.608320021,1,1,15.93333333,0,0,2023,Feb,Q1,Year2,NA
2/17/2023,Boise Low,Black,4,24,-4.225,17.125,6.45,1.717556404,1,1,21.35,0,0,2023,Feb,Q1,Year2,NA
2/17/2023,Boise Low,White,3,24,-3.933333333,14.2,5.133333333,2.936551265,1,1,18.13333333,0,0,2023,Feb,Q1,Year2,NA
2/18/2023,Boise Low,Black,4,24,-3.425,7.225,1.9,0.212132034,1,1,10.65,0,0,2023,Feb,Q1,Year2,NA
2/18/2023,Boise Low,White,3,24,-3.433333333,6.033333333,1.3,0.7,1,1,9.466666667,0,0,2023,Feb,Q1,Year2,NA
2/19/2023,Boise Low,Black,4,24,-3.375,16.025,6.325,1.247330483,1,1,19.4,0,0,2023,Feb,Q1,Year2,NA
2/19/2023,Boise Low,White,3,24,-3.4,14.33333333,5.466666667,2.358671943,1,1,17.73333333,0,0,2023,Feb,Q1,Year2,NA
2/20/2023,Boise Low,Black,4,24,0.125,19.85,9.9875,1.677982419,1,1,19.725,0,0,2023,Feb,Q1,Year2,NA
2/20/2023,Boise Low,White,3,24,-0.1,19.1,9.5,2.672545603,1,1,19.2,0,0,2023,Feb,Q1,Year2,NA
2/21/2023,Boise Low,Black,4,24,0.575,10.2,5.3875,0.149303941,1,1,9.625,0,0,2023,Feb,Q1,Year2,NA
2/21/2023,Boise Low,White,3,24,0.466666667,10.23333333,5.35,0.35,1,1,9.766666667,0,0,2023,Feb,Q1,Year2,NA
2/22/2023,Boise Low,Black,4,24,-1.1,15.35,7.125,1.379915456,1,1,16.45,0,0,2023,Feb,Q1,Year2,NA
2/22/2023,Boise Low,White,3,24,-0.966666667,14.56666667,6.8,1.979267541,1,1,15.53333333,0,0,2023,Feb,Q1,Year2,NA
2/23/2023,Boise Low,Black,4,24,-3.6,5.175,0.7875,0.396600134,1,1,8.775,0,0,2023,Feb,Q1,Year2,NA
2/23/2023,Boise Low,White,3,24,-3.433333333,4.4,0.483333333,0.625166644,1,1,7.833333333,0,0,2023,Feb,Q1,Year2,NA
2/24/2023,Boise Low,Black,4,24,-5.375,11.5,3.0625,0.698062796,1,1,16.875,0,0,2023,Feb,Q1,Year2,NA
2/24/2023,Boise Low,White,3,24,-5.633333333,10.33333333,2.35,1.802082129,1,1,15.96666667,0,0,2023,Feb,Q1,Year2,NA
2/25/2023,Boise Low,Black,4,24,-5.075,17.375,6.15,1.757365452,1,1,22.45,0,0,2023,Feb,Q1,Year2,NA
2/25/2023,Boise Low,White,3,24,-5.033333333,15.06666667,5.016666667,2.959025741,1,1,20.1,0,0,2023,Feb,Q1,Year2,NA
2/26/2023,Boise Low,Black,4,24,-2.225,8.9,3.3375,0.508879488,1,1,11.125,0,0,2023,Feb,Q1,Year2,NA
2/26/2023,Boise Low,White,3,24,-2.366666667,8.433333333,3.033333333,1.167618659,1,1,10.8,0,0,2023,Feb,Q1,Year2,NA
2/27/2023,Boise Low,Black,4,24,-1.15,11.675,5.2625,1.003639211,1,1,12.825,0,0,2023,Feb,Q1,Year2,NA
2/27/2023,Boise Low,White,3,24,-1.166666667,10.66666667,4.75,1.925486951,1,1,11.83333333,0,0,2023,Feb,Q1,Year2,NA
2/28/2023,Boise Low,Black,4,24,-0.1,15.9,7.9,0.889756521,1,1,16,0,0,2023,Feb,Q1,Year2,NA
2/28/2023,Boise Low,White,3,24,0.066666667,14.33333333,7.2,2.137755833,1,1,14.26666667,0,0,2023,Feb,Q1,Year2,NA
3/1/2023,Boise Low,Black,4,24,0.625,1.425,1.025,0.433012702,1,1,0.8,1,1,2023,Mar,Q1,Year2,NA
3/1/2023,Boise Low,White,3,24,-0.133333333,2.2,1.033333333,0.37859389,1,1,2.333333333,0,0,2023,Mar,Q1,Year2,NA
3/2/2023,Boise Low,Black,4,24,6.94E-18,2.95,1.475,1.723610552,1,1,2.95,0,0,2023,Mar,Q1,Year2,NA
3/2/2023,Boise Low,White,3,24,-1,3.533333333,1.266666667,0.404145188,1,1,4.533333333,0,0,2023,Mar,Q1,Year2,NA
3/3/2023,Boise Low,Black,4,24,0.075,4.275,2.175,3.090172595,1,1,4.2,0,0,2023,Mar,Q1,Year2,NA
3/3/2023,Boise Low,White,3,24,-0.166666667,9.3,4.566666667,3.480780564,1,1,9.466666667,0,0,2023,Mar,Q1,Year2,NA
3/4/2023,Boise Low,Black,4,24,-0.975,5.075,2.05,1.74737899,1,1,6.05,0,0,2023,Mar,Q1,Year2,NA
3/4/2023,Boise Low,White,3,24,-1.566666667,7.6,3.016666667,2.183078866,1,1,9.166666667,0,0,2023,Mar,Q1,Year2,NA
3/5/2023,Boise Low,Black,4,24,-1.15,6.1,2.475,1.010362971,1,1,7.25,0,0,2023,Mar,Q1,Year2,NA
3/5/2023,Boise Low,White,3,24,-1.1,6,2.45,1.672572868,1,1,7.1,0,0,2023,Mar,Q1,Year2,NA
3/6/2023,Boise Low,Black,4,24,-0.8,16.625,7.9125,1.841364983,1,1,17.425,0,0,2023,Mar,Q1,Year2,NA
3/6/2023,Boise Low,White,3,24,-0.933333333,14.5,6.783333333,4.102539864,1,1,15.43333333,0,0,2023,Mar,Q1,Year2,NA
3/7/2023,Boise Low,Black,4,24,-2.45,8.7,3.125,0.885531855,1,1,11.15,0,0,2023,Mar,Q1,Year2,NA
3/7/2023,Boise Low,White,3,24,-2.7,8.633333333,2.966666667,1.3530829,1,1,11.33333333,0,0,2023,Mar,Q1,Year2,NA
3/8/2023,Boise Low,Black,4,24,-2.85,6.35,1.75,0.42031734,1,1,9.2,0,0,2023,Mar,Q1,Year2,NA
3/8/2023,Boise Low,White,3,24,-2.7,5.533333333,1.416666667,0.292973264,1,1,8.233333333,0,0,2023,Mar,Q1,Year2,NA
3/9/2023,Boise Low,Black,4,24,-1.35,10.15,4.4,0.24832774,1,1,11.5,0,0,2023,Mar,Q1,Year2,NA
3/9/2023,Boise Low,White,3,24,-1.2,9.266666667,4.033333333,1.210716042,1,1,10.46666667,0,0,2023,Mar,Q1,Year2,NA
3/10/2023,Boise Low,Black,4,24,0.775,15.625,8.2,0.697614985,1,1,14.85,0,0,2023,Mar,Q1,Year2,NA
3/10/2023,Boise Low,White,3,24,0.733333333,14.86666667,7.8,1.5612495,1,1,14.13333333,0,0,2023,Mar,Q1,Year2,NA
3/11/2023,Boise Low,Black,4,24,1.1,17.475,9.2875,0.539096466,1,1,16.375,0,0,2023,Mar,Q1,Year2,NA
3/11/2023,Boise Low,White,3,24,1.1,16.13333333,8.616666667,1.669081584,1,1,15.03333333,0,0,2023,Mar,Q1,Year2,NA
3/12/2023,Boise Low,Black,4,24,-0.225,14.175,6.975,0.217944947,1,1,14.4,0,0,2023,Mar,Q1,Year2,NA
3/12/2023,Boise Low,White,3,24,-0.433333333,13.16666667,6.366666667,1.107173579,1,1,13.6,0,0,2023,Mar,Q1,Year2,NA
3/13/2023,Boise Low,Black,4,24,3.45,21.85,12.65,0.636396103,1,1,18.4,0,0,2023,Mar,Q1,Year2,NA
3/13/2023,Boise Low,White,3,24,3.466666667,20.33333333,11.9,2.047559523,1,1,16.86666667,0,0,2023,Mar,Q1,Year2,NA
3/14/2023,Boise Low,Black,4,24,4.475,9.075,6.775,0.1040833,1,1,4.6,0,0,2023,Mar,Q1,Year2,NA
3/14/2023,Boise Low,White,3,24,4.433333333,9.133333333,6.783333333,0.076376262,1,1,4.7,0,0,2023,Mar,Q1,Year2,NA
3/15/2023,Boise Low,Black,4,24,1.025,14.05,7.5375,0.467929838,1,1,13.025,0,0,2023,Mar,Q1,Year2,NA
3/15/2023,Boise Low,White,3,24,1.1,13.73333333,7.416666667,0.956991815,1,1,12.63333333,0,0,2023,Mar,Q1,Year2,NA
3/16/2023,Boise Low,Black,4,24,-0.2,21.725,10.7625,0.503942788,1,1,21.925,0,0,2023,Mar,Q1,Year2,NA
3/16/2023,Boise Low,White,3,24,-0.3,16.93333333,8.316666667,1.039631345,1,1,17.23333333,0,0,2023,Mar,Q1,Year2,NA
3/17/2023,Boise Low,Black,4,24,-1.225,17.025,7.9,0.460072458,1,1,18.25,0,0,2023,Mar,Q1,Year2,NA
3/17/2023,Boise Low,White,4,21.25,0.15,12.975,6.5625,0.766349572,1,0,12.825,0,0,2023,Mar,Q1,Year2,NA
3/18/2023,Boise Low,Black,4,24,1.375,18.5,9.9375,0.862530193,1,1,17.125,0,0,2023,Mar,Q1,Year2,NA
3/18/2023,Boise Low,White,4,24,1.525,14.4,7.9625,1.231783937,1,1,12.875,0,0,2023,Mar,Q1,Year2,NA
3/19/2023,Boise Low,Black,4,24,2.775,13.2,7.9875,0.275,1,1,10.425,0,0,2023,Mar,Q1,Year2,NA
3/19/2023,Boise Low,White,4,24,2.875,11.4,7.1375,1.040332479,1,1,8.525,0,0,2023,Mar,Q1,Year2,NA
3/20/2023,Boise Low,Black,4,24,3.975,13.775,8.875,0.298607881,1,1,9.8,0,0,2023,Mar,Q1,Year2,NA
3/20/2023,Boise Low,White,4,24,4.275,11.85,8.0625,0.587898801,1,1,7.575,0,0,2023,Mar,Q1,Year2,NA
3/21/2023,Boise Low,Black,4,24,3.65,15.6,9.625,0.81291656,1,1,11.95,0,0,2023,Mar,Q1,Year2,NA
3/21/2023,Boise Low,White,4,24,3.7,13.05,8.375,0.361708907,1,1,9.35,0,0,2023,Mar,Q1,Year2,NA
3/22/2023,Boise Low,Black,4,24,2.075,16.75,9.4125,1.100284054,1,1,14.675,0,0,2023,Mar,Q1,Year2,NA
3/22/2023,Boise Low,White,4,24,1.975,13.675,7.825,0.589491306,1,1,11.7,0,0,2023,Mar,Q1,Year2,NA
3/23/2023,Boise Low,Black,4,24,5.125,14.65,9.8875,0.670043531,1,1,9.525,0,0,2023,Mar,Q1,Year2,NA
3/23/2023,Boise Low,White,4,24,4.925,12.425,8.675,0.175594229,1,1,7.5,0,0,2023,Mar,Q1,Year2,NA
3/24/2023,Boise Low,Black,4,24,1.975,11.725,6.85,0.590197707,1,1,9.75,0,0,2023,Mar,Q1,Year2,NA
3/24/2023,Boise Low,White,4,24,2,9.575,5.7875,0.201556444,1,1,7.575,0,0,2023,Mar,Q1,Year2,NA
3/25/2023,Boise Low,Black,4,24,1.125,11.875,6.5,0.593014896,1,1,10.75,0,0,2023,Mar,Q1,Year2,NA
3/25/2023,Boise Low,White,4,24,1.15,9.35,5.25,0.195789002,1,1,8.2,0,0,2023,Mar,Q1,Year2,NA
3/26/2023,Boise Low,Black,4,24,0.825,9.25,5.0375,0.311916121,1,1,8.425,0,0,2023,Mar,Q1,Year2,NA
3/26/2023,Boise Low,White,4,24,0.85,7.325,4.0875,0.143614066,1,1,6.475,0,0,2023,Mar,Q1,Year2,NA
3/27/2023,Boise Low,Black,4,24,0.675,12.825,6.75,0.540061725,1,1,12.15,0,0,2023,Mar,Q1,Year2,NA
3/27/2023,Boise Low,White,4,24,0.75,10.05,5.4,0.267706307,1,1,9.3,0,0,2023,Mar,Q1,Year2,NA
3/28/2023,Boise Low,Black,4,24,4.025,8.25,6.1375,0.188745861,1,1,4.225,0,0,2023,Mar,Q1,Year2,NA
3/28/2023,Boise Low,White,4,24,3.725,7.225,5.475,0.132287566,1,1,3.5,0,0,2023,Mar,Q1,Year2,NA
3/29/2023,Boise Low,Black,4,24,4.025,10.1,7.0625,0.179698822,1,1,6.075,0,0,2023,Mar,Q1,Year2,NA
3/29/2023,Boise Low,White,4,24,3.875,8.75,6.3125,0.047871355,1,1,4.875,0,0,2023,Mar,Q1,Year2,NA
3/30/2023,Boise Low,Black,4,24,3.625,9.975,6.8,0.313581462,1,1,6.35,0,0,2023,Mar,Q1,Year2,NA
3/30/2023,Boise Low,White,4,24,3.55,8.525,6.0375,0.125,1,1,4.975,0,0,2023,Mar,Q1,Year2,NA
3/31/2023,Boise Low,Black,4,24,4.5,15.85,10.175,0.705336799,1,1,11.35,0,0,2023,Mar,Q1,Year2,NA
3/31/2023,Boise Low,White,4,24,4.425,13,8.7125,0.242813371,1,1,8.575,0,0,2023,Mar,Q1,Year2,NA
4/1/2023,Boise Low,Black,4,24,5.35,12.25,8.8,0.324037035,1,1,6.9,0,0,2023,Apr,Q2,Year2,NA
4/1/2023,Boise Low,White,4,24,5.2,10.5,7.85,0.158113883,1,1,5.3,0,0,2023,Apr,Q2,Year2,NA
4/2/2023,Boise Low,Black,4,24,3.3,19.25,11.275,1.057118726,1,1,15.95,0,0,2023,Apr,Q2,Year2,NA
4/2/2023,Boise Low,White,4,24,3.15,15.5,9.325,0.473462424,1,1,12.35,0,0,2023,Apr,Q2,Year2,NA
4/3/2023,Boise Low,Black,4,24,2.175,12.15,7.1625,0.42106017,1,1,9.975,0,0,2023,Apr,Q2,Year2,NA
4/3/2023,Boise Low,White,4,24,2.125,10.05,6.0875,0.225,1,1,7.925,0,0,2023,Apr,Q2,Year2,NA
4/4/2023,Boise Low,Black,4,24,1.8,11.825,6.8125,0.503942788,1,1,10.025,0,0,2023,Apr,Q2,Year2,NA
4/4/2023,Boise Low,White,4,24,1.65,9.6,5.625,0.193649167,1,1,7.95,0,0,2023,Apr,Q2,Year2,NA
4/5/2023,Boise Low,Black,4,24,1.125,20.325,10.725,1.125833025,1,1,19.2,0,0,2023,Apr,Q2,Year2,NA
4/5/2023,Boise Low,White,4,24,1.125,15.9,8.5125,0.392375246,1,1,14.775,0,0,2023,Apr,Q2,Year2,NA
4/6/2023,Boise Low,Black,4,24,2.35,16.625,9.4875,0.649839724,1,1,14.275,0,0,2023,Apr,Q2,Year2,NA
4/6/2023,Boise Low,White,4,24,2.05,13.775,7.9125,0.301039864,1,1,11.725,0,0,2023,Apr,Q2,Year2,NA
4/7/2023,Boise Low,Black,4,24,6.9,12.675,9.7875,0.543714079,1,1,5.775,0,0,2023,Apr,Q2,Year2,NA
4/7/2023,Boise Low,White,4,24,6.45,10.525,8.4875,0.188745861,1,1,4.075,0,0,2023,Apr,Q2,Year2,NA
4/8/2023,Boise Low,Black,4,24,3.1,20.55,11.825,0.817006732,1,1,17.45,0,0,2023,Apr,Q2,Year2,NA
4/8/2023,Boise Low,White,4,24,2.95,16.875,9.9125,0.460751198,1,1,13.925,0,0,2023,Apr,Q2,Year2,NA
4/9/2023,Boise Low,Black,4,24,5.575,26.425,16,1.246996391,1,1,20.85,0,0,2023,Apr,Q2,Year2,NA
4/9/2023,Boise Low,White,4,24,5.225,21.575,13.4,0.575905085,1,1,16.35,0,0,2023,Apr,Q2,Year2,NA
4/10/2023,Boise Low,Black,4,24,10.2,25.35,17.775,1.064972613,1,1,15.15,0,0,2023,Apr,Q2,Year2,NA
4/10/2023,Boise Low,White,4,24,9.55,22.05,15.8,0.334165628,1,1,12.5,0,0,2023,Apr,Q2,Year2,NA
4/11/2023,Boise Low,Black,4,24,11.825,22.6,17.2125,1.034710104,1,1,10.775,0,0,2023,Apr,Q2,Year2,NA
4/11/2023,Boise Low,White,4,24,11.125,19.775,15.45,0.324037035,1,1,8.65,0,0,2023,Apr,Q2,Year2,NA
4/12/2023,Boise Low,Black,4,24,7.825,16.425,12.125,0.434932945,1,1,8.6,0,0,2023,Apr,Q2,Year2,NA
4/12/2023,Boise Low,White,4,24,7.35,14.05,10.7,0.234520788,1,1,6.7,0,0,2023,Apr,Q2,Year2,NA
4/13/2023,Boise Low,Black,4,24,4.25,19.175,11.7125,0.845946216,1,1,14.925,0,0,2023,Apr,Q2,Year2,NA
4/13/2023,Boise Low,White,4,24,4.075,15.975,10.025,0.523609269,1,1,11.9,0,0,2023,Apr,Q2,Year2,NA
4/14/2023,Boise Low,Black,4,24,4.4,23.4,13.9,1.312122962,1,1,19,0,0,2023,Apr,Q2,Year2,NA
4/14/2023,Boise Low,White,4,24,4.025,19.325,11.675,0.722841615,1,1,15.3,0,0,2023,Apr,Q2,Year2,NA
4/15/2023,Boise Low,Black,4,24,4.125,22.2,13.1625,0.696867993,1,1,18.075,0,0,2023,Apr,Q2,Year2,NA
4/15/2023,Boise Low,White,4,24,3.55,18.375,10.9625,0.458938994,1,1,14.825,0,0,2023,Apr,Q2,Year2,NA
4/16/2023,Boise Low,Black,4,24,8.65,24.975,16.8125,1.027436129,1,1,16.325,0,0,2023,Apr,Q2,Year2,NA
4/16/2023,Boise Low,White,4,24,8.2,21.025,14.6125,0.361420807,1,1,12.825,0,0,2023,Apr,Q2,Year2,NA
4/17/2023,Boise Low,Black,4,24,9.375,20.975,15.175,0.606217783,1,1,11.6,0,0,2023,Apr,Q2,Year2,NA
4/17/2023,Boise Low,White,4,24,8.9,17.325,13.1125,0.225,1,1,8.425,0,0,2023,Apr,Q2,Year2,NA
4/18/2023,Boise Low,Black,4,24,5,14.175,9.5875,0.332603367,1,1,9.175,0,0,2023,Apr,Q2,Year2,NA
4/18/2023,Boise Low,White,4,24,4.475,12.25,8.3625,0.292617498,1,1,7.775,0,0,2023,Apr,Q2,Year2,NA
4/19/2023,Boise Low,Black,4,24,1.075,18.35,9.7125,0.787797563,1,1,17.275,0,0,2023,Apr,Q2,Year2,NA
4/19/2023,Boise Low,White,4,24,1.05,14.4,7.725,0.497493719,1,1,13.35,0,0,2023,Apr,Q2,Year2,NA
4/20/2023,Boise Low,Black,4,24,3.1,24.075,13.5875,1.133854047,1,1,20.975,0,0,2023,Apr,Q2,Year2,NA
4/20/2023,Boise Low,White,4,24,2.675,19.5,11.0875,0.85281397,1,1,16.825,0,0,2023,Apr,Q2,Year2,NA
4/21/2023,Boise Low,Black,4,24,8.35,20.725,14.5375,0.969858237,1,1,12.375,0,0,2023,Apr,Q2,Year2,NA
4/21/2023,Boise Low,White,4,24,7.675,17.075,12.375,0.55,1,1,9.4,0,0,2023,Apr,Q2,Year2,NA
4/22/2023,Boise Low,Black,4,24,8.025,27.275,17.65,1.379009306,1,1,19.25,0,0,2023,Apr,Q2,Year2,NA
4/22/2023,Boise Low,White,4,24,7.475,22.3,14.8875,0.826009483,1,1,14.825,0,0,2023,Apr,Q2,Year2,NA
4/23/2023,Boise Low,Black,4,24,8.4,23.15,15.775,0.850979827,1,1,14.75,0,0,2023,Apr,Q2,Year2,NA
4/23/2023,Boise Low,White,4,24,7.65,19.15,13.4,0.605530071,1,1,11.5,0,0,2023,Apr,Q2,Year2,NA
4/24/2023,Boise Low,Black,4,24,8.575,18,13.2875,0.632949445,1,1,9.425,0,0,2023,Apr,Q2,Year2,NA
4/24/2023,Boise Low,White,4,24,8.125,15.35,11.7375,0.423034672,1,1,7.225,0,0,2023,Apr,Q2,Year2,NA
4/25/2023,Boise Low,Black,4,24,6.875,27.175,17.025,1.400297587,1,1,20.3,0,0,2023,Apr,Q2,Year2,NA
4/25/2023,Boise Low,White,4,24,6.55,22.375,14.4625,0.769604877,1,1,15.825,0,0,2023,Apr,Q2,Year2,NA
4/26/2023,Boise Low,Black,4,24,9.575,31.575,20.575,1.479019946,1,1,22,0,0,2023,Apr,Q2,Year2,NA
4/26/2023,Boise Low,White,4,24,8.825,26.05,17.4375,0.558830624,1,1,17.225,0,0,2023,Apr,Q2,Year2,NA
4/27/2023,Boise Low,Black,4,24,12.45,31.175,21.8125,1.702632765,1,1,18.725,0,0,2023,Apr,Q2,Year2,NA
4/27/2023,Boise Low,White,4,24,11.575,26.325,18.95,0.82360994,1,1,14.75,0,0,2023,Apr,Q2,Year2,NA
4/28/2023,Boise Low,Black,4,24,11.9,31.975,21.9375,1.3792359,1,1,20.075,0,0,2023,Apr,Q2,Year2,NA
4/28/2023,Boise Low,White,4,24,11.2,26.55,18.875,0.779422863,1,1,15.35,0,0,2023,Apr,Q2,Year2,NA
4/29/2023,Boise Low,Black,4,24,12.8,36.125,24.4625,1.702632765,1,1,23.325,0,0,2023,Apr,Q2,Year2,NA
4/29/2023,Boise Low,White,4,24,12.05,29.925,20.9875,0.727295217,1,1,17.875,0,0,2023,Apr,Q2,Year2,NA
4/30/2023,Boise Low,Black,4,24,15.225,38.525,26.875,1.854049622,1,1,23.3,0,0,2023,Apr,Q2,Year2,NA
4/30/2023,Boise Low,White,4,24,14.35,31.95,23.15,0.910128196,1,1,17.6,0,0,2023,Apr,Q2,Year2,NA
5/1/2023,Boise Low,Black,4,24,17.475,36.275,26.875,1.856744463,1,1,18.8,0,0,2023,May,Q2,Year2,NA
5/1/2023,Boise Low,White,4,24,16.55,30.575,23.5625,0.743163284,1,1,14.025,0,0,2023,May,Q2,Year2,NA
5/2/2023,Boise Low,Black,4,24,17.15,35.2,26.175,1.511345978,1,1,18.05,0,0,2023,May,Q2,Year2,NA
5/2/2023,Boise Low,White,4,24,16.3,29.15,22.725,0.777281588,1,1,12.85,0,0,2023,May,Q2,Year2,NA
5/3/2023,Boise Low,Black,4,24,15.275,32.3,23.7875,1.10481899,1,1,17.025,0,0,2023,May,Q2,Year2,NA
5/3/2023,Boise Low,White,4,24,14.625,27.225,20.925,0.630476011,1,1,12.6,0,0,2023,May,Q2,Year2,NA
5/4/2023,Boise Low,Black,4,24,17.75,32.6,25.175,0.913327251,1,1,14.85,0,0,2023,May,Q2,Year2,NA
5/4/2023,Boise Low,White,4,24,17.05,27.45,22.25,0.687992248,1,1,10.4,0,0,2023,May,Q2,Year2,NA
5/5/2023,Boise Low,Black,4,24,13.05,18.4,15.725,0.578071507,1,1,5.35,0,0,2023,May,Q2,Year2,NA
5/5/2023,Boise Low,White,4,24,12.5,17.6,15.05,0.348807492,1,1,5.1,0,0,2023,May,Q2,Year2,NA
5/6/2023,Boise Low,Black,4,24,10.05,29.825,19.9375,0.944611913,1,1,19.775,0,0,2023,May,Q2,Year2,NA
5/6/2023,Boise Low,White,4,24,9.75,24.3,17.025,0.705336799,1,1,14.55,0,0,2023,May,Q2,Year2,NA
5/7/2023,Boise Low,Black,4,24,11.125,21.625,16.375,0.287228132,1,1,10.5,0,0,2023,May,Q2,Year2,NA
5/7/2023,Boise Low,White,4,24,10.625,18.2,14.4125,0.103077641,1,1,7.575,0,0,2023,May,Q2,Year2,NA
5/8/2023,Boise Low,Black,4,24,9.375,25.95,17.6625,0.83603728,1,1,16.575,0,0,2023,May,Q2,Year2,NA
5/8/2023,Boise Low,White,4,24,9.225,21,15.1125,0.668798674,1,1,11.775,0,0,2023,May,Q2,Year2,NA
5/9/2023,Boise Low,Black,4,24,8.825,28.825,18.825,0.580947502,1,1,20,0,0,2023,May,Q2,Year2,NA
5/9/2023,Boise Low,White,4,24,8.55,23.35,15.95,0.587367006,1,1,14.8,0,0,2023,May,Q2,Year2,NA
5/10/2023,Boise Low,Black,4,24,10.75,33.75,22.25,1.212435565,1,1,23,0,0,2023,May,Q2,Year2,NA
5/10/2023,Boise Low,White,4,24,10.3,27.7,19,0.659545298,1,1,17.4,0,0,2023,May,Q2,Year2,NA
5/11/2023,Boise Low,Black,4,24,13.775,34.8,24.2875,1.30981869,1,1,21.025,0,0,2023,May,Q2,Year2,NA
5/11/2023,Boise Low,White,4,24,13.075,28.575,20.825,0.821076529,1,1,15.5,0,0,2023,May,Q2,Year2,NA
5/12/2023,Boise Low,Black,4,24,15.525,37.6,26.5625,1.30854563,1,1,22.075,0,0,2023,May,Q2,Year2,NA
5/12/2023,Boise Low,White,4,24,14.825,31.15,22.9875,0.750971593,1,1,16.325,0,0,2023,May,Q2,Year2,NA
5/13/2023,Boise Low,Black,4,24,17.4,38.3,27.85,1.077806414,1,1,20.9,0,0,2023,May,Q2,Year2,NA
5/13/2023,Boise Low,White,4,24,16.675,31.875,24.275,0.651280789,1,1,15.2,0,0,2023,May,Q2,Year2,NA
5/14/2023,Boise Low,Black,4,24,17.475,27,22.2375,0.660018939,1,1,9.525,0,0,2023,May,Q2,Year2,NA
5/14/2023,Boise Low,White,4,24,16.825,23.35,20.0875,0.286865241,1,1,6.525,0,0,2023,May,Q2,Year2,NA
5/15/2023,Boise Low,Black,4,24,15.2,31.875,23.5375,1.098009563,1,1,16.675,0,0,2023,May,Q2,Year2,NA
5/15/2023,Boise Low,White,4,24,14.75,26.6,20.675,0.189296945,1,1,11.85,0,0,2023,May,Q2,Year2,NA
5/16/2023,Boise Low,Black,4,10,15.475,18.4,16.9375,0.440407009,1,0,2.925,0,0,2023,May,Q2,Year2,NA
5/16/2023,Boise Low,White,4,10,15.275,17.7,16.4875,0.246221445,1,0,2.425,0,0,2023,May,Q2,Year2,NA
10/15/2021,Cheyenne,Black,4,6,5.774999976,11.875,8.824999988,0.42524514,1,0,6.100000024,0,0,2021,Oct,Q4,Year1,NA
10/15/2021,Cheyenne,White,4,6,4.724999905,8.649999857,6.687499881,0.661280217,1,0,3.924999952,0,0,2021,Oct,Q4,Year1,NA
10/16/2021,Cheyenne,Black,4,24,3.774999976,20.70000029,12.23750013,0.620987047,1,1,16.92500031,0,0,2021,Oct,Q4,Year1,NA
10/16/2021,Cheyenne,White,4,22.75,2.950000018,15.1500001,9.050000057,0.543139284,1,0,12.20000008,0,0,2021,Oct,Q4,Year1,NA
10/17/2021,Cheyenne,Black,4,24,6.399999976,21.0250001,13.71250004,0.638194143,1,1,14.62500012,0,0,2021,Oct,Q4,Year1,NA
10/17/2021,Cheyenne,White,4,22,5.225000143,16.22499967,10.7249999,0.433012702,1,0,10.99999952,0,0,2021,Oct,Q4,Year1,NA
10/18/2021,Cheyenne,Black,4,24,9.400000095,21.47500038,15.43750024,0.730724856,1,1,12.07500029,0,0,2021,Oct,Q4,Year1,NA
10/18/2021,Cheyenne,White,4,24,8.074999809,16.875,12.4749999,0.436844631,1,1,8.800000191,0,0,2021,Oct,Q4,Year1,NA
10/19/2021,Cheyenne,Black,4,24,4.825000048,11.12499976,7.974999905,0.629152996,1,1,6.299999714,0,0,2021,Oct,Q4,Year1,NA
10/19/2021,Cheyenne,White,4,22.75,4.299999952,9.475000143,6.887500048,0.432771951,1,0,5.175000191,0,0,2021,Oct,Q4,Year1,NA
10/20/2021,Cheyenne,Black,4,24,4.074999928,14.5,9.287499964,0.225000094,1,1,10.42500007,0,0,2021,Oct,Q4,Year1,NA
10/20/2021,Cheyenne,White,4,24,3.700000048,11.14999986,7.424999952,0.221735636,1,1,7.449999809,0,0,2021,Oct,Q4,Year1,NA
10/21/2021,Cheyenne,Black,4,24,4.074999928,15.57499981,9.824999869,0.232737266,1,1,11.49999988,0,0,2021,Oct,Q4,Year1,NA
10/21/2021,Cheyenne,White,4,24,3.449999988,12.04999995,7.74999997,0.208166735,1,1,8.599999964,0,0,2021,Oct,Q4,Year1,NA
10/22/2021,Cheyenne,Black,4,24,5.050000072,19.2249999,12.13749999,0.402854266,1,1,14.17499983,0,0,2021,Oct,Q4,Year1,NA
10/22/2021,Cheyenne,White,4,24,4.099999905,14.8499999,9.474999905,0.370809946,1,1,10.75,0,0,2021,Oct,Q4,Year1,NA
10/23/2021,Cheyenne,Black,4,24,7.199999928,12.20000005,9.699999988,0.191485592,1,1,5.000000119,0,0,2021,Oct,Q4,Year1,NA
10/23/2021,Cheyenne,White,4,24,5.999999881,9.974999905,7.987499893,0.075000008,1,1,3.975000024,0,0,2021,Oct,Q4,Year1,NA
10/24/2021,Cheyenne,Black,4,24,5.274999976,15.60000014,10.43750006,0.265753646,1,1,10.32500017,0,0,2021,Oct,Q4,Year1,NA
10/24/2021,Cheyenne,White,4,24,4.550000072,12,8.275000036,0.217945004,1,1,7.449999928,0,0,2021,Oct,Q4,Year1,NA
10/25/2021,Cheyenne,Black,4,24,5.125,15.8499999,10.48749995,0.319830724,1,1,10.7249999,0,0,2021,Oct,Q4,Year1,NA
10/25/2021,Cheyenne,White,4,24,4.199999988,12.57500005,8.387500018,0.14361414,1,1,8.37500006,0,0,2021,Oct,Q4,Year1,NA
10/26/2021,Cheyenne,Black,4,24,5.875,13.80000019,9.837500095,0.118145337,1,1,7.925000191,0,0,2021,Oct,Q4,Year1,NA
10/26/2021,Cheyenne,White,4,24,5.200000048,11,8.100000024,0.182574186,1,1,5.799999952,0,0,2021,Oct,Q4,Year1,NA
10/27/2021,Cheyenne,Black,4,24,3.49999994,11.04999995,7.274999946,0.259807737,1,1,7.550000012,0,0,2021,Oct,Q4,Year1,NA
10/27/2021,Cheyenne,White,4,24,3.074999988,8.650000095,5.862500042,0.170171469,1,1,5.575000107,0,0,2021,Oct,Q4,Year1,NA
10/28/2021,Cheyenne,Black,4,24,4.825000048,11.54999995,8.1875,0.213599922,1,1,6.724999905,0,0,2021,Oct,Q4,Year1,NA
10/28/2021,Cheyenne,White,4,24,4.299999952,9.375,6.837499976,0.085391326,1,1,5.075000048,0,0,2021,Oct,Q4,Year1,NA
10/29/2021,Cheyenne,Black,4,24,4.799999833,17.82500029,11.31250006,0.428903413,1,1,13.02500045,0,0,2021,Oct,Q4,Year1,NA
10/29/2021,Cheyenne,White,4,24,4.174999952,13.7750001,8.975000024,0.301385731,1,1,9.600000143,0,0,2021,Oct,Q4,Year1,NA
10/30/2021,Cheyenne,Black,4,24,7.174999952,14.50000024,10.8375001,0.309232945,1,1,7.325000286,0,0,2021,Oct,Q4,Year1,NA
10/30/2021,Cheyenne,White,4,24,5.899999976,11.70000005,8.800000012,0.285773809,1,1,5.800000072,0,0,2021,Oct,Q4,Year1,NA
10/31/2021,Cheyenne,Black,4,24,4.100000083,8.700000048,6.400000066,0.544670974,1,1,4.599999964,0,0,2021,Oct,Q4,Year1,NA
10/31/2021,Cheyenne,White,4,24,3.625,7.474999905,5.549999952,0.273861235,1,1,3.849999905,0,0,2021,Oct,Q4,Year1,NA
11/1/2021,Cheyenne,Black,4,24,2.524999976,3.900000036,3.212500006,0.585056943,1,1,1.37500006,1,0,2021,Nov,Q4,Year1,NA
11/1/2021,Cheyenne,White,4,24,2.600000024,3.5,3.050000012,0.279880937,1,1,0.899999976,1,1,2021,Nov,Q4,Year1,NA
11/2/2021,Cheyenne,Black,4,24,2.299999952,8.5,5.399999976,0.208166611,1,1,6.200000048,0,0,2021,Nov,Q4,Year1,NA
11/2/2021,Cheyenne,White,4,24,2.400000036,6.774999976,4.587500006,0.075000054,1,1,4.37499994,0,0,2021,Nov,Q4,Year1,NA
11/3/2021,Cheyenne,Black,4,24,2.450000018,12.42499995,7.437499985,0.1600782,1,1,9.974999934,0,0,2021,Nov,Q4,Year1,NA
11/3/2021,Cheyenne,White,4,24,2.149999976,9.049999952,5.599999964,0.173205007,1,1,6.899999976,0,0,2021,Nov,Q4,Year1,NA
11/4/2021,Cheyenne,Black,4,24,2.875,15.07500005,8.975000024,0.290114965,1,1,12.20000005,0,0,2021,Nov,Q4,Year1,NA
11/4/2021,Cheyenne,White,4,24,2.300000012,11.00000024,6.650000125,0.241522938,1,1,8.700000226,0,0,2021,Nov,Q4,Year1,NA
11/5/2021,Cheyenne,Black,4,24,4.799999952,14.67499995,9.737499952,0.271952668,1,1,9.875,0,0,2021,Nov,Q4,Year1,NA
11/5/2021,Cheyenne,White,4,24,3.899999976,11.45000005,7.675000012,0.295803942,1,1,7.550000072,0,0,2021,Nov,Q4,Year1,NA
11/6/2021,Cheyenne,Black,4,24,4.425000012,15.17500019,9.800000101,0.267706259,1,1,10.75000018,0,0,2021,Nov,Q4,Year1,NA
11/6/2021,Cheyenne,White,4,24,3.574999988,11.75,7.662499994,0.188745973,1,1,8.175000012,0,0,2021,Nov,Q4,Year1,NA
11/7/2021,Cheyenne,Black,4,24,5.299999952,15.2249999,10.26249993,0.271952661,1,1,9.924999952,0,0,2021,Nov,Q4,Year1,NA
11/7/2021,Cheyenne,White,4,24,4.375,12.07499981,8.224999905,0.266145354,1,1,7.699999809,0,0,2021,Nov,Q4,Year1,NA
11/8/2021,Cheyenne,Black,4,24,4.12499994,13.17499995,8.649999946,0.219848359,1,1,9.050000012,0,0,2021,Nov,Q4,Year1,NA
11/8/2021,Cheyenne,White,4,24,3.300000012,9.325000048,6.31250003,0.149303974,1,1,6.025000036,0,0,2021,Nov,Q4,Year1,NA
11/9/2021,Cheyenne,Black,4,24,2.724999964,11.43749976,7.081249863,0.055433958,1,1,8.712499797,0,0,2021,Nov,Q4,Year1,NA
11/9/2021,Cheyenne,White,4,24,1.974999994,8.349999964,5.162499979,0.103077713,1,1,6.37499997,0,0,2021,Nov,Q4,Year1,NA
11/10/2021,Cheyenne,Black,4,24,3.975000024,10,6.987500012,0.268870996,1,1,6.024999976,0,0,2021,Nov,Q4,Year1,NA
11/10/2021,Cheyenne,White,4,24,3.199999988,7.850000024,5.525000006,0.095742734,1,1,4.650000036,0,0,2021,Nov,Q4,Year1,NA
11/11/2021,Cheyenne,Black,4,24,1.875,7.625,4.75,0.279880902,1,1,5.75,0,0,2021,Nov,Q4,Year1,NA
11/11/2021,Cheyenne,White,4,24,1.325000018,5.599999905,3.462499961,0.062915326,1,1,4.274999887,0,0,2021,Nov,Q4,Year1,NA
11/12/2021,Cheyenne,Black,4,24,1.799999982,8.350000143,5.075000063,0.22546242,1,1,6.550000161,0,0,2021,Nov,Q4,Year1,NA
11/12/2021,Cheyenne,White,4,24,1.350000024,6.375,3.862500012,0.047871289,1,1,5.024999976,0,0,2021,Nov,Q4,Year1,NA
11/13/2021,Cheyenne,Black,4,24,5.149999976,10.87499976,8.012499869,0.188745818,1,1,5.724999785,0,0,2021,Nov,Q4,Year1,NA
11/13/2021,Cheyenne,White,4,24,4.424999952,9.150000095,6.787500024,0.205649496,1,1,4.725000143,0,0,2021,Nov,Q4,Year1,NA
11/14/2021,Cheyenne,Black,4,24,2.925000072,11.32499981,7.12499994,0.155456323,1,1,8.399999738,0,0,2021,Nov,Q4,Year1,NA
11/14/2021,Cheyenne,White,4,24,2.375,9.549999952,5.962499976,0.103077706,1,1,7.174999952,0,0,2021,Nov,Q4,Year1,NA
11/15/2021,Cheyenne,Black,4,24,7.5,12.875,10.1875,0.283945325,1,1,5.375,0,0,2021,Nov,Q4,Year1,NA
11/15/2021,Cheyenne,White,4,24,6.975000024,10.75,8.862500012,0.363719168,1,1,3.774999976,0,0,2021,Nov,Q4,Year1,NA
11/16/2021,Cheyenne,Black,4,24,6.000000119,11.29999995,8.650000036,0.204124145,1,1,5.299999833,0,0,2021,Nov,Q4,Year1,NA
11/16/2021,Cheyenne,White,4,24,5.450000048,9.75,7.600000024,0.141421446,1,1,4.299999952,0,0,2021,Nov,Q4,Year1,NA
11/17/2021,Cheyenne,Black,4,24,1.050000031,6.475000024,3.762500027,0.458938974,1,1,5.424999993,0,0,2021,Nov,Q4,Year1,NA
11/17/2021,Cheyenne,White,4,24,0.45000001,4.975000024,2.712500017,0.628987252,1,1,4.525000013,0,0,2021,Nov,Q4,Year1,NA
11/18/2021,Cheyenne,Black,4,24,-1.200000018,4.175000072,1.487500027,0.455292971,1,1,5.375000089,0,0,2021,Nov,Q4,Year1,NA
11/18/2021,Cheyenne,White,4,22,-1.250000015,1,-0.125000007,0.206155295,1,0,2.250000015,0,0,2021,Nov,Q4,Year1,NA
11/19/2021,Cheyenne,Black,4,24,2.12500003,10.12500024,6.125000134,0.221735611,1,1,8.000000209,0,0,2021,Nov,Q4,Year1,NA
11/19/2021,Cheyenne,White,4,24,0.825000003,7.875,4.350000001,0.362859071,1,1,7.049999997,0,0,2021,Nov,Q4,Year1,NA
11/20/2021,Cheyenne,Black,4,24,1.850000024,6.724999905,4.287499964,0.283945423,1,1,4.874999881,0,0,2021,Nov,Q4,Year1,NA
11/20/2021,Cheyenne,White,4,24,1.350000024,5.049999952,3.199999988,0.204124184,1,1,3.699999928,0,0,2021,Nov,Q4,Year1,NA
11/21/2021,Cheyenne,Black,4,24,0.575000009,8.449999928,4.512499969,0.193110559,1,1,7.87499992,0,0,2021,Nov,Q4,Year1,NA
11/21/2021,Cheyenne,White,4,24,0.300000001,5.475000024,2.887500012,0.131497775,1,1,5.175000023,0,0,2021,Nov,Q4,Year1,NA
11/22/2021,Cheyenne,Black,4,21.5,1.524999991,9.5,5.512499996,0.686021202,1,0,7.975000009,0,0,2021,Nov,Q4,Year1,NA
11/22/2021,Cheyenne,White,4,21.5,0.875000015,7.350000024,4.112500019,0.390245583,1,0,6.475000009,0,0,2021,Nov,Q4,Year1,NA
11/23/2021,Cheyenne,Black,4,24,1.574999988,9.724999905,5.649999946,0.158113977,1,1,8.149999917,0,0,2021,Nov,Q4,Year1,NA
11/23/2021,Cheyenne,White,4,24,0.999999978,7.450000048,4.225000013,0.184842355,1,1,6.45000007,0,0,2021,Nov,Q4,Year1,NA
11/24/2021,Cheyenne,Black,4,24,0.575000018,6,3.287500009,0.368273014,1,1,5.424999982,0,0,2021,Nov,Q4,Year1,NA
11/24/2021,Cheyenne,White,4,23.25,0.349999994,4.850000024,2.600000009,0.484768013,1,0,4.50000003,0,0,2021,Nov,Q4,Year1,NA
11/25/2021,Cheyenne,Black,4,24,-0.825000027,5.725000143,2.450000058,0.30276505,1,1,6.55000017,0,0,2021,Nov,Q4,Year1,NA
11/25/2021,Cheyenne,White,4,22.5,-1,3.049999952,1.024999976,0.246644115,1,0,4.049999952,0,0,2021,Nov,Q4,Year1,NA
11/26/2021,Cheyenne,Black,4,24,2.875,9.799999952,6.337499976,0.209662421,1,1,6.924999952,0,0,2021,Nov,Q4,Year1,NA
11/26/2021,Cheyenne,White,4,24,2.149999976,7.75,4.949999988,0.351188406,1,1,5.600000024,0,0,2021,Nov,Q4,Year1,NA
11/27/2021,Cheyenne,Black,4,24,2,7.925000072,4.962500036,0.217466521,1,1,5.925000072,0,0,2021,Nov,Q4,Year1,NA
11/27/2021,Cheyenne,White,4,24,1.349999994,5.924999952,3.637499973,0.197378677,1,1,4.574999958,0,0,2021,Nov,Q4,Year1,NA
11/28/2021,Cheyenne,Black,4,24,0.775,8.650000095,4.712500048,0.110867812,1,1,7.875000095,0,0,2021,Nov,Q4,Year1,NA
11/28/2021,Cheyenne,White,4,24,0.375,6.874999881,3.62499994,0.155456329,1,1,6.499999881,0,0,2021,Nov,Q4,Year1,NA
11/29/2021,Cheyenne,Black,4,24,5.474999905,11.55000019,8.512500048,0.340036739,1,1,6.075000286,0,0,2021,Nov,Q4,Year1,NA
11/29/2021,Cheyenne,White,4,24,4.774999976,9.650000095,7.212500036,0.314576463,1,1,4.875000119,0,0,2021,Nov,Q4,Year1,NA
11/30/2021,Cheyenne,Black,4,24,3.25,9.099999905,6.174999952,0.165831333,1,1,5.849999905,0,0,2021,Nov,Q4,Year1,NA
11/30/2021,Cheyenne,White,4,24,2.800000012,7.100000024,4.950000018,0.158113908,1,1,4.300000012,0,0,2021,Nov,Q4,Year1,NA
12/1/2021,Cheyenne,Black,4,24,5.024999976,11.5999999,8.31249994,0.24622142,1,1,6.574999928,0,0,2021,Dec,Q4,Year1,NA
12/1/2021,Cheyenne,White,4,24,4.449999928,9.799999952,7.12499994,0.253311232,1,1,5.350000024,0,0,2021,Dec,Q4,Year1,NA
12/2/2021,Cheyenne,Black,4,24,6.474999905,13.4000001,9.9375,0.325000029,1,1,6.925000191,0,0,2021,Dec,Q4,Year1,NA
12/2/2021,Cheyenne,White,4,24,5.949999928,11.27499986,8.612499893,0.366003175,1,1,5.324999928,0,0,2021,Dec,Q4,Year1,NA
12/3/2021,Cheyenne,Black,4,24,3.549999952,9.950000048,6.75,0.212132085,1,1,6.400000095,0,0,2021,Dec,Q4,Year1,NA
12/3/2021,Cheyenne,White,4,24,2.975000024,7.775000095,5.37500006,0.272335602,1,1,4.800000072,0,0,2021,Dec,Q4,Year1,NA
12/4/2021,Cheyenne,Black,4,24,2.149999976,10.54999995,6.349999964,0.115469978,1,1,8.399999976,0,0,2021,Dec,Q4,Year1,NA
12/4/2021,Cheyenne,White,4,24,1.399999991,8.450000048,4.925000019,0.165831305,1,1,7.050000057,0,0,2021,Dec,Q4,Year1,NA
12/5/2021,Cheyenne,Black,4,24,0.874999989,8.849999905,4.862499947,0.319830667,1,1,7.974999916,0,0,2021,Dec,Q4,Year1,NA
12/5/2021,Cheyenne,White,4,24,0.600000016,7.500000119,4.050000068,0.234520804,1,1,6.900000103,0,0,2021,Dec,Q4,Year1,NA
12/6/2021,Cheyenne,Black,4,24,-1.049999984,1.675000012,0.312500014,0.695671119,1,1,2.724999996,0,0,2021,Dec,Q4,Year1,NA
12/6/2021,Cheyenne,White,4,22.75,-1.125,0.625000004,-0.249999998,0.674536878,1,0,1.750000004,1,0,2021,Dec,Q4,Year1,NA
12/7/2021,Cheyenne,Black,4,24,0.475000016,6.474999905,3.474999961,0.236290823,1,1,5.999999888,0,0,2021,Dec,Q4,Year1,NA
12/7/2021,Cheyenne,White,4,24,0.200000007,4.75,2.475000003,0.184842213,1,1,4.549999993,0,0,2021,Dec,Q4,Year1,NA
12/8/2021,Cheyenne,Black,4,24,0.425000008,5.574999928,2.999999968,0.2645752,1,1,5.14999992,0,0,2021,Dec,Q4,Year1,NA
12/8/2021,Cheyenne,White,4,24,0.199999999,4.324999928,2.262499964,0.075000012,1,1,4.124999929,0,0,2021,Dec,Q4,Year1,NA
12/9/2021,Cheyenne,Black,4,24,2.25,4.375,3.3125,0.280995302,1,1,2.125,0,0,2021,Dec,Q4,Year1,NA
12/9/2021,Cheyenne,White,4,24,1.799999982,3.425000072,2.612500027,0.11086778,1,1,1.625000089,1,0,2021,Dec,Q4,Year1,NA
12/10/2021,Cheyenne,Black,4,24,-1.025000008,2.150000006,0.562499999,0.677464627,1,1,3.175000014,0,0,2021,Dec,Q4,Year1,NA
12/10/2021,Cheyenne,White,4,24,-0.900000006,1.674999982,0.387499988,0.512144176,1,1,2.574999988,0,0,2021,Dec,Q4,Year1,NA
12/11/2021,Cheyenne,Black,4,24,-2.074999958,0.025,-1.024999979,0.531507264,1,1,2.099999959,0,0,2021,Dec,Q4,Year1,NA
12/11/2021,Cheyenne,White,4,24,-2.150000006,-0.250000004,-1.200000005,0.334165643,1,1,1.900000002,1,0,2021,Dec,Q4,Year1,NA
12/12/2021,Cheyenne,Black,4,24,-0.350000003,5.350000143,2.50000007,0.129099484,1,1,5.700000146,0,0,2021,Dec,Q4,Year1,NA
12/12/2021,Cheyenne,White,4,24,-0.574999997,1.950000018,0.68750001,0.394493335,1,1,2.525000015,0,0,2021,Dec,Q4,Year1,NA
12/13/2021,Cheyenne,Black,4,24,-0.299999993,5.475000024,2.587500015,0.228673677,1,1,5.775000017,0,0,2021,Dec,Q4,Year1,NA
12/13/2021,Cheyenne,White,4,24,-0.475,2.775000036,1.150000018,0.273861288,1,1,3.250000035,0,0,2021,Dec,Q4,Year1,NA
12/14/2021,Cheyenne,Black,4,24,-0.250000004,5.200000048,2.475000022,0.155456269,1,1,5.450000051,0,0,2021,Dec,Q4,Year1,NA
12/14/2021,Cheyenne,White,4,24,-0.5,2.450000048,0.975000024,0.210158687,1,1,2.950000048,0,0,2021,Dec,Q4,Year1,NA
12/15/2021,Cheyenne,Black,4,24,-0.649999995,1.974999994,0.6625,0.453458916,1,1,2.624999989,0,0,2021,Dec,Q4,Year1,NA
12/15/2021,Cheyenne,White,4,24,-0.775000015,0.475000013,-0.150000001,0.329140304,1,1,1.250000028,1,0,2021,Dec,Q4,Year1,NA
12/16/2021,Cheyenne,Black,4,24,-2.50000003,1.74999997,-0.37500003,0.210158649,1,1,4.25,0,0,2021,Dec,Q4,Year1,NA
12/16/2021,Cheyenne,White,4,22.5,-2.725000024,0.375000007,-1.175000008,0.275378563,1,0,3.100000031,0,0,2021,Dec,Q4,Year1,NA
12/17/2021,Cheyenne,Black,4,24,-2.37500003,0.375000004,-1.000000013,0.449073126,1,1,2.750000034,0,0,2021,Dec,Q4,Year1,NA
12/17/2021,Cheyenne,White,4,23.5,-3.024999917,-0.175000001,-1.599999959,0.404145154,1,0,2.849999916,0,0,2021,Dec,Q4,Year1,NA
12/18/2021,Cheyenne,Black,4,24,-4.724999964,1.324999973,-1.699999996,0.348807487,1,1,6.049999937,0,0,2021,Dec,Q4,Year1,NA
12/18/2021,Cheyenne,White,4,20,-5.200000048,-0.199999997,-2.700000023,0.66080755,1,0,5.00000005,0,0,2021,Dec,Q4,Year1,NA
12/19/2021,Cheyenne,Black,4,24,-1.025000006,1.024999991,-7.45E-09,0.070710681,1,1,2.049999997,0,0,2021,Dec,Q4,Year1,NA
12/19/2021,Cheyenne,White,4,22,-1.75000003,0.275000006,-0.737500012,0.292617495,1,0,2.025000036,0,0,2021,Dec,Q4,Year1,NA
12/20/2021,Cheyenne,Black,4,24,-0.224999998,4.674999952,2.224999977,0.275378517,1,1,4.89999995,0,0,2021,Dec,Q4,Year1,NA
12/20/2021,Cheyenne,White,4,24,-0.425000004,1.749999985,0.66249999,0.402854404,1,1,2.17499999,0,0,2021,Dec,Q4,Year1,NA
12/21/2021,Cheyenne,Black,4,24,0.325000009,6.149999976,3.237499992,0.217466432,1,1,5.824999968,0,0,2021,Dec,Q4,Year1,NA
12/21/2021,Cheyenne,White,4,24,-0.075000001,3.174999952,1.549999976,0.540061701,1,1,3.249999953,0,0,2021,Dec,Q4,Year1,NA
12/22/2021,Cheyenne,Black,4,24,1.050000012,6.400000095,3.725000054,0.170782553,1,1,5.350000083,0,0,2021,Dec,Q4,Year1,NA
12/22/2021,Cheyenne,White,4,24,0.075000003,4.525000095,2.300000049,0.313581444,1,1,4.450000092,0,0,2021,Dec,Q4,Year1,NA
12/23/2021,Cheyenne,Black,4,24,2.274999976,6.75,4.512499988,0.149303891,1,1,4.475000024,0,0,2021,Dec,Q4,Year1,NA
12/23/2021,Cheyenne,White,4,24,1.474999994,5.350000024,3.412500009,0.268871041,1,1,3.87500003,0,0,2021,Dec,Q4,Year1,NA
12/24/2021,Cheyenne,Black,4,24,-0.300000001,4.75,2.225,0.287228072,1,1,5.050000001,0,0,2021,Dec,Q4,Year1,NA
12/24/2021,Cheyenne,White,4,24,-0.149999995,3.475000024,1.662500015,0.271952829,1,1,3.625000019,0,0,2021,Dec,Q4,Year1,NA
12/25/2021,Cheyenne,Black,4,24,-0.524999995,1.300000012,0.387500009,0.404917688,1,1,1.825000007,1,0,2021,Dec,Q4,Year1,NA
12/25/2021,Cheyenne,White,4,24,-0.275000008,0.625,0.174999996,0.392640634,1,1,0.900000008,1,1,2021,Dec,Q4,Year1,NA
12/26/2021,Cheyenne,Black,4,24,-0.475000003,0.975000009,0.250000003,0.662067462,1,1,1.450000012,1,0,2021,Dec,Q4,Year1,NA
12/26/2021,Cheyenne,White,4,24,-0.275000013,0.500000002,0.112499994,0.332603376,1,1,0.775000015,1,1,2021,Dec,Q4,Year1,NA
12/27/2021,Cheyenne,Black,4,24,-1.025000012,0.049999999,-0.487500006,0.638194073,1,1,1.07500001,1,0,2021,Dec,Q4,Year1,NA
12/27/2021,Cheyenne,White,4,24,-0.849999994,-0.050000001,-0.449999997,0.437797516,1,1,0.799999993,1,1,2021,Dec,Q4,Year1,NA
12/28/2021,Cheyenne,Black,4,24,-2.075000025,-0.349999998,-1.212500012,0.982662226,1,1,1.725000028,1,0,2021,Dec,Q4,Year1,NA
12/28/2021,Cheyenne,White,4,24,-1.899999991,-0.399999997,-1.149999994,0.597215768,1,1,1.499999994,1,0,2021,Dec,Q4,Year1,NA
12/29/2021,Cheyenne,Black,4,24,-2.925000042,-0.6,-1.762500021,1.136790103,1,1,2.325000042,0,0,2021,Dec,Q4,Year1,NA
12/29/2021,Cheyenne,White,4,24,-2.75,-0.725000013,-1.737500006,0.651120819,1,1,2.024999987,0,0,2021,Dec,Q4,Year1,NA
12/30/2021,Cheyenne,Black,4,24,-3.725000054,-0.500000015,-2.112500034,1.149909448,1,1,3.225000039,0,0,2021,Dec,Q4,Year1,NA
12/30/2021,Cheyenne,White,4,24,-3.774999976,-0.775000021,-2.274999999,0.705336761,1,1,2.999999955,0,0,2021,Dec,Q4,Year1,NA
12/31/2021,Cheyenne,Black,4,24,-2.699999988,-0.52500001,-1.612499999,0.781424996,1,1,2.174999978,0,0,2021,Dec,Q4,Year1,NA
12/31/2021,Cheyenne,White,4,24,-2.825000018,-1.025000006,-1.925000012,0.483907723,1,1,1.800000012,1,0,2021,Dec,Q4,Year1,NA
1/1/2022,Cheyenne,Black,4,24,-3.050000042,-1.699999988,-2.375000015,1.113927013,1,1,1.350000054,1,0,2022,Jan,Q1,Year1,NA
1/1/2022,Cheyenne,White,4,24,-3.225000024,-1.824999958,-2.524999991,0.531507271,1,1,1.400000066,1,0,2022,Jan,Q1,Year1,NA
1/2/2022,Cheyenne,Black,4,24,-3.075000018,-1.025000013,-2.050000016,0.88881948,1,1,2.050000004,0,0,2022,Jan,Q1,Year1,NA
1/2/2022,Cheyenne,White,4,24,-3.225000024,-1.200000003,-2.212500013,0.47324234,1,1,2.025000021,0,0,2022,Jan,Q1,Year1,NA
1/3/2022,Cheyenne,Black,4,24,-2.325000003,0.450000003,-0.9375,0.495605684,1,1,2.775000006,0,0,2022,Jan,Q1,Year1,NA
1/3/2022,Cheyenne,White,4,24,-2.24999997,-0.325000001,-1.287499986,0.271952801,1,1,1.924999969,1,0,2022,Jan,Q1,Year1,NA
1/4/2022,Cheyenne,Black,4,24,-1.974999994,0.250000002,-0.862499996,0.301039869,1,1,2.224999996,0,0,2022,Jan,Q1,Year1,NA
1/4/2022,Cheyenne,White,4,24,-2.574999988,-0.349999998,-1.462499993,0.197378664,1,1,2.22499999,0,0,2022,Jan,Q1,Year1,NA
1/5/2022,Cheyenne,Black,4,24,-3.175000072,-2.049999982,-2.612500027,1.167172548,1,1,1.125000089,1,0,2022,Jan,Q1,Year1,NA
1/5/2022,Cheyenne,White,4,24,-3.774999976,-2.674999952,-3.224999964,0.617116982,1,1,1.100000024,1,0,2022,Jan,Q1,Year1,NA
1/6/2022,Cheyenne,Black,4,24,-2.899999946,-1.29999999,-2.099999968,1.054356018,1,1,1.599999957,1,0,2022,Jan,Q1,Year1,NA
1/6/2022,Cheyenne,White,4,24,-3.349999964,-1.5,-2.424999982,0.766485459,1,1,1.849999964,1,0,2022,Jan,Q1,Year1,NA
1/7/2022,Cheyenne,Black,4,24,-1.224999979,0.825000027,-0.199999976,0.738241178,1,1,2.050000006,0,0,2022,Jan,Q1,Year1,NA
1/7/2022,Cheyenne,White,4,24,-1.399999976,-0.225000001,-0.812499989,0.239356773,1,1,1.174999975,1,0,2022,Jan,Q1,Year1,NA
1/8/2022,Cheyenne,Black,4,24,-1.074999992,0.500000004,-0.287499994,0.625000006,1,1,1.574999996,1,0,2022,Jan,Q1,Year1,NA
1/8/2022,Cheyenne,White,4,24,-2.324999928,-0.225000001,-1.274999965,0.800520627,1,1,2.099999927,0,0,2022,Jan,Q1,Year1,NA
1/9/2022,Cheyenne,Black,4,24,-3.549999982,-0.049999997,-1.79999999,0.985731543,1,1,3.499999985,0,0,2022,Jan,Q1,Year1,NA
1/9/2022,Cheyenne,White,4,24,-4.799999952,-0.774999991,-2.787499972,0.986893264,1,1,4.024999961,0,0,2022,Jan,Q1,Year1,NA
1/10/2022,Cheyenne,Black,4,24,-2.74999997,0.925000047,-0.912499961,0.653675514,1,1,3.675000018,0,0,2022,Jan,Q1,Year1,NA
1/10/2022,Cheyenne,White,4,24,-4.075000048,-0.174999993,-2.12500002,0.630476034,1,1,3.900000054,0,0,2022,Jan,Q1,Year1,NA
1/11/2022,Cheyenne,Black,4,24,-1.524999991,0.400000012,-0.56249999,0.752080429,1,1,1.925000003,1,0,2022,Jan,Q1,Year1,NA
1/11/2022,Cheyenne,White,4,24,-2.87499997,-0.250000002,-1.562499986,0.390245637,1,1,2.624999968,0,0,2022,Jan,Q1,Year1,NA
1/12/2022,Cheyenne,Black,4,24,-1.450000003,1.549999986,0.049999991,1.017349507,1,1,2.999999989,0,0,2022,Jan,Q1,Year1,NA
1/12/2022,Cheyenne,White,4,24,-2.699999988,0.275000006,-1.212499991,0.35207715,1,1,2.974999994,0,0,2022,Jan,Q1,Year1,NA
1/13/2022,Cheyenne,Black,4,24,-0.374999989,3.675000036,1.650000024,1.971040353,1,1,4.050000025,0,0,2022,Jan,Q1,Year1,NA
1/13/2022,Cheyenne,White,4,24,-0.325000003,1.599999957,0.637499977,0.634264638,1,1,1.92499996,1,0,2022,Jan,Q1,Year1,NA
1/14/2022,Cheyenne,Black,4,24,-0.699999996,0.499999996,-0.1,0.564210353,1,1,1.199999992,1,0,2022,Jan,Q1,Year1,NA
1/14/2022,Cheyenne,White,4,24,-1.424999982,0.125000002,-0.64999999,0.216024668,1,1,1.549999984,1,0,2022,Jan,Q1,Year1,NA
1/15/2022,Cheyenne,Black,4,24,-3.375,1.375000007,-0.999999996,0.868907369,1,1,4.750000007,0,0,2022,Jan,Q1,Year1,NA
1/15/2022,Cheyenne,White,4,24,-4.775000095,0.124999998,-2.325000049,0.064549794,1,1,4.900000094,0,0,2022,Jan,Q1,Year1,NA
1/16/2022,Cheyenne,Black,4,24,-0.275000006,2.099999994,0.912499994,0.667551483,1,1,2.375,0,0,2022,Jan,Q1,Year1,NA
1/16/2022,Cheyenne,White,4,24,-1.449999988,0.250000004,-0.599999992,0.204124145,1,1,1.699999992,1,0,2022,Jan,Q1,Year1,NA
1/17/2022,Cheyenne,Black,4,24,-0.649999991,1.950000033,0.650000021,0.552268058,1,1,2.600000024,0,0,2022,Jan,Q1,Year1,NA
1/17/2022,Cheyenne,White,4,24,-2.174999982,0.350000001,-0.91249999,0.175000009,1,1,2.524999984,0,0,2022,Jan,Q1,Year1,NA
1/18/2022,Cheyenne,Black,4,24,0.324999996,4.099999964,2.21249998,0.573548882,1,1,3.774999969,0,0,2022,Jan,Q1,Year1,NA
1/18/2022,Cheyenne,White,4,24,-0.025,1.274999976,0.624999988,0.421307467,1,1,1.299999977,1,0,2022,Jan,Q1,Year1,NA
1/19/2022,Cheyenne,Black,4,24,-1.074999996,0.324999996,-0.375,0.542371322,1,1,1.399999991,1,0,2022,Jan,Q1,Year1,NA
1/19/2022,Cheyenne,White,4,24,-1.550000012,-0.025000002,-0.787500007,0.413067813,1,1,1.52500001,1,0,2022,Jan,Q1,Year1,NA
1/20/2022,Cheyenne,Black,4,24,-3.125,1.249999985,-0.937500007,0.421060176,1,1,4.374999985,0,0,2022,Jan,Q1,Year1,NA
1/20/2022,Cheyenne,White,4,24,-2.774999976,-0.224999998,-1.499999987,0.234520772,1,1,2.549999978,0,0,2022,Jan,Q1,Year1,NA
1/21/2022,Cheyenne,Black,4,24,-0.700000018,0.275000008,-0.212500005,0.131497793,1,1,0.975000026,1,1,2022,Jan,Q1,Year1,NA
1/21/2022,Cheyenne,White,4,24,-2.600000024,-0.150000006,-1.375000015,0.210158691,1,1,2.450000018,0,0,2022,Jan,Q1,Year1,NA
1/22/2022,Cheyenne,Black,4,24,-3.849999964,0.975000024,-1.43749997,0.434693344,1,1,4.824999988,0,0,2022,Jan,Q1,Year1,NA
1/22/2022,Cheyenne,White,4,24,-5.549999952,-0.199999997,-2.874999975,0.064549748,1,1,5.349999955,0,0,2022,Jan,Q1,Year1,NA
1/23/2022,Cheyenne,Black,4,24,-2.200000018,2.550000012,0.174999997,0.457347448,1,1,4.75000003,0,0,2022,Jan,Q1,Year1,NA
1/23/2022,Cheyenne,White,4,24,-3.875,0.425000004,-1.724999998,0.25331144,1,1,4.300000004,0,0,2022,Jan,Q1,Year1,NA
1/24/2022,Cheyenne,Black,4,24,-1.400000006,1.49999997,0.049999982,0.273861268,1,1,2.899999976,0,0,2022,Jan,Q1,Year1,NA
1/24/2022,Cheyenne,White,4,24,-3.150000036,0.050000006,-1.550000015,0.20412414,1,1,3.200000042,0,0,2022,Jan,Q1,Year1,NA
1/25/2022,Cheyenne,Black,4,24,-0.999999978,0.100000001,-0.449999988,0.657013424,1,1,1.099999979,1,0,2022,Jan,Q1,Year1,NA
1/25/2022,Cheyenne,White,4,24,-1.475000024,-0.57500001,-1.025000017,0.386221027,1,1,0.900000013,1,1,2022,Jan,Q1,Year1,NA
1/26/2022,Cheyenne,Black,4,24,-3.75,0.324999996,-1.712500002,1.154971178,1,1,4.074999996,0,0,2022,Jan,Q1,Year1,NA
1/26/2022,Cheyenne,White,4,24,-2.949999928,-0.974999979,-1.962499954,0.561805093,1,1,1.974999949,1,0,2022,Jan,Q1,Year1,NA
1/27/2022,Cheyenne,Black,4,24,-2.924999952,-0.275000002,-1.599999977,0.756086385,1,1,2.64999995,0,0,2022,Jan,Q1,Year1,NA
1/27/2022,Cheyenne,White,4,24,-3.24999994,-1.049999982,-2.149999961,1.135781628,1,1,2.199999958,0,0,2022,Jan,Q1,Year1,NA
1/28/2022,Cheyenne,Black,4,24,-3.675000012,0.324999999,-1.675000006,0.517204036,1,1,4.000000011,0,0,2022,Jan,Q1,Year1,NA
1/28/2022,Cheyenne,White,4,24,-3.825000048,-0.799999997,-2.312500022,0.863495852,1,1,3.025000051,0,0,2022,Jan,Q1,Year1,NA
1/29/2022,Cheyenne,Black,4,24,-2.75,1.775,-0.4875,0.607419382,1,1,4.525,0,0,2022,Jan,Q1,Year1,NA
1/29/2022,Cheyenne,White,4,24,-3.200000048,-0.20000001,-1.700000029,0.3488075,1,1,3.000000037,0,0,2022,Jan,Q1,Year1,NA
1/30/2022,Cheyenne,Black,4,24,-2.700000018,3.850000054,0.575000018,0.939414749,1,1,6.550000072,0,0,2022,Jan,Q1,Year1,NA
1/30/2022,Cheyenne,White,4,24,-4.700000167,0.475000016,-2.112500075,0.409013071,1,1,5.175000183,0,0,2022,Jan,Q1,Year1,NA
1/31/2022,Cheyenne,Black,4,24,-0.750000022,2.724999964,0.987499971,0.201556448,1,1,3.474999987,0,0,2022,Jan,Q1,Year1,NA
1/31/2022,Cheyenne,White,4,24,-2.699999988,0.575000018,-1.062499985,0.390245639,1,1,3.275000006,0,0,2022,Jan,Q1,Year1,NA
2/1/2022,Cheyenne,Black,4,24,-1.449999988,-0.099999998,-0.774999993,0.30686588,1,1,1.34999999,1,0,2022,Feb,Q1,Year1,NA
2/1/2022,Cheyenne,White,4,24,-3.200000048,-0.424999988,-1.812500018,0.390245654,1,1,2.77500006,0,0,2022,Feb,Q1,Year1,NA
2/2/2022,Cheyenne,Black,4,24,-0.774999991,-0.300000003,-0.537499997,0.30379542,1,1,0.474999988,1,1,2022,Feb,Q1,Year1,NA
2/2/2022,Cheyenne,White,4,24,-1.74999997,-1.199999988,-1.474999979,0.221735544,1,1,0.549999982,1,1,2022,Feb,Q1,Year1,NA
2/3/2022,Cheyenne,Black,4,24,-1.575000018,-0.750000007,-1.162500013,0.487125941,1,1,0.82500001,1,1,2022,Feb,Q1,Year1,NA
2/3/2022,Cheyenne,White,4,24,-2.75,-1.75000003,-2.250000015,0.334165639,1,1,0.99999997,1,1,2022,Feb,Q1,Year1,NA
2/4/2022,Cheyenne,Black,4,24,-1.900000006,-0.674999997,-1.287500001,0.466145539,1,1,1.225000009,1,0,2022,Feb,Q1,Year1,NA
2/4/2022,Cheyenne,White,4,24,-3.025000036,-1.474999994,-2.250000015,0.251661157,1,1,1.550000042,1,0,2022,Feb,Q1,Year1,NA
2/5/2022,Cheyenne,Black,4,24,-1.724999964,0.850000024,-0.43749997,0.16520188,1,1,2.574999988,0,0,2022,Feb,Q1,Year1,NA
2/5/2022,Cheyenne,White,4,24,-2.625,-0.049999999,-1.337499999,0.149303903,1,1,2.575000001,0,0,2022,Feb,Q1,Year1,NA
2/6/2022,Cheyenne,Black,4,24,-2.325000048,1.225,-0.550000024,0.362859027,1,1,3.550000047,0,0,2022,Feb,Q1,Year1,NA
2/6/2022,Cheyenne,White,4,24,-3.75,-0.199999997,-1.974999999,0.119023777,1,1,3.550000003,0,0,2022,Feb,Q1,Year1,NA
2/7/2022,Cheyenne,Black,4,24,-3.24999994,2.499999955,-0.374999993,0.618465831,1,1,5.749999896,0,0,2022,Feb,Q1,Year1,NA
2/7/2022,Cheyenne,White,4,24,-5.225000143,0.300000016,-2.462500064,0.28394541,1,1,5.525000159,0,0,2022,Feb,Q1,Year1,NA
2/8/2022,Cheyenne,Black,4,24,-0.200000007,3.524999976,1.662499985,0.881641452,1,1,3.724999983,0,0,2022,Feb,Q1,Year1,NA
2/8/2022,Cheyenne,White,4,24,-1.100000024,0.574999992,-0.262500016,0.295451638,1,1,1.675000016,1,0,2022,Feb,Q1,Year1,NA
2/9/2022,Cheyenne,Black,4,24,-0.975000009,4.550000012,1.787500001,0.592135978,1,1,5.525000021,0,0,2022,Feb,Q1,Year1,NA
2/9/2022,Cheyenne,White,4,24,-2.174999982,1.025000006,-0.574999988,0.352372891,1,1,3.199999988,0,0,2022,Feb,Q1,Year1,NA
2/10/2022,Cheyenne,Black,4,24,-0.374999996,4.725000143,2.175000073,0.165831264,1,1,5.100000139,0,0,2022,Feb,Q1,Year1,NA
2/10/2022,Cheyenne,White,4,24,-0.875000009,1.424999971,0.274999981,0.499165962,1,1,2.29999998,0,0,2022,Feb,Q1,Year1,NA
2/11/2022,Cheyenne,Black,4,24,-0.475000005,1.174999997,0.349999996,0.460072462,1,1,1.650000002,1,0,2022,Feb,Q1,Year1,NA
2/11/2022,Cheyenne,White,4,24,-1.275000013,0.275000002,-0.500000006,0.397911219,1,1,1.550000016,1,0,2022,Feb,Q1,Year1,NA
2/12/2022,Cheyenne,Black,4,24,-3.049999952,0.600000009,-1.224999972,0.466368986,1,1,3.649999961,0,0,2022,Feb,Q1,Year1,NA
2/12/2022,Cheyenne,White,4,24,-5.125,-0.275000004,-2.700000002,0.108012374,1,1,4.849999996,0,0,2022,Feb,Q1,Year1,NA
2/13/2022,Cheyenne,Black,4,24,-2.424999982,3.550000012,0.562500015,0.619643696,1,1,5.974999994,0,0,2022,Feb,Q1,Year1,NA
2/13/2022,Cheyenne,White,4,24,-4.675000072,1.24999998,-1.712500046,0.396600193,1,1,5.925000051,0,0,2022,Feb,Q1,Year1,NA
2/14/2022,Cheyenne,Black,4,24,-0.774999976,5.450000107,2.337500066,0.436606252,1,1,6.225000083,0,0,2022,Feb,Q1,Year1,NA
2/14/2022,Cheyenne,White,4,24,-2.075000018,1.724999949,-0.175000034,0.485626703,1,1,3.799999967,0,0,2022,Feb,Q1,Year1,NA
2/15/2022,Cheyenne,Black,4,24,-0.049999999,8.149999976,4.049999989,0.456435541,1,1,8.199999975,0,0,2022,Feb,Q1,Year1,NA
2/15/2022,Cheyenne,White,4,24,-0.42499999,2.625,1.100000005,0.635085294,1,1,3.04999999,0,0,2022,Feb,Q1,Year1,NA
2/16/2022,Cheyenne,Black,4,24,0.250000007,1.550000012,0.90000001,0.430116265,1,1,1.300000004,1,0,2022,Feb,Q1,Year1,NA
2/16/2022,Cheyenne,White,4,24,-0.125000002,0.100000001,-0.0125,0.301039869,1,1,0.225000003,1,1,2022,Feb,Q1,Year1,NA
2/17/2022,Cheyenne,Black,4,24,-0.224999996,0.375000007,0.075000006,0.370809936,1,1,0.600000003,1,1,2022,Feb,Q1,Year1,NA
2/17/2022,Cheyenne,White,4,24,-0.899999982,-0.049999999,-0.47499999,0.561990494,1,1,0.849999983,1,1,2022,Feb,Q1,Year1,NA
2/18/2022,Cheyenne,Black,4,24,-1.25000003,2.25,0.499999985,0.168325069,1,1,3.50000003,0,0,2022,Feb,Q1,Year1,NA
2/18/2022,Cheyenne,White,4,24,-1.674999997,0.149999997,-0.7625,0.574999988,1,1,1.824999994,1,0,2022,Feb,Q1,Year1,NA
2/19/2022,Cheyenne,Black,4,24,-0.775000021,4.574999958,1.899999969,0.903696086,1,1,5.349999979,0,0,2022,Feb,Q1,Year1,NA
2/19/2022,Cheyenne,White,4,24,-2.37499997,1.550000004,-0.412499983,0.413067734,1,1,3.924999975,0,0,2022,Feb,Q1,Year1,NA
2/20/2022,Cheyenne,Black,4,24,0.57500001,9.075000167,4.825000089,0.505799697,1,1,8.500000156,0,0,2022,Feb,Q1,Year1,NA
2/20/2022,Cheyenne,White,4,24,0.050000001,4.274999976,2.162499988,0.652399376,1,1,4.224999975,0,0,2022,Feb,Q1,Year1,NA
2/21/2022,Cheyenne,Black,4,24,-4.550000012,1.625,-1.462500006,0.801431008,1,1,6.175000012,0,0,2022,Feb,Q1,Year1,NA
2/21/2022,Cheyenne,White,4,24,-6.524999857,0.049999999,-3.237499929,0.451617507,1,1,6.574999856,0,0,2022,Feb,Q1,Year1,NA
2/22/2022,Cheyenne,Black,4,24,-7.374999881,-3.199999928,-5.287499905,0.901272292,1,1,4.174999952,0,0,2022,Feb,Q1,Year1,NA
2/22/2022,Cheyenne,White,4,24,-9.549999952,-5.625000119,-7.587500036,0.606045943,1,1,3.924999833,0,0,2022,Feb,Q1,Year1,NA
2/23/2022,Cheyenne,Black,4,24,-6.849999905,-4.174999952,-5.512499928,0.42106012,1,1,2.674999952,0,0,2022,Feb,Q1,Year1,NA
2/23/2022,Cheyenne,White,4,24,-8.700000286,-5.850000143,-7.275000215,0.337885448,1,1,2.850000143,0,0,2022,Feb,Q1,Year1,NA
2/24/2022,Cheyenne,Black,4,24,-7.449999928,-1.725000009,-4.587499969,0.33509946,1,1,5.72499992,0,0,2022,Feb,Q1,Year1,NA
2/24/2022,Cheyenne,White,4,24,-8.949999809,-3.349999964,-6.149999887,0.147196063,1,1,5.599999845,0,0,2022,Feb,Q1,Year1,NA
2/25/2022,Cheyenne,Black,4,24,-8.250000238,0,-4.125000119,0.563471387,1,1,8.250000238,0,0,2022,Feb,Q1,Year1,NA
2/25/2022,Cheyenne,White,4,24,-9.099999905,-2.200000018,-5.649999961,0.147196063,1,1,6.899999887,0,0,2022,Feb,Q1,Year1,NA
2/26/2022,Cheyenne,Black,4,24,-8.5,0.450000018,-4.024999991,0.819044093,1,1,8.950000018,0,0,2022,Feb,Q1,Year1,NA
2/26/2022,Cheyenne,White,4,24,-10.0999999,-1.449999988,-5.774999946,0.155456361,1,1,8.649999917,0,0,2022,Feb,Q1,Year1,NA
2/27/2022,Cheyenne,Black,4,24,-4.87500006,3.675000027,-0.600000016,1.305756505,1,1,8.550000086,0,0,2022,Feb,Q1,Year1,NA
2/27/2022,Cheyenne,White,4,24,-7.200000048,0.699999999,-3.250000024,0.41231063,1,1,7.900000047,0,0,2022,Feb,Q1,Year1,NA
2/28/2022,Cheyenne,Black,4,24,0.025000002,6.400000095,3.212500049,0.956883045,1,1,6.375000093,0,0,2022,Feb,Q1,Year1,NA
2/28/2022,Cheyenne,White,4,24,-1.025,2.75,0.8625,0.745402559,1,1,3.775,0,0,2022,Feb,Q1,Year1,NA
3/1/2022,Cheyenne,Black,4,24,0.475000009,8.100000024,4.287500016,0.503942796,1,1,7.625000015,0,0,2022,Mar,Q1,Year1,NA
3/1/2022,Cheyenne,White,4,24,0.15,5.674999952,2.912499976,0.647269919,1,1,5.524999952,0,0,2022,Mar,Q1,Year1,NA
3/2/2022,Cheyenne,Black,4,24,1.799999982,10.19999981,5.999999896,0.558271132,1,1,8.399999827,0,0,2022,Mar,Q1,Year1,NA
3/2/2022,Cheyenne,White,4,24,1.04999999,7.924999952,4.487499971,0.806613347,1,1,6.874999963,0,0,2022,Mar,Q1,Year1,NA
3/3/2022,Cheyenne,Black,4,23.75,1.425000012,12.92499995,7.174999982,0.45734726,1,0,11.49999994,0,0,2022,Mar,Q1,Year1,NA
3/3/2022,Cheyenne,White,4,24,0.400000006,9.850000143,5.125000075,0.868427814,1,1,9.450000137,0,0,2022,Mar,Q1,Year1,NA
3/4/2022,Cheyenne,Black,4,24,1.650000006,10.45000005,6.050000027,0.369684534,1,1,8.800000042,0,0,2022,Mar,Q1,Year1,NA
3/4/2022,Cheyenne,White,4,24,0.550000016,7.575000167,4.062500091,0.733001918,1,1,7.025000151,0,0,2022,Mar,Q1,Year1,NA
3/5/2022,Cheyenne,Black,4,24,0.825000003,4.549999952,2.687499978,0.286865278,1,1,3.724999949,0,0,2022,Mar,Q1,Year1,NA
3/5/2022,Cheyenne,White,4,24,0.400000006,3,1.700000003,0.439696846,1,1,2.599999994,0,0,2022,Mar,Q1,Year1,NA
3/6/2022,Cheyenne,Black,4,24,3.73E-09,0.825000003,0.412500003,0.330088381,1,1,0.824999999,1,1,2022,Mar,Q1,Year1,NA
3/6/2022,Cheyenne,White,4,24,-0.200000007,0.325000007,0.0625,0.432772077,1,1,0.525000013,1,1,2022,Mar,Q1,Year1,NA
3/7/2022,Cheyenne,Black,4,24,-2.074999973,3.000000089,0.462500058,0.262599216,1,1,5.075000063,0,0,2022,Mar,Q1,Year1,NA
3/7/2022,Cheyenne,White,4,24,-1.875,0.025,-0.925,0.583809322,1,1,1.9,1,0,2022,Mar,Q1,Year1,NA
3/8/2022,Cheyenne,Black,4,24,-4.00000006,3.149999917,-0.425000072,0.427200189,1,1,7.149999976,0,0,2022,Mar,Q1,Year1,NA
3/8/2022,Cheyenne,White,4,24,-4.50000006,0.125000002,-2.187500029,0.528165108,1,1,4.625000061,0,0,2022,Mar,Q1,Year1,NA
3/9/2022,Cheyenne,Black,4,24,-0.174999997,0.125,-0.024999999,0.352372908,1,1,0.299999997,1,1,2022,Mar,Q1,Year1,NA
3/9/2022,Cheyenne,White,4,24,-1.099999983,-0.225000003,-0.662499993,0.585056969,1,1,0.87499998,1,1,2022,Mar,Q1,Year1,NA
3/10/2022,Cheyenne,Black,4,24,-1.124999981,-0.125000007,-0.624999994,0.71004694,1,1,0.999999974,1,1,2022,Mar,Q1,Year1,NA
3/10/2022,Cheyenne,White,4,24,-2.150000036,-0.850000009,-1.500000022,0.533853909,1,1,1.300000027,1,0,2022,Mar,Q1,Year1,NA
3/11/2022,Cheyenne,Black,4,24,-2.075000037,-0.200000003,-1.13750002,0.891043411,1,1,1.875000034,1,0,2022,Mar,Q1,Year1,NA
3/11/2022,Cheyenne,White,4,24,-3.474999964,-0.750000015,-2.11249999,0.442295172,1,1,2.724999949,0,0,2022,Mar,Q1,Year1,NA
3/12/2022,Cheyenne,Black,4,24,-2.024999961,3.700000063,0.837500051,0.572094141,1,1,5.725000024,0,0,2022,Mar,Q1,Year1,NA
3/12/2022,Cheyenne,White,4,24,-3.550000072,1.149999991,-1.20000004,0.450924983,1,1,4.700000063,0,0,2022,Mar,Q1,Year1,NA
3/13/2022,Cheyenne,Black,4,23.75,0.125,11.4749999,5.799999952,1.08781129,1,0,11.3499999,0,0,2022,Mar,Q1,Year1,NA
3/13/2022,Cheyenne,White,4,24,-0.075000003,5.899999976,2.912499987,0.634264649,1,1,5.974999979,0,0,2022,Mar,Q1,Year1,NA
3/14/2022,Cheyenne,Black,4,23.25,0.524999995,12.10000014,6.312500069,0.209662396,1,0,11.57500015,0,0,2022,Mar,Q1,Year1,NA
3/14/2022,Cheyenne,White,4,24,-3.73E-09,7.274999857,3.637499927,0.512144135,1,1,7.274999861,0,0,2022,Mar,Q1,Year1,NA
3/15/2022,Cheyenne,Black,4,23.25,0.75,13.55000019,7.150000095,0.267706276,1,0,12.80000019,0,0,2022,Mar,Q1,Year1,NA
3/15/2022,Cheyenne,White,4,24,-0.224999996,9.325000167,4.550000085,0.628490242,1,1,9.550000163,0,0,2022,Mar,Q1,Year1,NA
3/16/2022,Cheyenne,Black,4,23.75,3.525000036,11.2750001,7.400000066,0.212131973,1,0,7.75000006,0,0,2022,Mar,Q1,Year1,NA
3/16/2022,Cheyenne,White,4,24,1.649999961,7.725000024,4.687499993,0.753187624,1,1,6.075000063,0,0,2022,Mar,Q1,Year1,NA
3/17/2022,Cheyenne,Black,4,24,1.875,8.599999785,5.237499893,1.874999972,1,1,6.724999785,0,0,2022,Mar,Q1,Year1,NA
3/17/2022,Cheyenne,White,4,24,0.800000012,5.474999964,3.137499988,0.980114758,1,1,4.674999952,0,0,2022,Mar,Q1,Year1,NA
3/18/2022,Cheyenne,Black,4,22.5,0.275000006,11.77499986,6.024999931,0.614410134,1,0,11.49999985,0,0,2022,Mar,Q1,Year1,NA
3/18/2022,Cheyenne,White,4,23,-0.575000003,5.774999976,2.599999987,0.843603424,1,0,6.349999979,0,0,2022,Mar,Q1,Year1,NA
3/19/2022,Cheyenne,Black,4,23,0.974999994,13.4000001,7.187500045,0.76417176,1,0,12.4250001,0,0,2022,Mar,Q1,Year1,NA
3/19/2022,Cheyenne,White,4,24,-0.050000006,8.700000048,4.325000021,0.57373048,1,1,8.750000054,0,0,2022,Mar,Q1,Year1,NA
3/20/2022,Cheyenne,Black,4,23.5,2.049999982,14.85000014,8.450000063,0.620483689,1,0,12.80000016,0,0,2022,Mar,Q1,Year1,NA
3/20/2022,Cheyenne,White,4,24,0.824999996,11.0999999,5.96249995,0.535996099,1,1,10.27499991,0,0,2022,Mar,Q1,Year1,NA
3/21/2022,Cheyenne,Black,4,24,2.299999982,7.699999928,4.999999955,0.297209236,1,1,5.399999946,0,0,2022,Mar,Q1,Year1,NA
3/21/2022,Cheyenne,White,4,24,1.199999988,5.550000072,3.37500003,0.337885651,1,1,4.350000083,0,0,2022,Mar,Q1,Year1,NA
3/22/2022,Cheyenne,Black,4,24,0.400000012,4.24999994,2.324999976,0.396862654,1,1,3.849999929,0,0,2022,Mar,Q1,Year1,NA
3/22/2022,Cheyenne,White,4,24,-0.399999991,1.525000006,0.562500007,0.404917705,1,1,1.924999997,1,0,2022,Mar,Q1,Year1,NA
3/23/2022,Cheyenne,Black,4,24,0.325000009,9.575000048,4.950000028,0.264575072,1,1,9.250000039,0,0,2022,Mar,Q1,Year1,NA
3/23/2022,Cheyenne,White,4,24,-0.250000007,6.299999952,3.024999972,0.352372885,1,1,6.54999996,0,0,2022,Mar,Q1,Year1,NA
3/24/2022,Cheyenne,Black,4,23,1.400000036,13.54999995,7.474999994,0.719374726,1,0,12.14999992,0,0,2022,Mar,Q1,Year1,NA
3/24/2022,Cheyenne,White,4,24,0.525000006,11.35000014,5.937500075,0.49392147,1,1,10.82500014,0,0,2022,Mar,Q1,Year1,NA
3/25/2022,Cheyenne,Black,4,22.5,1.950000048,15.22499967,8.587499857,0.458938705,1,0,13.27499962,0,0,2022,Mar,Q1,Year1,NA
3/25/2022,Cheyenne,White,4,24,1.050000019,11.0999999,6.074999962,0.403112969,1,1,10.04999989,0,0,2022,Mar,Q1,Year1,NA
3/26/2022,Cheyenne,Black,4,22.5,3.87499994,15.95000005,9.912499994,1.094208121,1,0,12.07500011,0,0,2022,Mar,Q1,Year1,NA
3/26/2022,Cheyenne,White,4,24,2.350000024,14.04999995,8.199999988,0.465474685,1,1,11.69999993,0,0,2022,Mar,Q1,Year1,NA
3/27/2022,Cheyenne,Black,4,23.25,3.125,19.02499962,11.07499981,0.523609297,1,0,15.89999962,0,0,2022,Mar,Q1,Year1,NA
3/27/2022,Cheyenne,White,4,24,1.800000012,14.77499962,8.287499815,0.440407016,1,1,12.97499961,0,0,2022,Mar,Q1,Year1,NA
3/28/2022,Cheyenne,Black,4,23.25,6.674999952,17.0250001,11.85000002,0.717634819,1,0,10.35000014,0,0,2022,Mar,Q1,Year1,NA
3/28/2022,Cheyenne,White,4,24,4.975000024,14.45000029,9.712500155,0.497284229,1,1,9.475000262,0,0,2022,Mar,Q1,Year1,NA
3/29/2022,Cheyenne,Black,4,24,3.775000036,10.75,7.262500018,0.332603527,1,1,6.974999964,0,0,2022,Mar,Q1,Year1,NA
3/29/2022,Cheyenne,White,4,24,3.00000006,9,6.00000003,0.393700351,1,1,5.99999994,0,0,2022,Mar,Q1,Year1,NA
3/30/2022,Cheyenne,Black,4,24,0.725000005,7.075000048,3.900000026,0.187082866,1,1,6.350000042,0,0,2022,Mar,Q1,Year1,NA
3/30/2022,Cheyenne,White,4,24,0.224999998,4.724999905,2.474999951,0.342782738,1,1,4.499999907,0,0,2022,Mar,Q1,Year1,NA
3/31/2022,Cheyenne,Black,4,23.75,0.450000018,16.6500001,8.550000057,0.509901927,1,0,16.20000008,0,0,2022,Mar,Q1,Year1,NA
3/31/2022,Cheyenne,White,4,24,-0.125000007,11.82500005,5.85000002,0.441588129,1,1,11.95000006,0,0,2022,Mar,Q1,Year1,NA
4/1/2022,Cheyenne,Black,4,24,4.400000095,14.72500014,9.562500119,0.458939052,1,1,10.32500005,0,0,2022,Apr,Q2,Year1,NA
4/1/2022,Cheyenne,White,4,24,3.150000036,11.27499986,7.212499946,0.292617475,1,1,8.124999821,0,0,2022,Apr,Q2,Year1,NA
4/2/2022,Cheyenne,Black,4,24,2.074999988,15.57500005,8.825000018,0.175594418,1,1,13.50000006,0,0,2022,Apr,Q2,Year1,NA
4/2/2022,Cheyenne,White,4,24,0.950000007,11.92499995,6.43749998,0.332603386,1,1,10.97499995,0,0,2022,Apr,Q2,Year1,NA
4/3/2022,Cheyenne,Black,4,24,3.75000006,13.95000005,8.850000054,0.348807513,1,1,10.19999999,0,0,2022,Apr,Q2,Year1,NA
4/3/2022,Cheyenne,White,4,24,2.349999934,10.625,6.487499967,0.286865259,1,1,8.275000066,0,0,2022,Apr,Q2,Year1,NA
4/4/2022,Cheyenne,Black,4,24,2.025000006,14.95000005,8.487500027,0.170171315,1,1,12.92500004,0,0,2022,Apr,Q2,Year1,NA
4/4/2022,Cheyenne,White,4,24,0.749999991,11.5999999,6.174999948,0.366287778,1,1,10.84999991,0,0,2022,Apr,Q2,Year1,NA
4/5/2022,Cheyenne,Black,4,24,3.949999928,10.0250001,6.987500012,0.347311089,1,1,6.075000167,0,0,2022,Apr,Q2,Year1,NA
4/5/2022,Cheyenne,White,4,24,2.74999994,7.925000191,5.337500066,0.252899774,1,1,5.17500025,0,0,2022,Apr,Q2,Year1,NA
4/6/2022,Cheyenne,Black,4,24,1.024999991,8.775000095,4.900000043,0.216024659,1,1,7.750000104,0,0,2022,Apr,Q2,Year1,NA
4/6/2022,Cheyenne,White,4,24,0.375,6.349999905,3.362499952,0.249583036,1,1,5.974999905,0,0,2022,Apr,Q2,Year1,NA
4/7/2022,Cheyenne,Black,4,24,1.75,10.32500005,6.037500024,0.311916088,1,1,8.575000048,0,0,2022,Apr,Q2,Year1,NA
4/7/2022,Cheyenne,White,4,24,0.725000001,7.725000143,4.225000072,0.259807653,1,1,7.000000142,0,0,2022,Apr,Q2,Year1,NA
4/8/2022,Cheyenne,Black,4,24,1.250000015,16.32500005,8.787500031,0.317214501,1,1,15.07500003,0,0,2022,Apr,Q2,Year1,NA
4/8/2022,Cheyenne,White,4,24,0.475000007,12.59999967,6.537499837,0.396600158,1,1,12.12499966,0,0,2022,Apr,Q2,Year1,NA
4/9/2022,Cheyenne,Black,4,24,6.825000048,16.2249999,11.52499998,0.473462451,1,1,9.399999857,0,0,2022,Apr,Q2,Year1,NA
4/9/2022,Cheyenne,White,4,24,5.25,13.54999971,9.399999857,0.441588117,1,1,8.299999714,0,0,2022,Apr,Q2,Year1,NA
4/10/2022,Cheyenne,Black,4,24,3.99999994,11.32499981,7.662499875,0.332603395,1,1,7.324999869,0,0,2022,Apr,Q2,Year1,NA
4/10/2022,Cheyenne,White,4,24,2.699999958,8.449999928,5.574999943,0.434932997,1,1,5.74999997,0,0,2022,Apr,Q2,Year1,NA
4/11/2022,Cheyenne,Black,4,24,1.25,13.25,7.25,0.115469927,1,1,12,0,0,2022,Apr,Q2,Year1,NA
4/11/2022,Cheyenne,White,4,24,0.224999998,9.575000048,4.900000023,0.339116509,1,1,9.35000005,0,0,2022,Apr,Q2,Year1,NA
4/12/2022,Cheyenne,Black,4,24,3.474999905,10.0250001,6.75,0.2483276,1,1,6.550000191,0,0,2022,Apr,Q2,Year1,NA
4/12/2022,Cheyenne,White,4,24,1.950000003,7.475000024,4.712500013,0.385951249,1,1,5.525000021,0,0,2022,Apr,Q2,Year1,NA
4/13/2022,Cheyenne,Black,4,24,-0.899999987,5.175000072,2.137500042,0.455292939,1,1,6.075000059,0,0,2022,Apr,Q2,Year1,NA
4/13/2022,Cheyenne,White,4,24,-1.499999989,1.724999964,0.112499988,0.7386643,1,1,3.224999953,0,0,2022,Apr,Q2,Year1,NA
4/14/2022,Cheyenne,Black,4,24,-0.6,10.57500005,4.987500024,0.165201891,1,1,11.17500005,0,0,2022,Apr,Q2,Year1,NA
4/14/2022,Cheyenne,White,4,24,-1.275000051,6.524999976,2.624999963,0.375277651,1,1,7.800000027,0,0,2022,Apr,Q2,Year1,NA
4/15/2022,Cheyenne,Black,4,24,0.199999997,9.374999762,4.787499879,0.143614135,1,1,9.174999764,0,0,2022,Apr,Q2,Year1,NA
4/15/2022,Cheyenne,White,4,24,-0.5,5.849999905,2.674999952,0.409267705,1,1,6.349999905,0,0,2022,Apr,Q2,Year1,NA
4/16/2022,Cheyenne,Black,4,24,2.050000042,10.32500005,6.187500045,0.170171488,1,1,8.275000006,0,0,2022,Apr,Q2,Year1,NA
4/16/2022,Cheyenne,White,4,24,0.675000021,7.200000048,3.937500034,0.309232884,1,1,6.525000026,0,0,2022,Apr,Q2,Year1,NA
4/17/2022,Cheyenne,Black,4,24,1.650000006,12.875,7.262500003,0.137689297,1,1,11.22499999,0,0,2022,Apr,Q2,Year1,NA
4/17/2022,Cheyenne,White,4,24,0.574999988,10,5.287499994,0.342478579,1,1,9.425000012,0,0,2022,Apr,Q2,Year1,NA
4/18/2022,Cheyenne,Black,4,24,1.575000003,15.00000024,8.287500121,0.170171452,1,1,13.42500024,0,0,2022,Apr,Q2,Year1,NA
4/18/2022,Cheyenne,White,4,24,0.549999997,11.04999995,5.799999975,0.34880753,1,1,10.49999996,0,0,2022,Apr,Q2,Year1,NA
4/19/2022,Cheyenne,Black,4,24,4.050000012,17.7750001,10.91250005,0.303795468,1,1,13.72500008,0,0,2022,Apr,Q2,Year1,NA
4/19/2022,Cheyenne,White,4,24,2.650000036,14.25000024,8.450000137,0.399999996,1,1,11.6000002,0,0,2022,Apr,Q2,Year1,NA
4/20/2022,Cheyenne,Black,4,24,6.550000072,17.54999971,12.04999989,0.234520615,1,1,10.99999964,0,0,2022,Apr,Q2,Year1,NA
4/20/2022,Cheyenne,White,4,24,5.149999976,14.04999995,9.599999964,0.474341674,1,1,8.899999976,0,0,2022,Apr,Q2,Year1,NA
4/21/2022,Cheyenne,Black,4,24,5.274999976,18.39999962,11.8374998,0.228673729,1,1,13.12499964,0,0,2022,Apr,Q2,Year1,NA
4/21/2022,Cheyenne,White,4,24,3.725000024,15.17499995,9.449999988,0.432049336,1,1,11.44999993,0,0,2022,Apr,Q2,Year1,NA
4/22/2022,Cheyenne,Black,4,24,8.225000262,22.62500048,15.42500037,0.531507475,1,1,14.40000021,0,0,2022,Apr,Q2,Year1,NA
4/22/2022,Cheyenne,White,4,24,6.849999905,18.57499981,12.71249986,0.615596032,1,1,11.7249999,0,0,2022,Apr,Q2,Year1,NA
4/23/2022,Cheyenne,Black,4,24,7.325000048,12.74999976,10.0374999,0.322425601,1,1,5.424999714,0,0,2022,Apr,Q2,Year1,NA
4/23/2022,Cheyenne,White,4,24,6.024999857,11.04999995,8.537499905,0.614240848,1,1,5.025000095,0,0,2022,Apr,Q2,Year1,NA
4/24/2022,Cheyenne,Black,4,24,5.125,14.52499986,9.824999928,0.165831393,1,1,9.399999857,0,0,2022,Apr,Q2,Year1,NA
4/24/2022,Cheyenne,White,4,24,4.074999988,11.2750001,7.675000042,0.2753786,1,1,7.200000107,0,0,2022,Apr,Q2,Year1,NA
4/25/2022,Cheyenne,Black,4,24,2.50000003,16.875,9.687500015,0.188745598,1,1,14.37499997,0,0,2022,Apr,Q2,Year1,NA
4/25/2022,Cheyenne,White,4,24,1.074999994,12.0250001,6.550000045,0.389444041,1,1,10.9500001,0,0,2022,Apr,Q2,Year1,NA
4/26/2022,Cheyenne,Black,3,23,4.433333397,19.13333321,11.7833333,0.416333146,1,0,14.69999981,0,0,2022,Apr,Q2,Year1,NA
4/26/2022,Cheyenne,White,4,22.5,2.424999952,14.75,8.587499976,0.396600024,1,0,12.32500005,0,0,2022,Apr,Q2,Year1,NA
4/27/2022,Cheyenne,Black,2,24,7.800000191,22.05000019,14.92500019,0.883883476,0,1,14.25,0,0,2022,Apr,Q2,Year1,NA
4/27/2022,Cheyenne,White,2,24,5.799999952,16.79999971,11.29999983,0.919238445,0,1,10.99999976,0,0,2022,Apr,Q2,Year1,NA
4/28/2022,Cheyenne,Black,2,24,8.75,23.69999981,16.2249999,1.025304698,0,1,14.94999981,0,0,2022,Apr,Q2,Year1,NA
4/28/2022,Cheyenne,White,2,24,6.650000095,17.89999962,12.27499986,0.883883814,0,1,11.24999952,0,0,2022,Apr,Q2,Year1,NA
4/29/2022,Cheyenne,Black,2,24,9.400000095,18,13.70000005,0.282842106,0,1,8.599999905,0,0,2022,Apr,Q2,Year1,NA
4/29/2022,Cheyenne,White,2,24,7.299999952,13.8499999,10.57499993,0.318198085,0,1,6.549999952,0,0,2022,Apr,Q2,Year1,NA
4/30/2022,Cheyenne,Black,2,24,6.900000095,19,12.95000005,0.212131832,0,1,12.0999999,0,0,2022,Apr,Q2,Year1,NA
4/30/2022,Cheyenne,White,2,24,5.299999952,14.20000029,9.750000119,0.212132001,0,1,8.900000334,0,0,2022,Apr,Q2,Year1,NA
5/1/2022,Cheyenne,Black,2,24,5.700000048,17.25,11.47500002,0.106066253,0,1,11.54999995,0,0,2022,May,Q2,Year1,NA
5/1/2022,Cheyenne,White,2,24,3.899999857,13.05000019,8.475000024,0.176776864,0,1,9.150000334,0,0,2022,May,Q2,Year1,NA
5/2/2022,Cheyenne,Black,2,24,4.549999952,12.54999971,8.549999833,0.14142139,0,1,7.999999762,0,0,2022,May,Q2,Year1,NA
5/2/2022,Cheyenne,White,2,24,3.849999905,8.700000286,6.275000095,0.247487306,0,1,4.850000381,0,0,2022,May,Q2,Year1,NA
5/3/2022,Cheyenne,Black,2,24,4.549999952,11.14999962,7.849999785,0.070710779,0,1,6.599999666,0,0,2022,May,Q2,Year1,NA
5/3/2022,Cheyenne,White,2,24,3.799999952,8.599999905,6.199999928,1.69E-07,0,1,4.799999952,0,0,2022,May,Q2,Year1,NA
5/4/2022,Cheyenne,Black,2,24,5.449999809,12.1500001,8.799999952,0.070710611,0,1,6.700000286,0,0,2022,May,Q2,Year1,NA
5/4/2022,Cheyenne,White,2,24,4.900000095,9.099999905,7,0.070710948,0,1,4.199999809,0,0,2022,May,Q2,Year1,NA
5/5/2022,Cheyenne,Black,2,24,3.899999857,20.69999981,12.29999983,0.282842611,0,1,16.79999995,0,0,2022,May,Q2,Year1,NA
5/5/2022,Cheyenne,White,2,24,3.449999928,15.25,9.349999964,2.53E-07,0,1,11.80000007,0,0,2022,May,Q2,Year1,NA
5/6/2022,Cheyenne,Black,3,18,10.46666654,22.06666692,16.26666673,1.615807549,1,0,11.60000038,0,0,2022,May,Q2,Year1,NA
5/6/2022,Cheyenne,White,4,15,9.924999952,17.67499971,13.79999983,2.080464767,1,0,7.749999762,0,0,2022,May,Q2,Year1,NA
5/7/2022,Cheyenne,Black,3,24,10.13333321,24.36666743,17.25000032,0.435890026,1,1,14.23333422,0,0,2022,May,Q2,Year1,NA
5/7/2022,Cheyenne,White,4,24,8.600000024,19.55000019,14.07500011,0.536190016,1,1,10.95000017,0,0,2022,May,Q2,Year1,NA
5/8/2022,Cheyenne,Black,3,24,10.33333302,19.66666667,14.99999984,0.217944849,1,1,9.333333651,0,0,2022,May,Q2,Year1,NA
5/8/2022,Cheyenne,White,4,24,9.024999857,15.92500019,12.47500002,0.347610882,1,1,6.900000334,0,0,2022,May,Q2,Year1,NA
5/9/2022,Cheyenne,Black,3,24,8.666666667,21.13333321,14.89999994,0.217944849,1,1,12.46666654,0,0,2022,May,Q2,Year1,NA
5/9/2022,Cheyenne,White,4,24,7.574999928,16.4749999,12.02499992,0.359397771,1,1,8.899999976,0,0,2022,May,Q2,Year1,NA
5/10/2022,Cheyenne,Black,3,24,7.433333238,21.26666641,14.34999983,0.217944767,1,1,13.83333317,0,0,2022,May,Q2,Year1,NA
5/10/2022,Cheyenne,White,4,24,5.925000072,16.67499995,11.30000001,0.414326723,1,1,10.74999988,0,0,2022,May,Q2,Year1,NA
5/11/2022,Cheyenne,Black,3,23.66666667,9.066666603,25.76666641,17.41666651,0.160727953,1,0,16.69999981,0,0,2022,May,Q2,Year1,NA
5/11/2022,Cheyenne,White,4,24,7.075000048,20.75,13.91250002,0.520216319,1,1,13.67499995,0,0,2022,May,Q2,Year1,NA
5/12/2022,Cheyenne,Black,3,24,11.60000006,19.23333359,15.41666683,0.208166134,1,1,7.633333524,0,0,2022,May,Q2,Year1,NA
5/12/2022,Cheyenne,White,4,24,-1.725000143,15.27499986,6.774999857,11.19423236,1,1,17,0,0,2022,May,Q2,Year1,NA
5/13/2022,Cheyenne,Black,3,24,7.833333492,20.90000025,14.36666687,0.225462264,1,1,13.06666676,0,0,2022,May,Q2,Year1,NA
5/13/2022,Cheyenne,White,4,24,6.399999976,16.72499943,11.5624997,0.363719118,1,1,10.32499945,0,0,2022,May,Q2,Year1,NA
5/14/2022,Cheyenne,Black,3,24,8.933333397,21.23333359,15.08333349,0.076376033,1,1,12.30000019,0,0,2022,May,Q2,Year1,NA
5/14/2022,Cheyenne,White,4,24,7.174999952,17.07499981,12.12499988,0.429146382,1,1,9.899999857,0,0,2022,May,Q2,Year1,NA
5/15/2022,Cheyenne,Black,3,24,9.800000191,27.43333308,18.61666663,0.12583058,1,1,17.63333289,0,0,2022,May,Q2,Year1,NA
5/15/2022,Cheyenne,White,4,24,8.024999976,21.82499981,14.92499989,0.566421288,1,1,13.79999983,0,0,2022,May,Q2,Year1,NA
5/16/2022,Cheyenne,Black,3,24,11.73333359,25.66666667,18.70000013,0.150000095,1,1,13.93333308,0,0,2022,May,Q2,Year1,NA
5/16/2022,Cheyenne,White,4,24,9.424999952,21.12499952,15.27499974,0.507444611,1,1,11.69999957,0,0,2022,May,Q2,Year1,NA
5/17/2022,Cheyenne,Black,3,24,12.93333308,22.96666654,17.94999981,0.217944521,1,1,10.03333346,0,0,2022,May,Q2,Year1,NA
5/17/2022,Cheyenne,White,4,24,10.8499999,19.19999981,15.02499986,0.500832345,1,1,8.349999905,0,0,2022,May,Q2,Year1,NA
5/18/2022,Cheyenne,Black,3,24,12.66666667,28.26666705,20.46666686,0.321454818,1,1,15.60000038,0,0,2022,May,Q2,Year1,NA
5/18/2022,Cheyenne,White,4,24,10.8499999,22.9000001,16.875,0.600694006,1,1,12.05000019,0,0,2022,May,Q2,Year1,NA
5/19/2022,Cheyenne,Black,3,24,14.26666673,24.50000064,19.38333368,0.202072637,1,1,10.23333391,0,0,2022,May,Q2,Year1,NA
5/19/2022,Cheyenne,White,4,24,12,20.75,16.375,0.536190265,1,1,8.75,0,0,2022,May,Q2,Year1,NA
5/20/2022,Cheyenne,Black,3,24,7.733333429,14.26666641,10.99999992,0.526782785,1,1,6.533332984,0,0,2022,May,Q2,Year1,NA
5/20/2022,Cheyenne,White,4,24,5.874999881,11.62500024,8.75000006,0.695221816,1,1,5.750000358,0,0,2022,May,Q2,Year1,NA
5/21/2022,Cheyenne,Black,3,24,3.833333413,23.19999949,13.51666645,0.340343223,1,1,19.36666608,0,0,2022,May,Q2,Year1,NA
5/21/2022,Cheyenne,White,4,24,2.824999988,16.04999995,9.43749997,0.622327423,1,1,13.22499996,0,0,2022,May,Q2,Year1,NA
5/22/2022,Cheyenne,Black,3,24,5.966666698,19.80000051,12.8833336,0.305505119,1,1,13.83333381,0,0,2022,May,Q2,Year1,NA
5/22/2022,Cheyenne,White,4,24,3.75,14.39999986,9.074999928,0.440643364,1,1,10.64999986,0,0,2022,May,Q2,Year1,NA
5/23/2022,Cheyenne,Black,3,24,6.200000127,16.36666679,11.28333346,0.579511031,1,1,10.16666667,0,0,2022,May,Q2,Year1,NA
5/23/2022,Cheyenne,White,4,24,5.100000024,12,8.550000012,0.297209239,1,1,6.899999976,0,0,2022,May,Q2,Year1,NA
5/24/2022,Cheyenne,Black,3,24,6.366666635,19.79999987,13.08333325,0.301385401,1,1,13.43333324,0,0,2022,May,Q2,Year1,NA
5/24/2022,Cheyenne,White,4,24,4.725000024,14.375,9.550000012,0.408248388,1,1,9.649999976,0,0,2022,May,Q2,Year1,NA
5/25/2022,Cheyenne,Black,3,24,6.700000127,23.73333295,15.21666654,0.625166646,1,1,17.03333282,0,0,2022,May,Q2,Year1,NA
5/25/2022,Cheyenne,White,4,24,4.850000024,17.32499981,11.08749992,0.419076506,1,1,12.47499979,0,0,2022,May,Q2,Year1,NA
5/26/2022,Cheyenne,Black,3,24,9.200000127,28.36666679,18.78333346,0.575180942,1,1,19.16666667,0,0,2022,May,Q2,Year1,NA
5/26/2022,Cheyenne,White,4,24,7,21.5999999,14.29999995,0.559761689,1,1,14.5999999,0,0,2022,May,Q2,Year1,NA
5/27/2022,Cheyenne,Black,3,24,12.79999987,26.00000064,19.40000025,0.346410106,1,1,13.20000076,0,0,2022,May,Q2,Year1,NA
5/27/2022,Cheyenne,White,4,24,10.10000014,21.375,15.73750007,0.495605676,1,1,11.27499986,0,0,2022,May,Q2,Year1,NA
5/28/2022,Cheyenne,Black,3,24,13.4333334,20.73333295,17.08333317,0.251661634,1,1,7.299999555,0,0,2022,May,Q2,Year1,NA
5/28/2022,Cheyenne,White,4,24,11.32499981,17.57499981,14.44999981,0.410284257,1,1,6.25,0,0,2022,May,Q2,Year1,NA
5/29/2022,Cheyenne,Black,3,24,13.06666692,24.26666641,18.66666667,0.375277656,1,1,11.19999949,0,0,2022,May,Q2,Year1,NA
5/29/2022,Cheyenne,White,4,24,11.47500014,19.7249999,15.60000002,0.476095142,1,1,8.249999762,0,0,2022,May,Q2,Year1,NA
5/30/2022,Cheyenne,Black,3,24,10.19999981,18.59999975,14.39999978,0.661437648,1,1,8.399999936,0,0,2022,May,Q2,Year1,NA
5/30/2022,Cheyenne,White,4,24,8.924999714,14.54999995,11.73749983,0.283945262,1,1,5.625000238,0,0,2022,May,Q2,Year1,NA
5/31/2022,Cheyenne,Black,3,24,9.600000064,20.13333384,14.86666695,0.583809419,1,1,10.53333378,0,0,2022,May,Q2,Year1,NA
5/31/2022,Cheyenne,White,4,24,8.049999952,15.54999995,11.79999995,0.294391937,1,1,7.5,0,0,2022,May,Q2,Year1,NA
6/1/2022,Cheyenne,Black,3,24,8.033333143,26.06666629,17.04999971,0.278388338,1,1,18.03333314,0,0,2022,Jun,Q2,Year1,NA
6/1/2022,Cheyenne,White,4,24,6.300000072,20.2249999,13.26249999,0.370528591,1,1,13.92499983,0,0,2022,Jun,Q2,Year1,NA
6/2/2022,Cheyenne,Black,3,24,10.53333346,26.86666679,18.70000013,0.31224964,1,1,16.33333333,0,0,2022,Jun,Q2,Year1,NA
6/2/2022,Cheyenne,White,4,24,5.700000048,21.0250001,13.36250007,1.469906616,1,1,15.32500005,0,0,2022,Jun,Q2,Year1,NA
6/3/2022,Cheyenne,Black,3,24,12.36666679,24,18.1833334,0.503322289,1,1,11.63333321,0,0,2022,Jun,Q2,Year1,NA
6/3/2022,Cheyenne,White,4,24,9.774999857,19.37500048,14.57500017,0.421307728,1,1,9.60000062,0,0,2022,Jun,Q2,Year1,NA
6/4/2022,Cheyenne,Black,3,24,12.86666679,28.33333397,20.60000038,0.608276496,1,1,15.46666718,0,0,2022,Jun,Q2,Year1,NA
6/4/2022,Cheyenne,White,4,24,10.625,22.82499981,16.7249999,0.611691378,1,1,12.19999981,0,0,2022,Jun,Q2,Year1,NA
6/5/2022,Cheyenne,Black,3,24,15.73333327,24.63333321,20.18333324,0.505800126,1,1,8.899999936,0,0,2022,Jun,Q2,Year1,NA
6/5/2022,Cheyenne,White,4,24,13.45000005,20.3499999,16.89999998,0.51961519,1,1,6.899999857,0,0,2022,Jun,Q2,Year1,NA
6/6/2022,Cheyenne,Black,3,24,14.29999987,26.80000051,20.55000019,0.841129971,1,1,12.50000064,0,0,2022,Jun,Q2,Year1,NA
6/6/2022,Cheyenne,White,4,24,12.12500024,21.5,16.81250012,0.50887945,1,1,9.374999762,0,0,2022,Jun,Q2,Year1,NA
6/7/2022,Cheyenne,Black,3,24,15.73333359,26.43333308,21.08333333,0.568623794,1,1,10.69999949,0,0,2022,Jun,Q2,Year1,NA
6/7/2022,Cheyenne,White,4,24,13.57500005,21.8499999,17.71249998,0.453458744,1,1,8.274999857,0,0,2022,Jun,Q2,Year1,NA
6/8/2022,Cheyenne,Black,3,24,13.33333333,29.16666603,21.24999968,0.4821824,1,1,15.8333327,0,0,2022,Jun,Q2,Year1,NA
6/8/2022,Cheyenne,White,4,24,11.04999971,23.32499981,17.18749976,0.438510833,1,1,12.2750001,0,0,2022,Jun,Q2,Year1,NA
6/9/2022,Cheyenne,Black,3,24,16.30000019,31.1666673,23.73333375,1.050397171,1,1,14.86666711,0,0,2022,Jun,Q2,Year1,NA
6/9/2022,Cheyenne,White,4,24,13.87499976,24.55000019,19.21249998,0.542179155,1,1,10.67500043,0,0,2022,Jun,Q2,Year1,NA
6/10/2022,Cheyenne,Black,3,24,16.50000032,29.8333327,23.16666651,0.930501103,1,1,13.33333238,0,0,2022,Jun,Q2,Year1,NA
6/10/2022,Cheyenne,White,4,24,14.07500005,24.17499971,19.12499988,0.520416782,1,1,10.09999967,0,0,2022,Jun,Q2,Year1,NA
6/11/2022,Cheyenne,Black,3,24,18.33333333,31.36666679,24.85000006,1,1,1,13.03333346,0,0,2022,Jun,Q2,Year1,NA
6/11/2022,Cheyenne,White,4,24,16.04999995,25.6500001,20.85000002,0.61237228,1,1,9.600000143,0,0,2022,Jun,Q2,Year1,NA
6/12/2022,Cheyenne,Black,3,24,19.06666692,33.30000051,26.18333371,0.78155798,1,1,14.23333359,0,0,2022,Jun,Q2,Year1,NA
6/12/2022,Cheyenne,White,4,24,16.875,27.60000038,22.23750019,0.704006577,1,1,10.72500038,0,0,2022,Jun,Q2,Year1,NA
6/13/2022,Cheyenne,Black,3,24,18.83333333,34.59999975,26.71666654,0.575180465,1,1,15.76666641,0,0,2022,Jun,Q2,Year1,NA
6/13/2022,Cheyenne,White,4,24,16.60000038,28.82500029,22.71250033,0.758699936,1,1,12.2249999,0,0,2022,Jun,Q2,Year1,NA
6/14/2022,Cheyenne,Black,3,24,18.46666718,27.86666679,23.16666698,0.778353031,1,1,9.399999619,0,0,2022,Jun,Q2,Year1,NA
6/14/2022,Cheyenne,White,4,24,16.44999981,23.44999981,19.94999981,0.488194152,1,1,7,0,0,2022,Jun,Q2,Year1,NA
6/15/2022,Cheyenne,Black,3,24,15.96666686,30.73333359,23.35000022,0.781024528,1,1,14.76666673,0,0,2022,Jun,Q2,Year1,NA
6/15/2022,Cheyenne,White,4,24,14.00000024,25.27499962,19.63749993,0.49560562,1,1,11.27499938,0,0,2022,Jun,Q2,Year1,NA
6/16/2022,Cheyenne,Black,3,24,16.33333333,34.8333346,25.58333397,0.737111229,1,1,18.50000127,0,0,2022,Jun,Q2,Year1,NA
6/16/2022,Cheyenne,White,4,24,14.07500005,28.29999971,21.18749988,0.687234693,1,1,14.22499967,0,0,2022,Jun,Q2,Year1,NA
6/17/2022,Cheyenne,Black,3,24,20.26666705,33.79999924,27.03333314,0.61101003,1,1,13.53333219,0,0,2022,Jun,Q2,Year1,NA
6/17/2022,Cheyenne,White,4,24,18.0250001,28.6500001,23.3375001,0.601906738,1,1,10.625,0,0,2022,Jun,Q2,Year1,NA
6/18/2022,Cheyenne,Black,3,24,20.56666629,32.13333321,26.34999975,0.781024345,1,1,11.56666692,0,0,2022,Jun,Q2,Year1,NA
6/18/2022,Cheyenne,White,4,24,18.3499999,27.5999999,22.9749999,0.589490859,1,1,9.25,0,0,2022,Jun,Q2,Year1,NA
6/19/2022,Cheyenne,Black,3,24,19.59999975,32.3333327,25.96666622,0.633113525,1,1,12.73333295,0,0,2022,Jun,Q2,Year1,NA
6/19/2022,Cheyenne,White,4,24,17.5250001,27.2750001,22.4000001,0.601387095,1,1,9.75,0,0,2022,Jun,Q2,Year1,NA
6/20/2022,Cheyenne,Black,3,24,19.09999975,33.43333308,26.26666641,0.663952589,1,1,14.33333333,0,0,2022,Jun,Q2,Year1,NA
6/20/2022,Cheyenne,White,4,24,17.07500029,27.82500029,22.45000029,0.578791554,1,1,10.75,0,0,2022,Jun,Q2,Year1,NA
6/21/2022,Cheyenne,Black,3,24,16.90000025,33.46666718,25.18333371,0.419324502,1,1,16.56666692,0,0,2022,Jun,Q2,Year1,NA
6/21/2022,Cheyenne,White,4,24,14.64999986,27.32499981,20.98749983,0.517002918,1,1,12.67499995,0,0,2022,Jun,Q2,Year1,NA
6/22/2022,Cheyenne,Black,3,24,17.53333346,33.66666667,25.60000006,0.563471629,1,1,16.13333321,0,0,2022,Jun,Q2,Year1,NA
6/22/2022,Cheyenne,White,4,24,15.17499971,27.8499999,21.51249981,0.549810307,1,1,12.67500019,0,0,2022,Jun,Q2,Year1,NA
6/23/2022,Cheyenne,Black,3,24,19.09999975,35.59999975,27.34999975,0.926013093,1,1,16.5,0,0,2022,Jun,Q2,Year1,NA
6/23/2022,Cheyenne,White,4,24,16.67500019,29.7750001,23.22500014,0.688597731,1,1,13.0999999,0,0,2022,Jun,Q2,Year1,NA
6/24/2022,Cheyenne,Black,3,24,21.60000038,33.13333257,27.36666648,1.187784881,1,1,11.53333219,0,0,2022,Jun,Q2,Year1,NA
6/24/2022,Cheyenne,White,4,24,19.19999981,27.69999933,23.44999957,0.732575318,1,1,8.499999523,0,0,2022,Jun,Q2,Year1,NA
6/25/2022,Cheyenne,Black,3,24,18.09999975,32.83333397,25.46666686,0.66395314,1,1,14.73333422,0,0,2022,Jun,Q2,Year1,NA
6/25/2022,Cheyenne,White,4,24,16.12499976,27.32500029,21.72500002,0.494132328,1,1,11.20000052,0,0,2022,Jun,Q2,Year1,NA
6/26/2022,Cheyenne,Black,3,24,18.83333333,27.73333359,23.28333346,0.48562673,1,1,8.900000254,0,0,2022,Jun,Q2,Year1,NA
6/26/2022,Cheyenne,White,4,24,16.77499986,23.37499952,20.07499969,0.411299137,1,1,6.599999666,0,0,2022,Jun,Q2,Year1,NA
6/27/2022,Cheyenne,Black,3,24,16.39999962,35.80000051,26.10000006,1.003743214,1,1,19.40000089,0,0,2022,Jun,Q2,Year1,NA
6/27/2022,Cheyenne,White,4,24,14.35000014,29.5250001,21.93750012,0.706369448,1,1,15.17499995,0,0,2022,Jun,Q2,Year1,NA
6/28/2022,Cheyenne,Black,3,24,18.36666679,37.83333333,28.10000006,0.556776762,1,1,19.46666654,0,0,2022,Jun,Q2,Year1,NA
6/28/2022,Cheyenne,White,4,24,16.22499943,30.07500029,23.14999986,0.672061609,1,1,13.85000086,0,0,2022,Jun,Q2,Year1,NA
6/29/2022,Cheyenne,Black,3,24,19.93333308,33.26666578,26.59999943,0.444409592,1,1,13.3333327,0,0,2022,Jun,Q2,Year1,NA
6/29/2022,Cheyenne,White,4,24,17.3499999,27.24999952,22.29999971,0.662067738,1,1,9.899999619,0,0,2022,Jun,Q2,Year1,NA
6/30/2022,Cheyenne,Black,3,24,19.76666641,33.5,26.63333321,0.419324255,1,1,13.73333359,0,0,2022,Jun,Q2,Year1,NA
6/30/2022,Cheyenne,White,4,24,17.6500001,27.37499952,22.51249981,0.5234102,1,1,9.724999428,0,0,2022,Jun,Q2,Year1,NA
7/1/2022,Cheyenne,Black,3,24,17.43333371,36.36666743,26.90000057,0.180277326,1,1,18.93333371,0,0,2022,Jul,Q3,Year1,NA
7/1/2022,Cheyenne,White,4,24,10.74999994,29.7249999,20.23749992,2.639247007,1,1,18.97499996,0,0,2022,Jul,Q3,Year1,NA
7/2/2022,Cheyenne,Black,3,24,15.86666679,37.60000102,26.73333391,0.472581381,1,1,21.73333422,0,0,2022,Jul,Q3,Year1,NA
7/2/2022,Cheyenne,White,4,24,12.15000021,30.0250001,21.08750015,1.645891455,1,1,17.87499988,0,0,2022,Jul,Q3,Year1,NA
7/3/2022,Cheyenne,Black,3,24,17.86666679,33.69999949,25.78333314,0.225461938,1,1,15.8333327,0,0,2022,Jul,Q3,Year1,NA
7/3/2022,Cheyenne,White,4,24,15.62499976,27.92500019,21.77499998,0.405174846,1,1,12.30000043,0,0,2022,Jul,Q3,Year1,NA
7/4/2022,Cheyenne,Black,3,24,17.50000064,34.16666667,25.83333365,0.493288525,1,1,16.66666603,0,0,2022,Jul,Q3,Year1,NA
7/4/2022,Cheyenne,White,4,24,15.375,28.49999952,21.93749976,0.451617321,1,1,13.12499952,0,0,2022,Jul,Q3,Year1,NA
7/5/2022,Cheyenne,Black,3,24,19.76666705,33.73333232,26.74999968,0.427200422,1,1,13.96666527,0,0,2022,Jul,Q3,Year1,NA
7/5/2022,Cheyenne,White,4,24,17.42499971,27.82499981,22.62499976,0.526782902,1,1,10.4000001,0,0,2022,Jul,Q3,Year1,NA
7/6/2022,Cheyenne,Black,3,24,19.79999987,29.76666641,24.78333314,0.378593361,1,1,9.96666654,0,0,2022,Jul,Q3,Year1,NA
7/6/2022,Cheyenne,White,4,24,16.8499999,24.7750001,20.8125,0.953393137,1,1,7.925000191,0,0,2022,Jul,Q3,Year1,NA
7/7/2022,Cheyenne,Black,3,24,17.03333346,32.59999975,24.8166666,0.202072814,1,1,15.56666629,0,0,2022,Jul,Q3,Year1,NA
7/7/2022,Cheyenne,White,4,24,7.550000191,26.9749999,17.26250005,7.146487964,1,1,19.42499971,0,0,2022,Jul,Q3,Year1,NA
7/8/2022,Cheyenne,Black,3,24,16.26666641,32.73333232,24.49999936,0.599999905,1,1,16.4666659,0,0,2022,Jul,Q3,Year1,NA
7/8/2022,Cheyenne,White,4,24,13.9749999,27.2750001,20.625,0.619811702,1,1,13.30000019,0,0,2022,Jul,Q3,Year1,NA
7/9/2022,Cheyenne,Black,3,24,16.36666616,39.96666718,28.16666667,0.325319666,1,1,23.60000102,0,0,2022,Jul,Q3,Year1,NA
7/9/2022,Cheyenne,White,4,24,14.9749999,32.57499981,23.77499986,0.533072114,1,1,17.5999999,0,0,2022,Jul,Q3,Year1,NA
7/10/2022,Cheyenne,Black,3,24,20.46666654,34.06666692,27.26666673,0.144337292,1,1,13.60000038,0,0,2022,Jul,Q3,Year1,NA
7/10/2022,Cheyenne,White,4,24,18.37499952,28.49999952,23.43749952,0.467929509,1,1,10.125,0,0,2022,Jul,Q3,Year1,NA
7/11/2022,Cheyenne,Black,3,24,18.30000051,36.60000102,27.45000076,0.25,1,1,18.30000051,0,0,2022,Jul,Q3,Year1,NA
7/11/2022,Cheyenne,White,4,24,16.72500038,30.14999962,23.4375,0.488833568,1,1,13.42499924,0,0,2022,Jul,Q3,Year1,NA
7/12/2022,Cheyenne,Black,3,24,19.03333282,36.16666667,27.59999975,0.13228789,1,1,17.13333384,0,0,2022,Jul,Q3,Year1,NA
7/12/2022,Cheyenne,White,4,24,16.7249999,30.07499981,23.39999986,0.483045957,1,1,13.3499999,0,0,2022,Jul,Q3,Year1,NA
7/13/2022,Cheyenne,Black,3,24,20.23333359,36.46666718,28.35000038,0.264575419,1,1,16.23333359,0,0,2022,Jul,Q3,Year1,NA
7/13/2022,Cheyenne,White,4,24,17.9749999,30.70000029,24.3375001,0.64209976,1,1,12.72500038,0,0,2022,Jul,Q3,Year1,NA
7/14/2022,Cheyenne,Black,3,24,22.36666679,31.86666679,27.11666679,0.275378481,1,1,9.5,0,0,2022,Jul,Q3,Year1,NA
7/14/2022,Cheyenne,White,4,24,20.1500001,27.5250001,23.8375001,0.572094198,1,1,7.375,0,0,2022,Jul,Q3,Year1,NA
7/15/2022,Cheyenne,Black,3,24,21.76666641,36.29999924,29.03333282,0.472581919,1,1,14.53333282,0,0,2022,Jul,Q3,Year1,NA
7/15/2022,Cheyenne,White,4,24,19.8499999,30.6500001,25.25,0.691616345,1,1,10.80000019,0,0,2022,Jul,Q3,Year1,NA
7/16/2022,Cheyenne,Black,3,24,20.36666679,34.89999898,27.63333289,0.10408301,1,1,14.53333219,0,0,2022,Jul,Q3,Year1,NA
7/16/2022,Cheyenne,White,4,24,18.69999981,30.10000038,24.4000001,0.456435465,1,1,11.40000057,0,0,2022,Jul,Q3,Year1,NA
7/17/2022,Cheyenne,Black,3,24,20.16666667,37.56666565,28.86666616,0.321455362,1,1,17.39999898,0,0,2022,Jul,Q3,Year1,NA
7/17/2022,Cheyenne,White,4,24,18.25,31.6500001,24.95000005,0.584522217,1,1,13.4000001,0,0,2022,Jul,Q3,Year1,NA
7/18/2022,Cheyenne,Black,3,24,21.86666679,36.60000102,29.23333391,0.225462361,1,1,14.73333422,0,0,2022,Jul,Q3,Year1,NA
7/18/2022,Cheyenne,White,4,24,19.67499971,31.72499943,25.69999957,0.625832321,1,1,12.04999971,0,0,2022,Jul,Q3,Year1,NA
7/19/2022,Cheyenne,Black,3,24,22.80000051,36.13333384,29.46666718,0.236290405,1,1,13.33333333,0,0,2022,Jul,Q3,Year1,NA
7/19/2022,Cheyenne,White,4,24,20.7750001,31.0999999,25.9375,0.614240563,1,1,10.32499981,0,0,2022,Jul,Q3,Year1,NA
7/20/2022,Cheyenne,Black,3,24,21.09999975,37.56666565,29.3333327,0.246644214,1,1,16.4666659,0,0,2022,Jul,Q3,Year1,NA
7/20/2022,Cheyenne,White,4,24,18.99999952,31.4749999,25.23749971,0.645981532,1,1,12.47500038,0,0,2022,Jul,Q3,Year1,NA
7/21/2022,Cheyenne,Black,3,24,21.76666705,39.40000153,30.58333429,0.35118835,1,1,17.63333448,0,0,2022,Jul,Q3,Year1,NA
7/21/2022,Cheyenne,White,4,24,19.54999971,32.40000057,25.97500014,0.665206943,1,1,12.85000086,0,0,2022,Jul,Q3,Year1,NA
7/22/2022,Cheyenne,Black,3,24,22.83333333,40.13333384,31.48333359,0.453688285,1,1,17.30000051,0,0,2022,Jul,Q3,Year1,NA
7/22/2022,Cheyenne,White,4,24,20.52499962,32.69999981,26.61249971,0.675000073,1,1,12.17500019,0,0,2022,Jul,Q3,Year1,NA
7/23/2022,Cheyenne,Black,3,24,23.30000051,35.23333232,29.26666641,0.125830549,1,1,11.93333181,0,0,2022,Jul,Q3,Year1,NA
7/23/2022,Cheyenne,White,4,24,21.2249999,29.64999962,25.43749976,0.432771997,1,1,8.424999714,0,0,2022,Jul,Q3,Year1,NA
7/24/2022,Cheyenne,Black,3,24,18.83333333,29.23333359,24.03333346,0.500832932,1,1,10.40000025,0,0,2022,Jul,Q3,Year1,NA
7/24/2022,Cheyenne,White,4,24,-0.774999976,24.94999981,12.08749992,11.26790239,1,1,25.72499979,0,0,2022,Jul,Q3,Year1,NA
7/25/2022,Cheyenne,Black,3,24,16.56666629,35.5,26.03333314,0.152751649,1,1,18.93333371,0,0,2022,Jul,Q3,Year1,NA
7/25/2022,Cheyenne,White,4,24,5.149999857,29.44999981,17.29999983,10.2699401,1,1,24.29999995,0,0,2022,Jul,Q3,Year1,NA
7/26/2022,Cheyenne,Black,3,24,20.09999975,36.66666794,28.38333384,0.25166116,1,1,16.56666819,0,0,2022,Jul,Q3,Year1,NA
7/26/2022,Cheyenne,White,4,24,18.44999981,30.57499981,24.51249981,0.209662412,1,1,12.125,0,0,2022,Jul,Q3,Year1,NA
7/27/2022,Cheyenne,Black,3,24,21.23333359,36.40000025,28.81666692,0.152753106,1,1,15.16666667,0,0,2022,Jul,Q3,Year1,NA
7/27/2022,Cheyenne,White,4,24,19.39999962,30.5,24.94999981,0.273860989,1,1,11.10000038,0,0,2022,Jul,Q3,Year1,NA
7/28/2022,Cheyenne,Black,3,24,18.23333359,31.53333346,24.88333352,0.981495623,1,1,13.29999987,0,0,2022,Jul,Q3,Year1,NA
7/28/2022,Cheyenne,White,4,24,15.47500014,27.24999952,21.36249983,1.561182876,1,1,11.77499938,0,0,2022,Jul,Q3,Year1,NA
7/29/2022,Cheyenne,Black,3,24,19.06666629,33.56666629,26.31666629,0.925112286,1,1,14.5,0,0,2022,Jul,Q3,Year1,NA
7/29/2022,Cheyenne,White,4,24,17.4000001,28.79999971,23.0999999,0.310912594,1,1,11.39999962,0,0,2022,Jul,Q3,Year1,NA
7/30/2022,Cheyenne,Black,3,24,17.80000051,34.19999949,26,0.589491047,1,1,16.39999898,0,0,2022,Jul,Q3,Year1,NA
7/30/2022,Cheyenne,White,4,24,2.425000191,29.94999981,16.1875,13.36122306,1,1,27.52499962,0,0,2022,Jul,Q3,Year1,NA
7/31/2022,Cheyenne,Black,3,24,19.26666705,31.9666659,25.61666648,0.60069394,1,1,12.69999886,0,0,2022,Jul,Q3,Year1,NA
7/31/2022,Cheyenne,White,4,24,17.4749999,28.1500001,22.8125,0.340036669,1,1,10.67500019,0,0,2022,Jul,Q3,Year1,NA
8/1/2022,Cheyenne,Black,3,24,19.59999975,31.69999886,25.6499993,0.458257341,1,1,12.09999911,0,0,2022,Aug,Q3,Year1,NA
8/1/2022,Cheyenne,White,4,24,17.5999999,28.17499971,22.88749981,0.37052921,1,1,10.57499981,0,0,2022,Aug,Q3,Year1,NA
8/2/2022,Cheyenne,Black,3,24,21.16666667,30.09999975,25.63333321,0.20816686,1,1,8.933333079,0,0,2022,Aug,Q3,Year1,NA
8/2/2022,Cheyenne,White,4,24,19.42500019,27.29999971,23.36249995,0.262599009,1,1,7.874999523,0,0,2022,Aug,Q3,Year1,NA
8/3/2022,Cheyenne,Black,3,24,19.13333321,31.69999949,25.41666635,0.416332956,1,1,12.56666629,0,0,2022,Aug,Q3,Year1,NA
8/3/2022,Cheyenne,White,4,24,17.65000057,27.5999999,22.62500024,0.349999905,1,1,9.949999332,0,0,2022,Aug,Q3,Year1,NA
8/4/2022,Cheyenne,Black,3,24,20.03333282,36.19999949,28.11666616,0.407226305,1,1,16.16666667,0,0,2022,Aug,Q3,Year1,NA
8/4/2022,Cheyenne,White,4,24,18.0250001,31.54999924,24.78749967,0.306526498,1,1,13.52499914,0,0,2022,Aug,Q3,Year1,NA
8/5/2022,Cheyenne,Black,3,24,22.20000013,34.9666659,28.58333302,0.503321816,1,1,12.76666578,0,0,2022,Aug,Q3,Year1,NA
8/5/2022,Cheyenne,White,4,24,20,30.5250001,25.26250005,0.476751676,1,1,10.5250001,0,0,2022,Aug,Q3,Year1,NA
8/6/2022,Cheyenne,Black,3,24,20.43333308,36.03333282,28.23333295,0.208167012,1,1,15.59999975,0,0,2022,Aug,Q3,Year1,NA
8/6/2022,Cheyenne,White,4,24,18.57500029,31.24999952,24.9124999,0.309233215,1,1,12.67499924,0,0,2022,Aug,Q3,Year1,NA
8/7/2022,Cheyenne,Black,3,24,22.03333346,33.53333219,27.78333282,0.637049869,1,1,11.49999873,0,0,2022,Aug,Q3,Year1,NA
8/7/2022,Cheyenne,White,4,24,18.6500001,29.0250001,23.8375001,1.066438848,1,1,10.375,0,0,2022,Aug,Q3,Year1,NA
8/8/2022,Cheyenne,Black,3,24,17.89999962,35.96666718,26.9333334,0.381881412,1,1,18.06666756,0,0,2022,Aug,Q3,Year1,NA
8/8/2022,Cheyenne,White,4,24,6.599999905,30.5250001,18.5625,9.510553221,1,1,23.92500019,0,0,2022,Aug,Q3,Year1,NA
8/9/2022,Cheyenne,Black,3,24,19.59999975,35.5,27.54999987,0.360555974,1,1,15.90000025,0,0,2022,Aug,Q3,Year1,NA
8/9/2022,Cheyenne,White,4,24,17.49999952,30.70000029,24.0999999,0.26770614,1,1,13.20000076,0,0,2022,Aug,Q3,Year1,NA
8/10/2022,Cheyenne,Black,3,24,20.53333346,36.80000051,28.66666698,0.275378135,1,1,16.26666705,0,0,2022,Aug,Q3,Year1,NA
8/10/2022,Cheyenne,White,4,24,18.39999962,31.9000001,25.14999986,0.261406659,1,1,13.50000048,0,0,2022,Aug,Q3,Year1,NA
8/11/2022,Cheyenne,Black,3,24,21.53333346,38.20000076,29.86666711,0.292973486,1,1,16.6666673,0,0,2022,Aug,Q3,Year1,NA
8/11/2022,Cheyenne,White,4,24,19.27499962,33.125,26.19999981,0.267705606,1,1,13.85000038,0,0,2022,Aug,Q3,Year1,NA
8/12/2022,Cheyenne,Black,3,24,22.86666679,38.26666768,30.56666724,0.46457898,1,1,15.40000089,0,0,2022,Aug,Q3,Year1,NA
8/12/2022,Cheyenne,White,4,24,20.44999981,33.07499981,26.76249981,0.324999883,1,1,12.625,0,0,2022,Aug,Q3,Year1,NA
8/13/2022,Cheyenne,Black,3,24,23.29999987,37.40000025,30.35000006,0.360556106,1,1,14.10000038,0,0,2022,Aug,Q3,Year1,NA
8/13/2022,Cheyenne,White,4,24,20.72499943,32.125,26.42499971,0.317542608,1,1,11.40000057,0,0,2022,Aug,Q3,Year1,NA
8/14/2022,Cheyenne,Black,3,24,21.96666654,34.89999898,28.43333276,0.862168187,1,1,12.93333244,0,0,2022,Aug,Q3,Year1,NA
8/14/2022,Cheyenne,White,4,24,19.92499971,30.1500001,25.0374999,0.460751153,1,1,10.22500038,0,0,2022,Aug,Q3,Year1,NA
8/15/2022,Cheyenne,Black,3,24,19.36666679,28.96666654,24.16666667,0.057734697,1,1,9.599999746,0,0,2022,Aug,Q3,Year1,NA
8/15/2022,Cheyenne,White,4,24,18.125,25.07499981,21.5999999,0.108012463,1,1,6.949999809,0,0,2022,Aug,Q3,Year1,NA
8/16/2022,Cheyenne,Black,3,24,16.13333321,34.19999949,25.16666635,1.619671127,1,1,18.06666629,0,0,2022,Aug,Q3,Year1,NA
8/16/2022,Cheyenne,White,4,23.75,4.424999714,28.67500019,16.54999995,10.22505081,1,0,24.25000048,0,0,2022,Aug,Q3,Year1,NA
8/17/2022,Cheyenne,Black,3,24,18.03333346,35.96666718,27.00000032,0.576627931,1,1,17.93333371,0,0,2022,Aug,Q3,Year1,NA
8/17/2022,Cheyenne,White,4,24,15.77499962,30.2750001,23.02499986,0.317542233,1,1,14.50000048,0,0,2022,Aug,Q3,Year1,NA
8/18/2022,Cheyenne,Black,3,24,19.23333295,35.43333308,27.33333302,0.592311069,1,1,16.20000013,0,0,2022,Aug,Q3,Year1,NA
8/18/2022,Cheyenne,White,4,24,16.8499999,29.9000001,23.375,0.272335449,1,1,13.05000019,0,0,2022,Aug,Q3,Year1,NA
8/19/2022,Cheyenne,Black,3,22.66666667,19.5,34.79999924,27.14999962,0.653834929,1,0,15.29999924,0,0,2022,Aug,Q3,Year1,NA
8/19/2022,Cheyenne,White,4,22,17.05000019,29.3499999,23.20000005,0.30822069,1,0,12.29999971,0,0,2022,Aug,Q3,Year1,NA
8/20/2022,Cheyenne,Black,3,24,19.63333321,32,25.8166666,0.431084517,1,1,12.36666679,0,0,2022,Aug,Q3,Year1,NA
8/20/2022,Cheyenne,White,4,24,17.05000019,27.1500001,22.10000014,0.234520869,1,1,10.0999999,0,0,2022,Aug,Q3,Year1,NA
8/21/2022,Cheyenne,Black,3,24,18.89999962,34.13333384,26.51666673,0.225462396,1,1,15.23333422,0,0,2022,Aug,Q3,Year1,NA
8/21/2022,Cheyenne,White,4,24,4.550000429,28.80000019,16.67500031,11.48451826,1,1,24.24999976,0,0,2022,Aug,Q3,Year1,NA
8/22/2022,Cheyenne,Black,3,24,16.43333308,36.33333333,26.38333321,0.381880788,1,1,19.90000025,0,0,2022,Aug,Q3,Year1,NA
8/22/2022,Cheyenne,White,4,24,11.5999999,29.875,20.73749995,3.209718393,1,1,18.2750001,0,0,2022,Aug,Q3,Year1,NA
8/23/2022,Cheyenne,Black,3,24,18.63333321,36.3333346,27.48333391,0.416333337,1,1,17.7000014,0,0,2022,Aug,Q3,Year1,NA
8/23/2022,Cheyenne,White,4,24,16.375,30.49999952,23.43749976,0.332603298,1,1,14.12499952,0,0,2022,Aug,Q3,Year1,NA
8/24/2022,Cheyenne,Black,3,24,19.3333327,33.06666692,26.19999981,0.346410657,1,1,13.73333422,0,0,2022,Aug,Q3,Year1,NA
8/24/2022,Cheyenne,White,4,24,16.97500038,28.07500029,22.52500033,0.290114849,1,1,11.0999999,0,0,2022,Aug,Q3,Year1,NA
8/25/2022,Cheyenne,Black,3,24,14.99999968,29.73333359,22.36666663,2.449660051,1,1,14.73333391,0,0,2022,Aug,Q3,Year1,NA
8/25/2022,Cheyenne,White,4,24,9.649999976,25.2750001,17.46250004,5.7096955,1,1,15.62500012,0,0,2022,Aug,Q3,Year1,NA
8/26/2022,Cheyenne,Black,3,24,8.133333206,31.56666629,19.84999975,9.224017514,1,1,23.43333308,0,0,2022,Aug,Q3,Year1,NA
8/26/2022,Cheyenne,White,4,24,8.449999914,26.92500019,17.68750005,4.420100779,1,1,18.47500028,0,0,2022,Aug,Q3,Year1,NA
8/27/2022,Cheyenne,Black,3,24,15.76666641,31.8333346,23.80000051,0.304138189,1,1,16.06666819,0,0,2022,Aug,Q3,Year1,NA
8/27/2022,Cheyenne,White,4,24,14.29999995,26.80000019,20.55000007,0.227302846,1,1,12.50000024,0,0,2022,Aug,Q3,Year1,NA
8/28/2022,Cheyenne,Black,3,24,17.86666679,32.36666679,25.11666679,0.076376657,1,1,14.5,0,0,2022,Aug,Q3,Year1,NA
8/28/2022,Cheyenne,White,4,24,16.02499986,28.375,22.19999993,0.177951224,1,1,12.35000014,0,0,2022,Aug,Q3,Year1,NA
8/29/2022,Cheyenne,Black,3,24,17.26666641,33.86666616,25.56666629,0.368555895,1,1,16.59999975,0,0,2022,Aug,Q3,Year1,NA
8/29/2022,Cheyenne,White,4,24,15.375,28.67500019,22.0250001,0.17078242,1,1,13.30000019,0,0,2022,Aug,Q3,Year1,NA
8/30/2022,Cheyenne,Black,3,24,18.39999962,35.33333333,26.86666648,0.301385942,1,1,16.93333371,0,0,2022,Aug,Q3,Year1,NA
8/30/2022,Cheyenne,White,4,24,15.94999981,29.82500029,22.88750005,0.235849518,1,1,13.87500048,0,0,2022,Aug,Q3,Year1,NA
8/31/2022,Cheyenne,Black,3,24,20.43333308,34.09999975,27.26666641,0.633114429,1,1,13.66666667,0,0,2022,Aug,Q3,Year1,NA
8/31/2022,Cheyenne,White,4,24,17.82499981,29.1500001,23.48749995,0.409013046,1,1,11.32500029,0,0,2022,Aug,Q3,Year1,NA
9/1/2022,Cheyenne,Black,3,24,20.09999975,33.36666743,26.73333359,0.464579015,1,1,13.26666768,0,0,2022,Sep,Q3,Year2,NA
9/1/2022,Cheyenne,White,4,24,17.5250001,28.4000001,22.9625001,0.311916126,1,1,10.875,0,0,2022,Sep,Q3,Year2,NA
9/2/2022,Cheyenne,Black,3,24,20.76666705,34.09999975,27.4333334,0.642910328,1,1,13.3333327,0,0,2022,Sep,Q3,Year2,NA
9/2/2022,Cheyenne,White,4,24,18.30000019,29.375,23.8375001,0.361420988,1,1,11.07499981,0,0,2022,Sep,Q3,Year2,NA
9/3/2022,Cheyenne,Black,3,24,19.6666673,34.66666667,27.16666698,0.236290606,1,1,14.99999936,0,0,2022,Sep,Q3,Year2,NA
9/3/2022,Cheyenne,White,4,24,17.09999943,29.32500029,23.21249986,0.149303765,1,1,12.22500086,0,0,2022,Sep,Q3,Year2,NA
9/4/2022,Cheyenne,Black,3,24,19.86666679,36.96666718,28.41666698,0.644851214,1,1,17.10000038,0,0,2022,Sep,Q3,Year2,NA
9/4/2022,Cheyenne,White,4,24,17.2249999,31.19999981,24.21249986,0.249582409,1,1,13.9749999,0,0,2022,Sep,Q3,Year2,NA
9/5/2022,Cheyenne,Black,3,24,21.9666659,37.13333384,29.54999987,1.025914793,1,1,15.16666794,0,0,2022,Sep,Q3,Year2,NA
9/5/2022,Cheyenne,White,4,24,19.3499999,31.49999952,25.42499971,0.531506746,1,1,12.14999962,0,0,2022,Sep,Q3,Year2,NA
9/6/2022,Cheyenne,Black,3,24,22.46666654,37.5,29.98333327,1.001666245,1,1,15.03333346,0,0,2022,Sep,Q3,Year2,NA
9/6/2022,Cheyenne,White,4,24,19.875,31.875,25.875,0.539290063,1,1,12,0,0,2022,Sep,Q3,Year2,NA
9/7/2022,Cheyenne,Black,3,24,21.63333384,37.90000025,29.76666705,0.875119508,1,1,16.26666641,0,0,2022,Sep,Q3,Year2,NA
9/7/2022,Cheyenne,White,4,24,19,31.87499952,25.43749976,0.311916139,1,1,12.87499952,0,0,2022,Sep,Q3,Year2,NA
9/8/2022,Cheyenne,Black,3,23.66666667,2.399998983,34.83333333,18.61666616,17.42557942,1,0,32.43333435,0,0,2022,Sep,Q3,Year2,NA
9/8/2022,Cheyenne,White,4,24,6.249999881,29.82500029,18.03750008,7.648352183,1,1,23.57500041,0,0,2022,Sep,Q3,Year2,NA
9/9/2022,Cheyenne,Black,3,24,-3.833333333,20.79999987,8.48333327,16.3992628,1,1,24.63333321,0,0,2022,Sep,Q3,Year2,NA
9/9/2022,Cheyenne,White,4,22.5,-13.07500029,17.9000001,2.412499905,15.64775666,1,0,30.97500038,0,0,2022,Sep,Q3,Year2,NA
9/10/2022,Cheyenne,Black,3,24,-0.200000127,15.96666686,7.883333365,10.22378816,1,1,16.16666698,0,0,2022,Sep,Q3,Year2,NA
9/10/2022,Cheyenne,White,4,19.25,-13.27500057,13.20000005,-0.037500262,14.51208579,1,0,26.47500062,0,0,2022,Sep,Q3,Year2,NA
9/11/2022,Cheyenne,Black,3,24,5.099999865,30.26666641,17.68333314,3.321270021,1,1,25.16666655,0,0,2022,Sep,Q3,Year2,NA
9/11/2022,Cheyenne,White,4,23.5,6.199999928,24,15.09999996,0.793725362,1,0,17.80000007,0,0,2022,Sep,Q3,Year2,NA
9/12/2022,Cheyenne,Black,4,24,12.7249999,32.24999952,22.48749971,0.539096157,1,1,19.52499962,0,0,2022,Sep,Q3,Year2,NA
9/12/2022,Cheyenne,White,4,24,10.85000014,25.95000029,18.40000021,0.122474435,1,1,15.10000014,0,0,2022,Sep,Q3,Year2,NA
9/13/2022,Cheyenne,Black,4,24,14.45000005,30.2750001,22.36250007,0.292617657,1,1,15.82500005,0,0,2022,Sep,Q3,Year2,NA
9/13/2022,Cheyenne,White,4,24,12.1500001,24.84999943,18.49999976,0.191485239,1,1,12.69999933,0,0,2022,Sep,Q3,Year2,NA
9/14/2022,Cheyenne,Black,4,24,13.09999999,27.125,20.1125,4.21433541,1,1,14.02500001,0,0,2022,Sep,Q3,Year2,NA
9/14/2022,Cheyenne,White,4,23.75,9.875,22.89999962,16.38749981,5.462351892,1,0,13.02499962,0,0,2022,Sep,Q3,Year2,NA
9/15/2022,Cheyenne,Black,4,24,14.6500001,26.17499971,20.4124999,0.744283915,1,1,11.52499962,0,0,2022,Sep,Q3,Year2,NA
9/15/2022,Cheyenne,White,4,24,1,22.05000019,11.5250001,12.68506346,1,1,21.05000019,0,0,2022,Sep,Q3,Year2,NA
9/16/2022,Cheyenne,Black,4,24,13.4749999,24.94999981,19.21249986,1.055442002,1,1,11.4749999,0,0,2022,Sep,Q3,Year2,NA
9/16/2022,Cheyenne,White,4,24,11.95000005,20.95000029,16.45000017,0.884119185,1,1,9.000000238,0,0,2022,Sep,Q3,Year2,NA
9/17/2022,Cheyenne,Black,4,24,13.35000014,27.75,20.55000007,0.339116551,1,1,14.39999986,0,0,2022,Sep,Q3,Year2,NA
9/17/2022,Cheyenne,White,4,24,10.7249999,23.47500038,17.10000014,1.420680537,1,1,12.75000048,0,0,2022,Sep,Q3,Year2,NA
9/18/2022,Cheyenne,Black,4,24,14.625,29.125,21.875,0.739932266,1,1,14.5,0,0,2022,Sep,Q3,Year2,NA
9/18/2022,Cheyenne,White,4,24,12.97500014,24.5,18.73750007,0.676233591,1,1,11.52499986,0,0,2022,Sep,Q3,Year2,NA
9/19/2022,Cheyenne,Black,4,24,15.92500019,29.44999981,22.6875,0.590726953,1,1,13.52499962,0,0,2022,Sep,Q3,Year2,NA
9/19/2022,Cheyenne,White,4,24,14.12499976,24.92499971,19.52499974,0.763216742,1,1,10.79999995,0,0,2022,Sep,Q3,Year2,NA
9/20/2022,Cheyenne,Black,4,24,16.65000057,27.57499981,22.11250019,0.390245722,1,1,10.92499924,0,0,2022,Sep,Q3,Year2,NA
9/20/2022,Cheyenne,White,4,24,14.79999995,23.7750001,19.28750002,0.460751537,1,1,8.975000143,0,0,2022,Sep,Q3,Year2,NA
9/21/2022,Cheyenne,Black,4,24,12.19999981,20.375,16.2874999,1.745171772,1,1,8.175000191,0,0,2022,Sep,Q3,Year2,NA
9/21/2022,Cheyenne,White,4,22.75,1.599999905,18.02499962,9.812499762,10.98016215,1,0,16.42499971,0,0,2022,Sep,Q3,Year2,NA
9/22/2022,Cheyenne,Black,4,24,10.42499995,19.90000057,15.16250026,1.208563248,1,1,9.47500062,0,0,2022,Sep,Q3,Year2,NA
9/22/2022,Cheyenne,White,4,24,9.824999809,16.9749999,13.39999986,0.657013459,1,1,7.150000095,0,0,2022,Sep,Q3,Year2,NA
9/23/2022,Cheyenne,Black,4,24,9.674999952,23.875,16.77499998,0.939414721,1,1,14.20000005,0,0,2022,Sep,Q3,Year2,NA
9/23/2022,Cheyenne,White,4,24,8.800000191,19.7750001,14.28750014,0.567707317,1,1,10.9749999,0,0,2022,Sep,Q3,Year2,NA
9/24/2022,Cheyenne,Black,4,24,10.22500014,26.32499981,18.27499998,1.092779467,1,1,16.09999967,0,0,2022,Sep,Q3,Year2,NA
9/24/2022,Cheyenne,White,4,24,9.049999952,20.9749999,15.01249993,0.662539462,1,1,11.92499995,0,0,2022,Sep,Q3,Year2,NA
9/25/2022,Cheyenne,Black,4,24,11.29999995,27.0999999,19.19999993,0.477842217,1,1,15.79999995,0,0,2022,Sep,Q3,Year2,NA
9/25/2022,Cheyenne,White,4,24,9.75,21.8499999,15.79999995,0.735980072,1,1,12.0999999,0,0,2022,Sep,Q3,Year2,NA
9/26/2022,Cheyenne,Black,4,24,12.3499999,26.69999981,19.52499986,0.417332565,1,1,14.3499999,0,0,2022,Sep,Q3,Year2,NA
9/26/2022,Cheyenne,White,4,24,10.625,21.89999962,16.26249981,0.488833844,1,1,11.27499962,0,0,2022,Sep,Q3,Year2,NA
9/27/2022,Cheyenne,Black,4,24,12.25000024,25.99999952,19.12499988,0.28722819,1,1,13.74999928,0,0,2022,Sep,Q3,Year2,NA
9/27/2022,Cheyenne,White,4,24,10.57500029,21.4000001,15.98750019,0.16520207,1,1,10.82499981,0,0,2022,Sep,Q3,Year2,NA
9/28/2022,Cheyenne,Black,4,16.5,13.625,21.4000001,17.51250005,1.173580501,1,0,7.775000095,0,0,2022,Sep,Q3,Year2,NA
9/28/2022,Cheyenne,White,4,16.5,11.92499995,18.14999962,15.03749979,0.438510765,1,0,6.224999666,0,0,2022,Sep,Q3,Year2,NA
9/29/2022,Cheyenne,Black,2,10,15.1500001,17.44999981,16.29999995,0.636396171,0,0,2.299999714,0,0,2022,Sep,Q3,Year2,NA
9/29/2022,Cheyenne,White,2,10,13.5,15.05000019,14.2750001,0.176776695,0,0,1.550000191,1,0,2022,Sep,Q3,Year2,NA
11/9/2022,Cheyenne,Black,4,10,3.749999881,11.94999981,7.849999845,0.348807558,1,0,8.199999928,0,0,2022,Nov,Q4,Year2,NA
11/9/2022,Cheyenne,White,4,10,2.824999988,8.700000048,5.762500018,0.205649489,1,0,5.87500006,0,0,2022,Nov,Q4,Year2,NA
11/10/2022,Cheyenne,Black,4,24,-1.024999991,7.825000048,3.400000028,0.530722746,1,1,8.850000039,0,0,2022,Nov,Q4,Year2,NA
11/10/2022,Cheyenne,White,4,23.25,-0.799999982,5.549999952,2.374999985,0.585235046,1,0,6.349999934,0,0,2022,Nov,Q4,Year2,NA
11/11/2022,Cheyenne,Black,4,24,-3.424999952,5.599999905,1.087499976,0.488833572,1,1,9.024999857,0,0,2022,Nov,Q4,Year2,NA
11/11/2022,Cheyenne,White,4,20.75,-3.125,1.549999982,-0.787500009,0.325000032,1,0,4.674999982,0,0,2022,Nov,Q4,Year2,NA
11/12/2022,Cheyenne,Black,4,24,-4.224999964,6.399999976,1.087500006,0.460751198,1,1,10.62499994,0,0,2022,Nov,Q4,Year2,NA
11/12/2022,Cheyenne,White,4,22,-4.149999976,2.075000018,-1.037499979,0.30923292,1,0,6.224999994,0,0,2022,Nov,Q4,Year2,NA
11/13/2022,Cheyenne,Black,4,24,-0.900000002,6.874999881,2.987499939,0.268871099,1,1,7.774999883,0,0,2022,Nov,Q4,Year2,NA
11/13/2022,Cheyenne,White,4,23.75,-1.424999982,3.475000024,1.025000021,0.312249846,1,0,4.900000006,0,0,2022,Nov,Q4,Year2,NA
11/14/2022,Cheyenne,Black,4,24,-2.675000042,4.74999994,1.037499949,0.388104447,1,1,7.424999982,0,0,2022,Nov,Q4,Year2,NA
11/14/2022,Cheyenne,White,4,20.5,-2.400000006,1.050000012,-0.674999997,0.466368965,1,0,3.450000018,0,0,2022,Nov,Q4,Year2,NA
11/15/2022,Cheyenne,Black,4,24,-2.075000048,2.62500006,0.275000006,0.401040325,1,1,4.700000107,0,0,2022,Nov,Q4,Year2,NA
11/15/2022,Cheyenne,White,4,20,-1.875,0.325000003,-0.774999999,0.490747727,1,0,2.200000003,0,0,2022,Nov,Q4,Year2,NA
11/16/2022,Cheyenne,Black,4,24,-2.174999982,2.049999997,-0.062499993,0.415080306,1,1,4.224999979,0,0,2022,Nov,Q4,Year2,NA
11/16/2022,Cheyenne,White,4,23.5,-2.5,0.325000003,-1.087499999,0.265753682,1,0,2.825000003,0,0,2022,Nov,Q4,Year2,NA
11/17/2022,Cheyenne,Black,4,24,-2.024999976,-0.350000005,-1.187499991,0.625000008,1,1,1.674999971,1,0,2022,Nov,Q4,Year2,NA
11/17/2022,Cheyenne,White,4,22.75,-2.299999982,-0.950000018,-1.625,0.409267671,1,0,1.349999964,1,0,2022,Nov,Q4,Year2,NA
11/18/2022,Cheyenne,Black,4,24,-4.350000024,-0.975000005,-2.662500015,0.686021182,1,1,3.375000019,0,0,2022,Nov,Q4,Year2,NA
11/18/2022,Cheyenne,White,4,20.25,-4.724999905,-1.625,-3.174999952,0.259807668,1,0,3.099999905,0,0,2022,Nov,Q4,Year2,NA
11/19/2022,Cheyenne,Black,4,24,-4.450000048,1.075000003,-1.687500022,0.700446251,1,1,5.525000051,0,0,2022,Nov,Q4,Year2,NA
11/19/2022,Cheyenne,White,4,20.25,-4.674999952,-0.275,-2.474999976,0.295803947,1,0,4.399999952,0,0,2022,Nov,Q4,Year2,NA
11/20/2022,Cheyenne,Black,4,24,-4.899999857,5.25,0.175000072,0.764307991,1,1,10.14999986,0,0,2022,Nov,Q4,Year2,NA
11/20/2022,Cheyenne,White,4,21,-5.600000024,1.375000015,-2.112500004,0.286865282,1,0,6.975000039,0,0,2022,Nov,Q4,Year2,NA
11/21/2022,Cheyenne,Black,4,24,-3.675000012,3.975000024,0.150000006,0.540061718,1,1,7.650000036,0,0,2022,Nov,Q4,Year2,NA
11/21/2022,Cheyenne,White,4,23,-4.500000119,1.200000033,-1.650000043,0.182574246,1,0,5.700000152,0,0,2022,Nov,Q4,Year2,NA
11/22/2022,Cheyenne,Black,4,24,-2.449999958,6.450000048,2.000000045,0.362859025,1,1,8.900000006,0,0,2022,Nov,Q4,Year2,NA
11/22/2022,Cheyenne,White,4,24,-3.274999976,2.424999982,-0.424999997,0.259807639,1,1,5.699999958,0,0,2022,Nov,Q4,Year2,NA
11/23/2022,Cheyenne,Black,4,24,-1.62500003,1.775000006,0.074999988,0.425245028,1,1,3.400000036,0,0,2022,Nov,Q4,Year2,NA
11/23/2022,Cheyenne,White,4,24,-2.325000018,0.325000009,-1.000000005,0.234520804,1,1,2.650000026,0,0,2022,Nov,Q4,Year2,NA
11/24/2022,Cheyenne,Black,4,24,-0.274999999,5.775000095,2.750000048,0.147196007,1,1,6.050000094,0,0,2022,Nov,Q4,Year2,NA
11/24/2022,Cheyenne,White,4,24,-0.949999996,1.900000036,0.47500002,0.275378557,1,1,2.850000031,0,0,2022,Nov,Q4,Year2,NA
11/25/2022,Cheyenne,Black,4,24,-0.675000012,10.22500014,4.775000066,0.342782667,1,1,10.90000015,0,0,2022,Nov,Q4,Year2,NA
11/25/2022,Cheyenne,White,4,24,-1.099999994,5.100000024,2.000000015,0.291547661,1,1,6.200000018,0,0,2022,Nov,Q4,Year2,NA
11/26/2022,Cheyenne,Black,4,24,0.625,7.799999952,4.212499976,0.170171378,1,1,7.174999952,0,0,2022,Nov,Q4,Year2,NA
11/26/2022,Cheyenne,White,4,24,-0.400000002,5.125000119,2.362500058,0.274999962,1,1,5.525000121,0,0,2022,Nov,Q4,Year2,NA
11/27/2022,Cheyenne,Black,4,24,1.37499997,6.199999928,3.787499949,0.110867762,1,1,4.824999958,0,0,2022,Nov,Q4,Year2,NA
11/27/2022,Cheyenne,White,4,24,0.350000003,3.87499994,2.112499972,0.239356758,1,1,3.524999937,0,0,2022,Nov,Q4,Year2,NA
11/28/2022,Cheyenne,Black,4,24,-0.324999982,5.424999952,2.549999985,0.331662439,1,1,5.749999935,0,0,2022,Nov,Q4,Year2,NA
11/28/2022,Cheyenne,White,4,24,-0.575000009,3.5,1.462499996,0.268871087,1,1,4.075000009,0,0,2022,Nov,Q4,Year2,NA
11/29/2022,Cheyenne,Black,4,24,-0.200000007,0.800000012,0.300000003,0.514781518,1,1,1.000000019,1,0,2022,Nov,Q4,Year2,NA
11/29/2022,Cheyenne,White,4,24,-0.52500001,0.125,-0.200000005,0.41028446,1,1,0.65000001,1,1,2022,Nov,Q4,Year2,NA
11/30/2022,Cheyenne,Black,4,24,-0.949999969,-0.075000012,-0.512499991,0.693271223,1,1,0.874999957,1,1,2022,Nov,Q4,Year2,NA
11/30/2022,Cheyenne,White,4,24,-0.925000021,-0.325000003,-0.625000012,0.53774221,1,1,0.600000018,1,1,2022,Nov,Q4,Year2,NA
12/1/2022,Cheyenne,Black,4,24,-0.674999993,0.200000009,-0.237499992,0.47675116,1,1,0.875000002,1,1,2022,Dec,Q4,Year2,NA
12/1/2022,Cheyenne,White,4,24,-0.75000003,-0.049999999,-0.400000014,0.460072471,1,1,0.700000031,1,1,2022,Dec,Q4,Year2,NA
12/2/2022,Cheyenne,Black,4,24,-3.425000072,0.425000006,-1.500000033,0.558271161,1,1,3.850000078,0,0,2022,Dec,Q4,Year2,NA
12/2/2022,Cheyenne,White,4,23.75,-3.25,0.099999998,-1.575000001,0.444409682,1,0,3.349999998,0,0,2022,Dec,Q4,Year2,NA
12/3/2022,Cheyenne,Black,4,24,-4.849999905,2.375000045,-1.23749993,0.352077153,1,1,7.224999949,0,0,2022,Dec,Q4,Year2,NA
12/3/2022,Cheyenne,White,4,23,-4.525000095,0.800000012,-1.862500042,0.252899866,1,0,5.325000107,0,0,2022,Dec,Q4,Year2,NA
12/4/2022,Cheyenne,Black,4,24,-1.100000024,5.75,2.324999988,0.095742702,1,1,6.850000024,0,0,2022,Dec,Q4,Year2,NA
12/4/2022,Cheyenne,White,4,24,-1.299999997,2.449999988,0.574999996,0.298607893,1,1,3.749999985,0,0,2022,Dec,Q4,Year2,NA
12/5/2022,Cheyenne,Black,4,24,0.974999994,5.25,3.112499997,0.110867748,1,1,4.275000006,0,0,2022,Dec,Q4,Year2,NA
12/5/2022,Cheyenne,White,4,24,-0.050000001,3.199999928,1.574999964,0.239791588,1,1,3.249999929,0,0,2022,Dec,Q4,Year2,NA
12/6/2022,Cheyenne,Black,4,24,-0.524999999,3.924999893,1.699999947,0.212132046,1,1,4.449999891,0,0,2022,Dec,Q4,Year2,NA
12/6/2022,Cheyenne,White,4,24,-0.6,2.150000006,0.775000003,0.284312022,1,1,2.750000006,0,0,2022,Dec,Q4,Year2,NA
12/7/2022,Cheyenne,Black,4,24,-1.949999988,3.449999988,0.75,0.122474468,1,1,5.399999976,0,0,2022,Dec,Q4,Year2,NA
12/7/2022,Cheyenne,White,4,21.25,-1.524999976,1.324999988,-0.099999994,0.2677063,1,0,2.849999964,0,0,2022,Dec,Q4,Year2,NA
12/8/2022,Cheyenne,Black,4,24,-2.200000018,1.949999988,-0.125000015,0.290114919,1,1,4.150000006,0,0,2022,Dec,Q4,Year2,NA
12/8/2022,Cheyenne,White,4,23.25,-2.049999982,0.625000004,-0.712499989,0.303795445,1,0,2.674999986,0,0,2022,Dec,Q4,Year2,NA
12/9/2022,Cheyenne,Black,4,24,-4.300000072,2.325000003,-0.987500034,0.262599183,1,1,6.625000075,0,0,2022,Dec,Q4,Year2,NA
12/9/2022,Cheyenne,White,4,21.75,-3.87499994,0.899999999,-1.487499971,0.26575361,1,0,4.774999939,0,0,2022,Dec,Q4,Year2,NA
12/10/2022,Cheyenne,Black,4,24,-3.325000048,2.275000006,-0.525000021,0.262995576,1,1,5.600000054,0,0,2022,Dec,Q4,Year2,NA
12/10/2022,Cheyenne,White,4,22,-3.350000024,0.800000016,-1.275000004,0.312249881,1,0,4.150000039,0,0,2022,Dec,Q4,Year2,NA
12/11/2022,Cheyenne,Black,4,24,-3.24999994,4.625,0.68750003,0.342478718,1,1,7.87499994,0,0,2022,Dec,Q4,Year2,NA
12/11/2022,Cheyenne,White,4,24,-3.574999988,2.025000036,-0.774999976,0.298607922,1,1,5.600000024,0,0,2022,Dec,Q4,Year2,NA
12/12/2022,Cheyenne,Black,4,24,-1.475000024,1.849999994,0.187499985,0.280995241,1,1,3.325000018,0,0,2022,Dec,Q4,Year2,NA
12/12/2022,Cheyenne,White,4,24,-1.899999946,0.45000001,-0.724999968,0.27233558,1,1,2.349999957,0,0,2022,Dec,Q4,Year2,NA
12/13/2022,Cheyenne,Black,4,24,-4.50000006,-1.724999979,-3.112500019,0.731864091,1,1,2.77500008,0,0,2022,Dec,Q4,Year2,NA
12/13/2022,Cheyenne,White,4,18.5,-4.149999917,-2.12499997,-3.137499943,0.770686878,1,0,2.024999946,0,0,2022,Dec,Q4,Year2,NA
12/14/2022,Cheyenne,Black,4,24,-4.449999988,-1.775000006,-3.112499997,0.423034703,1,1,2.674999982,0,0,2022,Dec,Q4,Year2,NA
12/14/2022,Cheyenne,White,4,22.25,-4.599999905,-2.325000048,-3.462499976,0.366003151,1,0,2.274999857,0,0,2022,Dec,Q4,Year2,NA
12/15/2022,Cheyenne,Black,4,24,-6.125,-2.224999964,-4.174999982,0.47696961,1,1,3.900000036,0,0,2022,Dec,Q4,Year2,NA
12/15/2022,Cheyenne,White,4,22.5,-6.174999952,-3.049999952,-4.612499952,0.507239326,1,0,3.125,0,0,2022,Dec,Q4,Year2,NA
12/16/2022,Cheyenne,Black,4,24,-6.650000095,-2.899999976,-4.775000036,0.417332717,1,1,3.750000119,0,0,2022,Dec,Q4,Year2,NA
12/16/2022,Cheyenne,White,4,20.25,-6.799999952,-3.799999952,-5.299999952,0.254951013,1,0,3,0,0,2022,Dec,Q4,Year2,NA
12/17/2022,Cheyenne,Black,4,24,-6.75,-0.4,-3.575,0.23979158,1,1,6.35,0,0,2022,Dec,Q4,Year2,NA
12/17/2022,Cheyenne,White,4,22,-9.174999952,-1.775000036,-5.474999994,1.533242823,1,0,7.399999917,0,0,2022,Dec,Q4,Year2,NA
12/18/2022,Cheyenne,Black,4,24,-7.299999952,-0.449999992,-3.874999972,0.170782467,1,1,6.849999961,0,0,2022,Dec,Q4,Year2,NA
12/18/2022,Cheyenne,White,4,20.5,-7.625000119,-1.525000006,-4.575000063,0.417332759,1,0,6.100000113,0,0,2022,Dec,Q4,Year2,NA
12/19/2022,Cheyenne,Black,4,24,-6.524999976,-0.124999994,-3.324999985,0.184842336,1,1,6.399999982,0,0,2022,Dec,Q4,Year2,NA
12/19/2022,Cheyenne,White,4,22,-6.600000024,-1.074999988,-3.837500006,0.582201246,1,0,5.525000036,0,0,2022,Dec,Q4,Year2,NA
12/20/2022,Cheyenne,Black,4,24,-4.574999928,0.049999999,-2.262499965,0.103077723,1,1,4.624999927,0,0,2022,Dec,Q4,Year2,NA
12/20/2022,Cheyenne,White,4,21.25,-4.875000119,-0.675000001,-2.77500006,0.327871881,1,0,4.200000118,0,0,2022,Dec,Q4,Year2,NA
12/21/2022,Cheyenne,Black,4,22.5,-7.949999928,0.775000006,-3.587499961,0.954266719,1,0,8.724999934,0,0,2022,Dec,Q4,Year2,NA
12/21/2022,Cheyenne,White,4,19.25,-7.62499994,-0.050000003,-3.837499972,2.022529382,1,0,7.574999938,0,0,2022,Dec,Q4,Year2,NA
12/22/2022,Cheyenne,Black,4,19.5,-12.875,-8.974999905,-10.92499995,1.037223916,1,0,3.900000095,0,0,2022,Dec,Q4,Year2,NA
12/22/2022,Cheyenne,White,4,18.5,-13.29999995,-10.125,-11.71249998,1.36037664,1,0,3.174999952,0,0,2022,Dec,Q4,Year2,NA
12/23/2022,Cheyenne,Black,4,23.5,-13.65000033,-6.275000095,-9.962500215,0.772846496,1,0,7.375000238,0,0,2022,Dec,Q4,Year2,NA
12/23/2022,Cheyenne,White,3,24,-14.0666666,-8.400000254,-11.23333343,0.553021962,1,1,5.666666349,0,0,2022,Dec,Q4,Year2,NA
12/24/2022,Cheyenne,Black,4,24,-7.699999928,-0.375,-4.037499964,0.201556493,1,1,7.324999928,0,0,2022,Dec,Q4,Year2,NA
12/24/2022,Cheyenne,White,4,22.25,-7.975000143,-1.474999994,-4.725000069,0.94207215,1,0,6.500000149,0,0,2022,Dec,Q4,Year2,NA
12/25/2022,Cheyenne,Black,4,24,-3.925000072,0.575000009,-1.675000031,0.210158677,1,1,4.50000008,0,0,2022,Dec,Q4,Year2,NA
12/25/2022,Cheyenne,White,4,24,-4.525000095,-0.074999988,-2.300000042,0.414326766,1,1,4.450000107,0,0,2022,Dec,Q4,Year2,NA
12/26/2022,Cheyenne,Black,4,24,-2.699999928,2.125000015,-0.287499957,0.262599181,1,1,4.824999943,0,0,2022,Dec,Q4,Year2,NA
12/26/2022,Cheyenne,White,4,24,-3.049999952,0.649999991,-1.199999981,0.399999981,1,1,3.699999943,0,0,2022,Dec,Q4,Year2,NA
12/27/2022,Cheyenne,Black,4,24,-0.950000003,4.074999988,1.562499993,0.286865233,1,1,5.024999991,0,0,2022,Dec,Q4,Year2,NA
12/27/2022,Cheyenne,White,4,24,-1.400000021,2.049999952,0.324999966,0.417332785,1,1,3.449999973,0,0,2022,Dec,Q4,Year2,NA
12/28/2022,Cheyenne,Black,4,24,0.225000001,4.449999928,2.337499965,0.118145398,1,1,4.224999927,0,0,2022,Dec,Q4,Year2,NA
12/28/2022,Cheyenne,White,4,24,-0.074999999,2.524999976,1.224999988,0.421307464,1,1,2.599999975,0,0,2022,Dec,Q4,Year2,NA
12/29/2022,Cheyenne,Black,4,24,-2.825000018,1.624999955,-0.600000031,0.24832775,1,1,4.449999973,0,0,2022,Dec,Q4,Year2,NA
12/29/2022,Cheyenne,White,4,24,-3.025000036,0.5,-1.262500018,0.436606238,1,1,3.525000036,0,0,2022,Dec,Q4,Year2,NA
12/30/2022,Cheyenne,Black,4,24,-3.949999928,1.199999973,-1.374999978,0.028867563,1,1,5.149999902,0,0,2022,Dec,Q4,Year2,NA
12/30/2022,Cheyenne,White,4,24,-4.275000036,5.59E-09,-2.137500015,0.303795493,1,1,4.275000041,0,0,2022,Dec,Q4,Year2,NA
12/31/2022,Cheyenne,Black,4,24,-1.225000009,3.549999952,1.162499972,0.356779554,1,1,4.774999961,0,0,2022,Dec,Q4,Year2,NA
12/31/2022,Cheyenne,White,4,24,-1.549999982,1.800000012,0.125000015,0.322748601,1,1,3.349999994,0,0,2022,Dec,Q4,Year2,NA
1/1/2023,Cheyenne,Black,4,24,-0.424999995,0.300000004,-0.062499995,0.268871092,1,1,0.725,1,1,2023,Jan,Q1,Year2,NA
1/1/2023,Cheyenne,White,4,24,-0.675000001,0.050000001,-0.3125,0.327554068,1,1,0.725000001,1,1,2023,Jan,Q1,Year2,NA
1/2/2023,Cheyenne,Black,4,24,-1.449999988,-0.550000012,-1,0.433973893,1,1,0.899999976,1,1,2023,Jan,Q1,Year2,NA
1/2/2023,Cheyenne,White,4,24,-1.574999988,-0.775000006,-1.174999997,0.375277667,1,1,0.799999982,1,1,2023,Jan,Q1,Year2,NA
1/3/2023,Cheyenne,Black,4,24,-2.025000036,-0.775000006,-1.400000021,0.329140297,1,1,1.25000003,1,0,2023,Jan,Q1,Year2,NA
1/3/2023,Cheyenne,White,4,24,-2.100000024,-1.024999991,-1.562500007,0.259406405,1,1,1.075000033,1,0,2023,Jan,Q1,Year2,NA
1/4/2023,Cheyenne,Black,4,24,-3.975000024,-1.25,-2.612500012,0.566237522,1,1,2.725000024,0,0,2023,Jan,Q1,Year2,NA
1/4/2023,Cheyenne,White,4,24,-3.799999952,-1.474999964,-2.637499958,0.165201917,1,1,2.324999988,0,0,2023,Jan,Q1,Year2,NA
1/5/2023,Cheyenne,Black,4,24,-4.37499994,-1.424999982,-2.899999961,0.561248586,1,1,2.949999958,0,0,2023,Jan,Q1,Year2,NA
1/5/2023,Cheyenne,White,4,24,-4.225000024,-1.650000006,-2.937500015,0.137689329,1,1,2.575000018,0,0,2023,Jan,Q1,Year2,NA
1/6/2023,Cheyenne,Black,4,24,-2.875,-0.40000001,-1.637500005,0.327554035,1,1,2.47499999,0,0,2023,Jan,Q1,Year2,NA
1/6/2023,Cheyenne,White,4,24,-2.824999928,-0.675000019,-1.749999974,0.264575137,1,1,2.149999909,0,0,2023,Jan,Q1,Year2,NA
1/7/2023,Cheyenne,Black,4,24,-1.375,0.225000011,-0.574999995,0.469929063,1,1,1.600000011,1,0,2023,Jan,Q1,Year2,NA
1/7/2023,Cheyenne,White,4,24,-1.775000006,-0.350000005,-1.062500006,0.225000008,1,1,1.425000001,1,0,2023,Jan,Q1,Year2,NA
1/8/2023,Cheyenne,Black,4,24,-4.049999952,1.699999947,-1.175000003,0.149999943,1,1,5.749999899,0,0,2023,Jan,Q1,Year2,NA
1/8/2023,Cheyenne,White,4,24,-3.399999976,-0.250000004,-1.82499999,0.272335555,1,1,3.149999972,0,0,2023,Jan,Q1,Year2,NA
1/9/2023,Cheyenne,Black,4,24,-0.875000015,2.074999988,0.599999987,0.636396107,1,1,2.950000003,0,0,2023,Jan,Q1,Year2,NA
1/9/2023,Cheyenne,White,4,24,-1.924999982,0.425000012,-0.749999985,0.238047613,1,1,2.349999994,0,0,2023,Jan,Q1,Year2,NA
1/10/2023,Cheyenne,Black,4,24,-0.050000003,4.774999917,2.362499957,0.409013028,1,1,4.824999919,0,0,2023,Jan,Q1,Year2,NA
1/10/2023,Cheyenne,White,4,24,-0.674999991,1.824999973,0.574999991,0.38405728,1,1,2.499999965,0,0,2023,Jan,Q1,Year2,NA
1/11/2023,Cheyenne,Black,4,24,0.200000001,0.425000004,0.312500003,0.221265303,1,1,0.225000003,1,1,2023,Jan,Q1,Year2,NA
1/11/2023,Cheyenne,White,4,24,-0.149999999,0.1,-0.024999999,0.359397645,1,1,0.249999998,1,1,2023,Jan,Q1,Year2,NA
1/12/2023,Cheyenne,Black,4,24,-0.050000003,0.200000001,0.074999999,0.253311408,1,1,0.250000004,1,1,2023,Jan,Q1,Year2,NA
1/12/2023,Cheyenne,White,4,24,-0.575000003,-0.025000002,-0.300000003,0.371931899,1,1,0.550000001,1,1,2023,Jan,Q1,Year2,NA
1/13/2023,Cheyenne,Black,4,24,-0.225000001,0.200000003,-0.012499999,0.213600095,1,1,0.425000004,1,1,2023,Jan,Q1,Year2,NA
1/13/2023,Cheyenne,White,4,24,-0.750000004,0,-0.375000002,0.306865884,1,1,0.750000004,1,1,2023,Jan,Q1,Year2,NA
1/14/2023,Cheyenne,Black,4,24,-0.275,2.750000045,1.237500022,0.807645801,1,1,3.025000045,0,0,2023,Jan,Q1,Year2,NA
1/14/2023,Cheyenne,White,4,24,-0.824999988,0.524999995,-0.149999997,0.273861277,1,1,1.349999983,1,0,2023,Jan,Q1,Year2,NA
1/15/2023,Cheyenne,Black,4,24,0.500000004,2.625,1.562500002,0.103077641,1,1,2.124999996,0,0,2023,Jan,Q1,Year2,NA
1/15/2023,Cheyenne,White,4,24,0.150000006,0.325000007,0.237500006,0.271952825,1,1,0.175000001,1,1,2023,Jan,Q1,Year2,NA
1/16/2023,Cheyenne,Black,4,24,0.224999998,3.949999988,2.087499993,0.074999988,1,1,3.72499999,0,0,2023,Jan,Q1,Year2,NA
1/16/2023,Cheyenne,White,4,24,-0.32499999,0.375000004,0.025000007,0.379692859,1,1,0.699999994,1,1,2023,Jan,Q1,Year2,NA
1/17/2023,Cheyenne,Black,4,24,-0.250000004,0.725000009,0.237500003,0.359107693,1,1,0.975000013,1,1,2023,Jan,Q1,Year2,NA
1/17/2023,Cheyenne,White,4,24,-1.674999982,0.150000006,-0.762499988,0.678693588,1,1,1.824999988,1,0,2023,Jan,Q1,Year2,NA
1/18/2023,Cheyenne,Black,4,24,0.225000009,0.350000003,0.287500006,0.259406375,1,1,0.124999994,1,1,2023,Jan,Q1,Year2,NA
1/18/2023,Cheyenne,White,4,24,-1.075000003,-0.025000002,-0.550000003,0.540061722,1,1,1.050000001,1,0,2023,Jan,Q1,Year2,NA
1/19/2023,Cheyenne,Black,4,24,-1.400000006,0.199999997,-0.600000004,1.130634051,1,1,1.600000003,1,0,2023,Jan,Q1,Year2,NA
1/19/2023,Cheyenne,White,4,24,-3.399999917,-0.550000001,-1.974999959,0.876070734,1,1,2.849999916,0,0,2023,Jan,Q1,Year2,NA
1/20/2023,Cheyenne,Black,4,24,-2.925000075,-0.324999988,-1.625000032,1.899780716,1,1,2.600000087,0,0,2023,Jan,Q1,Year2,NA
1/20/2023,Cheyenne,White,4,24,-5.024999976,-1.424999997,-3.224999987,0.76430792,1,1,3.599999979,0,0,2023,Jan,Q1,Year2,NA
1/21/2023,Cheyenne,Black,4,24,-2.650000006,-0.749999993,-1.699999999,1.549731139,1,1,1.900000013,1,0,2023,Jan,Q1,Year2,NA
1/21/2023,Cheyenne,White,4,24,-4.649999917,-1.549999982,-3.099999949,0.705927249,1,1,3.099999934,0,0,2023,Jan,Q1,Year2,NA
1/22/2023,Cheyenne,Black,4,24,-2.800000042,-0.225000001,-1.512500022,1.037926617,1,1,2.57500004,0,0,2023,Jan,Q1,Year2,NA
1/22/2023,Cheyenne,White,4,24,-4.275000036,-1.049999982,-2.662500009,0.432772124,1,1,3.225000054,0,0,2023,Jan,Q1,Year2,NA
1/23/2023,Cheyenne,Black,4,24,-2.274999961,-0.475000009,-1.374999985,0.766485482,1,1,1.799999952,1,0,2023,Jan,Q1,Year2,NA
1/23/2023,Cheyenne,White,4,24,-3.825000048,-1.200000033,-2.51250004,0.432772085,1,1,2.625000015,0,0,2023,Jan,Q1,Year2,NA
1/24/2023,Cheyenne,Black,4,24,-4.12499994,-0.850000009,-2.487499975,1.355467292,1,1,3.274999931,0,0,2023,Jan,Q1,Year2,NA
1/24/2023,Cheyenne,White,4,24,-5.725000024,-1.925000012,-3.825000018,0.766485487,1,1,3.800000012,0,0,2023,Jan,Q1,Year2,NA
1/25/2023,Cheyenne,Black,4,24,-4.25,-1.674999982,-2.962499991,1.35177353,1,1,2.575000018,0,0,2023,Jan,Q1,Year2,NA
1/25/2023,Cheyenne,White,4,24,-5.974999905,-2.824999988,-4.399999946,0.803118802,1,1,3.149999917,0,0,2023,Jan,Q1,Year2,NA
1/26/2023,Cheyenne,Black,4,24,-5,-1.949999988,-3.474999994,1.44481836,1,1,3.050000012,0,0,2023,Jan,Q1,Year2,NA
1/26/2023,Cheyenne,White,4,24,-6.575000167,-2.87499994,-4.725000054,0.780491316,1,1,3.700000226,0,0,2023,Jan,Q1,Year2,NA
1/27/2023,Cheyenne,Black,4,24,-3.774999976,-0.975000009,-2.374999993,0.595118989,1,1,2.799999967,0,0,2023,Jan,Q1,Year2,NA
1/27/2023,Cheyenne,White,4,24,-4.87499994,-1.425000012,-3.149999976,0.371931905,1,1,3.449999928,0,0,2023,Jan,Q1,Year2,NA
1/28/2023,Cheyenne,Black,4,24,-4.125,-1.474999994,-2.799999997,0.474341624,1,1,2.650000006,0,0,2023,Jan,Q1,Year2,NA
1/28/2023,Cheyenne,White,4,24,-5.375,-2.625,-4,0.511533546,1,1,2.75,0,0,2023,Jan,Q1,Year2,NA
1/29/2023,Cheyenne,Black,4,24,-3.550000012,-2.449999988,-3,0.470814933,1,1,1.100000024,1,0,2023,Jan,Q1,Year2,NA
1/29/2023,Cheyenne,White,4,24,-4.525000036,-3.550000012,-4.037500024,0.564763946,1,1,0.975000024,1,1,2023,Jan,Q1,Year2,NA
1/30/2023,Cheyenne,Black,4,24,-3.650000036,-3.025000036,-3.337500036,0.67128612,1,1,0.625,1,1,2023,Jan,Q1,Year2,NA
1/30/2023,Cheyenne,White,4,24,-4.574999988,-3.650000036,-4.112500012,0.61829743,1,1,0.924999952,1,1,2023,Jan,Q1,Year2,NA
1/31/2023,Cheyenne,Black,4,24,-4.274999976,-3.24999994,-3.762499958,0.769604841,1,1,1.025000036,1,0,2023,Jan,Q1,Year2,NA
1/31/2023,Cheyenne,White,4,24,-5.399999976,-3.775000095,-4.587500036,0.940190655,1,1,1.624999881,1,0,2023,Jan,Q1,Year2,NA
2/1/2023,Cheyenne,Black,4,24,-4.099999964,-2.924999952,-3.512499958,0.85476604,1,1,1.175000012,1,0,2023,Feb,Q1,Year2,NA
2/1/2023,Cheyenne,White,4,24,-5.475000024,-3.700000048,-4.587500036,1.338142351,1,1,1.774999976,1,0,2023,Feb,Q1,Year2,NA
2/2/2023,Cheyenne,Black,4,24,-3.525000036,-2.62499997,-3.075000003,0.730867097,1,1,0.900000066,1,1,2023,Feb,Q1,Year2,NA
2/2/2023,Cheyenne,White,4,24,-5.000000119,-3.300000012,-4.150000066,0.928260095,1,1,1.700000107,1,0,2023,Feb,Q1,Year2,NA
2/3/2023,Cheyenne,Black,4,24,-3.049999982,-2.049999982,-2.549999982,0.615088081,1,1,1,1,0,2023,Feb,Q1,Year2,NA
2/3/2023,Cheyenne,White,4,24,-4.325000048,-2.525000036,-3.425000042,0.750000028,1,1,1.800000012,1,0,2023,Feb,Q1,Year2,NA
2/4/2023,Cheyenne,Black,4,24,-2.5,-1.599999994,-2.049999997,0.57879182,1,1,0.900000006,1,1,2023,Feb,Q1,Year2,NA
2/4/2023,Cheyenne,White,4,24,-3.474999905,-2,-2.737499952,0.604669293,1,1,1.474999905,1,0,2023,Feb,Q1,Year2,NA
2/5/2023,Cheyenne,Black,4,24,-2.425000012,-1.475000024,-1.950000018,0.62716296,1,1,0.949999988,1,1,2023,Feb,Q1,Year2,NA
2/5/2023,Cheyenne,White,4,24,-3.474999964,-1.974999994,-2.724999979,0.634428819,1,1,1.49999997,1,0,2023,Feb,Q1,Year2,NA
2/6/2023,Cheyenne,Black,4,24,-2.425000012,-1.525000006,-1.975000009,0.639661351,1,1,0.900000006,1,1,2023,Feb,Q1,Year2,NA
2/6/2023,Cheyenne,White,4,24,-3.324999988,-2.24999997,-2.787499979,0.69206817,1,1,1.075000018,1,0,2023,Feb,Q1,Year2,NA
2/7/2023,Cheyenne,Black,4,24,-3.300000042,-1.599999994,-2.450000018,0.738241157,1,1,1.700000048,1,0,2023,Feb,Q1,Year2,NA
2/7/2023,Cheyenne,White,4,24,-4.374999881,-2.224999994,-3.299999937,0.843603408,1,1,2.149999887,0,0,2023,Feb,Q1,Year2,NA
2/8/2023,Cheyenne,Black,4,24,-3.25000003,-1.699999996,-2.475000013,0.802599937,1,1,1.550000034,1,0,2023,Feb,Q1,Year2,NA
2/8/2023,Cheyenne,White,4,24,-4.824999928,-2.449999928,-3.637499928,0.870225069,1,1,2.375,0,0,2023,Feb,Q1,Year2,NA
2/9/2023,Cheyenne,Black,4,24,-3.799999982,-2.025000006,-2.912499994,1.083493552,1,1,1.774999976,1,0,2023,Feb,Q1,Year2,NA
2/9/2023,Cheyenne,White,4,24,-5.724999964,-3.199999928,-4.462499946,1.276959257,1,1,2.525000036,0,0,2023,Feb,Q1,Year2,NA
2/10/2023,Cheyenne,Black,4,24,-5.725000083,-2.424999997,-4.07500004,1.316877627,1,1,3.300000086,0,0,2023,Feb,Q1,Year2,NA
2/10/2023,Cheyenne,White,4,24,-7.900000095,-3.37500006,-5.637500077,1.135323124,1,1,4.525000036,0,0,2023,Feb,Q1,Year2,NA
2/11/2023,Cheyenne,Black,4,24,-3.99999994,-0.849999994,-2.424999967,0.992051761,1,1,3.149999946,0,0,2023,Feb,Q1,Year2,NA
2/11/2023,Cheyenne,White,4,24,-5.875,-1.62500003,-3.750000015,0.655743968,1,1,4.24999997,0,0,2023,Feb,Q1,Year2,NA
2/12/2023,Cheyenne,Black,4,24,-1.350000024,-0.225000024,-0.787500024,1.452799004,1,1,1.125,1,0,2023,Feb,Q1,Year2,NA
2/12/2023,Cheyenne,White,4,24,-3.074999988,-1.100000001,-2.087499995,0.630310732,1,1,1.974999987,1,0,2023,Feb,Q1,Year2,NA
2/13/2023,Cheyenne,Black,4,24,-2.274999976,1.025000058,-0.624999959,1.980530279,1,1,3.300000034,0,0,2023,Feb,Q1,Year2,NA
2/13/2023,Cheyenne,White,4,24,-5.025000036,-0.174999993,-2.600000015,0.7593857,1,1,4.850000042,0,0,2023,Feb,Q1,Year2,NA
2/14/2023,Cheyenne,Black,4,24,-1.024999991,0.075000003,-0.474999994,1.144916316,1,1,1.099999994,1,0,2023,Feb,Q1,Year2,NA
2/14/2023,Cheyenne,White,4,24,-3.399999976,-0.374999991,-1.887499983,0.806613285,1,1,3.024999985,0,0,2023,Feb,Q1,Year2,NA
2/15/2023,Cheyenne,Black,4,24,-4.500000024,-1.250000015,-2.87500002,2.067405782,1,1,3.250000009,0,0,2023,Feb,Q1,Year2,NA
2/15/2023,Cheyenne,White,4,24,-8.024999857,-4.00000006,-6.012499958,2.010545016,1,1,4.024999797,0,0,2023,Feb,Q1,Year2,NA
2/16/2023,Cheyenne,Black,4,24,-6.475000024,-2.774999902,-4.624999963,2.327552332,1,1,3.700000122,0,0,2023,Feb,Q1,Year2,NA
2/16/2023,Cheyenne,White,4,24,-10.05000019,-4.050000012,-7.050000101,1.519868531,1,1,6.000000179,0,0,2023,Feb,Q1,Year2,NA
2/17/2023,Cheyenne,Black,4,24,-5.599999905,-1.600000024,-3.599999964,1.529161028,1,1,3.999999881,0,0,2023,Feb,Q1,Year2,NA
2/17/2023,Cheyenne,White,4,24,-8.775000095,-1.500000026,-5.137500061,0.901272234,1,1,7.275000069,0,0,2023,Feb,Q1,Year2,NA
2/18/2023,Cheyenne,Black,4,24,-3.5,-1.424999982,-2.462499991,1.495200695,1,1,2.075000018,0,0,2023,Feb,Q1,Year2,NA
2/18/2023,Cheyenne,White,4,24,-4.899999857,-1.275,-3.087499929,1.166458269,1,1,3.624999857,0,0,2023,Feb,Q1,Year2,NA
2/19/2023,Cheyenne,Black,4,24,-3.675000012,-1.299999982,-2.487499997,1.444746231,1,1,2.37500003,0,0,2023,Feb,Q1,Year2,NA
2/19/2023,Cheyenne,White,4,24,-4.975000024,-1.175000036,-3.07500003,1.16368674,1,1,3.799999988,0,0,2023,Feb,Q1,Year2,NA
2/20/2023,Cheyenne,Black,4,24,-2.275000066,0.250000009,-1.012500028,1.3406311,1,1,2.525000075,0,0,2023,Feb,Q1,Year2,NA
2/20/2023,Cheyenne,White,4,24,-3.075000018,-0.025,-1.550000009,0.931844101,1,1,3.050000018,0,0,2023,Feb,Q1,Year2,NA
2/21/2023,Cheyenne,Black,4,24,-0.750000006,1.025000002,0.137499998,1.509621921,1,1,1.775000008,1,0,2023,Feb,Q1,Year2,NA
2/21/2023,Cheyenne,White,4,24,-0.799999997,0.475000003,-0.162499997,0.608789774,1,1,1.275,1,0,2023,Feb,Q1,Year2,NA
2/22/2023,Cheyenne,Black,4,22.75,-7.924999952,-0.125,-4.024999976,1.534329372,1,0,7.799999952,0,0,2023,Feb,Q1,Year2,NA
2/22/2023,Cheyenne,White,4,24,-8.650000215,0.100000001,-4.275000107,1.364123748,1,1,8.750000216,0,0,2023,Feb,Q1,Year2,NA
2/23/2023,Cheyenne,Black,4,21.75,-10.70000005,-7.049999833,-8.87499994,2.501499383,1,0,3.650000215,0,0,2023,Feb,Q1,Year2,NA
2/23/2023,Cheyenne,White,4,24,-11.375,-6.774999976,-9.074999988,2.133268104,1,1,4.600000024,0,0,2023,Feb,Q1,Year2,NA
2/24/2023,Cheyenne,Black,4,24,-10.07500005,-4.24999994,-7.162499994,1.3293953,1,1,5.825000107,0,0,2023,Feb,Q1,Year2,NA
2/24/2023,Cheyenne,White,4,24,-11.5250001,-4.400000036,-7.962500066,1.424999912,1,1,7.12500006,0,0,2023,Feb,Q1,Year2,NA
2/25/2023,Cheyenne,Black,4,24,-7.775000215,-0.524999976,-4.150000095,0.747217104,1,1,7.250000238,0,0,2023,Feb,Q1,Year2,NA
2/25/2023,Cheyenne,White,4,24,-8.449999809,-0.574999992,-4.512499901,0.628987199,1,1,7.874999817,0,0,2023,Feb,Q1,Year2,NA
2/26/2023,Cheyenne,Black,4,24,-2.675000047,0.12499998,-1.275000034,1.952989167,1,1,2.800000027,0,0,2023,Feb,Q1,Year2,NA
2/26/2023,Cheyenne,White,4,24,-3.525000095,-0.100000001,-1.812500048,0.701634997,1,1,3.425000094,0,0,2023,Feb,Q1,Year2,NA
2/27/2023,Cheyenne,Black,4,24,-1.925000018,1.12499997,-0.400000024,2.099206191,1,1,3.049999988,0,0,2023,Feb,Q1,Year2,NA
2/27/2023,Cheyenne,White,4,24,-1.250000006,0.225000005,-0.5125,0.928596618,1,1,1.475000011,1,0,2023,Feb,Q1,Year2,NA
2/28/2023,Cheyenne,Black,4,24,-2,0.825000012,-0.587499994,1.72886042,1,1,2.825000012,0,0,2023,Feb,Q1,Year2,NA
2/28/2023,Cheyenne,White,4,24,-1.549999982,0.100000003,-0.724999989,0.548482736,1,1,1.649999985,1,0,2023,Feb,Q1,Year2,NA
3/1/2023,Cheyenne,Black,4,24,-4.049999952,-0.324999988,-2.18749997,1.241219135,1,1,3.724999964,0,0,2023,Mar,Q1,Year2,NA
3/1/2023,Cheyenne,White,4,24,-6.125,-1.074999988,-3.599999994,0.602771355,1,1,5.050000012,0,0,2023,Mar,Q1,Year2,NA
3/2/2023,Cheyenne,Black,4,24,-4.549999952,0.474999979,-2.037499987,1.070338663,1,1,5.024999931,0,0,2023,Mar,Q1,Year2,NA
3/2/2023,Cheyenne,White,4,24,-6.825000167,-0.025000002,-3.425000085,0.379692882,1,1,6.800000165,0,0,2023,Mar,Q1,Year2,NA
3/3/2023,Cheyenne,Black,4,24,-0.975000001,0.450000001,-0.2625,0.957753448,1,1,1.425000003,1,0,2023,Mar,Q1,Year2,NA
3/3/2023,Cheyenne,White,4,24,-2.224999964,0.025000006,-1.099999979,0.404145179,1,1,2.24999997,0,0,2023,Mar,Q1,Year2,NA
3/4/2023,Cheyenne,Black,4,24,-4.125,0.150000004,-1.987499998,0.512144165,1,1,4.275000004,0,0,2023,Mar,Q1,Year2,NA
3/4/2023,Cheyenne,White,4,24,-5.149999976,-0.199999999,-2.674999988,0.464578758,1,1,4.949999977,0,0,2023,Mar,Q1,Year2,NA
3/5/2023,Cheyenne,Black,4,24,-3.375,0.67499999,-1.350000005,0.839642772,1,1,4.04999999,0,0,2023,Mar,Q1,Year2,NA
3/5/2023,Cheyenne,White,4,24,-4.899999976,0.050000004,-2.424999986,0.357071453,1,1,4.949999981,0,0,2023,Mar,Q1,Year2,NA
3/6/2023,Cheyenne,Black,4,24,-0.450000005,1.625000054,0.587500025,0.910471539,1,1,2.075000059,0,0,2023,Mar,Q1,Year2,NA
3/6/2023,Cheyenne,White,4,24,-2.949999988,0.15,-1.399999994,0.530722785,1,1,3.099999988,0,0,2023,Mar,Q1,Year2,NA
3/7/2023,Cheyenne,Black,4,24,0.074999997,0.550000006,0.312500002,0.217466473,1,1,0.475000009,1,1,2023,Mar,Q1,Year2,NA
3/7/2023,Cheyenne,White,4,24,-1.850000024,0,-0.925000012,0.523609284,1,1,1.850000024,1,0,2023,Mar,Q1,Year2,NA
3/8/2023,Cheyenne,Black,4,24,0.050000001,0.275000004,0.162500002,0.232289333,1,1,0.225000003,1,1,2023,Mar,Q1,Year2,NA
3/8/2023,Cheyenne,White,4,24,-1.900000006,-0.200000003,-1.050000004,0.581664261,1,1,1.700000003,1,0,2023,Mar,Q1,Year2,NA
3/9/2023,Cheyenne,Black,4,24,-1.474999994,1.574999977,0.049999991,0.865062579,1,1,3.049999971,0,0,2023,Mar,Q1,Year2,NA
3/9/2023,Cheyenne,White,4,24,-3.199999988,0.250000004,-1.474999992,0.42914643,1,1,3.449999992,0,0,2023,Mar,Q1,Year2,NA
3/10/2023,Cheyenne,Black,4,24,0.1,3.324999928,1.712499964,1.314264654,1,1,3.224999929,0,0,2023,Mar,Q1,Year2,NA
3/10/2023,Cheyenne,White,4,24,-1.374999978,0.600000013,-0.387499982,0.481966462,1,1,1.97499999,1,0,2023,Mar,Q1,Year2,NA
3/11/2023,Cheyenne,Black,4,24,0.225000007,8.299999952,4.26249998,0.694472157,1,1,8.074999945,0,0,2023,Mar,Q1,Year2,NA
3/11/2023,Cheyenne,White,4,24,-0.050000003,1.5,0.724999999,0.619811793,1,1,1.550000003,1,0,2023,Mar,Q1,Year2,NA
3/12/2023,Cheyenne,Black,4,24,-0.675000012,6.350000024,2.837500006,0.354436102,1,1,7.025000036,0,0,2023,Mar,Q1,Year2,NA
3/12/2023,Cheyenne,White,4,24,-2.12499997,0.500000019,-0.812499976,0.624999975,1,1,2.624999989,0,0,2023,Mar,Q1,Year2,NA
3/13/2023,Cheyenne,Black,4,17,0.175000006,5.774999991,2.974999999,2.814397496,1,0,5.599999985,0,0,2023,Mar,Q1,Year2,NA
3/13/2023,Cheyenne,White,4,17,-0.725000009,0.950000001,0.112499996,0.400780484,1,0,1.67500001,1,0,2023,Mar,Q1,Year2,NA
3/14/2023,Cheyenne,Black,4,19,0.624999989,11.05000019,5.83750009,0.421060227,1,0,10.4250002,0,0,2023,Mar,Q1,Year2,NA
3/14/2023,Cheyenne,White,4,19,0.100000001,5.424999952,2.762499977,1.173580685,1,0,5.324999951,0,0,2023,Mar,Q1,Year2,NA
3/15/2023,Cheyenne,Black,4,20.5,2.12500006,13.42499995,7.775000006,0.436844701,1,0,11.29999989,0,0,2023,Mar,Q1,Year2,NA
3/15/2023,Cheyenne,White,4,20.5,0.475000013,9.825000286,5.150000149,0.711805241,1,0,9.350000273,0,0,2023,Mar,Q1,Year2,NA
3/16/2023,Cheyenne,Black,2,24,0.099999994,3.600000024,1.850000009,0.424264022,0,1,3.50000003,0,0,2023,Mar,Q1,Year2,NA
3/16/2023,Cheyenne,White,2,24,-0.900000006,1.899999976,0.499999985,0.919238761,0,1,2.799999982,0,0,2023,Mar,Q1,Year2,NA
3/17/2023,Cheyenne,Black,2,24,-2.849999964,2.449999928,-0.200000018,0.141421348,0,1,5.299999893,0,0,2023,Mar,Q1,Year2,NA
3/17/2023,Cheyenne,White,2,24,-4.049999952,0.049999997,-1.999999978,0.141421316,0,1,4.099999949,0,0,2023,Mar,Q1,Year2,NA
3/18/2023,Cheyenne,Black,2,24,-3.700000048,4.5,0.399999976,0.565685391,0,1,8.200000048,0,0,2023,Mar,Q1,Year2,NA
3/18/2023,Cheyenne,White,2,24,-5.799999952,0.49999997,-2.649999991,0.424264022,0,1,6.299999923,0,0,2023,Mar,Q1,Year2,NA
3/19/2023,Cheyenne,Black,3,18.66666667,-2.533333396,6.033333302,1.749999953,0.672681194,1,0,8.566666697,0,0,2023,Mar,Q1,Year2,NA
3/19/2023,Cheyenne,White,4,16,-3.824999988,1.975000024,-0.924999982,1.698283482,1,0,5.800000012,0,0,2023,Mar,Q1,Year2,NA
3/20/2023,Cheyenne,Black,3,16.33333333,2.733333396,9.633333206,6.183333301,2.031214937,1,0,6.89999981,0,0,2023,Mar,Q1,Year2,NA
3/20/2023,Cheyenne,White,4,12.5,1.74999997,3.75,2.749999985,1.665833059,1,0,2.00000003,0,0,2023,Mar,Q1,Year2,NA
3/21/2023,Cheyenne,Black,2,24,0.500000007,11.75,6.125000004,0.601040491,0,1,11.24999999,0,0,2023,Mar,Q1,Year2,NA
3/21/2023,Cheyenne,White,2,24,0,6.25,3.125,0.883883545,0,1,6.25,0,0,2023,Mar,Q1,Year2,NA
3/22/2023,Cheyenne,Black,2,24,0.850000024,4,2.425000012,0.176776695,0,1,3.149999976,0,0,2023,Mar,Q1,Year2,NA
3/22/2023,Cheyenne,White,2,24,0.050000001,0.250000007,0.150000004,0.070710682,0,1,0.200000007,1,1,2023,Mar,Q1,Year2,NA
3/23/2023,Cheyenne,Black,2,24,0.549999997,8.950000048,4.750000022,0.636396076,0,1,8.400000051,0,0,2023,Mar,Q1,Year2,NA
3/23/2023,Cheyenne,White,2,24,0.150000006,2.300000012,1.225000009,1.096015498,0,1,2.150000006,0,0,2023,Mar,Q1,Year2,NA
3/24/2023,Cheyenne,Black,3,20.66666667,0.633333345,11.33333333,5.983333339,0.490747889,1,0,10.69999999,0,0,2023,Mar,Q1,Year2,NA
3/24/2023,Cheyenne,White,4,19,-0.024999991,6.125,3.050000004,0.739369036,1,0,6.149999991,0,0,2023,Mar,Q1,Year2,NA
3/25/2023,Cheyenne,Black,3,24,0.433333337,2.233333349,1.333333343,0.62516663,1,1,1.800000012,1,0,2023,Mar,Q1,Year2,NA
3/25/2023,Cheyenne,White,4,24,-0.399999989,0.925000012,0.262500011,0.759797113,1,1,1.325000001,1,0,2023,Mar,Q1,Year2,NA
3/26/2023,Cheyenne,Black,3,24,-1.733333369,5.666666667,1.966666649,0.292973307,1,1,7.400000036,0,0,2023,Mar,Q1,Year2,NA
3/26/2023,Cheyenne,White,4,24,-3.575000048,0.800000012,-1.387500018,0.268871106,1,1,4.37500006,0,0,2023,Mar,Q1,Year2,NA
3/27/2023,Cheyenne,Black,3,24,-0.033333356,4.000000079,1.983333362,0.15275253,1,1,4.033333436,0,0,2023,Mar,Q1,Year2,NA
3/27/2023,Cheyenne,White,4,24,-1.450000003,0.175000001,-0.637500001,0.872138183,1,1,1.625000004,1,0,2023,Mar,Q1,Year2,NA
3/28/2023,Cheyenne,Black,3,24,-2.600000064,5.766666571,1.583333254,0.425244937,1,1,8.366666635,0,0,2023,Mar,Q1,Year2,NA
3/28/2023,Cheyenne,White,4,24,-5.550000072,1.324999988,-2.112500042,0.385951235,1,1,6.87500006,0,0,2023,Mar,Q1,Year2,NA
3/29/2023,Cheyenne,Black,3,24,-0.100000004,7.133333524,3.51666676,0.550757124,1,1,7.233333528,0,0,2023,Mar,Q1,Year2,NA
3/29/2023,Cheyenne,White,4,24,-0.925000008,1.599999979,0.337499985,0.53131127,1,1,2.524999987,0,0,2023,Mar,Q1,Year2,NA
3/30/2023,Cheyenne,Black,3,24,0.233333334,16.43333308,8.333333207,1.187785006,1,1,16.19999974,0,0,2023,Mar,Q1,Year2,NA
3/30/2023,Cheyenne,White,4,24,-0.399999985,8.924999952,4.262499983,0.877852509,1,1,9.324999938,0,0,2023,Mar,Q1,Year2,NA
3/31/2023,Cheyenne,Black,3,24,1.5,8.666666985,5.083333492,0.202072593,1,1,7.166666985,0,0,2023,Mar,Q1,Year2,NA
3/31/2023,Cheyenne,White,4,24,0.399999995,5.850000024,3.125000009,0.377491776,1,1,5.450000029,0,0,2023,Mar,Q1,Year2,NA
4/1/2023,Cheyenne,Black,3,24,0.433333317,11.9333334,6.183333357,0.633113811,1,1,11.50000008,0,0,2023,Apr,Q2,Year2,NA
4/1/2023,Cheyenne,White,4,24,-0.1,8.725000143,4.312500072,0.344903508,1,1,8.825000143,0,0,2023,Apr,Q2,Year2,NA
4/2/2023,Cheyenne,Black,3,24,1.766666691,14.19999981,7.98333325,0.577350166,1,1,12.43333312,0,0,2023,Apr,Q2,Year2,NA
4/2/2023,Cheyenne,White,4,24,1.024999991,11.8499999,6.437499948,0.449768496,1,1,10.82499991,0,0,2023,Apr,Q2,Year2,NA
4/3/2023,Cheyenne,Black,3,24,1.99999998,7.46666654,4.73333326,0.202072586,1,1,5.466666559,0,0,2023,Apr,Q2,Year2,NA
4/3/2023,Cheyenne,White,4,24,1.100000024,4.724999905,2.912499964,0.38160842,1,1,3.624999881,0,0,2023,Apr,Q2,Year2,NA
4/4/2023,Cheyenne,Black,3,24,1.433333317,2.366666635,1.899999976,0.606217772,1,1,0.933333317,1,1,2023,Apr,Q2,Year2,NA
4/4/2023,Cheyenne,White,4,24,0.674999986,1.225000009,0.949999997,0.408248262,1,1,0.550000023,1,1,2023,Apr,Q2,Year2,NA
4/5/2023,Cheyenne,Black,3,24,0.866666675,1.366666635,1.116666655,0.388372692,1,1,0.49999996,1,1,2023,Apr,Q2,Year2,NA
4/5/2023,Cheyenne,White,4,24,0.174999997,0.625000011,0.400000004,0.533853913,1,1,0.450000014,1,1,2023,Apr,Q2,Year2,NA
4/6/2023,Cheyenne,Black,3,24,0.43333335,0.800000012,0.616666681,0.251661153,1,1,0.366666662,1,1,2023,Apr,Q2,Year2,NA
4/6/2023,Cheyenne,White,4,24,-0.674999975,1.474999985,0.400000005,0.477842375,1,1,2.149999959,0,0,2023,Apr,Q2,Year2,NA
4/7/2023,Cheyenne,Black,3,24,0.366666675,8.266666611,4.316666643,3.26356142,1,1,7.899999936,0,0,2023,Apr,Q2,Year2,NA
4/7/2023,Cheyenne,White,4,24,-0.399999987,5.149999976,2.374999994,2.456454095,1,1,5.549999963,0,0,2023,Apr,Q2,Year2,NA
4/8/2023,Cheyenne,Black,3,24,1.333333343,9.366666714,5.350000029,3.464101658,1,1,8.033333371,0,0,2023,Apr,Q2,Year2,NA
4/8/2023,Cheyenne,White,4,24,0.675000014,8.900000095,4.787500055,1.497984779,1,1,8.225000082,0,0,2023,Apr,Q2,Year2,NA
4/9/2023,Cheyenne,Black,3,24,1.700000033,17.16666603,9.433333032,0.115469957,1,1,15.466666,0,0,2023,Apr,Q2,Year2,NA
4/9/2023,Cheyenne,White,4,24,1.300000012,13.89999986,7.599999934,0.476095142,1,1,12.59999985,0,0,2023,Apr,Q2,Year2,NA
4/10/2023,Cheyenne,Black,3,24,2.866666714,21.33333333,12.10000002,0.56789075,1,1,18.46666662,0,0,2023,Apr,Q2,Year2,NA
4/10/2023,Cheyenne,White,4,24,2.074999988,17.7750001,9.925000042,0.44064352,1,1,15.70000011,0,0,2023,Apr,Q2,Year2,NA
4/11/2023,Cheyenne,Black,3,24,6.399999936,22.00000064,14.20000029,0.259807786,1,1,15.6000007,0,0,2023,Apr,Q2,Year2,NA
4/11/2023,Cheyenne,White,4,24,4.775000036,19.42500019,12.10000011,0.441587892,1,1,14.65000015,0,0,2023,Apr,Q2,Year2,NA
4/12/2023,Cheyenne,Black,3,24,8.066666921,20.90000025,14.48333359,0.436844631,1,1,12.83333333,0,0,2023,Apr,Q2,Year2,NA
4/12/2023,Cheyenne,White,4,24,6.574999928,18.9749999,12.77499992,0.425245197,1,1,12.39999998,0,0,2023,Apr,Q2,Year2,NA
4/13/2023,Cheyenne,Black,3,24,10.30000019,18.13333321,14.2166667,0.3818811,1,1,7.833333015,0,0,2023,Apr,Q2,Year2,NA
4/13/2023,Cheyenne,White,4,24,9.074999809,16.32500005,12.69999993,0.406201963,1,1,7.250000238,0,0,2023,Apr,Q2,Year2,NA
4/14/2023,Cheyenne,Black,3,24,3.600000064,11.03333314,7.316666603,0.900462938,1,1,7.433333079,0,0,2023,Apr,Q2,Year2,NA
4/14/2023,Cheyenne,White,4,24,2.649999976,9.750000238,6.200000107,0.988264478,1,1,7.100000262,0,0,2023,Apr,Q2,Year2,NA
4/15/2023,Cheyenne,Black,3,24,2.066666643,10.40000025,6.233333449,0.225462455,1,1,8.333333611,0,0,2023,Apr,Q2,Year2,NA
4/15/2023,Cheyenne,White,4,24,1.274999991,8,4.637499996,0.301039977,1,1,6.725000009,0,0,2023,Apr,Q2,Year2,NA
4/16/2023,Cheyenne,Black,3,24,1.800000032,17.63333321,9.716666619,0.115469754,1,1,15.83333317,0,0,2023,Apr,Q2,Year2,NA
4/16/2023,Cheyenne,White,4,24,0.724999994,14,7.362499997,0.370529012,1,1,13.27500001,0,0,2023,Apr,Q2,Year2,NA
4/17/2023,Cheyenne,Black,3,24,4.099999984,17.50000064,10.80000031,0.312249803,1,1,13.40000065,0,0,2023,Apr,Q2,Year2,NA
4/17/2023,Cheyenne,White,4,24,2.37499997,14.7249999,8.549999937,0.378594019,1,1,12.34999993,0,0,2023,Apr,Q2,Year2,NA
4/18/2023,Cheyenne,Black,3,24,6.466666698,16.10000006,11.28333338,0.419324957,1,1,9.633333365,0,0,2023,Apr,Q2,Year2,NA
4/18/2023,Cheyenne,White,4,24,4.575000048,14.22500014,9.400000095,0.414326838,1,1,9.650000095,0,0,2023,Apr,Q2,Year2,NA
4/19/2023,Cheyenne,Black,3,24,3.533333302,10.30000019,6.916666746,0.625166706,1,1,6.766666889,0,0,2023,Apr,Q2,Year2,NA
4/19/2023,Cheyenne,White,4,24,2.399999976,8.349999785,5.374999881,0.312249888,1,1,5.949999809,0,0,2023,Apr,Q2,Year2,NA
4/20/2023,Cheyenne,Black,3,24,1.366666675,8.633333206,4.99999994,0.427200076,1,1,7.266666532,0,0,2023,Apr,Q2,Year2,NA
4/20/2023,Cheyenne,White,4,24,0.299999999,6.300000072,3.300000035,0.334165662,1,1,6.000000073,0,0,2023,Apr,Q2,Year2,NA
4/21/2023,Cheyenne,Black,3,24,1.400000016,10.36666648,5.883333246,0.388372681,1,1,8.96666646,0,0,2023,Apr,Q2,Year2,NA
4/21/2023,Cheyenne,White,4,24,0.324999999,7.725000024,4.025000012,0.396862702,1,1,7.400000025,0,0,2023,Apr,Q2,Year2,NA
4/22/2023,Cheyenne,Black,3,24,2.033333341,11.29999987,6.666666607,0.301385655,1,1,9.266666532,0,0,2023,Apr,Q2,Year2,NA
4/22/2023,Cheyenne,White,4,24,1.225000024,7.675000191,4.450000107,0.324037075,1,1,6.450000167,0,0,2023,Apr,Q2,Year2,NA
4/23/2023,Cheyenne,Black,3,24,1.700000048,16.69999981,9.199999928,0.435889862,1,1,14.99999976,0,0,2023,Apr,Q2,Year2,NA
4/23/2023,Cheyenne,White,4,24,0.525000021,12.625,6.57500001,0.490747609,1,1,12.09999998,0,0,2023,Apr,Q2,Year2,NA
4/24/2023,Cheyenne,Black,3,24,3.966666698,20.96666654,12.46666662,0.585946664,1,1,16.99999984,0,0,2023,Apr,Q2,Year2,NA
4/24/2023,Cheyenne,White,4,24,2.125,16.72500014,9.425000072,0.625166598,1,1,14.60000014,0,0,2023,Apr,Q2,Year2,NA
4/25/2023,Cheyenne,Black,3,24,5.666666667,14.80000019,10.23333343,0.378593802,1,1,9.133333524,0,0,2023,Apr,Q2,Year2,NA
4/25/2023,Cheyenne,White,4,24,4.024999917,11.5999999,7.812499911,0.31983066,1,1,7.574999988,0,0,2023,Apr,Q2,Year2,NA
4/26/2023,Cheyenne,Black,3,24,6.166666667,17.53333346,11.85000006,0.346410175,1,1,11.36666679,0,0,2023,Apr,Q2,Year2,NA
4/26/2023,Cheyenne,White,4,24,4.875000119,13.9749999,9.425000012,0.419324743,1,1,9.099999785,0,0,2023,Apr,Q2,Year2,NA
4/27/2023,Cheyenne,Black,3,24,6.399999936,15.36666679,10.88333337,0.550756883,1,1,8.966666857,0,0,2023,Apr,Q2,Year2,NA
4/27/2023,Cheyenne,White,4,24,4.949999988,13.1500001,9.050000042,0.424264245,1,1,8.200000107,0,0,2023,Apr,Q2,Year2,NA
4/28/2023,Cheyenne,Black,3,24,3.766666651,13.89999994,8.833333294,0.354730012,1,1,10.13333329,0,0,2023,Apr,Q2,Year2,NA
4/28/2023,Cheyenne,White,4,24,2.62500003,11.57500005,7.100000039,0.238047667,1,1,8.950000018,0,0,2023,Apr,Q2,Year2,NA
4/29/2023,Cheyenne,Black,3,24,5.866666635,17.89999962,11.88333313,0.332916637,1,1,12.03333298,0,0,2023,Apr,Q2,Year2,NA
4/29/2023,Cheyenne,White,4,24,4.225000143,15.70000029,9.962500215,0.517002526,1,1,11.47500014,0,0,2023,Apr,Q2,Year2,NA
4/30/2023,Cheyenne,Black,3,24,6.099999905,23.26666641,14.68333316,0.256580129,1,1,17.16666651,0,0,2023,Apr,Q2,Year2,NA
4/30/2023,Cheyenne,White,4,24,4.449999928,18.7750001,11.61250001,0.495605678,1,1,14.32500017,0,0,2023,Apr,Q2,Year2,NA
5/1/2023,Cheyenne,Black,3,24,6.76666673,24.03333346,15.4000001,0.264575239,1,1,17.26666673,0,0,2023,May,Q2,Year2,NA
5/1/2023,Cheyenne,White,4,24,4.50000006,19.19999981,11.84999993,0.530722781,1,1,14.69999975,0,0,2023,May,Q2,Year2,NA
5/2/2023,Cheyenne,Black,3,24,8.433333397,20.43333308,14.43333324,0.503322068,1,1,11.99999968,0,0,2023,May,Q2,Year2,NA
5/2/2023,Cheyenne,White,4,24,5.825000048,17.4000001,11.61250007,0.555840191,1,1,11.57500005,0,0,2023,May,Q2,Year2,NA
5/3/2023,Cheyenne,Black,3,24,9.200000127,24.83333397,17.01666705,0.448144232,1,1,15.63333384,0,0,2023,May,Q2,Year2,NA
5/3/2023,Cheyenne,White,4,24,7.200000048,20.875,14.03750002,0.663796121,1,1,13.67499995,0,0,2023,May,Q2,Year2,NA
5/4/2023,Cheyenne,Black,3,24,10.83333333,24.66666603,17.74999968,0.606217755,1,1,13.8333327,0,0,2023,May,Q2,Year2,NA
5/4/2023,Cheyenne,White,4,24,8.474999905,20.82499981,14.64999986,0.669577138,1,1,12.3499999,0,0,2023,May,Q2,Year2,NA
5/5/2023,Cheyenne,Black,3,24,9.699999809,22.63333321,16.16666651,0.51315998,1,1,12.9333334,0,0,2023,May,Q2,Year2,NA
5/5/2023,Cheyenne,White,4,24,7.800000072,18.82499981,13.31249994,0.574999811,1,1,11.02499974,0,0,2023,May,Q2,Year2,NA
5/6/2023,Cheyenne,Black,3,24,7.800000032,20.60000038,14.20000021,0.492443183,1,1,12.80000035,0,0,2023,May,Q2,Year2,NA
5/6/2023,Cheyenne,White,4,24,6.099999905,17.12499976,11.61249983,0.510514413,1,1,11.02499986,0,0,2023,May,Q2,Year2,NA
5/7/2023,Cheyenne,Black,3,24,9.633333524,21.26666641,15.44999997,0.444409431,1,1,11.63333289,0,0,2023,May,Q2,Year2,NA
5/7/2023,Cheyenne,White,4,24,7.775000095,17.54999971,12.6624999,0.500624686,1,1,9.774999619,0,0,2023,May,Q2,Year2,NA
5/8/2023,Cheyenne,Black,3,24,8.666666667,22.56666692,15.61666679,0.416333261,1,1,13.90000025,0,0,2023,May,Q2,Year2,NA
5/8/2023,Cheyenne,White,4,24,6.775000095,18.6500001,12.7125001,0.589314388,1,1,11.875,0,0,2023,May,Q2,Year2,NA
5/9/2023,Cheyenne,Black,3,24,8.23333327,25.26666641,16.74999984,0.93674957,1,1,17.03333314,0,0,2023,May,Q2,Year2,NA
5/9/2023,Cheyenne,White,4,24,7.774999976,20.79999971,14.28749985,0.79830548,1,1,13.02499974,0,0,2023,May,Q2,Year2,NA
5/10/2023,Cheyenne,Black,3,24,9.233332952,18.26666705,13.75,0.25,1,1,9.033334096,0,0,2023,May,Q2,Year2,NA
5/10/2023,Cheyenne,White,4,24,8.324999928,15.94999981,12.13749987,0.535995869,1,1,7.624999881,0,0,2023,May,Q2,Year2,NA
5/11/2023,Cheyenne,Black,3,24,10.23333327,16.63333321,13.43333324,0.317542483,1,1,6.399999936,0,0,2023,May,Q2,Year2,NA
5/11/2023,Cheyenne,White,4,23.75,-0.525000095,14.42499995,6.949999928,9.908161958,1,0,14.95000005,0,0,2023,May,Q2,Year2,NA
5/12/2023,Cheyenne,Black,3,24,8.566666603,13.33333333,10.94999997,0.349999973,1,1,4.76666673,0,0,2023,May,Q2,Year2,NA
5/12/2023,Cheyenne,White,4,23.5,-3.949999928,11.87499976,3.962499917,12.01251959,1,0,15.82499969,0,0,2023,May,Q2,Year2,NA
5/13/2023,Cheyenne,Black,3,24,8.100000064,17.16666667,12.63333337,0.325320039,1,1,9.066666603,0,0,2023,May,Q2,Year2,NA
5/13/2023,Cheyenne,White,4,24,7.225000024,14.9000001,11.06250006,0.426956177,1,1,7.675000072,0,0,2023,May,Q2,Year2,NA
5/14/2023,Cheyenne,Black,3,24,-4.666666985,15.50000032,5.416666667,11.87963961,1,1,20.1666673,0,0,2023,May,Q2,Year2,NA
5/14/2023,Cheyenne,White,4,23.5,-3.5,13.72500014,5.112500072,12.24563703,1,0,17.22500014,0,0,2023,May,Q2,Year2,NA
5/15/2023,Cheyenne,Black,3,24,8.76666673,16,12.38333337,0.42524522,1,1,7.23333327,0,0,2023,May,Q2,Year2,NA
5/15/2023,Cheyenne,White,4,24,5.424999952,13.9749999,9.699999928,3.33741426,1,1,8.549999952,0,0,2023,May,Q2,Year2,NA
5/16/2023,Cheyenne,Black,3,24,8.166666826,23.16666603,15.66666643,0.301385764,1,1,14.99999921,0,0,2023,May,Q2,Year2,NA
5/16/2023,Cheyenne,White,4,24,7.25,20.0250001,13.63750005,0.370528942,1,1,12.7750001,0,0,2023,May,Q2,Year2,NA
5/17/2023,Cheyenne,Black,3,24,11,28.1666673,19.58333365,0.340343002,1,1,17.1666673,0,0,2023,May,Q2,Year2,NA
5/17/2023,Cheyenne,White,4,24,9.850000143,23.70000029,16.77500021,0.459166044,1,1,13.85000014,0,0,2023,May,Q2,Year2,NA
5/18/2023,Cheyenne,Black,3,24,12.03333346,17.59999975,14.8166666,0.236290506,1,1,5.566666285,0,0,2023,May,Q2,Year2,NA
5/18/2023,Cheyenne,White,4,24,10.67499995,15.30000019,12.98750007,0.38160842,1,1,4.625000238,0,0,2023,May,Q2,Year2,NA
5/19/2023,Cheyenne,Black,3,24,10.43333308,24.16666667,17.29999987,0.427200143,1,1,13.73333359,0,0,2023,May,Q2,Year2,NA
5/19/2023,Cheyenne,White,4,24,9.450000286,19.90000057,14.67500043,0.436844795,1,1,10.45000029,0,0,2023,May,Q2,Year2,NA
5/20/2023,Cheyenne,Black,3,24,10.13333352,24.89999962,17.51666657,0.431084093,1,1,14.76666609,0,0,2023,May,Q2,Year2,NA
5/20/2023,Cheyenne,White,4,24,8.700000048,20.37500048,14.53750026,0.451617431,1,1,11.67500043,0,0,2023,May,Q2,Year2,NA
5/21/2023,Cheyenne,Black,3,24,11.20000013,27.93333308,19.5666666,0.407226412,1,1,16.73333295,0,0,2023,May,Q2,Year2,NA
5/21/2023,Cheyenne,White,4,24,9.499999762,23.1500001,16.32499993,0.50083294,1,1,13.65000033,0,0,2023,May,Q2,Year2,NA
5/22/2023,Cheyenne,Black,3,24,12.10000006,29.59999975,20.8499999,0.229128722,1,1,17.49999968,0,0,2023,May,Q2,Year2,NA
5/22/2023,Cheyenne,White,4,24,10.22500014,23.7249999,16.97500002,0.539289746,1,1,13.49999976,0,0,2023,May,Q2,Year2,NA
5/23/2023,Cheyenne,Black,3,24,12.63333352,30.26666705,21.45000029,0.13228762,1,1,17.63333352,0,0,2023,May,Q2,Year2,NA
5/23/2023,Cheyenne,White,4,24,10.25,24.32499981,17.2874999,0.60604603,1,1,14.07499981,0,0,2023,May,Q2,Year2,NA
5/24/2023,Cheyenne,Black,3,24,15.39999994,26.93333308,21.16666651,0.513160444,1,1,11.53333314,0,0,2023,May,Q2,Year2,NA
5/24/2023,Cheyenne,White,4,24,12.97500014,22.125,17.55000007,0.479583076,1,1,9.149999857,0,0,2023,May,Q2,Year2,NA
5/25/2023,Cheyenne,Black,3,24,12.9333334,30.40000025,21.66666683,0.480451298,1,1,17.46666686,0,0,2023,May,Q2,Year2,NA
5/25/2023,Cheyenne,White,4,24,11.2750001,24.7249999,18,0.587367393,1,1,13.44999981,0,0,2023,May,Q2,Year2,NA
5/26/2023,Cheyenne,Black,3,24,14.13333321,26.89999962,20.51666641,0.292972944,1,1,12.76666641,0,0,2023,May,Q2,Year2,NA
5/26/2023,Cheyenne,White,4,24,12.0250001,22.44999933,17.23749971,0.286865214,1,1,10.42499924,0,0,2023,May,Q2,Year2,NA
5/27/2023,Cheyenne,Black,3,24,12.09999975,27.76666641,19.93333308,0.42524494,1,1,15.66666667,0,0,2023,May,Q2,Year2,NA
5/27/2023,Cheyenne,White,4,24,10.62500024,23.0250001,16.82500017,0.449999765,1,1,12.39999986,0,0,2023,May,Q2,Year2,NA
5/28/2023,Cheyenne,Black,3,24,11.60000006,25.63333384,18.61666695,0.375277688,1,1,14.03333378,0,0,2023,May,Q2,Year2,NA
5/28/2023,Cheyenne,White,4,24,10.17499995,20.67500019,15.42500007,0.413319363,1,1,10.50000024,0,0,2023,May,Q2,Year2,NA
5/29/2023,Cheyenne,Black,3,24,11.83333333,25.43333308,18.63333321,0.275378135,1,1,13.59999975,0,0,2023,May,Q2,Year2,NA
5/29/2023,Cheyenne,White,4,24,10.27499986,20.44999981,15.36249983,0.455293186,1,1,10.17499995,0,0,2023,May,Q2,Year2,NA
5/30/2023,Cheyenne,Black,3,24,12.36666679,30.23333295,21.29999987,0.304138189,1,1,17.86666616,0,0,2023,May,Q2,Year2,NA
5/30/2023,Cheyenne,White,4,24,10.57500005,24.2750001,17.42500007,0.433012693,1,1,13.70000005,0,0,2023,May,Q2,Year2,NA
5/31/2023,Cheyenne,Black,3,24,12.66666667,31.43333371,22.05000019,0.217944958,1,1,18.76666705,0,0,2023,May,Q2,Year2,NA
5/31/2023,Cheyenne,White,4,24,10.72500014,24.87500048,17.80000031,0.52757328,1,1,14.15000033,0,0,2023,May,Q2,Year2,NA
6/1/2023,Cheyenne,Black,3,24,13.16666667,25.20000013,19.1833334,0.275378871,1,1,12.03333346,0,0,2023,Jun,Q2,Year2,NA
6/1/2023,Cheyenne,White,4,24,11.32499981,20.1500001,15.73749995,0.447911454,1,1,8.825000286,0,0,2023,Jun,Q2,Year2,NA
6/2/2023,Cheyenne,Black,3,24,13.70000013,24.56666692,19.13333352,0.284312002,1,1,10.86666679,0,0,2023,Jun,Q2,Year2,NA
6/2/2023,Cheyenne,White,4,24,11.95000005,19.94999981,15.94999993,0.470814853,1,1,7.999999762,0,0,2023,Jun,Q2,Year2,NA
6/3/2023,Cheyenne,Black,3,24,14.23333327,22.59999975,18.41666651,0.332916303,1,1,8.366666476,0,0,2023,Jun,Q2,Year2,NA
6/3/2023,Cheyenne,White,4,24,12.57500005,18.55000067,15.56250036,0.460751158,1,1,5.97500062,0,0,2023,Jun,Q2,Year2,NA
6/4/2023,Cheyenne,Black,3,24,14.79999987,23.46666654,19.13333321,0.305505223,1,1,8.666666667,0,0,2023,Jun,Q2,Year2,NA
6/4/2023,Cheyenne,White,4,24,13.375,19.5250001,16.45000005,0.477842466,1,1,6.150000095,0,0,2023,Jun,Q2,Year2,NA
6/5/2023,Cheyenne,Black,3,24,13.26666673,24.56666629,18.91666651,0.301385639,1,1,11.29999955,0,0,2023,Jun,Q2,Year2,NA
6/5/2023,Cheyenne,White,4,24,11.94999981,20.5250001,16.23749995,0.409013337,1,1,8.575000286,0,0,2023,Jun,Q2,Year2,NA
6/6/2023,Cheyenne,Black,3,24,12.03333346,30.33333333,21.1833334,0.388372364,1,1,18.29999987,0,0,2023,Jun,Q2,Year2,NA
6/6/2023,Cheyenne,White,4,24,10.92499995,24.80000019,17.86250007,0.480234193,1,1,13.87500024,0,0,2023,Jun,Q2,Year2,NA
6/7/2023,Cheyenne,Black,3,24,13.46666686,28.63333384,21.05000035,0.304138189,1,1,15.16666698,0,0,2023,Jun,Q2,Year2,NA
6/7/2023,Cheyenne,White,4,24,12.17500019,23.62499952,17.89999986,0.543138989,1,1,11.44999933,0,0,2023,Jun,Q2,Year2,NA
6/8/2023,Cheyenne,Black,3,24,14.16666667,29.26666641,21.71666654,0.529937235,1,1,15.09999975,0,0,2023,Jun,Q2,Year2,NA
6/8/2023,Cheyenne,White,4,24,12.82499981,23.69999981,18.26249981,0.597739114,1,1,10.875,0,0,2023,Jun,Q2,Year2,NA
6/9/2023,Cheyenne,Black,3,24,14.0666666,29.63333321,21.8499999,0.278388338,1,1,15.5666666,0,0,2023,Jun,Q2,Year2,NA
6/9/2023,Cheyenne,White,4,24,12.42500019,23.80000019,18.11250019,0.27499985,1,1,11.375,0,0,2023,Jun,Q2,Year2,NA
6/10/2023,Cheyenne,Black,3,24,12.63333321,28.33333333,20.48333327,0.529936943,1,1,15.70000013,0,0,2023,Jun,Q2,Year2,NA
6/10/2023,Cheyenne,White,4,24,11.35000014,22.62500048,16.98750031,0.601906688,1,1,11.27500033,0,0,2023,Jun,Q2,Year2,NA
6/11/2023,Cheyenne,Black,3,24,13.33333333,23.40000025,18.36666679,0.388372702,1,1,10.06666692,0,0,2023,Jun,Q2,Year2,NA
6/11/2023,Cheyenne,White,4,24,12.12500024,19.3499999,15.73750007,0.404917588,1,1,7.224999666,0,0,2023,Jun,Q2,Year2,NA
6/12/2023,Cheyenne,Black,3,24,12.73333327,21.30000051,17.01666689,0.225462643,1,1,8.566667239,0,0,2023,Jun,Q2,Year2,NA
6/12/2023,Cheyenne,White,4,24,11.82500005,17.94999981,14.88749993,0.225000072,1,1,6.124999762,0,0,2023,Jun,Q2,Year2,NA
6/13/2023,Cheyenne,Black,3,24,11.9333334,24.76666641,18.3499999,0.312250175,1,1,12.83333302,0,0,2023,Jun,Q2,Year2,NA
6/13/2023,Cheyenne,White,4,24,11.0250001,20,15.51250005,0.283945297,1,1,8.974999905,0,0,2023,Jun,Q2,Year2,NA
6/14/2023,Cheyenne,Black,3,24,12.4333334,28.5,20.4666667,0.202072402,1,1,16.0666666,0,0,2023,Jun,Q2,Year2,NA
6/14/2023,Cheyenne,White,4,24,11.2750001,22.55000019,16.91250014,0.549810936,1,1,11.2750001,0,0,2023,Jun,Q2,Year2,NA
6/15/2023,Cheyenne,Black,3,24,7.399999936,25.73333359,16.56666676,5.951960296,1,1,18.33333365,0,0,2023,Jun,Q2,Year2,NA
6/15/2023,Cheyenne,White,4,24,0.075000048,20.54999971,10.31249988,12.81746009,1,1,20.47499967,0,0,2023,Jun,Q2,Year2,NA
6/16/2023,Cheyenne,Black,3,24,12.03333346,24.89999962,18.46666654,1.92115405,1,1,12.86666616,0,0,2023,Jun,Q2,Year2,NA
6/16/2023,Cheyenne,White,4,24,11.80000019,19.92499971,15.86249995,1.085030371,1,1,8.124999523,0,0,2023,Jun,Q2,Year2,NA
6/17/2023,Cheyenne,Black,3,24,12.9333334,22.09999975,17.51666657,0.419324957,1,1,9.166666349,0,0,2023,Jun,Q2,Year2,NA
6/17/2023,Cheyenne,White,4,24,11.67500019,18.0250001,14.85000014,0.404145472,1,1,6.349999905,0,0,2023,Jun,Q2,Year2,NA
6/18/2023,Cheyenne,Black,3,24,12.70000013,28.43333308,20.5666666,0.325320411,1,1,15.73333295,0,0,2023,Jun,Q2,Year2,NA
6/18/2023,Cheyenne,White,4,24,11.42499995,22.42499971,16.92499983,0.462781142,1,1,10.99999976,0,0,2023,Jun,Q2,Year2,NA
6/19/2023,Cheyenne,Black,3,24,14.36666679,32.89999898,23.63333289,0.317542208,1,1,18.53333219,0,0,2023,Jun,Q2,Year2,NA
6/19/2023,Cheyenne,White,4,24,12.99999976,25.87500048,19.43750012,0.570635472,1,1,12.87500072,0,0,2023,Jun,Q2,Year2,NA
6/20/2023,Cheyenne,Black,3,24,15.5666666,32,23.7833333,0.407227232,1,1,16.4333334,0,0,2023,Jun,Q2,Year2,NA
6/20/2023,Cheyenne,White,4,24,13.72499967,25.15000057,19.43750012,0.719229924,1,1,11.42500091,0,0,2023,Jun,Q2,Year2,NA
6/21/2023,Cheyenne,Black,3,24,17.46666654,30.53333346,24,0.25,1,1,13.06666692,0,0,2023,Jun,Q2,Year2,NA
6/21/2023,Cheyenne,White,4,24,15.60000014,24.79999971,20.19999993,0.639010024,1,1,9.199999571,0,0,2023,Jun,Q2,Year2,NA
6/22/2023,Cheyenne,Black,3,24,17,29.13333321,23.0666666,0.46457845,1,1,12.13333321,0,0,2023,Jun,Q2,Year2,NA
6/22/2023,Cheyenne,White,4,24,15.47500014,23.8499999,19.66250002,0.625000137,1,1,8.374999762,0,0,2023,Jun,Q2,Year2,NA
6/23/2023,Cheyenne,Black,3,24,16.56666692,30.76666641,23.66666667,0.453688355,1,1,14.19999949,0,0,2023,Jun,Q2,Year2,NA
6/23/2023,Cheyenne,White,4,24,14.45000029,25.19999981,19.82500005,0.357071537,1,1,10.74999952,0,0,2023,Jun,Q2,Year2,NA
6/24/2023,Cheyenne,Black,3,24,15.03333346,32.43333371,23.73333359,0.453688863,1,1,17.40000025,0,0,2023,Jun,Q2,Year2,NA
6/24/2023,Cheyenne,White,4,24,13.64999986,25.0250001,19.33749998,0.661280506,1,1,11.37500024,0,0,2023,Jun,Q2,Year2,NA
6/25/2023,Cheyenne,Black,3,24,15.33333333,35.30000051,25.31666692,0.680686108,1,1,19.96666718,0,0,2023,Jun,Q2,Year2,NA
6/25/2023,Cheyenne,White,4,24,13.27499962,27.47500038,20.375,0.736546062,1,1,14.20000076,0,0,2023,Jun,Q2,Year2,NA
6/26/2023,Cheyenne,Black,3,24,17.93333308,34.59999975,26.26666641,0.71821614,1,1,16.66666667,0,0,2023,Jun,Q2,Year2,NA
6/26/2023,Cheyenne,White,4,24,15.75000024,27.70000029,21.72500026,0.839146283,1,1,11.95000005,0,0,2023,Jun,Q2,Year2,NA
6/27/2023,Cheyenne,Black,3,24,19.96666654,35.79999924,27.88333289,0.907377218,1,1,15.8333327,0,0,2023,Jun,Q2,Year2,NA
6/27/2023,Cheyenne,White,4,24,17.85000038,28.9749999,23.41250014,0.746520155,1,1,11.12499952,0,0,2023,Jun,Q2,Year2,NA
6/28/2023,Cheyenne,Black,3,24,19.46666654,35.90000025,27.6833334,0.860717721,1,1,16.43333371,0,0,2023,Jun,Q2,Year2,NA
6/28/2023,Cheyenne,White,4,24,17.17500019,29.67500019,23.42500019,0.827143145,1,1,12.5,0,0,2023,Jun,Q2,Year2,NA
6/29/2023,Cheyenne,Black,3,24,18.40000025,33.43333244,25.91666635,0.791095868,1,1,15.03333219,0,0,2023,Jun,Q2,Year2,NA
6/29/2023,Cheyenne,White,4,24,16.10000014,28.25,22.17500007,0.413319556,1,1,12.14999986,0,0,2023,Jun,Q2,Year2,NA
6/30/2023,Cheyenne,Black,3,24,15.5666666,22.63333321,19.0999999,0.567890923,1,1,7.066666603,0,0,2023,Jun,Q2,Year2,NA
6/30/2023,Cheyenne,White,4,24,13.97500014,18.95000029,16.46250021,0.228673551,1,1,4.975000143,0,0,2023,Jun,Q2,Year2,NA
7/1/2023,Cheyenne,Black,3,24,14.26666673,32.83333333,23.55000003,1.165117819,1,1,18.5666666,0,0,2023,Jul,Q3,Year2,NA
7/1/2023,Cheyenne,White,4,24,13,25.75,19.375,0.649999814,1,1,12.75,0,0,2023,Jul,Q3,Year2,NA
7/2/2023,Cheyenne,Black,3,24,17.36666616,34.70000076,26.03333346,1.218947237,1,1,17.3333346,0,0,2023,Jul,Q3,Year2,NA
7/2/2023,Cheyenne,White,4,24,15.67499995,27.10000038,21.38750017,0.755397511,1,1,11.42500043,0,0,2023,Jul,Q3,Year2,NA
7/3/2023,Cheyenne,Black,3,24,17.96666654,36.59999975,27.28333314,1.242310015,1,1,18.63333321,0,0,2023,Jul,Q3,Year2,NA
7/3/2023,Cheyenne,White,4,24,15.9749999,28.79999971,22.38749981,0.696867601,1,1,12.82499981,0,0,2023,Jul,Q3,Year2,NA
7/4/2023,Cheyenne,Black,3,24,16.76666705,27,21.88333352,0.33291622,1,1,10.23333295,0,0,2023,Jul,Q3,Year2,NA
7/4/2023,Cheyenne,White,4,24,14.3499999,22.34999943,18.34999967,0.380788626,1,1,7.999999523,0,0,2023,Jul,Q3,Year2,NA
7/5/2023,Cheyenne,Black,3,24,1.899999936,19.03333282,10.46666638,11.6677259,1,1,17.13333289,0,0,2023,Jul,Q3,Year2,NA
7/5/2023,Cheyenne,White,4,24,0.274999976,16.92500019,8.600000083,11.57979591,1,1,16.65000021,0,0,2023,Jul,Q3,Year2,NA
7/6/2023,Cheyenne,Black,3,24,14.63333321,20.63333384,17.63333352,0.375277592,1,1,6.000000636,0,0,2023,Jul,Q3,Year2,NA
7/6/2023,Cheyenne,White,4,24,13.45000005,18.0250001,15.73750007,0.239356569,1,1,4.575000048,0,0,2023,Jul,Q3,Year2,NA
7/7/2023,Cheyenne,Black,3,24,14.43333371,28.63333384,21.53333378,1.49777642,1,1,14.20000013,0,0,2023,Jul,Q3,Year2,NA
7/7/2023,Cheyenne,White,4,24,13.82499981,22.69999933,18.26249957,1.165028704,1,1,8.874999523,0,0,2023,Jul,Q3,Year2,NA
7/8/2023,Cheyenne,Black,3,24,15.30000019,24.73333359,20.01666689,0.711219535,1,1,9.433333397,0,0,2023,Jul,Q3,Year2,NA
7/8/2023,Cheyenne,White,4,24,14.125,21.1500001,17.63750005,0.324999895,1,1,7.025000095,0,0,2023,Jul,Q3,Year2,NA
7/9/2023,Cheyenne,Black,3,24,15.66666667,31.9666659,23.81666629,1.850225114,1,1,16.29999924,0,0,2023,Jul,Q3,Year2,NA
7/9/2023,Cheyenne,White,4,24,15.05000019,26.20000029,20.62500024,1.451723293,1,1,11.1500001,0,0,2023,Jul,Q3,Year2,NA
7/10/2023,Cheyenne,Black,3,24,17.79999987,31.33333333,24.5666666,1.313709532,1,1,13.53333346,0,0,2023,Jul,Q3,Year2,NA
7/10/2023,Cheyenne,White,4,24,16.7249999,26.64999962,21.68749976,0.92319657,1,1,9.924999714,0,0,2023,Jul,Q3,Year2,NA
7/11/2023,Cheyenne,Black,3,24,18.53333346,34.73333359,26.63333352,1.600260372,1,1,16.20000013,0,0,2023,Jul,Q3,Year2,NA
7/11/2023,Cheyenne,White,4,24,17.25,28.87499952,23.06249976,0.87974913,1,1,11.62499952,0,0,2023,Jul,Q3,Year2,NA
7/12/2023,Cheyenne,Black,3,23.66666667,19.03333282,34.79999987,26.91666635,1.606497402,1,0,15.76666705,0,0,2023,Jul,Q3,Year2,NA
7/12/2023,Cheyenne,White,4,23.5,17.37499952,28.6500001,23.01249981,0.760893182,1,0,11.27500057,0,0,2023,Jul,Q3,Year2,NA
7/13/2023,Cheyenne,Black,2,9,18.80000019,22.5,20.6500001,1.060659497,0,0,3.699999809,0,0,2023,Jul,Q3,Year2,NA
7/13/2023,Cheyenne,White,2,9,17.14999962,20.14999962,18.64999962,0.212131495,0,0,3,0,0,2023,Jul,Q3,Year2,NA
