1, 0.831602725541047, 0.887406985679855, 0.83696020396828, 0.807164223291053, 0.80718467411726, 0.772656056594455, 0.775667533101123, 0.830923852137773, 0.824767784058618, 0.840577414470212, 0.840576440621345, 0.840567642400547, 0.767895816170646, 0.788470421926402, 0.768934610682759, 0.829495820307825, 0.827378236318062, 0.79124249951677, 0.788691485619207, 0.797096271475214, 0.797136098535775, 0.476237550349665, 0.468060208575592, 0.467900027227471, 0.479734003592092, 0.479515290568965, 0.82315693728964, 0.797040459860838, 0.835284109325214, 0.835270307536099, 0.770883483751567, 0.840592055784212, 0.817800936426206, 0.797757951408837, 0.753507870780867, 0.617699609130646, 0.832970479484228, 0.776026480361095, 0.842048698622252, 0.788477406773448, 0.794497068849234, 0.788712876713286, 0.679600935539667, 0.795691007560157, 0.764776007372775, 0.788471328613278, 0.805082201575432, 0.821485174594983, 0.842263180439957, 0.467862819484553, 0.481936312433283, 0.46781422778419, 0.52294982314233, 0.482122384728868, 0.797135359753876, 0.606855197538862, 0.827858847524416, 0.840587421606845, 0.817724774728608, 0.814736334784793, 0.795370947092873, 0.776451212791082, 0.804621000184427, 0.840563747005079, 0.794471950264665, 0.847733860402727, 0.812535671412378, 0.787591506533451, 0.814262439777522, 0.788644337901647, 0.827959019633733, 0.792327031344635, 0.835288575597604, 0.830948634912388, 0.788440400516503, 0.810706682497196, 0.779366849136841, 0.846404657442281, 0.468053525957505, 0.808887062679734, 0.776074098212591, 0.835272758948764, 0.794468357098156, 0.796045119156789, 0.835267486732485, 0.794476450118051, 0.827928460927907, 0.827590031656133, 0.80792946701453, 0.808287104615681, 0.794492233185895, 0.797194563048789, 0.806389375402888, 0.812551958195153, 0.58757826218886, 0.797118938647118, 0.797156012066055, 0.788499032934494, 0.814913944669534, 0.830332524389541, 0.847693731113209, 0.814521584319126, 0.788463269174379, 0.797114841765678, 0.776045252137531, 0.796765666575371, 0.812872085824427, 0.797114741022692, 0.776044177545678, 0.786785092509598, 0.821484570137066, 0.806156356875716, 0.816115808495374, 0.788483787162576, 0.797129449498683, 0.817640452849126, 0.794500628434748, 0.794452977002257, 0.783013913143696, 0.828091060107698, 0.791160998440902, 0.808019867054182, 0.840525498251303, 0.537523236369776, 0.797134453066999, 0.801665033063176
0.831602725541047, 1, 0.773551158027194, 0.850359558434089, 0.886965294847184, 0.886913076399317, 0.824138543366565, 0.818215930367522, 0.767994611459152, 0.758653923260978, 0.772943476334196, 0.772950293276265, 0.772941293569495, 0.804210237448532, 0.849378489653091, 0.737050194319788, 0.871520354045778, 0.788619991679973, 0.738407638897377, 0.85563197619994, 0.819614209435534, 0.819643760711498, 0.473666387854855, 0.46611056314389, 0.465959180016567, 0.472799796687221, 0.472593038498462, 0.772679999844184, 0.789448065445868, 0.764166210077066, 0.764153415717813, 0.843121645006701, 0.77294535686994, 0.857410862269965, 0.78007299030839, 0.802493341896039, 0.614599545958077, 0.79398878690266, 0.725259806087214, 0.772822886979668, 0.849382317886568, 0.731996657482041, 0.855649539060541, 0.659224927790786, 0.86032696874966, 0.740190621848843, 0.84937798593816, 0.744489728043637, 0.753594207520074, 0.882519070311485, 0.465925397535182, 0.478923828496752, 0.465871500037544, 0.52007965546436, 0.479046499872997, 0.819636171406535, 0.598458538283745, 0.771713303729223, 0.772958117648197, 0.857377885732469, 0.789080252803106, 0.859517834665178, 0.738025621493556, 0.775340185557835, 0.772950091790293, 0.731989001015086, 0.884629904521171, 0.746235503252185, 0.780234111924383, 0.752148881477489, 0.740035309745057, 0.781689848075547, 0.742838785566136, 0.764174571744924, 0.768019595719739, 0.849345647439577, 0.780387946464371, 0.796305976329159, 0.776484726624504, 0.466047262967536, 0.838907800959261, 0.725293252758645, 0.764152912002882, 0.731971975450412, 0.742279259020561, 0.764154087337721, 0.73198033711827, 0.756538757102884, 0.760846460032504, 0.807895684533144, 0.899722580680692, 0.731992157628655, 0.819691076334035, 0.888207791677474, 0.746215858369868, 0.603510496814708, 0.819610347621062, 0.819655749126861, 0.849390780297412, 0.754485144909383, 0.77312253020174, 0.940124480720277, 0.752082223201593, 0.84935038235993, 0.819605914929667, 0.725274145172255, 0.8709293621075, 0.860396850801115, 0.8196049410808, 0.725281600153237, 0.73669970947066, 0.753614087469359, 0.78638218772663, 0.754926332027122, 0.849357199301999, 0.819617298887112, 0.757873668832551, 0.732016000135399, 0.731955117790714, 0.730750533904246, 0.853602743809108, 0.852177196972821, 0.834497944641595, 0.77290311197771, 0.528396391950394, 0.819614108692548, 0.808800390130572
0.887406985679855, 0.773551158027194, 1, 0.815666729843713, 0.75231514098578, 0.752349964478023, 0.763444218675681, 0.766457172746148, 0.845231740434487, 0.857239968584307, 0.848011877463754, 0.848020776427538, 0.847996396624868, 0.768488218510731, 0.771986149316956, 0.781022459372704, 0.80465458117984, 0.843417292090319, 0.821086501017437, 0.761311120266037, 0.77557223023614, 0.775611520000774, 0.480025520213274, 0.471847171009339, 0.471721913896447, 0.482252141695144, 0.482023085725431, 0.836890120430852, 0.804663849534574, 0.854138192780972, 0.854111092917674, 0.749306317377749, 0.848030145525258, 0.787386998271385, 0.807289681889917, 0.742855206672893, 0.615617486672039, 0.831734396624062, 0.805105103814304, 0.858885235873583, 0.771974060158607, 0.820723322552043, 0.761348563075922, 0.678862523031526, 0.775279034565187, 0.773986300565759, 0.771989876807447, 0.835075034047771, 0.844675571988453, 0.790641500441859, 0.47166119945674, 0.484347797294903, 0.471629331092093, 0.526694607845837, 0.484530847300901, 0.775622736053242, 0.596189772652631, 0.862944708085108, 0.848023563650158, 0.787273830316842, 0.820207316976523, 0.776802033450164, 0.796240997103035, 0.801864235527968, 0.848003112823951, 0.82070035315118, 0.793705766273317, 0.868578893914546, 0.822424972332618, 0.865892716510446, 0.825060140204686, 0.818896281334595, 0.819674151512347, 0.854152800513977, 0.845223546671606, 0.771991656600204, 0.830286787073788, 0.779941789359311, 0.86005308215107, 0.471882800445472, 0.802378897863671, 0.805156415575295, 0.854146319381862, 0.820696827146662, 0.817081900152417, 0.854133592184601, 0.820721979312226, 0.86952433325941, 0.844732961909614, 0.809667652918115, 0.787887758074987, 0.820726210517648, 0.775678043952687, 0.760825371167384, 0.868618217260175, 0.580336957080936, 0.775610613313898, 0.775649567268577, 0.772010327633653, 0.836591921191583, 0.840950801558212, 0.795272286128349, 0.866464634443329, 0.771968250646401, 0.775601344959163, 0.805117629525593, 0.779845781293424, 0.777217161715462, 0.775610311084939, 0.805114338588043, 0.816156743728783, 0.84467940022193, 0.824759388809765, 0.856841530073729, 0.771992462544093, 0.775625691180838, 0.840053853170724, 0.82072715078552, 0.820677283007331, 0.815244515988382, 0.801372710498104, 0.773962995354942, 0.786939968060444, 0.847977960658386, 0.541603629541443, 0.775621829366366, 0.789880756571767
0.83696020396828, 0.850359558434089, 0.815666729843713, 1, 0.816302317343899, 0.816307455236197, 0.796508469731501, 0.803997166032635, 0.812284418404696, 0.804419413468961, 0.817947013756253, 0.81794879354901, 0.817922398886615, 0.780053580493042, 0.815432368076724, 0.750313915145123, 0.840481876538261, 0.825564224526834, 0.785899460917564, 0.806177882293775, 0.77788575933414, 0.777924175992893, 0.488688543924009, 0.482198177035515, 0.482059017390523, 0.48753221592795, 0.487328278542805, 0.816240158921389, 0.819999215547947, 0.80758573194548, 0.807578512031466, 0.801624500801713, 0.81792968596262, 0.794310929391659, 0.792467232000486, 0.776038200128494, 0.632909012830224, 0.823236860058724, 0.769188953142019, 0.823760857911152, 0.815441502107476, 0.770708862575418, 0.806203168783322, 0.663689218902017, 0.81991455785851, 0.745456424158598, 0.81543495381337, 0.792042264503531, 0.808437916866082, 0.819448823033124, 0.482040279195082, 0.493972244904319, 0.481970262819646, 0.527007918533042, 0.494158720171849, 0.777931698135865, 0.581371553968622, 0.811642013962441, 0.817943454170739, 0.794222544211731, 0.801607206589075, 0.820848411759957, 0.773274417043994, 0.779489151122136, 0.817938652088395, 0.770701071784482, 0.825858024655704, 0.791222518824499, 0.774610336203523, 0.795214123844293, 0.784117921948901, 0.807528912901241, 0.786625482038399, 0.80759913076265, 0.812303962544026, 0.815403958554604, 0.818375003542795, 0.781196173861977, 0.818716690171125, 0.482176718779446, 0.829352227971438, 0.769246981102093, 0.807576866562691, 0.770693448898523, 0.774109845047884, 0.807574885283962, 0.770709332709354, 0.80225488324761, 0.802994605414573, 0.807516118541988, 0.868872358233462, 0.770712354998941, 0.777997348981898, 0.820643198296987, 0.791210194599182, 0.599755772136559, 0.777933343604641, 0.777970349861586, 0.815451912216054, 0.799283032315529, 0.810744360374049, 0.86502196129938, 0.797419958690003, 0.815411917250517, 0.777919306748558, 0.769225858655978, 0.826984230498878, 0.812404739111262, 0.777917325469828, 0.769215045575455, 0.783151125090954, 0.808436304978302, 0.830985103873407, 0.802312911207684, 0.815439823057705, 0.777926258014608, 0.806892485876169, 0.770726727664978, 0.770677061372762, 0.778245848347956, 0.820489363756999, 0.816335965501303, 0.858703965660343, 0.817895164699335, 0.541890948538199, 0.777936768866173, 0.77551366498014
0.807164223291053, 0.886965294847184, 0.75231514098578, 0.816302317343899, 1, 0.998544633239786, 0.805662548338164, 0.815573374676464, 0.770750133618781, 0.749509818209953, 0.774531454445298, 0.774538607197321, 0.774516712388311, 0.798162165850626, 0.832436138685213, 0.72599774846142, 0.859878696041889, 0.782503616337396, 0.738263039131128, 0.836181796494601, 0.800971652669884, 0.800989316273471, 0.476977205354638, 0.471560893023441, 0.471440874545834, 0.477682406258315, 0.477488744657767, 0.770670983212592, 0.780947036457006, 0.767386358889232, 0.767373766015952, 0.837265522378577, 0.774523932302325, 0.855068252029938, 0.760338312409911, 0.788368436443332, 0.62251237023128, 0.780642288923631, 0.72605507122059, 0.76007372774705, 0.832448697977497, 0.719705475864868, 0.836176389954339, 0.667331648731505, 0.831182694450418, 0.74378217647028, 0.832435097674355, 0.73037214324793, 0.744930780837395, 0.83839290355659, 0.47137633187265, 0.481626695655573, 0.471345269451892, 0.519519054326931, 0.481761456190166, 0.800987435737728, 0.600273792571803, 0.766198095366535, 0.774527021753903, 0.855047901946717, 0.789140161298924, 0.838089667168009, 0.741274448475806, 0.766273451120242, 0.774514563204605, 0.71968284227396, 0.8439057612496, 0.746743583712787, 0.780565489187121, 0.753231868579566, 0.724660519643069, 0.774992790160285, 0.744685538827892, 0.767390287865695, 0.770758596029625, 0.832438959488827, 0.771501877782102, 0.795889773472008, 0.770398708501781, 0.471552061221647, 0.807667266602343, 0.726079988319187, 0.767372120547177, 0.719677905867634, 0.729600418392338, 0.767374370473869, 0.719682707949978, 0.757718726119715, 0.75066389627932, 0.798942252374076, 0.859089777716645, 0.71970238641329, 0.801036497572027, 0.865658153257484, 0.746728841655801, 0.594447523448602, 0.800988140938632, 0.801006879134072, 0.832444265286103, 0.743455198317941, 0.753623053595134, 0.868980388295707, 0.755624749569727, 0.832412934217382, 0.80095220927354, 0.726068537199751, 0.839592786103701, 0.837952320896768, 0.800961847019223, 0.7260725669192, 0.724294621117046, 0.744951198082606, 0.780856905065317, 0.754336716909657, 0.832424049526864, 0.800983674666242, 0.743991352490709, 0.719722937982483, 0.719659234834184, 0.740325886098368, 0.844569120232993, 0.835598192375314, 0.831855187464564, 0.774497739125903, 0.526052908604485, 0.800968596799301, 0.787150856711639
0.80718467411726, 0.886913076399317, 0.752349964478023, 0.816307455236197, 0.998544633239786, 1, 0.80563423955903, 0.81556125193712, 0.770796441811456, 0.749558611396288, 0.774556472286881, 0.774560401263344, 0.774541998877857, 0.798150781893181, 0.832398763037318, 0.726031363037828, 0.859860192913416, 0.78251493313285, 0.738301355046895, 0.836137704647623, 0.800943478214732, 0.800957447908824, 0.477072944772561, 0.471652737045896, 0.471534128970096, 0.477765787869927, 0.477571253163498, 0.77070050090756, 0.780961711352002, 0.767438711661081, 0.767431558909058, 0.837213102444737, 0.774548144200018, 0.855050084711419, 0.760357487158292, 0.788369544616181, 0.622566603538873, 0.780678321331709, 0.726091976734549, 0.760111237718926, 0.832403262890703, 0.719756149586947, 0.836139753088343, 0.667347734028308, 0.831153512565404, 0.743790806786101, 0.83239933391424, 0.730406563768228, 0.744972589176684, 0.838392601327631, 0.471469519134921, 0.481728009518735, 0.471440605897871, 0.519602368776552, 0.481863844645181, 0.800964029783925, 0.600315332263129, 0.766224187799971, 0.774552173919468, 0.855016436554015, 0.789150470664515, 0.838047858828719, 0.74128818310293, 0.766333729007009, 0.774540185504105, 0.719731836946268, 0.843882758267742, 0.746784451784205, 0.780558403597089, 0.753271259087185, 0.724706962159725, 0.77499114469151, 0.744727615815144, 0.767442976447499, 0.770806180300125, 0.832405680722373, 0.771523873334097, 0.79588712057337, 0.770428562006704, 0.471643099300212, 0.807647823205999, 0.72611971463676, 0.767424943452962, 0.719728512427722, 0.729644644563297, 0.767431558909058, 0.71973365032002, 0.757767183496096, 0.750705637456618, 0.798975128168585, 0.859043268037998, 0.719748493119993, 0.801015778097857, 0.865620307475653, 0.746769373917265, 0.59451277132269, 0.800962115667187, 0.800974204825535, 0.832409576117841, 0.743495999227368, 0.753669697597763, 0.868952751136482, 0.755653259834833, 0.832368305074478, 0.80092504224825, 0.72610786054538, 0.839540231845879, 0.837937578839782, 0.800936560529677, 0.72611115148293, 0.724343414303382, 0.744994618309675, 0.780878833455322, 0.754355824496047, 0.832383181455446, 0.800951269005668, 0.744030340026384, 0.719773611704562, 0.719709371260336, 0.740361717020474, 0.844538729432144, 0.835563637531034, 0.831845684042862, 0.774526518038972, 0.526135887244151, 0.800943310309755, 0.787140413022065
0.772656056594455, 0.824138543366565, 0.763444218675681, 0.796508469731501, 0.805662548338164, 0.80563423955903, 1, 0.851795918350899, 0.751127750568963, 0.735198874042656, 0.762434303819623, 0.762443337107389, 0.762429300251307, 0.844896165547322, 0.926000918507387, 0.727301832837297, 0.799530826480684, 0.760810696272389, 0.733568550296339, 0.845229725574762, 0.810857897719541, 0.81088946385523, 0.490643864543936, 0.488945102728966, 0.48883891962147, 0.495269310852155, 0.495104528907663, 0.75843668780165, 0.807002732284111, 0.750071258872267, 0.750054770603519, 0.875766133619855, 0.762431550177999, 0.782391657298688, 0.77491682994866, 0.787630661974103, 0.601886519876524, 0.799492510564917, 0.710900169476568, 0.763914654840425, 0.926025835605983, 0.721937537467996, 0.845249504781061, 0.679207702083378, 0.889162633701054, 0.755336255238132, 0.926014048676593, 0.729554714657581, 0.748770499014935, 0.792254832204497, 0.488756646182707, 0.49489347235149, 0.488772664317519, 0.545536400657274, 0.495037971374754, 0.810873479301413, 0.62299704473808, 0.7617623816824, 0.762438803673009, 0.782329666781155, 0.80743703529779, 0.891311380854561, 0.72436319350968, 0.788529725964302, 0.762435411992472, 0.721923366287931, 0.798642206180058, 0.734003961482867, 0.773570030546617, 0.737021046015769, 0.728029365102925, 0.729113896930791, 0.72593317220724, 0.750084993499391, 0.75114299634088, 0.925981911663983, 0.746726759634085, 0.762556471480937, 0.776329649587686, 0.488935532145274, 0.864550517704774, 0.71093939207921, 0.750062393489478, 0.721912855436367, 0.721829305919779, 0.750063971796262, 0.721921821562142, 0.742753355513805, 0.742646030652464, 0.823979302286315, 0.834251124325307, 0.721924642365757, 0.810922876945666, 0.84716160665989, 0.734028442028523, 0.627473693655623, 0.810890773514051, 0.810910049005418, 0.926021940210515, 0.738132073249016, 0.746624639827034, 0.803570989619846, 0.736997640061966, 0.925947021009748, 0.810847386867977, 0.71093324675705, 0.852114064701444, 0.857638642161853, 0.81084883085078, 0.710938888364279, 0.726947519754692, 0.748765529027614, 0.782827437876166, 0.746419392783068, 0.925953703627836, 0.810861591629037, 0.741483389429267, 0.721955201071583, 0.721896938044541, 0.722246415463807, 0.784636110289123, 0.911103985970129, 0.774543912994596, 0.762392663385311, 0.559678701065606, 0.810863438583785, 0.858556007794552
0.775667533101123, 0.818215930367522, 0.766457172746148, 0.803997166032635, 0.815573374676464, 0.81556125193712, 0.851795918350899, 1, 0.75448531281436, 0.756836116817268, 0.761526273703649, 0.761539403872856, 0.761512807724489, 0.840030547959908, 0.898009009646745, 0.76093514744139, 0.818341489709373, 0.782686229790453, 0.736908045966204, 0.849169582280625, 0.80458429615644, 0.804621235251395, 0.502887965605539, 0.496215253911951, 0.496077101696821, 0.503126860806908, 0.502943340666975, 0.778145441171671, 0.844634267364095, 0.759167074451888, 0.759155153198516, 0.870397741369113, 0.761519557504567, 0.778550595881331, 0.795399020805039, 0.801400616305293, 0.632530588592912, 0.819247672870599, 0.725849891338615, 0.771087555460693, 0.898035135661177, 0.732565586706332, 0.849175055982877, 0.68551461599393, 0.880388121085547, 0.745702270626018, 0.898017572800576, 0.741967056506204, 0.760318869013566, 0.789547465192291, 0.49605184878827, 0.508464157055898, 0.496006548025458, 0.550564080128553, 0.50859394760317, 0.80462815293645, 0.65190551328753, 0.770066760362121, 0.761526542351613, 0.778462949483303, 0.841595220860192, 0.86514298720685, 0.744735641673048, 0.784563474596044, 0.761511464484672, 0.732552893090065, 0.807401405861657, 0.745991167929558, 0.770174790424366, 0.749167359218729, 0.747956865077068, 0.747645770735559, 0.751694967162488, 0.759178391247342, 0.754501633178131, 0.897988189429589, 0.769199363250597, 0.759618873164177, 0.76958027248157, 0.496198832805194, 0.843407922992599, 0.725881726122267, 0.759160291090814, 0.732541106160675, 0.740047869037342, 0.75916280966547, 0.732556452675579, 0.749486613742122, 0.748888200403859, 0.818969152094641, 0.818902124427797, 0.732551415526267, 0.804668819521895, 0.84441649460884, 0.74600960389604, 0.621589564477325, 0.804618313704794, 0.80464645457895, 0.898028755272048, 0.756254863367661, 0.760437644994343, 0.810229765200337, 0.756086756904622, 0.89797485777441, 0.804600381453243, 0.725868192981115, 0.840569724422263, 0.834337192416552, 0.804596653962752, 0.725877998631776, 0.741489836980386, 0.76031839887963, 0.798695734286747, 0.75322048462212, 0.897992622120984, 0.804612974326523, 0.771388138950637, 0.732584593549735, 0.73252438282496, 0.742777836059461, 0.767189641418101, 0.885054737694143, 0.784842196857974, 0.76148409597341, 0.563280397147657, 0.804612739259555, 0.832443358599227
0.830923852137773, 0.767994611459152, 0.845231740434487, 0.812284418404696, 0.770750133618781, 0.770796441811456, 0.751127750568963, 0.75448531281436, 1, 0.875568509461848, 0.855921981676328, 0.855931619422012, 0.855891187903534, 0.767328297348163, 0.765930992129018, 0.772309097749845, 0.785440979587188, 0.830701008652211, 0.840672180039268, 0.744519715872541, 0.768421593815831, 0.768460883580465, 0.482061502384183, 0.476347125137699, 0.476228920033844, 0.484571816115305, 0.48439548230839, 0.826090170076996, 0.788931119602476, 0.933378428132707, 0.933369932140868, 0.740831649470287, 0.855912981969558, 0.787835405303138, 0.793626347219164, 0.736682381677027, 0.618375863216278, 0.839326555972064, 0.824033401269926, 0.863682046001397, 0.765937036708192, 0.812869231439817, 0.74459073967784, 0.676775027613652, 0.769155775118551, 0.761416766077607, 0.765927398962508, 0.818017399522639, 0.836226089827551, 0.789768629628082, 0.476190839185046, 0.486629458028256, 0.476113434990618, 0.51994882390623, 0.486839977288501, 0.768463905870052, 0.584922307680632, 0.864073533245924, 0.85591969816864, 0.787703431991164, 0.815770092147595, 0.762214012489712, 0.809758120119758, 0.796670901006315, 0.855906702323415, 0.812849821624469, 0.784389088486863, 0.864525499863191, 0.832774131404047, 0.878152567058897, 0.817708958079769, 0.80441121970608, 0.826231613229676, 0.933388603174317, 0.999244360441211, 0.765944760337137, 0.812174910778653, 0.796457292294491, 0.837686560899068, 0.476369657985621, 0.800837899565153, 0.824090153152174, 0.933370301531817, 0.812848310479675, 0.813945200113853, 0.933366574041326, 0.81286782103801, 0.894840810634483, 0.834003598808116, 0.796901669606795, 0.777071688843332, 0.812863119698652, 0.768536810211094, 0.746913805778537, 0.864521302238764, 0.565908110038743, 0.768471327270038, 0.768501012869984, 0.765966386498183, 0.831590602801703, 0.806115992519229, 0.789705933909646, 0.877396356623186, 0.76591611574805, 0.768456887442011, 0.824044046445472, 0.763937758565269, 0.776236092934464, 0.768468741533392, 0.824031084181242, 0.82021765992311, 0.836238044661918, 0.837762856920647, 0.879521362012936, 0.765958998679192, 0.768464107356025, 0.829549952872431, 0.812878298308579, 0.812828632016363, 0.823945654128911, 0.801510694808257, 0.769108425915018, 0.812017348748174, 0.855851797395915, 0.535386813441586, 0.768484088048295, 0.783565010859422
0.824767784058618, 0.758653923260978, 0.857239968584307, 0.804419413468961, 0.749509818209953, 0.749558611396288, 0.735198874042656, 0.756836116817268, 0.875568509461848, 1, 0.82387369005574, 0.823876208630396, 0.823846926002396, 0.765080452677191, 0.746676589626938, 0.821867124836813, 0.790835833662315, 0.843303687582836, 0.845435442752664, 0.740789135930094, 0.756352248254359, 0.756407522572809, 0.483932836934582, 0.477088190544478, 0.476965687073211, 0.484451730475707, 0.484207025762131, 0.834575751807967, 0.798105111739419, 0.916440577018214, 0.916426103609191, 0.736545841349677, 0.823859250227713, 0.77160255360635, 0.83401038216919, 0.742546227934096, 0.612295486700784, 0.828601189009021, 0.855733323644097, 0.861873037778486, 0.746668395864057, 0.839699842317078, 0.740853174888347, 0.662031358739461, 0.750507240935717, 0.747110523249668, 0.746660638654117, 0.870165797433794, 0.865037912272202, 0.783529952300211, 0.476860645719558, 0.487021079596765, 0.476821993993838, 0.521752526331866, 0.487236837492295, 0.756427335360103, 0.577288742965285, 0.857821893653823, 0.823877115317273, 0.771511683432762, 0.809121860999663, 0.753718356460117, 0.820440167598718, 0.798201657101232, 0.823864052310057, 0.839678484803995, 0.779280747464601, 0.841093957341659, 0.862341593407486, 0.84809287482469, 0.842123416337047, 0.835268057609407, 0.852311688859451, 0.916446722340375, 0.875567166222032, 0.746669806265865, 0.837943018961039, 0.797487154261825, 0.841862760650649, 0.477020323352748, 0.783666660532538, 0.855785508510969, 0.916433390685196, 0.839678921356935, 0.858185139281208, 0.916435304801935, 0.839704409332454, 0.887969668838999, 0.855391536272781, 0.794306731767232, 0.767147362944876, 0.839702260148748, 0.756487478922888, 0.749449976876127, 0.841092311872883, 0.562317898657123, 0.756424279489521, 0.756437980535649, 0.746703252937296, 0.87815723481726, 0.85356956578564, 0.782552913238663, 0.848256112043394, 0.746661377436016, 0.756412996275062, 0.855747326919184, 0.754713797907152, 0.757367939041628, 0.756423775774589, 0.855744170305615, 0.848218568490522, 0.865046777654991, 0.819216341801878, 0.847896392420528, 0.746696200928259, 0.756421492266901, 0.835536302600767, 0.839704140684491, 0.839656287766027, 0.846309388158293, 0.792918862807798, 0.749254065348886, 0.798036304279817, 0.823817475469419, 0.536226002516963, 0.756430861364621, 0.75940865613289
0.840577414470212, 0.772943476334196, 0.848011877463754, 0.817947013756253, 0.774531454445298, 0.774556472286881, 0.762434303819623, 0.761526273703649, 0.855921981676328, 0.82387369005574, 1, 0.999042572239773, 0.999047542227094, 0.768455107649254, 0.769984319018382, 0.767004139999439, 0.800077961638951, 0.827287131077505, 0.833452702578362, 0.763432095936337, 0.786270799564844, 0.786306596905955, 0.475392417438101, 0.468797412167899, 0.46870566888843, 0.474653837024982, 0.474424378083323, 0.815622470091758, 0.787644060791273, 0.855351004011317, 0.855337605194147, 0.744109456851577, 0.999028568964686, 0.783063915245866, 0.7924700528041, 0.735766997323057, 0.610337210953261, 0.88514100727136, 0.807964256925778, 0.861764403258324, 0.769977401333327, 0.804996536456133, 0.763490023153425, 0.678393530849584, 0.778651775420511, 0.768466256539731, 0.769979584098029, 0.816601188203077, 0.834592475143683, 0.798318384641288, 0.468647708090347, 0.480368986634361, 0.468586691421681, 0.521957068174928, 0.480575610499138, 0.786305253666138, 0.587378119456197, 0.835363964932307, 0.999053486063282, 0.782949471213498, 0.82828294191549, 0.778574572712056, 0.803822847085445, 0.79860580438103, 0.999061176111232, 0.804976723668839, 0.784642121287302, 0.843213489029156, 0.809573256740008, 0.85144126945834, 0.807675460365224, 0.814932111988053, 0.822748424480438, 0.855359634327138, 0.855906601580429, 0.769946573979537, 0.810993632103002, 0.78572114583192, 0.84820255035571, 0.468848891833868, 0.800369411098143, 0.807998912513045, 0.855340996874684, 0.804974473742147, 0.805481345286914, 0.855340963293688, 0.805018834237087, 0.848801165179946, 0.835564812865873, 0.80192857671518, 0.78079128780028, 0.805014468707684, 0.786364053989107, 0.754656072176036, 0.843218828407427, 0.569492041774221, 0.786311600474271, 0.786327585028088, 0.770009706250914, 0.853984996279897, 0.810065755618739, 0.786528802352604, 0.842913879388079, 0.769977166266359, 0.786279564204647, 0.807966506852471, 0.769469186548743, 0.78625669554677, 0.786292358563899, 0.807961066731214, 0.802960419961242, 0.834593281087573, 0.835059620370877, 0.839373569365643, 0.770005139235538, 0.786294642071587, 0.836272498763212, 0.805009364396381, 0.804958824998284, 0.806722935430328, 0.803502887361148, 0.774337692101763, 0.827639798691335, 0.998966712771135, 0.535619697644777, 0.78630179482361, 0.799940615367711
0.840576440621345, 0.772950293276265, 0.848020776427538, 0.81794879354901, 0.774538607197321, 0.774560401263344, 0.762443337107389, 0.761539403872856, 0.855931619422012, 0.823876208630396, 0.999042572239773, 1, 0.999037501509466, 0.768454536772332, 0.769996240271754, 0.767003972094461, 0.80009042018825, 0.827294082343556, 0.83342043124177, 0.763435554778864, 0.786279362718674, 0.786315160059785, 0.475385399010059, 0.468794490621298, 0.468705433821462, 0.474648094674766, 0.474420516268851, 0.815616929227515, 0.787655243262746, 0.855349492866524, 0.855350668201363, 0.744114729067857, 0.999022289318544, 0.783080336352623, 0.792481100951591, 0.735777911146567, 0.610345975593064, 0.885149234615236, 0.807957171335746, 0.861767324804925, 0.770000404315185, 0.804981458589193, 0.763492743214053, 0.678410690738241, 0.778665577209626, 0.768476498743332, 0.769991236703437, 0.81658396115243, 0.834592978858614, 0.798330104408688, 0.468645323839673, 0.480355386331218, 0.468585583248832, 0.521943199223822, 0.480563689245767, 0.786312742228115, 0.587396824070643, 0.835366886478908, 0.999043646831626, 0.782963474488585, 0.828276662269347, 0.778576218180832, 0.80382288066644, 0.798609330385549, 0.999059194832503, 0.804962518907779, 0.784646990531637, 0.843227492304243, 0.809579872196104, 0.851456750297225, 0.807663203301898, 0.814931541111131, 0.822722735018947, 0.855365376677354, 0.855904553139709, 0.769966218861854, 0.810979024369997, 0.785726149400237, 0.848204464472449, 0.468848186632964, 0.800378847357854, 0.807989543415324, 0.855344522879202, 0.804958992903261, 0.805458812438992, 0.855343011734409, 0.805007517441633, 0.848820675738282, 0.835564510636915, 0.801939826348643, 0.780798171904339, 0.804998786382826, 0.786370803769185, 0.754668866535289, 0.843232092900615, 0.569481262274693, 0.786317477148468, 0.786335745209973, 0.770031164506983, 0.853989395390297, 0.810062028128248, 0.78652567932003, 0.842916062152781, 0.769987072660006, 0.786287388576578, 0.80795626464887, 0.769470899179509, 0.786267878018243, 0.786300518745785, 0.807951160337567, 0.802932917125999, 0.834595262366302, 0.835077922013377, 0.839380654955675, 0.770028142217396, 0.786299914287867, 0.836279450029263, 0.804995226797312, 0.804944956047178, 0.806733177633929, 0.803507958091455, 0.774341218106282, 0.827640235244276, 0.998967485134029, 0.535611000166965, 0.786309417709569, 0.799950454599367
0.840567642400547, 0.772941293569495, 0.847996396624868, 0.817922398886615, 0.774516712388311, 0.774541998877857, 0.762429300251307, 0.761512807724489, 0.855891187903534, 0.823846926002396, 0.999047542227094, 0.999037501509466, 1, 0.76845440244835, 0.769977837886267, 0.766975898382296, 0.800074838606378, 0.82726681457528, 0.833432721886091, 0.763418495633195, 0.786268818286115, 0.786301593337638, 0.475386137791958, 0.468784819294619, 0.468700530996132, 0.474650176696482, 0.474423202748484, 0.8156067877669, 0.78763368426369, 0.855316449167037, 0.855303654807784, 0.744096931140288, 0.999025580256094, 0.783048031435035, 0.792468743145279, 0.735740904889621, 0.610313536351495, 0.885128548722062, 0.807942798669709, 0.861728169364273, 0.769968166559588, 0.804981727237156, 0.763475079610466, 0.678373617319304, 0.778628772438653, 0.768454603934323, 0.76996631960484, 0.816567170654723, 0.83456987513377, 0.798319627138119, 0.468641159796241, 0.480361095100439, 0.468581620691374, 0.521950587042813, 0.480568659233088, 0.786302197795555, 0.587358743221844, 0.835350431791155, 0.999042639401764, 0.782933251592713, 0.828273908627723, 0.778558554577244, 0.803812806367816, 0.798595763663402, 0.999066649813484, 0.804962384583798, 0.784632147731664, 0.843195724682582, 0.809552201455884, 0.851426661725335, 0.807654740891054, 0.814930533681268, 0.822724346906727, 0.855333541893702, 0.855873860109901, 0.769935458670056, 0.810980703419768, 0.785709157416558, 0.84819076342632, 0.468844291237496, 0.800344661904523, 0.807979536278691, 0.855310740397817, 0.80495805263539, 0.805461163108671, 0.855310505330849, 0.805003890694129, 0.848786490284951, 0.835549600674951, 0.801915513707964, 0.780786418555945, 0.80500154002445, 0.786354684891386, 0.754651538741656, 0.84319676569344, 0.569470314870189, 0.786303440292386, 0.786323521727643, 0.769999665533286, 0.853975291372223, 0.810054774633238, 0.786519298930902, 0.842888861546496, 0.769968938922483, 0.786276508334064, 0.807945048596402, 0.769450414772307, 0.78623839390427, 0.786291586201005, 0.80794169049686, 0.802936879683458, 0.834571151211596, 0.835046154391716, 0.839360304872455, 0.769993352306148, 0.786288698235399, 0.836262525207574, 0.80499428652944, 0.80494670225894, 0.80674224450269, 0.803496271905051, 0.774327718546126, 0.82763734727867, 0.998973529713204, 0.535609992737102, 0.786295313691496, 0.799932723833789
0.767895816170646, 0.804210237448532, 0.768488218510731, 0.780053580493042, 0.798162165850626, 0.798150781893181, 0.844896165547322, 0.840030547959908, 0.767328297348163, 0.765080452677191, 0.768455107649254, 0.768454536772332, 0.76845440244835, 1, 0.894606784677448, 0.755796247713302, 0.790167370367619, 0.760725870677975, 0.752919934713172, 0.826359288174238, 0.786723840773964, 0.786746675850845, 0.469399116443713, 0.462753336708447, 0.462609005590161, 0.470017409731262, 0.469817300579595, 0.767757428888548, 0.888045494726642, 0.771112976274221, 0.771100114752978, 0.85361019879009, 0.768464510327969, 0.770128750879654, 0.785639913404016, 0.814046614720001, 0.597572302233794, 0.791087791870901, 0.745382747454661, 0.774061488414489, 0.894628209352522, 0.82774782875358, 0.826385179121701, 0.651394511280326, 0.864529496001645, 0.732466791417826, 0.894621593896426, 0.757983310782576, 0.767606280828193, 0.78049879733023, 0.46257314108706, 0.474894780667072, 0.462553026070807, 0.516216632076003, 0.47505512992017, 0.786763063376607, 0.624243907097773, 0.773384764194922, 0.768472502604878, 0.770041843263525, 0.831969362848969, 0.84555700595606, 0.744517365202862, 0.82985416310988, 0.768454536772332, 0.827739232018754, 0.781889722160247, 0.75261992210015, 0.806463622983747, 0.76096033318795, 0.782681629194082, 0.796839242536322, 0.763944776993311, 0.771123285639813, 0.767351736882961, 0.894600337126329, 0.771567293561166, 0.776947338417317, 0.778116695839597, 0.462765123637837, 0.849431413301862, 0.74541592547813, 0.771116737345707, 0.827735840338217, 0.817170990533249, 0.771110592023546, 0.827737082835047, 0.759823247102262, 0.764807472765477, 0.810751546707068, 0.808424585210903, 0.827754612114653, 0.786797416734914, 0.847322728275883, 0.752634059699219, 0.596769514957445, 0.78674832131962, 0.786774178686088, 0.894626731788724, 0.770090837935833, 0.759530085012305, 0.786856116314897, 0.762330672867778, 0.894577199820489, 0.786721053551345, 0.745399101399428, 0.826728914190751, 0.856101640001789, 0.786716117145019, 0.745409511508006, 0.762688847764856, 0.767600101925037, 0.794762795265939, 0.759772338313216, 0.894583949600568, 0.786729549543184, 0.768403460078308, 0.827733926221478, 0.827727646575336, 0.757851135984629, 0.770318315598762, 0.886280914160662, 0.769271159418791, 0.76842797420496, 0.530332537821939, 0.786732806899739, 0.830282421544385
0.788470421926402, 0.849378489653091, 0.771986149316956, 0.815432368076724, 0.832436138685213, 0.832398763037318, 0.926000918507387, 0.898009009646745, 0.765930992129018, 0.746676589626938, 0.769984319018382, 0.769996240271754, 0.769977837886267, 0.894606784677448, 1, 0.747332695115322, 0.821831562562671, 0.768653403427169, 0.738026561761428, 0.890116031741831, 0.837457874320304, 0.837486888300341, 0.467685276761803, 0.460961521955188, 0.460841973611517, 0.468200476393433, 0.4680242769105, 0.766880494774327, 0.867839675462514, 0.760123461201257, 0.760112816025711, 0.941130869571817, 0.769989423329685, 0.80447821379193, 0.789725175820018, 0.8235884530807, 0.621062275687346, 0.842166500754162, 0.714055171157632, 0.772695279197097, 0.998821911518913, 0.723573469240547, 0.890133191630488, 0.668667164919089, 0.950554469247666, 0.751775124998539, 0.998821071994027, 0.732743834629985, 0.762192890043598, 0.810401599153866, 0.460813496927406, 0.472995305242517, 0.460758659161896, 0.521887454771436, 0.473138058054019, 0.83747788859357, 0.643311263455401, 0.773340302956995, 0.76998982630163, 0.804430663102425, 0.869093959222194, 0.911385428292687, 0.723813136804811, 0.816658309476275, 0.769979382612056, 0.723550096867739, 0.828308597795985, 0.741891868657473, 0.786546062984246, 0.746129488049666, 0.73113809217231, 0.74210040663899, 0.73269342955587, 0.760135113806665, 0.765951812346174, 0.998794778074619, 0.762941007459414, 0.774696202808795, 0.77932044020118, 0.460947182870146, 0.889281174614863, 0.714088416343091, 0.760111640690871, 0.723535421972744, 0.723434007366596, 0.7601143607515, 0.723555939960941, 0.748119195608895, 0.751533576898532, 0.850877612450329, 0.857188354594357, 0.723561245758217, 0.837517480587162, 0.903882728716466, 0.741918162576882, 0.627237350609905, 0.837463482346538, 0.837506466020667, 0.998819292201271, 0.746405960384903, 0.75459542489832, 0.826073950456211, 0.752195794128081, 0.998729127228586, 0.837433729584602, 0.714080121837224, 0.886769383319943, 0.886248239852125, 0.837428457368322, 0.714091405051683, 0.731498013281149, 0.762188457352203, 0.79430777277809, 0.755269462638255, 0.998728623513655, 0.837453038656964, 0.752450203749332, 0.723582737595281, 0.723529108745606, 0.727456708388143, 0.806374566183911, 0.974148476625008, 0.788072285644783, 0.769946641141528, 0.536572424065646, 0.83745065440629, 0.896098620398682
0.768934610682759, 0.737050194319788, 0.781022459372704, 0.750313915145123, 0.72599774846142, 0.726031363037828, 0.727301832837297, 0.76093514744139, 0.772309097749845, 0.821867124836813, 0.767004139999439, 0.767003972094461, 0.766975898382296, 0.755796247713302, 0.747332695115322, 1, 0.753981698626148, 0.773185964702075, 0.772539295473403, 0.733271291324941, 0.746531889117702, 0.74655855242806, 0.53535581818282, 0.526122555588972, 0.526107981436963, 0.53117491709188, 0.530990255198103, 0.794096951288886, 0.761559317403136, 0.781262563489909, 0.781249634806675, 0.733669696254523, 0.766981304922558, 0.747628812332876, 0.767564271002931, 0.720555511601764, 0.574384759224934, 0.770378660647519, 0.769609487947579, 0.790873612282155, 0.747327456480037, 0.782016020283996, 0.733323173962854, 0.77212221951037, 0.741880484700028, 0.883797062253927, 0.747313184556987, 0.787753400512339, 0.791058576404891, 0.777922194714163, 0.525967680038127, 0.540051515933444, 0.525929834256296, 0.571574970176718, 0.540210589108716, 0.746575477249749, 0.642008656643322, 0.78301673394731, 0.767010856198521, 0.747543449442535, 0.766170290302332, 0.748257146338053, 0.753329958667168, 0.764874332527345, 0.76698926361847, 0.781999968568188, 0.763956798989669, 0.767921572794128, 0.804478113048943, 0.77022103145505, 0.775946691915993, 0.783092862063912, 0.789489034260272, 0.781273477313418, 0.772318097456616, 0.747313150975991, 0.774616380782698, 0.75681143478564, 0.7778033179904, 0.526041457485049, 0.763740100826267, 0.769641524217203, 0.781263705243753, 0.781996039591725, 0.8063614695957, 0.781260313563216, 0.782000237216152, 0.779935106741224, 0.790351192736511, 0.761430131313781, 0.752816270180331, 0.782006819091253, 0.746633202980864, 0.736130612341392, 0.767937255118986, 0.617545136551745, 0.746580480818065, 0.746606271022543, 0.747345926027515, 0.809977001047861, 0.78525675424635, 0.73528369963707, 0.771943098480836, 0.747322520073712, 0.746559391952946, 0.76962866269596, 0.740310438840478, 0.746680787251365, 0.74657232063618, 0.769626916484199, 0.779030233238818, 0.791082486073625, 0.768929069818516, 0.770608321075151, 0.747350493042891, 0.746571581854281, 0.789104666186772, 0.782024818504794, 0.78196232427233, 0.775453152026405, 0.76254371070268, 0.743665717578187, 0.746782033952536, 0.766956454985952, 0.586374450665286, 0.746574906372827, 0.760169601488955
0.829495820307825, 0.871520354045778, 0.80465458117984, 0.840481876538261, 0.859878696041889, 0.859860192913416, 0.799530826480684, 0.818341489709373, 0.785440979587188, 0.790835833662315, 0.800077961638951, 0.80009042018825, 0.800074838606378, 0.790167370367619, 0.821831562562671, 0.753981698626148, 1, 0.845742843184677, 0.761103791200355, 0.818195513122311, 0.789878808874033, 0.789913733109263, 0.479321931197376, 0.471063995034311, 0.470914089470786, 0.477293034616499, 0.477123014036722, 0.799563299303248, 0.799304188342639, 0.787078758314487, 0.78705588965661, 0.81143431550581, 0.800085819591878, 0.819021370542509, 0.775867810157768, 0.782933587402667, 0.620664240148713, 0.809035927232401, 0.753759828989452, 0.823075268308795, 0.821839957811524, 0.75727384509248, 0.818228791888766, 0.650009328800526, 0.828093813749322, 0.731288266383798, 0.821837170588905, 0.780051229823363, 0.785153996400386, 0.832751397070152, 0.470897567621043, 0.483895931420623, 0.47087577355502, 0.525321816753344, 0.484052385278253, 0.78990943474185, 0.582910436664429, 0.794777369417949, 0.800098513208144, 0.818935604680224, 0.798197392314815, 0.830596437432494, 0.756741687058166, 0.770598045290554, 0.800092233562002, 0.757244965436425, 0.836866143600127, 0.786456368145498, 0.775854444921593, 0.786968041772609, 0.766446796218565, 0.805552402673208, 0.772565589392811, 0.787078724733491, 0.785483896099326, 0.82183230134457, 0.790243935037161, 0.767634757512304, 0.808665898243942, 0.470991359341232, 0.820631310624611, 0.753795693492554, 0.787056393371541, 0.757231230809301, 0.76779775966404, 0.787057971678326, 0.757253159199305, 0.792471933339844, 0.78844751968753, 0.814708563301587, 0.844863491238785, 0.757257726214682, 0.789982809216828, 0.847113082121518, 0.786460431445943, 0.599466438280078, 0.789919878431424, 0.789947884981598, 0.821861113838634, 0.788455108992494, 0.808690412370594, 0.887157613207916, 0.779898134065274, 0.821811514708409, 0.789897043354543, 0.753773429292595, 0.833272943509915, 0.878332091060376, 0.789913262975327, 0.753782966295292, 0.762660471823731, 0.785154802344276, 0.81545926645405, 0.779854210123273, 0.821835793768093, 0.78991836728663, 0.784663680286357, 0.757279889671654, 0.757229148787585, 0.75866503857046, 0.831520183454321, 0.826169555550153, 0.83284021880302, 0.800054522104153, 0.539152552686231, 0.789915244254057, 0.788221250940436
0.827378236318062, 0.788619991679973, 0.843417292090319, 0.825564224526834, 0.782503616337396, 0.78251493313285, 0.760810696272389, 0.782686229790453, 0.830701008652211, 0.843303687582836, 0.827287131077505, 0.827294082343556, 0.82726681457528, 0.760725870677975, 0.768653403427169, 0.773185964702075, 0.845742843184677, 1, 0.807196830437599, 0.764043303633853, 0.784211243535155, 0.7842409291351, 0.489588951154024, 0.48230056549053, 0.482161741655492, 0.490170573994582, 0.48994245829274, 0.843362017771869, 0.791118719967676, 0.826923919031116, 0.826911124671863, 0.757778298805578, 0.827280750688377, 0.795353585718244, 0.810337123642673, 0.741872794652079, 0.613157913824987, 0.829638976091272, 0.808648469707323, 0.873748419510451, 0.768653336265178, 0.803487171455294, 0.764101298012932, 0.664136081207981, 0.770970760758646, 0.744323837926296, 0.768648399858852, 0.838485822170899, 0.833484873171968, 0.801946643290712, 0.482125407018455, 0.492480812155031, 0.482072113978734, 0.526487983981059, 0.492722158769066, 0.784243615614733, 0.588672566086392, 0.828639605667774, 0.827292571198762, 0.7952638572985, 0.817734177407324, 0.774923680471724, 0.800172089169095, 0.793448065714516, 0.827271717400611, 0.803464000568459, 0.811692251131579, 0.835999653175479, 0.809667720080105, 0.837346284672546, 0.826438404999431, 0.829543572483303, 0.82759547177739, 0.826937855144212, 0.830731903167991, 0.768644403720398, 0.832336335966845, 0.794025087958701, 0.839937024887682, 0.482311882285985, 0.806014812980049, 0.80869615472081, 0.826919284853749, 0.803449392835454, 0.813261423885249, 0.826915490201267, 0.80348280592589, 0.831189108420542, 0.828789611974284, 0.810650669396846, 0.794896346884698, 0.803472865951248, 0.784312758884289, 0.774875491743306, 0.836019902515714, 0.569051156885441, 0.784245932703417, 0.784278371944986, 0.768676910123958, 0.822202565399996, 0.833729645047535, 0.813066419044884, 0.831741314309117, 0.768639803124027, 0.784233910707059, 0.808660793932639, 0.780037831006193, 0.789556129089107, 0.784239720219265, 0.808655756783327, 0.818842115188993, 0.83348017183261, 0.841352195196386, 0.830025056795538, 0.768664753803619, 0.784246570742329, 0.833329896878136, 0.803490529554836, 0.80343602759928, 0.808563610531914, 0.795601379883399, 0.770350318287391, 0.808014628418898, 0.827237028232349, 0.541734494680569, 0.784246604323325, 0.78401667524773
0.79124249951677, 0.738407638897377, 0.821086501017437, 0.785899460917564, 0.738263039131128, 0.738301355046895, 0.733568550296339, 0.736908045966204, 0.840672180039268, 0.845435442752664, 0.833452702578362, 0.83342043124177, 0.833432721886091, 0.752919934713172, 0.738026561761428, 0.772539295473403, 0.761103791200355, 0.807196830437599, 1, 0.717419550345098, 0.736145387979374, 0.73618978205531, 0.483620500096243, 0.477675287087288, 0.477553388073938, 0.48494318834358, 0.484742810543949, 0.802073411548397, 0.796018355103445, 0.851994113385828, 0.851973662559621, 0.718135765815272, 0.833444105843536, 0.762147320632822, 0.804914968218274, 0.762207800005561, 0.602369515333553, 0.820947643601403, 0.877628367720496, 0.830499690584708, 0.738011383151501, 0.860285160410371, 0.717486880240902, 0.658876860773327, 0.737049018984949, 0.749792402286355, 0.738016655367781, 0.875842228155462, 0.866361708692387, 0.768286698957256, 0.477490457288533, 0.486694840226325, 0.477414597819895, 0.518428712986859, 0.486918120264828, 0.736220810895072, 0.563363275044337, 0.821962931416727, 0.833466672272454, 0.762059472748821, 0.867943843710286, 0.733297383758377, 0.825169211277788, 0.803668273763558, 0.833441318620917, 0.860271593688224, 0.75092196622907, 0.834698490346203, 0.814798056654363, 0.832759490090047, 0.861926095751238, 0.822604093362152, 0.849776222962765, 0.852001467623824, 0.840701126857314, 0.738025151359621, 0.837091774308309, 0.800272731412348, 0.80985056860013, 0.477668604469201, 0.762483667882881, 0.877630046770267, 0.851983233143314, 0.860282843321687, 0.853739049069491, 0.851994079804833, 0.860308801431141, 0.844362429206225, 0.867028593680298, 0.767552719140509, 0.747800579124414, 0.860295973490894, 0.73625516425338, 0.728762841204741, 0.834701210406831, 0.550255638685683, 0.736209762747581, 0.736219568398242, 0.738050068458217, 0.85302874385451, 0.823023049860928, 0.751755883088167, 0.846380714192551, 0.738014506184075, 0.736187129156672, 0.877591798016491, 0.738731628341124, 0.743434814653726, 0.736204893503246, 0.877574000088923, 0.860679972173444, 0.866359895318635, 0.809045296330121, 0.843356611231607, 0.738036971870006, 0.736211408216356, 0.839900790993631, 0.860284018656526, 0.860254030827622, 0.847908212930913, 0.78030654613149, 0.737865574469417, 0.791565683016626, 0.833395547724169, 0.530784504439206, 0.736209158289663, 0.750734114140729
0.788691485619207, 0.85563197619994, 0.761311120266037, 0.806177882293775, 0.836181796494601, 0.836137704647623, 0.845229725574762, 0.849169582280625, 0.744519715872541, 0.740789135930094, 0.763432095936337, 0.763435554778864, 0.763418495633195, 0.826359288174238, 0.890116031741831, 0.733271291324941, 0.818195513122311, 0.764043303633853, 0.717419550345098, 1, 0.923806333295141, 0.923818019481544, 0.471921284266216, 0.464737335498457, 0.464609459067923, 0.472044593681373, 0.471859394491669, 0.764052001111665, 0.822849234628669, 0.741097308725001, 0.741082566668014, 0.928025248072887, 0.763434715253979, 0.785829981838054, 0.775058508168308, 0.842593516691837, 0.624996793014938, 0.798951890119759, 0.703001818612388, 0.756530496178013, 0.890145918827749, 0.706539072764241, 0.998617974133768, 0.67027095967903, 0.938428271060959, 0.729848111814506, 0.890143064443139, 0.724823656118786, 0.737033101593123, 0.811912374556513, 0.464569161873427, 0.477499289090327, 0.464521577602927, 0.527413576957634, 0.477616251697351, 0.923772819461718, 0.670309477080769, 0.755232725029273, 0.763441162805098, 0.785771550906035, 0.813648008304446, 0.883124636401772, 0.719029020293264, 0.807161771878388, 0.763433741405112, 0.706522080780562, 0.83022395703137, 0.726461166198122, 0.770006113084405, 0.730406429444247, 0.715531223811021, 0.748895621803845, 0.720907138204736, 0.741105200258923, 0.74453180503089, 0.890106360415152, 0.750868606027359, 0.758213945059074, 0.769829074076586, 0.464734548275838, 0.84742773604854, 0.703028481922746, 0.741086831454432, 0.706508077505475, 0.714813396453068, 0.74108545463362, 0.706526379147975, 0.734893891442313, 0.741717818358247, 0.837617988506434, 0.841753353767593, 0.706534572910856, 0.923834642074274, 0.869837408879648, 0.726447162923035, 0.623365495419754, 0.92377097250697, 0.923811202539475, 0.890143098024134, 0.738468722728034, 0.747971472810072, 0.830671692443215, 0.733119740292641, 0.890094842133726, 0.923756599840934, 0.703014344323677, 0.857328353764235, 0.844014462931753, 0.92371445569169, 0.703031940765273, 0.714464892882669, 0.737050899520692, 0.766984159307168, 0.732006866104646, 0.890104950013345, 0.92373399983102, 0.741845023168872, 0.706567952420296, 0.706495786861153, 0.717752976048556, 0.781978208083161, 0.896525569174366, 0.788967387077523, 0.763405768435933, 0.540542805896339, 0.923748338916062, 0.898028553786076
0.797096271475214, 0.819614209435534, 0.77557223023614, 0.77788575933414, 0.800971652669884, 0.800943478214732, 0.810857897719541, 0.80458429615644, 0.768421593815831, 0.756352248254359, 0.786270799564844, 0.786279362718674, 0.786268818286115, 0.786723840773964, 0.837457874320304, 0.746531889117702, 0.789878808874033, 0.784211243535155, 0.736145387979374, 0.923806333295141, 1, 0.998717877595123, 0.473117170674872, 0.465553890982925, 0.465465304317025, 0.472077234408915, 0.471908825716917, 0.775625691180838, 0.771960728503428, 0.756444293762787, 0.756430089001727, 0.895008413382591, 0.786272612938596, 0.799070766843522, 0.78810459056237, 0.792431166011412, 0.631160920532992, 0.805293056645632, 0.722165149454907, 0.777071185128401, 0.837464926329341, 0.723641269270286, 0.923790583808292, 0.677969335715524, 0.876491483120781, 0.733575467981394, 0.837460527218941, 0.743184065360975, 0.754446190954704, 0.83505095647406, 0.465381418990483, 0.477526691182584, 0.465354319127184, 0.531923773289596, 0.477666018732554, 0.998663812192507, 0.679065721634771, 0.775861530511625, 0.786277381439945, 0.799019320758549, 0.815311140683282, 0.853131367376493, 0.736675094601022, 0.822564434206569, 0.786271504765748, 0.723618434193405, 0.83946840209669, 0.750283792992237, 0.792379585602457, 0.756388985863341, 0.733606597564142, 0.767567326873514, 0.734975291775195, 0.756454804614351, 0.768421190843886, 0.83746653821712, 0.769682761679571, 0.770674912189055, 0.786314924992817, 0.465570244927691, 0.814650736827485, 0.722191073983366, 0.756431868794484, 0.723605572672162, 0.731929764139177, 0.756435327637011, 0.7236228668848, 0.750987113360172, 0.75750175930835, 0.849222438767406, 0.803186252155396, 0.723638985762598, 0.998715694830421, 0.83568681262221, 0.750267036075526, 0.609401308611094, 0.998650010403392, 0.998694202993356, 0.837469359020735, 0.755331419574792, 0.768622911883334, 0.806418154315957, 0.753686152285516, 0.837435274310391, 0.998621869529236, 0.722168944107388, 0.825411565321685, 0.8079172435322, 0.998611828811607, 0.722185197309168, 0.729941634886732, 0.754472451293117, 0.747405565875369, 0.751901188055321, 0.837441352470561, 0.998606590176323, 0.753309709326933, 0.723660679085635, 0.723594490943676, 0.733462367188842, 0.801272236159828, 0.862187389476549, 0.76936817491454, 0.786247360030046, 0.545697824502226, 0.99862462317086, 0.939998686311459
0.797136098535775, 0.819643760711498, 0.775611520000774, 0.777924175992893, 0.800989316273471, 0.800957447908824, 0.81088946385523, 0.804621235251395, 0.768460883580465, 0.756407522572809, 0.786306596905955, 0.786315160059785, 0.786301593337638, 0.786746675850845, 0.837486888300341, 0.74655855242806, 0.789913733109263, 0.7842409291351, 0.73618978205531, 0.923818019481544, 0.998717877595123, 1, 0.473145311549028, 0.46558350942088, 0.465498280854521, 0.472100136647787, 0.471931526469817, 0.775638922093031, 0.772007741897007, 0.756491575804329, 0.75647743820526, 0.895025203880297, 0.786308947575634, 0.799094206378321, 0.788137634261857, 0.79246434403488, 0.631194165718451, 0.805318779688118, 0.722203431789678, 0.777101273700291, 0.837493537337433, 0.723664708805085, 0.923802941614604, 0.677984715811424, 0.87650928104835, 0.733588228759651, 0.837492362002593, 0.743213012179021, 0.75448084654197, 0.835081918151831, 0.46541372390807, 0.477564033249484, 0.465383937565139, 0.531926862741174, 0.477698323650141, 0.998678117696553, 0.679073915397652, 0.77590579026358, 0.786311499731285, 0.799043566237237, 0.815338542775539, 0.853157762038888, 0.736713041125839, 0.822597679392028, 0.786307167782877, 0.723641940890195, 0.839494326625149, 0.750326373694421, 0.79240577877888, 0.756429954677745, 0.733632387768619, 0.767599430305129, 0.735012096546168, 0.756502758275801, 0.768461085066437, 0.837494007471368, 0.769721178338324, 0.770706545486734, 0.786348103016285, 0.465602549845279, 0.814689623620174, 0.722231505501843, 0.756479285160007, 0.723629482340896, 0.731963680944545, 0.75648314697448, 0.723646642229552, 0.75103647742343, 0.757533661253992, 0.849247423027993, 0.803220236122754, 0.723662626783369, 0.998732753976091, 0.835718042947944, 0.750310557045582, 0.609424949631865, 0.998639197322869, 0.998699643114613, 0.837499649078598, 0.75536459759826, 0.768665291099545, 0.806445825056178, 0.75371818855514, 0.837465228558299, 0.998617436837842, 0.722208166710031, 0.825437624174126, 0.80794410832853, 0.998602627618864, 0.722224419911811, 0.729980185869466, 0.754510129169971, 0.747434311207442, 0.751937992826293, 0.837471172394488, 0.998603702210717, 0.753348730443604, 0.723684454430388, 0.72361759466852, 0.733488694689246, 0.801296078666571, 0.862218888450246, 0.769408203461072, 0.786282082779303, 0.545709980822565, 0.998614817520199, 0.940035155272478
0.476237550349665, 0.473666387854855, 0.480025520213274, 0.488688543924009, 0.476977205354638, 0.477072944772561, 0.490643864543936, 0.502887965605539, 0.482061502384183, 0.483932836934582, 0.475392417438101, 0.475385399010059, 0.475386137791958, 0.469399116443713, 0.467685276761803, 0.53535581818282, 0.479321931197376, 0.489588951154024, 0.483620500096243, 0.471921284266216, 0.473117170674872, 0.473145311549028, 1, 0.945000743483238, 0.945155417548112, 0.91946605679997, 0.919664822711821, 0.495497560877979, 0.469421582129645, 0.4830270567453, 0.483043209204094, 0.468235098399704, 0.475339695275302, 0.479448094997144, 0.471822891949655, 0.526007641422668, 0.602950298649225, 0.474591745764463, 0.472915214568457, 0.484242050740347, 0.467670769771785, 0.47496536791943, 0.471943346980202, 0.597629255602015, 0.468753689711871, 0.540281075618088, 0.467662139455964, 0.479649177997678, 0.483647935769496, 0.483127195273623, 0.945072136679487, 0.965992055811077, 0.945167204477502, 0.674070615729043, 0.965974963084412, 0.473187959413203, 0.598706701839849, 0.482493958443115, 0.475386574344899, 0.479386171641602, 0.474577373098426, 0.475935019161988, 0.491272064225131, 0.4732904821922, 0.475393928582894, 0.474939443390971, 0.48129367292406, 0.471310714607612, 0.479395742225294, 0.472533029259659, 0.47788392581179, 0.476094797538164, 0.489342567390677, 0.48303232896158, 0.482086486644771, 0.467666404242381, 0.483749283213653, 0.473857430137761, 0.482557795915396, 0.945039260884977, 0.475851973360331, 0.472963369715879, 0.483029608900952, 0.474908179484242, 0.476100371983402, 0.483023127768837, 0.474914459130384, 0.478165468877335, 0.481141148042893, 0.4762541393614, 0.481364159433432, 0.474926682612714, 0.47317677694173, 0.470953782207365, 0.471306181173231, 0.609770128683718, 0.473171605468437, 0.473167172777042, 0.467679366506611, 0.478579858360734, 0.476725179984061, 0.474344119504285, 0.475451251342065, 0.467685310342799, 0.473166098185189, 0.472965015184655, 0.476809904835489, 0.473513426420748, 0.473231144573304, 0.472981402710416, 0.480460326941885, 0.483690986605616, 0.495446719250923, 0.48005930269466, 0.467717917489345, 0.473178288086524, 0.48984661813183, 0.474967920075082, 0.474914895683324, 0.483571572585926, 0.480432521877683, 0.468076361034386, 0.483397354381722, 0.475401887278807, 0.669240661158757, 0.473221506827621, 0.469376785081764
0.468060208575592, 0.46611056314389, 0.471847171009339, 0.482198177035515, 0.471560893023441, 0.471652737045896, 0.488945102728966, 0.496215253911951, 0.476347125137699, 0.477088190544478, 0.468797412167899, 0.468794490621298, 0.468784819294619, 0.462753336708447, 0.460961521955188, 0.526122555588972, 0.471063995034311, 0.48230056549053, 0.477675287087288, 0.464737335498457, 0.465553890982925, 0.46558350942088, 0.945000743483238, 1, 0.995217327471256, 0.937834760548026, 0.938053742219115, 0.486619316567641, 0.46371533148405, 0.477286351998412, 0.477316541313288, 0.461419264503665, 0.468746570540843, 0.470671063806981, 0.466416989727036, 0.521588080197327, 0.597279711020759, 0.468332617610384, 0.467271827546276, 0.47711270467113, 0.460947820909059, 0.468852988715308, 0.464749592561783, 0.592197294526956, 0.462359162984287, 0.536154945130668, 0.460935832493697, 0.472827568170428, 0.477647314118109, 0.473753832766911, 0.995279049340825, 0.915932765205575, 0.995273172666628, 0.66974434250896, 0.915866577063616, 0.465625082693201, 0.594426098773528, 0.474145286430444, 0.468789016919046, 0.470597655751007, 0.469694461298373, 0.468252728422296, 0.486957678677425, 0.46652904950873, 0.468793281705463, 0.468828138778702, 0.472534439661466, 0.465726430137358, 0.472994029164692, 0.466626232909456, 0.472952523054361, 0.468366970968692, 0.483316155534813, 0.477290280974875, 0.476359012810075, 0.460941306195949, 0.475415588324936, 0.46659362576291, 0.474146730413246, 0.995150131899434, 0.467260846560775, 0.467323206469258, 0.477283061060861, 0.468794927174238, 0.469538544736669, 0.477296997173958, 0.468804229109968, 0.472858630591185, 0.47361796405947, 0.468035089991023, 0.47397435916379, 0.468817325698179, 0.465614571841637, 0.465005681232804, 0.465720016167234, 0.60484537496338, 0.465616519539371, 0.465603893085095, 0.460956954939811, 0.472914106395608, 0.469636265433322, 0.466854382192294, 0.469213950835005, 0.460966525523504, 0.46560181106338, 0.467321493838492, 0.467873766889058, 0.464194129316652, 0.465667327585431, 0.46734251554162, 0.47555209507129, 0.477678880253797, 0.486404532520978, 0.474170169948045, 0.460993894034766, 0.465619978381898, 0.483258799194647, 0.468861518288143, 0.468800568781468, 0.477195313919846, 0.472152153609682, 0.461183022200933, 0.476312872522377, 0.468799762837578, 0.663914010085313, 0.465658898755582, 0.461889465601442
0.467900027227471, 0.465959180016567, 0.471721913896447, 0.482059017390523, 0.471440874545834, 0.471534128970096, 0.48883891962147, 0.496077101696821, 0.476228920033844, 0.476965687073211, 0.46870566888843, 0.468705433821462, 0.468700530996132, 0.462609005590161, 0.460841973611517, 0.526107981436963, 0.470914089470786, 0.482161741655492, 0.477553388073938, 0.464609459067923, 0.465465304317025, 0.465498280854521, 0.945155417548112, 0.995217327471256, 1, 0.937818171536292, 0.938073084872473, 0.486556184296264, 0.463549038394764, 0.477174527283686, 0.477204179302636, 0.461309387486673, 0.468657312255035, 0.470579857823438, 0.466341432487356, 0.521493717600216, 0.597164864016446, 0.468230195574374, 0.467148316645146, 0.476992619031532, 0.46082766810747, 0.468728336060334, 0.464622253427176, 0.592203674916084, 0.462216981049707, 0.536111424160613, 0.460816552797989, 0.472713661433986, 0.477544959244089, 0.473635761987039, 0.995206178580779, 0.916002277866081, 0.995273239828619, 0.6696964560095, 0.915889210654524, 0.465537100485219, 0.594400778702986, 0.47404588668402, 0.468699355661292, 0.470505375175612, 0.469608426788124, 0.468157694205277, 0.486880643873947, 0.466393583773233, 0.468709732188875, 0.468705702469426, 0.472421137382942, 0.465598889516779, 0.472883816337745, 0.466513669412831, 0.47285010101835, 0.468239094538159, 0.483209905265325, 0.477178389098158, 0.47624074054423, 0.460822227986214, 0.475321225727824, 0.466477771328734, 0.474034972860511, 0.995162959839682, 0.467136798363719, 0.467197882194376, 0.477170631888218, 0.468671080463154, 0.469409459390301, 0.477185508269186, 0.468683673336434, 0.472724508095505, 0.473501840977331, 0.467890557386765, 0.473854810820119, 0.468693478987095, 0.465526522471663, 0.464874245216757, 0.465592408384664, 0.604804338986985, 0.465529141789306, 0.465515978039104, 0.460836264842296, 0.472815042459139, 0.469536865686899, 0.466684999651429, 0.469096283027077, 0.460843753404273, 0.46551483628526, 0.46719865455727, 0.46775939001868, 0.464072095979321, 0.465580016997357, 0.46721813153461, 0.475421397837142, 0.477577667133622, 0.486283909585453, 0.474070568715649, 0.460872263669379, 0.465531324554007, 0.483147041641912, 0.468739216302848, 0.468679878683953, 0.477062534663983, 0.472031664998139, 0.461050175783079, 0.476163235606816, 0.468710773199733, 0.663849131602175, 0.465570782223618, 0.461779185612505
0.479734003592092, 0.472799796687221, 0.482252141695144, 0.48753221592795, 0.477682406258315, 0.477765787869927, 0.495269310852155, 0.503126860806908, 0.484571816115305, 0.484451730475707, 0.474653837024982, 0.474648094674766, 0.474650176696482, 0.470017409731262, 0.468200476393433, 0.53117491709188, 0.477293034616499, 0.490170573994582, 0.48494318834358, 0.472044593681373, 0.472077234408915, 0.472100136647787, 0.91946605679997, 0.937834760548026, 0.937818171536292, 1, 0.995277874005986, 0.494655819646951, 0.470939308798342, 0.48536006282064, 0.485395020636865, 0.468794221973335, 0.474601786482091, 0.477958912174548, 0.475136866063006, 0.526312758346993, 0.602260477841446, 0.47535376571238, 0.475273876524292, 0.486095251553222, 0.468190670742773, 0.476684513398616, 0.472055977638818, 0.59794169318334, 0.46998557494761, 0.541067475368676, 0.468173510854117, 0.480981000275767, 0.485443108622297, 0.482139108064583, 0.937910989407614, 0.907423643196819, 0.937900747204013, 0.672960226534709, 0.90734449279063, 0.472145739639558, 0.601374376115477, 0.480799730062526, 0.474651217707339, 0.477890742753859, 0.47810290748288, 0.473875295227321, 0.490571766146784, 0.473989504192722, 0.474661594234922, 0.476663357371505, 0.481124357545186, 0.473623773571676, 0.478644602519891, 0.474584895241398, 0.480338092118581, 0.478272995224648, 0.488544011319751, 0.48536452909303, 0.484586658915277, 0.468175357808864, 0.483441949943631, 0.473004607178247, 0.482558601859286, 0.937773811041351, 0.474281390204853, 0.475328277736861, 0.485357913636933, 0.476630078605051, 0.476811953276209, 0.485370842320167, 0.47664179837245, 0.480368180690471, 0.481585021640265, 0.475809191172174, 0.4802376513613, 0.476650596593248, 0.472134758654058, 0.47150679403983, 0.473615479065809, 0.608759206397798, 0.472133213928269, 0.472130124476691, 0.468193491546387, 0.478444661273201, 0.476017964220658, 0.47419495272266, 0.477180269633901, 0.468206218743649, 0.472125355975342, 0.475320520526921, 0.473690767657525, 0.470907071042745, 0.47219221573721, 0.475342683983893, 0.483053115597741, 0.485470712200526, 0.494465482564949, 0.481875765898553, 0.468221766744525, 0.472142381540016, 0.489927414006794, 0.476696804042937, 0.476634376972464, 0.483490105091054, 0.478442713575467, 0.468388529967747, 0.483713754520506, 0.474657463772486, 0.669829067360387, 0.472181033265737, 0.468373519262798
0.479515290568965, 0.472593038498462, 0.482023085725431, 0.487328278542805, 0.477488744657767, 0.477571253163498, 0.495104528907663, 0.502943340666975, 0.48439548230839, 0.484207025762131, 0.474424378083323, 0.474420516268851, 0.474423202748484, 0.469817300579595, 0.4680242769105, 0.530990255198103, 0.477123014036722, 0.48994245829274, 0.484742810543949, 0.471859394491669, 0.471908825716917, 0.471931526469817, 0.919664822711821, 0.938053742219115, 0.938073084872473, 0.995277874005986, 1, 0.494411114933375, 0.470721401719105, 0.485144237763119, 0.485178792607399, 0.468619701540172, 0.474376088611919, 0.477770287723312, 0.474920570871549, 0.526168729457666, 0.602105904519559, 0.475144589691951, 0.475052544183523, 0.485899440768967, 0.468013329505995, 0.476467949559196, 0.471870241153187, 0.597812842903939, 0.469802524941613, 0.540905850037752, 0.467996774075257, 0.480783241793779, 0.485228089508666, 0.481944707682136, 0.938083494981052, 0.907574119637266, 0.938133631407204, 0.672887523679639, 0.90746514930715, 0.471978002567469, 0.601296904759058, 0.480598143347061, 0.474429683880598, 0.477702386950586, 0.47792287976647, 0.473671559328149, 0.4903629930983, 0.47376629131621, 0.47443347853308, 0.476445383130278, 0.480946143202528, 0.473423597258018, 0.478399830644324, 0.474382435420052, 0.480126632590464, 0.478029835236861, 0.488310589820633, 0.485149107007454, 0.484411936996142, 0.467997949410096, 0.483230557577505, 0.472783610647432, 0.482355739065994, 0.937928048553284, 0.474085176448654, 0.475105870804239, 0.485142155741403, 0.47641425354753, 0.476589076209651, 0.485154681452692, 0.476423152511314, 0.480162295607592, 0.481378397775487, 0.475565829698414, 0.480040900309174, 0.476433428295911, 0.471965678342152, 0.471302252196768, 0.473415034104187, 0.608612020894901, 0.471962790376546, 0.471959566600987, 0.468016284633592, 0.478215336655524, 0.475789647032844, 0.473980470904955, 0.476960952152857, 0.468028205886963, 0.471954529451675, 0.475100128454024, 0.473500934290454, 0.470730267101894, 0.472021590699515, 0.475122157587015, 0.482818149372835, 0.485255491600923, 0.494247709809694, 0.481649665056436, 0.468045634423583, 0.47197081623445, 0.489719312578219, 0.476481583443333, 0.47641586543531, 0.483267362348478, 0.478262484373084, 0.468207024687539, 0.483516466172453, 0.474428474964763, 0.669743738051042, 0.472013161869666, 0.46820181963325
0.82315693728964, 0.772679999844184, 0.836890120430852, 0.816240158921389, 0.770670983212592, 0.77070050090756, 0.75843668780165, 0.778145441171671, 0.826090170076996, 0.834575751807967, 0.815622470091758, 0.815616929227515, 0.8156067877669, 0.767757428888548, 0.766880494774327, 0.794096951288886, 0.799563299303248, 0.843362017771869, 0.802073411548397, 0.764052001111665, 0.775625691180838, 0.775638922093031, 0.495497560877979, 0.486619316567641, 0.486556184296264, 0.494655819646951, 0.494411114933375, 1, 0.793517981346966, 0.83264884071016, 0.832624494488486, 0.761707577497885, 0.815620455232033, 0.787196862675355, 0.791709779067945, 0.741827090917321, 0.627013600437466, 0.816430999718323, 0.791028554994992, 0.857928647638242, 0.766881166394235, 0.809042844917456, 0.76411698033779, 0.685872488662049, 0.766654897647141, 0.772670865813432, 0.766861991645854, 0.814022033431358, 0.827421119249204, 0.809855807235415, 0.486471694511804, 0.5009129665223, 0.486403088538175, 0.530384017487908, 0.501091046540976, 0.775646108426049, 0.5966219600636, 0.839134439097305, 0.815625425219354, 0.787119424899932, 0.810420538835279, 0.772812879843034, 0.788522942603228, 0.792097001526055, 0.81560517587912, 0.809040359923795, 0.785438461012531, 0.8301922565717, 0.799835439690077, 0.828530702499648, 0.825187345015311, 0.809680380115376, 0.813207324901638, 0.832654314412413, 0.826079558482445, 0.766841205009693, 0.827588889902289, 0.783063613016907, 0.911141395199019, 0.486617671098866, 0.806939667174725, 0.791055151143359, 0.832646691526454, 0.809042139716552, 0.814193665898916, 0.832634098653174, 0.809056478801594, 0.833663927039512, 0.813948726118371, 0.80382281350445, 0.793047813830185, 0.809056545963584, 0.775703229699247, 0.762422953443174, 0.830181611396154, 0.574009222953228, 0.775659507243219, 0.775688454061265, 0.766905882006859, 0.825281909098395, 0.814552646739883, 0.804479657774733, 0.833860375862679, 0.766868640682946, 0.775642851069494, 0.791034700317152, 0.779438779629016, 0.777300509746078, 0.775641877220627, 0.791039938952437, 0.802417146617447, 0.827403858617562, 0.849521074559615, 0.825818063271162, 0.766886203543547, 0.775640063846875, 0.820127159140472, 0.809068635121933, 0.809017827075873, 0.808544973079459, 0.805434264731345, 0.765971927362426, 0.811066167053094, 0.815572300084611, 0.544320197746393, 0.775648761324687, 0.781401891039879
0.797040459860838, 0.789448065445868, 0.804663849534574, 0.819999215547947, 0.780947036457006, 0.780961711352002, 0.807002732284111, 0.844634267364095, 0.788931119602476, 0.798105111739419, 0.787644060791273, 0.787655243262746, 0.78763368426369, 0.888045494726642, 0.867839675462514, 0.761559317403136, 0.799304188342639, 0.791118719967676, 0.796018355103445, 0.822849234628669, 0.771960728503428, 0.772007741897007, 0.469421582129645, 0.46371533148405, 0.463549038394764, 0.470939308798342, 0.470721401719105, 0.793517981346966, 1, 0.789687195714205, 0.789677557968522, 0.832424855470754, 0.787642583227475, 0.746539747070629, 0.782012729346445, 0.798924588770488, 0.616831909790163, 0.831506113017243, 0.776280050457461, 0.793965851082792, 0.867855861502304, 0.854723005816094, 0.822884528254848, 0.655818773845025, 0.857556435885082, 0.746395080142389, 0.867850656448015, 0.794515706301689, 0.813853255348412, 0.763917274158067, 0.463523651162232, 0.473927547256184, 0.463463373275465, 0.519203359389052, 0.474140820158054, 0.772006264333208, 0.615593341936337, 0.807877450052635, 0.787652187392163, 0.746431146131463, 0.834566617777215, 0.817104802391289, 0.760124032078179, 0.832961647682434, 0.787635699123415, 0.854712797193488, 0.773172330817938, 0.791368327506583, 0.772198750598917, 0.791952334597815, 0.813206518957748, 0.810751815355031, 0.799156499124812, 0.789695020086137, 0.788954491975284, 0.86782228050689, 0.797871052201389, 0.752967854793627, 0.80031591657245, 0.46369461200988, 0.8404464485881, 0.776306915253791, 0.789694785019169, 0.854718270895741, 0.83314536930834, 0.789684274167604, 0.85472669972559, 0.789149295329676, 0.813253532351326, 0.810734319656421, 0.800692258788046, 0.854735565108379, 0.772072922609104, 0.81221490574419, 0.791368965545496, 0.603186406627975, 0.77200112644091, 0.772032558252617, 0.867853040698689, 0.79710120788154, 0.794632265936768, 0.799831645037595, 0.799494256776678, 0.867815866536766, 0.771994343079837, 0.776282703356098, 0.811896759393645, 0.810692175507177, 0.771988466405639, 0.776295128324401, 0.79234654190297, 0.813853188186421, 0.818673639335005, 0.793611672324169, 0.867809855538587, 0.771992899097034, 0.803357548812999, 0.854725289323782, 0.854702554989887, 0.787581566558809, 0.755343240085178, 0.854158845093152, 0.806256092432093, 0.787601950223025, 0.534154357328925, 0.772004014406516, 0.807356508070789
0.835284109325214, 0.764166210077066, 0.854138192780972, 0.80758573194548, 0.767386358889232, 0.767438711661081, 0.750071258872267, 0.759167074451888, 0.933378428132707, 0.916440577018214, 0.855351004011317, 0.855349492866524, 0.855316449167037, 0.771112976274221, 0.760123461201257, 0.781262563489909, 0.787078758314487, 0.826923919031116, 0.851994113385828, 0.741097308725001, 0.756444293762787, 0.756491575804329, 0.4830270567453, 0.477286351998412, 0.477174527283686, 0.48536006282064, 0.485144237763119, 0.83264884071016, 0.789687195714205, 1, 0.99953312342077, 0.734901682233249, 0.855327027180592, 0.780254394845613, 0.800430629252781, 0.736015563851106, 0.615848994054418, 0.839920234389975, 0.832551455823462, 0.864091230430507, 0.760111842176844, 0.82946539592598, 0.741171824953823, 0.680548020353307, 0.767119389975697, 0.768698166894055, 0.760107778876399, 0.822505533140614, 0.840433620647853, 0.78341648211671, 0.477109984610501, 0.487229449673304, 0.477049639561744, 0.522437209247346, 0.487432648276549, 0.75651279899343, 0.577137393418958, 0.864285059936032, 0.855348183207702, 0.780133503262125, 0.817806880262394, 0.757720976046407, 0.815786949807292, 0.799336862651177, 0.85533055318511, 0.829444307060861, 0.780468205043409, 0.86084948903829, 0.841107691968783, 0.872513075432184, 0.827815863850287, 0.814178151479035, 0.844533087824915, 0.999561062808954, 0.933363853980698, 0.760120774721624, 0.818762461067873, 0.792760326928452, 0.841679307672707, 0.477322250082509, 0.801268978803273, 0.832607804733765, 0.9995343659176, 0.82943977362648, 0.831306675485484, 0.999526407221687, 0.82945397838754, 0.94645100593215, 0.841059872631314, 0.79427929609398, 0.771386392738875, 0.829451963527815, 0.75656931580871, 0.744808982567031, 0.860855432874478, 0.560473999779977, 0.756506385023306, 0.756529757396114, 0.760144751552349, 0.845749928774709, 0.814823914020831, 0.785889554523918, 0.874624883490736, 0.7601070400945, 0.756499534500242, 0.832568951522072, 0.762765479596389, 0.773990095218241, 0.756518171952696, 0.832552698320292, 0.826496802350455, 0.840449739525651, 0.844403868154564, 0.880366091952556, 0.760143542636514, 0.756503933610641, 0.83599444812119, 0.829472112125063, 0.829411968562278, 0.841036936811447, 0.805129416454983, 0.76354408855604, 0.807383540772097, 0.855280886892894, 0.536439812714759, 0.756518205533691, 0.77239237861847
0.835270307536099, 0.764153415717813, 0.854111092917674, 0.807578512031466, 0.767373766015952, 0.767431558909058, 0.750054770603519, 0.759155153198516, 0.933369932140868, 0.916426103609191, 0.855337605194147, 0.855350668201363, 0.855303654807784, 0.771100114752978, 0.760112816025711, 0.781249634806675, 0.78705588965661, 0.826911124671863, 0.851973662559621, 0.741082566668014, 0.756430089001727, 0.75647743820526, 0.483043209204094, 0.477316541313288, 0.477204179302636, 0.485395020636865, 0.485178792607399, 0.832624494488486, 0.789677557968522, 0.99953312342077, 1, 0.734886201394364, 0.855313897011385, 0.780237033470984, 0.800412932068198, 0.736006664887322, 0.615854199108707, 0.839907910164658, 0.832535974984576, 0.864079040529172, 0.760112278729784, 0.829450049411077, 0.741157284382809, 0.680544494348789, 0.767118214640857, 0.768685708344756, 0.760099014236596, 0.822489649329784, 0.840415587653316, 0.783410202470567, 0.477140241087369, 0.487245199160153, 0.477079493066666, 0.522443085921544, 0.487448397763398, 0.756496780858618, 0.577134337548375, 0.864266758293532, 0.855335523172432, 0.78011641053546, 0.817787571190031, 0.757704017643724, 0.815773752476095, 0.799324874235814, 0.855321855707298, 0.829429363517902, 0.780449903400909, 0.860828635240138, 0.841081129401411, 0.872492221634032, 0.827799778553484, 0.814160722942415, 0.844508808765231, 0.999531276466022, 0.93334897759973, 0.760122353028408, 0.818751547244364, 0.792744174469659, 0.841652274971399, 0.477352103587431, 0.801256856063928, 0.832592794028815, 0.999499609587347, 0.829425904675375, 0.831290858836644, 0.999525634858793, 0.829438900520599, 0.946430823753907, 0.841040294910988, 0.79427080010214, 0.771370038794109, 0.829437758766755, 0.756555312533623, 0.744793233080182, 0.860836392450079, 0.560474436332918, 0.756493254854099, 0.756515686959035, 0.760144650809362, 0.845734515097814, 0.814808433181946, 0.785882468933885, 0.874606581848236, 0.760096394918954, 0.756484658119274, 0.832553336359205, 0.762747513763843, 0.773985830431823, 0.756504168677609, 0.832537956263306, 0.82647977678578, 0.840431236397178, 0.844385633674055, 0.880352894621359, 0.760146598507096, 0.756489393039627, 0.835982728353791, 0.829457773040022, 0.829397427991264, 0.841023470832286, 0.805112256566327, 0.763532973246558, 0.807372626948588, 0.855274271436798, 0.536443943177195, 0.756504135096613, 0.772377770885465
0.770883483751567, 0.843121645006701, 0.749306317377749, 0.801624500801713, 0.837265522378577, 0.837213102444737, 0.875766133619855, 0.870397741369113, 0.740831649470287, 0.736545841349677, 0.744109456851577, 0.744114729067857, 0.744096931140288, 0.85361019879009, 0.941130869571817, 0.733669696254523, 0.81143431550581, 0.757778298805578, 0.718135765815272, 0.928025248072887, 0.895008413382591, 0.895025203880297, 0.468235098399704, 0.461419264503665, 0.461309387486673, 0.468794221973335, 0.468619701540172, 0.761707577497885, 0.832424855470754, 0.734901682233249, 0.734886201394364, 1, 0.744112143331211, 0.786394747018914, 0.774359687653759, 0.81972237382176, 0.627300650786259, 0.800212990821508, 0.698984322645129, 0.742805607542668, 0.941169554878533, 0.705371125743769, 0.928043079581452, 0.664230141576133, 0.909178418112138, 0.72351560918545, 0.941160991724702, 0.718455288986629, 0.739095914979367, 0.812574591786062, 0.46126687394648, 0.473791678548742, 0.461219961295888, 0.528228654878305, 0.473916364784712, 0.894999145027857, 0.663088757123033, 0.756187567052853, 0.744112747789128, 0.786341689046161, 0.830580687945645, 0.898969627601537, 0.714891908820344, 0.805098152548254, 0.744109490432573, 0.705352454710319, 0.828415754752349, 0.721622010435093, 0.778080932079482, 0.72617455240227, 0.716831479953422, 0.74190822260224, 0.719452812455379, 0.734908096203373, 0.740833932977975, 0.941136981312982, 0.752146497226814, 0.756849011919507, 0.753769030182196, 0.461409761081964, 0.857745228241295, 0.699013403787157, 0.734885630517441, 0.705335026173699, 0.713618584636265, 0.73489076840974, 0.705350842822539, 0.727065019657643, 0.734057724656524, 0.849914207272918, 0.842044769645789, 0.70536232752297, 0.895045789030486, 0.902480151281041, 0.721612977147327, 0.628316072925564, 0.894986887964531, 0.895032826766256, 0.941157600044166, 0.731000645158084, 0.743659672999013, 0.824274378493011, 0.729171354013943, 0.941095307297674, 0.894978761363641, 0.69900020645596, 0.873755437938492, 0.853705199426114, 0.894941923011673, 0.69901645965774, 0.717620633345633, 0.739092691203807, 0.76607659932513, 0.733477713703746, 0.941095811012605, 0.894969526589902, 0.737252822046112, 0.705392080284907, 0.705327705516699, 0.7163945576221, 0.793953594019467, 0.934759815960026, 0.781230460058294, 0.744077286257972, 0.542111777164037, 0.894974261510256, 0.898309693879676
0.840592055784212, 0.77294535686994, 0.848030145525258, 0.81792968596262, 0.774523932302325, 0.774548144200018, 0.762431550177999, 0.761519557504567, 0.855912981969558, 0.823859250227713, 0.999028568964686, 0.999022289318544, 0.999025580256094, 0.768464510327969, 0.769989423329685, 0.766981304922558, 0.800085819591878, 0.827280750688377, 0.833444105843536, 0.763434715253979, 0.786272612938596, 0.786308947575634, 0.475339695275302, 0.468746570540843, 0.468657312255035, 0.474601786482091, 0.474376088611919, 0.815620455232033, 0.787642583227475, 0.855327027180592, 0.855313897011385, 0.744112143331211, 1, 0.783062572006049, 0.792459374047559, 0.735755378298644, 0.610304704549701, 0.885132343374543, 0.807952167767429, 0.861759701918966, 0.76998176686273, 0.804997543885995, 0.763489082885553, 0.678387083298465, 0.778645663679346, 0.768464376003988, 0.769981666119744, 0.816579226232077, 0.834590325959977, 0.798325235164353, 0.468598209703108, 0.480311831780168, 0.468537931816341, 0.521922546911643, 0.480518791454899, 0.786307671497808, 0.587366366107803, 0.835365912630041, 0.999040389475071, 0.782943896768259, 0.828288113388783, 0.778563558145561, 0.80381431751261, 0.798612587742104, 0.999031221863323, 0.80497356705527, 0.784644606280963, 0.843210466739569, 0.809570503098384, 0.85145020200312, 0.8076807661625, 0.81493594022153, 0.822743185845154, 0.855340425997762, 0.855897870521622, 0.769951342480886, 0.81100484815547, 0.785703952362269, 0.848206848723123, 0.46880113965839, 0.800365784350638, 0.807987024840668, 0.855319840847574, 0.804972526044413, 0.805475905165657, 0.855320949020422, 0.805018162617179, 0.848799150320222, 0.835565148675827, 0.801928173743235, 0.780795854815656, 0.80501493884162, 0.786361770481419, 0.754659900409513, 0.843213656934133, 0.569454968355285, 0.786308578184684, 0.786330070021748, 0.770012728540501, 0.85397384738942, 0.810065285484803, 0.786520004131806, 0.842903133469547, 0.769981934767707, 0.786278556774785, 0.807953746074214, 0.769458239144238, 0.786252061369403, 0.786293903289688, 0.807949582030782, 0.802948397964884, 0.834590057312013, 0.835059754694858, 0.839359263861597, 0.770008765983043, 0.786296724093303, 0.836273371869093, 0.805008424128509, 0.804959832428146, 0.806696070633997, 0.803503760467028, 0.77434393816691, 0.827624620081408, 0.998954690774777, 0.535591623932611, 0.786307705078803, 0.799942630227436
0.817800936426206, 0.857410862269965, 0.787386998271385, 0.794310929391659, 0.855068252029938, 0.855050084711419, 0.782391657298688, 0.778550595881331, 0.787835405303138, 0.77160255360635, 0.783063915245866, 0.783080336352623, 0.783048031435035, 0.770128750879654, 0.80447821379193, 0.747628812332876, 0.819021370542509, 0.795353585718244, 0.762147320632822, 0.785829981838054, 0.799070766843522, 0.799094206378321, 0.479448094997144, 0.470671063806981, 0.470579857823438, 0.477958912174548, 0.477770287723312, 0.787196862675355, 0.746539747070629, 0.780254394845613, 0.780237033470984, 0.786394747018914, 0.783062572006049, 1, 0.788014358427695, 0.753951139920322, 0.612274935131591, 0.793178007349402, 0.749499508844361, 0.776048543075082, 0.80447008719104, 0.750986173092301, 0.785853320629867, 0.689349364184149, 0.803439352117826, 0.773299871438517, 0.804475225083338, 0.757920648645134, 0.766773203493982, 0.87887566663313, 0.470499867892364, 0.484651000102489, 0.470472902353047, 0.518233439498531, 0.484819274470505, 0.799085811129467, 0.598511260446544, 0.781636152063881, 0.783062236196095, 0.998620559870415, 0.789337013094036, 0.807483813624401, 0.753712580528906, 0.779287094272734, 0.783055620739999, 0.750976904737567, 0.860096636702121, 0.786593143539816, 0.803337097986792, 0.78782748018822, 0.764047333353303, 0.778974085814488, 0.767565614242748, 0.780259062603975, 0.787863076043358, 0.80448963133037, 0.798528534510584, 0.89536467416293, 0.793137945221874, 0.470618509549159, 0.786894465811659, 0.749525366210829, 0.780237537185915, 0.750959006067011, 0.755561080002423, 0.780239048330709, 0.750974352581915, 0.775467692597419, 0.765449541397778, 0.785384126961953, 0.85272973867135, 0.750985165662438, 0.799142999564656, 0.841252694706977, 0.786579811884637, 0.573476124651043, 0.799076039059802, 0.799111769238922, 0.804495474423572, 0.759738690155812, 0.776596148367285, 0.829820514952476, 0.794086675504289, 0.804455277972063, 0.7990628753096, 0.749517944810843, 0.875344994356378, 0.815949582568078, 0.799061162678834, 0.749518817916724, 0.75186582726715, 0.766790061153679, 0.764769391916678, 0.780492416941102, 0.804470423000994, 0.7990884976091, 0.760036352099155, 0.751004911287741, 0.750941611111387, 0.76724763579718, 0.887206037003302, 0.804989719514064, 0.804739809746199, 0.783021737515627, 0.529579383256811, 0.799065763275206, 0.808722012087278
0.797757951408837, 0.78007299030839, 0.807289681889917, 0.792467232000486, 0.760338312409911, 0.760357487158292, 0.77491682994866, 0.795399020805039, 0.793626347219164, 0.83401038216919, 0.7924700528041, 0.792481100951591, 0.792468743145279, 0.785639913404016, 0.789725175820018, 0.767564271002931, 0.775867810157768, 0.810337123642673, 0.804914968218274, 0.775058508168308, 0.78810459056237, 0.788137634261857, 0.471822891949655, 0.466416989727036, 0.466341432487356, 0.475136866063006, 0.474920570871549, 0.791709779067945, 0.782012729346445, 0.800430629252781, 0.800412932068198, 0.774359687653759, 0.792459374047559, 0.788014358427695, 1, 0.758081434451173, 0.601488215689928, 0.829566071750229, 0.867106232941694, 0.808279750377685, 0.789717317867091, 0.80603405489042, 0.775087757215313, 0.652067172199449, 0.789691124690669, 0.727157871109961, 0.789708620389279, 0.83460523592194, 0.810033887254091, 0.799083829850738, 0.466241293959034, 0.475411357119514, 0.466196731978121, 0.514022617740679, 0.475602332240429, 0.788165036354114, 0.597056498144247, 0.792123799160395, 0.79248711194977, 0.787952703720116, 0.831038464075118, 0.831131382689427, 0.850463625938874, 0.800643499182706, 0.792478414471958, 0.806008734819879, 0.80173155701509, 0.785948757818831, 0.813323179335814, 0.786902760317526, 0.812326562553939, 0.819688322692411, 0.819665823425485, 0.800445505633749, 0.793655294037211, 0.789722623664366, 0.825425602177768, 0.856405581591274, 0.81097358424874, 0.466344622681921, 0.80740899516662, 0.867108986583318, 0.800423510081754, 0.8060173651357, 0.813744687990241, 0.800422133260942, 0.80603405489042, 0.793082301512475, 0.815218826526891, 0.789447393825959, 0.786252699408316, 0.806038756229778, 0.788209329687064, 0.786669439561395, 0.785928172668643, 0.594634133040113, 0.788156540362274, 0.788180047059064, 0.789740891725871, 0.856561934705918, 0.873488233957989, 0.778084659569973, 0.797705934446942, 0.789709157685206, 0.788130481509834, 0.867082961311872, 0.807150488663929, 0.790052624106292, 0.788135014944215, 0.867080274832239, 0.841487157216952, 0.810049468835963, 0.775058239520345, 0.795267618369986, 0.789725914601917, 0.788153417329701, 0.799302307806896, 0.806041509871402, 0.805998358292296, 0.823055455521501, 0.791321448436986, 0.792816037799843, 0.786711281481679, 0.792432307765256, 0.524897755943265, 0.788157480630146, 0.78952829044391
0.753507870780867, 0.802493341896039, 0.742855206672893, 0.776038200128494, 0.788368436443332, 0.788369544616181, 0.787630661974103, 0.801400616305293, 0.736682381677027, 0.742546227934096, 0.735766997323057, 0.735777911146567, 0.735740904889621, 0.814046614720001, 0.8235884530807, 0.720555511601764, 0.782933587402667, 0.741872794652079, 0.762207800005561, 0.842593516691837, 0.792431166011412, 0.79246434403488, 0.526007641422668, 0.521588080197327, 0.521493717600216, 0.526312758346993, 0.526168729457666, 0.741827090917321, 0.798924588770488, 0.736015563851106, 0.736006664887322, 0.81972237382176, 0.735755378298644, 0.753951139920322, 0.758081434451173, 1, 0.634277438393313, 0.762999136162474, 0.718232143272108, 0.73568798124085, 0.823609609107811, 0.718840463004019, 0.842589722039355, 0.680626129748638, 0.844410886582606, 0.706718126631785, 0.823599837038145, 0.741378079427651, 0.742107257162054, 0.766616313083411, 0.521419906572298, 0.529025699804438, 0.521373598379623, 0.552643448945537, 0.529106596422388, 0.792465620112706, 0.650594880617546, 0.742882105050219, 0.735764579491388, 0.753867993375679, 0.802818876065575, 0.814404823198074, 0.717120410837957, 0.758348571269685, 0.735746143524906, 0.718826627633909, 0.778215323223125, 0.719948064975734, 0.768169702769237, 0.724794440652777, 0.722336143883551, 0.721289894390456, 0.726871660286054, 0.736014522840248, 0.736664247939504, 0.823583751741342, 0.741641555917663, 0.744734936472145, 0.738617620861696, 0.521592076335782, 0.810744461117036, 0.71826726899331, 0.736001392671042, 0.718811616928959, 0.718496022734065, 0.735999142744349, 0.718822933724413, 0.730278653756699, 0.740571296012848, 0.77978694738946, 0.79967925448041, 0.71882917978956, 0.792510853713527, 0.820191802556642, 0.719937688448151, 0.632637745549276, 0.792457795740775, 0.792487347016738, 0.823611220995591, 0.75094789075753, 0.740805086902915, 0.777884449675319, 0.733451386203342, 0.823563972535044, 0.792445169286499, 0.718238355756259, 0.806128014515587, 0.818577261878169, 0.792428009397843, 0.718243863039507, 0.725958525858777, 0.742117197136696, 0.752909356699617, 0.729336572511376, 0.8235957737377, 0.792419211177045, 0.750157394125502, 0.718855305803991, 0.71879543088917, 0.723190880959804, 0.756871309700462, 0.823365005137221, 0.757425093895821, 0.735716424343965, 0.565737753649012, 0.792449400491921, 0.799012369492498
0.617699609130646, 0.614599545958077, 0.615617486672039, 0.632909012830224, 0.62251237023128, 0.622566603538873, 0.601886519876524, 0.632530588592912, 0.618375863216278, 0.612295486700784, 0.610337210953261, 0.610345975593064, 0.610313536351495, 0.597572302233794, 0.621062275687346, 0.574384759224934, 0.620664240148713, 0.613157913824987, 0.602369515333553, 0.624996793014938, 0.631160920532992, 0.631194165718451, 0.602950298649225, 0.597279711020759, 0.597164864016446, 0.602260477841446, 0.602105904519559, 0.627013600437466, 0.616831909790163, 0.615848994054418, 0.615854199108707, 0.627300650786259, 0.610304704549701, 0.612274935131591, 0.601488215689928, 0.634277438393313, 1, 0.624448113130881, 0.59011809361495, 0.620771262781095, 0.621067782970594, 0.598622379960366, 0.624992259580557, 0.641529455838775, 0.625186760705991, 0.567454380553541, 0.621036586225855, 0.597000216395934, 0.60719426484955, 0.612987154463311, 0.597199250955749, 0.607452972838213, 0.597108683011119, 0.805691965290146, 0.607556973181008, 0.631183083989965, 0.693494938067913, 0.627428023501861, 0.61034036756683, 0.612172177285627, 0.624050111173243, 0.618086025644866, 0.597442780334486, 0.609887527843682, 0.610336035618422, 0.598599746369458, 0.619361028878716, 0.601909992992318, 0.595149265509752, 0.607198093083027, 0.607329629842061, 0.609354698189461, 0.606878166939725, 0.61584795304356, 0.618379154153828, 0.621050253690988, 0.613045887624288, 0.601122115677933, 0.61469441227012, 0.597240119027167, 0.614044116293942, 0.590176994680905, 0.615847717976592, 0.5985767433876, 0.601906634892777, 0.615846072507817, 0.598588261669027, 0.612284908687229, 0.604881642438426, 0.625487310614939, 0.6211292361922, 0.598600015017421, 0.631207027239695, 0.608662896102952, 0.601922518703607, 0.73728767911935, 0.631172774624373, 0.63117499097007, 0.62106744716064, 0.599729981932081, 0.598017418327997, 0.625001729421264, 0.606838272717174, 0.621053712533515, 0.631178550555584, 0.590163327215771, 0.617456348399872, 0.614067522247745, 0.631205314608928, 0.590168767337028, 0.595744522234447, 0.607230398000614, 0.628850749534534, 0.610233378515443, 0.621073626063796, 0.631197926789938, 0.611634847778019, 0.59863487209066, 0.598584399854554, 0.600120898299687, 0.617937866293103, 0.622017252034908, 0.620504898325477, 0.610318204109857, 0.785613216512662, 0.63119849766686, 0.623100138393998
0.832970479484228, 0.79398878690266, 0.831734396624062, 0.823236860058724, 0.780642288923631, 0.780678321331709, 0.799492510564917, 0.819247672870599, 0.839326555972064, 0.828601189009021, 0.88514100727136, 0.885149234615236, 0.885128548722062, 0.791087791870901, 0.842166500754162, 0.770378660647519, 0.809035927232401, 0.829638976091272, 0.820947643601403, 0.798951890119759, 0.805293056645632, 0.805318779688118, 0.474591745764463, 0.468332617610384, 0.468230195574374, 0.47535376571238, 0.475144589691951, 0.816430999718323, 0.831506113017243, 0.839920234389975, 0.839907910164658, 0.800212990821508, 0.885132343374543, 0.793178007349402, 0.829566071750229, 0.762999136162474, 0.624448113130881, 1, 0.818572728443788, 0.848587925859072, 0.842174627355052, 0.804212185146266, 0.799004645863553, 0.67214770076969, 0.843415109325617, 0.761347051931129, 0.842164586637423, 0.820581711494385, 0.833978110832598, 0.804251642815877, 0.468172906396199, 0.478975408905707, 0.468112091213506, 0.524268615994198, 0.479176659811218, 0.805337114911614, 0.61608077008476, 0.838300186428254, 0.885152156161837, 0.793063428993052, 0.867993577164493, 0.806388804525966, 0.80338968582561, 0.846748224606353, 0.885139361802585, 0.804185454673917, 0.808677550849351, 0.824155568931239, 0.802269490980615, 0.83045714346352, 0.809514926550975, 0.810936477248808, 0.809940599248833, 0.8399332302352, 0.83933918242634, 0.842153404165951, 0.822525513832885, 0.792784337340173, 0.834455800492351, 0.468351658034784, 0.820477811894577, 0.81861839859755, 0.839909824281397, 0.8041738692305, 0.804945157533151, 0.839910798130264, 0.804211312040385, 0.830060585488685, 0.827138300105834, 0.838486023656871, 0.795367958384281, 0.80420117057977, 0.805387922957674, 0.80050282839292, 0.824169169234382, 0.591583736159761, 0.805326133926114, 0.805356289659995, 0.842193432712483, 0.847910765086564, 0.823696583885931, 0.803193673555383, 0.833639580817837, 0.842157870438341, 0.805323783256435, 0.81859116441027, 0.79995841329528, 0.808164634725409, 0.805327645070908, 0.81859116441027, 0.81590747199983, 0.833985968785524, 0.816126957385851, 0.828502830273455, 0.842183492737841, 0.805340137201201, 0.821478089004951, 0.804216483513679, 0.804160302508353, 0.806283460943355, 0.803542076382795, 0.839149382640264, 0.811617264768821, 0.885083113635268, 0.538810395923966, 0.80533882754238, 0.827204253180825
0.776026480361095, 0.725259806087214, 0.805105103814304, 0.769188953142019, 0.72605507122059, 0.726091976734549, 0.710900169476568, 0.725849891338615, 0.824033401269926, 0.855733323644097, 0.807964256925778, 0.807957171335746, 0.807942798669709, 0.745382747454661, 0.714055171157632, 0.769609487947579, 0.753759828989452, 0.808648469707323, 0.877628367720496, 0.703001818612388, 0.722165149454907, 0.722203431789678, 0.472915214568457, 0.467271827546276, 0.467148316645146, 0.475273876524292, 0.475052544183523, 0.791028554994992, 0.776280050457461, 0.832551455823462, 0.832535974984576, 0.698984322645129, 0.807952167767429, 0.749499508844361, 0.867106232941694, 0.718232143272108, 0.59011809361495, 0.818572728443788, 1, 0.818226642705059, 0.714048320634568, 0.853359281592362, 0.703064111358879, 0.64862169490806, 0.716655616280443, 0.729840455347552, 0.714047145299729, 0.893094867520958, 0.832373174318813, 0.755362179766591, 0.467088273825347, 0.475945026298621, 0.467015570970277, 0.509160694062759, 0.47618187305927, 0.722225729570632, 0.54663228286159, 0.805192716631337, 0.807974465548384, 0.749403332873498, 0.793463949525346, 0.717184080405261, 0.888335332298054, 0.790237621810024, 0.807954350532131, 0.853320529123656, 0.745671107462275, 0.826457714071794, 0.824721106474994, 0.8250153767378, 0.8565913516579, 0.819808206846037, 0.8608560037514, 0.832568884360081, 0.824061206334128, 0.71405664872143, 0.822768740982663, 0.830336251880032, 0.802246487998757, 0.467204497650472, 0.741064029958546, 0.998960533867979, 0.832548567857856, 0.853329898221376, 0.857705166113767, 0.832551019270521, 0.853374796012243, 0.83199871263896, 0.832855901127878, 0.754705973535221, 0.732372932535646, 0.853356259302775, 0.722278418152435, 0.716001928623729, 0.826460098322468, 0.532770753155908, 0.722235434478307, 0.722247254988692, 0.714087811885174, 0.886759711993264, 0.865298567958599, 0.740602828567541, 0.833930560143093, 0.714050301913297, 0.722216293310921, 0.998889308576707, 0.717626845829784, 0.724861098928672, 0.722219349181504, 0.998853847045551, 0.919180484014976, 0.832370689325152, 0.791647922874394, 0.834274563860106, 0.714081162848082, 0.722226602676513, 0.811278902659037, 0.853348804321793, 0.853323047698312, 0.865926163181877, 0.767670957825359, 0.716707331013379, 0.78104892119709, 0.807907169233576, 0.521050045488816, 0.722238792577848, 0.72762548647109
0.842048698622252, 0.772822886979668, 0.858885235873583, 0.823760857911152, 0.76007372774705, 0.760111237718926, 0.763914654840425, 0.771087555460693, 0.863682046001397, 0.861873037778486, 0.861764403258324, 0.861767324804925, 0.861728169364273, 0.774061488414489, 0.772695279197097, 0.790873612282155, 0.823075268308795, 0.873748419510451, 0.830499690584708, 0.756530496178013, 0.777071185128401, 0.777101273700291, 0.484242050740347, 0.47711270467113, 0.476992619031532, 0.486095251553222, 0.485899440768967, 0.857928647638242, 0.793965851082792, 0.864091230430507, 0.864079040529172, 0.742805607542668, 0.861759701918966, 0.776048543075082, 0.808279750377685, 0.73568798124085, 0.620771262781095, 0.848587925859072, 0.818226642705059, 1, 0.7726930628514, 0.824495576509798, 0.756597423101871, 0.66615376173639, 0.784712708539661, 0.755087352900129, 0.772686917529239, 0.844313871086857, 0.855759684725496, 0.80307281555289, 0.476959038036119, 0.487785786024315, 0.476909438905894, 0.522610252116711, 0.487957082681918, 0.777113295696649, 0.589336126555757, 0.857204943606091, 0.861766753928003, 0.775975672315035, 0.831229842167978, 0.766241515593604, 0.803213318437699, 0.806583406394386, 0.861748989581429, 0.824483285865477, 0.787533008439441, 0.853636862100448, 0.809355282498781, 0.859026712607259, 0.830619641900324, 0.836483286671421, 0.828849856280056, 0.864101338310126, 0.86365874079058, 0.772694809063161, 0.828026551015509, 0.786718064842753, 0.863516726760977, 0.47705625501784, 0.826388134249297, 0.818259955052509, 0.86408820814092, 0.824484461200316, 0.827827180645741, 0.864075279457686, 0.824511359577642, 0.86304074973199, 0.852811172585228, 0.822354788052204, 0.782404418076945, 0.824506523914303, 0.777185595579774, 0.761484935498296, 0.853664297773701, 0.56685536275736, 0.777120515610663, 0.777148320674865, 0.772725367768987, 0.849988689920745, 0.835576935605218, 0.800812176522666, 0.843125473240178, 0.772674089588991, 0.777104598218837, 0.818221639136743, 0.763157201907884, 0.794642709626342, 0.777109803273126, 0.818223116700541, 0.817957188797863, 0.855758475809661, 0.863632917005107, 0.841439774432424, 0.772724360339125, 0.777114571774475, 0.836997949007124, 0.824512434169496, 0.824465454356913, 0.821677929508655, 0.802111525978191, 0.777547934520283, 0.812863119698652, 0.861706308136259, 0.537024021291963, 0.777113396439635, 0.786746474364873
0.788477406773448, 0.849382317886568, 0.771974060158607, 0.815441502107476, 0.832448697977497, 0.832403262890703, 0.926025835605983, 0.898035135661177, 0.765937036708192, 0.746668395864057, 0.769977401333327, 0.770000404315185, 0.769968166559588, 0.894628209352522, 0.998821911518913, 0.747327456480037, 0.821839957811524, 0.768653336265178, 0.738011383151501, 0.890145918827749, 0.837464926329341, 0.837493537337433, 0.467670769771785, 0.460947820909059, 0.46082766810747, 0.468190670742773, 0.468013329505995, 0.766881166394235, 0.867855861502304, 0.760111842176844, 0.760112278729784, 0.941169554878533, 0.76998176686273, 0.80447008719104, 0.789717317867091, 0.823609609107811, 0.621067782970594, 0.842174627355052, 0.714048320634568, 0.7726930628514, 1, 0.72355829063062, 0.890168787485626, 0.668674149766135, 0.950607057086483, 0.751768408799457, 0.998846929360496, 0.732739469100581, 0.76218174115312, 0.810404822929426, 0.460796840753681, 0.47297522380726, 0.460742204474144, 0.521867104688216, 0.47311542446311, 0.837483395876818, 0.643310054539566, 0.773330698792307, 0.769980759432868, 0.804420991775746, 0.869094765166084, 0.911402353114375, 0.723811189107077, 0.816648638149596, 0.769971994793065, 0.72353471677184, 0.828318000474701, 0.741880048147088, 0.786540958672943, 0.746117801863262, 0.731127211929796, 0.742094294897824, 0.732697459275319, 0.760119129252848, 0.765942208181486, 0.99884521672973, 0.762949738518221, 0.77470070266218, 0.779318962637382, 0.460933750471981, 0.889300315782248, 0.71408096136211, 0.760096327756963, 0.723521385116661, 0.723423261448064, 0.760099249303564, 0.723539888245134, 0.748098241067757, 0.751526390565513, 0.850870023145365, 0.857205145092064, 0.723545126880418, 0.83752701758986, 0.903899183404218, 0.741906409228487, 0.627217403498629, 0.837471071651501, 0.837514256811603, 0.998866171270867, 0.746396490544196, 0.754604894739027, 0.826089666362065, 0.752192368866549, 0.998772581036651, 0.837442662129382, 0.714074413068004, 0.886778987484632, 0.886274164380584, 0.837437725723056, 0.714086099254408, 0.731491968701975, 0.762173748876212, 0.794298302937383, 0.755255089972218, 0.998796188476426, 0.837460359313964, 0.752437308647093, 0.723568364929244, 0.723513392839753, 0.727447843005354, 0.806374230373957, 0.974185012748017, 0.788090688030269, 0.769938111568693, 0.536565573542581, 0.837461534648804, 0.896102314308177
0.794497068849234, 0.731996657482041, 0.820723322552043, 0.770708862575418, 0.719705475864868, 0.719756149586947, 0.721937537467996, 0.732565586706332, 0.812869231439817, 0.839699842317078, 0.804996536456133, 0.804981458589193, 0.804981727237156, 0.82774782875358, 0.723573469240547, 0.782016020283996, 0.75727384509248, 0.803487171455294, 0.860285160410371, 0.706539072764241, 0.723641269270286, 0.723664708805085, 0.47496536791943, 0.468852988715308, 0.468728336060334, 0.476684513398616, 0.476467949559196, 0.809042844917456, 0.854723005816094, 0.82946539592598, 0.829450049411077, 0.705371125743769, 0.804997543885995, 0.750986173092301, 0.80603405489042, 0.718840463004019, 0.598622379960366, 0.804212185146266, 0.853359281592362, 0.824495576509798, 0.72355829063062, 1, 0.706590686754191, 0.649332705323944, 0.723856557031881, 0.739812567002481, 0.723567995538295, 0.85521876205138, 0.855652225540174, 0.768290829419692, 0.468640689662305, 0.477456473321175, 0.468597269435236, 0.516363313863968, 0.477686066586816, 0.723698625610452, 0.565733388119608, 0.818728107709565, 0.805004797381005, 0.750899265476171, 0.790337122299433, 0.722513552282319, 0.813686021991254, 0.864950400198155, 0.804992876127633, 0.999017352912218, 0.747206128343609, 0.819085443081757, 0.804208457655775, 0.820667275870698, 0.911396375697192, 0.908583967331333, 0.856711739526457, 0.829476712721435, 0.812911342008066, 0.723534851095822, 0.828210977842319, 0.779076776498461, 0.815057671329903, 0.468848253794955, 0.755672199516246, 0.853374191554326, 0.829475403062614, 0.999023565396369, 0.972146075449512, 0.829471272600178, 0.999009830769245, 0.827280885012359, 0.85623824749113, 0.76040120961432, 0.736225377910448, 0.999046299730264, 0.723748224740677, 0.721053887154692, 0.819072514398523, 0.548959311519746, 0.723705442552521, 0.723718404816751, 0.723591132844134, 0.861899936155812, 0.822334135740025, 0.748456248059858, 0.8284366085505, 0.723563965818845, 0.723679652348044, 0.853344539535376, 0.72890458658638, 0.735800343251503, 0.72369842412448, 0.853339435224073, 0.877393871629526, 0.855640203543816, 0.793566774533301, 0.825803992834084, 0.723578707875831, 0.723695536158874, 0.83547229722351, 0.998973764780171, 0.998977492270662, 0.846262844898651, 0.764688528879723, 0.722189394933595, 0.772388416061011, 0.80494999319649, 0.529393949000139, 0.723694159338062, 0.740998882827445
0.788712876713286, 0.855649539060541, 0.761348563075922, 0.806203168783322, 0.836176389954339, 0.836139753088343, 0.845249504781061, 0.849175055982877, 0.74459073967784, 0.740853174888347, 0.763490023153425, 0.763492743214053, 0.763475079610466, 0.826385179121701, 0.890133191630488, 0.733323173962854, 0.818228791888766, 0.764101298012932, 0.717486880240902, 0.998617974133768, 0.923790583808292, 0.923802941614604, 0.471943346980202, 0.464749592561783, 0.464622253427176, 0.472055977638818, 0.471870241153187, 0.76411698033779, 0.822884528254848, 0.741171824953823, 0.741157284382809, 0.928043079581452, 0.763489082885553, 0.785853320629867, 0.775087757215313, 0.842589722039355, 0.624992259580557, 0.799004645863553, 0.703064111358879, 0.756597423101871, 0.890168787485626, 0.706590686754191, 1, 0.670308536812898, 0.938458594699818, 0.729884009898603, 0.89015901541596, 0.724879501314159, 0.737092170564055, 0.811941220631573, 0.464581754746707, 0.477517254922873, 0.464533566018289, 0.527461698524062, 0.477632269832164, 0.923772382908778, 0.670309040527829, 0.755272249860874, 0.763496806514498, 0.78579260619016, 0.813697137300735, 0.88314596033386, 0.719087081834334, 0.807222788547054, 0.763489116466549, 0.706575038010329, 0.830234400720944, 0.72653695850477, 0.77003697401919, 0.730479871081215, 0.715587874950283, 0.748949116329538, 0.720968087711411, 0.741179850811727, 0.744600209518547, 0.890123453141818, 0.750905175731364, 0.758254342996556, 0.769891165337106, 0.464747409797081, 0.847465716154353, 0.703090573183265, 0.741161146197281, 0.706559691495425, 0.714867965570614, 0.741161314102258, 0.706578866243806, 0.734972638876557, 0.741761037099343, 0.837675512751577, 0.841756208152203, 0.706588000274558, 0.923825340138544, 0.869856785114001, 0.726524567117462, 0.623395281762685, 0.923760193007443, 0.92381116895848, 0.890165966682011, 0.738533567630177, 0.748032690964711, 0.830701344462165, 0.733186600054509, 0.890102465019684, 0.923738701170378, 0.703077107204104, 0.85734464054701, 0.844038339019491, 0.923717780210236, 0.703094434997737, 0.714533297370326, 0.737113796725101, 0.767032549521558, 0.732063181433954, 0.890117341400653, 0.923721877091676, 0.741899189314474, 0.706619969382192, 0.706547535175085, 0.717809425701846, 0.782000002149184, 0.896548706480205, 0.788998382336289, 0.763461680793296, 0.540549488514426, 0.923739977248204, 0.898043228681071
0.679600935539667, 0.659224927790786, 0.678862523031526, 0.663689218902017, 0.667331648731505, 0.667347734028308, 0.679207702083378, 0.68551461599393, 0.676775027613652, 0.662031358739461, 0.678393530849584, 0.678410690738241, 0.678373617319304, 0.651394511280326, 0.668667164919089, 0.77212221951037, 0.650009328800526, 0.664136081207981, 0.658876860773327, 0.67027095967903, 0.677969335715524, 0.677984715811424, 0.597629255602015, 0.592197294526956, 0.592203674916084, 0.59794169318334, 0.597812842903939, 0.685872488662049, 0.655818773845025, 0.680548020353307, 0.680544494348789, 0.664230141576133, 0.678387083298465, 0.689349364184149, 0.652067172199449, 0.680626129748638, 0.641529455838775, 0.67214770076969, 0.64862169490806, 0.66615376173639, 0.668674149766135, 0.649332705323944, 0.670308536812898, 1, 0.669140388306453, 0.849433596066564, 0.668664982154387, 0.650672855688896, 0.661787224902807, 0.684646916653447, 0.592075596999578, 0.603288056301091, 0.592012296823224, 0.711571554317865, 0.603416839418501, 0.677983103923644, 0.762142149159528, 0.68308812042736, 0.678403403662236, 0.689294425675653, 0.671568092788857, 0.667881201721442, 0.660086851200057, 0.664674653212418, 0.678377445552781, 0.649316452122164, 0.682277240131116, 0.668158446419574, 0.68194680313625, 0.674193387848274, 0.653252312689573, 0.647549117914561, 0.66982560851786, 0.68054785244833, 0.676774490317726, 0.668636404727291, 0.666774405693617, 0.681231998067884, 0.678207559296986, 0.592186179217474, 0.668365204608333, 0.648652186451895, 0.680550303860995, 0.649303254790967, 0.650456157525494, 0.680545300292679, 0.649306847957476, 0.675767832818223, 0.659521212913317, 0.671244506317055, 0.680277861245208, 0.649322093729394, 0.678019673627649, 0.651962567398737, 0.668173725772487, 0.676770158369318, 0.678016449852089, 0.678022695917236, 0.668689462700044, 0.657310710309245, 0.657103045433609, 0.653489360936195, 0.676625289955105, 0.668665788098277, 0.677991734239465, 0.648649802201221, 0.662698881766285, 0.658774976033244, 0.677999155639451, 0.64867169701023, 0.652315537241525, 0.661812410649366, 0.672403151401798, 0.677025306772467, 0.668687917974255, 0.67799902131547, 0.667719005513596, 0.649347010827991, 0.649283307679692, 0.668525318794464, 0.687286517216909, 0.664420310753159, 0.664586805328417, 0.678362233361859, 0.730344002373773, 0.678012554456621, 0.689617374108542
0.795691007560157, 0.86032696874966, 0.775279034565187, 0.81991455785851, 0.831182694450418, 0.831153512565404, 0.889162633701054, 0.880388121085547, 0.769155775118551, 0.750507240935717, 0.778651775420511, 0.778665577209626, 0.778628772438653, 0.864529496001645, 0.950554469247666, 0.741880484700028, 0.828093813749322, 0.770970760758646, 0.737049018984949, 0.938428271060959, 0.876491483120781, 0.87650928104835, 0.468753689711871, 0.462359162984287, 0.462216981049707, 0.46998557494761, 0.469802524941613, 0.766654897647141, 0.857556435885082, 0.767119389975697, 0.767118214640857, 0.909178418112138, 0.778645663679346, 0.803439352117826, 0.789691124690669, 0.844410886582606, 0.625186760705991, 0.843415109325617, 0.716655616280443, 0.784712708539661, 0.950607057086483, 0.723856557031881, 0.938458594699818, 0.669140388306453, 1, 0.746259580825896, 0.950589561387873, 0.735688014821845, 0.760061705750692, 0.810069080137285, 0.462191660979165, 0.47375208655515, 0.462141793200977, 0.522368401787745, 0.47390444353134, 0.876496184460139, 0.653060833853727, 0.772902608262779, 0.778648215834998, 0.803379242136036, 0.857333424494542, 0.892152181817718, 0.726567785858559, 0.819672136652622, 0.778642943618718, 0.723838288970376, 0.829069207342095, 0.743929026163222, 0.780052237253225, 0.748857876765, 0.729567307530861, 0.749712882489217, 0.733859093068654, 0.767126274079756, 0.769153894582808, 0.95057999080418, 0.763320674193556, 0.771033187829119, 0.785660330649227, 0.462341331475722, 0.878525181784003, 0.716690473353682, 0.767104480013733, 0.723820860433756, 0.723575853491221, 0.767104446432738, 0.723843997739596, 0.754913101114929, 0.757161080109882, 0.84237685210943, 0.857516642405517, 0.723855885411972, 0.876559014502557, 0.88690887877489, 0.743924492728841, 0.617892296882327, 0.876485740770566, 0.876528925930667, 0.950606922762502, 0.751489921604495, 0.759974428743613, 0.834358852158593, 0.754734047247386, 0.950508564026936, 0.876452226937143, 0.716676873050539, 0.873327246665978, 0.874854208108413, 0.876446417424937, 0.716693327738292, 0.727714173879976, 0.760076078416729, 0.793876861444947, 0.754155245210443, 0.950547954534556, 0.876448096474707, 0.756405642037066, 0.723876974277092, 0.723813942748701, 0.726397698116791, 0.798236346269494, 0.948269081023823, 0.790868776618815, 0.778609127556336, 0.537675358278998, 0.876462435559749, 0.899884810469534
0.764776007372775, 0.740190621848843, 0.773986300565759, 0.745456424158598, 0.74378217647028, 0.743790806786101, 0.755336255238132, 0.745702270626018, 0.761416766077607, 0.747110523249668, 0.768466256539731, 0.768476498743332, 0.768454603934323, 0.732466791417826, 0.751775124998539, 0.883797062253927, 0.731288266383798, 0.744323837926296, 0.749792402286355, 0.729848111814506, 0.733575467981394, 0.733588228759651, 0.540281075618088, 0.536154945130668, 0.536111424160613, 0.541067475368676, 0.540905850037752, 0.772670865813432, 0.746395080142389, 0.768698166894055, 0.768685708344756, 0.72351560918545, 0.768464376003988, 0.773299871438517, 0.727157871109961, 0.706718126631785, 0.567454380553541, 0.761347051931129, 0.729840455347552, 0.755087352900129, 0.751768408799457, 0.739812567002481, 0.729884009898603, 0.849433596066564, 0.746259580825896, 1, 0.751773278043791, 0.73332445004068, 0.750424900334964, 0.761738102622716, 0.53599415932463, 0.544514631709835, 0.535958059754561, 0.588221472575005, 0.544684585127622, 0.733596221036559, 0.65815708571764, 0.775244614044889, 0.76847189814696, 0.7732326422857, 0.75411229511731, 0.744425554761402, 0.730154706302629, 0.746793048519031, 0.768458163519836, 0.739789597601618, 0.757752777249064, 0.765954062272867, 0.767688856495914, 0.771173791456914, 0.737518951434761, 0.730648279773213, 0.751962204723986, 0.768710558281362, 0.761435840083001, 0.751727574309034, 0.746157225951877, 0.762800135183655, 0.763254486051596, 0.536134292818489, 0.752525727408016, 0.729860402458827, 0.768705823361009, 0.739778146482183, 0.737171791104179, 0.768696319939307, 0.739790470707499, 0.773182908831493, 0.74615866993468, 0.746514124771129, 0.766040936308001, 0.739797388392554, 0.733645484356831, 0.724445433367447, 0.765981900918064, 0.624918112742685, 0.733612574981326, 0.733632790740564, 0.751783721733365, 0.741077596680693, 0.733424152016062, 0.733565628749738, 0.773786627967032, 0.751759912807617, 0.733585710184995, 0.729846533507722, 0.743725155940068, 0.747041782952057, 0.733596959818458, 0.729849018501382, 0.729504175259484, 0.750450018919533, 0.762814507849692, 0.771483777625574, 0.751784662001237, 0.733597698600358, 0.748375149955935, 0.739814581862206, 0.739756050187201, 0.74985247868715, 0.772402486498089, 0.745077261139387, 0.749266020183253, 0.76843045919862, 0.602868965478334, 0.733608612423867, 0.757990262048626
0.788471328613278, 0.84937798593816, 0.771989876807447, 0.81543495381337, 0.832435097674355, 0.83239933391424, 0.926014048676593, 0.898017572800576, 0.765927398962508, 0.746660638654117, 0.769979584098029, 0.769991236703437, 0.76996631960484, 0.894621593896426, 0.998821071994027, 0.747313184556987, 0.821837170588905, 0.768648399858852, 0.738016655367781, 0.890143064443139, 0.837460527218941, 0.837492362002593, 0.467662139455964, 0.460935832493697, 0.460816552797989, 0.468173510854117, 0.467996774075257, 0.766861991645854, 0.867850656448015, 0.760107778876399, 0.760099014236596, 0.941160991724702, 0.769981666119744, 0.804475225083338, 0.789708620389279, 0.823599837038145, 0.621036586225855, 0.842164586637423, 0.714047145299729, 0.772686917529239, 0.998846929360496, 0.723567995538295, 0.89015901541596, 0.668664982154387, 0.950589561387873, 0.751773278043791, 1, 0.732741786189265, 0.762186946207409, 0.810405595292321, 0.460786732874062, 0.472969347133063, 0.460731156326653, 0.521872847038432, 0.473110420894794, 0.837480272844245, 0.643300416793883, 0.773331739803164, 0.769981464633772, 0.804427069935915, 0.869103932777832, 0.911390633346976, 0.723793760570458, 0.816652096992123, 0.769974177557767, 0.723543951545579, 0.828308900024944, 0.741886932251148, 0.786533067139021, 0.746123947185422, 0.731134566167792, 0.742087142145801, 0.732692321383021, 0.760114192846523, 0.765943920812252, 0.998833093990385, 0.762939832124574, 0.774699997461277, 0.779310466645542, 0.460922030704582, 0.889274693482748, 0.714080256161206, 0.7600916599986, 0.723529746784519, 0.723427056100545, 0.760094715869183, 0.72354972747679, 0.74810700570756, 0.751522663075022, 0.8508602510757, 0.857197320720132, 0.723556376513882, 0.837522752803442, 0.903879135549957, 0.741912890360602, 0.627220593693193, 0.83746808294291, 0.837512947152782, 0.998849884488092, 0.746398068850981, 0.754591160111903, 0.82607828240462, 0.752182529634893, 0.998763950720829, 0.837440277878707, 0.7140737078671, 0.886775259994141, 0.886263519205038, 0.837434804176455, 0.714084856757578, 0.731498718482053, 0.762177610690684, 0.794294508284902, 0.755252101263626, 0.998766737943449, 0.837458176549263, 0.752441774919483, 0.723578607132845, 0.723525112607152, 0.727441966331157, 0.80637083869342, 0.974180076341692, 0.78808058015065, 0.769937272043808, 0.536560704298247, 0.837455657974607, 0.896124511346145
0.805082201575432, 0.744489728043637, 0.835075034047771, 0.792042264503531, 0.73037214324793, 0.730406563768228, 0.729554714657581, 0.741967056506204, 0.818017399522639, 0.870165797433794, 0.816601188203077, 0.81658396115243, 0.816567170654723, 0.757983310782576, 0.732743834629985, 0.787753400512339, 0.780051229823363, 0.838485822170899, 0.875842228155462, 0.724823656118786, 0.743184065360975, 0.743213012179021, 0.479649177997678, 0.472827568170428, 0.472713661433986, 0.480981000275767, 0.480783241793779, 0.814022033431358, 0.794515706301689, 0.822505533140614, 0.822489649329784, 0.718455288986629, 0.816579226232077, 0.757920648645134, 0.83460523592194, 0.741378079427651, 0.597000216395934, 0.820581711494385, 0.893094867520958, 0.844313871086857, 0.732739469100581, 0.85521876205138, 0.724879501314159, 0.650672855688896, 0.735688014821845, 0.73332445004068, 0.732741786189265, 1, 0.865209376834782, 0.773346985575082, 0.472656439417802, 0.482467630942711, 0.472599318144604, 0.515868195667595, 0.482711529712398, 0.743249884111985, 0.566988847214127, 0.826250116358149, 0.816598703209416, 0.757840054256143, 0.822951320854725, 0.738589379244554, 0.827987764965807, 0.800572072405462, 0.816574558473714, 0.855182628900315, 0.760374512722966, 0.826637070168296, 0.817412169242307, 0.829326202699993, 0.865702446590434, 0.834984029550201, 0.853892547799525, 0.822513424674536, 0.818012765345272, 0.73274101382637, 0.837040630452294, 0.80298825860644, 0.821591122635512, 0.472835056732405, 0.761965882514604, 0.893100979262123, 0.822504055576816, 0.855196027717485, 0.85925711181679, 0.822502275784059, 0.855211777204334, 0.824876620064752, 0.870370540762829, 0.780596148635933, 0.750524971701295, 0.85520579978715, 0.743292901367109, 0.735635292659047, 0.826640461848833, 0.549607626217194, 0.743246089459503, 0.743255424976228, 0.73277432617382, 0.878681031183715, 0.859009485556612, 0.761893750536456, 0.825329963502831, 0.732736681877962, 0.743213583055943, 0.893068036305623, 0.742103663995545, 0.745390471083606, 0.743234571178076, 0.893050104054072, 0.884306788183304, 0.865194332548836, 0.797152083089591, 0.828819431898211, 0.732755923788334, 0.743240011299333, 0.850023009698057, 0.855207680322893, 0.855189311518402, 0.834321107119749, 0.77075533867307, 0.735550198416669, 0.783150923604982, 0.816524623533535, 0.528768670865545, 0.743240246366301, 0.748077152202638
0.821485174594983, 0.753594207520074, 0.844675571988453, 0.808437916866082, 0.744930780837395, 0.744972589176684, 0.748770499014935, 0.760318869013566, 0.836226089827551, 0.865037912272202, 0.834592475143683, 0.834592978858614, 0.83456987513377, 0.767606280828193, 0.762192890043598, 0.791058576404891, 0.785153996400386, 0.833484873171968, 0.866361708692387, 0.737033101593123, 0.754446190954704, 0.75448084654197, 0.483647935769496, 0.477647314118109, 0.477544959244089, 0.485443108622297, 0.485228089508666, 0.827421119249204, 0.813853255348412, 0.840433620647853, 0.840415587653316, 0.739095914979367, 0.834590325959977, 0.766773203493982, 0.810033887254091, 0.742107257162054, 0.60719426484955, 0.833978110832598, 0.832373174318813, 0.855759684725496, 0.76218174115312, 0.855652225540174, 0.737092170564055, 0.661787224902807, 0.760061705750692, 0.750424900334964, 0.762186946207409, 0.865209376834782, 1, 0.786026094851268, 0.477461141079538, 0.486473373561575, 0.477383333913165, 0.521874223859244, 0.486711832210004, 0.754508718768163, 0.579118772891325, 0.836427038504104, 0.834605773217867, 0.76670073570588, 0.820882865861251, 0.753526541814317, 0.80608362043965, 0.811552251961701, 0.834585456715642, 0.85562670398366, 0.773311994177861, 0.83419648804577, 0.80141989179666, 0.835339081414706, 0.859313259241121, 0.844134246342392, 0.845036903499099, 0.840442653935619, 0.836255439617542, 0.762193360177533, 0.838717396715268, 0.780042028630619, 0.836247413759638, 0.477606849018636, 0.786673704347812, 0.832387815632813, 0.840429523766412, 0.855627409184563, 0.848950029732613, 0.840432713960977, 0.855647994334752, 0.841497197934581, 0.882902766765077, 0.791990247541636, 0.766305756037829, 0.855646852580908, 0.754563556533673, 0.750601603532828, 0.834199409592371, 0.56897882342132, 0.754497804944654, 0.754523796635104, 0.762223583073405, 0.868965108942794, 0.830451669761267, 0.778228419811337, 0.835460342389143, 0.762187550665327, 0.754485514300333, 0.832341574602129, 0.764779634120279, 0.764333309110242, 0.754490652192631, 0.832348760935147, 0.849826762360862, 0.998862208713409, 0.817465764510986, 0.853586692093301, 0.762215456472515, 0.754506300936493, 0.871185685845489, 0.855646516770954, 0.855622976493169, 0.843582544168747, 0.778644051791566, 0.76140890812468, 0.796100225570262, 0.834532432323884, 0.535921221402592, 0.754494648331085, 0.76906749068161
0.842263180439957, 0.882519070311485, 0.790641500441859, 0.819448823033124, 0.83839290355659, 0.838392601327631, 0.792254832204497, 0.789547465192291, 0.789768629628082, 0.783529952300211, 0.798318384641288, 0.798330104408688, 0.798319627138119, 0.78049879733023, 0.810401599153866, 0.777922194714163, 0.832751397070152, 0.801946643290712, 0.768286698957256, 0.811912374556513, 0.83505095647406, 0.835081918151831, 0.483127195273623, 0.473753832766911, 0.473635761987039, 0.482139108064583, 0.481944707682136, 0.809855807235415, 0.763917274158067, 0.78341648211671, 0.783410202470567, 0.812574591786062, 0.798325235164353, 0.87887566663313, 0.799083829850738, 0.766616313083411, 0.612987154463311, 0.804251642815877, 0.755362179766591, 0.80307281555289, 0.810404822929426, 0.768290829419692, 0.811941220631573, 0.684646916653447, 0.810069080137285, 0.761738102622716, 0.810405595292321, 0.773346985575082, 0.786026094851268, 1, 0.473597278166295, 0.487614825176666, 0.473551238621583, 0.519832935891059, 0.487759189875948, 0.835076746678537, 0.619950610415186, 0.796734671316605, 0.798326108270234, 0.87886424909469, 0.79876423951739, 0.82118348293219, 0.761074307086383, 0.796573952672557, 0.798327955224981, 0.76826383029938, 0.879361885865719, 0.779493818880498, 0.803912038209262, 0.779162273712783, 0.769742099298466, 0.801487624664408, 0.773878203341524, 0.783425313918503, 0.789800867383679, 0.810409121296839, 0.81761560291252, 0.820259804072354, 0.810283561954989, 0.473714912393228, 0.806362879997507, 0.755391731042554, 0.78340674362804, 0.768265341444174, 0.774217640043161, 0.783410068146586, 0.768291904011545, 0.779625725030481, 0.787847830271441, 0.80276151972541, 0.860043310081404, 0.768290023475802, 0.835132524711919, 0.852350709976121, 0.779468263742989, 0.583942481396464, 0.835066571636927, 0.835102033168084, 0.810416038981894, 0.785685079842846, 0.797719299683116, 0.867078125648533, 0.782195477123484, 0.810372484430843, 0.835038699410734, 0.755379876951173, 0.835969094469653, 0.825776154188887, 0.835035777864133, 0.755380682895063, 0.76793678498505, 0.786053765591488, 0.777190901377049, 0.776345331912544, 0.81039542025071, 0.835059015912959, 0.778752081853811, 0.768301911148179, 0.768244588389008, 0.763277791262413, 0.875389791404259, 0.811526428176228, 0.822053868752306, 0.79828520661782, 0.532325804966683, 0.835058982331964, 0.828796025944408
0.467862819484553, 0.465925397535182, 0.47166119945674, 0.482040279195082, 0.47137633187265, 0.471469519134921, 0.488756646182707, 0.49605184878827, 0.476190839185046, 0.476860645719558, 0.468647708090347, 0.468645323839673, 0.468641159796241, 0.46257314108706, 0.460813496927406, 0.525967680038127, 0.470897567621043, 0.482125407018455, 0.477490457288533, 0.464569161873427, 0.465381418990483, 0.46541372390807, 0.945072136679487, 0.995279049340825, 0.995206178580779, 0.937910989407614, 0.938083494981052, 0.486471694511804, 0.463523651162232, 0.477109984610501, 0.477140241087369, 0.46126687394648, 0.468598209703108, 0.470499867892364, 0.466241293959034, 0.521419906572298, 0.597199250955749, 0.468172906396199, 0.467088273825347, 0.476959038036119, 0.460796840753681, 0.468640689662305, 0.464581754746707, 0.592075596999578, 0.462191660979165, 0.53599415932463, 0.460786732874062, 0.472656439417802, 0.477461141079538, 0.473597278166295, 1, 0.916077835105761, 0.995312193783298, 0.669692224804078, 0.915995192276049, 0.465452812186731, 0.594412599213372, 0.473996321134791, 0.468639917299411, 0.470425183758565, 0.46955523449139, 0.468088315868753, 0.486817444440579, 0.466314063976095, 0.468650360988984, 0.468616444183617, 0.472348065136922, 0.465574711200081, 0.472808796393992, 0.46647619302195, 0.472793819270038, 0.468159843388983, 0.483151205685343, 0.477113577777011, 0.476203331315339, 0.460790930498488, 0.475232571899933, 0.46640510205466, 0.473979161246134, 0.995159333092177, 0.467119537732077, 0.467138779642448, 0.477105551919107, 0.468582896769199, 0.469311201397722, 0.477120562624057, 0.468592870324837, 0.472696367221349, 0.473414328903284, 0.467849454248379, 0.473803834869082, 0.468605362455131, 0.465442972955075, 0.464823134941738, 0.465569036011857, 0.604771228125508, 0.465443980384938, 0.465431353930662, 0.460806041946424, 0.472751641539799, 0.469453584818274, 0.466676873050539, 0.469047120449792, 0.460813731994374, 0.465426585429314, 0.467137940117563, 0.467724197135487, 0.464064305188385, 0.465495392888915, 0.46715802155282, 0.475370489048096, 0.477491901271336, 0.486264768418068, 0.474005287260566, 0.460842443745452, 0.465449051115245, 0.483095192584994, 0.468650360988984, 0.468588739862401, 0.476998462124734, 0.471971286368386, 0.461018811133363, 0.476154840357963, 0.468651267675861, 0.663837579739753, 0.465486896897076, 0.461718605496779
0.481936312433283, 0.478923828496752, 0.484347797294903, 0.493972244904319, 0.481626695655573, 0.481728009518735, 0.49489347235149, 0.508464157055898, 0.486629458028256, 0.487021079596765, 0.480368986634361, 0.480355386331218, 0.480361095100439, 0.474894780667072, 0.472995305242517, 0.540051515933444, 0.483895931420623, 0.492480812155031, 0.486694840226325, 0.477499289090327, 0.477526691182584, 0.477564033249484, 0.965992055811077, 0.915932765205575, 0.916002277866081, 0.907423643196819, 0.907574119637266, 0.5009129665223, 0.473927547256184, 0.487229449673304, 0.487245199160153, 0.473791678548742, 0.480311831780168, 0.484651000102489, 0.475411357119514, 0.529025699804438, 0.607452972838213, 0.478975408905707, 0.475945026298621, 0.487785786024315, 0.47297522380726, 0.477456473321175, 0.477517254922873, 0.603288056301091, 0.47375208655515, 0.544514631709835, 0.472969347133063, 0.482467630942711, 0.486473373561575, 0.487614825176666, 0.916077835105761, 1, 0.916070145057811, 0.677059122834848, 0.995055903626304, 0.477602920042172, 0.604039632559435, 0.485701346477025, 0.480361397329397, 0.484586390267314, 0.479813724875203, 0.481599864440238, 0.49386995719229, 0.476440513885943, 0.480371169399063, 0.477434712836147, 0.485994273500014, 0.474595540416944, 0.48320745385266, 0.475780244354128, 0.481144304656462, 0.480082607905477, 0.492101783459802, 0.487232639867868, 0.486647994737724, 0.472975693941196, 0.487964033947969, 0.478359432706842, 0.48745101708104, 0.916017288571031, 0.481465103905644, 0.476000502103043, 0.487230658589139, 0.47740526230317, 0.478951935789913, 0.487222968541189, 0.477412347893202, 0.481022204157139, 0.485586130081762, 0.480471442251367, 0.486101430456378, 0.47742275800178, 0.477590864464819, 0.475932970721267, 0.474599603717389, 0.614430096255222, 0.477589588386993, 0.47758690190736, 0.472987044317646, 0.481506039139053, 0.478229944388528, 0.47970136286455, 0.478384819939374, 0.472993794097724, 0.477572730727296, 0.475995968668663, 0.481421918745543, 0.478795784161241, 0.477629650514521, 0.476010274172709, 0.483432379359938, 0.486508835092731, 0.497448683873479, 0.484004330873816, 0.473028953399921, 0.477584114684741, 0.494089778388265, 0.477464129788129, 0.477405665275115, 0.486333407972692, 0.485673239183864, 0.473326749667246, 0.487473952900908, 0.48037214324793, 0.672920936770075, 0.47763156463126, 0.475164671127208
0.46781422778419, 0.465871500037544, 0.471629331092093, 0.481970262819646, 0.471345269451892, 0.471440605897871, 0.488772664317519, 0.496006548025458, 0.476113434990618, 0.476821993993838, 0.468586691421681, 0.468585583248832, 0.468581620691374, 0.462553026070807, 0.460758659161896, 0.525929834256296, 0.47087577355502, 0.482072113978734, 0.477414597819895, 0.464521577602927, 0.465354319127184, 0.465383937565139, 0.945167204477502, 0.995273172666628, 0.995273239828619, 0.937900747204013, 0.938133631407204, 0.486403088538175, 0.463463373275465, 0.477049639561744, 0.477079493066666, 0.461219961295888, 0.468537931816341, 0.470472902353047, 0.466196731978121, 0.521373598379623, 0.597108683011119, 0.468112091213506, 0.467015570970277, 0.476909438905894, 0.460742204474144, 0.468597269435236, 0.464533566018289, 0.592012296823224, 0.462141793200977, 0.535958059754561, 0.460731156326653, 0.472599318144604, 0.477383333913165, 0.473551238621583, 0.995312193783298, 0.916070145057811, 1, 0.669640275004174, 0.915917989567594, 0.465425846647414, 0.594368843176348, 0.473953841175593, 0.468579505088663, 0.470399024163138, 0.469512821694183, 0.468032537835372, 0.486724794474234, 0.46627997926575, 0.468590754722126, 0.468573023956548, 0.472326002422936, 0.465514433313315, 0.472759062939785, 0.466428541589458, 0.47272695950817, 0.468098625234345, 0.483097308187705, 0.477053434214226, 0.476124785367068, 0.460736965838859, 0.475181562367901, 0.466384315418499, 0.473927412932203, 0.995198589275815, 0.467080818844365, 0.467065136519507, 0.477045139708358, 0.468539409380139, 0.469270736298249, 0.477061023519189, 0.468548979963832, 0.472644551745426, 0.473368692330517, 0.467811004008631, 0.473765183143361, 0.468562882495933, 0.465416343225713, 0.464781998222356, 0.465506004483466, 0.604680995990832, 0.465418089437474, 0.46540150042574, 0.460751942962814, 0.472720713443023, 0.46944475301648, 0.46661719962169, 0.469013707359356, 0.460757618151038, 0.465398813946107, 0.467065237262493, 0.467667747482198, 0.464007654049123, 0.465467890053672, 0.46708444559187, 0.475287107436485, 0.477415638830753, 0.486216445365668, 0.473949106255239, 0.460787807465915, 0.465420003554213, 0.483024504589649, 0.468606672113952, 0.468544513691442, 0.476929386017169, 0.471922358858069, 0.460962428642064, 0.47610141299426, 0.468591124113076, 0.663803360705427, 0.465459125413869, 0.461686535646159
0.52294982314233, 0.52007965546436, 0.526694607845837, 0.527007918533042, 0.519519054326931, 0.519602368776552, 0.545536400657274, 0.550564080128553, 0.51994882390623, 0.521752526331866, 0.521957068174928, 0.521943199223822, 0.521950587042813, 0.516216632076003, 0.521887454771436, 0.571574970176718, 0.525321816753344, 0.526487983981059, 0.518428712986859, 0.527413576957634, 0.531923773289596, 0.531926862741174, 0.674070615729043, 0.66974434250896, 0.6696964560095, 0.672960226534709, 0.672887523679639, 0.530384017487908, 0.519203359389052, 0.522437209247346, 0.522443085921544, 0.528228654878305, 0.521922546911643, 0.518233439498531, 0.514022617740679, 0.552643448945537, 0.805691965290146, 0.524268615994198, 0.509160694062759, 0.522610252116711, 0.521867104688216, 0.516363313863968, 0.527461698524062, 0.711571554317865, 0.522368401787745, 0.588221472575005, 0.521872847038432, 0.515868195667595, 0.521874223859244, 0.519832935891059, 0.669692224804078, 0.677059122834848, 0.669640275004174, 1, 0.677102475899927, 0.531958428876862, 0.784959025141017, 0.530420117057977, 0.521952635483533, 0.518145322966567, 0.520876465323525, 0.528997995483222, 0.525775093029432, 0.520997356907013, 0.521964758222878, 0.516342426484821, 0.521699300454136, 0.510463703846784, 0.516886539353501, 0.514683055177471, 0.521409026329784, 0.518112447172057, 0.523868431271859, 0.522442347139645, 0.519947614990395, 0.521866097258354, 0.517163078850729, 0.513333670038781, 0.525830904643808, 0.669686213805899, 0.527604216268595, 0.509234505090677, 0.522428948322475, 0.51632412484232, 0.519124914183766, 0.522435227968617, 0.516315225878536, 0.519542661766707, 0.519972901479941, 0.528230434671061, 0.523415255738757, 0.516341754864912, 0.531932537929399, 0.51734676689564, 0.510474953480247, 0.838360565058007, 0.531961954881381, 0.531938515346582, 0.5218869846375, 0.516326206864036, 0.51163762828444, 0.517757596793525, 0.513766260421694, 0.521898099946982, 0.531925821730316, 0.509235881911489, 0.522792126787869, 0.523854461577767, 0.531987039884954, 0.509245418914187, 0.514278975059663, 0.521916603075455, 0.536893760610755, 0.521357311596848, 0.521912237546051, 0.531957152799036, 0.530297915815668, 0.51637728355806, 0.516319557826944, 0.517738321302158, 0.519013492440985, 0.522099619500457, 0.523227672298379, 0.521956866688955, 0.922289815542279, 0.531986804817986, 0.528146784411487
0.482122384728868, 0.479046499872997, 0.484530847300901, 0.494158720171849, 0.481761456190166, 0.481863844645181, 0.495037971374754, 0.50859394760317, 0.486839977288501, 0.487236837492295, 0.480575610499138, 0.480563689245767, 0.480568659233088, 0.47505512992017, 0.473138058054019, 0.540210589108716, 0.484052385278253, 0.492722158769066, 0.486918120264828, 0.477616251697351, 0.477666018732554, 0.477698323650141, 0.965974963084412, 0.915866577063616, 0.915889210654524, 0.90734449279063, 0.90746514930715, 0.501091046540976, 0.474140820158054, 0.487432648276549, 0.487448397763398, 0.473916364784712, 0.480518791454899, 0.484819274470505, 0.475602332240429, 0.529106596422388, 0.607556973181008, 0.479176659811218, 0.47618187305927, 0.487957082681918, 0.47311542446311, 0.477686066586816, 0.477632269832164, 0.603416839418501, 0.47390444353134, 0.544684585127622, 0.473110420894794, 0.482711529712398, 0.486711832210004, 0.487759189875948, 0.915995192276049, 0.995055903626304, 0.915917989567594, 0.677102475899927, 1, 0.477730494243747, 0.604090709253458, 0.485913611949032, 0.480568759976074, 0.484749627486018, 0.479995700289347, 0.481739930772106, 0.494073088633545, 0.476606504746271, 0.480577323129905, 0.477665649341604, 0.486149048307874, 0.474820835315172, 0.483401988559089, 0.475989017402612, 0.481372689006267, 0.480307298345787, 0.492354883422231, 0.487436308605049, 0.48685938710385, 0.473117707970798, 0.488210887845251, 0.478560885098326, 0.487669797266158, 0.915797500956051, 0.481626124778651, 0.47623708021573, 0.487434260164329, 0.477635728674691, 0.479174947180452, 0.487426032820453, 0.477641336700925, 0.481235141249055, 0.485815454699439, 0.480648649164162, 0.486254056080531, 0.477652216943439, 0.47772784134511, 0.47606685814998, 0.474821674840057, 0.61446693460719, 0.47772703540122, 0.47772542351344, 0.473135304412395, 0.481736304024602, 0.478468671684921, 0.479841765006373, 0.478614614690987, 0.473136009613299, 0.477710446389486, 0.476235501908945, 0.481555470364301, 0.478945857629743, 0.477767231852729, 0.476247994039239, 0.483684404730515, 0.486747293741161, 0.497630054829706, 0.484218409719576, 0.47317150472545, 0.477725389932444, 0.494320916379695, 0.477696342371412, 0.477634922730801, 0.486570993515241, 0.485833722760943, 0.473473465036206, 0.487682927435364, 0.480579371570625, 0.672974834267713, 0.477773108526927, 0.475310446228297
0.797135359753876, 0.819636171406535, 0.775622736053242, 0.777931698135865, 0.800987435737728, 0.800964029783925, 0.810873479301413, 0.80462815293645, 0.768463905870052, 0.756427335360103, 0.786305253666138, 0.786312742228115, 0.786302197795555, 0.786763063376607, 0.83747788859357, 0.746575477249749, 0.78990943474185, 0.784243615614733, 0.736220810895072, 0.923772819461718, 0.998663812192507, 0.998678117696553, 0.473187959413203, 0.465625082693201, 0.465537100485219, 0.472145739639558, 0.471978002567469, 0.775646108426049, 0.772006264333208, 0.75651279899343, 0.756496780858618, 0.894999145027857, 0.786307671497808, 0.799085811129467, 0.788165036354114, 0.792465620112706, 0.631183083989965, 0.805337114911614, 0.722225729570632, 0.777113295696649, 0.837483395876818, 0.723698625610452, 0.923772382908778, 0.677983103923644, 0.876496184460139, 0.733596221036559, 0.837480272844245, 0.743249884111985, 0.754508718768163, 0.835076746678537, 0.465452812186731, 0.477602920042172, 0.465425846647414, 0.531958428876862, 0.477730494243747, 1, 0.679059408407634, 0.775914924294332, 0.786310693787395, 0.799035036664402, 0.815345258974622, 0.853144396802713, 0.736727883925812, 0.822640260094212, 0.786305354409124, 0.723676663639452, 0.839482640438745, 0.750346522291669, 0.792406047426843, 0.756443185589938, 0.733674834146822, 0.767620317684276, 0.735037416616709, 0.756521899443187, 0.768462831278199, 0.837484537630662, 0.769739513561819, 0.770708291698496, 0.786340110739377, 0.465641705285931, 0.814693317529669, 0.722253601796825, 0.756499568081237, 0.723663264822282, 0.731994306812362, 0.756502825437792, 0.723679148633112, 0.751061260198045, 0.757552735259387, 0.849277175789929, 0.803223459898314, 0.723697886828553, 0.99871643361232, 0.835726102386843, 0.750329429565004, 0.609427904759461, 0.998613742928346, 0.99865632363053, 0.83749172396368, 0.75539629805793, 0.768679663765582, 0.8064500562616, 0.753740352012113, 0.837454818449721, 0.998560013335685, 0.722229457061123, 0.825435004856484, 0.807933429571989, 0.998584964015277, 0.72224631472082, 0.730006714855843, 0.754535382078521, 0.74744062443458, 0.751947395505009, 0.837462575659662, 0.99855756192302, 0.753371431196503, 0.723718841369691, 0.723651377149906, 0.733515156513632, 0.801303130675608, 0.862218552640292, 0.769413912230293, 0.786279329137679, 0.545716159725721, 0.998573983029777, 0.939991231330478
0.606855197538862, 0.598458538283745, 0.596189772652631, 0.581371553968622, 0.600273792571803, 0.600315332263129, 0.62299704473808, 0.65190551328753, 0.584922307680632, 0.577288742965285, 0.587378119456197, 0.587396824070643, 0.587358743221844, 0.624243907097773, 0.643311263455401, 0.642008656643322, 0.582910436664429, 0.588672566086392, 0.563363275044337, 0.670309477080769, 0.679065721634771, 0.679073915397652, 0.598706701839849, 0.594426098773528, 0.594400778702986, 0.601374376115477, 0.601296904759058, 0.5966219600636, 0.615593341936337, 0.577137393418958, 0.577134337548375, 0.663088757123033, 0.587366366107803, 0.598511260446544, 0.597056498144247, 0.650594880617546, 0.693494938067913, 0.61608077008476, 0.54663228286159, 0.589336126555757, 0.643310054539566, 0.565733388119608, 0.670309040527829, 0.762142149159528, 0.653060833853727, 0.65815708571764, 0.643300416793883, 0.566988847214127, 0.579118772891325, 0.619950610415186, 0.594412599213372, 0.604039632559435, 0.594368843176348, 0.784959025141017, 0.604090709253458, 0.679059408407634, 1, 0.598397689520056, 0.587382820795555, 0.598455918966103, 0.639686329324524, 0.630170650559251, 0.564817533631703, 0.625234143490519, 0.587366668336762, 0.565710754528699, 0.630314108571656, 0.57208224469343, 0.591880659321204, 0.575708085511184, 0.567861046407995, 0.580763133493725, 0.568136544894366, 0.577133665928467, 0.584926807534017, 0.643324360043612, 0.591077704139879, 0.580084058604479, 0.593431899823324, 0.594519554683763, 0.614106677688397, 0.54665021511314, 0.577122080485049, 0.565692049914254, 0.566926285819673, 0.577128763103137, 0.565692284981222, 0.572081707397504, 0.57853610903991, 0.626701498666096, 0.59443399030745, 0.565716060325975, 0.679091075286308, 0.62118655895137, 0.572084696106096, 0.786749362330478, 0.67908798583473, 0.679093157308024, 0.643326240579356, 0.572639823541272, 0.579453004538673, 0.593307952369253, 0.579160111096679, 0.643301491385736, 0.679046278238427, 0.546661263260631, 0.614740283909854, 0.618768492214649, 0.679050878834799, 0.546675568764677, 0.558809960714265, 0.579146645117518, 0.572444516471948, 0.572231209989084, 0.643327852467135, 0.679063706775046, 0.586190426810422, 0.565747223489718, 0.565679154812016, 0.566437581593424, 0.595611172101661, 0.64104071803153, 0.573242165855999, 0.587360590176592, 0.804998148343913, 0.679072068442904, 0.68307677005091
0.827858847524416, 0.771713303729223, 0.862944708085108, 0.811642013962441, 0.766198095366535, 0.766224187799971, 0.7617623816824, 0.770066760362121, 0.864073533245924, 0.857821893653823, 0.835363964932307, 0.835366886478908, 0.835350431791155, 0.773384764194922, 0.773340302956995, 0.78301673394731, 0.794777369417949, 0.828639605667774, 0.821962931416727, 0.755232725029273, 0.775861530511625, 0.77590579026358, 0.482493958443115, 0.474145286430444, 0.47404588668402, 0.480799730062526, 0.480598143347061, 0.839134439097305, 0.807877450052635, 0.864285059936032, 0.864266758293532, 0.756187567052853, 0.835365912630041, 0.781636152063881, 0.792123799160395, 0.742882105050219, 0.627428023501861, 0.838300186428254, 0.805192716631337, 0.857204943606091, 0.773330698792307, 0.818728107709565, 0.755272249860874, 0.68308812042736, 0.772902608262779, 0.775244614044889, 0.773331739803164, 0.826250116358149, 0.836427038504104, 0.796734671316605, 0.473996321134791, 0.485701346477025, 0.473953841175593, 0.530420117057977, 0.485913611949032, 0.775914924294332, 0.598397689520056, 1, 0.835369405053564, 0.78151579777632, 0.817829345948325, 0.769849323416821, 0.792374179062196, 0.802160520650499, 0.835364871619183, 0.818705809928611, 0.785182674570469, 0.860199730358039, 0.818823444155543, 0.873201788067114, 0.823229740887696, 0.804131221366325, 0.816312525966505, 0.864293891737826, 0.864081659846814, 0.773342519302692, 0.823617097669788, 0.786696505843698, 0.840314878248071, 0.474180445732641, 0.80047522481469, 0.805235767467457, 0.864273843883564, 0.818703089867982, 0.815455270315596, 0.864283011495312, 0.818737913360226, 0.875171548515069, 0.830178253296613, 0.810035868532821, 0.79095931098245, 0.81873173445707, 0.775976008124989, 0.752043302827909, 0.86020345784853, 0.574991232002098, 0.775913077339585, 0.775930337971227, 0.773361660470077, 0.834276679462817, 0.8237956478224, 0.799165364507601, 0.859669620764446, 0.773317770109072, 0.775881309717924, 0.805208734766149, 0.770415532580483, 0.784590574459343, 0.775913043758589, 0.805221361220425, 0.817772023189155, 0.836432881597306, 0.828717278510164, 0.862989706618962, 0.773356086024839, 0.775906394721497, 0.831549969797253, 0.818727301765675, 0.818677769797441, 0.82252430491705, 0.801015039315958, 0.774516779550302, 0.800881420535208, 0.835323130441884, 0.545149413266132, 0.775908778972172, 0.79203239169088
0.840587421606845, 0.772958117648197, 0.848023563650158, 0.817943454170739, 0.774527021753903, 0.774552173919468, 0.762438803673009, 0.761526542351613, 0.85591969816864, 0.823877115317273, 0.999053486063282, 0.999043646831626, 0.999042639401764, 0.768472502604878, 0.76998982630163, 0.767010856198521, 0.800098513208144, 0.827292571198762, 0.833466672272454, 0.763441162805098, 0.786277381439945, 0.786311499731285, 0.475386574344899, 0.468789016919046, 0.468699355661292, 0.474651217707339, 0.474429683880598, 0.815625425219354, 0.787652187392163, 0.855348183207702, 0.855335523172432, 0.744112747789128, 0.999040389475071, 0.783062236196095, 0.79248711194977, 0.735764579491388, 0.61034036756683, 0.885152156161837, 0.807974465548384, 0.861766753928003, 0.769980759432868, 0.805004797381005, 0.763496806514498, 0.678403403662236, 0.778648215834998, 0.76847189814696, 0.769981464633772, 0.816598703209416, 0.834605773217867, 0.798326108270234, 0.468639917299411, 0.480361397329397, 0.468579505088663, 0.521952635483533, 0.480568759976074, 0.786310693787395, 0.587382820795555, 0.835369405053564, 1, 0.782945172846085, 0.82829758322949, 0.778571080288533, 0.803827884234757, 0.798615072735764, 0.999061176111232, 0.804984984593711, 0.78465333733977, 0.843223093193844, 0.809573525387971, 0.851452418348817, 0.807691982214968, 0.814949506943677, 0.822756013785402, 0.855363328236634, 0.855906803066402, 0.769948790325235, 0.811021168519241, 0.785729876890728, 0.848203826433536, 0.468841638338858, 0.800366858942491, 0.808008449515742, 0.855343683354317, 0.804984615202761, 0.8054924270154, 0.855342373695496, 0.805027296647932, 0.848817619867699, 0.835576969186213, 0.801938046555886, 0.78079948156316, 0.805023334090473, 0.786369964244299, 0.754657482577844, 0.84322883554406, 0.569495534197744, 0.786317577891455, 0.786333159473326, 0.77001340016041, 0.854008704462659, 0.810081471524592, 0.786538137869329, 0.842919991129244, 0.769981464633772, 0.786283929734051, 0.807975708045214, 0.769462806159614, 0.786251859883431, 0.786299477734927, 0.807971006705856, 0.802975800057141, 0.834608392535509, 0.835064254548244, 0.839381024346625, 0.770008833145034, 0.786300082192844, 0.836284050625634, 0.805018968561069, 0.804967287409128, 0.806731129193209, 0.803510610990093, 0.774342729251075, 0.827647253672317, 0.998970675328593, 0.535625070604043, 0.786310391558436, 0.799945182383087
0.817724774728608, 0.857377885732469, 0.787273830316842, 0.794222544211731, 0.855047901946717, 0.855016436554015, 0.782329666781155, 0.778462949483303, 0.787703431991164, 0.771511683432762, 0.782949471213498, 0.782963474488585, 0.782933251592713, 0.770041843263525, 0.804430663102425, 0.747543449442535, 0.818935604680224, 0.7952638572985, 0.762059472748821, 0.785771550906035, 0.799019320758549, 0.799043566237237, 0.479386171641602, 0.470597655751007, 0.470505375175612, 0.477890742753859, 0.477702386950586, 0.787119424899932, 0.746431146131463, 0.780133503262125, 0.78011641053546, 0.786341689046161, 0.782943896768259, 0.998620559870415, 0.787952703720116, 0.753867993375679, 0.612172177285627, 0.793063428993052, 0.749403332873498, 0.775975672315035, 0.804420991775746, 0.750899265476171, 0.78579260619016, 0.689294425675653, 0.803379242136036, 0.7732326422857, 0.804427069935915, 0.757840054256143, 0.76670073570588, 0.87886424909469, 0.470425183758565, 0.484586390267314, 0.470399024163138, 0.518145322966567, 0.484749627486018, 0.799035036664402, 0.598455918966103, 0.78151579777632, 0.782945172846085, 1, 0.789245739948503, 0.807429076601877, 0.753611233084749, 0.779208649067449, 0.782939833467814, 0.750884959972125, 0.860069167447873, 0.786476953295686, 0.803266309248461, 0.787699670919677, 0.763965395724495, 0.77889221534767, 0.767484751205793, 0.780137700886552, 0.787731304217357, 0.804443826852627, 0.798460633737859, 0.895365815916774, 0.793033239678176, 0.470545034331195, 0.786807356709557, 0.749428317134085, 0.780120540997896, 0.750872165612873, 0.755465844299431, 0.780117417965322, 0.75088133322462, 0.775339480356931, 0.765359342844098, 0.785294129894245, 0.852695351732047, 0.750894631298804, 0.799094239959316, 0.841246985937757, 0.786459323273094, 0.573405134426739, 0.799025130270756, 0.79905965153404, 0.804448595353975, 0.759632439886324, 0.776508031835321, 0.829744621902842, 0.793996342626628, 0.8044103466002, 0.799010287470783, 0.74942022411419, 0.875334987219745, 0.815874696948307, 0.799008977811962, 0.749421768839979, 0.751786710441957, 0.766714235266036, 0.764646216825502, 0.780396106646257, 0.804424014065333, 0.799036648552182, 0.759924258736465, 0.750912093416419, 0.750853830389377, 0.767165966816335, 0.887175478297476, 0.804945123952155, 0.804682453406033, 0.782909308342983, 0.529474140417186, 0.799014720162177, 0.808672782348002
0.814736334784793, 0.789080252803106, 0.820207316976523, 0.801607206589075, 0.789140161298924, 0.789150470664515, 0.80743703529779, 0.841595220860192, 0.815770092147595, 0.809121860999663, 0.82828294191549, 0.828276662269347, 0.828273908627723, 0.831969362848969, 0.869093959222194, 0.766170290302332, 0.798197392314815, 0.817734177407324, 0.867943843710286, 0.813648008304446, 0.815311140683282, 0.815338542775539, 0.474577373098426, 0.469694461298373, 0.469608426788124, 0.47810290748288, 0.47792287976647, 0.810420538835279, 0.834566617777215, 0.817806880262394, 0.817787571190031, 0.830580687945645, 0.828288113388783, 0.789337013094036, 0.831038464075118, 0.802818876065575, 0.624050111173243, 0.867993577164493, 0.793463949525346, 0.831229842167978, 0.869094765166084, 0.790337122299433, 0.813697137300735, 0.671568092788857, 0.857333424494542, 0.75411229511731, 0.869103932777832, 0.822951320854725, 0.820882865861251, 0.79876423951739, 0.46955523449139, 0.479813724875203, 0.469512821694183, 0.520876465323525, 0.479995700289347, 0.815345258974622, 0.639686329324524, 0.817829345948325, 0.82829758322949, 0.789245739948503, 1, 0.815739567022764, 0.778389709332306, 0.824385296520861, 0.828271154986099, 0.790310593313057, 0.808159799062069, 0.799181651290377, 0.803858275035606, 0.804990794105917, 0.806209213362496, 0.796202614025277, 0.792176521323193, 0.817812286802655, 0.815790643716788, 0.869115383897268, 0.835603162362635, 0.784470488819745, 0.81930345090398, 0.469712091320965, 0.829983248456248, 0.793504381043824, 0.817795731371917, 0.790310962704006, 0.790222846172042, 0.81779966034838, 0.790329331508497, 0.804881487965847, 0.825002683121533, 0.822048529374035, 0.795169897673334, 0.790328525564607, 0.815393917836976, 0.813990165066711, 0.799195251593519, 0.596219189604613, 0.81533817338459, 0.815372560323893, 0.869110884043883, 0.812769260816472, 0.805242080694595, 0.788797433659736, 0.80934305901645, 0.869063031125419, 0.815299286591901, 0.793473452947048, 0.807499361625277, 0.82383218394541, 0.815320006066071, 0.793461363788699, 0.79975890860153, 0.820854993635058, 0.807065327259561, 0.804615123510229, 0.86907569116069, 0.815328602800897, 0.816187403177595, 0.790339405807121, 0.79029497815019, 0.789103759499896, 0.791123018335089, 0.859048876064232, 0.779099309346383, 0.828236868789783, 0.534120809914507, 0.815324270852488, 0.847029666928912
0.795370947092873, 0.859517834665178, 0.776802033450164, 0.820848411759957, 0.838089667168009, 0.838047858828719, 0.891311380854561, 0.86514298720685, 0.762214012489712, 0.753718356460117, 0.778574572712056, 0.778576218180832, 0.778558554577244, 0.84555700595606, 0.911385428292687, 0.748257146338053, 0.830596437432494, 0.774923680471724, 0.733297383758377, 0.883124636401772, 0.853131367376493, 0.853157762038888, 0.475935019161988, 0.468252728422296, 0.468157694205277, 0.473875295227321, 0.473671559328149, 0.772812879843034, 0.817104802391289, 0.757720976046407, 0.757704017643724, 0.898969627601537, 0.778563558145561, 0.807483813624401, 0.831131382689427, 0.814404823198074, 0.618086025644866, 0.806388804525966, 0.717184080405261, 0.766241515593604, 0.911402353114375, 0.722513552282319, 0.88314596033386, 0.667881201721442, 0.892152181817718, 0.744425554761402, 0.911390633346976, 0.738589379244554, 0.753526541814317, 0.82118348293219, 0.468088315868753, 0.481599864440238, 0.468032537835372, 0.528997995483222, 0.481739930772106, 0.853144396802713, 0.630170650559251, 0.769849323416821, 0.778571080288533, 0.807429076601877, 0.815739567022764, 1, 0.727770287723312, 0.794064310561344, 0.778562181324749, 0.722494343952943, 0.836262693112551, 0.74314185404974, 0.802498949922273, 0.748596314391727, 0.736235653695045, 0.754799563769437, 0.737708919125814, 0.757729673524219, 0.762213408031795, 0.911410614039247, 0.763774118374621, 0.780954457856992, 0.781079782131875, 0.468236777449475, 0.919166346415907, 0.717225720839573, 0.757709491345976, 0.722482019727626, 0.730108263785972, 0.757710330870861, 0.722498306510401, 0.749708752026781, 0.748875271720624, 0.836253391176822, 0.857674372340973, 0.722504888385502, 0.853204070231562, 0.878400697034006, 0.743135977375543, 0.67073330282388, 0.853145773623525, 0.853183048528434, 0.911401748656458, 0.75397501600806, 0.763333434971813, 0.835424746534005, 0.749982907273335, 0.911345634813122, 0.853112998572002, 0.717219508355422, 0.930740372295034, 0.905375269638603, 0.853107995003685, 0.717226493202468, 0.7339070803111, 0.753549914187124, 0.786667659768638, 0.749734273583295, 0.911360376870109, 0.853112964991006, 0.759473904006978, 0.72253799924698, 0.722471273809094, 0.731557317319049, 0.810096247162574, 0.910333604354354, 0.802211933154476, 0.778534611327515, 0.541177083737704, 0.853130192041653, 0.869039222199671
0.776451212791082, 0.738025621493556, 0.796240997103035, 0.773274417043994, 0.741274448475806, 0.74128818310293, 0.72436319350968, 0.744735641673048, 0.809758120119758, 0.820440167598718, 0.803822847085445, 0.80382288066644, 0.803812806367816, 0.744517365202862, 0.723813136804811, 0.753329958667168, 0.756741687058166, 0.800172089169095, 0.825169211277788, 0.719029020293264, 0.736675094601022, 0.736713041125839, 0.491272064225131, 0.486957678677425, 0.486880643873947, 0.490571766146784, 0.4903629930983, 0.788522942603228, 0.760124032078179, 0.815786949807292, 0.815773752476095, 0.714891908820344, 0.80381431751261, 0.753712580528906, 0.850463625938874, 0.717120410837957, 0.597442780334486, 0.80338968582561, 0.888335332298054, 0.803213318437699, 0.723811189107077, 0.813686021991254, 0.719087081834334, 0.660086851200057, 0.726567785858559, 0.730154706302629, 0.723793760570458, 0.827987764965807, 0.80608362043965, 0.761074307086383, 0.486817444440579, 0.49386995719229, 0.486724794474234, 0.525775093029432, 0.494073088633545, 0.736727883925812, 0.564817533631703, 0.792374179062196, 0.803827884234757, 0.753611233084749, 0.778389709332306, 0.727770287723312, 1, 0.776961039463446, 0.803821940398569, 0.813660769082703, 0.756485934197099, 0.809880724334012, 0.810855043334931, 0.811987629567234, 0.814576153436672, 0.798140606851571, 0.845198461668032, 0.815804378343912, 0.809768933200281, 0.723808435465453, 0.80059588133121, 0.823600911629999, 0.798651037981852, 0.486939712844879, 0.740643730219954, 0.888360853854568, 0.815789569124934, 0.813667921834726, 0.821340977800678, 0.815790811621765, 0.813709125716098, 0.813997485723711, 0.80333323617232, 0.758657986561423, 0.74287323966743, 0.813699588713401, 0.736777550218028, 0.726584039060339, 0.809873235772035, 0.549160293777294, 0.736736581403624, 0.736759886614441, 0.723832613782151, 0.845408544375338, 0.855209426534655, 0.749798178217566, 0.818419565523708, 0.723805782566816, 0.736711932952991, 0.888314075527957, 0.727393609697762, 0.730274556875259, 0.736716936521307, 0.888286270463755, 0.837552606308365, 0.806089194884889, 0.783966203011624, 0.818516748924434, 0.723824285695288, 0.736728219735766, 0.796523614760433, 0.813690723330611, 0.813660466853744, 0.835689096129898, 0.772139446561017, 0.72667591666379, 0.780999221323878, 0.803770326408619, 0.539776621904991, 0.736735305325798, 0.738146479496049
0.804621000184427, 0.775340185557835, 0.801864235527968, 0.779489151122136, 0.766273451120242, 0.766333729007009, 0.788529725964302, 0.784563474596044, 0.796670901006315, 0.798201657101232, 0.79860580438103, 0.798609330385549, 0.798595763663402, 0.82985416310988, 0.816658309476275, 0.764874332527345, 0.770598045290554, 0.793448065714516, 0.803668273763558, 0.807161771878388, 0.822564434206569, 0.822597679392028, 0.4732904821922, 0.46652904950873, 0.466393583773233, 0.473989504192722, 0.47376629131621, 0.792097001526055, 0.832961647682434, 0.799336862651177, 0.799324874235814, 0.805098152548254, 0.798612587742104, 0.779287094272734, 0.800643499182706, 0.758348571269685, 0.609887527843682, 0.846748224606353, 0.790237621810024, 0.806583406394386, 0.816648638149596, 0.864950400198155, 0.807222788547054, 0.664674653212418, 0.819672136652622, 0.746793048519031, 0.816652096992123, 0.800572072405462, 0.811552251961701, 0.796573952672557, 0.466314063976095, 0.476440513885943, 0.46627997926575, 0.520997356907013, 0.476606504746271, 0.822640260094212, 0.625234143490519, 0.802160520650499, 0.798615072735764, 0.779208649067449, 0.824385296520861, 0.794064310561344, 0.776961039463446, 1, 0.798599927706833, 0.86493293808054, 0.792997240851093, 0.787458391467633, 0.799294819244919, 0.790754668396401, 0.823579587697911, 0.835779764817513, 0.797493131679008, 0.799348783904548, 0.796720668041517, 0.816614989992192, 0.801268407926351, 0.78020301592263, 0.804222897483803, 0.466526799582038, 0.794966464003121, 0.790269993889602, 0.799343578850259, 0.864911278338498, 0.851235149308493, 0.799335418668374, 0.864938311039806, 0.792572575583097, 0.812658242045636, 0.86968686527721, 0.773600488509457, 0.864950937494081, 0.822683008701373, 0.791981986616764, 0.787469506777115, 0.593489927783398, 0.822635659497841, 0.822650569459804, 0.816680472933248, 0.809255345456431, 0.794630956277947, 0.773081326320368, 0.795260599941945, 0.81665505211972, 0.822617189950363, 0.790259818847992, 0.780046696388982, 0.787523807246698, 0.822631193225451, 0.790292661061506, 0.80783151125091, 0.811565214225931, 0.776870639423793, 0.793125520253571, 0.816670868768559, 0.822629917147625, 0.797599247624514, 0.864962892328448, 0.8649024801177, 0.792386771935476, 0.78582554914666, 0.826679818775457, 0.770152324738434, 0.798580282824516, 0.534204896727022, 0.822629547756675, 0.827227625553633
0.840563747005079, 0.772950091790293, 0.848003112823951, 0.817938652088395, 0.774514563204605, 0.774540185504105, 0.762435411992472, 0.761511464484672, 0.855906702323415, 0.823864052310057, 0.999061176111232, 0.999059194832503, 0.999066649813484, 0.768454536772332, 0.769979382612056, 0.76698926361847, 0.800092233562002, 0.827271717400611, 0.833441318620917, 0.763433741405112, 0.786271504765748, 0.786307167782877, 0.475393928582894, 0.468793281705463, 0.468709732188875, 0.474661594234922, 0.47443347853308, 0.81560517587912, 0.787635699123415, 0.85533055318511, 0.855321855707298, 0.744109490432573, 0.999031221863323, 0.783055620739999, 0.792478414471958, 0.735746143524906, 0.610336035618422, 0.885139361802585, 0.807954350532131, 0.861748989581429, 0.769971994793065, 0.804992876127633, 0.763489116466549, 0.678377445552781, 0.778642943618718, 0.768458163519836, 0.769974177557767, 0.816574558473714, 0.834585456715642, 0.798327955224981, 0.468650360988984, 0.480371169399063, 0.468590754722126, 0.521964758222878, 0.480577323129905, 0.786305354409124, 0.587366668336762, 0.835364871619183, 0.999061176111232, 0.782939833467814, 0.828271154986099, 0.778562181324749, 0.803821940398569, 0.798599927706833, 1, 0.80497313050233, 0.784640878790472, 0.843214731525986, 0.809559119140939, 0.851444056680959, 0.807661994386064, 0.814939936359984, 0.822740935918461, 0.855347041453858, 0.855891523713489, 0.769939219741542, 0.810994001493951, 0.785727828450007, 0.848189554510485, 0.46885194770445, 0.800354333231202, 0.807990618007177, 0.855324710091908, 0.804969537335821, 0.805471976189194, 0.855325751102766, 0.805013360534835, 0.848806034424281, 0.835577472901144, 0.801920618019267, 0.780782523160477, 0.805008524871496, 0.786362005548386, 0.754646031458408, 0.843217787396569, 0.569476023639409, 0.786309014737624, 0.786329297658854, 0.770001881878983, 0.85398482837492, 0.810066729467606, 0.786532194033141, 0.842897794091276, 0.769969946352345, 0.786279463461661, 0.807956130324888, 0.769449810314389, 0.786238125256307, 0.786293936870684, 0.807952436415393, 0.802952192617366, 0.8345894192731, 0.835049579653248, 0.839362252570189, 0.769999464047313, 0.786294944300546, 0.836266890736978, 0.805005838391863, 0.804951537922279, 0.806751244209461, 0.803495197313198, 0.77432973340585, 0.82763895916645, 0.998992603718598, 0.535623492297258, 0.786306798391927, 0.799944410020193
0.794471950264665, 0.731989001015086, 0.82070035315118, 0.770701071784482, 0.71968284227396, 0.719731836946268, 0.721923366287931, 0.732552893090065, 0.812849821624469, 0.839678484803995, 0.804976723668839, 0.804962518907779, 0.804962384583798, 0.827739232018754, 0.723550096867739, 0.781999968568188, 0.757244965436425, 0.803464000568459, 0.860271593688224, 0.706522080780562, 0.723618434193405, 0.723641940890195, 0.474939443390971, 0.468828138778702, 0.468705702469426, 0.476663357371505, 0.476445383130278, 0.809040359923795, 0.854712797193488, 0.829444307060861, 0.829429363517902, 0.705352454710319, 0.80497356705527, 0.750976904737567, 0.806008734819879, 0.718826627633909, 0.598599746369458, 0.804185454673917, 0.853320529123656, 0.824483285865477, 0.72353471677184, 0.999017352912218, 0.706575038010329, 0.649316452122164, 0.723838288970376, 0.739789597601618, 0.723543951545579, 0.855182628900315, 0.85562670398366, 0.76826383029938, 0.468616444183617, 0.477434712836147, 0.468573023956548, 0.516342426484821, 0.477665649341604, 0.723676663639452, 0.565710754528699, 0.818705809928611, 0.804984984593711, 0.750884959972125, 0.790310593313057, 0.722494343952943, 0.813660769082703, 0.86493293808054, 0.80497313050233, 1, 0.747185912584371, 0.819082017820225, 0.804204092126371, 0.820660291023652, 0.911382003031155, 0.908580877879755, 0.856696896726484, 0.82945602682826, 0.812892805298598, 0.723511478723014, 0.828192709780814, 0.779057299521122, 0.815048940271095, 0.468823336696358, 0.755653595644787, 0.853334095845803, 0.829453911225549, 0.999031826321241, 0.972139292088438, 0.829449915087095, 0.999014397784621, 0.827259997633211, 0.856229113460378, 0.760377904403503, 0.736204020397365, 0.999039919341135, 0.723725859797732, 0.721028164112205, 0.819067611573193, 0.548940036028378, 0.723681331397814, 0.723695301091906, 0.723567156013409, 0.861876362297031, 0.822316539298429, 0.748441606745858, 0.828418944946913, 0.723539854664138, 0.72365742172908, 0.853305316932733, 0.728886117038903, 0.735764277262429, 0.723675186075654, 0.853304040854908, 0.877368551558984, 0.855610517943871, 0.793563080623806, 0.825797746768937, 0.723554260911171, 0.72367404432181, 0.83546094684706, 0.998978600443511, 0.998983066715901, 0.846255255593687, 0.764664149077053, 0.722164813644952, 0.772370886781405, 0.804929911761233, 0.529371516895203, 0.723672130205071, 0.740976249236536
0.847733860402727, 0.884629904521171, 0.793705766273317, 0.825858024655704, 0.8439057612496, 0.843882758267742, 0.798642206180058, 0.807401405861657, 0.784389088486863, 0.779280747464601, 0.784642121287302, 0.784646990531637, 0.784632147731664, 0.781889722160247, 0.828308597795985, 0.763956798989669, 0.836866143600127, 0.811692251131579, 0.75092196622907, 0.83022395703137, 0.83946840209669, 0.839494326625149, 0.48129367292406, 0.472534439661466, 0.472421137382942, 0.481124357545186, 0.480946143202528, 0.785438461012531, 0.773172330817938, 0.780468205043409, 0.780449903400909, 0.828415754752349, 0.784644606280963, 0.860096636702121, 0.80173155701509, 0.778215323223125, 0.619361028878716, 0.808677550849351, 0.745671107462275, 0.787533008439441, 0.828318000474701, 0.747206128343609, 0.830234400720944, 0.682277240131116, 0.829069207342095, 0.757752777249064, 0.828308900024944, 0.760374512722966, 0.773311994177861, 0.879361885865719, 0.472348065136922, 0.485994273500014, 0.472326002422936, 0.521699300454136, 0.486149048307874, 0.839482640438745, 0.630314108571656, 0.785182674570469, 0.78465333733977, 0.860069167447873, 0.808159799062069, 0.836262693112551, 0.756485934197099, 0.792997240851093, 0.784640878790472, 0.747185912584371, 1, 0.763121337404783, 0.795119929152159, 0.770140739295017, 0.748561625223465, 0.802700368732762, 0.763852664322892, 0.780475021985478, 0.78441561747324, 0.828271725863022, 0.793331640403418, 0.81023406356775, 0.790577226416638, 0.472502504134828, 0.820350036207029, 0.745701733330092, 0.780455914399088, 0.747176140514705, 0.758194871053679, 0.780461119453377, 0.747181278407004, 0.772503128741343, 0.773185964702075, 0.808304801800264, 0.873642404307931, 0.747200218088417, 0.839540500493842, 0.857716953043157, 0.763109751961365, 0.600691338668771, 0.839473338503016, 0.839501613701154, 0.828320283982389, 0.779449357642571, 0.800183876098485, 0.864389899803712, 0.765970819189578, 0.828279415910971, 0.839463331366383, 0.74568497641338, 0.85297551797678, 0.834755242228451, 0.839457521854176, 0.745695722331913, 0.756237501993032, 0.77333059804932, 0.766613693765769, 0.776589264263226, 0.82831470953715, 0.839477133155497, 0.776266080763369, 0.747223523299233, 0.747158006777182, 0.754306829823739, 0.867116911698235, 0.825971763487169, 0.814358716491372, 0.784604443410448, 0.533233230624739, 0.839474950390795, 0.835943942304089
0.812535671412378, 0.746235503252185, 0.868578893914546, 0.791222518824499, 0.746743583712787, 0.746784451784205, 0.734003961482867, 0.745991167929558, 0.864525499863191, 0.841093957341659, 0.843213489029156, 0.843227492304243, 0.843195724682582, 0.75261992210015, 0.741891868657473, 0.767921572794128, 0.786456368145498, 0.835999653175479, 0.834698490346203, 0.726461166198122, 0.750283792992237, 0.750326373694421, 0.471310714607612, 0.465726430137358, 0.465598889516779, 0.473623773571676, 0.473423597258018, 0.8301922565717, 0.791368327506583, 0.86084948903829, 0.860828635240138, 0.721622010435093, 0.843210466739569, 0.786593143539816, 0.785948757818831, 0.719948064975734, 0.601909992992318, 0.824155568931239, 0.826457714071794, 0.853636862100448, 0.741880048147088, 0.819085443081757, 0.72653695850477, 0.668158446419574, 0.743929026163222, 0.765954062272867, 0.741886932251148, 0.826637070168296, 0.83419648804577, 0.779493818880498, 0.465574711200081, 0.474595540416944, 0.465514433313315, 0.510463703846784, 0.474820835315172, 0.750346522291669, 0.57208224469343, 0.860199730358039, 0.843223093193844, 0.786476953295686, 0.799181651290377, 0.74314185404974, 0.809880724334012, 0.787458391467633, 0.843214731525986, 0.819082017820225, 0.763121337404783, 1, 0.830741373008697, 0.954478106332744, 0.822602347150391, 0.801381911690847, 0.826237557065865, 0.86087101445635, 0.864518649340127, 0.741889450825804, 0.817130626176762, 0.797035053320576, 0.832129745683062, 0.465746612315602, 0.779836848748644, 0.826493712898877, 0.860860369280804, 0.819081379781312, 0.817774743249783, 0.860845895871781, 0.819096726296216, 0.913744996935398, 0.834674379191496, 0.79535932806846, 0.762100240077252, 0.819100890339648, 0.750402166001069, 0.730267336961245, 0.999060101519379, 0.548757254670344, 0.750324929711618, 0.750386315771234, 0.741916987242043, 0.82586010667742, 0.816687793590248, 0.771174228009855, 0.943563779108511, 0.741875246064744, 0.750330839966811, 0.826465471281734, 0.750363749342316, 0.760672745543231, 0.750338798662724, 0.826459963998486, 0.817057318863775, 0.834201458033091, 0.829797411227631, 0.872084749835688, 0.741898517694565, 0.750342962706155, 0.828782257736289, 0.819102032093492, 0.819061768479991, 0.834586497726499, 0.784899687522121, 0.744064424736728, 0.798567857856213, 0.843170169545073, 0.524050708914962, 0.75034615290072, 0.763690065143101
0.787591506533451, 0.780234111924383, 0.822424972332618, 0.774610336203523, 0.780565489187121, 0.780558403597089, 0.773570030546617, 0.770174790424366, 0.832774131404047, 0.862341593407486, 0.809573256740008, 0.809579872196104, 0.809552201455884, 0.806463622983747, 0.786546062984246, 0.804478113048943, 0.775854444921593, 0.809667720080105, 0.814798056654363, 0.770006113084405, 0.792379585602457, 0.79240577877888, 0.479395742225294, 0.472994029164692, 0.472883816337745, 0.478644602519891, 0.478399830644324, 0.799835439690077, 0.772198750598917, 0.841107691968783, 0.841081129401411, 0.778080932079482, 0.809570503098384, 0.803337097986792, 0.813323179335814, 0.768169702769237, 0.595149265509752, 0.802269490980615, 0.824721106474994, 0.809355282498781, 0.786540958672943, 0.804208457655775, 0.77003697401919, 0.68194680313625, 0.780052237253225, 0.767688856495914, 0.786533067139021, 0.817412169242307, 0.80141989179666, 0.803912038209262, 0.472808796393992, 0.48320745385266, 0.472759062939785, 0.516886539353501, 0.483401988559089, 0.792406047426843, 0.591880659321204, 0.818823444155543, 0.809573525387971, 0.803266309248461, 0.803858275035606, 0.802498949922273, 0.810855043334931, 0.799294819244919, 0.809559119140939, 0.804204092126371, 0.795119929152159, 0.830741373008697, 1, 0.843207410868986, 0.799850685461995, 0.791855856397992, 0.814761520531353, 0.841125926449292, 0.832760296033937, 0.786543309342623, 0.809284157950495, 0.813857452972838, 0.806632636133662, 0.472995607471476, 0.796772349193458, 0.824736620894874, 0.841113602223975, 0.804200163149908, 0.814077609978767, 0.84110141232264, 0.804215442502821, 0.841500522453127, 0.805925286046277, 0.797978780034674, 0.790273284827153, 0.804221621405977, 0.792473175836674, 0.785329557844406, 0.830720116238601, 0.558402589658907, 0.79241843881415, 0.792444161856637, 0.786561040108201, 0.814614905905379, 0.813385707149273, 0.769594712309597, 0.839827450099648, 0.786521985410535, 0.792392648609673, 0.824708177791759, 0.782821796268936, 0.791361947117454, 0.792392749352659, 0.824702670508512, 0.807921206089658, 0.801440846337798, 0.790038385764237, 0.827117916441618, 0.786533436529971, 0.792398055149934, 0.802141715293067, 0.804225785449408, 0.80417188795177, 0.817776993176476, 0.818834022169099, 0.792455109261141, 0.769899023290032, 0.809524564296659, 0.529618639440449, 0.792403596014178, 0.790737609250731
0.814262439777522, 0.752148881477489, 0.865892716510446, 0.795214123844293, 0.753231868579566, 0.753271259087185, 0.737021046015769, 0.749167359218729, 0.878152567058897, 0.84809287482469, 0.85144126945834, 0.851456750297225, 0.851426661725335, 0.76096033318795, 0.746129488049666, 0.77022103145505, 0.786968041772609, 0.837346284672546, 0.832759490090047, 0.730406429444247, 0.756388985863341, 0.756429954677745, 0.472533029259659, 0.466626232909456, 0.466513669412831, 0.474584895241398, 0.474382435420052, 0.828530702499648, 0.791952334597815, 0.872513075432184, 0.872492221634032, 0.72617455240227, 0.85145020200312, 0.78782748018822, 0.786902760317526, 0.724794440652777, 0.607198093083027, 0.83045714346352, 0.8250153767378, 0.859026712607259, 0.746117801863262, 0.820667275870698, 0.730479871081215, 0.674193387848274, 0.748857876765, 0.771173791456914, 0.746123947185422, 0.829326202699993, 0.835339081414706, 0.779162273712783, 0.46647619302195, 0.475780244354128, 0.466428541589458, 0.514683055177471, 0.475989017402612, 0.756443185589938, 0.575708085511184, 0.873201788067114, 0.851452418348817, 0.787699670919677, 0.804990794105917, 0.748596314391727, 0.811987629567234, 0.790754668396401, 0.851444056680959, 0.820660291023652, 0.770140739295017, 0.954478106332744, 0.843207410868986, 1, 0.823355266648551, 0.802809876358805, 0.827693125312051, 0.872532183018574, 0.878157335560246, 0.746126129950124, 0.813858460402701, 0.80119805574096, 0.830894065794841, 0.466656758034287, 0.78510433010817, 0.825053524748589, 0.872521873652982, 0.820657503801033, 0.818870524711113, 0.872507736053913, 0.820671036942184, 0.910346768104556, 0.833949331919529, 0.799582037498689, 0.770081133028158, 0.820672783153946, 0.756507023062219, 0.732180681336905, 0.954478878695639, 0.553802631326206, 0.756432741900365, 0.756474315172686, 0.746154875282198, 0.829406696345998, 0.81606348930452, 0.776616397707519, 0.916548439175482, 0.746110514787257, 0.756421324361924, 0.82502313394774, 0.754342392097881, 0.764423440501931, 0.756443655723874, 0.825009432901612, 0.813985967442285, 0.835333238321504, 0.835714886334375, 0.874752524854302, 0.746136137086757, 0.756448424225223, 0.826840772486473, 0.820672447343992, 0.82063453440017, 0.833396152182086, 0.791910694163502, 0.748672106698374, 0.802532866727641, 0.851396270924486, 0.528071193590812, 0.75644698024242, 0.769382480418586
0.788644337901647, 0.740035309745057, 0.825060140204686, 0.784117921948901, 0.724660519643069, 0.724706962159725, 0.728029365102925, 0.747956865077068, 0.817708958079769, 0.842123416337047, 0.807675460365224, 0.807663203301898, 0.807654740891054, 0.782681629194082, 0.73113809217231, 0.775946691915993, 0.766446796218565, 0.826438404999431, 0.861926095751238, 0.715531223811021, 0.733606597564142, 0.733632387768619, 0.47788392581179, 0.472952523054361, 0.47285010101835, 0.480338092118581, 0.480126632590464, 0.825187345015311, 0.813206518957748, 0.827815863850287, 0.827799778553484, 0.716831479953422, 0.8076807661625, 0.764047333353303, 0.812326562553939, 0.722336143883551, 0.607329629842061, 0.809514926550975, 0.8565913516579, 0.830619641900324, 0.731127211929796, 0.911396375697192, 0.715587874950283, 0.653252312689573, 0.729567307530861, 0.737518951434761, 0.731134566167792, 0.865702446590434, 0.859313259241121, 0.769742099298466, 0.472793819270038, 0.481144304656462, 0.47272695950817, 0.521409026329784, 0.481372689006267, 0.733674834146822, 0.567861046407995, 0.823229740887696, 0.807691982214968, 0.763965395724495, 0.806209213362496, 0.736235653695045, 0.814576153436672, 0.823579587697911, 0.807661994386064, 0.911382003031155, 0.748561625223465, 0.822602347150391, 0.799850685461995, 0.823355266648551, 1, 0.855270476784316, 0.860377743214725, 0.827829934287365, 0.81773830786976, 0.731092892152484, 0.830246825689247, 0.791845849261359, 0.813209877057289, 0.47295933999643, 0.758542870909146, 0.856621641715763, 0.827812572912736, 0.911394864552398, 0.912586989889568, 0.827816300403227, 0.911413837814807, 0.827101461753866, 0.846349349542835, 0.769328213529998, 0.750528430543823, 0.911403091896274, 0.733713351548561, 0.727945681262355, 0.82258565739567, 0.554116915862279, 0.733661838301597, 0.73368568080834, 0.731151524570476, 0.854151289369184, 0.824081052702417, 0.755932284325721, 0.831476528160284, 0.731127648482737, 0.733638868900734, 0.856578825946611, 0.746195877677597, 0.737498634932536, 0.733661871882592, 0.856569691915859, 0.88155284433046, 0.859293513615818, 0.796503399001194, 0.835756023053756, 0.731142256215741, 0.733671543209271, 0.841360086730308, 0.911386838694494, 0.911390364699013, 0.843402113480392, 0.768094078367566, 0.729712243107064, 0.777102549778117, 0.807623208336361, 0.534119433093695, 0.733652502784872, 0.7432710065581
0.827959019633733, 0.781689848075547, 0.818896281334595, 0.807528912901241, 0.774992790160285, 0.77499114469151, 0.729113896930791, 0.747645770735559, 0.80441121970608, 0.835268057609407, 0.814932111988053, 0.814931541111131, 0.814930533681268, 0.796839242536322, 0.74210040663899, 0.783092862063912, 0.805552402673208, 0.829543572483303, 0.822604093362152, 0.748895621803845, 0.767567326873514, 0.767599430305129, 0.476094797538164, 0.468366970968692, 0.468239094538159, 0.478272995224648, 0.478029835236861, 0.809680380115376, 0.810751815355031, 0.814178151479035, 0.814160722942415, 0.74190822260224, 0.81493594022153, 0.778974085814488, 0.819688322692411, 0.721289894390456, 0.609354698189461, 0.810936477248808, 0.819808206846037, 0.836483286671421, 0.742094294897824, 0.908583967331333, 0.748949116329538, 0.647549117914561, 0.749712882489217, 0.730648279773213, 0.742087142145801, 0.834984029550201, 0.844134246342392, 0.801487624664408, 0.468159843388983, 0.480082607905477, 0.468098625234345, 0.518112447172057, 0.480307298345787, 0.767620317684276, 0.580763133493725, 0.804131221366325, 0.814949506943677, 0.77889221534767, 0.796202614025277, 0.754799563769437, 0.798140606851571, 0.835779764817513, 0.814939936359984, 0.908580877879755, 0.802700368732762, 0.801381911690847, 0.791855856397992, 0.802809876358805, 0.855270476784316, 1, 0.831413798860852, 0.814189602598471, 0.804457359993778, 0.742054534999255, 0.830436222503377, 0.79016787408255, 0.810273017522429, 0.468327781947045, 0.769404643875559, 0.81982553463967, 0.814185942269971, 0.908585478476127, 0.90967383853747, 0.814173819530626, 0.908601026477003, 0.815362687511241, 0.848024436756038, 0.779192832418609, 0.776842095577692, 0.908603041336728, 0.767671192892327, 0.774804803747961, 0.801370863543357, 0.570205033468835, 0.767619343835409, 0.767643925124052, 0.742126196843467, 0.851888266088285, 0.828384390102633, 0.798761687361739, 0.803256940150741, 0.742086873497838, 0.767604165225482, 0.819796621402619, 0.760924636589826, 0.749215581528142, 0.767615347696955, 0.819804143545592, 0.830964485142223, 0.844115843956905, 0.786620444889087, 0.805135595358139, 0.742110145127659, 0.767616153640845, 0.821916354576089, 0.908586922458929, 0.908560695701512, 0.820497120966939, 0.807656319197839, 0.747011291408222, 0.808296876685346, 0.814906859079502, 0.530884239995583, 0.767615851411886, 0.755865827535798
0.792327031344635, 0.742838785566136, 0.819674151512347, 0.786625482038399, 0.744685538827892, 0.744727615815144, 0.72593317220724, 0.751694967162488, 0.826231613229676, 0.852311688859451, 0.822748424480438, 0.822722735018947, 0.822724346906727, 0.763944776993311, 0.73269342955587, 0.789489034260272, 0.772565589392811, 0.82759547177739, 0.849776222962765, 0.720907138204736, 0.734975291775195, 0.735012096546168, 0.489342567390677, 0.483316155534813, 0.483209905265325, 0.488544011319751, 0.488310589820633, 0.813207324901638, 0.799156499124812, 0.844533087824915, 0.844508808765231, 0.719452812455379, 0.822743185845154, 0.767565614242748, 0.819665823425485, 0.726871660286054, 0.606878166939725, 0.809940599248833, 0.8608560037514, 0.828849856280056, 0.732697459275319, 0.856711739526457, 0.720968087711411, 0.66982560851786, 0.733859093068654, 0.751962204723986, 0.732692321383021, 0.853892547799525, 0.845036903499099, 0.773878203341524, 0.483151205685343, 0.492101783459802, 0.483097308187705, 0.523868431271859, 0.492354883422231, 0.735037416616709, 0.568136544894366, 0.816312525966505, 0.822756013785402, 0.767484751205793, 0.792176521323193, 0.737708919125814, 0.845198461668032, 0.797493131679008, 0.822740935918461, 0.856696896726484, 0.763852664322892, 0.826237557065865, 0.814761520531353, 0.827693125312051, 0.860377743214725, 0.831413798860852, 1, 0.84454205395069, 0.826255590060402, 0.732707332087971, 0.833126194559959, 0.801444909638243, 0.813197183441023, 0.483282675282386, 0.75990431162519, 0.860862719950483, 0.84453275201496, 0.856708079197957, 0.861679544082914, 0.844533322891883, 0.856742499718255, 0.84420439704181, 0.841654189088138, 0.771787685634064, 0.750736364067422, 0.856727589756292, 0.735091246952357, 0.728430725160104, 0.826240478612466, 0.553545098672382, 0.735044032072806, 0.735057800280925, 0.732723450965769, 0.865945740902203, 0.847308892905773, 0.756741720639162, 0.828061408088748, 0.732696552588443, 0.735022876045695, 0.86082386673879, 0.74245717113426, 0.737940695156156, 0.735033722707214, 0.860829172536065, 0.86701166885861, 0.845038851196833, 0.810527897277616, 0.832587118840591, 0.732710287215567, 0.735041916470095, 0.832642527483022, 0.856711739526457, 0.856684706825149, 0.857077302242525, 0.77972230397329, 0.731082952177842, 0.790630720942331, 0.822699127579172, 0.53701035382683, 0.735047323010356, 0.744919363298954
0.835288575597604, 0.764174571744924, 0.854152800513977, 0.80759913076265, 0.767390287865695, 0.767442976447499, 0.750084993499391, 0.759178391247342, 0.933388603174317, 0.916446722340375, 0.855359634327138, 0.855365376677354, 0.855333541893702, 0.771123285639813, 0.760135113806665, 0.781273477313418, 0.787078724733491, 0.826937855144212, 0.852001467623824, 0.741105200258923, 0.756454804614351, 0.756502758275801, 0.48303232896158, 0.477290280974875, 0.477178389098158, 0.48536452909303, 0.485149107007454, 0.832654314412413, 0.789695020086137, 0.999561062808954, 0.999531276466022, 0.734908096203373, 0.855340425997762, 0.780259062603975, 0.800445505633749, 0.736014522840248, 0.61584795304356, 0.8399332302352, 0.832568884360081, 0.864101338310126, 0.760119129252848, 0.829476712721435, 0.741179850811727, 0.68054785244833, 0.767126274079756, 0.768710558281362, 0.760114192846523, 0.822513424674536, 0.840442653935619, 0.783425313918503, 0.477113577777011, 0.487232639867868, 0.477053434214226, 0.522442347139645, 0.487436308605049, 0.756521899443187, 0.577133665928467, 0.864293891737826, 0.855363328236634, 0.780137700886552, 0.817812286802655, 0.757729673524219, 0.815804378343912, 0.799348783904548, 0.855347041453858, 0.82945602682826, 0.780475021985478, 0.86087101445635, 0.841125926449292, 0.872532183018574, 0.827829934287365, 0.814189602598471, 0.84454205395069, 1, 0.933373491726382, 0.760129136389482, 0.81877485245518, 0.792775471957384, 0.841684176917042, 0.477326246220963, 0.80127888519692, 0.832623688544596, 0.999546220008981, 0.829451224745916, 0.8313189997108, 0.999534970375517, 0.829467108556747, 0.946476829717623, 0.841066689573383, 0.794287724923828, 0.771392941032981, 0.829464354915123, 0.756580699766155, 0.744813247353448, 0.86087467478485, 0.560479876454175, 0.756516963036861, 0.756540268247678, 0.760157210101647, 0.845767222987347, 0.814827775835304, 0.785896707275941, 0.874639827033695, 0.760119968777734, 0.756509373731898, 0.832588260594435, 0.762775856123971, 0.773991136229099, 0.756528346994306, 0.832570932800801, 0.826509462385726, 0.840458705651426, 0.844420356423312, 0.880373177542588, 0.760152240114326, 0.756513974328269, 0.836009055854195, 0.829484369188389, 0.829424292787595, 0.841049126712782, 0.8051417406803, 0.763552786033852, 0.807402446872515, 0.855296300569789, 0.536444010339186, 0.756528783547247, 0.772403896899897
0.830948634912388, 0.768019595719739, 0.845223546671606, 0.812303962544026, 0.770758596029625, 0.770806180300125, 0.75114299634088, 0.754501633178131, 0.999244360441211, 0.875567166222032, 0.855906601580429, 0.855904553139709, 0.855873860109901, 0.767351736882961, 0.765951812346174, 0.772318097456616, 0.785483896099326, 0.830731903167991, 0.840701126857314, 0.74453180503089, 0.768421190843886, 0.768461085066437, 0.482086486644771, 0.476359012810075, 0.47624074054423, 0.484586658915277, 0.484411936996142, 0.826079558482445, 0.788954491975284, 0.933363853980698, 0.93334897759973, 0.740833932977975, 0.855897870521622, 0.787863076043358, 0.793655294037211, 0.736664247939504, 0.618379154153828, 0.83933918242634, 0.824061206334128, 0.86365874079058, 0.765942208181486, 0.812911342008066, 0.744600209518547, 0.676774490317726, 0.769153894582808, 0.761435840083001, 0.765943920812252, 0.818012765345272, 0.836255439617542, 0.789800867383679, 0.476203331315339, 0.486647994737724, 0.476124785367068, 0.519947614990395, 0.48685938710385, 0.768462831278199, 0.584926807534017, 0.864081659846814, 0.855906803066402, 0.787731304217357, 0.815790643716788, 0.762213408031795, 0.809768933200281, 0.796720668041517, 0.855891523713489, 0.812892805298598, 0.78441561747324, 0.864518649340127, 0.832760296033937, 0.878157335560246, 0.81773830786976, 0.804457359993778, 0.826255590060402, 0.933373491726382, 1, 0.765949394514504, 0.812193917622057, 0.796469045642886, 0.837671718099095, 0.476381008362071, 0.800826079054768, 0.824118562674294, 0.933343906869422, 0.812888876322134, 0.813982676504734, 0.933359253384326, 0.812909461472322, 0.894829258772061, 0.834014747698594, 0.796931691016694, 0.777090762848727, 0.812904491485001, 0.768537011697067, 0.746930596276244, 0.864520764942838, 0.565911803948238, 0.76847065565013, 0.768501281517947, 0.765977333902688, 0.831593490767308, 0.806143864745422, 0.789733000191949, 0.877385745028636, 0.765941502980582, 0.76845762622391, 0.824073866369399, 0.763952601365242, 0.776246234395079, 0.768469010181355, 0.824060702619197, 0.820238144330312, 0.836267730261863, 0.837778169854555, 0.879527003620166, 0.765965580554293, 0.768464443165979, 0.829553982591881, 0.812919267122983, 0.812868459076923, 0.823946728720764, 0.801525201798276, 0.769130992343936, 0.812037497345422, 0.855837491891869, 0.535409245546522, 0.768484222372277, 0.783572465840404
0.788440400516503, 0.849345647439577, 0.771991656600204, 0.815403958554604, 0.832438959488827, 0.832405680722373, 0.925981911663983, 0.897988189429589, 0.765944760337137, 0.746669806265865, 0.769946573979537, 0.769966218861854, 0.769935458670056, 0.894600337126329, 0.998794778074619, 0.747313150975991, 0.82183230134457, 0.768644403720398, 0.738025151359621, 0.890106360415152, 0.83746653821712, 0.837494007471368, 0.467666404242381, 0.460941306195949, 0.460822227986214, 0.468175357808864, 0.467997949410096, 0.766841205009693, 0.86782228050689, 0.760120774721624, 0.760122353028408, 0.941136981312982, 0.769951342480886, 0.80448963133037, 0.789722623664366, 0.823583751741342, 0.621050253690988, 0.842153404165951, 0.71405664872143, 0.772694809063161, 0.99884521672973, 0.723534851095822, 0.890123453141818, 0.668636404727291, 0.95057999080418, 0.751727574309034, 0.998833093990385, 0.73274101382637, 0.762193360177533, 0.810409121296839, 0.460790930498488, 0.472975693941196, 0.460736965838859, 0.521866097258354, 0.473117707970798, 0.837484537630662, 0.643324360043612, 0.773342519302692, 0.769948790325235, 0.804443826852627, 0.869115383897268, 0.911410614039247, 0.723808435465453, 0.816614989992192, 0.769939219741542, 0.723511478723014, 0.828271725863022, 0.741889450825804, 0.786543309342623, 0.746126129950124, 0.731092892152484, 0.742054534999255, 0.732707332087971, 0.760129136389482, 0.765949394514504, 1, 0.762960685922726, 0.774722127337254, 0.779277322203069, 0.46092716859688, 0.889309718460964, 0.714089759582908, 0.76010586475966, 0.723497408285936, 0.723391628150384, 0.760108450496307, 0.723516717358299, 0.748110598874069, 0.751494488619871, 0.850853635619604, 0.857161825607981, 0.723522291803537, 0.837528226505695, 0.903861304041392, 0.741916819337065, 0.627235067102217, 0.837471138813492, 0.837520973010685, 0.998842597412087, 0.746388028133352, 0.754599118807816, 0.826086241100533, 0.752199152227622, 0.9987400074711, 0.837442393481418, 0.714082002372967, 0.886788457325338, 0.886275776268364, 0.837437792885047, 0.714093016939463, 0.731466984441388, 0.762182681420992, 0.794268012879521, 0.755259858473566, 0.998760659783279, 0.837459486208084, 0.752439927964735, 0.723546671606207, 0.723491565192734, 0.727444955039748, 0.806383968862626, 0.974187967875614, 0.788097202743379, 0.769903858953372, 0.53656705110638, 0.837460795866905, 0.896120515207691
0.810706682497196, 0.780387946464371, 0.830286787073788, 0.818375003542795, 0.771501877782102, 0.771523873334097, 0.746726759634085, 0.769199363250597, 0.812174910778653, 0.837943018961039, 0.810993632103002, 0.810979024369997, 0.810980703419768, 0.771567293561166, 0.762941007459414, 0.774616380782698, 0.790243935037161, 0.832336335966845, 0.837091774308309, 0.750868606027359, 0.769682761679571, 0.769721178338324, 0.483749283213653, 0.475415588324936, 0.475321225727824, 0.483441949943631, 0.483230557577505, 0.827588889902289, 0.797871052201389, 0.818762461067873, 0.818751547244364, 0.752146497226814, 0.81100484815547, 0.798528534510584, 0.825425602177768, 0.741641555917663, 0.613045887624288, 0.822525513832885, 0.822768740982663, 0.828026551015509, 0.762949738518221, 0.828210977842319, 0.750905175731364, 0.666774405693617, 0.763320674193556, 0.746157225951877, 0.762939832124574, 0.837040630452294, 0.838717396715268, 0.81761560291252, 0.475232571899933, 0.487964033947969, 0.475181562367901, 0.517163078850729, 0.488210887845251, 0.769739513561819, 0.591077704139879, 0.823617097669788, 0.811021168519241, 0.798460633737859, 0.835603162362635, 0.763774118374621, 0.80059588133121, 0.801268407926351, 0.810994001493951, 0.828192709780814, 0.793331640403418, 0.817130626176762, 0.809284157950495, 0.813858460402701, 0.830246825689247, 0.830436222503377, 0.833126194559959, 0.81877485245518, 0.812193917622057, 0.762960685922726, 1, 0.800772114395138, 0.836054524521985, 0.475392988315023, 0.784233037601178, 0.82279533713103, 0.818763401335745, 0.828203019146406, 0.831249352726313, 0.818764039374657, 0.828216417963576, 0.820879474180714, 0.84486711798629, 0.789665771039132, 0.789681822754939, 0.828211649462227, 0.769788508234127, 0.772330723910891, 0.81713005529984, 0.565147097520688, 0.769730010140117, 0.769746599151852, 0.762982244921781, 0.843383979742869, 0.843992265893784, 0.794694122130319, 0.821051274553249, 0.762927407156271, 0.769700660350126, 0.82275997634286, 0.777465258109575, 0.767340151439543, 0.769711775659608, 0.822749499072291, 0.83602893580348, 0.838706247824791, 0.802260759921807, 0.81888577048303, 0.762966126043983, 0.769726148325645, 0.822261869437896, 0.828212522568108, 0.828173535032433, 0.835392139387458, 0.802509259287865, 0.766020116090844, 0.799390290014879, 0.810950111132946, 0.529509266138388, 0.769730748922016, 0.772019864636351
0.779366849136841, 0.796305976329159, 0.779941789359311, 0.781196173861977, 0.795889773472008, 0.79588712057337, 0.762556471480937, 0.759618873164177, 0.796457292294491, 0.797487154261825, 0.78572114583192, 0.785726149400237, 0.785709157416558, 0.776947338417317, 0.774696202808795, 0.75681143478564, 0.767634757512304, 0.794025087958701, 0.800272731412348, 0.758213945059074, 0.770674912189055, 0.770706545486734, 0.473857430137761, 0.46659362576291, 0.466477771328734, 0.473004607178247, 0.472783610647432, 0.783063613016907, 0.752967854793627, 0.792760326928452, 0.792744174469659, 0.756849011919507, 0.785703952362269, 0.89536467416293, 0.856405581591274, 0.744734936472145, 0.601122115677933, 0.792784337340173, 0.830336251880032, 0.786718064842753, 0.77470070266218, 0.779076776498461, 0.758254342996556, 0.681231998067884, 0.771033187829119, 0.762800135183655, 0.774699997461277, 0.80298825860644, 0.780042028630619, 0.820259804072354, 0.46640510205466, 0.478359432706842, 0.466384315418499, 0.513333670038781, 0.478560885098326, 0.770708291698496, 0.580084058604479, 0.786696505843698, 0.785729876890728, 0.895365815916774, 0.784470488819745, 0.780954457856992, 0.823600911629999, 0.78020301592263, 0.785727828450007, 0.779057299521122, 0.81023406356775, 0.797035053320576, 0.813857452972838, 0.80119805574096, 0.791845849261359, 0.79016787408255, 0.801444909638243, 0.792775471957384, 0.796469045642886, 0.774722127337254, 0.800772114395138, 1, 0.789651667021058, 0.466533146390171, 0.771697554242374, 0.830348542524353, 0.792756565856966, 0.779059415123833, 0.78386586299733, 0.792749480266934, 0.779078589872214, 0.7891073862474, 0.791816835281322, 0.771660413661447, 0.815577437976909, 0.779078388386241, 0.770759502716501, 0.783287363189346, 0.797039586754957, 0.55797053657192, 0.770703153806198, 0.770731160356372, 0.774718634913731, 0.813091067495517, 0.813639109340661, 0.775022005626294, 0.80746705670769, 0.77468481885135, 0.770677632249684, 0.830327084268284, 0.819938736175208, 0.767100215227316, 0.770680352310312, 0.830325002246569, 0.798597442713172, 0.780064998031482, 0.764594602835552, 0.789197786287053, 0.774707888995199, 0.770703254549184, 0.775869959341474, 0.779088126874911, 0.779044370837887, 0.804466292538558, 0.831573442913047, 0.773947279449089, 0.797485743860017, 0.785660028420268, 0.52276825070013, 0.770698788276794, 0.781296581038263
0.846404657442281, 0.776484726624504, 0.86005308215107, 0.818716690171125, 0.770398708501781, 0.770428562006704, 0.776329649587686, 0.76958027248157, 0.837686560899068, 0.841862760650649, 0.84820255035571, 0.848204464472449, 0.84819076342632, 0.778116695839597, 0.77932044020118, 0.7778033179904, 0.808665898243942, 0.839937024887682, 0.80985056860013, 0.769829074076586, 0.786314924992817, 0.786348103016285, 0.482557795915396, 0.474146730413246, 0.474034972860511, 0.482558601859286, 0.482355739065994, 0.911141395199019, 0.80031591657245, 0.841679307672707, 0.841652274971399, 0.753769030182196, 0.848206848723123, 0.793137945221874, 0.81097358424874, 0.738617620861696, 0.61469441227012, 0.834455800492351, 0.802246487998757, 0.863516726760977, 0.779318962637382, 0.815057671329903, 0.769891165337106, 0.678207559296986, 0.785660330649227, 0.763254486051596, 0.779310466645542, 0.821591122635512, 0.836247413759638, 0.810283561954989, 0.473979161246134, 0.48745101708104, 0.473927412932203, 0.525830904643808, 0.487669797266158, 0.786340110739377, 0.593431899823324, 0.840314878248071, 0.848203826433536, 0.793033239678176, 0.81930345090398, 0.781079782131875, 0.798651037981852, 0.804222897483803, 0.848189554510485, 0.815048940271095, 0.790577226416638, 0.832129745683062, 0.806632636133662, 0.830894065794841, 0.813209877057289, 0.810273017522429, 0.813197183441023, 0.841684176917042, 0.837671718099095, 0.779277322203069, 0.836054524521985, 0.789651667021058, 1, 0.474128361608755, 0.798113171178318, 0.802288665728996, 0.841671987015707, 0.815049578310008, 0.813300075610969, 0.841666580475445, 0.815066939684637, 0.832330694359615, 0.828421262035597, 0.811757532586662, 0.79273450314298, 0.815070902242096, 0.786404418345593, 0.765637594972092, 0.832109764990791, 0.572204983231666, 0.786346793357464, 0.786395552962804, 0.779353886872611, 0.82993872005633, 0.829367641648333, 0.808000960953765, 0.837476243124795, 0.779309996511606, 0.786339472700464, 0.802256058582449, 0.776356984517952, 0.787815861163807, 0.786335275076037, 0.802262237485606, 0.808326125732351, 0.836249495781354, 0.823896961685562, 0.828420523253698, 0.779326820590308, 0.786337491421735, 0.818208139576587, 0.81507211115793, 0.815029362550769, 0.806045741076824, 0.8059287784698, 0.784602663617691, 0.805959505080603, 0.848153723588379, 0.541605711563159, 0.78634806943529, 0.803345862626595
0.468053525957505, 0.466047262967536, 0.471882800445472, 0.482176718779446, 0.471552061221647, 0.471643099300212, 0.488935532145274, 0.496198832805194, 0.476369657985621, 0.477020323352748, 0.468848891833868, 0.468848186632964, 0.468844291237496, 0.462765123637837, 0.460947182870146, 0.526041457485049, 0.470991359341232, 0.482311882285985, 0.477668604469201, 0.464734548275838, 0.465570244927691, 0.465602549845279, 0.945039260884977, 0.995150131899434, 0.995162959839682, 0.937773811041351, 0.937928048553284, 0.486617671098866, 0.46369461200988, 0.477322250082509, 0.477352103587431, 0.461409761081964, 0.46880113965839, 0.470618509549159, 0.466344622681921, 0.521592076335782, 0.597240119027167, 0.468351658034784, 0.467204497650472, 0.47705625501784, 0.460933750471981, 0.468848253794955, 0.464747409797081, 0.592186179217474, 0.462341331475722, 0.536134292818489, 0.460922030704582, 0.472835056732405, 0.477606849018636, 0.473714912393228, 0.995159333092177, 0.916017288571031, 0.995198589275815, 0.669686213805899, 0.915797500956051, 0.465641705285931, 0.594519554683763, 0.474180445732641, 0.468841638338858, 0.470545034331195, 0.469712091320965, 0.468236777449475, 0.486939712844879, 0.466526799582038, 0.46885194770445, 0.468823336696358, 0.472502504134828, 0.465746612315602, 0.472995607471476, 0.466656758034287, 0.47295933999643, 0.468327781947045, 0.483282675282386, 0.477326246220963, 0.476381008362071, 0.46092716859688, 0.475392988315023, 0.466533146390171, 0.474128361608755, 1, 0.467286401698285, 0.467252585635904, 0.47731828752505, 0.468790192253885, 0.469530115906821, 0.47733336539199, 0.468801643373321, 0.472890498955833, 0.473608863609713, 0.468042511391009, 0.473933491092372, 0.46881373253167, 0.465632470512192, 0.464987513914285, 0.465741407261313, 0.604817536318182, 0.46563394807599, 0.465621858917642, 0.460941877072871, 0.472970824696861, 0.469577666596326, 0.466818819918151, 0.469233797203294, 0.460951581980545, 0.465617359064256, 0.467254499752642, 0.467819735067438, 0.464199334370941, 0.465684621798069, 0.467273170786092, 0.475542188677644, 0.477640967309976, 0.48644251262679, 0.474204859116307, 0.460978816167825, 0.465638280024399, 0.48328710797378, 0.468857454987698, 0.468794960755234, 0.477174997417621, 0.472131568459493, 0.461154176125873, 0.47630128707896, 0.468855339384987, 0.663835128327087, 0.465675319862339, 0.461884999329052
0.808887062679734, 0.838907800959261, 0.802378897863671, 0.829352227971438, 0.807667266602343, 0.807647823205999, 0.864550517704774, 0.843407922992599, 0.800837899565153, 0.783666660532538, 0.800369411098143, 0.800378847357854, 0.800344661904523, 0.849431413301862, 0.889281174614863, 0.763740100826267, 0.820631310624611, 0.806014812980049, 0.762483667882881, 0.84742773604854, 0.814650736827485, 0.814689623620174, 0.475851973360331, 0.467260846560775, 0.467136798363719, 0.474281390204853, 0.474085176448654, 0.806939667174725, 0.8404464485881, 0.801268978803273, 0.801256856063928, 0.857745228241295, 0.800365784350638, 0.786894465811659, 0.80740899516662, 0.810744461117036, 0.614044116293942, 0.820477811894577, 0.741064029958546, 0.826388134249297, 0.889300315782248, 0.755672199516246, 0.847465716154353, 0.668365204608333, 0.878525181784003, 0.752525727408016, 0.889274693482748, 0.761965882514604, 0.786673704347812, 0.806362879997507, 0.467119537732077, 0.481465103905644, 0.467080818844365, 0.527604216268595, 0.481626124778651, 0.814693317529669, 0.614106677688397, 0.80047522481469, 0.800366858942491, 0.786807356709557, 0.829983248456248, 0.919166346415907, 0.740643730219954, 0.794966464003121, 0.800354333231202, 0.755653595644787, 0.820350036207029, 0.779836848748644, 0.796772349193458, 0.78510433010817, 0.758542870909146, 0.769404643875559, 0.75990431162519, 0.80127888519692, 0.800826079054768, 0.889309718460964, 0.784233037601178, 0.771697554242374, 0.798113171178318, 0.467286401698285, 1, 0.741105468906886, 0.801263605844007, 0.755643219117204, 0.758527625137229, 0.801251617428644, 0.755660580491833, 0.789897177678524, 0.775179433332792, 0.832274546935284, 0.847984542533487, 0.755660849139796, 0.814753796902408, 0.84341369892381, 0.779856157821007, 0.648590162353367, 0.81468482153783, 0.81472552170427, 0.889300584430212, 0.778950914927652, 0.77439914532337, 0.82306549623913, 0.784078665765263, 0.889244672072849, 0.814663329700765, 0.741091264145826, 0.88760447551388, 0.895842464565669, 0.814670348128806, 0.741098584802827, 0.755634219410433, 0.78668492040028, 0.848926590197815, 0.784403796962854, 0.889268212350633, 0.814666788543293, 0.783347808981089, 0.755689057175943, 0.755629249423112, 0.755533644329171, 0.794625314670718, 0.886130068329266, 0.810299680832787, 0.800326696071977, 0.540226842310496, 0.814675015887169, 0.849252661663277
0.776074098212591, 0.725293252758645, 0.805156415575295, 0.769246981102093, 0.726079988319187, 0.72611971463676, 0.71093939207921, 0.725881726122267, 0.824090153152174, 0.855785508510969, 0.807998912513045, 0.807989543415324, 0.807979536278691, 0.74541592547813, 0.714088416343091, 0.769641524217203, 0.753795693492554, 0.80869615472081, 0.877630046770267, 0.703028481922746, 0.722191073983366, 0.722231505501843, 0.472963369715879, 0.467323206469258, 0.467197882194376, 0.475328277736861, 0.475105870804239, 0.791055151143359, 0.776306915253791, 0.832607804733765, 0.832592794028815, 0.699013403787157, 0.807987024840668, 0.749525366210829, 0.867108986583318, 0.71826726899331, 0.590176994680905, 0.81861839859755, 0.998960533867979, 0.818259955052509, 0.71408096136211, 0.853374191554326, 0.703090573183265, 0.648652186451895, 0.716690473353682, 0.729860402458827, 0.714080256161206, 0.893100979262123, 0.832387815632813, 0.755391731042554, 0.467138779642448, 0.476000502103043, 0.467065136519507, 0.509234505090677, 0.47623708021573, 0.722253601796825, 0.54665021511314, 0.805235767467457, 0.808008449515742, 0.749428317134085, 0.793504381043824, 0.717225720839573, 0.888360853854568, 0.790269993889602, 0.807990618007177, 0.853334095845803, 0.745701733330092, 0.826493712898877, 0.824736620894874, 0.825053524748589, 0.856621641715763, 0.81982553463967, 0.860862719950483, 0.832623688544596, 0.824118562674294, 0.714089759582908, 0.82279533713103, 0.830348542524353, 0.802288665728996, 0.467252585635904, 0.741105468906886, 1, 0.832604446634224, 0.85334319629556, 0.857718732835914, 0.832608039800733, 0.853385676254757, 0.832040487397254, 0.832882698762218, 0.754738950072716, 0.732412759596206, 0.853373385610436, 0.722305551596729, 0.716027920314178, 0.826498514981221, 0.532821997754909, 0.72226169481672, 0.72227553018683, 0.714120318288734, 0.886797121222155, 0.865315224132324, 0.740628081476092, 0.833971394633515, 0.714083076964821, 0.722245508776931, 0.998916509182992, 0.717662576008904, 0.724913619605498, 0.722247624379642, 0.998870368895294, 0.91919217020138, 0.832386942526932, 0.79168338440555, 0.834316069970437, 0.714113199117706, 0.722253064500898, 0.811311677710561, 0.853361027804124, 0.85333433091277, 0.865929185471464, 0.767703800038873, 0.716742859706526, 0.781076726261292, 0.80794001144709, 0.521115864239826, 0.722265388726215, 0.727664641911742
0.835272758948764, 0.764152912002882, 0.854146319381862, 0.807576866562691, 0.767372120547177, 0.767424943452962, 0.750062393489478, 0.759160291090814, 0.933370301531817, 0.916433390685196, 0.855340996874684, 0.855344522879202, 0.855310740397817, 0.771116737345707, 0.760111640690871, 0.781263705243753, 0.787056393371541, 0.826919284853749, 0.851983233143314, 0.741086831454432, 0.756431868794484, 0.756479285160007, 0.483029608900952, 0.477283061060861, 0.477170631888218, 0.485357913636933, 0.485142155741403, 0.832646691526454, 0.789694785019169, 0.9995343659176, 0.999499609587347, 0.734885630517441, 0.855319840847574, 0.780237537185915, 0.800423510081754, 0.736001392671042, 0.615847717976592, 0.839909824281397, 0.832548567857856, 0.86408820814092, 0.760096327756963, 0.829475403062614, 0.741161146197281, 0.680550303860995, 0.767104480013733, 0.768705823361009, 0.7600916599986, 0.822504055576816, 0.840429523766412, 0.78340674362804, 0.477105551919107, 0.487230658589139, 0.477045139708358, 0.522428948322475, 0.487434260164329, 0.756499568081237, 0.577122080485049, 0.864273843883564, 0.855343683354317, 0.780120540997896, 0.817795731371917, 0.757709491345976, 0.815789569124934, 0.799343578850259, 0.855324710091908, 0.829453911225549, 0.780455914399088, 0.860860369280804, 0.841113602223975, 0.872521873652982, 0.827812572912736, 0.814185942269971, 0.84453275201496, 0.999546220008981, 0.933343906869422, 0.76010586475966, 0.818763401335745, 0.792756565856966, 0.841671987015707, 0.47731828752505, 0.801263605844007, 0.832604446634224, 1, 0.829449780763113, 0.831317891537952, 0.99951284049954, 0.829464657144081, 0.946452349171967, 0.841051477382461, 0.794269826253273, 0.771371146966958, 0.829461903502458, 0.756557831108279, 0.744795214358911, 0.860864835553194, 0.56046607466506, 0.756495639104774, 0.756516324997948, 0.760133669823862, 0.84574186933581, 0.814815988905914, 0.785877465365569, 0.874630525097966, 0.760096965795876, 0.756486102102076, 0.832567003824338, 0.762752920304104, 0.773971222698819, 0.756506217118329, 0.832550481974595, 0.826495324786657, 0.840444299404394, 0.844409241113831, 0.880351114828602, 0.760129774428394, 0.756491508642338, 0.835991358669612, 0.829482790881605, 0.829421438402985, 0.841040697882933, 0.80511940931835, 0.7635319322357, 0.80737810065084, 0.855276924335435, 0.536432021923823, 0.756506183537333, 0.772376259740671
0.794468357098156, 0.731971975450412, 0.820696827146662, 0.770693448898523, 0.719677905867634, 0.719728512427722, 0.721912855436367, 0.732541106160675, 0.812848310479675, 0.839678921356935, 0.804974473742147, 0.804958992903261, 0.80495805263539, 0.827735840338217, 0.723535421972744, 0.781996039591725, 0.757231230809301, 0.803449392835454, 0.860282843321687, 0.706508077505475, 0.723605572672162, 0.723629482340896, 0.474908179484242, 0.468794927174238, 0.468671080463154, 0.476630078605051, 0.47641425354753, 0.809042139716552, 0.854718270895741, 0.82943977362648, 0.829425904675375, 0.705335026173699, 0.804972526044413, 0.750959006067011, 0.8060173651357, 0.718811616928959, 0.5985767433876, 0.8041738692305, 0.853329898221376, 0.824484461200316, 0.723521385116661, 0.999023565396369, 0.706559691495425, 0.649303254790967, 0.723820860433756, 0.739778146482183, 0.723529746784519, 0.855196027717485, 0.855627409184563, 0.768265341444174, 0.468582896769199, 0.47740526230317, 0.468539409380139, 0.51632412484232, 0.477635728674691, 0.723663264822282, 0.565692049914254, 0.818703089867982, 0.804984615202761, 0.750872165612873, 0.790310962704006, 0.722482019727626, 0.813667921834726, 0.864911278338498, 0.804969537335821, 0.999031826321241, 0.747176140514705, 0.819081379781312, 0.804200163149908, 0.820657503801033, 0.911394864552398, 0.908585478476127, 0.856708079197957, 0.829451224745916, 0.812888876322134, 0.723497408285936, 0.828203019146406, 0.779059415123833, 0.815049578310008, 0.468790192253885, 0.755643219117204, 0.85334319629556, 0.829449780763113, 1, 0.972150138749957, 0.82944504584276, 0.99902605039003, 0.827254926902904, 0.856234251352676, 0.760364572748324, 0.736195390081544, 0.99904801236103, 0.723711117740746, 0.721018257718558, 0.819067242182243, 0.548922540329768, 0.723669007172498, 0.723681633626773, 0.723553622872258, 0.861884992612853, 0.822315632611552, 0.748426193068963, 0.828412128004844, 0.723526254360996, 0.723643619939965, 0.853315424812353, 0.728874128623541, 0.735749803853406, 0.72366232455441, 0.853313812924573, 0.87737758484675, 0.855615252864224, 0.793557539759563, 0.825801071287483, 0.72354079493201, 0.723658832130887, 0.835455271658835, 0.998989447105029, 0.999006069697759, 0.846259856190059, 0.764659682804663, 0.722149870101993, 0.772367024966933, 0.804928736426394, 0.529353013766731, 0.723658462739938, 0.740963253391311
0.796045119156789, 0.742279259020561, 0.817081900152417, 0.774109845047884, 0.729600418392338, 0.729644644563297, 0.721829305919779, 0.740047869037342, 0.813945200113853, 0.858185139281208, 0.805481345286914, 0.805458812438992, 0.805461163108671, 0.817170990533249, 0.723434007366596, 0.8063614695957, 0.76779775966404, 0.813261423885249, 0.853739049069491, 0.714813396453068, 0.731929764139177, 0.731963680944545, 0.476100371983402, 0.469538544736669, 0.469409459390301, 0.476811953276209, 0.476589076209651, 0.814193665898916, 0.83314536930834, 0.831306675485484, 0.831290858836644, 0.713618584636265, 0.805475905165657, 0.755561080002423, 0.813744687990241, 0.718496022734065, 0.601906634892777, 0.804945157533151, 0.857705166113767, 0.827827180645741, 0.723423261448064, 0.972146075449512, 0.714867965570614, 0.650456157525494, 0.723575853491221, 0.737171791104179, 0.723427056100545, 0.85925711181679, 0.848950029732613, 0.774217640043161, 0.469311201397722, 0.478951935789913, 0.469270736298249, 0.519124914183766, 0.479174947180452, 0.731994306812362, 0.566926285819673, 0.815455270315596, 0.8054924270154, 0.755465844299431, 0.790222846172042, 0.730108263785972, 0.821340977800678, 0.851235149308493, 0.805471976189194, 0.972139292088438, 0.758194871053679, 0.817774743249783, 0.814077609978767, 0.818870524711113, 0.912586989889568, 0.90967383853747, 0.861679544082914, 0.8313189997108, 0.813982676504734, 0.723391628150384, 0.831249352726313, 0.78386586299733, 0.813300075610969, 0.469530115906821, 0.758527625137229, 0.857718732835914, 0.831317891537952, 0.972150138749957, 1, 0.831311477567828, 0.972165955398796, 0.826836776348018, 0.84936297523321, 0.765866953170765, 0.739897694825854, 0.972164074863053, 0.732045114858422, 0.728463164401673, 0.817760471326733, 0.551418011260917, 0.731998773084752, 0.732014153180651, 0.723453215695972, 0.867527808758112, 0.830524909912264, 0.759061495802308, 0.825278349512881, 0.723427190424527, 0.731974594768054, 0.857692573240487, 0.733414077717438, 0.735487267631265, 0.731989538311013, 0.857680685568111, 0.881374932216761, 0.848949358112705, 0.792839712401609, 0.822585556652684, 0.723442268291467, 0.731992090466664, 0.829914138767688, 0.972118471871282, 0.972131803526461, 0.850962538787729, 0.768428477919891, 0.722004195743891, 0.782418689999996, 0.805432384195601, 0.531882871637182, 0.731989101758073, 0.740468471004892
0.835267486732485, 0.764154087337721, 0.854133592184601, 0.807574885283962, 0.767374370473869, 0.767431558909058, 0.750063971796262, 0.75916280966547, 0.933366574041326, 0.916435304801935, 0.855340963293688, 0.855343011734409, 0.855310505330849, 0.771110592023546, 0.7601143607515, 0.781260313563216, 0.787057971678326, 0.826915490201267, 0.851994079804833, 0.74108545463362, 0.756435327637011, 0.75648314697448, 0.483023127768837, 0.477296997173958, 0.477185508269186, 0.485370842320167, 0.485154681452692, 0.832634098653174, 0.789684274167604, 0.999526407221687, 0.999525634858793, 0.73489076840974, 0.855320949020422, 0.780239048330709, 0.800422133260942, 0.735999142744349, 0.615846072507817, 0.839910798130264, 0.832551019270521, 0.864075279457686, 0.760099249303564, 0.829471272600178, 0.741161314102258, 0.680545300292679, 0.767104446432738, 0.768696319939307, 0.760094715869183, 0.822502275784059, 0.840432713960977, 0.783410068146586, 0.477120562624057, 0.487222968541189, 0.477061023519189, 0.522435227968617, 0.487426032820453, 0.756502825437792, 0.577128763103137, 0.864283011495312, 0.855342373695496, 0.780117417965322, 0.81779966034838, 0.757710330870861, 0.815790811621765, 0.799335418668374, 0.855325751102766, 0.829449915087095, 0.780461119453377, 0.860845895871781, 0.84110141232264, 0.872507736053913, 0.827816300403227, 0.814173819530626, 0.844533322891883, 0.999534970375517, 0.933359253384326, 0.760108450496307, 0.818764039374657, 0.792749480266934, 0.841666580475445, 0.47733336539199, 0.801251617428644, 0.832608039800733, 0.99951284049954, 0.82944504584276, 0.831311477567828, 1, 0.829459653575765, 0.946440495080586, 0.841056077978832, 0.794267710650562, 0.771370508928045, 0.829458310335948, 0.756561021302843, 0.744797061313659, 0.860853048623804, 0.560468257429762, 0.756497486059521, 0.756520858432329, 0.760136255560509, 0.845744858044401, 0.814813000197322, 0.785878372052445, 0.874622432078071, 0.760100088828449, 0.756490702698448, 0.832570462666866, 0.762752282265191, 0.773973539787502, 0.756509877446829, 0.832551455823462, 0.826498985115157, 0.840447825408912, 0.844393222979018, 0.880361558518175, 0.760131957193096, 0.756495101808847, 0.835993675758296, 0.82947792163727, 0.829417912398466, 0.841040328491984, 0.80512065181518, 0.76353471945832, 0.807380014767579, 0.855280651825926, 0.536434204688525, 0.75650957521787, 0.772383412492694
0.794476450118051, 0.73198033711827, 0.820721979312226, 0.770709332709354, 0.719682707949978, 0.71973365032002, 0.721921821562142, 0.732556452675579, 0.81286782103801, 0.839704409332454, 0.805018834237087, 0.805007517441633, 0.805003890694129, 0.827737082835047, 0.723555939960941, 0.782000237216152, 0.757253159199305, 0.80348280592589, 0.860308801431141, 0.706526379147975, 0.7236228668848, 0.723646642229552, 0.474914459130384, 0.468804229109968, 0.468683673336434, 0.47664179837245, 0.476423152511314, 0.809056478801594, 0.85472669972559, 0.82945397838754, 0.829438900520599, 0.705350842822539, 0.805018162617179, 0.750974352581915, 0.80603405489042, 0.718822933724413, 0.598588261669027, 0.804211312040385, 0.853374796012243, 0.824511359577642, 0.723539888245134, 0.999009830769245, 0.706578866243806, 0.649306847957476, 0.723843997739596, 0.739790470707499, 0.72354972747679, 0.855211777204334, 0.855647994334752, 0.768291904011545, 0.468592870324837, 0.477412347893202, 0.468548979963832, 0.516315225878536, 0.477641336700925, 0.723679148633112, 0.565692284981222, 0.818737913360226, 0.805027296647932, 0.75088133322462, 0.790329331508497, 0.722498306510401, 0.813709125716098, 0.864938311039806, 0.805013360534835, 0.999014397784621, 0.747181278407004, 0.819096726296216, 0.804215442502821, 0.820671036942184, 0.911413837814807, 0.908601026477003, 0.856742499718255, 0.829467108556747, 0.812909461472322, 0.723516717358299, 0.828216417963576, 0.779078589872214, 0.815066939684637, 0.468801643373321, 0.755660580491833, 0.853385676254757, 0.829464657144081, 0.99902605039003, 0.972165955398796, 0.829459653575765, 1, 0.827273362869386, 0.856252485833185, 0.760377971565494, 0.736208385926769, 0.999048247427998, 0.723729688031209, 0.721033940043416, 0.819085073690808, 0.54891176083024, 0.723686502871108, 0.723700136755246, 0.723572327486703, 0.861903495741325, 0.822330911964465, 0.748444360387482, 0.828433854908877, 0.72354650370123, 0.723661988744456, 0.853361800167018, 0.728888534870573, 0.735777105202677, 0.723680626196911, 0.853357300313633, 0.877392998523645, 0.855636106662375, 0.793579333825586, 0.825818969958038, 0.723560506976317, 0.723678342689222, 0.83549016231307, 0.998991092573805, 0.998986424815442, 0.846275471352926, 0.764673551755769, 0.7221703209282, 0.772386266877305, 0.804972492463417, 0.529353114509717, 0.723675824114567, 0.740981958005756
0.827928460927907, 0.756538757102884, 0.86952433325941, 0.80225488324761, 0.757718726119715, 0.757767183496096, 0.742753355513805, 0.749486613742122, 0.894840810634483, 0.887969668838999, 0.848801165179946, 0.848820675738282, 0.848786490284951, 0.759823247102262, 0.748119195608895, 0.779935106741224, 0.792471933339844, 0.831189108420542, 0.844362429206225, 0.734893891442313, 0.750987113360172, 0.75103647742343, 0.478165468877335, 0.472858630591185, 0.472724508095505, 0.480368180690471, 0.480162295607592, 0.833663927039512, 0.789149295329676, 0.94645100593215, 0.946430823753907, 0.727065019657643, 0.848799150320222, 0.775467692597419, 0.793082301512475, 0.730278653756699, 0.612284908687229, 0.830060585488685, 0.83199871263896, 0.86304074973199, 0.748098241067757, 0.827280885012359, 0.734972638876557, 0.675767832818223, 0.754913101114929, 0.773182908831493, 0.74810700570756, 0.824876620064752, 0.841497197934581, 0.779625725030481, 0.472696367221349, 0.481022204157139, 0.472644551745426, 0.519542661766707, 0.481235141249055, 0.751061260198045, 0.572081707397504, 0.875171548515069, 0.848817619867699, 0.775339480356931, 0.804881487965847, 0.749708752026781, 0.813997485723711, 0.792572575583097, 0.848806034424281, 0.827259997633211, 0.772503128741343, 0.913744996935398, 0.841500522453127, 0.910346768104556, 0.827101461753866, 0.815362687511241, 0.84420439704181, 0.946476829717623, 0.894829258772061, 0.748110598874069, 0.820879474180714, 0.7891073862474, 0.832330694359615, 0.472890498955833, 0.789897177678524, 0.832040487397254, 0.946452349171967, 0.827254926902904, 0.826836776348018, 0.946440495080586, 0.827273362869386, 1, 0.844599511033842, 0.792577545570418, 0.767739026503062, 0.827275847863047, 0.751113747293875, 0.736996229660159, 0.913791842424, 0.558199894770593, 0.751048398676801, 0.751074860501187, 0.748142702305685, 0.844591988890869, 0.819158481746781, 0.784021779559033, 0.891654007750762, 0.748098408972734, 0.751042018287673, 0.832013589019928, 0.761222097047196, 0.765805735016126, 0.751060655740127, 0.832002238643478, 0.82528560300789, 0.841504921563526, 0.839829129149419, 0.88772637452723, 0.748133232464978, 0.751055282780861, 0.838437801347458, 0.827284981893799, 0.827228666564491, 0.843392442153713, 0.801672991759089, 0.751647147825019, 0.800150127198094, 0.848761875415313, 0.532566446379814, 0.751068009978123, 0.763748227427157
0.827590031656133, 0.760846460032504, 0.844732961909614, 0.802994605414573, 0.75066389627932, 0.750705637456618, 0.742646030652464, 0.748888200403859, 0.834003598808116, 0.855391536272781, 0.835564812865873, 0.835564510636915, 0.835549600674951, 0.764807472765477, 0.751533576898532, 0.790351192736511, 0.78844751968753, 0.828789611974284, 0.867028593680298, 0.741717818358247, 0.75750175930835, 0.757533661253992, 0.481141148042893, 0.47361796405947, 0.473501840977331, 0.481585021640265, 0.481378397775487, 0.813948726118371, 0.813253532351326, 0.841059872631314, 0.841040294910988, 0.734057724656524, 0.835565148675827, 0.765449541397778, 0.815218826526891, 0.740571296012848, 0.604881642438426, 0.827138300105834, 0.832855901127878, 0.852811172585228, 0.751526390565513, 0.85623824749113, 0.741761037099343, 0.659521212913317, 0.757161080109882, 0.74615866993468, 0.751522663075022, 0.870370540762829, 0.882902766765077, 0.787847830271441, 0.473414328903284, 0.485586130081762, 0.473368692330517, 0.519972901479941, 0.485815454699439, 0.757552735259387, 0.57853610903991, 0.830178253296613, 0.835576969186213, 0.765359342844098, 0.825002683121533, 0.748875271720624, 0.80333323617232, 0.812658242045636, 0.835577472901144, 0.856229113460378, 0.773185964702075, 0.834674379191496, 0.805925286046277, 0.833949331919529, 0.846349349542835, 0.848024436756038, 0.841654189088138, 0.841066689573383, 0.834014747698594, 0.751494488619871, 0.84486711798629, 0.791816835281322, 0.828421262035597, 0.473608863609713, 0.775179433332792, 0.832882698762218, 0.841051477382461, 0.856234251352676, 0.84936297523321, 0.841056077978832, 0.856252485833185, 0.844599511033842, 1, 0.787742285202857, 0.767042220848237, 0.856244224908314, 0.757619595021255, 0.746865617050119, 0.834670517377023, 0.562559178109167, 0.757549880874777, 0.757573253247585, 0.751557352243284, 0.863047768160031, 0.829484033378435, 0.774848190394035, 0.832025040139364, 0.751518834841545, 0.757537590230456, 0.832847136488075, 0.755204449831135, 0.755928691159212, 0.757549309997855, 0.832840084479039, 0.847167718401056, 0.882889804500847, 0.801198559455891, 0.835168557119997, 0.751540293097614, 0.757551526343552, 0.87140554062246, 0.856242747344516, 0.856221289088447, 0.837370429408248, 0.77840263801554, 0.756518541343645, 0.794171769746666, 0.835529217010735, 0.534384185661533, 0.757552231544456, 0.763975033470178
0.80792946701453, 0.807895684533144, 0.809667652918115, 0.807516118541988, 0.798942252374076, 0.798975128168585, 0.823979302286315, 0.818969152094641, 0.796901669606795, 0.794306731767232, 0.80192857671518, 0.801939826348643, 0.801915513707964, 0.810751546707068, 0.850877612450329, 0.761430131313781, 0.814708563301587, 0.810650669396846, 0.767552719140509, 0.837617988506434, 0.849222438767406, 0.849247423027993, 0.4762541393614, 0.468035089991023, 0.467890557386765, 0.475809191172174, 0.475565829698414, 0.80382281350445, 0.810734319656421, 0.79427929609398, 0.79427080010214, 0.849914207272918, 0.801928173743235, 0.785384126961953, 0.789447393825959, 0.77978694738946, 0.625487310614939, 0.838486023656871, 0.754705973535221, 0.822354788052204, 0.850870023145365, 0.76040120961432, 0.837675512751577, 0.671244506317055, 0.84237685210943, 0.746514124771129, 0.8508602510757, 0.780596148635933, 0.791990247541636, 0.80276151972541, 0.467849454248379, 0.480471442251367, 0.467811004008631, 0.528230434671061, 0.480648649164162, 0.849277175789929, 0.626701498666096, 0.810035868532821, 0.801938046555886, 0.785294129894245, 0.822048529374035, 0.836253391176822, 0.758657986561423, 0.86968686527721, 0.801920618019267, 0.760377904403503, 0.808304801800264, 0.79535932806846, 0.797978780034674, 0.799582037498689, 0.769328213529998, 0.779192832418609, 0.771787685634064, 0.794287724923828, 0.796931691016694, 0.850853635619604, 0.789665771039132, 0.771660413661447, 0.811757532586662, 0.468042511391009, 0.832274546935284, 0.754738950072716, 0.794269826253273, 0.760364572748324, 0.765866953170765, 0.794267710650562, 0.760377971565494, 0.792577545570418, 0.787742285202857, 1, 0.811815862775695, 0.760389926399861, 0.849323886954549, 0.822774684818851, 0.79536298839696, 0.618923837899431, 0.849266933586328, 0.849290843255062, 0.850887686748953, 0.787156901290813, 0.792501719682775, 0.816434995856777, 0.792694004462511, 0.850863340527278, 0.84923704650041, 0.754727566115271, 0.820333144966336, 0.824762176032384, 0.849259042052406, 0.754755706989428, 0.76503770407003, 0.792014560182315, 0.805273311020329, 0.79109460881297, 0.850877007992411, 0.849264683659635, 0.790617087058193, 0.760419343351843, 0.760355908851507, 0.770080528570241, 0.793602706198394, 0.86359621297712, 0.799388073669182, 0.801897279227454, 0.54243667329466, 0.849273045327493, 0.850981411307151
0.808287104615681, 0.899722580680692, 0.787887758074987, 0.868872358233462, 0.859089777716645, 0.859043268037998, 0.834251124325307, 0.818902124427797, 0.777071688843332, 0.767147362944876, 0.78079128780028, 0.780798171904339, 0.780786418555945, 0.808424585210903, 0.857188354594357, 0.752816270180331, 0.844863491238785, 0.794896346884698, 0.747800579124414, 0.841753353767593, 0.803186252155396, 0.803220236122754, 0.481364159433432, 0.47397435916379, 0.473854810820119, 0.4802376513613, 0.480040900309174, 0.793047813830185, 0.800692258788046, 0.771386392738875, 0.771370038794109, 0.842044769645789, 0.780795854815656, 0.85272973867135, 0.786252699408316, 0.79967925448041, 0.6211292361922, 0.795367958384281, 0.732372932535646, 0.782404418076945, 0.857205145092064, 0.736225377910448, 0.841756208152203, 0.680277861245208, 0.857516642405517, 0.766040936308001, 0.857197320720132, 0.750524971701295, 0.766305756037829, 0.860043310081404, 0.473803834869082, 0.486101430456378, 0.473765183143361, 0.523415255738757, 0.486254056080531, 0.803223459898314, 0.59443399030745, 0.79095931098245, 0.78079948156316, 0.852695351732047, 0.795169897673334, 0.857674372340973, 0.74287323966743, 0.773600488509457, 0.780782523160477, 0.736204020397365, 0.873642404307931, 0.762100240077252, 0.790273284827153, 0.770081133028158, 0.750528430543823, 0.776842095577692, 0.750736364067422, 0.771392941032981, 0.777090762848727, 0.857161825607981, 0.789681822754939, 0.815577437976909, 0.79273450314298, 0.473933491092372, 0.847984542533487, 0.732412759596206, 0.771371146966958, 0.736195390081544, 0.739897694825854, 0.771370508928045, 0.736208385926769, 0.767739026503062, 0.767042220848237, 0.811815862775695, 1, 0.736219534817246, 0.803266342829457, 0.859520621887797, 0.762099266228385, 0.606231229063089, 0.803207441763502, 0.803240686948961, 0.857215555200642, 0.764476431312693, 0.778379769357664, 0.871237165511458, 0.767473266505362, 0.85716622471838, 0.803184002228703, 0.732392510255972, 0.881536255318726, 0.848469687174222, 0.803198475637727, 0.732400166722926, 0.744634428552873, 0.766322546535536, 0.797450550976824, 0.771596341122199, 0.857178213133742, 0.803210766282048, 0.76623634412031, 0.736243175838017, 0.736184241191067, 0.741830381854872, 0.90352512469631, 0.855012977711487, 0.839731811424711, 0.780744677378646, 0.53287287296296, 0.8032015986703, 0.814697884545045
0.794492233185895, 0.731992157628655, 0.820726210517648, 0.770712354998941, 0.71970238641329, 0.719748493119993, 0.721924642365757, 0.732551415526267, 0.812863119698652, 0.839702260148748, 0.805014468707684, 0.804998786382826, 0.80500154002445, 0.827754612114653, 0.723561245758217, 0.782006819091253, 0.757257726214682, 0.803472865951248, 0.860295973490894, 0.706534572910856, 0.723638985762598, 0.723662626783369, 0.474926682612714, 0.468817325698179, 0.468693478987095, 0.476650596593248, 0.476433428295911, 0.809056545963584, 0.854735565108379, 0.829451963527815, 0.829437758766755, 0.70536232752297, 0.80501493884162, 0.750985165662438, 0.806038756229778, 0.71882917978956, 0.598600015017421, 0.80420117057977, 0.853356259302775, 0.824506523914303, 0.723545126880418, 0.999046299730264, 0.706588000274558, 0.649322093729394, 0.723855885411972, 0.739797388392554, 0.723556376513882, 0.85520579978715, 0.855646852580908, 0.768290023475802, 0.468605362455131, 0.47742275800178, 0.468562882495933, 0.516341754864912, 0.477652216943439, 0.723697886828553, 0.565716060325975, 0.81873173445707, 0.805023334090473, 0.750894631298804, 0.790328525564607, 0.722504888385502, 0.813699588713401, 0.864950937494081, 0.805008524871496, 0.999039919341135, 0.747200218088417, 0.819100890339648, 0.804221621405977, 0.820672783153946, 0.911403091896274, 0.908603041336728, 0.856727589756292, 0.829464354915123, 0.812904491485001, 0.723522291803537, 0.828211649462227, 0.779078388386241, 0.815070902242096, 0.46881373253167, 0.755660849139796, 0.853373385610436, 0.829461903502458, 0.99904801236103, 0.972164074863053, 0.829458310335948, 0.999048247427998, 0.827275847863047, 0.856244224908314, 0.760389926399861, 0.736219534817246, 1, 0.72374600839498, 0.721040387594536, 0.819085745310716, 0.548938021168654, 0.723702285938952, 0.723715584013136, 0.723579245171758, 0.861897854134096, 0.822338031135493, 0.748448793078876, 0.828435063824712, 0.72355221247045, 0.723678107622255, 0.853341181435835, 0.7288956540416, 0.735777441012631, 0.723695737644847, 0.853338696442174, 0.877377819913718, 0.855632547076862, 0.793573826542338, 0.825819574415956, 0.723566618717483, 0.723693991433085, 0.835492714468721, 0.998991428383759, 0.999010938942094, 0.846273590817183, 0.764687991583797, 0.722181134008723, 0.77237941635424, 0.804968194096004, 0.529369233387515, 0.723694293662044, 0.740990554740582
0.797194563048789, 0.819691076334035, 0.775678043952687, 0.777997348981898, 0.801036497572027, 0.801015778097857, 0.810922876945666, 0.804668819521895, 0.768536810211094, 0.756487478922888, 0.786364053989107, 0.786370803769185, 0.786354684891386, 0.786797416734914, 0.837517480587162, 0.746633202980864, 0.789982809216828, 0.784312758884289, 0.73625516425338, 0.923834642074274, 0.998715694830421, 0.998732753976091, 0.47317677694173, 0.465614571841637, 0.465526522471663, 0.472134758654058, 0.471965678342152, 0.775703229699247, 0.772072922609104, 0.75656931580871, 0.756555312533623, 0.895045789030486, 0.786361770481419, 0.799142999564656, 0.788209329687064, 0.792510853713527, 0.631207027239695, 0.805387922957674, 0.722278418152435, 0.777185595579774, 0.83752701758986, 0.723748224740677, 0.923825340138544, 0.678019673627649, 0.876559014502557, 0.733645484356831, 0.837522752803442, 0.743292901367109, 0.754563556533673, 0.835132524711919, 0.465442972955075, 0.477590864464819, 0.465416343225713, 0.531932537929399, 0.47772784134511, 0.99871643361232, 0.679091075286308, 0.775976008124989, 0.786369964244299, 0.799094239959316, 0.815393917836976, 0.853204070231562, 0.736777550218028, 0.822683008701373, 0.786362005548386, 0.723725859797732, 0.839540500493842, 0.750402166001069, 0.792473175836674, 0.756507023062219, 0.733713351548561, 0.767671192892327, 0.735091246952357, 0.756580699766155, 0.768537011697067, 0.837528226505695, 0.769788508234127, 0.770759502716501, 0.786404418345593, 0.465632470512192, 0.814753796902408, 0.722305551596729, 0.756557831108279, 0.723711117740746, 0.732045114858422, 0.756561021302843, 0.723729688031209, 0.751113747293875, 0.757619595021255, 0.849323886954549, 0.803266342829457, 0.72374600839498, 1, 0.835762739252839, 0.750386013542275, 0.609459034342209, 0.998680737014195, 0.998727011625875, 0.837537494860429, 0.75544213611667, 0.768745113125643, 0.806501267279605, 0.753799488145036, 0.837502537044204, 0.998647088856791, 0.722281138213064, 0.825486551684443, 0.807996662586352, 0.998628787214291, 0.722298264520725, 0.730052955886527, 0.754592100379774, 0.747498887461622, 0.752004852588161, 0.837501697519318, 0.998596683782676, 0.753427612201829, 0.723767164422091, 0.723700237498232, 0.733562203488206, 0.801349103058329, 0.862258278957866, 0.769469220129738, 0.786337323516758, 0.545726737739276, 0.998635536994369, 0.940038479791024
0.806389375402888, 0.888207791677474, 0.760825371167384, 0.820643198296987, 0.865658153257484, 0.865620307475653, 0.84716160665989, 0.84441649460884, 0.746913805778537, 0.749449976876127, 0.754656072176036, 0.754668866535289, 0.754651538741656, 0.847322728275883, 0.903882728716466, 0.736130612341392, 0.847113082121518, 0.774875491743306, 0.728762841204741, 0.869837408879648, 0.83568681262221, 0.835718042947944, 0.470953782207365, 0.465005681232804, 0.464874245216757, 0.47150679403983, 0.471302252196768, 0.762422953443174, 0.81221490574419, 0.744808982567031, 0.744793233080182, 0.902480151281041, 0.754659900409513, 0.841252694706977, 0.786669439561395, 0.820191802556642, 0.608662896102952, 0.80050282839292, 0.716001928623729, 0.761484935498296, 0.903899183404218, 0.721053887154692, 0.869856785114001, 0.651962567398737, 0.88690887877489, 0.724445433367447, 0.903879135549957, 0.735635292659047, 0.750601603532828, 0.852350709976121, 0.464823134941738, 0.475932970721267, 0.464781998222356, 0.51734676689564, 0.47606685814998, 0.835726102386843, 0.62118655895137, 0.752043302827909, 0.754657482577844, 0.841246985937757, 0.813990165066711, 0.878400697034006, 0.726584039060339, 0.791981986616764, 0.754646031458408, 0.721028164112205, 0.857716953043157, 0.730267336961245, 0.785329557844406, 0.732180681336905, 0.727945681262355, 0.774804803747961, 0.728430725160104, 0.744813247353448, 0.746930596276244, 0.903861304041392, 0.772330723910891, 0.783287363189346, 0.765637594972092, 0.464987513914285, 0.84341369892381, 0.716027920314178, 0.744795214358911, 0.721018257718558, 0.728463164401673, 0.744797061313659, 0.721033940043416, 0.736996229660159, 0.746865617050119, 0.822774684818851, 0.859520621887797, 0.721040387594536, 0.835762739252839, 1, 0.730244804113323, 0.609234646130858, 0.835705382912673, 0.835733792434793, 0.903898041650374, 0.747319833594079, 0.770660505942023, 0.872717281465292, 0.740062174541388, 0.903837427953653, 0.835686107421306, 0.716026140521422, 0.875117382369467, 0.873323116203542, 0.83566411186931, 0.716032991044486, 0.725005530789945, 0.750603282582599, 0.767970198075487, 0.738552305825618, 0.903832290061355, 0.835698028674678, 0.745093749408135, 0.721067856848784, 0.721009123687806, 0.720852804154157, 0.841959876889384, 0.904521372087235, 0.810876736657968, 0.754622894152568, 0.5290786906152, 0.835694368346178, 0.837333893285238
0.812551958195153, 0.746215858369868, 0.868618217260175, 0.791210194599182, 0.746728841655801, 0.746769373917265, 0.734028442028523, 0.74600960389604, 0.864521302238764, 0.841092311872883, 0.843218828407427, 0.843232092900615, 0.84319676569344, 0.752634059699219, 0.741918162576882, 0.767937255118986, 0.786460431445943, 0.836019902515714, 0.834701210406831, 0.726447162923035, 0.750267036075526, 0.750310557045582, 0.471306181173231, 0.465720016167234, 0.465592408384664, 0.473615479065809, 0.473415034104187, 0.830181611396154, 0.791368965545496, 0.860855432874478, 0.860836392450079, 0.721612977147327, 0.843213656934133, 0.786579811884637, 0.785928172668643, 0.719937688448151, 0.601922518703607, 0.824169169234382, 0.826460098322468, 0.853664297773701, 0.741906409228487, 0.819072514398523, 0.726524567117462, 0.668173725772487, 0.743924492728841, 0.765981900918064, 0.741912890360602, 0.826640461848833, 0.834199409592371, 0.779468263742989, 0.465569036011857, 0.474599603717389, 0.465506004483466, 0.510474953480247, 0.474821674840057, 0.750329429565004, 0.572084696106096, 0.86020345784853, 0.84322883554406, 0.786459323273094, 0.799195251593519, 0.743135977375543, 0.809873235772035, 0.787469506777115, 0.843217787396569, 0.819067611573193, 0.763109751961365, 0.999060101519379, 0.830720116238601, 0.954478878695639, 0.82258565739567, 0.801370863543357, 0.826240478612466, 0.86087467478485, 0.864520764942838, 0.741916819337065, 0.81713005529984, 0.797039586754957, 0.832109764990791, 0.465741407261313, 0.779856157821007, 0.826498514981221, 0.860864835553194, 0.819067242182243, 0.817760471326733, 0.860853048623804, 0.819085073690808, 0.913791842424, 0.834670517377023, 0.79536298839696, 0.762099266228385, 0.819085745310716, 0.750386013542275, 0.730244804113323, 1, 0.548780257652202, 0.750307366851017, 0.750368618586651, 0.74194401994335, 0.825860476068369, 0.816667342764041, 0.771161366488611, 0.943568849838818, 0.741899122152483, 0.75031327710621, 0.826469467420188, 0.750359753203862, 0.760657734838281, 0.75032096715416, 0.826465370538748, 0.817053054077357, 0.834202364719967, 0.829810877206792, 0.872126692498959, 0.74192366986013, 0.750326743085371, 0.828787126980624, 0.819088095980395, 0.819046086155133, 0.834590628188935, 0.784891191530282, 0.744078629497788, 0.798581189511392, 0.843173762711582, 0.524041272655251, 0.750327649772247, 0.763708433947592
0.58757826218886, 0.603510496814708, 0.580336957080936, 0.599755772136559, 0.594447523448602, 0.59451277132269, 0.627473693655623, 0.621589564477325, 0.565908110038743, 0.562317898657123, 0.569492041774221, 0.569481262274693, 0.569470314870189, 0.596769514957445, 0.627237350609905, 0.617545136551745, 0.599466438280078, 0.569051156885441, 0.550255638685683, 0.623365495419754, 0.609401308611094, 0.609424949631865, 0.609770128683718, 0.60484537496338, 0.604804338986985, 0.608759206397798, 0.608612020894901, 0.574009222953228, 0.603186406627975, 0.560473999779977, 0.560474436332918, 0.628316072925564, 0.569454968355285, 0.573476124651043, 0.594634133040113, 0.632637745549276, 0.73728767911935, 0.591583736159761, 0.532770753155908, 0.56685536275736, 0.627217403498629, 0.548959311519746, 0.623395281762685, 0.676770158369318, 0.617892296882327, 0.624918112742685, 0.627220593693193, 0.549607626217194, 0.56897882342132, 0.583942481396464, 0.604771228125508, 0.614430096255222, 0.604680995990832, 0.838360565058007, 0.61446693460719, 0.609427904759461, 0.786749362330478, 0.574991232002098, 0.569495534197744, 0.573405134426739, 0.596219189604613, 0.67073330282388, 0.549160293777294, 0.593489927783398, 0.569476023639409, 0.548940036028378, 0.600691338668771, 0.548757254670344, 0.558402589658907, 0.553802631326206, 0.554116915862279, 0.570205033468835, 0.553545098672382, 0.560479876454175, 0.565911803948238, 0.627235067102217, 0.565147097520688, 0.55797053657192, 0.572204983231666, 0.604817536318182, 0.648590162353367, 0.532821997754909, 0.56046607466506, 0.548922540329768, 0.551418011260917, 0.560468257429762, 0.54891176083024, 0.558199894770593, 0.562559178109167, 0.618923837899431, 0.606231229063089, 0.548938021168654, 0.609459034342209, 0.609234646130858, 0.548780257652202, 1, 0.609446676535897, 0.609445400458072, 0.627241380329354, 0.560454254154674, 0.558735847457388, 0.598758785963735, 0.553051122229853, 0.627245980925726, 0.609426527938649, 0.532832710092446, 0.647893020888588, 0.635502540267979, 0.609451747266205, 0.532849164780198, 0.548524739858103, 0.569008979155202, 0.582777489503588, 0.560794026666265, 0.627256961911226, 0.609451814428196, 0.567296784942067, 0.548970997706149, 0.548904675240208, 0.548948229791259, 0.580318353209477, 0.627814204949113, 0.58463730577256, 0.569477601946193, 0.804903013383907, 0.609474280114127, 0.616789597735942
0.797118938647118, 0.819610347621062, 0.775610613313898, 0.777933343604641, 0.800988140938632, 0.800962115667187, 0.810890773514051, 0.804618313704794, 0.768471327270038, 0.756424279489521, 0.786311600474271, 0.786317477148468, 0.786303440292386, 0.78674832131962, 0.837463482346538, 0.746580480818065, 0.789919878431424, 0.784245932703417, 0.736209762747581, 0.92377097250697, 0.998650010403392, 0.998639197322869, 0.473171605468437, 0.465616519539371, 0.465529141789306, 0.472133213928269, 0.471962790376546, 0.775659507243219, 0.77200112644091, 0.756506385023306, 0.756493254854099, 0.894986887964531, 0.786308578184684, 0.799076039059802, 0.788156540362274, 0.792457795740775, 0.631172774624373, 0.805326133926114, 0.722235434478307, 0.777120515610663, 0.837471071651501, 0.723705442552521, 0.923760193007443, 0.678016449852089, 0.876485740770566, 0.733612574981326, 0.83746808294291, 0.743246089459503, 0.754497804944654, 0.835066571636927, 0.465443980384938, 0.477589588386993, 0.465418089437474, 0.531961954881381, 0.47772703540122, 0.998613742928346, 0.67908798583473, 0.775913077339585, 0.786317577891455, 0.799025130270756, 0.81533817338459, 0.853145773623525, 0.736736581403624, 0.822635659497841, 0.786309014737624, 0.723681331397814, 0.839473338503016, 0.750324929711618, 0.79241843881415, 0.756432741900365, 0.733661838301597, 0.767619343835409, 0.735044032072806, 0.756516963036861, 0.76847065565013, 0.837471138813492, 0.769730010140117, 0.770703153806198, 0.786346793357464, 0.46563394807599, 0.81468482153783, 0.72226169481672, 0.756495639104774, 0.723669007172498, 0.731998773084752, 0.756497486059521, 0.723686502871108, 0.751048398676801, 0.757549880874777, 0.849266933586328, 0.803207441763502, 0.723702285938952, 0.998680737014195, 0.835705382912673, 0.750307366851017, 0.609446676535897, 1, 0.998628552147323, 0.83747906392841, 0.75539989122444, 0.768662503876926, 0.806429202463448, 0.753725005497209, 0.837446322457882, 0.998552793421671, 0.722237885890972, 0.825426038730708, 0.807939709218131, 0.998520857895033, 0.722255213684605, 0.730014673551756, 0.754526012980801, 0.747453418793832, 0.75194709327605, 0.837446154552905, 0.998538924470565, 0.753367972353975, 0.723724919529861, 0.723657320986094, 0.733521839131719, 0.801298664403218, 0.862196355602324, 0.769399640307242, 0.78628225068428, 0.545733118128405, 0.998560315564644, 0.939977765351317
0.797156012066055, 0.819655749126861, 0.775649567268577, 0.777970349861586, 0.801006879134072, 0.800974204825535, 0.810910049005418, 0.80464645457895, 0.768501012869984, 0.756437980535649, 0.786327585028088, 0.786335745209973, 0.786323521727643, 0.786774178686088, 0.837506466020667, 0.746606271022543, 0.789947884981598, 0.784278371944986, 0.736219568398242, 0.923811202539475, 0.998694202993356, 0.998699643114613, 0.473167172777042, 0.465603893085095, 0.465515978039104, 0.472130124476691, 0.471959566600987, 0.775688454061265, 0.772032558252617, 0.756529757396114, 0.756515686959035, 0.895032826766256, 0.786330070021748, 0.799111769238922, 0.788180047059064, 0.792487347016738, 0.63117499097007, 0.805356289659995, 0.722247254988692, 0.777148320674865, 0.837514256811603, 0.723718404816751, 0.92381116895848, 0.678022695917236, 0.876528925930667, 0.733632790740564, 0.837512947152782, 0.743255424976228, 0.754523796635104, 0.835102033168084, 0.465431353930662, 0.47758690190736, 0.46540150042574, 0.531938515346582, 0.47772542351344, 0.99865632363053, 0.679093157308024, 0.775930337971227, 0.786333159473326, 0.79905965153404, 0.815372560323893, 0.853183048528434, 0.736759886614441, 0.822650569459804, 0.786329297658854, 0.723695301091906, 0.839501613701154, 0.750386315771234, 0.792444161856637, 0.756474315172686, 0.73368568080834, 0.767643925124052, 0.735057800280925, 0.756540268247678, 0.768501281517947, 0.837520973010685, 0.769746599151852, 0.770731160356372, 0.786395552962804, 0.465621858917642, 0.81472552170427, 0.72227553018683, 0.756516324997948, 0.723681633626773, 0.732014153180651, 0.756520858432329, 0.723700136755246, 0.751074860501187, 0.757573253247585, 0.849290843255062, 0.803240686948961, 0.723715584013136, 0.998727011625875, 0.835733792434793, 0.750368618586651, 0.609445400458072, 0.998628552147323, 1, 0.837520301390777, 0.755409764037091, 0.768693667040669, 0.80645781347154, 0.753777391850054, 0.837483463038809, 0.998603769372708, 0.722252527204972, 0.82545867945825, 0.80796966346604, 0.99857989328497, 0.722268713244761, 0.730024882174361, 0.754553347911067, 0.747467925783851, 0.75197221186062, 0.837488936741061, 0.998581303686777, 0.753385703119554, 0.723737277336173, 0.723670350412314, 0.733527883710893, 0.801316865302732, 0.862245048045673, 0.769423617137967, 0.786302869415464, 0.545737752305772, 0.998613575023369, 0.940002548125932
0.788499032934494, 0.849390780297412, 0.772010327633653, 0.815451912216054, 0.832444265286103, 0.832409576117841, 0.926021940210515, 0.898028755272048, 0.765966386498183, 0.746703252937296, 0.770009706250914, 0.770031164506983, 0.769999665533286, 0.894626731788724, 0.998819292201271, 0.747345926027515, 0.821861113838634, 0.768676910123958, 0.738050068458217, 0.890143098024134, 0.837469359020735, 0.837499649078598, 0.467679366506611, 0.460956954939811, 0.460836264842296, 0.468193491546387, 0.468016284633592, 0.766905882006859, 0.867853040698689, 0.760144751552349, 0.760144650809362, 0.941157600044166, 0.770012728540501, 0.804495474423572, 0.789740891725871, 0.823611220995591, 0.62106744716064, 0.842193432712483, 0.714087811885174, 0.772725367768987, 0.998866171270867, 0.723591132844134, 0.890165966682011, 0.668689462700044, 0.950606922762502, 0.751783721733365, 0.998849884488092, 0.73277432617382, 0.762223583073405, 0.810416038981894, 0.460806041946424, 0.472987044317646, 0.460751942962814, 0.5218869846375, 0.473135304412395, 0.83749172396368, 0.643326240579356, 0.773361660470077, 0.77001340016041, 0.804448595353975, 0.869110884043883, 0.911401748656458, 0.723832613782151, 0.816680472933248, 0.770001881878983, 0.723567156013409, 0.828320283982389, 0.741916987242043, 0.786561040108201, 0.746154875282198, 0.731151524570476, 0.742126196843467, 0.732723450965769, 0.760157210101647, 0.765977333902688, 0.998842597412087, 0.762982244921781, 0.774718634913731, 0.779353886872611, 0.460941877072871, 0.889300584430212, 0.714120318288734, 0.760133669823862, 0.723553622872258, 0.723453215695972, 0.760136255560509, 0.723572327486703, 0.748142702305685, 0.751557352243284, 0.850887686748953, 0.857215555200642, 0.723579245171758, 0.837537494860429, 0.903898041650374, 0.74194401994335, 0.627241380329354, 0.83747906392841, 0.837520301390777, 1, 0.746432422209288, 0.754627259681972, 0.826091614059799, 0.752222121628485, 0.99876035755432, 0.837450318596336, 0.71411390431861, 0.886775696547081, 0.886290014610419, 0.837445516513992, 0.714124515913161, 0.731527833205076, 0.76221424755668, 0.794314959111108, 0.755293036497035, 0.998796860096335, 0.83746647105513, 0.752464442091387, 0.723601610114703, 0.723548249912992, 0.727487267093969, 0.806392901407406, 0.974188035037605, 0.78809726990537, 0.769968804598501, 0.536585252005894, 0.837467176256033, 0.896125552357003
0.814913944669534, 0.754485144909383, 0.836591921191583, 0.799283032315529, 0.743455198317941, 0.743495999227368, 0.738132073249016, 0.756254863367661, 0.831590602801703, 0.87815723481726, 0.853984996279897, 0.853989395390297, 0.853975291372223, 0.770090837935833, 0.746405960384903, 0.809977001047861, 0.788455108992494, 0.822202565399996, 0.85302874385451, 0.738468722728034, 0.755331419574792, 0.75536459759826, 0.478579858360734, 0.472914106395608, 0.472815042459139, 0.478444661273201, 0.478215336655524, 0.825281909098395, 0.79710120788154, 0.845749928774709, 0.845734515097814, 0.731000645158084, 0.85397384738942, 0.759738690155812, 0.856561934705918, 0.75094789075753, 0.599729981932081, 0.847910765086564, 0.886759711993264, 0.849988689920745, 0.746396490544196, 0.861899936155812, 0.738533567630177, 0.657310710309245, 0.751489921604495, 0.741077596680693, 0.746398068850981, 0.878681031183715, 0.868965108942794, 0.785685079842846, 0.472751641539799, 0.481506039139053, 0.472720713443023, 0.516326206864036, 0.481736304024602, 0.75539629805793, 0.572639823541272, 0.834276679462817, 0.854008704462659, 0.759632439886324, 0.812769260816472, 0.75397501600806, 0.845408544375338, 0.809255345456431, 0.85398482837492, 0.861876362297031, 0.779449357642571, 0.82586010667742, 0.814614905905379, 0.829406696345998, 0.854151289369184, 0.851888266088285, 0.865945740902203, 0.845767222987347, 0.831593490767308, 0.746388028133352, 0.843383979742869, 0.813091067495517, 0.82993872005633, 0.472970824696861, 0.778950914927652, 0.886797121222155, 0.84574186933581, 0.861884992612853, 0.867527808758112, 0.845744858044401, 0.861903495741325, 0.844591988890869, 0.863047768160031, 0.787156901290813, 0.764476431312693, 0.861897854134096, 0.75544213611667, 0.747319833594079, 0.825860476068369, 0.560454254154674, 0.75539989122444, 0.755409764037091, 0.746432422209288, 1, 0.859503361256155, 0.773456258134157, 0.829807955660191, 0.746393636159586, 0.755361676051659, 0.88674597736614, 0.754872669596452, 0.757772556455362, 0.75538649240727, 0.886740537244884, 0.878987927900797, 0.868974847431464, 0.811642517677372, 0.839074631344474, 0.746429802891646, 0.755392469824453, 0.841119512479168, 0.861893891576637, 0.861862694831898, 0.849931938038496, 0.784712507053688, 0.749080418021604, 0.80681655924554, 0.853922535628429, 0.529366244678923, 0.755392503405449, 0.762643681326025
0.830332524389541, 0.77312253020174, 0.840950801558212, 0.810744360374049, 0.753623053595134, 0.753669697597763, 0.746624639827034, 0.760437644994343, 0.806115992519229, 0.85356956578564, 0.810065755618739, 0.810062028128248, 0.810054774633238, 0.759530085012305, 0.75459542489832, 0.78525675424635, 0.808690412370594, 0.833729645047535, 0.823023049860928, 0.747971472810072, 0.768622911883334, 0.768665291099545, 0.476725179984061, 0.469636265433322, 0.469536865686899, 0.476017964220658, 0.475789647032844, 0.814552646739883, 0.794632265936768, 0.814823914020831, 0.814808433181946, 0.743659672999013, 0.810065285484803, 0.776596148367285, 0.873488233957989, 0.740805086902915, 0.598017418327997, 0.823696583885931, 0.865298567958599, 0.835576935605218, 0.754604894739027, 0.822334135740025, 0.748032690964711, 0.657103045433609, 0.759974428743613, 0.733424152016062, 0.754591160111903, 0.859009485556612, 0.830451669761267, 0.797719299683116, 0.469453584818274, 0.478229944388528, 0.46944475301648, 0.51163762828444, 0.478468671684921, 0.768679663765582, 0.579453004538673, 0.8237956478224, 0.810081471524592, 0.776508031835321, 0.805242080694595, 0.763333434971813, 0.855209426534655, 0.794630956277947, 0.810066729467606, 0.822316539298429, 0.800183876098485, 0.816687793590248, 0.813385707149273, 0.81606348930452, 0.824081052702417, 0.828384390102633, 0.847308892905773, 0.814827775835304, 0.806143864745422, 0.754599118807816, 0.843992265893784, 0.813639109340661, 0.829367641648333, 0.469577666596326, 0.77439914532337, 0.865315224132324, 0.814815988905914, 0.822315632611552, 0.830524909912264, 0.814813000197322, 0.822330911964465, 0.819158481746781, 0.829484033378435, 0.792501719682775, 0.778379769357664, 0.822338031135493, 0.768745113125643, 0.770660505942023, 0.816667342764041, 0.558735847457388, 0.768662503876926, 0.768693667040669, 0.754627259681972, 0.859503361256155, 1, 0.801049963551188, 0.819352915710224, 0.754587802012361, 0.768658138347522, 0.865286109409301, 0.767568569370344, 0.765962961236651, 0.768663007591857, 0.865274020250952, 0.85157824633863, 0.83047222133046, 0.797674032501299, 0.809458544059676, 0.754612148234036, 0.768670798382793, 0.820273169308528, 0.822349717321897, 0.822300588325607, 0.835012707720284, 0.802855580093562, 0.760317492192754, 0.801865914577738, 0.810014981153674, 0.524571684477803, 0.76867499600722, 0.771517392201982
0.847693731113209, 0.940124480720277, 0.795272286128349, 0.86502196129938, 0.868980388295707, 0.868952751136482, 0.803570989619846, 0.810229765200337, 0.789705933909646, 0.782552913238663, 0.786528802352604, 0.78652567932003, 0.786519298930902, 0.786856116314897, 0.826073950456211, 0.73528369963707, 0.887157613207916, 0.813066419044884, 0.751755883088167, 0.830671692443215, 0.806418154315957, 0.806445825056178, 0.474344119504285, 0.466854382192294, 0.466684999651429, 0.47419495272266, 0.473980470904955, 0.804479657774733, 0.799831645037595, 0.785889554523918, 0.785882468933885, 0.824274378493011, 0.786520004131806, 0.829820514952476, 0.778084659569973, 0.777884449675319, 0.625001729421264, 0.803193673555383, 0.740602828567541, 0.800812176522666, 0.826089666362065, 0.748456248059858, 0.830701344462165, 0.653489360936195, 0.834358852158593, 0.733565628749738, 0.82607828240462, 0.761893750536456, 0.778228419811337, 0.867078125648533, 0.466676873050539, 0.47970136286455, 0.46661719962169, 0.517757596793525, 0.479841765006373, 0.8064500562616, 0.593307952369253, 0.799165364507601, 0.786538137869329, 0.829744621902842, 0.788797433659736, 0.835424746534005, 0.749798178217566, 0.773081326320368, 0.786532194033141, 0.748441606745858, 0.864389899803712, 0.771174228009855, 0.769594712309597, 0.776616397707519, 0.755932284325721, 0.798761687361739, 0.756741720639162, 0.785896707275941, 0.789733000191949, 0.826086241100533, 0.794694122130319, 0.775022005626294, 0.808000960953765, 0.466818819918151, 0.82306549623913, 0.740628081476092, 0.785877465365569, 0.748426193068963, 0.759061495802308, 0.785878372052445, 0.748444360387482, 0.784021779559033, 0.774848190394035, 0.816434995856777, 0.871237165511458, 0.748448793078876, 0.806501267279605, 0.872717281465292, 0.771161366488611, 0.598758785963735, 0.806429202463448, 0.80645781347154, 0.826091614059799, 0.773456258134157, 0.801049963551188, 1, 0.775588315532943, 0.826058200969362, 0.806425575715943, 0.740608167945812, 0.847169195964854, 0.841232579690724, 0.806422654169343, 0.740621600343977, 0.756004684951832, 0.778232248044814, 0.808598098214203, 0.78059463749114, 0.826068040201019, 0.806430646446251, 0.772217186565399, 0.748468538704179, 0.748409872705192, 0.750655601773453, 0.847001257406792, 0.831996899265207, 0.848939787529012, 0.786488035024172, 0.529401068171167, 0.806428396519558, 0.792837193826953
0.814521584319126, 0.752082223201593, 0.866464634443329, 0.797419958690003, 0.755624749569727, 0.755653259834833, 0.736997640061966, 0.756086756904622, 0.877396356623186, 0.848256112043394, 0.842913879388079, 0.842916062152781, 0.842888861546496, 0.762330672867778, 0.752195794128081, 0.771943098480836, 0.779898134065274, 0.831741314309117, 0.846380714192551, 0.733119740292641, 0.753686152285516, 0.75371818855514, 0.475451251342065, 0.469213950835005, 0.469096283027077, 0.477180269633901, 0.476960952152857, 0.833860375862679, 0.799494256776678, 0.874624883490736, 0.874606581848236, 0.729171354013943, 0.842903133469547, 0.794086675504289, 0.797705934446942, 0.733451386203342, 0.606838272717174, 0.833639580817837, 0.833930560143093, 0.843125473240178, 0.752192368866549, 0.8284366085505, 0.733186600054509, 0.676625289955105, 0.754734047247386, 0.773786627967032, 0.752182529634893, 0.825329963502831, 0.835460342389143, 0.782195477123484, 0.469047120449792, 0.478384819939374, 0.469013707359356, 0.513766260421694, 0.478614614690987, 0.753740352012113, 0.579160111096679, 0.859669620764446, 0.842919991129244, 0.793996342626628, 0.80934305901645, 0.749982907273335, 0.818419565523708, 0.795260599941945, 0.842897794091276, 0.828418944946913, 0.765970819189578, 0.943563779108511, 0.839827450099648, 0.916548439175482, 0.831476528160284, 0.803256940150741, 0.828061408088748, 0.874639827033695, 0.877385745028636, 0.752199152227622, 0.821051274553249, 0.80746705670769, 0.837476243124795, 0.469233797203294, 0.784078665765263, 0.833971394633515, 0.874630525097966, 0.828412128004844, 0.825278349512881, 0.874622432078071, 0.828433854908877, 0.891654007750762, 0.832025040139364, 0.792694004462511, 0.767473266505362, 0.828435063824712, 0.753799488145036, 0.740062174541388, 0.943568849838818, 0.553051122229853, 0.753725005497209, 0.753777391850054, 0.752222121628485, 0.829807955660191, 0.819352915710224, 0.775588315532943, 1, 0.752182798282856, 0.75372916954064, 0.833938518839006, 0.758785057048067, 0.759833153495909, 0.753738941610305, 0.833931869801914, 0.822363586273002, 0.835467864532115, 0.830459695619171, 0.879838064380678, 0.75220707734254, 0.753734777566874, 0.831674588871231, 0.828450040948666, 0.828406016263679, 0.838022840987136, 0.792979812314473, 0.754158334662021, 0.801208398687547, 0.842864649648803, 0.52783985411341, 0.75374051991709, 0.767113110329555
0.788463269174379, 0.84935038235993, 0.771968250646401, 0.815411917250517, 0.832412934217382, 0.832368305074478, 0.925947021009748, 0.89797485777441, 0.76591611574805, 0.746661377436016, 0.769977166266359, 0.769987072660006, 0.769968938922483, 0.894577199820489, 0.998729127228586, 0.747322520073712, 0.821811514708409, 0.768639803124027, 0.738014506184075, 0.890094842133726, 0.837435274310391, 0.837465228558299, 0.467685310342799, 0.460966525523504, 0.460843753404273, 0.468206218743649, 0.468028205886963, 0.766868640682946, 0.867815866536766, 0.7601070400945, 0.760096394918954, 0.941095307297674, 0.769981934767707, 0.804455277972063, 0.789709157685206, 0.823563972535044, 0.621053712533515, 0.842157870438341, 0.714050301913297, 0.772674089588991, 0.998772581036651, 0.723563965818845, 0.890102465019684, 0.668665788098277, 0.950508564026936, 0.751759912807617, 0.998763950720829, 0.732736681877962, 0.762187550665327, 0.810372484430843, 0.460813731994374, 0.472993794097724, 0.460757618151038, 0.521898099946982, 0.473136009613299, 0.837454818449721, 0.643301491385736, 0.773317770109072, 0.769981464633772, 0.8044103466002, 0.869063031125419, 0.911345634813122, 0.723805782566816, 0.81665505211972, 0.769969946352345, 0.723539854664138, 0.828279415910971, 0.741875246064744, 0.786521985410535, 0.746110514787257, 0.731127648482737, 0.742086873497838, 0.732696552588443, 0.760119968777734, 0.765941502980582, 0.9987400074711, 0.762927407156271, 0.77468481885135, 0.779309996511606, 0.460951581980545, 0.889244672072849, 0.714083076964821, 0.760096965795876, 0.723526254360996, 0.723427190424527, 0.760100088828449, 0.72354650370123, 0.748098408972734, 0.751518834841545, 0.850863340527278, 0.85716622471838, 0.72355221247045, 0.837502537044204, 0.903837427953653, 0.741899122152483, 0.627245980925726, 0.837446322457882, 0.837483463038809, 0.99876035755432, 0.746393636159586, 0.754587802012361, 0.826058200969362, 0.752182798282856, 1, 0.837429733446148, 0.714074715296963, 0.886743223724517, 0.886206230026863, 0.837410357211794, 0.714088013371146, 0.731500531855805, 0.762175864478923, 0.794273419419782, 0.755256735440993, 0.998688561386127, 0.837433662422611, 0.752441371947538, 0.723575316195295, 0.723520008295849, 0.727444585648799, 0.806346526052741, 0.974128361608755, 0.788062580737108, 0.76993827947367, 0.536600464196816, 0.837432621411753, 0.896069102703713
0.797114841765678, 0.819605914929667, 0.775601344959163, 0.777919306748558, 0.80095220927354, 0.80092504224825, 0.810847386867977, 0.804600381453243, 0.768456887442011, 0.756412996275062, 0.786279564204647, 0.786287388576578, 0.786276508334064, 0.786721053551345, 0.837433729584602, 0.746559391952946, 0.789897043354543, 0.784233910707059, 0.736187129156672, 0.923756599840934, 0.998621869529236, 0.998617436837842, 0.473166098185189, 0.46560181106338, 0.46551483628526, 0.472125355975342, 0.471954529451675, 0.775642851069494, 0.771994343079837, 0.756499534500242, 0.756484658119274, 0.894978761363641, 0.786278556774785, 0.7990628753096, 0.788130481509834, 0.792445169286499, 0.631178550555584, 0.805323783256435, 0.722216293310921, 0.777104598218837, 0.837442662129382, 0.723679652348044, 0.923738701170378, 0.677991734239465, 0.876452226937143, 0.733585710184995, 0.837440277878707, 0.743213583055943, 0.754485514300333, 0.835038699410734, 0.465426585429314, 0.477572730727296, 0.465398813946107, 0.531925821730316, 0.477710446389486, 0.998560013335685, 0.679046278238427, 0.775881309717924, 0.786283929734051, 0.799010287470783, 0.815299286591901, 0.853112998572002, 0.736711932952991, 0.822617189950363, 0.786279463461661, 0.72365742172908, 0.839463331366383, 0.750330839966811, 0.792392648609673, 0.756421324361924, 0.733638868900734, 0.767604165225482, 0.735022876045695, 0.756509373731898, 0.76845762622391, 0.837442393481418, 0.769700660350126, 0.770677632249684, 0.786339472700464, 0.465617359064256, 0.814663329700765, 0.722245508776931, 0.756486102102076, 0.723643619939965, 0.731974594768054, 0.756490702698448, 0.723661988744456, 0.751042018287673, 0.757537590230456, 0.84923704650041, 0.803184002228703, 0.723678107622255, 0.998647088856791, 0.835686107421306, 0.75031327710621, 0.609426527938649, 0.998552793421671, 0.998603769372708, 0.837450318596336, 0.755361676051659, 0.768658138347522, 0.806425575715943, 0.75372916954064, 0.837429733446148, 1, 0.722221834175164, 0.825412874980506, 0.807915060767498, 0.998532879891391, 0.722237281433054, 0.729986532677599, 0.75451620733014, 0.747421718334162, 0.751949376783739, 0.837421304616299, 0.998520925057024, 0.753354607117801, 0.723700338241218, 0.723632739697451, 0.733492220693765, 0.801278784453933, 0.862173990659379, 0.769392051002279, 0.786251423330491, 0.545721566265983, 0.998529756858818, 0.939946199215628
0.776045252137531, 0.725274145172255, 0.805117629525593, 0.769225858655978, 0.726068537199751, 0.72610786054538, 0.71093324675705, 0.725868192981115, 0.824044046445472, 0.855747326919184, 0.807966506852471, 0.80795626464887, 0.807945048596402, 0.745399101399428, 0.714080121837224, 0.76962866269596, 0.753773429292595, 0.808660793932639, 0.877591798016491, 0.703014344323677, 0.722168944107388, 0.722208166710031, 0.472965015184655, 0.467321493838492, 0.46719865455727, 0.475320520526921, 0.475100128454024, 0.791034700317152, 0.776282703356098, 0.832568951522072, 0.832553336359205, 0.69900020645596, 0.807953746074214, 0.749517944810843, 0.867082961311872, 0.718238355756259, 0.590163327215771, 0.81859116441027, 0.998889308576707, 0.818221639136743, 0.714074413068004, 0.853344539535376, 0.703077107204104, 0.648649802201221, 0.716676873050539, 0.729846533507722, 0.7140737078671, 0.893068036305623, 0.832341574602129, 0.755379876951173, 0.467137940117563, 0.475995968668663, 0.467065237262493, 0.509235881911489, 0.476235501908945, 0.722229457061123, 0.546661263260631, 0.805208734766149, 0.807975708045214, 0.74942022411419, 0.793473452947048, 0.717219508355422, 0.888314075527957, 0.790259818847992, 0.807956130324888, 0.853305316932733, 0.74568497641338, 0.826465471281734, 0.824708177791759, 0.82502313394774, 0.856578825946611, 0.819796621402619, 0.86082386673879, 0.832588260594435, 0.824073866369399, 0.714082002372967, 0.82275997634286, 0.830327084268284, 0.802256058582449, 0.467254499752642, 0.741091264145826, 0.998916509182992, 0.832567003824338, 0.853315424812353, 0.857692573240487, 0.832570462666866, 0.853361800167018, 0.832013589019928, 0.832847136488075, 0.754727566115271, 0.732392510255972, 0.853341181435835, 0.722281138213064, 0.716026140521422, 0.826469467420188, 0.532832710092446, 0.722237885890972, 0.722252527204972, 0.71411390431861, 0.88674597736614, 0.865286109409301, 0.740608167945812, 0.833938518839006, 0.714074715296963, 0.722221834175164, 1, 0.717658647032441, 0.724892967293319, 0.722224822883756, 0.998816269911683, 0.919144115796944, 0.832344193919771, 0.79166347087527, 0.834276746624808, 0.714106717985592, 0.722230733138949, 0.811281689881656, 0.853335204018651, 0.853311730902857, 0.865896242514964, 0.767693087701336, 0.716735102496586, 0.781052514363599, 0.807907807272488, 0.521122345371941, 0.722242520068339, 0.727652854982352
0.796765666575371, 0.8709293621075, 0.779845781293424, 0.826984230498878, 0.839592786103701, 0.839540231845879, 0.852114064701444, 0.840569724422263, 0.763937758565269, 0.754713797907152, 0.769469186548743, 0.769470899179509, 0.769450414772307, 0.826728914190751, 0.886769383319943, 0.740310438840478, 0.833272943509915, 0.780037831006193, 0.738731628341124, 0.857328353764235, 0.825411565321685, 0.825437624174126, 0.476809904835489, 0.467873766889058, 0.46775939001868, 0.473690767657525, 0.473500934290454, 0.779438779629016, 0.811896759393645, 0.762765479596389, 0.762747513763843, 0.873755437938492, 0.769458239144238, 0.875344994356378, 0.807150488663929, 0.806128014515587, 0.617456348399872, 0.79995841329528, 0.717626845829784, 0.763157201907884, 0.886778987484632, 0.72890458658638, 0.85734464054701, 0.662698881766285, 0.873327246665978, 0.743725155940068, 0.886775259994141, 0.742103663995545, 0.764779634120279, 0.835969094469653, 0.467724197135487, 0.481421918745543, 0.467667747482198, 0.522792126787869, 0.481555470364301, 0.825435004856484, 0.614740283909854, 0.770415532580483, 0.769462806159614, 0.875334987219745, 0.807499361625277, 0.930740372295034, 0.727393609697762, 0.780046696388982, 0.769449810314389, 0.728886117038903, 0.85297551797678, 0.750363749342316, 0.782821796268936, 0.754342392097881, 0.746195877677597, 0.760924636589826, 0.74245717113426, 0.762775856123971, 0.763952601365242, 0.886788457325338, 0.777465258109575, 0.819938736175208, 0.776356984517952, 0.467819735067438, 0.88760447551388, 0.717662576008904, 0.762752920304104, 0.728874128623541, 0.733414077717438, 0.762752282265191, 0.728888534870573, 0.761222097047196, 0.755204449831135, 0.820333144966336, 0.881536255318726, 0.7288956540416, 0.825486551684443, 0.875117382369467, 0.750359753203862, 0.647893020888588, 0.825426038730708, 0.82545867945825, 0.886775696547081, 0.754872669596452, 0.767568569370344, 0.847169195964854, 0.758785057048067, 0.886743223724517, 0.825412874980506, 0.717658647032441, 1, 0.877731897929356, 0.825408341546125, 0.717663818505734, 0.735139066289825, 0.764793133680435, 0.787453018508367, 0.763533208313526, 0.886734056112769, 0.825428691629346, 0.764436604252133, 0.72892164573205, 0.728864524458852, 0.737006270377788, 0.829886971742398, 0.885785392992345, 0.812166717015772, 0.769425665578687, 0.534723991754119, 0.825419255369635, 0.843331794875997
0.812872085824427, 0.860396850801115, 0.777217161715462, 0.812404739111262, 0.837952320896768, 0.837937578839782, 0.857638642161853, 0.834337192416552, 0.776236092934464, 0.757367939041628, 0.78625669554677, 0.786267878018243, 0.78623839390427, 0.856101640001789, 0.886248239852125, 0.746680787251365, 0.878332091060376, 0.789556129089107, 0.743434814653726, 0.844014462931753, 0.8079172435322, 0.80794410832853, 0.473513426420748, 0.464194129316652, 0.464072095979321, 0.470907071042745, 0.470730267101894, 0.777300509746078, 0.810692175507177, 0.773990095218241, 0.773985830431823, 0.853705199426114, 0.786252061369403, 0.815949582568078, 0.790052624106292, 0.818577261878169, 0.614067522247745, 0.808164634725409, 0.724861098928672, 0.794642709626342, 0.886274164380584, 0.735800343251503, 0.844038339019491, 0.658774976033244, 0.874854208108413, 0.747041782952057, 0.886263519205038, 0.745390471083606, 0.764333309110242, 0.825776154188887, 0.464064305188385, 0.478795784161241, 0.464007654049123, 0.523854461577767, 0.478945857629743, 0.807933429571989, 0.618768492214649, 0.784590574459343, 0.786251859883431, 0.815874696948307, 0.82383218394541, 0.905375269638603, 0.730274556875259, 0.787523807246698, 0.786238125256307, 0.735764277262429, 0.834755242228451, 0.760672745543231, 0.791361947117454, 0.764423440501931, 0.737498634932536, 0.749215581528142, 0.737940695156156, 0.773991136229099, 0.776246234395079, 0.886275776268364, 0.767340151439543, 0.767100215227316, 0.787815861163807, 0.464199334370941, 0.895842464565669, 0.724913619605498, 0.773971222698819, 0.735749803853406, 0.735487267631265, 0.773973539787502, 0.735777105202677, 0.765805735016126, 0.755928691159212, 0.824762176032384, 0.848469687174222, 0.735777441012631, 0.807996662586352, 0.873323116203542, 0.760657734838281, 0.635502540267979, 0.807939709218131, 0.80796966346604, 0.886290014610419, 0.757772556455362, 0.765962961236651, 0.841232579690724, 0.759833153495909, 0.886206230026863, 0.807915060767498, 0.724892967293319, 0.877731897929356, 1, 0.807930340120411, 0.724888265953961, 0.735476857522687, 0.764348957854105, 0.810748188607526, 0.767714545957406, 0.886263619948025, 0.807922280681512, 0.759148772809387, 0.735812566733833, 0.735752624657021, 0.731683783347775, 0.822884763321816, 0.888386274668095, 0.798009204416519, 0.786212032822871, 0.537603662853791, 0.807928896137608, 0.83368897846209
0.797114741022692, 0.8196049410808, 0.775610311084939, 0.777917325469828, 0.800961847019223, 0.800936560529677, 0.81084883085078, 0.804596653962752, 0.768468741533392, 0.756423775774589, 0.786292358563899, 0.786300518745785, 0.786291586201005, 0.786716117145019, 0.837428457368322, 0.74657232063618, 0.789913262975327, 0.784239720219265, 0.736204893503246, 0.92371445569169, 0.998611828811607, 0.998602627618864, 0.473231144573304, 0.465667327585431, 0.465580016997357, 0.47219221573721, 0.472021590699515, 0.775641877220627, 0.771988466405639, 0.756518171952696, 0.756504168677609, 0.894941923011673, 0.786293903289688, 0.799061162678834, 0.788135014944215, 0.792428009397843, 0.631205314608928, 0.805327645070908, 0.722219349181504, 0.777109803273126, 0.837437725723056, 0.72369842412448, 0.923717780210236, 0.677999155639451, 0.876446417424937, 0.733596959818458, 0.837434804176455, 0.743234571178076, 0.754490652192631, 0.835035777864133, 0.465495392888915, 0.477629650514521, 0.465467890053672, 0.531987039884954, 0.477767231852729, 0.998584964015277, 0.679050878834799, 0.775913043758589, 0.786299477734927, 0.799008977811962, 0.815320006066071, 0.853107995003685, 0.736716936521307, 0.822631193225451, 0.786293936870684, 0.723675186075654, 0.839457521854176, 0.750338798662724, 0.792392749352659, 0.756443655723874, 0.733661871882592, 0.767615347696955, 0.735033722707214, 0.756528346994306, 0.768469010181355, 0.837437792885047, 0.769711775659608, 0.770680352310312, 0.786335275076037, 0.465684621798069, 0.814670348128806, 0.722247624379642, 0.756506217118329, 0.72366232455441, 0.731989538311013, 0.756509877446829, 0.723680626196911, 0.751060655740127, 0.757549309997855, 0.849259042052406, 0.803198475637727, 0.723695737644847, 0.998628787214291, 0.83566411186931, 0.75032096715416, 0.609451747266205, 0.998520857895033, 0.99857989328497, 0.837445516513992, 0.75538649240727, 0.768663007591857, 0.806422654169343, 0.753738941610305, 0.837410357211794, 0.998532879891391, 0.722224822883756, 0.825408341546125, 0.807930340120411, 1, 0.722239934331692, 0.729996976367173, 0.754520472116558, 0.747444519830048, 0.75195317143622, 0.837418853203634, 0.998512026093239, 0.753363438919595, 0.723718371235755, 0.723650302558053, 0.733508776124503, 0.801280698570672, 0.862165964801475, 0.769399203754302, 0.786270799564844, 0.545749875045116, 0.998510246300482, 0.939937233089853
0.776044177545678, 0.725281600153237, 0.805114338588043, 0.769215045575455, 0.7260725669192, 0.72611115148293, 0.710938888364279, 0.725877998631776, 0.824031084181242, 0.855744170305615, 0.807961066731214, 0.807951160337567, 0.80794169049686, 0.745409511508006, 0.714091405051683, 0.769626916484199, 0.753782966295292, 0.808655756783327, 0.877574000088923, 0.703031940765273, 0.722185197309168, 0.722224419911811, 0.472981402710416, 0.46734251554162, 0.46721813153461, 0.475342683983893, 0.475122157587015, 0.791039938952437, 0.776295128324401, 0.832552698320292, 0.832537956263306, 0.69901645965774, 0.807949582030782, 0.749518817916724, 0.867080274832239, 0.718243863039507, 0.590168767337028, 0.81859116441027, 0.998853847045551, 0.818223116700541, 0.714086099254408, 0.853339435224073, 0.703094434997737, 0.64867169701023, 0.716693327738292, 0.729849018501382, 0.714084856757578, 0.893050104054072, 0.832348760935147, 0.755380682895063, 0.46715802155282, 0.476010274172709, 0.46708444559187, 0.509245418914187, 0.476247994039239, 0.72224631472082, 0.546675568764677, 0.805221361220425, 0.807971006705856, 0.749421768839979, 0.793461363788699, 0.717226493202468, 0.888286270463755, 0.790292661061506, 0.807952436415393, 0.853304040854908, 0.745695722331913, 0.826459963998486, 0.824702670508512, 0.825009432901612, 0.856569691915859, 0.819804143545592, 0.860829172536065, 0.832570932800801, 0.824060702619197, 0.714093016939463, 0.822749499072291, 0.830325002246569, 0.802262237485606, 0.467273170786092, 0.741098584802827, 0.998870368895294, 0.832550481974595, 0.853313812924573, 0.857680685568111, 0.832551455823462, 0.853357300313633, 0.832002238643478, 0.832840084479039, 0.754755706989428, 0.732400166722926, 0.853338696442174, 0.722298264520725, 0.716032991044486, 0.826465370538748, 0.532849164780198, 0.722255213684605, 0.722268713244761, 0.714124515913161, 0.886740537244884, 0.865274020250952, 0.740621600343977, 0.833931869801914, 0.714088013371146, 0.722237281433054, 0.998816269911683, 0.717663818505734, 0.724888265953961, 0.722239934331692, 1, 0.919122959769833, 0.832350708632881, 0.791655008464426, 0.834262575444743, 0.714119008629913, 0.722247187826701, 0.811276854218317, 0.853335606990596, 0.853305551999701, 0.865890063611808, 0.767697050258795, 0.716744102203357, 0.781052984497535, 0.807902971609149, 0.521142829779143, 0.722259243404054, 0.727664339682783
0.786785092509598, 0.73669970947066, 0.816156743728783, 0.783151125090954, 0.724294621117046, 0.724343414303382, 0.726947519754692, 0.741489836980386, 0.82021765992311, 0.848218568490522, 0.802960419961242, 0.802932917125999, 0.802936879683458, 0.762688847764856, 0.731498013281149, 0.779030233238818, 0.762660471823731, 0.818842115188993, 0.860679972173444, 0.714464892882669, 0.729941634886732, 0.729980185869466, 0.480460326941885, 0.47555209507129, 0.475421397837142, 0.483053115597741, 0.482818149372835, 0.802417146617447, 0.79234654190297, 0.826496802350455, 0.82647977678578, 0.717620633345633, 0.802948397964884, 0.75186582726715, 0.841487157216952, 0.725958525858777, 0.595744522234447, 0.81590747199983, 0.919180484014976, 0.817957188797863, 0.731491968701975, 0.877393871629526, 0.714533297370326, 0.652315537241525, 0.727714173879976, 0.729504175259484, 0.731498718482053, 0.884306788183304, 0.849826762360862, 0.76793678498505, 0.475370489048096, 0.483432379359938, 0.475287107436485, 0.514278975059663, 0.483684404730515, 0.730006714855843, 0.558809960714265, 0.817772023189155, 0.802975800057141, 0.751786710441957, 0.79975890860153, 0.7339070803111, 0.837552606308365, 0.80783151125091, 0.802952192617366, 0.877368551558984, 0.756237501993032, 0.817057318863775, 0.807921206089658, 0.813985967442285, 0.88155284433046, 0.830964485142223, 0.86701166885861, 0.826509462385726, 0.820238144330312, 0.731466984441388, 0.83602893580348, 0.798597442713172, 0.808326125732351, 0.475542188677644, 0.755634219410433, 0.91919217020138, 0.826495324786657, 0.87737758484675, 0.881374932216761, 0.826498985115157, 0.877392998523645, 0.82528560300789, 0.847167718401056, 0.76503770407003, 0.744634428552873, 0.877377819913718, 0.730052955886527, 0.725005530789945, 0.817053054077357, 0.548524739858103, 0.730014673551756, 0.730024882174361, 0.731527833205076, 0.878987927900797, 0.85157824633863, 0.756004684951832, 0.822363586273002, 0.731500531855805, 0.729986532677599, 0.919144115796944, 0.735139066289825, 0.735476857522687, 0.729996976367173, 0.919122959769833, 1, 0.849836702335504, 0.788394999010704, 0.832743807765189, 0.731518699174324, 0.730007520799733, 0.823973862165058, 0.877381245175251, 0.87736777919609, 0.849574031789382, 0.764575058696222, 0.729483892338254, 0.77089919965742, 0.80290091443737, 0.528859776106101, 0.730018031651297, 0.742370364261117
0.821484570137066, 0.753614087469359, 0.84467940022193, 0.808436304978302, 0.744951198082606, 0.744994618309675, 0.748765529027614, 0.76031839887963, 0.836238044661918, 0.865046777654991, 0.834593281087573, 0.834595262366302, 0.834571151211596, 0.767600101925037, 0.762188457352203, 0.791082486073625, 0.785154802344276, 0.83348017183261, 0.866359895318635, 0.737050899520692, 0.754472451293117, 0.754510129169971, 0.483690986605616, 0.477678880253797, 0.477577667133622, 0.485470712200526, 0.485255491600923, 0.827403858617562, 0.813853188186421, 0.840449739525651, 0.840431236397178, 0.739092691203807, 0.834590057312013, 0.766790061153679, 0.810049468835963, 0.742117197136696, 0.607230398000614, 0.833985968785524, 0.832370689325152, 0.855758475809661, 0.762173748876212, 0.855640203543816, 0.737113796725101, 0.661812410649366, 0.760076078416729, 0.750450018919533, 0.762177610690684, 0.865194332548836, 0.998862208713409, 0.786053765591488, 0.477491901271336, 0.486508835092731, 0.477415638830753, 0.521916603075455, 0.486747293741161, 0.754535382078521, 0.579146645117518, 0.836432881597306, 0.834608392535509, 0.766714235266036, 0.820854993635058, 0.753549914187124, 0.806089194884889, 0.811565214225931, 0.8345894192731, 0.855610517943871, 0.77333059804932, 0.834201458033091, 0.801440846337798, 0.835333238321504, 0.859293513615818, 0.844115843956905, 0.845038851196833, 0.840458705651426, 0.836267730261863, 0.762182681420992, 0.838706247824791, 0.780064998031482, 0.836249495781354, 0.477640967309976, 0.78668492040028, 0.832386942526932, 0.840444299404394, 0.855615252864224, 0.848949358112705, 0.840447825408912, 0.855636106662375, 0.841504921563526, 0.882889804500847, 0.792014560182315, 0.766322546535536, 0.855632547076862, 0.754592100379774, 0.750603282582599, 0.834202364719967, 0.569008979155202, 0.754526012980801, 0.754553347911067, 0.76221424755668, 0.868974847431464, 0.83047222133046, 0.778232248044814, 0.835467864532115, 0.762175864478923, 0.75451620733014, 0.832344193919771, 0.764793133680435, 0.764348957854105, 0.754520472116558, 0.832350708632881, 0.849836702335504, 1, 0.817462339249454, 0.853583199669778, 0.762208202977506, 0.754536523832365, 0.871171246017462, 0.855640337867798, 0.855613238004499, 0.843571731088224, 0.778643245847676, 0.761413072168111, 0.796093912343125, 0.834536529205325, 0.535956145637822, 0.754522386233296, 0.769087101982931
0.806156356875716, 0.78638218772663, 0.824759388809765, 0.830985103873407, 0.780856905065317, 0.780878833455322, 0.782827437876166, 0.798695734286747, 0.837762856920647, 0.819216341801878, 0.835059620370877, 0.835077922013377, 0.835046154391716, 0.794762795265939, 0.79430777277809, 0.768929069818516, 0.81545926645405, 0.841352195196386, 0.809045296330121, 0.766984159307168, 0.747405565875369, 0.747434311207442, 0.495446719250923, 0.486404532520978, 0.486283909585453, 0.494465482564949, 0.494247709809694, 0.849521074559615, 0.818673639335005, 0.844403868154564, 0.844385633674055, 0.76607659932513, 0.835059754694858, 0.764769391916678, 0.775058239520345, 0.752909356699617, 0.628850749534534, 0.816126957385851, 0.791647922874394, 0.863632917005107, 0.794298302937383, 0.793566774533301, 0.767032549521558, 0.672403151401798, 0.793876861444947, 0.762814507849692, 0.794294508284902, 0.797152083089591, 0.817465764510986, 0.777190901377049, 0.486264768418068, 0.497448683873479, 0.486216445365668, 0.536893760610755, 0.497630054829706, 0.74744062443458, 0.572444516471948, 0.828717278510164, 0.835064254548244, 0.764646216825502, 0.807065327259561, 0.786667659768638, 0.783966203011624, 0.776870639423793, 0.835049579653248, 0.793563080623806, 0.766613693765769, 0.829797411227631, 0.790038385764237, 0.835714886334375, 0.796503399001194, 0.786620444889087, 0.810527897277616, 0.844420356423312, 0.837778169854555, 0.794268012879521, 0.802260759921807, 0.764594602835552, 0.823896961685562, 0.48644251262679, 0.848926590197815, 0.79168338440555, 0.844409241113831, 0.793557539759563, 0.792839712401609, 0.844393222979018, 0.793579333825586, 0.839829129149419, 0.801198559455891, 0.805273311020329, 0.797450550976824, 0.793573826542338, 0.747498887461622, 0.767970198075487, 0.829810877206792, 0.582777489503588, 0.747453418793832, 0.747467925783851, 0.794314959111108, 0.811642517677372, 0.797674032501299, 0.808598098214203, 0.830459695619171, 0.794273419419782, 0.747421718334162, 0.79166347087527, 0.787453018508367, 0.810748188607526, 0.747444519830048, 0.791655008464426, 0.788394999010704, 0.817462339249454, 1, 0.829897818403917, 0.794298974557292, 0.74745526574858, 0.8148197499774, 0.793591288659953, 0.793538062782223, 0.804027590414479, 0.782622896033104, 0.79139858398345, 0.83447843408326, 0.835021069388142, 0.552996250883348, 0.747442068417383, 0.767074357860848
0.816115808495374, 0.754926332027122, 0.856841530073729, 0.802312911207684, 0.754336716909657, 0.754355824496047, 0.746419392783068, 0.75322048462212, 0.879521362012936, 0.847896392420528, 0.839373569365643, 0.839380654955675, 0.839360304872455, 0.759772338313216, 0.755269462638255, 0.770608321075151, 0.779854210123273, 0.830025056795538, 0.843356611231607, 0.732006866104646, 0.751901188055321, 0.751937992826293, 0.48005930269466, 0.474170169948045, 0.474070568715649, 0.481875765898553, 0.481649665056436, 0.825818063271162, 0.793611672324169, 0.880366091952556, 0.880352894621359, 0.733477713703746, 0.839359263861597, 0.780492416941102, 0.795267618369986, 0.729336572511376, 0.610233378515443, 0.828502830273455, 0.834274563860106, 0.841439774432424, 0.755255089972218, 0.825803992834084, 0.732063181433954, 0.677025306772467, 0.754155245210443, 0.771483777625574, 0.755252101263626, 0.828819431898211, 0.853586692093301, 0.776345331912544, 0.474005287260566, 0.484004330873816, 0.473949106255239, 0.521357311596848, 0.484218409719576, 0.751947395505009, 0.572231209989084, 0.862989706618962, 0.839381024346625, 0.780396106646257, 0.804615123510229, 0.749734273583295, 0.818516748924434, 0.793125520253571, 0.839362252570189, 0.825797746768937, 0.776589264263226, 0.872084749835688, 0.827117916441618, 0.874752524854302, 0.835756023053756, 0.805135595358139, 0.832587118840591, 0.880373177542588, 0.879527003620166, 0.755259858473566, 0.81888577048303, 0.789197786287053, 0.828420523253698, 0.474204859116307, 0.784403796962854, 0.834316069970437, 0.880351114828602, 0.825801071287483, 0.822585556652684, 0.880361558518175, 0.825818969958038, 0.88772637452723, 0.835168557119997, 0.79109460881297, 0.771596341122199, 0.825819574415956, 0.752004852588161, 0.738552305825618, 0.872126692498959, 0.560794026666265, 0.75194709327605, 0.75197221186062, 0.755293036497035, 0.839074631344474, 0.809458544059676, 0.78059463749114, 0.879838064380678, 0.755256735440993, 0.751949376783739, 0.834276746624808, 0.763533208313526, 0.767714545957406, 0.75195317143622, 0.834262575444743, 0.832743807765189, 0.853583199669778, 0.829897818403917, 1, 0.755279335450906, 0.751952029682376, 0.840223907331497, 0.825828238312773, 0.825784146465795, 0.844227467185659, 0.796538994856332, 0.755685329685452, 0.802576824250637, 0.83931567572955, 0.534874669680539, 0.751956898926711, 0.769210377817093
0.788483787162576, 0.849357199301999, 0.771992462544093, 0.815439823057705, 0.832424049526864, 0.832383181455446, 0.925953703627836, 0.897992622120984, 0.765958998679192, 0.746696200928259, 0.770005139235538, 0.770028142217396, 0.769993352306148, 0.894583949600568, 0.998728623513655, 0.747350493042891, 0.821835793768093, 0.768664753803619, 0.738036971870006, 0.890104950013345, 0.837441352470561, 0.837471172394488, 0.467717917489345, 0.460993894034766, 0.460872263669379, 0.468221766744525, 0.468045634423583, 0.766886203543547, 0.867809855538587, 0.760143542636514, 0.760146598507096, 0.941095811012605, 0.770008765983043, 0.804470423000994, 0.789725914601917, 0.8235957737377, 0.621073626063796, 0.842183492737841, 0.714081162848082, 0.772724360339125, 0.998796188476426, 0.723578707875831, 0.890117341400653, 0.668687917974255, 0.950547954534556, 0.751784662001237, 0.998766737943449, 0.732755923788334, 0.762215456472515, 0.81039542025071, 0.460842443745452, 0.473028953399921, 0.460787807465915, 0.521912237546051, 0.47317150472545, 0.837462575659662, 0.643327852467135, 0.773356086024839, 0.770008833145034, 0.804424014065333, 0.86907569116069, 0.911360376870109, 0.723824285695288, 0.816670868768559, 0.769999464047313, 0.723554260911171, 0.82831470953715, 0.741898517694565, 0.786533436529971, 0.746136137086757, 0.731142256215741, 0.742110145127659, 0.732710287215567, 0.760152240114326, 0.765965580554293, 0.998760659783279, 0.762966126043983, 0.774707888995199, 0.779326820590308, 0.460978816167825, 0.889268212350633, 0.714113199117706, 0.760129774428394, 0.72354079493201, 0.723442268291467, 0.760131957193096, 0.723560506976317, 0.748133232464978, 0.751540293097614, 0.850877007992411, 0.857178213133742, 0.723566618717483, 0.837501697519318, 0.903832290061355, 0.74192366986013, 0.627256961911226, 0.837446154552905, 0.837488936741061, 0.998796860096335, 0.746429802891646, 0.754612148234036, 0.826068040201019, 0.75220707734254, 0.998688561386127, 0.837421304616299, 0.714106717985592, 0.886734056112769, 0.886263619948025, 0.837418853203634, 0.714119008629913, 0.731518699174324, 0.762208202977506, 0.794298974557292, 0.755279335450906, 1, 0.837436718293194, 0.752460949667864, 0.723589923928299, 0.723535220486771, 0.727479812112987, 0.806369797682562, 0.974135312874806, 0.788076584012195, 0.769963095829281, 0.536609161674628, 0.837438901057895, 0.896073166004158
0.797129449498683, 0.819617298887112, 0.775625691180838, 0.777926258014608, 0.800983674666242, 0.800951269005668, 0.810861591629037, 0.804612974326523, 0.768464107356025, 0.756421492266901, 0.786294642071587, 0.786299914287867, 0.786288698235399, 0.786729549543184, 0.837453038656964, 0.746571581854281, 0.78991836728663, 0.784246570742329, 0.736211408216356, 0.92373399983102, 0.998606590176323, 0.998603702210717, 0.473178288086524, 0.465619978381898, 0.465531324554007, 0.472142381540016, 0.47197081623445, 0.775640063846875, 0.771992899097034, 0.756503933610641, 0.756489393039627, 0.894969526589902, 0.786296724093303, 0.7990884976091, 0.788153417329701, 0.792419211177045, 0.631197926789938, 0.805340137201201, 0.722226602676513, 0.777114571774475, 0.837460359313964, 0.723695536158874, 0.923721877091676, 0.67799902131547, 0.876448096474707, 0.733597698600358, 0.837458176549263, 0.743240011299333, 0.754506300936493, 0.835059015912959, 0.465449051115245, 0.477584114684741, 0.465420003554213, 0.531957152799036, 0.477725389932444, 0.99855756192302, 0.679063706775046, 0.775906394721497, 0.786300082192844, 0.799036648552182, 0.815328602800897, 0.853112964991006, 0.736728219735766, 0.822629917147625, 0.786294944300546, 0.72367404432181, 0.839477133155497, 0.750342962706155, 0.792398055149934, 0.756448424225223, 0.733671543209271, 0.767616153640845, 0.735041916470095, 0.756513974328269, 0.768464443165979, 0.837459486208084, 0.769726148325645, 0.770703254549184, 0.786337491421735, 0.465638280024399, 0.814666788543293, 0.722253064500898, 0.756491508642338, 0.723658832130887, 0.731992090466664, 0.756495101808847, 0.723678342689222, 0.751055282780861, 0.757551526343552, 0.849264683659635, 0.803210766282048, 0.723693991433085, 0.998596683782676, 0.835698028674678, 0.750326743085371, 0.609451814428196, 0.998538924470565, 0.998581303686777, 0.83746647105513, 0.755392469824453, 0.768670798382793, 0.806430646446251, 0.753734777566874, 0.837433662422611, 0.998520925057024, 0.722230733138949, 0.825428691629346, 0.807922280681512, 0.998512026093239, 0.722247187826701, 0.730007520799733, 0.754536523832365, 0.74745526574858, 0.751952029682376, 0.837436718293194, 1, 0.753366662695154, 0.723715886242094, 0.723649362290181, 0.733516902725393, 0.801296481638516, 0.862190546090118, 0.76939906943032, 0.78626885186711, 0.545740741014364, 0.998505880771079, 0.939949926706119
0.817640452849126, 0.757873668832551, 0.840053853170724, 0.806892485876169, 0.743991352490709, 0.744030340026384, 0.741483389429267, 0.771388138950637, 0.829549952872431, 0.835536302600767, 0.836272498763212, 0.836279450029263, 0.836262525207574, 0.768403460078308, 0.752450203749332, 0.789104666186772, 0.784663680286357, 0.833329896878136, 0.839900790993631, 0.741845023168872, 0.753309709326933, 0.753348730443604, 0.48984661813183, 0.483258799194647, 0.483147041641912, 0.489927414006794, 0.489719312578219, 0.820127159140472, 0.803357548812999, 0.83599444812119, 0.835982728353791, 0.737252822046112, 0.836273371869093, 0.760036352099155, 0.799302307806896, 0.750157394125502, 0.611634847778019, 0.821478089004951, 0.811278902659037, 0.836997949007124, 0.752437308647093, 0.83547229722351, 0.741899189314474, 0.667719005513596, 0.756405642037066, 0.748375149955935, 0.752441774919483, 0.850023009698057, 0.871185685845489, 0.778752081853811, 0.483095192584994, 0.494089778388265, 0.483024504589649, 0.530297915815668, 0.494320916379695, 0.753371431196503, 0.586190426810422, 0.831549969797253, 0.836284050625634, 0.759924258736465, 0.816187403177595, 0.759473904006978, 0.796523614760433, 0.797599247624514, 0.836266890736978, 0.83546094684706, 0.776266080763369, 0.828782257736289, 0.802141715293067, 0.826840772486473, 0.841360086730308, 0.821916354576089, 0.832642527483022, 0.836009055854195, 0.829553982591881, 0.752439927964735, 0.822261869437896, 0.775869959341474, 0.818208139576587, 0.48328710797378, 0.783347808981089, 0.811311677710561, 0.835991358669612, 0.835455271658835, 0.829914138767688, 0.835993675758296, 0.83549016231307, 0.838437801347458, 0.87140554062246, 0.790617087058193, 0.76623634412031, 0.835492714468721, 0.753427612201829, 0.745093749408135, 0.828787126980624, 0.567296784942067, 0.753367972353975, 0.753385703119554, 0.752464442091387, 0.841119512479168, 0.820273169308528, 0.772217186565399, 0.831674588871231, 0.752441371947538, 0.753354607117801, 0.811281689881656, 0.764436604252133, 0.759148772809387, 0.753363438919595, 0.811276854218317, 0.823973862165058, 0.871171246017462, 0.8148197499774, 0.840223907331497, 0.752460949667864, 0.753366662695154, 1, 0.835471759927583, 0.835446271952065, 0.818316438286794, 0.76614329118202, 0.75250695563158, 0.783971206579941, 0.836231597110799, 0.542487212692757, 0.753375964630884, 0.765110877059036
0.794500628434748, 0.732016000135399, 0.82072715078552, 0.770726727664978, 0.719722937982483, 0.719773611704562, 0.721955201071583, 0.732584593549735, 0.812878298308579, 0.839704140684491, 0.805009364396381, 0.804995226797312, 0.80499428652944, 0.827733926221478, 0.723582737595281, 0.782024818504794, 0.757279889671654, 0.803490529554836, 0.860284018656526, 0.706567952420296, 0.723660679085635, 0.723684454430388, 0.474967920075082, 0.468861518288143, 0.468739216302848, 0.476696804042937, 0.476481583443333, 0.809068635121933, 0.854725289323782, 0.829472112125063, 0.829457773040022, 0.705392080284907, 0.805008424128509, 0.751004911287741, 0.806041509871402, 0.718855305803991, 0.59863487209066, 0.804216483513679, 0.853348804321793, 0.824512434169496, 0.723568364929244, 0.998973764780171, 0.706619969382192, 0.649347010827991, 0.723876974277092, 0.739814581862206, 0.723578607132845, 0.855207680322893, 0.855646516770954, 0.768301911148179, 0.468650360988984, 0.477464129788129, 0.468606672113952, 0.51637728355806, 0.477696342371412, 0.723718841369691, 0.565747223489718, 0.818727301765675, 0.805018968561069, 0.750912093416419, 0.790339405807121, 0.72253799924698, 0.813690723330611, 0.864962892328448, 0.805005838391863, 0.998978600443511, 0.747223523299233, 0.819102032093492, 0.804225785449408, 0.820672447343992, 0.911386838694494, 0.908586922458929, 0.856711739526457, 0.829484369188389, 0.812919267122983, 0.723546671606207, 0.828212522568108, 0.779088126874911, 0.81507211115793, 0.468857454987698, 0.755689057175943, 0.853361027804124, 0.829482790881605, 0.998989447105029, 0.972118471871282, 0.82947792163727, 0.998991092573805, 0.827284981893799, 0.856242747344516, 0.760419343351843, 0.736243175838017, 0.998991428383759, 0.723767164422091, 0.721067856848784, 0.819088095980395, 0.548970997706149, 0.723724919529861, 0.723737277336173, 0.723601610114703, 0.861893891576637, 0.822349717321897, 0.748468538704179, 0.828450040948666, 0.723575316195295, 0.723700338241218, 0.853335204018651, 0.72892164573205, 0.735812566733833, 0.723718371235755, 0.853335606990596, 0.877381245175251, 0.855640337867798, 0.793591288659953, 0.825828238312773, 0.723589923928299, 0.723715886242094, 0.835471759927583, 1, 0.998953313953965, 0.84626526273032, 0.764704983567476, 0.722203834761623, 0.772401109677277, 0.804964231538546, 0.529411545441736, 0.723715046717209, 0.741013322655472
0.794452977002257, 0.731955117790714, 0.820677283007331, 0.770677061372762, 0.719659234834184, 0.719709371260336, 0.721896938044541, 0.73252438282496, 0.812828632016363, 0.839656287766027, 0.804958824998284, 0.804944956047178, 0.80494670225894, 0.827727646575336, 0.723529108745606, 0.78196232427233, 0.757229148787585, 0.80343602759928, 0.860254030827622, 0.706495786861153, 0.723594490943676, 0.72361759466852, 0.474914895683324, 0.468800568781468, 0.468679878683953, 0.476634376972464, 0.47641586543531, 0.809017827075873, 0.854702554989887, 0.829411968562278, 0.829397427991264, 0.705327705516699, 0.804959832428146, 0.750941611111387, 0.805998358292296, 0.71879543088917, 0.598584399854554, 0.804160302508353, 0.853323047698312, 0.824465454356913, 0.723513392839753, 0.998977492270662, 0.706547535175085, 0.649283307679692, 0.723813942748701, 0.739756050187201, 0.723525112607152, 0.855189311518402, 0.855622976493169, 0.768244588389008, 0.468588739862401, 0.477405665275115, 0.468544513691442, 0.516319557826944, 0.477634922730801, 0.723651377149906, 0.565679154812016, 0.818677769797441, 0.804967287409128, 0.750853830389377, 0.79029497815019, 0.722471273809094, 0.813660466853744, 0.8649024801177, 0.804951537922279, 0.998983066715901, 0.747158006777182, 0.819061768479991, 0.80417188795177, 0.82063453440017, 0.911390364699013, 0.908560695701512, 0.856684706825149, 0.829424292787595, 0.812868459076923, 0.723491565192734, 0.828173535032433, 0.779044370837887, 0.815029362550769, 0.468794960755234, 0.755629249423112, 0.85333433091277, 0.829421438402985, 0.999006069697759, 0.972131803526461, 0.829417912398466, 0.998986424815442, 0.827228666564491, 0.856221289088447, 0.760355908851507, 0.736184241191067, 0.999010938942094, 0.723700237498232, 0.721009123687806, 0.819046086155133, 0.548904675240208, 0.723657320986094, 0.723670350412314, 0.723548249912992, 0.861862694831898, 0.822300588325607, 0.748409872705192, 0.828406016263679, 0.723520008295849, 0.723632739697451, 0.853311730902857, 0.728864524458852, 0.735752624657021, 0.723650302558053, 0.853305551999701, 0.87736777919609, 0.855613238004499, 0.793538062782223, 0.825784146465795, 0.723535220486771, 0.723649362290181, 0.835446271952065, 0.998953313953965, 1, 0.84624293136837, 0.764645645948581, 0.722145101600645, 0.772345801777832, 0.804913557816467, 0.529354491330529, 0.72364724668747, 0.740952507472779
0.783013913143696, 0.730750533904246, 0.815244515988382, 0.778245848347956, 0.740325886098368, 0.740361717020474, 0.722246415463807, 0.742777836059461, 0.823945654128911, 0.846309388158293, 0.806722935430328, 0.806733177633929, 0.80674224450269, 0.757851135984629, 0.727456708388143, 0.775453152026405, 0.75866503857046, 0.808563610531914, 0.847908212930913, 0.717752976048556, 0.733462367188842, 0.733488694689246, 0.483571572585926, 0.477195313919846, 0.477062534663983, 0.483490105091054, 0.483267362348478, 0.808544973079459, 0.787581566558809, 0.841036936811447, 0.841023470832286, 0.7163945576221, 0.806696070633997, 0.76724763579718, 0.823055455521501, 0.723190880959804, 0.600120898299687, 0.806283460943355, 0.865926163181877, 0.821677929508655, 0.727447843005354, 0.846262844898651, 0.717809425701846, 0.668525318794464, 0.726397698116791, 0.74985247868715, 0.727441966331157, 0.834321107119749, 0.843582544168747, 0.763277791262413, 0.476998462124734, 0.486333407972692, 0.476929386017169, 0.517738321302158, 0.486570993515241, 0.733515156513632, 0.566437581593424, 0.82252430491705, 0.806731129193209, 0.767165966816335, 0.789103759499896, 0.731557317319049, 0.835689096129898, 0.792386771935476, 0.806751244209461, 0.846255255593687, 0.754306829823739, 0.834586497726499, 0.817776993176476, 0.833396152182086, 0.843402113480392, 0.820497120966939, 0.857077302242525, 0.841049126712782, 0.823946728720764, 0.727444955039748, 0.835392139387458, 0.804466292538558, 0.806045741076824, 0.477174997417621, 0.755533644329171, 0.865929185471464, 0.841040697882933, 0.846259856190059, 0.850962538787729, 0.841040328491984, 0.846275471352926, 0.843392442153713, 0.837370429408248, 0.770080528570241, 0.741830381854872, 0.846273590817183, 0.733562203488206, 0.720852804154157, 0.834590628188935, 0.548948229791259, 0.733521839131719, 0.733527883710893, 0.727487267093969, 0.849931938038496, 0.835012707720284, 0.750655601773453, 0.838022840987136, 0.727444585648799, 0.733492220693765, 0.865896242514964, 0.737006270377788, 0.731683783347775, 0.733508776124503, 0.865890063611808, 0.849574031789382, 0.843571731088224, 0.804027590414479, 0.844227467185659, 0.727479812112987, 0.733516902725393, 0.818316438286794, 0.84626526273032, 0.84624293136837, 1, 0.775273997415875, 0.725581545604268, 0.791370073718344, 0.806699361571548, 0.530324075411095, 0.733512570776985, 0.741238382486732
0.828091060107698, 0.853602743809108, 0.801372710498104, 0.820489363756999, 0.844569120232993, 0.844538729432144, 0.784636110289123, 0.767189641418101, 0.801510694808257, 0.792918862807798, 0.803502887361148, 0.803507958091455, 0.803496271905051, 0.770318315598762, 0.806374566183911, 0.76254371070268, 0.831520183454321, 0.795601379883399, 0.78030654613149, 0.781978208083161, 0.801272236159828, 0.801296078666571, 0.480432521877683, 0.472152153609682, 0.472031664998139, 0.478442713575467, 0.478262484373084, 0.805434264731345, 0.755343240085178, 0.805129416454983, 0.805112256566327, 0.793953594019467, 0.803503760467028, 0.887206037003302, 0.791321448436986, 0.756871309700462, 0.617937866293103, 0.803542076382795, 0.767670957825359, 0.802111525978191, 0.806374230373957, 0.764688528879723, 0.782000002149184, 0.687286517216909, 0.798236346269494, 0.772402486498089, 0.80637083869342, 0.77075533867307, 0.778644051791566, 0.875389791404259, 0.471971286368386, 0.485673239183864, 0.471922358858069, 0.519013492440985, 0.485833722760943, 0.801303130675608, 0.595611172101661, 0.801015039315958, 0.803510610990093, 0.887175478297476, 0.791123018335089, 0.810096247162574, 0.772139446561017, 0.78582554914666, 0.803495197313198, 0.764664149077053, 0.867116911698235, 0.784899687522121, 0.818834022169099, 0.791910694163502, 0.768094078367566, 0.807656319197839, 0.77972230397329, 0.8051417406803, 0.801525201798276, 0.806383968862626, 0.802509259287865, 0.831573442913047, 0.8059287784698, 0.472131568459493, 0.794625314670718, 0.767703800038873, 0.80511940931835, 0.764659682804663, 0.768428477919891, 0.80512065181518, 0.764673551755769, 0.801672991759089, 0.77840263801554, 0.793602706198394, 0.90352512469631, 0.764687991583797, 0.801349103058329, 0.841959876889384, 0.784891191530282, 0.580318353209477, 0.801298664403218, 0.801316865302732, 0.806392901407406, 0.784712507053688, 0.802855580093562, 0.847001257406792, 0.792979812314473, 0.806346526052741, 0.801278784453933, 0.767693087701336, 0.829886971742398, 0.822884763321816, 0.801280698570672, 0.767697050258795, 0.764575058696222, 0.778643245847676, 0.782622896033104, 0.796538994856332, 0.806369797682562, 0.801296481638516, 0.76614329118202, 0.764704983567476, 0.764645645948581, 0.775273997415875, 1, 0.808318838656346, 0.834207636936247, 0.803456814235441, 0.53149339925238, 0.801295440627658, 0.806742110178709
0.791160998440902, 0.852177196972821, 0.773962995354942, 0.816335965501303, 0.835598192375314, 0.835563637531034, 0.911103985970129, 0.885054737694143, 0.769108425915018, 0.749254065348886, 0.774337692101763, 0.774341218106282, 0.774327718546126, 0.886280914160662, 0.974148476625008, 0.743665717578187, 0.826169555550153, 0.770350318287391, 0.737865574469417, 0.896525569174366, 0.862187389476549, 0.862218888450246, 0.468076361034386, 0.461183022200933, 0.461050175783079, 0.468388529967747, 0.468207024687539, 0.765971927362426, 0.854158845093152, 0.76354408855604, 0.763532973246558, 0.934759815960026, 0.77434393816691, 0.804989719514064, 0.792816037799843, 0.823365005137221, 0.622017252034908, 0.839149382640264, 0.716707331013379, 0.777547934520283, 0.974185012748017, 0.722189394933595, 0.896548706480205, 0.664420310753159, 0.948269081023823, 0.745077261139387, 0.974180076341692, 0.735550198416669, 0.76140890812468, 0.811526428176228, 0.461018811133363, 0.473326749667246, 0.460962428642064, 0.522099619500457, 0.473473465036206, 0.862218552640292, 0.64104071803153, 0.774516779550302, 0.774342729251075, 0.804945123952155, 0.859048876064232, 0.910333604354354, 0.72667591666379, 0.826679818775457, 0.77432973340585, 0.722164813644952, 0.825971763487169, 0.744064424736728, 0.792455109261141, 0.748672106698374, 0.729712243107064, 0.747011291408222, 0.731082952177842, 0.763552786033852, 0.769130992343936, 0.974187967875614, 0.766020116090844, 0.773947279449089, 0.784602663617691, 0.461154176125873, 0.886130068329266, 0.716742859706526, 0.7635319322357, 0.722149870101993, 0.722004195743891, 0.76353471945832, 0.7221703209282, 0.751647147825019, 0.756518541343645, 0.86359621297712, 0.855012977711487, 0.722181134008723, 0.862258278957866, 0.904521372087235, 0.744078629497788, 0.627814204949113, 0.862196355602324, 0.862245048045673, 0.974188035037605, 0.749080418021604, 0.760317492192754, 0.831996899265207, 0.754158334662021, 0.974128361608755, 0.862173990659379, 0.716735102496586, 0.885785392992345, 0.888386274668095, 0.862165964801475, 0.716744102203357, 0.729483892338254, 0.761413072168111, 0.79139858398345, 0.755685329685452, 0.974135312874806, 0.862190546090118, 0.75250695563158, 0.722203834761623, 0.722145101600645, 0.725581545604268, 0.808318838656346, 1, 0.788652363759551, 0.774301155978754, 0.536743217008318, 0.862190982643058, 0.896454243140108
0.808019867054182, 0.834497944641595, 0.786939968060444, 0.858703965660343, 0.831855187464564, 0.831845684042862, 0.774543912994596, 0.784842196857974, 0.812017348748174, 0.798036304279817, 0.827639798691335, 0.827640235244276, 0.82763734727867, 0.769271159418791, 0.788072285644783, 0.746782033952536, 0.83284021880302, 0.808014628418898, 0.791565683016626, 0.788967387077523, 0.76936817491454, 0.769408203461072, 0.483397354381722, 0.476312872522377, 0.476163235606816, 0.483713754520506, 0.483516466172453, 0.811066167053094, 0.806256092432093, 0.807383540772097, 0.807372626948588, 0.781230460058294, 0.827624620081408, 0.804739809746199, 0.786711281481679, 0.757425093895821, 0.620504898325477, 0.811617264768821, 0.78104892119709, 0.812863119698652, 0.788090688030269, 0.772388416061011, 0.788998382336289, 0.664586805328417, 0.790868776618815, 0.749266020183253, 0.78808058015065, 0.783150923604982, 0.796100225570262, 0.822053868752306, 0.476154840357963, 0.487473952900908, 0.47610141299426, 0.523227672298379, 0.487682927435364, 0.769413912230293, 0.573242165855999, 0.800881420535208, 0.827647253672317, 0.804682453406033, 0.779099309346383, 0.802211933154476, 0.780999221323878, 0.770152324738434, 0.82763895916645, 0.772370886781405, 0.814358716491372, 0.798567857856213, 0.769899023290032, 0.802532866727641, 0.777102549778117, 0.808296876685346, 0.790630720942331, 0.807402446872515, 0.812037497345422, 0.788097202743379, 0.799390290014879, 0.797485743860017, 0.805959505080603, 0.47630128707896, 0.810299680832787, 0.781076726261292, 0.80737810065084, 0.772367024966933, 0.782418689999996, 0.807380014767579, 0.772386266877305, 0.800150127198094, 0.794171769746666, 0.799388073669182, 0.839731811424711, 0.77237941635424, 0.769469220129738, 0.810876736657968, 0.798581189511392, 0.58463730577256, 0.769399640307242, 0.769423617137967, 0.78809726990537, 0.80681655924554, 0.801865914577738, 0.848939787529012, 0.801208398687547, 0.788062580737108, 0.769392051002279, 0.781052514363599, 0.812166717015772, 0.798009204416519, 0.769399203754302, 0.781052984497535, 0.77089919965742, 0.796093912343125, 0.83447843408326, 0.802576824250637, 0.788076584012195, 0.76939906943032, 0.783971206579941, 0.772401109677277, 0.772345801777832, 0.791370073718344, 0.834207636936247, 0.788652363759551, 1, 0.827603061082353, 0.533812133404668, 0.769404207322618, 0.763129900558613
0.840525498251303, 0.77290311197771, 0.847977960658386, 0.817895164699335, 0.774497739125903, 0.774526518038972, 0.762392663385311, 0.76148409597341, 0.855851797395915, 0.823817475469419, 0.998966712771135, 0.998967485134029, 0.998973529713204, 0.76842797420496, 0.769946641141528, 0.766956454985952, 0.800054522104153, 0.827237028232349, 0.833395547724169, 0.763405768435933, 0.786247360030046, 0.786282082779303, 0.475401887278807, 0.468799762837578, 0.468710773199733, 0.474657463772486, 0.474428474964763, 0.815572300084611, 0.787601950223025, 0.855280886892894, 0.855274271436798, 0.744077286257972, 0.998954690774777, 0.783021737515627, 0.792432307765256, 0.735716424343965, 0.610318204109857, 0.885083113635268, 0.807907169233576, 0.861706308136259, 0.769938111568693, 0.80494999319649, 0.763461680793296, 0.678362233361859, 0.778609127556336, 0.76843045919862, 0.769937272043808, 0.816524623533535, 0.834532432323884, 0.79828520661782, 0.468651267675861, 0.48037214324793, 0.468591124113076, 0.521956866688955, 0.480579371570625, 0.786279329137679, 0.587360590176592, 0.835323130441884, 0.998970675328593, 0.782909308342983, 0.828236868789783, 0.778534611327515, 0.803770326408619, 0.798580282824516, 0.998992603718598, 0.804929911761233, 0.784604443410448, 0.843170169545073, 0.809524564296659, 0.851396270924486, 0.807623208336361, 0.814906859079502, 0.822699127579172, 0.855296300569789, 0.855837491891869, 0.769903858953372, 0.810950111132946, 0.785660028420268, 0.848153723588379, 0.468855339384987, 0.800326696071977, 0.80794001144709, 0.855276924335435, 0.804928736426394, 0.805432384195601, 0.855280651825926, 0.804972492463417, 0.848761875415313, 0.835529217010735, 0.801897279227454, 0.780744677378646, 0.804968194096004, 0.786337323516758, 0.754622894152568, 0.843173762711582, 0.569477601946193, 0.78628225068428, 0.786302869415464, 0.769968804598501, 0.853922535628429, 0.810014981153674, 0.786488035024172, 0.842864649648803, 0.76993827947367, 0.786251423330491, 0.807907807272488, 0.769425665578687, 0.786212032822871, 0.786270799564844, 0.807902971609149, 0.80290091443737, 0.834536529205325, 0.835021069388142, 0.83931567572955, 0.769963095829281, 0.78626885186711, 0.836231597110799, 0.804964231538546, 0.804913557816467, 0.806699361571548, 0.803456814235441, 0.774301155978754, 0.827603061082353, 1, 0.535608145782355, 0.786280504472518, 0.799915026649206
0.537523236369776, 0.528396391950394, 0.541603629541443, 0.541890948538199, 0.526052908604485, 0.526135887244151, 0.559678701065606, 0.563280397147657, 0.535386813441586, 0.536226002516963, 0.535619697644777, 0.535611000166965, 0.535609992737102, 0.530332537821939, 0.536572424065646, 0.586374450665286, 0.539152552686231, 0.541734494680569, 0.530784504439206, 0.540542805896339, 0.545697824502226, 0.545709980822565, 0.669240661158757, 0.663914010085313, 0.663849131602175, 0.669829067360387, 0.669743738051042, 0.544320197746393, 0.534154357328925, 0.536439812714759, 0.536443943177195, 0.542111777164037, 0.535591623932611, 0.529579383256811, 0.524897755943265, 0.565737753649012, 0.785613216512662, 0.538810395923966, 0.521050045488816, 0.537024021291963, 0.536565573542581, 0.529393949000139, 0.540549488514426, 0.730344002373773, 0.537675358278998, 0.602868965478334, 0.536560704298247, 0.528768670865545, 0.535921221402592, 0.532325804966683, 0.663837579739753, 0.672920936770075, 0.663803360705427, 0.922289815542279, 0.672974834267713, 0.545716159725721, 0.804998148343913, 0.545149413266132, 0.535625070604043, 0.529474140417186, 0.534120809914507, 0.541177083737704, 0.539776621904991, 0.534204896727022, 0.535623492297258, 0.529371516895203, 0.533233230624739, 0.524050708914962, 0.529618639440449, 0.528071193590812, 0.534119433093695, 0.530884239995583, 0.53701035382683, 0.536444010339186, 0.535409245546522, 0.53656705110638, 0.529509266138388, 0.52276825070013, 0.541605711563159, 0.663835128327087, 0.540226842310496, 0.521115864239826, 0.536432021923823, 0.529353013766731, 0.531882871637182, 0.536434204688525, 0.529353114509717, 0.532566446379814, 0.534384185661533, 0.54243667329466, 0.53287287296296, 0.529369233387515, 0.545726737739276, 0.5290786906152, 0.524041272655251, 0.804903013383907, 0.545733118128405, 0.545737752305772, 0.536585252005894, 0.529366244678923, 0.524571684477803, 0.529401068171167, 0.52783985411341, 0.536600464196816, 0.545721566265983, 0.521122345371941, 0.534723991754119, 0.537603662853791, 0.545749875045116, 0.521142829779143, 0.528859776106101, 0.535956145637822, 0.552996250883348, 0.534874669680539, 0.536609161674628, 0.545740741014364, 0.542487212692757, 0.529411545441736, 0.529354491330529, 0.530324075411095, 0.53149339925238, 0.536743217008318, 0.533812133404668, 0.535608145782355, 1, 0.545754609965469, 0.54409164549161
0.797134453066999, 0.819614108692548, 0.775621829366366, 0.777936768866173, 0.800968596799301, 0.800943310309755, 0.810863438583785, 0.804612739259555, 0.768484088048295, 0.756430861364621, 0.78630179482361, 0.786309417709569, 0.786295313691496, 0.786732806899739, 0.83745065440629, 0.746574906372827, 0.789915244254057, 0.784246604323325, 0.736209158289663, 0.923748338916062, 0.99862462317086, 0.998614817520199, 0.473221506827621, 0.465658898755582, 0.465570782223618, 0.472181033265737, 0.472013161869666, 0.775648761324687, 0.772004014406516, 0.756518205533691, 0.756504135096613, 0.894974261510256, 0.786307705078803, 0.799065763275206, 0.788157480630146, 0.792449400491921, 0.63119849766686, 0.80533882754238, 0.722238792577848, 0.777113396439635, 0.837461534648804, 0.723694159338062, 0.923739977248204, 0.678012554456621, 0.876462435559749, 0.733608612423867, 0.837455657974607, 0.743240246366301, 0.754494648331085, 0.835058982331964, 0.465486896897076, 0.47763156463126, 0.465459125413869, 0.531986804817986, 0.477773108526927, 0.998573983029777, 0.679072068442904, 0.775908778972172, 0.786310391558436, 0.799014720162177, 0.815324270852488, 0.853130192041653, 0.736735305325798, 0.822629547756675, 0.786306798391927, 0.723672130205071, 0.839474950390795, 0.75034615290072, 0.792403596014178, 0.75644698024242, 0.733652502784872, 0.767615851411886, 0.735047323010356, 0.756528783547247, 0.768484222372277, 0.837460795866905, 0.769730748922016, 0.770698788276794, 0.78634806943529, 0.465675319862339, 0.814675015887169, 0.722265388726215, 0.756506183537333, 0.723658462739938, 0.731989101758073, 0.75650957521787, 0.723675824114567, 0.751068009978123, 0.757552231544456, 0.849273045327493, 0.8032015986703, 0.723694293662044, 0.998635536994369, 0.835694368346178, 0.750327649772247, 0.609474280114127, 0.998560315564644, 0.998613575023369, 0.837467176256033, 0.755392503405449, 0.76867499600722, 0.806428396519558, 0.75374051991709, 0.837432621411753, 0.998529756858818, 0.722242520068339, 0.825419255369635, 0.807928896137608, 0.998510246300482, 0.722259243404054, 0.730018031651297, 0.754522386233296, 0.747442068417383, 0.751956898926711, 0.837438901057895, 0.998505880771079, 0.753375964630884, 0.723715046717209, 0.72364724668747, 0.733512570776985, 0.801295440627658, 0.862190982643058, 0.769404207322618, 0.786280504472518, 0.545754609965469, 1, 0.939943176926041
0.801665033063176, 0.808800390130572, 0.789880756571767, 0.77551366498014, 0.787150856711639, 0.787140413022065, 0.858556007794552, 0.832443358599227, 0.783565010859422, 0.75940865613289, 0.799940615367711, 0.799950454599367, 0.799932723833789, 0.830282421544385, 0.896098620398682, 0.760169601488955, 0.788221250940436, 0.78401667524773, 0.750734114140729, 0.898028553786076, 0.939998686311459, 0.940035155272478, 0.469376785081764, 0.461889465601442, 0.461779185612505, 0.468373519262798, 0.46820181963325, 0.781401891039879, 0.807356508070789, 0.77239237861847, 0.772377770885465, 0.898309693879676, 0.799942630227436, 0.808722012087278, 0.78952829044391, 0.799012369492498, 0.623100138393998, 0.827204253180825, 0.72762548647109, 0.786746474364873, 0.896102314308177, 0.740998882827445, 0.898043228681071, 0.689617374108542, 0.899884810469534, 0.757990262048626, 0.896124511346145, 0.748077152202638, 0.76906749068161, 0.828796025944408, 0.461718605496779, 0.475164671127208, 0.461686535646159, 0.528146784411487, 0.475310446228297, 0.939991231330478, 0.68307677005091, 0.79203239169088, 0.799945182383087, 0.808672782348002, 0.847029666928912, 0.869039222199671, 0.738146479496049, 0.827227625553633, 0.799944410020193, 0.740976249236536, 0.835943942304089, 0.763690065143101, 0.790737609250731, 0.769382480418586, 0.7432710065581, 0.755865827535798, 0.744919363298954, 0.772403896899897, 0.783572465840404, 0.896120515207691, 0.772019864636351, 0.781296581038263, 0.803345862626595, 0.461884999329052, 0.849252661663277, 0.727664641911742, 0.772376259740671, 0.740963253391311, 0.740468471004892, 0.772383412492694, 0.740981958005756, 0.763748227427157, 0.763975033470178, 0.850981411307151, 0.814697884545045, 0.740990554740582, 0.940038479791024, 0.837333893285238, 0.763708433947592, 0.616789597735942, 0.939977765351317, 0.940002548125932, 0.896125552357003, 0.762643681326025, 0.771517392201982, 0.792837193826953, 0.767113110329555, 0.896069102703713, 0.939946199215628, 0.727652854982352, 0.843331794875997, 0.83368897846209, 0.939937233089853, 0.727664339682783, 0.742370364261117, 0.769087101982931, 0.767074357860848, 0.769210377817093, 0.896073166004158, 0.939949926706119, 0.765110877059036, 0.741013322655472, 0.740952507472779, 0.741238382486732, 0.806742110178709, 0.896454243140108, 0.763129900558613, 0.799915026649206, 0.54409164549161, 0.939943176926041, 1
