"SiteCode_numeric","yday","SiteCode","daylength","prcp","radiation","swe","tmax","tmin","vp","year","climYr","climDay","season","tavg"
"1",1,"dino",33022.421875,0,241.960006713867,0,3.35999989509583,-11.3999996185303,251.570007324219,2024,2024,93,"Win",-4.01999986171723
"1",2,"dino",33064.3515625,0,242.259994506836,0,2.96000003814697,-11.7299995422363,246.059997558594,2024,2024,94,"Win",-4.38499975204467
"1",3,"dino",33109.7109375,0,246.559997558594,0,2.75,-12.3599996566772,233.350006103516,2024,2024,95,"Win",-4.8049998283386
"1",4,"dino",33158.4609375,0,236.649993896484,0,4.67999982833862,-9.19999980926514,295.649993896484,2024,2024,96,"Win",-2.25999999046326
"1",5,"dino",33210.578125,0,208.279998779297,0,2.47000002861023,-8.65999984741211,317.829986572266,2024,2024,97,"Win",-3.09499990940094
"1",6,"dino",33266.01171875,0,222.240005493164,0,1.20000004768372,-10.9399995803833,265.380004882812,2024,2024,98,"Win",-4.86999976634979
"1",7,"dino",33324.73046875,0,155.770004272461,0,0.200000002980232,-7.38000011444092,351.089996337891,2024,2024,99,"Win",-3.59000005573034
"1",8,"dino",33386.69921875,0,175.330001831055,0,-1.1599999666214,-9.77000045776367,291.160003662109,2024,2024,100,"Win",-5.46500021219254
"1",9,"dino",33451.859375,0,195.630004882812,0,-3.47000002861023,-13.2200002670288,220.789993286133,2024,2024,101,"Win",-8.34500014781952
"1",10,"dino",33520.1796875,2.75,186.990005493164,2.75,-2,-13.8999996185303,208.800003051758,2024,2024,102,"Win",-7.94999980926515
"1",11,"dino",33591.609375,0,243.559997558594,2.75,-2.04999995231628,-13.3299999237061,218.830001831055,2024,2024,103,"Win",-7.68999993801119
"1",12,"dino",33666.08984375,0,306.440002441406,2.75,-0.490000009536743,-18.1000003814697,144.139999389648,2024,2024,104,"Win",-9.29500019550322
"1",13,"dino",33743.58984375,1.6599999666214,291.589996337891,4.40000009536743,3.65000009536743,-11.6999998092651,231.220001220703,2024,2024,105,"Win",-4.02499985694883
"1",14,"dino",33824.05078125,0,202.830001831055,3.14000010490417,5.82999992370605,-3,489.559997558594,2024,2024,106,"Win",1.41499996185303
"1",15,"dino",33907.421875,0,272.040008544922,3.14000010490417,-0.189999997615814,-13.1300001144409,222.440002441406,2024,2024,107,"Win",-6.66000005602836
"1",16,"dino",33993.640625,0,302.760009765625,3.14000010490417,-3.36999988555908,-19.0900001525879,135.139999389648,2024,2024,108,"Win",-11.2300000190735
"1",17,"dino",34082.671875,1.44000005722046,280.899993896484,4.59000015258789,-1.53999996185303,-14.7700004577637,163.020004272461,2024,2024,109,"Win",-8.15500020980837
"1",18,"dino",34174.44921875,0,287.970001220703,4.59000015258789,4.57999992370605,-9.13000011444092,178.490005493164,2024,2024,110,"Win",-2.27500009536743
"1",19,"dino",34268.921875,0,268.670013427734,4.59000015258789,5.3899998664856,-6.63000011444092,222.729995727539,2024,2024,111,"Win",-0.62000012397766
"1",20,"dino",34366.03125,0,254.929992675781,4.36999988555908,5.48999977111816,-5.48999977111816,251.759994506836,2024,2024,112,"Win",0
"1",21,"dino",34465.7109375,1.03999996185303,254.720001220703,4.09999990463257,5.51000022888184,-5.34000015258789,253.759994506836,2024,2024,113,"Win",0.0850000381469753
"1",22,"dino",34567.921875,0,167.589996337891,1.82000005245209,6.01000022888184,-0.569999992847443,481.309997558594,2024,2024,114,"Win",2.7200001180172
"1",23,"dino",34672.6015625,0,186.630004882812,0,8.13000011444092,-0.189999997615814,450.989990234375,2024,2024,115,"Win",3.97000005841255
"1",24,"dino",34779.69140625,0,189.429992675781,0,8.17000007629395,-0.200000002980232,445.010009765625,2024,2024,116,"Win",3.98500003665686
"1",25,"dino",34889.12890625,0,202.419998168945,0,5.96999979019165,-2.94000005722046,362.630004882812,2024,2024,117,"Win",1.5149998664856
"1",26,"dino",35000.859375,0,216.559997558594,0,7.71999979019165,-1.9099999666214,361.109985351562,2024,2024,118,"Win",2.90499991178513
"1",27,"dino",35114.8203125,0,274.089996337891,0,6.96999979019165,-6.44000005722046,218.089996337891,2024,2024,119,"Win",0.264999866485595
"1",28,"dino",35230.96875,0,293.899993896484,0,9.47000026702881,-5.69999980926514,192.869995117188,2024,2024,120,"Win",1.88500022888184
"1",29,"dino",35349.23046875,0,308.339996337891,0,11.4300003051758,-5.23000001907349,159.320007324219,2024,2024,121,"Win",3.10000014305116
"1",30,"dino",35469.55859375,0,313.600006103516,0,11.4899997711182,-5.51999998092651,151.600006103516,2024,2024,122,"Win",2.98499989509584
"1",31,"dino",35591.890625,0,313.929992675781,0,11.2799997329712,-5.40000009536743,152.710006713867,2024,2024,123,"Win",2.93999981880189
"1",32,"dino",35716.1796875,1.33000004291534,299.859985351562,0,9.77000045776367,-4.90000009536743,174.889999389648,2024,2024,124,"Win",2.43500018119812
"1",33,"dino",35842.3515625,11.0799999237061,169.889999389648,0,8.44999980926514,-0.990000009536743,422.410003662109,2024,2024,125,"Win",3.7299998998642
"1",34,"dino",35970.359375,0,140.199996948242,0,5.82999992370605,0.509999990463257,631.929992675781,2024,2024,126,"Win",3.16999995708465
"1",35,"dino",36100.16015625,0,210.380004882812,0,5.76999998092651,-2.33999991416931,437.390014648438,2024,2024,127,"Win",1.7150000333786
"1",36,"dino",36231.6796875,0,246.809997558594,0,6.53000020980835,-3.20000004768372,372.350006103516,2024,2024,128,"Win",1.66500008106231
"1",37,"dino",36364.87109375,5.09000015258789,156.759994506836,0,6.38000011444092,-1.55999994277954,521.070007324219,2024,2024,129,"Win",2.41000008583069
"1",38,"dino",36499.6796875,4.61999988555908,122.279998779297,0,5.30999994277954,-0.589999973773956,584.890014648438,2024,2024,130,"Win",2.35999998450279
"1",39,"dino",36636.05859375,0,236.809997558594,0,5.82000017166138,-3.02999997138977,440.579986572266,2024,2024,131,"Win",1.3950001001358
"1",40,"dino",36773.9609375,4.94999980926514,149.300003051758,0,4.48000001907349,-2.58999991416931,504.989990234375,2024,2024,132,"Win",0.94500005245209
"1",41,"dino",36913.30859375,0,218.5,0,1.66999995708466,-5.92000007629395,392.630004882812,2024,2024,133,"Win",-2.12500005960464
"1",42,"dino",37054.078125,0,302.320007324219,0,0.730000019073486,-10.6800003051758,249.639999389648,2024,2024,134,"Win",-4.97500014305116
"1",43,"dino",37196.21875,0,326.100006103516,0,3.46000003814697,-9.38000011444092,249.149993896484,2024,2024,135,"Win",-2.96000003814697
"1",44,"dino",37339.66015625,0,341.339996337891,0,6.55000019073486,-7.65000009536743,262.940002441406,2024,2024,136,"Win",-0.549999952316285
"1",45,"dino",37484.37890625,0,314.649993896484,0,8.60999965667725,-3.32999992370605,366.260009765625,2024,2024,137,"Win",2.6399998664856
"1",46,"dino",37630.30859375,0,284.660003662109,0,7.80999994277954,-2.07999992370605,427.339996337891,2024,2024,138,"Win",2.86500000953674
"1",47,"dino",37777.421875,0,341.829986572266,0,7.57999992370605,-5.59999990463257,298.019989013672,2024,2024,139,"Win",0.99000000953674
"1",48,"dino",37925.6484375,0,332.809997558594,0,3.77999997138977,-8.35000038146973,261.779998779297,2024,2024,140,"Win",-2.28500020503998
"1",49,"dino",38074.96875,0.349999994039536,323.380004882812,0.349999994039536,1.87999999523163,-7.65999984741211,286.820007324219,2024,2024,141,"Win",-2.88999992609024
"1",50,"dino",38225.3203125,0,400.440002441406,0.349999994039536,7.51000022888184,-6.34999990463257,251.649993896484,2024,2024,142,"Win",0.580000162124635
"1",51,"dino",38376.671875,6.48999977111816,186.979995727539,0,4.92999982833862,-2.84999990463257,495.040008544922,2024,2024,143,"Win",1.03999996185303
"1",52,"dino",38528.98046875,5.51999998092651,192.389999389648,0,8.25,0.140000000596046,616.820007324219,2024,2024,144,"Win",4.19500000029802
"1",53,"dino",38682.19921875,0,305.359985351562,0,8.23999977111816,-1.75999999046326,467.429992675781,2024,2024,145,"Win",3.23999989032745
"1",54,"dino",38836.2890625,0,353.950012207031,0,8.63000011444092,-4.05000019073486,365.630004882812,2024,2024,146,"Win",2.28999996185303
"1",55,"dino",38991.21875,0,382.869995117188,0,9.85000038146973,-5.1399998664856,309.320007324219,2024,2024,147,"Win",2.35500025749206
"1",56,"dino",39146.94140625,0,409.829986572266,0,14.1499996185303,-4.57999992370605,288.070007324219,2024,2024,148,"Win",4.78499984741213
"1",57,"dino",39303.421875,0,405.299987792969,0,14.8199996948242,-2.82999992370605,314.959991455078,2024,2024,149,"Win",5.99499988555907
"1",58,"dino",39460.62109375,0,335.059997558594,0,7.17999982833862,-4.07000017166138,363.709991455078,2024,2024,150,"Win",1.55499982833862
"1",59,"dino",39618.51171875,0,395.559997558594,0,5.32000017166138,-9.64999961853027,224.440002441406,2024,2024,151,"Win",-2.16499972343445
"1",60,"dino",39777.0390625,0,423.399993896484,0,10.8100004196167,-7.40000009536743,230.410003662109,2024,2024,152,"Win",1.70500016212463
"1",61,"dino",39936.19140625,0,424.670013427734,0,14.8900003433228,-3.35999989509583,287.209991455078,2024,2024,153,"Win",5.76500022411348
"1",62,"dino",40095.921875,3.26999998092651,299.149993896484,0,13.0100002288818,-2.27999997138977,408.019989013672,2024,2024,154,"Win",5.36500012874601
"1",63,"dino",40256.19140625,1.9099999666214,251.729995727539,0,2.60999989509583,-4.69000005722046,423.480010986328,2024,2024,155,"Win",-1.04000008106231
"1",64,"dino",40416.98046875,0,274.140014648438,0,3.90000009536743,-4.15999984741211,425.489990234375,2024,2024,156,"Win",-0.12999987602234
"1",65,"dino",40578.25,0,323.769989013672,0,4.98000001907349,-4.92000007629395,369.790008544922,2024,2024,157,"Win",0.0299999713897701
"1",66,"dino",40739.96875,4.23000001907349,316.75,0,12.0900001525879,-4.53000020980835,354.380004882812,2024,2024,158,"Win",3.77999997138977
"1",67,"dino",40902.109375,0,361.149993896484,0,9.72000026702881,-2.07999992370605,417.730010986328,2024,2024,159,"Win",3.82000017166138
"1",68,"dino",41064.62890625,0,317.25,0,6.98000001907349,-2.76999998092651,437.619995117188,2024,2024,160,"Win",2.10500001907349
"1",69,"dino",41227.51953125,0,415.549987792969,0,8.03999996185303,-6.98000001907349,274.480010986328,2024,2024,161,"Win",0.52999997138977
"1",70,"dino",41390.73828125,0,448.269989013672,0,12.6999998092651,-5.88000011444092,262.559997558594,2024,2024,162,"Win",3.40999984741209
"1",71,"dino",41554.26171875,0,424.790008544922,0,14,-2.27999997138977,346.720001220703,2024,2024,163,"Win",5.86000001430511
"1",72,"dino",41718.0390625,4.01999998092651,286.019989013672,0,11.789999961853,-1.60000002384186,473.209991455078,2024,2024,164,"Win",5.09499996900557
"1",73,"dino",41882.078125,0,292.959991455078,0,8.60999965667725,-0.400000005960464,537.880004882812,2024,2024,165,"Win",4.10499982535839
"1",74,"dino",42046.328125,0,249.139999389648,0,6.15999984741211,-1.12000000476837,555.159973144531,2024,2024,166,"Win",2.51999992132187
"1",75,"dino",42210.76171875,0,353.809997558594,0,8.61999988555908,-2.39000010490417,425.579986572266,2024,2024,167,"Win",3.11499989032746
"1",76,"dino",42375.359375,0,407.929992675781,0,11.6300001144409,-2.15000009536743,382.910003662109,2024,2024,168,"Win",4.74000000953674
"1",77,"dino",42540.08984375,0,327.230010986328,0,12.25,2.34999990463257,592.070007324219,2024,2024,169,"Win",7.29999995231629
"1",78,"dino",42704.9296875,0,463.279998779297,0,15.6999998092651,-2.08999991416931,329.200012207031,2024,2024,170,"Win",6.8049999475479
"1",79,"dino",42869.8515625,0,479.920013427734,0,17.7099990844727,-2.25999999046326,305.660003662109,2024,2024,171,"Win",7.72499954700472
"1",80,"dino",43034.8203125,0,479.350006103516,0,17.8600006103516,-1.87000000476837,312.700012207031,2024,2024,172,"Win",7.99500030279162
"1",81,"dino",43199.8203125,0,480.709991455078,0,18.6100006103516,-1.47000002861023,316.350006103516,2024,2024,173,"Win",8.57000029087069
"1",82,"dino",43364.8203125,0.340000003576279,465.839996337891,0,17.5400009155273,-0.930000007152557,342.170013427734,2024,2024,174,"Win",8.30500045418737
"1",83,"dino",43529.7890625,1.94000005722046,431.25,0,17.1700000762939,1.37999999523163,431.329986572266,2024,2024,175,"Win",9.27500003576276
"1",84,"dino",43694.7109375,1.39999997615814,230.460006713867,0,7.34999990463257,0.430000007152557,628.760009765625,2024,2024,176,"Win",3.88999995589256
"1",85,"dino",43859.55078125,1,303.540008544922,0,7.48000001907349,-1.67999994754791,484.359985351562,2024,2024,177,"Win",2.90000003576279
"1",86,"dino",44024.28125,0.680000007152557,312.630004882812,0,7.05999994277954,-2.15000009536743,462.279998779297,2024,2024,178,"Win",2.45499992370606
"1",87,"dino",44188.87890625,0,452.339996337891,0,11.2600002288818,-4.15000009536743,304.279998779297,2024,2024,179,"Win",3.55500006675719
"1",88,"dino",44353.30859375,1.62999999523163,439.950012207031,0,13.0100002288818,-1.6599999666214,352.579986572266,2024,2024,180,"Win",5.6750001311302
"1",89,"dino",44517.55859375,1.10000002384186,313.160003662109,0,8.92000007629395,-0.0700000002980232,519.710021972656,2024,2024,181,"Win",4.42500003799796
"1",90,"dino",44681.6015625,0,288.019989013672,0,9.59000015258789,1.62000000476837,602.349975585938,2024,2024,182,"Win",5.60500007867813
"1",91,"dino",44845.390625,0.189999997615814,349.010009765625,0,11.3500003814697,1.61000001430511,533.359985351562,2024,2024,183,"Win",6.4800001978874
"1",92,"dino",45008.91015625,0,380.679992675781,0,10.5100002288818,-0.140000000596046,452.040008544922,2024,2024,184,"Win",5.18500011414288
"1",93,"dino",45172.12109375,0,469.570007324219,0,14.1000003814697,-0.97000002861023,346.5,2024,2024,185,"Spr",6.56500017642974
"1",94,"dino",45335.01171875,0,512.679992675781,0,18.4200000762939,-0.540000021457672,306.209991455078,2024,2024,186,"Spr",8.94000002741811
"1",95,"dino",45497.5390625,0,502.600006103516,0,19.6700000762939,1.50999999046326,352.299987792969,2024,2024,187,"Spr",10.5900000333786
"1",96,"dino",45659.6796875,0,493.570007324219,0,19.9400005340576,2.6800000667572,385.980010986328,2024,2024,188,"Spr",11.3100003004074
"1",97,"dino",45821.3984375,0,428.609985351562,0,12.039999961853,-0.990000009536743,379.619995117188,2024,2024,189,"Spr",5.52499997615813
"1",98,"dino",45982.671875,0,479.040008544922,0,10.9799995422363,-4.76000022888184,269.850006103516,2024,2024,190,"Spr",3.10999965667723
"1",99,"dino",46143.4609375,0,492.339996337891,0,12.5200004577637,-4.05999994277954,269.109985351562,2024,2024,191,"Spr",4.23000025749208
"1",100,"dino",46303.73046875,0,522.119995117188,0,14.7799997329712,-4.17000007629395,241.889999389648,2024,2024,192,"Spr",5.30499982833862
"1",101,"dino",46463.4609375,0,516.780029296875,0,17.7000007629395,-0.77999997138977,281.690002441406,2024,2024,193,"Spr",8.46000039577486
"1",102,"dino",46622.609375,0,529.929992675781,0,19.6299991607666,-0.259999990463257,273.260009765625,2024,2024,194,"Spr",9.68499958515167
"1",103,"dino",46781.1484375,0,554.349975585938,0,24.9200000762939,1.01999998092651,256.570007324219,2024,2024,195,"Spr",12.9700000286102
"1",104,"dino",46939.03125,0,505.089996337891,0,23.7900009155273,5.26000022888184,380.390014648438,2024,2024,196,"Spr",14.5250005722046
"1",105,"dino",47096.23046875,0,508.839996337891,0,22.6499996185303,3.78999996185303,345.649993896484,2024,2024,197,"Spr",13.2199997901917
"1",106,"dino",47252.7109375,0,457.260009765625,0,18.5300006866455,3.22000002861023,398.820007324219,2024,2024,198,"Spr",10.8750003576279
"1",107,"dino",47408.44140625,0,475.279998779297,0,20.2600002288818,3.78999996185303,385.829986572266,2024,2024,199,"Spr",12.0250000953674
"1",108,"dino",47563.37109375,0,456.630004882812,0,21.0100002288818,5.69000005722046,440.5,2024,2024,200,"Spr",13.3500001430511
"1",109,"dino",47717.4609375,0,486.010009765625,0,17.7099990844727,1.0900000333786,315.690002441406,2024,2024,201,"Spr",9.39999955892565
"1",110,"dino",47870.6796875,0,449.239990234375,0,16.6100006103516,2.23000001907349,376.920013427734,2024,2024,202,"Spr",9.42000031471255
"1",111,"dino",48022.98828125,0,523.599975585938,0,19.3500003814697,0.540000021457672,267.730010986328,2024,2024,203,"Spr",9.94500020146369
"1",112,"dino",48174.3515625,0,550.260009765625,0,22.7700004577637,1.36000001430511,241.539993286133,2024,2024,204,"Spr",12.0650002360344
"1",113,"dino",48324.7109375,0,538.619995117188,0,26.0200004577637,5.53000020980835,324.190002441406,2024,2024,205,"Spr",15.775000333786
"1",114,"dino",48474.01953125,0,478.670013427734,0,25.6499996185303,9.1899995803833,470.429992675781,2024,2024,206,"Spr",17.4199995994568
"1",115,"dino",48622.26171875,0,512.75,0,26.2800006866455,7.46999979019165,376.670013427734,2024,2024,207,"Spr",16.8750002384186
"1",116,"dino",48769.37109375,0,410.649993896484,0,20.8600006103516,7.63000011444092,538.359985351562,2024,2024,208,"Spr",14.2450003623963
"1",117,"dino",48915.30078125,6.80999994277954,289.200012207031,0,16.3700008392334,4.19999980926514,602.059997558594,2024,2024,209,"Spr",10.2850003242493
"1",118,"dino",49060.01953125,7,217.729995727539,0,13.5200004577637,4.84000015258789,789.760009765625,2024,2024,210,"Spr",9.1800003051758
"1",119,"dino",49203.46875,1.74000000953674,353.470001220703,0,15.6199998855591,4.88000011444092,634.309997558594,2024,2024,211,"Spr",10.25
"1",120,"dino",49345.609375,1.46000003814697,483.790008544922,0,18.2299995422363,1.69000005722046,392.869995117188,2024,2024,212,"Spr",9.95999979972838
"1",121,"dino",49486.37890625,0,446.850006103516,0,18.6399993896484,3.85999989509583,493.359985351562,2024,2024,213,"Spr",11.2499996423721
"1",122,"dino",49625.73828125,0,387.059997558594,0,16.7399997711182,4.53000020980835,588.890014648438,2024,2024,214,"Spr",10.6349999904633
"1",123,"dino",49763.640625,0,512.869995117188,0,16.3700008392334,-1.91999995708466,295.25,2024,2024,215,"Spr",7.22500044107437
"1",124,"dino",49900.01953125,0,413.029998779297,0,15.4300003051758,2.46000003814697,428.450012207031,2024,2024,216,"Spr",8.94500017166139
"1",125,"dino",50034.83984375,0,563.590026855469,0,21.6900005340576,-0.660000026226044,217.380004882812,2024,2024,217,"Spr",10.5150002539158
"1",126,"dino",50168.03125,8.80000019073486,370.799987792969,0,21.1200008392334,3.6800000667572,473.119995117188,2024,2024,218,"Spr",12.4000004529953
"1",127,"dino",50299.55859375,0,374.709991455078,0,12.8100004196167,1.35000002384186,486.200012207031,2024,2024,219,"Spr",7.08000022172928
"1",128,"dino",50429.359375,0,403.920013427734,0,12.0500001907349,-0.349999994039536,392.230010986328,2024,2024,220,"Spr",5.85000009834768
"1",129,"dino",50557.37109375,0,434.279998779297,0,10.8699998855591,-2.58999991416931,303.5,2024,2024,221,"Spr",4.1399999856949
"1",130,"dino",50683.55078125,1.62000000476837,407.679992675781,0,13.5900001525879,1.28999996185303,400.670013427734,2024,2024,222,"Spr",7.44000005722046
"1",131,"dino",50807.83984375,0,403.149993896484,0,17.9400005340576,5.86999988555908,490.420013427734,2024,2024,223,"Spr",11.9050002098083
"1",132,"dino",50930.171875,0,532.489990234375,0,21.2299995422363,2.91000008583069,270.089996337891,2024,2024,224,"Spr",12.0699998140335
"1",133,"dino",51050.51171875,0,570.809997558594,0,25.5,3.77999997138977,284.480010986328,2024,2024,225,"Spr",14.6399999856949
"1",134,"dino",51168.78125,0,555.169982910156,0,26.7900009155273,6.44999980926514,346.880004882812,2024,2024,226,"Spr",16.6200003623962
"1",135,"dino",51284.921875,0,495.239990234375,0,24.6499996185303,8.59000015258789,409.059997558594,2024,2024,227,"Spr",16.6199998855591
"1",136,"dino",51398.8984375,0,514.349975585938,0,21.9400005340576,4.94000005722046,317.399993896484,2024,2024,228,"Spr",13.440000295639
"1",137,"dino",51510.62890625,0,547.570007324219,0,25.1100006103516,5.6399998664856,326.869995117188,2024,2024,229,"Spr",15.3750002384186
"1",138,"dino",51620.078125,0,559.429992675781,0,28.0100002288818,7.1399998664856,364.920013427734,2024,2024,230,"Spr",17.5750000476837
"1",139,"dino",51727.171875,0,547.890014648438,0,27.0200004577637,7.17000007629395,365.690002441406,2024,2024,231,"Spr",17.0950002670288
"1",140,"dino",51831.8515625,0.0500000007450581,485.799987792969,0,25.9099998474121,9.98999977111816,448.660003662109,2024,2024,232,"Spr",17.9499998092651
"1",141,"dino",51934.0703125,1.67999994754791,368.700012207031,0,18.1100006103516,7.34999990463257,573.849975585938,2024,2024,233,"Spr",12.7300002574921
"1",142,"dino",52033.76171875,0.0199999995529652,359.579986572266,0,14.8699998855591,4.76000022888184,478.670013427734,2024,2024,234,"Spr",9.81500005722047
"1",143,"dino",52130.87109375,0,580.719970703125,0,22.4500007629395,0.699999988079071,224.839996337891,2024,2024,235,"Spr",11.5750003755093
"1",144,"dino",52225.3515625,0,449.899993896484,0,17.7399997711182,4.5,302.25,2024,2024,236,"Spr",11.1199998855591
"1",145,"dino",52317.12890625,5.1399998664856,425.320007324219,0,20.7600002288818,0.280000001192093,230.240005493164,2024,2024,237,"Spr",10.5200001150369
"1",146,"dino",52406.16015625,4,317.660003662109,0,15.9099998474121,3.46000003814697,477.230010986328,2024,2024,238,"Spr",9.68499994277954
"1",147,"dino",52492.3984375,0,537.52001953125,0,21.7999992370605,3.74000000953674,283.470001220703,2024,2024,239,"Spr",12.7699996232986
"1",148,"dino",52575.76953125,0,560.419982910156,0,25.9400005340576,5.48000001907349,322.850006103516,2024,2024,240,"Spr",15.7100002765655
"1",149,"dino",52656.23828125,0,553.510009765625,0,29.1000003814697,8.63000011444092,406.679992675781,2024,2024,241,"Spr",18.8650002479553
"1",150,"dino",52733.73828125,0,538.330017089844,0,30.1200008392334,10.6599998474121,470.589996337891,2024,2024,242,"Spr",20.3900003433228
"1",151,"dino",52808.23828125,0,460.630004882812,0,25.5,10.7399997711182,477.630004882812,2024,2024,243,"Spr",18.1199998855591
"1",152,"dino",52879.671875,0,515.719970703125,0,26.9400005340576,9.13000011444092,421.640014648438,2024,2024,244,"Spr",18.0350003242493
"1",153,"dino",52947.98828125,0,550.119995117188,0,29.7199993133545,9.19999980926514,423.809997558594,2024,2024,245,"Spr",19.4599995613098
"1",154,"dino",53013.16015625,0,489.850006103516,0,27.7299995422363,11.1999998092651,488.959991455078,2024,2024,246,"Spr",19.4649996757507
"1",155,"dino",53075.12890625,0,447.579986572266,0,26.5300006866455,12.3199996948242,529.260009765625,2024,2024,247,"Spr",19.4250001907348
"1",156,"dino",53133.859375,0,506.589996337891,0,28.2000007629395,10.9499998092651,480.279998779297,2024,2024,248,"Spr",19.5750002861023
"1",157,"dino",53189.30859375,0,542.02001953125,0,31.7600002288818,11.5900001525879,502.75,2024,2024,249,"Spr",21.6750001907348
"1",158,"dino",53241.4296875,0,531.989990234375,0,32.6800003051758,12.9499998092651,553.260009765625,2024,2024,250,"Spr",22.8150000572205
"1",159,"dino",53290.19140625,0,504.019989013672,0,33.2099990844727,15.1400003433228,643.510009765625,2024,2024,251,"Spr",24.1749997138977
"1",160,"dino",53335.55859375,0,485.649993896484,0,31,14.0799999237061,598.330017089844,2024,2024,252,"Spr",22.539999961853
"1",161,"dino",53377.48828125,0,515.159973144531,0,33.5400009155273,14.4499998092651,613.789978027344,2024,2024,253,"Spr",23.9950003623962
"1",162,"dino",53415.96875,0,490.470001220703,0,32.0999984741211,14.6800003051758,623.419982910156,2024,2024,254,"Spr",23.3899993896485
"1",163,"dino",53450.9609375,0,536.690002441406,0,33.189998626709,12.710000038147,543.97998046875,2024,2024,255,"Spr",22.949999332428
"1",164,"dino",53482.4296875,0,541.380004882812,0,35.0099983215332,13.9200000762939,591.570007324219,2024,2024,256,"Spr",24.4649991989136
"1",165,"dino",53510.37109375,0,554.090026855469,0,36.5900001525879,14.0200004577637,595.710021972656,2024,2024,257,"Spr",25.3050003051758
"1",166,"dino",53534.75,0,410.269989013672,0,30.2999992370605,16.7800006866455,720,2024,2024,258,"Spr",23.539999961853
"1",167,"dino",53555.55078125,0,514.650024414062,0,32.75,13.7799997329712,585.940002441406,2024,2024,259,"Spr",23.2649998664856
"1",168,"dino",53572.76171875,0,522.780029296875,0,33.2299995422363,13.710000038147,582.969970703125,2024,2024,260,"Spr",23.4699997901917
"1",169,"dino",53586.359375,0,533.659973144531,0,32.5,12.2700004577637,527.309997558594,2024,2024,261,"Spr",22.3850002288819
"1",170,"dino",53596.33984375,0,457.149993896484,0,23.7199993133545,8.56999969482422,405.140014648438,2024,2024,262,"Spr",16.1449995040894
"1",171,"dino",53602.69921875,0,530.549987792969,0,28.8400001525879,8.97999954223633,417.369995117188,2024,2024,263,"Spr",18.9099998474121
"1",172,"dino",53605.44140625,0,546.309997558594,0,33.3300018310547,11.4799995422363,498.910003662109,2024,2024,264,"Spr",22.4050006866455
"1",173,"dino",53604.5390625,4.92000007629395,367.730010986328,0,31.2700004577637,13.4300003051758,571.820007324219,2024,2024,265,"Spr",22.3500003814698
"1",174,"dino",53600.01171875,0,518.010009765625,0,30.6100006103516,11.0799999237061,484.929992675781,2024,2024,266,"Spr",20.8450002670289
"1",175,"dino",53591.8515625,0,523.25,0,35.4700012207031,15.0500001907349,639.609985351562,2024,2024,267,"Spr",25.260000705719
"1",176,"dino",53580.0703125,0,492.829986572266,0,35.1300010681152,16.5799999237061,710.330017089844,2024,2024,268,"Spr",25.8550004959107
"1",177,"dino",53564.6796875,0,513.429992675781,0,35.4599990844727,15.5299997329712,660.969970703125,2024,2024,269,"Spr",25.494999408722
"1",178,"dino",53545.69140625,0,503.799987792969,0,34.5099983215332,15.3400001525879,652.77001953125,2024,2024,270,"Spr",24.9249992370606
"1",179,"dino",53523.109375,4.48000001907349,324.059997558594,0,32.2999992370605,17.1000003814697,735.77001953125,2024,2024,271,"Spr",24.6999998092651
"1",180,"dino",53496.96875,0,458.450012207031,0,31.0599994659424,14.9300003051758,634.340026855469,2024,2024,272,"Spr",22.9949998855591
"1",181,"dino",53467.26953125,0,526.030029296875,0,33.8800010681152,13.3299999237061,568.010009765625,2024,2024,273,"Spr",23.6050004959107
"1",182,"dino",53434.05078125,0.9200000166893,459.730010986328,0,34.7000007629395,18.0699996948242,785.570007324219,2024,2024,274,"Spr",26.3850002288819
"1",183,"dino",53397.328125,0,448.890014648438,0,32.5400009155273,16.75,718.299987792969,2024,2024,275,"Spr",24.6450004577637
"1",184,"dino",53357.140625,0,428.049987792969,0,30.4400005340576,15.8000001907349,673.669982910156,2024,2024,276,"Sum",23.1200003623963
"1",185,"dino",53313.5,0,527.22998046875,0,31.9099998474121,11.5,499.350006103516,2024,2024,277,"Sum",21.704999923706
"1",186,"dino",53266.44140625,0,530.599975585938,0,31.2399997711182,10.539999961853,466.760009765625,2024,2024,278,"Sum",20.8899998664856
"1",187,"dino",53216.01171875,0,510.859985351562,0,31.1399993896484,11.8299999237061,511.329986572266,2024,2024,279,"Sum",21.4849996566772
"1",188,"dino",53162.23828125,0,529.239990234375,0,33.5299987792969,12.6499996185303,541.669982910156,2024,2024,280,"Sum",23.0899991989136
"1",189,"dino",53105.16015625,0,529.960021972656,0,32.2200012207031,11.3500003814697,494.320007324219,2024,2024,281,"Sum",21.7850008010864
"1",190,"dino",53044.8203125,0,493.980010986328,0,32.1699981689453,13.6599998474121,580.969970703125,2024,2024,282,"Sum",22.9149990081787
"1",191,"dino",52981.26171875,0,519.359985351562,0,34.7200012207031,14.2299995422363,604.549987792969,2024,2024,283,"Sum",24.4750003814697
"1",192,"dino",52914.51953125,0,531.320007324219,0,36.9700012207031,15.1599998474121,644.739990234375,2024,2024,284,"Sum",26.0650005340576
"1",193,"dino",52844.6484375,0,543.739990234375,0,38.4099998474121,15.25,648.710021972656,2024,2024,285,"Sum",26.829999923706
"1",194,"dino",52771.69140625,0,532.909973144531,0,39.1199989318848,16.7199993133545,717.070007324219,2024,2024,286,"Sum",27.9199991226197
"1",195,"dino",52695.69921875,0,530.130004882812,0,38.1399993896484,16.1100006103516,687.780029296875,2024,2024,287,"Sum",27.125
"1",196,"dino",52616.71875,0,483.690002441406,0,37.7700004577637,18.8600006103516,827.849975585938,2024,2024,288,"Sum",28.3150005340577
"1",197,"dino",52534.80859375,0,442.130004882812,0,35.0999984741211,18.7900009155273,824.070007324219,2024,2024,289,"Sum",26.9449996948242
"1",198,"dino",52450.01171875,0,479.220001220703,0,34.2900009155273,16.0900001525879,686.760009765625,2024,2024,290,"Sum",25.1900005340576
"1",199,"dino",52362.37890625,0,495.140014648438,0,35.2599983215332,15.9799995422363,681.909973144531,2024,2024,291,"Sum",25.6199989318848
"1",200,"dino",52271.98046875,0,486.559997558594,0,36.0699996948242,17.1399993896484,737.450012207031,2024,2024,292,"Sum",26.6049995422363
"1",201,"dino",52178.859375,0,442.929992675781,0,35.5400009155273,19.1200008392334,842.340026855469,2024,2024,293,"Sum",27.3300008773803
"1",202,"dino",52083.0703125,0,493.160003662109,0,35.7299995422363,16.5,706.440002441406,2024,2024,294,"Sum",26.1149997711181
"1",203,"dino",51984.671875,0,458.850006103516,0,33.3899993896484,16.3799991607666,700.77001953125,2024,2024,295,"Sum",24.8849992752075
"1",204,"dino",51883.71875,0,471.529998779297,0,32.8199996948242,15.1800003051758,645.669982910156,2024,2024,296,"Sum",24
"1",205,"dino",51780.26953125,0,516.719970703125,0,35.4599990844727,14.6199998855591,620.880004882812,2024,2024,297,"Sum",25.0399994850159
"1",206,"dino",51674.390625,0,508.690002441406,0,37.2799987792969,16.7000007629395,715.799987792969,2024,2024,298,"Sum",26.9899997711182
"1",207,"dino",51566.12109375,0,460.470001220703,0,35.7799987792969,18.3899993896484,802.099975585938,2024,2024,299,"Sum",27.0849990844726
"1",208,"dino",51455.5390625,0,402.019989013672,0,33.9599990844727,19.6599998474121,873.140014648438,2024,2024,300,"Sum",26.8099994659424
"1",209,"dino",51342.69140625,1.04999995231628,453.429992675781,0,33.9900016784668,17.1599998474121,738.799987792969,2024,2024,301,"Sum",25.5750007629394
"1",210,"dino",51227.62890625,0,504.950012207031,0,34.0999984741211,14.0500001907349,597.219970703125,2024,2024,302,"Sum",24.074999332428
"1",211,"dino",51110.421875,0,526.190002441406,0,34.7299995422363,12.9499998092651,552.900024414062,2024,2024,303,"Sum",23.8399996757507
"1",212,"dino",50991.12109375,0,532.559997558594,0,34.9199981689453,12.3800001144409,531.450012207031,2024,2024,304,"Sum",23.6499991416931
"1",213,"dino",50869.7890625,0,516.989990234375,0,34.7599983215332,13.3100004196167,567.280029296875,2024,2024,305,"Sum",24.034999370575
"1",214,"dino",50746.48046875,0,508.290008544922,0,36.3899993896484,15.1899995803833,645.849975585938,2024,2024,306,"Sum",25.7899994850159
"1",215,"dino",50621.25,0,514.080017089844,0,38.0999984741211,16.1299991607666,688.580017089844,2024,2024,307,"Sum",27.1149988174439
"1",216,"dino",50494.1484375,0,510.149993896484,0,38.4500007629395,16.6399993896484,712.940002441406,2024,2024,308,"Sum",27.545000076294
"1",217,"dino",50365.23828125,0,425.839996337891,0,36.0499992370605,19.7600002288818,879.010009765625,2024,2024,309,"Sum",27.9049997329711
"1",218,"dino",50234.578125,0,484.359985351562,0,36.2099990844727,16.5100002288818,707.039978027344,2024,2024,310,"Sum",26.3599996566772
"1",219,"dino",50102.21875,0,471.179992675781,0,36.7900009155273,17.8600006103516,774.200012207031,2024,2024,311,"Sum",27.3250007629395
"1",220,"dino",49968.21875,0,429.980010986328,0,35.2799987792969,18.8299999237061,826.080017089844,2024,2024,312,"Sum",27.0549993515015
"1",221,"dino",49832.62109375,0,460.309997558594,0,32.7599983215332,14.8900003433228,632.75,2024,2024,313,"Sum",23.824999332428
"1",222,"dino",49695.48046875,0,432.079986572266,0,32.1300010681152,15.9099998474121,678.570007324219,2024,2024,314,"Sum",24.0200004577637
"1",223,"dino",49556.8515625,1.3400000333786,440.75,0,32.4599990844727,15.8400001525879,675.460021972656,2024,2024,315,"Sum",24.1499996185303
"1",224,"dino",49416.78125,1.87999999523163,462.600006103516,0,32.5200004577637,14.7200002670288,625.25,2024,2024,316,"Sum",23.6200003623963
"1",225,"dino",49275.328125,8.56999969482422,328.510009765625,0,30.8799991607666,14.539999961853,617.599975585938,2024,2024,317,"Sum",22.7099995613098
"1",226,"dino",49132.53125,3.86999988555908,238.389999389648,0,25.9899997711182,15.0900001525879,775.190002441406,2024,2024,318,"Sum",20.539999961853
"1",227,"dino",48988.44921875,3.78999996185303,282.399993896484,0,27.3600006103516,14.1000003814697,666.140014648438,2024,2024,319,"Sum",20.7300004959107
"1",228,"dino",48843.12109375,0,490.739990234375,0,30.9699993133545,11.6000003814697,502.950012207031,2024,2024,320,"Sum",21.2849998474121
"1",229,"dino",48696.6015625,0,494.910003662109,0,33.8600006103516,13.7799997329712,586.119995117188,2024,2024,321,"Sum",23.8200001716614
"1",230,"dino",48548.9296875,1.24000000953674,485.070007324219,0,32.9300003051758,13.539999961853,576.409973144531,2024,2024,322,"Sum",23.2350001335144
"1",231,"dino",48400.1484375,1.72000002861023,446.489990234375,0,30.8999996185303,14.0100002288818,595.429992675781,2024,2024,323,"Sum",22.454999923706
"1",232,"dino",48250.30859375,0,441.600006103516,0,31.7900009155273,15.0799999237061,641.119995117188,2024,2024,324,"Sum",23.4350004196167
"1",233,"dino",48099.44921875,0,488.170013427734,0,33.9700012207031,13.9399995803833,592.460021972656,2024,2024,325,"Sum",23.9550004005432
"1",234,"dino",47947.62109375,0,425.619995117188,0,33.6300010681152,17.4500007629395,753.090026855469,2024,2024,326,"Sum",25.5400009155274
"1",235,"dino",47794.859375,0,348.540008544922,0,28.75,16.4899997711182,705.760009765625,2024,2024,327,"Sum",22.6199998855591
"1",236,"dino",47641.19921875,0,358.029998779297,0,26.9400005340576,14.5699996948242,619.090026855469,2024,2024,328,"Sum",20.7550001144409
"1",237,"dino",47486.6796875,1.72000002861023,401.910003662109,0,29.9200000762939,15.4399995803833,656.97998046875,2024,2024,329,"Sum",22.6799998283386
"1",238,"dino",47331.3515625,6.59999990463257,245.199996948242,0,25.2900009155273,13.9700002670288,770.710021972656,2024,2024,330,"Sum",19.630000591278
"1",239,"dino",47175.25,0,421,0,27.5200004577637,12.210000038147,525.090026855469,2024,2024,331,"Sum",19.8650002479554
"1",240,"dino",47018.41015625,0,485.690002441406,0,29.8700008392334,10.3000001907349,458.640014648438,2024,2024,332,"Sum",20.0850005149841
"1",241,"dino",46860.859375,0,494.459991455078,0,32.060001373291,11.4399995803833,497.429992675781,2024,2024,333,"Sum",21.7500004768372
"1",242,"dino",46702.6484375,0,486.339996337891,0,30.8299999237061,10.9300003051758,479.839996337891,2024,2024,334,"Sum",20.880000114441
"1",243,"dino",46543.80859375,0,497.140014648438,0,31.0499992370605,10.0600004196167,450.910003662109,2024,2024,335,"Sum",20.5549998283386
"1",244,"dino",46384.37109375,0,507.119995117188,0,32.4900016784668,10.1400003433228,453.609985351562,2024,2024,336,"Sum",21.3150010108948
"1",245,"dino",46224.359375,0,498.709991455078,0,32.6199989318848,10.9099998474121,478.920013427734,2024,2024,337,"Sum",21.7649993896485
"1",246,"dino",46063.828125,0,475.029998779297,0,32.7200012207031,12.9399995803833,552.739990234375,2024,2024,338,"Sum",22.8300004005432
"1",247,"dino",45902.80078125,0.270000010728836,454.940002441406,0,31.5900001525879,13.210000038147,563.159973144531,2024,2024,339,"Sum",22.4000000953674
"1",248,"dino",45741.30078125,0,384.070007324219,0,27.8199996948242,13.7799997329712,585.799987792969,2024,2024,340,"Sum",20.7999997138977
"1",249,"dino",45579.37109375,0,431.630004882812,0,28.3199996948242,11.6800003051758,505.950012207031,2024,2024,341,"Sum",20
"1",250,"dino",45417.03125,0,462.119995117188,0,30.3999996185303,11.3000001907349,492.630004882812,2024,2024,342,"Sum",20.8499999046326
"1",251,"dino",45254.3203125,0,468.869995117188,0,31.8099994659424,11.7799997329712,509.549987792969,2024,2024,343,"Sum",21.7949995994568
"1",252,"dino",45091.26953125,0,463.119995117188,0,32.0299987792969,12.1599998474121,523.340026855469,2024,2024,344,"Sum",22.0949993133545
"1",253,"dino",44927.8984375,0,428.720001220703,0,30.5300006866455,13.1400003433228,560.380004882812,2024,2024,345,"Sum",21.8350005149842
"1",254,"dino",44764.23828125,0,436.049987792969,0,29.8500003814697,11.8599996566772,512.409973144531,2024,2024,346,"Sum",20.8550000190735
"1",255,"dino",44600.328125,0,416.049987792969,0,29.9899997711182,13.1599998474121,561.090026855469,2024,2024,347,"Sum",21.5749998092652
"1",256,"dino",44436.1796875,0,360.269989013672,0,25.6299991607666,11.8199996948242,562.22998046875,2024,2024,348,"Sum",18.7249994277954
"1",257,"dino",44271.83984375,0,435.649993896484,0,24.6800003051758,6.40999984741211,345.920013427734,2024,2024,349,"Sum",15.545000076294
"1",258,"dino",44107.3203125,0,474.690002441406,0,28.8899993896484,6.51000022888184,348.549987792969,2024,2024,350,"Sum",17.6999998092651
"1",259,"dino",43942.6484375,0,455.029998779297,0,29.8400001525879,9.06999969482422,419.809997558594,2024,2024,351,"Sum",19.4549999237061
"1",260,"dino",43777.859375,0,397.640014648438,0,29.0200004577637,12.460000038147,534.330017089844,2024,2024,352,"Sum",20.7400002479554
"1",261,"dino",43612.98046875,2.99000000953674,255.339996337891,0,25.1000003814697,11.3299999237061,805.5,2024,2024,353,"Sum",18.2150001525879
"1",262,"dino",43448.03125,0,410.769989013672,0,23.0100002288818,5.61999988555908,368.100006103516,2024,2024,354,"Sum",14.3150000572204
"1",263,"dino",43283.0390625,0,439.480010986328,0,26.2999992370605,6.38000011444092,345.130004882812,2024,2024,355,"Sum",16.3399996757507
"1",264,"dino",43118.0390625,0,446.279998779297,0,28.2299995422363,7.17000007629395,365.769989013672,2024,2024,356,"Sum",17.6999998092651
"1",265,"dino",42953.05078125,0,417.359985351562,0,27.4899997711182,8.60000038146973,406,2024,2024,357,"Sum",18.045000076294
"1",266,"dino",42788.1015625,0,385.380004882812,0,24.6900005340576,7.90999984741211,398.029998779297,2024,2024,358,"Sum",16.3000001907349
"1",267,"dino",42623.21875,0,409.399993896484,0,26.5100002288818,7.67999982833862,379.730010986328,2024,2024,359,"Sum",17.0950000286102
"1",268,"dino",42458.4296875,0,410.140014648438,0,27.4300003051758,8.06999969482422,390.600006103516,2024,2024,360,"Sum",17.75
"1",269,"dino",42293.76171875,0,425.940002441406,0,29.8700008392334,8.44999980926514,401.549987792969,2024,2024,361,"Sum",19.1600003242493
"1",270,"dino",42129.23828125,0,430.239990234375,0,31.7299995422363,9.27999973297119,426.309997558594,2024,2024,362,"Sum",20.5049996376037
"1",271,"dino",41964.8984375,0,420.119995117188,0,31.8199996948242,10.0799999237061,451.470001220703,2024,2024,363,"Sum",20.9499998092652
"1",272,"dino",41800.75,0,422.440002441406,0,31.4599990844727,9.13000011444092,421.850006103516,2024,2024,364,"Sum",20.2949995994568
"1",273,"dino",41636.828125,0,408.170013427734,0,31.3999996185303,10.25,457.089996337891,2024,2024,365,"Sum",20.8249998092652
"1",274,"dino",41473.1796875,0,397.230010986328,0,30.3600006103516,10.1300001144409,452.989990234375,2024,2025,1,"Fall",20.2450003623963
"1",275,"dino",41309.80078125,0,394.329986572266,0,27.8999996185303,7.92000007629395,386.410003662109,2024,2025,2,"Fall",17.9099998474121
"1",276,"dino",41146.75,0,413.179992675781,0,28.7199993133545,6.36999988555908,344.929992675781,2024,2025,3,"Fall",17.5449995994568
"1",277,"dino",40984.03125,0,402.410003662109,0,28.3799991607666,6.84999990463257,357.230010986328,2024,2025,4,"Fall",17.6149995326996
"1",278,"dino",40821.69140625,0,403.399993896484,0,29.2999992370605,6.98999977111816,361.029998779297,2024,2025,5,"Fall",18.1449995040893
"1",279,"dino",40659.76171875,0,376.130004882812,0,28.5100002288818,8.64999961853027,407.429992675781,2024,2025,6,"Fall",18.579999923706
"1",280,"dino",40498.26171875,0,362.859985351562,0,26.4599990844727,7.61999988555908,377.940002441406,2024,2025,7,"Fall",17.0399994850159
"1",281,"dino",40337.21875,0,381.839996337891,0,26.3999996185303,5.57999992370605,325.440002441406,2024,2025,8,"Fall",15.9899997711182
"1",282,"dino",40176.69140625,0,369.589996337891,0,26.4200000762939,6.46000003814697,347.149993896484,2024,2025,9,"Fall",16.4400000572204
"1",283,"dino",40016.6796875,0,370.660003662109,0,27.2099990844727,6.75,354.690002441406,2024,2025,10,"Fall",16.9799995422363
"1",284,"dino",39857.23828125,0,365.730010986328,0,27.3700008392334,6.96999979019165,360.549987792969,2024,2025,11,"Fall",17.1700003147125
"1",285,"dino",39698.390625,0,343.019989013672,0,27.7900009155273,9.03999996185303,437.75,2024,2025,12,"Fall",18.4150004386902
"1",286,"dino",39540.171875,0,350.649993896484,0,27.25,7.48999977111816,387.950012207031,2024,2025,13,"Fall",17.3699998855591
"1",287,"dino",39382.62109375,0,346.709991455078,0,27.2800006866455,7.57000017166138,397.980010986328,2024,2025,14,"Fall",17.4250004291534
"1",288,"dino",39225.78125,0,343.809997558594,0,26.3999996185303,6.76000022888184,388.369995117188,2024,2025,15,"Fall",16.5799999237061
"1",289,"dino",39069.671875,0,335.089996337891,0,26.2399997711182,7.15999984741211,415.890014648438,2024,2025,16,"Fall",16.6999998092652
"1",290,"dino",38914.328125,0,318.190002441406,0,24.4200000762939,6.57999992370605,439.440002441406,2024,2025,17,"Fall",15.5
"1",291,"dino",38759.8203125,17.3099994659424,184.639999389648,0,19.0799999237061,5.94000005722046,714.299987792969,2024,2025,18,"Fall",12.5099999904633
"1",292,"dino",38606.1484375,8.48999977111816,111.870002746582,0,12.6700000762939,5.11999988555908,879.219970703125,2024,2025,19,"Fall",8.89499998092649
"1",293,"dino",38453.37890625,0,204.410003662109,0,12.8100004196167,2.32999992370605,719.140014648438,2024,2025,20,"Fall",7.57000017166137
"1",294,"dino",38301.5390625,0,226.740005493164,0,14,2.25,685.169982910156,2024,2025,21,"Fall",8.125
"1",295,"dino",38150.6796875,0,251.789993286133,0,16.2700004577637,2.84999990463257,674.919982910156,2024,2025,22,"Fall",9.56000018119813
"1",296,"dino",38000.828125,0,273.140014648438,0,18.6399993896484,3.51999998092651,670.830017089844,2024,2025,23,"Fall",11.0799996852875
"1",297,"dino",37852.0390625,0,282.579986572266,0,19.9599990844727,3.92000007629395,672.700012207031,2024,2025,24,"Fall",11.9399995803833
"1",298,"dino",37704.359375,0,243.369995117188,0,17.6100006103516,4.36999988555908,757.219970703125,2024,2025,25,"Fall",10.9900002479553
"1",299,"dino",37557.828125,0,299.040008544922,0,17.7999992370605,0.360000014305115,520.669982910156,2024,2025,26,"Fall",9.07999962568281
"1",300,"dino",37412.5,0,303.880004882812,0,19.8099994659424,1.60000002384186,549.719970703125,2024,2025,27,"Fall",10.7049997448921
"1",301,"dino",37268.41015625,0,279.549987792969,0,18.4799995422363,2.36999988555908,614.059997558594,2024,2025,28,"Fall",10.4249997138977
"1",302,"dino",37125.6015625,1.01999998092651,223.649993896484,0,18.2600002288818,6.05999994277954,875.099975585938,2024,2025,29,"Fall",12.1600000858307
"1",303,"dino",36984.140625,1.96000003814697,180.130004882812,0,12.2799997329712,3.01999998092651,758.340026855469,2024,2025,30,"Fall",7.64999985694886
"1",304,"dino",36844.05859375,0,147.110000610352,0,7.44000005722046,0.189999997615814,619.25,2024,2025,31,"Fall",3.81500002741814
"1",305,"dino",36705.4296875,0,243.800003051758,0,10.7200002670288,-2.17000007629395,513.52001953125,2024,2025,32,"Fall",4.27500009536742
"1",306,"dino",36568.28125,0,251.380004882812,0,11.5,-1.89999997615814,515.700012207031,2024,2025,33,"Fall",4.80000001192093
"1",307,"dino",36432.671875,0,247.029998779297,0,12.9499998092651,-0.209999993443489,580.090026855469,2024,2025,34,"Fall",6.3699999079108
"1",308,"dino",36298.6484375,0.230000004172325,155.970001220703,0,8.64000034332275,1.12000000476837,662.190002441406,2024,2025,35,"Fall",4.88000017404556
"1",309,"dino",36166.28125,0,192.110000610352,0,9.28999996185303,-0.0700000002980232,607.539978027344,2024,2025,36,"Fall",4.6099999807775
"1",310,"dino",36035.609375,0,177.660003662109,0,5.84999990463257,-2.52999997138977,506.940002441406,2024,2025,37,"Fall",1.6599999666214
"1",311,"dino",35906.69140625,0,154.779998779297,0,4.71999979019165,-2.34999990463257,514.070007324219,2024,2025,38,"Fall",1.18499994277954
"1",312,"dino",35779.578125,0,263.799987792969,0,5.82000017166138,-7.6399998664856,344.130004882812,2024,2025,39,"Fall",-0.90999984741211
"1",313,"dino",35654.33984375,0,258.829986572266,0,7.26999998092651,-5.84999990463257,394.790008544922,2024,2025,40,"Fall",0.71000003814697
"1",314,"dino",35531.01171875,0,271.670013427734,0,11.5699996948242,-2.85999989509583,469.190002441406,2024,2025,41,"Fall",4.35499989986418
"1",315,"dino",35409.671875,0,289.869995117188,0,12.75,-3.79999995231628,417.869995117188,2024,2025,42,"Fall",4.47500002384186
"1",316,"dino",35290.359375,0,294.519989013672,0,13.789999961853,-3.55999994277954,388.359985351562,2024,2025,43,"Fall",5.11500000953673
"1",317,"dino",35173.140625,2.38000011444092,165.419998168945,0,8.4399995803833,-2.27999997138977,516.539978027344,2024,2025,44,"Fall",3.07999980449677
"1",318,"dino",35058.05859375,0,240,0,7.44000005722046,-4.32999992370605,410.070007324219,2024,2025,45,"Fall",1.5550000667572
"1",319,"dino",34945.19921875,0,276.119995117188,0,10.4899997711182,-4.53999996185303,367.609985351562,2024,2025,46,"Fall",2.97499990463258
"1",320,"dino",34834.6015625,0,291.209991455078,0,12.8999996185303,-4.48000001907349,350.070007324219,2024,2025,47,"Fall",4.2099997997284
"1",321,"dino",34726.3203125,0,255.070007324219,0,9.06999969482422,-4.26999998092651,391.350006103516,2024,2025,48,"Fall",2.39999985694886
"1",322,"dino",34620.421875,0,253.580001831055,0,6.78999996185303,-6.69000005722046,331.369995117188,2024,2025,49,"Fall",0.0499999523162851
"1",323,"dino",34516.94921875,0,258.559997558594,0,9.34000015258789,-5.05999994277954,360.350006103516,2024,2025,50,"Fall",2.14000010490418
"1",324,"dino",34415.98828125,0,207.369995117188,0,4.46000003814697,-5.8600001335144,391.200012207031,2024,2025,51,"Fall",-0.700000047683715
"1",325,"dino",34317.5703125,0,265.570007324219,0,6.05000019073486,-9.38000011444092,268.820007324219,2024,2025,52,"Fall",-1.66499996185303
"1",326,"dino",34221.76171875,0,264.609985351562,0,8.30000019073486,-7.40000009536743,304.809997558594,2024,2025,53,"Fall",0.450000047683715
"1",327,"dino",34128.62109375,0,258.609985351562,0,8.97000026702881,-6.28000020980835,332.769989013672,2024,2025,54,"Fall",1.34500002861023
"1",328,"dino",34038.19921875,0,251.350006103516,0,9.55000019073486,-5.17000007629395,356.980010986328,2024,2025,55,"Fall",2.19000005722045
"1",329,"dino",33950.55078125,2.16000008583069,145.220001220703,0,5.1100001335144,-4.82999992370605,426.690002441406,2024,2025,56,"Fall",0.140000104904175
"1",330,"dino",33865.73828125,0,202.309997558594,0,2.5,-7.73000001907349,333.149993896484,2024,2025,57,"Fall",-2.61500000953674
"1",331,"dino",33783.80859375,2.21000003814697,86.5500030517578,0,1.5900000333786,-3.74000000953674,463.359985351562,2024,2025,58,"Fall",-1.07499998807907
"1",332,"dino",33704.80859375,0,163.669998168945,0,4.98000001907349,-2.85999989509583,494.959991455078,2024,2025,59,"Fall",1.06000006198883
"1",333,"dino",33628.7890625,0,209.199996948242,0,3.27999997138977,-7.40000009536743,342.970001220703,2024,2025,60,"Fall",-2.06000006198883
"1",334,"dino",33555.8203125,0,225.529998779297,0,2.88000011444092,-9.26000022888184,291.459991455078,2024,2025,61,"Fall",-3.19000005722046
"1",335,"dino",33485.9296875,0,242.339996337891,0,3.90000009536743,-10.0299997329712,264.619995117188,2024,2025,62,"Fall",-3.06499981880189
"1",336,"dino",33419.171875,0,251.020004272461,0,5.98999977111816,-9.3100004196167,268.799987792969,2024,2025,63,"Fall",-1.66000032424927
"1",337,"dino",33355.578125,0,240.990005493164,0,6.23000001907349,-8.0600004196167,300.029998779297,2024,2025,64,"Fall",-0.915000200271605
"1",338,"dino",33295.21875,0,243.940002441406,0,7.3600001335144,-7.71999979019165,301.5,2024,2025,65,"Fall",-0.179999828338625
"1",339,"dino",33238.12109375,0,239.220001220703,0,7.55999994277954,-7.32000017166138,313.019989013672,2024,2025,66,"Fall",0.11999988555908
"1",340,"dino",33184.328125,0,236.600006103516,0,7.6100001335144,-7.28000020980835,315.630004882812,2024,2025,67,"Fall",0.164999961853025
"1",341,"dino",33133.87890625,0,239.160003662109,0,7.15000009536743,-8.43000030517578,290.130004882812,2024,2025,68,"Fall",-0.640000104904175
"1",342,"dino",33086.80078125,0,233.949996948242,0,6.71000003814697,-8.36999988555908,295.899993896484,2024,2025,69,"Fall",-0.829999923706055
"1",343,"dino",33043.140625,0,220.729995727539,0,6.98999977111816,-6.78999996185303,340.350006103516,2024,2025,70,"Fall",0.0999999046325648
"1",344,"dino",33002.921875,0,160.830001831055,0,2.80999994277954,-6.03000020980835,389.309997558594,2024,2025,71,"Fall",-1.6100001335144
"1",345,"dino",32966.1796875,0,213.539993286133,0,2.44000005722046,-10.3199996948242,276.910003662109,2024,2025,72,"Fall",-3.93999981880187
"1",346,"dino",32932.9296875,0,220.830001831055,0,2.15000009536743,-11.2399997711182,255.940002441406,2024,2025,73,"Fall",-4.54499983787538
"1",347,"dino",32903.21875,0,230.949996948242,0,5.48000001907349,-9.39000034332275,279.730010986328,2024,2025,74,"Fall",-1.95500016212463
"1",348,"dino",32877.05078125,0,205.929992675781,0,5.23000001907349,-7.15000009536743,347.040008544922,2024,2025,75,"Fall",-0.96000003814697
"1",349,"dino",32854.44921875,0,203.690002441406,0,4.09000015258789,-8.01000022888184,330.459991455078,2024,2025,76,"Fall",-1.96000003814697
"1",350,"dino",32835.4296875,0,227.330001831055,0,6.40999984741211,-8.06999969482422,308.170013427734,2024,2025,77,"Fall",-0.829999923706055
"1",351,"dino",32820.01953125,0,218.369995117188,0,4.48999977111816,-8.97000026702881,298.660003662109,2024,2025,78,"Fall",-2.24000024795533
"1",352,"dino",32808.21875,0,226.199996948242,0,8.14000034332275,-6.36999988555908,331.890014648438,2024,2025,79,"Fall",0.885000228881835
"1",353,"dino",32800.0390625,0,218.330001831055,0,6.84999990463257,-6.71999979019165,333.320007324219,2024,2025,80,"Fall",0.0650000572204599
"1",354,"dino",32795.48046875,0,227.970001220703,0,7.19000005722046,-7.6100001335144,304.869995117188,2024,2025,81,"Fall",-0.21000003814697
"1",355,"dino",32794.55859375,0,236.880004882812,0,7.76999998092651,-8.25,283.720001220703,2024,2025,82,"Fall",-0.240000009536745
"1",356,"dino",32797.26953125,0,230.600006103516,0,7.05999994277954,-8.06999969482422,293.619995117188,2024,2025,83,"Fall",-0.50499987602234
"1",357,"dino",32803.6015625,0,204.460006713867,0,6.55000019073486,-5.71999979019165,370.089996337891,2024,2025,84,"Fall",0.415000200271605
"1",358,"dino",32813.55859375,0,199.960006713867,0,6.94000005722046,-4.8600001335144,396.100006103516,2024,2025,85,"Fall",1.03999996185303
"1",359,"dino",32827.140625,2.09999990463257,131.350006103516,0,4,-5.88000011444092,393.980010986328,2024,2025,86,"Fall",-0.94000005722046
"1",360,"dino",32844.328125,1.38999998569489,140.100006103516,0,3.25999999046326,-4.21999979019165,446.730010986328,2024,2025,87,"Fall",-0.479999899864195
"1",361,"dino",32865.1015625,0.910000026226044,122.98999786377,0,3.91000008583069,-2.60999989509583,504.109985351562,2024,2025,88,"Fall",0.65000009536743
"1",362,"dino",32889.4609375,1.91999995708466,82.9499969482422,0,0.730000019073486,-3.46000003814697,473.200012207031,2024,2025,89,"Fall",-1.36500000953674
"1",363,"dino",32917.37109375,0,120.599998474121,0,4.55000019073486,-1.69000005722046,539.469970703125,2024,2025,90,"Fall",1.4300000667572
"1",364,"dino",32948.8203125,1.35000002384186,153.979995727539,0,5.3600001335144,-2.71000003814697,500.220001220703,2024,2025,91,"Fall",1.32500004768371
"1",365,"dino",32983.7890625,0,157.699996948242,0,3.58999991416931,-4.51000022888184,437.149993896484,2024,2025,92,"Win",-0.460000157356265
"2",1,"GoeblS1",33341.859375,0,258.079986572266,0,11.6899995803833,-6.65000009536743,371.399993896484,2024,2024,93,"Win",2.51999974250794
"2",2,"GoeblS1",33382.3515625,0,232,0,10.0299997329712,-4.59999990463257,434.160003662109,2024,2024,94,"Win",2.71499991416932
"2",3,"GoeblS1",33426.1484375,0,222.600006103516,0,8.63000011444092,-4.86999988555908,425.350006103516,2024,2024,95,"Win",1.88000011444092
"2",4,"GoeblS1",33473.23828125,0,145.940002441406,0,2.57999992370605,-5.1399998664856,416.700012207031,2024,2024,96,"Win",-1.27999997138978
"2",5,"GoeblS1",33523.578125,0,186.080001831055,0,4.40000009536743,-5.86999988555908,394.390014648438,2024,2024,97,"Win",-0.734999895095825
"2",6,"GoeblS1",33577.12109375,0,189.320007324219,0,4.44999980926514,-5.98000001907349,390.899993896484,2024,2024,98,"Win",-0.765000104904175
"2",7,"GoeblS1",33633.83984375,3.49000000953674,141.610000610352,3.49000000953674,2.30999994277954,-6.73000001907349,369.179992675781,2024,2024,99,"Win",-2.21000003814697
"2",8,"GoeblS1",33693.69921875,1.01999998092651,131.429992675781,4.51000022888184,-1.3400000333786,-7.28000020980835,353.760009765625,2024,2024,100,"Win",-4.31000012159347
"2",9,"GoeblS1",33756.6484375,0,320.339996337891,4.51000022888184,7.40999984741211,-14.8100004196167,193.779998779297,2024,2024,101,"Win",-3.70000028610229
"2",10,"GoeblS1",33822.66015625,0,255.410003662109,4.51000022888184,3.80999994277954,-9.35000038146973,301.049987792969,2024,2024,102,"Win",-2.7700002193451
"2",11,"GoeblS1",33891.671875,0,145.919998168945,4.51000022888184,-2.20000004768372,-8.72000026702881,316.25,2024,2024,103,"Win",-5.46000015735626
"2",12,"GoeblS1",33963.640625,1.73000001907349,308.859985351562,6.23999977111816,1.86000001430511,-16.4699993133545,168.740005493164,2024,2024,104,"Win",-7.3049996495247
"2",13,"GoeblS1",34038.53125,0,136.550003051758,6.23999977111816,-15.2700004577637,-21.1299991607666,113.180000305176,2024,2024,105,"Win",-18.1999998092652
"2",14,"GoeblS1",34116.28125,1.82000005245209,253.729995727539,8.0600004196167,-10.6599998474121,-22.8199996948242,97.5199966430664,2024,2024,106,"Win",-16.7399997711181
"2",15,"GoeblS1",34196.8515625,2.09999990463257,124.339996337891,10.1700000762939,-13.0100002288818,-20.1499996185303,123.269996643066,2024,2024,107,"Win",-16.579999923706
"2",16,"GoeblS1",34280.19140625,0,351.489990234375,10.1700000762939,2.64000010490417,-25.9500007629395,73.5400009155273,2024,2024,108,"Win",-11.6550003290177
"2",17,"GoeblS1",34366.23828125,0,349.029998779297,10.1700000762939,10.7399997711182,-15.7700004577637,178.869995117188,2024,2024,109,"Win",-2.51500034332275
"2",18,"GoeblS1",34454.9609375,0,313.670013427734,10.1700000762939,9.86999988555908,-7.84000015258789,338.589996337891,2024,2024,110,"Win",1.0149998664856
"2",19,"GoeblS1",34546.28125,0,254.929992675781,10.1700000762939,0.519999980926514,-11.3199996948242,257.290008544922,2024,2024,111,"Win",-5.39999985694884
"2",20,"GoeblS1",34640.171875,0,322.589996337891,10.1700000762939,8.46000003814697,-9.71000003814697,292.429992675781,2024,2024,112,"Win",-0.625
"2",21,"GoeblS1",34736.55078125,0,306.040008544922,9.53999996185303,11.7200002670288,-4.51999998092651,436.839996337891,2024,2024,113,"Win",3.60000014305114
"2",22,"GoeblS1",34835.37890625,0,261.679992675781,7.63000011444092,10.9799995422363,-1.44000005722046,549.609985351562,2024,2024,114,"Win",4.76999974250792
"2",23,"GoeblS1",34936.609375,0,272.910003662109,5.82000017166138,11.3800001144409,-1.69000005722046,539.72998046875,2024,2024,115,"Win",4.84500002861022
"2",24,"GoeblS1",35040.171875,0,284.799987792969,4.88000011444092,9.93000030517578,-3.75999999046326,462.480010986328,2024,2024,116,"Win",3.08500015735626
"2",25,"GoeblS1",35146.01953125,4.09999990463257,202.520004272461,3.75999999046326,9.18000030517578,-3.32999992370605,477.850006103516,2024,2024,117,"Win",2.92500019073487
"2",26,"GoeblS1",35254.08984375,0,171.190002441406,2.5,4,-3.01999998092651,488.859985351562,2024,2024,118,"Win",0.490000009536745
"2",27,"GoeblS1",35364.33984375,0,291.630004882812,1.75999999046326,9.48999977111816,-4.21999979019165,446.929992675781,2024,2024,119,"Win",2.63499999046326
"2",28,"GoeblS1",35476.69921875,0,344.5,1.01999998092651,15.0100002288818,-4.23999977111816,446.079986572266,2024,2024,120,"Win",5.38500022888182
"2",29,"GoeblS1",35591.12109375,0,289.760009765625,0,14.7799997329712,-1.47000002861023,548.580017089844,2024,2024,121,"Win",6.65499985218049
"2",30,"GoeblS1",35707.5390625,0,304.470001220703,0,15.8400001525879,-1.99000000953674,527.950012207031,2024,2024,122,"Win",6.92500007152558
"2",31,"GoeblS1",35825.921875,0,305.220001220703,0,15.6000003814697,-1.94000005722046,529.570007324219,2024,2024,123,"Win",6.83000016212462
"2",32,"GoeblS1",35946.19140625,0,296.25,0,16.5900001525879,0.200000002980232,619.570007324219,2024,2024,124,"Win",8.39500007778407
"2",33,"GoeblS1",36068.30078125,8.15999984741211,184.119995117188,0,11.1300001144409,-0.519999980926514,588.179992675781,2024,2024,125,"Win",5.30500006675719
"2",34,"GoeblS1",36192.19921875,36.0499992370605,42.6699981689453,0,2.26999998092651,0.409999996423721,629.179992675781,2024,2024,126,"Win",1.33999998867512
"2",35,"GoeblS1",36317.83984375,0,239.210006713867,0,5.38000011444092,-5.21000003814697,414.440002441406,2024,2024,127,"Win",0.0850000381469749
"2",36,"GoeblS1",36445.16015625,0,313.940002441406,0,8.80000019073486,-7.48999977111816,348.079986572266,2024,2024,128,"Win",0.65500020980835
"2",37,"GoeblS1",36574.1015625,0,337.410003662109,0,14.3800001144409,-5.48999977111816,405.769989013672,2024,2024,129,"Win",4.44500017166137
"2",38,"GoeblS1",36704.62890625,0,258.910003662109,0,11.8299999237061,-0.379999995231628,594,2024,2024,130,"Win",5.72499996423724
"2",39,"GoeblS1",36836.6796875,0,234.960006713867,0,10.6199998855591,0.270000010728836,622.950012207031,2024,2024,131,"Win",5.44499994814397
"2",40,"GoeblS1",36970.19921875,2.70000004768372,156.070007324219,0,4.07999992370605,-4.51000022888184,437.299987792969,2024,2024,132,"Win",-0.215000152587895
"2",41,"GoeblS1",37105.16015625,4.63000011444092,42.3400001525879,0,-1.74000000953674,-3.32999992370605,477.739990234375,2024,2024,133,"Win",-2.5349999666214
"2",42,"GoeblS1",37241.48828125,0,312.790008544922,0,3.46000003814697,-10.6199998855591,272.059997558594,2024,2024,134,"Win",-3.57999992370606
"2",43,"GoeblS1",37379.16015625,0,371.829986572266,0,11.8900003433228,-10.1700000762939,276.179992675781,2024,2024,135,"Win",0.86000013351445
"2",44,"GoeblS1",37518.1015625,0,328.940002441406,0,11.5900001525879,-4.5,437.589996337891,2024,2024,136,"Win",3.54500007629395
"2",45,"GoeblS1",37658.28125,0,324.899993896484,0,11.8199996948242,-3.95000004768372,456,2024,2024,137,"Win",3.93499982357024
"2",46,"GoeblS1",37799.66015625,0,340.119995117188,0,10.25,-6.11999988555908,386.859985351562,2024,2024,138,"Win",2.06500005722046
"2",47,"GoeblS1",37942.1796875,3.47000002861023,138.529998779297,0,1.96000003814697,-4.82000017166138,427,2024,2024,139,"Win",-1.4300000667572
"2",48,"GoeblS1",38085.80078125,0,344.399993896484,0,2.75,-12.2299995422363,239.160003662109,2024,2024,140,"Win",-4.73999977111815
"2",49,"GoeblS1",38230.48046875,0,393.25,0,10.2399997711182,-11.3000001907349,252.490005493164,2024,2024,141,"Win",-0.53000020980835
"2",50,"GoeblS1",38376.171875,0,398.959991455078,0,15.3400001525879,-7.59999990463257,318.910003662109,2024,2024,142,"Win",3.87000012397766
"2",51,"GoeblS1",38522.83984375,0,385.070007324219,0,18.4599990844727,-1.89999997615814,480.329986572266,2024,2024,143,"Win",8.27999955415728
"2",52,"GoeblS1",38670.44921875,0,373.269989013672,0,16.6700000762939,-1.73000001907349,497.850006103516,2024,2024,144,"Win",7.4700000286102
"2",53,"GoeblS1",38818.94140625,0,252.199996948242,0,6.78000020980835,-2.78999996185303,497.209991455078,2024,2024,145,"Win",1.99500012397766
"2",54,"GoeblS1",38968.30078125,0,362.920013427734,0,11.2799997329712,-5.01000022888184,411.140014648438,2024,2024,146,"Win",3.13499975204468
"2",55,"GoeblS1",39118.4609375,0,412.809997558594,0,17.8999996185303,-5.28999996185303,359.25,2024,2024,147,"Win",6.30499982833863
"2",56,"GoeblS1",39269.41015625,0,387.940002441406,0,18.0200004577637,-1.41999995708466,488.5,2024,2024,148,"Win",8.30000025033952
"2",57,"GoeblS1",39421.1015625,0,330.279998779297,0,16.7099990844727,2.42000007629395,675.099975585938,2024,2024,149,"Win",9.56499958038332
"2",58,"GoeblS1",39573.5,4.30000019073486,123.819999694824,0,6.92999982833862,1.02999997138977,657.950012207031,2024,2024,150,"Win",3.9799998998642
"2",59,"GoeblS1",39726.55859375,0,440.309997558594,0,12.75,-13.1700000762939,196.020004272461,2024,2024,151,"Win",-0.21000003814695
"2",60,"GoeblS1",39880.26171875,0,434.029998779297,0,17.2399997711182,-7.17000007629395,298.549987792969,2024,2024,152,"Win",5.03499984741213
"2",61,"GoeblS1",40034.5703125,0,403.209991455078,0,18.1599998474121,-1.32000005245209,471.029998779297,2024,2024,153,"Win",8.41999989748
"2",62,"GoeblS1",40189.44140625,0,401.260009765625,0,19.1800003051758,0.100000001490116,517.140014648438,2024,2024,154,"Win",9.64000015333296
"2",63,"GoeblS1",40344.8515625,0,317.279998779297,0,11.9499998092651,-0.5799999833107,572.679992675781,2024,2024,155,"Win",5.6849999129772
"2",64,"GoeblS1",40500.76171875,0,382.170013427734,0,9.84000015258789,-6.80999994277954,345.040008544922,2024,2024,156,"Win",1.51500010490418
"2",65,"GoeblS1",40657.1484375,0,352.929992675781,0,7.6100001335144,-6.88000011444092,359.790008544922,2024,2024,157,"Win",0.36500000953674
"2",66,"GoeblS1",40813.96875,0,418.730010986328,0,14.8800001144409,-4.98999977111816,360.820007324219,2024,2024,158,"Win",4.94500017166137
"2",67,"GoeblS1",40971.2109375,2.5,150.75,0,6.21000003814697,-0.930000007152557,570.530029296875,2024,2024,159,"Win",2.64000001549721
"2",68,"GoeblS1",41128.828125,1.67999994754791,95.3300018310547,0,-0.300000011920929,-3.17000007629395,483.510009765625,2024,2024,160,"Win",-1.73500004410744
"2",69,"GoeblS1",41286.80859375,0,428.420013427734,0,11.8800001144409,-7.38000011444092,312.380004882812,2024,2024,161,"Win",2.24999999999999
"2",70,"GoeblS1",41445.1015625,0,461.390014648438,0,18.6399993896484,-5.51000022888184,305.700012207031,2024,2024,162,"Win",6.56499958038328
"2",71,"GoeblS1",41603.69921875,0,422.200012207031,0,16.5799999237061,-2.8199999332428,399.239990234375,2024,2024,163,"Win",6.87999999523165
"2",72,"GoeblS1",41762.55078125,0,392.200012207031,0,15.8199996948242,-1.01999998092651,474.470001220703,2024,2024,164,"Win",7.39999985694884
"2",73,"GoeblS1",41921.6484375,45.9000015258789,183.100006103516,0,9.26000022888184,0.400000005960464,628.820007324219,2024,2024,165,"Win",4.83000011742115
"2",74,"GoeblS1",42080.9609375,25.1399993896484,93.3099975585938,0,2.85999989509583,-1.14999997615814,561.280029296875,2024,2024,166,"Win",0.854999959468845
"2",75,"GoeblS1",42240.4609375,0,267.290008544922,0,6.94999980926514,-2.27999997138977,516.440002441406,2024,2024,167,"Win",2.33499991893768
"2",76,"GoeblS1",42400.109375,0,334.989990234375,0,8.48999977111816,-3.46000003814697,473.230010986328,2024,2024,168,"Win",2.5149998664856
"2",77,"GoeblS1",42559.8984375,0,311.410003662109,0,7.73999977111816,-3.13000011444092,484.910003662109,2024,2024,169,"Win",2.30499982833862
"2",78,"GoeblS1",42719.7890625,0,383.299987792969,0,12.9499998092651,-1.48000001907349,547.880004882812,2024,2024,170,"Win",5.7349998950958
"2",79,"GoeblS1",42879.76171875,0,418.420013427734,0,15.6000003814697,-0.899999976158142,572.059997558594,2024,2024,171,"Win",7.35000020265578
"2",80,"GoeblS1",43039.78125,0,406.390014648438,0,15.6199998855591,0.270000010728836,622.580017089844,2024,2024,172,"Win",7.94499994814397
"2",81,"GoeblS1",43199.828125,0,448.359985351562,0,18.4200000762939,0.129999995231628,607.130004882812,2024,2024,173,"Win",9.27500003576276
"2",82,"GoeblS1",43359.87109375,0,455.190002441406,0,16.9899997711182,-1.47000002861023,542.419982910156,2024,2024,174,"Win",7.75999987125399
"2",83,"GoeblS1",43519.890625,0,437.679992675781,0,16.8799991607666,-0.300000011920929,597.109985351562,2024,2024,175,"Win",8.28999957442284
"2",84,"GoeblS1",43679.859375,17.2099990844727,275.890014648438,0,13.0699996948242,0.310000002384186,624.469970703125,2024,2024,176,"Win",6.68999984860419
"2",85,"GoeblS1",43839.75,0,279.089996337891,0,0.129999995231628,-8.3100004196167,326.480010986328,2024,2024,177,"Win",-4.09000021219254
"2",86,"GoeblS1",43999.5390625,0,460.019989013672,0,6.25,-10.460000038147,275.579986572266,2024,2024,178,"Win",-2.1050000190735
"2",87,"GoeblS1",44159.19140625,0,489.470001220703,0,10.8199996948242,-8.61999988555908,318.679992675781,2024,2024,179,"Win",1.09999990463256
"2",88,"GoeblS1",44318.69140625,0,479.049987792969,0,17.9599990844727,-1.49000000953674,533.5,2024,2024,180,"Win",8.23499953746798
"2",89,"GoeblS1",44478,0,375.089996337891,0,12.0299997329712,-0.209999993443489,601.349975585938,2024,2024,181,"Win",5.90999986976386
"2",90,"GoeblS1",44637.1015625,0,451.320007324219,0,15.1499996185303,-0.899999976158142,571.950012207031,2024,2024,182,"Win",7.12499982118608
"2",91,"GoeblS1",44795.9609375,0,466.929992675781,0,15.8299999237061,-1.08000004291534,558.809997558594,2024,2024,183,"Win",7.37499994039538
"2",92,"GoeblS1",44954.55078125,7.01000022888184,223.580001831055,0,8.96000003814697,0.330000013113022,625.320007324219,2024,2024,184,"Win",4.64500002563
"2",93,"GoeblS1",45112.8515625,0,462.739990234375,0,14.3800001144409,-1.58000004291534,543.799987792969,2024,2024,185,"Spr",6.40000003576278
"2",94,"GoeblS1",45270.8203125,0,506.239990234375,0,19.8500003814697,-0.0299999993294477,578.179992675781,2024,2024,186,"Spr",9.91000019107013
"2",95,"GoeblS1",45428.44140625,0,518.030029296875,0,23.9799995422363,2.0699999332428,648.590026855469,2024,2024,187,"Spr",13.0249997377396
"2",96,"GoeblS1",45585.6796875,0,489.880004882812,0,23.2000007629395,4.46000003814697,784.559997558594,2024,2024,188,"Spr",13.8300004005432
"2",97,"GoeblS1",45742.51171875,0,140.520004272461,0,9.89000034332275,6.09000015258789,940.789978027344,2024,2024,189,"Spr",7.99000024795532
"2",98,"GoeblS1",45898.8984375,0,360.350006103516,0,13.8800001144409,2.82999992370605,748.190002441406,2024,2024,190,"Spr",8.35500001907348
"2",99,"GoeblS1",46054.80859375,0,463.480010986328,0,12.6899995803833,-2.78999996185303,497.369995117188,2024,2024,191,"Spr",4.94999980926513
"2",100,"GoeblS1",46210.21875,0,514.090026855469,0,16.5,-2.46000003814697,483.899993896484,2024,2024,192,"Spr",7.01999998092652
"2",101,"GoeblS1",46365.08984375,0,493.040008544922,0,16.0100002288818,-1.07000005245209,544.080017089844,2024,2024,193,"Spr",7.47000008821485
"2",102,"GoeblS1",46519.3984375,0,484.790008544922,0,16.6200008392334,0.129999995231628,593.429992675781,2024,2024,194,"Spr",8.37500041723251
"2",103,"GoeblS1",46673.1015625,0,542.450012207031,0,24.1700000762939,1.28999996185303,583.789978027344,2024,2024,195,"Spr",12.7300000190735
"2",104,"GoeblS1",46826.171875,0,480.700012207031,0,23.9200000762939,6.28000020980835,869.179992675781,2024,2024,196,"Spr",15.1000001430511
"2",105,"GoeblS1",46978.5703125,0,505.200012207031,0,26.7900009155273,6.75,860.340026855469,2024,2024,197,"Spr",16.7700004577637
"2",106,"GoeblS1",47130.26171875,1.12999999523163,467.910003662109,0,22.6000003814697,5.67999982833862,839.309997558594,2024,2024,198,"Spr",14.1400001049042
"2",107,"GoeblS1",47281.2109375,0,433.440002441406,0,19.2199993133545,4.42999982833862,808.880004882812,2024,2024,199,"Spr",11.8249995708466
"2",108,"GoeblS1",47431.37890625,1.12000000476837,471.829986572266,0,23.4300003051758,6.21000003814697,862.969970703125,2024,2024,200,"Spr",14.8200001716614
"2",109,"GoeblS1",47580.73046875,2.67000007629395,78.8099975585938,0,1.69000005722046,-0.800000011920929,575.969970703125,2024,2024,201,"Spr",0.445000022649766
"2",110,"GoeblS1",47729.23046875,8.5,129.720001220703,0,3.75,-0.889999985694885,572.47998046875,2024,2024,202,"Spr",1.43000000715256
"2",111,"GoeblS1",47876.83984375,1.01999998092651,136.470001220703,0,1.96000003814697,-1.4099999666214,550.75,2024,2024,203,"Spr",0.275000035762785
"2",112,"GoeblS1",48023.51171875,0,538.239990234375,0,18.4799995422363,-1.25,514.369995117188,2024,2024,204,"Spr",8.61499977111815
"2",113,"GoeblS1",48169.2109375,0,562.340026855469,0,24.1000003814697,0.839999973773956,564.340026855469,2024,2024,205,"Spr",12.4700001776218
"2",114,"GoeblS1",48313.890625,0.430000007152557,407.440002441406,0,16.4699993133545,4.1100001335144,819.27001953125,2024,2024,206,"Spr",10.2899997234345
"2",115,"GoeblS1",48457.51171875,0,548.650024414062,0,25.0699996948242,3.05999994277954,661.940002441406,2024,2024,207,"Spr",14.0649998188019
"2",116,"GoeblS1",48600.03125,1.10000002384186,495.459991455078,0,21.6900005340576,4.44000005722046,767.280029296875,2024,2024,208,"Spr",13.065000295639
"2",117,"GoeblS1",48741.41015625,36.0400009155273,329.640014648438,0,20.0300006866455,5.8899998664856,927.330017089844,2024,2024,209,"Spr",12.9600002765655
"2",118,"GoeblS1",48881.58984375,29.0200004577637,104.180000305176,0,5.42999982833862,2.00999999046326,706,2024,2024,210,"Spr",3.71999990940094
"2",119,"GoeblS1",49020.5390625,0,492.369995117188,0,16.2000007629395,0.28999999165535,623.570007324219,2024,2024,211,"Spr",8.24500037729742
"2",120,"GoeblS1",49158.2109375,0,523.859985351562,0,20.4400005340576,2.04999995231628,707.989990234375,2024,2024,212,"Spr",11.2450002431869
"2",121,"GoeblS1",49294.5390625,0,528.219970703125,0,23.5799999237061,4.40000009536743,830.880004882812,2024,2024,213,"Spr",13.9900000095368
"2",122,"GoeblS1",49429.5,0.949999988079071,494.429992675781,0,20.4799995422363,3.79999995231628,801.359985351562,2024,2024,214,"Spr",12.1399997472763
"2",123,"GoeblS1",49563.03125,0,435.299987792969,0,15.8000001907349,2.54999995231628,733.950012207031,2024,2024,215,"Spr",9.17500007152559
"2",124,"GoeblS1",49695.08984375,0,556.919982910156,0,24.1100006103516,2.44000005722046,700.830017089844,2024,2024,216,"Spr",13.275000333786
"2",125,"GoeblS1",49825.609375,0,465.160003662109,0,17.9099998474121,3.40000009536743,773.830017089844,2024,2024,217,"Spr",10.6549999713898
"2",126,"GoeblS1",49954.55859375,0,552.109985351562,0,24.9599990844727,4.17000007629395,736.200012207031,2024,2024,218,"Spr",14.5649995803833
"2",127,"GoeblS1",50081.890625,0,181.289993286133,0,12.8800001144409,8.02999973297119,1074.59997558594,2024,2024,219,"Spr",10.454999923706
"2",128,"GoeblS1",50207.51953125,0,326.970001220703,0,13.1899995803833,4.11999988555908,820.010009765625,2024,2024,220,"Spr",8.65499973297119
"2",129,"GoeblS1",50331.4296875,0,430.570007324219,0,13.9300003051758,1.35000002384186,673.409973144531,2024,2024,221,"Spr",7.64000016450883
"2",130,"GoeblS1",50453.55078125,1.61000001430511,294.070007324219,0,11.3100004196167,3.55999994277954,787.909973144531,2024,2024,222,"Spr",7.43500018119812
"2",131,"GoeblS1",50573.8203125,0,264.420013427734,0,11.8100004196167,5.03000020980835,873.700012207031,2024,2024,223,"Spr",8.42000031471252
"2",132,"GoeblS1",50692.19921875,7.69000005722046,363.989990234375,0,17.4899997711182,2.92000007629395,753.409973144531,2024,2024,224,"Spr",10.2049999237061
"2",133,"GoeblS1",50808.62890625,14.6199998855591,296.480010986328,0,14.8299999237061,4.32999992370605,832.140014648438,2024,2024,225,"Spr",9.57999992370608
"2",134,"GoeblS1",50923.05859375,0,532.200012207031,0,22.0799999237061,4.96999979019165,821.950012207031,2024,2024,226,"Spr",13.5249998569489
"2",135,"GoeblS1",51035.421875,0,518.599975585938,0,24.3799991607666,7.92999982833862,1001.79998779297,2024,2024,227,"Spr",16.1549994945526
"2",136,"GoeblS1",51145.671875,5.15000009536743,307.040008544922,0,19.4200000762939,8.39000034332275,1101.42004394531,2024,2024,228,"Spr",13.9050002098083
"2",137,"GoeblS1",51253.75,0,515.630004882812,0,23.2000007629395,7.28000020980835,973.739990234375,2024,2024,229,"Spr",15.2400004863739
"2",138,"GoeblS1",51359.6015625,0,532.799987792969,0,27.0300006866455,9.46000003814697,1085.31994628906,2024,2024,230,"Spr",18.2450003623962
"2",139,"GoeblS1",51463.171875,0,444.489990234375,0,22.6599998474121,9.81999969482422,1207.01000976562,2024,2024,231,"Spr",16.2399997711182
"2",140,"GoeblS1",51564.3984375,0,481.920013427734,0,26.5400009155273,11.3299999237061,1276.06005859375,2024,2024,232,"Spr",18.9350004196167
"2",141,"GoeblS1",51663.23828125,1.12000000476837,452.940002441406,0,19.8400001525879,6.46999979019165,965.599975585938,2024,2024,233,"Spr",13.1549999713898
"2",142,"GoeblS1",51759.62890625,3.35999989509583,265.609985351562,0,15.5600004196167,6.17999982833862,946.280029296875,2024,2024,234,"Spr",10.8700001239777
"2",143,"GoeblS1",51853.51171875,0,588.039978027344,0,22.8099994659424,0.879999995231628,594.669982910156,2024,2024,235,"Spr",11.844999730587
"2",144,"GoeblS1",51944.8515625,0,588.359985351562,0,27.0599994659424,3.73000001907349,709.039978027344,2024,2024,236,"Spr",15.3949997425079
"2",145,"GoeblS1",52033.5703125,0,547.099975585938,0,20.3700008392334,2.26999998092651,682.869995117188,2024,2024,237,"Spr",11.32000041008
"2",146,"GoeblS1",52119.62890625,0,525.869995117188,0,22.2600002288818,5.28999996185303,844.950012207031,2024,2024,238,"Spr",13.7750000953674
"2",147,"GoeblS1",52202.96875,0,491.459991455078,0,22.3199996948242,7.15999984741211,981.5,2024,2024,239,"Spr",14.7399997711182
"2",148,"GoeblS1",52283.55078125,0,539.679992675781,0,25.2600002288818,6.51000022888184,894.830017089844,2024,2024,240,"Spr",15.8850002288818
"2",149,"GoeblS1",52361.30859375,0,534.739990234375,0,25.4899997711182,6.98000001907349,918.179992675781,2024,2024,241,"Spr",16.2349998950958
"2",150,"GoeblS1",52436.19921875,0,560.070007324219,0,28.6599998474121,7.55000019073486,921.109985351562,2024,2024,242,"Spr",18.1050000190735
"2",151,"GoeblS1",52508.1796875,0,495.579986572266,0,25.1900005340576,9.03999996185303,1085.48999023438,2024,2024,243,"Spr",17.1150002479553
"2",152,"GoeblS1",52577.19921875,0,478.25,0,23.2299995422363,8.23999977111816,1050.93994140625,2024,2024,244,"Spr",15.7349996566772
"2",153,"GoeblS1",52643.2109375,0,543.960021972656,0,27.9400005340576,8.27000045776367,980.929992675781,2024,2024,245,"Spr",18.1050004959106
"2",154,"GoeblS1",52706.16015625,0,551.140014648438,0,29.6100006103516,9.07999992370605,1021.5,2024,2024,246,"Spr",19.3450002670288
"2",155,"GoeblS1",52766.03125,0,530.460021972656,0,30.4300003051758,11.1000003814697,1182.10998535156,2024,2024,247,"Spr",20.7650003433228
"2",156,"GoeblS1",52822.76171875,0,462.690002441406,0,27.5499992370605,12.6000003814697,1389.60998535156,2024,2024,248,"Spr",20.0749998092651
"2",157,"GoeblS1",52876.30859375,0,557.049987792969,0,32.2299995422363,10.0799999237061,1073.06005859375,2024,2024,249,"Spr",21.1549997329712
"2",158,"GoeblS1",52926.6484375,0,531.429992675781,0,31.3199996948242,11.1700000762939,1174.72998046875,2024,2024,250,"Spr",21.244999885559
"2",159,"GoeblS1",52973.75,0,503.450012207031,0,33.0200004577637,14.1300001144409,1441.85998535156,2024,2024,251,"Spr",23.5750002861023
"2",160,"GoeblS1",53017.55859375,0.839999973773956,431.720001220703,0,28.8799991607666,14.1599998474121,1553.67004394531,2024,2024,252,"Spr",21.5199995040894
"2",161,"GoeblS1",53058.05859375,2.20000004768372,306.429992675781,0,26.6599998474121,12.9799995422363,1494.78002929688,2024,2024,253,"Spr",19.8199996948242
"2",162,"GoeblS1",53095.21875,2.14000010490417,312.799987792969,0,27.0499992370605,12.9799995422363,1494.65002441406,2024,2024,254,"Spr",20.0149993896484
"2",163,"GoeblS1",53129,0,503.410003662109,0,30.1599998474121,11.3199996948242,1225.5,2024,2024,255,"Spr",20.7399997711181
"2",164,"GoeblS1",53159.3984375,0,514.469970703125,0,33.2799987792969,13.4200000762939,1224.78002929688,2024,2024,256,"Spr",23.3499994277954
"2",165,"GoeblS1",53186.37109375,0,521.260009765625,0,34.5499992370605,14.1899995803833,1151.32995605469,2024,2024,257,"Spr",24.3699994087219
"2",166,"GoeblS1",53209.91015625,6.53999996185303,290.480010986328,0,27.9500007629395,14.710000038147,1624.06994628906,2024,2024,258,"Spr",21.3300004005432
"2",167,"GoeblS1",53230,0,508.940002441406,0,31.2999992370605,12.1199998855591,1069.30004882812,2024,2024,259,"Spr",21.7099995613098
"2",168,"GoeblS1",53246.609375,0,430.049987792969,0,30.4400005340576,15.3800001144409,1452.15002441406,2024,2024,260,"Spr",22.9100003242492
"2",169,"GoeblS1",53259.73828125,0,540.679992675781,0,34.060001373291,12.039999961853,1007.98999023438,2024,2024,261,"Spr",23.050000667572
"2",170,"GoeblS1",53269.37890625,0,281.320007324219,0,21.0599994659424,12.1999998092651,1420.36999511719,2024,2024,262,"Spr",16.6299996376037
"2",171,"GoeblS1",53275.53125,0.569999992847443,429.75,0,25.0799999237061,10.6000003814697,1094.71997070312,2024,2024,263,"Spr",17.8400001525879
"2",172,"GoeblS1",53278.16015625,3.63000011444092,386.970001220703,0,32.5800018310547,11.8599996566772,1209.80004882812,2024,2024,264,"Spr",22.220000743866
"2",173,"GoeblS1",53277.2890625,1.17999994754791,382.109985351562,0,27.4599990844727,14.5299997329712,1489.21997070312,2024,2024,265,"Spr",20.994999408722
"2",174,"GoeblS1",53272.921875,0,534.97998046875,0,32.1699981689453,11.0299997329712,981.280029296875,2024,2024,266,"Spr",21.5999989509582
"2",175,"GoeblS1",53265.0390625,0,516.349975585938,0,34.3199996948242,14.1899995803833,1129.7900390625,2024,2024,267,"Spr",24.2549996376037
"2",176,"GoeblS1",53253.671875,0.600000023841858,456.320007324219,0,33.6300010681152,16.8799991607666,1457.03002929688,2024,2024,268,"Spr",25.2550001144409
"2",177,"GoeblS1",53238.80859375,0,490.100006103516,0,35.5800018310547,16.6499996185303,1364.93994140625,2024,2024,269,"Spr",26.1150007247925
"2",178,"GoeblS1",53220.46875,0,433.600006103516,0,31.6700000762939,16.2299995422363,1457.84997558594,2024,2024,270,"Spr",23.9499998092651
"2",179,"GoeblS1",53198.6796875,0,498.420013427734,0,33.1699981689453,14.289999961853,1176.21997070312,2024,2024,271,"Spr",23.7299990653991
"2",180,"GoeblS1",53173.4296875,0,456.059997558594,0,33.310001373291,16.6800003051758,1446.7900390625,2024,2024,272,"Spr",24.9950008392334
"2",181,"GoeblS1",53144.76171875,0,386.200012207031,0,27.4699993133545,14.5799999237061,1420.84997558594,2024,2024,273,"Spr",21.0249996185303
"2",182,"GoeblS1",53112.6796875,0,399.279998779297,0,28.6499996185303,15.1599998474121,1443.28002929688,2024,2024,274,"Spr",21.9049997329712
"2",183,"GoeblS1",53077.21875,0.75,357.200012207031,0,30.2199993133545,18.2600002288818,1792.78002929688,2024,2024,275,"Spr",24.2399997711181
"2",184,"GoeblS1",53038.3984375,0,423.440002441406,0,29.5300006866455,15.3000001907349,1374.02001953125,2024,2024,276,"Sum",22.4150004386902
"2",185,"GoeblS1",52996.26171875,0,515.530029296875,0,32.6300010681152,13.4499998092651,1061.48999023438,2024,2024,277,"Sum",23.0400004386902
"2",186,"GoeblS1",52950.80859375,0,524.989990234375,0,28.5599994659424,9.31999969482422,820.5,2024,2024,278,"Sum",18.9399995803833
"2",187,"GoeblS1",52902.109375,0,466.230010986328,0,25.8199996948242,10.210000038147,956.989990234375,2024,2024,279,"Sum",18.0149998664856
"2",188,"GoeblS1",52850.171875,0,493.290008544922,0,30.7299995422363,13.210000038147,1090.75,2024,2024,280,"Sum",21.9699997901917
"2",189,"GoeblS1",52795.0390625,0.330000013113022,414.140014648438,0,24.6399993896484,11.4700002670288,1118.71997070312,2024,2024,281,"Sum",18.0549998283386
"2",190,"GoeblS1",52736.75,0,484.049987792969,0,27.2700004577637,10.7600002288818,964.099975585938,2024,2024,282,"Sum",19.0150003433228
"2",191,"GoeblS1",52675.3515625,0,507.75,0,30.2399997711182,11.9300003051758,991.559997558594,2024,2024,283,"Sum",21.085000038147
"2",192,"GoeblS1",52610.87109375,0,490.940002441406,0,31.9799995422363,14.2200002670288,1165.31005859375,2024,2024,284,"Sum",23.0999999046326
"2",193,"GoeblS1",52543.359375,0,505.799987792969,0,34.5,15.4300003051758,1218.55004882812,2024,2024,285,"Sum",24.9650001525879
"2",194,"GoeblS1",52472.87109375,0,519.989990234375,0,36.9799995422363,16.4300003051758,1258.56005859375,2024,2024,286,"Sum",26.704999923706
"2",195,"GoeblS1",52399.44140625,0,501.390014648438,0,35.9900016784668,16.8500003814697,1334.16003417969,2024,2024,287,"Sum",26.4200010299682
"2",196,"GoeblS1",52323.12109375,0,460.100006103516,0,34.9799995422363,18.1299991607666,1537.97998046875,2024,2024,288,"Sum",26.5549993515015
"2",197,"GoeblS1",52243.9609375,4.07000017166138,304.160003662109,0,34.2000007629395,19.5300006866455,2065.76000976562,2024,2024,289,"Sum",26.8650007247925
"2",198,"GoeblS1",52162.01171875,0,429.929992675781,0,28.7800006866455,14.2600002288818,1309,2024,2024,290,"Sum",21.5200004577637
"2",199,"GoeblS1",52077.30859375,0,406.820007324219,0,28.6399993896484,15.2399997711182,1429.76000976562,2024,2024,291,"Sum",21.9399995803833
"2",200,"GoeblS1",51989.921875,0,460.950012207031,0,30.2700004577637,14.2299995422363,1228.43005371094,2024,2024,292,"Sum",22.25
"2",201,"GoeblS1",51899.8984375,0,431.450012207031,0,31.1700000762939,16.3700008392334,1402.78002929688,2024,2024,293,"Sum",23.7700004577637
"2",202,"GoeblS1",51807.30078125,6.15999984741211,323.200012207031,0,29.3500003814697,14.5799999237061,1462.0400390625,2024,2024,294,"Sum",21.9650001525879
"2",203,"GoeblS1",51712.16015625,1.30999994277954,350.019989013672,0,23.9200000762939,13,1335.68994140625,2024,2024,295,"Sum",18.460000038147
"2",204,"GoeblS1",51614.55078125,0,437.649993896484,0,27.2700004577637,12.8900003433228,1175.11999511719,2024,2024,296,"Sum",20.0800004005432
"2",205,"GoeblS1",51514.51953125,0,480.660003662109,0,30.2299995422363,13.5600004196167,1140.58996582031,2024,2024,297,"Sum",21.8949999809265
"2",206,"GoeblS1",51412.12109375,0,521.320007324219,0,33.4799995422363,13.789999961853,1077.2900390625,2024,2024,298,"Sum",23.6349997520446
"2",207,"GoeblS1",51307.421875,0,482.660003662109,0,34.75,17.1299991607666,1390.18005371094,2024,2024,299,"Sum",25.9399995803833
"2",208,"GoeblS1",51200.4609375,0,418.649993896484,0,31.4500007629395,17.75,1291.11999511719,2024,2024,300,"Sum",24.6000003814697
"2",209,"GoeblS1",51091.30078125,1,530.859985351562,0,32.6300010681152,13.9200000762939,591.830017089844,2024,2024,301,"Sum",23.2750005722045
"2",210,"GoeblS1",50979.98828125,0,553.299987792969,0,34.2599983215332,13.4099998474121,571.02001953125,2024,2024,302,"Sum",23.8349990844727
"2",211,"GoeblS1",50866.6015625,0,548.039978027344,0,35.7299995422363,14.8100004196167,629.030029296875,2024,2024,303,"Sum",25.2699999809265
"2",212,"GoeblS1",50751.171875,0,540.510009765625,0,35.6300010681152,15.0699996948242,640.419982910156,2024,2024,304,"Sum",25.3500003814697
"2",213,"GoeblS1",50633.76953125,0,526.27001953125,0,34.3199996948242,14.75,626.739990234375,2024,2024,305,"Sum",24.5349998474121
"2",214,"GoeblS1",50514.44140625,0,543.27001953125,0,35.8300018310547,14.4700002670288,614.739990234375,2024,2024,306,"Sum",25.1500010490418
"2",215,"GoeblS1",50393.25,0,509.329986572266,0,35.9099998474121,16.9699993133545,729.030029296875,2024,2024,307,"Sum",26.4399995803833
"2",216,"GoeblS1",50270.23828125,0,497.100006103516,0,34.75,16.6399993896484,713.299987792969,2024,2024,308,"Sum",25.6949996948242
"2",217,"GoeblS1",50145.46875,1.05999994277954,510.350006103516,0,36.2000007629395,16.9899997711182,730.070007324219,2024,2024,309,"Sum",26.5950002670289
"2",218,"GoeblS1",50018.98828125,3.21000003814697,286.390014648438,0,33.2299995422363,19.8600006103516,1514.18994140625,2024,2024,310,"Sum",26.545000076294
"2",219,"GoeblS1",49890.8515625,1.14999997615814,463.420013427734,0,33.3699989318848,16.8400001525879,823.27001953125,2024,2024,311,"Sum",25.1049995422363
"2",220,"GoeblS1",49761.12109375,0,422.380004882812,0,32.4500007629395,17.8199996948242,1004.16998291016,2024,2024,312,"Sum",25.1350002288819
"2",221,"GoeblS1",49629.828125,9.02000045776367,207.309997558594,0,24.2399997711182,15.3500003814697,1498.38000488281,2024,2024,313,"Sum",19.795000076294
"2",222,"GoeblS1",49497.03125,3.33999991416931,116.779998779297,0,18.3700008392334,13.7399997711182,1571.02001953125,2024,2024,314,"Sum",16.0550003051758
"2",223,"GoeblS1",49362.7890625,11.1700000762939,341.380004882812,0,28.0599994659424,12.3800001144409,934.380004882812,2024,2024,315,"Sum",20.2199997901917
"2",224,"GoeblS1",49227.140625,0,475.649993896484,0,28.9799995422363,12.7700004577637,661.599975585938,2024,2024,316,"Sum",20.875
"2",225,"GoeblS1",49090.140625,0,461.480010986328,0,29.3899993896484,13.8599996566772,734.530029296875,2024,2024,317,"Sum",21.6249995231628
"2",226,"GoeblS1",48951.828125,3.5,318.079986572266,0,28.8600006103516,14.6499996185303,1101.0400390625,2024,2024,318,"Sum",21.755000114441
"2",227,"GoeblS1",48812.26953125,1.01999998092651,476.190002441406,0,30.2000007629395,13.8299999237061,685.099975585938,2024,2024,319,"Sum",22.0150003433228
"2",228,"GoeblS1",48671.48046875,0,464.350006103516,0,29.2000007629395,13.3999996185303,708.72998046875,2024,2024,320,"Sum",21.3000001907349
"2",229,"GoeblS1",48529.5390625,0,522.090026855469,0,32.0900001525879,12.25,552.359985351562,2024,2024,321,"Sum",22.170000076294
"2",230,"GoeblS1",48386.4609375,0,532.890014648438,0,34.5499992370605,13.2600002288818,565,2024,2024,322,"Sum",23.9049997329711
"2",231,"GoeblS1",48242.30859375,0.800000011920929,491.959991455078,0,33.6399993896484,15.1999998092651,717.359985351562,2024,2024,323,"Sum",24.4199995994568
"2",232,"GoeblS1",48097.12109375,2.57999992370605,285.589996337891,0,30,16.8099994659424,1356.58996582031,2024,2024,324,"Sum",23.4049997329712
"2",233,"GoeblS1",47950.9296875,1.49000000953674,481.200012207031,0,33.4000015258789,15.3299999237061,736.039978027344,2024,2024,325,"Sum",24.3650007247925
"2",234,"GoeblS1",47803.7890625,0,420.230010986328,0,32.2700004577637,17.2999992370605,1011.09002685547,2024,2024,326,"Sum",24.7849998474121
"2",235,"GoeblS1",47655.73828125,4.11999988555908,220.050003051758,0,29.7600002288818,19.6000003814697,1898.51000976562,2024,2024,327,"Sum",24.6800003051758
"2",236,"GoeblS1",47506.80859375,0,429.649993896484,0,29.2700004577637,14.2200002670288,888.070007324219,2024,2024,328,"Sum",21.7450003623963
"2",237,"GoeblS1",47357.05078125,0,375.660003662109,0,30.1000003814697,17.2800006866455,1210.89001464844,2024,2024,329,"Sum",23.6900005340576
"2",238,"GoeblS1",47206.48828125,1.99000000953674,398.529998779297,0,31.0499992370605,17.1499996185303,1136.83996582031,2024,2024,330,"Sum",24.0999994277954
"2",239,"GoeblS1",47055.171875,0,442.600006103516,0,30.1900005340576,14.3299999237061,892.809997558594,2024,2024,331,"Sum",22.2600002288819
"2",240,"GoeblS1",46903.12109375,0,487.059997558594,0,29.9099998474121,11.4799995422363,677.650024414062,2024,2024,332,"Sum",20.6949996948242
"2",241,"GoeblS1",46750.390625,0,505.829986572266,0,32.7900009155273,12.460000038147,676.650024414062,2024,2024,333,"Sum",22.6250004768372
"2",242,"GoeblS1",46597,0,396.480010986328,0,29.0300006866455,15.3999996185303,1073.7099609375,2024,2024,334,"Sum",22.2150001525879
"2",243,"GoeblS1",46443,0,487.519989013672,0,30.1000003814697,11.460000038147,681.650024414062,2024,2024,335,"Sum",20.7800002098083
"2",244,"GoeblS1",46288.3984375,0,477.130004882812,0,30.8799991607666,12.789999961853,758.049987792969,2024,2024,336,"Sum",21.8349995613098
"2",245,"GoeblS1",46133.26171875,0,469.040008544922,0,30.2000007629395,12.6099996566772,769.659973144531,2024,2024,337,"Sum",21.4050002098083
"2",246,"GoeblS1",45977.6015625,0,473.940002441406,0,31.7900009155273,13.5200004577637,799.419982910156,2024,2024,338,"Sum",22.6550006866455
"2",247,"GoeblS1",45821.44921875,0,467.200012207031,0,32.4599990844727,14.4399995803833,858.919982910156,2024,2024,339,"Sum",23.449999332428
"2",248,"GoeblS1",45664.83984375,13.1400003433228,281.630004882812,0,27.3899993896484,14.1800003051758,1284.2900390625,2024,2024,340,"Sum",20.7849998474121
"2",249,"GoeblS1",45507.80078125,0,345.519989013672,0,22.7600002288818,11.3299999237061,1074.05004882812,2024,2024,341,"Sum",17.045000076294
"2",250,"GoeblS1",45350.37109375,0,451.630004882812,0,27.6800003051758,10.6499996185303,835.099975585938,2024,2024,342,"Sum",19.164999961853
"2",251,"GoeblS1",45192.5703125,0,455.320007324219,0,29.0699996948242,11.25,850.530029296875,2024,2024,343,"Sum",20.1599998474121
"2",252,"GoeblS1",45034.4296875,0,421.049987792969,0,30.1100006103516,13.8000001907349,1040.52001953125,2024,2024,344,"Sum",21.9550004005433
"2",253,"GoeblS1",44875.98046875,0,412.220001220703,0,30.3400001525879,14.3800001144409,1077.93994140625,2024,2024,345,"Sum",22.3600001335144
"2",254,"GoeblS1",44717.25,0,437.140014648438,0,30.1100006103516,12.5600004196167,919.780029296875,2024,2024,346,"Sum",21.3350005149842
"2",255,"GoeblS1",44558.26953125,0,373.820007324219,0,27.8400001525879,13.8699998855591,1141.66003417969,2024,2024,347,"Sum",20.8550000190735
"2",256,"GoeblS1",44399.05859375,0,463.489990234375,0,31.4400005340576,11.3500003814697,806.200012207031,2024,2024,348,"Sum",21.3950004577637
"2",257,"GoeblS1",44239.66015625,0,444.320007324219,0,26.5699996948242,8.44999980926514,671.679992675781,2024,2024,349,"Sum",17.5099997520447
"2",258,"GoeblS1",44080.078125,0,468.119995117188,0,30.7900009155273,9.88000011444092,682.219970703125,2024,2024,350,"Sum",20.3350005149841
"2",259,"GoeblS1",43920.359375,0,440.390014648438,0,30.3899993896484,11.6000003814697,812.489990234375,2024,2024,351,"Sum",20.994999885559
"2",260,"GoeblS1",43760.51953125,0,425.529998779297,0,27.8999996185303,10.3800001144409,789.880004882812,2024,2024,352,"Sum",19.1399998664856
"2",261,"GoeblS1",43600.58984375,0,366.100006103516,0,28.2700004577637,13.9700002670288,1116.31005859375,2024,2024,353,"Sum",21.1200003623963
"2",262,"GoeblS1",43440.58984375,0,461.140014648438,0,28.5200004577637,7.59999990463257,609.669982910156,2024,2024,354,"Sum",18.0600001811981
"2",263,"GoeblS1",43280.55078125,0,460.920013427734,0,28.6700000762939,7.48999977111816,580.010009765625,2024,2024,355,"Sum",18.079999923706
"2",264,"GoeblS1",43120.5,0,442.320007324219,0,29.8799991607666,9.80000019073486,688.030029296875,2024,2024,356,"Sum",19.8399996757507
"2",265,"GoeblS1",42960.4609375,15.0100002288818,187.710006713867,0,19.0300006866455,9.64999961853027,1190.56994628906,2024,2024,357,"Sum",14.3400001525879
"2",266,"GoeblS1",42800.4609375,0.819999992847443,270.200012207031,0,17.0400009155273,7.05999994277954,953.989990234375,2024,2024,358,"Sum",12.0500004291534
"2",267,"GoeblS1",42640.53125,0,436.690002441406,0,25.8899993896484,5.73999977111816,643.799987792969,2024,2024,359,"Sum",15.8149995803833
"2",268,"GoeblS1",42480.69140625,0,407.970001220703,0,24.7700004577637,6.67000007629395,725.590026855469,2024,2024,360,"Sum",15.7200002670288
"2",269,"GoeblS1",42320.96875,0,440.529998779297,0,30.6000003814697,8.40999984741211,744.849975585938,2024,2024,361,"Sum",19.5050001144409
"2",270,"GoeblS1",42161.390625,0,440.859985351562,0,31.6700000762939,8.8100004196167,761.090026855469,2024,2024,362,"Sum",20.2400002479553
"2",271,"GoeblS1",42001.98046875,0,365.239990234375,0,28.6100006103516,12.1599998474121,1096.92004394531,2024,2024,363,"Sum",20.3850002288819
"2",272,"GoeblS1",41842.76953125,0,400.359985351562,0,30.3099994659424,10.8100004196167,942.320007324219,2024,2024,364,"Sum",20.5599999427795
"2",273,"GoeblS1",41683.7890625,0,399.839996337891,0,31.7600002288818,11.7700004577637,998.349975585938,2024,2024,365,"Sum",21.7650003433228
"2",274,"GoeblS1",41525.05859375,0,341.820007324219,0,30.1599998474121,14.3100004196167,1299.47998046875,2024,2025,1,"Fall",22.2350001335144
"2",275,"GoeblS1",41366.609375,0,392.760009765625,0,22.4400005340576,3.90000009536743,632.330017089844,2024,2025,2,"Fall",13.1700003147125
"2",276,"GoeblS1",41208.46875,0,438.820007324219,0,30.7299995422363,5.5,620.349975585938,2024,2025,3,"Fall",18.1149997711181
"2",277,"GoeblS1",41050.671875,0,236.449996948242,0,19.5200004577637,9.59000015258789,1182.68005371094,2024,2025,4,"Fall",14.5550003051758
"2",278,"GoeblS1",40893.23046875,0,428.929992675781,0,27.6599998474121,3.40000009536743,560.549987792969,2024,2025,5,"Fall",15.5299999713898
"2",279,"GoeblS1",40736.19140625,0,409.820007324219,0,28.9300003051758,6.09999990463257,690.890014648438,2024,2025,6,"Fall",17.5150001049042
"2",280,"GoeblS1",40579.578125,0,361.950012207031,0,23.4500007629395,5.46000003814697,737.510009765625,2024,2025,7,"Fall",14.4550004005432
"2",281,"GoeblS1",40423.4296875,0,382.450012207031,0,26.9400005340576,6.51999998092651,753.280029296875,2024,2025,8,"Fall",16.7300002574921
"2",282,"GoeblS1",40267.76171875,0,355.299987792969,0,26.7900009155273,8.36999988555908,891.710021972656,2024,2025,9,"Fall",17.5800004005432
"2",283,"GoeblS1",40112.609375,0,340.890014648438,0,26.4400005340576,8.85999965667725,945.02001953125,2024,2025,10,"Fall",17.6500000953674
"2",284,"GoeblS1",39958.01953125,0,345.209991455078,0,28.4799995422363,10.0600004196167,1007.71997070312,2024,2025,11,"Fall",19.2699999809265
"2",285,"GoeblS1",39804.01171875,0,288.200012207031,0,22.4400005340576,8.34000015258789,1009.77001953125,2024,2025,12,"Fall",15.3900003433227
"2",286,"GoeblS1",39650.62109375,0,355.899993896484,0,26.4799995422363,6.98999977111816,820.640014648438,2024,2025,13,"Fall",16.7349996566772
"2",287,"GoeblS1",39497.87890625,0,252.309997558594,0,18.7700004577637,6.78999996185303,975.669982910156,2024,2025,14,"Fall",12.7800002098084
"2",288,"GoeblS1",39345.828125,0,383.630004882812,0,26.75,3.78999996185303,616.690002441406,2024,2025,15,"Fall",15.2699999809265
"2",289,"GoeblS1",39194.5,0,339.230010986328,0,24.3299999237061,5.90999984741211,776.580017089844,2024,2025,16,"Fall",15.1199998855591
"2",290,"GoeblS1",39043.94140625,0,365.779998779297,0,26.7299995422363,5.03999996185303,694.099975585938,2024,2025,17,"Fall",15.8849997520447
"2",291,"GoeblS1",38894.171875,0,304.739990234375,0,23.0799999237061,6.8600001335144,880.679992675781,2024,2025,18,"Fall",14.9700000286103
"2",292,"GoeblS1",38745.23828125,2.47000002861023,119.370002746582,0,11.75,4.44000005722046,838.419982910156,2024,2025,19,"Fall",8.09500002861023
"2",293,"GoeblS1",38597.1796875,0,260.989990234375,0,16.6499996185303,3.85999989509583,779.599975585938,2024,2025,20,"Fall",10.2549997568131
"2",294,"GoeblS1",38450.03125,0,338.390014648438,0,23.5900001525879,4.42999982833862,690.619995117188,2024,2025,21,"Fall",14.0099999904633
"2",295,"GoeblS1",38303.83984375,0.8299999833107,290.25,0,21.0499992370605,5.65000009536743,821.369995117188,2024,2025,22,"Fall",13.349999666214
"2",296,"GoeblS1",38158.640625,0,303.799987792969,0,24.1599998474121,7.07999992370605,876.950012207031,2024,2025,23,"Fall",15.6199998855591
"2",297,"GoeblS1",38014.48046875,0,327.25,0,24.8999996185303,5.44000005722046,755.400024414062,2024,2025,24,"Fall",15.1699998378754
"2",298,"GoeblS1",37871.3984375,0,302.799987792969,0,22.6399993896484,5.40999984741211,793.580017089844,2024,2025,25,"Fall",14.0249996185303
"2",299,"GoeblS1",37729.44140625,0,317.859985351562,0,17.9799995422363,-0.300000011920929,538.849975585938,2024,2025,26,"Fall",8.83999976515769
"2",300,"GoeblS1",37588.6484375,0,352.029998779297,0,24.4500007629395,1.03999996185303,536.690002441406,2024,2025,27,"Fall",12.7450003623963
"2",301,"GoeblS1",37449.078125,0,338.019989013672,0,25.6599998474121,3.42000007629395,644.02001953125,2024,2025,28,"Fall",14.539999961853
"2",302,"GoeblS1",37310.76171875,0,329.190002441406,0,26.8799991607666,5.13000011444092,730.809997558594,2024,2025,29,"Fall",16.0049996376038
"2",303,"GoeblS1",37173.75,0,200.860000610352,0,18.5900001525879,7.82999992370605,1059.93994140625,2024,2025,30,"Fall",13.210000038147
"2",304,"GoeblS1",37038.1015625,2.46000003814697,64.629997253418,0,5.09999990463257,1.16999995708466,664.640014648438,2024,2025,31,"Fall",3.13499993085862
"2",305,"GoeblS1",36903.83984375,0,319.679992675781,0,15.8100004196167,-4.01000022888184,425.029998779297,2024,2025,32,"Fall",5.90000009536743
"2",306,"GoeblS1",36771.0390625,0,311.880004882812,0,15.8500003814697,-3.22000002861023,455.130004882812,2024,2025,33,"Fall",6.31500017642974
"2",307,"GoeblS1",36639.73828125,0,330.130004882812,0,19.2999992370605,-3.25,434.160003662109,2024,2025,34,"Fall",8.02499961853025
"2",308,"GoeblS1",36509.98828125,13.5699996948242,191,0,11.8199996948242,-2.42000007629395,511.119995117188,2024,2025,35,"Fall",4.69999980926512
"2",309,"GoeblS1",36381.8515625,0.660000026226044,151.759994506836,0,6.44000005722046,-1.14999997615814,561.530029296875,2024,2025,36,"Fall",2.64500004053116
"2",310,"GoeblS1",36255.359375,27.5,194.369995117188,0,11.1099996566772,-3.35999989509583,476.549987792969,2024,2025,37,"Fall",3.87499988079068
"2",311,"GoeblS1",36130.5703125,8.80000019073486,65.1699981689453,0,-0.569999992847443,-4.51000022888184,437.040008544922,2024,2025,38,"Fall",-2.54000011086464
"2",312,"GoeblS1",36007.55078125,4.65999984741211,136.759994506836,0,3.16000008583069,-5.82999992370605,395.519989013672,2024,2025,39,"Fall",-1.33499991893768
"2",313,"GoeblS1",35886.3515625,20.5900001525879,104.199996948242,0,2.08999991416931,-4.5,437.429992675781,2024,2025,40,"Fall",-1.20500004291534
"2",314,"GoeblS1",35767.01171875,0,169.059997558594,0,7.61999988555908,-0.600000023841858,584.739990234375,2024,2025,41,"Fall",3.50999993085861
"2",315,"GoeblS1",35649.58984375,0,278.679992675781,0,16.6700000762939,0.150000005960464,617.409973144531,2024,2025,42,"Fall",8.41000004112718
"2",316,"GoeblS1",35534.1484375,0,268.399993896484,0,15.8900003433228,0.349999994039536,626.239990234375,2024,2025,43,"Fall",8.12000016868117
"2",317,"GoeblS1",35420.75,0,285.070007324219,0,16.2900009155273,-1.49000000953674,547.780029296875,2024,2025,44,"Fall",7.40000045299528
"2",318,"GoeblS1",35309.4296875,0,255.240005493164,0,11.6899995803833,-2.67000007629395,501.799987792969,2024,2025,45,"Fall",4.50999975204468
"2",319,"GoeblS1",35200.25,0,294.209991455078,0,15.8299999237061,-3.44000005722046,473.790008544922,2024,2025,46,"Fall",6.19499993324282
"2",320,"GoeblS1",35093.28125,0,288.029998779297,0,16.75,-2.02999997138977,526.27001953125,2024,2025,47,"Fall",7.36000001430511
"2",321,"GoeblS1",34988.55859375,0,238.720001220703,0,11.7799997329712,-1.60000002384186,543.22998046875,2024,2025,48,"Fall",5.08999985456467
"2",322,"GoeblS1",34886.140625,0,266.5,0,12.8800001144409,-3.55999994277954,469.480010986328,2024,2025,49,"Fall",4.66000008583068
"2",323,"GoeblS1",34786.1015625,0,265.570007324219,0,14.4799995422363,-2.38000011444092,512.669982910156,2024,2025,50,"Fall",6.04999971389769
"2",324,"GoeblS1",34688.46875,0,168.080001831055,0,4.17999982833862,-4.53000020980835,436.510009765625,2024,2025,51,"Fall",-0.175000190734865
"2",325,"GoeblS1",34593.3203125,0,291.670013427734,0,11.5500001907349,-9.13000011444092,306.239990234375,2024,2025,52,"Fall",1.21000003814699
"2",326,"GoeblS1",34500.69921875,0,279.140014648438,0,13.039999961853,-6.1100001335144,387.019989013672,2024,2025,53,"Fall",3.4649999141693
"2",327,"GoeblS1",34410.66015625,0,246.110000610352,0,15.289999961853,-0.159999996423721,603.700012207031,2024,2025,54,"Fall",7.56499998271464
"2",328,"GoeblS1",34323.25,0,269.309997558594,0,20.2800006866455,1.12999999523163,662.599975585938,2024,2025,55,"Fall",10.7050003409386
"2",329,"GoeblS1",34238.5390625,1.83000004291534,246.160003662109,0,18.1399993896484,2.00999999046326,705.840026855469,2024,2025,56,"Fall",10.0749996900558
"2",330,"GoeblS1",34156.5703125,0,188.029998779297,0,9.0600004196167,-1.35000002384186,553.309997558594,2024,2025,57,"Fall",3.85500019788742
"2",331,"GoeblS1",34077.390625,4.92999982833862,184.029998779297,0,12.1999998092651,-3.0699999332428,487.25,2024,2025,58,"Fall",4.56499993801115
"2",332,"GoeblS1",34001.05078125,2.28999996185303,74.9700012207031,0,3.24000000953674,-1.6599999666214,540.679992675781,2024,2025,59,"Fall",0.79000002145767
"2",333,"GoeblS1",33927.6015625,0,217.990005493164,0,3.48000001907349,-8.60000038146973,319.25,2024,2025,60,"Fall",-2.56000018119812
"2",334,"GoeblS1",33857.08984375,0,270.290008544922,0,10.1700000762939,-8.67000007629395,317.399993896484,2024,2025,61,"Fall",0.749999999999974
"2",335,"GoeblS1",33789.55859375,0,267.230010986328,0,11.8000001907349,-6.94000005722046,363.179992675781,2024,2025,62,"Fall",2.43000006675722
"2",336,"GoeblS1",33725.0703125,0,256.489990234375,0,12.0799999237061,-5.19999980926514,415.040008544922,2024,2025,63,"Fall",3.44000005722048
"2",337,"GoeblS1",33663.640625,0,260.059997558594,0,12.5799999237061,-5.38000011444092,409.260009765625,2024,2025,64,"Fall",3.59999990463259
"2",338,"GoeblS1",33605.33984375,0,270.200012207031,0,17.0400009155273,-3.92000007629395,457.140014648438,2024,2025,65,"Fall",6.56000041961668
"2",339,"GoeblS1",33550.1796875,0,233.240005493164,0,13.5,-1.86000001430511,532.690002441406,2024,2025,66,"Fall",5.81999999284745
"2",340,"GoeblS1",33498.21875,0,226.039993286133,0,11.1300001144409,-3.35999989509583,476.519989013672,2024,2025,67,"Fall",3.88500010967253
"2",341,"GoeblS1",33449.48828125,0,242.679992675781,0,13.6499996185303,-3.48000001907349,472.359985351562,2024,2025,68,"Fall",5.0849997997284
"2",342,"GoeblS1",33404.03125,0,235.779998779297,0,15.1499996185303,-1.62000000476837,542.320007324219,2024,2025,69,"Fall",6.76499980688097
"2",343,"GoeblS1",33361.859375,0,207.440002441406,0,12.9499998092651,-0.860000014305115,573.590026855469,2024,2025,70,"Fall",6.04499989747999
"2",344,"GoeblS1",33323.01953125,8.60000038146973,99.5100021362305,0,2.11999988555908,-5.69000005722046,399.730010986328,2024,2025,71,"Fall",-1.78500008583069
"2",345,"GoeblS1",33287.5390625,0,224.740005493164,0,2.32999992370605,-12.6800003051758,230.699996948242,2024,2025,72,"Fall",-5.17500019073488
"2",346,"GoeblS1",33255.44140625,0,254.520004272461,0,9.65999984741211,-10.039999961853,285.100006103516,2024,2025,73,"Fall",-0.190000057220446
"2",347,"GoeblS1",33226.75,0,229.559997558594,0,10.4200000762939,-5.82000017166138,395.869995117188,2024,2025,74,"Fall",2.29999995231626
"2",348,"GoeblS1",33201.48046875,0,227.380004882812,0,10.4200000762939,-5.65999984741211,400.559997558594,2024,2025,75,"Fall",2.38000011444089
"2",349,"GoeblS1",33179.66015625,0,249.240005493164,0,14.789999961853,-4.84999990463257,426.160003662109,2024,2025,76,"Fall",4.97000002861022
"2",350,"GoeblS1",33161.30078125,0,210.259994506836,0,12.6800003051758,-1.67999994754791,540.080017089844,2024,2025,77,"Fall",5.50000017881394
"2",351,"GoeblS1",33146.421875,0,223.440002441406,0,8.93000030517578,-6.67000007629395,370.839996337891,2024,2025,78,"Fall",1.13000011444091
"2",352,"GoeblS1",33135.01953125,0,247.889999389648,0,13.4399995803833,-6.03000020980835,389.450012207031,2024,2025,79,"Fall",3.70499968528748
"2",353,"GoeblS1",33127.12109375,0,240.279998779297,0,13.8000001907349,-4.57000017166138,435.200012207031,2024,2025,80,"Fall",4.61500000953676
"2",354,"GoeblS1",33122.71875,0,224.070007324219,0,14.8299999237061,-1.70000004768372,539.109985351562,2024,2025,81,"Fall",6.56499993801119
"2",355,"GoeblS1",33121.828125,0,257.940002441406,0,18.3199996948242,-4.28000020980835,444.880004882812,2024,2025,82,"Fall",7.01999974250793
"2",356,"GoeblS1",33124.44921875,0,244.059997558594,0,17.3099994659424,-2.41000008583069,511.790008544922,2024,2025,83,"Fall",7.44999969005586
"2",357,"GoeblS1",33130.55859375,0,190.039993286133,0,12.6000003814697,-0.259999990463257,599.119995117188,2024,2025,84,"Fall",6.17000019550322
"2",358,"GoeblS1",33140.1796875,0,157.029998779297,0,9.89999961853027,-0.00999999977648258,610.109985351562,2024,2025,85,"Fall",4.94499980937689
"2",359,"GoeblS1",33153.2890625,0,206.759994506836,0,11.1800003051758,-2.83999991416931,495.690002441406,2024,2025,86,"Fall",4.17000019550325
"2",360,"GoeblS1",33169.87890625,9.77999973297119,147,0,10.6999998092651,-2.32999992370605,514.52001953125,2024,2025,87,"Fall",4.18499994277953
"2",361,"GoeblS1",33189.94921875,0,158.589996337891,0,7.26000022888184,-2.51999998092651,507.450012207031,2024,2025,88,"Fall",2.37000012397767
"2",362,"GoeblS1",33213.4609375,0,179.100006103516,0,8.23999977111816,-3.20000004768372,482.480010986328,2024,2025,89,"Fall",2.51999986171722
"2",363,"GoeblS1",33240.421875,0,201.800003051758,0,11.2299995422363,-2.28999996185303,516.299987792969,2024,2025,90,"Fall",4.46999979019163
"2",364,"GoeblS1",33270.7890625,0,250.830001831055,0,16.7399997711182,-3.24000000953674,480.989990234375,2024,2025,91,"Fall",6.74999988079073
"2",365,"GoeblS1",33304.55078125,0,153.449996948242,0,7.30000019073486,-2.00999999046326,527.119995117188,2024,2025,92,"Win",2.6450001001358
"3",1,"Pearlwise",32284.3203125,0,221.130004882812,0,7.03999996185303,-4.61999988555908,433.529998779297,2024,2024,93,"Win",1.21000003814697
"3",2,"Pearlwise",32329.619140625,2.58999991416931,127.5,0,3.61999988555908,-3.24000000953674,480.769989013672,2024,2024,94,"Win",0.18999993801117
"3",3,"Pearlwise",32378.619140625,5.48000001907349,96.6800003051758,0,2.91000008583069,-1.9099999666214,530.940002441406,2024,2024,95,"Win",0.500000059604645
"3",4,"Pearlwise",32431.279296875,3.38000011444092,130.850006103516,0,2.79999995231628,-4.19999980926514,447.529998779297,2024,2024,96,"Win",-0.69999992847443
"3",5,"Pearlwise",32487.5703125,0,189.529998779297,0,3.76999998092651,-4.19999980926514,447.579986572266,2024,2024,97,"Win",-0.214999914169315
"3",6,"Pearlwise",32547.439453125,7.76999998092651,152.139999389648,7.76999998092651,0.879999995231628,-6.3899998664856,378.760009765625,2024,2024,98,"Win",-2.75499993562699
"3",7,"Pearlwise",32610.83984375,2.3199999332428,129.279998779297,10.0799999237061,-1.29999995231628,-7.03999996185303,360.429992675781,2024,2024,99,"Win",-4.16999995708465
"3",8,"Pearlwise",32677.740234375,1.74000000953674,232.039993286133,11.8299999237061,0.649999976158142,-8.23999977111816,328.239990234375,2024,2024,100,"Win",-3.79499989748001
"3",9,"Pearlwise",32748.080078125,0,229.179992675781,11.5900001525879,3.25,-5.44000005722046,407.459991455078,2024,2024,101,"Win",-1.09500002861023
"3",10,"Pearlwise",32821.8203125,3.42000007629395,159.550003051758,15.0100002288818,-1.08000004291534,-8.47000026702881,322.480010986328,2024,2024,102,"Win",-4.77500015497208
"3",11,"Pearlwise",32898.890625,0.0700000002980232,245.119995117188,15.0799999237061,-1.21000003814697,-10.6199998855591,272.209991455078,2024,2024,103,"Win",-5.91499996185303
"3",12,"Pearlwise",32979.26171875,1.49000000953674,178.669998168945,14.3400001525879,1.5900000333786,-4.21999979019165,446.720001220703,2024,2024,104,"Win",-1.31499987840653
"3",13,"Pearlwise",33062.87109375,33.9599990844727,136.479995727539,13.2600002288818,2.48000001907349,-3.4300000667572,474.079986572266,2024,2024,105,"Win",-0.475000023841855
"3",14,"Pearlwise",33149.6484375,1.73000001907349,235.520004272461,12.0299997329712,5.61999988555908,-3.0699999332428,487.109985351562,2024,2024,106,"Win",1.27499997615814
"3",15,"Pearlwise",33239.55859375,0,259.529998779297,12.0299997329712,2.45000004768372,-7.73999977111816,341.450012207031,2024,2024,107,"Win",-2.64499986171722
"3",16,"Pearlwise",33332.53125,7.84000015258789,205.639999389648,19.8700008392334,2.84999990463257,-8.36999988555908,325.070007324219,2024,2024,108,"Win",-2.75999999046326
"3",17,"Pearlwise",33428.51171875,4.44999980926514,130.820007324219,17.7000007629395,4.59999990463257,-0.8299999833107,574.969970703125,2024,2024,109,"Win",1.88499996066094
"3",18,"Pearlwise",33527.4296875,0,208.490005493164,14.75,7.90000009536743,1.00999999046326,657.190002441406,2024,2024,110,"Win",4.45500004291535
"3",19,"Pearlwise",33629.23046875,0,191.970001220703,11.3900003433228,8.14000034332275,2,705.340026855469,2024,2024,111,"Win",5.07000017166138
"3",20,"Pearlwise",33733.859375,0.389999985694885,200.339996337891,8.4399995803833,7.44999980926514,1.02999997138977,658.190002441406,2024,2024,112,"Win",4.23999989032746
"3",21,"Pearlwise",33841.23828125,4.65000009536743,150.570007324219,5.28000020980835,7.88000011444092,1.50999999046326,681.070007324219,2024,2024,113,"Win",4.69500005245209
"3",22,"Pearlwise",33951.328125,6.32999992370605,132.419998168945,2.15000009536743,6.80999994277954,1.45000004768372,678.239990234375,2024,2024,114,"Win",4.12999999523163
"3",23,"Pearlwise",34064.05078125,2.53999996185303,163.929992675781,0,8.0600004196167,-0.150000005960464,603.929992675781,2024,2024,115,"Win",3.95500020682812
"3",24,"Pearlwise",34179.33984375,2.74000000953674,127.360000610352,0,5.5,-0.150000005960464,604.130004882812,2024,2024,116,"Win",2.67499999701977
"3",25,"Pearlwise",34297.12890625,0.860000014305115,220.610000610352,0,5.6399998664856,-2.38000011444092,512.780029296875,2024,2024,117,"Win",1.62999987602234
"3",26,"Pearlwise",34417.37890625,10.3199996948242,140.470001220703,0,4.36999988555908,-1.83000004291534,534.169982910156,2024,2024,118,"Win",1.26999992132187
"3",27,"Pearlwise",34540,0,228.940002441406,0,11.2399997711182,2.69000005722046,741,2024,2024,119,"Win",6.96499991416933
"3",28,"Pearlwise",34664.94140625,0,243.199996948242,0,14.6099996566772,4.90999984741211,866.679992675781,2024,2024,120,"Win",9.75999975204465
"3",29,"Pearlwise",34792.140625,0,254.240005493164,0,13.3999996185303,3.11999988555908,764.039978027344,2024,2024,121,"Win",8.25999975204469
"3",30,"Pearlwise",34921.53125,0,243.289993286133,0,12.4099998474121,3.28999996185303,773.27001953125,2024,2024,122,"Win",7.84999990463256
"3",31,"Pearlwise",35053.05078125,0.680000007152557,214.880004882812,0,12.0200004577637,4.80999994277954,860.320007324219,2024,2024,123,"Win",8.41500020027162
"3",32,"Pearlwise",35186.640625,3.17000007629395,148.729995727539,0,7.17999982833862,1.01999998092651,657.330017089844,2024,2024,124,"Win",4.09999990463256
"3",33,"Pearlwise",35322.23828125,0.660000026226044,257.559997558594,0,6.86999988555908,-2.29999995231628,515.830017089844,2024,2024,125,"Win",2.2849999666214
"3",34,"Pearlwise",35459.78125,0,222.339996337891,0,2.59999990463257,-4.3600001335144,442.320007324219,2024,2024,126,"Win",-0.880000114440915
"3",35,"Pearlwise",35599.21875,6.44999980926514,168.710006713867,0,1.47000002861023,-5.40999984741211,408.279998779297,2024,2024,127,"Win",-1.96999990940094
"3",36,"Pearlwise",35740.48046875,0,245.320007324219,0,7.21999979019165,-0.759999990463257,577.72998046875,2024,2024,128,"Win",3.2299998998642
"3",37,"Pearlwise",35883.51171875,0,251.649993896484,0,4.80999994277954,-3.3199999332428,477.899993896484,2024,2024,129,"Win",0.74500000476837
"3",38,"Pearlwise",36028.25,0,193.75,0,3.23000001907349,-2.27999997138977,516.549987792969,2024,2024,130,"Win",0.47500002384186
"3",39,"Pearlwise",36174.640625,1.47000002861023,198.380004882812,0,1.85000002384186,-3.65000009536743,466.429992675781,2024,2024,131,"Win",-0.900000035762785
"3",40,"Pearlwise",36322.640625,3.90000009536743,130.179992675781,0,0.639999985694885,-3.94000005722046,456.260009765625,2024,2024,132,"Win",-1.65000003576279
"3",41,"Pearlwise",36472.171875,0,294.559997558594,0,3.41000008583069,-6.34000015258789,380.380004882812,2024,2024,133,"Win",-1.4650000333786
"3",42,"Pearlwise",36623.19921875,0,324.429992675781,0,7.23000001907349,-5.78999996185303,396.640014648438,2024,2024,134,"Win",0.72000002861023
"3",43,"Pearlwise",36775.66015625,0,308.850006103516,0,9.14999961853027,-2.03999996185303,525.799987792969,2024,2024,135,"Win",3.55499982833862
"3",44,"Pearlwise",36929.51171875,0,290.059997558594,0,6.80000019073486,-2.58999991416931,504.670013427734,2024,2024,136,"Win",2.10500013828277
"3",45,"Pearlwise",37084.6796875,2.6800000667572,175.080001831055,0,3.75,-2.6800000667572,501.549987792969,2024,2024,137,"Win",0.5349999666214
"3",46,"Pearlwise",37241.140625,5.26000022888184,157.949996948242,0,5.21000003814697,-0.300000011920929,597.47998046875,2024,2024,138,"Win",2.45500001311302
"3",47,"Pearlwise",37398.828125,0,238.190002441406,0,5.13000011444092,-1.25,557.429992675781,2024,2024,139,"Win",1.94000005722046
"3",48,"Pearlwise",37557.7109375,4.40999984741211,147.649993896484,0,2.99000000953674,-1.91999995708466,530.609985351562,2024,2024,140,"Win",0.53500002622604
"3",49,"Pearlwise",37717.7109375,2.5699999332428,222.070007324219,0,7.98999977111816,-0.72000002861023,579.25,2024,2024,141,"Win",3.63499987125396
"3",50,"Pearlwise",37878.80859375,0,301.589996337891,0,9.44999980926514,0.449999988079071,631,2024,2024,142,"Win",4.94999989867211
"3",51,"Pearlwise",38040.94921875,0,281.100006103516,0,8.63000011444092,0.769999980926514,645.659973144531,2024,2024,143,"Win",4.70000004768372
"3",52,"Pearlwise",38204.08984375,0,292.850006103516,0,7.69999980926514,-0.589999973773956,584.97998046875,2024,2024,144,"Win",3.55499991774559
"3",53,"Pearlwise",38368.19140625,0,341.100006103516,0,8.90999984741211,-2.23000001907349,518.419982910156,2024,2024,145,"Win",3.33999991416931
"3",54,"Pearlwise",38533.19921875,0,362.779998779297,0,11.4799995422363,-2.1800000667572,520.460021972656,2024,2024,146,"Win",4.64999973773955
"3",55,"Pearlwise",38699.078125,0,372.089996337891,0,14.2600002288818,-1.17999994754791,560.059997558594,2024,2024,147,"Win",6.54000014066695
"3",56,"Pearlwise",38865.7890625,0,355.369995117188,0,13.2700004577637,0.5,633.369995117188,2024,2024,148,"Win",6.88500022888185
"3",57,"Pearlwise",39033.2890625,14.9899997711182,265.549987792969,0,5.82999992370605,-5.84999990463257,394.839996337891,2024,2024,149,"Win",-0.00999999046325994
"3",58,"Pearlwise",39201.5390625,0,365.670013427734,0,3.75999999046326,-8.56999969482422,320.059997558594,2024,2024,150,"Win",-2.40499985218048
"3",59,"Pearlwise",39370.5,0,376.339996337891,0,10.8299999237061,-3.05999994277954,487.549987792969,2024,2024,151,"Win",3.88499999046328
"3",60,"Pearlwise",39540.140625,7.01999998092651,263.920013427734,0,10.1499996185303,-1.23000001907349,558.049987792969,2024,2024,152,"Win",4.4599997997284
"3",61,"Pearlwise",39710.421875,6.90999984741211,223.679992675781,0,5.55999994277954,-2.70000004768372,500.760009765625,2024,2024,153,"Win",1.42999994754791
"3",62,"Pearlwise",39881.30859375,3.85999989509583,209.809997558594,3.85999989509583,0.200000002980232,-6.19999980926514,384.320007324219,2024,2024,154,"Win",-2.99999990314245
"3",63,"Pearlwise",40052.76171875,2.75,244.300003051758,6.61999988555908,0.740000009536743,-6.90999984741211,363.880004882812,2024,2024,155,"Win",-3.08499991893768
"3",64,"Pearlwise",40224.73828125,2.92000007629395,260.079986572266,9.53999996185303,1.1599999666214,-7.09999990463257,358.579986572266,2024,2024,156,"Win",-2.96999996900559
"3",65,"Pearlwise",40397.23046875,25.9099998474121,238.320007324219,7.98999977111816,5.07000017166138,-2.29999995231628,515.840026855469,2024,2024,157,"Win",1.38500010967255
"3",66,"Pearlwise",40570.1796875,2.10999989509583,232.630004882812,6.69000005722046,4.11999988555908,-2.91000008583069,492.850006103516,2024,2024,158,"Win",0.604999899864195
"3",67,"Pearlwise",40743.5703125,0,383.480010986328,6.51000022888184,3.82999992370605,-5.57000017166138,403.5,2024,2024,159,"Win",-0.870000123977665
"3",68,"Pearlwise",40917.37109375,0,470.279998779297,6.51000022888184,7.90999984741211,-7.76000022888184,340.940002441406,2024,2024,160,"Win",0.0749998092651349
"3",69,"Pearlwise",41091.53125,0,407.260009765625,5.17000007629395,8.02000045776367,-2.8199999332428,496.290008544922,2024,2024,161,"Win",2.60000026226044
"3",70,"Pearlwise",41266.0390625,0,385.709991455078,2.61999988555908,10.1199998855591,0.0799999982118607,614.450012207031,2024,2024,162,"Win",5.09999994188548
"3",71,"Pearlwise",41440.859375,9.36999988555908,265.809997558594,0.140000000596046,8.56999969482422,-0.0900000035762787,606.590026855469,2024,2024,163,"Win",4.23999984562397
"3",72,"Pearlwise",41615.9609375,3.94000005722046,243.100006103516,0,8.02000045776367,-0.600000023841858,584.359985351562,2024,2024,164,"Win",3.71000021696091
"3",73,"Pearlwise",41791.30859375,0,315.910003662109,0,4.21000003814697,-3.79999995231628,461.029998779297,2024,2024,165,"Win",0.205000042915345
"3",74,"Pearlwise",41966.890625,0,424.029998779297,0,7.82000017166138,-5.94999980926514,391.790008544922,2024,2024,166,"Win",0.93500018119812
"3",75,"Pearlwise",42142.66015625,0,427.320007324219,0,10.7799997329712,-3.61999988555908,467.440002441406,2024,2024,167,"Win",3.57999992370606
"3",76,"Pearlwise",42318.6015625,0,437.040008544922,0,14.4799995422363,-1.53999996185303,545.580017089844,2024,2024,168,"Win",6.46999979019163
"3",77,"Pearlwise",42494.671875,0,436.600006103516,0,16.6000003814697,0.330000013113022,625.5,2024,2024,169,"Win",8.46500019729136
"3",78,"Pearlwise",42670.859375,0,436.799987792969,0,18.4599990844727,1.72000002861023,691.669982910156,2024,2024,170,"Win",10.0899995565415
"3",79,"Pearlwise",42847.12890625,0,443.660003662109,0,20.3899993896484,2.40000009536743,726.140014648438,2024,2024,171,"Win",11.3949997425079
"3",80,"Pearlwise",43023.44921875,0,422.299987792969,0,18.1499996185303,2.88000011444092,751.309997558594,2024,2024,172,"Win",10.5149998664856
"3",81,"Pearlwise",43199.80859375,0,372.329986572266,0,15.460000038147,3.73000001907349,797.590026855469,2024,2024,173,"Win",9.59500002861024
"3",82,"Pearlwise",43376.16015625,0,400.489990234375,0,16.3199996948242,2.96000003814697,755.580017089844,2024,2024,174,"Win",9.63999986648559
"3",83,"Pearlwise",43552.48046875,9.52000045776367,223.339996337891,0,8.40999984741211,0.150000005960464,617.52001953125,2024,2024,175,"Win",4.27999992668629
"3",84,"Pearlwise",43728.75,0,327.089996337891,0,7.32999992370605,-1.70000004768372,539.330017089844,2024,2024,176,"Win",2.81499993801116
"3",85,"Pearlwise",43904.94140625,0.649999976158142,334.040008544922,0,7.53000020980835,-1.52999997138977,545.919982910156,2024,2024,177,"Win",3.00000011920929
"3",86,"Pearlwise",44081.01953125,0,374.649993896484,0,8.85999965667725,-1.67999994754791,540.140014648438,2024,2024,178,"Win",3.58999985456467
"3",87,"Pearlwise",44256.9609375,10.2799997329712,286.519989013672,0,10.6099996566772,-0.25,599.849975585938,2024,2024,179,"Win",5.1799998283386
"3",88,"Pearlwise",44432.73046875,3.50999999046326,234.440002441406,0,6.90999984741211,-1.07000005245209,564.630004882812,2024,2024,180,"Win",2.91999989748001
"3",89,"Pearlwise",44608.30078125,0,369.380004882812,0,7.26000022888184,-2.47000002861023,509.269989013672,2024,2024,181,"Win",2.3950001001358
"3",90,"Pearlwise",44783.66015625,0,366.970001220703,0,9.53999996185303,-0.0900000035762787,606.929992675781,2024,2024,182,"Win",4.72499997913838
"3",91,"Pearlwise",44958.76171875,0,418.880004882812,0,8.86999988555908,-2.88000011444092,493.910003662109,2024,2024,183,"Win",2.99499988555908
"3",92,"Pearlwise",45133.578125,0,503.839996337891,0,16.0100002288818,-4.19000005722046,448,2024,2024,184,"Win",5.91000008583067
"3",93,"Pearlwise",45308.08984375,0,484.959991455078,0,20.2999992370605,1.80999994277954,695.789978027344,2024,2024,185,"Spr",11.05499958992
"3",94,"Pearlwise",45482.25,10.25,341.549987792969,0,16.8400001525879,1.55999994277954,683.619995117188,2024,2024,186,"Spr",9.20000004768372
"3",95,"Pearlwise",45656.05078125,0,305.489990234375,0,6.73999977111816,-1.24000000953674,557.97998046875,2024,2024,187,"Spr",2.74999988079071
"3",96,"Pearlwise",45829.44140625,6.44999980926514,126.410003662109,0,0.629999995231628,-3.40000009536743,475.25,2024,2024,188,"Spr",-1.3850000500679
"3",97,"Pearlwise",46002.390625,0,357.100006103516,0,4.92999982833862,-4.48000001907349,438.029998779297,2024,2024,189,"Spr",0.224999904632565
"3",98,"Pearlwise",46174.87890625,0,387.579986572266,0,7.96999979019165,-2.44000005722046,510.369995117188,2024,2024,190,"Spr",2.7649998664856
"3",99,"Pearlwise",46346.87109375,0,464.290008544922,0,11.960000038147,-2.38000011444092,512.690002441406,2024,2024,191,"Spr",4.78999996185304
"3",100,"Pearlwise",46518.3203125,0,487.859985351562,0,16.7399997711182,0.0399999991059303,612.369995117188,2024,2024,192,"Spr",8.38999988511206
"3",101,"Pearlwise",46689.19921875,0,495.880004882812,0,18.1399993896484,0.389999985694885,628.429992675781,2024,2024,193,"Spr",9.26499968767164
"3",102,"Pearlwise",46859.48046875,0,487.799987792969,0,21.6399993896484,3.85999989509583,805.260009765625,2024,2024,194,"Spr",12.7499996423721
"3",103,"Pearlwise",47029.12890625,0,449.790008544922,0,20.8899993896484,5.90999984741211,928.820007324219,2024,2024,195,"Spr",13.3999996185303
"3",104,"Pearlwise",47198.08984375,0,464.079986572266,0,20.9200000762939,5.09000015258789,870.52001953125,2024,2024,196,"Spr",13.0050001144409
"3",105,"Pearlwise",47366.33984375,5.90000009536743,239.300003051758,0,11.4099998474121,2.79999995231628,747.070007324219,2024,2024,197,"Spr",7.10499989986419
"3",106,"Pearlwise",47533.8515625,0,412.519989013672,0,13.4499998092651,1.57000005245209,684.080017089844,2024,2024,198,"Spr",7.50999993085859
"3",107,"Pearlwise",47700.55859375,0,457.779998779297,0,14.0900001525879,0.159999996423721,617.77001953125,2024,2024,199,"Spr",7.12500007450581
"3",108,"Pearlwise",47866.44140625,0,425.329986572266,0,9.5600004196167,-2.29999995231628,515.859985351562,2024,2024,200,"Spr",3.63000023365021
"3",109,"Pearlwise",48031.44921875,0,497.709991455078,0,13.5100002288818,-2.36999988555908,513.320007324219,2024,2024,201,"Spr",5.57000017166136
"3",110,"Pearlwise",48195.55078125,0,520.099975585938,0,17.5100002288818,-0.6700000166893,557.190002441406,2024,2024,202,"Spr",8.42000010609625
"3",111,"Pearlwise",48358.69140625,0,509.950012207031,0,21.2000007629395,3.30999994277954,725.02001953125,2024,2024,203,"Spr",12.2550003528595
"3",112,"Pearlwise",48520.828125,0,425.989990234375,0,16.4400005340576,4.17000007629395,822.929992675781,2024,2024,204,"Spr",10.3050003051758
"3",113,"Pearlwise",48681.9296875,0,522.260009765625,0,18.8899993896484,0.330000013113022,574.900024414062,2024,2024,205,"Spr",9.60999970138071
"3",114,"Pearlwise",48841.94921875,0,498.690002441406,0,21.4200000762939,4.30000019073486,755.390014648438,2024,2024,206,"Spr",12.8600001335144
"3",115,"Pearlwise",49000.8203125,0,401.320007324219,0,18.0699996948242,6.30999994277954,948.200012207031,2024,2024,207,"Spr",12.1899998188019
"3",116,"Pearlwise",49158.51171875,2.47000002861023,275.940002441406,0,14.9899997711182,4.69000005722046,853.130004882812,2024,2024,208,"Spr",9.83999991416933
"3",117,"Pearlwise",49314.98046875,5.21999979019165,250.949996948242,0,11.1400003433228,2.20000004768372,715.849975585938,2024,2024,209,"Spr",6.67000019550326
"3",118,"Pearlwise",49470.16015625,0,466.049987792969,0,14.6700000762939,0.379999995231628,603.489990234375,2024,2024,210,"Spr",7.52500003576276
"3",119,"Pearlwise",49624,0,485.480010986328,0,16.2800006866455,0.680000007152557,599.929992675781,2024,2024,211,"Spr",8.48000034689903
"3",120,"Pearlwise",49776.46875,0,422.329986572266,0,10.8999996185303,-1.29999995231628,555.5,2024,2024,212,"Spr",4.79999983310701
"3",121,"Pearlwise",49927.5,0,497.809997558594,0,11.5200004577637,-4.5,422.920013427734,2024,2024,213,"Spr",3.51000022888185
"3",122,"Pearlwise",50077.0390625,0,497.600006103516,0,11.5600004196167,-4.23000001907349,430.019989013672,2024,2024,214,"Spr",3.6650002002716
"3",123,"Pearlwise",50225.0390625,1.97000002861023,363.890014648438,0,10.6599998474121,0.889999985694885,651.489990234375,2024,2024,215,"Spr",5.77499991655349
"3",124,"Pearlwise",50371.44140625,0,523.059997558594,0,15.9200000762939,-1.50999999046326,492.579986572266,2024,2024,216,"Spr",7.20500004291532
"3",125,"Pearlwise",50516.1796875,9.48999977111816,310.790008544922,0,12.0900001525879,0.340000003576279,625.950012207031,2024,2024,217,"Spr",6.21500007808209
"3",126,"Pearlwise",50659.2109375,28.6499996185303,110.879997253418,0,2.00999999046326,-1.5,547.219970703125,2024,2024,218,"Spr",0.25499999523163
"3",127,"Pearlwise",50800.48046875,0,391.809997558594,0,9.80000019073486,-0.910000026226044,571.359985351562,2024,2024,219,"Spr",4.44500008225441
"3",128,"Pearlwise",50939.91015625,0,349.380004882812,0,7.90000009536743,-1.29999995231628,555.440002441406,2024,2024,220,"Spr",3.30000007152558
"3",129,"Pearlwise",51077.4609375,0,473.179992675781,0,10.6800003051758,-3.25999999046326,480.109985351562,2024,2024,221,"Spr",3.71000015735627
"3",130,"Pearlwise",51213.05859375,0,539.460021972656,0,18.6399993896484,-0.230000004172325,558.27001953125,2024,2024,222,"Spr",9.20499969273804
"3",131,"Pearlwise",51346.66015625,0,484.220001220703,0,21.1800003051758,5.86999988555908,868.219970703125,2024,2024,223,"Spr",13.5250000953674
"3",132,"Pearlwise",51478.1796875,0,513.260009765625,0,23.5300006866455,6.21000003814697,856.570007324219,2024,2024,224,"Spr",14.8700003623962
"3",133,"Pearlwise",51607.578125,0,467.160003662109,0,24.7900009155273,10,1137.86999511719,2024,2024,225,"Spr",17.3950004577637
"3",134,"Pearlwise",51734.78125,0,475.559997558594,0,23.9400005340576,8.92000007629395,1055.06005859375,2024,2024,226,"Spr",16.4300003051758
"3",135,"Pearlwise",51859.73046875,0,484.850006103516,0,22.8500003814697,7.30999994277954,944.780029296875,2024,2024,227,"Spr",15.0800001621246
"3",136,"Pearlwise",51982.359375,0,504.640014648438,0,23.1800003051758,6.3600001335144,863.880004882812,2024,2024,228,"Spr",14.7700002193451
"3",137,"Pearlwise",52102.609375,0,520.630004882812,0,26.7800006866455,8.22999954223633,934.590026855469,2024,2024,229,"Spr",17.5050001144409
"3",138,"Pearlwise",52220.41015625,0,439.329986572266,0,19.4500007629395,6.23000001907349,910.219970703125,2024,2024,230,"Spr",12.8400003910065
"3",139,"Pearlwise",52335.69921875,0,545.080017089844,0,22.4099998474121,2.63000011444092,631.390014648438,2024,2024,231,"Spr",12.5199999809265
"3",140,"Pearlwise",52448.4296875,0,499.029998779297,0,16.2199993133545,0.469999998807907,583.940002441406,2024,2024,232,"Spr",8.3449996560812
"3",141,"Pearlwise",52558.51953125,0,472.420013427734,0,14.0900001525879,-0.0199999995529652,584.109985351562,2024,2024,233,"Spr",7.03500007651747
"3",142,"Pearlwise",52665.91015625,0,533.950012207031,0,19.0900001525879,0.810000002384186,568.380004882812,2024,2024,234,"Spr",9.95000007748604
"3",143,"Pearlwise",52770.5390625,0,429.470001220703,0,15.6300001144409,3.26999998092651,752.309997558594,2024,2024,235,"Spr",9.4500000476837
"3",144,"Pearlwise",52872.3515625,0,514.530029296875,0,16.3500003814697,-0.0199999995529652,554.429992675781,2024,2024,236,"Spr",8.16500019095837
"3",145,"Pearlwise",52971.28125,0,486.559997558594,0,18.9599990844727,3.80999994277954,728.140014648438,2024,2024,237,"Spr",11.3849995136261
"3",146,"Pearlwise",53067.26171875,0,460.880004882812,0,18.4099998474121,4.44999980926514,779.75,2024,2024,238,"Spr",11.4299998283386
"3",147,"Pearlwise",53160.23828125,0,544.320007324219,0,22.8400001525879,3.08999991416931,640.599975585938,2024,2024,239,"Spr",12.9650000333786
"3",148,"Pearlwise",53250.1484375,0,530.590026855469,0,26.7099990844727,7.40999984741211,809.830017089844,2024,2024,240,"Spr",17.0599994659424
"3",149,"Pearlwise",53336.94921875,0,522.320007324219,0,26.3099994659424,7.6100001335144,829.429992675781,2024,2024,241,"Spr",16.9599997997284
"3",150,"Pearlwise",53420.55859375,0,445.019989013672,0,18.6499996185303,4.90999984741211,783.47998046875,2024,2024,242,"Spr",11.7799997329712
"3",151,"Pearlwise",53500.9296875,0,518.219970703125,0,19.9500007629395,2.36999988555908,592.440002441406,2024,2024,243,"Spr",11.1600003242493
"3",152,"Pearlwise",53578.01953125,0,527.52001953125,0,24.0900001525879,5.38000011444092,680.289978027344,2024,2024,244,"Spr",14.7350001335144
"3",153,"Pearlwise",53651.76171875,0,471.790008544922,0,25.2900009155273,9.56999969482422,938.409973144531,2024,2024,245,"Spr",17.4300003051758
"3",154,"Pearlwise",53722.109375,0,416.049987792969,0,22.7700004577637,9.86999988555908,1027.56994628906,2024,2024,246,"Spr",16.3200001716614
"3",155,"Pearlwise",53789.01953125,0,327.630004882812,0,21.0100002288818,11.3500003814697,1255.43005371094,2024,2024,247,"Spr",16.1800003051757
"3",156,"Pearlwise",53852.4296875,0,513.239990234375,0,27.3899993896484,9.22999954223633,712.760009765625,2024,2024,248,"Spr",18.3099994659424
"3",157,"Pearlwise",53912.30078125,0,508.619995117188,0,29.6000003814697,11.2700004577637,792.419982910156,2024,2024,249,"Spr",20.4350004196167
"3",158,"Pearlwise",53968.6015625,0,456.760009765625,0,31.3400001525879,15.4200000762939,1117.33996582031,2024,2024,250,"Spr",23.3800001144409
"3",159,"Pearlwise",54021.26953125,0,490.959991455078,0,31.4200000762939,13.6199998855591,936.940002441406,2024,2024,251,"Spr",22.5199999809265
"3",160,"Pearlwise",54070.28125,12.1800003051758,362.170013427734,0,31.3600006103516,13.4499998092651,1156.08996582031,2024,2024,252,"Spr",22.4050002098083
"3",161,"Pearlwise",54115.578125,20.3199996948242,324.910003662109,0,27.0200004577637,12.1499996185303,1220.06005859375,2024,2024,253,"Spr",19.585000038147
"3",162,"Pearlwise",54157.16015625,0,488.320007324219,0,27.5599994659424,10.2200002670288,895.840026855469,2024,2024,254,"Spr",18.8899998664856
"3",163,"Pearlwise",54194.96875,0,488.209991455078,0,30.7600002288818,12.9700002670288,1027.10998535156,2024,2024,255,"Spr",21.8650002479553
"3",164,"Pearlwise",54228.98046875,0,518.309997558594,0,31.0900001525879,11.2200002670288,875.119995117188,2024,2024,256,"Spr",21.1550002098083
"3",165,"Pearlwise",54259.171875,0,530.419982910156,0,32.1399993896484,11.0500001907349,843.22998046875,2024,2024,257,"Spr",21.5949997901917
"3",166,"Pearlwise",54285.51953125,0,450.359985351562,0,27.6299991607666,11.960000038147,1034.94995117188,2024,2024,258,"Spr",19.7949995994568
"3",167,"Pearlwise",54308.01171875,0,415.130004882812,0,19.6700000762939,6.34000015258789,789.390014648438,2024,2024,259,"Spr",13.0050001144409
"3",168,"Pearlwise",54326.609375,0,506.670013427734,0,20.2900009155273,2.36999988555908,532.809997558594,2024,2024,260,"Spr",11.3300004005432
"3",169,"Pearlwise",54341.30859375,0,440.260009765625,0,15.6499996185303,1.54999995231628,569.039978027344,2024,2024,261,"Spr",8.59999978542329
"3",170,"Pearlwise",54352.1015625,0,522.679992675781,0,21.2399997711182,2.28999996185303,514.289978027344,2024,2024,262,"Spr",11.7649998664856
"3",171,"Pearlwise",54358.98046875,0,511.350006103516,0,25.7800006866455,6.96999979019165,691.599975585938,2024,2024,263,"Spr",16.3750002384186
"3",172,"Pearlwise",54361.9296875,0,487.359985351562,0,28.9899997711182,11.2399997711182,927.799987792969,2024,2024,264,"Spr",20.1149997711182
"3",173,"Pearlwise",54360.9609375,0,504.440002441406,0,31.7800006866455,12.3999996185303,958.27001953125,2024,2024,265,"Spr",22.0900001525879
"3",174,"Pearlwise",54356.05859375,0,515.409973144531,0,34.5800018310547,14.0200004577637,965.419982910156,2024,2024,266,"Spr",24.3000011444092
"3",175,"Pearlwise",54347.23828125,0,473.049987792969,0,32.9700012207031,15.210000038147,1128.39001464844,2024,2024,267,"Spr",24.090000629425
"3",176,"Pearlwise",54334.51171875,0,501,0,32.6800003051758,13.210000038147,946.010009765625,2024,2024,268,"Spr",22.9450001716614
"3",177,"Pearlwise",54317.87890625,0,479.309997558594,0,31.8500003814697,13.8299999237061,1025.78002929688,2024,2024,269,"Spr",22.8400001525879
"3",178,"Pearlwise",54297.3515625,0,452.559997558594,0,30.8099994659424,14.5100002288818,1050.5400390625,2024,2024,270,"Spr",22.6599998474121
"3",179,"Pearlwise",54272.94921875,0,456.279998779297,0,25.2700004577637,9.47000026702881,764.75,2024,2024,271,"Spr",17.3700003623963
"3",180,"Pearlwise",54244.69140625,0,500.940002441406,0,27.4500007629395,8.93000030517578,669.700012207031,2024,2024,272,"Spr",18.1900005340576
"3",181,"Pearlwise",54212.6015625,0,492.799987792969,0,31.3500003814697,12.8199996948242,849.52001953125,2024,2024,273,"Spr",22.085000038147
"3",182,"Pearlwise",54176.69921875,0,406.929992675781,0,25.8999996185303,12.1700000762939,989.409973144531,2024,2024,274,"Spr",19.0349998474121
"3",183,"Pearlwise",54137.01953125,0,448.220001220703,0,26.8099994659424,11.210000038147,860.219970703125,2024,2024,275,"Spr",19.0099997520447
"3",184,"Pearlwise",54093.58984375,0,485.690002441406,0,28.3099994659424,10.5,759.859985351562,2024,2024,276,"Sum",19.4049997329712
"3",185,"Pearlwise",54046.44921875,0,497.559997558594,0,28.7600002288818,10.1300001144409,655.22998046875,2024,2024,277,"Sum",19.4450001716613
"3",186,"Pearlwise",53995.62109375,0,517.039978027344,0,32.4199981689453,12.0100002288818,689.039978027344,2024,2024,278,"Sum",22.2149991989135
"3",187,"Pearlwise",53941.1484375,0,490.410003662109,0,34.0400009155273,15.2600002288818,821.440002441406,2024,2024,279,"Sum",24.6500005722046
"3",188,"Pearlwise",53883.0703125,0,519.47998046875,0,36.6699981689453,15.4399995803833,760.609985351562,2024,2024,280,"Sum",26.0549988746643
"3",189,"Pearlwise",53821.44140625,0,508.540008544922,0,36.1100006103516,15.6499996185303,795.929992675781,2024,2024,281,"Sum",25.880000114441
"3",190,"Pearlwise",53756.2890625,0,471.290008544922,0,36.0200004577637,17.7999992370605,996.72998046875,2024,2024,282,"Sum",26.9099998474121
"3",191,"Pearlwise",53687.671875,0,485.779998779297,0,37.810001373291,18.3500003814697,986.219970703125,2024,2024,283,"Sum",28.0800008773803
"3",192,"Pearlwise",53615.640625,0,461.149993896484,0,37.1500015258789,19.1399993896484,1103.72998046875,2024,2024,284,"Sum",28.1450004577637
"3",193,"Pearlwise",53540.23046875,0,482.260009765625,0,37.1100006103516,17.8899993896484,973.890014648438,2024,2024,285,"Sum",27.5
"3",194,"Pearlwise",53461.51171875,0,488.519989013672,0,37.2200012207031,17.5699996948242,941.25,2024,2024,286,"Sum",27.3950004577637
"3",195,"Pearlwise",53379.51953125,0,462.609985351562,0,37.1199989318848,18.9899997711182,1095.43994140625,2024,2024,287,"Sum",28.0549993515015
"3",196,"Pearlwise",53294.3203125,0,274.260009765625,0,28.7900009155273,19.2700004577637,1689.77001953125,2024,2024,288,"Sum",24.0300006866455
"3",197,"Pearlwise",53205.98046875,0,368.119995117188,0,29.8299999237061,16.9599990844727,1181.92004394531,2024,2024,289,"Sum",23.3949995040894
"3",198,"Pearlwise",53114.5390625,0,468.829986572266,0,33.0499992370605,15.3999996185303,826.559997558594,2024,2024,290,"Sum",24.2249994277954
"3",199,"Pearlwise",53020.05859375,0,447.179992675781,0,34.1800003051758,17.4200000762939,982.119995117188,2024,2024,291,"Sum",25.8000001907348
"3",200,"Pearlwise",52922.609375,0,493.589996337891,0,34.7999992370605,15.3800001144409,768.47998046875,2024,2024,292,"Sum",25.0899996757507
"3",201,"Pearlwise",52822.25,0,474.850006103516,0,34.8899993896484,16.5100002288818,866.030029296875,2024,2024,293,"Sum",25.6999998092651
"3",202,"Pearlwise",52719.03125,0,463.070007324219,0,37.2299995422363,19.1100006103516,1033.5400390625,2024,2024,294,"Sum",28.170000076294
"3",203,"Pearlwise",52613.01953125,0,413.089996337891,0,36.6100006103516,21.0400009155273,1323.0400390625,2024,2024,295,"Sum",28.8250007629394
"3",204,"Pearlwise",52504.2890625,0,480.549987792969,0,37.2099990844727,18.1800003051758,938.02001953125,2024,2024,296,"Sum",27.6949996948242
"3",205,"Pearlwise",52392.87890625,0,487.309997558594,0,36.1599998474121,16.8099994659424,855.510009765625,2024,2024,297,"Sum",26.4849996566773
"3",206,"Pearlwise",52278.87890625,0,412.140014648438,0,35.4500007629395,20.0900001525879,1268.09997558594,2024,2024,298,"Sum",27.7700004577637
"3",207,"Pearlwise",52162.328125,0,447.690002441406,0,33.4099998474121,16.7000007629395,928.349975585938,2024,2024,299,"Sum",25.0550003051758
"3",208,"Pearlwise",52043.30859375,0,497.309997558594,0,32.0299987792969,12.6999998092651,592.219970703125,2024,2024,300,"Sum",22.364999294281
"3",209,"Pearlwise",51921.87109375,0,400.690002441406,0,28.5799999237061,14.4899997711182,882.460021972656,2024,2024,301,"Sum",21.5349998474122
"3",210,"Pearlwise",51798.08984375,0,456.859985351562,0,29.4599990844727,12.710000038147,680.099975585938,2024,2024,302,"Sum",21.0849995613098
"3",211,"Pearlwise",51672.01953125,0,438.209991455078,0,29.5300006866455,13.7299995422363,762.849975585938,2024,2024,303,"Sum",21.6300001144409
"3",212,"Pearlwise",51543.71875,0,418,0,29.9799995422363,14.9899997711182,868.190002441406,2024,2024,304,"Sum",22.4849996566772
"3",213,"Pearlwise",51413.26171875,0,494.450012207031,0,33.4199981689453,13.8500003814697,643.719970703125,2024,2024,305,"Sum",23.6349992752075
"3",214,"Pearlwise",51280.69921875,0,471.299987792969,0,36.8400001525879,18.2299995422363,850.049987792969,2024,2024,306,"Sum",27.5349998474121
"3",215,"Pearlwise",51146.1015625,0,479.929992675781,0,38.3699989318848,18.9400005340576,859.559997558594,2024,2024,307,"Sum",28.6549997329712
"3",216,"Pearlwise",51009.53125,2.32999992370605,305.190002441406,0,32.1199989318848,17.0100002288818,1124.18005371094,2024,2024,308,"Sum",24.5649995803833
"3",217,"Pearlwise",50871.0390625,0,473.329986572266,0,32.6300010681152,14.7200002670288,625.369995117188,2024,2024,309,"Sum",23.675000667572
"3",218,"Pearlwise",50730.69140625,0,467.130004882812,0,35.3899993896484,17.6000003814697,760.719970703125,2024,2024,310,"Sum",26.4949998855591
"3",219,"Pearlwise",50588.5390625,0,468.75,0,34.1399993896484,16.3999996185303,701.77001953125,2024,2024,311,"Sum",25.2699995040893
"3",220,"Pearlwise",50444.6484375,0,474.369995117188,0,32.189998626709,14.25,605.359985351562,2024,2024,312,"Sum",23.2199993133545
"3",221,"Pearlwise",50299.078125,0,468.140014648438,0,33.4599990844727,15.7399997711182,670.609985351562,2024,2024,313,"Sum",24.5999994277954
"3",222,"Pearlwise",50151.87890625,0,477.179992675781,0,33.7000007629395,15.3000001907349,650.840026855469,2024,2024,314,"Sum",24.5000004768372
"3",223,"Pearlwise",50003.109375,0,442.890014648438,0,31.7399997711182,15.6000003814697,664.099975585938,2024,2024,315,"Sum",23.670000076294
"3",224,"Pearlwise",49852.828125,0,472.059997558594,0,32.2700004577637,14.3400001525879,609.109985351562,2024,2024,316,"Sum",23.3050003051758
"3",225,"Pearlwise",49701.078125,0,431.670013427734,0,30.7299995422363,15.2399997711182,648.22998046875,2024,2024,317,"Sum",22.9849996566772
"3",226,"Pearlwise",49547.921875,0,397.149993896484,0,27.2999992370605,13.5699996948242,577.609985351562,2024,2024,318,"Sum",20.4349994659424
"3",227,"Pearlwise",49393.41015625,0,457.220001220703,0,28.1800003051758,11.1300001144409,486.649993896484,2024,2024,319,"Sum",19.6550002098083
"3",228,"Pearlwise",49237.58984375,0,410.910003662109,0,25,10.6400003433228,469.820007324219,2024,2024,320,"Sum",17.8200001716614
"3",229,"Pearlwise",49080.51171875,0,477.420013427734,0,28.1599998474121,9.67000007629395,438.329986572266,2024,2024,321,"Sum",18.914999961853
"3",230,"Pearlwise",48922.21875,0,465.100006103516,0,30.3299999237061,12.4399995803833,533.530029296875,2024,2024,322,"Sum",21.3849997520447
"3",231,"Pearlwise",48762.78125,0,486.220001220703,0,29.0400009155273,9.64000034332275,437.609985351562,2024,2024,323,"Sum",19.340000629425
"3",232,"Pearlwise",48602.21875,0,469.829986572266,0,29.3600006103516,11.0100002288818,482.519989013672,2024,2024,324,"Sum",20.1850004196167
"3",233,"Pearlwise",48440.6015625,0,441.75,0,27.9899997711182,11.3800001144409,495.380004882812,2024,2024,325,"Sum",19.6849999427795
"3",234,"Pearlwise",48277.9609375,0,436.899993896484,0,26.9599990844727,10.6899995803833,471.720001220703,2024,2024,326,"Sum",18.824999332428
"3",235,"Pearlwise",48114.328125,0,442.75,0,27.8700008392334,11.1800003051758,488.140014648438,2024,2024,327,"Sum",19.5250005722046
"3",236,"Pearlwise",47949.78125,0,271.209991455078,0,18.9799995422363,10.1300001144409,563.080017089844,2024,2024,328,"Sum",14.5549998283386
"3",237,"Pearlwise",47784.328125,4.55999994277954,154.160003662109,0,12.8100004196167,6.26000022888184,755.809997558594,2024,2024,329,"Sum",9.53500032424927
"3",238,"Pearlwise",47618.03125,0,404.399993896484,0,19.7800006866455,5.8600001335144,332.290008544922,2024,2024,330,"Sum",12.82000041008
"3",239,"Pearlwise",47450.921875,0,458.589996337891,0,25.5200004577637,8.05000019073486,390.049987792969,2024,2024,331,"Sum",16.7850003242493
"3",240,"Pearlwise",47283.05078125,0,470.959991455078,0,29.6599998474121,10.7200002670288,472.619995117188,2024,2024,332,"Sum",20.1900000572204
"3",241,"Pearlwise",47114.4296875,0,472.579986572266,0,23.7600002288818,4.92999982833862,310.059997558594,2024,2024,333,"Sum",14.3450000286102
"3",242,"Pearlwise",46945.12890625,0,476.799987792969,0,27.8999996185303,8.10999965667725,391.720001220703,2024,2024,334,"Sum",18.0049996376038
"3",243,"Pearlwise",46775.171875,0,479.160003662109,0,31.2099990844727,10.6499996185303,470.350006103516,2024,2024,335,"Sum",20.9299993515015
"3",244,"Pearlwise",46604.578125,0,467.630004882812,0,32.439998626709,12.4899997711182,535.650024414062,2024,2024,336,"Sum",22.4649991989136
"3",245,"Pearlwise",46433.41015625,0,443.690002441406,0,33.25,14.9799995422363,636.630004882812,2024,2024,337,"Sum",24.1149997711181
"3",246,"Pearlwise",46261.69140625,0,420.559997558594,0,30.2700004577637,13.6700000762939,581.690002441406,2024,2024,338,"Sum",21.9700002670288
"3",247,"Pearlwise",46089.44921875,0,433.730010986328,0,26.8799991607666,9.57999992370605,435.769989013672,2024,2024,339,"Sum",18.2299995422363
"3",248,"Pearlwise",45916.73046875,0,439.410003662109,0,28.8899993896484,10.8500003814697,477,2024,2024,340,"Sum",19.869999885559
"3",249,"Pearlwise",45743.55078125,0,431.649993896484,0,31.5799999237061,13.6899995803833,582.400024414062,2024,2024,341,"Sum",22.6349997520447
"3",250,"Pearlwise",45569.9609375,0,440.029998779297,0,33.1500015258789,14.2700004577637,606.260009765625,2024,2024,342,"Sum",23.7100009918213
"3",251,"Pearlwise",45395.98046875,0,400.869995117188,0,32.3199996948242,16.1100006103516,687.669982910156,2024,2024,343,"Sum",24.2150001525879
"3",252,"Pearlwise",45221.640625,0,399.130004882812,0,30.7199993133545,14.6899995803833,624.140014648438,2024,2024,344,"Sum",22.7049994468689
"3",253,"Pearlwise",45046.96875,0,420.600006103516,0,30.3400001525879,12.7399997711182,544.880004882812,2024,2024,345,"Sum",21.539999961853
"3",254,"Pearlwise",44872.01171875,0,396.769989013672,0,29.1599998474121,13.1199998855591,559.599975585938,2024,2024,346,"Sum",21.1399998664856
"3",255,"Pearlwise",44696.78125,2.25999999046326,249.160003662109,0,20.4599990844727,8.23999977111816,395.579986572266,2024,2024,347,"Sum",14.3499994277954
"3",256,"Pearlwise",44521.30859375,0,317.390014648438,0,18.1299991607666,6.6399998664856,351.959991455078,2024,2024,348,"Sum",12.3849995136261
"3",257,"Pearlwise",44345.62890625,0,427.880004882812,0,22.9099998474121,4.73999977111816,305.670013427734,2024,2024,349,"Sum",13.8249998092651
"3",258,"Pearlwise",44169.78125,0,424.130004882812,0,26.8400001525879,8.32999992370605,398.149993896484,2024,2024,350,"Sum",17.585000038147
"3",259,"Pearlwise",43993.76953125,2.6800000667572,223.229995727539,0,18.8700008392334,8,388.589996337891,2024,2024,351,"Sum",13.4350004196167
"3",260,"Pearlwise",43817.62890625,20.8700008392334,113.430000305176,0,12.25,7.09000015258789,720.200012207031,2024,2024,352,"Sum",9.67000007629395
"3",261,"Pearlwise",43641.3984375,5.57000017166138,139.25,0,13.8599996566772,7.42000007629395,866.27001953125,2024,2024,353,"Sum",10.6399998664856
"3",262,"Pearlwise",43465.1015625,0,327.640014648438,0,18.25,6.30000019073486,445.299987792969,2024,2024,354,"Sum",12.2750000953674
"3",263,"Pearlwise",43288.76171875,0,383.959991455078,0,22.2700004577637,7.1399998664856,365.059997558594,2024,2024,355,"Sum",14.7050001621246
"3",264,"Pearlwise",43112.3984375,0,372.149993896484,0,22.25,7.71000003814697,392.660003662109,2024,2024,356,"Sum",14.9800000190735
"3",265,"Pearlwise",42936.05859375,0,383.339996337891,0,20.5300006866455,5.23000001907349,331.329986572266,2024,2024,357,"Sum",12.8800003528595
"3",266,"Pearlwise",42759.76171875,0,403.170013427734,0,23.5,6.21000003814697,340.769989013672,2024,2024,358,"Sum",14.8550000190735
"3",267,"Pearlwise",42583.53125,0,370.209991455078,0,24.5499992370605,9.06999969482422,423.75,2024,2024,359,"Sum",16.8099994659424
"3",268,"Pearlwise",42407.390625,0,385.890014648438,0,28.25,11.1300001144409,486.670013427734,2024,2024,360,"Sum",19.6900000572205
"3",269,"Pearlwise",42231.37890625,0,348.549987792969,0,28.4899997711182,13.6999998092651,596.02001953125,2024,2024,361,"Sum",21.0949997901917
"3",270,"Pearlwise",42055.51953125,0,385.929992675781,0,26.4500007629395,9.10999965667725,421.299987792969,2024,2024,362,"Sum",17.7800002098084
"3",271,"Pearlwise",41879.83984375,0,385.769989013672,0,28.3799991607666,10.6999998092651,471.929992675781,2024,2024,363,"Sum",19.5399994850159
"3",272,"Pearlwise",41704.37109375,0,389.890014648438,0,30.8500003814697,12.2799997329712,527.630004882812,2024,2024,364,"Sum",21.5650000572205
"3",273,"Pearlwise",41529.140625,0,378.209991455078,0,23.7099990844727,6.53999996185303,365.010009765625,2024,2024,365,"Sum",15.1249995231629
"3",274,"Pearlwise",41354.1796875,0,379.359985351562,0,19.7199993133545,2.49000000953674,298.100006103516,2024,2025,1,"Fall",11.1049996614456
"3",275,"Pearlwise",41179.51171875,0,408.549987792969,0,26.9799995422363,5.61999988555908,326.359985351562,2024,2025,2,"Fall",16.2999997138977
"3",276,"Pearlwise",41005.171875,0,357.309997558594,0,25.2800006866455,8.86999988555908,457.130004882812,2024,2025,3,"Fall",17.0750002861023
"3",277,"Pearlwise",40831.1796875,0,397.929992675781,0,26.3099994659424,5.44999980926514,322.309997558594,2024,2025,4,"Fall",15.8799996376038
"3",278,"Pearlwise",40657.58984375,0,369.910003662109,0,27.3500003814697,9.05000019073486,433.230010986328,2024,2025,5,"Fall",18.2000002861023
"3",279,"Pearlwise",40484.41015625,0,374.739990234375,0,25.1700000762939,6.19999980926514,365.470001220703,2024,2025,6,"Fall",15.6849999427795
"3",280,"Pearlwise",40311.6796875,0,350.420013427734,0,26.4799995422363,9.40999984741211,488.350006103516,2024,2025,7,"Fall",17.9449996948242
"3",281,"Pearlwise",40139.44140625,0,348.190002441406,0,27.2900009155273,10.0500001907349,510.970001220703,2024,2025,8,"Fall",18.6700005531311
"3",282,"Pearlwise",39967.7109375,0,330.589996337891,0,26.8099994659424,10.710000038147,575.299987792969,2024,2025,9,"Fall",18.7599997520447
"3",283,"Pearlwise",39796.5390625,0,338.769989013672,0,25.6800003051758,8.77999973297119,501.630004882812,2024,2025,10,"Fall",17.2300000190735
"3",284,"Pearlwise",39625.94921875,0,302.079986572266,0,22.9500007629395,8.76000022888184,591.27001953125,2024,2025,11,"Fall",15.8550004959107
"3",285,"Pearlwise",39455.98046875,0,309.929992675781,0,24.3500003814697,9.22000026702881,586.309997558594,2024,2025,12,"Fall",16.7850003242493
"3",286,"Pearlwise",39286.671875,0,271.369995117188,0,19.2199993133545,6.6399998664856,598.210021972656,2024,2025,13,"Fall",12.92999958992
"3",287,"Pearlwise",39118.05859375,0,336.149993896484,0,21.7199993133545,4.07000017166138,397.420013427734,2024,2025,14,"Fall",12.8949997425079
"3",288,"Pearlwise",38950.171875,0,335.130004882812,0,25.1800003051758,7.05999994277954,467.75,2024,2025,15,"Fall",16.1200001239777
"3",289,"Pearlwise",38783.05859375,0,326.049987792969,0,25.2000007629395,7.40000009536743,495.649993896484,2024,2025,16,"Fall",16.3000004291535
"3",290,"Pearlwise",38616.76171875,13.8100004196167,121.120002746582,0,12.5100002288818,5.1399998664856,880.510009765625,2024,2025,17,"Fall",8.8250000476837
"3",291,"Pearlwise",38451.30078125,3.67000007629395,141.210006713867,0,7.23000001907349,-1.37999999523163,552.190002441406,2024,2025,18,"Fall",2.92500001192093
"3",292,"Pearlwise",38286.73828125,0,270.429992675781,0,10.2799997329712,-3.3199999332428,426.630004882812,2024,2025,19,"Fall",3.4799998998642
"3",293,"Pearlwise",38123.12109375,0,297.950012207031,0,17.6200008392334,1.23000001907349,524.429992675781,2024,2025,20,"Fall",9.42500042915344
"3",294,"Pearlwise",37960.4609375,0,276.209991455078,0,19.8099994659424,4.80999994277954,689.299987792969,2024,2025,21,"Fall",12.309999704361
"3",295,"Pearlwise",37798.828125,0,237.059997558594,0,16.6800003051758,4.46999979019165,745.679992675781,2024,2025,22,"Fall",10.5750000476837
"3",296,"Pearlwise",37638.26953125,0,241.279998779297,0,15.1099996566772,2.65000009536743,661.859985351562,2024,2025,23,"Fall",8.87999987602231
"3",297,"Pearlwise",37478.8203125,6.26000022888184,204.729995727539,0,13.6499996185303,-1.25999999046326,543.619995117188,2024,2025,24,"Fall",6.19499981403352
"3",298,"Pearlwise",37320.53125,0,272.290008544922,0,9.81999969482422,-4.94999980926514,401.269989013672,2024,2025,25,"Fall",2.43499994277954
"3",299,"Pearlwise",37163.44140625,0,242.419998168945,0,13.3400001525879,0.449999988079071,602.650024414062,2024,2025,26,"Fall",6.89500007033349
"3",300,"Pearlwise",37007.609375,0,269.600006103516,0,20.6700000762939,4.92999982833862,748.989990234375,2024,2025,27,"Fall",12.7999999523163
"3",301,"Pearlwise",36853.08984375,4.01000022888184,173.080001831055,0,16.1499996185303,3.67000007629395,794.27001953125,2024,2025,28,"Fall",9.90999984741212
"3",302,"Pearlwise",36699.921875,4.69000005722046,128.139999389648,0,8.57999992370605,0.209999993443489,620.059997558594,2024,2025,29,"Fall",4.39499995857477
"3",303,"Pearlwise",36548.16015625,0,161.770004272461,0,5.69000005722046,-2.05999994277954,525.150024414062,2024,2025,30,"Fall",1.81500005722046
"3",304,"Pearlwise",36397.87109375,2.61999988555908,174.360000610352,0,8.55000019073486,-3.5,471.779998779297,2024,2025,31,"Fall",2.52500009536743
"3",305,"Pearlwise",36249.08984375,1.9099999666214,185.990005493164,0,6.80999994277954,-2.1800000667572,520.469970703125,2024,2025,32,"Fall",2.31499993801117
"3",306,"Pearlwise",36101.87890625,10.4200000762939,120.129997253418,0,8.69999980926514,1.10000002384186,661.239990234375,2024,2025,33,"Fall",4.8999999165535
"3",307,"Pearlwise",35956.30078125,5.55999994277954,102.610000610352,0,7.07999992370605,0.850000023841858,649.469970703125,2024,2025,34,"Fall",3.96499997377395
"3",308,"Pearlwise",35812.3984375,8.39000034332275,123.540000915527,0,6.01999998092651,-1.48000001907349,547.950012207031,2024,2025,35,"Fall",2.26999998092651
"3",309,"Pearlwise",35670.23828125,0,262.429992675781,0,10.1199998855591,-4.15000009536743,449.320007324219,2024,2025,36,"Fall",2.98499989509583
"3",310,"Pearlwise",35529.87890625,0,189.369995117188,0,4.30999994277954,-4.3899998664856,441.149993896484,2024,2025,37,"Fall",-0.03999996185303
"3",311,"Pearlwise",35391.37109375,0,236.490005493164,0,5.38000011444092,-6.40999984741211,378.269989013672,2024,2025,38,"Fall",-0.514999866485595
"3",312,"Pearlwise",35254.7890625,0,268.029998779297,0,10.9499998092651,-4.44000005722046,439.329986572266,2024,2025,39,"Fall",3.25499987602232
"3",313,"Pearlwise",35120.1796875,0,259.399993896484,0,14.6700000762939,-0.330000013113022,596.099975585938,2024,2025,40,"Fall",7.17000003159044
"3",314,"Pearlwise",34987.6015625,0,232.580001831055,0,14.1000003814697,1.6599999666214,688.330017089844,2024,2025,41,"Fall",7.88000017404555
"3",315,"Pearlwise",34857.12890625,0,198,0,14.1700000762939,4.21999979019165,825.809997558594,2024,2025,42,"Fall",9.19499993324277
"3",316,"Pearlwise",34728.8203125,8.14000034332275,144.929992675781,0,9.28999996185303,-0.109999999403954,606.030029296875,2024,2025,43,"Fall",4.58999998122454
"3",317,"Pearlwise",34602.73046875,0,185.899993896484,0,7.28999996185303,-1.50999999046326,546.739990234375,2024,2025,44,"Fall",2.88999998569489
"3",318,"Pearlwise",34478.9296875,3.46000003814697,143.009994506836,0,10.6999998092651,1.58000004291534,684.359985351562,2024,2025,45,"Fall",6.13999992609022
"3",319,"Pearlwise",34357.48046875,3.86999988555908,133.589996337891,0,7.44999980926514,-0.680000007152557,581.010009765625,2024,2025,46,"Fall",3.38499990105629
"3",320,"Pearlwise",34238.44140625,2.98000001907349,100.970001220703,0,1.44000005722046,-4.3600001335144,442.290008544922,2024,2025,47,"Fall",-1.46000003814697
"3",321,"Pearlwise",34121.87890625,0,213.649993896484,0,2.41000008583069,-8.10000038146973,332.019989013672,2024,2025,48,"Fall",-2.84500014781952
"3",322,"Pearlwise",34007.859375,9.89999961853027,157.880004882812,0,8.53999996185303,-2.03999996185303,525.75,2024,2025,49,"Fall",3.25
"3",323,"Pearlwise",33896.4296875,0,169.639999389648,0,2.05999994277954,-5.57000017166138,403.429992675781,2024,2025,50,"Fall",-1.75500011444092
"3",324,"Pearlwise",33787.6796875,0,191.949996948242,0,2.90000009536743,-6.03000020980835,389.429992675781,2024,2025,51,"Fall",-1.56500005722046
"3",325,"Pearlwise",33681.6484375,1.6599999666214,150.070007324219,0,7.96000003814697,1.25999999046326,669.109985351562,2024,2025,52,"Fall",4.61000001430511
"3",326,"Pearlwise",33578.421875,28.1100006103516,75.6999969482422,0,9.6899995803833,5.3899998664856,895.799987792969,2024,2025,53,"Fall",7.53999972343445
"3",327,"Pearlwise",33478.03125,4.71000003814697,132.520004272461,0,12.6700000762939,4.44999980926514,839.219970703125,2024,2025,54,"Fall",8.55999994277952
"3",328,"Pearlwise",33380.5703125,9.97000026702881,133.119995117188,0,5.55999994277954,-2.28999996185303,516.02001953125,2024,2025,55,"Fall",1.63499999046326
"3",329,"Pearlwise",33286.0703125,0,192.399993896484,0,5.11999988555908,-3.69000005722046,465.079986572266,2024,2025,56,"Fall",0.71499991416931
"3",330,"Pearlwise",33194.609375,3.52999997138977,125.110000610352,0,6.42999982833862,-0.740000009536743,578.469970703125,2024,2025,57,"Fall",2.84499990940094
"3",331,"Pearlwise",33106.25,6.71000003814697,117.559997558594,0,2.42000007629395,-4.05000019073486,452.540008544922,2024,2025,58,"Fall",-0.815000057220455
"3",332,"Pearlwise",33021.03125,0,199.029998779297,0,1.27999997138977,-7.82000017166138,339.220001220703,2024,2025,59,"Fall",-3.2700001001358
"3",333,"Pearlwise",32939.01953125,0,229.610000610352,0,3.64000010490417,-8.82999992370605,313.410003662109,2024,2025,60,"Fall",-2.59499990940094
"3",334,"Pearlwise",32860.28125,0,231.389999389648,0,5.82999992370605,-7.30999994277954,352.790008544922,2024,2025,61,"Fall",-0.740000009536745
"3",335,"Pearlwise",32784.8515625,0,222.320007324219,0,7.57000017166138,-4.76000022888184,429.079986572266,2024,2025,62,"Fall",1.40499997138977
"3",336,"Pearlwise",32712.7890625,0,210.410003662109,0,9.02999973297119,-2.3199999332428,515.210021972656,2024,2025,63,"Fall",3.3549998998642
"3",337,"Pearlwise",32644.150390625,0,205.339996337891,0,9,-2.09999990463257,523.330017089844,2024,2025,64,"Fall",3.45000004768371
"3",338,"Pearlwise",32578.98046875,0,205.800003051758,0,9.34000015258789,-2.11999988555908,522.590026855469,2024,2025,65,"Fall",3.6100001335144
"3",339,"Pearlwise",32517.3203125,0,209.740005493164,0,10.8000001907349,-1.27999997138977,556.200012207031,2024,2025,66,"Fall",4.76000010967257
"3",340,"Pearlwise",32459.220703125,0,201.759994506836,0,9.71000003814697,-1.54999995231628,545.130004882812,2024,2025,67,"Fall",4.08000004291535
"3",341,"Pearlwise",32404.73046875,0,206.330001831055,0,10.0699996948242,-1.82000005245209,534.640014648438,2024,2025,68,"Fall",4.12499982118606
"3",342,"Pearlwise",32353.880859375,0,191.220001220703,0,10.5600004196167,0.230000004172325,621.150024414062,2024,2025,69,"Fall",5.39500021189451
"3",343,"Pearlwise",32306.69921875,0,190.220001220703,0,6.01999998092651,-3.86999988555908,458.760009765625,2024,2025,70,"Fall",1.07500004768372
"3",344,"Pearlwise",32263.25,0,189.309997558594,0,2.96000003814697,-6.69999980926514,369.890014648438,2024,2025,71,"Fall",-1.86999988555909
"3",345,"Pearlwise",32223.55078125,0,216.190002441406,0,5.59999990463257,-7.36999988555908,351.190002441406,2024,2025,72,"Fall",-0.884999990463255
"3",346,"Pearlwise",32187.619140625,0,168.690002441406,0,4.94000005722046,-3.35999989509583,476.480010986328,2024,2025,73,"Fall",0.790000081062315
"3",347,"Pearlwise",32155.509765625,3.34999990463257,112.98999786377,0,4.86999988555908,-2.24000000953674,518.200012207031,2024,2025,74,"Fall",1.31499993801117
"3",348,"Pearlwise",32127.23046875,3.02999997138977,108.879997253418,0,3.23000001907349,-3.48000001907349,472.519989013672,2024,2025,75,"Fall",-0.125
"3",349,"Pearlwise",32102.80078125,11.2600002288818,94.9199981689453,0,4.07999992370605,-1.62000000476837,542.489990234375,2024,2025,76,"Fall",1.22999995946884
"3",350,"Pearlwise",32082.25,0.870000004768372,159.460006713867,0,2.04999995231628,-5.53000020980835,404.540008544922,2024,2025,77,"Fall",-1.74000012874603
"3",351,"Pearlwise",32065.58984375,8.27000045776367,72.870002746582,0,3.08999991416931,-1.11000001430511,563.280029296875,2024,2025,78,"Fall",0.9899999499321
"3",352,"Pearlwise",32052.830078125,0,122.169998168945,0,6.6399998664856,1.21000003814697,666.570007324219,2024,2025,79,"Fall",3.92499995231629
"3",353,"Pearlwise",32043.98046875,0,194.429992675781,0,11.9200000762939,1.14999997615814,663.599975585938,2024,2025,80,"Fall",6.53500002622602
"3",354,"Pearlwise",32039.060546875,0,192.949996948242,0,11,0.409999996423721,629.340026855469,2024,2025,81,"Fall",5.70499999821186
"3",355,"Pearlwise",32038.060546875,0,158.699996948242,0,11.1400003433228,3.30999994277954,774.400024414062,2024,2025,82,"Fall",7.22500014305117
"3",356,"Pearlwise",32040.990234375,0,161.149993896484,0,9.17000007629395,1.19000005722046,665.809997558594,2024,2025,83,"Fall",5.18000006675721
"3",357,"Pearlwise",32047.83984375,0,155.550003051758,0,9.02000045776367,1.44000005722046,677.909973144531,2024,2025,84,"Fall",5.23000025749207
"3",358,"Pearlwise",32058.609375,1.48000001907349,152.270004272461,0,9.51000022888184,2.15000009536743,713.070007324219,2024,2025,85,"Fall",5.83000016212463
"3",359,"Pearlwise",32073.279296875,11.1099996566772,140.220001220703,0,7.84000015258789,-1.91999995708466,530.650024414062,2024,2025,86,"Fall",2.96000009775161
"3",360,"Pearlwise",32091.859375,2.42000007629395,105.459999084473,0,2.13000011444092,-4.25,445.709991455078,2024,2025,87,"Fall",-1.05999994277954
"3",361,"Pearlwise",32114.3203125,3.73000001907349,90.1800003051758,0,5.21999979019165,-0.140000000596046,604.590026855469,2024,2025,88,"Fall",2.5399998947978
"3",362,"Pearlwise",32140.640625,17.4699993133545,111.819999694824,0,7.1399998664856,0.230000004172325,621.070007324219,2024,2025,89,"Fall",3.68499993532896
"3",363,"Pearlwise",32170.810546875,11.5900001525879,89.1699981689453,0,6.73999977111816,1.58000004291534,684.440002441406,2024,2025,90,"Fall",4.15999990701675
"3",364,"Pearlwise",32204.80078125,6.42999982833862,133.419998168945,0,7.03999996185303,-1.37000000476837,552.330017089844,2024,2025,91,"Fall",2.83499997854233
"3",365,"Pearlwise",32242.580078125,0,158.470001220703,0,1.82000005245209,-5.05999994277954,419.489990234375,2024,2025,92,"Win",-1.61999994516373
"4",1,"Peavine",33341.859375,0,226.529998779297,0,6.8600001335144,-4.59999990463257,434.369995117188,2024,2024,93,"Win",1.13000011444091
"4",2,"Peavine",33382.3515625,0,195.679992675781,0,4.25,-4.40000009536743,440.670013427734,2024,2024,94,"Win",-0.0750000476837149
"4",3,"Peavine",33426.1484375,0,133.429992675781,0,2.77999997138977,-2.45000004768372,510.149993896484,2024,2024,95,"Win",0.164999961853025
"4",4,"Peavine",33473.23828125,0,218.460006713867,0,5.48000001907349,-4.82999992370605,426.760009765625,2024,2024,96,"Win",0.32500004768372
"4",5,"Peavine",33523.578125,0,222.929992675781,0,4.98000001907349,-5.63000011444092,401.660003662109,2024,2024,97,"Win",-0.325000047683715
"4",6,"Peavine",33577.12109375,6.44999980926514,193.100006103516,6.44999980926514,2.16000008583069,-8.52999973297119,320.859985351562,2024,2024,98,"Win",-3.18499982357025
"4",7,"Peavine",33633.83984375,0,268.350006103516,6.44999980926514,0.560000002384186,-11.4499998092651,254.669998168945,2024,2024,99,"Win",-5.44499990344046
"4",8,"Peavine",33693.69921875,0,264.790008544922,6.44999980926514,1.16999995708466,-10.3500003814697,278.059997558594,2024,2024,100,"Win",-4.59000021219252
"4",9,"Peavine",33756.6484375,0,252.259994506836,5.8600001335144,5.92999982833862,-4.59999990463257,434.140014648438,2024,2024,101,"Win",0.664999961853025
"4",10,"Peavine",33822.66015625,12.9700002670288,153.149993896484,5.6100001335144,1.82000005245209,-5.40999984741211,408.429992675781,2024,2024,102,"Win",-1.79499989748001
"4",11,"Peavine",33891.671875,0,283.190002441406,5.6100001335144,0.0799999982118607,-12.8999996185303,226.649993896484,2024,2024,103,"Win",-6.40999981015922
"4",12,"Peavine",33963.640625,0,244.580001831055,5.6100001335144,3.21000003814697,-6.32999992370605,380.619995117188,2024,2024,104,"Win",-1.55999994277954
"4",13,"Peavine",34038.53125,0,173.679992675781,3.30999994277954,5.42999982833862,-0.52999997138977,587.559997558594,2024,2024,105,"Win",2.44999992847443
"4",14,"Peavine",34116.28125,0,238.050003051758,1.28999996185303,7.98999977111816,-1.19000005722046,559.780029296875,2024,2024,106,"Win",3.39999985694885
"4",15,"Peavine",34196.8515625,0,276.980010986328,0.239999994635582,8.63000011444092,-3.49000000953674,472.019989013672,2024,2024,107,"Win",2.57000005245209
"4",16,"Peavine",34280.19140625,2.80999994277954,186.25,0,7.63000011444092,-3.63000011444092,467,2024,2024,108,"Win",2
"4",17,"Peavine",34366.23828125,0,202.009994506836,0,7.17000007629395,-0.9200000166893,571.030029296875,2024,2024,109,"Win",3.12500002980233
"4",18,"Peavine",34454.9609375,0,242.509994506836,0,9.27999973297119,-1.6599999666214,540.72998046875,2024,2024,110,"Win",3.8099998831749
"4",19,"Peavine",34546.28125,0,220.75,0,9.76000022888184,0.5799999833107,637.059997558594,2024,2024,111,"Win",5.17000010609627
"4",20,"Peavine",34640.171875,0.509999990463257,174.380004882812,0,7.59999990463257,1.10000002384186,661.549987792969,2024,2024,112,"Win",4.34999996423721
"4",21,"Peavine",34736.55078125,0,172.059997558594,0,7.78999996185303,1.46000003814697,678.47998046875,2024,2024,113,"Win",4.625
"4",22,"Peavine",34835.37890625,1.5900000333786,128.660003662109,0,6.07999992370605,1.62000000476837,686.599975585938,2024,2024,114,"Win",3.84999996423721
"4",23,"Peavine",34936.609375,0,226.210006713867,0,7.44000005722046,-1.50999999046326,546.820007324219,2024,2024,115,"Win",2.9650000333786
"4",24,"Peavine",35040.171875,0,205.580001831055,0,8.27999973297119,0.550000011920929,635.690002441406,2024,2024,116,"Win",4.41499987244606
"4",25,"Peavine",35146.01953125,0,226.979995727539,0,7.51000022888184,-1.25999999046326,557.059997558594,2024,2024,117,"Win",3.12500011920929
"4",26,"Peavine",35254.08984375,0,250.710006713867,0,8.27999973297119,-1.94000005722046,529.820007324219,2024,2024,118,"Win",3.16999983787536
"4",27,"Peavine",35364.33984375,0,249.300003051758,0,12.6499996185303,2.40000009536743,725.690002441406,2024,2024,119,"Win",7.52499985694886
"4",28,"Peavine",35476.69921875,0,278.709991455078,0,16.8700008392334,3.66000008583069,793.77001953125,2024,2024,120,"Win",10.265000462532
"4",29,"Peavine",35591.12109375,0,294.369995117188,0,16.1900005340576,1.25999999046326,668.489990234375,2024,2024,121,"Win",8.72500026226043
"4",30,"Peavine",35707.5390625,0,275.440002441406,0,13.6199998855591,1.69000005722046,690.210021972656,2024,2024,122,"Win",7.65499997138978
"4",31,"Peavine",35825.921875,2.41000008583069,156.779998779297,0,11.7799997329712,4.53999996185303,844.47998046875,2024,2024,123,"Win",8.15999984741211
"4",32,"Peavine",35946.19140625,0,231.520004272461,0,7.51999998092651,-0.610000014305115,584.330017089844,2024,2024,124,"Win",3.4549999833107
"4",33,"Peavine",36068.30078125,0,246.619995117188,0,5.46000003814697,-3.34999990463257,476.850006103516,2024,2024,125,"Win",1.0550000667572
"4",34,"Peavine",36192.19921875,6.92999982833862,225.490005493164,6.92999982833862,3.63000011444092,-6.07999992370605,387.989990234375,2024,2024,126,"Win",-1.22499990463257
"4",35,"Peavine",36317.83984375,24.5799999237061,146.470001220703,5.84000015258789,1.87999999523163,-3.42000007629395,474.420013427734,2024,2024,127,"Win",-0.77000004053116
"4",36,"Peavine",36445.16015625,0,242.490005493164,4.26000022888184,4.65999984741211,-2.24000000953674,518.080017089844,2024,2024,128,"Win",1.20999991893769
"4",37,"Peavine",36574.1015625,0,228.080001831055,2.88000011444092,3.48000001907349,-2.70000004768372,500.579986572266,2024,2024,129,"Win",0.389999985694885
"4",38,"Peavine",36704.62890625,1.4099999666214,245.809997558594,2.11999988555908,2.40000009536743,-4.19999980926514,447.420013427734,2024,2024,130,"Win",-0.899999856948855
"4",39,"Peavine",36836.6796875,0,345.850006103516,2.11999988555908,4.23999977111816,-7.23999977111816,354.910003662109,2024,2024,131,"Win",-1.5
"4",40,"Peavine",36970.19921875,0,298.119995117188,2.02999997138977,2.74000000953674,-5.76999998092651,397.399993896484,2024,2024,132,"Win",-1.51499998569489
"4",41,"Peavine",37105.16015625,0,350.470001220703,2.02999997138977,3.09999990463257,-8.14999961853027,330.690002441406,2024,2024,133,"Win",-2.52499985694885
"4",42,"Peavine",37241.48828125,0,385.709991455078,2.02999997138977,7.55999994277954,-7.69000005722046,342.739990234375,2024,2024,134,"Win",-0.0650000572204599
"4",43,"Peavine",37379.16015625,0,385.820007324219,1.82000005245209,9.85000038146973,-5.51000022888184,405.269989013672,2024,2024,135,"Win",2.17000007629394
"4",44,"Peavine",37518.1015625,0,329.660003662109,0.360000014305115,7.53999996185303,-2.52999997138977,506.980010986328,2024,2024,136,"Win",2.50499999523163
"4",45,"Peavine",37658.28125,4.96999979019165,193.300003051758,0,5.82999992370605,-1.86000001430511,533.059997558594,2024,2024,137,"Win",1.98499995470047
"4",46,"Peavine",37799.66015625,0,239.119995117188,0,6.40999984741211,-0.479999989271164,589.530029296875,2024,2024,138,"Win",2.96499992907047
"4",47,"Peavine",37942.1796875,0,266.070007324219,0,7.15999984741211,-0.730000019073486,579.099975585938,2024,2024,139,"Win",3.21499991416931
"4",48,"Peavine",38085.80078125,5.59000015258789,177.190002441406,0,6.86999988555908,0.389999985694885,628.140014648438,2024,2024,140,"Win",3.62999993562698
"4",49,"Peavine",38230.48046875,13.4399995803833,246.089996337891,0,11.2600002288818,0.5,633.119995117188,2024,2024,141,"Win",5.8800001144409
"4",50,"Peavine",38376.171875,3.52999997138977,170.630004882812,0,6.5,0.430000007152557,630.169982910156,2024,2024,142,"Win",3.46500000357628
"4",51,"Peavine",38522.83984375,1.25999999046326,301.089996337891,0,8.15999984741211,-0.850000023841858,573.820007324219,2024,2024,143,"Win",3.65499991178513
"4",52,"Peavine",38670.44921875,0,330.209991455078,0,7.71000003814697,-2.86999988555908,494.470001220703,2024,2024,144,"Win",2.42000007629395
"4",53,"Peavine",38818.94140625,0,379.700012207031,0,9.17000007629395,-5.90999984741211,392.950012207031,2024,2024,145,"Win",1.63000011444092
"4",54,"Peavine",38968.30078125,0,367.119995117188,0,9.30000019073486,-4.11999988555908,450.230010986328,2024,2024,146,"Win",2.59000015258789
"4",55,"Peavine",39118.4609375,0,387.089996337891,0,13.0200004577637,-3.20000004768372,482.269989013672,2024,2024,147,"Win",4.91000020503999
"4",56,"Peavine",39269.41015625,0,373.029998779297,0,13.3500003814697,-0.8299999833107,574.869995117188,2024,2024,148,"Win",6.2600001990795
"4",57,"Peavine",39421.1015625,0,226.179992675781,0,7.67000007629395,1.50999999046326,681.349975585938,2024,2024,149,"Win",4.5900000333786
"4",58,"Peavine",39573.5,0,372.320007324219,0,8.64999961853027,-4.21999979019165,446.920013427734,2024,2024,150,"Win",2.21499991416931
"4",59,"Peavine",39726.55859375,0,402.029998779297,0,13.039999961853,-3.30999994277954,478.380004882812,2024,2024,151,"Win",4.86500000953673
"4",60,"Peavine",39880.26171875,7.15000009536743,166.440002441406,0,6.73000001907349,1.01999998092651,657.700012207031,2024,2024,152,"Win",3.875
"4",61,"Peavine",40034.5703125,27.7299995422363,72.9100036621094,0,1.28999996185303,-0.850000023841858,574.109985351562,2024,2024,153,"Win",0.219999969005586
"4",62,"Peavine",40189.44140625,16.8600006103516,206.759994506836,16.8600006103516,-1.03999996185303,-7.03000020980835,360.630004882812,2024,2024,154,"Win",-4.03500008583069
"4",63,"Peavine",40344.8515625,2.05999994277954,220.449996948242,18.9200000762939,-0.52999997138977,-6.88000011444092,364.839996337891,2024,2024,155,"Win",-3.70500004291534
"4",64,"Peavine",40500.76171875,0,360.5,18.9200000762939,2.26999998092651,-6.05000019073486,388.869995117188,2024,2024,156,"Win",-1.89000010490417
"4",65,"Peavine",40657.1484375,0,328,16.8899993896484,6.21999979019165,-1.17999994754791,560.22998046875,2024,2024,157,"Win",2.51999992132187
"4",66,"Peavine",40813.96875,0,409.630004882812,15.0799999237061,8.75,-1.69000005722046,539.760009765625,2024,2024,158,"Win",3.52999997138977
"4",67,"Peavine",40971.2109375,0,380.029998779297,14.1700000762939,5.19999980926514,-3.82999992370605,460.010009765625,2024,2024,159,"Win",0.684999942779545
"4",68,"Peavine",41128.828125,0,468.279998779297,14.1700000762939,7.69000005722046,-6.07000017166138,388.369995117188,2024,2024,160,"Win",0.80999994277954
"4",69,"Peavine",41286.80859375,0,439.420013427734,12.9300003051758,8.71000003814697,-3.03999996185303,488.070007324219,2024,2024,161,"Win",2.83500003814697
"4",70,"Peavine",41445.1015625,0,350.140014648438,9.81999969482422,9.52999973297119,1.38999998569489,675.210021972656,2024,2024,162,"Win",5.45999985933304
"4",71,"Peavine",41603.69921875,0,388.170013427734,7.23999977111816,9.4399995803833,0.150000005960464,617.320007324219,2024,2024,163,"Win",4.79499979317188
"4",72,"Peavine",41762.55078125,0,374.149993896484,4.80999994277954,8.3100004196167,-0.200000002980232,601.669982910156,2024,2024,164,"Win",4.05500020831823
"4",73,"Peavine",41921.6484375,0,398.480010986328,3.44000005722046,6.26000022888184,-2.74000000953674,499.179992675781,2024,2024,165,"Win",1.76000010967255
"4",74,"Peavine",42080.9609375,0,449.429992675781,2.96000003814697,6.07999992370605,-4.86999988555908,425.429992675781,2024,2024,166,"Win",0.605000019073485
"4",75,"Peavine",42240.4609375,0,467.769989013672,1.53999996185303,9.52000045776367,-2.60999989509583,504.100006103516,2024,2024,167,"Win",3.45500028133392
"4",76,"Peavine",42400.109375,0,505.179992675781,0.0700000002980232,12.8999996185303,-2.49000000953674,508.420013427734,2024,2024,168,"Win",5.20499980449678
"4",77,"Peavine",42559.8984375,0,450.089996337891,0,14.1400003433228,-0.839999973773956,574.419982910156,2024,2024,169,"Win",6.65000018477442
"4",78,"Peavine",42719.7890625,0,451.709991455078,0,16.5200004577637,1,656.349975585938,2024,2024,170,"Win",8.76000022888185
"4",79,"Peavine",42879.76171875,0,465.579986572266,0,18.4500007629395,1.04999995231628,656.760009765625,2024,2024,171,"Win",9.75000035762789
"4",80,"Peavine",43039.78125,0,423.369995117188,0,15.8100004196167,2.61999988555908,737.530029296875,2024,2024,172,"Win",9.21500015258789
"4",81,"Peavine",43199.828125,0,417.309997558594,0,14.8500003814697,2.1800000667572,714.489990234375,2024,2024,173,"Win",8.51500022411345
"4",82,"Peavine",43359.87109375,5.8600001335144,302.700012207031,0,13.7799997329712,2.13000011444092,711.97998046875,2024,2024,174,"Win",7.95499992370606
"4",83,"Peavine",43519.890625,0,332.079986572266,0,5.57999992370605,-2.6800000667572,501.429992675781,2024,2024,175,"Win",1.44999992847443
"4",84,"Peavine",43679.859375,1.5,400.549987792969,0,8.31999969482422,-2.42000007629395,511.390014648438,2024,2024,176,"Win",2.94999980926513
"4",85,"Peavine",43839.75,0,421.049987792969,0,7.94999980926514,-3.45000004768372,473.489990234375,2024,2024,177,"Win",2.24999988079071
"4",86,"Peavine",43999.5390625,0,425.720001220703,0,10.4300003051758,-1.14999997615814,561.669982910156,2024,2024,178,"Win",4.64000016450883
"4",87,"Peavine",44159.19140625,6.57999992370605,308.309997558594,0,11.0900001525879,0.189999997615814,619.070007324219,2024,2024,179,"Win",5.64000007510186
"4",88,"Peavine",44318.69140625,0,354.470001220703,0,5.80999994277954,-2.60999989509583,503.910003662109,2024,2024,180,"Win",1.60000002384186
"4",89,"Peavine",44478,15.3100004196167,244.570007324219,0,5.09999990463257,-2.20000004768372,519.559997558594,2024,2024,181,"Win",1.44999992847443
"4",90,"Peavine",44637.1015625,14.8699998855591,193.720001220703,0,3.95000004768372,-1.55999994277954,544.630004882812,2024,2024,182,"Win",1.19500005245209
"4",91,"Peavine",44795.9609375,5.26999998092651,283.600006103516,0,6.96999979019165,-1.99000000953674,527.950012207031,2024,2024,183,"Win",2.48999989032746
"4",92,"Peavine",44954.55078125,0,488.640014648438,0,10.9300003051758,-3.80999994277954,460.940002441406,2024,2024,184,"Win",3.56000018119813
"4",93,"Peavine",45112.8515625,0,507.549987792969,0,18.6100006103516,0.680000007152557,634.169982910156,2024,2024,185,"Spr",9.64500030875208
"4",94,"Peavine",45270.8203125,0.889999985694885,455.489990234375,0,15.9899997711182,2.6800000667572,740.330017089844,2024,2024,186,"Spr",9.3349999189377
"4",95,"Peavine",45428.44140625,0,371.190002441406,0,4.84000015258789,-4.25,445.869995117188,2024,2024,187,"Spr",0.295000076293945
"4",96,"Peavine",45585.6796875,2,289.859985351562,2,1.89999997615814,-6.25,382.809997558594,2024,2024,188,"Spr",-2.17500001192093
"4",97,"Peavine",45742.51171875,0,513.190002441406,1.99000000953674,6.67999982833862,-5.98000001907349,391.019989013672,2024,2024,189,"Spr",0.349999904632565
"4",98,"Peavine",45898.8984375,0,505.649993896484,1.69000005722046,6.90999984741211,-5.28000020980835,412.489990234375,2024,2024,190,"Spr",0.81499981880188
"4",99,"Peavine",46054.80859375,0,534.070007324219,0.620000004768372,10.2600002288818,-3.46000003814697,473.140014648438,2024,2024,191,"Spr",3.40000009536742
"4",100,"Peavine",46210.21875,0,530.280029296875,0,17.6499996185303,-1.38999998569489,533.650024414062,2024,2024,192,"Spr",8.1299998164177
"4",101,"Peavine",46365.08984375,0,514.530029296875,0,20,2.30999994277954,671.989990234375,2024,2024,193,"Spr",11.1549999713898
"4",102,"Peavine",46519.3984375,0,501.230010986328,0,20.8600006103516,4.07000017166138,762.700012207031,2024,2024,194,"Spr",12.4650003910065
"4",103,"Peavine",46673.1015625,0,454.290008544922,0,18.6100006103516,5.03000020980835,852.960021972656,2024,2024,195,"Spr",11.82000041008
"4",104,"Peavine",46826.171875,0,485.329986572266,0,15.1700000762939,0.180000007152557,606.049987792969,2024,2024,196,"Spr",7.67500004172323
"4",105,"Peavine",46978.5703125,0,351.910003662109,0,8.17000007629395,-0.699999988079071,580.150024414062,2024,2024,197,"Spr",3.73500004410744
"4",106,"Peavine",47130.26171875,0,459.179992675781,0,13.6000003814697,0.52999997138977,634.429992675781,2024,2024,198,"Spr",7.06500017642974
"4",107,"Peavine",47281.2109375,0,526.260009765625,0,17.8899993896484,0.150000005960464,571.090026855469,2024,2024,199,"Spr",9.01999969780443
"4",108,"Peavine",47431.37890625,0,483.649993896484,0,17.2600002288818,2.75,709.880004882812,2024,2024,200,"Spr",10.0050001144409
"4",109,"Peavine",47580.73046875,0,519.039978027344,0,17.5,0.790000021457672,600.869995117188,2024,2024,201,"Spr",9.14500001072884
"4",110,"Peavine",47729.23046875,0,490.190002441406,0,19.9400005340576,4.92000007629395,805.960021972656,2024,2024,202,"Spr",12.4300003051758
"4",111,"Peavine",47876.83984375,0,500.200012207031,0,20.9200000762939,5.19000005722046,807.510009765625,2024,2024,203,"Spr",13.0550000667572
"4",112,"Peavine",48023.51171875,0,523.330017089844,0,22.2199993133545,4.57000017166138,752.630004882812,2024,2024,204,"Spr",13.3949997425079
"4",113,"Peavine",48169.2109375,0,515.570007324219,0,22.2399997711182,5,776.289978027344,2024,2024,205,"Spr",13.6199998855591
"4",114,"Peavine",48313.890625,3.95000004768372,296.839996337891,0,17.3600006103516,6.48999977111816,966.690002441406,2024,2024,206,"Spr",11.9250001907349
"4",115,"Peavine",48457.51171875,0,443.929992675781,0,15.8999996185303,3.3199999332428,764.039978027344,2024,2024,207,"Spr",9.60999977588655
"4",116,"Peavine",48600.03125,2.0699999332428,285.040008544922,0,13.039999961853,3.0699999332428,761.080017089844,2024,2024,208,"Spr",8.0549999475479
"4",117,"Peavine",48741.41015625,1.08000004291534,337.359985351562,0,9.78999996185303,1.35000002384186,673.289978027344,2024,2024,209,"Spr",5.56999999284744
"4",118,"Peavine",48881.58984375,0,509.320007324219,0,14.3100004196167,-1.28999996185303,533.440002441406,2024,2024,210,"Spr",6.51000022888183
"4",119,"Peavine",49020.5390625,0,498.230010986328,0,16.8799991607666,1.50999999046326,644.549987792969,2024,2024,211,"Spr",9.19499957561493
"4",120,"Peavine",49158.2109375,0,470.790008544922,0,15.8999996185303,1.8400000333786,676.460021972656,2024,2024,212,"Spr",8.86999982595445
"4",121,"Peavine",49294.5390625,0,524.570007324219,0,16.8500003814697,-0.540000021457672,545.260009765625,2024,2024,213,"Spr",8.15500018000601
"4",122,"Peavine",49429.5,0,514.989990234375,0,14.3199996948242,-2.20000004768372,493.260009765625,2024,2024,214,"Spr",6.05999982357024
"4",123,"Peavine",49563.03125,0,522.539978027344,0,17.9899997711182,0.75,589.25,2024,2024,215,"Spr",9.3699998855591
"4",124,"Peavine",49695.08984375,0,480.950012207031,0,18.3400001525879,3.48000001907349,734.940002441406,2024,2024,216,"Spr",10.9100000858307
"4",125,"Peavine",49825.609375,7.92999982833862,292.040008544922,0,11.5600004196167,0.839999973773956,649.210021972656,2024,2024,217,"Spr",6.20000019669533
"4",126,"Peavine",49954.55859375,0,359.130004882812,0,6.57000017166138,-2.95000004768372,491.600006103516,2024,2024,218,"Spr",1.81000006198883
"4",127,"Peavine",50081.890625,0,484.440002441406,0,13.3000001907349,-1.28999996185303,509.720001220703,2024,2024,219,"Spr",6.00500011444094
"4",128,"Peavine",50207.51953125,0,445.239990234375,0,13.2299995422363,0.389999985694885,593.72998046875,2024,2024,220,"Spr",6.80999976396559
"4",129,"Peavine",50331.4296875,0,453.649993896484,0,11.5200004577637,-1.51999998092651,518.880004882812,2024,2024,221,"Spr",5.0000002384186
"4",130,"Peavine",50453.55078125,0,494.559997558594,0,16.5799999237061,1.52999997138977,596.630004882812,2024,2024,222,"Spr",9.05499994754794
"4",131,"Peavine",50573.8203125,0,484.079986572266,0,19.4099998474121,4.78000020980835,738.320007324219,2024,2024,223,"Spr",12.0950000286102
"4",132,"Peavine",50692.19921875,0,528.030029296875,0,21.7600002288818,4.48999977111816,680.27001953125,2024,2024,224,"Spr",13.125
"4",133,"Peavine",50808.62890625,0,511.920013427734,0,24.6100006103516,7.92999982833862,856.090026855469,2024,2024,225,"Spr",16.2700002193451
"4",134,"Peavine",50923.05859375,0,515.880004882812,0,24.8500003814697,7.90999984741211,848.900024414062,2024,2024,226,"Spr",16.3800001144409
"4",135,"Peavine",51035.421875,0,527.159973144531,0,25.3400001525879,7.3899998664856,806.02001953125,2024,2024,227,"Spr",16.3650000095368
"4",136,"Peavine",51145.671875,0,505.380004882812,0,24.3299999237061,7.80000019073486,837.080017089844,2024,2024,228,"Spr",16.0650000572205
"4",137,"Peavine",51253.75,0,539.260009765625,0,26.3400001525879,7.40999984741211,773.340026855469,2024,2024,229,"Spr",16.875
"4",138,"Peavine",51359.6015625,0,494.309997558594,0,25.5100002288818,9.43000030517578,935.239990234375,2024,2024,230,"Spr",17.4700002670288
"4",139,"Peavine",51463.171875,0,525.780029296875,0,25.1000003814697,7.30999994277954,765.849975585938,2024,2024,231,"Spr",16.2050001621246
"4",140,"Peavine",51564.3984375,0,438.579986572266,0,20.1900005340576,7.28999996185303,828.539978027344,2024,2024,232,"Spr",13.7400002479553
"4",141,"Peavine",51663.23828125,0,440.049987792969,0,15.0799999237061,2.52999997138977,612.789978027344,2024,2024,233,"Spr",8.80499994754794
"4",142,"Peavine",51759.62890625,0,516.640014648438,0,18.2299995422363,2.10999989509583,523.640014648438,2024,2024,234,"Spr",10.1699997186661
"4",143,"Peavine",51853.51171875,0,473.209991455078,0,19.9699993133545,5.94999980926514,707.669982910156,2024,2024,235,"Spr",12.9599995613098
"4",144,"Peavine",51944.8515625,0,463.640014648438,0,17.6700000762939,4.15000009536743,645.77001953125,2024,2024,236,"Spr",10.9100000858307
"4",145,"Peavine",52033.5703125,0,475.459991455078,0,19.0400009155273,4.90000009536743,661.210021972656,2024,2024,237,"Spr",11.9700005054474
"4",146,"Peavine",52119.62890625,0,434.839996337891,0,18.1499996185303,5.67000007629395,737.840026855469,2024,2024,238,"Spr",11.9099998474121
"4",147,"Peavine",52202.96875,0,553.710021972656,0,22.75,3.57999992370605,525.489990234375,2024,2024,239,"Spr",13.164999961853
"4",148,"Peavine",52283.55078125,0,531.02001953125,0,25.7900009155273,7.78999996185303,701.969970703125,2024,2024,240,"Spr",16.7900004386902
"4",149,"Peavine",52361.30859375,0,484.700012207031,0,24.8700008392334,9.48999977111816,844.169982910156,2024,2024,241,"Spr",17.1800003051758
"4",150,"Peavine",52436.19921875,0,470.380004882812,0,21.7299995422363,7.28000020980835,760.719970703125,2024,2024,242,"Spr",14.5049998760223
"4",151,"Peavine",52508.1796875,0,532.890014648438,0,23.2900009155273,5.55000019073486,585.159973144531,2024,2024,243,"Spr",14.4200005531311
"4",152,"Peavine",52577.19921875,0,535.409973144531,0,25.3600006103516,7.61999988555908,503.959991455078,2024,2024,244,"Spr",16.4900002479553
"4",153,"Peavine",52643.2109375,0,481.149993896484,0,25.0100002288818,10.460000038147,535.340026855469,2024,2024,245,"Spr",17.7350001335144
"4",154,"Peavine",52706.16015625,0,473.230010986328,0,24.5,10.3800001144409,526.369995117188,2024,2024,246,"Spr",17.4400000572205
"4",155,"Peavine",52766.03125,0,254.800003051758,0,18.5699996948242,11.710000038147,1055.09997558594,2024,2024,247,"Spr",15.1399998664856
"4",156,"Peavine",52822.76171875,0,560.510009765625,0,27.4500007629395,8.19999980926514,394.320007324219,2024,2024,248,"Spr",17.8250002861023
"4",157,"Peavine",52876.30859375,0,542.679992675781,0,31.4500007629395,12.9799995422363,554.090026855469,2024,2024,249,"Spr",22.2150001525879
"4",158,"Peavine",52926.6484375,0,499.070007324219,0,31.5100002288818,15.4499998092651,657.659973144531,2024,2024,250,"Spr",23.4800000190735
"4",159,"Peavine",52973.75,0,527.580017089844,0,30.9899997711182,13.3199996948242,567.530029296875,2024,2024,251,"Spr",22.1549997329712
"4",160,"Peavine",53017.55859375,0,510.549987792969,0,28.6800003051758,12.1099996566772,521.47998046875,2024,2024,252,"Spr",20.3949999809265
"4",161,"Peavine",53058.05859375,0,501.760009765625,0,28,11.8900003433228,513.309997558594,2024,2024,253,"Spr",19.9450001716614
"4",162,"Peavine",53095.21875,0,532.409973144531,0,29.2999992370605,11.3999996185303,496.100006103516,2024,2024,254,"Spr",20.3499994277954
"4",163,"Peavine",53129,0,528.200012207031,0,31.7199993133545,13.8299999237061,587.940002441406,2024,2024,255,"Spr",22.7749996185303
"4",164,"Peavine",53159.3984375,0,529.679992675781,0,31.8600006103516,13.8400001525879,588.239990234375,2024,2024,256,"Spr",22.8500003814698
"4",165,"Peavine",53186.37109375,0,515.419982910156,0,30.7900009155273,13.7399997711182,584.260009765625,2024,2024,257,"Spr",22.2650003433228
"4",166,"Peavine",53209.91015625,0,479.989990234375,0,26.7000007629395,11.6999998092651,539.969970703125,2024,2024,258,"Spr",19.2000002861023
"4",167,"Peavine",53230,0,506.570007324219,0,25.5200004577637,9.42000007629395,438.649993896484,2024,2024,259,"Spr",17.4700002670288
"4",168,"Peavine",53246.609375,0,536.590026855469,0,23.8500003814697,6.13000011444092,338.880004882812,2024,2024,260,"Spr",14.9900002479553
"4",169,"Peavine",53259.73828125,0,407.220001220703,0,16.5100002288818,4.94000005722046,479.920013427734,2024,2024,261,"Spr",10.7250001430511
"4",170,"Peavine",53269.37890625,0,548.669982910156,0,21.1800003051758,2.85999989509583,270.769989013672,2024,2024,262,"Spr",12.0200001001358
"4",171,"Peavine",53275.53125,0,552.289978027344,0,24.9400005340576,5.96000003814697,334.690002441406,2024,2024,263,"Spr",15.4500002861023
"4",172,"Peavine",53278.16015625,0,533.710021972656,0,27.0799999237061,9.13000011444092,421.700012207031,2024,2024,264,"Spr",18.1050000190735
"4",173,"Peavine",53277.2890625,0,538.260009765625,0,30.3099994659424,11.6400003433228,504.429992675781,2024,2024,265,"Spr",20.9749999046326
"4",174,"Peavine",53272.921875,0,531.159973144531,0,32.5800018310547,14,594.849975585938,2024,2024,266,"Spr",23.2900009155274
"4",175,"Peavine",53265.0390625,0,476.140014648438,0,30.2600002288818,14.8999996185303,633.27001953125,2024,2024,267,"Spr",22.579999923706
"4",176,"Peavine",53253.671875,0,487.609985351562,0,29.9300003051758,13.9399995803833,592.679992675781,2024,2024,268,"Spr",21.9349999427795
"4",177,"Peavine",53238.80859375,0,454.670013427734,0,30.4599990844727,16.0599994659424,685.440002441406,2024,2024,269,"Spr",23.2599992752075
"4",178,"Peavine",53220.46875,0,389.75,0,27.5300006866455,15.9300003051758,679.650024414062,2024,2024,270,"Spr",21.7300004959107
"4",179,"Peavine",53198.6796875,0,456.890014648438,0,27.0400009155273,12.9700002670288,554.02001953125,2024,2024,271,"Spr",20.005000591278
"4",180,"Peavine",53173.4296875,0,563.840026855469,0,29.4200000762939,8.77999973297119,411.25,2024,2024,272,"Spr",19.0999999046325
"4",181,"Peavine",53144.76171875,0,491.799987792969,0,28.6399993896484,12.7200002670288,544.340026855469,2024,2024,273,"Spr",20.6799998283386
"4",182,"Peavine",53112.6796875,0,471.959991455078,0,27.0900001525879,12.3100004196167,528.780029296875,2024,2024,274,"Spr",19.7000002861023
"4",183,"Peavine",53077.21875,0,525.72998046875,0,28.6599998474121,10.8299999237061,476.209991455078,2024,2024,275,"Spr",19.7449998855591
"4",184,"Peavine",53038.3984375,0,533.299987792969,0,31.0900001525879,12.4099998474121,532.659973144531,2024,2024,276,"Sum",21.75
"4",185,"Peavine",52996.26171875,0,528.349975585938,0,31.4599990844727,12.710000038147,544.039978027344,2024,2024,277,"Sum",22.0849995613098
"4",186,"Peavine",52950.80859375,0,537.940002441406,0,33.5,13.8500003814697,588.989990234375,2024,2024,278,"Sum",23.6750001907348
"4",187,"Peavine",52902.109375,0,533.890014648438,0,35.2099990844727,15.5799999237061,663.460021972656,2024,2024,279,"Sum",25.3949995040894
"4",188,"Peavine",52850.171875,0,536.419982910156,0,35.810001373291,15.789999961853,673.02001953125,2024,2024,280,"Sum",25.800000667572
"4",189,"Peavine",52795.0390625,0,513.890014648438,0,36.5800018310547,17.9300003051758,778.119995117188,2024,2024,281,"Sum",27.2550010681152
"4",190,"Peavine",52736.75,0,509.220001220703,0,35.4599990844727,17.1700000762939,738.989990234375,2024,2024,282,"Sum",26.3149995803833
"4",191,"Peavine",52675.3515625,0,500.220001220703,0,34.7700004577637,17.0400009155273,732.869995117188,2024,2024,283,"Sum",25.9050006866455
"4",192,"Peavine",52610.87109375,0,526.070007324219,0,35.0299987792969,15.5900001525879,663.869995117188,2024,2024,284,"Sum",25.3099994659424
"4",193,"Peavine",52543.359375,0,518.429992675781,0,35.5900001525879,16.5400009155273,708.260009765625,2024,2024,285,"Sum",26.0650005340576
"4",194,"Peavine",52472.87109375,0,505.670013427734,0,36.1800003051758,17.8299999237061,772.659973144531,2024,2024,286,"Sum",27.005000114441
"4",195,"Peavine",52399.44140625,0,464.570007324219,0,34.2400016784668,18.3600006103516,800.789978027344,2024,2024,287,"Sum",26.3000011444092
"4",196,"Peavine",52323.12109375,2.51999998092651,249.190002441406,0,25.9799995422363,15.9300003051758,679.340026855469,2024,2024,288,"Sum",20.954999923706
"4",197,"Peavine",52243.9609375,0,522.960021972656,0,31.4500007629395,12.5699996948242,538.460021972656,2024,2024,289,"Sum",22.0100002288819
"4",198,"Peavine",52162.01171875,0,485.390014648438,0,30.6100006103516,14.0200004577637,595.719970703125,2024,2024,290,"Sum",22.3150005340577
"4",199,"Peavine",52077.30859375,0,474.549987792969,0,30.7600002288818,14.5799999237061,619.409973144531,2024,2024,291,"Sum",22.670000076294
"4",200,"Peavine",51989.921875,0,522.380004882812,0,33.439998626709,14.1599998474121,601.77001953125,2024,2024,292,"Sum",23.7999992370606
"4",201,"Peavine",51899.8984375,0,506.140014648438,0,33.6199989318848,15.3599996566772,653.530029296875,2024,2024,293,"Sum",24.489999294281
"4",202,"Peavine",51807.30078125,0,504.529998779297,0,35.1100006103516,16.7399997711182,718.059997558594,2024,2024,294,"Sum",25.9250001907349
"4",203,"Peavine",51712.16015625,0,485.309997558594,0,34.8300018310547,17.6200008392334,762.099975585938,2024,2024,295,"Sum",26.225001335144
"4",204,"Peavine",51614.55078125,0,474.739990234375,0,33.7999992370605,17.2999992370605,745.559997558594,2024,2024,296,"Sum",25.5499992370605
"4",205,"Peavine",51514.51953125,0,475.380004882812,0,33.9000015258789,17.2900009155273,745.260009765625,2024,2024,297,"Sum",25.5950012207031
"4",206,"Peavine",51412.12109375,0,436.609985351562,0,32.7299995422363,18.1200008392334,788.010009765625,2024,2024,298,"Sum",25.4250001907348
"4",207,"Peavine",51307.421875,0,410.760009765625,0,30.6800003051758,17.3400001525879,747.640014648438,2024,2024,299,"Sum",24.0100002288819
"4",208,"Peavine",51200.4609375,0,488.970001220703,0,31.0400009155273,13.7799997329712,585.929992675781,2024,2024,300,"Sum",22.4100003242492
"4",209,"Peavine",51091.30078125,0,401.149993896484,0,25.25,12.4799995422363,535.210021972656,2024,2024,301,"Sum",18.8649997711181
"4",210,"Peavine",50979.98828125,0,489,0,27.2000007629395,10.2799997329712,458.029998779297,2024,2024,302,"Sum",18.7400002479554
"4",211,"Peavine",50866.6015625,0,471.440002441406,0,27.6800003051758,11.6400003433228,504.320007324219,2024,2024,303,"Sum",19.6600003242493
"4",212,"Peavine",50751.171875,0,495.100006103516,0,29.4500007629395,11.8400001525879,511.529998779297,2024,2024,304,"Sum",20.6450004577637
"4",213,"Peavine",50633.76953125,0,515.070007324219,0,32.5400009155273,13.2799997329712,565.950012207031,2024,2024,305,"Sum",22.9100003242492
"4",214,"Peavine",50514.44140625,0,498.040008544922,0,34.0900001525879,15.7399997711182,670.570007324219,2024,2024,306,"Sum",24.914999961853
"4",215,"Peavine",50393.25,0,490.200012207031,0,33.9799995422363,16.1000003814697,687.309997558594,2024,2024,307,"Sum",25.039999961853
"4",216,"Peavine",50270.23828125,1.91999995708466,376.279998779297,0,28.6000003814697,16.6200008392334,712.190002441406,2024,2024,308,"Sum",22.6100006103515
"4",217,"Peavine",50145.46875,0,500.290008544922,0,31.5300006866455,13.3900003433228,570.409973144531,2024,2024,309,"Sum",22.4600005149842
"4",218,"Peavine",50018.98828125,0,457.179992675781,0,32.060001373291,16.3700008392334,700.260009765625,2024,2024,310,"Sum",24.2150011062622
"4",219,"Peavine",49890.8515625,0,461.329986572266,0,32.7000007629395,16.7700004577637,719.280029296875,2024,2024,311,"Sum",24.7350006103516
"4",220,"Peavine",49761.12109375,0,454.600006103516,0,32.8600006103516,17.2700004577637,744.309997558594,2024,2024,312,"Sum",25.0650005340576
"4",221,"Peavine",49629.828125,0,433.260009765625,0,31.5200004577637,17.1100006103516,736.02001953125,2024,2024,313,"Sum",24.3150005340577
"4",222,"Peavine",49497.03125,0,478.489990234375,0,32.2099990844727,15.4300003051758,656.599975585938,2024,2024,314,"Sum",23.8199996948243
"4",223,"Peavine",49362.7890625,0,487.079986572266,0,31.8099994659424,14.5600004196167,618.320007324219,2024,2024,315,"Sum",23.1849999427795
"4",224,"Peavine",49227.140625,0,496.799987792969,0,30.75,12.9300003051758,552.219970703125,2024,2024,316,"Sum",21.8400001525879
"4",225,"Peavine",49090.140625,0,468.399993896484,0,28.4699993133545,12.4499998092651,533.950012207031,2024,2024,317,"Sum",20.4599995613098
"4",226,"Peavine",48951.828125,0,471.359985351562,0,26.7700004577637,10.460000038147,464.089996337891,2024,2024,318,"Sum",18.6150002479554
"4",227,"Peavine",48812.26953125,0,478.480010986328,0,26.9099998474121,10.1800003051758,454.850006103516,2024,2024,319,"Sum",18.545000076294
"4",228,"Peavine",48671.48046875,0,468.760009765625,0,27.0100002288818,10.7700004577637,474.260009765625,2024,2024,320,"Sum",18.8900003433228
"4",229,"Peavine",48529.5390625,0,493.790008544922,0,28.0200004577637,10.0500001907349,450.440002441406,2024,2024,321,"Sum",19.0350003242493
"4",230,"Peavine",48386.4609375,0,458.5,0,26.0300006866455,10.3100004196167,459.160003662109,2024,2024,322,"Sum",18.1700005531311
"4",231,"Peavine",48242.30859375,0,484.690002441406,0,26.6900005340576,9.34000015258789,428.200012207031,2024,2024,323,"Sum",18.0150003433227
"4",232,"Peavine",48097.12109375,0,456.290008544922,0,26.0100002288818,10.3599996566772,460.519989013672,2024,2024,324,"Sum",18.1849999427795
"4",233,"Peavine",47950.9296875,0,451.540008544922,0,27.3400001525879,11.8299999237061,511.25,2024,2024,325,"Sum",19.585000038147
"4",234,"Peavine",47803.7890625,0,477.940002441406,0,26.8500003814697,9.73999977111816,440.589996337891,2024,2024,326,"Sum",18.2950000762939
"4",235,"Peavine",47655.73828125,0,427.670013427734,0,25.2900009155273,11,482.140014648438,2024,2024,327,"Sum",18.1450004577637
"4",236,"Peavine",47506.80859375,0,266.730010986328,0,16.9300003051758,9.10999965667725,421.040008544922,2024,2024,328,"Sum",13.0199999809265
"4",237,"Peavine",47357.05078125,3.42000007629395,169.470001220703,0,10.2299995422363,3.77999997138977,388.970001220703,2024,2024,329,"Sum",7.00499975681304
"4",238,"Peavine",47206.48828125,0,488.829986572266,0,19.4799995422363,2.10999989509583,250.539993286133,2024,2024,330,"Sum",10.7949997186661
"4",239,"Peavine",47055.171875,0,497.380004882812,0,24.4099998474121,5.78999996185303,330.549987792969,2024,2024,331,"Sum",15.0999999046326
"4",240,"Peavine",46903.12109375,0,507.309997558594,0,29.2800006866455,9.13000011444092,421.760009765625,2024,2024,332,"Sum",19.2050004005432
"4",241,"Peavine",46750.390625,0,480.190002441406,0,29.7000007629395,11.5,499.390014648438,2024,2024,333,"Sum",20.6000003814697
"4",242,"Peavine",46597,0,475.940002441406,0,29.6200008392334,11.5600004196167,501.649993896484,2024,2024,334,"Sum",20.590000629425
"4",243,"Peavine",46443,0,481.390014648438,0,30.8600006103516,12.1400003433228,522.590026855469,2024,2024,335,"Sum",21.5000004768372
"4",244,"Peavine",46288.3984375,0,471.220001220703,0,31.25,13.1099996566772,559.119995117188,2024,2024,336,"Sum",22.1799998283386
"4",245,"Peavine",46133.26171875,0,452.149993896484,0,30.4899997711182,13.6300001144409,579.989990234375,2024,2024,337,"Sum",22.0599999427795
"4",246,"Peavine",45977.6015625,0,389.25,0,28.2000007629395,14.789999961853,628.22998046875,2024,2024,338,"Sum",21.4950003623963
"4",247,"Peavine",45821.44921875,0,472.089996337891,0,28.3700008392334,9.93000030517578,446.700012207031,2024,2024,339,"Sum",19.1500005722046
"4",248,"Peavine",45664.83984375,0,460.119995117188,0,28.4799995422363,10.6899995803833,471.760009765625,2024,2024,340,"Sum",19.5849995613098
"4",249,"Peavine",45507.80078125,0,464.109985351562,0,31.3700008392334,12.7799997329712,546.549987792969,2024,2024,341,"Sum",22.0750002861023
"4",250,"Peavine",45350.37109375,0,444.359985351562,0,31.0499992370605,13.6999998092651,582.840026855469,2024,2024,342,"Sum",22.3749995231628
"4",251,"Peavine",45192.5703125,0,446.049987792969,0,30.5300006866455,12.8699998855591,549.97998046875,2024,2024,343,"Sum",21.7000002861023
"4",252,"Peavine",45034.4296875,0,434.799987792969,0,29.1900005340576,12.25,526.719970703125,2024,2024,344,"Sum",20.7200002670288
"4",253,"Peavine",44875.98046875,0,442.079986572266,0,28.75,11.1899995803833,488.820007324219,2024,2024,345,"Sum",19.9699997901917
"4",254,"Peavine",44717.25,0,434.420013427734,0,27.5799999237061,10.4899997711182,465.029998779297,2024,2024,346,"Sum",19.0349998474122
"4",255,"Peavine",44558.26953125,0,396.820007324219,0,22.4300003051758,7.84999990463257,384.290008544922,2024,2024,347,"Sum",15.1400001049042
"4",256,"Peavine",44399.05859375,0,400.220001220703,0,20.0100002288818,5.26000022888184,317.670013427734,2024,2024,348,"Sum",12.6350002288818
"4",257,"Peavine",44239.66015625,0,432.980010986328,0,24.0300006866455,6.84999990463257,357.290008544922,2024,2024,349,"Sum",15.440000295639
"4",258,"Peavine",44080.078125,0,443.179992675781,0,26.9200000762939,8.47999954223633,402.5,2024,2024,350,"Sum",17.6999998092651
"4",259,"Peavine",43920.359375,0,375.899993896484,0,22.2999992370605,8.4399995803833,401.170013427734,2024,2024,351,"Sum",15.3699994087219
"4",260,"Peavine",43760.51953125,1.27999997138977,310.589996337891,0,15.8100004196167,5.21000003814697,316.450012207031,2024,2024,352,"Sum",10.5100002288818
"4",261,"Peavine",43600.58984375,0,216.839996337891,0,13.9300003051758,6.96999979019165,360.459991455078,2024,2024,353,"Sum",10.4500000476837
"4",262,"Peavine",43440.58984375,1.51999998092651,346.010009765625,0,17.3899993896484,5.28999996185303,318.459991455078,2024,2024,354,"Sum",11.3399996757507
"4",263,"Peavine",43280.55078125,0,363.630004882812,0,18.7800006866455,5.73999977111816,329.160003662109,2024,2024,355,"Sum",12.2600002288818
"4",264,"Peavine",43120.5,0,417.660003662109,0,22.75,6.11999988555908,338.609985351562,2024,2024,356,"Sum",14.4349999427795
"4",265,"Peavine",42960.4609375,0,399.299987792969,0,23.3500003814697,7.73000001907349,381.089996337891,2024,2024,357,"Sum",15.5400002002716
"4",266,"Peavine",42800.4609375,0,415.279998779297,0,24.2800006866455,6.98000001907349,360.720001220703,2024,2024,358,"Sum",15.6300003528595
"4",267,"Peavine",42640.53125,0,401.950012207031,0,25.2999992370605,8.43000030517578,401.049987792969,2024,2024,359,"Sum",16.8649997711181
"4",268,"Peavine",42480.69140625,0,421.720001220703,0,28.1100006103516,9.09000015258789,420.489990234375,2024,2024,360,"Sum",18.6000003814697
"4",269,"Peavine",42320.96875,0,379.739990234375,0,26.9699993133545,11.1999998092651,488.929992675781,2024,2024,361,"Sum",19.0849995613098
"4",270,"Peavine",42161.390625,0,390.299987792969,0,26.6900005340576,10.1000003814697,452.190002441406,2024,2024,362,"Sum",18.3950004577637
"4",271,"Peavine",42001.98046875,0,411.589996337891,0,27.9400005340576,9.21000003814697,424.190002441406,2024,2024,363,"Sum",18.5750002861023
"4",272,"Peavine",41842.76953125,0,419.260009765625,0,29.7000007629395,9.64000034332275,437.480010986328,2024,2024,364,"Sum",19.6700005531311
"4",273,"Peavine",41683.7890625,0,378.320007324219,0,27.6000003814697,11.1800003051758,488.339996337891,2024,2024,365,"Sum",19.3900003433228
"4",274,"Peavine",41525.05859375,0,366.869995117188,0,24.2299995422363,8.72999954223633,409.779998779297,2024,2025,1,"Fall",16.4799995422363
"4",275,"Peavine",41366.609375,0,419.079986572266,0,29.7199993133545,8.53999996185303,404.059997558594,2024,2025,2,"Fall",19.1299996376038
"4",276,"Peavine",41208.46875,0,390.470001220703,0,30.3600006103516,11.7399997711182,508.109985351562,2024,2025,3,"Fall",21.0500001907349
"4",277,"Peavine",41050.671875,0,388.679992675781,0,28.75,10.1499996185303,453.869995117188,2024,2025,4,"Fall",19.4499998092652
"4",278,"Peavine",40893.23046875,0,307.220001220703,0,26.0699996948242,13.3599996566772,569.280029296875,2024,2025,5,"Fall",19.7149996757507
"4",279,"Peavine",40736.19140625,0,355.019989013672,0,26.9599990844727,11.0699996948242,484.380004882812,2024,2025,6,"Fall",19.0149993896484
"4",280,"Peavine",40579.578125,0,354.920013427734,0,26.5799999237061,10.5200004577637,465.929992675781,2024,2025,7,"Fall",18.5500001907349
"4",281,"Peavine",40423.4296875,0,354.010009765625,0,25.9200000762939,9.80000019073486,442.480010986328,2024,2025,8,"Fall",17.8600001335144
"4",282,"Peavine",40267.76171875,0,368.839996337891,0,26.7399997711182,9.01000022888184,418.170013427734,2024,2025,9,"Fall",17.875
"4",283,"Peavine",40112.609375,0,364.589996337891,0,26.0799999237061,8.5,402.880004882812,2024,2025,10,"Fall",17.289999961853
"4",284,"Peavine",39958.01953125,0,335.049987792969,0,25.2199993133545,9.9399995803833,447.049987792969,2024,2025,11,"Fall",17.5799994468689
"4",285,"Peavine",39804.01171875,0,358.220001220703,0,25.0599994659424,7.53999996185303,375.950012207031,2024,2025,12,"Fall",16.2999997138977
"4",286,"Peavine",39650.62109375,0,296.209991455078,0,21.5300006866455,8.63000011444092,406.880004882812,2024,2025,13,"Fall",15.0800004005432
"4",287,"Peavine",39497.87890625,0,342.380004882812,0,20.4599990844727,4.15999984741211,292.690002441406,2024,2025,14,"Fall",12.3099994659424
"4",288,"Peavine",39345.828125,0,351.589996337891,0,23.0599994659424,5.51000022888184,323.570007324219,2024,2025,15,"Fall",14.2849998474121
"4",289,"Peavine",39194.5,0,348.489990234375,0,24.4500007629395,6.69000005722046,353.109985351562,2024,2025,16,"Fall",15.57000041008
"4",290,"Peavine",39043.94140625,6.75,148.889999389648,0,13.8999996185303,5.69000005722046,566.549987792969,2024,2025,17,"Fall",9.79499983787538
"4",291,"Peavine",38894.171875,1.72000002861023,255.600006103516,0,10.25,-0.810000002384186,219.289993286133,2024,2025,18,"Fall",4.71999999880791
"4",292,"Peavine",38745.23828125,0,267.230010986328,0,8.59000015258789,-3.23000001907349,184.119995117188,2024,2025,19,"Fall",2.6800000667572
"4",293,"Peavine",38597.1796875,0,307.799987792969,0,14.4799995422363,-0.379999995231628,206.860000610352,2024,2025,20,"Fall",7.04999977350234
"4",294,"Peavine",38450.03125,0,327.690002441406,0,18.5799999237061,1.58000004291534,240.600006103516,2024,2025,21,"Fall",10.0799999833107
"4",295,"Peavine",38303.83984375,0,253.940002441406,0,18,6.40999984741211,345.920013427734,2024,2025,22,"Fall",12.2049999237061
"4",296,"Peavine",38158.640625,0,299.220001220703,0,19.8500003814697,4.96999979019165,310.920013427734,2024,2025,23,"Fall",12.4100000858307
"4",297,"Peavine",38014.48046875,0,329.320007324219,0,20.9099998474121,2.78999996185303,263.839996337891,2024,2025,24,"Fall",11.8499999046326
"4",298,"Peavine",37871.3984375,0,281.720001220703,0,13.6599998474121,0.0299999993294477,213.539993286133,2024,2025,25,"Fall",6.84499992337077
"4",299,"Peavine",37729.44140625,0,309.880004882812,0,17.4400005340576,1.07000005245209,231.289993286133,2024,2025,26,"Fall",9.25500029325485
"4",300,"Peavine",37588.6484375,0,319.609985351562,0,20.6900005340576,2.75,263.179992675781,2024,2025,27,"Fall",11.7200002670288
"4",301,"Peavine",37449.078125,0,200.639999389648,0,17.2900009155273,8.14999961853027,490.450012207031,2024,2025,28,"Fall",12.7200002670288
"4",302,"Peavine",37310.76171875,0,183.039993286133,0,8.85000038146973,0.850000023841858,385.059997558594,2024,2025,29,"Fall",4.85000020265579
"4",303,"Peavine",37173.75,0,217.210006713867,0,8.09000015258789,-1.62999999523163,280.890014648438,2024,2025,30,"Fall",3.23000007867813
"4",304,"Peavine",37038.1015625,0,275.910003662109,0,9.01000022888184,-4.59000015258789,168.759994506836,2024,2025,31,"Fall",2.21000003814697
"4",305,"Peavine",36903.83984375,0,174.070007324219,0,8.06999969482422,0.620000004768372,404.589996337891,2024,2025,32,"Fall",4.3449998497963
"4",306,"Peavine",36771.0390625,0.800000011920929,272.179992675781,0,10.6899995803833,-2.50999999046326,191.119995117188,2024,2025,33,"Fall",4.08999979496002
"4",307,"Peavine",36639.73828125,0,192,0,9.03999996185303,0.800000011920929,372.359985351562,2024,2025,34,"Fall",4.91999998688698
"4",308,"Peavine",36509.98828125,0,224.679992675781,0,8.19999980926514,-1.82000005245209,272.040008544922,2024,2025,35,"Fall",3.18999987840653
"4",309,"Peavine",36381.8515625,0,300.470001220703,0,12.8199996948242,-3.57999992370605,160.550003051758,2024,2025,36,"Fall",4.61999988555907
"4",310,"Peavine",36255.359375,0,223.580001831055,0,9.40999984741211,-0.6700000166893,290.220001220703,2024,2025,37,"Fall",4.3699999153614
"4",311,"Peavine",36130.5703125,0,223.520004272461,0,6.09000015258789,-3.95000004768372,249.949996948242,2024,2025,38,"Fall",1.07000005245208
"4",312,"Peavine",36007.55078125,0,294.130004882812,0,11.6300001144409,-4.53000020980835,149.039993286133,2024,2025,39,"Fall",3.54999995231628
"4",313,"Peavine",35886.3515625,0,289.239990234375,0,13.3100004196167,-2.53999996185303,174.490005493164,2024,2025,40,"Fall",5.38500022888183
"4",314,"Peavine",35767.01171875,0,297.959991455078,0,16.3700008392334,-1.37000000476837,191.369995117188,2024,2025,41,"Fall",7.50000041723251
"4",315,"Peavine",35649.58984375,0,262.290008544922,0,16.7800006866455,3.20000004768372,272.279998779297,2024,2025,42,"Fall",9.99000036716461
"4",316,"Peavine",35534.1484375,3.47000002861023,159.789993286133,0,10.460000038147,0.639999985694885,430.239990234375,2024,2025,43,"Fall",5.55000001192094
"4",317,"Peavine",35420.75,0,216.740005493164,0,7.69000005722046,-2.35999989509583,283.320007324219,2024,2025,44,"Fall",2.66500008106232
"4",318,"Peavine",35309.4296875,0,251.110000610352,0,11.4099998474121,-1.24000000953674,240.440002441406,2024,2025,45,"Fall",5.08499991893768
"4",319,"Peavine",35200.25,2.44000005722046,137.080001831055,0,8.27000045776367,0.310000002384186,483.140014648438,2024,2025,46,"Fall",4.29000023007393
"4",320,"Peavine",35093.28125,0,118.5,0,1.49000000953674,-3.35999989509583,450.959991455078,2024,2025,47,"Fall",-0.934999942779545
"4",321,"Peavine",34988.55859375,0,247.699996948242,0,4.71000003814697,-7.78000020980835,198.669998168945,2024,2025,48,"Fall",-1.53500008583069
"4",322,"Peavine",34886.140625,0,265.640014648438,0,10.5600004196167,-4.26000022888184,207.970001220703,2024,2025,49,"Fall",3.15000009536743
"4",323,"Peavine",34786.1015625,0,211.669998168945,0,5.07000017166138,-4.8899998664856,278.359985351562,2024,2025,50,"Fall",0.0900001525878897
"4",324,"Peavine",34688.46875,0,263.420013427734,0,6.21999979019165,-8.5,173.119995117188,2024,2025,51,"Fall",-1.14000010490417
"4",325,"Peavine",34593.3203125,0,154.130004882812,0,8.26000022888184,1.48000001907349,517.760009765625,2024,2025,52,"Fall",4.87000012397766
"4",326,"Peavine",34500.69921875,0,161.949996948242,0,11.1800003051758,4.01000022888184,575.219970703125,2024,2025,53,"Fall",7.59500026702882
"4",327,"Peavine",34410.66015625,8.67000007629395,128.110000610352,0,12,4.51000022888184,682.419982910156,2024,2025,54,"Fall",8.25500011444092
"4",328,"Peavine",34323.25,0,153.419998168945,0,5.51999998092651,-0.939999997615814,510.170013427734,2024,2025,55,"Fall",2.28999999165535
"4",329,"Peavine",34238.5390625,0,215.029998779297,0,4.96999979019165,-4.94999980926514,323.850006103516,2024,2025,56,"Fall",0.00999999046325506
"4",330,"Peavine",34156.5703125,2.20000004768372,158.740005493164,0,4.84000015258789,-4.55000019073486,392.519989013672,2024,2025,57,"Fall",0.144999980926515
"4",331,"Peavine",34077.390625,0,204.080001831055,0,4.51999998092651,-4.6399998664856,360.309997558594,2024,2025,58,"Fall",-0.059999942779545
"4",332,"Peavine",34001.05078125,0,202.800003051758,0,2.69000005722046,-6.46000003814697,324.700012207031,2024,2025,59,"Fall",-1.88499999046326
"4",333,"Peavine",33927.6015625,0,241.470001220703,0,5.63000011444092,-7.1100001335144,269.660003662109,2024,2025,60,"Fall",-0.74000000953674
"4",334,"Peavine",33857.08984375,0,253.679992675781,0,8.47999954223633,-6.26999998092651,265.510009765625,2024,2025,61,"Fall",1.10499978065491
"4",335,"Peavine",33789.55859375,0,251.339996337891,0,9,-5.96000003814697,271.619995117188,2024,2025,62,"Fall",1.51999998092652
"4",336,"Peavine",33725.0703125,0,225.539993286133,0,5.73000001907349,-6,305.589996337891,2024,2025,63,"Fall",-0.134999990463255
"4",337,"Peavine",33663.640625,0,217.559997558594,0,7.65000009536743,-3.60999989509583,361.709991455078,2024,2025,64,"Fall",2.0200001001358
"4",338,"Peavine",33605.33984375,0,240.460006713867,0,9.8100004196167,-4.36999988555908,311.630004882812,2024,2025,65,"Fall",2.72000026702881
"4",339,"Peavine",33550.1796875,0,235.039993286133,0,10.3800001144409,-3.15000009536743,343.089996337891,2024,2025,66,"Fall",3.61500000953674
"4",340,"Peavine",33498.21875,0,234.009994506836,0,11.4499998092651,-2.25999999046326,361.760009765625,2024,2025,67,"Fall",4.59499990940092
"4",341,"Peavine",33449.48828125,0,235.389999389648,0,10.6300001144409,-3.51999998092651,333.589996337891,2024,2025,68,"Fall",3.5550000667572
"4",342,"Peavine",33404.03125,0,244.339996337891,0,12.6400003433228,-3.25,321.899993896484,2024,2025,69,"Fall",4.6950001716614
"4",343,"Peavine",33361.859375,0,228.800003051758,0,10.5699996948242,-2.84999990463257,357.510009765625,2024,2025,70,"Fall",3.85999989509581
"4",344,"Peavine",33323.01953125,0,221.259994506836,0,4.67000007629395,-7.53999996185303,282.350006103516,2024,2025,71,"Fall",-1.43499994277954
"4",345,"Peavine",33287.5390625,0,247.110000610352,0,8.35000038146973,-8.13000011444092,239.410003662109,2024,2025,72,"Fall",0.110000133514405
"4",346,"Peavine",33255.44140625,0,234.669998168945,0,9.0600004196167,-5.48000001907349,297.890014648438,2024,2025,73,"Fall",1.7900002002716
"4",347,"Peavine",33226.75,0,144.830001831055,0,5.32000017166138,-1.52999997138977,525.809997558594,2024,2025,74,"Fall",1.8950001001358
"4",348,"Peavine",33201.48046875,0,167.179992675781,0,6.34000015258789,-1.77999997138977,482.850006103516,2024,2025,75,"Fall",2.28000009059906
"4",349,"Peavine",33179.66015625,11.4700002670288,90.3099975585938,0,2.55999994277954,-2.77999997138977,497.609985351562,2024,2025,76,"Fall",-0.110000014305115
"4",350,"Peavine",33161.30078125,0,209.610000610352,0,4.46000003814697,-7.07000017166138,350.570007324219,2024,2025,77,"Fall",-1.3050000667572
"4",351,"Peavine",33146.421875,5.17999982833862,124.290000915527,0,5.88000011444092,-2.05999994277954,525.239990234375,2024,2025,78,"Fall",1.91000008583069
"4",352,"Peavine",33135.01953125,0,202.740005493164,0,9.82999992370605,-1.12999999523163,540.570007324219,2024,2025,79,"Fall",4.34999996423721
"4",353,"Peavine",33127.12109375,0,223.199996948242,0,12.1599998474121,-1.25,498.709991455078,2024,2025,80,"Fall",5.45499992370605
"4",354,"Peavine",33122.71875,0,228.529998779297,0,12.5500001907349,-1.62000000476837,478.869995117188,2024,2025,81,"Fall",5.46500009298327
"4",355,"Peavine",33121.828125,0,199.080001831055,0,10.960000038147,0.0700000002980232,579.52001953125,2024,2025,82,"Fall",5.51500001922251
"4",356,"Peavine",33124.44921875,4.01000022888184,108.870002746582,0,10.1199998855591,3.16000008583069,765.919982910156,2024,2025,83,"Fall",6.6399999856949
"4",357,"Peavine",33130.55859375,1.27999997138977,134.279998779297,0,10.5299997329712,4.07999992370605,817.75,2024,2025,84,"Fall",7.30499982833862
"4",358,"Peavine",33140.1796875,0,159.610000610352,0,10.8800001144409,2.90000009536743,752.049987792969,2024,2025,85,"Fall",6.89000010490417
"4",359,"Peavine",33153.2890625,2.08999991416931,145.330001831055,0,8.09000015258789,-1.9099999666214,530.789978027344,2024,2025,86,"Fall",3.09000009298325
"4",360,"Peavine",33169.87890625,0,190.259994506836,0,5.03999996185303,-4.80999994277954,427.429992675781,2024,2025,87,"Fall",0.115000009536745
"4",361,"Peavine",33189.94921875,0,120.75,0,7.21999979019165,1.6599999666214,688.409973144531,2024,2025,88,"Fall",4.43999987840653
"4",362,"Peavine",33213.4609375,0,152.669998168945,0,9.92000007629395,2.55999994277954,734.150024414062,2024,2025,89,"Fall",6.24000000953674
"4",363,"Peavine",33240.421875,9.46000003814697,114.849998474121,0,10.6000003814697,3.44000005722046,781.289978027344,2024,2025,90,"Fall",7.02000021934508
"4",364,"Peavine",33270.7890625,12.0600004196167,100.870002746582,0,5.88000011444092,0.0299999993294477,611.840026855469,2024,2025,91,"Fall",2.95500005688518
"4",365,"Peavine",33304.55078125,0,160.860000610352,0,3.32999992370605,-3.76999998092651,462.179992675781,2024,2025,92,"Win",-0.22000002861023
"5",1,"Plymouth",33529.08984375,0,234.839996337891,0,8.56999969482422,-4.59999990463257,434.089996337891,2024,2024,93,"Win",1.98499989509583
"5",2,"Plymouth",33568.73828125,0,229.809997558594,0,7.17000007629395,-5.40000009536743,408.579986572266,2024,2024,94,"Win",0.88499999046326
"5",3,"Plymouth",33611.640625,0,210.119995117188,0,5.48000001907349,-5.40999984741211,408.480010986328,2024,2024,95,"Win",0.0350000858306898
"5",4,"Plymouth",33657.76171875,0,238.270004272461,0,6.76000022888184,-6.36999988555908,379.410003662109,2024,2024,96,"Win",0.19500017166138
"5",5,"Plymouth",33707.05859375,0,239.070007324219,0,8.02999973297119,-5.17999982833862,415.700012207031,2024,2024,97,"Win",1.42499995231628
"5",6,"Plymouth",33759.5,5.94000005722046,200.050003051758,5.94000005722046,6.21000003814697,-6.96999979019165,362.359985351562,2024,2024,98,"Win",-0.37999987602234
"5",7,"Plymouth",33815.05859375,0,298.760009765625,5.94000005722046,-0.270000010728836,-15.8699998855591,177.380004882812,2024,2024,99,"Win",-8.06999994814397
"5",8,"Plymouth",33873.69140625,0,314.600006103516,5.94000005722046,2.30999994277954,-15.4099998474121,184.300003051758,2024,2024,100,"Win",-6.54999995231628
"5",9,"Plymouth",33935.359375,0,304.239990234375,5.94000005722046,8.89999961853027,-7.69999980926514,342.470001220703,2024,2024,101,"Win",0.599999904632565
"5",10,"Plymouth",34000.01171875,15.8800001144409,92.7600021362305,3.64000010490417,4.57000017166138,-0.519999980926514,588.169982910156,2024,2024,102,"Win",2.02500009536743
"5",11,"Plymouth",34067.609375,0,279.230010986328,3.64000010490417,0.409999996423721,-12.7799997329712,228.759994506836,2024,2024,103,"Win",-6.18499986827374
"5",12,"Plymouth",34138.12109375,0,317.130004882812,3.64000010490417,6.92999982833862,-10.5,274.769989013672,2024,2024,104,"Win",-1.78500008583069
"5",13,"Plymouth",34211.48046875,6.69999980926514,181.179992675781,2.25999999046326,8.10000038146973,-2.74000000953674,499.399993896484,2024,2024,105,"Win",2.6800001859665
"5",14,"Plymouth",34287.66015625,0,197.279998779297,0,10.4099998474121,0.870000004768372,650.650024414062,2024,2024,106,"Win",5.63999992609024
"5",15,"Plymouth",34366.6015625,0,248.360000610352,0,10.4399995803833,-2.55999994277954,506,2024,2024,107,"Win",3.93999981880188
"5",16,"Plymouth",34448.25,4.57999992370605,203.929992675781,0,10.9799995422363,-4.42999982833862,439.959991455078,2024,2024,108,"Win",3.27499985694884
"5",17,"Plymouth",34532.5703125,0,231.789993286133,0,9.09000015258789,-2.30999994277954,515.369995117188,2024,2024,109,"Win",3.39000010490418
"5",18,"Plymouth",34619.5,0,228.449996948242,0,10.0200004577637,-1.08000004291534,564.179992675781,2024,2024,110,"Win",4.47000020742418
"5",19,"Plymouth",34708.98828125,0,200.270004272461,0,8.68000030517578,-0.550000011920929,586.799987792969,2024,2024,111,"Win",4.06500014662743
"5",20,"Plymouth",34800.98828125,0,157.440002441406,0,9.60999965667725,2.59999990463257,736.349975585938,2024,2024,112,"Win",6.10499978065491
"5",21,"Plymouth",34895.44921875,1.19000005722046,213.669998168945,0,10.4399995803833,0.52999997138977,634.840026855469,2024,2024,113,"Win",5.48499977588654
"5",22,"Plymouth",34992.30859375,0,162.419998168945,0,8,0.930000007152557,653.299987792969,2024,2024,114,"Win",4.46500000357628
"5",23,"Plymouth",35091.51953125,0,251.990005493164,0,10.6199998855591,-1.54999995231628,545.320007324219,2024,2024,115,"Win",4.53499996662141
"5",24,"Plymouth",35193.03125,0,256.549987792969,0,11.8400001525879,-0.5799999833107,585.429992675781,2024,2024,116,"Win",5.6300000846386
"5",25,"Plymouth",35296.78125,0,201.940002441406,0,10,1.12000000476837,662.390014648438,2024,2024,117,"Win",5.56000000238418
"5",26,"Plymouth",35402.7109375,0,258.390014648438,0,9.9399995803833,-2.20000004768372,519.690002441406,2024,2024,118,"Win",3.86999976634979
"5",27,"Plymouth",35510.78125,0,235.710006713867,0,11.460000038147,0.8299999833107,648.539978027344,2024,2024,119,"Win",6.14500001072885
"5",28,"Plymouth",35620.9296875,0,308.859985351562,0,18.7900009155273,1.25999999046326,668.909973144531,2024,2024,120,"Win",10.0250004529953
"5",29,"Plymouth",35733.1015625,0,315.799987792969,0,17.6299991607666,-0.330000013113022,596.400024414062,2024,2024,121,"Win",8.64999957382679
"5",30,"Plymouth",35847.23828125,0,326.200012207031,0,19.0300006866455,-0.389999985694885,593.570007324219,2024,2024,122,"Win",9.32000035047531
"5",31,"Plymouth",35963.30859375,0.810000002384186,260.510009765625,0,13.3599996566772,1.61000001430511,686.239990234375,2024,2024,123,"Win",7.48499983549115
"5",32,"Plymouth",36081.23046875,0,143.940002441406,0,8.01000022888184,2.44000005722046,727.75,2024,2024,124,"Win",5.22500014305115
"5",33,"Plymouth",36200.96875,0,193.220001220703,0,5.73000001907349,-1.72000002861023,538.419982910156,2024,2024,125,"Win",2.00499999523163
"5",34,"Plymouth",36322.4609375,7.36999988555908,192.979995727539,0,5.1399998664856,-5.30000019073486,411.880004882812,2024,2024,126,"Win",-0.0800001621246298
"5",35,"Plymouth",36445.66015625,22.7600002288818,113.370002746582,0,2.97000002861023,-2.45000004768372,510,2024,2024,127,"Win",0.259999990463255
"5",36,"Plymouth",36570.51953125,0,245.669998168945,0,8.27000045776367,-1.10000002384186,563.419982910156,2024,2024,128,"Win",3.5850002169609
"5",37,"Plymouth",36696.98046875,0,215.080001831055,0,5.8899998664856,-1.76999998092651,536.530029296875,2024,2024,129,"Win",2.05999994277955
"5",38,"Plymouth",36824.98828125,0.870000004768372,234.820007324219,0,4.1100001335144,-4.03000020980835,453.149993896484,2024,2024,130,"Win",0.0399999618530251
"5",39,"Plymouth",36954.51171875,0.699999988079071,258.339996337891,0,3.57999992370605,-5.30000019073486,411.769989013672,2024,2024,131,"Win",-0.860000133514405
"5",40,"Plymouth",37085.48046875,0,234.869995117188,0,3.17000007629395,-4.67000007629395,432.070007324219,2024,2024,132,"Win",-0.75
"5",41,"Plymouth",37217.859375,0,334.299987792969,0,4.55000019073486,-8.5600004196167,320.209991455078,2024,2024,133,"Win",-2.00500011444092
"5",42,"Plymouth",37351.58984375,0,362.959991455078,0,7,-8.76000022888184,315.170013427734,2024,2024,134,"Win",-0.88000011444092
"5",43,"Plymouth",37486.62890625,0,370.570007324219,0,9.72999954223633,-7.09999990463257,358.760009765625,2024,2024,135,"Win",1.31499981880188
"5",44,"Plymouth",37622.94140625,0,358.660003662109,0,10.8999996185303,-4.46000003814697,438.730010986328,2024,2024,136,"Win",3.21999979019167
"5",45,"Plymouth",37760.4609375,7.82999992370605,224.619995117188,0,9.11999988555908,-1.63999998569489,541.460021972656,2024,2024,137,"Win",3.7399999499321
"5",46,"Plymouth",37899.16015625,0,231.949996948242,0,7.96999979019165,0.5799999833107,636.97998046875,2024,2024,138,"Win",4.27499988675117
"5",47,"Plymouth",38038.98828125,0,285.059997558594,0,8.14000034332275,-1.25999999046326,556.989990234375,2024,2024,139,"Win",3.44000017642974
"5",48,"Plymouth",38179.91015625,2.5699999332428,200.679992675781,0,8.39999961853027,-0.170000001788139,603.190002441406,2024,2024,140,"Win",4.11499980837107
"5",49,"Plymouth",38321.87109375,27.75,244.389999389648,0,13.1000003814697,1.5,680.450012207031,2024,2024,141,"Win",7.30000019073485
"5",50,"Plymouth",38464.828125,12.3100004196167,177.110000610352,0,8.21000003814697,0.949999988079071,654.210021972656,2024,2024,142,"Win",4.58000001311302
"5",51,"Plymouth",38608.75,3.53999996185303,224.179992675781,0,9.5600004196167,-0.150000005960464,603.989990234375,2024,2024,143,"Win",4.70500020682812
"5",52,"Plymouth",38753.58984375,0,315.209991455078,0,10.6300001144409,0.219999998807907,620.690002441406,2024,2024,144,"Win",5.4250000566244
"5",53,"Plymouth",38899.3203125,0,379.329986572266,0,10.9799995422363,-3.38000011444092,475.869995117188,2024,2024,145,"Win",3.79999971389769
"5",54,"Plymouth",39045.890625,0,377.470001220703,0,9.94999980926514,-3.97000002861023,455.290008544922,2024,2024,146,"Win",2.98999989032746
"5",55,"Plymouth",39193.26171875,0,415.329986572266,0,14.789999961853,-3.96000003814697,455.679992675781,2024,2024,147,"Win",5.41499996185301
"5",56,"Plymouth",39341.41015625,0,403.440002441406,0,14.6400003433228,-2.1800000667572,520.469970703125,2024,2024,148,"Win",6.2300001382828
"5",57,"Plymouth",39490.28125,0,297.359985351562,0,10.2600002288818,0.800000011920929,646.969970703125,2024,2024,149,"Win",5.53000012040136
"5",58,"Plymouth",39639.859375,0,383.839996337891,0,11.4799995422363,-2.4300000667572,510.829986572266,2024,2024,150,"Win",4.52499973773955
"5",59,"Plymouth",39790.08984375,0,434.329986572266,0,15.7399997711182,-4.23000001907349,446.399993896484,2024,2024,151,"Win",5.75499987602235
"5",60,"Plymouth",39940.94921875,11.7799997329712,284.399993896484,0,11.6800003051758,-1.50999999046326,546.72998046875,2024,2024,152,"Win",5.08500015735627
"5",61,"Plymouth",40092.41015625,23.0400009155273,83.120002746582,0,5.30999994277954,2.48000001907349,729.830017089844,2024,2024,153,"Win",3.89499998092652
"5",62,"Plymouth",40244.4296875,17.3999996185303,153.970001220703,0,2.04999995231628,-3.44000005722046,473.929992675781,2024,2024,154,"Win",-0.69500005245209
"5",63,"Plymouth",40396.98046875,2.92000007629395,187.880004882812,0,2.91000008583069,-3.85999989509583,459.179992675781,2024,2024,155,"Win",-0.47499990463257
"5",64,"Plymouth",40550.03125,0,329.660003662109,0,5.8600001335144,-3.55999994277954,469.700012207031,2024,2024,156,"Win",1.15000009536743
"5",65,"Plymouth",40703.5390625,0,382.660003662109,0,11.0200004577637,-1.16999995708466,560.820007324219,2024,2024,157,"Win",4.92500025033952
"5",66,"Plymouth",40857.48828125,0,377.880004882812,0,11.1899995803833,-0.680000007152557,581.090026855469,2024,2024,158,"Win",5.25499978661537
"5",67,"Plymouth",41011.8515625,0,321.269989013672,0,7.98999977111816,-1.16999995708466,560.659973144531,2024,2024,159,"Win",3.40999990701675
"5",68,"Plymouth",41166.58984375,0,426.600006103516,0,10.4300003051758,-4.34000015258789,442.829986572266,2024,2024,160,"Win",3.04500007629396
"5",69,"Plymouth",41321.671875,0,443.890014648438,0,12.5900001525879,-3.94000005722046,456.339996337891,2024,2024,161,"Win",4.32500004768372
"5",70,"Plymouth",41477.078125,0,389.519989013672,0,13.2799997329712,0.610000014305115,638.190002441406,2024,2024,162,"Win",6.94499987363816
"5",71,"Plymouth",41632.76953125,0,339.809997558594,0,12.6000003814697,2.48000001907349,730.030029296875,2024,2024,163,"Win",7.5400002002716
"5",72,"Plymouth",41788.73046875,0,256.299987792969,0,10.289999961853,3.36999988555908,777.390014648438,2024,2024,164,"Win",6.82999992370604
"5",73,"Plymouth",41944.9296875,0,405.049987792969,0,9.18000030517578,-3.08999991416931,486.510009765625,2024,2024,165,"Win",3.04500019550323
"5",74,"Plymouth",42101.33984375,0,415.309997558594,0,8.46000003814697,-4.07999992370605,451.649993896484,2024,2024,166,"Win",2.19000005722046
"5",75,"Plymouth",42257.9296875,0,454.190002441406,0,12.6700000762939,-2.75999999046326,498.519989013672,2024,2024,167,"Win",4.95500004291532
"5",76,"Plymouth",42414.671875,0,475.769989013672,0,15.8199996948242,-2.3199999332428,515,2024,2024,168,"Win",6.7499998807907
"5",77,"Plymouth",42571.55078125,0,473.420013427734,0,16.6499996185303,-1.37000000476837,552.669982910156,2024,2024,169,"Win",7.63999980688096
"5",78,"Plymouth",42728.53125,0,458.609985351562,0,17.2099990844727,0.5799999833107,636.820007324219,2024,2024,170,"Win",8.8949995338917
"5",79,"Plymouth",42885.578125,0,472.929992675781,0,18.9500007629395,0.6700000166893,641.210021972656,2024,2024,171,"Win",9.8100003898144
"5",80,"Plymouth",43042.69140625,0,450.470001220703,0,16.9500007629395,0.879999995231628,650.989990234375,2024,2024,172,"Win",8.91500037908556
"5",81,"Plymouth",43199.828125,0,437.480010986328,0,16.5699996948242,1.44000005722046,677.539978027344,2024,2024,173,"Win",9.00499987602233
"5",82,"Plymouth",43356.9609375,6.38000011444092,317.600006103516,0,15.4300003051758,1.16999995708466,664.880004882812,2024,2024,174,"Win",8.30000013113023
"5",83,"Plymouth",43514.0703125,2.80999994277954,276.049987792969,0,9.42000007629395,-1.60000002384186,543.369995117188,2024,2024,175,"Win",3.91000002622605
"5",84,"Plymouth",43671.12890625,2.17000007629395,229.210006713867,0,9.02999973297119,0.469999998807907,631.880004882812,2024,2024,176,"Win",4.74999986588955
"5",85,"Plymouth",43828.109375,0,430.200012207031,0,11.4899997711182,-1.87999999523163,532.039978027344,2024,2024,177,"Win",4.80499988794328
"5",86,"Plymouth",43984.98828125,0,419.029998779297,0,12.8299999237061,0.180000007152557,618.669982910156,2024,2024,178,"Win",6.50499996542933
"5",87,"Plymouth",44141.73046875,4.48999977111816,342.630004882812,0,14.7299995422363,-0.360000014305115,595.109985351562,2024,2024,179,"Win",7.18499976396559
"5",88,"Plymouth",44298.3203125,0,341.320007324219,0,9.09000015258789,-0.189999997615814,602.119995117188,2024,2024,180,"Win",4.45000007748604
"5",89,"Plymouth",44454.73046875,8.28999996185303,227.869995117188,0,7.86999988555908,0.0599999986588955,613.530029296875,2024,2024,181,"Win",3.96499994210899
"5",90,"Plymouth",44610.9296875,12.9399995803833,158.410003662109,0,5.07000017166138,0.00999999977648258,611.150024414062,2024,2024,182,"Win",2.54000008571893
"5",91,"Plymouth",44766.890625,4.17999982833862,263.609985351562,0,7.88000011444092,-1.25999999046326,557.159973144531,2024,2024,183,"Win",3.31000006198883
"5",92,"Plymouth",44922.578125,0,470.850006103516,0,12.7799997329712,-1.78999996185303,535.609985351562,2024,2024,184,"Win",5.49499988555909
"5",93,"Plymouth",45077.98828125,0,509.920013427734,0,19.1200008392334,0.469999998807907,631.760009765625,2024,2024,185,"Spr",9.79500041902065
"5",94,"Plymouth",45233.0703125,0,504.950012207031,0,19.9099998474121,1.51999998092651,681.409973144531,2024,2024,186,"Spr",10.7149999141693
"5",95,"Plymouth",45387.80859375,0,227.990005493164,0,8.46000003814697,2.63000011444092,737.929992675781,2024,2024,187,"Spr",5.54500007629395
"5",96,"Plymouth",45542.171875,6.17000007629395,237.910003662109,0,4.23000001907349,-3.91000008583069,457.339996337891,2024,2024,188,"Spr",0.1599999666214
"5",97,"Plymouth",45696.12109375,0,440.899993896484,0,7.73000001907349,-4.90000009536743,424.470001220703,2024,2024,189,"Spr",1.41499996185303
"5",98,"Plymouth",45849.640625,0,462.070007324219,0,8.69999980926514,-4.84999990463257,426.130004882812,2024,2024,190,"Spr",1.92499995231629
"5",99,"Plymouth",46002.69140625,0,497.059997558594,0,12.5,-3.19000005722046,482.779998779297,2024,2024,191,"Spr",4.65499997138977
"5",100,"Plymouth",46155.23828125,0,547.780029296875,0,19.7199993133545,-2.11999988555908,522.75,2024,2024,192,"Spr",8.79999971389771
"5",101,"Plymouth",46307.26171875,0,543.049987792969,0,22.3600006103516,0.479999989271164,607.450012207031,2024,2024,193,"Spr",11.4200002998114
"5",102,"Plymouth",46458.71875,0,520.330017089844,0,22.8500003814697,3.21000003814697,744.010009765625,2024,2024,194,"Spr",13.0300002098083
"5",103,"Plymouth",46609.578125,0,454.910003662109,0,19.0400009155273,4.3899998664856,835.489990234375,2024,2024,195,"Spr",11.7150003910065
"5",104,"Plymouth",46759.8203125,0,440.399993896484,0,16.1399993896484,2.52999997138977,732.760009765625,2024,2024,196,"Spr",9.33499968051908
"5",105,"Plymouth",46909.390625,0,400.720001220703,0,12.4499998092651,0.899999976158142,651.940002441406,2024,2024,197,"Spr",6.67499989271162
"5",106,"Plymouth",47058.26953125,0,480.700012207031,0,15.6599998474121,0.409999996423721,629.349975585938,2024,2024,198,"Spr",8.03499992191791
"5",107,"Plymouth",47206.41015625,0,535.390014648438,0,20.2299995422363,0.610000014305115,605.260009765625,2024,2024,199,"Spr",10.4199997782707
"5",108,"Plymouth",47353.7890625,0,511.070007324219,0,19.9699993133545,2.47000002861023,702.010009765625,2024,2024,200,"Spr",11.2199996709824
"5",109,"Plymouth",47500.359375,0,517.539978027344,0,20.7800006866455,2.80999994277954,711.400024414062,2024,2024,201,"Spr",11.7950003147125
"5",110,"Plymouth",47646.08984375,0,512.080017089844,0,22.2399997711182,4.55000019073486,798.140014648438,2024,2024,202,"Spr",13.3949999809265
"5",111,"Plymouth",47790.9296875,0,524.799987792969,0,22.0599994659424,3.42000007629395,731.390014648438,2024,2024,203,"Spr",12.7399997711182
"5",112,"Plymouth",47934.859375,0,553.400024414062,0,24.7099990844727,2.75,670.960021972656,2024,2024,204,"Spr",13.7299995422363
"5",113,"Plymouth",48077.8203125,0,524.630004882812,0,23.9599990844727,4.71999979019165,788.179992675781,2024,2024,205,"Spr",14.3399994373322
"5",114,"Plymouth",48219.78125,0,470.440002441406,0,22.2900009155273,6.6100001335144,941.02001953125,2024,2024,206,"Spr",14.4500005245209
"5",115,"Plymouth",48360.69921875,0,435.070007324219,0,18.7099990844727,5.13000011444092,879.669982910156,2024,2024,207,"Spr",11.9199995994568
"5",116,"Plymouth",48500.53125,0.759999990463257,467.570007324219,0,15.9300003051758,1.08000004291534,660.530029296875,2024,2024,208,"Spr",8.50500017404557
"5",117,"Plymouth",48639.23046875,3.72000002861023,280.570007324219,0,13.4899997711182,2.71000003814697,741.989990234375,2024,2024,209,"Spr",8.09999990463258
"5",118,"Plymouth",48776.76171875,0,485.929992675781,0,15.8100004196167,0.0799999982118607,614.299987792969,2024,2024,210,"Spr",7.94500020891428
"5",119,"Plymouth",48913.0703125,0,508.769989013672,0,18.9099998474121,1.35000002384186,650.109985351562,2024,2024,211,"Spr",10.129999935627
"5",120,"Plymouth",49048.12109375,0,524.690002441406,0,19.7299995422363,0.629999995231628,607.820007324219,2024,2024,212,"Spr",10.179999768734
"5",121,"Plymouth",49181.8515625,0,543.440002441406,0,19.4300003051758,-1.38999998569489,519.77001953125,2024,2024,213,"Spr",9.02000015974046
"5",122,"Plymouth",49314.23046875,0,498.880004882812,0,17.0699996948242,-0.370000004768372,583.650024414062,2024,2024,214,"Spr",8.34999984502791
"5",123,"Plymouth",49445.2109375,0,510.290008544922,0,19.3400001525879,1.05999994277954,631.380004882812,2024,2024,215,"Spr",10.2000000476837
"5",124,"Plymouth",49574.71875,0,503.920013427734,0,20.75,2.77999997138977,708.97998046875,2024,2024,216,"Spr",11.7649999856949
"5",125,"Plymouth",49702.73828125,5.15000009536743,288.529998779297,0,14.5799999237061,2.53999996185303,732.950012207031,2024,2024,217,"Spr",8.55999994277957
"5",126,"Plymouth",49829.19921875,0,466.790008544922,0,13.6400003433228,-1.9099999666214,518.369995117188,2024,2024,218,"Spr",5.8650001883507
"5",127,"Plymouth",49954.05859375,0,490.579986572266,0,15.039999961853,-1.91999995708466,503.369995117188,2024,2024,219,"Spr",6.56000000238417
"5",128,"Plymouth",50077.26953125,0,463.359985351562,0,16.7399997711182,1.07000005245209,628.409973144531,2024,2024,220,"Spr",8.90499991178515
"5",129,"Plymouth",50198.76953125,0,474.959991455078,0,15.75,-0.400000005960464,563.049987792969,2024,2024,221,"Spr",7.67499999701977
"5",130,"Plymouth",50318.51171875,0,501.160003662109,0,19.5200004577637,1.76999998092651,624.320007324219,2024,2024,222,"Spr",10.6450002193451
"5",131,"Plymouth",50436.44140625,0,510.829986572266,0,22.2700004577637,3.76999998092651,698.289978027344,2024,2024,223,"Spr",13.0200002193451
"5",132,"Plymouth",50552.5,0,521.989990234375,0,24.8999996185303,5.40000009536743,759.200012207031,2024,2024,224,"Spr",15.1499998569489
"5",133,"Plymouth",50666.6484375,0,532.02001953125,0,25.1700000762939,4.82000017166138,720.840026855469,2024,2024,225,"Spr",14.9950001239776
"5",134,"Plymouth",50778.828125,0,517.929992675781,0,25.7999992370605,6.23000001907349,800.419982910156,2024,2024,226,"Spr",16.014999628067
"5",135,"Plymouth",50888.98046875,0,521.679992675781,0,26.4599990844727,6.34000015258789,799.739990234375,2024,2024,227,"Spr",16.3999996185303
"5",136,"Plymouth",50997.05859375,0,501.130004882812,0,26.2000007629395,7.44000005722046,858.010009765625,2024,2024,228,"Spr",16.82000041008
"5",137,"Plymouth",51103,0,511.630004882812,0,27.1399993896484,7.61999988555908,853.700012207031,2024,2024,229,"Spr",17.3799996376037
"5",138,"Plymouth",51206.75,0,531.27001953125,0,28.5,7.34999990463257,814.219970703125,2024,2024,230,"Spr",17.9249999523163
"5",139,"Plymouth",51308.26171875,0,485.829986572266,0,28.5900001525879,10.4099998474121,1036.26000976562,2024,2024,231,"Spr",19.5
"5",140,"Plymouth",51407.46875,0,476.739990234375,0,23.8799991607666,6.98999977111816,768.559997558594,2024,2024,232,"Spr",15.4349994659424
"5",141,"Plymouth",51504.33984375,0,473.970001220703,0,20.6700000762939,4.34000015258789,620.690002441406,2024,2024,233,"Spr",12.5050001144409
"5",142,"Plymouth",51598.80078125,0,516.400024414062,0,21.1900005340576,2.59999990463257,505.739990234375,2024,2024,234,"Spr",11.8950002193451
"5",143,"Plymouth",51690.80859375,0,471.649993896484,0,22.3199996948242,6.19000005722046,680.099975585938,2024,2024,235,"Spr",14.2549998760223
"5",144,"Plymouth",51780.30859375,0,396.179992675781,0,18.8500003814697,6.21999979019165,777.309997558594,2024,2024,236,"Spr",12.5350000858307
"5",145,"Plymouth",51867.23828125,0,447.890014648438,0,21.6900005340576,6.76999998092651,733.760009765625,2024,2024,237,"Spr",14.2300002574921
"5",146,"Plymouth",51951.5703125,0,519.809997558594,0,22.8199996948242,4.01000022888184,542.909973144531,2024,2024,238,"Spr",13.414999961853
"5",147,"Plymouth",52033.21875,0,560.780029296875,0,25.3400001525879,2.95000004768372,462.779998779297,2024,2024,239,"Spr",14.1450001001358
"5",148,"Plymouth",52112.171875,0,519.010009765625,0,26.7399997711182,7.23000001907349,651.109985351562,2024,2024,240,"Spr",16.9849998950958
"5",149,"Plymouth",52188.3515625,0,514,0,28.1599998474121,8.78999996185303,718.650024414062,2024,2024,241,"Spr",18.4749999046326
"5",150,"Plymouth",52261.71875,0,480.869995117188,0,26.6100006103516,9.34000015258789,793.539978027344,2024,2024,242,"Spr",17.9750003814697
"5",151,"Plymouth",52332.23828125,0,512.570007324219,0,25.3299999237061,6.59999990463257,580.469970703125,2024,2024,243,"Spr",15.9649999141693
"5",152,"Plymouth",52399.8515625,0,524.809997558594,0,26.1900005340576,6.94000005722046,437.350006103516,2024,2024,244,"Spr",16.565000295639
"5",153,"Plymouth",52464.51171875,0,513.909973144531,0,26.7800006866455,8.44999980926514,401.470001220703,2024,2024,245,"Spr",17.6150002479553
"5",154,"Plymouth",52526.1796875,0,466,0,26.1700000762939,10.5200004577637,465.899993896484,2024,2024,246,"Spr",18.3450002670288
"5",155,"Plymouth",52584.80859375,0,350.730010986328,0,22.2099990844727,11.210000038147,679.099975585938,2024,2024,247,"Spr",16.7099995613098
"5",156,"Plymouth",52640.37890625,0,539.380004882812,0,28.4899997711182,8.34000015258789,398.369995117188,2024,2024,248,"Spr",18.414999961853
"5",157,"Plymouth",52692.828125,0,540.630004882812,0,32.3499984741211,11.6400003433228,504.440002441406,2024,2024,249,"Spr",21.994999408722
"5",158,"Plymouth",52742.140625,0,513.190002441406,0,32.7299995422363,13.7799997329712,585.849975585938,2024,2024,250,"Spr",23.2549996376037
"5",159,"Plymouth",52788.26171875,0,529.330017089844,0,32.189998626709,12.1300001144409,522.359985351562,2024,2024,251,"Spr",22.159999370575
"5",160,"Plymouth",52831.171875,0,542.289978027344,0,31.2199993133545,10.2399997711182,456.709991455078,2024,2024,252,"Spr",20.7299995422363
"5",161,"Plymouth",52870.828125,0,521.909973144531,0,30.2600002288818,10.8000001907349,475.279998779297,2024,2024,253,"Spr",20.5300002098083
"5",162,"Plymouth",52907.21875,0,549.47998046875,0,32.5699996948242,10.8100004196167,475.589996337891,2024,2024,254,"Spr",21.6900000572204
"5",163,"Plymouth",52940.30859375,0,506.839996337891,0,33.8499984741211,14.9899997711182,636.989990234375,2024,2024,255,"Spr",24.4199991226197
"5",164,"Plymouth",52970.0703125,0,535.849975585938,0,32.9000015258789,12.1599998474121,523.280029296875,2024,2024,256,"Spr",22.5300006866455
"5",165,"Plymouth",52996.48828125,0,506.25,0,31.9300003051758,13.3100004196167,567.169982910156,2024,2024,257,"Spr",22.6200003623962
"5",166,"Plymouth",53019.5390625,0,489.049987792969,0,29,11.6499996185303,504.700012207031,2024,2024,258,"Spr",20.3249998092652
"5",167,"Plymouth",53039.2109375,0,509.420013427734,0,29.0599994659424,10.5600004196167,467.100006103516,2024,2024,259,"Spr",19.8099999427795
"5",168,"Plymouth",53055.48046875,0,497.679992675781,0,28.0300006866455,10.3699998855591,460.929992675781,2024,2024,260,"Spr",19.2000002861023
"5",169,"Plymouth",53068.328125,0,325.100006103516,0,20.5200004577637,10.3599996566772,701,2024,2024,261,"Spr",15.4400000572205
"5",170,"Plymouth",53077.76953125,0,562.109985351562,0,25.1100006103516,3.29999995231628,274.359985351562,2024,2024,262,"Spr",14.2050002813339
"5",171,"Plymouth",53083.7890625,0,565.369995117188,0,27.6399993896484,5.15000009536743,315.179992675781,2024,2024,263,"Spr",16.3949997425079
"5",172,"Plymouth",53086.37109375,0,565.109985351562,0,30.6800003051758,7.78000020980835,382.559997558594,2024,2024,264,"Spr",19.2300002574921
"5",173,"Plymouth",53085.51953125,0,542.460021972656,0,31.7299995422363,10.5,465.160003662109,2024,2024,265,"Spr",21.1149997711181
"5",174,"Plymouth",53081.23828125,0,551.869995117188,0,35.25,12.5600004196167,538.359985351562,2024,2024,266,"Spr",23.9050002098083
"5",175,"Plymouth",53073.51953125,0,505.980010986328,0,33.2000007629395,13.9899997711182,594.570007324219,2024,2024,267,"Spr",23.5950002670289
"5",176,"Plymouth",53062.390625,0,473.709991455078,0,31.7399997711182,14.5500001907349,618.179992675781,2024,2024,268,"Spr",23.1449999809265
"5",177,"Plymouth",53047.83984375,0,436.200012207031,0,31.4500007629395,16.2700004577637,695.25,2024,2024,269,"Spr",23.8600006103516
"5",178,"Plymouth",53029.87890625,0,385.899993896484,0,29.6200008392334,16.7999992370605,720.830017089844,2024,2024,270,"Spr",23.210000038147
"5",179,"Plymouth",53008.5390625,0,512.809997558594,0,32.4500007629395,13.2299995422363,564.049987792969,2024,2024,271,"Spr",22.8400001525879
"5",180,"Plymouth",52983.80859375,0,546.989990234375,0,32.4000015258789,10.6300001144409,469.630004882812,2024,2024,272,"Spr",21.5150008201599
"5",181,"Plymouth",52955.73828125,0,492.950012207031,0,30.0699996948242,12.1700000762939,523.559997558594,2024,2024,273,"Spr",21.119999885559
"5",182,"Plymouth",52924.3203125,0,493.959991455078,0,29.2000007629395,11.3400001525879,493.739990234375,2024,2024,274,"Spr",20.2700004577637
"5",183,"Plymouth",52889.58984375,0,528.27001953125,0,30.5,10.3199996948242,459.320007324219,2024,2024,275,"Spr",20.4099998474121
"5",184,"Plymouth",52851.578125,0,541.869995117188,0,32.6500015258789,11.1000003814697,485.399993896484,2024,2024,276,"Sum",21.8750009536743
"5",185,"Plymouth",52810.30078125,0,562.940002441406,0,35.1800003051758,11.1199998855591,486.190002441406,2024,2024,277,"Sum",23.1500000953675
"5",186,"Plymouth",52765.80078125,0,563.510009765625,0,36.2000007629395,11.8199996948242,510.970001220703,2024,2024,278,"Sum",24.0100002288819
"5",187,"Plymouth",52718.08984375,0,552.52001953125,0,37.9799995422363,14.2700004577637,606.179992675781,2024,2024,279,"Sum",26.125
"5",188,"Plymouth",52667.21875,0,552.359985351562,0,38.2799987792969,14.4099998474121,611.989990234375,2024,2024,280,"Sum",26.3449993133545
"5",189,"Plymouth",52613.23046875,0,542.599975585938,0,38.4700012207031,15.3500003814697,652.830017089844,2024,2024,281,"Sum",26.9100008010864
"5",190,"Plymouth",52556.12890625,0,524.390014648438,0,36.6599998474121,15.2200002670288,647.109985351562,2024,2024,282,"Sum",25.9400000572205
"5",191,"Plymouth",52495.98828125,0,531.72998046875,0,35.7900009155273,13.8199996948242,587.530029296875,2024,2024,283,"Sum",24.8050003051757
"5",192,"Plymouth",52432.828125,0,551.710021972656,0,37.4900016784668,13.5200004577637,575.549987792969,2024,2024,284,"Sum",25.5050010681152
"5",193,"Plymouth",52366.69921875,0,551.669982910156,0,38.310001373291,14.0699996948242,597.830017089844,2024,2024,285,"Sum",26.1900005340576
"5",194,"Plymouth",52297.6484375,0,546.530029296875,0,38.560001373291,14.6700000762939,623.130004882812,2024,2024,286,"Sum",26.6150007247925
"5",195,"Plymouth",52225.7109375,0,462.529998779297,0,34.8800010681152,17.1900005340576,739.940002441406,2024,2024,287,"Sum",26.0350008010864
"5",196,"Plymouth",52150.94140625,0,365.299987792969,0,28.2000007629395,15.5100002288818,660.330017089844,2024,2024,288,"Sum",21.8550004959107
"5",197,"Plymouth",52073.37890625,0,534.239990234375,0,33.7299995422363,11.5200004577637,500.209991455078,2024,2024,289,"Sum",22.625
"5",198,"Plymouth",51993.08984375,0,494.170013427734,0,32.75,13.3800001144409,569.890014648438,2024,2024,290,"Sum",23.0650000572205
"5",199,"Plymouth",51910.1015625,0,494.75,0,33.5,13.8299999237061,588.090026855469,2024,2024,291,"Sum",23.664999961853
"5",200,"Plymouth",51824.48046875,0,515.070007324219,0,34.2700004577637,13.1300001144409,559.890014648438,2024,2024,292,"Sum",23.7000002861023
"5",201,"Plymouth",51736.26953125,0,490.399993896484,0,34.1399993896484,14.6800003051758,623.559997558594,2024,2024,293,"Sum",24.4099998474121
"5",202,"Plymouth",51645.51953125,0,482.589996337891,0,35.2999992370605,16.25,694.22998046875,2024,2024,294,"Sum",25.7749996185302
"5",203,"Plymouth",51552.2890625,0,522.789978027344,0,37.7999992370605,15.6899995803833,668.179992675781,2024,2024,295,"Sum",26.7449994087219
"5",204,"Plymouth",51456.62890625,0,480.390014648438,0,36.8899993896484,17.7999992370605,771.429992675781,2024,2024,296,"Sum",27.3449993133544
"5",205,"Plymouth",51358.58984375,0,466.880004882812,0,37.7099990844727,19.3099994659424,852.919982910156,2024,2024,297,"Sum",28.5099992752075
"5",206,"Plymouth",51258.23046875,0,459.170013427734,0,35.2799987792969,17.5300006866455,757.299987792969,2024,2024,298,"Sum",26.4049997329712
"5",207,"Plymouth",51155.6015625,0,412.390014648438,0,32.0900001525879,16.9400005340576,727.599975585938,2024,2024,299,"Sum",24.5150003433227
"5",208,"Plymouth",51050.76171875,0,424.859985351562,0,31.2900009155273,15.5500001907349,661.859985351562,2024,2024,300,"Sum",23.4200005531311
"5",209,"Plymouth",50943.75,0,427.049987792969,0,27.7099990844727,12.1300001144409,522.330017089844,2024,2024,301,"Sum",19.9199995994568
"5",210,"Plymouth",50834.640625,0,530.419982910156,0,29.9699993133545,7.98999977111816,388.290008544922,2024,2024,302,"Sum",18.9799995422363
"5",211,"Plymouth",50723.48046875,0,494.440002441406,0,31.0900001525879,11.5,499.459991455078,2024,2024,303,"Sum",21.295000076294
"5",212,"Plymouth",50610.3203125,0,521.919982910156,0,32.939998626709,11.1000003814697,485.429992675781,2024,2024,304,"Sum",22.0199995040893
"5",213,"Plymouth",50495.21875,0,534.469970703125,0,34.3600006103516,11.2299995422363,489.869995117188,2024,2024,305,"Sum",22.795000076294
"5",214,"Plymouth",50378.21875,0,534.590026855469,0,36.5999984741211,13.0500001907349,557.02001953125,2024,2024,306,"Sum",24.824999332428
"5",215,"Plymouth",50259.390625,7.44999980926514,377.440002441406,0,36.3400001525879,15.1400003433228,643.669982910156,2024,2024,307,"Sum",25.7400002479554
"5",216,"Plymouth",50138.76953125,2.46000003814697,277.649993896484,0,30.3999996185303,17.0300006866455,732.320007324219,2024,2024,308,"Sum",23.7150001525879
"5",217,"Plymouth",50016.421875,0,494.350006103516,0,32.4900016784668,12.6700000762939,542.409973144531,2024,2024,309,"Sum",22.5800008773803
"5",218,"Plymouth",49892.37890625,0,470.010009765625,0,33.1699981689453,14.8699998855591,631.760009765625,2024,2024,310,"Sum",24.0199990272522
"5",219,"Plymouth",49766.71875,0,466.910003662109,0,34.189998626709,16.0200004577637,683.789978027344,2024,2024,311,"Sum",25.1049995422363
"5",220,"Plymouth",49639.48046875,0,486.649993896484,0,34.9900016784668,15.5200004577637,660.799987792969,2024,2024,312,"Sum",25.2550010681152
"5",221,"Plymouth",49510.71875,0,484.399993896484,0,35.4700012207031,16.1000003814697,687.239990234375,2024,2024,313,"Sum",25.7850008010864
"5",222,"Plymouth",49380.46875,0,461.609985351562,0,34.310001373291,16.5,706.25,2024,2024,314,"Sum",25.4050006866455
"5",223,"Plymouth",49248.7890625,0,487.429992675781,0,32.7200012207031,13.5600004196167,577.159973144531,2024,2024,315,"Sum",23.1400008201599
"5",224,"Plymouth",49115.73828125,0,514,0,32.0400009155273,11.1000003814697,485.670013427734,2024,2024,316,"Sum",21.5700006484985
"5",225,"Plymouth",48981.3515625,0,479.679992675781,0,29.6700000762939,11.210000038147,489.279998779297,2024,2024,317,"Sum",20.4400000572204
"5",226,"Plymouth",48845.671875,0,495.260009765625,0,29.4799995422363,9.8100004196167,442.809997558594,2024,2024,318,"Sum",19.6449999809265
"5",227,"Plymouth",48708.75,0,524.700012207031,0,30.1200008392334,8.05000019073486,390.059997558594,2024,2024,319,"Sum",19.0850005149841
"5",228,"Plymouth",48570.62890625,0,490.859985351562,0,29.7399997711182,10.1899995803833,455.029998779297,2024,2024,320,"Sum",19.9649996757508
"5",229,"Plymouth",48431.37109375,0,520.059997558594,0,30.0400009155273,8.11999988555908,391.959991455078,2024,2024,321,"Sum",19.0800004005432
"5",230,"Plymouth",48290.98828125,0,474.609985351562,0,28.2999992370605,9.77000045776367,441.640014648438,2024,2024,322,"Sum",19.0349998474121
"5",231,"Plymouth",48149.55078125,0,481.429992675781,0,29.1900005340576,10.0699996948242,451.25,2024,2024,323,"Sum",19.6300001144409
"5",232,"Plymouth",48007.08984375,0,507.679992675781,0,30.1299991607666,8.89999961853027,414.910003662109,2024,2024,324,"Sum",19.5149993896484
"5",233,"Plymouth",47863.640625,0,476.910003662109,0,29.8400001525879,10.8299999237061,476.190002441406,2024,2024,325,"Sum",20.335000038147
"5",234,"Plymouth",47719.26171875,0,497.130004882812,0,29.2800006866455,8.77000045776367,411.070007324219,2024,2024,326,"Sum",19.0250005722046
"5",235,"Plymouth",47573.96875,0,441.989990234375,0,27.3700008392334,10.4899997711182,464.839996337891,2024,2024,327,"Sum",18.9300003051758
"5",236,"Plymouth",47427.8203125,0,213.279998779297,0,19.6000003814697,12.539999961853,537.5,2024,2024,328,"Sum",16.0700001716614
"5",237,"Plymouth",47280.83984375,1.12000000476837,283.850006103516,0,16.0900001525879,6.63000011444092,351.660003662109,2024,2024,329,"Sum",11.3600001335144
"5",238,"Plymouth",47133.078125,0,499.440002441406,0,22.0699996948242,1.75,243.839996337891,2024,2024,330,"Sum",11.9099998474121
"5",239,"Plymouth",46984.5703125,0,538.580017089844,0,28.0100002288818,3.14000010490417,270.959991455078,2024,2024,331,"Sum",15.575000166893
"5",240,"Plymouth",46835.33984375,0,531.440002441406,0,32.3600006103516,7.46000003814697,373.769989013672,2024,2024,332,"Sum",19.9100003242493
"5",241,"Plymouth",46685.44140625,0,514.559997558594,0,32.5900001525879,9.22000026702881,424.470001220703,2024,2024,333,"Sum",20.9050002098084
"5",242,"Plymouth",46534.87890625,0,498.640014648438,0,33.060001373291,10.9300003051758,479.799987792969,2024,2024,334,"Sum",21.9950008392334
"5",243,"Plymouth",46383.71875,0,510.309997558594,0,33.3300018310547,9.93000030517578,446.839996337891,2024,2024,335,"Sum",21.6300010681152
"5",244,"Plymouth",46231.98046875,0,503.059997558594,0,33.4599990844727,10.5299997329712,466.420013427734,2024,2024,336,"Sum",21.994999408722
"5",245,"Plymouth",46079.69140625,0,471.920013427734,0,32.6300010681152,12.3199996948242,529.369995117188,2024,2024,337,"Sum",22.4750003814697
"5",246,"Plymouth",45926.890625,0,382.859985351562,0,30.3700008392334,15.4499998092651,657.590026855469,2024,2024,338,"Sum",22.9100003242492
"5",247,"Plymouth",45773.609375,0,478.070007324219,0,30.5300006866455,9.60000038146973,436.359985351562,2024,2024,339,"Sum",20.0650005340576
"5",248,"Plymouth",45619.87109375,0,470.239990234375,0,30.8400001525879,10.2600002288818,457.450012207031,2024,2024,340,"Sum",20.5500001907348
"5",249,"Plymouth",45465.7109375,0,494.600006103516,0,34.4599990844727,11.0500001907349,483.809997558594,2024,2024,341,"Sum",22.7549996376038
"5",250,"Plymouth",45311.16015625,0,474.980010986328,0,32.2599983215332,10.6700000762939,470.899993896484,2024,2024,342,"Sum",21.4649991989136
"5",251,"Plymouth",45156.25,0,463.649993896484,0,31.5900001525879,10.8299999237061,476.190002441406,2024,2024,343,"Sum",21.210000038147
"5",252,"Plymouth",45001,0,449.799987792969,0,31.0699996948242,11.1700000762939,488.079986572266,2024,2024,344,"Sum",21.119999885559
"5",253,"Plymouth",44845.44921875,0,475.010009765625,0,32.1300010681152,9.84000015258789,443.920013427734,2024,2024,345,"Sum",20.9850006103515
"5",254,"Plymouth",44689.62109375,0,468.160003662109,0,31.5,9.65999984741211,438.079986572266,2024,2024,346,"Sum",20.5799999237061
"5",255,"Plymouth",44533.5390625,0,431.029998779297,0,26.1299991607666,7.42999982833862,372.910003662109,2024,2024,347,"Sum",16.7799994945526
"5",256,"Plymouth",44377.23046875,0,446.010009765625,0,23.8099994659424,4,289.079986572266,2024,2024,348,"Sum",13.9049997329712
"5",257,"Plymouth",44220.73046875,0,465.670013427734,0,26.2399997711182,4.46000003814697,299.320007324219,2024,2024,349,"Sum",15.3499999046326
"5",258,"Plymouth",44064.05859375,0,454.190002441406,0,27.8299999237061,6.69999980926514,353.459991455078,2024,2024,350,"Sum",17.2649998664856
"5",259,"Plymouth",43907.25,0,385.410003662109,0,25.0900001525879,8.85999965667725,413.660003662109,2024,2024,351,"Sum",16.9749999046326
"5",260,"Plymouth",43750.3203125,1.72000002861023,197.070007324219,0,16.0599994659424,8.68000030517578,445.040008544922,2024,2024,352,"Sum",12.3699998855591
"5",261,"Plymouth",43593.30078125,0,288.420013427734,0,18.3299999237061,7.23999977111816,367.799987792969,2024,2024,353,"Sum",12.7849998474121
"5",262,"Plymouth",43436.2109375,9.52999973297119,229.229995727539,0,18.5900001525879,6.73999977111816,354.540008544922,2024,2024,354,"Sum",12.664999961853
"5",263,"Plymouth",43279.078125,0,367.160003662109,0,20.8199996948242,5.92000007629395,333.600006103516,2024,2024,355,"Sum",13.3699998855591
"5",264,"Plymouth",43121.94921875,0,425.170013427734,0,24.0400009155273,5.21000003814697,316.649993896484,2024,2024,356,"Sum",14.6250004768371
"5",265,"Plymouth",42964.8203125,0,420.209991455078,0,25.5599994659424,6.78000020980835,355.549987792969,2024,2024,357,"Sum",16.1699998378754
"5",266,"Plymouth",42807.73046875,0,437.660003662109,0,26.5699996948242,5.78000020980835,330.109985351562,2024,2024,358,"Sum",16.1749999523163
"5",267,"Plymouth",42650.7109375,0,429.649993896484,0,27.9699993133545,7.23999977111816,367.660003662109,2024,2024,359,"Sum",17.6049995422363
"5",268,"Plymouth",42493.78125,0,444.100006103516,0,29.3299999237061,6.82000017166138,356.429992675781,2024,2024,360,"Sum",18.0750000476837
"5",269,"Plymouth",42336.96875,0,414.890014648438,0,28.7700004577637,8.85000038146973,413.350006103516,2024,2024,361,"Sum",18.8100004196167
"5",270,"Plymouth",42180.2890625,0,440.720001220703,0,30.1599998474121,7.51000022888184,374.890014648438,2024,2024,362,"Sum",18.835000038147
"5",271,"Plymouth",42023.7890625,0,426.839996337891,0,29.6900005340576,8.21000003814697,394.730010986328,2024,2024,363,"Sum",18.9500002861023
"5",272,"Plymouth",41867.48828125,0,443.059997558594,0,31.0499992370605,7.34999990463257,370.600006103516,2024,2024,364,"Sum",19.1999995708465
"5",273,"Plymouth",41711.3984375,0,420.25,0,29.5699996948242,8.21000003814697,394.679992675781,2024,2024,365,"Sum",18.8899998664856
"5",274,"Plymouth",41555.5703125,0,391.480010986328,0,25.9899997711182,7.28000020980835,368.679992675781,2024,2025,1,"Fall",16.6349999904633
"5",275,"Plymouth",41400.01953125,0,436.880004882812,0,30.8600006103516,6.8600001335144,357.519989013672,2024,2025,2,"Fall",18.860000371933
"5",276,"Plymouth",41244.76953125,0,412.070007324219,0,31.4099998474121,9.65999984741211,438.079986572266,2024,2025,3,"Fall",20.5349998474121
"5",277,"Plymouth",41089.8515625,0,391.489990234375,0,29.1700000762939,9.3100004196167,427.130004882812,2024,2025,4,"Fall",19.2400002479553
"5",278,"Plymouth",40935.30078125,0,351.059997558594,0,28.0300006866455,11.2200002670288,489.700012207031,2024,2025,5,"Fall",19.6250004768372
"5",279,"Plymouth",40781.140625,0,372.790008544922,0,28.0599994659424,9.52999973297119,434.089996337891,2024,2025,6,"Fall",18.7949995994568
"5",280,"Plymouth",40627.3984375,0,384.730010986328,0,28.2099990844727,8.48999977111816,402.679992675781,2024,2025,7,"Fall",18.3499994277954
"5",281,"Plymouth",40474.109375,0,388.700012207031,0,28.4799995422363,8.13000011444092,392.410003662109,2024,2025,8,"Fall",18.3049998283386
"5",282,"Plymouth",40321.30859375,0,388.609985351562,0,28.3899993896484,7.73000001907349,381,2024,2025,9,"Fall",18.0599997043609
"5",283,"Plymouth",40169.01953125,0,396.820007324219,0,29.2800006866455,7.3899998664856,371.730010986328,2024,2025,10,"Fall",18.3350002765656
"5",284,"Plymouth",40017.26953125,0,382.440002441406,0,27.9400005340576,7.3899998664856,371.850006103516,2024,2025,11,"Fall",17.6650002002716
"5",285,"Plymouth",39866.109375,0,390.679992675781,0,26.8400001525879,5.17000007629395,315.589996337891,2024,2025,12,"Fall",16.0050001144409
"5",286,"Plymouth",39715.55078125,0,359.959991455078,0,24.0900001525879,5.26999998092651,318.040008544922,2024,2025,13,"Fall",14.6800000667572
"5",287,"Plymouth",39565.640625,0,383.390014648438,0,24.1200008392334,2.75999999046326,263.380004882812,2024,2025,14,"Fall",13.4400004148483
"5",288,"Plymouth",39416.41015625,0,389.440002441406,0,26.1800003051758,3.5699999332428,280.029998779297,2024,2025,15,"Fall",14.8750001192093
"5",289,"Plymouth",39267.890625,0,356.640014648438,0,23.6800003051758,4.34999990463257,296.829986572266,2024,2025,16,"Fall",14.0150001049042
"5",290,"Plymouth",39120.12109375,4.40000009536743,214.089996337891,0,18.3199996948242,3.91000008583069,376.019989013672,2024,2025,17,"Fall",11.1149998903274
"5",291,"Plymouth",38973.140625,1.98000001907349,274.989990234375,0,14.8400001525879,1.12000000476837,307.130004882812,2024,2025,18,"Fall",7.98000007867813
"5",292,"Plymouth",38826.98828125,0,301.190002441406,0,12.8699998855591,-2.71000003814697,240.970001220703,2024,2025,19,"Fall",5.07999992370607
"5",293,"Plymouth",38681.69140625,0,353.350006103516,0,17.75,-2.55999994277954,178.240005493164,2024,2025,20,"Fall",7.59500002861023
"5",294,"Plymouth",38537.30078125,0,348.690002441406,0,19.8299999237061,-0.46000000834465,205.460006713867,2024,2025,21,"Fall",9.68499995768073
"5",295,"Plymouth",38393.8515625,0,238.979995727539,0,20.1499996185303,7.73000001907349,560.880004882812,2024,2025,22,"Fall",13.9399998188019
"5",296,"Plymouth",38251.37890625,0,311.359985351562,0,20.9400005340576,3.63000011444092,310.609985351562,2024,2025,23,"Fall",12.2850003242493
"5",297,"Plymouth",38109.9296875,0,290.040008544922,0,22.1000003814697,6.21000003814697,399.630004882812,2024,2025,24,"Fall",14.1550002098083
"5",298,"Plymouth",37969.55078125,0,262.649993896484,0,15.3599996566772,1.53999996185303,365.329986572266,2024,2025,25,"Fall",8.44999980926512
"5",299,"Plymouth",37830.28125,0,339.779998779297,0,21.7199993133545,1.23000001907349,234.210006713867,2024,2025,26,"Fall",11.474999666214
"5",300,"Plymouth",37692.1484375,0,321.329986572266,0,22.2800006866455,3.42000007629395,291.910003662109,2024,2025,27,"Fall",12.8500003814697
"5",301,"Plymouth",37555.23046875,0,269.779998779297,0,20.2000007629395,5.42999982833862,433.170013427734,2024,2025,28,"Fall",12.8150002956391
"5",302,"Plymouth",37419.5390625,1.16999995708466,167.309997558594,0,11.9099998474121,3.44000005722046,620.760009765625,2024,2025,29,"Fall",7.67499995231628
"5",303,"Plymouth",37285.140625,0,224.910003662109,0,10.6099996566772,-0.910000026226044,397.859985351562,2024,2025,30,"Fall",4.84999981522558
"5",304,"Plymouth",37152.0703125,0,268.700012207031,0,12.4099998474121,-1.99000000953674,312.070007324219,2024,2025,31,"Fall",5.20999991893768
"5",305,"Plymouth",37020.390625,0,247.460006713867,0,11.0299997329712,-1.85000002384186,346.399993896484,2024,2025,32,"Fall",4.58999985456467
"5",306,"Plymouth",36890.12890625,5.84000015258789,224.619995117188,0,14.1400003433228,-2.95000004768372,256.559997558594,2024,2025,33,"Fall",5.59500014781954
"5",307,"Plymouth",36761.359375,0,216.300003051758,0,10.6000003814697,-0.370000004768372,385.230010986328,2024,2025,34,"Fall",5.11500018835066
"5",308,"Plymouth",36634.109375,0,214.520004272461,0,9.52000045776367,-1.3400000333786,369.690002441406,2024,2025,35,"Fall",4.09000021219254
"5",309,"Plymouth",36508.44140625,0,315.670013427734,0,15.289999961853,-3.5699999332428,192.399993896484,2024,2025,36,"Fall",5.8600000143051
"5",310,"Plymouth",36384.390625,0,241.800003051758,0,12.210000038147,-0.46000000834465,341.940002441406,2024,2025,37,"Fall",5.87500001490117
"5",311,"Plymouth",36262.03125,0,226.880004882812,0,7.78999996185303,-3.8199999332428,308.529998779297,2024,2025,38,"Fall",1.98500001430511
"5",312,"Plymouth",36141.3984375,0,305.029998779297,0,12.9799995422363,-5.01999998092651,193.380004882812,2024,2025,39,"Fall",3.9799997806549
"5",313,"Plymouth",36022.55078125,0,301.390014648438,0,15.6300001144409,-2.20000004768372,226.720001220703,2024,2025,40,"Fall",6.71500003337859
"5",314,"Plymouth",35905.55078125,0,308.920013427734,0,17.7299995422363,-1.32000005245209,224.429992675781,2024,2025,41,"Fall",8.2049997448921
"5",315,"Plymouth",35790.4296875,0,295.829986572266,0,18.4500007629395,0.709999978542328,270.559997558594,2024,2025,42,"Fall",9.58000037074091
"5",316,"Plymouth",35677.25,4.48999977111816,185.449996948242,0,13.6000003814697,-0.0799999982118607,432.049987792969,2024,2025,43,"Fall",6.76000019162892
"5",317,"Plymouth",35566.078125,0,211,0,8.34000015258789,-2.49000000953674,398.489990234375,2024,2025,44,"Fall",2.92500007152558
"5",318,"Plymouth",35456.94921875,0,287.559997558594,0,12.4499998092651,-4.42000007629395,261.010009765625,2024,2025,45,"Fall",4.01499986648557
"5",319,"Plymouth",35349.94140625,0.800000011920929,257.799987792969,0,10.1800003051758,-3.9300000667572,307.890014648438,2024,2025,46,"Fall",3.1250001192093
"5",320,"Plymouth",35245.078125,0,121.290000915527,0,4.01999998092651,-1.79999995231628,535.210021972656,2024,2025,47,"Fall",1.11000001430512
"5",321,"Plymouth",35142.4296875,0,216.710006713867,0,5.92000007629395,-5.17999982833862,341.450012207031,2024,2025,48,"Fall",0.370000123977665
"5",322,"Plymouth",35042.05859375,0,301.630004882812,0,13.1400003433228,-6.3899998664856,221.809997558594,2024,2025,49,"Fall",3.3750002384186
"5",323,"Plymouth",34944.01171875,0,211.729995727539,0,5.48999977111816,-5.36999988555908,343.829986572266,2024,2025,50,"Fall",0.0599999427795397
"5",324,"Plymouth",34848.328125,0,293.970001220703,0,10.3199996948242,-8.1899995803833,210.050003051758,2024,2025,51,"Fall",1.06500005722045
"5",325,"Plymouth",34755.078125,0,250.460006713867,0,13.710000038147,-0.479999989271164,393.630004882812,2024,2025,52,"Fall",6.61500002443792
"5",326,"Plymouth",34664.3203125,0,159.100006103516,0,15.1599998474121,6.94999980926514,851.630004882812,2024,2025,53,"Fall",11.0549998283386
"5",327,"Plymouth",34576.08984375,7.78999996185303,123.879997253418,0,13.4399995803833,4.90999984741211,835.549987792969,2024,2025,54,"Fall",9.1749997138977
"5",328,"Plymouth",34490.44921875,0,176,0,8.4399995803833,-0.409999996423721,566.570007324219,2024,2025,55,"Fall",4.01499979197979
"5",329,"Plymouth",34407.44921875,0,211.559997558594,0,6.6399998664856,-4.17000007629395,409.459991455078,2024,2025,56,"Fall",1.23499989509583
"5",330,"Plymouth",34327.12890625,3.5,162.869995117188,0,6.23999977111816,-4.96000003814697,422.5,2024,2025,57,"Fall",0.639999866485595
"5",331,"Plymouth",34249.55859375,0,184.139999389648,0,7.01999998092651,-2,521.280029296875,2024,2025,58,"Fall",2.50999999046326
"5",332,"Plymouth",34174.76953125,0,195.419998168945,0,5.01999998092651,-4.69000005722046,428.269989013672,2024,2025,59,"Fall",0.164999961853025
"5",333,"Plymouth",34102.80859375,0,222.479995727539,0,4.46999979019165,-7.07000017166138,344.920013427734,2024,2025,60,"Fall",-1.30000019073486
"5",334,"Plymouth",34033.73828125,0,270.959991455078,0,7.78000020980835,-8.73999977111816,269.790008544922,2024,2025,61,"Fall",-0.479999780654905
"5",335,"Plymouth",33967.58984375,0,283.059997558594,0,11.1899995803833,-8.02000045776367,267.059997558594,2024,2025,62,"Fall",1.58499956130982
"5",336,"Plymouth",33904.421875,0,222.649993896484,0,10.3900003433228,-1.79999995231628,479,2024,2025,63,"Fall",4.29500019550326
"5",337,"Plymouth",33844.25,0,253.639999389648,0,11.960000038147,-3.39000010490417,395.459991455078,2024,2025,64,"Fall",4.28499996662141
"5",338,"Plymouth",33787.140625,0,226.910003662109,0,11.9399995803833,-1.01999998092651,495.529998779297,2024,2025,65,"Fall",5.4599997997284
"5",339,"Plymouth",33733.12109375,0,217.589996337891,0,11.0100002288818,-1.05999994277954,508.350006103516,2024,2025,66,"Fall",4.97500014305113
"5",340,"Plymouth",33682.23046875,0,244.5,0,9.97999954223633,-4.53999996185303,379.239990234375,2024,2025,67,"Fall",2.71999979019165
"5",341,"Plymouth",33634.5,0,235.070007324219,0,12.1499996185303,-1.73000001907349,463.489990234375,2024,2025,68,"Fall",5.2099997997284
"5",342,"Plymouth",33589.98046875,0,258.559997558594,0,13.960000038147,-2.78999996185303,401.989990234375,2024,2025,69,"Fall",5.58500003814699
"5",343,"Plymouth",33548.6796875,0,223.580001831055,0,12.0900001525879,-0.740000009536743,509.799987792969,2024,2025,70,"Fall",5.67500007152558
"5",344,"Plymouth",33510.640625,0,214.25,0,6.67999982833862,-4.98999977111816,402.170013427734,2024,2025,71,"Fall",0.84500002861023
"5",345,"Plymouth",33475.8984375,0,269.059997558594,0,8.47999954223633,-9.51000022888184,255.589996337891,2024,2025,72,"Fall",-0.515000343322755
"5",346,"Plymouth",33444.4609375,0,266.380004882812,0,13.4099998474121,-4.80000019073486,344.649993896484,2024,2025,73,"Fall",4.30499982833862
"5",347,"Plymouth",33416.359375,0,201.850006103516,0,8.44999980926514,-2.65000009536743,480.260009765625,2024,2025,74,"Fall",2.89999985694886
"5",348,"Plymouth",33391.62109375,1.39999997615814,197.410003662109,0,9.10999965667725,-1.57000005245209,520.369995117188,2024,2025,75,"Fall",3.76999980211258
"5",349,"Plymouth",33370.25,9.85000038146973,105.279998779297,0,5.48999977111816,-1.51999998092651,546.320007324219,2024,2025,76,"Fall",1.98499989509582
"5",350,"Plymouth",33352.26953125,0,200.639999389648,0,6.34999990463257,-4.46000003814697,438.929992675781,2024,2025,77,"Fall",0.9449999332428
"5",351,"Plymouth",33337.69921875,5.38000011444092,179.960006713867,0,10.0299997329712,-4.80000019073486,427.790008544922,2024,2025,78,"Fall",2.61499977111817
"5",352,"Plymouth",33326.5390625,0,241.589996337891,0,12.8400001525879,-2.05999994277954,509.369995117188,2024,2025,79,"Fall",5.39000010490418
"5",353,"Plymouth",33318.80078125,0,241.520004272461,0,12.039999961853,-2.84999990463257,449.420013427734,2024,2025,80,"Fall",4.59500002861022
"5",354,"Plymouth",33314.5,0,253.199996948242,0,11.9899997711182,-4.28999996185303,396.869995117188,2024,2025,81,"Fall",3.84999990463258
"5",355,"Plymouth",33313.62109375,0,234.919998168945,0,12.0100002288818,-2.08999991416931,480.609985351562,2024,2025,82,"Fall",4.96000015735625
"5",356,"Plymouth",33316.1796875,3,166.119995117188,0,13.7700004577637,0.439999997615814,630.450012207031,2024,2025,83,"Fall",7.10500022768976
"5",357,"Plymouth",33322.171875,0.990000009536743,201.119995117188,0,13.5900001525879,2.08999991416931,693.609985351562,2024,2025,84,"Fall",7.8400000333786
"5",358,"Plymouth",33331.58984375,0,150.380004882812,0,10.6599998474121,2.70000004768372,741.450012207031,2024,2025,85,"Fall",6.67999994754791
"5",359,"Plymouth",33344.4296875,3.22000002861023,109.430000305176,0,7.53000020980835,-0.0399999991059303,609.080017089844,2024,2025,86,"Fall",3.74500010535121
"5",360,"Plymouth",33360.6796875,1.27999997138977,178.899993896484,0,6.84999990463257,-2.55999994277954,505.769989013672,2024,2025,87,"Fall",2.14499998092652
"5",361,"Plymouth",33380.3203125,3.97000002861023,101.589996337891,0,8.17000007629395,1.25999999046326,668.909973144531,2024,2025,88,"Fall",4.71500003337861
"5",362,"Plymouth",33403.3515625,0,149.75,0,11.6700000762939,3.91000008583069,807.739990234375,2024,2025,89,"Fall",7.7900000810623
"5",363,"Plymouth",33429.75,3.71000003814697,112.550003051758,0,13.4300003051758,5.61999988555908,910.289978027344,2024,2025,90,"Fall",9.52500009536744
"5",364,"Plymouth",33459.48828125,12.6400003433228,88.0500030517578,0,8.97999954223633,3.29999995231628,773.590026855469,2024,2025,91,"Fall",6.1399997472763
"5",365,"Plymouth",33492.55078125,0,175.539993286133,0,5.67000007629395,-2.74000000953674,499.179992675781,2024,2025,92,"Win",1.4650000333786
"6",1,"SouthEden",32445.19921875,0,255.320007324219,29.1299991607666,3.27999997138977,-10.1700000762939,282.100006103516,2024,2024,93,"Win",-3.44500005245206
"6",2,"SouthEden",32489.759765625,0,251.550003051758,29.1299991607666,-0.769999980926514,-13.3900003433228,217.75,2024,2024,94,"Win",-7.08000016212466
"6",3,"SouthEden",32537.9609375,0,219.75,29.1299991607666,-2.34999990463257,-11.960000038147,244.520004272461,2024,2024,95,"Win",-7.15499997138978
"6",4,"SouthEden",32589.759765625,0,196.559997558594,29.1299991607666,-0.699999988079071,-8.81999969482422,313.799987792969,2024,2024,96,"Win",-4.75999984145165
"6",5,"SouthEden",32645.130859375,0,201.770004272461,29.1299991607666,-0.959999978542328,-9.32999992370605,301.529998779297,2024,2024,97,"Win",-5.14499995112419
"6",6,"SouthEden",32704.029296875,1.07000005245209,186.070007324219,30.2000007629395,-2.29999995231628,-9.69999980926514,292.859985351562,2024,2024,98,"Win",-5.99999988079071
"6",7,"SouthEden",32766.400390625,0,210.990005493164,30.2000007629395,-3.24000000953674,-11.9499998092651,244.649993896484,2024,2024,99,"Win",-7.59499990940092
"6",8,"SouthEden",32832.2109375,0,243.839996337891,30.2000007629395,-4.88000011444092,-15.8199996948242,178.100006103516,2024,2024,100,"Win",-10.3499999046326
"6",9,"SouthEden",32901.421875,6.28000020980835,185.089996337891,36.4900016784668,-2.98000001907349,-13.8100004196167,210.410003662109,2024,2024,101,"Win",-8.3950002193451
"6",10,"SouthEden",32973.96875,1.9099999666214,205.080001831055,38.3899993896484,-3.85999989509583,-11.9399995803833,244.850006103516,2024,2024,102,"Win",-7.89999973773957
"6",11,"SouthEden",33049.80078125,3.26999998092651,171.639999389648,41.6599998474121,-6.53999996185303,-15.7200002670288,179.600006103516,2024,2024,103,"Win",-11.1300001144409
"6",12,"SouthEden",33128.87890625,13.8100004196167,141.75,55.4700012207031,-5.55000019073486,-12.4700002670288,234.669998168945,2024,2024,104,"Win",-9.01000022888183
"6",13,"SouthEden",33211.1484375,10.4499998092651,190.679992675781,65.9199981689453,-5.6399998664856,-15.9899997711182,175.570007324219,2024,2024,105,"Win",-10.8149998188019
"6",14,"SouthEden",33296.5390625,5.92000007629395,188.179992675781,71.8399963378906,-3.10999989509583,-13.1099996566772,222.660003662109,2024,2024,106,"Win",-8.10999977588651
"6",15,"SouthEden",33385.01953125,0,263.549987792969,71.8399963378906,-4.90000009536743,-15.8000001907349,178.470001220703,2024,2024,107,"Win",-10.3500001430512
"6",16,"SouthEden",33476.51171875,0,305.959991455078,71.8399963378906,-7.48999977111816,-23.2299995422363,94.0500030517578,2024,2024,108,"Win",-15.3599996566772
"6",17,"SouthEden",33570.9609375,15.7799997329712,241.360000610352,87.6100006103516,0.28999999165535,-17.5200004577637,154.470001220703,2024,2024,109,"Win",-8.61500023305418
"6",18,"SouthEden",33668.3203125,1.48000001907349,289.959991455078,89.0899963378906,2.84999990463257,-9.78999996185303,290.609985351562,2024,2024,110,"Win",-3.47000002861023
"6",19,"SouthEden",33768.51171875,0,263.450012207031,89.0899963378906,3.97000002861023,-6.34999990463257,379.959991455078,2024,2024,111,"Win",-1.18999993801117
"6",20,"SouthEden",33871.48828125,0,245.419998168945,89.0899963378906,2.04999995231628,-6.98000001907349,362.079986572266,2024,2024,112,"Win",-2.4650000333786
"6",21,"SouthEden",33977.19140625,0,241.169998168945,89.0899963378906,2.19000005722046,-6.51000022888184,375.459991455078,2024,2024,113,"Win",-2.16000008583069
"6",22,"SouthEden",34085.55078125,0,212.029998779297,88.6800003051758,2.21000003814697,-5.01999998092651,420.730010986328,2024,2024,114,"Win",-1.40499997138977
"6",23,"SouthEden",34196.51171875,0,218.779998779297,88.1999969482422,2.58999991416931,-4.84999990463257,426.010009765625,2024,2024,115,"Win",-1.12999999523163
"6",24,"SouthEden",34310,0,231.009994506836,87.8300018310547,2.76999998092651,-5.13000011444092,417.070007324219,2024,2024,116,"Win",-1.1800000667572
"6",25,"SouthEden",34425.96875,3.6800000667572,154.330001831055,87.5999984741211,1.22000002861023,-5.44000005722046,407.510009765625,2024,2024,117,"Win",-2.11000001430511
"6",26,"SouthEden",34544.3515625,0,266.299987792969,87.5999984741211,1.74000000953674,-7.67999982833862,342.910003662109,2024,2024,118,"Win",-2.96999990940094
"6",27,"SouthEden",34665.078125,0,272.040008544922,87.5999984741211,1.42999994754791,-8.17000007629395,330.049987792969,2024,2024,119,"Win",-3.37000006437302
"6",28,"SouthEden",34788.1015625,0,293.279998779297,87.2900009155273,5.6100001335144,-5.26999998092651,412.570007324219,2024,2024,120,"Win",0.170000076293945
"6",29,"SouthEden",34913.33984375,0,276.649993896484,86.3399963378906,6.01000022888184,-3.72000002861023,463.989990234375,2024,2024,121,"Win",1.14500010013581
"6",30,"SouthEden",35040.75,0,296.329986572266,86.3399963378906,3.46000003814697,-7.17000007629395,356.660003662109,2024,2024,122,"Win",-1.85500001907349
"6",31,"SouthEden",35170.26953125,0,338.299987792969,86.3399963378906,4.84000015258789,-9.26000022888184,303.059997558594,2024,2024,123,"Win",-2.21000003814697
"6",32,"SouthEden",35301.8203125,0,329.660003662109,86.3399963378906,4.51000022888184,-8.32999992370605,326.119995117188,2024,2024,124,"Win",-1.9099998474121
"6",33,"SouthEden",35435.359375,3.72000002861023,177.740005493164,85.7200012207031,2.69000005722046,-4.53999996185303,436.200012207031,2024,2024,125,"Win",-0.924999952316285
"6",34,"SouthEden",35570.8203125,0,227.910003662109,85.620002746582,1.03999996185303,-5.75,397.940002441406,2024,2024,126,"Win",-2.35500001907348
"6",35,"SouthEden",35708.1484375,0,250.460006713867,85.620002746582,0.819999992847443,-6.69999980926514,369.799987792969,2024,2024,127,"Win",-2.93999990820885
"6",36,"SouthEden",35847.2890625,4.42999982833862,180.050003051758,85.5899963378906,1.05999994277954,-5.94000005722046,392.130004882812,2024,2024,128,"Win",-2.44000005722046
"6",37,"SouthEden",35988.171875,0,271.970001220703,84.8899993896484,3.9300000667572,-4.32000017166138,443.369995117188,2024,2024,129,"Win",-0.19500005245209
"6",38,"SouthEden",36130.73828125,0.540000021457672,219.940002441406,83.8399963378906,2.60999989509583,-3.50999999046326,471.279998779297,2024,2024,130,"Win",-0.450000047683715
"6",39,"SouthEden",36274.94921875,0,299.450012207031,83.8399963378906,1.13999998569489,-7.82999992370605,339.089996337891,2024,2024,131,"Win",-3.34499996900558
"6",40,"SouthEden",36420.75,2.20000004768372,236.330001831055,86.0400009155273,-1.33000004291534,-10.7600002288818,269.239990234375,2024,2024,132,"Win",-6.04500013589857
"6",41,"SouthEden",36568.05859375,0,387.700012207031,86.0400009155273,-2.69000005722046,-17.5499992370605,154.009994506836,2024,2024,133,"Win",-10.1199996471405
"6",42,"SouthEden",36716.8515625,0,380.440002441406,86.0400009155273,-3.05999994277954,-16.9099998474121,162.630004882812,2024,2024,134,"Win",-9.98499989509582
"6",43,"SouthEden",36867.05859375,0,390.480010986328,86.0400009155273,0.270000010728836,-14.6700000762939,195.929992675781,2024,2024,135,"Win",-7.20000003278253
"6",44,"SouthEden",37018.640625,0,389.339996337891,86.0400009155273,1.46000003814697,-13.1800003051758,221.479995727539,2024,2024,136,"Win",-5.86000013351441
"6",45,"SouthEden",37171.5390625,0,361.260009765625,86.0400009155273,2.99000000953674,-8.97999954223633,309.730010986328,2024,2024,137,"Win",-2.9949997663498
"6",46,"SouthEden",37325.7109375,8.02000045776367,195.880004882812,85.6800003051758,1.9099999666214,-5.1399998664856,416.920013427734,2024,2024,138,"Win",-1.6149999499321
"6",47,"SouthEden",37481.08984375,5.98000001907349,212.880004882812,91.6500015258789,-0.0700000002980232,-7.48000001907349,348.329986572266,2024,2024,139,"Win",-3.77500000968576
"6",48,"SouthEden",37637.6484375,0,397.399993896484,91.6500015258789,-2.59999990463257,-15.4399995803833,183.860000610352,2024,2024,140,"Win",-9.01999974250793
"6",49,"SouthEden",37795.328125,7.17000007629395,313.850006103516,98.8199996948242,-0.709999978542328,-14.8500003814697,193.160003662109,2024,2024,141,"Win",-7.78000018000601
"6",50,"SouthEden",37954.08984375,5.26999998092651,315.690002441406,104.089996337891,1.72000002861023,-12.4399995803833,235.199996948242,2024,2024,142,"Win",-5.35999977588654
"6",51,"SouthEden",38113.87890625,0,417.649993896484,104.089996337891,4.15000009536743,-9.93000030517578,287.470001220703,2024,2024,143,"Win",-2.89000010490417
"6",52,"SouthEden",38274.66015625,19.3700008392334,233.899993896484,103.889999389648,2.6800000667572,-5.51999998092651,405.040008544922,2024,2024,144,"Win",-1.41999995708466
"6",53,"SouthEden",38436.390625,0,363.880004882812,103.889999389648,2.42000007629395,-7.80000019073486,339.859985351562,2024,2024,145,"Win",-2.69000005722045
"6",54,"SouthEden",38599.03125,0,410.609985351562,103.889999389648,2.10999989509583,-10.6199998855591,272.239990234375,2024,2024,146,"Win",-4.25499999523163
"6",55,"SouthEden",38762.53125,0,390.959991455078,103.889999389648,0.109999999403954,-11.3100004196167,257.529998779297,2024,2024,147,"Win",-5.60000021010637
"6",56,"SouthEden",38926.8515625,0,434.679992675781,103.889999389648,4.48999977111816,-9.88000011444092,288.570007324219,2024,2024,148,"Win",-2.69500017166138
"6",57,"SouthEden",39091.94921875,11.8400001525879,350.850006103516,115.720001220703,5.73999977111816,-11.4899997711182,253.929992675781,2024,2024,149,"Win",-2.87500000000002
"6",58,"SouthEden",39257.80078125,1.60000002384186,328.040008544922,117.330001831055,-1.73000001907349,-10.1899995803833,281.649993896484,2024,2024,150,"Win",-5.9599997997284
"6",59,"SouthEden",39424.359375,0,421.899993896484,117.330001831055,-0.519999980926514,-12.9799995422363,225.160003662109,2024,2024,151,"Win",-6.74999976158141
"6",60,"SouthEden",39591.578125,0,472.200012207031,117.330001831055,3.30999994277954,-13.0299997329712,224.210006713867,2024,2024,152,"Win",-4.85999989509583
"6",61,"SouthEden",39759.44140625,0,438.290008544922,117.330001831055,6.46000003814697,-6.98000001907349,362.160003662109,2024,2024,153,"Win",-0.25999999046326
"6",62,"SouthEden",39927.8984375,7.01000022888184,331.880004882812,124.339996337891,4.82999992370605,-8.31999969482422,326.390014648438,2024,2024,154,"Win",-1.74499988555909
"6",63,"SouthEden",40096.921875,0,349.839996337891,124.339996337891,-3.22000002861023,-12.039999961853,242.899993896484,2024,2024,155,"Win",-7.62999999523162
"6",64,"SouthEden",40266.48046875,0.519999980926514,423.859985351562,124.849998474121,-3.73000001907349,-15.4099998474121,184.360000610352,2024,2024,156,"Win",-9.56999993324279
"6",65,"SouthEden",40436.53125,2.03999996185303,378.369995117188,126.900001525879,0.850000023841858,-16.6700000762939,165.899993896484,2024,2024,157,"Win",-7.91000002622602
"6",66,"SouthEden",40607.0390625,11.3400001525879,355.540008544922,138.229995727539,3.69000005722046,-10.9399995803833,265.399993896484,2024,2024,158,"Win",-3.62499976158142
"6",67,"SouthEden",40777.98828125,0,316.089996337891,138.229995727539,0.699999988079071,-7.1399998664856,357.649993896484,2024,2024,159,"Win",-3.21999993920326
"6",68,"SouthEden",40949.328125,0,470.570007324219,138.229995727539,-2.09999990463257,-16.0900001525879,174.25,2024,2024,160,"Win",-9.09500002861024
"6",69,"SouthEden",41121.05078125,0,521.179992675781,138.229995727539,0.870000004768372,-17.3099994659424,157.199996948242,2024,2024,161,"Win",-8.21999973058701
"6",70,"SouthEden",41293.109375,0,517.239990234375,138.229995727539,4.05000019073486,-13.8599996566772,209.520004272461,2024,2024,162,"Win",-4.90499973297117
"6",71,"SouthEden",41465.46875,0,490.670013427734,138.229995727539,6.09999990463257,-9.38000011444092,300.190002441406,2024,2024,163,"Win",-1.64000010490417
"6",72,"SouthEden",41638.12109375,4.67000007629395,308.519989013672,142.899993896484,4.61999988555908,-6.48000001907349,376.109985351562,2024,2024,164,"Win",-0.930000066757205
"6",73,"SouthEden",41811.01171875,1.58000004291534,348.700012207031,144.479995727539,2.6800000667572,-6.01000022888184,390.019989013672,2024,2024,165,"Win",-1.66500008106232
"6",74,"SouthEden",41984.12890625,0,371,144.190002441406,3.89000010490417,-5.30999994277954,411.429992675781,2024,2024,166,"Win",-0.709999918937685
"6",75,"SouthEden",42157.44140625,0,411.619995117188,144.190002441406,3.94000005722046,-6.46999979019165,376.420013427734,2024,2024,167,"Win",-1.2649998664856
"6",76,"SouthEden",42330.921875,0,487.549987792969,144.190002441406,6.57000017166138,-7.21999979019165,355.489990234375,2024,2024,168,"Win",-0.324999809265135
"6",77,"SouthEden",42504.53125,0,481.619995117188,144.190002441406,6.26999998092651,-7.17000007629395,356.679992675781,2024,2024,169,"Win",-0.45000004768372
"6",78,"SouthEden",42678.26171875,0,510.619995117188,144.190002441406,8.3100004196167,-6.69999980926514,370.010009765625,2024,2024,170,"Win",0.80500030517578
"6",79,"SouthEden",42852.05859375,0,514.450012207031,144.190002441406,8.35999965667725,-6.69999980926514,369.880004882812,2024,2024,171,"Win",0.829999923706055
"6",80,"SouthEden",43025.921875,0,532.710021972656,144.190002441406,9.84000015258789,-6.3600001335144,379.839996337891,2024,2024,172,"Win",1.74000000953675
"6",81,"SouthEden",43199.80859375,0,507.299987792969,143.809997558594,9.30000019073486,-5.09000015258789,418.459991455078,2024,2024,173,"Win",2.10500001907348
"6",82,"SouthEden",43373.69921875,3.05999994277954,369.690002441406,142.740005493164,10.289999961853,-3.46000003814697,473.019989013672,2024,2024,174,"Win",3.41499996185302
"6",83,"SouthEden",43547.55859375,4.48999977111816,354.390014648438,141.550003051758,9.60000038146973,-3.16000008583069,483.859985351562,2024,2024,175,"Win",3.22000014781952
"6",84,"SouthEden",43721.359375,1.87999999523163,331.070007324219,140.360000610352,4.6100001335144,-3.17000007629395,483.410003662109,2024,2024,176,"Win",0.720000028610225
"6",85,"SouthEden",43895.08984375,1.01999998092651,408.25,141.380004882812,3.05999994277954,-6.78000020980835,367.760009765625,2024,2024,177,"Win",-1.8600001335144
"6",86,"SouthEden",44068.69921875,4.36999988555908,278.130004882812,145.75,2.14000010490417,-6.34999990463257,379.880004882812,2024,2024,178,"Win",-2.1049998998642
"6",87,"SouthEden",44242.1796875,0,471.589996337891,145.75,4.98000001907349,-6.51999998092651,375.220001220703,2024,2024,179,"Win",-0.76999998092651
"6",88,"SouthEden",44415.48828125,4.84999990463257,333.769989013672,145.5,5.1399998664856,-5.40000009536743,408.730010986328,2024,2024,180,"Win",-0.130000114440915
"6",89,"SouthEden",44588.609375,0,469.589996337891,144.789993286133,7.03000020980835,-4.30000019073486,444.160003662109,2024,2024,181,"Win",1.36500000953674
"6",90,"SouthEden",44761.51171875,7.98999977111816,329.329986572266,143.960006713867,6.03000020980835,-4.03999996185303,453.029998779297,2024,2024,182,"Win",0.99500012397766
"6",91,"SouthEden",44934.1484375,5.17999982833862,264.630004882812,142.429992675781,5.17000007629395,-2.34999990463257,513.719970703125,2024,2024,183,"Win",1.41000008583069
"6",92,"SouthEden",45106.51953125,0,388.970001220703,141.320007324219,4.92000007629395,-3.35999989509583,476.75,2024,2024,184,"Win",0.78000009059906
"6",93,"SouthEden",45278.5703125,0,573.72998046875,141.320007324219,9.0600004196167,-6.15999984741211,385.600006103516,2024,2024,185,"Spr",1.45000028610229
"6",94,"SouthEden",45450.2890625,0,608.169982910156,140.710006713867,13.5900001525879,-4.53000020980835,420.420013427734,2024,2024,186,"Spr",4.52999997138977
"6",95,"SouthEden",45621.640625,0,583.760009765625,138.910003662109,14.3999996185303,-1.71000003814697,519.929992675781,2024,2024,187,"Spr",6.34499979019166
"6",96,"SouthEden",45792.578125,0,579.369995117188,137.5,12.9700002670288,-2.64000010490417,491.559997558594,2024,2024,188,"Spr",5.16500008106232
"6",97,"SouthEden",45963.1015625,0.129999995231628,397.440002441406,137.050003051758,3.5699999332428,-4.94000005722046,423.079986572266,2024,2024,189,"Spr",-0.68500006198883
"6",98,"SouthEden",46133.1484375,0,420.320007324219,136.639999389648,3.92000007629395,-5.03000020980835,420.380004882812,2024,2024,190,"Spr",-0.5550000667572
"6",99,"SouthEden",46302.69921875,0,525.179992675781,136.520004272461,6.32000017166138,-5.69999980926514,399.359985351562,2024,2024,191,"Spr",0.31000018119812
"6",100,"SouthEden",46471.73046875,0,601.190002441406,136.520004272461,9.14000034332275,-6.34000015258789,373.459991455078,2024,2024,192,"Spr",1.40000009536743
"6",101,"SouthEden",46640.19140625,0,602.460021972656,135.5,12.0799999237061,-3.5699999332428,444.450012207031,2024,2024,193,"Spr",4.25499999523165
"6",102,"SouthEden",46808.05078125,0,628.260009765625,134.130004882812,15,-2.73000001907349,450.040008544922,2024,2024,194,"Spr",6.13499999046326
"6",103,"SouthEden",46975.28125,0,640.669982910156,131.860000610352,18.9799995422363,-0.600000023841858,483.839996337891,2024,2024,195,"Spr",9.18999975919722
"6",104,"SouthEden",47141.83984375,0,602.900024414062,128.25,19.4400005340576,2.57999992370605,600.140014648438,2024,2024,196,"Spr",11.0100002288818
"6",105,"SouthEden",47307.69140625,0,601.210021972656,125.410003662109,17.4400005340576,0.769999980926514,526.27001953125,2024,2024,197,"Spr",9.10500025749206
"6",106,"SouthEden",47472.7890625,0,519.909973144531,122.449996948242,13.6000003814697,1.04999995231628,592.840026855469,2024,2024,198,"Spr",7.32500016689299
"6",107,"SouthEden",47637.109375,0,416.079986572266,118.949996948242,11.5200004577637,2.32999992370605,715.039978027344,2024,2024,199,"Spr",6.92500019073487
"6",108,"SouthEden",47800.609375,0,440.720001220703,116.48999786377,9.47999954223633,-0.129999995231628,574.219970703125,2024,2024,200,"Spr",4.67499977350235
"6",109,"SouthEden",47963.25,0,621.039978027344,116.48999786377,9.35000038146973,-7.09000015258789,295.5,2024,2024,201,"Spr",1.13000011444092
"6",110,"SouthEden",48124.98046875,0,629.219970703125,116.410003662109,11.1700000762939,-5.80999994277954,314.839996337891,2024,2024,202,"Spr",2.68000006675718
"6",111,"SouthEden",48285.76953125,0,604.309997558594,115.01000213623,12.8900003433228,-2.6800000667572,395.959991455078,2024,2024,203,"Spr",5.1050001382828
"6",112,"SouthEden",48445.55859375,0,648.140014648438,113.330001831055,16.9599990844727,-1.99000000953674,380.269989013672,2024,2024,204,"Spr",7.48499953746798
"6",113,"SouthEden",48604.328125,0,616.260009765625,110.769996643066,16.7700004577637,0.0900000035762787,455.459991455078,2024,2024,205,"Spr",8.43000023066999
"6",114,"SouthEden",48762.01171875,0,609.02001953125,108.180000305176,16.7000007629395,0.170000001788139,460.959991455078,2024,2024,206,"Spr",8.43500038236382
"6",115,"SouthEden",48918.5703125,0,614.570007324219,104.669998168945,19.7000007629395,2.33999991416931,516.700012207031,2024,2024,207,"Spr",11.0200003385544
"6",116,"SouthEden",49073.9609375,0.740000009536743,561.340026855469,101.129997253418,17.0599994659424,2.4300000667572,553.630004882812,2024,2024,208,"Spr",9.7449997663498
"6",117,"SouthEden",49228.12109375,9.69999980926514,264.029998779297,97.5899963378906,10.289999961853,2.44000005722046,727.77001953125,2024,2024,209,"Spr",6.36500000953673
"6",118,"SouthEden",49381.01953125,7.05999994277954,241.470001220703,94.2300033569336,9.03999996185303,2,705.570007324219,2024,2024,210,"Spr",5.51999998092651
"6",119,"SouthEden",49532.609375,0,423.369995117188,91.2699966430664,10.6099996566772,1.04999995231628,640.090026855469,2024,2024,211,"Spr",5.82999980449674
"6",120,"SouthEden",49682.8203125,0,524.510009765625,88.6800003051758,12.9700002670288,0.170000001788139,540.940002441406,2024,2024,212,"Spr",6.57000013440847
"6",121,"SouthEden",49831.609375,0,533.75,87.2099990844727,10.6099996566772,-2.50999999046326,452.160003662109,2024,2024,213,"Spr",4.04999983310697
"6",122,"SouthEden",49978.9296875,0,413.579986572266,85.6100006103516,7.15000009536743,-2.19000005722046,520,2024,2024,214,"Spr",2.48000001907348
"6",123,"SouthEden",50124.73046875,2.32999992370605,432.809997558594,85.5400009155273,9.07999992370605,-5.82999992370605,390.619995117188,2024,2024,215,"Spr",1.625
"6",124,"SouthEden",50268.94140625,1.07000005245209,436.320007324219,83.9700012207031,7.48000001907349,-2.25999999046326,508.25,2024,2024,216,"Spr",2.61000001430511
"6",125,"SouthEden",50411.51953125,0.0700000002980232,676.280029296875,83.6999969482422,16.2299995422363,-5.34999990463257,303.339996337891,2024,2024,217,"Spr",5.43999981880186
"6",126,"SouthEden",50552.41015625,2.66000008583069,407.049987792969,81.0100021362305,13.9200000762939,0.379999995231628,601.840026855469,2024,2024,218,"Spr",7.15000003576276
"6",127,"SouthEden",50691.55078125,5.80999994277954,275.989990234375,79.129997253418,6.51000022888184,-1.50999999046326,546.900024414062,2024,2024,219,"Spr",2.50000011920929
"6",128,"SouthEden",50828.87890625,0.990000009536743,288.079986572266,77.1100006103516,4.8600001335144,-1.20000004768372,559.549987792969,2024,2024,220,"Spr",1.83000004291534
"6",129,"SouthEden",50964.33984375,0,354.410003662109,75.7200012207031,4.80000019073486,-2.70000004768372,500.730010986328,2024,2024,221,"Spr",1.05000007152557
"6",130,"SouthEden",51097.890625,0,475.619995117188,73.8099975585938,9.17000007629395,-1.44000005722046,519.099975585938,2024,2024,222,"Spr",3.86500000953675
"6",131,"SouthEden",51229.44921875,0,560.950012207031,71.4800033569336,13.0799999237061,-0.46000000834465,496.079986572266,2024,2024,223,"Spr",6.30999995768073
"6",132,"SouthEden",51358.96875,0,619.919982910156,69.0800018310547,16.1299991607666,-0.280000001192093,460.929992675781,2024,2024,224,"Spr",7.92499957978725
"6",133,"SouthEden",51486.37890625,0,642.530029296875,65.75,20.1399993896484,1.91999995708466,505.230010986328,2024,2024,225,"Spr",11.0299996733665
"6",134,"SouthEden",51611.62890625,0,636.47998046875,62.0499992370605,20.7099990844727,2.8199999332428,537.580017089844,2024,2024,226,"Spr",11.7649995088578
"6",135,"SouthEden",51734.6484375,0,600.049987792969,58.5,18,2.46000003814697,557.02001953125,2024,2024,227,"Spr",10.2300000190735
"6",136,"SouthEden",51855.390625,0,569.619995117188,55.1199989318848,16.1700000762939,2.03999996185303,566.349975585938,2024,2024,228,"Spr",9.10500001907347
"6",137,"SouthEden",51973.76953125,0,620.450012207031,51.5400009155273,19.7099990844727,2.52999997138977,518.460021972656,2024,2024,229,"Spr",11.1199995279312
"6",138,"SouthEden",52089.75,0,554.320007324219,46.8899993896484,19.1599998474121,5.05999994277954,648.27001953125,2024,2024,230,"Spr",12.1099998950958
"6",139,"SouthEden",52203.25,0,615.669982910156,43.6100006103516,18.8600006103516,1.82000005245209,484.140014648438,2024,2024,231,"Spr",10.3400003314018
"6",140,"SouthEden",52314.2109375,0,499.980010986328,39.2400016784668,16.2900009155273,4.40999984741211,653.619995117188,2024,2024,232,"Spr",10.3500003814697
"6",141,"SouthEden",52422.5703125,0,493.679992675781,36.1699981689453,12.7299995422363,1.29999995231628,536.369995117188,2024,2024,233,"Spr",7.01499974727629
"6",142,"SouthEden",52528.28125,0,586.690002441406,34.8699989318848,11.8199996948242,-2.90000009536743,362.309997558594,2024,2024,234,"Spr",4.45999979972838
"6",143,"SouthEden",52631.26953125,0,607.840026855469,32.6800003051758,15.0100002288818,-0.790000021457672,343.290008544922,2024,2024,235,"Spr",7.11000010371206
"6",144,"SouthEden",52731.46875,0,502.019989013672,30.8299999237061,9.69999980926514,-1.5900000333786,403.369995117188,2024,2024,236,"Spr",4.05499988794327
"6",145,"SouthEden",52828.828125,0,662.409973144531,29.7299995422363,16.0599994659424,-3.39000010490417,258.25,2024,2024,237,"Spr",6.33499968051912
"6",146,"SouthEden",52923.2890625,7.65000009536743,355.350006103516,26.6900005340576,11.8500003814697,1.24000000953674,581.369995117188,2024,2024,238,"Spr",6.54500019550322
"6",147,"SouthEden",53014.7890625,0,546.090026855469,23.1800003051758,15.5299997329712,2.35999989509583,487.690002441406,2024,2024,239,"Spr",8.94499981403352
"6",148,"SouthEden",53103.26953125,0,635.280029296875,20.0100002288818,19.7900009155273,1.52999997138977,342.989990234375,2024,2024,240,"Spr",10.6600004434585
"6",149,"SouthEden",53188.671875,0,649.450012207031,16.4099998474121,22.75,2.57999992370605,337.690002441406,2024,2024,241,"Spr",12.664999961853
"6",150,"SouthEden",53270.94140625,0,611.47998046875,12.1999998092651,21.5900001525879,4.01999998092651,404.950012207031,2024,2024,242,"Spr",12.8050000667572
"6",151,"SouthEden",53350.03125,0,571.710021972656,9.34000015258789,16.0599994659424,0.800000011920929,374.510009765625,2024,2024,243,"Spr",8.42999973893166
"6",152,"SouthEden",53425.87109375,0,623.549987792969,6.34999990463257,19.8299999237061,1.11000001430511,331.600006103516,2024,2024,244,"Spr",10.4699999690056
"6",153,"SouthEden",53498.4296875,0,626.070007324219,2.4300000667572,22.6399993896484,3.34999990463257,338.529998779297,2024,2024,245,"Spr",12.9949996471405
"6",154,"SouthEden",53567.640625,0,493.619995117188,0,21.0200004577637,5.86999988555908,528.640014648438,2024,2024,246,"Spr",13.4450001716614
"6",155,"SouthEden",53633.4609375,3.35999989509583,266.630004882812,0,16.3600006103516,6.69999980926514,868.669982910156,2024,2024,247,"Spr",11.5300002098084
"6",156,"SouthEden",53695.83984375,0,375.209991455078,0,18.2999992370605,8.15999984741211,788.630004882812,2024,2024,248,"Spr",13.2299995422363
"6",157,"SouthEden",53754.73828125,0,543.900024414062,0,23.7600002288818,5.90000009536743,402.809997558594,2024,2024,249,"Spr",14.8300001621246
"6",158,"SouthEden",53810.12109375,0,565.840026855469,0,26.5,6.23000001907349,376.260009765625,2024,2024,250,"Spr",16.3650000095367
"6",159,"SouthEden",53861.9296875,0,493.279998779297,0,26.5900001525879,10.7600002288818,601.840026855469,2024,2024,251,"Spr",18.6750001907348
"6",160,"SouthEden",53910.140625,0,468.589996337891,0,25.7299995422363,11.0100002288818,653.200012207031,2024,2024,252,"Spr",18.369999885559
"6",161,"SouthEden",53954.7109375,0,484.829986572266,0,24.2800006866455,8.86999988555908,555.330017089844,2024,2024,253,"Spr",16.5750002861023
"6",162,"SouthEden",53995.6015625,0,474.600006103516,0,23.8700008392334,9.02999973297119,576.820007324219,2024,2024,254,"Spr",16.4500002861023
"6",163,"SouthEden",54032.7890625,0,553.330017089844,0,25.1700000762939,5.78000020980835,351.730010986328,2024,2024,255,"Spr",15.4750001430511
"6",164,"SouthEden",54066.23828125,0,565.530029296875,0,28.0200004577637,7.34999990463257,370.769989013672,2024,2024,256,"Spr",17.6850001811981
"6",165,"SouthEden",54095.94140625,0,552.380004882812,0,29.3500003814697,9.48999977111816,432.920013427734,2024,2024,257,"Spr",19.4200000762939
"6",166,"SouthEden",54121.859375,0,531.359985351562,0,28.1200008392334,9.72000026702881,450.429992675781,2024,2024,258,"Spr",18.9200005531311
"6",167,"SouthEden",54143.96875,0,467.390014648438,0,24.3099994659424,9.60999965667725,552.909973144531,2024,2024,259,"Spr",16.9599995613098
"6",168,"SouthEden",54162.26171875,0,486.209991455078,0,20.8600006103516,5.42999982833862,418.890014648438,2024,2024,260,"Spr",13.1450002193451
"6",169,"SouthEden",54176.73046875,0,494.880004882812,0,18.6800003051758,2.96000003814697,358.869995117188,2024,2024,261,"Spr",10.8200001716614
"6",170,"SouthEden",54187.33984375,0,530.799987792969,0,15.5900001525879,-2.20000004768372,244.300003051758,2024,2024,262,"Spr",6.69500005245209
"6",171,"SouthEden",54194.1015625,0,568.820007324219,0,20.9200000762939,-0.28999999165535,231.529998779297,2024,2024,263,"Spr",10.3150000423193
"6",172,"SouthEden",54197.01171875,0,538.97998046875,0,24.7299995422363,5.53000020980835,349.109985351562,2024,2024,264,"Spr",15.1299998760223
"6",173,"SouthEden",54196.05078125,0,484.140014648438,0,24.3999996185303,8.43000030517578,464.769989013672,2024,2024,265,"Spr",16.414999961853
"6",174,"SouthEden",54191.23046875,0,566.380004882812,0,28.6100006103516,6.57999992370605,350.350006103516,2024,2024,266,"Spr",17.5950002670288
"6",175,"SouthEden",54182.55859375,0,553.97998046875,0,30.0900001525879,8.97999954223633,417.209991455078,2024,2024,267,"Spr",19.5349998474121
"6",176,"SouthEden",54170.0390625,0,518.47998046875,0,29.3700008392334,10.7200002670288,472.630004882812,2024,2024,268,"Spr",20.0450005531311
"6",177,"SouthEden",54153.6796875,0,527.950012207031,0,28.9799995422363,9.53999996185303,434.5,2024,2024,269,"Spr",19.2599997520447
"6",178,"SouthEden",54133.48828125,0,488.640014648438,0,27.6499996185303,10.7700004577637,474.410003662109,2024,2024,270,"Spr",19.210000038147
"6",179,"SouthEden",54109.48828125,0,440.670013427734,0,25.1299991607666,10.8699998855591,477.700012207031,2024,2024,271,"Spr",17.9999995231628
"6",180,"SouthEden",54081.69140625,0,488.049987792969,0,22.9799995422363,6.57999992370605,350.320007324219,2024,2024,272,"Spr",14.7799997329712
"6",181,"SouthEden",54050.12890625,0,566.239990234375,0,28.6499996185303,6.11999988555908,338.640014648438,2024,2024,273,"Spr",17.3849997520447
"6",182,"SouthEden",54014.8203125,0,537.159973144531,0,28.7999992370605,8.68000030517578,408.279998779297,2024,2024,274,"Spr",18.7399997711181
"6",183,"SouthEden",53975.7890625,0,432.739990234375,0,23.2900009155273,9.39999961853027,430.170013427734,2024,2024,275,"Spr",16.3450002670288
"6",184,"SouthEden",53933.0703125,0,494.230010986328,0,21.9799995422363,5.1100001335144,314.190002441406,2024,2024,276,"Sum",13.5449998378754
"6",185,"SouthEden",53886.69921875,0,506.239990234375,0,22.8999996185303,5.05999994277954,313.130004882812,2024,2024,277,"Sum",13.9799997806549
"6",186,"SouthEden",53836.69921875,0,520.080017089844,0,23.25,4.28000020980835,295.339996337891,2024,2024,278,"Sum",13.7650001049042
"6",187,"SouthEden",53783.12109375,0,537.440002441406,0,25.2800006866455,4.86999988555908,308.529998779297,2024,2024,279,"Sum",15.0750002861023
"6",188,"SouthEden",53725.98828125,0,523.469970703125,0,26.5300006866455,7.03999996185303,362.420013427734,2024,2024,280,"Sum",16.7850003242493
"6",189,"SouthEden",53665.359375,0,504.989990234375,0,26.2900009155273,7.94999980926514,387.290008544922,2024,2024,281,"Sum",17.1200003623962
"6",190,"SouthEden",53601.26171875,0,520.280029296875,0,26.9799995422363,7.46999979019165,373.790008544922,2024,2024,282,"Sum",17.224999666214
"6",191,"SouthEden",53533.76171875,0,527.469970703125,0,29.3799991607666,9.01000022888184,418.209991455078,2024,2024,283,"Sum",19.1949996948242
"6",192,"SouthEden",53462.87890625,0,535.640014648438,0,31.3500003814697,9.97999954223633,448.420013427734,2024,2024,284,"Sum",20.664999961853
"6",193,"SouthEden",53388.69140625,0,546.469970703125,0,33.5299987792969,10.8699998855591,477.75,2024,2024,285,"Sum",22.199999332428
"6",194,"SouthEden",53311.23046875,0,527.25,0,32.6100006103516,11.5500001907349,501.410003662109,2024,2024,286,"Sum",22.0800004005432
"6",195,"SouthEden",53230.55859375,0,493,0,31.7099990844727,13.1099996566772,559.309997558594,2024,2024,287,"Sum",22.409999370575
"6",196,"SouthEden",53146.73046875,0,472.239990234375,0,31.0200004577637,13.6999998092651,582.909973144531,2024,2024,288,"Sum",22.3600001335144
"6",197,"SouthEden",53059.7890625,0,433.059997558594,0,28.2600002288818,13.1099996566772,559.390014648438,2024,2024,289,"Sum",20.6849999427795
"6",198,"SouthEden",52969.80859375,0,469.440002441406,0,28.3799991607666,11.3400001525879,493.739990234375,2024,2024,290,"Sum",19.8599996566772
"6",199,"SouthEden",52876.83984375,0,511.130004882812,0,30.5,10.6300001144409,469.519989013672,2024,2024,291,"Sum",20.5650000572205
"6",200,"SouthEden",52780.9296875,0,493.910003662109,0,30.4799995422363,11.6999998092651,506.75,2024,2024,292,"Sum",21.0899996757507
"6",201,"SouthEden",52682.16015625,0,483.130004882812,0,30.2800006866455,12.1800003051758,523.880004882812,2024,2024,293,"Sum",21.2300004959107
"6",202,"SouthEden",52580.5703125,0,500.029998779297,0,30.5200004577637,11.3199996948242,493.010009765625,2024,2024,294,"Sum",20.920000076294
"6",203,"SouthEden",52476.23046875,0,479.649993896484,0,28.2099990844727,10.3800001144409,461.299987792969,2024,2024,295,"Sum",19.2949995994568
"6",204,"SouthEden",52369.19140625,0,476.959991455078,0,28.5300006866455,10.8999996185303,478.839996337891,2024,2024,296,"Sum",19.7150001525879
"6",205,"SouthEden",52259.53125,0,504.029998779297,0,30.2399997711182,10.8000001907349,475.410003662109,2024,2024,297,"Sum",20.5199999809265
"6",206,"SouthEden",52147.30859375,0,513.099975585938,0,31.5200004577637,11.1899995803833,488.700012207031,2024,2024,298,"Sum",21.3550000190735
"6",207,"SouthEden",52032.5703125,9.96000003814697,324.239990234375,0,29.0499992370605,13.6499996185303,580.609985351562,2024,2024,299,"Sum",21.3499994277954
"6",208,"SouthEden",51915.3984375,0,432.049987792969,0,27.25,12.0500001907349,519.309997558594,2024,2024,300,"Sum",19.6500000953674
"6",209,"SouthEden",51795.83984375,13.6999998092651,290.390014648438,0,24.3899993896484,11.2799997329712,491.839996337891,2024,2024,301,"Sum",17.8349995613098
"6",210,"SouthEden",51673.9609375,0,487.480010986328,0,27.1299991607666,8.85999965667725,413.619995117188,2024,2024,302,"Sum",17.9949994087219
"6",211,"SouthEden",51549.828125,0,493.220001220703,0,27.4500007629395,8.85999965667725,413.510009765625,2024,2024,303,"Sum",18.1550002098084
"6",212,"SouthEden",51423.5,0,487.209991455078,0,26.3999996185303,8.21000003814697,394.570007324219,2024,2024,304,"Sum",17.3049998283386
"6",213,"SouthEden",51295.03125,0,483.269989013672,0,26.6000003814697,8.5,403.010009765625,2024,2024,305,"Sum",17.5500001907348
"6",214,"SouthEden",51164.5,0,494.309997558594,0,27.9099998474121,8.93000030517578,415.75,2024,2024,306,"Sum",18.4200000762939
"6",215,"SouthEden",51031.94140625,0,494.279998779297,0,30.0400009155273,10.8000001907349,475.290008544922,2024,2024,307,"Sum",20.4200005531311
"6",216,"SouthEden",50897.44140625,0,492.570007324219,0,31.6200008392334,12.2299995422363,526,2024,2024,308,"Sum",21.9250001907348
"6",217,"SouthEden",50761.0390625,0,451.329986572266,0,30.0499992370605,13.3500003814697,568.820007324219,2024,2024,309,"Sum",21.6999998092651
"6",218,"SouthEden",50622.80859375,0,466.399993896484,0,30.3099994659424,12.7299995422363,544.570007324219,2024,2024,310,"Sum",21.5199995040893
"6",219,"SouthEden",50482.80078125,0,476.709991455078,0,31.3299999237061,12.9899997711182,554.640014648438,2024,2024,311,"Sum",22.1599998474122
"6",220,"SouthEden",50341.05859375,0,470.440002441406,0,30.4699993133545,12.5699996948242,538.700012207031,2024,2024,312,"Sum",21.5199995040893
"6",221,"SouthEden",50197.671875,0,501.540008544922,0,29.7999992370605,9.76000022888184,441.25,2024,2024,313,"Sum",19.7799997329712
"6",222,"SouthEden",50052.66015625,0,469.209991455078,0,27.5799999237061,9.92000007629395,446.350006103516,2024,2024,314,"Sum",18.75
"6",223,"SouthEden",49906.109375,0,493.660003662109,0,29.5400009155273,10.1400003433228,453.350006103516,2024,2024,315,"Sum",19.840000629425
"6",224,"SouthEden",49758.05078125,0,478.209991455078,0,28.3299999237061,10.0699996948242,451.200012207031,2024,2024,316,"Sum",19.1999998092652
"6",225,"SouthEden",49608.5390625,10.7299995422363,295.940002441406,0,24.3700008392334,10.7299995422363,472.890014648438,2024,2024,317,"Sum",17.5500001907348
"6",226,"SouthEden",49457.6484375,7.15999984741211,268.559997558594,0,22.6399993896484,10.3900003433228,695.130004882812,2024,2024,318,"Sum",16.5149998664856
"6",227,"SouthEden",49305.3984375,0,432.649993896484,0,23.0799999237061,7.67999982833862,395.660003662109,2024,2024,319,"Sum",15.3799998760224
"6",228,"SouthEden",49151.87109375,0,465.630004882812,0,25.4699993133545,8.10999965667725,391.630004882812,2024,2024,320,"Sum",16.7899994850159
"6",229,"SouthEden",48997.08984375,0,478.320007324219,0,26.9500007629395,8.56999969482422,405.179992675781,2024,2024,321,"Sum",17.7600002288819
"6",230,"SouthEden",48841.12109375,4.48999977111816,346.290008544922,0,26.2399997711182,8.52000045776367,534.760009765625,2024,2024,322,"Sum",17.3800001144409
"6",231,"SouthEden",48683.98828125,3.10999989509583,326.829986572266,0,26.6599998474121,10.2399997711182,691.140014648438,2024,2024,323,"Sum",18.4499998092652
"6",232,"SouthEden",48525.76953125,0,451.170013427734,0,27.4400005340576,10.4499998092651,516.789978027344,2024,2024,324,"Sum",18.9450001716613
"6",233,"SouthEden",48366.48828125,0,453.429992675781,0,28.3999996185303,11.0799999237061,531.400024414062,2024,2024,325,"Sum",19.7399997711182
"6",234,"SouthEden",48206.19921875,0,452.799987792969,0,27.7199993133545,10.4099998474121,515.780029296875,2024,2024,326,"Sum",19.0649995803833
"6",235,"SouthEden",48044.94140625,0,480.640014648438,0,26.8799991607666,7.73999977111816,404.890014648438,2024,2024,327,"Sum",17.3099994659424
"6",236,"SouthEden",47882.75,0,425.989990234375,0,25.6200008392334,9.84000015258789,553.950012207031,2024,2024,328,"Sum",17.7300004959106
"6",237,"SouthEden",47719.69140625,0,444.760009765625,0,24.5400009155273,7.82000017166138,392.399993896484,2024,2024,329,"Sum",16.1800005435943
"6",238,"SouthEden",47555.76953125,0,405.679992675781,0,22.1200008392334,7.5,451.760009765625,2024,2024,330,"Sum",14.8100004196167
"6",239,"SouthEden",47391.05859375,0,404.779998779297,0,19.9500007629395,5.34999990463257,406.920013427734,2024,2024,331,"Sum",12.650000333786
"6",240,"SouthEden",47225.578125,0,477.880004882812,0,23.75,4.42000007629395,298.350006103516,2024,2024,332,"Sum",14.085000038147
"6",241,"SouthEden",47059.37109375,0,458.299987792969,0,24.1000003814697,6.03999996185303,342.779998779297,2024,2024,333,"Sum",15.0700001716614
"6",242,"SouthEden",46892.48046875,0,493.170013427734,0,22.4500007629395,1.50999999046326,239.339996337891,2024,2024,334,"Sum",11.9800003767014
"6",243,"SouthEden",46724.9296875,0,481.390014648438,0,23.5799999237061,3.39000010490417,276.230010986328,2024,2024,335,"Sum",13.4850000143051
"6",244,"SouthEden",46556.76953125,0,487.839996337891,0,26.0799999237061,4.80000019073486,307.079986572266,2024,2024,336,"Sum",15.4400000572205
"6",245,"SouthEden",46388.01953125,0,482.730010986328,0,27.5,6.34999990463257,344.420013427734,2024,2024,337,"Sum",16.9249999523163
"6",246,"SouthEden",46218.73046875,0,482.429992675781,0,28.5400009155273,7.07000017166138,363.089996337891,2024,2024,338,"Sum",17.8050005435943
"6",247,"SouthEden",46048.9296875,0,426.920013427734,0,27.0300006866455,9.75,440.959991455078,2024,2024,339,"Sum",18.3900003433228
"6",248,"SouthEden",45878.640625,0,418.869995117188,0,24.0599994659424,7.34000015258789,400.630004882812,2024,2024,340,"Sum",15.6999998092651
"6",249,"SouthEden",45707.91015625,0,437.570007324219,0,23.2000007629395,5.19000005722046,332.720001220703,2024,2024,341,"Sum",14.19500041008
"6",250,"SouthEden",45536.76171875,0,452.549987792969,0,25.3500003814697,5.92999982833862,333.829986572266,2024,2024,342,"Sum",15.6400001049042
"6",251,"SouthEden",45365.23046875,0,452.040008544922,0,26.8700008392334,7.13000011444092,364.779998779297,2024,2024,343,"Sum",17.0000004768372
"6",252,"SouthEden",45193.33984375,0,447.730010986328,0,27.5499992370605,7.8899998664856,385.450012207031,2024,2024,344,"Sum",17.719999551773
"6",253,"SouthEden",45021.12109375,0,423.010009765625,0,27.6900005340576,9.69999980926514,450.630004882812,2024,2024,345,"Sum",18.6950001716614
"6",254,"SouthEden",44848.62109375,0,421.179992675781,0,26.8600006103516,8.82999992370605,435.049987792969,2024,2024,346,"Sum",17.8450002670288
"6",255,"SouthEden",44675.83984375,3.14000010490417,286.579986572266,0,25.2800006866455,9.28999996185303,699.469970703125,2024,2024,347,"Sum",17.2850003242493
"6",256,"SouthEden",44502.828125,0,317.25,0,18.7000007629395,6.42000007629395,599.72998046875,2024,2024,348,"Sum",12.5600004196167
"6",257,"SouthEden",44329.62109375,0,401.739990234375,0,16.6900005340576,-0.140000000596046,317.589996337891,2024,2024,349,"Sum",8.27500026673078
"6",258,"SouthEden",44156.21875,0,450.029998779297,0,22.0499992370605,0.699999988079071,272.429992675781,2024,2024,350,"Sum",11.3749996125698
"6",259,"SouthEden",43982.671875,2.39000010490417,328.269989013672,0,24.4599990844727,3.47000002861023,451.619995117188,2024,2024,351,"Sum",13.9649995565415
"6",260,"SouthEden",43809,0,407.5,0,23.1599998474121,4.82999992370605,426.25,2024,2024,352,"Sum",13.9949998855591
"6",261,"SouthEden",43635.23046875,9.22000026702881,179.110000610352,0,14.1499996185303,4.86999988555908,811.22998046875,2024,2024,353,"Sum",9.50999975204469
"6",262,"SouthEden",43461.390625,0,257.290008544922,0,14.9700002670288,4.94999980926514,742.659973144531,2024,2024,354,"Sum",9.96000003814697
"6",263,"SouthEden",43287.51953125,0,398.369995117188,0,19.0799999237061,1.23000001907349,419.049987792969,2024,2024,355,"Sum",10.1549999713898
"6",264,"SouthEden",43113.62109375,0,409.790008544922,0,21.5100002288818,2.33999991416931,431.239990234375,2024,2024,356,"Sum",11.9250000715256
"6",265,"SouthEden",42939.75,0,389.149993896484,0,20.9200000762939,3.17000007629395,481.739990234375,2024,2024,357,"Sum",12.0450000762939
"6",266,"SouthEden",42765.91015625,0,395.899993896484,0,21.2600002288818,2.69000005722046,459.329986572266,2024,2024,358,"Sum",11.9750001430511
"6",267,"SouthEden",42592.140625,0,384.369995117188,0,20.5799999237061,2.71000003814697,476.480010986328,2024,2024,359,"Sum",11.6449999809265
"6",268,"SouthEden",42418.46875,0,390.679992675781,0,22.3700008392334,3.47000002861023,487.899993896484,2024,2024,360,"Sum",12.9200004339218
"6",269,"SouthEden",42244.921875,0,408.890014648438,0,26.3999996185303,4.98000001907349,501,2024,2024,361,"Sum",15.6899998188019
"6",270,"SouthEden",42071.51953125,0,388.700012207031,0,25.5699996948242,5.8899998664856,564.070007324219,2024,2024,362,"Sum",15.7299997806549
"6",271,"SouthEden",41898.30078125,0,392.059997558594,0,25.2199993133545,4.84000015258789,524.890014648438,2024,2024,363,"Sum",15.0299997329712
"6",272,"SouthEden",41725.2890625,0,395.859985351562,0,26.6399993896484,5.42000007629395,536.169982910156,2024,2024,364,"Sum",16.0299997329712
"6",273,"SouthEden",41552.51953125,0,393.109985351562,0,28.0200004577637,6.55999994277954,578.059997558594,2024,2024,365,"Sum",17.2900002002716
"6",274,"SouthEden",41380.01171875,0,347.890014648438,0,22.1100006103516,5.03000020980835,606.369995117188,2024,2025,1,"Fall",13.57000041008
"6",275,"SouthEden",41207.7890625,0,382.670013427734,0,20.7600002288818,0.52999997138977,420.440002441406,2024,2025,2,"Fall",10.6450001001358
"6",276,"SouthEden",41035.8984375,0,386.929992675781,0,23.6100006103516,2.34999990463257,461.630004882812,2024,2025,3,"Fall",12.9800002574921
"6",277,"SouthEden",40864.359375,0,372.339996337891,0,22.1599998474121,2.17000007629395,478.049987792969,2024,2025,4,"Fall",12.164999961853
"6",278,"SouthEden",40693.2109375,0,391.109985351562,0,25.7800006866455,2.60999989509583,459.339996337891,2024,2025,5,"Fall",14.1950002908707
"6",279,"SouthEden",40522.46875,0,318.149993896484,0,21.8799991607666,5.73000001907349,685.840026855469,2024,2025,6,"Fall",13.80499958992
"6",280,"SouthEden",40352.19140625,0,365.989990234375,0,22.2900009155273,1.75999999046326,474.459991455078,2024,2025,7,"Fall",12.0250004529953
"6",281,"SouthEden",40182.37890625,0,357.619995117188,0,22.7999992370605,2.76999998092651,516.450012207031,2024,2025,8,"Fall",12.7849996089935
"6",282,"SouthEden",40013.078125,0,362.320007324219,0,22.8600006103516,1.85000002384186,481.140014648438,2024,2025,9,"Fall",12.3550003170967
"6",283,"SouthEden",39844.33984375,0,353.600006103516,0,23.7700004577637,3.22000002861023,535.809997558594,2024,2025,10,"Fall",13.495000243187
"6",284,"SouthEden",39676.171875,0,335.359985351562,0,23.0400009155273,4.05999994277954,594.380004882812,2024,2025,11,"Fall",13.5500004291534
"6",285,"SouthEden",39508.62109375,0,322.059997558594,0,23.0699996948242,4.96000003814697,650.530029296875,2024,2025,12,"Fall",14.0149998664856
"6",286,"SouthEden",39341.71875,0,329.690002441406,0,22.3700008392334,3.13000011444092,569.599975585938,2024,2025,13,"Fall",12.7500004768372
"6",287,"SouthEden",39175.51171875,0,324.799987792969,0,21.8500003814697,2.79999995231628,566.039978027344,2024,2025,14,"Fall",12.325000166893
"6",288,"SouthEden",39010.03125,0,331.410003662109,0,22.2700004577637,2.24000000953674,536.989990234375,2024,2025,15,"Fall",12.2550002336502
"6",289,"SouthEden",38845.30859375,0,320.170013427734,0,22.0699996948242,2.84999990463257,574.859985351562,2024,2025,16,"Fall",12.4599997997284
"6",290,"SouthEden",38681.390625,0,316.350006103516,0,21.6100006103516,2.50999999046326,569.02001953125,2024,2025,17,"Fall",12.0600003004074
"6",291,"SouthEden",38518.30859375,6.15000009536743,154.789993286133,0,13.0900001525879,2.33999991416931,722.700012207031,2024,2025,18,"Fall",7.7150000333786
"6",292,"SouthEden",38356.12109375,0,129.320007324219,0,6.76000022888184,0.389999985694885,628.460021972656,2024,2025,19,"Fall",3.57500010728836
"6",293,"SouthEden",38194.859375,0,246.550003051758,0,12.0100002288818,-1.41999995708466,543.510009765625,2024,2025,20,"Fall",5.29500013589857
"6",294,"SouthEden",38034.55859375,0,300.489990234375,0,16.4500007629395,-1.76999998092651,475.679992675781,2024,2025,21,"Fall",7.3400003910065
"6",295,"SouthEden",37875.26953125,0,269.779998779297,0,16.2299995422363,0.540000021457672,589.320007324219,2024,2025,22,"Fall",8.38499978184699
"6",296,"SouthEden",37717.0390625,0,270.010009765625,0,16.3600006103516,0.5,588,2024,2025,23,"Fall",8.4300003051758
"6",297,"SouthEden",37559.91015625,0,297.700012207031,0,18.1399993896484,-0.8299999833107,507.799987792969,2024,2025,24,"Fall",8.65499970316885
"6",298,"SouthEden",37403.9296875,0,236.320007324219,0,12.3299999237061,-1.00999999046326,540.159973144531,2024,2025,25,"Fall",5.65999996662142
"6",299,"SouthEden",37249.140625,0,280.920013427734,0,12.210000038147,-4.86999988555908,381.579986572266,2024,2025,26,"Fall",3.67000007629396
"6",300,"SouthEden",37095.6015625,0,293.059997558594,0,17,-1.87999999523163,383.109985351562,2024,2025,27,"Fall",7.56000000238418
"6",301,"SouthEden",36943.3515625,0,291.420013427734,0,18.1299991607666,-0.9200000166893,407.880004882812,2024,2025,28,"Fall",8.60499957203865
"6",302,"SouthEden",36792.44140625,4.57000017166138,199.710006713867,0,14.4899997711182,-1.87999999523163,485.149993896484,2024,2025,29,"Fall",6.30499988794328
"6",303,"SouthEden",36642.9296875,5.3899998664856,105.129997253418,0,5.21999979019165,-2.08999991416931,523.760009765625,2024,2025,30,"Fall",1.56499993801117
"6",304,"SouthEden",36494.859375,0,166.330001831055,0,4.55000019073486,-4.26000022888184,445.399993896484,2024,2025,31,"Fall",0.14499998092651
"6",305,"SouthEden",36348.2890625,5.48999977111816,152.949996948242,5.48999977111816,3.32999992370605,-6.34000015258789,380.220001220703,2024,2025,32,"Fall",-1.50500011444092
"6",306,"SouthEden",36203.28125,0,266.470001220703,5.48999977111816,5.26000022888184,-8.39999961853027,324.170013427734,2024,2025,33,"Fall",-1.56999969482421
"6",307,"SouthEden",36059.87109375,1.42999994754791,255.75,6.92000007629395,6.84999990463257,-6.11999988555908,386.760009765625,2024,2025,34,"Fall",0.365000009536745
"6",308,"SouthEden",35918.12890625,0,175.720001220703,6.65999984741211,2.6800000667572,-5.38000011444092,409.350006103516,2024,2025,35,"Fall",-1.35000002384186
"6",309,"SouthEden",35778.109375,0,236.839996337891,6.65999984741211,2.91000008583069,-8.60999965667725,319.089996337891,2024,2025,36,"Fall",-2.84999978542328
"6",310,"SouthEden",35639.859375,1.00999999046326,153.479995727539,7.67999982833862,0.589999973773956,-6.21999979019165,383.730010986328,2024,2025,37,"Fall",-2.81499990820885
"6",311,"SouthEden",35503.44921875,0,226.429992675781,7.67999982833862,0.77999997138977,-9.80000019073486,290.450012207031,2024,2025,38,"Fall",-4.51000010967254
"6",312,"SouthEden",35368.9296875,0,290.519989013672,7.67999982833862,3.79999995231628,-11.6599998474121,250.529998779297,2024,2025,39,"Fall",-3.92999994754791
"6",313,"SouthEden",35236.37109375,0,297.410003662109,7.67999982833862,7.17999982833862,-9.43000030517578,291.829986572266,2024,2025,40,"Fall",-1.12500023841858
"6",314,"SouthEden",35105.8203125,0,275.920013427734,7.59999990463257,8.85999965667725,-5.82000017166138,387.869995117188,2024,2025,41,"Fall",1.51999974250794
"6",315,"SouthEden",34977.33984375,0,288.75,7.46000003814697,10.5699996948242,-5.65999984741211,381.380004882812,2024,2025,42,"Fall",2.45499992370604
"6",316,"SouthEden",34850.98828125,0,302.839996337891,6.75,14.2299995422363,-4.32999992370605,366.820007324219,2024,2025,43,"Fall",4.94999980926512
"6",317,"SouthEden",34726.8515625,0.409999996423721,218.119995117188,5.67999982833862,7.13000011444092,-3.44000005722046,454.019989013672,2024,2025,44,"Fall",1.84500002861023
"6",318,"SouthEden",34604.94921875,0,261.459991455078,5.67999982833862,5.78999996185303,-7.84999990463257,310.75,2024,2025,45,"Fall",-1.02999997138977
"6",319,"SouthEden",34485.37890625,0,255.940002441406,5.15000009536743,8.56999969482422,-4.73999977111816,384.089996337891,2024,2025,46,"Fall",1.91499996185303
"6",320,"SouthEden",34368.19140625,0,254.899993896484,5.13000011444092,7.23999977111816,-5.96999979019165,357.019989013672,2024,2025,47,"Fall",0.634999990463255
"6",321,"SouthEden",34253.44140625,0,178.880004882812,5.13000011444092,1.99000000953674,-6.15999984741211,385.570007324219,2024,2025,48,"Fall",-2.08499991893768
"6",322,"SouthEden",34141.19140625,0,228.100006103516,5.13000011444092,2.75,-8.64999961853027,298.869995117188,2024,2025,49,"Fall",-2.94999980926513
"6",323,"SouthEden",34031.51953125,3.52999997138977,134.990005493164,8.65999984741211,0.159999996423721,-8.10000038146973,331.799987792969,2024,2025,50,"Fall",-3.970000192523
"6",324,"SouthEden",33924.46875,0,186.320007324219,8.65999984741211,-2.25999999046326,-10.7700004577637,268.839996337891,2024,2025,51,"Fall",-6.51500022411348
"6",325,"SouthEden",33820.109375,0,279.109985351562,8.65999984741211,1.62000000476837,-14.8100004196167,180.729995727539,2024,2025,52,"Fall",-6.59500020742416
"6",326,"SouthEden",33718.5,0,269.720001220703,8.65999984741211,5.38000011444092,-10.1800003051758,251.149993896484,2024,2025,53,"Fall",-2.40000009536744
"6",327,"SouthEden",33619.69921875,0,259.079986572266,8.65999984741211,7.65000009536743,-6.88000011444092,319.730010986328,2024,2025,54,"Fall",0.384999990463255
"6",328,"SouthEden",33523.78125,2.30999994277954,185.190002441406,8.34000015258789,8.19999980926514,-5.25,411.880004882812,2024,2025,55,"Fall",1.47499990463257
"6",329,"SouthEden",33430.7890625,0.77999997138977,212.679992675781,9.13000011444092,2.24000000953674,-8.28999996185303,326.950012207031,2024,2025,56,"Fall",-3.02499997615814
"6",330,"SouthEden",33340.7890625,0,240.029998779297,9.13000011444092,-1.45000004768372,-13.9499998092651,207.979995727539,2024,2025,57,"Fall",-7.69999992847441
"6",331,"SouthEden",33253.828125,9.40999984741211,166.089996337891,18.5400009155273,1.62000000476837,-9.10999965667725,306.760009765625,2024,2025,58,"Fall",-3.74499982595444
"6",332,"SouthEden",33169.98046875,0,201.529998779297,18.5400009155273,-0.620000004768372,-9.97999954223633,286.369995117188,2024,2025,59,"Fall",-5.29999977350235
"6",333,"SouthEden",33089.2890625,0,242.089996337891,18.5400009155273,-1.8400000333786,-14.539999961853,198.149993896484,2024,2025,60,"Fall",-8.1899999976158
"6",334,"SouthEden",33011.80859375,0,252.229995727539,18.5400009155273,-1.19000005722046,-15.3100004196167,185.919998168945,2024,2025,61,"Fall",-8.25000023841858
"6",335,"SouthEden",32937.6015625,0,260.429992675781,18.5400009155273,1.26999998092651,-14.5600004196167,197.740005493164,2024,2025,62,"Fall",-6.6450002193451
"6",336,"SouthEden",32866.69921875,0,247.979995727539,18.5400009155273,2.22000002861023,-12.1999998092651,239.820007324219,2024,2025,63,"Fall",-4.98999989032743
"6",337,"SouthEden",32799.171875,0,250.839996337891,18.5400009155273,5,-10.1800003051758,281.829986572266,2024,2025,64,"Fall",-2.5900001525879
"6",338,"SouthEden",32735.05078125,0,234.990005493164,18.5400009155273,4.73000001907349,-8.89000034332275,312.059997558594,2024,2025,65,"Fall",-2.08000016212463
"6",339,"SouthEden",32674.400390625,0,220.919998168945,18.5400009155273,3.04999995231628,-9.25,303.230010986328,2024,2025,66,"Fall",-3.10000002384186
"6",340,"SouthEden",32617.25,0,193.449996948242,18.5400009155273,1.9099999666214,-8.32999992370605,325.950012207031,2024,2025,67,"Fall",-3.20999997854232
"6",341,"SouthEden",32563.640625,0,196.289993286133,18.5400009155273,0.97000002861023,-9.51000022888184,297.170013427734,2024,2025,68,"Fall",-4.2700001001358
"6",342,"SouthEden",32513.619140625,0,202.679992675781,18.5400009155273,2.22000002861023,-8.73999977111816,315.75,2024,2025,69,"Fall",-3.25999987125397
"6",343,"SouthEden",32467.220703125,0,223.660003662109,18.5400009155273,4.1100001335144,-8.71000003814697,316.480010986328,2024,2025,70,"Fall",-2.29999995231629
"6",344,"SouthEden",32424.48046875,0,185.050003051758,18.5400009155273,-1.80999994277954,-11.25,258.809997558594,2024,2025,71,"Fall",-6.52999997138977
"6",345,"SouthEden",32385.419921875,0,198.119995117188,18.5400009155273,-2.41000008583069,-12.6499996185303,231.220001220703,2024,2025,72,"Fall",-7.5299998521805
"6",346,"SouthEden",32350.08984375,0,227.139999389648,18.5400009155273,-0.5799999833107,-13.3299999237061,218.850006103516,2024,2025,73,"Fall",-6.9549999535084
"6",347,"SouthEden",32318.5,0,233.080001831055,18.5400009155273,1.95000004768372,-11.710000038147,249.490005493164,2024,2025,74,"Fall",-4.87999999523164
"6",348,"SouthEden",32290.6796875,0,214.529998779297,18.5400009155273,0.810000002384186,-10.9200000762939,265.769989013672,2024,2025,75,"Fall",-5.05500003695486
"6",349,"SouthEden",32266.66015625,3.75,155.509994506836,22.2900009155273,1.45000004768372,-9.43000030517578,299.170013427734,2024,2025,76,"Fall",-3.99000012874603
"6",350,"SouthEden",32246.439453125,3.76999998092651,114.830001831055,26.0599994659424,0.140000000596046,-7.05000019073486,359.959991455078,2024,2025,77,"Fall",-3.45500009506941
"6",351,"SouthEden",32230.060546875,4.44999980926514,172.190002441406,30.5100002288818,0.439999997615814,-12.3000001907349,237.759994506836,2024,2025,78,"Fall",-5.93000009655954
"6",352,"SouthEden",32217.509765625,3.23000001907349,119.690002441406,30.4899997711182,1.64999997615814,-5.94000005722046,392,2024,2025,79,"Fall",-2.14500004053116
"6",353,"SouthEden",32208.810546875,0,241.089996337891,30.4899997711182,5.6100001335144,-9.19999980926514,304.519989013672,2024,2025,80,"Fall",-1.79499983787537
"6",354,"SouthEden",32203.970703125,0,234.470001220703,30.4899997711182,4.98999977111816,-9.13000011444092,306.200012207031,2024,2025,81,"Fall",-2.07000017166138
"6",355,"SouthEden",32202.990234375,0,225.639999389648,30.4899997711182,2.45000004768372,-10.4200000762939,276.450012207031,2024,2025,82,"Fall",-3.98500001430509
"6",356,"SouthEden",32205.859375,0,225.639999389648,30.4899997711182,2.96000003814697,-9.82999992370605,289.779998779297,2024,2025,83,"Fall",-3.43499994277954
"6",357,"SouthEden",32212.599609375,0,208.759994506836,30.4899997711182,4.28999996185303,-6.88000011444092,364.859985351562,2024,2025,84,"Fall",-1.29500007629394
"6",358,"SouthEden",32223.189453125,2.83999991416931,126.400001525879,29.6499996185303,4.11999988555908,-4,454.220001220703,2024,2025,85,"Fall",0.0599999427795401
"6",359,"SouthEden",32237.630859375,0,148.990005493164,29.4799995422363,1.3400000333786,-5.59999990463257,402.609985351562,2024,2025,86,"Fall",-2.12999993562698
"6",360,"SouthEden",32255.900390625,0,106.730003356934,28.6000003814697,0.740000009536743,-3.92000007629395,457.190002441406,2024,2025,87,"Fall",-1.5900000333786
"6",361,"SouthEden",32277.990234375,1.98000001907349,173.929992675781,30.5799999237061,1.35000002384186,-6.73000001907349,369,2024,2025,88,"Fall",-2.68999999761582
"6",362,"SouthEden",32303.880859375,1.23000001907349,180.369995117188,31.8099994659424,0.990000009536743,-7.42000007629395,349.859985351562,2024,2025,89,"Fall",-3.2150000333786
"6",363,"SouthEden",32333.55078125,10.4899997711182,118.610000610352,31.0799999237061,2.74000000953674,-4.26000022888184,445.600006103516,2024,2025,90,"Fall",-0.76000010967255
"6",364,"SouthEden",32366.98046875,5.51000022888184,132.070007324219,29.1299991607666,6.59000015258789,-1.36000001430511,553,2024,2025,91,"Fall",2.61500006914139
"6",365,"SouthEden",32404.140625,0,154.600006103516,29.1299991607666,-0.75,-7.21000003814697,355.579986572266,2024,2025,92,"Win",-3.98000001907348
"7",1,"SSHigh",31441.25,0,235.550003051758,7.98999977111816,2.60999989509583,-8.69999980926514,316.600006103516,2024,2024,93,"Win",-3.04499995708465
"7",2,"SSHigh",31490.5,0,224.979995727539,7.98999977111816,0.409999996423721,-9.57999992370605,295.540008544922,2024,2024,94,"Win",-4.58499996364116
"7",3,"SSHigh",31543.759765625,0,239.130004882812,7.98999977111816,2.76999998092651,-8.75,315.559997558594,2024,2024,95,"Win",-2.99000000953674
"7",4,"SSHigh",31600.990234375,0,198.509994506836,7.98999977111816,-0.159999996423721,-8.10000038146973,331.910003662109,2024,2024,96,"Win",-4.13000018894673
"7",5,"SSHigh",31662.150390625,0,217.690002441406,7.98999977111816,0.129999995231628,-8.98999977111816,309.570007324219,2024,2024,97,"Win",-4.42999988794327
"7",6,"SSHigh",31727.189453125,0,192.300003051758,7.98999977111816,-4.40000009536743,-11.7399997711182,248.820007324219,2024,2024,98,"Win",-8.06999993324282
"7",7,"SSHigh",31796.060546875,4.84999990463257,146.940002441406,12.8400001525879,-3.34999990463257,-10.8800001144409,266.519989013672,2024,2024,99,"Win",-7.11500000953674
"7",8,"SSHigh",31868.720703125,0,230.800003051758,12.8400001525879,-6.80000019073486,-16.3400001525879,170.559997558594,2024,2024,100,"Win",-11.5700001716614
"7",9,"SSHigh",31945.099609375,4.67999982833862,130.539993286133,17.5200004577637,-6.1100001335144,-12.3800001144409,236.399993896484,2024,2024,101,"Win",-9.24500012397765
"7",10,"SSHigh",32025.150390625,3.08999991416931,157.710006713867,20.6000003814697,-6.3899998664856,-14.3900003433228,200.570007324219,2024,2024,102,"Win",-10.3900001049042
"7",11,"SSHigh",32108.8203125,0,216.039993286133,20.6000003814697,-9.28999996185303,-17.3799991607666,156.300003051758,2024,2024,103,"Win",-13.3349995613098
"7",12,"SSHigh",32196.0390625,1.46000003814697,264.070007324219,22.0599994659424,-8.64000034332275,-20.5499992370605,119.099998474121,2024,2024,104,"Win",-14.5949997901916
"7",13,"SSHigh",32286.759765625,0,271.929992675781,22.0599994659424,-13.6000003814697,-26.1900005340576,71.9499969482422,2024,2024,105,"Win",-19.8950004577637
"7",14,"SSHigh",32380.900390625,0,241.449996948242,22.0599994659424,-10.1899995803833,-19.5599994659424,129.740005493164,2024,2024,106,"Win",-14.8749995231629
"7",15,"SSHigh",32478.41015625,0,270.640014648438,22.0599994659424,-11.3999996185303,-23.2600002288818,93.75,2024,2024,107,"Win",-17.329999923706
"7",16,"SSHigh",32579.220703125,0,283.510009765625,22.0599994659424,-9.22999954223633,-22.7299995422363,98.2900009155273,2024,2024,108,"Win",-15.9799995422363
"7",17,"SSHigh",32683.259765625,3.50999999046326,153.600006103516,25.5699996948242,-5.67000007629395,-12.710000038147,229.990005493164,2024,2024,109,"Win",-9.19000005722047
"7",18,"SSHigh",32790.48046875,0,265.149993896484,25.5699996948242,0.239999994635582,-10.5699996948242,273.329986572266,2024,2024,110,"Win",-5.16499985009431
"7",19,"SSHigh",32900.7890625,0,188.139999389648,25.2399997711182,1.03999996185303,-5.19999980926514,414.820007324219,2024,2024,111,"Win",-2.07999992370606
"7",20,"SSHigh",33014.12890625,1.54999995231628,224.029998779297,24.1200008392334,4.57000017166138,-3.33999991416931,477.279998779297,2024,2024,112,"Win",0.615000128746035
"7",21,"SSHigh",33130.44140625,1.45000004768372,110.919998168945,22.2900009155273,1.77999997138977,-1.63999998569489,541.530029296875,2024,2024,113,"Win",0.0699999928474401
"7",22,"SSHigh",33249.62890625,5.61999988555908,67.8600006103516,20.3299999237061,1.38999998569489,-1.33000004291534,554.289978027344,2024,2024,114,"Win",0.029999971389775
"7",23,"SSHigh",33371.66015625,5.11999988555908,85.8399963378906,18.4099998474121,2.0699999332428,-1.42999994754791,550.219970703125,2024,2024,115,"Win",0.319999992847445
"7",24,"SSHigh",33496.4296875,1.26999998092651,98.1999969482422,16.8099994659424,0.72000002861023,-2.19000005722046,519.869995117188,2024,2024,116,"Win",-0.735000014305115
"7",25,"SSHigh",33623.890625,2.49000000953674,142.149993896484,15.8999996185303,2.15000009536743,-3.82999992370605,460.019989013672,2024,2024,117,"Win",-0.83999991416931
"7",26,"SSHigh",33753.9609375,0,224.089996337891,15.8999996185303,0.100000001490116,-7.1100001335144,358.529998779297,2024,2024,118,"Win",-3.50500006601214
"7",27,"SSHigh",33886.5703125,0,196.320007324219,15.710000038147,0.449999988079071,-5.55999994277954,403.730010986328,2024,2024,119,"Win",-2.55499997735023
"7",28,"SSHigh",34021.6484375,0,190.399993896484,14.210000038147,3.38000011444092,-2.42000007629395,511.320007324219,2024,2024,120,"Win",0.480000019073485
"7",29,"SSHigh",34159.1484375,0,203.660003662109,12.1499996185303,5.15000009536743,-1.11000001430511,563.299987792969,2024,2024,121,"Win",2.02000004053116
"7",30,"SSHigh",34298.96875,0,284.899993896484,10.6800003051758,7.94999980926514,-2.5,508.339996337891,2024,2024,122,"Win",2.72499990463257
"7",31,"SSHigh",34441.0703125,0,302.730010986328,9.64000034332275,8.27000045776367,-3.52999997138977,470.649993896484,2024,2024,123,"Win",2.37000024318695
"7",32,"SSHigh",34585.359375,1.57000005245209,267.040008544922,7.71000003814697,7.48000001907349,-1.38999998569489,551.570007324219,2024,2024,124,"Win",3.0450000166893
"7",33,"SSHigh",34731.7890625,5.17999982833862,114.779998779297,5.21999979019165,4.15999984741211,-0.0700000002980232,607.5,2024,2024,125,"Win",2.04499992355704
"7",34,"SSHigh",34880.28125,5.15000009536743,92.379997253418,3.53999996185303,1.22000002861023,-2.00999999046326,527.130004882812,2024,2024,126,"Win",-0.394999980926515
"7",35,"SSHigh",35030.78125,5.42000007629395,147.429992675781,3.40000009536743,-0.430000007152557,-5.65999984741211,400.559997558594,2024,2024,127,"Win",-3.04499992728233
"7",36,"SSHigh",35183.2109375,6.92000007629395,185.350006103516,3.30999994277954,1.12999999523163,-5.78000020980835,397.019989013672,2024,2024,128,"Win",-2.32500010728836
"7",37,"SSHigh",35337.51171875,14.3599996566772,117.720001220703,1.42999994754791,2.4300000667572,-1.53999996185303,545.719970703125,2024,2024,129,"Win",0.445000052452085
"7",38,"SSHigh",35493.62890625,7.94000005722046,111.650001525879,0,1.69000005722046,-2.36999988555908,513.299987792969,2024,2024,130,"Win",-0.33999991416931
"7",39,"SSHigh",35651.48828125,2.77999997138977,154.419998168945,0,0.239999994635582,-5.53999996185303,404.359985351562,2024,2024,131,"Win",-2.64999998360872
"7",40,"SSHigh",35811.0390625,2.55999994277954,227.419998168945,2.55999994277954,-0.629999995231628,-9.22000026702881,303.959991455078,2024,2024,132,"Win",-4.92500013113022
"7",41,"SSHigh",35972.21875,0,350.109985351562,2.55999994277954,-1.02999997138977,-12.6800003051758,230.669998168945,2024,2024,133,"Win",-6.85500013828279
"7",42,"SSHigh",36134.9609375,0,322.269989013672,2.55999994277954,-3.04999995231628,-12.1499996185303,240.770004272461,2024,2024,134,"Win",-7.59999978542329
"7",43,"SSHigh",36299.21875,0,244.509994506836,2.55999994277954,-1.60000002384186,-7.36999988555908,351.359985351562,2024,2024,135,"Win",-4.48499995470047
"7",44,"SSHigh",36464.9296875,0,355.929992675781,2.55999994277954,1.07000005245209,-9.88000011444092,288.589996337891,2024,2024,136,"Win",-4.40500003099442
"7",45,"SSHigh",36632.05078125,0,322.609985351562,2.55999994277954,-1.36000001430511,-9.72999954223633,292.119995117188,2024,2024,137,"Win",-5.54499977827072
"7",46,"SSHigh",36800.5,1.96000003814697,288.559997558594,1.94000005722046,2.27999997138977,-4.51999998092651,436.679992675781,2024,2024,138,"Win",-1.12000000476837
"7",47,"SSHigh",36970.25,1.76999998092651,363.820007324219,3.71000003814697,-1.95000004768372,-12.1599998474121,240.639999389648,2024,2024,139,"Win",-7.05499994754791
"7",48,"SSHigh",37141.25,0,397.649993896484,3.71000003814697,-1.57000005245209,-15.5299997329712,182.550003051758,2024,2024,140,"Win",-8.54999989271164
"7",49,"SSHigh",37313.4296875,0,355.040008544922,3.71000003814697,0,-9.39999961853027,299.730010986328,2024,2024,141,"Win",-4.69999980926513
"7",50,"SSHigh",37486.75,1.77999997138977,343.359985351562,3.45000004768372,3.38000011444092,-5.38000011444092,409.359985351562,2024,2024,142,"Win",-1
"7",51,"SSHigh",37661.16015625,3.88000011444092,152.639999389648,1.76999998092651,2.3199999332428,-2,527.460021972656,2024,2024,143,"Win",0.1599999666214
"7",52,"SSHigh",37836.609375,0,365.209991455078,1.25,5.13000011444092,-4.76999998092651,428.670013427734,2024,2024,144,"Win",0.180000066757205
"7",53,"SSHigh",38013.05859375,0,336.809997558594,0.879999995231628,3.24000000953674,-5.1100001335144,417.630004882812,2024,2024,145,"Win",-0.93500006198883
"7",54,"SSHigh",38190.46875,0,379.989990234375,0.879999995231628,2.29999995231628,-8.27999973297119,327.190002441406,2024,2024,146,"Win",-2.98999989032745
"7",55,"SSHigh",38368.78125,0,376.040008544922,0.879999995231628,3.69000005722046,-6.6100001335144,372.410003662109,2024,2024,147,"Win",-1.46000003814697
"7",56,"SSHigh",38547.9609375,0,284.660003662109,0,4.07999992370605,-3.45000004768372,473.309997558594,2024,2024,148,"Win",0.314999938011165
"7",57,"SSHigh",38727.9609375,0,316.440002441406,0,2.70000004768372,-6.05999994277954,388.640014648438,2024,2024,149,"Win",-1.67999994754791
"7",58,"SSHigh",38908.73828125,0,367.890014648438,0,-1.69000005722046,-13.4499998092651,216.660003662109,2024,2024,150,"Win",-7.56999993324278
"7",59,"SSHigh",39090.26171875,0,342.029998779297,0,-1.99000000953674,-11.8500003814697,246.729995727539,2024,2024,151,"Win",-6.92000019550322
"7",60,"SSHigh",39272.48046875,3.27999997138977,291.75,3.27999997138977,3.33999991416931,-7.07999992370605,359.220001220703,2024,2024,152,"Win",-1.87000000476837
"7",61,"SSHigh",39455.37109375,4.51000022888184,158.160003662109,1.74000000953674,2.05999994277954,-2.33999991416931,514.219970703125,2024,2024,153,"Win",-0.139999985694885
"7",62,"SSHigh",39638.87890625,17.2999992370605,243.940002441406,19.0400009155273,0.419999986886978,-6.65999984741211,370.959991455078,2024,2024,154,"Win",-3.11999993026257
"7",63,"SSHigh",39822.98046875,0,423.529998779297,19.0400009155273,-2.36999988555908,-13.3699998855591,217.990005493164,2024,2024,155,"Win",-7.86999988555909
"7",64,"SSHigh",40007.640625,2.28999996185303,307.790008544922,21.3400001525879,-3.20000004768372,-13.5299997329712,215.190002441406,2024,2024,156,"Win",-8.36499989032746
"7",65,"SSHigh",40192.80859375,3.83999991416931,311.029998779297,25.1800003051758,-2.54999995231628,-13.0200004577637,224.309997558594,2024,2024,157,"Win",-7.78500020503999
"7",66,"SSHigh",40378.46875,0,374.989990234375,25.1800003051758,-0.469999998807907,-9.11999988555908,306.369995117188,2024,2024,158,"Win",-4.79499994218349
"7",67,"SSHigh",40564.5703125,0,420.660003662109,25.1800003051758,-1.1599999666214,-11.7399997711182,248.740005493164,2024,2024,159,"Win",-6.4499998688698
"7",68,"SSHigh",40751.1015625,0,470.480010986328,25.1800003051758,-2.02999997138977,-16.0599994659424,174.679992675781,2024,2024,160,"Win",-9.04499971866609
"7",69,"SSHigh",40938.01171875,0,478.760009765625,25.1800003051758,1.99000000953674,-13.1400003433228,222.119995117188,2024,2024,161,"Win",-5.57500016689303
"7",70,"SSHigh",41125.26953125,0,466.690002441406,25.1800003051758,5.03999996185303,-8.96000003814697,310.420013427734,2024,2024,162,"Win",-1.96000003814697
"7",71,"SSHigh",41312.8515625,0,393.410003662109,24.6000003814697,5.07999992370605,-4.61999988555908,433.660003662109,2024,2024,163,"Win",0.230000019073485
"7",72,"SSHigh",41500.73046875,6.1100001335144,258.260009765625,24.0200004577637,3.25,-4.63000011444092,433.190002441406,2024,2024,164,"Win",-0.69000005722046
"7",73,"SSHigh",41688.859375,3.35999989509583,264.109985351562,27.3799991607666,1.79999995231628,-6.21000003814697,384.119995117188,2024,2024,165,"Win",-2.20500004291535
"7",74,"SSHigh",41877.23046875,0,400,26.9899997711182,4.44000005722046,-5.05999994277954,419.399993896484,2024,2024,166,"Win",-0.30999994277954
"7",75,"SSHigh",42065.80078125,0,481.730010986328,26.9899997711182,7.05000019073486,-6.78999996185303,367.25,2024,2024,167,"Win",0.130000114440915
"7",76,"SSHigh",42254.5390625,0,449.859985351562,25.2800006866455,10.1099996566772,-1.94000005722046,529.719970703125,2024,2024,168,"Win",4.08499979972837
"7",77,"SSHigh",42443.421875,0,444.160003662109,22.7900009155273,11.7299995422363,-0.0700000002980232,607.630004882812,2024,2024,169,"Win",5.82999977096914
"7",78,"SSHigh",42632.41015625,0,480.649993896484,20.9099998474121,12.3699998855591,-1.50999999046326,546.75,2024,2024,170,"Win",5.42999994754792
"7",79,"SSHigh",42821.48828125,0,485.640014648438,19.0699996948242,12.6099996566772,-1.62000000476837,541.890014648438,2024,2024,171,"Win",5.49499982595442
"7",80,"SSHigh",43010.62890625,0,489.910003662109,17.2299995422363,12.9399995803833,-1.62000000476837,538.239990234375,2024,2024,172,"Win",5.65999978780747
"7",81,"SSHigh",43199.7890625,0,426.230010986328,14.7600002288818,10.8299999237061,-0.129999995231628,604.780029296875,2024,2024,173,"Win",5.34999996423724
"7",82,"SSHigh",43388.9609375,0,447.019989013672,13.1499996185303,9.59000015258789,-2.15000009536743,521.440002441406,2024,2024,174,"Win",3.72000002861023
"7",83,"SSHigh",43578.1015625,3.20000004768372,289.660003662109,10.8999996185303,8.65999984741211,-0.660000026226044,581.989990234375,2024,2024,175,"Win",3.99999991059303
"7",84,"SSHigh",43767.1796875,0,403.140014648438,10.1000003814697,5.51999998092651,-4.09000015258789,451.170013427734,2024,2024,176,"Win",0.71499991416931
"7",85,"SSHigh",43956.171875,0,465.410003662109,10.1000003814697,5.88000011444092,-6.17000007629395,385.290008544922,2024,2024,177,"Win",-0.144999980926515
"7",86,"SSHigh",44145.05078125,0,447.920013427734,10.1000003814697,5.09999990463257,-6.11999988555908,386.890014648438,2024,2024,178,"Win",-0.509999990463255
"7",87,"SSHigh",44333.7890625,6.21000003814697,345.720001220703,16.3099994659424,5.65000009536743,-6.09000015258789,387.799987792969,2024,2024,179,"Win",-0.22000002861023
"7",88,"SSHigh",44522.359375,13.0799999237061,258.230010986328,14.8000001907349,5.21999979019165,-2.41000008583069,511.5,2024,2024,180,"Win",1.40499985218048
"7",89,"SSHigh",44710.71875,0,463.279998779297,14.4700002670288,6.28999996185303,-5.21000003814697,414.579986572266,2024,2024,181,"Win",0.53999996185303
"7",90,"SSHigh",44898.859375,0,468.100006103516,13.6499996185303,7.65999984741211,-4.05000019073486,452.630004882812,2024,2024,182,"Win",1.80499982833863
"7",91,"SSHigh",45086.73828125,0,346.320007324219,11.539999961853,6.71999979019165,-0.97000002861023,568.880004882812,2024,2024,183,"Win",2.87499988079071
"7",92,"SSHigh",45274.3203125,0,505.380004882812,10.7600002288818,9.63000011444092,-4.1399998664856,445.190002441406,2024,2024,184,"Win",2.74500012397766
"7",93,"SSHigh",45461.578125,0,539.109985351562,9.56999969482422,13.2299995422363,-3.1800000667572,452.940002441406,2024,2024,185,"Spr",5.02499973773955
"7",94,"SSHigh",45648.48828125,2.66000008583069,368.799987792969,7.11999988555908,13.3199996948242,-0.170000001788139,603.150024414062,2024,2024,186,"Spr",6.57499984651803
"7",95,"SSHigh",45835.01953125,0,454.459991455078,3.36999988555908,14.6999998092651,2.9300000667572,738.679992675781,2024,2024,187,"Spr",8.81499993801115
"7",96,"SSHigh",46021.12890625,2.66000008583069,374.769989013672,1.54999995231628,12.1800003051758,-1.66999995708466,540.590026855469,2024,2024,188,"Spr",5.25500017404557
"7",97,"SSHigh",46206.78125,0,330.369995117188,0.610000014305115,3.5699999332428,-3.76999998092651,462.380004882812,2024,2024,189,"Spr",-0.100000023841855
"7",98,"SSHigh",46391.9609375,0,360.589996337891,0,5.73000001907349,-3.4300000667572,474.059997558594,2024,2024,190,"Spr",1.14999997615814
"7",99,"SSHigh",46576.62109375,0,425.220001220703,0,7.94000005722046,-3.59999990463257,468.260009765625,2024,2024,191,"Spr",2.17000007629394
"7",100,"SSHigh",46760.71875,0,455.910003662109,0,9.89000034332275,-3.11999988555908,485.339996337891,2024,2024,192,"Spr",3.38500022888184
"7",101,"SSHigh",46944.23046875,0,482.559997558594,0,12.5299997329712,-2.33999991416931,489.890014648438,2024,2024,193,"Spr",5.09499990940095
"7",102,"SSHigh",47127.12109375,0,494.480010986328,0,13.4700002670288,-2.49000000953674,476.029998779297,2024,2024,194,"Spr",5.49000012874603
"7",103,"SSHigh",47309.33984375,0,492.279998779297,0,18.5100002288818,2.03999996185303,630.799987792969,2024,2024,195,"Spr",10.2750000953674
"7",104,"SSHigh",47490.87109375,0,485.589996337891,0,19.3999996185303,3.25999999046326,685.739990234375,2024,2024,196,"Spr",11.3299998044968
"7",105,"SSHigh",47671.6484375,0,478.040008544922,0,18.7299995422363,3.30999994277954,694.530029296875,2024,2024,197,"Spr",11.0199997425079
"7",106,"SSHigh",47851.6484375,0,381.589996337891,0,14.289999961853,3.90000009536743,807.210021972656,2024,2024,198,"Spr",9.09500002861022
"7",107,"SSHigh",48030.828125,0,398.410003662109,0,10.8199996948242,0.0900000035762787,614.700012207031,2024,2024,199,"Spr",5.45499984920024
"7",108,"SSHigh",48209.140625,0,417.380004882812,0,6.30999994277954,-4.80000019073486,427.730010986328,2024,2024,200,"Spr",0.75499987602234
"7",109,"SSHigh",48386.55078125,0,487.709991455078,0,6.28000020980835,-8.10000038146973,328.029998779297,2024,2024,201,"Spr",-0.91000008583069
"7",110,"SSHigh",48563,0,471.579986572266,0,8.5600004196167,-4.90000009536743,412.399993896484,2024,2024,202,"Spr",1.83000016212463
"7",111,"SSHigh",48738.4609375,0,523.700012207031,0,13.0900001525879,-4.34999990463257,393.809997558594,2024,2024,203,"Spr",4.37000012397766
"7",112,"SSHigh",48912.87109375,0,526.380004882812,0,17.7999992370605,-0.479999989271164,495.760009765625,2024,2024,204,"Spr",8.65999962389467
"7",113,"SSHigh",49086.19921875,0,505.890014648438,0,14.5200004577637,-1.76999998092651,463.519989013672,2024,2024,205,"Spr",6.3750002384186
"7",114,"SSHigh",49258.37890625,0,517.280029296875,0,15.9399995803833,-1.49000000953674,452.339996337891,2024,2024,206,"Spr",7.22499978542328
"7",115,"SSHigh",49429.37109375,0,505.410003662109,0,19.6299991607666,2.71000003814697,592.330017089844,2024,2024,207,"Spr",11.1699995994568
"7",116,"SSHigh",49599.12890625,6.46999979019165,279.470001220703,0,14.5699996948242,4.30000019073486,830.140014648438,2024,2024,208,"Spr",9.43499994277953
"7",117,"SSHigh",49767.58984375,5.59999990463257,259.609985351562,0,11.4399995803833,2.28999996185303,720.320007324219,2024,2024,209,"Spr",6.86499977111817
"7",118,"SSHigh",49934.69921875,15.5,180.880004882812,0,9.10999965667725,3.08999991416931,762.429992675781,2024,2024,210,"Spr",6.09999978542328
"7",119,"SSHigh",50100.421875,13.1199998855591,230.380004882812,0,10,2.24000000953674,717.510009765625,2024,2024,211,"Spr",6.12000000476837
"7",120,"SSHigh",50264.6796875,0,464.950012207031,0,12.6300001144409,-0.839999973773956,561.690002441406,2024,2024,212,"Spr",5.89500007033347
"7",121,"SSHigh",50427.4296875,0,461.049987792969,0,8.84000015258789,-4.32999992370605,443.170013427734,2024,2024,213,"Spr",2.25500011444092
"7",122,"SSHigh",50588.609375,0,413.799987792969,0,6.25,-4.75,429.350006103516,2024,2024,214,"Spr",0.75
"7",123,"SSHigh",50748.171875,0,502.540008544922,0,8.89999961853027,-6.15999984741211,379.010009765625,2024,2024,215,"Spr",1.36999988555908
"7",124,"SSHigh",50906.03125,0,406.649993896484,0,9.22999954223633,-1.46000003814697,548.890014648438,2024,2024,216,"Spr",3.88499975204468
"7",125,"SSHigh",51062.1484375,0,530.299987792969,0,15.8199996948242,-1.57000005245209,476.25,2024,2024,217,"Spr",7.12499982118606
"7",126,"SSHigh",51216.4609375,9.68000030517578,311.100006103516,0,13.1999998092651,1.97000002861023,703.880004882812,2024,2024,218,"Spr",7.58499991893766
"7",127,"SSHigh",51368.890625,0,417.040008544922,0,11.289999961853,0.0599999986588955,603.02001953125,2024,2024,219,"Spr",5.67499998025595
"7",128,"SSHigh",51519.390625,0,397.940002441406,0,9.06999969482422,-1.38999998569489,542.619995117188,2024,2024,220,"Spr",3.83999985456467
"7",129,"SSHigh",51667.890625,0,380.359985351562,0,9.03999996185303,-0.759999990463257,564.27001953125,2024,2024,221,"Spr",4.13999998569489
"7",130,"SSHigh",51814.3203125,0,475.019989013672,0,15.0699996948242,1.41999995708466,563.619995117188,2024,2024,222,"Spr",8.24499982595443
"7",131,"SSHigh",51958.62109375,0,517.739990234375,0,19.0100002288818,2.75,560.950012207031,2024,2024,223,"Spr",10.8800001144409
"7",132,"SSHigh",52100.71875,0,548.719970703125,0,22.3700008392334,3.26999998092651,542.349975585938,2024,2024,224,"Spr",12.82000041008
"7",133,"SSHigh",52240.55078125,0,513.390014648438,0,22.7800006866455,6.42999982833862,699.969970703125,2024,2024,225,"Spr",14.6050002574921
"7",134,"SSHigh",52378.05078125,0,497.690002441406,0,20.3899993896484,5.28000020980835,672.429992675781,2024,2024,226,"Spr",12.8349997997284
"7",135,"SSHigh",52513.140625,0,441.709991455078,0,16.2000007629395,4.07999992370605,684.460021972656,2024,2024,227,"Spr",10.1400003433228
"7",136,"SSHigh",52645.76171875,0,481.5,0,19.1900005340576,5.07999992370605,681.010009765625,2024,2024,228,"Spr",12.1350002288818
"7",137,"SSHigh",52775.828125,0,525.919982910156,0,21.9899997711182,4.92999982833862,615.75,2024,2024,229,"Spr",13.4599997997284
"7",138,"SSHigh",52903.2890625,0,547.239990234375,0,20.5699996948242,1.8400000333786,484.529998779297,2024,2024,230,"Spr",11.2049998641014
"7",139,"SSHigh",53028.0703125,0,550.359985351562,0,17.2000007629395,-1.57000005245209,392.480010986328,2024,2024,231,"Spr",7.8150003552437
"7",140,"SSHigh",53150.1015625,0,434.470001220703,0,14.4300003051758,2.26999998092651,605.390014648438,2024,2024,232,"Spr",8.35000014305115
"7",141,"SSHigh",53269.30859375,0,415.940002441406,0,10.8199996948242,-0.330000013113022,527.929992675781,2024,2024,233,"Spr",5.24499984085559
"7",142,"SSHigh",53385.62109375,0,480.619995117188,0,12.8900003433228,-0.759999990463257,457.980010986328,2024,2024,234,"Spr",6.06500017642977
"7",143,"SSHigh",53498.96875,11.1099996566772,255.660003662109,0,10.0500001907349,1.53999996185303,682.799987792969,2024,2024,235,"Spr",5.79500007629396
"7",144,"SSHigh",53609.2890625,5.59000015258789,307.269989013672,0,8.40999984741211,-2,527.559997558594,2024,2024,236,"Spr",3.20499992370605
"7",145,"SSHigh",53716.51171875,0,533.280029296875,0,15.0600004196167,-1.03999996185303,444.820007324219,2024,2024,237,"Spr",7.01000022888183
"7",146,"SSHigh",53820.55859375,1.73000001907349,477.059997558594,0,14.6700000762939,1.48000001907349,566.049987792969,2024,2024,238,"Spr",8.0750000476837
"7",147,"SSHigh",53921.37890625,0,528.130004882812,0,17.6100006103516,1.3400000333786,518.760009765625,2024,2024,239,"Spr",9.4750003218651
"7",148,"SSHigh",54018.890625,0,524.219970703125,0,20.1299991607666,3.55999994277954,593.640014648438,2024,2024,240,"Spr",11.8449995517731
"7",149,"SSHigh",54113.0390625,0,546.099975585938,0,24.2999992370605,5.28000020980835,627.539978027344,2024,2024,241,"Spr",14.7899997234344
"7",150,"SSHigh",54203.76171875,0,493.470001220703,0,19.2000007629395,4.09000015258789,642.130004882812,2024,2024,242,"Spr",11.6450004577637
"7",151,"SSHigh",54290.98828125,0,485.350006103516,0,15.2799997329712,0.839999973773956,527.659973144531,2024,2024,243,"Spr",8.05999985337258
"7",152,"SSHigh",54374.671875,0,522.619995117188,0,18.0900001525879,1.26999998092651,496.279998779297,2024,2024,244,"Spr",9.68000006675721
"7",153,"SSHigh",54454.73046875,0,531.570007324219,0,21.7299995422363,4.07999992370605,516.619995117188,2024,2024,245,"Spr",12.9049997329712
"7",154,"SSHigh",54531.12109375,0,428.200012207031,0,21,8.51000022888184,818.280029296875,2024,2024,246,"Spr",14.7550001144409
"7",155,"SSHigh",54603.78125,0,363.649993896484,0,17.8999996185303,7.98000001907349,878.630004882812,2024,2024,247,"Spr",12.9399998188019
"7",156,"SSHigh",54672.66015625,0,526.940002441406,0,20.8500003814697,3.70000004768372,486.760009765625,2024,2024,248,"Spr",12.2750002145767
"7",157,"SSHigh",54737.7109375,0,545.309997558594,0,26.2299995422363,6.96999979019165,556.059997558594,2024,2024,249,"Spr",16.599999666214
"7",158,"SSHigh",54798.87890625,0,531.590026855469,0,26.5799999237061,8.06999969482422,610.210021972656,2024,2024,250,"Spr",17.3249998092652
"7",159,"SSHigh",54856.12109375,0,509.75,0,27.4599990844727,10.0500001907349,716.619995117188,2024,2024,251,"Spr",18.7549996376038
"7",160,"SSHigh",54909.390625,0,512.190002441406,0,27.1800003051758,9.55000019073486,691.650024414062,2024,2024,252,"Spr",18.3650002479553
"7",161,"SSHigh",54958.640625,0,479.709991455078,0,25.8899993896484,10.2200002670288,772.739990234375,2024,2024,253,"Spr",18.0549998283386
"7",162,"SSHigh",55003.83984375,0,454.5,0,23.1399993896484,9.01000022888184,762.140014648438,2024,2024,254,"Spr",16.0749998092651
"7",163,"SSHigh",55044.94921875,0,523.369995117188,0,25.4599990844727,7.53999996185303,569.119995117188,2024,2024,255,"Spr",16.4999995231629
"7",164,"SSHigh",55081.94140625,0,530.75,0,28.1000003814697,9.35000038146973,594.599975585938,2024,2024,256,"Spr",18.7250003814697
"7",165,"SSHigh",55114.78125,0,534.510009765625,0,27.8700008392334,8.64999961853027,564.340026855469,2024,2024,257,"Spr",18.2600002288818
"7",166,"SSHigh",55143.4296875,0,478.640014648438,0,28.5100002288818,12.5299997329712,808.510009765625,2024,2024,258,"Spr",20.5199999809265
"7",167,"SSHigh",55167.890625,0,479.339996337891,0,23.2800006866455,7.76000022888184,619.869995117188,2024,2024,259,"Spr",15.5200004577637
"7",168,"SSHigh",55188.12109375,0,471.940002441406,0,17.9300003051758,3.21000003814697,489.75,2024,2024,260,"Spr",10.5700001716614
"7",169,"SSHigh",55204.12109375,2.1800000667572,317.730010986328,0,14.25,1.74000000953674,590.919982910156,2024,2024,261,"Spr",7.99500000476837
"7",170,"SSHigh",55215.859375,0.769999980926514,496.429992675781,0,13.9099998474121,-1.78999996185303,355.940002441406,2024,2024,262,"Spr",6.05999994277954
"7",171,"SSHigh",55223.33984375,0,541.75,0,19.4799995422363,0.389999985694885,359.760009765625,2024,2024,263,"Spr",9.93499976396559
"7",172,"SSHigh",55226.55078125,0,553.940002441406,0,25.4899997711182,4.65000009536743,438.329986572266,2024,2024,264,"Spr",15.0699999332428
"7",173,"SSHigh",55225.48828125,0,524.900024414062,0,28.2000007629395,9,603.869995117188,2024,2024,265,"Spr",18.6000003814697
"7",174,"SSHigh",55220.16015625,0,533.27001953125,0,29.3899993896484,9.21000003814697,575.369995117188,2024,2024,266,"Spr",19.2999997138977
"7",175,"SSHigh",55210.5703125,0,526.650024414062,0,31.8799991607666,11.75,673.840026855469,2024,2024,267,"Spr",21.8149995803833
"7",176,"SSHigh",55196.71875,0,508.670013427734,0,30.1200008392334,11.2700004577637,688.690002441406,2024,2024,268,"Spr",20.6950006484985
"7",177,"SSHigh",55178.62109375,0,528.109985351562,0,30.3500003814697,10.0200004577637,608.419982910156,2024,2024,269,"Spr",20.1850004196167
"7",178,"SSHigh",55156.30078125,4.30000019073486,296.75,0,25.5300006866455,12.3400001525879,1107.61999511719,2024,2024,270,"Spr",18.9350004196167
"7",179,"SSHigh",55129.76171875,0,449.070007324219,0,24.7099990844727,9.78999996185303,631.260009765625,2024,2024,271,"Spr",17.2499995231629
"7",180,"SSHigh",55099.01953125,0,504.970001220703,0,22.2600002288818,4.51999998092651,403.730010986328,2024,2024,272,"Spr",13.3900001049042
"7",181,"SSHigh",55064.12890625,0,536.5,0,27.5200004577637,7.09000015258789,416.220001220703,2024,2024,273,"Spr",17.3050003051758
"7",182,"SSHigh",55025.08984375,0,427.959991455078,0,27.4500007629395,13.1099996566772,801.640014648438,2024,2024,274,"Spr",20.2800002098083
"7",183,"SSHigh",54981.94921875,10.2299995422363,317.109985351562,0,21.9200000762939,7.98999977111816,769.950012207031,2024,2024,275,"Spr",14.954999923706
"7",184,"SSHigh",54934.73828125,0,491.100006103516,0,21.2399997711182,4.09999990463257,463.339996337891,2024,2024,276,"Sum",12.6699998378754
"7",185,"SSHigh",54883.48828125,0,459.359985351562,0,22.3799991607666,6.69999980926514,564.780029296875,2024,2024,277,"Sum",14.5399994850159
"7",186,"SSHigh",54828.25,0,484.630004882812,0,22.6900005340576,5.67999982833862,500.089996337891,2024,2024,278,"Sum",14.1850001811981
"7",187,"SSHigh",54769.05078125,0,516.969970703125,0,26.3899993896484,7.15999984741211,479.170013427734,2024,2024,279,"Sum",16.7749996185303
"7",188,"SSHigh",54705.9609375,0,490.799987792969,0,26.5699996948242,8.97000026702881,572.02001953125,2024,2024,280,"Sum",17.7699999809265
"7",189,"SSHigh",54639,0,458.470001220703,0,25.9400005340576,10.1099996566772,666.809997558594,2024,2024,281,"Sum",18.0250000953674
"7",190,"SSHigh",54568.23828125,0,509.209991455078,0,29.1200008392334,10.1300001144409,578.789978027344,2024,2024,282,"Sum",19.6250004768372
"7",191,"SSHigh",54493.71875,0,500.450012207031,0,31.7700004577637,12.9499998092651,692.820007324219,2024,2024,283,"Sum",22.3600001335144
"7",192,"SSHigh",54415.5,0,507.200012207031,0,33.25,13.6499996185303,705.400024414062,2024,2024,284,"Sum",23.4499998092652
"7",193,"SSHigh",54333.640625,0,507.019989013672,0,33.8499984741211,14.1099996566772,724.179992675781,2024,2024,285,"Sum",23.9799990653991
"7",194,"SSHigh",54248.19921875,0,471.070007324219,0,32.2799987792969,14.8800001144409,839.830017089844,2024,2024,286,"Sum",23.5799994468689
"7",195,"SSHigh",54159.23046875,0,507.380004882812,0,33.1599998474121,13.4499998092651,700.150024414062,2024,2024,287,"Sum",23.3049998283386
"7",196,"SSHigh",54066.80078125,0,455.140014648438,0,30.7099990844727,14.2399997711182,849.260009765625,2024,2024,288,"Sum",22.4749994277954
"7",197,"SSHigh",53970.98046875,0,372.049987792969,0,26.8099994659424,14.2799997329712,1051.81005859375,2024,2024,289,"Sum",20.5449995994568
"7",198,"SSHigh",53871.8203125,0,478.820007324219,0,30.2299995422363,12.5200004577637,726.510009765625,2024,2024,290,"Sum",21.375
"7",199,"SSHigh",53769.390625,2.30999994277954,350,0,31.0599994659424,13.2799997329712,1006.17999267578,2024,2024,291,"Sum",22.1699995994568
"7",200,"SSHigh",53663.76171875,0,498.820007324219,0,31.9200000762939,12.4700002670288,705.239990234375,2024,2024,292,"Sum",22.1950001716613
"7",201,"SSHigh",53554.98828125,0,475,0,32.0699996948242,14.0299997329712,822.359985351562,2024,2024,293,"Sum",23.0499997138977
"7",202,"SSHigh",53443.16015625,0,450.929992675781,0,31.2999992370605,14.6899995803833,911.669982910156,2024,2024,294,"Sum",22.9949994087219
"7",203,"SSHigh",53328.33984375,0,453.839996337891,0,30.8199996948242,14.1499996185303,880.219970703125,2024,2024,295,"Sum",22.4849996566772
"7",204,"SSHigh",53210.578125,0,456.890014648438,0,30.6399993896484,13.8699998855591,862.179992675781,2024,2024,296,"Sum",22.2549996376037
"7",205,"SSHigh",53089.96875,0,501.170013427734,0,33.560001373291,13.8199996948242,763.780029296875,2024,2024,297,"Sum",23.6900005340576
"7",206,"SSHigh",52966.5703125,0,446.579986572266,0,31.6399993896484,15.289999961853,961.280029296875,2024,2024,298,"Sum",23.4649996757507
"7",207,"SSHigh",52840.44921875,0,428.350006103516,0,30.5400009155273,15.3500003814697,944.789978027344,2024,2024,299,"Sum",22.9450006484985
"7",208,"SSHigh",52711.69140625,0,456.920013427734,0,27.6100006103516,11.3100004196167,652.049987792969,2024,2024,300,"Sum",19.4600005149842
"7",209,"SSHigh",52580.33984375,2.44000005722046,353.470001220703,0,26.2900009155273,9.10000038146973,592.289978027344,2024,2024,301,"Sum",17.6950006484985
"7",210,"SSHigh",52446.48828125,0,478.739990234375,0,25.7199993133545,8.57999992370605,405.420013427734,2024,2024,302,"Sum",17.1499996185303
"7",211,"SSHigh",52310.19921875,0,503.309997558594,0,28.4699993133545,9.55000019073486,434.730010986328,2024,2024,303,"Sum",19.0099997520447
"7",212,"SSHigh",52171.53125,2,418.010009765625,0,23.5599994659424,9.60000038146973,436.410003662109,2024,2024,304,"Sum",16.5799999237061
"7",213,"SSHigh",52030.5703125,0,501.820007324219,0,26.1399993896484,7.26000022888184,368.209991455078,2024,2024,305,"Sum",16.6999998092651
"7",214,"SSHigh",51887.37109375,0,515.349975585938,0,31.2399997711182,10.7299995422363,472.929992675781,2024,2024,306,"Sum",20.9849996566772
"7",215,"SSHigh",51742.01171875,0,504.950012207031,0,34.0400009155273,13.8400001525879,588.25,2024,2024,307,"Sum",23.9400005340576
"7",216,"SSHigh",51594.55078125,0,454.380004882812,0,33.5400009155273,16.6499996185303,713.419982910156,2024,2024,308,"Sum",25.0950002670288
"7",217,"SSHigh",51445.05078125,3.30999994277954,327.660003662109,0,29.7900009155273,14.0799999237061,598.169982910156,2024,2024,309,"Sum",21.9350004196167
"7",218,"SSHigh",51293.578125,3.08999991416931,369.829986572266,0,32.0299987792969,12.6800003051758,542.880004882812,2024,2024,310,"Sum",22.3549995422364
"7",219,"SSHigh",51140.2109375,3.49000000953674,359.049987792969,0,30.4599990844727,11.9499998092651,532.450012207031,2024,2024,311,"Sum",21.2049994468689
"7",220,"SSHigh",50985,0,441.380004882812,0,29.0200004577637,13.0600004196167,557.210021972656,2024,2024,312,"Sum",21.0400004386902
"7",221,"SSHigh",50828,0,427.829986572266,0,26.6399993896484,11.5299997329712,500.700012207031,2024,2024,313,"Sum",19.0849995613098
"7",222,"SSHigh",50669.2890625,0,415.540008544922,0,25.3999996185303,10.9799995422363,486.109985351562,2024,2024,314,"Sum",18.1899995803833
"7",223,"SSHigh",50508.9296875,4.48999977111816,324.339996337891,0,24.9300003051758,9.4399995803833,599.840026855469,2024,2024,315,"Sum",17.1849999427795
"7",224,"SSHigh",50346.9609375,4.17000007629395,365.100006103516,0,25.9300003051758,6.98999977111816,486.109985351562,2024,2024,316,"Sum",16.460000038147
"7",225,"SSHigh",50183.44921875,0,440.140014648438,0,27.2099990844727,11.3000001907349,557.260009765625,2024,2024,317,"Sum",19.2549996376038
"7",226,"SSHigh",50018.4609375,10.6199998855591,261.510009765625,0,22.0200004577637,10.1899995803833,890.880004882812,2024,2024,318,"Sum",16.1050000190735
"7",227,"SSHigh",49852.05078125,4.53000020980835,308.230010986328,0,22.6700000762939,7.94999980926514,764.140014648438,2024,2024,319,"Sum",15.3099999427795
"7",228,"SSHigh",49684.26171875,2.05999994277954,354.359985351562,0,26.7299995422363,8.02999973297119,704.340026855469,2024,2024,320,"Sum",17.3799996376037
"7",229,"SSHigh",49515.1484375,0,461,0,25.7700004577637,8.22000026702881,587.669982910156,2024,2024,321,"Sum",16.9950003623963
"7",230,"SSHigh",49344.78125,0,479.369995117188,0,29.5200004577637,10.3000001907349,626.25,2024,2024,322,"Sum",19.9100003242493
"7",231,"SSHigh",49173.19140625,0,459.220001220703,0,29.2000007629395,11.2299995422363,701.119995117188,2024,2024,323,"Sum",20.2150001525879
"7",232,"SSHigh",49000.4296875,0,461.660003662109,0,28.3700008392334,10.1899995803833,658.580017089844,2024,2024,324,"Sum",19.2800002098083
"7",233,"SSHigh",48826.55859375,0,457.630004882812,0,28.8799991607666,10.7600002288818,688.719970703125,2024,2024,325,"Sum",19.8199996948242
"7",234,"SSHigh",48651.62890625,0,449.5,0,26.9699993133545,9.63000011444092,567.340026855469,2024,2024,326,"Sum",18.2999997138977
"7",235,"SSHigh",48475.671875,0,495.410003662109,0,28.8299999237061,8.01000022888184,396.299987792969,2024,2024,327,"Sum",18.420000076294
"7",236,"SSHigh",48298.73828125,6.80999994277954,314.570007324219,0,26.2099990844727,10.1000003814697,770.609985351562,2024,2024,328,"Sum",18.1549997329712
"7",237,"SSHigh",48120.87890625,0,396.399993896484,0,22.1200008392334,7.65000009536743,599.330017089844,2024,2024,329,"Sum",14.8850004673004
"7",238,"SSHigh",47942.12890625,0,459.269989013672,0,23.1599998474121,4.94000005722046,427.040008544922,2024,2024,330,"Sum",14.0499999523163
"7",239,"SSHigh",47762.5390625,0,417.140014648438,0,21.7000007629395,6.01999998092651,518.349975585938,2024,2024,331,"Sum",13.860000371933
"7",240,"SSHigh",47582.140625,0,446.720001220703,0,24.5300006866455,6.80000019073486,494.5,2024,2024,332,"Sum",15.6650004386902
"7",241,"SSHigh",47400.98828125,0,386.230010986328,0,21.4500007629395,7.25,609.969970703125,2024,2024,333,"Sum",14.3500003814697
"7",242,"SSHigh",47219.109375,0,466.850006103516,0,23.8899993896484,4.46000003814697,409.029998779297,2024,2024,334,"Sum",14.1749997138977
"7",243,"SSHigh",47036.55859375,0,471.570007324219,0,27.2600002288818,6.94000005722046,460.720001220703,2024,2024,335,"Sum",17.1000001430511
"7",244,"SSHigh",46853.3515625,0,474.420013427734,0,30.1100006103516,9.01000022888184,511.25,2024,2024,336,"Sum",19.5600004196167
"7",245,"SSHigh",46669.5390625,0,451.769989013672,0,30.4699993133545,11.0200004577637,619.169982910156,2024,2024,337,"Sum",20.7449998855591
"7",246,"SSHigh",46485.16015625,0,439.779998779297,0,29.4599990844727,10.7700004577637,636.359985351562,2024,2024,338,"Sum",20.1149997711182
"7",247,"SSHigh",46300.23828125,1.85000002384186,403.890014648438,0,25.6499996185303,9.39999961853027,660.789978027344,2024,2024,339,"Sum",17.5249996185303
"7",248,"SSHigh",46114.828125,0,417.160003662109,0,24.9799995422363,7.8899998664856,601.109985351562,2024,2024,340,"Sum",16.434999704361
"7",249,"SSHigh",45928.94140625,0,427.230010986328,0,27.0300006866455,8.96000003814697,620.450012207031,2024,2024,341,"Sum",17.9950003623962
"7",250,"SSHigh",45742.62109375,0,434.739990234375,0,28.3600006103516,9.35000038146973,620.260009765625,2024,2024,342,"Sum",18.8550004959107
"7",251,"SSHigh",45555.8984375,0,427.359985351562,0,29.3400001525879,10.4799995422363,676.510009765625,2024,2024,343,"Sum",19.9099998474121
"7",252,"SSHigh",45368.80859375,0,418.869995117188,0,28.9099998474121,10.4200000762939,692.570007324219,2024,2024,344,"Sum",19.664999961853
"7",253,"SSHigh",45181.390625,0,414.940002441406,0,28.5300006866455,10.0900001525879,689.010009765625,2024,2024,345,"Sum",19.3100004196167
"7",254,"SSHigh",44993.6484375,0,416.019989013672,0,27.8700008392334,9.25,656.27001953125,2024,2024,346,"Sum",18.5600004196167
"7",255,"SSHigh",44805.6484375,0,354.309997558594,0,24.5400009155273,9.84000015258789,806.700012207031,2024,2024,347,"Sum",17.1900005340576
"7",256,"SSHigh",44617.390625,21.7000007629395,195.039993286133,0,14.5200004577637,4.5,826.760009765625,2024,2024,348,"Sum",9.51000022888185
"7",257,"SSHigh",44428.921875,0,318.029998779297,0,15.1099996566772,2.5,662.840026855469,2024,2024,349,"Sum",8.8049998283386
"7",258,"SSHigh",44240.26953125,0,388.779998779297,0,19.7600002288818,2.90000009536743,596.900024414062,2024,2024,350,"Sum",11.3300001621246
"7",259,"SSHigh",44051.44921875,0,394.010009765625,0,25.0599994659424,7.1399998664856,762.320007324219,2024,2024,351,"Sum",16.099999666214
"7",260,"SSHigh",43862.51171875,7.07000017166138,258.739990234375,0,23.5400009155273,8.48999977111816,1027.30004882812,2024,2024,352,"Sum",16.0150003433227
"7",261,"SSHigh",43673.46875,14.4399995803833,131.330001831055,0,13.1099996566772,6.51999998092651,969,2024,2024,353,"Sum",9.81499981880186
"7",262,"SSHigh",43484.359375,3.13000011444092,143.270004272461,0,13.1400003433228,5.98999977111816,934.070007324219,2024,2024,354,"Sum",9.56500005722048
"7",263,"SSHigh",43295.2109375,0,342.350006103516,0,17.8500003814697,3.71000003814697,757.309997558594,2024,2024,355,"Sum",10.7800002098083
"7",264,"SSHigh",43106.0390625,0,368.399993896484,0,20.1200008392334,4.11999988555908,748.710021972656,2024,2024,356,"Sum",12.1200003623962
"7",265,"SSHigh",42916.87890625,0,348,0,20.2700004577637,5.48999977111816,841.809997558594,2024,2024,357,"Sum",12.8800001144409
"7",266,"SSHigh",42727.76953125,0,391.510009765625,0,21.1299991607666,3.04999995231628,676,2024,2024,358,"Sum",12.0899995565414
"7",267,"SSHigh",42538.73046875,0,354.089996337891,0,20.5300006866455,4.94000005722046,807.02001953125,2024,2024,359,"Sum",12.735000371933
"7",268,"SSHigh",42349.7890625,0,373.529998779297,0,23.1700000762939,5.76999998092651,825.330017089844,2024,2024,360,"Sum",14.4700000286102
"7",269,"SSHigh",42160.96875,0,355.010009765625,0,25.6299991607666,9.02999973297119,1021.46997070312,2024,2024,361,"Sum",17.3299994468689
"7",270,"SSHigh",41972.3203125,0,368.720001220703,0,25.1800003051758,7.42000007629395,905.780029296875,2024,2024,362,"Sum",16.3000001907349
"7",271,"SSHigh",41783.83984375,0,370.989990234375,0,24.5599994659424,6.34000015258789,844.460021972656,2024,2024,363,"Sum",15.4499998092651
"7",272,"SSHigh",41595.58984375,0,364.260009765625,0,27.2099990844727,8.89999961853027,999.640014648438,2024,2024,364,"Sum",18.0549993515015
"7",273,"SSHigh",41407.578125,0,366.309997558594,0,26.8500003814697,8.1899995803833,954.900024414062,2024,2024,365,"Sum",17.5199999809265
"7",274,"SSHigh",41219.83984375,0,342,0,18,2.25999999046326,660.929992675781,2024,2025,1,"Fall",10.1299999952316
"7",275,"SSHigh",41032.421875,0,368.040008544922,0,18.4099998474121,0.419999986886978,562.890014648438,2024,2025,2,"Fall",9.41499991714954
"7",276,"SSHigh",40845.3203125,0,363.859985351562,0,20.9200000762939,2.75,656.510009765625,2024,2025,3,"Fall",11.835000038147
"7",277,"SSHigh",40658.6015625,0,342.489990234375,0,18.7700004577637,2.29999995231628,663.489990234375,2024,2025,4,"Fall",10.53500020504
"7",278,"SSHigh",40472.28125,0,377.100006103516,0,23.7700004577637,3.08999991416931,652.619995117188,2024,2025,5,"Fall",13.4300001859665
"7",279,"SSHigh",40286.390625,0,328.970001220703,0,20.3199996948242,4.19000005722046,764.330017089844,2024,2025,6,"Fall",12.2549998760223
"7",280,"SSHigh",40100.96875,0,336.690002441406,0,20.2099990844727,3.30999994277954,714.47998046875,2024,2025,7,"Fall",11.7599995136261
"7",281,"SSHigh",39916.05078125,0,328.019989013672,0,20.8600006103516,4.38000011444092,776.010009765625,2024,2025,8,"Fall",12.6200003623963
"7",282,"SSHigh",39731.66015625,0,339.459991455078,0,22.4500007629395,4.55000019073486,769.039978027344,2024,2025,9,"Fall",13.5000004768372
"7",283,"SSHigh",39547.8515625,0,335.630004882812,0,23.3199996948242,5.3600001335144,814.719970703125,2024,2025,10,"Fall",14.3399999141693
"7",284,"SSHigh",39364.640625,0,264.029998779297,0,20.8799991607666,8.21000003814697,1087.36999511719,2024,2025,11,"Fall",14.5449995994568
"7",285,"SSHigh",39182.078125,0,316.190002441406,0,21.7399997711182,5.19000005722046,834.22998046875,2024,2025,12,"Fall",13.4649999141693
"7",286,"SSHigh",39000.19921875,0,319.679992675781,0,23.3199996948242,5.80000019073486,860.960021972656,2024,2025,13,"Fall",14.5599999427795
"7",287,"SSHigh",38819.0390625,0,313.209991455078,0,23.9099998474121,6.46000003814697,906.929992675781,2024,2025,14,"Fall",15.1849999427795
"7",288,"SSHigh",38638.640625,0,308.559997558594,0,23.4699993133545,6.17999982833862,897.989990234375,2024,2025,15,"Fall",14.8249995708466
"7",289,"SSHigh",38459.05078125,0,304.119995117188,0,21.9400005340576,4.98000001907349,839.570007324219,2024,2025,16,"Fall",13.4600002765655
"7",290,"SSHigh",38280.2890625,0,299.079986572266,0,20.7800006866455,4.09999990463257,793.820007324219,2024,2025,17,"Fall",12.440000295639
"7",291,"SSHigh",38102.4296875,6.73000001907349,152.470001220703,0,11.1999998092651,1.28999996185303,670.210021972656,2024,2025,18,"Fall",6.24499988555906
"7",292,"SSHigh",37925.48828125,0,203.139999389648,0,8.34000015258789,-1.57000005245209,544.530029296875,2024,2025,19,"Fall",3.3850000500679
"7",293,"SSHigh",37749.51953125,0,295.880004882812,0,13.3100004196167,-3.41000008583069,474.739990234375,2024,2025,20,"Fall",4.950000166893
"7",294,"SSHigh",37574.578125,0,303.299987792969,0,18.0300006866455,-0.259999990463257,599.059997558594,2024,2025,21,"Fall",8.88500034809112
"7",295,"SSHigh",37400.69921875,0,253.679992675781,0,15.4799995422363,1.50999999046326,680.900024414062,2024,2025,22,"Fall",8.49499976634978
"7",296,"SSHigh",37227.94140625,0,225.960006713867,0,13.5200004577637,1.50999999046326,681.169982910156,2024,2025,23,"Fall",7.51500022411348
"7",297,"SSHigh",37056.3515625,0,235.929992675781,0,12.25,-0.449999988079071,591.159973144531,2024,2025,24,"Fall",5.90000000596046
"7",298,"SSHigh",36885.9609375,0,179.429992675781,0,8.73999977111816,-0.340000003576279,595.780029296875,2024,2025,25,"Fall",4.19999988377094
"7",299,"SSHigh",36716.8515625,0,234.449996948242,0,10.1999998092651,-2.34999990463257,513.929992675781,2024,2025,26,"Fall",3.92499995231626
"7",300,"SSHigh",36549.05078125,0,253.130004882812,0,14.5600004196167,0.219999998807907,620.419982910156,2024,2025,27,"Fall",7.3900002092123
"7",301,"SSHigh",36382.62109375,0,257.649993896484,0,17.2900009155273,2.16000008583069,713.570007324219,2024,2025,28,"Fall",9.725000500679
"7",302,"SSHigh",36217.62109375,0,192.940002441406,0,8.32999992370605,-1.64999997615814,541.390014648438,2024,2025,29,"Fall",3.33999997377395
"7",303,"SSHigh",36054.109375,0,134.660003662109,0,4.84999990463257,-1.73000001907349,537.880004882812,2024,2025,30,"Fall",1.55999994277954
"7",304,"SSHigh",35892.12890625,0,215.850006103516,0,5.01000022888184,-6.19999980926514,384.489990234375,2024,2025,31,"Fall",-0.59499979019165
"7",305,"SSHigh",35731.75,4.19999980926514,139.089996337891,4.19999980926514,1.3400000333786,-6.84999990463257,365.739990234375,2024,2025,32,"Fall",-2.75499993562698
"7",306,"SSHigh",35573.03125,0,171.179992675781,3.79999995231628,2.38000011444092,-5.03999996185303,419.950012207031,2024,2025,33,"Fall",-1.32999992370605
"7",307,"SSHigh",35416.03125,10.9700002670288,100.550003051758,2.72000002861023,2.24000000953674,-3.4300000667572,474.070007324219,2024,2025,34,"Fall",-0.59500002861023
"7",308,"SSHigh",35260.80078125,0,197.029998779297,1.99000000953674,4.26000022888184,-4.25,445.799987792969,2024,2025,35,"Fall",0.00500011444092019
"7",309,"SSHigh",35107.421875,0,195.820007324219,1.99000000953674,2.25999999046326,-6.09999990463257,387.480010986328,2024,2025,36,"Fall",-1.91999995708466
"7",310,"SSHigh",34955.94140625,0.709999978542328,209.630004882812,2.70000004768372,1.87000000476837,-7.11999988555908,358.109985351562,2024,2025,37,"Fall",-2.62499994039536
"7",311,"SSHigh",34806.4296875,0,254.600006103516,2.70000004768372,3.50999999046326,-8.17000007629395,330.190002441406,2024,2025,38,"Fall",-2.33000004291535
"7",312,"SSHigh",34658.94921875,0,281.959991455078,2.70000004768372,4.84000015258789,-9.10000038146973,306.859985351562,2024,2025,39,"Fall",-2.13000011444092
"7",313,"SSHigh",34513.5703125,0,278.130004882812,2.70000004768372,7.53999996185303,-6.34999990463257,380.029998779297,2024,2025,40,"Fall",0.59500002861023
"7",314,"SSHigh",34370.359375,0,256.769989013672,2.36999988555908,7.1399998664856,-5.19999980926514,414.910003662109,2024,2025,41,"Fall",0.97000002861023
"7",315,"SSHigh",34229.37890625,0,220,0.939999997615814,7.32999992370605,-2.59999990463257,504.339996337891,2024,2025,42,"Fall",2.36500000953674
"7",316,"SSHigh",34090.7109375,0,225.850006103516,0,11.1800003051758,-1.07000005245209,564.700012207031,2024,2025,43,"Fall",5.05500012636186
"7",317,"SSHigh",33954.3984375,4.34000015258789,158.880004882812,0,6.51999998092651,-4.42999982833862,439.760009765625,2024,2025,44,"Fall",1.04500007629394
"7",318,"SSHigh",33820.53125,0,192.889999389648,0,2.45000004768372,-6.90000009536743,364.200012207031,2024,2025,45,"Fall",-2.22500002384186
"7",319,"SSHigh",33689.171875,0,223.789993286133,0,6.03999996185303,-5.75,397.910003662109,2024,2025,46,"Fall",0.144999980926515
"7",320,"SSHigh",33560.37890625,0,146.619995117188,0,3.05999994277954,-3.58999991416931,468.369995117188,2024,2025,47,"Fall",-0.264999985694885
"7",321,"SSHigh",33434.25,0,147.809997558594,0,2.20000004768372,-4.51000022888184,437.070007324219,2024,2025,48,"Fall",-1.15500009059906
"7",322,"SSHigh",33310.828125,0,144.720001220703,0,0.340000003576279,-6.19000005722046,384.850006103516,2024,2025,49,"Fall",-2.92500002682209
"7",323,"SSHigh",33190.19921875,9.69999980926514,162.149993896484,9.69999980926514,-0.879999995231628,-10.1599998474121,282.320007324219,2024,2025,50,"Fall",-5.51999992132186
"7",324,"SSHigh",33072.4296875,0,235.449996948242,9.69999980926514,-3.26999998092651,-13.5200004577637,215.330001831055,2024,2025,51,"Fall",-8.3950002193451
"7",325,"SSHigh",32957.578125,0,246.460006713867,9.69999980926514,-0.839999973773956,-12.0799999237061,242.080001831055,2024,2025,52,"Fall",-6.45999994874003
"7",326,"SSHigh",32845.73046875,2.50999999046326,151.639999389648,8.80000019073486,4.76999998092651,-3.86999988555908,458.829986572266,2024,2025,53,"Fall",0.450000047683715
"7",327,"SSHigh",32736.94921875,0,193.160003662109,6.5,7.65999984741211,-0.52999997138977,587.429992675781,2024,2025,54,"Fall",3.56499993801117
"7",328,"SSHigh",32631.30078125,0,158.960006713867,4.71999979019165,4.67000007629395,-1.75,537.27001953125,2024,2025,55,"Fall",1.46000003814697
"7",329,"SSHigh",32528.849609375,0,158.039993286133,4.30000019073486,1.25999999046326,-5,421.410003662109,2024,2025,56,"Fall",-1.87000000476837
"7",330,"SSHigh",32429.66015625,0,193.589996337891,4.30000019073486,0.550000011920929,-7.3899998664856,350.839996337891,2024,2025,57,"Fall",-3.41999992728234
"7",331,"SSHigh",32333.810546875,0,167.020004272461,4.30000019073486,0.389999985694885,-6.09999990463257,387.260009765625,2024,2025,58,"Fall",-2.85499995946884
"7",332,"SSHigh",32241.359375,0,206.110000610352,4.30000019073486,-0.449999988079071,-9,309.459991455078,2024,2025,59,"Fall",-4.72499999403954
"7",333,"SSHigh",32152.369140625,0,85.4000015258789,4.30000019073486,-3.9300000667572,-7.01000022888184,361.149993896484,2024,2025,60,"Fall",-5.47000014781952
"7",334,"SSHigh",32066.91015625,0,118.809997558594,4.30000019073486,-3.17000007629395,-7.51999998092651,347.290008544922,2024,2025,61,"Fall",-5.34500002861023
"7",335,"SSHigh",31985.01953125,0,171.669998168945,4.30000019073486,-1.89999997615814,-8.53999996185303,320.649993896484,2024,2025,62,"Fall",-5.21999996900558
"7",336,"SSHigh",31906.779296875,0,219.259994506836,4.30000019073486,1.12000000476837,-8.5,321.630004882812,2024,2025,63,"Fall",-3.68999999761582
"7",337,"SSHigh",31832.240234375,0,246.869995117188,4.30000019073486,6.80999994277954,-6.40999984741211,378.220001220703,2024,2025,64,"Fall",0.200000047683715
"7",338,"SSHigh",31761.44921875,0,239.330001831055,3.80999994277954,7.80000019073486,-4.84000015258789,426.369995117188,2024,2025,65,"Fall",1.48000001907348
"7",339,"SSHigh",31694.470703125,0,236.149993896484,3.80999994277954,6.36999988555908,-6.07999992370605,388.089996337891,2024,2025,66,"Fall",0.144999980926515
"7",340,"SSHigh",31631.349609375,0,237.270004272461,3.80999994277954,6.17999982833862,-6.69999980926514,370.040008544922,2024,2025,67,"Fall",-0.25999999046326
"7",341,"SSHigh",31572.130859375,0,224.679992675781,3.80999994277954,4.65999984741211,-6.82000017166138,366.470001220703,2024,2025,68,"Fall",-1.08000016212463
"7",342,"SSHigh",31516.859375,0,175.279998779297,3.80999994277954,1.49000000953674,-6.1100001335144,386.970001220703,2024,2025,69,"Fall",-2.31000006198883
"7",343,"SSHigh",31465.58984375,0,175.289993286133,3.80999994277954,-0.540000021457672,-7.98999977111816,334.739990234375,2024,2025,70,"Fall",-4.26499989628792
"7",344,"SSHigh",31418.349609375,0,200.889999389648,3.80999994277954,-0.740000009536743,-9.73999977111816,291.890014648438,2024,2025,71,"Fall",-5.23999989032745
"7",345,"SSHigh",31375.1796875,0,208.179992675781,3.80999994277954,-3.92000007629395,-13.3900003433228,217.649993896484,2024,2025,72,"Fall",-8.65500020980837
"7",346,"SSHigh",31336.119140625,0,191.070007324219,3.80999994277954,-2.25999999046326,-10.5200004577637,274.299987792969,2024,2025,73,"Fall",-6.39000022411348
"7",347,"SSHigh",31301.189453125,0,206.619995117188,3.80999994277954,3.44000005722046,-6.1399998664856,386.329986572266,2024,2025,74,"Fall",-1.34999990463257
"7",348,"SSHigh",31270.4296875,0,188.199996948242,3.80999994277954,0.119999997317791,-8.0600004196167,332.920013427734,2024,2025,75,"Fall",-3.97000021114945
"7",349,"SSHigh",31243.859375,7.5,57.6800003051758,2.75,-0.600000023841858,-3.47000002861023,472.709991455078,2024,2025,76,"Fall",-2.03500002622604
"7",350,"SSHigh",31221.509765625,0,212.149993896484,2.75,0.319999992847443,-9.53999996185303,296.480010986328,2024,2025,77,"Fall",-4.60999998450279
"7",351,"SSHigh",31203.390625,7.69000005722046,147.279998779297,10.4300003051758,-3.46000003814697,-12.0900001525879,241.869995117188,2024,2025,78,"Fall",-7.77500009536744
"7",352,"SSHigh",31189.509765625,0,127.769996643066,10.4200000762939,-0.959999978542328,-5.96999979019165,391.390014648438,2024,2025,79,"Fall",-3.46499988436699
"7",353,"SSHigh",31179.890625,0,169.690002441406,10.4200000762939,0.839999973773956,-6.15999984741211,385.619995117188,2024,2025,80,"Fall",-2.65999993681908
"7",354,"SSHigh",31174.529296875,0,225.399993896484,10.4200000762939,2.09999990463257,-9.06999969482422,307.670013427734,2024,2025,81,"Fall",-3.48499989509583
"7",355,"SSHigh",31173.439453125,0,208.389999389648,10.039999961853,4.55000019073486,-5.09000015258789,418.329986572266,2024,2025,82,"Fall",-0.269999980926515
"7",356,"SSHigh",31176.630859375,0,189.860000610352,8.86999988555908,5.1100001335144,-3.21000003814697,481.910003662109,2024,2025,83,"Fall",0.950000047683715
"7",357,"SSHigh",31184.080078125,0,156.059997558594,8.31999969482422,1.57000005245209,-4.69999980926514,430.809997558594,2024,2025,84,"Fall",-1.56499987840653
"7",358,"SSHigh",31195.7890625,2.67000007629395,82.6399993896484,7.09000015258789,1.1599999666214,-3.05999994277954,487.329986572266,2024,2025,85,"Fall",-0.94999998807907
"7",359,"SSHigh",31211.759765625,0,134.479995727539,5.94000005722046,1.96000003814697,-3.26999998092651,480,2024,2025,86,"Fall",-0.65499997138977
"7",360,"SSHigh",31231.9609375,3.44000005722046,103.199996948242,4.96000003814697,1.66999995708466,-3.67000007629395,465.600006103516,2024,2025,87,"Fall",-1.00000005960465
"7",361,"SSHigh",31256.390625,6.67999982833862,78.9400024414062,4.6399998664856,-1.33000004291534,-5.23000001907349,413.959991455078,2024,2025,88,"Fall",-3.28000003099441
"7",362,"SSHigh",31285.01953125,4.3600001335144,119.610000610352,9,-1.47000002861023,-7.59999990463257,345.149993896484,2024,2025,89,"Fall",-4.5349999666214
"7",363,"SSHigh",31317.830078125,2.54999995231628,113.680000305176,8.61999988555908,0.75,-5.09000015258789,418.529998779297,2024,2025,90,"Fall",-2.17000007629394
"7",364,"SSHigh",31354.7890625,3.73000001907349,101.76000213623,7.98999977111816,0.620000004768372,-4.5,437.489990234375,2024,2025,91,"Fall",-1.93999999761581
"7",365,"SSHigh",31395.869140625,0,179.070007324219,7.98999977111816,-0.889999985694885,-7.94000005722046,336.089996337891,2024,2025,92,"Win",-4.41500002145767
"8",1,"SSHQ",31466.2890625,0,233.410003662109,3.11999988555908,3.38000011444092,-9.39999961853027,299.709991455078,2024,2024,93,"Win",-3.00999975204468
"8",2,"SSHQ",31515.419921875,0,219.490005493164,3.11999988555908,0.409999996423721,-10.3199996948242,278.730010986328,2024,2024,94,"Win",-4.95499984920024
"8",3,"SSHQ",31568.55078125,0,234.600006103516,3.11999988555908,3.00999999046326,-9.60999965667725,294.970001220703,2024,2024,95,"Win",-3.29999983310699
"8",4,"SSHQ",31625.640625,0,188.009994506836,3.11999988555908,0.25,-7.82999992370605,338.940002441406,2024,2024,96,"Win",-3.78999996185303
"8",5,"SSHQ",31686.66015625,0,201.619995117188,3.11999988555908,1.21000003814697,-7.73000001907349,341.549987792969,2024,2024,97,"Win",-3.25999999046326
"8",6,"SSHQ",31751.5390625,0,211.110000610352,3.11999988555908,-2.71000003814697,-12.1300001144409,241.110000610352,2024,2024,98,"Win",-7.42000007629393
"8",7,"SSHQ",31820.25,4.28999996185303,143.460006713867,7.40000009536743,-2.02999997138977,-10.0100002288818,285.700012207031,2024,2024,99,"Win",-6.02000010013579
"8",8,"SSHQ",31892.740234375,0,234.820007324219,7.40000009536743,-5.80000019073486,-16.9599990844727,161.899993896484,2024,2024,100,"Win",-11.3799996376038
"8",9,"SSHQ",31968.939453125,3.1800000667572,129.240005493164,10.5900001525879,-5.59000015258789,-12.3199996948242,237.490005493164,2024,2024,101,"Win",-8.95499992370604
"8",10,"SSHQ",32048.80078125,1.9099999666214,221.300003051758,12.5,-5.46999979019165,-15.0600004196167,189.800003051758,2024,2024,102,"Win",-10.2650001049042
"8",11,"SSHQ",32132.26953125,0,217.639999389648,12.5,-9.09000015258789,-18.2099990844727,145.699996948242,2024,2024,103,"Win",-13.6499996185303
"8",12,"SSHQ",32219.279296875,0.479999989271164,244.220001220703,12.9799995422363,-7.73000001907349,-18.9899997711182,136.279998779297,2024,2024,104,"Win",-13.3599998950958
"8",13,"SSHQ",32309.779296875,0,261.600006103516,12.9799995422363,-13.4899997711182,-26.6499996185303,68.9700012207031,2024,2024,105,"Win",-20.0699996948242
"8",14,"SSHQ",32403.7109375,0,235.889999389648,12.9799995422363,-10.0699996948242,-20.1800003051758,122.959999084473,2024,2024,106,"Win",-15.125
"8",15,"SSHQ",32500.990234375,0,259.239990234375,12.9799995422363,-10.9099998474121,-23.1399993896484,94.8000030517578,2024,2024,107,"Win",-17.0249996185302
"8",16,"SSHQ",32601.560546875,0,274.410003662109,12.9799995422363,-9.0600004196167,-23.4599990844727,92.129997253418,2024,2024,108,"Win",-16.2599997520447
"8",17,"SSHQ",32705.369140625,1.08000004291534,199.809997558594,14.0600004196167,-6.28999996185303,-13.7299995422363,211.660003662109,2024,2024,109,"Win",-10.0099997520447
"8",18,"SSHQ",32812.328125,0,265.179992675781,14.0600004196167,0.490000009536743,-12.0200004577637,243.360000610352,2024,2024,110,"Win",-5.76500022411348
"8",19,"SSHQ",32922.390625,0,190.619995117188,13.8400001525879,1.50999999046326,-5.48000001907349,406.25,2024,2024,111,"Win",-1.98500001430511
"8",20,"SSHQ",33035.46875,0.959999978542328,225,12.9200000762939,5.05999994277954,-3.79999995231628,461.339996337891,2024,2024,112,"Win",0.62999999523163
"8",21,"SSHQ",33151.51171875,0.519999980926514,102.48999786377,10.8599996566772,2.30999994277954,-1.11000001430511,563.320007324219,2024,2024,113,"Win",0.599999964237215
"8",22,"SSHQ",33270.4296875,4.57000017166138,70.4300003051758,8.8100004196167,1.95000004768372,-1.12000000476837,562.820007324219,2024,2024,114,"Win",0.415000021457675
"8",23,"SSHQ",33392.1796875,2.59999990463257,83.7900009155273,6.80000019073486,2.48000001907349,-1.20000004768372,559.380004882812,2024,2024,115,"Win",0.639999985694885
"8",24,"SSHQ",33516.671875,0.119999997317791,98.8099975585938,4.88000011444092,1.75,-1.42999994754791,550.010009765625,2024,2024,116,"Win",0.160000026226045
"8",25,"SSHQ",33643.83984375,1.70000004768372,190.820007324219,3.97000002861023,2.75,-3.83999991416931,459.920013427734,2024,2024,117,"Win",-0.544999957084655
"8",26,"SSHQ",33773.609375,0,217.529998779297,3.97000002861023,0.589999973773956,-7.05000019073486,360.119995117188,2024,2024,118,"Win",-3.23000010848045
"8",27,"SSHQ",33905.9296875,0,205.309997558594,3.86999988555908,1.24000000953674,-5.75,397.739990234375,2024,2024,119,"Win",-2.25499999523163
"8",28,"SSHQ",34040.7109375,0,179.470001220703,2.20000004768372,3.88000011444092,-2.04999995231628,525.580017089844,2024,2024,120,"Win",0.91500008106232
"8",29,"SSHQ",34177.890625,0,197.740005493164,0.00999999977648258,5.8600001335144,-0.77999997138977,577.010009765625,2024,2024,121,"Win",2.54000008106232
"8",30,"SSHQ",34317.41015625,0,248.289993286133,0,8.39000034332275,-2.59999990463257,504.399993896484,2024,2024,122,"Win",2.89500021934509
"8",31,"SSHQ",34459.19140625,0,268.260009765625,0,9.22000026702881,-3.86999988555908,458.720001220703,2024,2024,123,"Win",2.67500019073487
"8",32,"SSHQ",34603.16015625,0,250.5,0,8.72999954223633,-2.01999998092651,526.789978027344,2024,2024,124,"Win",3.35499978065491
"8",33,"SSHQ",34749.26953125,5.65999984741211,85.5800018310547,0,4.84999990463257,1.12999999523163,662.739990234375,2024,2024,125,"Win",2.9899999499321
"8",34,"SSHQ",34897.4296875,3.17000007629395,66.3600006103516,0,1.74000000953674,-0.959999978542328,569.419982910156,2024,2024,126,"Win",0.390000015497206
"8",35,"SSHQ",35047.6015625,2.75,115.620002746582,0,0.8299999833107,-3.99000000953674,454.799987792969,2024,2024,127,"Win",-1.58000001311302
"8",36,"SSHQ",35199.69921875,4.63000011444092,161.899993896484,0,1.78999996185303,-5.34999990463257,410.239990234375,2024,2024,128,"Win",-1.77999997138977
"8",37,"SSHQ",35353.671875,9.78999996185303,111.580001831055,0,3.02999997138977,-1.44000005722046,549.52001953125,2024,2024,129,"Win",0.794999957084655
"8",38,"SSHQ",35509.44140625,5.69999980926514,92.1500015258789,0,2.26999998092651,-1.21000003814697,558.859985351562,2024,2024,130,"Win",0.52999997138977
"8",39,"SSHQ",35666.9609375,0.730000019073486,170.699996948242,0,0.560000002384186,-4.32000017166138,443.529998779297,2024,2024,131,"Win",-1.8800000846386
"8",40,"SSHQ",35826.171875,1.4099999666214,261.579986572266,1.4099999666214,-0.52999997138977,-7.65999984741211,343.510009765625,2024,2024,132,"Win",-4.09499990940094
"8",41,"SSHQ",35987,0,345.549987792969,1.4099999666214,-0.0399999991059303,-12.4799995422363,234.389999389648,2024,2024,133,"Win",-6.25999977067112
"8",42,"SSHQ",36149.3984375,0,328.579986572266,1.4099999666214,-1.97000002861023,-12.3000001907349,237.919998168945,2024,2024,134,"Win",-7.13500010967257
"8",43,"SSHQ",36313.30859375,0,240.179992675781,1.4099999666214,-0.6700000166893,-6.65000009536743,371.269989013672,2024,2024,135,"Win",-3.66000005602836
"8",44,"SSHQ",36478.671875,0,345.660003662109,1.4099999666214,1.00999999046326,-10.0299997329712,285.269989013672,2024,2024,136,"Win",-4.50999987125397
"8",45,"SSHQ",36645.4296875,0,324.309997558594,1.4099999666214,-0.270000010728836,-9.39000034332275,300.089996337891,2024,2024,137,"Win",-4.83000017702579
"8",46,"SSHQ",36813.53125,0.77999997138977,280.320007324219,0.680000007152557,2.67000007629395,-4.26000022888184,445.649993896484,2024,2024,138,"Win",-0.795000076293945
"8",47,"SSHQ",36982.921875,0.569999992847443,338.029998779297,1.25,-0.620000004768372,-9.9399995803833,287.299987792969,2024,2024,139,"Win",-5.27999979257584
"8",48,"SSHQ",37153.55078125,0,388.649993896484,1.25,-1.37999999523163,-15.6700000762939,180.339996337891,2024,2024,140,"Win",-8.52500003576276
"8",49,"SSHQ",37325.37109375,0,352.630004882812,1.25,-0.0299999993294477,-9.94999980926514,287.100006103516,2024,2024,141,"Win",-4.98999990429729
"8",50,"SSHQ",37498.328125,0.709999978542328,338.540008544922,0.879999995231628,3.97000002861023,-5.09999990463257,417.959991455078,2024,2024,142,"Win",-0.56499993801117
"8",51,"SSHQ",37672.37890625,2.49000000953674,135.5,0,2.69000005722046,-1.70000004768372,539.27001953125,2024,2024,143,"Win",0.49500000476837
"8",52,"SSHQ",37847.46875,0,325.600006103516,0,5.65000009536743,-4.69000005722046,431.239990234375,2024,2024,144,"Win",0.480000019073485
"8",53,"SSHQ",38023.55078125,0,300.170013427734,0,3.67000007629395,-4.96999979019165,422.160003662109,2024,2024,145,"Win",-0.64999985694885
"8",54,"SSHQ",38200.58984375,0,344.320007324219,0,3.15000009536743,-8.43000030517578,323.609985351562,2024,2024,146,"Win",-2.64000010490417
"8",55,"SSHQ",38378.5390625,0,345.179992675781,0,4.94999980926514,-6.67999982833862,370.510009765625,2024,2024,147,"Win",-0.86500000953674
"8",56,"SSHQ",38557.33984375,0,299.739990234375,0,5.07999992370605,-3.53999996185303,470.339996337891,2024,2024,148,"Win",0.76999998092651
"8",57,"SSHQ",38736.96875,0,285.920013427734,0,4.65000009536743,-3.22000002861023,481.5,2024,2024,149,"Win",0.7150000333786
"8",58,"SSHQ",38917.37890625,0,369.589996337891,0,0.409999996423721,-12.5900001525879,232.399993896484,2024,2024,150,"Win",-6.09000007808209
"8",59,"SSHQ",39098.53125,0,338.440002441406,0,-1.02999997138977,-11.2700004577637,258.5,2024,2024,151,"Win",-6.15000021457674
"8",60,"SSHQ",39280.37890625,2.50999999046326,298.299987792969,2.50999999046326,4.6399998664856,-7,361.470001220703,2024,2024,152,"Win",-1.1800000667572
"8",61,"SSHQ",39462.8984375,2.51999998092651,192.869995117188,0.649999976158142,4.17000007629395,-1.58000004291534,543.799987792969,2024,2024,153,"Win",1.2950000166893
"8",62,"SSHQ",39646.0390625,14.6599998474121,174.520004272461,0,1.14999997615814,-4.42000007629395,440.200012207031,2024,2024,154,"Win",-1.6350000500679
"8",63,"SSHQ",39829.76171875,0,356.809997558594,0,-2.25,-12.5600004196167,232.800003051758,2024,2024,155,"Win",-7.40500020980835
"8",64,"SSHQ",40014.05078125,0.639999985694885,409.299987792969,0.639999985694885,-1.98000001907349,-13.1000003814697,222.839996337891,2024,2024,156,"Win",-7.5400002002716
"8",65,"SSHQ",40198.83984375,1.46000003814697,404.209991455078,2.09999990463257,-2.3199999332428,-13.0799999237061,223.279998779297,2024,2024,157,"Win",-7.69999992847445
"8",66,"SSHQ",40384.12890625,0,368.980010986328,2.09999990463257,0.879999995231628,-8.22999954223633,328.470001220703,2024,2024,158,"Win",-3.67499977350235
"8",67,"SSHQ",40569.859375,0,395.660003662109,2.09999990463257,-0.400000005960464,-10.6400003433228,271.660003662109,2024,2024,159,"Win",-5.52000017464163
"8",68,"SSHQ",40756.01171875,0,455.549987792969,2.09999990463257,-1.29999995231628,-15.7299995422363,179.559997558594,2024,2024,160,"Win",-8.51499974727629
"8",69,"SSHQ",40942.5390625,0,458.649993896484,2.09999990463257,1.62000000476837,-13.3199996948242,218.860000610352,2024,2024,161,"Win",-5.84999984502791
"8",70,"SSHQ",41129.421875,0,459.730010986328,2.09999990463257,5.86999988555908,-9.39999961853027,291.75,2024,2024,162,"Win",-1.76499986648559
"8",71,"SSHQ",41316.62890625,0,385.790008544922,1.62000000476837,5.32000017166138,-4.8600001335144,425.75,2024,2024,163,"Win",0.23000001907349
"8",72,"SSHQ",41504.12890625,1.28999996185303,322.470001220703,0.340000003576279,4.78999996185303,-2.95000004768372,491.5,2024,2024,164,"Win",0.919999957084655
"8",73,"SSHQ",41691.890625,1.03999996185303,346.630004882812,0.0599999986588955,3.07999992370605,-5.34000015258789,410.609985351562,2024,2024,165,"Win",-1.13000011444092
"8",74,"SSHQ",41879.87890625,0,315.790008544922,0,5.05000019073486,-3.40000009536743,475.089996337891,2024,2024,166,"Win",0.825000047683715
"8",75,"SSHQ",42068.05859375,0,419.929992675781,0,7.78999996185303,-6.44999980926514,361.970001220703,2024,2024,167,"Win",0.670000076293945
"8",76,"SSHQ",42256.4296875,0,401.649993896484,0,10.9700002670288,-2,494.559997558594,2024,2024,168,"Win",4.4850001335144
"8",77,"SSHQ",42444.9296875,0,397.519989013672,0,12.7600002288818,0.0700000002980232,553.130004882812,2024,2024,169,"Win",6.41500011458991
"8",78,"SSHQ",42633.55078125,0,432.040008544922,0,13.5200004577637,-1.76999998092651,463.239990234375,2024,2024,170,"Win",5.8750002384186
"8",79,"SSHQ",42822.25,0,435.859985351562,0,13.6300001144409,-1.91999995708466,454.869995117188,2024,2024,171,"Win",5.85500007867812
"8",80,"SSHQ",43011.01171875,0,442.339996337891,0,14.3699998855591,-1.86000001430511,449.459991455078,2024,2024,172,"Win",6.254999935627
"8",81,"SSHQ",43199.7890625,0,406.920013427734,0,12.6700000762939,-0.550000011920929,520.140014648438,2024,2024,173,"Win",6.06000003218649
"8",82,"SSHQ",43388.578125,0,420.079986572266,0,12.039999961853,-1.94000005722046,466.059997558594,2024,2024,174,"Win",5.04999995231627
"8",83,"SSHQ",43577.33984375,1.9099999666214,362.309997558594,0,10.7799997329712,0.100000001490116,578.549987792969,2024,2024,175,"Win",5.43999986723066
"8",84,"SSHQ",43766.0390625,0,350.619995117188,0,8,-1.92999994754791,516.710021972656,2024,2024,176,"Win",3.03500002622605
"8",85,"SSHQ",43954.66015625,0,403.010009765625,0,7.40000009536743,-4.78000020980835,400.570007324219,2024,2024,177,"Win",1.30999994277954
"8",86,"SSHQ",44143.16015625,0,389.450012207031,0,6.32000017166138,-5.07999992370605,397.339996337891,2024,2024,178,"Win",0.620000123977665
"8",87,"SSHQ",44331.51953125,2.73000001907349,309.679992675781,0,8.15999984741211,-4.6100001335144,430.899993896484,2024,2024,179,"Win",1.77499985694885
"8",88,"SSHQ",44519.7109375,8.02000045776367,227.059997558594,0,7.40000009536743,-0.600000023841858,584.419982910156,2024,2024,180,"Win",3.40000003576279
"8",89,"SSHQ",44707.69921875,0,418.640014648438,0,8.17000007629395,-4.44000005722046,398.010009765625,2024,2024,181,"Win",1.86500000953675
"8",90,"SSHQ",44895.4609375,0,401.850006103516,0,8.6899995803833,-2.95000004768372,441.779998779297,2024,2024,182,"Win",2.86999976634979
"8",91,"SSHQ",45082.9609375,0.0700000002980232,294.190002441406,0,8.51000022888184,0.8299999833107,648.349975585938,2024,2024,183,"Win",4.67000010609627
"8",92,"SSHQ",45270.171875,0,453.420013427734,0,11.6199998855591,-3.20000004768372,395.779998779297,2024,2024,184,"Win",4.20999991893769
"8",93,"SSHQ",45457.05078125,0,490.559997558594,0,15.5600004196167,-3.14000010490417,362.869995117188,2024,2024,185,"Spr",6.21000015735626
"8",94,"SSHQ",45643.58984375,0,465.109985351562,0,15.8500003814697,-0.230000004172325,458.720001220703,2024,2024,186,"Spr",7.81000018864869
"8",95,"SSHQ",45829.73828125,0,427.399993896484,0,16.3500003814697,2.78999996185303,590.75,2024,2024,187,"Spr",9.57000017166137
"8",96,"SSHQ",46015.46875,0,426.540008544922,0,13.4300003051758,0.109999999403954,503.320007324219,2024,2024,188,"Spr",6.77000015228988
"8",97,"SSHQ",46200.75,0,295.799987792969,0,5.53999996185303,-2.3199999332428,515.02001953125,2024,2024,189,"Spr",1.61000001430511
"8",98,"SSHQ",46385.55078125,0,340.940002441406,0,7.26000022888184,-1.91999995708466,499.850006103516,2024,2024,190,"Spr",2.67000013589859
"8",99,"SSHQ",46569.828125,0,418.299987792969,0,9.31999969482422,-2.75,420.450012207031,2024,2024,191,"Spr",3.28499984741211
"8",100,"SSHQ",46753.55859375,0,464.309997558594,0,11.8500003814697,-2.60999989509583,380.049987792969,2024,2024,192,"Spr",4.62000024318693
"8",101,"SSHQ",46936.69921875,0,491.570007324219,0,14.4700002670288,-2.19000005722046,358.309997558594,2024,2024,193,"Spr",6.14000010490417
"8",102,"SSHQ",47119.21875,0,502.559997558594,0,15.5299997329712,-2.39000010490417,341.649993896484,2024,2024,194,"Spr",6.56999981403352
"8",103,"SSHQ",47301.0703125,0,498.450012207031,0,19.9200000762939,1.87000000476837,435.989990234375,2024,2024,195,"Spr",10.8950000405311
"8",104,"SSHQ",47482.21875,0,497.75,0,21.25,2.97000002861023,462.619995117188,2024,2024,196,"Spr",12.1100000143051
"8",105,"SSHQ",47662.62890625,0,494.010009765625,0,20.4099998474121,2.63000011444092,457.410003662109,2024,2024,197,"Spr",11.5199999809265
"8",106,"SSHQ",47842.26171875,0,395.109985351562,0,16.7299995422363,4.90999984741211,651.619995117188,2024,2024,198,"Spr",10.8199996948242
"8",107,"SSHQ",48021.0703125,0,415.980010986328,0,12.5299997329712,0.109999999403954,472.829986572266,2024,2024,199,"Spr",6.31999986618758
"8",108,"SSHQ",48199.01953125,0,402.850006103516,0,8.80000019073486,-2.76999998092651,406.309997558594,2024,2024,200,"Spr",3.01500010490417
"8",109,"SSHQ",48376.05859375,0,487.429992675781,0,8.1899995803833,-7.53999996185303,258.230010986328,2024,2024,201,"Spr",0.324999809265135
"8",110,"SSHQ",48552.1484375,0,458.75,0,10.1700000762939,-3.76999998092651,342.760009765625,2024,2024,202,"Spr",3.20000004768369
"8",111,"SSHQ",48727.23828125,0,514.239990234375,0,14.8900003433228,-3.00999999046326,307.940002441406,2024,2024,203,"Spr",5.94000017642977
"8",112,"SSHQ",48901.2890625,0,538.880004882812,0,20.0699996948242,-1,313.5,2024,2024,204,"Spr",9.5349998474121
"8",113,"SSHQ",49074.25,0,513.130004882812,0,16.5499992370605,-1.51999998092651,315.220001220703,2024,2024,205,"Spr",7.514999628067
"8",114,"SSHQ",49246.0703125,0,521.969970703125,0,17.9699993133545,-1.13999998569489,300.709991455078,2024,2024,206,"Spr",8.4149996638298
"8",115,"SSHQ",49416.7109375,0,509.609985351562,0,20.9799995422363,2.67000007629395,382.279998779297,2024,2024,207,"Spr",11.8249998092651
"8",116,"SSHQ",49586.1015625,6.53999996185303,295.149993896484,0,17.4400005340576,5.44999980926514,718.010009765625,2024,2024,208,"Spr",11.4450001716614
"8",117,"SSHQ",49754.2109375,5.92999982833862,254.300003051758,0,12.8000001907349,3.0699999332428,705.72998046875,2024,2024,209,"Spr",7.93500006198885
"8",118,"SSHQ",49920.96875,15.1999998092651,189.570007324219,0,11.1199998855591,4.15999984741211,822.070007324219,2024,2024,210,"Spr",7.6399998664856
"8",119,"SSHQ",50086.328125,12.5799999237061,207.660003662109,0,11.039999961853,3.47000002861023,782.989990234375,2024,2024,211,"Spr",7.25499999523162
"8",120,"SSHQ",50250.23828125,0,445.190002441406,0,14.3900003433228,0.72000002861023,533.880004882812,2024,2024,212,"Spr",7.55500018596651
"8",121,"SSHQ",50412.640625,0,470.929992675781,0,11.1700000762939,-3.75999999046326,388.540008544922,2024,2024,213,"Spr",3.70500004291532
"8",122,"SSHQ",50573.48046875,0,410.179992675781,0,8.43000030517578,-3.50999999046326,432.920013427734,2024,2024,214,"Spr",2.46000015735626
"8",123,"SSHQ",50732.69140625,0,490.339996337891,0,10.5200004577637,-5.15000009536743,345.299987792969,2024,2024,215,"Spr",2.68500018119814
"8",124,"SSHQ",50890.21875,0,407.010009765625,0,11.3699998855591,-0.270000010728836,518.830017089844,2024,2024,216,"Spr",5.54999993741513
"8",125,"SSHQ",51046,0,535.630004882812,0,17.5499992370605,-1.6599999666214,366.459991455078,2024,2024,217,"Spr",7.94499963521955
"8",126,"SSHQ",51199.96875,7.8600001335144,297.089996337891,0,15.5500001907349,4,755.190002441406,2024,2024,218,"Spr",9.77500009536745
"8",127,"SSHQ",51352.0703125,0,420.119995117188,0,13.3900003433228,1.07000005245209,540.739990234375,2024,2024,219,"Spr",7.23000019788745
"8",128,"SSHQ",51502.23828125,0,406.440002441406,0,11.3599996566772,-0.349999994039536,482.399993896484,2024,2024,220,"Spr",5.50499983131883
"8",129,"SSHQ",51650.41015625,0,380.920013427734,0,11.0100002288818,0.310000002384186,507.369995117188,2024,2024,221,"Spr",5.66000011563299
"8",130,"SSHQ",51796.51953125,0,468.079986572266,0,16.9300003051758,2.5,479.179992675781,2024,2024,222,"Spr",9.7150001525879
"8",131,"SSHQ",51940.5,0,508.25,0,20.5400009155273,3.73000001907349,457.869995117188,2024,2024,223,"Spr",12.1350004673004
"8",132,"SSHQ",52082.28125,0,555.940002441406,0,24.0300006866455,2.91000008583069,377.470001220703,2024,2024,224,"Spr",13.4700003862381
"8",133,"SSHQ",52221.80078125,0,520.710021972656,0,24.2099990844727,6.28999996185303,506.450012207031,2024,2024,225,"Spr",15.2499995231629
"8",134,"SSHQ",52358.98828125,0,505.049987792969,0,22.4799995422363,5.8600001335144,515.950012207031,2024,2024,226,"Spr",14.1699998378754
"8",135,"SSHQ",52493.78125,0,454,0,18.4899997711182,4.90999984741211,554.940002441406,2024,2024,227,"Spr",11.6999998092652
"8",136,"SSHQ",52626.1015625,0,480.320007324219,0,20.8600006103516,5.84000015258789,547.419982910156,2024,2024,228,"Spr",13.3500003814697
"8",137,"SSHQ",52755.87890625,0,535.219970703125,0,23.6900005340576,4.8600001335144,441.339996337891,2024,2024,229,"Spr",14.275000333786
"8",138,"SSHQ",52883.05859375,0,544.299987792969,0,22.7700004577637,3.04999995231628,383.899993896484,2024,2024,230,"Spr",12.91000020504
"8",139,"SSHQ",53007.55078125,0,559.929992675781,0,19.4099998474121,-1.67999994754791,280.440002441406,2024,2024,231,"Spr",8.8649999499321
"8",140,"SSHQ",53129.30078125,0,442.820007324219,0,16.5699996948242,3.13000011444092,502.019989013672,2024,2024,232,"Spr",9.84999990463256
"8",141,"SSHQ",53248.23046875,0,423.429992675781,0,12.6999998092651,0.360000014305115,446.079986572266,2024,2024,233,"Spr",6.52999991178511
"8",142,"SSHQ",53364.28125,0,484.880004882812,0,14.7700004577637,-0.150000005960464,368.200012207031,2024,2024,234,"Spr",7.31000022590162
"8",143,"SSHQ",53477.37109375,5.90000009536743,264.160003662109,0,12.9899997711182,3.35999989509583,697.390014648438,2024,2024,235,"Spr",8.17499983310701
"8",144,"SSHQ",53587.4296875,5.3899998664856,308.369995117188,0,9.90999984741211,-1.4099999666214,493.380004882812,2024,2024,236,"Spr",4.24999994039535
"8",145,"SSHQ",53694.3984375,0,543.719970703125,0,17.2600002288818,-0.879999995231628,338.730010986328,2024,2024,237,"Spr",8.19000011682509
"8",146,"SSHQ",53798.2109375,0.330000013113022,496.5,0,16.6299991607666,1.45000004768372,433.290008544922,2024,2024,238,"Spr",9.03999960422516
"8",147,"SSHQ",53898.80078125,0,535.450012207031,0,19.2800006866455,1.29999995231628,388.820007324219,2024,2024,239,"Spr",10.2900003194809
"8",148,"SSHQ",53996.078125,0,532.950012207031,0,22,3.64000010490417,442.720001220703,2024,2024,240,"Spr",12.8200000524521
"8",149,"SSHQ",54090.01171875,0,560.070007324219,0,26.2900009155273,4.69000005722046,428.890014648438,2024,2024,241,"Spr",15.4900004863739
"8",150,"SSHQ",54180.51953125,0,484.049987792969,0,22,6.17999982833862,571.900024414062,2024,2024,242,"Spr",14.0899999141693
"8",151,"SSHQ",54267.5390625,0,503.859985351562,0,17.6900005340576,1.03999996185303,399.690002441406,2024,2024,243,"Spr",9.36500024795532
"8",152,"SSHQ",54351.01953125,0,511.339996337891,0,19.8199996948242,2.47000002861023,412.760009765625,2024,2024,244,"Spr",11.1449998617172
"8",153,"SSHQ",54430.890625,0,540.789978027344,0,23.9699993133545,4.40000009536743,343.320007324219,2024,2024,245,"Spr",14.184999704361
"8",154,"SSHQ",54507.1015625,0,438.109985351562,0,22.9400005340576,9.13000011444092,607.619995117188,2024,2024,246,"Spr",16.0350003242493
"8",155,"SSHQ",54579.58984375,0,374.089996337891,0,20.6599998474121,9.56999969482422,735.289978027344,2024,2024,247,"Spr",15.1149997711182
"8",156,"SSHQ",54648.30859375,0,534.090026855469,0,22.8400001525879,3.92000007629395,329.880004882812,2024,2024,248,"Spr",13.3800001144409
"8",157,"SSHQ",54713.19921875,0,556.179992675781,0,28.2999992370605,6.84999990463257,357.350006103516,2024,2024,249,"Spr",17.5749995708465
"8",158,"SSHQ",54774.23046875,0,550.02001953125,0,28.7299995422363,7.51999998092651,375.279998779297,2024,2024,250,"Spr",18.1249997615814
"8",159,"SSHQ",54831.328125,0,527.02001953125,0,29.5499992370605,9.84000015258789,451.390014648438,2024,2024,251,"Spr",19.6949996948242
"8",160,"SSHQ",54884.46875,0,528.280029296875,0,29.2000007629395,9.27999973297119,434.739990234375,2024,2024,252,"Spr",19.2400002479553
"8",161,"SSHQ",54933.6015625,0,484.609985351562,0,27.9899997711182,10.9300003051758,551.47998046875,2024,2024,253,"Spr",19.460000038147
"8",162,"SSHQ",54978.69140625,0,456.470001220703,0,25.2099990844727,9.90999984741211,572.859985351562,2024,2024,254,"Spr",17.5599994659424
"8",163,"SSHQ",55019.69921875,0,539.239990234375,0,27.8199996948242,7.34999990463257,370.570007324219,2024,2024,255,"Spr",17.5849997997284
"8",164,"SSHQ",55056.6015625,0,545.580017089844,0,30.2600002288818,8.94999980926514,416.190002441406,2024,2024,256,"Spr",19.6050000190735
"8",165,"SSHQ",55089.359375,0,538.570007324219,0,29.8600006103516,8.94999980926514,416.450012207031,2024,2024,257,"Spr",19.4050002098084
"8",166,"SSHQ",55117.94921875,0,492.109985351562,0,30.8799991607666,12.9499998092651,569.159973144531,2024,2024,258,"Spr",21.9149994850159
"8",167,"SSHQ",55142.33984375,0,459.670013427734,0,26.0100002288818,10.2299995422363,551.590026855469,2024,2024,259,"Spr",18.119999885559
"8",168,"SSHQ",55162.53125,0,481.119995117188,0,20.3099994659424,3.8199999332428,368.970001220703,2024,2024,260,"Spr",12.0649996995926
"8",169,"SSHQ",55178.48046875,0,404.019989013672,0,16.6399993896484,3.95000004768372,470.660003662109,2024,2024,261,"Spr",10.2949997186661
"8",170,"SSHQ",55190.19140625,0.980000019073486,499.869995117188,0,15.9700002670288,-1.27999997138977,267.679992675781,2024,2024,262,"Spr",7.34500014781951
"8",171,"SSHQ",55197.66015625,0,551.989990234375,0,21.3999996185303,-0.109999999403954,235.910003662109,2024,2024,263,"Spr",10.6449998095632
"8",172,"SSHQ",55200.859375,0,553.679992675781,0,27.4400005340576,5.15999984741211,315.260009765625,2024,2024,264,"Spr",16.3000001907349
"8",173,"SSHQ",55199.80078125,0,521.880004882812,0,30.3099994659424,10.0900001525879,451.899993896484,2024,2024,265,"Spr",20.1999998092652
"8",174,"SSHQ",55194.48828125,0,547.260009765625,0,31.6499996185303,8.92000007629395,415.380004882812,2024,2024,266,"Spr",20.2849998474121
"8",175,"SSHQ",55184.921875,0,545.460021972656,0,34.1399993896484,11.1099996566772,485.959991455078,2024,2024,267,"Spr",22.6249995231628
"8",176,"SSHQ",55171.1015625,0,528.700012207031,0,32.3899993896484,10.8999996185303,478.75,2024,2024,268,"Spr",21.6449995040894
"8",177,"SSHQ",55153.05078125,0,543.679992675781,0,32.6500015258789,9.65999984741211,438.269989013672,2024,2024,269,"Spr",21.1550006866455
"8",178,"SSHQ",55130.78125,1.62999999523163,418.980010986328,0,28.4799995422363,13.5500001907349,698.390014648438,2024,2024,270,"Spr",21.0149998664856
"8",179,"SSHQ",55104.30078125,0,440.829986572266,0,26.8299999237061,11.2299995422363,508.109985351562,2024,2024,271,"Spr",19.0299997329712
"8",180,"SSHQ",55073.640625,0,506.279998779297,0,24.6100006103516,5.44000005722046,321.929992675781,2024,2024,272,"Spr",15.025000333786
"8",181,"SSHQ",55038.828125,0,534.030029296875,0,29.6100006103516,7.82000017166138,383.640014648438,2024,2024,273,"Spr",18.7150003910065
"8",182,"SSHQ",54999.890625,0,436.410003662109,0,29.9300003051758,14.1999998092651,603.130004882812,2024,2024,274,"Spr",22.0650000572204
"8",183,"SSHQ",54956.8515625,4.42000007629395,310.040008544922,0,24.5799999237061,9.97999954223633,713.039978027344,2024,2024,275,"Spr",17.2799997329712
"8",184,"SSHQ",54909.75,0,498.040008544922,0,23.1800003051758,4.42000007629395,317.850006103516,2024,2024,276,"Sum",13.8000001907349
"8",185,"SSHQ",54858.62890625,0,467.320007324219,0,24.6900005340576,7.48000001907349,416.329986572266,2024,2024,277,"Sum",16.0850002765655
"8",186,"SSHQ",54803.51953125,0,495.630004882812,0,24.6499996185303,5.80000019073486,343.880004882812,2024,2024,278,"Sum",15.2249999046326
"8",187,"SSHQ",54744.46875,0,523.030029296875,0,28.4799995422363,7.48000001907349,374.149993896484,2024,2024,279,"Sum",17.9799997806549
"8",188,"SSHQ",54681.51953125,0,509.920013427734,0,28.7199993133545,8.69999980926514,408.850006103516,2024,2024,280,"Sum",18.7099995613098
"8",189,"SSHQ",54614.73046875,0,480.420013427734,0,28.0699996948242,9.94999980926514,452.929992675781,2024,2024,281,"Sum",19.0099997520447
"8",190,"SSHQ",54544.12890625,0,526.460021972656,0,31.1100006103516,9.53999996185303,434.510009765625,2024,2024,282,"Sum",20.3250002861023
"8",191,"SSHQ",54469.7890625,0,512.059997558594,0,33.6800003051758,12.8599996566772,549.539978027344,2024,2024,283,"Sum",23.2699999809265
"8",192,"SSHQ",54391.76171875,0,521.72998046875,0,35.189998626709,13.25,564.630004882812,2024,2024,284,"Sum",24.2199993133545
"8",193,"SSHQ",54310.08984375,0,523.549987792969,0,35.9099998474121,13.6300001144409,579.849975585938,2024,2024,285,"Sum",24.7699999809265
"8",194,"SSHQ",54224.8515625,0,491.869995117188,0,34.3600006103516,14.6700000762939,623.390014648438,2024,2024,286,"Sum",24.5150003433227
"8",195,"SSHQ",54136.1015625,0,521.22998046875,0,35.0900001525879,13.0699996948242,557.789978027344,2024,2024,287,"Sum",24.079999923706
"8",196,"SSHQ",54043.87890625,0,470.850006103516,0,33.0699996948242,14.6800003051758,623.549987792969,2024,2024,288,"Sum",23.875
"8",197,"SSHQ",53948.28125,0,397.119995117188,0,28.7099990844727,14.25,767.840026855469,2024,2024,289,"Sum",21.4799995422363
"8",198,"SSHQ",53849.3515625,0,483.359985351562,0,32.0099983215332,12.8900003433228,550.679992675781,2024,2024,290,"Sum",22.449999332428
"8",199,"SSHQ",53747.16015625,0,486.290008544922,0,32.8400001525879,13.289999961853,566.429992675781,2024,2024,291,"Sum",23.0650000572204
"8",200,"SSHQ",53641.78125,0,510.279998779297,0,33.7400016784668,12.289999961853,528.010009765625,2024,2024,292,"Sum",23.0150008201599
"8",201,"SSHQ",53533.26171875,0,492,0,34.1800003051758,13.9899997711182,594.549987792969,2024,2024,293,"Sum",24.085000038147
"8",202,"SSHQ",53421.69140625,0,464.649993896484,0,33.2599983215332,14.8599996566772,632.679992675781,2024,2024,294,"Sum",24.0599989891052
"8",203,"SSHQ",53307.12890625,0,473.970001220703,0,32.8699989318848,13.960000038147,593.450012207031,2024,2024,295,"Sum",23.4149994850159
"8",204,"SSHQ",53189.6484375,0,469.589996337891,0,32.0299987792969,13.5,582.179992675781,2024,2024,296,"Sum",22.7649993896485
"8",205,"SSHQ",53069.30859375,0,510.25,0,35.4300003051758,13.8100004196167,587.280029296875,2024,2024,297,"Sum",24.6200003623963
"8",206,"SSHQ",52946.19140625,0,467.5,0,33.2000007629395,14.6999998092651,628.849975585938,2024,2024,298,"Sum",23.9500002861023
"8",207,"SSHQ",52820.359375,0,441.140014648438,0,32.8600006103516,16.0599994659424,685.450012207031,2024,2024,299,"Sum",24.460000038147
"8",208,"SSHQ",52691.87890625,0,474.940002441406,0,30.1800003051758,11.6099996566772,503.529998779297,2024,2024,300,"Sum",20.8949999809265
"8",209,"SSHQ",52560.828125,1.97000002861023,484.609985351562,0,28.0200004577637,8.85999965667725,413.529998779297,2024,2024,301,"Sum",18.4400000572205
"8",210,"SSHQ",52427.28125,0,474.119995117188,0,27.5400009155273,9.06999969482422,420.049987792969,2024,2024,302,"Sum",18.3050003051758
"8",211,"SSHQ",52291.2890625,0,511.040008544922,0,30.7099990844727,9.27999973297119,426.290008544922,2024,2024,303,"Sum",19.9949994087219
"8",212,"SSHQ",52152.94140625,0,424.5,0,26.0699996948242,10.4200000762939,462.589996337891,2024,2024,304,"Sum",18.244999885559
"8",213,"SSHQ",52012.2890625,0,502.040008544922,0,27.7999992370605,7.05999994277954,362.970001220703,2024,2024,305,"Sum",17.42999958992
"8",214,"SSHQ",51869.41015625,0,516.359985351562,0,32.8800010681152,10.2600002288818,457.299987792969,2024,2024,306,"Sum",21.5700006484985
"8",215,"SSHQ",51724.37109375,0,506.149993896484,0,35.5299987792969,13.289999961853,566.380004882812,2024,2024,307,"Sum",24.409999370575
"8",216,"SSHQ",51577.23046875,0,465.630004882812,0,35.2799987792969,16.0300006866455,684.280029296875,2024,2024,308,"Sum",25.6549997329712
"8",217,"SSHQ",51428.05859375,1.25,451.529998779297,0,32.2000007629395,14.1499996185303,601.27001953125,2024,2024,309,"Sum",23.1750001907349
"8",218,"SSHQ",51276.921875,0,481.589996337891,0,33.6500015258789,13.3800001144409,570.090026855469,2024,2024,310,"Sum",23.5150008201599
"8",219,"SSHQ",51123.87890625,1.97000002861023,489.149993896484,0,32.7400016784668,11.8599996566772,512.510009765625,2024,2024,311,"Sum",22.300000667572
"8",220,"SSHQ",50969.01171875,0,432.320007324219,0,31.2099990844727,14.2200002670288,604.179992675781,2024,2024,312,"Sum",22.7149996757508
"8",221,"SSHQ",50812.359375,0,425.890014648438,0,29.0400009155273,12.6000003814697,539.619995117188,2024,2024,313,"Sum",20.8200006484985
"8",222,"SSHQ",50653.98828125,0,412.609985351562,0,27.6399993896484,12.039999961853,519.070007324219,2024,2024,314,"Sum",19.8399996757507
"8",223,"SSHQ",50493.96875,0.9200000166893,431.519989013672,0,26.6800003051758,10.1899995803833,454.989990234375,2024,2024,315,"Sum",18.4349999427795
"8",224,"SSHQ",50332.3515625,4.23999977111816,363.429992675781,0,27.5499992370605,7.46000003814697,373.589996337891,2024,2024,316,"Sum",17.5049996376037
"8",225,"SSHQ",50169.19140625,0,464.010009765625,0,29.6100006103516,10.8400001525879,476.769989013672,2024,2024,317,"Sum",20.2250003814698
"8",226,"SSHQ",50004.55078125,8.84000015258789,279.619995117188,0,24.7299995422363,11.2200002670288,489.760009765625,2024,2024,318,"Sum",17.9749999046326
"8",227,"SSHQ",49838.48828125,4.65999984741211,307.809997558594,0,24.3999996185303,8.94999980926514,428.390014648438,2024,2024,319,"Sum",16.6749997138977
"8",228,"SSHQ",49671.05078125,1.30999994277954,474.040008544922,0,28.4200000762939,8.84000015258789,412.920013427734,2024,2024,320,"Sum",18.6300001144409
"8",229,"SSHQ",49502.30078125,0,466.570007324219,0,27.7800006866455,8.6899995803833,408.670013427734,2024,2024,321,"Sum",18.2350001335144
"8",230,"SSHQ",49332.2890625,0,484.390014648438,0,31.2000007629395,10.3400001525879,460.119995117188,2024,2024,322,"Sum",20.7700004577637
"8",231,"SSHQ",49161.05859375,0,466.480010986328,0,30.9599990844727,11.4200000762939,496.690002441406,2024,2024,323,"Sum",21.1899995803833
"8",232,"SSHQ",48988.671875,0,462.829986572266,0,30.4400005340576,11.0799999237061,485.010009765625,2024,2024,324,"Sum",20.7600002288819
"8",233,"SSHQ",48815.16015625,0,458.200012207031,0,31.1399993896484,11.9200000762939,514.5,2024,2024,325,"Sum",21.5299997329711
"8",234,"SSHQ",48640.58984375,0,465.329986572266,0,28.8999996185303,9.19999980926514,423.839996337891,2024,2024,326,"Sum",19.0499997138977
"8",235,"SSHQ",48465,0,497.170013427734,0,30.7299995422363,7.8600001335144,384.820007324219,2024,2024,327,"Sum",19.2949998378753
"8",236,"SSHQ",48288.4296875,5.71000003814697,324.929992675781,0,28.4699993133545,10.7399997711182,473.359985351562,2024,2024,328,"Sum",19.6049995422363
"8",237,"SSHQ",48110.94140625,0,417.670013427734,0,24.0100002288818,7.44000005722046,373.170013427734,2024,2024,329,"Sum",15.7250001430511
"8",238,"SSHQ",47932.55859375,0,463.309997558594,0,24.6000003814697,4.76999998092651,306.350006103516,2024,2024,330,"Sum",14.6850001811981
"8",239,"SSHQ",47753.328125,0,429.619995117188,0,23.7199993133545,6.23999977111816,341.570007324219,2024,2024,331,"Sum",14.9799995422363
"8",240,"SSHQ",47573.30859375,0,466.549987792969,0,26.7399997711182,6.15999984741211,339.519989013672,2024,2024,332,"Sum",16.4499998092652
"8",241,"SSHQ",47392.53125,0,398.619995117188,0,23.7299995422363,7.96000003814697,387.510009765625,2024,2024,333,"Sum",15.8449997901916
"8",242,"SSHQ",47211.01953125,0,464.959991455078,0,25.2399997711182,4.57000017166138,301.700012207031,2024,2024,334,"Sum",14.9049999713898
"8",243,"SSHQ",47028.83984375,0,477.700012207031,0,29.0100002288818,6.55000019073486,349.630004882812,2024,2024,335,"Sum",17.7800002098083
"8",244,"SSHQ",46846.01171875,0,478.190002441406,0,31.5100002288818,8.48999977111816,402.640014648438,2024,2024,336,"Sum",20
"8",245,"SSHQ",46662.5703125,0,463.010009765625,0,31.8899993896484,10.1599998474121,453.970001220703,2024,2024,337,"Sum",21.0249996185302
"8",246,"SSHQ",46478.55859375,0,450.450012207031,0,30.9200000762939,10.1700000762939,454.410003662109,2024,2024,338,"Sum",20.5450000762939
"8",247,"SSHQ",46294.01953125,1.27999997138977,415.399993896484,0,27.7700004577637,9.8100004196167,442.920013427734,2024,2024,339,"Sum",18.7900004386902
"8",248,"SSHQ",46108.98046875,0,423.049987792969,0,26.9099998474121,8.36999988555908,399.200012207031,2024,2024,340,"Sum",17.6399998664856
"8",249,"SSHQ",45923.46875,0,435.390014648438,0,28.2999992370605,8.55000019073486,404.369995117188,2024,2024,341,"Sum",18.4249997138977
"8",250,"SSHQ",45737.53125,0,443.790008544922,0,29.8799991607666,8.9399995803833,416.119995117188,2024,2024,342,"Sum",19.409999370575
"8",251,"SSHQ",45551.1796875,0,438.970001220703,0,30.8500003814697,9.93000030517578,446.799987792969,2024,2024,343,"Sum",20.3900003433227
"8",252,"SSHQ",45364.46875,0,428.079986572266,0,30.0599994659424,9.84000015258789,443.959991455078,2024,2024,344,"Sum",19.9499998092651
"8",253,"SSHQ",45177.421875,0,425.480010986328,0,30.3199996948242,10,448.940002441406,2024,2024,345,"Sum",20.1599998474121
"8",254,"SSHQ",44990.05859375,0,429.619995117188,0,29.6800003051758,8.8100004196167,412.100006103516,2024,2024,346,"Sum",19.2450003623962
"8",255,"SSHQ",44802.4296875,0,342.160003662109,0,27.1700000762939,12.3699998855591,540.809997558594,2024,2024,347,"Sum",19.7699999809265
"8",256,"SSHQ",44614.55859375,13.8599996566772,201.789993286133,0,16.9699993133545,5.86999988555908,669.969970703125,2024,2024,348,"Sum",11.4199995994568
"8",257,"SSHQ",44426.4609375,0,335.510009765625,0,17.2700004577637,2.85999989509583,469.019989013672,2024,2024,349,"Sum",10.0650001764298
"8",258,"SSHQ",44238.19140625,0,406.839996337891,0,21.8199996948242,2.4300000667572,357.579986572266,2024,2024,350,"Sum",12.1249998807907
"8",259,"SSHQ",44049.75,0,409.100006103516,0,26.6000003814697,6.42999982833862,439.820007324219,2024,2024,351,"Sum",16.5150001049042
"8",260,"SSHQ",43861.19140625,5.55999994277954,261.5,0,25.6000003814697,9.3100004196167,814.969970703125,2024,2024,352,"Sum",17.4550004005432
"8",261,"SSHQ",43672.53125,10.75,130.619995117188,0,14.960000038147,7.78999996185303,1056.68994140625,2024,2024,353,"Sum",11.375
"8",262,"SSHQ",43483.7890625,1.95000004768372,167.929992675781,0,14.2399997711182,7.42999982833862,1031.07995605469,2024,2024,354,"Sum",10.8349997997284
"8",263,"SSHQ",43295.01171875,0,339.559997558594,0,18.7000007629395,3.61999988555908,600.960021972656,2024,2024,355,"Sum",11.1600003242493
"8",264,"SSHQ",43106.21875,0,377.690002441406,0,22.1900005340576,4.21000003814697,566.289978027344,2024,2024,356,"Sum",13.2000002861023
"8",265,"SSHQ",42917.44921875,0,338.059997558594,0,22.2600002288818,6.90000009536743,734.760009765625,2024,2024,357,"Sum",14.5800001621246
"8",266,"SSHQ",42728.7109375,0,395.700012207031,0,22.6900005340576,2.77999997138977,496.950012207031,2024,2024,358,"Sum",12.7350002527237
"8",267,"SSHQ",42540.05078125,0,365.440002441406,0,22.3199996948242,4.67000007629395,603.059997558594,2024,2024,359,"Sum",13.4949998855591
"8",268,"SSHQ",42351.48828125,0,380.529998779297,0,24.6900005340576,5.3600001335144,603.780029296875,2024,2024,360,"Sum",15.025000333786
"8",269,"SSHQ",42163.05078125,0,369.190002441406,0,27.3899993896484,8.4399995803833,732.72998046875,2024,2024,361,"Sum",17.9149994850158
"8",270,"SSHQ",41974.76953125,0,381.140014648438,0,27.2700004577637,7,652.059997558594,2024,2024,362,"Sum",17.1350002288819
"8",271,"SSHQ",41786.6796875,0,378.709991455078,0,26.2099990844727,5.8600001335144,614.169982910156,2024,2024,363,"Sum",16.0349996089935
"8",272,"SSHQ",41598.80078125,0,373.829986572266,0,28.6200008392334,8.10000038146973,710.080017089844,2024,2024,364,"Sum",18.3600006103516
"8",273,"SSHQ",41411.171875,0,366.239990234375,0,29.0300006866455,8.92000007629395,762.159973144531,2024,2024,365,"Sum",18.9750003814697
"8",274,"SSHQ",41223.80859375,0,351.970001220703,0,20.7299995422363,2.6800000667572,526.239990234375,2024,2025,1,"Fall",11.7049998044967
"8",275,"SSHQ",41036.76171875,0,367.380004882812,0,19.5900001525879,0,429.609985351562,2024,2025,2,"Fall",9.79500007629395
"8",276,"SSHQ",40850.0390625,0,369.440002441406,0,22.3999996185303,2.02999997138977,481.429992675781,2024,2025,3,"Fall",12.21499979496
"8",277,"SSHQ",40663.69921875,0,346.929992675781,0,20.75,2.35999989509583,524.450012207031,2024,2025,4,"Fall",11.5549999475479
"8",278,"SSHQ",40477.75,0,385.950012207031,0,25.8299999237061,1.88999998569489,449.390014648438,2024,2025,5,"Fall",13.8599999547005
"8",279,"SSHQ",40292.23828125,0,332.369995117188,0,22.7800006866455,4.80999994277954,631.179992675781,2024,2025,6,"Fall",13.7950003147125
"8",280,"SSHQ",40107.19140625,0,339.480010986328,0,21.2999992370605,2.59999990463257,543.099975585938,2024,2025,7,"Fall",11.9499995708465
"8",281,"SSHQ",39922.640625,0,332.390014648438,0,22.1599998474121,3.76999998092651,594.349975585938,2024,2025,8,"Fall",12.9649999141693
"8",282,"SSHQ",39738.62890625,0,342.510009765625,0,23.7000007629395,3.84999990463257,580.460021972656,2024,2025,9,"Fall",13.775000333786
"8",283,"SSHQ",39555.19140625,0,343.619995117188,0,25.1599998474121,4.6399998664856,606.179992675781,2024,2025,10,"Fall",14.8999998569488
"8",284,"SSHQ",39372.359375,0,276.200012207031,0,22.75,8.0600004196167,887.77001953125,2024,2025,11,"Fall",15.4050002098083
"8",285,"SSHQ",39190.171875,0,320.649993896484,0,22.9300003051758,4.36999988555908,637.049987792969,2024,2025,12,"Fall",13.6500000953674
"8",286,"SSHQ",39008.66015625,0,322.290008544922,0,24.7800006866455,5.30999994277954,669.700012207031,2024,2025,13,"Fall",15.0450003147125
"8",287,"SSHQ",38827.87109375,0,312.920013427734,0,25.2399997711182,6.21000003814697,724.460021972656,2024,2025,14,"Fall",15.7249999046326
"8",288,"SSHQ",38647.83984375,0,311.730010986328,0,24.5499992370605,5.38000011444092,691.559997558594,2024,2025,15,"Fall",14.9649996757507
"8",289,"SSHQ",38468.62109375,0,308.809997558594,0,23.2099990844727,4.19000005722046,648.880004882812,2024,2025,16,"Fall",13.6999995708466
"8",290,"SSHQ",38290.23046875,0,306.329986572266,0,22.5,3.40000009536743,622.200012207031,2024,2025,17,"Fall",12.9500000476837
"8",291,"SSHQ",38112.73046875,3.25,153.850006103516,0,14.2299995422363,3.07999992370605,761.599975585938,2024,2025,18,"Fall",8.65499973297118
"8",292,"SSHQ",37936.16015625,0,191.720001220703,0,10.1800003051758,-0.129999995231628,605.119995117188,2024,2025,19,"Fall",5.02500015497209
"8",293,"SSHQ",37760.55859375,0,286.390014648438,0,13.8599996566772,-3.74000000953674,427.220001220703,2024,2025,20,"Fall",5.05999982357023
"8",294,"SSHQ",37585.98046875,0,302.140014648438,0,19.2000007629395,-0.899999976158142,492.100006103516,2024,2025,21,"Fall",9.15000039339068
"8",295,"SSHQ",37412.46875,0,263.350006103516,0,17.6299991607666,1.22000002861023,615.799987792969,2024,2025,22,"Fall",9.42499959468842
"8",296,"SSHQ",37240.0703125,0,237.830001831055,0,15.6400003433228,1.33000004291534,654.280029296875,2024,2025,23,"Fall",8.48500019311907
"8",297,"SSHQ",37068.828125,0,239.179992675781,0,13.4700002670288,-0.959999978542328,564.030029296875,2024,2025,24,"Fall",6.25500014424324
"8",298,"SSHQ",36898.80859375,0,192.619995117188,0,11.3900003433228,0.370000004768372,627.22998046875,2024,2025,25,"Fall",5.88000017404559
"8",299,"SSHQ",36730.05078125,0,221.679992675781,0,11.5,-1.5900000333786,543.650024414062,2024,2025,26,"Fall",4.9549999833107
"8",300,"SSHQ",36562.609375,0,250,0,15.3000001907349,-0.419999986886978,566.840026855469,2024,2025,27,"Fall",7.44000010192396
"8",301,"SSHQ",36396.53125,0,263.290008544922,0,19.1499996185303,1.61000001430511,626.260009765625,2024,2025,28,"Fall",10.3799998164177
"8",302,"SSHQ",36231.890625,0,208.369995117188,0,10.9499998092651,-1.37999999523163,551.969970703125,2024,2025,29,"Fall",4.78499990701673
"8",303,"SSHQ",36068.71875,0,125.290000915527,0,6.15999984741211,-0.660000026226044,581.940002441406,2024,2025,30,"Fall",2.74999991059303
"8",304,"SSHQ",35907.08984375,0,219.619995117188,0,6.63000011444092,-6.30999994277954,381.230010986328,2024,2025,31,"Fall",0.16000008583069
"8",305,"SSHQ",35747.05859375,1.72000002861023,205.199996948242,1.72000002861023,3.00999999046326,-7.32999992370605,352.429992675781,2024,2025,32,"Fall",-2.1599999666214
"8",306,"SSHQ",35588.6796875,0,159.850006103516,1.02999997138977,3.41000008583069,-4.34999990463257,442.369995117188,2024,2025,33,"Fall",-0.46999990940094
"8",307,"SSHQ",35432.01171875,5.09000015258789,86.0500030517578,0,3.02999997138977,-2.99000000953674,490.109985351562,2024,2025,34,"Fall",0.019999980926515
"8",308,"SSHQ",35277.12890625,0,163.380004882812,0,5.73999977111816,-3.00999999046326,489.119995117188,2024,2025,35,"Fall",1.36499989032745
"8",309,"SSHQ",35124.078125,0,177.190002441406,0,4.09000015258789,-5.42000007629395,408.010009765625,2024,2025,36,"Fall",-0.66499996185303
"8",310,"SSHQ",34972.9296875,0.6700000166893,207.539993286133,0.6700000166893,3.46000003814697,-6.61999988555908,372.260009765625,2024,2025,37,"Fall",-1.57999992370606
"8",311,"SSHQ",34823.73828125,0,237,0.6700000166893,5.05000019073486,-6.98999977111816,361.660003662109,2024,2025,38,"Fall",-0.96999979019165
"8",312,"SSHQ",34676.58984375,0,267.809997558594,0.6700000166893,5.75,-8.88000011444092,312.179992675781,2024,2025,39,"Fall",-1.56500005722046
"8",313,"SSHQ",34531.53125,0,269.059997558594,0.6700000166893,7.88000011444092,-7.09000015258789,359.029998779297,2024,2025,40,"Fall",0.394999980926515
"8",314,"SSHQ",34388.640625,0,253.740005493164,0.649999976158142,7.84000015258789,-5.94999980926514,391.970001220703,2024,2025,41,"Fall",0.945000171661375
"8",315,"SSHQ",34247.96875,0,201.410003662109,0,8.34000015258789,-3.14000010490417,484.410003662109,2024,2025,42,"Fall",2.60000002384186
"8",316,"SSHQ",34109.609375,0,230.050003051758,0,12.6999998092651,-1.77999997138977,536.109985351562,2024,2025,43,"Fall",5.45999991893766
"8",317,"SSHQ",33973.6015625,3.9300000667572,148.610000610352,0,8.36999988555908,-2.90000009536743,493.290008544922,2024,2025,44,"Fall",2.73499989509583
"8",318,"SSHQ",33840.03125,0,196.050003051758,0,3.5,-7.32000017166138,352.730010986328,2024,2025,45,"Fall",-1.91000008583069
"8",319,"SSHQ",33708.96875,0,227.979995727539,0,7.65000009536743,-6.34000015258789,380.200012207031,2024,2025,46,"Fall",0.65499997138977
"8",320,"SSHQ",33580.48046875,0,153.050003051758,0,4.51000022888184,-3.38000011444092,476.119995117188,2024,2025,47,"Fall",0.56500005722046
"8",321,"SSHQ",33454.62890625,0,139.210006713867,0,3.67000007629395,-3.40000009536743,475.399993896484,2024,2025,48,"Fall",0.13499999046326
"8",322,"SSHQ",33331.48828125,0,157.279998779297,0,1.9099999666214,-6.21999979019165,383.679992675781,2024,2025,49,"Fall",-2.15499991178513
"8",323,"SSHQ",33211.140625,9.31999969482422,137.020004272461,9.31999969482422,0.75,-7.65999984741211,343.600006103516,2024,2025,50,"Fall",-3.45499992370606
"8",324,"SSHQ",33093.62890625,0,220.139999389648,9.31999969482422,-2.58999991416931,-13.1300001144409,222.330001831055,2024,2025,51,"Fall",-7.8600000143051
"8",325,"SSHQ",32979.05078125,0,241.309997558594,9.31999969482422,0.259999990463257,-12.1499996185303,240.770004272461,2024,2025,52,"Fall",-5.94499981403352
"8",326,"SSHQ",32867.4609375,1.92999994754791,211.259994506836,8.5600004196167,6.09999990463257,-4.19999980926514,447.570007324219,2024,2025,53,"Fall",0.950000047683715
"8",327,"SSHQ",32758.9296875,0,189.720001220703,6.25,8.51000022888184,-0.5,588.780029296875,2024,2025,54,"Fall",4.00500011444092
"8",328,"SSHQ",32653.51953125,0,145.75,4.17000007629395,5.42000007629395,-1.04999995231628,565.679992675781,2024,2025,55,"Fall",2.18500006198884
"8",329,"SSHQ",32551.310546875,0,161.789993286133,3.58999991416931,2.54999995231628,-4.63000011444092,433.25,2024,2025,56,"Fall",-1.04000008106232
"8",330,"SSHQ",32452.359375,0,197.289993286133,3.58999991416931,1.61000001430511,-7.55000019073486,346.390014648438,2024,2025,57,"Fall",-2.97000008821487
"8",331,"SSHQ",32356.73046875,0,163.130004882812,3.39000010490417,1.53999996185303,-5.51000022888184,405.239990234375,2024,2025,58,"Fall",-1.98500013351441
"8",332,"SSHQ",32264.5,0,206.270004272461,3.39000010490417,0.439999997615814,-9.1899995803833,304.769989013672,2024,2025,59,"Fall",-4.37499979138374
"8",333,"SSHQ",32175.720703125,0,71.5699996948242,3.09999990463257,-2.52999997138977,-5.30000019073486,411.700012207031,2024,2025,60,"Fall",-3.91500008106232
"8",334,"SSHQ",32090.44921875,0,92.1600036621094,3.09999990463257,-2.41000008583069,-6.01999998092651,389.679992675781,2024,2025,61,"Fall",-4.2150000333786
"8",335,"SSHQ",32008.759765625,0,154.160003662109,3.09999990463257,-1.10000002384186,-7.5,347.739990234375,2024,2025,62,"Fall",-4.30000001192093
"8",336,"SSHQ",31930.7109375,0,213.639999389648,3.09999990463257,1.55999994277954,-8.72999954223633,315.920013427734,2024,2025,63,"Fall",-3.5849997997284
"8",337,"SSHQ",31856.33984375,0,240.110000610352,3.09999990463257,7.34999990463257,-6.82000017166138,366.579986572266,2024,2025,64,"Fall",0.264999866485595
"8",338,"SSHQ",31785.73046875,0,233.369995117188,2.90000009536743,8.05000019073486,-5.53000020980835,404.519989013672,2024,2025,65,"Fall",1.25999999046326
"8",339,"SSHQ",31718.900390625,0,228.990005493164,2.90000009536743,6.3899998664856,-6.73000001907349,368.989990234375,2024,2025,66,"Fall",-0.170000076293945
"8",340,"SSHQ",31655.9296875,0,229.610000610352,2.90000009536743,6.07000017166138,-7.42999982833862,349.679992675781,2024,2025,67,"Fall",-0.67999982833862
"8",341,"SSHQ",31596.849609375,0,218.220001220703,2.90000009536743,4.5,-7.6399998664856,343.910003662109,2024,2025,68,"Fall",-1.5699999332428
"8",342,"SSHQ",31541.720703125,0,170.339996337891,2.90000009536743,1.64999997615814,-6.42000007629395,378.130004882812,2024,2025,69,"Fall",-2.3850000500679
"8",343,"SSHQ",31490.5703125,0,169.160003662109,2.90000009536743,-0.46000000834465,-8.27000045776367,327.660003662109,2024,2025,70,"Fall",-4.36500023305416
"8",344,"SSHQ",31443.439453125,0,213.559997558594,2.90000009536743,0.990000009536743,-10.2600002288818,280.149993896484,2024,2025,71,"Fall",-4.63500010967253
"8",345,"SSHQ",31400.380859375,0,206.770004272461,2.90000009536743,-3.07999992370605,-13.5600004196167,214.619995117188,2024,2025,72,"Fall",-8.32000017166138
"8",346,"SSHQ",31361.41015625,0,196.75,2.90000009536743,-1.70000004768372,-11.3000001907349,257.859985351562,2024,2025,73,"Fall",-6.50000011920931
"8",347,"SSHQ",31326.5703125,0,205.389999389648,2.90000009536743,4.23999977111816,-6.36999988555908,379.559997558594,2024,2025,74,"Fall",-1.06500005722046
"8",348,"SSHQ",31295.890625,0,198.539993286133,2.90000009536743,1.16999995708466,-8.72999954223633,315.980010986328,2024,2025,75,"Fall",-3.77999979257583
"8",349,"SSHQ",31269.380859375,6.09999990463257,53.1800003051758,1.60000002384186,-0.0900000035762787,-2.92000007629395,492.660003662109,2024,2025,76,"Fall",-1.50500003993511
"8",350,"SSHQ",31247.080078125,0,189.259994506836,1.60000002384186,1.71000003814697,-7.30000019073486,353.309997558594,2024,2025,77,"Fall",-2.79500007629394
"8",351,"SSHQ",31229,5.71999979019165,146.889999389648,7.32000017166138,-3.03999996185303,-12.4300003051758,235.350006103516,2024,2025,78,"Fall",-7.73500013351441
"8",352,"SSHQ",31215.16015625,0,95.75,6.92000007629395,-1.12000000476837,-5.03999996185303,420.130004882812,2024,2025,79,"Fall",-3.0799999833107
"8",353,"SSHQ",31205.560546875,0,180.639999389648,6.92000007629395,2.35999989509583,-6.01999998092651,389.890014648438,2024,2025,80,"Fall",-1.83000004291534
"8",354,"SSHQ",31200.220703125,0,220.529998779297,6.92000007629395,1.94000005722046,-10.039999961853,282.640014648438,2024,2025,81,"Fall",-4.04999995231627
"8",355,"SSHQ",31199.130859375,0,210.240005493164,6.86999988555908,5.03000020980835,-5.88000011444092,380.690002441406,2024,2025,82,"Fall",-0.424999952316285
"8",356,"SSHQ",31202.310546875,0,184.080001831055,5.92999982833862,4.90999984741211,-3.76999998092651,462.130004882812,2024,2025,83,"Fall",0.5699999332428
"8",357,"SSHQ",31209.740234375,0,163.029998779297,5.51999998092651,2.20000004768372,-5.01000022888184,421.070007324219,2024,2025,84,"Fall",-1.40500009059906
"8",358,"SSHQ",31221.4296875,2.22000002861023,80.1600036621094,4.34000015258789,1.19000005722046,-3.19000005722046,482.660003662109,2024,2025,85,"Fall",-1
"8",359,"SSHQ",31237.359375,0,128.039993286133,3.01999998092651,2.47000002861023,-2.84999990463257,495.089996337891,2024,2025,86,"Fall",-0.18999993801117
"8",360,"SSHQ",31257.509765625,1.89999997615814,117.540000915527,1.42999994754791,2.55999994277954,-2.22000002861023,519.039978027344,2024,2025,87,"Fall",0.169999957084655
"8",361,"SSHQ",31281.880859375,5.44999980926514,78.4700012207031,0.850000023841858,-0.519999980926514,-4.63000011444092,433.190002441406,2024,2025,88,"Fall",-2.57500004768372
"8",362,"SSHQ",31310.439453125,3.14000010490417,127.470001220703,3.99000000953674,-0.810000002384186,-7.94000005722046,336.049987792969,2024,2025,89,"Fall",-4.37500002980232
"8",363,"SSHQ",31343.169921875,0.300000011920929,166.050003051758,3.6800000667572,1.77999997138977,-5.26000022888184,413.149993896484,2024,2025,90,"Fall",-1.74000012874604
"8",364,"SSHQ",31380.0390625,3.09999990463257,113.220001220703,3.11999988555908,1.62000000476837,-4.65000009536743,432.429992675781,2024,2025,91,"Fall",-1.51500004529953
"8",365,"SSHQ",31421.01953125,0,184.820007324219,3.11999988555908,0.519999980926514,-7.63000011444092,344.260009765625,2024,2025,92,"Win",-3.5550000667572
