"","V1","V2","V3","V4","V5","V6","V7","V8","V9","V10","V11","V12","V13","V14","V15","V16","V17","V18","V19","V20","V21","V22","V23","V24","V25","V26","V27","V28","V29","V30","V31","V32","V33","V34","V35","V36","V37","V38","V39","V40","V41","V42","V43","V44","V45","V46","V47","V48","V49","V50","V51","V52","V53","V54","V55","V56","V57","V58","V59","V60","V61","V62","V63","V64","V65","V66","V67","V68","V69","V70","V71","V72","V73","V74","V75","V76","V77","V78","V79","V80","V81","V82","V83","V84","V85","V86","V87","V88","V89","V90","V91","V92","V93","V94","V95","V96","V97","V98","V99","V100","V101","V102","V103","V104","V105","V106","V107","V108","V109","V110","V111","V112","V113","V114","V115","V116","V117","V118","V119","V120","V121","V122","V123","V124","V125","V126","V127","V128","V129","V130","V131","V132","V133","V134","V135","V136","V137","V138","V139","V140","V141","V142","V143","V144","V145","V146","V147","V148","V149","V150","V151","V152","V153","V154","V155","V156","V157","V158","V159","V160","V161","V162","V163","V164","V165"
"1",1,0.701741797351133,0.703595267700076,0.790075307464689,0.646315773125281,0.707560570439728,0.99958689122569,0.669325425481093,0.655437952804303,0.662822366372773,0.662845304944676,0.663024480669042,0.680804342184023,0.686379171520056,0.711225736241367,0.621729758449066,0.660256295599373,0.701643299828169,0.670851681425814,0.770623798422582,0.693941616497576,0.644874571804111,0.710158620795284,0.694364705351568,0.66360498728884,0.693877479947088,0.636303325699443,0.635595102293641,0.62971420556248,0.62969425885123,0.625657150641481,0.625691099124385,0.68280228528938,0.660119206329449,0.665298760079801,0.665279686143408,0.636553876260896,0.629342451095676,0.659029390773964,0.665685589339134,0.636236228955261,0.693896995633111,0.675336133294401,0.693766443258173,0.665362349728881,0.734310847650237,0.729865038192011,0.663087614312101,0.694100195154707,0.649734560513696,0.690897738049357,0.646964194956781,0.710253994492302,0.693720346352544,0.701701228661119,0.647961053878603,0.62919424887473,0.693506111163744,0.676110337559811,0.701515841968694,0.636239471613066,0.709373329549115,0.70116824121087,0.66895842884793,0.661700855102852,0.714497590703558,0.687138630959963,0.633074769558516,0.682794934902936,0.70128064833844,0.633222511991971,0.693284785424158,0.775809358670609,0.637003964546604,0.723554460250204,0.727606956676448,0.659167874230067,0.745018993675277,0.629790694207871,0.621674574760995,0.629620669005307,0.625132537847385,0.621498714652466,0.649272172500312,0.693878030890496,0.639126106391039,0.660693373057397,0.662804322101409,0.734270989748668,0.636146982293435,0.75902830508122,0.734736163073151,0.681545367141033,0.721673943285814,0.628241482621468,0.77322621096677,0.637505396792736,0.72733418423231,0.636347544416718,0.629406591942653,0.717250048515173,0.735316974459738,0.633287824255361,0.662826216724335,0.663811761475907,0.644170385518767,0.644386295459607,0.649561360538378,0.694525425968429,0.647308383322421,0.665175957059798,0.669342019083819,0.701522354684615,0.682417263934682,0.718123708391194,0.667290472897695,0.660479569457006,0.671350491799693,0.6298891174671,0.703247884797462,0.739418200415206,0.693991063946793,0.629100473142025,0.789119237497435,0.74434201234056,0.782141376780191,0.779199207084734,0.700505787234578,0.781233631968073,0.789772866584031,0.807576168682812,0.796016175145744,0.798476935526442,0.769308227648887,0.767266764139999,0.764494549279572,0.76604567385256,0.776487296564204,0.781320795727689,0.783833741979283,0.774600893541993,0.7796106172243,0.781524898855159,0.781168494814231,0.78133453134512,0.76685201640855,0.76992202267123,0.768567357627438,0.779663409469239,0.790121221648066,0.774169104867278,0.766726523975594,0.745028869211037,0.789362006507765,0.760358189149174,0.770236478042394,0.776043363683694,0.780091974306436,0.772494522902895,0.771325445819055,0.772358550144793,0.77158875928368,0.77182766482309,0.773748075776489,0.731574230983807
"2",0.701741797351133,1,0.670124187527682,0.70451590050305,0.650075724346464,0.696471175019483,0.70164690071259,0.667466704420074,0.648105928124938,0.667060009824141,0.667036014533117,0.667218047252689,0.765808173979462,0.852282206779887,0.791472739821732,0.613756053138313,0.659894651815945,0.999518990845836,0.666898756790343,0.698349091862532,0.670719939573648,0.644597528661451,0.73585263345387,0.700856097424802,0.667765771179142,0.7003690943092,0.629769103295269,0.624056587414026,0.618066196365496,0.618000310741421,0.61376340920457,0.613709395328993,0.676026693558926,0.741126079287468,0.665792264492362,0.665767604074609,0.629983998263899,0.624409152813804,0.642581731146006,0.666134837535187,0.629649940196675,0.700376505610095,0.678508660601786,0.700226998566883,0.66581367707984,0.671508233826898,0.864174414785695,0.667328599770817,0.700629224307703,0.657699065278659,0.694233103255714,0.637221817521329,0.785299049889412,0.700227949136236,0.999555256244856,0.641924444274005,0.624243915562451,0.700004840021834,0.685204391039787,0.999476738753305,0.629681275811006,0.735235403961285,0.999153602789633,0.659883189522397,0.652992903716601,0.839008085577402,0.684018735630568,0.633084135365215,0.69580599882143,0.99933059565305,0.632221045659852,0.69972996300613,0.757522268264694,0.630449320957253,0.726596051853958,0.941691875391306,0.66466610748962,0.680140278938366,0.618063302559498,0.609786251644348,0.618013021660742,0.614806328609154,0.609678529715506,0.666023579268623,0.700365482600665,0.63941126401059,0.671929406634163,0.667042390854814,0.691686858551219,0.629580072407325,0.826527058983973,0.671916111437883,0.755685447292669,0.786518444024861,0.62110012741276,0.692120610231196,0.636766204580954,0.776235022860528,0.629801409047003,0.624504740198724,0.76017005431377,0.700048163672385,0.633224025169338,0.667024416096526,0.67044171859119,0.643879809771203,0.64303932147384,0.650620120870448,0.647536358246031,0.641232492933743,0.665669681002812,0.667482761042955,0.999541869274111,0.794745760876094,0.675486682327251,0.661450515920896,0.645555700266215,0.681522770887243,0.618183251171636,0.776476066318594,0.761180519891453,0.700443154096933,0.624148628053197,0.814670700191277,0.75672599866098,0.788832166382861,0.80144084437687,0.707236387835874,0.804252220822596,0.797812318760876,0.823156037012155,0.805401165442474,0.818651437725716,0.772352749331173,0.766678026942503,0.76357839220238,0.769501140967606,0.799237671804813,0.787451083090556,0.811794198116201,0.805562403943702,0.792990849765815,0.802920789659025,0.802065761735353,0.802428145326808,0.769349518317737,0.772976963611656,0.771324692331555,0.77992074368408,0.799533693156042,0.794572240567346,0.790054439319161,0.762755571761445,0.797012348316872,0.778912492064513,0.792293797715903,0.802102673920485,0.809057432713662,0.773845995350764,0.772464351344834,0.775875946087709,0.775014555203601,0.775281076786803,0.80047691587361,0.746209102542691
"3",0.703595267700076,0.670124187527682,1,0.728308610291813,0.746383486198968,0.705161308756658,0.703457604629719,0.695937706631084,0.677125715970658,0.694894033869268,0.694802727649235,0.695006541901451,0.664493189367454,0.66874971039043,0.666132394370756,0.609738912895924,0.693175816710224,0.669949967876272,0.672097225644794,0.717558372975789,0.69042710263774,0.661654411626088,0.685375008181807,0.680170053981204,0.695624800238985,0.679782341593918,0.661566412678677,0.623072351930737,0.616542665538344,0.616497311428553,0.613190058188766,0.613182482082621,0.693747258977959,0.66547199961276,0.700589007172855,0.700579624458053,0.661838599928179,0.631256473609653,0.676390362831688,0.700919876756592,0.661479948048509,0.679758194492277,0.655636288730975,0.679511697286834,0.700655694812353,0.690701810451816,0.66155187301672,0.695113895584804,0.679904075185433,0.6411183588965,0.668742484282262,0.624333592238629,0.71348516777186,0.679584628724723,0.670062675673215,0.649093258272949,0.631085291316541,0.679397466329867,0.704675976718699,0.669935020433209,0.66144249958837,0.684740268996705,0.669572243051631,0.6982317085519,0.644230375403866,0.690822969150042,0.673836606119223,0.671884614408989,0.689844294340714,0.669758545809608,0.658118186835733,0.679184365136794,0.708019436908216,0.662329485333917,0.6879803072854,0.694751826857855,0.680187182793565,0.722222036943146,0.616589222351404,0.609234791220708,0.616440028074729,0.612792695962717,0.60902563951934,0.630044773104713,0.679744195726212,0.668782347652521,0.677072227059615,0.694795441423849,0.712695786294752,0.661405672583352,0.744797793544452,0.691012907901076,0.682050990971821,0.693401718523107,0.625129994959148,0.730654480595577,0.655231458480354,0.750456371410787,0.661603054438552,0.63134226304642,0.682741102787069,0.703245569499129,0.672071283474137,0.694783130791434,0.659379906559894,0.655830046862848,0.661030547192914,0.656854853285554,0.697476329770814,0.66335021810696,0.700510676361207,0.69592114770645,0.669997630540759,0.696773520806329,0.690043316636767,0.660812358217654,0.645323470349669,0.718967349081142,0.616696158224117,0.697219630754661,0.722000734436129,0.679790858413108,0.631002038402443,0.766723239720834,0.734026432764251,0.777325691959145,0.769741996445488,0.716136536334347,0.770507540426128,0.779215419292735,0.769523396316137,0.76037321884298,0.777135415616989,0.771986960153387,0.770215495826183,0.768650597779913,0.760338847794426,0.776530598447462,0.776981246784011,0.779747694000292,0.774131436294495,0.784039794264191,0.781155895294965,0.781740682056439,0.781515951855476,0.770622317643891,0.772242254707549,0.771520856626581,0.77301269579581,0.775022300409567,0.765993789784321,0.74469030653119,0.735426154656534,0.780560837148203,0.764015179484048,0.780223285407157,0.778473462495289,0.781449191333352,0.774072180495242,0.773797879710542,0.77327656459956,0.772925364257351,0.773032362576078,0.782647606402405,0.755218083757165
"4",0.790075307464689,0.70451590050305,0.728308610291813,1,0.66365868024496,0.739502969545853,0.790096307384153,0.67791507106896,0.669595900163164,0.671775686201562,0.67173445476677,0.671887981120391,0.689107084631715,0.698272751786548,0.711419095751833,0.628448881627027,0.67454625747009,0.704394390822392,0.679048980761179,0.7838056529887,0.706316024913817,0.652498350744727,0.742575982646745,0.721814055701715,0.672499255779152,0.721334233298566,0.648411212838387,0.641370255451229,0.634734205123155,0.634697924409097,0.630124876381828,0.630091567666925,0.694836148103341,0.672414182428934,0.673304574405366,0.673287266711695,0.648668636719257,0.634177325324146,0.672873323013723,0.673703282666804,0.64832512582929,0.721338226685566,0.682021899420922,0.721256712302839,0.673372000270757,0.759284044171408,0.725439878935349,0.67194263686764,0.721571576930311,0.658516885959098,0.719763709025358,0.649289033023028,0.722479479310189,0.721165236203771,0.704413836081354,0.650813478239805,0.634010214151586,0.720956881854205,0.69180248834018,0.704218783991123,0.648323384013817,0.741832882655847,0.70386817386637,0.679295817012182,0.659956451438289,0.743168709515982,0.690201931819537,0.641325586290459,0.69525605952545,0.704017325509482,0.646788054162327,0.720754146562525,0.793592925099293,0.649155249746548,0.777795114970612,0.731236723005153,0.671520483755776,0.787637081837553,0.63478383383819,0.626518999385053,0.634618142690578,0.630989643925818,0.626404327448489,0.652335907661454,0.721351928351917,0.647649575357515,0.672117509172995,0.671680522011088,0.760576563481847,0.648270157300829,0.771614397866651,0.759780702359075,0.683970610566429,0.733655853110212,0.632116792564256,0.918565725877549,0.649615094306147,0.737355822013851,0.648427630763771,0.634280013476218,0.760035863197973,0.793228288035728,0.64149681254052,0.671671086141908,0.670517922563434,0.656634545922729,0.657187323033591,0.657744927139981,0.704602719371942,0.656296835240678,0.673193768703676,0.677937149515696,0.704299328675862,0.71126071046749,0.731651683864326,0.680934889304842,0.675842574860858,0.681369684770274,0.63488885061431,0.726108993674699,0.753400748401866,0.721499553458895,0.633910935346344,0.805978356421506,0.752011939972369,0.800729919080651,0.796899438788295,0.704088056725143,0.799247811097143,0.803627424144055,0.825929797437364,0.807452187380098,0.825628793459548,0.784913424638412,0.781629955417003,0.778400623146119,0.780713370619574,0.79219332023276,0.799644783176256,0.803217349123753,0.80037643719439,0.801376019200205,0.802894354174582,0.802265564016101,0.802570765822674,0.781988704569542,0.785806710668959,0.784090213094137,0.795337684368712,0.810615955491006,0.78842798973443,0.782115284985129,0.759939132275202,0.811042700542882,0.772969571463811,0.787728274066,0.796316561086834,0.801290866193161,0.790077305031705,0.788611940352784,0.787788589885572,0.786889655083177,0.787175071038658,0.794579876907821,0.741167640496153
"5",0.646315773125281,0.650075724346464,0.746383486198968,0.66365868024496,0.999999999999998,0.684028662245637,0.646180973737069,0.682972189146544,0.699012082955167,0.690799311741086,0.69079566549019,0.691032673289594,0.658414523831393,0.654226603334845,0.660131905874077,0.606754702547653,0.709618930944751,0.649864284851152,0.679015156535502,0.680662349215222,0.700754679482078,0.674835003039338,0.656163880662642,0.655729129795689,0.691530336165208,0.655298330194345,0.672643434469017,0.619284801596654,0.612914249791816,0.61280674240009,0.609534959585623,0.609490917438003,0.697698422222654,0.671399865688871,0.692908254298298,0.692846883686476,0.672901403023401,0.643808057936423,0.683490208128865,0.69327661768292,0.672530744150969,0.655302893568628,0.639614591093429,0.655089837719466,0.692872226284143,0.66836643309348,0.650594595486986,0.69103912935514,0.655520810005619,0.647814818946697,0.652839811703923,0.617460122680358,0.701526860451312,0.655140867671998,0.650004130190039,0.665523631559895,0.643646589640655,0.654985185297455,0.699986891132834,0.649838974667355,0.672521491636688,0.655546125867236,0.649486231100496,0.72750782076122,0.644267050152596,0.65985144847153,0.697819272918598,0.738839964573207,0.69339483370067,0.649683971730758,0.675354859174666,0.65475630647732,0.649763867452235,0.673420335596069,0.676842645453874,0.668508868189867,0.69028728309828,0.669085757980838,0.612878029366105,0.605878257890894,0.612800419183493,0.608729597127318,0.605733024373302,0.62238529723409,0.655291480397895,0.740843446735543,0.709110776724165,0.690787170963814,0.670715257137381,0.672415666646328,0.754406129143975,0.668676741860618,0.675276923964052,0.675071424025518,0.638154108417503,0.66789315017645,0.654490557284951,0.732324688264892,0.672655057393408,0.643898167986904,0.667936897142611,0.658500877031403,0.739046360623545,0.690793066702304,0.68734337574136,0.727936012181832,0.66782070493997,0.676460950719082,0.67172311247556,0.68329932019518,0.692761445627784,0.682932006603882,0.649935567969391,0.674016740297275,0.66779980659572,0.678468723533299,0.65693517900004,0.722435852228072,0.613065616929151,0.683788504835983,0.665520661132413,0.655403235609869,0.643500966806971,0.744497420281222,0.730960204231409,0.770441075576161,0.753793646578056,0.739381238182635,0.753235723992785,0.767936261432455,0.735808568421514,0.736004736785453,0.740263052539992,0.774905787842972,0.77203744272681,0.771871938734388,0.759611830796338,0.769608451950675,0.771048392349833,0.763768476124113,0.751598519151357,0.772416304061557,0.76671121037591,0.768284278940537,0.767629587131688,0.775023621187733,0.774894559085192,0.774950769466649,0.770544612223606,0.760184864269472,0.756351112361852,0.727418421530493,0.728906386743378,0.766685816142289,0.764257817268158,0.773124016689589,0.76260559943959,0.764219536875875,0.775716696218632,0.77632384706293,0.772780002113162,0.772836415735956,0.772803648981944,0.769970633318793,0.770477169384156
"6",0.707560570439728,0.696471175019483,0.705161308756658,0.739502969545853,0.684028662245637,1,0.707395512423658,0.705627848828075,0.704601942595087,0.719600635607504,0.719620057928382,0.719761812303085,0.673343473015708,0.691721927308097,0.70537074204866,0.627078223581264,0.704863362115574,0.696323590573439,0.685976637406557,0.723153035828707,0.706565257959242,0.678672806510922,0.696147418334351,0.684601423438876,0.720369844212051,0.684108994189406,0.656400488018808,0.63965670688144,0.633808643662282,0.633639416635106,0.628866982730083,0.628899909754837,0.731301278413411,0.684533969084413,0.707657482542113,0.707614953501557,0.656669176865219,0.651379451608781,0.674468499110954,0.70808921182807,0.656342115529946,0.684181610922364,0.675058299542437,0.684041523661343,0.707690266233693,0.695976212722487,0.706356936799392,0.719843240447699,0.684433872137185,0.661682148300801,0.687066233744224,0.659954032837365,0.751387611594953,0.683958172780593,0.696364912060063,0.674409967839373,0.651192257070338,0.683914563087499,0.733134009959616,0.696228192748936,0.656378481984528,0.695464029088034,0.695812928459109,0.713740054698683,0.663998060743383,0.712892216988921,0.697621163319843,0.664489131385195,0.73521461293583,0.696035182757825,0.670496644602927,0.683590658346426,0.715753100052636,0.657122592026854,0.756797119637247,0.719787309213188,0.711975773307579,0.717851342788938,0.63375150502947,0.625409956866339,0.633699639212507,0.62663076173251,0.625229636169365,0.643791365831373,0.684193161918619,0.671492882797712,0.702391160253227,0.719489173170374,0.710787878125973,0.656259185877133,0.778499213708424,0.696325304235579,0.69872564996789,0.71570037027001,0.645887265041442,0.759541774364641,0.661367992026699,0.738578519306995,0.656485827638389,0.651457245312451,0.731556833710767,0.716981504511089,0.664735425525108,0.719544997161606,0.676180456355056,0.693237253599687,0.693971051381914,0.681213515728302,0.695718677913339,0.678633987469959,0.707498194891365,0.705649440007911,0.696257317845135,0.688192743197714,0.745676710020876,0.70329347221769,0.669136495812254,0.721825861730137,0.633858886152325,0.738620324346938,0.709384774923484,0.684226687345366,0.651097085728279,0.789792712497478,0.755737376677737,0.797809459778587,0.790512822447363,0.732086832337267,0.791361865986381,0.800091213942464,0.794495600842704,0.786450970014083,0.7989231750368,0.792431710562501,0.797205706325862,0.795565494362332,0.779696702239526,0.797314926518962,0.797509721720192,0.799602706764575,0.78962066712051,0.801925839603523,0.798794045276333,0.799426758912749,0.799131733213831,0.790936826319019,0.792617177306345,0.7919458190618,0.798891054768299,0.795509150935336,0.78580031008425,0.763908487578171,0.752967837134381,0.802386772790826,0.782384363124243,0.80027345739519,0.79770531797961,0.800738039641836,0.796565136876281,0.796252732765236,0.797791312211445,0.79743005542704,0.797561057601386,0.800675152955983,0.772577333844326
"7",0.99958689122569,0.70164690071259,0.703457604629719,0.790096307384153,0.646180973737069,0.707395512423658,1,0.669126222535069,0.6552562855413,0.662723590429187,0.662746343353552,0.66292539577902,0.680703486456599,0.686258404317637,0.71115500560858,0.621614306559008,0.660184941180085,0.701548481025675,0.67077004424418,0.770609025023995,0.693895378920252,0.644774004556129,0.71011446078325,0.694360657280981,0.663505671476587,0.693873641357519,0.636163814336618,0.635471624066911,0.629604851869235,0.629585013831333,0.625558118731771,0.62559181090395,0.682625461048895,0.65998790851694,0.665040168009284,0.665021075855619,0.636414179215185,0.629227748605546,0.658904069936364,0.665426980753359,0.63609667996349,0.693892962110315,0.675183552687554,0.69376249732997,0.665103766745886,0.734312684681214,0.729839311714853,0.66298854773458,0.694096266840472,0.649640854423179,0.690774117150494,0.64685207077532,0.710125918649558,0.693716366371337,0.701606490357097,0.647876091359523,0.629079598339335,0.693502057435253,0.675940407380195,0.701420868061275,0.636100027225902,0.709329040051723,0.701073537788313,0.668761680965536,0.661544314059498,0.71439913612092,0.687001375429184,0.632968130574994,0.682560745107756,0.701185900586176,0.633103054845627,0.693280897828962,0.775807682937631,0.636864299979329,0.723474089679364,0.727536260298259,0.659026711579319,0.744994731855131,0.629681335517145,0.621550011894174,0.629511401145378,0.62501747169602,0.621374269955907,0.649067934193617,0.693873983108129,0.638993463006417,0.660644646164635,0.662705379776712,0.734157356161626,0.636007464692597,0.758916654283174,0.734737752132194,0.68145523833087,0.721665138681333,0.6281222507545,0.773190051919619,0.637408229237603,0.727202244315846,0.63620787929606,0.629291807932467,0.717250548981985,0.735250267916762,0.633181309805735,0.662727125259575,0.663749969079366,0.644051631794797,0.644276106318809,0.649367594340689,0.694463022678486,0.647165835571871,0.66491735687557,0.669142741394172,0.701427500842335,0.682323840066863,0.717962961900749,0.667229620231164,0.660436262065393,0.671153139061247,0.629779688269505,0.703134333123807,0.739351364078005,0.693987054007564,0.628985805187691,0.788997423615592,0.744182822673313,0.782017892609761,0.779060957109851,0.700300890294214,0.781098221942651,0.789618938035062,0.807476714528476,0.79589074411492,0.798395005384212,0.769162241703465,0.767115817409638,0.764340846273368,0.765896086640317,0.776320913674696,0.781195468612039,0.783692102629851,0.774489371011811,0.779476183250233,0.781384781638004,0.781026021148614,0.781192874942153,0.766702773090575,0.769776848648785,0.768420651026814,0.779527126792724,0.790011482545706,0.774017680598866,0.766604375561924,0.744890381084895,0.789240736000314,0.760179057144865,0.77007773457149,0.775906762597421,0.77995440904209,0.772355987781596,0.771184532408024,0.772212055168357,0.771441365043535,0.771680583264544,0.773598912782955,0.731372315172384
"8",0.669325425481093,0.667466704420074,0.695937706631084,0.67791507106896,0.682972189146544,0.705627848828075,0.669126222535069,1,0.736992552473688,0.725028497436349,0.725144804361504,0.725219127053465,0.673262257043575,0.668734359863318,0.663031512998268,0.613660147966939,0.699371933045741,0.667295489472619,0.680141915451961,0.676266570144827,0.691956446967126,0.685453423538089,0.661196667028872,0.672185641335204,0.725969550892729,0.671811858592022,0.659780390655102,0.626860971663891,0.620972752060345,0.620941755425207,0.616526978367907,0.616580055434737,0.709704444770328,0.663943005304215,0.81794660721772,0.817826251810213,0.660037560832025,0.655207695888258,0.673815767190644,0.817997711947583,0.659632157372047,0.671749092660079,0.651169208019872,0.671633129500549,0.8177664480478,0.668961481323399,0.656990989754469,0.725458591954412,0.671994444224887,0.650523836472922,0.673308978983184,0.636997004991039,0.744310809324789,0.671609970423507,0.667349459599589,0.672935243227281,0.655045911689258,0.671451905511683,0.748004122317874,0.667253721361399,0.659662505005449,0.660547618217155,0.66691995271231,0.772409276932801,0.648659741772197,0.686987388224106,0.68043799929028,0.68928680788387,0.722918025324392,0.667090883833634,0.659834135122834,0.671203393074818,0.66452893078554,0.660455836361278,0.682063692291368,0.690838866876864,0.708634529735835,0.681356333271205,0.621027430052659,0.613001253033056,0.620776127375333,0.615462810972148,0.612823647429634,0.638206971744172,0.671814005542652,0.708760649615542,0.734123390017587,0.725136188817557,0.675307960168515,0.659580132381552,0.758367578483211,0.669267934186453,0.682766057052772,0.675272866790468,0.646517642059813,0.692954831238416,0.641134192794037,0.741507061334019,0.65980661972895,0.655257691092247,0.676490270983876,0.666125694829219,0.689447608077461,0.725089313781797,0.68403392376698,0.727555213049751,0.691117714428204,0.673921389627321,0.666346967367523,0.677121654407094,0.817760376531902,0.999625783623188,0.66728013389115,0.69002564987197,0.7111466309438,0.665450822663982,0.665458000943614,0.724642731259217,0.621131424465864,0.71272366004309,0.691042321312404,0.671848828501732,0.654952358583343,0.761808372865971,0.744491187583676,0.784908260915305,0.767013850179305,0.769437841479353,0.766799158677435,0.794643300842838,0.751959437780941,0.752623080232445,0.752652374857034,0.788646859364179,0.785133238682887,0.784798134632176,0.773206557977276,0.80000726802651,0.785168788152436,0.791775744034445,0.777363517331316,0.791466337543798,0.794396945844824,0.795587934031996,0.795188975775511,0.78883733994469,0.788789948611814,0.788614139775012,0.784980776842446,0.775155013083059,0.776038122997391,0.741199068187976,0.737822141755318,0.781727632033434,0.79147649081403,0.801690062131974,0.792340066800417,0.790873707416796,0.791695993404647,0.792338336611491,0.785635852053317,0.785656399706564,0.785613598838202,0.796417867145391,0.804773868982594
"9",0.655437952804303,0.648105928124938,0.677125715970658,0.669595900163164,0.699012082955167,0.704601942595087,0.6552562855413,0.736992552473688,1,0.68870054311118,0.688813620973199,0.688941383993821,0.662675485589378,0.653656155723173,0.665969385707906,0.612022175655198,0.699952979969297,0.647912897753346,0.733710912412466,0.673609584754282,0.694346412329493,0.685432448823924,0.655901553219913,0.654252466951745,0.68946075694392,0.653777281406839,0.677166741227929,0.62868487398593,0.622668375305229,0.622567637047269,0.618223010242448,0.618265305588801,0.725041327022871,0.676025168729319,0.790432094977557,0.790324756862863,0.677540105972555,0.698203749022448,0.718638026038493,0.790608346830209,0.677104992908119,0.653851009007187,0.641631547186309,0.653707452372999,0.79040492491047,0.658370899896521,0.662350532986688,0.688965282589093,0.654030506897711,0.700167643881636,0.674586345349187,0.637558426848145,0.721358669885815,0.653651579602532,0.647981196781157,0.699827735367905,0.697978529923297,0.653519604960401,0.713843056427257,0.647884409675918,0.677075433162728,0.655347284824178,0.647515267816907,0.763404147308778,0.650810515783231,0.657304650761956,0.672343469402267,0.675951681492997,0.70226311590578,0.64772953065803,0.70570545674967,0.653250503398277,0.654662935156776,0.677920905780552,0.673170785744279,0.66454875656699,0.724386507370724,0.664957650023603,0.622657237068246,0.614981958845971,0.622513423427763,0.620697659789937,0.614857984762856,0.626280185085944,0.653864041629051,0.688280570714069,0.726187730081655,0.688742630930778,0.677471452160912,0.677057457624178,0.748485237712532,0.658764140499513,0.667945194693679,0.669110287476485,0.680754456303229,0.686389482627026,0.681852711665212,0.727603301737405,0.677296334341946,0.698221014465057,0.666666790044809,0.664862326482029,0.676167427973263,0.688680470300786,0.759154684946632,0.703344766822909,0.720943282018232,0.688454047010641,0.674135710221329,0.709800225005289,0.790273950663088,0.73697942961253,0.647918942828968,0.661957932652045,0.69672992906067,0.685367928212617,0.666812722217599,0.72150218150645,0.62278360515002,0.693059094683064,0.661875817526231,0.653957141576213,0.697946375950246,0.748639438940874,0.743486039407734,0.779637125538124,0.755137256849732,0.781808413377676,0.754147746794204,0.789021485141886,0.737773070839036,0.745104712852075,0.734025451619553,0.789973632864909,0.795702086900787,0.796317170060518,0.772693001716237,0.793526510539508,0.780579836092534,0.777868945803909,0.756668748555203,0.780244771271062,0.781980801121754,0.783670223955697,0.78302876234108,0.791142630378186,0.790032142757557,0.79036658564568,0.790949071329188,0.766022903234761,0.766758585740092,0.72832493841657,0.730597496736783,0.776277913017383,0.787144709023065,0.793750097897122,0.778861913507357,0.77545507116883,0.796890511729129,0.798066243064788,0.789782750585824,0.790072994760162,0.789966797378152,0.782219062817903,0.809940300643997
"10",0.662822366372773,0.667060009824141,0.694894033869268,0.671775686201562,0.690799311741086,0.719600635607504,0.662723590429187,0.725028497436349,0.68870054311118,0.999999999999999,0.999504127272389,0.999549864484461,0.665612565523546,0.671056094797725,0.664377264272237,0.606535684390496,0.706060415347344,0.666868851030177,0.67238899801205,0.677314783180262,0.686469997679095,0.695381929635473,0.672686057846718,0.680326292116697,0.999055054045185,0.679864335552918,0.652371015782674,0.61943140406382,0.613424599646304,0.613444011874506,0.609140653658078,0.609136311617234,0.699641932592328,0.658346931397758,0.718204810483391,0.718166755199593,0.652648011132054,0.643817441495996,0.666542568373402,0.718615695485164,0.652253337722452,0.679882974784837,0.646209440031769,0.67969241465421,0.718203310393619,0.661641550484861,0.657829207953402,0.999484611540439,0.680072702757667,0.643089644201092,0.657719067929271,0.630382535188915,0.789606757315018,0.679648092888531,0.666989560867138,0.660702263424937,0.64370490799654,0.679511201985985,0.737280823961476,0.666802482225367,0.652324802471804,0.67214134292698,0.666448395323681,0.713235246072972,0.647732713500822,0.683040313486345,0.681535701046682,0.67585238469154,0.716982337405806,0.666638653272434,0.665417019294996,0.679276933589797,0.658631243785087,0.653089120795655,0.679506533979106,0.687718102665357,0.707109907469466,0.67753712891095,0.613491408709765,0.606026178600725,0.613312553023538,0.609052983651902,0.605856411659989,0.628054301197998,0.679876057463874,0.679406969834806,0.69879236342168,0.999610556587024,0.670008396886637,0.652198535063843,0.761123377528625,0.662016002172434,0.705382505739956,0.690258363142682,0.636391477333412,0.685622016336696,0.63697473952745,0.739579580280023,0.652346583291907,0.643921606982089,0.677916456111752,0.660691766757067,0.67610719541852,0.999555702661889,0.667959996166677,0.706505243003643,0.705951763764383,0.673479440099638,0.666625011582654,0.670662528407344,0.718044503650078,0.724911708198982,0.666875966393804,0.705693831978066,0.714538348674967,0.682706045896751,0.655438325965632,0.730479536418177,0.613590690917567,0.713309825971425,0.686201713531637,0.679985182644007,0.643533075549325,0.770947536704538,0.732738524795581,0.793855669724118,0.779635551401963,0.709473877633001,0.78042744098901,0.77563267370037,0.764755121644936,0.751014988512702,0.793694904498275,0.787546584165651,0.795136859598297,0.793822395977365,0.757923870581858,0.780672545387775,0.793238085466758,0.790536601729519,0.790208064804324,0.806158631031333,0.785460142164499,0.786705006480454,0.785921536711583,0.78559571270292,0.786903328826687,0.786747958245567,0.787078170939812,0.781617942231859,0.768430520676197,0.737228675095548,0.73004465738403,0.790048666524407,0.763067565930479,0.803010018639583,0.797508279926674,0.801858352329202,0.788380832803156,0.788340569125569,0.79531977400585,0.795130472709151,0.795237071073236,0.805805482447765,0.768386500004625
"11",0.662845304944676,0.667036014533117,0.694802727649235,0.67173445476677,0.69079566549019,0.719620057928382,0.662746343353552,0.725144804361504,0.688813620973199,0.999504127272389,1,0.999548662173132,0.66563906870544,0.671019816345006,0.664402267720406,0.606600823788795,0.70617694166142,0.666845138386778,0.672474311284278,0.677306147367097,0.686586245543572,0.695330995034497,0.672635276332568,0.680278779960962,0.999022297748703,0.679816570216157,0.652447801567166,0.619449325887552,0.613474975214231,0.61349430488883,0.609171155223278,0.609166876949403,0.69963318961845,0.658435195804584,0.71827942921851,0.718241072223222,0.652724703438164,0.643837623618638,0.66661587744066,0.718689810760243,0.652330161960306,0.679835185994919,0.646258727055288,0.679644775907005,0.718277634376916,0.661656825892125,0.65785099418934,0.999495889166754,0.680025059711387,0.643145436340571,0.657723878518909,0.630502053528144,0.7895944619129,0.679600424748535,0.666965740360999,0.660739886674433,0.643725093709207,0.679463420901623,0.737299599864866,0.666778542768332,0.652401517190061,0.672090467021245,0.666424647154503,0.713339267580266,0.647838597227516,0.682980730036671,0.68164167933074,0.675932149113423,0.717042511686127,0.666614861665341,0.665494329534552,0.679229112512803,0.65862087395178,0.653165890909163,0.679508094939607,0.687672981465522,0.70721619890221,0.677469237549875,0.613541648637592,0.606026588376589,0.613362654578372,0.609148326369932,0.605856603949256,0.628178397417317,0.679828521077615,0.679521431834241,0.698839786049297,0.999564723371006,0.669993073444144,0.652275342555468,0.761137339858463,0.662031391995979,0.70530023304792,0.690141986765616,0.636440198981611,0.685619783360831,0.637062754754725,0.739595855519323,0.652423491635364,0.6439418537251,0.677841726323261,0.660672996382125,0.676186829231034,0.99959146152467,0.668003726833743,0.706611878713513,0.706116262472099,0.673575693972726,0.666717205757204,0.670772875008364,0.718119044717043,0.725028247015147,0.666852209623316,0.705617544295186,0.71455994290814,0.682662140662548,0.655555544193369,0.730301924176328,0.6136409586775,0.713227304853008,0.686110288681468,0.679937358702138,0.643553076937925,0.770954967126313,0.732787868326071,0.793877030143876,0.779656356309172,0.709571293462744,0.78044512175797,0.775664770601307,0.764743022548233,0.75102627003071,0.793664484683023,0.78759212868779,0.795189308171302,0.793878186020532,0.757970981151343,0.780716757981226,0.793261635077788,0.790556316085643,0.790203927184944,0.806179076814682,0.785481530418866,0.786728452068976,0.78594419909838,0.785644840702481,0.786948301753883,0.786794611333993,0.787116808193321,0.781626620035259,0.768464188734491,0.737245347725645,0.730082200582935,0.790065415166292,0.76312600464391,0.803046867092777,0.797523271701277,0.801872837756875,0.788423747644907,0.788385724649902,0.795364359806554,0.795176076071192,0.795282345283862,0.805830527551388,0.768473295969307
"12",0.663024480669042,0.667218047252689,0.695006541901451,0.671887981120391,0.691032673289594,0.719761812303085,0.66292539577902,0.725219127053465,0.688941383993821,0.999549864484461,0.999548662173132,0.999999999999999,0.665794579760389,0.671231572686248,0.664587191706215,0.606716992747487,0.706346580623634,0.667026896961087,0.672576611336144,0.677522400711516,0.686748941604449,0.695642083348617,0.6728331095517,0.68049797759272,0.99923499700245,0.680035687215681,0.652641696649648,0.619627036196256,0.613643964855273,0.613663233340456,0.609356161762245,0.609351860149019,0.699809492600738,0.658613847097446,0.718432906503791,0.718394709672372,0.652918776607746,0.644030713674087,0.666804450798317,0.718843773836635,0.652523948853554,0.680054318244576,0.646382995456572,0.679863898799905,0.718431367634018,0.661838595711469,0.658024183789392,0.999599066811597,0.680244119691932,0.643370924239938,0.657912674363257,0.630553969093737,0.78976145672665,0.679819479433102,0.667147779416663,0.660933070207114,0.643918247136045,0.679682448959674,0.737439969298872,0.666960389271359,0.652595412781503,0.672288124704904,0.666606349764629,0.713475302728405,0.647926672582073,0.683187613200082,0.681767970768679,0.676079605316208,0.717195178443033,0.666796688322024,0.66564694293277,0.679448191969307,0.658799389468409,0.65336020734025,0.679728679625739,0.687876997258713,0.707366055677253,0.677730662304222,0.613710608733751,0.606201141565429,0.613531799979894,0.609242180303248,0.6060312331566,0.628243632380848,0.680047626102371,0.679648687979661,0.698927501631117,0.99965652969536,0.670253750325602,0.652469049050359,0.761343610670173,0.662213488629042,0.70559756249807,0.690364379486298,0.636601872106477,0.685722362591176,0.637228586615275,0.739833564854079,0.652617374744642,0.64413504698745,0.678044643869067,0.660833035505148,0.676334636750513,0.999551683413357,0.66812645613511,0.706703187197625,0.706164969074346,0.67383032364471,0.666873747832349,0.670984126806727,0.718272549088836,0.725102567440084,0.66703408756907,0.705846301048547,0.714766247097331,0.68292041664563,0.655699496356904,0.730540383610905,0.613810049343147,0.713413415434957,0.686332427801403,0.680156607696845,0.6437459638786,0.771185992489889,0.733001024644317,0.794124510960654,0.779887128634227,0.709776220254696,0.780676464104275,0.775908647206714,0.764978715749315,0.751259416561635,0.793896272966887,0.787835194761808,0.795427276779757,0.794114645884008,0.758206567086203,0.780954316338028,0.793509013084277,0.790794418445058,0.790432830753541,0.806425062115447,0.785719915206841,0.786967580869792,0.786183030440589,0.78588676080426,0.787191553428227,0.78703731681865,0.787361730257037,0.781871636701414,0.768695164435287,0.737463924258603,0.730293906177393,0.790310334144389,0.763356000605863,0.803283950220755,0.797757284880522,0.802109890605529,0.788667602903222,0.788629294745643,0.795606332941087,0.795417682057675,0.795524045073432,0.806068387526507,0.768692482997875
"13",0.680804342184023,0.765808173979462,0.664493189367454,0.689107084631715,0.658414523831393,0.673343473015708,0.680703486456599,0.673262257043575,0.662675485589378,0.665612565523546,0.66563906870544,0.665794579760389,1,0.736257246321222,0.715045134800985,0.616241261581031,0.668305927237285,0.765873175562966,0.686739825687555,0.672283074097337,0.663481628055393,0.651354127447432,0.681300597651103,0.662986207019899,0.666247331858681,0.662472245773011,0.743146382628291,0.631124460504618,0.624800656482077,0.624831830846222,0.620157842262047,0.620107551703229,0.66915073462168,0.777569768656001,0.672078631533833,0.672041492249043,0.743247953031824,0.650521347084956,0.752919242964602,0.672406086149013,0.742992295795638,0.662499610195911,0.666550221737739,0.66241713865367,0.672047270897595,0.665126330265703,0.723397727291402,0.665829039833457,0.662728044402908,0.668523037669371,0.704714196823956,0.625274214883151,0.70937783742618,0.662393832922899,0.765802970178442,0.678646576552952,0.650383846987553,0.662236437751114,0.674765077562094,0.765790033086465,0.743017006394655,0.68068883752836,0.765595357570031,0.668252919062428,0.645505733911598,0.730900396807859,0.671561121715353,0.643589653722078,0.68625430480662,0.765686494573782,0.653324899522697,0.66191547619599,0.726067916865287,0.743593747223851,0.686885389689308,0.780103329679817,0.66767895283524,0.666466182463458,0.624835209166418,0.61645963963157,0.624740814670434,0.623606287117297,0.616355169989783,0.664187813575379,0.662542537114867,0.649114143378133,0.665127509985346,0.665550671248893,0.663244530276234,0.742936920029143,0.765964069843886,0.665515005522294,0.717133988008989,0.724636960798523,0.640858237499703,0.676177135774462,0.640407724402045,0.818568505995256,0.743070861294887,0.650640036230169,0.698894181394196,0.671354934532636,0.643756926212335,0.665553815569419,0.689781175296051,0.652580814274361,0.658769433915086,0.695269072521514,0.695996132044658,0.673136859083319,0.671919382436219,0.673305004139606,0.765864802209663,0.715142733383726,0.669273143919108,0.663966890126422,0.663106765395239,0.691425684369496,0.624964801295666,0.721425651531381,0.754319735651944,0.662576104969154,0.650284102698322,0.779896214868493,0.761072087342087,0.77955981715293,0.785952427387294,0.750712228848039,0.786030875116478,0.785622894715328,0.770409344876654,0.76972895890209,0.769387706475303,0.780473805651173,0.776970929733088,0.776458264468794,0.771723060552661,0.793758148416651,0.779668155226179,0.791454915722744,0.774948689079771,0.788040878276765,0.783775270293532,0.785128988753939,0.784532333006407,0.779992628631187,0.780031572128573,0.780055374965387,0.775600787038431,0.774121970051797,0.785028887444552,0.760756669897152,0.754365188705668,0.776893349564112,0.788390841072361,0.794129228794414,0.785302371384335,0.791922886341765,0.7742076942855,0.77466522570052,0.782034183525151,0.781995156068803,0.781991719112207,0.795590669798539,0.785584940843373
"14",0.686379171520056,0.852282206779887,0.66874971039043,0.698272751786548,0.654226603334845,0.691721927308097,0.686258404317637,0.668734359863318,0.653656155723173,0.671056094797725,0.671019816345006,0.671231572686248,0.736257246321222,0.999999999999998,0.763865842778216,0.625674233724812,0.664160854257167,0.852214609206487,0.665437327007602,0.682165482569397,0.671154278051918,0.655363776326203,0.715325437451844,0.69422458588827,0.671753669844252,0.693733901070141,0.634298232568247,0.636265204390906,0.630511573676652,0.630454909465518,0.626880562287276,0.626807258057107,0.6737531237685,0.708035398634182,0.667072982492804,0.667045955615289,0.634546360367505,0.628546217416595,0.646802034647048,0.667432559626284,0.634198077481396,0.693722389301624,0.682133904370354,0.693581735711571,0.667097430373981,0.664908474820489,0.787249641186701,0.671316705666777,0.693922184906529,0.660197845436579,0.685162648802695,0.627681589316773,0.751078282057333,0.693558857809156,0.85233577279093,0.64642225062991,0.628378209904551,0.693365974840947,0.682977891696369,0.852329263443438,0.634231140292547,0.71472467846595,0.852005662349401,0.666202038203186,0.661755887876005,0.783472576074583,0.694134959070513,0.63711420734014,0.693792910369026,0.852084958796939,0.637930602882273,0.693136798321781,0.726307039179195,0.634992579550467,0.718487884934441,0.848252421400616,0.664816864571712,0.673861627769269,0.630509309162605,0.62232154361805,0.630435019876894,0.633395086831787,0.62221968173,0.659979120006496,0.693750859736253,0.639555506810806,0.674318680687709,0.671045230293125,0.685171181575423,0.634138647028177,0.802623212120395,0.665294463721173,0.701383207307007,0.789200754279096,0.627783839636562,0.682577960357146,0.641244296918735,0.766188717533778,0.634321905174727,0.628679310398604,0.741859089861576,0.690288930828568,0.637282275920105,0.671023023772348,0.67148092683265,0.645979142112624,0.648334732487382,0.654884582022208,0.646260340231951,0.64461040651962,0.666961839856637,0.668778878786231,0.852163670349044,0.77367404618745,0.675998610334784,0.658528419285672,0.648874018693523,0.68736147881282,0.630632768969409,0.76855580080272,0.75515913565671,0.69378766288017,0.628300929815637,0.804294595437899,0.760477178795241,0.783763305742938,0.795147048190881,0.717276484170783,0.79706234975753,0.791413544784686,0.807693087291795,0.798201050537735,0.797255778310377,0.77306363284228,0.766172877634619,0.763811944063136,0.772402244565645,0.792109289029949,0.783052592425277,0.79863790406744,0.785929400286848,0.783721484035915,0.78975976588259,0.789569534040886,0.789639414314431,0.770862442872612,0.773544202007357,0.772319812754163,0.778020062699358,0.791744052958784,0.791002361791054,0.785889989151551,0.765157248584594,0.788883473951435,0.778132871402031,0.781684820529436,0.785982062224292,0.793769889241083,0.771889415436104,0.770960946047562,0.774887178959724,0.774231199361233,0.774427450925906,0.787408680494268,0.74752326322523
"15",0.711225736241367,0.791472739821732,0.666132394370756,0.711419095751833,0.660131905874077,0.70537074204866,0.71115500560858,0.663031512998268,0.665969385707906,0.664377264272237,0.664402267720406,0.664587191706215,0.715045134800985,0.763865842778216,1,0.63189137252738,0.677832826848688,0.791335458597448,0.691964395922541,0.714856329404418,0.697790106570367,0.652509358726999,0.735803594328958,0.707060888617122,0.665105894115769,0.706597569917054,0.642859081015631,0.644932150250308,0.638512520668666,0.638431404513992,0.635017628813347,0.634948812730961,0.696156291845272,0.7294731100092,0.664278427664517,0.664220446997331,0.643114043925943,0.64113977192588,0.667155542492863,0.664620833960578,0.642787700838014,0.70661929428155,0.685848195224501,0.70647735685903,0.664338549050488,0.67970730710967,0.794251724449846,0.664620582832323,0.706886072385394,0.684166004184997,0.701415201395603,0.652773944689638,0.764142203190184,0.706433701572987,0.791484444087886,0.662036659743955,0.640965745280924,0.706198487694143,0.68358473579745,0.79120782292558,0.642806501611948,0.735076892349289,0.791175440004913,0.664974186886305,0.672040963672979,0.775439990157533,0.691985625833678,0.643428449898571,0.703193169744049,0.791112107967962,0.649637951328294,0.70598652812222,0.729303538424418,0.643543468818972,0.712541233690406,0.799950752891421,0.675022395205176,0.693211640898958,0.638457196805037,0.631210762354954,0.638465083547696,0.63814669188552,0.631050849754698,0.674792207140229,0.706671719737461,0.651592990422694,0.682168531369628,0.664368281139787,0.679409311095474,0.642705525398892,0.796564623504304,0.680088316288259,0.732322979072484,0.776585685798812,0.646042173948857,0.70173941561256,0.651768945981796,0.753041639649307,0.642936843806515,0.641246326672225,0.747471099112542,0.700432784429814,0.643577886839137,0.664372725256561,0.674445563460689,0.656640039817433,0.655342198636217,0.670692658206724,0.666768085879914,0.663141858511261,0.664158951483549,0.663056301950927,0.791310095972686,0.735108641792947,0.693452362637462,0.677081811926392,0.653081830405212,0.679729267433939,0.638642868124615,0.755360798152804,0.722378947312224,0.706712482133669,0.640844524611099,0.809652253135652,0.767899554589651,0.793489630678859,0.799359315253749,0.725946162818628,0.801186545882876,0.800998731756402,0.813308079453892,0.806760013202857,0.798188466757489,0.783629949338848,0.775590040528133,0.773232302628968,0.782171226035806,0.796729216419434,0.792981283643168,0.801560998245776,0.785359506571012,0.787784995207156,0.793649964077768,0.793571337042827,0.793569900270683,0.781508696686587,0.784196437186636,0.782981237486768,0.789213334707192,0.800911648506964,0.797830889056467,0.792248998216061,0.771925207436337,0.797094690796051,0.783455088982071,0.784223112652587,0.7877418665823,0.794612544807083,0.782878428287278,0.78193009013579,0.783955077135973,0.783283177579748,0.783482034027538,0.787605952987882,0.751827608057164
"16",0.621729758449066,0.613756053138313,0.609738912895924,0.628448881627027,0.606754702547653,0.627078223581264,0.621614306559008,0.613660147966939,0.612022175655198,0.606535684390496,0.606600823788795,0.606716992747487,0.616241261581031,0.625674233724812,0.63189137252738,1,0.618601852360192,0.613608177822004,0.637479624155594,0.624917996437472,0.624270083507394,0.605772409254723,0.609836789702294,0.60895198899568,0.607088815842463,0.60858237057802,0.603944057482058,0.671290199974637,0.661962315038476,0.662092592579092,0.659672900310792,0.659677249844373,0.631306190464089,0.608391772202331,0.612076223478639,0.611994938758325,0.604185438725105,0.595805302694532,0.620560879953604,0.612326238169116,0.603823050587272,0.608628452274381,0.747155163842155,0.608500839218336,0.612084095515939,0.61618261416991,0.624205961660562,0.606700451165064,0.608798152343614,0.602819435140221,0.640320311701651,0.723376614974532,0.63814774146364,0.608438632283061,0.613692052924235,0.612836686108113,0.595702187887906,0.608370693293128,0.61935150296558,0.613461071956966,0.603880284853899,0.609302683587766,0.613241779560954,0.617258356797607,0.706557163838532,0.6168178301079,0.644513322192248,0.591490103983145,0.629007951297966,0.613397633091525,0.600733386084562,0.608149303093616,0.622350886721224,0.604557804234756,0.625932416726651,0.627840057577715,0.619564380866457,0.621825742068612,0.661950945293849,0.658049723425965,0.661885119927395,0.851685736137038,0.657849889191156,0.742371151910067,0.608625264480579,0.595230040840774,0.615483448147605,0.606527813039369,0.623279284593602,0.603787932185305,0.671694706630205,0.616413919010409,0.610158162784148,0.628177734180238,0.599514718913075,0.622423743609015,0.587203469799668,0.661904335141005,0.60398555993652,0.595934198136773,0.626333514784048,0.619980757234182,0.591667115589391,0.60652433803576,0.612361544313054,0.601309483996261,0.604810332303101,0.615728020319538,0.613502963298218,0.612324826087864,0.611963932415232,0.613703452506805,0.613564415578988,0.619992104725088,0.619003220966494,0.615699797684658,0.595750866943334,0.623539697203597,0.662168138264964,0.630550426412665,0.631722235775089,0.608743010991699,0.595610222784116,0.72779963724297,0.747315416872859,0.702115164102991,0.730579594253342,0.713656427144259,0.72910053871939,0.705982213319941,0.708655709242476,0.731672378078327,0.669391417509858,0.715567816915505,0.699044619838938,0.699924913569792,0.737643954604969,0.708056951808333,0.704200303504675,0.693750888363765,0.655493562650964,0.683033781617832,0.678076643920112,0.679866500107089,0.6790194481977,0.71688875390969,0.715570016067566,0.716113419974356,0.708141941085163,0.706762957371554,0.735350904595791,0.748125213155169,0.757233363739774,0.698120844564538,0.724973012608448,0.674073831223167,0.661675741017601,0.677523063622913,0.698052369211392,0.698821820592849,0.709618863435003,0.709791522039743,0.70971011352532,0.674882908319339,0.686722067343047
"17",0.660256295599373,0.659894651815945,0.693175816710224,0.67454625747009,0.709618930944751,0.704863362115574,0.660184941180085,0.699371933045741,0.699952979969297,0.706060415347344,0.70617694166142,0.706346580623634,0.668305927237285,0.664160854257167,0.677832826848688,0.618601852360192,1,0.659683051078687,0.701580435905738,0.68550414213355,0.712304537163112,0.731921984976501,0.660742231793515,0.661717802331373,0.706928325222607,0.661261220115588,0.693222171238069,0.633039812680376,0.626843578704389,0.62680571639587,0.622991616423329,0.622869383258899,0.699547765747427,0.69103643623934,0.70043544300426,0.700369312280886,0.693497985626546,0.664921922654504,0.705120596651704,0.700839226385233,0.693130477801107,0.661324894992248,0.651466750570253,0.661200774818373,0.700427384363319,0.659587629575637,0.664387719493824,0.706375311031118,0.66150028920519,0.662718709910538,0.681355897569355,0.62902826704485,0.722446122331143,0.66111018159846,0.659790577611775,0.685421468387196,0.664859141520961,0.660960321915351,0.706528825740627,0.659618926526385,0.69308413698313,0.6601793007128,0.65930293116073,0.712562009667583,0.653484644159667,0.671072606291507,0.684763167343342,0.692162389458154,0.700652742759592,0.65947770120297,0.716823130918629,0.660739442343765,0.661979515870172,0.694020760761268,0.682460588524604,0.67740277133726,0.744804338484246,0.684128134306752,0.62683099227661,0.619349152571114,0.626714273531778,0.623038096348982,0.619213839565945,0.632845392737274,0.661314978272452,0.704160699869378,0.702943216701705,0.706152115853264,0.665864754592094,0.693017511648758,0.749088564269272,0.660013755917672,0.707517282202881,0.680869026254631,0.653231377969257,0.677620687929543,0.663214516185961,0.748083659080076,0.693257855397621,0.665040990991105,0.680953580560631,0.666659002864913,0.692356918704553,0.706087464417053,0.684531649113652,0.688876053090024,0.692217320017694,0.703585384882905,0.693386975365681,0.71274215649982,0.700289344466275,0.699359297564371,0.659710000754734,0.678920419608121,0.682307879265609,0.69012402369484,0.665333765078392,0.696116727483497,0.62696929918232,0.693263360343042,0.676470714140473,0.661385392926795,0.664669899384069,0.758525090286908,0.74708021546591,0.783744629761977,0.76844099116722,0.752910969466402,0.767765722203258,0.77979032169353,0.74873814381759,0.75059810022585,0.752440877552506,0.789604592536412,0.790609787914486,0.790708647606766,0.772435389581457,0.782674125883784,0.784457588503163,0.776198452549155,0.760619903034109,0.785863431001442,0.77559978718476,0.777446319612411,0.776613709727874,0.789803402109626,0.789272468794842,0.789610613791036,0.786119330455935,0.771782134885168,0.769971881444707,0.739097283180719,0.740591839392412,0.778473974308796,0.777583956482237,0.787561975040719,0.774664587715624,0.777339610141578,0.788810696310208,0.78961171935215,0.79015508875247,0.790300327340892,0.790251964994066,0.783503963437901,0.78619226354929
"18",0.701643299828169,0.999518990845836,0.669949967876272,0.704394390822392,0.649864284851152,0.696323590573439,0.701548481025675,0.667295489472619,0.647912897753346,0.666868851030177,0.666845138386778,0.667026896961087,0.765873175562966,0.852214609206487,0.791335458597448,0.613608177822004,0.659683051078687,1,0.666692968796884,0.698184546775533,0.670527212512084,0.644458070206678,0.735558890875306,0.700602632906081,0.667574286326106,0.70011574776244,0.629621058152566,0.623917424037235,0.61792033469464,0.617854394780243,0.613609633276244,0.613555643883602,0.675824393133762,0.741063717106106,0.665583852538068,0.665559241775313,0.629835889409457,0.624246656364626,0.642414739227294,0.665926271049746,0.629501992428936,0.700122802622569,0.678396083737208,0.699973601339117,0.665605234645115,0.67138295888375,0.86392324269307,0.667137627037266,0.700375524998127,0.657508485003097,0.69403759807054,0.637118508868746,0.785137664596675,0.699974521779284,0.999497912558071,0.641769075646039,0.624081306810307,0.69975147202124,0.684995520110278,0.999597070185744,0.629533335508249,0.734941724484893,0.999423562339063,0.659684246436879,0.652844815732705,0.83885293498555,0.683876452236127,0.632865292357652,0.695619628446533,0.999518892736904,0.632078435893584,0.699476625989033,0.757412732802313,0.630300928165313,0.72630348061075,0.941596317059945,0.664525176244597,0.679988637141005,0.617917362930992,0.609656116589138,0.617867107298121,0.614722541167178,0.609548460981022,0.665923748078933,0.700112204896594,0.639194905988314,0.671726294990732,0.666851300826146,0.691430626084402,0.629432191395573,0.826250137908612,0.671790514364096,0.75565901043514,0.78623032077406,0.620929921969251,0.692016365978955,0.636535396606086,0.776057622817858,0.629653411852061,0.624342105886925,0.759911639171528,0.699773708797923,0.633005103903804,0.666833292083342,0.670299245569477,0.643677205221419,0.642901527289976,0.650470144259978,0.647417872457169,0.641079503348013,0.665461287716759,0.667311698450288,0.999636738783507,0.794454883103719,0.675333442609707,0.661277443008826,0.645440907175655,0.68129625539137,0.618037200608373,0.776188427552738,0.760994537692705,0.700189454184474,0.623986322150706,0.814435447748524,0.756537546293029,0.788583780009534,0.801212145702483,0.707050026079632,0.804021678845668,0.797571881145753,0.822923334274725,0.805187133959559,0.818411864125765,0.772115438465402,0.766458562781124,0.763361145709431,0.769270979016284,0.798997283604112,0.787203432040946,0.811544606232316,0.805309545836151,0.792745918853395,0.802666525646927,0.801812272294377,0.802174231956033,0.769114078218016,0.772738158432294,0.771087653290258,0.779684155863772,0.799278854181412,0.794341702098046,0.789832673385332,0.762543051448781,0.796759962496082,0.77868873161118,0.792061636114637,0.80186129392112,0.808812609236438,0.773601365982128,0.772220928934688,0.775647952188063,0.774787252796153,0.775053591486823,0.800237899388451,0.746005133080654
"19",0.670851681425814,0.666898756790343,0.672097225644794,0.679048980761179,0.679015156535502,0.685976637406557,0.67077004424418,0.680141915451961,0.733710912412466,0.67238899801205,0.672474311284278,0.672576611336144,0.686739825687555,0.665437327007602,0.691964395922541,0.637479624155594,0.701580435905738,0.666692968796884,1,0.680310204327305,0.694046622252507,0.683138275833233,0.666199831778647,0.664679061546425,0.673105975264917,0.664275782540909,0.690100465655425,0.650754935085477,0.64312839577971,0.643172037922034,0.638557823114642,0.638530076282626,0.703900539363408,0.68404936847229,0.685561601198343,0.685404229187151,0.690439120842355,0.676339019165961,0.739834237996295,0.685838468576314,0.690068038138551,0.664282466746156,0.66809968660127,0.664172943055135,0.685510019426026,0.660905617889253,0.676750642212786,0.672638565822711,0.664507532668082,0.675016236903168,0.676428791460102,0.633939682887625,0.711259603142824,0.66410960662461,0.666806279394141,0.702702391201076,0.676184517559125,0.663973996158864,0.692024995089156,0.666652609987447,0.690073453235565,0.665632606797351,0.666301333877559,0.694601491195935,0.719235689987551,0.669277645073456,0.800398995767676,0.659068804103624,0.701058338914294,0.666519936172342,0.684004687863355,0.66370569053218,0.674422351828999,0.690848136288817,0.694277840618568,0.682731983346389,0.69913148812159,0.683124233944083,0.643222633968478,0.635928434879992,0.643107305288962,0.635963154722529,0.635675344920702,0.65015871192843,0.664311213341849,0.665683595552084,0.691391573943247,0.672350158697566,0.674523007048392,0.689995946357866,0.74826177390472,0.661296417031525,0.668527567161601,0.691434041415971,0.666082046279644,0.67655539636481,0.67635583243529,0.74749125189118,0.690163454515672,0.67644781547804,0.680779328642032,0.680220264851795,0.65923230027394,0.672422035525324,0.714076752279814,0.669965835397842,0.71092451715417,0.690292802483557,0.685984731067558,0.699294083447384,0.685376788310776,0.68022950819335,0.666726513827565,0.678513506361544,0.682423820895292,0.687531226940743,0.666691030013441,0.69611359990776,0.643265683825975,0.68654410748853,0.68117338638239,0.664344985879575,0.676041671053942,0.767964251198399,0.762275567919252,0.781751350261238,0.774301052381579,0.761543504741514,0.773512561360326,0.78249800380529,0.756425792594248,0.764393661125946,0.746580301570213,0.789758933512721,0.787585393291503,0.787815122993331,0.780896030374693,0.783485495822947,0.782868239366945,0.773570350105812,0.749205473607005,0.775683263668012,0.769327639684491,0.771106931493468,0.770292127023955,0.790254212940596,0.789616776873569,0.789947500833384,0.787422764562933,0.773799757336672,0.778842228263708,0.75556165396005,0.757205757751434,0.777081206975848,0.782467252282943,0.776572080631372,0.76379939698266,0.76877120567119,0.786459252313312,0.787223945466321,0.788863703059107,0.788988597264445,0.788941668296372,0.771724943337075,0.77938335012258
"20",0.770623798422582,0.698349091862532,0.717558372975789,0.7838056529887,0.680662349215222,0.723153035828707,0.770609025023995,0.676266570144827,0.673609584754282,0.677314783180262,0.677306147367097,0.677522400711516,0.672283074097337,0.682165482569397,0.714856329404418,0.624917996437472,0.68550414213355,0.698184546775533,0.680310204327305,1,0.740605536355925,0.656863474716699,0.704130851754868,0.689862054397613,0.678057015718983,0.689450934933481,0.65398324722068,0.637362904289956,0.630792626839333,0.630708757850087,0.626355967118335,0.626283950317508,0.697368373337983,0.67421854427026,0.672352200067715,0.67231838934867,0.65425241507618,0.633331535196797,0.679196611333734,0.672718145601042,0.653901254162458,0.68941426896061,0.674546291118284,0.689296314122005,0.672431169798489,0.719383360329873,0.720308138315356,0.677519641810274,0.689709819205672,0.650951555127626,0.690786866199986,0.650513864323519,0.723421781993873,0.689227684576633,0.698326387793478,0.651063841491459,0.63316136800927,0.689091278838766,0.709055717247479,0.698003359274116,0.653919469824848,0.703379612294103,0.697822977756961,0.686699508213472,0.653988961602012,0.714330191677497,0.673236362164112,0.65732450150821,0.700003932195209,0.697900980283553,0.656743891897546,0.688861064271256,0.750837075880859,0.654734508196162,0.721451001949744,0.723588192195323,0.676302878186282,0.754814618833085,0.630818546540645,0.623064990988355,0.630679305786092,0.627341318492893,0.622905639913108,0.639287232707667,0.689475676639282,0.654761696490063,0.67341131690527,0.677312797689977,0.735877084457044,0.653833172708905,0.771957642522683,0.719922727547166,0.691112129116317,0.714748718390866,0.628858036596077,0.792465794142147,0.658855259497249,0.728400451601165,0.654033112147776,0.633440169669513,0.715140219787914,0.735930689726838,0.657529040264592,0.677276719202172,0.663075632025848,0.656620228873286,0.660740929663695,0.66131874209829,0.71444037830436,0.663246691456988,0.672246431214595,0.676245525035383,0.69812782424319,0.685475524349139,0.718786378284929,0.670750150849076,0.654773909057537,0.69383169836987,0.630901099560286,0.702615071247369,0.78897114789517,0.689590092392319,0.633058289066721,0.789971120976594,0.749576247788073,0.789777939507792,0.785641059581001,0.713191713194724,0.787158300338501,0.792816215508205,0.800546581019696,0.790040975580364,0.798816772169711,0.780001915632876,0.778609808944582,0.776311299268509,0.772505897729864,0.784688760160399,0.789199668610545,0.790674722353183,0.781740942431322,0.790081274025963,0.788388463562263,0.788507058892923,0.788442732667937,0.777910469023458,0.780408653718499,0.77935358081434,0.786783334377678,0.793176754815151,0.780214872002844,0.767067143515062,0.750595964087346,0.794733727712753,0.76988496697831,0.782579239873497,0.784822152184555,0.789291755596997,0.782178857123655,0.781368662120374,0.78299442833059,0.782388713693101,0.782581650214847,0.785788543584159,0.748209964306591
"21",0.693941616497576,0.670719939573648,0.69042710263774,0.706316024913817,0.700754679482078,0.706565257959242,0.693895378920252,0.691956446967126,0.694346412329493,0.686469997679095,0.686586245543572,0.686748941604449,0.663481628055393,0.671154278051918,0.697790106570367,0.624270083507394,0.712304537163112,0.670527212512084,0.694046622252507,0.740605536355925,1,0.679234004178094,0.676281573366663,0.688089287542607,0.687332017042246,0.687630517630082,0.670668279844975,0.638390254285461,0.63184673006576,0.631802087632504,0.628095362339864,0.627951645436279,0.719503490707922,0.681879454767647,0.682842272679675,0.682763208160744,0.670986652523708,0.656514645561163,0.695207613829065,0.68316004872868,0.670611754897623,0.687570265483843,0.65270767560541,0.687472999476676,0.682867828028873,0.693683593548698,0.691300253980554,0.68676251177893,0.687846773441743,0.669955626803951,0.671098878220977,0.638286356037075,0.728977998582983,0.687391305092063,0.670599062809659,0.677074788762007,0.656390879052922,0.687319136065451,0.734552972830202,0.670436956158795,0.670650189552636,0.675540567965737,0.670110492193318,0.690486255312238,0.659050498072971,0.678295545941181,0.68687921348191,0.6927981173544,0.732197291648368,0.67028279804207,0.691281812630269,0.687062199423434,0.692277456723546,0.671442462375937,0.714093761677331,0.6879574834141,0.699055657346251,0.716079253854876,0.631882880257249,0.62406305675926,0.631769525025574,0.62841743345857,0.623927681046215,0.648126182408643,0.68761696844608,0.693795201920377,0.694665494976695,0.686497780851374,0.678434244775592,0.670507588518094,0.778616777660524,0.694124535589749,0.697196746321557,0.693715306332378,0.648911110957725,0.71338155747541,0.662995578099563,0.741298617225264,0.670776424319834,0.656651352105817,0.694348470140654,0.699603332528829,0.693069033009458,0.686477392095471,0.685295168091859,0.693013912702134,0.670960232704759,0.689890014411791,0.70899969797876,0.698562401090677,0.682735946331054,0.692029729105884,0.670456429572137,0.686909780677024,0.705470158255503,0.692384566146222,0.67183651566221,0.706871251613576,0.631982859680624,0.712849598622301,0.700246526381887,0.68770536573857,0.656248936386844,0.776368629424875,0.752898088743022,0.792453083657342,0.777461482640747,0.741401009700346,0.777823426182063,0.791755737775066,0.772089639896875,0.771763112629379,0.767633694695243,0.791547615040738,0.78703920290461,0.785954355275652,0.777596104359398,0.786255394941687,0.792741687764587,0.784207987666467,0.767438295264798,0.78635395854595,0.782481908798571,0.783548026116394,0.783025096633986,0.790706822203753,0.791685261353716,0.791328752026933,0.791888329745796,0.786867523229513,0.780234988816645,0.757481683813398,0.750378810056491,0.788596352217293,0.777308758299699,0.784307631060394,0.778505862053129,0.781113567623167,0.791877580293869,0.791852189767161,0.789916860021483,0.789667173297553,0.789734744297613,0.781218511067463,0.769244126802531
"22",0.644874571804111,0.644597528661451,0.661654411626088,0.652498350744727,0.674835003039338,0.678672806510922,0.644774004556129,0.685453423538089,0.685432448823924,0.695381929635473,0.695330995034497,0.695642083348617,0.651354127447432,0.655363776326203,0.652509358726999,0.605772409254723,0.731921984976501,0.644458070206678,0.683138275833233,0.656863474716699,0.679234004178094,1,0.640849789743266,0.644463167828295,0.696199631101645,0.643982329023796,0.702970271188838,0.619625406218802,0.613336071978948,0.613311968787106,0.609314558776987,0.609276919219345,0.674049346495522,0.692170142520719,0.688145292512148,0.688109450033446,0.703330424493449,0.688168153624511,0.706267923919754,0.688581259865671,0.702890599631392,0.644005603333233,0.635830605530961,0.643882842670408,0.688139191564554,0.64625695934766,0.648092314447069,0.6956619655981,0.644139319308484,0.648388379798247,0.692498832216784,0.614035867518338,0.702198063633934,0.64383110739967,0.644555867185134,0.685652261702941,0.688027749164776,0.643671249508725,0.682249315132613,0.644376291208187,0.702913244596866,0.640310918856562,0.644044858401797,0.694500718787659,0.639096901405692,0.651784091231986,0.673098529657756,0.670066188593881,0.677902930863539,0.644244894445725,0.732756726293458,0.643428417594328,0.646612074769059,0.703701808779851,0.661908206660539,0.660625848706126,0.728601598268854,0.663555667645097,0.613374831962627,0.606411228167213,0.613190770874888,0.607895464549395,0.606265020605851,0.61701873140284,0.643999589592161,0.686101383612125,0.682603127857316,0.695401395320639,0.656148711030455,0.702832160622217,0.71833113962572,0.646649904392732,0.796241146494226,0.659337349075994,0.657117216560948,0.650858662607773,0.649700856896444,0.744718486015627,0.703000190087048,0.688261441798375,0.660598241610971,0.644521121717769,0.670325393806882,0.69534035275967,0.674186859450565,0.66962658188078,0.681253702771302,0.69789445492084,0.676063933896207,0.70030564121902,0.687978364233354,0.68551106387196,0.644399888302649,0.659852295416863,0.669550265925013,0.69729563435552,0.664864860925769,0.67705563259195,0.61348992304663,0.673168092705921,0.657248226933624,0.64408047964111,0.687877210427239,0.73893630322188,0.730952300696824,0.768459420027828,0.750428519070989,0.741290895770863,0.749508689929126,0.761821712589104,0.727599757206322,0.730377211031845,0.734095790827313,0.776180529629768,0.781421382808978,0.781923948457281,0.755428635707863,0.765542162406706,0.76930276031174,0.758267419070947,0.742660814300019,0.770636098888791,0.757636130692032,0.75966543559165,0.758712676991672,0.7766264575097,0.77566405934432,0.77626542987633,0.773124079709522,0.753711501734326,0.751734289288931,0.718361661078479,0.722148841350517,0.762156602753378,0.760598926796216,0.773903314843763,0.759065455713334,0.760797798093633,0.77620019481973,0.777209924545083,0.778390092141556,0.778660452873177,0.778586215990194,0.768015804093897,0.775798245024021
"23",0.710158620795284,0.73585263345387,0.685375008181807,0.742575982646745,0.656163880662642,0.696147418334351,0.71011446078325,0.661196667028872,0.655901553219913,0.672686057846718,0.672635276332568,0.6728331095517,0.681300597651103,0.715325437451844,0.735803594328958,0.609836789702294,0.660742231793515,0.735558890875306,0.666199831778647,0.704130851754868,0.676281573366663,0.640849789743266,1,0.847887878774744,0.673421954071897,0.847457309399967,0.626083690031783,0.620390369169822,0.614137770986432,0.614024974186106,0.610024117068043,0.610012190824279,0.669271541447721,0.702910377107557,0.660202859573045,0.660135934327232,0.62630879339193,0.623099806988196,0.647436482141654,0.660524126329242,0.626017157798435,0.847790372748814,0.676427838964311,0.847611420711114,0.660241385007983,0.673534301330257,0.794192948639126,0.672888509674873,0.847745563327362,0.658417166831017,0.736179594052675,0.628670006189004,0.721893098764895,0.847598280533055,0.735716824758738,0.640576772191388,0.622922839090906,0.847491876978451,0.66650786946641,0.735471234995926,0.62600232304969,0.999132217875197,0.735255060358533,0.663380864894375,0.646662010364162,0.842519620071407,0.66982554605749,0.630246274260216,0.669795289558984,0.73544632890989,0.635758010788008,0.847289994177039,0.74145736152604,0.626749208179324,0.718188731958867,0.776773285395132,0.658681720652466,0.691453815683333,0.61409430304403,0.606542800103769,0.61403043221195,0.612672141995394,0.606410859092253,0.6745739475657,0.847454779713498,0.635059578301658,0.66903733450784,0.672669865880896,0.676373727724572,0.625888419566558,0.793687150789642,0.67389377639128,0.689155154070218,0.776588838400716,0.620744848846753,0.71270891718612,0.639892586132162,0.770198874505685,0.626124520795103,0.623201234874141,0.755323485174758,0.712373943595126,0.630437057681779,0.672610771045427,0.658066698117637,0.641675805411216,0.646693134723232,0.64525781076902,0.669253996912964,0.642839694321024,0.66008369696038,0.661216011902586,0.735669178793181,0.804116983401591,0.701100209792744,0.651135179467168,0.653357884262842,0.681652467252576,0.614219080455969,0.732219939949248,0.710416000113926,0.847829001890112,0.622855888638674,0.814560166340305,0.735133550568739,0.803382204775373,0.793920411710308,0.68511204374769,0.797936461351273,0.798503109922083,0.823469375644125,0.794948213502436,0.823935020808629,0.77732020887539,0.751502308151737,0.747039607040711,0.774840331782238,0.791699504987109,0.801325652681381,0.813143836592924,0.821893676378926,0.797919079098387,0.81133589128524,0.809144484666732,0.81012052602212,0.773067850447875,0.779253730197723,0.776235388633977,0.780980993425102,0.822760680763383,0.791442739816016,0.798061390942844,0.765760843925939,0.810370954788779,0.766733605089248,0.777772275239335,0.799355229979298,0.805874191474907,0.782902818508575,0.780294611968144,0.767993923280305,0.766630055946299,0.767013766889371,0.79142699751527,0.718633943883285
"24",0.694364705351568,0.700856097424802,0.680170053981204,0.721814055701715,0.655729129795689,0.684601423438876,0.694360657280981,0.672185641335204,0.654252466951745,0.680326292116697,0.680278779960962,0.68049797759272,0.662986207019899,0.69422458588827,0.707060888617122,0.60895198899568,0.661717802331373,0.700602632906081,0.664679061546425,0.689862054397613,0.688089287542607,0.644463167828295,0.847887878774744,1,0.681116545227313,0.999385581551368,0.625441506040106,0.617055136169934,0.611002661678776,0.610966053844209,0.606839132554069,0.60684519162974,0.667753619380493,0.67391016300609,0.658504221310969,0.658438418384903,0.62568756261404,0.622598624530737,0.647232350681014,0.658841150568403,0.625389082958068,0.999394507193836,0.666220575747332,0.999284450834148,0.658533164408621,0.678045763321109,0.771061238683044,0.68049463260484,0.999534882011514,0.656445841435563,0.700811071762231,0.626813652982392,0.726550266368312,0.999272827141476,0.70069170467059,0.639186963553985,0.62241544137682,0.999056264340987,0.674422466397393,0.700494039513906,0.625380020350084,0.847688512121348,0.700183928865432,0.664711860720471,0.643609178301282,0.775534283893817,0.66276837143649,0.641115780668645,0.661173318494165,0.700390447407738,0.638273633789543,0.998891000545653,0.722959630085119,0.626090809079862,0.696930541979112,0.755190929091405,0.661877218707508,0.704765766513273,0.610973975114968,0.603274743637128,0.610937846817591,0.610966907042365,0.60316521881671,0.679665597605256,0.999384663368057,0.645774308109648,0.674000025582419,0.680322910647907,0.680056073108291,0.62527673590497,0.808832830794157,0.678451352149005,0.680653486768829,0.753974458505948,0.619926419656394,0.701935165007716,0.640119004868134,0.773674864712638,0.625487534224225,0.622689304669332,0.733658488628178,0.707001342380929,0.641309133532739,0.680207734936518,0.660847213249667,0.652942416737099,0.645229849150374,0.648200251143447,0.668986352510468,0.641547094299536,0.658377193835479,0.672165134597257,0.700640271106735,0.850877051202223,0.69396510069483,0.651643704356315,0.658021308601923,0.678128989279307,0.611077364142527,0.715141069176992,0.689258187112606,0.999458645563225,0.622315692527441,0.810593593936254,0.727175212281416,0.808973495963889,0.787610049668906,0.682413969147682,0.791841218476574,0.798159944385957,0.816099201899459,0.786836225120251,0.816396558681565,0.780548895154876,0.746464270804588,0.741708960979243,0.776825016229182,0.78922779079294,0.806772322233362,0.812142364815085,0.824332896659122,0.797994666173861,0.812545601015267,0.81001047923956,0.811137086334718,0.776028336801374,0.78291656438823,0.779498803136047,0.781780427163752,0.82975641331644,0.789247932790083,0.797402341033233,0.764571368449751,0.81260546412064,0.763396674486222,0.77254588883668,0.796910428328318,0.802567466323043,0.787485956523291,0.78453045143728,0.765389646627766,0.763903035924985,0.764303260616936,0.786587736150562,0.712617815299801
"25",0.66360498728884,0.667765771179142,0.695624800238985,0.672499255779152,0.691530336165208,0.720369844212051,0.663505671476587,0.725969550892729,0.68946075694392,0.999055054045185,0.999022297748703,0.99923499700245,0.666247331858681,0.671753669844252,0.665105894115769,0.607088815842463,0.706928325222607,0.667574286326106,0.673105975264917,0.678057015718983,0.687332017042246,0.696199631101645,0.673421954071897,0.681116545227313,1,0.680653918570359,0.653075206754653,0.620020436392489,0.614041945621297,0.614060933390505,0.60974970026889,0.609745441768795,0.700403917371907,0.659073507833682,0.719022732480598,0.71898450110689,0.653352799892129,0.644574786812663,0.667262576353061,0.719434223320498,0.652957378432968,0.680672455456,0.646899305581702,0.680481911580358,0.719021071657597,0.662378225142829,0.658593155727004,0.999315241501185,0.68086247051114,0.643855245244747,0.658395572088822,0.631041299871083,0.790283185532992,0.680437504008017,0.667694972258561,0.661460772737316,0.644462087127794,0.680300363287377,0.73821398748724,0.667507791508278,0.653028625612519,0.672876040914451,0.667153089009126,0.714085882275902,0.648439959263066,0.683794831382262,0.682331823118765,0.676693055050975,0.71784875193624,0.66734371735454,0.666143535078895,0.680065703036592,0.659348185082387,0.65379485938207,0.680270123892648,0.688488007955342,0.70793915192111,0.678334250540357,0.614108516750198,0.606576909361617,0.613929459438422,0.609646180735784,0.606406971148892,0.628733167765059,0.680665713605602,0.68027680043433,0.699570120567778,0.999079611503627,0.670742685058196,0.65290223366851,0.762097756206672,0.662753426954103,0.706175698177301,0.690959345438414,0.637124613767276,0.68636032183455,0.637728082788567,0.740464270516109,0.653050971635057,0.64467917880141,0.67864591224808,0.661348110452791,0.676948188491854,0.999011834743014,0.668622364045623,0.707301370091118,0.706594570606215,0.674306549625568,0.667361942095686,0.671497025130997,0.718862040530386,0.72585302930481,0.667581414631181,0.706462403687327,0.715302703601032,0.683394874694702,0.656167176481506,0.731152652081015,0.614208075371663,0.714087690691713,0.686922754942953,0.680774809002142,0.644289850914406,0.771877431630973,0.733601516039175,0.794874916090347,0.780564866455468,0.710386097927813,0.781357779732867,0.776665505197983,0.765673113401175,0.751933194774692,0.794594234816084,0.788561724530773,0.79612742462442,0.794808234064808,0.758893910850477,0.781692548900005,0.794257751501033,0.791541457211117,0.791167351430909,0.807171521089283,0.786484019179946,0.787731550252855,0.786947211286397,0.786608593996308,0.78792087373211,0.787762816524578,0.7880943354993,0.782616081832161,0.769391711400428,0.738113065681753,0.730913201787624,0.791062531525324,0.764050633337203,0.804024725778759,0.79850591579518,0.802851307629326,0.789418786210009,0.789378302765195,0.796317700902635,0.796127335199789,0.796234150690775,0.806804587878571,0.7693607059701
"26",0.693877479947088,0.7003690943092,0.679782341593918,0.721334233298566,0.655298330194345,0.684108994189406,0.693873641357519,0.671811858592022,0.653777281406839,0.679864335552918,0.679816570216157,0.680035687215681,0.662472245773011,0.693733901070141,0.706597569917054,0.60858237057802,0.661261220115588,0.70011574776244,0.664275782540909,0.689450934933481,0.687630517630082,0.643982329023796,0.847457309399967,0.999385581551368,0.680653918570359,1,0.625012407288472,0.616665934320257,0.610568924691971,0.610532641816292,0.606417486804592,0.606423633858353,0.667283599684348,0.673510835617463,0.658077150863843,0.658011345109663,0.625258217258427,0.622171295603072,0.646775278724337,0.658413563990995,0.624960209628691,0.9995430156848,0.665794203724204,0.999541346553333,0.658106041285213,0.677554406198832,0.770616486684096,0.680032268005517,0.999509480735919,0.65592364227713,0.700369968490167,0.626438841819902,0.726065715015244,0.999566450483568,0.700204651803907,0.638790709001639,0.62198815955523,0.999394180298344,0.673976979361872,0.700007060111029,0.624951103617373,0.847260239637974,0.699697388041539,0.664272495475227,0.643208274285273,0.775063799043686,0.662332997124476,0.640720509777445,0.660731243069363,0.699903542707903,0.637858480702569,0.999302932628232,0.722465289178938,0.625660924667438,0.696412459016176,0.754725922745084,0.661423668081194,0.704440499593835,0.610540392575674,0.602926275026524,0.610504578623855,0.610583995078819,0.602816985560875,0.679240400996381,0.999591912468178,0.645371709564527,0.67358770328361,0.679860933311673,0.679593657567254,0.624847934836933,0.808313709962448,0.6779596385926,0.680107695171511,0.753489370138444,0.619504304585618,0.701483492142638,0.639688387480017,0.773176385072593,0.625058419502527,0.622261870205047,0.733148613469044,0.706466828246922,0.640913663802481,0.67974569546257,0.660370292662234,0.65251717859935,0.64479588142552,0.647728998397315,0.668501772414214,0.641135939945548,0.657950231919499,0.671791192561294,0.700153352233198,0.85062340456503,0.693468928227398,0.651233109050764,0.657520789831835,0.677689190421803,0.61064350705145,0.714665260412279,0.688766419127408,0.999533834492418,0.621888824194824,0.809998470986885,0.726621779544131,0.808381616865647,0.787010189248266,0.681901288306822,0.791240171270272,0.79757266765384,0.815498625667517,0.786250865840123,0.815793920607154,0.779964435482989,0.745861850508992,0.741107516466757,0.776259444294267,0.788639560491664,0.80618066245532,0.811548713648093,0.8237725718013,0.797399068126849,0.811965905435891,0.809428624817422,0.810556351050114,0.775446077421183,0.782332593042071,0.778915188922351,0.781184694836446,0.829162013465263,0.788667204773018,0.796860755293008,0.76404049760251,0.812003712574366,0.762826883587044,0.771955046674707,0.796333449580831,0.801973783755551,0.786903669132033,0.783948227936809,0.764787846137455,0.76330151548089,0.763701577960665,0.785994402499376,0.712055609596271
"27",0.636303325699443,0.629769103295269,0.661566412678677,0.648411212838387,0.672643434469017,0.656400488018808,0.636163814336618,0.659780390655102,0.677166741227929,0.652371015782674,0.652447801567166,0.652641696649648,0.743146382628291,0.634298232568247,0.642859081015631,0.603944057482058,0.693222171238069,0.629621058152566,0.690100465655425,0.65398324722068,0.670668279844975,0.702970271188838,0.626083690031783,0.625441506040106,0.653075206754653,0.625012407288472,1,0.618986056012214,0.613320421865952,0.613344847020359,0.609252838510932,0.609227737787358,0.670663520301733,0.760933936979829,0.66502568606943,0.664977430506788,0.999502093573319,0.678379578442366,0.918437324038017,0.665402718864362,0.999649801969209,0.625038536606615,0.632232737109998,0.624917474610723,0.665029871701382,0.642922485757949,0.632183666714414,0.652592012452461,0.625196068670193,0.657225969515775,0.653029505440836,0.61343718943608,0.686681899862187,0.624836159778406,0.629741258707869,0.695434373731844,0.67824085101133,0.624774643260121,0.664322346132907,0.629557846762153,0.999664152289666,0.625521068726441,0.6292242805443,0.673729278386724,0.632861236909518,0.637034308188399,0.667017284955722,0.655152979156936,0.664054915437811,0.629420040568879,0.683637728285885,0.624494900910879,0.637410585943909,0.999068258717045,0.649270629083638,0.644946104384843,0.699167115225517,0.658326151900361,0.613350438527392,0.604913580294471,0.613200200677718,0.606836139863818,0.604789257597443,0.614069617863615,0.625027118613167,0.664258172071274,0.665738566672099,0.652361891221186,0.651133515772421,0.999629141987996,0.706005922720428,0.643375335088078,0.660934064352136,0.6432283349955,0.655010668160093,0.648466633989479,0.652509269507298,0.843335022626129,0.999655222366952,0.678460968753957,0.64455618202676,0.647374822583142,0.655352505352229,0.652376090006999,0.66893980293672,0.657116130976691,0.6952552254945,0.742388073639188,0.778674083012568,0.708206600647812,0.664887218505874,0.65986895955677,0.629634974834364,0.643736668580538,0.651130849848194,0.673076844565054,0.646756346034132,0.674827061938728,0.613472754250021,0.655908870750973,0.65556541997733,0.625093806402785,0.678087401431449,0.726005800770433,0.735970254825876,0.758507171815284,0.747613442438779,0.777021526795242,0.745412487358743,0.755619965772716,0.705414141777093,0.713173495068659,0.714343804145172,0.775445079811225,0.777325347691473,0.77941698855079,0.757414036975323,0.770627090359834,0.759884490048519,0.756151205724088,0.738292418224282,0.772083518436631,0.75462954677215,0.757608299709808,0.756334989930484,0.777520862962046,0.774312106595093,0.775796584856094,0.76127595395183,0.738384893176606,0.75134957585203,0.709362511239149,0.722706289094459,0.748470161603558,0.775616258653726,0.781108300276967,0.75717492313347,0.761150211197056,0.76807105053696,0.770225952600339,0.775132439648371,0.775901047302315,0.775641738896604,0.776188183865976,0.811616059441557
"28",0.635595102293641,0.624056587414026,0.623072351930737,0.641370255451229,0.619284801596654,0.63965670688144,0.635471624066911,0.626860971663891,0.62868487398593,0.61943140406382,0.619449325887552,0.619627036196256,0.631124460504618,0.636265204390906,0.644932150250308,0.671290199974637,0.633039812680376,0.623917424037235,0.650754935085477,0.637362904289956,0.638390254285461,0.619625406218802,0.620390369169822,0.617055136169934,0.620020436392489,0.616665934320257,0.618986056012214,1,0.871384595540101,0.871851389616469,0.820158107005963,0.820519961449322,0.646351922720534,0.618959296779502,0.625953033861211,0.625857466371089,0.619269207454787,0.609291660439644,0.635891098861741,0.626177053215738,0.61892726142153,0.616737008365849,0.678843838380084,0.616690006532042,0.625936831087117,0.62964535489318,0.632286850883642,0.619594968619614,0.616920676871897,0.611930780341805,0.652922350115129,0.651796975086943,0.653138756335882,0.616601762926999,0.624013843014914,0.626685643361232,0.609165730519755,0.616458937396772,0.633398303766447,0.623765900608805,0.61896410796334,0.619894686979833,0.623515183662464,0.630204343802165,0.663215938038303,0.627683469414858,0.659650320249379,0.604258353439367,0.642155410158567,0.623703453171568,0.614058777812391,0.616247497647065,0.635483332171038,0.619648051349724,0.641740156345155,0.638987425861507,0.633885279154336,0.63748926771844,0.871864375674734,0.931641726934701,0.87189649424215,0.679201450696308,0.931305790150539,0.652105574530542,0.616766025439302,0.608942284161831,0.626253228580485,0.61940931523682,0.63596476037395,0.618842487062209,0.684956302215964,0.630006589431282,0.624340293169403,0.638665408434476,0.611570469535894,0.636995954579636,0.602382053809801,0.676848027495194,0.619045816268108,0.609410850711579,0.638281922297113,0.63525889429063,0.604398279769446,0.6194323023184,0.625780783723647,0.614796711540606,0.619382428168566,0.629540423829952,0.627362731989586,0.626544404495114,0.625836384962076,0.626905559419193,0.623861972330549,0.628302754591315,0.632887479935908,0.629665543282899,0.61204480474849,0.636248106136485,0.871595889766756,0.639510079869716,0.64452277493039,0.616838325325925,0.609098280184666,0.755803185052578,0.842482996460384,0.715794168337302,0.771302856380938,0.802911395205412,0.767098982866823,0.726768943827023,0.732352729041621,0.781795376628946,0.667108834987758,0.745346640346179,0.724966342232823,0.728204921708118,0.792083423815156,0.730563521998658,0.719535600419132,0.701405883069723,0.644583589315574,0.693664196513385,0.677703612599099,0.681311671859552,0.679747760328534,0.749274301577252,0.743956936767117,0.74638078781026,0.728346444943372,0.718160140858275,0.776893273368893,0.797765941144348,0.826266120002441,0.704066709388989,0.775445316672842,0.685140430114206,0.65858729071469,0.681345274274213,0.708158464499933,0.710393455544299,0.738976123566174,0.739811558589248,0.739485490827344,0.685075755723694,0.733526145558452
"29",0.62971420556248,0.618066196365496,0.616542665538344,0.634734205123155,0.612914249791816,0.633808643662282,0.629604851869235,0.620972752060345,0.622668375305229,0.613424599646304,0.613474975214231,0.613643964855273,0.624800656482077,0.630511573676652,0.638512520668666,0.661962315038476,0.626843578704389,0.61792033469464,0.64312839577971,0.630792626839333,0.63184673006576,0.613336071978948,0.614137770986432,0.611002661678776,0.614041945621297,0.610568924691971,0.613320421865952,0.871384595540101,1,0.999381565604972,0.829133526504679,0.829672379950533,0.638901376245373,0.613422789863651,0.620069775118514,0.619944706645837,0.613554525800546,0.603712546341098,0.629875675371113,0.620288777438906,0.613247656415255,0.610662092190611,0.670767208868461,0.610614737164441,0.620053678072027,0.62318705506351,0.62614641601906,0.613630810983909,0.610816864993104,0.606431624759885,0.646607969857925,0.643421966696919,0.64673451103603,0.61050436995211,0.618008174893829,0.620376467257971,0.603598442195271,0.610377363324012,0.627319760544297,0.617758070379918,0.613274653363082,0.613648349721178,0.617543202172356,0.624593687872685,0.655246383032944,0.621502795378325,0.651994653920288,0.598800310723801,0.635113959494606,0.617741230270955,0.608051025133992,0.610174081881117,0.629792922029065,0.613934823822813,0.635513991798591,0.632724065848413,0.627445686456261,0.630725175508915,0.999412365351324,0.790621832436059,0.999380540282672,0.66990566915334,0.79021318752234,0.644439840243198,0.610697478036309,0.603353851162211,0.619892490240597,0.61345426909408,0.6295771808363,0.613142766636744,0.677648333713932,0.623553758993486,0.618511975628299,0.632172062582674,0.606356743832528,0.630275130790535,0.596806474159838,0.669903775304418,0.613346477470234,0.603800860948168,0.631829369340712,0.629023631538706,0.598953259517707,0.613440807816896,0.619595824820804,0.609068254879695,0.613706486475896,0.623191930738775,0.621275041180972,0.620183314051178,0.61995688903503,0.621020899881111,0.61787343600982,0.621974716617206,0.626460951335373,0.622954269142301,0.606174128430801,0.629546886693041,0.999525629941667,0.6330085152454,0.637474210886012,0.610764223579904,0.603525295401046,0.746009212408505,0.830992879816218,0.70550797997054,0.765357569242886,0.790624608621515,0.760807724705612,0.713711366592308,0.722881108776999,0.768467168489855,0.663788190309669,0.735740116168951,0.719248054523329,0.722675516178863,0.784758360037938,0.723158971577863,0.709273849513103,0.693839155369584,0.640495147691696,0.688183804087812,0.671670769521183,0.675299464733769,0.673765988355209,0.73978870426175,0.734496774169204,0.736868063096848,0.719951315971796,0.708643826944699,0.766083897172488,0.788490809316612,0.822449875356339,0.698044805987908,0.767680596361162,0.678680538921392,0.651731213486583,0.675677745269036,0.700679724050864,0.702983802391593,0.731892954133702,0.732798088342436,0.732467375665825,0.680786018599306,0.726479350912149
"30",0.62969425885123,0.618000310741421,0.616497311428553,0.634697924409097,0.61280674240009,0.633639416635106,0.629585013831333,0.620941755425207,0.622567637047269,0.613444011874506,0.61349430488883,0.613663233340456,0.624831830846222,0.630454909465518,0.638431404513992,0.662092592579092,0.62680571639587,0.617854394780243,0.643172037922034,0.630708757850087,0.631802087632504,0.613311968787106,0.614024974186106,0.610966053844209,0.614060933390505,0.610532641816292,0.613344847020359,0.871851389616469,0.999381565604972,1,0.829447836781092,0.829986528172979,0.638922649246431,0.613371483377986,0.620000513441104,0.61987544352983,0.613578966558981,0.603690068787995,0.629889425704664,0.620219433977263,0.613272018888959,0.61062564302519,0.670708187145363,0.610578352033787,0.619984358322884,0.623079963706909,0.626088767219835,0.61364996239181,0.610780522133823,0.606434437189279,0.646586447872837,0.643512858938547,0.64668052691419,0.61046797874201,0.61794223148812,0.620428250901244,0.603576210043841,0.610341010927762,0.627301042090529,0.617692126547779,0.613299036524976,0.613535590820982,0.617476978234434,0.624519985097035,0.655334202212769,0.621389292414327,0.652011960294745,0.598750841076974,0.635074550686508,0.617675074341394,0.607996121341234,0.610137692587098,0.629724638226127,0.613959190978608,0.635452158065851,0.632660143115311,0.627376852131386,0.630660982915553,0.999543922218834,0.791122217447599,0.999538162212953,0.669976988973868,0.790713344000431,0.644450316946842,0.61066106968505,0.603303772978817,0.619808506392825,0.613473573922972,0.629527842127132,0.613167372025433,0.677613398836745,0.623446906236035,0.618469319544145,0.632096580818069,0.60628878624552,0.630240814547945,0.59680205129153,0.669887330566101,0.613370792194877,0.603778612547559,0.631710524444087,0.628980559961056,0.598903647616692,0.613460294690119,0.619535545985011,0.608998230845305,0.613698661489021,0.623159396114904,0.621215318806196,0.620150024193766,0.619887570112359,0.62098984382691,0.617807516319264,0.621946051062554,0.62638040440141,0.622924266310596,0.606122534211356,0.629542850734608,0.999488209010853,0.632943860898464,0.637432653360666,0.610727798328979,0.603502777026619,0.746000818511327,0.831078722813913,0.705477046643253,0.765353520256455,0.790685949696679,0.760801213086821,0.713682112046933,0.722850995393135,0.768479012313668,0.663714847726601,0.735727387386729,0.719212784447246,0.722642840979325,0.784769698567373,0.72311942025705,0.709244992228082,0.693787801032748,0.640412559065887,0.688129256882663,0.671599091713504,0.67522956499925,0.673695067253758,0.739778684592264,0.734482050622009,0.736855780706095,0.719918182510353,0.708608892136087,0.766092774255794,0.788522025837739,0.822503525136237,0.69798952558643,0.767677501488483,0.678621005751089,0.651659060190144,0.675614486840605,0.700633454330903,0.702938905985203,0.731869235214482,0.732775016754856,0.73244402624126,0.680721990163329,0.726459419395414
"31",0.625657150641481,0.61376340920457,0.613190058188766,0.630124876381828,0.609534959585623,0.628866982730083,0.625558118731771,0.616526978367907,0.618223010242448,0.609140653658078,0.609171155223278,0.609356161762245,0.620157842262047,0.626880562287276,0.635017628813347,0.659672900310792,0.622991616423329,0.613609633276244,0.638557823114642,0.626355967118335,0.628095362339864,0.609314558776987,0.610024117068043,0.606839132554069,0.60974970026889,0.606417486804592,0.609252838510932,0.820158107005963,0.829133526504679,0.829447836781092,1,0.99935228934635,0.635205370879879,0.609473302715522,0.615815944164176,0.615682187106393,0.609481767344615,0.599644574281081,0.625216891447309,0.616058400992413,0.609148627756753,0.606487152266682,0.667018232919228,0.606447257347416,0.615819323166366,0.61891795164218,0.621657626579458,0.609356942031669,0.606660144669638,0.602460175286674,0.643897159669758,0.640384038359383,0.642246117616659,0.606326039523156,0.613689286963019,0.616589238264185,0.599525044176705,0.606208187694011,0.623420711158716,0.613445552491282,0.609186876598472,0.609555389881961,0.613218517538607,0.619973051967892,0.651554556960124,0.617396655737899,0.647576199736241,0.595174032878501,0.631566992864936,0.613417380066097,0.604129829523052,0.606023637623672,0.625352811298806,0.609826998026428,0.631241032135067,0.628251485569096,0.623392545700234,0.626664709728116,0.829388354617206,0.786251041865358,0.829355380300354,0.66678315228831,0.785914720879299,0.641082361745654,0.606545487639137,0.59936716307645,0.615693892603361,0.609172373490049,0.625422707341188,0.609091148194045,0.673089666098974,0.61925507331628,0.61437725483827,0.627906416599375,0.602259551414972,0.625826399840623,0.592906251496442,0.665069817270614,0.609265240787645,0.599749998579166,0.627239756666273,0.624848273925868,0.595285945033181,0.6091800724381,0.615431206918675,0.605119932244949,0.609558239811501,0.619420092423235,0.617430595532706,0.616893096717439,0.615703578247366,0.616569965244181,0.613587953433783,0.617627421863017,0.622576199990001,0.619376857220592,0.601766325884067,0.625561264816105,0.829433749838731,0.628616416152518,0.63338755292837,0.606613631604062,0.599454402338486,0.738295152686698,0.813674883482148,0.701246540323193,0.754442411993557,0.777216952484749,0.750448660652567,0.709821280364914,0.716569362989533,0.759768255280475,0.658909380549584,0.728924391468832,0.711974042897976,0.715027804233171,0.772430804100202,0.716327309161519,0.704748619163266,0.689138045973879,0.637213871221052,0.682962859238149,0.667635845240688,0.671045642957998,0.669586010669974,0.73256685607372,0.72774196937895,0.729922032549814,0.713941360092368,0.703841328943006,0.757013090226274,0.776105767876007,0.803879548415775,0.692632010100711,0.756946458747688,0.674253155525044,0.649057613311885,0.671232536609564,0.695634514485419,0.697742664473259,0.724358586438747,0.725154344986975,0.724855038389461,0.675352149429918,0.718127914432134
"32",0.625691099124385,0.613709395328993,0.613182482082621,0.630091567666925,0.609490917438003,0.628899909754837,0.62559181090395,0.616580055434737,0.618265305588801,0.609136311617234,0.609166876949403,0.609351860149019,0.620107551703229,0.626807258057107,0.634948812730961,0.659677249844373,0.622869383258899,0.613555643883602,0.638530076282626,0.626283950317508,0.627951645436279,0.609276919219345,0.610012190824279,0.60684519162974,0.609745441768795,0.606423633858353,0.609227737787358,0.820519961449322,0.829672379950533,0.829986528172979,0.99935228934635,1,0.635240581627359,0.609433971443407,0.615869623589231,0.615735858649909,0.609456523861945,0.599641838901019,0.625182671338652,0.616111948253123,0.609123663108481,0.606493583307162,0.667118651751431,0.606453592885955,0.615872919604673,0.61888745437294,0.62162885445084,0.60935257593036,0.606666269448437,0.602392186639042,0.643835963097071,0.640396652703278,0.642240582870165,0.606332344943091,0.613635416921045,0.61654400483749,0.599522091374206,0.606214535110959,0.623433583720281,0.613391452353357,0.609161728567656,0.609543410047928,0.613164431845717,0.620022159079196,0.651608253574275,0.617371710648982,0.647591440061862,0.595139771616201,0.631606373473672,0.613363503958571,0.6041379489451,0.606029871100341,0.625314011359676,0.609801722725871,0.631299860379623,0.628214259696089,0.623411976877399,0.626649064374301,0.82992698175034,0.786449651013167,0.829894244761393,0.666905197178417,0.786112697062839,0.641047146998698,0.606551758723606,0.599331325959946,0.615731619366697,0.609168041665965,0.625485940316672,0.609065961184053,0.67305155050615,0.619224541003079,0.614301479746005,0.627870517674879,0.602195389626253,0.625789349355419,0.592883615293488,0.665043775355731,0.609240078044064,0.59974708563925,0.627237311981624,0.624845955355293,0.595251700222769,0.609175800065503,0.615455972888119,0.605119353906808,0.60951417431156,0.619446314911758,0.6173643315622,0.616935949282477,0.615757259587942,0.616622968685855,0.613533942405264,0.617595209615009,0.622581946936588,0.619350865900394,0.601785218923902,0.625559768177551,0.82997208880354,0.628586463169389,0.633303151927845,0.606619826144846,0.599451802121306,0.738313789549197,0.813801012713216,0.701229371376401,0.754480706585897,0.77733533346704,0.750482048116061,0.709812636864521,0.716569876753142,0.759806124629868,0.658873297614203,0.728934640913824,0.711974409337784,0.71503192396012,0.772499490211452,0.716338015200324,0.704734265801102,0.689122603388258,0.637173768628674,0.682942635682685,0.667610304992954,0.671022049081045,0.669561786100862,0.732581729532809,0.727751619882204,0.729933685654017,0.713938661427223,0.703830324640009,0.75705258433149,0.776181040596836,0.804005565470657,0.692616098057333,0.7570030498946,0.67422861214512,0.649016546166127,0.671206000743151,0.695621913883605,0.697732062318201,0.724365434168828,0.725162207250358,0.724862542763152,0.675331955880603,0.718159706769285
"33",0.68280228528938,0.676026693558926,0.693747258977959,0.694836148103341,0.697698422222654,0.731301278413411,0.682625461048895,0.709704444770328,0.725041327022871,0.699641932592328,0.69963318961845,0.699809492600738,0.66915073462168,0.6737531237685,0.696156291845272,0.631306190464089,0.699547765747427,0.675824393133762,0.703900539363408,0.697368373337983,0.719503490707922,0.674049346495522,0.669271541447721,0.667753619380493,0.700403917371907,0.667283599684348,0.670663520301733,0.646351922720534,0.638901376245373,0.638922649246431,0.635205370879879,0.635240581627359,1,0.675443171034147,0.715979792411719,0.715921639513721,0.670935277412059,0.659622421382869,0.688923264719814,0.71638565165552,0.670551879533693,0.66734256306457,0.660634466105538,0.667210619551252,0.716003591067039,0.695143528725072,0.689906567587998,0.699825678469411,0.667591084180463,0.660959375580939,0.676491125446599,0.661663523607525,0.738695872893508,0.667113988752516,0.675902417014812,0.683233580494975,0.659418756712393,0.667096740148219,0.749332217387748,0.675796520967027,0.670528617605542,0.668612072887939,0.67538638856904,0.732801203706002,0.671355153330603,0.683451806428071,0.715032272180649,0.67715113436466,0.761857517832439,0.675612146620635,0.671866499474635,0.666771107868293,0.677904313238548,0.671375516683271,0.726010162849078,0.694383864647691,0.717793193420664,0.698008670648295,0.638946007468892,0.632088283871109,0.638837039955042,0.636771069077817,0.631860494995971,0.648927731133703,0.667377993289281,0.678734201577677,0.710050443848451,0.699595425118861,0.71956440774923,0.670462160642066,0.777050900508103,0.695459088293306,0.689355126105191,0.689223138350648,0.653835027352186,0.719938094784256,0.660871306947139,0.736281210839295,0.670690316347956,0.659679589140368,0.718772022846588,0.689130177967053,0.677314118941018,0.699569416447061,0.687190330865293,0.697935718260599,0.704593789397446,0.70757845451472,0.685025108048258,0.685465977223228,0.715862801940792,0.709747077678166,0.675820455690711,0.679374151651176,0.720404112907502,0.710959726663862,0.681492295126362,0.822566480622099,0.639100083493796,0.736734703236948,0.701302381554473,0.66744507501966,0.659305526424116,0.777732900077782,0.761088222550105,0.793061169457089,0.782850692900999,0.755859764218576,0.782641791915028,0.794825939683687,0.772683553945124,0.774149337743875,0.769951820876584,0.796074987750427,0.797769164330362,0.797314871559507,0.783513662979866,0.794833296531219,0.79359796572298,0.789194189165461,0.771070897518521,0.792828053559154,0.787220861804193,0.788639726088428,0.788011776963661,0.795842668000039,0.795995038259619,0.795984356491992,0.797008911089492,0.785798351441591,0.784218940273271,0.758220104851495,0.754864234300567,0.791313419987733,0.787821624169224,0.794392091188821,0.784648199096588,0.787764063190415,0.796379139885403,0.796809356736339,0.797925285749191,0.797886008557986,0.797897527619759,0.790805023492021,0.786658431485841
"34",0.660119206329449,0.741126079287468,0.66547199961276,0.672414182428934,0.671399865688871,0.684533969084413,0.65998790851694,0.663943005304215,0.676025168729319,0.658346931397758,0.658435195804584,0.658613847097446,0.777569768656001,0.708035398634182,0.7294731100092,0.608391772202331,0.69103643623934,0.741063717106106,0.68404936847229,0.67421854427026,0.681879454767647,0.692170142520719,0.702910377107557,0.67391016300609,0.659073507833682,0.673510835617463,0.760933936979829,0.618959296779502,0.613422789863651,0.613371483377986,0.609473302715522,0.609433971443407,0.675443171034147,1,0.661772329176163,0.66173248549314,0.761022395341084,0.652147268848246,0.740252105307782,0.662150685159143,0.760820754981233,0.673522289221008,0.660945198983123,0.673399951221327,0.661784075619901,0.650001203360603,0.72190576681543,0.658604788940382,0.67371336146619,0.655775102458592,0.68904905369728,0.621901331801174,0.732162922959193,0.673362259027897,0.741172956867811,0.678925057378581,0.651998652524399,0.673191336800407,0.66723626309884,0.740975655393924,0.760882417570858,0.70232411869043,0.740798521271935,0.671747433944427,0.642490685964505,0.737944043753775,0.684947810061445,0.660428739703557,0.681970134226385,0.74091231702057,0.674215085137495,0.672893183086601,0.6861114426563,0.76136054737423,0.68043069263518,0.747270100562342,0.690439318055095,0.665337861405178,0.613436021002761,0.60500549966944,0.613368435662078,0.607883921210557,0.604832223588992,0.650105497978674,0.673530199277823,0.669583476827094,0.683450011890254,0.658354685808123,0.654812650147482,0.760757419577088,0.751478296278092,0.650411276688662,0.702832739760441,0.714418068033672,0.639466150179833,0.671023515817416,0.656916085526432,0.817907583433808,0.760965761638989,0.652236210909435,0.714070292505087,0.662704528162419,0.66060468136523,0.658369874416996,0.665556070388382,0.662049070770798,0.666751009082845,0.695008671379126,0.686722074576624,0.690713122321573,0.661638837761176,0.664007284085303,0.741064751924648,0.713209218588812,0.675292258913686,0.667874116610095,0.654951729708465,0.680880440693457,0.613543039902167,0.731304247198553,0.685876134108932,0.673560267195293,0.651891340694074,0.771058413618444,0.747672484152898,0.781172603257182,0.777531211215197,0.745152291730583,0.777661644504031,0.781942249451478,0.76018816653527,0.75637431009639,0.765519674827456,0.781202080743314,0.775171270847361,0.774465457207278,0.76930301900218,0.791025624464562,0.781190891143892,0.789792986458734,0.779070954247005,0.789888969262976,0.78625978323029,0.787421673933926,0.786934012474085,0.780632943333497,0.78110533758596,0.780866525532139,0.77558641558002,0.774885949238558,0.777822880901133,0.751843752921077,0.747159560679751,0.778453060274584,0.783143236768562,0.793089068553068,0.78606494052719,0.791076909627948,0.778560428890597,0.778886167153438,0.780138195966027,0.780047287766853,0.780054917505585,0.795085144714105,0.7826562752708
"35",0.665298760079801,0.665792264492362,0.700589007172855,0.673304574405366,0.692908254298298,0.707657482542113,0.665040168009284,0.81794660721772,0.790432094977557,0.718204810483391,0.71827942921851,0.718432906503791,0.672078631533833,0.667072982492804,0.664278427664517,0.612076223478639,0.70043544300426,0.665583852538068,0.685561601198343,0.672352200067715,0.682842272679675,0.688145292512148,0.660202859573045,0.658504221310969,0.719022732480598,0.658077150863843,0.66502568606943,0.625953033861211,0.620069775118514,0.620000513441104,0.615815944164176,0.615869623589231,0.715979792411719,0.661772329176163,1,0.999712003573257,0.665339707084594,0.658448575029449,0.680821829604944,0.999416692057089,0.664886809766438,0.658099151956675,0.646915315669738,0.657956079206398,0.999666021474042,0.655706281636111,0.655571765776439,0.718507765799242,0.65827347664148,0.652221363010855,0.669302622374953,0.63473909972883,0.739298058187859,0.657895617402291,0.665647653953758,0.681569560091085,0.658275008342268,0.657799743665792,0.734808351431769,0.66556085812444,0.664900888618951,0.659605415735574,0.665177809552439,0.860018405952156,0.651929925113359,0.686143486131104,0.68361129352784,0.676850443108948,0.726176960330529,0.665352984440338,0.659220229926081,0.657529803878346,0.662474597802876,0.665696477310083,0.676745426004416,0.688858155372794,0.703833878751576,0.665450207881644,0.620084069936075,0.611757203939806,0.619884592401782,0.614736989053071,0.611607201750471,0.623648527895652,0.65812725752568,0.697168312856161,0.725816351378259,0.71827750807361,0.686022227544535,0.664820287766216,0.749089908964514,0.65609288005562,0.683023882200294,0.673769074077444,0.648710807808568,0.688511866995711,0.645197246243249,0.736402983079118,0.665084013198967,0.658510418313184,0.674490924751311,0.664426189786241,0.677050927768619,0.718244789115943,0.698350897267651,0.71080577375392,0.695071123999667,0.674524525342031,0.669807794338152,0.686636932355851,0.999697836005014,0.817978160206304,0.665603583496815,0.680460709076559,0.704795670000057,0.669805615640375,0.657118488179168,0.731627593412057,0.620187536845458,0.71737858236492,0.687647184256726,0.658220631740553,0.658175517502068,0.755576103675851,0.74480052134387,0.779128468646147,0.762476219240177,0.789833382168863,0.761784552507743,0.796625174204199,0.74351070223835,0.746927908941401,0.74337159570113,0.786875090994738,0.787214373607295,0.787486972955495,0.772796077683785,0.808081206346818,0.779568401962377,0.79386795243121,0.77718322114532,0.790402284492389,0.798437457980806,0.799780865336075,0.799411007776137,0.787839778110174,0.787017296940946,0.787046315839385,0.783523453537668,0.767747178891448,0.774805524986505,0.734658947030519,0.734118061990435,0.777863184907293,0.80061799496028,0.809055346425369,0.796385181729414,0.793004027715886,0.792033021261051,0.793133145483768,0.78487394714258,0.785091708388987,0.784984243202444,0.801233235754996,0.826267867413664
"36",0.665279686143408,0.665767604074609,0.700579624458053,0.673287266711695,0.692846883686476,0.707614953501557,0.665021075855619,0.817826251810213,0.790324756862863,0.718166755199593,0.718241072223222,0.718394709672372,0.672041492249043,0.667045955615289,0.664220446997331,0.611994938758325,0.700369312280886,0.665559241775313,0.685404229187151,0.67231838934867,0.682763208160744,0.688109450033446,0.660135934327232,0.658438418384903,0.71898450110689,0.658011345109663,0.664977430506788,0.625857466371089,0.619944706645837,0.61987544352983,0.615682187106393,0.615735858649909,0.715921639513721,0.66173248549314,0.999712003573257,1,0.665291520189308,0.658446119399195,0.680746258645239,0.999459773099031,0.664838497250519,0.658033410994076,0.646839471391902,0.657890265407878,0.999735547850866,0.655698733265457,0.65550719235648,0.718469450082674,0.658207640439411,0.652228261030627,0.669204261958912,0.634622843009559,0.739294056449978,0.657829753941551,0.665623106466207,0.681496878364864,0.658272574786656,0.657733971174429,0.734770451768256,0.665536459795884,0.664852670541082,0.659538463240282,0.665153320331912,0.860077829302372,0.651808393880278,0.686113300025115,0.68350578971021,0.676866787101693,0.7261276352875,0.665328443045898,0.659165973364351,0.657464018390378,0.662471946542103,0.665648236361278,0.676670370008415,0.688833422374038,0.703725541061381,0.665431784036754,0.619959022351189,0.611679680548168,0.619759562639038,0.614630761731772,0.611529906114329,0.623580450662652,0.658061455397648,0.697151840847277,0.725816101119398,0.71823929759551,0.686005255601073,0.664771929479641,0.749018410913931,0.656085334806934,0.683010221883662,0.673749407311387,0.64865710413106,0.688500258220116,0.645168422148136,0.73636050203685,0.665035739223514,0.658507963988964,0.674461129034913,0.664378731255867,0.67706727200578,0.71820654924928,0.698313139705558,0.710827929482272,0.694997467065368,0.674487835167076,0.669740601638576,0.68659463167198,0.999742428887156,0.81785787116245,0.665578964088904,0.680409526742901,0.70472571688412,0.6697441383164,0.657088275258726,0.731622376448913,0.620062384706178,0.717349967655302,0.68764501266579,0.658154837531145,0.658173005260744,0.755494232800648,0.744693992088872,0.779068929432699,0.762387437412683,0.789728226218885,0.761697409086554,0.79656397503278,0.743443913653591,0.746846392245523,0.743327671895036,0.786802153721201,0.787156842607079,0.787427890165679,0.772698825154516,0.808006446276533,0.779507255172641,0.793806880331996,0.777144159885624,0.790348314594321,0.798389302049383,0.799731292390328,0.799361994563843,0.787764947359419,0.786944501657824,0.786972800126837,0.78346192804389,0.767682496077896,0.774714304186701,0.734556624650279,0.734003947524072,0.777805959607306,0.80052215694545,0.809010304882216,0.796350828732665,0.792953640468955,0.7919772757862,0.79307639855955,0.784806921397414,0.785024305975039,0.784916995696004,0.801181614624964,0.826193785469789
"37",0.636553876260896,0.629983998263899,0.661838599928179,0.648668636719257,0.672901403023401,0.656669176865219,0.636414179215185,0.660037560832025,0.677540105972555,0.652648011132054,0.652724703438164,0.652918776607746,0.743247953031824,0.634546360367505,0.643114043925943,0.604185438725105,0.693497985626546,0.629835889409457,0.690439120842355,0.65425241507618,0.670986652523708,0.703330424493449,0.62630879339193,0.62568756261404,0.653352799892129,0.625258217258427,0.999502093573319,0.619269207454787,0.613554525800546,0.613578966558981,0.609481767344615,0.609456523861945,0.670935277412059,0.761022395341084,0.665339707084594,0.665291520189308,1,0.678819280058318,0.918621033425744,0.665717233688252,0.999437182255574,0.625284302055369,0.632496699460307,0.625163224311477,0.665344015051525,0.643219636912576,0.632396485406658,0.652869170685423,0.625441914213915,0.657600465824138,0.653351462309009,0.613682398183196,0.687005461237374,0.625081770439265,0.629956024264559,0.695765042800098,0.678680374980492,0.625020241964247,0.664656732303156,0.629772688024716,0.999436959884023,0.625745973460213,0.629438824519058,0.674031008874774,0.633160420870225,0.63724927005419,0.667335091373934,0.655398123244098,0.664320141663326,0.6296346726725,0.684034217750994,0.624740369223573,0.637621547504213,0.999365967590451,0.649458501897109,0.645161147035327,0.699467644222889,0.658589326578806,0.61358467445727,0.605208740648946,0.613434276456951,0.607080171871913,0.605084402970828,0.614341627009374,0.62527289036613,0.664503035966386,0.666050268936993,0.652638898041284,0.651364327018725,0.999391317895279,0.706345383771931,0.643672959948596,0.661249087384432,0.643453018320852,0.655424898389786,0.648738400409684,0.652840227991187,0.843573577101311,0.999535511335565,0.678900825699794,0.644754472188787,0.647640469429436,0.655597869849495,0.652652987901835,0.669254905049508,0.657419483148287,0.695679939236754,0.742664699941082,0.778739181498464,0.70857870088495,0.66520122212015,0.66012618217998,0.62984973067062,0.644020741441385,0.651442281042486,0.673375995836036,0.647096868674769,0.675177641698423,0.613706861278466,0.656134852147081,0.655823568818071,0.625339730048414,0.678526996211436,0.726333849722256,0.736300769565878,0.758878154643833,0.747940007456343,0.777362823923064,0.745738051856278,0.755991735235909,0.705741875304261,0.713518737282402,0.714649969757804,0.775832571900883,0.777734696020727,0.779827911370054,0.757768148522307,0.770974502775471,0.760257616944261,0.756479415683063,0.738580080998087,0.77242299274627,0.75496003206318,0.757941209366042,0.756666568136919,0.777909896283031,0.77469905151263,0.776184867264847,0.761674847929615,0.738736194947537,0.751689578969401,0.709669367419071,0.723011990146288,0.748831868787656,0.775956135756477,0.781455973805603,0.757500971693876,0.761469011310727,0.768467095725332,0.770623483691009,0.775525457372548,0.776294548682783,0.77603513792405,0.776507227664182,0.811978265766438
"38",0.629342451095676,0.624409152813804,0.631256473609653,0.634177325324146,0.643808057936423,0.651379451608781,0.629227748605546,0.655207695888258,0.698203749022448,0.643817441495996,0.643837623618638,0.644030713674087,0.650521347084956,0.628546217416595,0.64113977192588,0.595805302694532,0.664921922654504,0.624246656364626,0.676339019165961,0.633331535196797,0.656514645561163,0.688168153624511,0.623099806988196,0.622598624530737,0.644574786812663,0.622171295603072,0.678379578442366,0.609291660439644,0.603712546341098,0.603690068787995,0.599644574281081,0.599641838901019,0.659622421382869,0.652147268848246,0.658448575029449,0.658446119399195,0.678819280058318,1,0.699101945541766,0.658891675657181,0.678275502897373,0.622229674651613,0.620892639196902,0.622067725319791,0.658492165086515,0.629697235158393,0.631111355208475,0.644078974792629,0.622368759421238,0.769235023759921,0.643933641217254,0.600935535977724,0.705521108189709,0.622019166897935,0.624366325292221,0.725327610276936,0.999479748157933,0.62191103621541,0.656300838466181,0.624224899589912,0.67832565413463,0.622513318797107,0.623830680986792,0.664858317446479,0.631816160468066,0.628455867608056,0.65555463678377,0.646667517263318,0.655188259784575,0.624084052236239,0.740415547475036,0.621672509034462,0.628220544094703,0.679407374420182,0.641947279246161,0.640590797506895,0.673185473707621,0.633463568510995,0.60373326996877,0.595858746844265,0.603519753401222,0.598897080763143,0.595780021201913,0.604561730566898,0.622148073662571,0.656073709272083,0.649880465375156,0.643850825890033,0.636984261237803,0.678220853596102,0.699649097550209,0.630160196181237,0.647027240325727,0.64184750071343,0.764434455210014,0.632276316064015,0.730556093228867,0.715394255220282,0.678449013584049,0.999602715232361,0.637628211426217,0.634694607625634,0.646886424253716,0.643810513226009,0.698012815622553,0.656228328644878,0.745572378309205,0.699224675942567,0.657803011970852,0.694828625643289,0.658313144742374,0.655274284378701,0.624247015801435,0.634740817723339,0.650826348476808,0.674342644464806,0.708632965025005,0.664360451682871,0.603819376817476,0.64563363150807,0.638188748717367,0.622286543601728,0.99944044413548,0.714822494023605,0.714432159830951,0.755971711410564,0.722789931496971,0.726514721093943,0.721524243047366,0.748928130248918,0.708443034347881,0.718131952612346,0.708015520045227,0.768024824308846,0.791884793501963,0.793001388082256,0.738512178239099,0.740126543838808,0.757506436450213,0.727437487193649,0.703214226920087,0.742187224442118,0.73058227018485,0.732795136599161,0.731650359772778,0.768925056494268,0.767616322112186,0.768564222329931,0.778277149687171,0.736941223962925,0.727182811750536,0.691212608583543,0.697085291724827,0.751278466742514,0.732394747586044,0.749160448190193,0.731344224424817,0.727025426585779,0.778223757771133,0.779349522893154,0.776489096708307,0.776890291534086,0.776834546823936,0.731824129301278,0.75309332851482
"39",0.659029390773964,0.642581731146006,0.676390362831688,0.672873323013723,0.683490208128865,0.674468499110954,0.658904069936364,0.673815767190644,0.718638026038493,0.666542568373402,0.66661587744066,0.666804450798317,0.752919242964602,0.646802034647048,0.667155542492863,0.620560879953604,0.705120596651704,0.642414739227294,0.739834237996295,0.679196611333734,0.695207613829065,0.706267923919754,0.647436482141654,0.647232350681014,0.667262576353061,0.646775278724337,0.918437324038017,0.635891098861741,0.629875675371113,0.629889425704664,0.625216891447309,0.625182671338652,0.688923264719814,0.740252105307782,0.680821829604944,0.680746258645239,0.918621033425744,0.699101945541766,1,0.681181429793184,0.918435368805093,0.646805009040378,0.649244144661205,0.646676734814088,0.680821050852046,0.659143962620768,0.653504736849229,0.666773455713019,0.646970471765195,0.68137342710541,0.674888733465164,0.630666518576571,0.70168840986186,0.646605431293607,0.64251658222469,0.715096487701664,0.698939611631022,0.646517855076036,0.678737702088911,0.642356617191567,0.918400378605796,0.646837208801117,0.642005721032809,0.682798513366632,0.649429680139372,0.650609683142784,0.675608288363303,0.667696059265187,0.679010855309763,0.642208020757175,0.704852518396064,0.646235948339799,0.660716259547422,0.91885416104309,0.667663797480893,0.65929354884277,0.696801384764398,0.68276616793464,0.629906128669261,0.621206146056381,0.629736161333665,0.62376215046293,0.621078037314091,0.631125711203626,0.646805035921897,0.675941928258624,0.678367455527229,0.66652887259298,0.665699761017316,0.91843918854343,0.728952082020542,0.659604798555021,0.6740516192705,0.666184639700319,0.677185045163921,0.671558535325868,0.674237109136348,0.842385623058129,0.918510059051112,0.699183921854876,0.663388727353432,0.671383808161108,0.667899391567123,0.666539982479086,0.696259658946567,0.668507004433844,0.717829993436861,0.766914439254291,0.813448818454792,0.73438253151664,0.680662049659829,0.673904397256266,0.642418142370218,0.658224170038856,0.676774717185309,0.690389007529439,0.665228019593251,0.69030370870888,0.63003082794742,0.670004977322874,0.667248392349506,0.646860260448237,0.698816138196126,0.748759883817112,0.756060152922435,0.781964784963884,0.76817107046696,0.79359081492057,0.766131816012853,0.779615425258852,0.729532719922412,0.737786041704819,0.735434866680277,0.798378593080307,0.800569230050381,0.802444626361592,0.779997931693845,0.792149379198682,0.783375523563708,0.777232117736987,0.757101436223877,0.792106573813862,0.775775531339248,0.778682877760356,0.777431908110253,0.800316860040689,0.797387093769132,0.798744745889692,0.786441553585397,0.762488958076303,0.77292950075904,0.731183842338887,0.74276884518087,0.772243189421037,0.795523475400164,0.80018853714106,0.776930553913687,0.78058480191029,0.792434580338831,0.79447864471628,0.798061260789238,0.798760328324037,0.798523975067877,0.794142554437067,0.827546588575527
"40",0.665685589339134,0.666134837535187,0.700919876756592,0.673703282666804,0.69327661768292,0.70808921182807,0.665426980753359,0.817997711947583,0.790608346830209,0.718615695485164,0.718689810760243,0.718843773836635,0.672406086149013,0.667432559626284,0.664620833960578,0.612326238169116,0.700839226385233,0.665926271049746,0.685838468576314,0.672718145601042,0.68316004872868,0.688581259865671,0.660524126329242,0.658841150568403,0.719434223320498,0.658413563990995,0.665402718864362,0.626177053215738,0.620288777438906,0.620219433977263,0.616058400992413,0.616111948253123,0.71638565165552,0.662150685159143,0.999416692057089,0.999459773099031,0.665717233688252,0.658891675657181,0.681181429793184,1,0.665263833360973,0.658435732213405,0.64721860896329,0.658292412860345,0.99945258219706,0.656106648320215,0.655887835559907,0.718918484625747,0.65861006920995,0.65260081308225,0.669629788723513,0.635005790642788,0.739775416679413,0.658231759418827,0.665990203878329,0.681931889569267,0.658718094240987,0.658135981805287,0.735167838005211,0.665903373641391,0.665277985133574,0.659926139853465,0.665519709719599,0.860304542749906,0.652208283719172,0.686494676794,0.683946468645866,0.677198368486266,0.726601772243116,0.665695161233942,0.659600061739992,0.657865772317681,0.662834799432846,0.666074472648339,0.677097919405851,0.689216419033066,0.704179626734792,0.665813338234178,0.620302912266729,0.611977169907487,0.620103452494582,0.614974213631273,0.611827126674932,0.623933083215646,0.658463704853412,0.697491469197113,0.726254148869055,0.718688064797214,0.686418738765508,0.665197130929298,0.749530842848467,0.656493790466384,0.68340702823411,0.674157209251403,0.649093811341498,0.688926787762809,0.645613130426438,0.736845279826066,0.665461076673709,0.658953741683008,0.674868396128265,0.664795392960098,0.677398940525769,0.71865538886936,0.698738119728546,0.71121328008217,0.695398250685554,0.674911734902088,0.670131174902317,0.687064083169801,0.999333446520607,0.818029251945709,0.665945873252695,0.680842505026057,0.705170427705848,0.670159011078806,0.657492154575484,0.732151733314988,0.620406579838573,0.717760849755007,0.68799965704959,0.658557155595725,0.658618309947653,0.756010017913385,0.74516629080929,0.779628489886828,0.762915778146193,0.790141187547548,0.762225838113495,0.797099607816119,0.743957641261756,0.74735031260298,0.743861798700385,0.787362640470325,0.787734096849684,0.788003813659776,0.773218040866029,0.808540483254297,0.780067479003107,0.794339627814877,0.777655414149269,0.790909042177774,0.798920285932837,0.800265530855314,0.799894537636317,0.788323754660657,0.787504644001752,0.787532875216965,0.784029706509083,0.768223919489681,0.775229070733111,0.735032713785193,0.734476117847437,0.77836355631658,0.801029172832825,0.809564276608736,0.796884109990708,0.793493577425094,0.79254528839757,0.793644967105608,0.785378780397067,0.785596034238487,0.785488839791962,0.801728773953606,0.826703729242977
"41",0.636236228955261,0.629649940196675,0.661479948048509,0.64832512582929,0.672530744150969,0.656342115529946,0.63609667996349,0.659632157372047,0.677104992908119,0.652253337722452,0.652330161960306,0.652523948853554,0.742992295795638,0.634198077481396,0.642787700838014,0.603823050587272,0.693130477801107,0.629501992428936,0.690068038138551,0.653901254162458,0.670611754897623,0.702890599631392,0.626017157798435,0.625389082958068,0.652957378432968,0.624960209628691,0.999649801969209,0.61892726142153,0.613247656415255,0.613272018888959,0.609148627756753,0.609123663108481,0.670551879533693,0.760820754981233,0.664886809766438,0.664838497250519,0.999437182255574,0.678275502897373,0.918435368805093,0.665263833360973,1,0.624986353941069,0.632168223137627,0.624865305075087,0.664891001751144,0.642814920656107,0.63209553514485,0.652474297769239,0.625143670730081,0.657126076401306,0.653000801262258,0.613368102815454,0.686556882239098,0.624783943047694,0.62962210122365,0.695349657420301,0.678136542970665,0.624722635523234,0.664233339858654,0.629438697343162,0.999684212705235,0.625454907984465,0.629105143221164,0.673566217927502,0.632837021746656,0.636922550132266,0.666975353344453,0.654988491327609,0.663950876390929,0.629300850739763,0.683617208330615,0.624442858160989,0.63729134856328,0.998953503466593,0.649137632618959,0.644824029379057,0.69915819797967,0.658254360836558,0.613277483951923,0.604861179016249,0.613127471985809,0.606737418297866,0.604736844576725,0.613997928833223,0.624974762349732,0.664095664086499,0.665645155195372,0.652244138659062,0.650999851329351,0.999707268660992,0.70592219405759,0.643267759507142,0.660830642355593,0.643146445433784,0.654859969134498,0.648396736440269,0.652404124263186,0.843240172153929,0.99969542276192,0.678356848024834,0.6444220781404,0.647290584856245,0.655187963023055,0.652258359296437,0.668903988714864,0.6570072013538,0.695189060606927,0.742394138238703,0.778639201147883,0.708113583100131,0.664748400743844,0.659720726651763,0.629515758500278,0.643676860504645,0.650998132669474,0.673035822360935,0.646642913843899,0.674756635747778,0.61339980470367,0.655808930330743,0.655447733720785,0.625041523362511,0.677983453065957,0.725898047870366,0.735862606598408,0.758392121478665,0.747498263840087,0.776908086411445,0.745298053481734,0.755505739057602,0.705309761967509,0.713069253146305,0.714233349946818,0.775324418022004,0.77719437852016,0.779285189653048,0.757301829326418,0.770504435329996,0.759768988882665,0.756033689675072,0.738179804971412,0.771961137071855,0.754511580221148,0.757489310797894,0.756216432820071,0.777399587245037,0.77419183838035,0.775675794961129,0.761155087536863,0.738276179316955,0.75123720008104,0.709262996794019,0.722603448487496,0.748353761752403,0.775495145519518,0.780977742599062,0.757054187767315,0.761028858455679,0.767949048721398,0.770103197811401,0.775006048717037,0.775774348119738,0.775515111289423,0.776060598101757,0.81147703078116
"42",0.693896995633111,0.700376505610095,0.679758194492277,0.721338226685566,0.655302893568628,0.684181610922364,0.693892962110315,0.671749092660079,0.653851009007187,0.679882974784837,0.679835185994919,0.680054318244576,0.662499610195911,0.693722389301624,0.70661929428155,0.608628452274381,0.661324894992248,0.700122802622569,0.664282466746156,0.68941426896061,0.687570265483843,0.644005603333233,0.847790372748814,0.999394507193836,0.680672455456,0.9995430156848,0.625038536606615,0.616737008365849,0.610662092190611,0.61062564302519,0.606487152266682,0.606493583307162,0.66734256306457,0.673522289221008,0.658099151956675,0.658033410994076,0.625284302055369,0.622229674651613,0.646805009040378,0.658435732213405,0.624986353941069,1,0.66586032746931,0.999599386493247,0.658128211714355,0.677535302420862,0.770668748289949,0.680050899652524,0.999498536416606,0.656002906060957,0.700486572736611,0.62642904733028,0.726025919029213,0.999579716393573,0.700211955550824,0.638817442672126,0.622046541203427,0.999447102794689,0.673973243328319,0.700014209639645,0.624977139732347,0.847594479118094,0.699704562314284,0.664321027345867,0.643241108788037,0.775192749044203,0.662323299865452,0.640724375922921,0.660753588814378,0.699910930343113,0.637864711217786,0.99930108624149,0.722469454526004,0.625687016308693,0.696506720258762,0.754715514588727,0.661420392020983,0.704336341161202,0.610633364818346,0.602980797241651,0.610597619418628,0.61063952205394,0.602871480161581,0.679331504920632,0.999481844659218,0.64536799438128,0.6735680520105,0.679879594797768,0.679631603112526,0.624873903495718,0.808289712695138,0.677940386352758,0.680144390912123,0.75351594819029,0.61949807289289,0.701443808971919,0.639706322362906,0.773200584157093,0.625084529511128,0.62232020364611,0.733180388188281,0.706537089285885,0.640917504017105,0.679764451515066,0.660441948106453,0.652516286519604,0.644809252884219,0.647760935940214,0.668503063160566,0.641180059826541,0.657972311581953,0.671728334121086,0.70016063796782,0.850625988260537,0.693386264552576,0.651247374167445,0.657540533868756,0.677772733827671,0.610736592050225,0.714627309996018,0.688726959716718,0.999672980061657,0.621947229970537,0.810044401869884,0.726685667979167,0.808409919045755,0.787063687968553,0.681953990076368,0.791292286295234,0.797596109220929,0.815531489037466,0.786295307556203,0.815810743711325,0.780004601589072,0.745899219778116,0.741146184354313,0.776315600413753,0.788675106318785,0.806210559994923,0.811573802924933,0.82377940375275,0.797423239196544,0.811981846570129,0.809446194859428,0.810573231548545,0.77548757542969,0.782372584343491,0.778955852013908,0.781219971389781,0.829192941534667,0.78871701534874,0.796924532903666,0.76411449968123,0.812032542303394,0.762875987994557,0.771975976814825,0.796342251306839,0.801993879949642,0.78693363298888,0.78397905958029,0.764828195529195,0.763342198426423,0.763742167551167,0.786017810765556,0.712093294545625
"43",0.675336133294401,0.678508660601786,0.655636288730975,0.682021899420922,0.639614591093429,0.675058299542437,0.675183552687554,0.651169208019872,0.641631547186309,0.646209440031769,0.646258727055288,0.646382995456572,0.666550221737739,0.682133904370354,0.685848195224501,0.747155163842155,0.651466750570253,0.678396083737208,0.66809968660127,0.674546291118284,0.65270767560541,0.635830605530961,0.676427838964311,0.666220575747332,0.646899305581702,0.665794203724204,0.632232737109998,0.678843838380084,0.670767208868461,0.670708187145363,0.667018232919228,0.667118651751431,0.660634466105538,0.660945198983123,0.646915315669738,0.646839471391902,0.632496699460307,0.620892639196902,0.649244144661205,0.64721860896329,0.632168223137627,0.66586032746931,1,0.665655658730276,0.646917789971223,0.652807848791199,0.688579786031156,0.646421850331769,0.665965486836027,0.656258247417942,0.692562604137735,0.717603729905642,0.689800712369398,0.665663506809282,0.678511273019114,0.640554765590107,0.620683644424015,0.665455442263546,0.65658609567285,0.678248172527142,0.632157789157691,0.675792587370153,0.678051703300484,0.654208915451052,0.6901672279069,0.679502374183195,0.680301989188144,0.619861095926575,0.662543707205527,0.678174107623958,0.627389874827213,0.665288270878313,0.685985891990816,0.632900152251577,0.67704800093308,0.695473954103595,0.654507743664365,0.669275755668158,0.670714096633979,0.66470615143252,0.670636267739573,0.822816056338799,0.664546181957014,0.754656150671062,0.665851369943901,0.625701466081803,0.645178257372548,0.646189110797021,0.665908633490982,0.63207880002082,0.729745655500413,0.65309028133882,0.661187722827256,0.739441866823236,0.622569127143568,0.676406475978216,0.616719309303594,0.714536248186104,0.632310081021455,0.620991801031376,0.7191931215754,0.67177889762738,0.619972735993872,0.646215145232129,0.64322306629671,0.632371256873447,0.637983196101064,0.644798766267926,0.653411627152105,0.639885482020251,0.646794249107174,0.65115816189346,0.678382464010406,0.685170925760936,0.666253454244049,0.647771085662206,0.629092916753189,0.658173846134589,0.670864093811343,0.713628813792988,0.709777675557484,0.665940829300143,0.620636888055391,0.784233264765698,0.781399428091982,0.756379773417046,0.783788082036526,0.735067577839756,0.783407718887715,0.759067760862483,0.76948392841497,0.783054715832625,0.736382023890576,0.762126018784623,0.744440964068228,0.744175996977808,0.778573590409837,0.760094630499113,0.75771911360194,0.75295641235251,0.720430698707442,0.741037525345079,0.737352035984305,0.738682491103467,0.738026927987491,0.762162151425725,0.762297473159148,0.762224360737683,0.756250465468002,0.763285692313726,0.78468235822719,0.795743365979146,0.794473561061686,0.754136495184913,0.768907869798934,0.7308965671434,0.723265111112589,0.738956634049175,0.746731504156091,0.746904335583987,0.757061309408961,0.756919956929535,0.756939879841962,0.734608759655182,0.726759857836594
"44",0.693766443258173,0.700226998566883,0.679511697286834,0.721256712302839,0.655089837719466,0.684041523661343,0.69376249732997,0.671633129500549,0.653707452372999,0.67969241465421,0.679644775907005,0.679863898799905,0.66241713865367,0.693581735711571,0.70647735685903,0.608500839218336,0.661200774818373,0.699973601339117,0.664172943055135,0.689296314122005,0.687472999476676,0.643882842670408,0.847611420711114,0.999284450834148,0.680481911580358,0.999541346553333,0.624917474610723,0.616690006532042,0.610614737164441,0.610578352033787,0.606447257347416,0.606453592885955,0.667210619551252,0.673399951221327,0.657956079206398,0.657890265407878,0.625163224311477,0.622067725319791,0.646676734814088,0.658292412860345,0.624865305075087,0.999599386493247,0.665655658730276,1,0.657985038417241,0.677476476166633,0.770535257540406,0.67986027895039,0.999453789084853,0.655842300515878,0.700376162198001,0.626335571953775,0.725884266648777,0.999640102741397,0.70006246564543,0.6386966769147,0.621884582594089,0.999578228943786,0.673857837190647,0.699864822744743,0.624856155599197,0.847416269726631,0.699555389302475,0.664168171317401,0.643131252812387,0.775050072611731,0.662230570004488,0.640574663694609,0.660617256654842,0.699761648825723,0.637767366446176,0.999433935018765,0.722405313316178,0.625565673640118,0.696388742200959,0.754575283236312,0.661354888493699,0.704337186225413,0.610586103975943,0.602933114988895,0.610550468406466,0.610489234672119,0.602823823985796,0.679270886910956,0.99954357524484,0.645257321885315,0.673498155677923,0.679689109428581,0.679529747553057,0.624752928667554,0.80813743476559,0.677881664002678,0.680017264814114,0.753303272338712,0.619391896904317,0.70136428555875,0.639538811332642,0.773056679271825,0.624963395143551,0.622158247024907,0.733024909822067,0.706417771794404,0.640767834508531,0.679573912267014,0.660269247975618,0.652377866447938,0.644690037597593,0.647682007566897,0.668354798171114,0.641042731283027,0.657829208573991,0.671612567928769,0.700011334021317,0.850486328516476,0.693376436570255,0.651135013277273,0.657453941262289,0.677581324491686,0.610689240033902,0.714464592200345,0.68863946104193,0.999585162429594,0.621785332867986,0.809892343392386,0.72656705135864,0.808235573074938,0.786910518182572,0.681836086073779,0.791137865199402,0.797435583721389,0.815383457066903,0.786165224939989,0.815627966371148,0.779841352141932,0.745726189135824,0.74097439066098,0.776181031009161,0.788510983216984,0.806037525739216,0.811396552992775,0.823589775309308,0.797241760747123,0.811801515045072,0.809266382485566,0.810393385884508,0.775326276098364,0.78220908527441,0.778793153121315,0.781051143987241,0.829024323261572,0.788570395891049,0.796805290479363,0.76399934417863,0.811854465841959,0.762732820625302,0.771792999125541,0.796153972616485,0.801808379549626,0.786758631292744,0.783804846809237,0.764658806837747,0.763173104426396,0.763572927878555,0.78583452284824,0.711938002278021
"45",0.665362349728881,0.66581367707984,0.700655694812353,0.673372000270757,0.692872226284143,0.707690266233693,0.665103766745886,0.8177664480478,0.79040492491047,0.718203310393619,0.718277634376916,0.718431367634018,0.672047270897595,0.667097430373981,0.664338549050488,0.612084095515939,0.700427384363319,0.665605234645115,0.685510019426026,0.672431169798489,0.682867828028873,0.688139191564554,0.660241385007983,0.658533164408621,0.719021071657597,0.658106041285213,0.665029871701382,0.625936831087117,0.620053678072027,0.619984358322884,0.615819323166366,0.615872919604673,0.716003591067039,0.661784075619901,0.999666021474042,0.999735547850866,0.665344015051525,0.658492165086515,0.680821050852046,0.99945258219706,0.664891001751144,0.658128211714355,0.646917789971223,0.657985038417241,1,0.655751694951278,0.655586178925778,0.718505959191642,0.65830233439482,0.652296624328363,0.669297431361426,0.63467644021554,0.739364635453842,0.657924390695938,0.665669103409218,0.68158582264325,0.658318592832424,0.657828647017369,0.734757929869271,0.665582316854229,0.664905125221349,0.659643889280875,0.665199239745232,0.860131113616996,0.651933934649867,0.686189041512078,0.683588988852987,0.676854882604978,0.726173356595129,0.665374434900499,0.659222621206755,0.6575587071254,0.662517331715081,0.665700661899665,0.676766154824305,0.688877595883302,0.703773817968517,0.665511290388085,0.620067955978025,0.611743015631854,0.619868506617713,0.614714879631346,0.611593101178024,0.623667714192282,0.658156225641191,0.697122814014492,0.725877032574307,0.718275936990759,0.686080083852438,0.664824453936976,0.749071972506526,0.656138437963129,0.683050914600895,0.673818901303378,0.648704992621217,0.688574173084833,0.645211389063409,0.736422411226453,0.665088256651627,0.658553977972464,0.674550575102129,0.664451945625944,0.677055483794433,0.718243182087814,0.698321518202635,0.710792321039768,0.695061474509643,0.674570050155678,0.669816197744802,0.686613011734448,0.999745703014761,0.817798099131841,0.665624886336578,0.680479846189088,0.704787137793452,0.66979819350588,0.657121744053985,0.731669175969339,0.620171393168066,0.717354537338822,0.687658279620172,0.658249631091404,0.658219027974685,0.755594422971142,0.744794339937636,0.77915074896003,0.762487308601166,0.789801332643575,0.7617970276208,0.796646373384508,0.743542727829951,0.746948906778888,0.743412544507297,0.786886326712521,0.787233730071089,0.787504596439858,0.772799830649938,0.808092451049284,0.779589695302091,0.793888921038443,0.777214627589205,0.790424905443014,0.798464495165076,0.79980677647121,0.799437392265566,0.787849227454363,0.78702910331635,0.7870571403469,0.783546211143943,0.767772919163712,0.774811491752193,0.734665904964644,0.734114741699846,0.777892637708518,0.800613757553299,0.809074681514578,0.796414309220949,0.79302809447583,0.792055401338687,0.79315443496526,0.784889968024395,0.785107256021525,0.78499997195472,0.80125280729936,0.826253670909499
"46",0.734310847650237,0.671508233826898,0.690701810451816,0.759284044171408,0.66836643309348,0.695976212722487,0.734312684681214,0.668961481323399,0.658370899896521,0.661641550484861,0.661656825892125,0.661838595711469,0.665126330265703,0.664908474820489,0.67970730710967,0.61618261416991,0.659587629575637,0.67138295888375,0.660905617889253,0.719383360329873,0.693683593548698,0.64625695934766,0.673534301330257,0.678045763321109,0.662378225142829,0.677554406198832,0.642922485757949,0.62964535489318,0.62318705506351,0.623079963706909,0.61891795164218,0.61888745437294,0.695143528725072,0.650001203360603,0.655706281636111,0.655698733265457,0.643219636912576,0.629697235158393,0.659143962620768,0.656106648320215,0.642814920656107,0.677535302420862,0.652807848791199,0.677476476166633,0.655751694951278,1,0.672767712695176,0.661834437582672,0.677798835013827,0.642600897947797,0.681106825641879,0.636837045019321,0.701136641078762,0.677390839086879,0.671513022484132,0.650841780559666,0.629493177083538,0.67720237699471,0.676611057555546,0.671284785923581,0.642891599516566,0.67291385082672,0.670999650163432,0.660371695982886,0.65480552175368,0.692145065982507,0.687035937076876,0.663425332908946,0.681215226886922,0.671144682221331,0.64103590981433,0.677017308764198,0.727380057921259,0.643679418591771,0.749310200076324,0.690657027968471,0.66066275037576,0.751830798795987,0.623181750056084,0.61540584031983,0.623024831005468,0.618211054499512,0.615264546405538,0.643761722217466,0.677573654193079,0.669124816508463,0.66642742245761,0.661603326546083,0.77998147382638,0.642735670472577,0.74516988080747,0.999331511929328,0.670936881409506,0.685167711128985,0.624725311517996,0.731109797010065,0.639810676000079,0.720139558561486,0.64295365995307,0.629784445242553,0.77446060539427,0.732501768867403,0.663690555255981,0.661613692985568,0.659866975532112,0.676416292326788,0.640393896396738,0.667266282166326,0.665592957343776,0.651562443874317,0.655598023449587,0.668975502996765,0.671325941180791,0.698091257543137,0.687284650445376,0.688354033012722,0.758379338245847,0.67934484306797,0.623269030829565,0.686112930675269,0.721113542100456,0.677650924257769,0.629402576177338,0.771675510199488,0.735601551031728,0.77846112703522,0.766724167794644,0.700584156966664,0.768063187342195,0.779555861611004,0.784904923145376,0.77699785817954,0.779850100406877,0.769517109035723,0.769221082737909,0.766977225541167,0.760705270299334,0.765495503101899,0.778106989801079,0.769863252575359,0.759616515016726,0.772504208063277,0.770127736090039,0.770343005417854,0.770223169761787,0.767549758245306,0.76997993235601,0.769000053242318,0.778324887491374,0.780830655548326,0.762845142465963,0.750110609351988,0.734925259839056,0.782099926946118,0.751666282655104,0.763286963100496,0.764795488971404,0.767298114939304,0.773418817576346,0.772570416918973,0.771881300100309,0.771275864565906,0.771470513681968,0.763599439661575,0.730824595643671
"47",0.729865038192011,0.864174414785695,0.66155187301672,0.725439878935349,0.650594595486986,0.706356936799392,0.729839311714853,0.656990989754469,0.662350532986688,0.657829207953402,0.65785099418934,0.658024183789392,0.723397727291402,0.787249641186701,0.794251724449846,0.624205961660562,0.664387719493824,0.86392324269307,0.676750642212786,0.720308138315356,0.691300253980554,0.648092314447069,0.794192948639126,0.771061238683044,0.658593155727004,0.770616486684096,0.632183666714414,0.632286850883642,0.62614641601906,0.626088767219835,0.621657626579458,0.62162885445084,0.689906567587998,0.72190576681543,0.655571765776439,0.65550719235648,0.632396485406658,0.631111355208475,0.653504736849229,0.655887835559907,0.63209553514485,0.770668748289949,0.688579786031156,0.770535257540406,0.655586178925778,0.672767712695176,1,0.65806201408957,0.770954563524187,0.667324881773543,0.704747785143313,0.6468729843482,0.747335329086266,0.770542278465408,0.864083765639607,0.6499802550699,0.63092207494086,0.770339340454223,0.67184193068221,0.863813779531327,0.632093186967749,0.79354446017791,0.863612736355691,0.658897701240223,0.662193395578155,0.797226278039307,0.681530425461539,0.63276431089334,0.68275555101422,0.863732236332445,0.639271199803953,0.770088660404112,0.797614260019473,0.63285133455458,0.731566700767241,0.877969459061832,0.664743610209994,0.700046081867493,0.626133412287868,0.617690217305298,0.626111800093332,0.624406088547664,0.617578350717212,0.683798834638324,0.770642955489882,0.638764333469917,0.674004792963231,0.657823382522019,0.69773698227408,0.632004460882349,0.853713113779612,0.673210092227014,0.721529084250961,0.808045579970289,0.628660870521011,0.717358748006855,0.645727778850055,0.777172842236534,0.63224625088691,0.631182919506455,0.762796931798451,0.729530594549946,0.632925638003007,0.657781929233696,0.68291340853685,0.645496078212128,0.650421536275283,0.655465170987841,0.668660439216278,0.648706566104664,0.655432431530278,0.657003298894747,0.863935147489822,0.79881312544487,0.698522378613996,0.667971336678589,0.651465430615817,0.663993668262202,0.626277251454077,0.756716375139673,0.745597028383022,0.770725360780285,0.630833885268333,0.828315024498579,0.75864269026704,0.804515240257181,0.808143575569716,0.705073094913382,0.811695850739485,0.808678358779624,0.839465585116948,0.817259089651485,0.829746687837166,0.783123860365666,0.767219451725795,0.763329681042295,0.783898228741533,0.805220543202548,0.802862345966485,0.821200546950269,0.81873144353347,0.801069740301865,0.814320633379302,0.812720546272581,0.813436749223026,0.779477019145802,0.78447829841089,0.782082068168695,0.790920700037299,0.821889483894398,0.804111735714445,0.808724516977583,0.77667769827028,0.812869308602572,0.782748208778879,0.790195194777779,0.806247756253146,0.813781759841977,0.786625037936408,0.784553279039693,0.780524271091822,0.779361840401718,0.779699660918703,0.80088675897941,0.737735486809655
"48",0.663087614312101,0.667328599770817,0.695113895584804,0.67194263686764,0.69103912935514,0.719843240447699,0.66298854773458,0.725458591954412,0.688965282589093,0.999484611540439,0.999495889166754,0.999599066811597,0.665829039833457,0.671316705666777,0.664620582832323,0.606700451165064,0.706375311031118,0.667137627037266,0.672638565822711,0.677519641810274,0.68676251177893,0.6956619655981,0.672888509674873,0.68049463260484,0.999315241501185,0.680032268005517,0.652592012452461,0.619594968619614,0.613630810983909,0.61364996239181,0.609356942031669,0.60935257593036,0.699825678469411,0.658604788940382,0.718507765799242,0.718469450082674,0.652869170685423,0.644078974792629,0.666773455713019,0.718918484625747,0.652474297769239,0.680050899652524,0.646421850331769,0.67986027895039,0.718505959191642,0.661834437582672,0.65806201408957,1,0.680240609271995,0.643375192731163,0.657950481999385,0.630646373821443,0.789843699838891,0.679816010892462,0.667258287692797,0.660924967673792,0.643966473768065,0.679678919690263,0.737607822599863,0.66707112435562,0.652545656782946,0.67234344240686,0.666717150966852,0.713510608722054,0.647938141947271,0.683311067101904,0.681790430490789,0.676069247690125,0.717240692161222,0.666907473965724,0.665651972750912,0.6794445001882,0.658838150857638,0.653310769880327,0.679743204058152,0.687982579157097,0.707407823788419,0.677741988368257,0.613697349015835,0.606164702609513,0.6135183694458,0.609245747675011,0.605994627580558,0.628267040537503,0.680043964559941,0.679635602422352,0.698989716583745,0.99957213945786,0.670218576648308,0.652419334069033,0.761406635471058,0.662208991471796,0.705683598536614,0.690405192427744,0.636637205925363,0.685794490579129,0.637238372794019,0.739855792726398,0.65256772316516,0.64418320264508,0.678073274699262,0.66084593535117,0.676324184756103,0.999478788606306,0.668151993213795,0.706737145769892,0.706267102652308,0.673768175856985,0.666917226134379,0.671013521652386,0.718347232552026,0.725341986107076,0.667144763505783,0.705885389396899,0.714739480604175,0.682951453565302,0.65571601789922,0.730624435420468,0.613796834719747,0.713496833661197,0.686362258317891,0.680153046002899,0.643794424755767,0.771227215810861,0.733016786542827,0.794161046888767,0.779921218098512,0.709787333831272,0.780712043376125,0.775956835940753,0.765030204660867,0.751298868368603,0.793962245433163,0.787861440563131,0.795467232008348,0.794153031266654,0.7582234151909,0.781001440688932,0.793544248544991,0.790849418891687,0.790496706307558,0.806472185571967,0.785778850083997,0.787025413124008,0.786241348543668,0.785911511491814,0.787218220157646,0.787063069255515,0.787399432404819,0.781909897136246,0.768727078580313,0.737488203641014,0.730306001698227,0.790357251184054,0.763386659000257,0.80334401327498,0.797825380012509,0.802170809681948,0.788706049804104,0.78866694646317,0.795640751194045,0.795451720458226,0.795558240355064,0.8061265833684,0.76872746176338
"49",0.694100195154707,0.700629224307703,0.679904075185433,0.721571576930311,0.655520810005619,0.684433872137185,0.694096266840472,0.671994444224887,0.654030506897711,0.680072702757667,0.680025059711387,0.680244119691932,0.662728044402908,0.693922184906529,0.706886072385394,0.608798152343614,0.66150028920519,0.700375524998127,0.664507532668082,0.689709819205672,0.687846773441743,0.644139319308484,0.847745563327362,0.999534882011514,0.68086247051114,0.999509480735919,0.625196068670193,0.616920676871897,0.610816864993104,0.610780522133823,0.606660144669638,0.606666269448437,0.667591084180463,0.67371336146619,0.65827347664148,0.658207640439411,0.625441914213915,0.622368759421238,0.646970471765195,0.65861006920995,0.625143670730081,0.999498536416606,0.665965486836027,0.999453789084853,0.65830233439482,0.677798835013827,0.770954563524187,0.680240609271995,1,0.65619617936938,0.700584182423747,0.626580905874527,0.726306077939908,0.999453237086963,0.700464737023443,0.63894843145243,0.622185597595424,0.999276558544449,0.674228970951918,0.700266884589722,0.625134626933959,0.847547281567648,0.699957013144119,0.664471753329432,0.643485411717736,0.775308865696267,0.66258993508086,0.64089219195726,0.660959272141095,0.700163345148257,0.638015497370921,0.999108260089787,0.722775104094325,0.62584494112419,0.69670606356289,0.754983658302657,0.66160541334744,0.70458209319624,0.610788451397677,0.60317024875695,0.610752601366661,0.610751224016816,0.603060903742875,0.679526021240526,0.999514855488986,0.645607828075277,0.673804521977973,0.68006921356011,0.679828838143465,0.625031379469606,0.808612016534315,0.678204247942501,0.680330981436023,0.753769380608993,0.619691701763275,0.701718799300725,0.639907180050614,0.773396301870901,0.625242071291967,0.622459315734352,0.733446280861776,0.706780974975144,0.641085429361455,0.679954102770229,0.660651157154705,0.652687926130855,0.644986916609125,0.647909508570954,0.668693644223484,0.641321215636004,0.658146455358972,0.671973678148935,0.700413246104664,0.850665937010933,0.693744354964225,0.651482338863192,0.657765911704843,0.677922436056237,0.610891663940477,0.714923199587507,0.689056922240003,0.999556225999299,0.62208602191396,0.810320225881687,0.726928208753688,0.808676011473757,0.787329027418961,0.682167989269948,0.791559728430051,0.797871323037853,0.815823916496027,0.786575521400325,0.816093447188131,0.780257577418221,0.746156991758909,0.74140243144001,0.776557538141561,0.7889343738222,0.806475564943594,0.811842775146784,0.82403310342794,0.797685052630918,0.812243699825624,0.809707991647442,0.810834927321531,0.7757383739245,0.782625280326115,0.77920794093461,0.781481130622733,0.829464976659084,0.78897718430385,0.797169186608329,0.764338178052263,0.812300546300482,0.763121851372415,0.77223710530471,0.796605191740474,0.802260139603851,0.787185166176486,0.784229833209923,0.765087674559548,0.76360118562919,0.764001317820191,0.786278219786805,0.71232999008278
"50",0.649734560513696,0.657699065278659,0.6411183588965,0.658516885959098,0.647814818946697,0.661682148300801,0.649640854423179,0.650523836472922,0.700167643881636,0.643089644201092,0.643145436340571,0.643370924239938,0.668523037669371,0.660197845436579,0.684166004184997,0.602819435140221,0.662718709910538,0.657508485003097,0.675016236903168,0.650951555127626,0.669955626803951,0.648388379798247,0.658417166831017,0.656445841435563,0.643855245244747,0.65592364227713,0.657225969515775,0.611930780341805,0.606431624759885,0.606434437189279,0.602460175286674,0.602392186639042,0.660959375580939,0.655775102458592,0.652221363010855,0.652228261030627,0.657600465824138,0.769235023759921,0.68137342710541,0.65260081308225,0.657126076401306,0.656002906060957,0.656258247417942,0.655842300515878,0.652296624328363,0.642600897947797,0.667324881773543,0.643375192731163,0.65619617936938,1,0.661921059789733,0.60764744648918,0.711626589115541,0.655792486101805,0.657738865145518,0.711422327563014,0.769351951561234,0.655632608973156,0.655886556481669,0.657581735536546,0.657159170495609,0.657796418317495,0.657193506629999,0.660652091574303,0.633620531015689,0.661136422960935,0.659245564076385,0.63941845750676,0.655431641774228,0.657438170031447,0.684539192047572,0.655455611558554,0.666542224772647,0.658241183736925,0.659261412259444,0.675319513582583,0.660893283896924,0.654807746149499,0.606427646925041,0.598388950324995,0.606353887696201,0.598277108544715,0.598328224068961,0.622638578107014,0.655954413280061,0.649411297046709,0.649487904012466,0.64316560955818,0.650026845013244,0.657066253208792,0.723165437360341,0.643049665168531,0.670736137469965,0.718037858368488,0.750726020375038,0.651244216871696,0.754486112801545,0.722566010429571,0.657360444792394,0.76948405349134,0.681550580137234,0.662172225785091,0.639592196158568,0.643128575178047,0.696364765547726,0.648715317161918,0.713251428856425,0.680924914682705,0.661201088938272,0.672196223916857,0.652141168733098,0.650580087174541,0.657574675685236,0.662156188575175,0.66406772216336,0.672572416553586,0.735563854316995,0.674018640261895,0.60655699715836,0.681878166625816,0.673638474554402,0.656053834265239,0.768683547635706,0.739282763872615,0.722538495882244,0.76636932204558,0.73860956057783,0.716281760916972,0.738616460215221,0.7650493588853,0.739468637436075,0.743726281963959,0.733498292719476,0.768700458182709,0.781186172853008,0.780589279290317,0.74648179361807,0.752151770081832,0.767047379196979,0.746013134154059,0.725223728372128,0.751758252044199,0.747889564866205,0.749111161383065,0.748436565493235,0.768232744675465,0.768811604302475,0.768783251449228,0.780062687613961,0.756240296008758,0.742873257878281,0.715860756705851,0.711110319525665,0.764367219951559,0.74010392089973,0.7545707088227,0.745996152437433,0.742804602107106,0.778041941028194,0.778150496599001,0.773606002916343,0.773503167891807,0.773574791489114,0.742365872927916,0.74203927628575
"51",0.690897738049357,0.694233103255714,0.668742484282262,0.719763709025358,0.652839811703923,0.687066233744224,0.690774117150494,0.673308978983184,0.674586345349187,0.657719067929271,0.657723878518909,0.657912674363257,0.704714196823956,0.685162648802695,0.701415201395603,0.640320311701651,0.681355897569355,0.69403759807054,0.676428791460102,0.690786866199986,0.671098878220977,0.692498832216784,0.736179594052675,0.700811071762231,0.658395572088822,0.700369968490167,0.653029505440836,0.652922350115129,0.646607969857925,0.646586447872837,0.643897159669758,0.643835963097071,0.676491125446599,0.68904905369728,0.669302622374953,0.669204261958912,0.653351462309009,0.643933641217254,0.674888733465164,0.669629788723513,0.653000801262258,0.700486572736611,0.692562604137735,0.700376162198001,0.669297431361426,0.681106825641879,0.704747785143313,0.657950481999385,0.700584182423747,0.661921059789733,1,0.644040272682345,0.706825308978868,0.700351924832923,0.694136845108278,0.658432764153109,0.64373902806045,0.700179495359179,0.66893728990195,0.693862075945413,0.652947852198725,0.735970434151487,0.693620060216521,0.676795674281589,0.666662934480758,0.739490058030845,0.672665024715587,0.635272077228755,0.675063631528428,0.69380127238146,0.6568589053995,0.699935248463178,0.710360549259989,0.653763433797485,0.707628588453646,0.713032968001348,0.673617466560305,0.684067192691338,0.646629069735548,0.638074913631401,0.646474259044863,0.63405627126223,0.637862979494404,0.676013923851742,0.700353307443423,0.65113536231479,0.668509121008411,0.657689803920341,0.689118599749702,0.652894605776116,0.746853230200185,0.681482863544651,0.693900014424153,0.710868203931163,0.634759274107295,0.692892224599656,0.638351145030281,0.735585253685089,0.653108581916288,0.644062893299976,0.718175308010256,0.698665884050507,0.635448161229348,0.657668398275001,0.669781265642276,0.649001978717697,0.667065338545719,0.659355815665208,0.658556063113098,0.665341815652103,0.669165516368846,0.673297590857731,0.694016854944697,0.722281225808689,0.67974616147729,0.656961258925788,0.664656920692548,0.67082342214789,0.646788054176762,0.711652697911715,0.718339026829958,0.700573351669904,0.643702857288258,0.787140053368738,0.761181601302025,0.778535071648525,0.78490991641524,0.729085971480822,0.785612585076511,0.783563168027836,0.78475210092926,0.784238393400259,0.770318655311379,0.775645187585447,0.764545036525738,0.763126728454865,0.7769332633959,0.779877328889435,0.778760154259911,0.779387701009449,0.760953219636133,0.772526149665757,0.773602547667258,0.774234630682558,0.773954765408918,0.774554592393176,0.776100769794812,0.775358189283912,0.775136980026598,0.782686777297604,0.78469167832128,0.778239074371392,0.768135007143055,0.780133415000656,0.774601528975379,0.765925128449687,0.763912710771548,0.772088468665757,0.771255171842449,0.770894190659085,0.772924811177248,0.772522709606141,0.772629559925632,0.768780969292656,0.746642712476078
"52",0.646964194956781,0.637221817521329,0.624333592238629,0.649289033023028,0.617460122680358,0.659954032837365,0.64685207077532,0.636997004991039,0.637558426848145,0.630382535188915,0.630502053528144,0.630553969093737,0.625274214883151,0.627681589316773,0.652773944689638,0.723376614974532,0.62902826704485,0.637118508868746,0.633939682887625,0.650513864323519,0.638286356037075,0.614035867518338,0.628670006189004,0.626813652982392,0.631041299871083,0.626438841819902,0.61343718943608,0.651796975086943,0.643421966696919,0.643512858938547,0.640384038359383,0.640396652703278,0.661663523607525,0.621901331801174,0.63473909972883,0.634622843009559,0.613682398183196,0.600935535977724,0.630666518576571,0.635005790642788,0.613368102815454,0.62642904733028,0.717603729905642,0.626335571953775,0.63467644021554,0.636837045019321,0.6468729843482,0.630646373821443,0.626580905874527,0.60764744648918,0.644040272682345,1,0.672858764436353,0.626269019914606,0.637184812939221,0.618506812270311,0.600809330209443,0.626218022910964,0.649064511869273,0.636951045277221,0.613362362685611,0.628171264944526,0.636725246323083,0.640246672792016,0.662617995888838,0.646401203309633,0.636155338405748,0.600962384794654,0.657765351843489,0.636900987506964,0.608319626993792,0.625945298808227,0.637973367692704,0.614100322782095,0.649503979106014,0.653224590910801,0.642001240470533,0.644400576138406,0.643301910571404,0.639507238956762,0.643355493688041,0.74876687334571,0.639184449189451,0.67367252270129,0.626396670981832,0.605929131037945,0.638809167614624,0.630374629492366,0.644550074010024,0.613326292694834,0.701455788732485,0.637152303575936,0.637547522568974,0.641808194267651,0.600710108648243,0.660169805204587,0.596184420172563,0.675461857297219,0.61349795724593,0.601052257759134,0.646820275007671,0.644318344150664,0.601136589669826,0.63040503508916,0.617975660240116,0.624006986607449,0.626112231869357,0.622627981368324,0.629812704126409,0.621630330225889,0.634558484964917,0.637080200701726,0.637114532110411,0.635263587576008,0.648287169775784,0.628823722858555,0.609672318239469,0.646984483054736,0.643556084970942,0.656495693410617,0.650485329506176,0.626524611718084,0.600742701384294,0.738660822459535,0.740594514589537,0.719178695342604,0.740023864562263,0.710535874790973,0.739343897611601,0.724846530811639,0.726751649970568,0.740176013103605,0.699166829525766,0.726656873637118,0.716308531389284,0.716452139929092,0.739442448335581,0.726786086508791,0.720468934838228,0.717427352561211,0.687354523386573,0.708148881701785,0.705292708806561,0.706639285029509,0.706010541689181,0.727119402442373,0.726708970072272,0.726855200615418,0.723253978202834,0.722715291263803,0.741975979903951,0.744634988359286,0.745835897856524,0.718324036295923,0.734233271022055,0.70251172390936,0.693450484213901,0.705960728774199,0.715245533876067,0.715688099276339,0.724260159560768,0.724274275757301,0.724254267521564,0.703762651714309,0.704275797736036
"53",0.710253994492302,0.785299049889412,0.71348516777186,0.722479479310189,0.701526860451312,0.751387611594953,0.710125918649558,0.744310809324789,0.721358669885815,0.789606757315018,0.7895944619129,0.78976145672665,0.70937783742618,0.751078282057333,0.764142203190184,0.63814774146364,0.722446122331143,0.785137664596675,0.711259603142824,0.723421781993873,0.728977998582983,0.702198063633934,0.721893098764895,0.726550266368312,0.790283185532992,0.726065715015244,0.686681899862187,0.653138756335882,0.64673451103603,0.64668052691419,0.642246117616659,0.642240582870165,0.738695872893508,0.732162922959193,0.739298058187859,0.739294056449978,0.687005461237374,0.705521108189709,0.70168840986186,0.739775416679413,0.686556882239098,0.726025919029213,0.689800712369398,0.725884266648777,0.739364635453842,0.701136641078762,0.747335329086266,0.789843699838891,0.726306077939908,0.711626589115541,0.706825308978868,0.672858764436353,1,0.72580671343831,0.785264606899123,0.701474900500733,0.705370645664487,0.725678833693638,0.759880723183132,0.785085287777932,0.686626213360274,0.721265691807332,0.784817272774706,0.732375751606176,0.681305273247903,0.811425568805738,0.711821115560544,0.697803681457904,0.745250912339195,0.784989319722061,0.701434604802369,0.725391870134776,0.731936779710287,0.687502636292334,0.724997367547549,0.80503259458078,0.735459326090828,0.715237314721779,0.64676563415601,0.637983781159761,0.646609026999319,0.643997090352513,0.637798180337588,0.681620746840784,0.726089028984991,0.704507270446617,0.741836012635305,0.789594231165938,0.708600707403278,0.686515519856847,0.820401368013666,0.701655783942595,0.76591676937654,0.743617271657273,0.682151327978841,0.725820303822346,0.691718961354777,0.807688746216268,0.686731831344872,0.705594640712573,0.752820727166875,0.711917608987171,0.698011231317036,0.789593292876409,0.701458652310462,0.727439071409418,0.734868389480184,0.70891594495218,0.696848688317657,0.699497606134894,0.73917087359477,0.744319710072399,0.785163411219074,0.760741555254493,0.741353913060609,0.710636791876816,0.700769269754341,0.746850618907666,0.646864571654336,0.784903933309839,0.738768711616454,0.726131101006846,0.705206254472895,0.837199028357686,0.789461664500261,0.849134847990631,0.836867255742321,0.761682976013909,0.838348700502804,0.844326076874948,0.835054130092435,0.822260528057619,0.847834672812522,0.839744832592978,0.84384624287753,0.841580633862572,0.8161978880132,0.845437173895677,0.848418188707509,0.853029205816459,0.843332985305831,0.853839738920457,0.848340820490684,0.849026065712735,0.848574791098885,0.837367875479917,0.839835414145691,0.838945649184768,0.845514469534158,0.843500606335774,0.831149428709905,0.802697845728881,0.788086698891227,0.850417484767031,0.823488714526792,0.85486436412455,0.853248530011169,0.856698129398504,0.844642995691462,0.844071447672421,0.845880555504149,0.845371422424354,0.845560439157817,0.855410950148376,0.814876810985617
"54",0.693720346352544,0.700227949136236,0.679584628724723,0.721165236203771,0.655140867671998,0.683958172780593,0.693716366371337,0.671609970423507,0.653651579602532,0.679648092888531,0.679600424748535,0.679819479433102,0.662393832922899,0.693558857809156,0.706433701572987,0.608438632283061,0.66111018159846,0.699974521779284,0.66410960662461,0.689227684576633,0.687391305092063,0.64383110739967,0.847598280533055,0.999272827141476,0.680437504008017,0.999566450483568,0.624836159778406,0.616601762926999,0.61050436995211,0.61046797874201,0.606326039523156,0.606332344943091,0.667113988752516,0.673362259027897,0.657895617402291,0.657829753941551,0.625081770439265,0.622019166897935,0.646605431293607,0.658231759418827,0.624783943047694,0.999579716393573,0.665663506809282,0.999640102741397,0.657924390695938,0.677390839086879,0.770542278465408,0.679816010892462,0.999453237086963,0.655792486101805,0.700351924832923,0.626269019914606,0.72580671343831,1,0.700063387521636,0.638600675426935,0.621836038600991,0.999532997701015,0.6737983256653,0.699865834285561,0.62477469220116,0.847402967583286,0.699556367262709,0.664072195117423,0.64310005433632,0.775029654807739,0.662168724448307,0.640524010169056,0.660587780413373,0.699762609858836,0.637679760056142,0.999489511937021,0.722381001539183,0.625484266665595,0.69634425635459,0.754592403071511,0.661217213535279,0.704173547890493,0.610475833073653,0.602860929100958,0.610440062346912,0.610438453630578,0.602751765311857,0.679251891289631,0.999554896181862,0.645206348043169,0.673397891709004,0.679644688821874,0.679503674287489,0.624671608850979,0.808103497432519,0.677795829863088,0.68000014667456,0.753333351344762,0.619343837249795,0.701276078937765,0.639520545224905,0.772995203955879,0.624882081189041,0.62210964230053,0.733011919296133,0.706336404835045,0.640717024952199,0.67952947910051,0.660232107921755,0.652307693813129,0.644631566038664,0.647569280003997,0.668351602516022,0.640950135834447,0.657768673403699,0.671589236351744,0.700012302062886,0.850500026927752,0.693324903035453,0.651089416484105,0.657366559352267,0.677483030900284,0.610578950895165,0.714513538223558,0.688638792400645,0.999522929107146,0.62173690155469,0.809829573700397,0.72647915717449,0.808165775452543,0.786840301503643,0.681737697684399,0.791069457324493,0.797366853111735,0.815327610758386,0.786092774644439,0.815593141985988,0.779758919633379,0.745645017040378,0.740891906153066,0.776088587828814,0.788437986723275,0.805966149966713,0.811339109706222,0.823554415476968,0.797178575374689,0.811747825669702,0.809210917365926,0.810338593083006,0.775242196262582,0.782126837932021,0.778710148773949,0.780970679128415,0.828957151369229,0.788496120534879,0.796734104641088,0.763916756461976,0.811789207308539,0.762648295799404,0.771732348452978,0.796107632814427,0.801756596188203,0.786681766496559,0.783726976578445,0.764577971890109,0.763091902987021,0.76349185987857,0.785777076282024,0.71185326488834
"55",0.701701228661119,0.999555256244856,0.670062675673215,0.704413836081354,0.650004130190039,0.696364912060063,0.701606490357097,0.667349459599589,0.647981196781157,0.666989560867138,0.666965740360999,0.667147779416663,0.765802970178442,0.85233577279093,0.791484444087886,0.613692052924235,0.659790577611775,0.999497912558071,0.666806279394141,0.698326387793478,0.670599062809659,0.644555867185134,0.735716824758738,0.70069170467059,0.667694972258561,0.700204651803907,0.629741258707869,0.624013843014914,0.618008174893829,0.61794223148812,0.613689286963019,0.613635416921045,0.675902417014812,0.741172956867811,0.665647653953758,0.665623106466207,0.629956024264559,0.624366325292221,0.64251658222469,0.665990203878329,0.62962210122365,0.700211955550824,0.678511273019114,0.70006246564543,0.665669103409218,0.671513022484132,0.864083765639607,0.667258287692797,0.700464737023443,0.657738865145518,0.694136845108278,0.637184812939221,0.785264606899123,0.700063387521636,1,0.641891029260942,0.624201025438111,0.699840241750764,0.685116571492269,0.999455141782304,0.629653577335057,0.735099338972473,0.999251087709606,0.659781818346992,0.652893824490772,0.838917816748457,0.68396602706783,0.632978477021831,0.695689477632368,0.999385979941856,0.632176592413535,0.699565383620045,0.757620589255031,0.630421388700859,0.726473987643766,0.941641596478428,0.664616885116431,0.680081728498183,0.618005143737237,0.609753654023068,0.617955076955,0.614788346246953,0.609645795573691,0.665899718195217,0.700201065835263,0.639304549648573,0.671813748128175,0.666972027757153,0.691639372034672,0.629552215505727,0.82634851270622,0.671920516798568,0.755600538110972,0.786501257184291,0.62102554474543,0.692004766673195,0.636669098511761,0.776182309114759,0.629773603714846,0.624461914761377,0.760127097487455,0.699948221774842,0.63311839751138,0.666954239306249,0.670393623241309,0.643766582699867,0.642991269366681,0.650574562394173,0.647515512918907,0.641170745145673,0.665525135501755,0.667365562283415,0.99953420555723,0.794480646859336,0.675391577873639,0.661408589852603,0.645624636363105,0.681371652245752,0.618125061061694,0.77633341307276,0.761157611328268,0.700278467010188,0.624105685312141,0.814568272385556,0.756655985498857,0.788729228260274,0.801345017687154,0.707155704242355,0.804154997719294,0.797707296278792,0.823058746829494,0.805318868631869,0.818549744865554,0.772258152735291,0.766606261252079,0.763508122747224,0.769400558660136,0.799124923669919,0.787348959697751,0.811674767598501,0.805431087522561,0.792883162753448,0.802795276109929,0.801941786482601,0.80230324384302,0.76925588778887,0.772880761158143,0.771230180683688,0.779832081663789,0.799420064915424,0.794470276058683,0.789949176136647,0.762657398925317,0.796903472190662,0.778808837876143,0.792194788388322,0.801991209278777,0.808943634151842,0.773746423976667,0.772365734839649,0.775794249445275,0.774933357445735,0.775199788516451,0.800367815284287,0.746123466771683
"56",0.647961053878603,0.641924444274005,0.649093258272949,0.650813478239805,0.665523631559895,0.674409967839373,0.647876091359523,0.672935243227281,0.699827735367905,0.660702263424937,0.660739886674433,0.660933070207114,0.678646576552952,0.64642225062991,0.662036659743955,0.612836686108113,0.685421468387196,0.641769075646039,0.702702391201076,0.651063841491459,0.677074788762007,0.685652261702941,0.640576772191388,0.639186963553985,0.661460772737316,0.638790709001639,0.695434373731844,0.626685643361232,0.620376467257971,0.620428250901244,0.616589238264185,0.61654400483749,0.683233580494975,0.678925057378581,0.681569560091085,0.681496878364864,0.695765042800098,0.725327610276936,0.715096487701664,0.681931889569267,0.695349657420301,0.638817442672126,0.640554765590107,0.6386966769147,0.68158582264325,0.650841780559666,0.6499802550699,0.660924967673792,0.63894843145243,0.711422327563014,0.658432764153109,0.618506812270311,0.701474900500733,0.638600675426935,0.641891029260942,1,0.725184509076642,0.63851534023828,0.675174495475242,0.641730921537374,0.69541375306255,0.63998089382144,0.641347096259746,0.68836294418518,0.654310364065706,0.64552114047039,0.678609229728711,0.668130852265336,0.677897389267918,0.641549882381684,0.683036023543436,0.638247940884124,0.643204628944153,0.696251349297544,0.659670663696056,0.657490164127875,0.701385759000524,0.653163615988257,0.620466626226794,0.612968886515261,0.62030544735006,0.61624140439514,0.612858155132245,0.623282741393063,0.638830156074871,0.676493675906693,0.677988146107598,0.660709599671593,0.659530557065376,0.695339613948771,0.724718263201778,0.651197255841274,0.65947867716429,0.662614961055927,0.69495476098061,0.650472022948338,0.683955579717728,0.736115474238827,0.69551391730489,0.72538952798599,0.659239982777729,0.651649664712804,0.668301173437475,0.660789707161788,0.703639161039716,0.678279477570836,0.705175044675191,0.709645755913789,0.672403795910732,0.710844924969422,0.681420877328605,0.672905173758216,0.641777376564084,0.651706168994675,0.672384896058409,0.693914999616442,0.682040071781321,0.682139935648467,0.620563581103433,0.667883215055121,0.656155613540023,0.638882856859901,0.724974211650517,0.734908302070094,0.733798987941677,0.767322468508552,0.742320966208779,0.751831022868717,0.741207658893351,0.765265202800187,0.726687446204468,0.735539965566232,0.721424035768306,0.777834679783835,0.7852916287991,0.786016839822609,0.760413242344465,0.763472802574589,0.768572936870813,0.750641773870623,0.728563015254945,0.7605607418569,0.751757994598372,0.753734944853978,0.752845815349771,0.778798060036738,0.777594129752206,0.778223885235383,0.780121643557431,0.75358843907612,0.748926181759012,0.716959478375876,0.721016378671592,0.76127155115274,0.75995185060352,0.764253208348718,0.748784940330252,0.748288060803347,0.781379066786081,0.782447294883883,0.779414958369888,0.779705953628052,0.779618798207707,0.753744405831463,0.773568089644506
"57",0.62919424887473,0.624243915562451,0.631085291316541,0.634010214151586,0.643646589640655,0.651192257070338,0.629079598339335,0.655045911689258,0.697978529923297,0.64370490799654,0.643725093709207,0.643918247136045,0.650383846987553,0.628378209904551,0.640965745280924,0.595702187887906,0.664859141520961,0.624081306810307,0.676184517559125,0.63316136800927,0.656390879052922,0.688027749164776,0.622922839090906,0.62241544137682,0.644462087127794,0.62198815955523,0.67824085101133,0.609165730519755,0.603598442195271,0.603576210043841,0.599525044176705,0.599522091374206,0.659418756712393,0.651998652524399,0.658275008342268,0.658272574786656,0.678680374980492,0.999479748157933,0.698939611631022,0.658718094240987,0.678136542970665,0.622046541203427,0.620683644424015,0.621884582594089,0.658318592832424,0.629493177083538,0.63092207494086,0.643966473768065,0.622185597595424,0.769351951561234,0.64373902806045,0.600809330209443,0.705370645664487,0.621836038600991,0.624201025438111,0.725184509076642,1,0.6217279038038,0.656154468649466,0.624059701064659,0.678186865360929,0.622336617755625,0.623665489843128,0.664652261072214,0.631697471991855,0.628290203182786,0.655392675961432,0.646505089542699,0.655083862199939,0.623918839635148,0.740160069187268,0.621489590395697,0.628040287581463,0.679268770566626,0.641780745234553,0.640416694535248,0.672999340915263,0.633286476529238,0.60361927987873,0.595732469612716,0.603405773763609,0.598763512517041,0.595653814334263,0.604391025770393,0.621964872125954,0.655874900913639,0.649667382395431,0.643738537184455,0.636768332240615,0.678082089125866,0.699461612959577,0.629956250485808,0.646867529531317,0.641644580346548,0.764631902312996,0.632110168569929,0.730687441238143,0.715211872860881,0.678310238632787,0.999555470456116,0.637401349481983,0.634493436035355,0.646723977091151,0.643698161922159,0.697753426764739,0.656064304126115,0.745306810174546,0.699037157512453,0.657622734011089,0.694623494309161,0.658139617823008,0.655112607976968,0.624081723548063,0.634566640479006,0.650663245179069,0.674179009788085,0.708620802946507,0.664216455736045,0.60370538266861,0.645445524969634,0.63798660273001,0.622103355099493,0.999182221199589,0.714625410372242,0.71425387654134,0.755769987486337,0.722594842438412,0.726326691028068,0.72132869740656,0.748721496931374,0.708252710290132,0.717945647043156,0.707828347191344,0.767824662659449,0.791700646654674,0.792818397560637,0.738311503539746,0.739913042749497,0.757304800349355,0.727226404271427,0.703005825610324,0.741983624418789,0.730369014070482,0.732581988136337,0.731437007471753,0.768725202246863,0.76741524655524,0.768364057781814,0.778081131711742,0.73673749315038,0.726980940917783,0.691017537793838,0.69689481910644,0.75107639264108,0.732186222953972,0.748956833940795,0.731139191104939,0.726818682597519,0.778020586750021,0.779146505995131,0.776297623929902,0.776699104705253,0.776643328575173,0.731617708175999,0.752893493871897
"58",0.693506111163744,0.700004840021834,0.679397466329867,0.720956881854205,0.654985185297455,0.683914563087499,0.693502057435253,0.671451905511683,0.653519604960401,0.679511201985985,0.679463420901623,0.679682448959674,0.662236437751114,0.693365974840947,0.706198487694143,0.608370693293128,0.660960321915351,0.69975147202124,0.663973996158864,0.689091278838766,0.687319136065451,0.643671249508725,0.847491876978451,0.999056264340987,0.680300363287377,0.999394180298344,0.624774643260121,0.616458937396772,0.610377363324012,0.610341010927762,0.606208187694011,0.606214535110959,0.667096740148219,0.673191336800407,0.657799743665792,0.657733971174429,0.625020241964247,0.62191103621541,0.646517855076036,0.658135981805287,0.624722635523234,0.999447102794689,0.665455442263546,0.999578228943786,0.657828647017369,0.67720237699471,0.770339340454223,0.679678919690263,0.999276558544449,0.655632608973156,0.700179495359179,0.626218022910964,0.725678833693638,0.999532997701015,0.699840241750764,0.63851534023828,0.6217279038038,1,0.673737877237801,0.699642850126613,0.624713400610053,0.84729816513783,0.699333314466118,0.663999382549616,0.64295491073476,0.774880140705489,0.662012964562162,0.640382156159391,0.660484630793277,0.699539549992954,0.637567759463117,0.999600499073315,0.722167211692762,0.625422407677076,0.696099021025101,0.754391060008009,0.661156100699252,0.704041258783439,0.610348602095948,0.602716088013782,0.610313153782687,0.610318830571477,0.60260678821018,0.67916156374716,0.999375888041753,0.645055214249334,0.673288357508738,0.679507757314648,0.679249707908253,0.62461020032185,0.807945698761006,0.677607265778107,0.679785158315843,0.75311047947297,0.619188009331444,0.701111550418151,0.63937324869894,0.772902020474379,0.624820612104016,0.62200146146086,0.732773580341594,0.706101547006837,0.640575291232773,0.679392522764569,0.66013507997941,0.652195857284816,0.644507034702946,0.647508792381688,0.668198438238574,0.64088141938582,0.65767296230708,0.67143132086729,0.69978930453731,0.850314260136603,0.693125038344441,0.650971906627201,0.657247266158421,0.677480250563738,0.610451755414449,0.714311151565393,0.688468607991643,0.999386373632675,0.621628802748246,0.809621720731097,0.726307109699473,0.807982128502175,0.78664395156948,0.681613209523657,0.790870867971144,0.797181079915548,0.81509613818311,0.785879495705589,0.815367512967882,0.779589685533185,0.745468879392841,0.740717530383098,0.775918770531551,0.788264389243758,0.805783543471522,0.811153215427881,0.823373354145823,0.796998224032147,0.811567762832418,0.809031444798207,0.810158951935584,0.775075310652564,0.781957491793988,0.77854168168451,0.780789215530201,0.828759064153537,0.788313706843697,0.796545601644625,0.763748171478374,0.811594602016612,0.762486105866339,0.771560801351805,0.795930270059518,0.801572519961234,0.786512314260089,0.783558686362313,0.764399531223227,0.762914047627384,0.76331378519619,0.785600638880593,0.71171242668675
"59",0.676110337559811,0.685204391039787,0.704675976718699,0.69180248834018,0.699986891132834,0.733134009959616,0.675940407380195,0.748004122317874,0.713843056427257,0.737280823961476,0.737299599864866,0.737439969298872,0.674765077562094,0.682977891696369,0.68358473579745,0.61935150296558,0.706528825740627,0.684995520110278,0.692024995089156,0.709055717247479,0.734552972830202,0.682249315132613,0.66650786946641,0.674422466397393,0.73821398748724,0.673976979361872,0.664322346132907,0.633398303766447,0.627319760544297,0.627301042090529,0.623420711158716,0.623433583720281,0.749332217387748,0.66723626309884,0.734808351431769,0.734770451768256,0.664656732303156,0.656300838466181,0.678737702088911,0.735167838005211,0.664233339858654,0.673973243328319,0.65658609567285,0.673857837190647,0.734757929869271,0.676611057555546,0.67184193068221,0.737607822599863,0.674228970951918,0.655886556481669,0.66893728990195,0.649064511869273,0.759880723183132,0.6737983256653,0.685116571492269,0.675174495475242,0.656154468649466,0.673737877237801,1,0.684906198249612,0.664243000543607,0.665905483610816,0.684578205022465,0.737411917183952,0.65603934024415,0.704409394929457,0.69087303291432,0.689427372343423,0.762217221172734,0.684768539079299,0.677467851257205,0.673415342556185,0.677353595936375,0.665067833055689,0.69918303471718,0.708293739025677,0.728528010728536,0.696565297027184,0.627345328109893,0.620115586693678,0.627205112480466,0.62229719652371,0.619923895989538,0.642373565629927,0.674043005019279,0.685342833288566,0.719445564130619,0.737242113643689,0.689312197343249,0.664135214543537,0.801012666593243,0.676916888921311,0.707938640161132,0.68302878336967,0.646677595330319,0.714560994275651,0.656465473752489,0.74506771466166,0.664345050274083,0.656421153752292,0.690830306879841,0.678011758975878,0.68962312274251,0.737235341365041,0.678500634258984,0.718373599914956,0.701917921403208,0.687847576280979,0.687770112378682,0.676736584850226,0.734641787562976,0.747922825921926,0.685026116067329,0.69572936222469,0.720947962274493,0.686233224372618,0.667302800734996,0.754966550850094,0.627424039469428,0.758526735392127,0.712702624208182,0.674121982270961,0.656036618871515,0.778714160694151,0.753825646015701,0.79552773241136,0.784152517811303,0.748429099034341,0.784369979880571,0.796308626875474,0.772242518794389,0.768875316210082,0.778141379780934,0.795188671257129,0.795968908755991,0.795149991248194,0.776820433463565,0.797592804689709,0.795596821388166,0.796426008574553,0.783326140519819,0.800136156867008,0.794748997928714,0.795990001395974,0.79540159916406,0.794435298865594,0.795028124376705,0.794854615749527,0.7940453822865,0.786692008299954,0.784338044466711,0.754524196433745,0.7486445672018,0.793182304778374,0.786602280028319,0.803851917869821,0.796072160202421,0.798146153300379,0.79589142956606,0.796162225673535,0.796947600973673,0.796834132704563,0.796870121397507,0.801431573635322,0.789124727162478
"60",0.701515841968694,0.999476738753305,0.669935020433209,0.704218783991123,0.649838974667355,0.696228192748936,0.701420868061275,0.667253721361399,0.647884409675918,0.666802482225367,0.666778542768332,0.666960389271359,0.765790033086465,0.852329263443438,0.79120782292558,0.613461071956966,0.659618926526385,0.999597070185744,0.666652609987447,0.698003359274116,0.670436956158795,0.644376291208187,0.735471234995926,0.700494039513906,0.667507791508278,0.700007060111029,0.629557846762153,0.623765900608805,0.617758070379918,0.617692126547779,0.613445552491282,0.613391452353357,0.675796520967027,0.740975655393924,0.66556085812444,0.665536459795884,0.629772688024716,0.624224899589912,0.642356617191567,0.665903373641391,0.629438697343162,0.700014209639645,0.678248172527142,0.699864822744743,0.665582316854229,0.671284785923581,0.863813779531327,0.66707112435562,0.700266884589722,0.657581735536546,0.693862075945413,0.636951045277221,0.785085287777932,0.699865834285561,0.999455141782304,0.641730921537374,0.624059701064659,0.699642850126613,0.684906198249612,1,0.629470112199071,0.7348540727202,0.999389753009943,0.659657538160243,0.652677575575034,0.838754959185602,0.683792724096077,0.632859805706191,0.695590993424861,0.999514757486189,0.632038972544214,0.699368044281763,0.757314861066943,0.630237834737894,0.726182493946254,0.941511620806576,0.664412231473278,0.679836979682826,0.617755204278346,0.609516846488329,0.617704955687013,0.614530522943194,0.609409337917921,0.665779518597987,0.700003505125255,0.639191738240604,0.67170785019182,0.666784861343036,0.691330132858359,0.629368933042253,0.826162894423648,0.671692232215607,0.755546297806959,0.786286493596815,0.620934720963322,0.691844109665925,0.636587343292887,0.776003071561008,0.62959020962724,0.624320430914164,0.759886699687789,0.699732682742335,0.632999470174578,0.666766946054175,0.670275422524122,0.643643240244191,0.642829121012409,0.650444381988531,0.647302968587961,0.641029689237354,0.665438466662524,0.66727004591192,0.999557533664567,0.794410773894355,0.675234618516241,0.661250680509766,0.645388581010425,0.681323813954534,0.617874953258404,0.776205243417112,0.760962200329387,0.700080644045597,0.623964331921638,0.81428350163566,0.756386058714633,0.788490730854903,0.801062421359264,0.706956532476269,0.803871776202585,0.797479980392485,0.822776489972088,0.80503380634522,0.818303736772245,0.772018140790602,0.766382075408305,0.763284359971649,0.769138307107281,0.798899236839201,0.78710921500559,0.811448378411861,0.805238212751527,0.792661533153151,0.802592524732507,0.801737337288088,0.802099724364039,0.76901659926751,0.77264086984966,0.770990314589834,0.779596292214477,0.799167587278853,0.794203396789076,0.789655899916345,0.762370261184207,0.796664615404767,0.778572295519162,0.792000587846116,0.801805062327061,0.808730528471689,0.773527328630602,0.772146748094656,0.775555030354481,0.774694416971086,0.774960755355906,0.800161257567,0.745940671319907
"61",0.636239471613066,0.629681275811006,0.66144249958837,0.648323384013817,0.672521491636688,0.656378481984528,0.636100027225902,0.659662505005449,0.677075433162728,0.652324802471804,0.652401517190061,0.652595412781503,0.743017006394655,0.634231140292547,0.642806501611948,0.603880284853899,0.69308413698313,0.629533335508249,0.690073453235565,0.653919469824848,0.670650189552636,0.702913244596866,0.62600232304969,0.625380020350084,0.653028625612519,0.624951103617373,0.999664152289666,0.61896410796334,0.613274653363082,0.613299036524976,0.609186876598472,0.609161728567656,0.670528617605542,0.760882417570858,0.664900888618951,0.664852670541082,0.999436959884023,0.67832565413463,0.918400378605796,0.665277985133574,0.999684212705235,0.624977139732347,0.632157789157691,0.624856155599197,0.664905125221349,0.642891599516566,0.632093186967749,0.652545656782946,0.625134626933959,0.657159170495609,0.652947852198725,0.613362362685611,0.686626213360274,0.62477469220116,0.629653577335057,0.69541375306255,0.678186865360929,0.624713400610053,0.664243000543607,0.629470112199071,1,0.625439899052147,0.629136607520543,0.673576572421517,0.632755346339964,0.636942894839526,0.666979322390286,0.655036831057887,0.663928276944248,0.629332244127847,0.683568579237042,0.624433639844647,0.637314879168957,0.998974974248158,0.649151066913539,0.644848489401765,0.699117333563424,0.658289507990534,0.613304610428944,0.604901553499756,0.613154578464792,0.606752123756994,0.604777246626004,0.613991783451523,0.624965682399084,0.664165031536858,0.665653516717886,0.652315602324308,0.65102806796473,0.999642475565976,0.70592275777621,0.643344361691762,0.660841840371667,0.643141885347878,0.654926556135288,0.648379957986815,0.652410413248599,0.843268034560515,0.999663894492084,0.67840701605615,0.644442512748788,0.647290567744285,0.65523643174356,0.652329882449667,0.668907003217239,0.657040639857084,0.695150336744774,0.742369723262752,0.778634166023785,0.70808435798686,0.664762484342418,0.659751107928375,0.629547111309189,0.643678477744159,0.651033695021116,0.673043505517251,0.646706252596989,0.674755294299846,0.613426789764008,0.655802416311787,0.655467341813213,0.625032413754948,0.678033435095633,0.725917932296215,0.735890571786605,0.758417638952757,0.747520813326291,0.776931542244656,0.745320125728635,0.755523406719868,0.705328061268754,0.713091589940707,0.714250334862459,0.775353966715316,0.777232105412459,0.779323733920989,0.757324685216567,0.77052150341305,0.759794972660416,0.756048919450648,0.738188477457755,0.771982312463388,0.754522079315767,0.757500565115903,0.75622722386592,0.777429492313888,0.774220626273225,0.775705382975006,0.761185943697793,0.738296191520511,0.751257368910377,0.709278898638287,0.722621364764174,0.748373912292361,0.775514017383656,0.780999927004368,0.757069950234256,0.761045663254647,0.767975681775887,0.770130291641245,0.775040309478177,0.775808851920845,0.775549563502609,0.776079052791145,0.811503993997826
"62",0.709373329549115,0.735235403961285,0.684740268996705,0.741832882655847,0.655546125867236,0.695464029088034,0.709329040051723,0.660547618217155,0.655347284824178,0.67214134292698,0.672090467021245,0.672288124704904,0.68068883752836,0.71472467846595,0.735076892349289,0.609302683587766,0.6601793007128,0.734941724484893,0.665632606797351,0.703379612294103,0.675540567965737,0.640310918856562,0.999132217875197,0.847688512121348,0.672876040914451,0.847260239637974,0.625521068726441,0.619894686979833,0.613648349721178,0.613535590820982,0.609555389881961,0.609543410047928,0.668612072887939,0.70232411869043,0.659605415735574,0.659538463240282,0.625745973460213,0.622513318797107,0.646837208801117,0.659926139853465,0.625454907984465,0.847594479118094,0.675792587370153,0.847416269726631,0.659643889280875,0.67291385082672,0.79354446017791,0.67234344240686,0.847547281567648,0.657796418317495,0.735970434151487,0.628171264944526,0.721265691807332,0.847402967583286,0.735099338972473,0.63998089382144,0.622336617755625,0.84729816513783,0.665905483610816,0.7348540727202,0.625439899052147,1,0.734638831671326,0.662796268021961,0.646130931881729,0.842216007744255,0.669225029756281,0.629721738601265,0.669152403015614,0.734829919507118,0.635187202788728,0.847097161511609,0.740730398215206,0.626185642142438,0.71749603765246,0.776145797084244,0.658121766312574,0.690858198313164,0.613604750669249,0.606065402118372,0.613541174747968,0.612116490704105,0.605933511032265,0.674233147348716,0.847257403390369,0.634500163455778,0.668404852118717,0.6721252732328,0.675717449720383,0.625326121864941,0.792932127856849,0.673272658582766,0.688583471134426,0.775782530832731,0.62017899829455,0.711924853219733,0.639380783809442,0.76959002935011,0.62556189509316,0.622614806129698,0.754570742624994,0.711638869953996,0.62991230958828,0.672066021139927,0.657512148330988,0.641141068827711,0.646103131194117,0.644672049617731,0.668552028927955,0.642251007929103,0.659486451846684,0.660566971994577,0.735052472469881,0.803830488177809,0.700335126759901,0.65053608261745,0.652782268846372,0.681050125682204,0.613729360627912,0.731479389034565,0.709731972744424,0.847632546947189,0.622269737736821,0.813781938213725,0.734432317563733,0.8025934141084,0.793152858782799,0.684442305594334,0.797165617575201,0.797698496415832,0.822657642053158,0.794166372993562,0.823126669089131,0.77654978165732,0.750703631417454,0.746243976301256,0.77410560146889,0.790914463611876,0.800538262910371,0.812348372299106,0.82113838400032,0.797127545983065,0.810548092496436,0.808355705746187,0.809332288804316,0.772301179782505,0.778483341821121,0.775466299854405,0.780182599964771,0.821969707895834,0.790688236814442,0.797374424412888,0.765103755164625,0.8095657602504,0.765988994940273,0.776979875968273,0.798568611802256,0.805080553847592,0.782119965884993,0.779512711859774,0.767201250698434,0.765838232680131,0.766221607974395,0.790639719650814,0.71789261761885
"63",0.70116824121087,0.999153602789633,0.669572243051631,0.70386817386637,0.649486231100496,0.695812928459109,0.701073537788313,0.66691995271231,0.647515267816907,0.666448395323681,0.666424647154503,0.666606349764629,0.765595357570031,0.852005662349401,0.791175440004913,0.613241779560954,0.65930293116073,0.999423562339063,0.666301333877559,0.697822977756961,0.670110492193318,0.644044858401797,0.735255060358533,0.700183928865432,0.667153089009126,0.699697388041539,0.6292242805443,0.623515183662464,0.617543202172356,0.617476978234434,0.613218517538607,0.613164431845717,0.67538638856904,0.740798521271935,0.665177809552439,0.665153320331912,0.629438824519058,0.623830680986792,0.642005721032809,0.665519709719599,0.629105143221164,0.699704562314284,0.678051703300484,0.699555389302475,0.665199239745232,0.670999650163432,0.863612736355691,0.666717150966852,0.699957013144119,0.657193506629999,0.693620060216521,0.636725246323083,0.784817272774706,0.699556367262709,0.999251087709606,0.641347096259746,0.623665489843128,0.699333314466118,0.684578205022465,0.999389753009943,0.629136607520543,0.734638831671326,1,0.659264221843396,0.65238394072233,0.838698418929198,0.683451380824806,0.632535674896683,0.695194787215034,0.999603908787084,0.631696614189513,0.699058839908864,0.757048835931942,0.629903467382288,0.725796407166255,0.941309732897609,0.664085036948147,0.679531196285105,0.617539968266487,0.609258915897003,0.617489936171151,0.614393603390174,0.609151334409932,0.665563197624631,0.699693874023551,0.638846777262996,0.671347967633921,0.666431094095075,0.690957807058984,0.629035388856344,0.82574322267436,0.671406636927276,0.75544412162856,0.785833819661539,0.62052137618313,0.691476388887948,0.636167177463145,0.775634130841014,0.629256620546695,0.623926103531722,0.759487227077032,0.699321965436498,0.63267521426312,0.666413022993794,0.669853114299694,0.643293000182594,0.642458837445616,0.650046741250675,0.647003374326288,0.640693447586257,0.665055440924368,0.666936198893774,0.999432495027478,0.794098557162474,0.674903268583519,0.660901622372083,0.645066963119196,0.680920576591463,0.61765974138477,0.77573343497379,0.760632613294195,0.699771072845647,0.623570481020959,0.813896256219765,0.756047010306258,0.788040578323325,0.800674674237369,0.706591136251152,0.803482731118979,0.797027651481317,0.822375484785812,0.804648839499733,0.817882588849627,0.771576490352241,0.76592537742813,0.762829944255573,0.768739948215311,0.798465570838678,0.786659812017887,0.811011902295232,0.804813149196543,0.792210403124741,0.802142730942754,0.801286719600439,0.801649495583652,0.768576857038206,0.772198744765096,0.770549137831183,0.779139956224568,0.798733360071241,0.793810923091377,0.789328593159212,0.76205027526167,0.796212152211849,0.778172296486705,0.791545296442578,0.801353051756215,0.808289151278036,0.773065029177956,0.771684915507737,0.775107558392083,0.77424743893903,0.774513599106089,0.799718401609031,0.745519864560417
"64",0.66895842884793,0.659883189522397,0.6982317085519,0.679295817012182,0.72750782076122,0.713740054698683,0.668761680965536,0.772409276932801,0.763404147308778,0.713235246072972,0.713339267580266,0.713475302728405,0.668252919062428,0.666202038203186,0.664974186886305,0.617258356797607,0.712562009667583,0.659684246436879,0.694601491195935,0.686699508213472,0.690486255312238,0.694500718787659,0.663380864894375,0.664711860720471,0.714085882275902,0.664272495475227,0.673729278386724,0.630204343802165,0.624593687872685,0.624519985097035,0.619973051967892,0.620022159079196,0.732801203706002,0.671747433944427,0.860018405952156,0.860077829302372,0.674031008874774,0.664858317446479,0.682798513366632,0.860304542749906,0.673566217927502,0.664321027345867,0.654208915451052,0.664168171317401,0.860131113616996,0.660371695982886,0.658897701240223,0.713510608722054,0.664471753329432,0.660652091574303,0.676795674281589,0.640246672792016,0.732375751606176,0.664072195117423,0.659781818346992,0.68836294418518,0.664652261072214,0.663999382549616,0.737411917183952,0.659657538160243,0.673576572421517,0.662796268021961,0.659264221843396,1,0.655581856972322,0.680317663243888,0.710829752835601,0.757983479867873,0.729315787745637,0.659494917464001,0.667118541078605,0.663727664271622,0.665733362842129,0.674401623488804,0.68334815950523,0.683040503677317,0.720520152556909,0.672288849020597,0.624618661432787,0.615795325670329,0.624426920871418,0.617308463034591,0.615642397462404,0.629788878614371,0.664319266316013,0.737513865598501,0.767409393045214,0.713268790296585,0.68996989813146,0.673454122039158,0.751560258431201,0.660709219535737,0.675744897461381,0.680112184627868,0.656315155851318,0.695947067954102,0.655283275553459,0.739259488645868,0.673741880325834,0.664922030805155,0.690060238407959,0.6699321627475,0.758134136293834,0.713255954614331,0.712749883211255,0.776931562034374,0.704307327949292,0.678156100646296,0.679146104044936,0.697838081098887,0.860028870248356,0.772484828353911,0.659724452315084,0.671688838308958,0.707773868120129,0.678539930025626,0.658190713673457,0.722086709867859,0.624672538783393,0.696503364528737,0.67876037805569,0.664414236255761,0.664506663803865,0.758530765004977,0.749987625319738,0.788520182701372,0.767316612184535,0.793649203230032,0.766361926120798,0.79915323140154,0.74501636767246,0.74910363270841,0.745302920823743,0.797769551126247,0.795657302809451,0.79604937560741,0.782757736159314,0.808998729715918,0.789270799915512,0.794310812302104,0.77774630320288,0.795428536687937,0.80038697700876,0.802001739252974,0.801493844772547,0.798893973322883,0.797997880181281,0.798094630471727,0.793061010501781,0.775991491399394,0.779148435212688,0.740183609544872,0.742889735042627,0.785512716476177,0.803416717902148,0.80925045984523,0.795385985995879,0.792849494604162,0.802875279592112,0.804020031538872,0.793800705610395,0.794039698118671,0.793924361522119,0.801430828576969,0.826495464740298
"65",0.661700855102852,0.652992903716601,0.644230375403866,0.659956451438289,0.644267050152596,0.663998060743383,0.661544314059498,0.648659741772197,0.650810515783231,0.647732713500822,0.647838597227516,0.647926672582073,0.645505733911598,0.661755887876005,0.672040963672979,0.706557163838532,0.653484644159667,0.652844815732705,0.719235689987551,0.653988961602012,0.659050498072971,0.639096901405692,0.646662010364162,0.643609178301282,0.648439959263066,0.643208274285273,0.632861236909518,0.663215938038303,0.655246383032944,0.655334202212769,0.651554556960124,0.651608253574275,0.671355153330603,0.642490685964505,0.651929925113359,0.651808393880278,0.633160420870225,0.631816160468066,0.649429680139372,0.652208283719172,0.632837021746656,0.643241108788037,0.6901672279069,0.643131252812387,0.651933934649867,0.65480552175368,0.662193395578155,0.647938141947271,0.643485411717736,0.633620531015689,0.666662934480758,0.662617995888838,0.681305273247903,0.64310005433632,0.652893824490772,0.654310364065706,0.631697471991855,0.64295491073476,0.65603934024415,0.652677575575034,0.632755346339964,0.646130931881729,0.65238394072233,0.655581856972322,1,0.656711301745255,0.80642767111526,0.630806757167556,0.675286969058063,0.652623047363949,0.632931993215081,0.642734319402523,0.655642194916449,0.633543533219001,0.683994116511261,0.668330241735215,0.652560701413675,0.660013365595747,0.65531712173636,0.649165765447143,0.655158333694603,0.705093399253844,0.648965114013971,0.719038483931642,0.643194883950336,0.636178884509966,0.654175347442427,0.647719287423027,0.661839031219559,0.632771239566681,0.715777244533174,0.655124748804927,0.649033276051906,0.66819958289172,0.63210392320121,0.655127946258352,0.6256676367,0.70231986545963,0.632940170958861,0.631964263495718,0.667835022173371,0.660467564221612,0.631008663783424,0.647771343210871,0.653853565167561,0.641136518531597,0.642548063161988,0.6489374245496,0.640477939274365,0.651898210840459,0.651788967513501,0.648681043485866,0.652755062426404,0.658110625656095,0.661205235361919,0.656394394165394,0.640938491223816,0.664688826144622,0.655507328223134,0.669495005653693,0.660178631915464,0.643295796662525,0.631639221739466,0.75965329073594,0.761199894181593,0.746737773868789,0.762874644257904,0.730599243174336,0.762085667954618,0.750270027259129,0.747754944379014,0.76139438474394,0.721981864522083,0.754815839428643,0.744895486519286,0.745055989456461,0.76297070311335,0.748380179723243,0.748184323854653,0.739041291448134,0.708107568950071,0.733273474991262,0.72846547500141,0.730064731587088,0.729295333508664,0.755258138646657,0.754805610356108,0.755043231105213,0.750884114878315,0.747812684428838,0.764711984224339,0.76328774188384,0.765425032875031,0.744545982671587,0.755325196717751,0.727014910617269,0.716552781251443,0.728092032060703,0.743526982143912,0.744013907517951,0.752129681282603,0.75215130990638,0.752133290266213,0.726535042567645,0.727363489705582
"66",0.714497590703558,0.839008085577402,0.690822969150042,0.743168709515982,0.65985144847153,0.712892216988921,0.71439913612092,0.686987388224106,0.657304650761956,0.683040313486345,0.682980730036671,0.683187613200082,0.730900396807859,0.783472576074583,0.775439990157533,0.6168178301079,0.671072606291507,0.83885293498555,0.669277645073456,0.714330191677497,0.678295545941181,0.651784091231986,0.842519620071407,0.775534283893817,0.683794831382262,0.775063799043686,0.637034308188399,0.627683469414858,0.621502795378325,0.621389292414327,0.617396655737899,0.617371710648982,0.683451806428071,0.737944043753775,0.686143486131104,0.686113300025115,0.63724927005419,0.628455867608056,0.650609683142784,0.686494676794,0.636922550132266,0.775192749044203,0.679502374183195,0.775050072611731,0.686189041512078,0.692145065982507,0.797226278039307,0.683311067101904,0.775308865696267,0.661136422960935,0.739490058030845,0.646401203309633,0.811425568805738,0.775029654807739,0.838917816748457,0.64552114047039,0.628290203182786,0.774880140705489,0.704409394929457,0.838754959185602,0.636942894839526,0.842216007744255,0.838698418929198,0.680317663243888,0.656711301745255,1,0.686778151745708,0.641957702463803,0.707106990177987,0.83882137579164,0.640075261240394,0.774623439618529,0.745201725669122,0.637711658381056,0.737615651130256,0.870858942770547,0.673357026325355,0.692279978665855,0.621477761605807,0.613563303241033,0.621391798646487,0.619466751051289,0.613430274671192,0.677611368453204,0.775065934239714,0.649288703515707,0.681301826836172,0.683018370234315,0.695417618671301,0.63683347471703,0.803717537263223,0.692527109026924,0.758161533102715,0.768751224744492,0.625808698153338,0.711436286647249,0.643057926104919,0.78992760939523,0.637052264625888,0.62855694904898,0.783476994018843,0.708238598579794,0.642126585650143,0.682983955634981,0.661506193629681,0.653441224483478,0.652261681374543,0.653916473299211,0.669917557632657,0.649149185550563,0.68603002584777,0.687009619181731,0.838958347078404,0.811849957060881,0.689868013779008,0.666452800753986,0.661967921222051,0.693627980403071,0.621584781571119,0.782553577699338,0.750126418784296,0.77526961833954,0.628199390750819,0.831978735312081,0.757458852659639,0.81125465789035,0.814506622410392,0.706971322461685,0.818240790315926,0.815359216146921,0.841003243072002,0.814632181611386,0.842257516394239,0.788370482638547,0.772293948355694,0.768285772496603,0.784197378879328,0.813284362761648,0.809315793535653,0.83256180844523,0.835416199688253,0.813431385372083,0.827209956473734,0.825511979087092,0.82626210153157,0.784504185252866,0.789673312326274,0.787207417252275,0.793641827892394,0.826514917797464,0.809170281598003,0.808207659913861,0.776404962730596,0.820047358606354,0.788232350623249,0.804233212880377,0.821634855026198,0.828380900917985,0.792217640573087,0.790141534295522,0.785681684688806,0.78451049474428,0.784853901039207,0.816303079292014,0.747425442018916
"67",0.687138630959963,0.684018735630568,0.673836606119223,0.690201931819537,0.697819272918598,0.697621163319843,0.687001375429184,0.68043799929028,0.672343469402267,0.681535701046682,0.68164167933074,0.681767970768679,0.671561121715353,0.694134959070513,0.691985625833678,0.644513322192248,0.684763167343342,0.683876452236127,0.800398995767676,0.673236362164112,0.68687921348191,0.673098529657756,0.66982554605749,0.66276837143649,0.682331823118765,0.662332997124476,0.667017284955722,0.659650320249379,0.651994653920288,0.652011960294745,0.647576199736241,0.647591440061862,0.715032272180649,0.684947810061445,0.68361129352784,0.68350578971021,0.667335091373934,0.65555463678377,0.675608288363303,0.683946468645866,0.666975353344453,0.662323299865452,0.680301989188144,0.662230570004488,0.683588988852987,0.687035937076876,0.681530425461539,0.681790430490789,0.66258993508086,0.659245564076385,0.672665024715587,0.636155338405748,0.711821115560544,0.662168724448307,0.68396602706783,0.678609229728711,0.655392675961432,0.662012964562162,0.69087303291432,0.683792724096077,0.666979322390286,0.669225029756281,0.683451380824806,0.710829752835601,0.80642767111526,0.686778151745708,1,0.67649262056506,0.710141343752491,0.68370133012672,0.657550749635334,0.661786471035467,0.675363731453408,0.667754228117728,0.711031917472379,0.698257496191522,0.691640587566069,0.686664575225857,0.652057822627711,0.644639809372292,0.651939399266835,0.649103945311765,0.644420851062272,0.658933619049432,0.662315665629224,0.68603301551753,0.70623080712175,0.681518555236408,0.695078824650421,0.666866448786366,0.750101411995096,0.687386169383829,0.680025961772807,0.688389569884104,0.652664648697562,0.683341334015782,0.645360918273268,0.739879280020628,0.667074581539018,0.655692381139117,0.687995461944787,0.687798087735973,0.676669444544236,0.681574997263896,0.68458064837634,0.690927519782847,0.662911648350329,0.675629144559353,0.669423001881872,0.679226251649924,0.683476329784321,0.680515197834375,0.683881452456838,0.687480250144504,0.689881918546473,0.683451700801044,0.663723047065893,0.689776516218555,0.652169854388543,0.702302608512749,0.702492452120043,0.662424513682026,0.655250867957463,0.779146625452477,0.771180661777409,0.781700767728661,0.785084729915323,0.752935379757671,0.784514379135592,0.783194014192804,0.769686655416334,0.776661654338237,0.757144556030489,0.787515017443692,0.782640251177022,0.782532256541593,0.783645459754193,0.782390510879116,0.782742854034089,0.775170237663769,0.750557085151029,0.775102581853019,0.76892452664618,0.770601040785371,0.769819949451652,0.787609349470946,0.787377964548974,0.787562433686215,0.784505374535317,0.777535834380626,0.785883529217566,0.769957846221458,0.769789373246559,0.77892062050929,0.782761301918606,0.772847121994819,0.761839471650951,0.769600550791151,0.780910485343875,0.781422638125264,0.786861525365103,0.786868673542795,0.786860803713749,0.771017018539543,0.768902570017024
"68",0.633074769558516,0.633084135365215,0.671884614408989,0.641325586290459,0.738839964573207,0.664489131385195,0.632968130574994,0.68928680788387,0.675951681492997,0.67585238469154,0.675932149113423,0.676079605316208,0.643589653722078,0.63711420734014,0.643428449898571,0.591490103983145,0.692162389458154,0.632865292357652,0.659068804103624,0.65732450150821,0.6927981173544,0.670066188593881,0.630246274260216,0.641115780668645,0.676693055050975,0.640720509777445,0.655152979156936,0.604258353439367,0.598800310723801,0.598750841076974,0.595174032878501,0.595139771616201,0.67715113436466,0.660428739703557,0.676850443108948,0.676866787101693,0.655398123244098,0.646667517263318,0.667696059265187,0.677198368486266,0.654988491327609,0.640724375922921,0.619861095926575,0.640574663694609,0.676854882604978,0.663425332908946,0.63276431089334,0.676069247690125,0.64089219195726,0.63941845750676,0.635272077228755,0.600962384794654,0.697803681457904,0.640524010169056,0.632978477021831,0.668130852265336,0.646505089542699,0.640382156159391,0.689427372343423,0.632859805706191,0.655036831057887,0.629721738601265,0.632535674896683,0.757983479867873,0.630806757167556,0.641957702463803,0.67649262056506,1,0.67933482209493,0.632721043369803,0.658941389914757,0.640177515901665,0.630303704530634,0.655862515954054,0.656827203505639,0.649910270532701,0.679175888764766,0.664645542709964,0.598877346597702,0.590971990948154,0.598666849073417,0.594251988974829,0.590869570237689,0.614595286817027,0.640701888559651,0.855635964098328,0.698508825110636,0.67584663308615,0.645640540445307,0.654888014692482,0.732294240301825,0.663719425449724,0.661503850283583,0.648555368037122,0.638190889893867,0.646160907259951,0.631636811866728,0.712752842054692,0.655129932706804,0.646773759850346,0.651907759503853,0.63684024949634,0.999543898524917,0.675867558728388,0.687438716013827,0.873918120380258,0.656712436330398,0.664860699105913,0.646728980567128,0.672430676357177,0.676714754818813,0.68935099413993,0.632933753365957,0.657942922040489,0.668961305178319,0.659794628815475,0.670247050413269,0.679762769065451,0.598908600928231,0.666295046353403,0.652084999879737,0.640798307885551,0.646343030655099,0.722187954541617,0.714241271014451,0.759114235277974,0.730700618411234,0.738005601166375,0.729851915091535,0.753864776621964,0.710281356848086,0.713982435521533,0.71112300131134,0.766280877867278,0.7601326669338,0.760254386859827,0.748572130486148,0.753768487602246,0.76007204085839,0.74438027823515,0.730476684853382,0.753789716550731,0.750346049076665,0.752025694371885,0.751336764370303,0.766899972355058,0.766463996318841,0.766611436947652,0.761062182077877,0.746280302263016,0.73878025906926,0.707919758521321,0.712357672421839,0.751418786569878,0.750011006840694,0.755239789319266,0.743520373086039,0.742455585165019,0.769508769667873,0.77023922082266,0.760013002718664,0.760127097694767,0.760060014000152,0.748358914181363,0.761018647274695
"69",0.682794934902936,0.69580599882143,0.689844294340714,0.69525605952545,0.69339483370067,0.73521461293583,0.682560745107756,0.722918025324392,0.70226311590578,0.716982337405806,0.717042511686127,0.717195178443033,0.68625430480662,0.693792910369026,0.703193169744049,0.629007951297966,0.700652742759592,0.695619628446533,0.701058338914294,0.700003932195209,0.732197291648368,0.677902930863539,0.669795289558984,0.661173318494165,0.71784875193624,0.660731243069363,0.664054915437811,0.642155410158567,0.635113959494606,0.635074550686508,0.631566992864936,0.631606373473672,0.761857517832439,0.681970134226385,0.726176960330529,0.7261276352875,0.664320141663326,0.655188259784575,0.679010855309763,0.726601772243116,0.663950876390929,0.660753588814378,0.662543707205527,0.660617256654842,0.726173356595129,0.681215226886922,0.68275555101422,0.717240692161222,0.660959272141095,0.655431641774228,0.675063631528428,0.657765351843489,0.745250912339195,0.660587780413373,0.695689477632368,0.677897389267918,0.655083862199939,0.660484630793277,0.762217221172734,0.695590993424861,0.663928276944248,0.669152403015614,0.695194787215034,0.729315787745637,0.675286969058063,0.707106990177987,0.710141343752491,0.67933482209493,1,0.695374278386721,0.665892657397395,0.660206478361758,0.682033678263216,0.664724591273516,0.711583509978245,0.712993628298394,0.715529947146076,0.687032924021645,0.635135527592186,0.628050083998997,0.635024062798524,0.631362956168063,0.627903962115529,0.63873588074222,0.66079555460034,0.681407048331855,0.716421423678512,0.716946606960387,0.694886687260126,0.663823723433429,0.779120718999209,0.681554913436639,0.69864049571206,0.69184985712854,0.648297161537863,0.714744652239304,0.651252868835792,0.73619197327754,0.664064506752054,0.655343790620602,0.700434330926468,0.682674706732712,0.679453196402085,0.717016025548176,0.678990735030482,0.707394286958391,0.689602026820351,0.679092965244726,0.669094014853349,0.682899873587006,0.726031639611157,0.722956234525322,0.695577083020574,0.693149347303528,0.721172806381736,0.68855291307139,0.663049179668756,0.734693376305275,0.635274934454181,0.770098185249506,0.718522906951846,0.660841714331448,0.65493809563946,0.780722804352014,0.762302159461078,0.790285707788487,0.785957584729263,0.75390226460163,0.785934158781077,0.796640889562265,0.775624539169818,0.776340196201707,0.774172437348129,0.792067919451847,0.794582462550228,0.794056128494395,0.778144693691503,0.796239371992687,0.790609072207925,0.792154904609596,0.773585552082199,0.792852601342762,0.789056735299636,0.790468011291559,0.789815897986052,0.791641153638671,0.791778922819629,0.791810341251345,0.791936478366653,0.78259861162376,0.78648309209961,0.758781222624752,0.753307420771876,0.788969550643271,0.788364233113549,0.798521945319649,0.788905440837859,0.791872977108305,0.79077794407317,0.791209830215981,0.795091917623024,0.795049687024719,0.795066246454612,0.794906418990436,0.788406206904989
"70",0.70128064833844,0.99933059565305,0.669758545809608,0.704017325509482,0.649683971730758,0.696035182757825,0.701185900586176,0.667090883833634,0.64772953065803,0.666638653272434,0.666614861665341,0.666796688322024,0.765686494573782,0.852084958796939,0.791112107967962,0.613397633091525,0.65947770120297,0.999518892736904,0.666519936172342,0.697900980283553,0.67028279804207,0.644244894445725,0.73544632890989,0.700390447407738,0.66734371735454,0.699903542707903,0.629420040568879,0.623703453171568,0.617741230270955,0.617675074341394,0.613417380066097,0.613363503958571,0.675612146620635,0.74091231702057,0.665352984440338,0.665328443045898,0.6296346726725,0.624084052236239,0.642208020757175,0.665695161233942,0.629300850739763,0.699910930343113,0.678174107623958,0.699761648825723,0.665374434900499,0.671144682221331,0.863732236332445,0.666907473965724,0.700163345148257,0.657438170031447,0.69380127238146,0.636900987506964,0.784989319722061,0.699762609858836,0.999385979941856,0.641549882381684,0.623918839635148,0.699539549992954,0.684768539079299,0.999514757486189,0.629332244127847,0.734829919507118,0.999603908787084,0.659494917464001,0.652623047363949,0.83882137579164,0.68370133012672,0.632721043369803,0.695374278386721,1,0.631926371972422,0.699264890048316,0.757154556667994,0.630099623961576,0.726109500491137,0.941405267924447,0.66427020631859,0.679704253235754,0.617737988239815,0.609431770341345,0.617687890693354,0.614523199962961,0.609324058820827,0.665681106801473,0.699899949293724,0.638994403214722,0.671591694097561,0.666621238634095,0.691232862000105,0.629231024136188,0.825948748929759,0.671551807763012,0.755565785507163,0.786013767778765,0.620728762846292,0.691612095902146,0.636410577276306,0.77585555748901,0.629452365209539,0.624179527611576,0.759715365310739,0.699573587643434,0.632860730267371,0.666603140594303,0.670088843108152,0.643501754198458,0.642685888931075,0.650255916446108,0.647214634143099,0.640869634728494,0.66523057566404,0.667107239158491,0.999583236249709,0.794297573660737,0.67511957577177,0.661086301588375,0.645275231269267,0.681124914485675,0.617857796459685,0.775914834786082,0.760729299420854,0.699977323243427,0.623823734007481,0.814141204926151,0.756280686267763,0.788300567157412,0.800927727963064,0.706819568118353,0.803735179466227,0.797278079183642,0.822612817431032,0.804886588536864,0.818119306047046,0.77184142209458,0.766192798907214,0.763097250742062,0.768997696644054,0.798718058856476,0.786920808413964,0.811258446990859,0.80504106282771,0.792464643275342,0.802388626677515,0.801534242948786,0.801896269521203,0.768841797060129,0.772463994387805,0.770814314341358,0.779407354702571,0.79898901000692,0.794060027033528,0.789561002444497,0.762290058792707,0.79647519507627,0.778420049005919,0.791792248402584,0.801589396459719,0.808532636861095,0.773332023893914,0.771952198537374,0.775374574088278,0.77451444854562,0.774780638736856,0.799963948115555,0.745760581600647
"71",0.633222511991971,0.632221045659852,0.658118186835733,0.646788054162327,0.675354859174666,0.670496644602927,0.633103054845627,0.659834135122834,0.70570545674967,0.665417019294996,0.665494329534552,0.66564694293277,0.653324899522697,0.637930602882273,0.649637951328294,0.600733386084562,0.716823130918629,0.632078435893584,0.684004687863355,0.656743891897546,0.691281812630269,0.732756726293458,0.635758010788008,0.638273633789543,0.666143535078895,0.637858480702569,0.683637728285885,0.614058777812391,0.608051025133992,0.607996121341234,0.604129829523052,0.6041379489451,0.671866499474635,0.674215085137495,0.659220229926081,0.659165973364351,0.684034217750994,0.740415547475036,0.704852518396064,0.659600061739992,0.683617208330615,0.637864711217786,0.627389874827213,0.637767366446176,0.659222621206755,0.64103590981433,0.639271199803953,0.665651972750912,0.638015497370921,0.684539192047572,0.6568589053995,0.608319626993792,0.701434604802369,0.637679760056142,0.632176592413535,0.683036023543436,0.740160069187268,0.637567759463117,0.677467851257205,0.632038972544214,0.683568579237042,0.635187202788728,0.631696614189513,0.667118541078605,0.632931993215081,0.640075261240394,0.657550749635334,0.658941389914757,0.665892657397395,0.631926371972422,1,0.637301736192182,0.636866870688825,0.684522112284551,0.653611093838461,0.64845227558731,0.701480117659041,0.658424743039983,0.608019124473516,0.600550865843124,0.607890167298557,0.601214557324865,0.600442100225646,0.613025725138048,0.637865265974115,0.665326219528179,0.667319953775241,0.665412399876206,0.64414707433234,0.683549511641724,0.718826479637152,0.641453804461029,0.707203843552936,0.650922175384515,0.684154131843789,0.649115981051921,0.694290342877288,0.725461495515779,0.683716162207597,0.7405578981446,0.651868314456618,0.640509663004682,0.659121707268707,0.66542486095164,0.687838195662647,0.661887372010764,0.709747120849582,0.695754475485317,0.669794316628021,0.703832329906622,0.659081198495954,0.659923668638833,0.632087179185949,0.6504024033944,0.65506191548386,0.683199517461605,0.676304269170252,0.674816658911711,0.608091484051885,0.657667542012109,0.64637551106564,0.637943379691908,0.74031523895429,0.728500543537442,0.721766674798792,0.760930219523623,0.736781479204261,0.729182767858546,0.735898020864801,0.754910420826417,0.720103172887272,0.725609418054143,0.72215660222526,0.769162507205602,0.780740114370287,0.781245714993291,0.745488445622357,0.751407615086642,0.761987871219304,0.742638575524723,0.723023415692938,0.754311806370664,0.74364258251521,0.745594356988919,0.744614186761204,0.769598822255766,0.768793147146831,0.769401392543231,0.772304718627333,0.745573299830337,0.739694441784082,0.706912498966047,0.710257784166426,0.755714007569968,0.744555995274888,0.758485641550986,0.743871123059215,0.742963076828451,0.773676670398363,0.774562686056817,0.773396080272787,0.773643283953455,0.773599941705202,0.747800273736169,0.758380010541838
"72",0.693284785424158,0.69972996300613,0.679184365136794,0.720754146562525,0.65475630647732,0.683590658346426,0.693280897828962,0.671203393074818,0.653250503398277,0.679276933589797,0.679229112512803,0.679448191969307,0.66191547619599,0.693136798321781,0.70598652812222,0.608149303093616,0.660739442343765,0.699476625989033,0.66370569053218,0.688861064271256,0.687062199423434,0.643428417594328,0.847289994177039,0.998891000545653,0.680065703036592,0.999302932628232,0.624494900910879,0.616247497647065,0.610174081881117,0.610137692587098,0.606023637623672,0.606029871100341,0.666771107868293,0.672893183086601,0.657529803878346,0.657464018390378,0.624740369223573,0.621672509034462,0.646235948339799,0.657865772317681,0.624442858160989,0.99930108624149,0.665288270878313,0.999433935018765,0.6575587071254,0.677017308764198,0.770088660404112,0.6794445001882,0.999108260089787,0.655455611558554,0.699935248463178,0.625945298808227,0.725391870134776,0.999489511937021,0.699565383620045,0.638247940884124,0.621489590395697,0.999600499073315,0.673415342556185,0.699368044281763,0.624433639844647,0.847097161511609,0.699058839908864,0.663727664271622,0.642734319402523,0.774623439618529,0.661786471035467,0.640177515901665,0.660206478361758,0.699264890048316,0.637301736192182,1,0.721933737210761,0.625142367587305,0.695881130991545,0.754112880203085,0.660849719467048,0.70381805222881,0.610145358255394,0.602512812051962,0.610109877540216,0.610128740966222,0.602403789873992,0.678957140045517,0.999288936602537,0.644836849345466,0.672980530453351,0.679273662010571,0.679093697229553,0.624330531804823,0.807621765724117,0.677421982641406,0.67954531541859,0.752872309622444,0.619030003462966,0.700871010835589,0.63918129869699,0.772579040800457,0.624540877655273,0.621762976004615,0.732546350974666,0.705915799275301,0.640370364192906,0.679158269502946,0.659882366845199,0.651953353281745,0.644229128587941,0.64720354257257,0.667996570737352,0.640617338549963,0.657403102048685,0.671182673917053,0.699514495913565,0.850172435865533,0.692931469776395,0.650777937116129,0.65702204808037,0.677157217350735,0.610248393051169,0.714020070822415,0.688198727389989,0.999234370705448,0.621390315585605,0.809309967646635,0.726010490278123,0.807661550740106,0.786326941047904,0.681305160879852,0.790553695966624,0.796852248784186,0.814796929178131,0.785581438588239,0.815067178063114,0.779269040572906,0.745147314609964,0.740395884787473,0.775612668329132,0.787928426904693,0.805463109444778,0.810818307937513,0.823057090031919,0.796669374978023,0.811238349438862,0.808700930513564,0.809828906776693,0.774755012066812,0.78163713496575,0.77822138622565,0.780472245736302,0.828444339219894,0.787994159128915,0.796262582012512,0.76346798176846,0.811276027833123,0.762159313595636,0.77122372855178,0.795601565586504,0.801238933375805,0.786194125104712,0.783239960321078,0.764076962768343,0.762591419506031,0.762991186310352,0.785264502530824,0.711377390829397
"73",0.775809358670609,0.757522268264694,0.708019436908216,0.793592925099293,0.649763867452235,0.715753100052636,0.775807682937631,0.66452893078554,0.654662935156776,0.658631243785087,0.65862087395178,0.658799389468409,0.726067916865287,0.726307039179195,0.729303538424418,0.622350886721224,0.661979515870172,0.757412732802313,0.674422351828999,0.750837075880859,0.692277456723546,0.646612074769059,0.74145736152604,0.722959630085119,0.659348185082387,0.722465289178938,0.637410585943909,0.635483332171038,0.629792922029065,0.629724638226127,0.625352811298806,0.625314011359676,0.677904313238548,0.6861114426563,0.662474597802876,0.662471946542103,0.637621547504213,0.628220544094703,0.660716259547422,0.662834799432846,0.63729134856328,0.722469454526004,0.685985891990816,0.722405313316178,0.662517331715081,0.727380057921259,0.797614260019473,0.658838150857638,0.722775104094325,0.666542224772647,0.710360549259989,0.637973367692704,0.731936779710287,0.722381001539183,0.757620589255031,0.643204628944153,0.628040287581463,0.722167211692762,0.677353595936375,0.757314861066943,0.637314879168957,0.740730398215206,0.757048835931942,0.665733362842129,0.655642194916449,0.745201725669122,0.675363731453408,0.630303704530634,0.682033678263216,0.757154556667994,0.636866870688825,0.721933737210761,1,0.638083583601972,0.725084360697461,0.790039248325779,0.661388687752905,0.753514732588851,0.629799451439721,0.620894125011731,0.62971653851502,0.6276687192577,0.620728098519152,0.664387183391218,0.722526875305316,0.637305454990544,0.656755534200865,0.658537815960545,0.736782003523656,0.637202125109174,0.787350871501058,0.727778179393606,0.691169268618107,0.763445324510858,0.626668299056719,0.78715514332643,0.643313659990058,0.758959339485272,0.63743546012047,0.628321246502079,0.740114298790966,0.754861161651899,0.630488485679162,0.658567041659643,0.675194688789895,0.643056443768069,0.647311383115563,0.652294372421724,0.701892899558626,0.643862237754512,0.662360310722216,0.664578022116806,0.757363168396472,0.702848732732095,0.709106585635273,0.671210563026334,0.649125417710375,0.67002532630861,0.629960691834777,0.718758082219186,0.781846152795122,0.722533664823553,0.627952426649342,0.807788258053463,0.753063856559808,0.793320244525227,0.794840857341418,0.703293104592052,0.797462696328243,0.799319936307485,0.823981420148946,0.807521464014807,0.816045450088307,0.776978890022873,0.770173013953552,0.766931170540577,0.774894818411011,0.790208908036951,0.79216304168897,0.801325014182486,0.794938689545451,0.791444749794289,0.797017740185673,0.79625131723249,0.796595221185032,0.774000027138139,0.777816931459637,0.77608580891067,0.786199005298511,0.804708802775841,0.788848968822603,0.785808888787628,0.760179317831352,0.801278093164724,0.771646886404735,0.781881547530134,0.791374231471626,0.797065643196444,0.779816008248115,0.778301689149413,0.77853254697537,0.777605314844852,0.777888561051272,0.788574696858375,0.736675924703046
"74",0.637003964546604,0.630449320957253,0.662329485333917,0.649155249746548,0.673420335596069,0.657122592026854,0.636864299979329,0.660455836361278,0.677920905780552,0.653089120795655,0.653165890909163,0.65336020734025,0.743593747223851,0.634992579550467,0.643543468818972,0.604557804234756,0.694020760761268,0.630300928165313,0.690848136288817,0.654734508196162,0.671442462375937,0.703701808779851,0.626749208179324,0.626090809079862,0.65379485938207,0.625660924667438,0.999068258717045,0.619648051349724,0.613934823822813,0.613959190978608,0.609826998026428,0.609801722725871,0.671375516683271,0.76136054737423,0.665696477310083,0.665648236361278,0.999365967590451,0.679407374420182,0.91885416104309,0.666074472648339,0.998953503466593,0.625687016308693,0.632900152251577,0.625565673640118,0.665700661899665,0.643679418591771,0.63285133455458,0.653310769880327,0.62584494112419,0.658241183736925,0.653763433797485,0.614100322782095,0.687502636292334,0.625484266665595,0.630421388700859,0.696251349297544,0.679268770566626,0.625422407677076,0.665067833055689,0.630237834737894,0.998974974248158,0.626185642142438,0.629903467382288,0.674401623488804,0.633543533219001,0.637711658381056,0.667754228117728,0.655862515954054,0.664724591273516,0.630099623961576,0.684522112284551,0.625142367587305,0.638083583601972,1,0.649978189270793,0.645642218646536,0.699876081046791,0.659113163364001,0.613964969212334,0.605566752402753,0.613814479082092,0.6074516768519,0.605442320130159,0.614690399677933,0.625675404962714,0.665010203769358,0.666391674427628,0.65308017462901,0.651841706952268,0.998911779549685,0.706856834767941,0.644133176856405,0.661670372703117,0.643954193267506,0.656028326386621,0.649192918379319,0.653506038156409,0.844004142884855,0.999087773683608,0.67948933819723,0.645258650617393,0.648121030216128,0.656062493116457,0.653094243461724,0.669744728153396,0.657824527215053,0.696147342429138,0.743069484359414,0.779076582265715,0.709096930223015,0.665557763160863,0.660544428401137,0.630314920257036,0.644449345091772,0.651858089166511,0.673829558170497,0.647687506327971,0.67559860350199,0.614087307077235,0.656611585415274,0.656308720209967,0.625742495227182,0.679114481065653,0.726882053165025,0.736808512862026,0.759473589566102,0.748486977748367,0.77780344553094,0.74628544259663,0.756573039373593,0.70630927751789,0.714085046684668,0.715215769203508,0.776430827851394,0.77837447747739,0.78046692931573,0.758318790189518,0.77152478053399,0.760854313007438,0.757024569204938,0.739094232644463,0.77299401286916,0.75551046454604,0.758494029019319,0.757217976607237,0.778506723172782,0.775296946680432,0.776783110078971,0.762300949530827,0.739314061250486,0.75222819893863,0.710172581622566,0.723500392178416,0.749429831334491,0.776476498874486,0.782023396074974,0.758050401340417,0.762014045254117,0.76908412369992,0.771240874982462,0.776144934305472,0.776913956496762,0.776654705771184,0.777051651663513,0.812497955808585
"75",0.723554460250204,0.726596051853958,0.6879803072854,0.777795114970612,0.676842645453874,0.756797119637247,0.723474089679364,0.682063692291368,0.673170785744279,0.679506533979106,0.679508094939607,0.679728679625739,0.686885389689308,0.718487884934441,0.712541233690406,0.625932416726651,0.682460588524604,0.72630348061075,0.694277840618568,0.721451001949744,0.714093761677331,0.661908206660539,0.718188731958867,0.696930541979112,0.680270123892648,0.696412459016176,0.649270629083638,0.641740156345155,0.635513991798591,0.635452158065851,0.631241032135067,0.631299860379623,0.726010162849078,0.68043069263518,0.676745426004416,0.676670370008415,0.649458501897109,0.641947279246161,0.667663797480893,0.677097919405851,0.649137632618959,0.696506720258762,0.67704800093308,0.696388742200959,0.676766154824305,0.749310200076324,0.731566700767241,0.679743204058152,0.69670606356289,0.659261412259444,0.707628588453646,0.649503979106014,0.724997367547549,0.69634425635459,0.726473987643766,0.659670663696056,0.641780745234553,0.696099021025101,0.69918303471718,0.726182493946254,0.649151066913539,0.71749603765246,0.725796407166255,0.68334815950523,0.683994116511261,0.737615651130256,0.711031917472379,0.656827203505639,0.711583509978245,0.726109500491137,0.653611093838461,0.695881130991545,0.725084360697461,0.649978189270793,1,0.737182151335235,0.685806957487526,0.7417340365806,0.635538994111194,0.627286492237597,0.635433800005237,0.633899417423694,0.627149394849736,0.647339847673439,0.696465197469627,0.659847906614122,0.686921586719459,0.67945762849801,0.866103043168944,0.649073401102783,0.773899996973256,0.749704782800971,0.690636785692663,0.730618386765475,0.638544376389503,0.746911360389804,0.651691100359381,0.734217702623119,0.649241209260396,0.64205157116848,0.789982010167235,0.771562143299496,0.657042753179253,0.679497468451124,0.671673161554548,0.668077503881826,0.667796399571147,0.680616239241481,0.678902979387455,0.663752037663085,0.676599667172097,0.682069921965688,0.726302244257966,0.733602536495829,0.720598748577089,0.702128220049806,0.70533027631656,0.696556510229578,0.635660089614194,0.738234209299028,0.729490583716754,0.696582285022745,0.641684772858512,0.801219080541397,0.757288176871838,0.798509702314376,0.796516130893027,0.71634319415562,0.798081247101965,0.800598279264476,0.813569066593964,0.800774012541067,0.813578649856966,0.788046583622194,0.789409239192625,0.786929215763591,0.782106533907331,0.79448660718022,0.797923614333201,0.800707993559424,0.79316157719772,0.799162357654261,0.799651475514967,0.799619838573502,0.799641046825332,0.785822113585556,0.788688177802067,0.787440855766284,0.797991095853362,0.803875490280468,0.788749800328816,0.778019427612644,0.761833706502573,0.807617770252522,0.777766336748673,0.791068779170546,0.794299015758875,0.799309009981347,0.793058606633043,0.792093414978891,0.792907005174838,0.79225303773373,0.792474884316577,0.795145305575356,0.752849298909228
"76",0.727606956676448,0.941691875391306,0.694751826857855,0.731236723005153,0.668508868189867,0.719787309213188,0.727536260298259,0.690838866876864,0.66454875656699,0.687718102665357,0.687672981465522,0.687876997258713,0.780103329679817,0.848252421400616,0.799950752891421,0.627840057577715,0.67740277133726,0.941596317059945,0.682731983346389,0.723588192195323,0.6879574834141,0.660625848706126,0.776773285395132,0.755190929091405,0.688488007955342,0.754725922745084,0.644946104384843,0.638987425861507,0.632724065848413,0.632660143115311,0.628251485569096,0.628214259696089,0.694383864647691,0.747270100562342,0.688858155372794,0.688833422374038,0.645161147035327,0.640590797506895,0.65929354884277,0.689216419033066,0.644824029379057,0.754715514588727,0.695473954103595,0.754575283236312,0.688877595883302,0.690657027968471,0.877969459061832,0.687982579157097,0.754983658302657,0.675319513582583,0.713032968001348,0.653224590910801,0.80503259458078,0.754592403071511,0.941641596478428,0.657490164127875,0.640416694535248,0.754391060008009,0.708293739025677,0.941511620806576,0.644848489401765,0.776145797084244,0.941309732897609,0.683040503677317,0.668330241735215,0.870858942770547,0.698257496191522,0.649910270532701,0.712993628298394,0.941405267924447,0.64845227558731,0.754112880203085,0.790039248325779,0.645642218646536,0.737182151335235,1,0.682647894940348,0.701560541993389,0.63271552801592,0.624201257152251,0.632668725949192,0.630581895693288,0.624090302008527,0.680118656696147,0.754732219188867,0.657131024942721,0.689828606986844,0.687685832729389,0.706085400398911,0.644743107406056,0.855473923467562,0.691090786901818,0.768008054696085,0.815367703990336,0.63717863426902,0.71815560516728,0.658012789763961,0.805221633259112,0.644966031500591,0.640692092428337,0.784204455867482,0.709175151745081,0.650070151348843,0.687647775185052,0.691516181862881,0.66178683028735,0.65970568220499,0.666728000594546,0.671641987632581,0.656820243580336,0.688729972332314,0.690851738972584,0.94163265570401,0.821719608926052,0.696456993654093,0.680894578687667,0.661742889423988,0.700519202075331,0.632835249438014,0.801196441087498,0.789927615878812,0.754792026795329,0.64031498090749,0.846995418625591,0.776532540708116,0.821523316375628,0.829420165092517,0.7247241299929,0.832970311859249,0.82930920667408,0.856688187370656,0.833585687344593,0.852017179981632,0.800663649896316,0.788763098370969,0.785004540456524,0.797210637638944,0.828551377149682,0.819769908397937,0.845196256261487,0.841520618026098,0.82381514005489,0.836788658738939,0.83544233620696,0.836029079754683,0.797039874954635,0.801668413904126,0.799499175388313,0.807760708239493,0.835498582491891,0.823775146240256,0.820633010138823,0.78856774613622,0.829897569598236,0.804392653985254,0.81891719771882,0.833276706409542,0.840648925122572,0.803263012184277,0.801436511585915,0.800899505598361,0.799815491446303,0.800137069174334,0.829250076184802,0.765218544336643
"77",0.659167874230067,0.66466610748962,0.680187182793565,0.671520483755776,0.69028728309828,0.711975773307579,0.659026711579319,0.708634529735835,0.724386507370724,0.707109907469466,0.70721619890221,0.707366055677253,0.66767895283524,0.664816864571712,0.675022395205176,0.619564380866457,0.744804338484246,0.664525176244597,0.69913148812159,0.676302878186282,0.699055657346251,0.728601598268854,0.658681720652466,0.661877218707508,0.70793915192111,0.661423668081194,0.699167115225517,0.633885279154336,0.627445686456261,0.627376852131386,0.623392545700234,0.623411976877399,0.717793193420664,0.690439318055095,0.703833878751576,0.703725541061381,0.699467644222889,0.673185473707621,0.696801384764398,0.704179626734792,0.69915819797967,0.661420392020983,0.654507743664365,0.661354888493699,0.703773817968517,0.66066275037576,0.664743610209994,0.707407823788419,0.66160541334744,0.660893283896924,0.673617466560305,0.642001240470533,0.735459326090828,0.661217213535279,0.664616885116431,0.701385759000524,0.672999340915263,0.661156100699252,0.728528010728536,0.664412231473278,0.699117333563424,0.658121766312574,0.664085036948147,0.720520152556909,0.652560701413675,0.673357026325355,0.691640587566069,0.679175888764766,0.715529947146076,0.66427020631859,0.701480117659041,0.660849719467048,0.661388687752905,0.699876081046791,0.685806957487526,0.682647894940348,1,0.678794594063531,0.627430128568856,0.619291392873592,0.627318517982361,0.622402056573243,0.619136852370937,0.63423675846538,0.661429208140238,0.683153069164664,0.70679712714697,0.707132138684337,0.669100599101916,0.698996800742921,0.75867215716339,0.661037673165307,0.69081445557401,0.678220162172435,0.658822134804098,0.691281543680148,0.657550929079711,0.754042389847093,0.69922319666672,0.673254052432936,0.682948855218802,0.666250543011943,0.679352855505788,0.707108046005295,0.681730953346202,0.706475842981851,0.722817039360407,0.715089549560156,0.690096674701019,0.700756230963274,0.703624317573329,0.708638665421028,0.664524157997266,0.681325056635162,0.70214423042581,0.689801979533243,0.668206549302848,0.723091985093141,0.627550967497604,0.707654130438126,0.682256463587782,0.661534741953729,0.672830741770479,0.760359922861912,0.748374173945188,0.786530306791458,0.769367830082217,0.756796732206039,0.768722372872493,0.783557606377258,0.751005788553993,0.75304495490237,0.754382214950089,0.792503512398105,0.795588142036031,0.795694682932097,0.774602594541835,0.78693807889159,0.787218733897044,0.779773319650888,0.763724477234711,0.788802269805541,0.779290711610082,0.781082495144933,0.78027913953489,0.792730870032172,0.792207038082964,0.792526722024971,0.790706534852109,0.774334507846441,0.771682443741684,0.739589897796701,0.740524459430265,0.781727572034476,0.780688135110845,0.791919290498686,0.778978561034851,0.780837455340254,0.793302452393955,0.794116937097973,0.793917677907405,0.794069635594938,0.794021620887227,0.786891854933161,0.791174711562962
"78",0.745018993675277,0.680140278938366,0.722222036943146,0.787637081837553,0.669085757980838,0.717851342788938,0.744994731855131,0.681356333271205,0.664957650023603,0.67753712891095,0.677469237549875,0.677730662304222,0.666466182463458,0.673861627769269,0.693211640898958,0.621825742068612,0.684128134306752,0.679988637141005,0.683124233944083,0.754814618833085,0.716079253854876,0.663555667645097,0.691453815683333,0.704765766513273,0.678334250540357,0.704440499593835,0.658326151900361,0.63748926771844,0.630725175508915,0.630660982915553,0.626664709728116,0.626649064374301,0.698008670648295,0.665337861405178,0.665450207881644,0.665431784036754,0.658589326578806,0.633463568510995,0.68276616793464,0.665813338234178,0.658254360836558,0.704336341161202,0.669275755668158,0.704337186225413,0.665511290388085,0.751830798795987,0.700046081867493,0.677741988368257,0.70458209319624,0.654807746149499,0.684067192691338,0.644400576138406,0.715237314721779,0.704173547890493,0.680081728498183,0.653163615988257,0.633286476529238,0.704041258783439,0.696565297027184,0.679836979682826,0.658289507990534,0.690858198313164,0.679531196285105,0.672288849020597,0.660013365595747,0.692279978665855,0.686664575225857,0.664645542709964,0.687032924021645,0.679704253235754,0.658424743039983,0.70381805222881,0.753514732588851,0.659113163364001,0.7417340365806,0.701560541993389,0.678794594063531,1,0.630734636093244,0.622865682947461,0.630649866560465,0.627094441990366,0.6227224802717,0.661095082176177,0.704340449883666,0.665753637605418,0.677827308560609,0.677471755615612,0.752340350453393,0.658160812927079,0.756301621821974,0.752132787897444,0.687424709280614,0.7114672024983,0.629685121977549,0.777141643346955,0.64846108334896,0.742370280757699,0.658357171555928,0.633564952447181,0.720628206327289,0.747900645953884,0.664957525817715,0.677428651751159,0.668050961093807,0.663640575148715,0.658330729132833,0.663008967014553,0.700531048785816,0.664623889806676,0.665319213676212,0.681401764779499,0.679917541621406,0.703891418573499,0.717583801513044,0.68530566099013,0.66999023945096,0.684642398845604,0.630887395325536,0.702484416646132,0.734571783872522,0.704463820784431,0.633177091517618,0.786876171793878,0.746121759224452,0.791996832095225,0.782203592747899,0.711150356330385,0.783712310672007,0.79266385700106,0.79847444826368,0.787835548156825,0.796437184475169,0.781858174626162,0.778239560843845,0.775826039922379,0.774324157743802,0.781749848234884,0.791463702391808,0.78766982079532,0.779946768385605,0.789527529306485,0.787603894276029,0.787672163274854,0.787641100443353,0.779733308167814,0.78245000909647,0.781272287996711,0.788665498484712,0.795723578886866,0.777755579353222,0.765469379653472,0.74969373040036,0.796564828084108,0.766982185435361,0.778585220249818,0.781530266459239,0.785430098659033,0.785202959339851,0.784280809007432,0.782932691798776,0.782283313088895,0.782483841439071,0.781609373661311,0.743867968849924
"79",0.629790694207871,0.618063302559498,0.616589222351404,0.63478383383819,0.612878029366105,0.63375150502947,0.629681335517145,0.621027430052659,0.622657237068246,0.613491408709765,0.613541648637592,0.613710608733751,0.624835209166418,0.630509309162605,0.638457196805037,0.661950945293849,0.62683099227661,0.617917362930992,0.643222633968478,0.630818546540645,0.631882880257249,0.613374831962627,0.61409430304403,0.610973975114968,0.614108516750198,0.610540392575674,0.613350438527392,0.871864375674734,0.999412365351324,0.999543922218834,0.829388354617206,0.82992698175034,0.638946007468892,0.613436021002761,0.620084069936075,0.619959022351189,0.61358467445727,0.60373326996877,0.629906128669261,0.620302912266729,0.613277483951923,0.610633364818346,0.670714096633979,0.610586103975943,0.620067955978025,0.623181750056084,0.626133412287868,0.613697349015835,0.610788451397677,0.606427646925041,0.646629069735548,0.643301910571404,0.64676563415601,0.610475833073653,0.618005143737237,0.620466626226794,0.60361927987873,0.610348602095948,0.627345328109893,0.617755204278346,0.613304610428944,0.613604750669249,0.617539968266487,0.624618661432787,0.65531712173636,0.621477761605807,0.652057822627711,0.598877346597702,0.635135527592186,0.617737988239815,0.608019124473516,0.610145358255394,0.629799451439721,0.613964969212334,0.635538994111194,0.63271552801592,0.627430128568856,0.630734636093244,0.999999999999999,0.791129250384763,0.999515178116604,0.669850857453166,0.790720816922287,0.644481390941177,0.610668957826274,0.60344447119471,0.619888892392233,0.61352093135404,0.629596523546833,0.613172909480111,0.677642071354846,0.623548678548063,0.618511449788659,0.632149948657162,0.606433737157596,0.630314271269838,0.596840963354991,0.669919147555687,0.613376351467727,0.603821634632263,0.631835895166999,0.629048969853615,0.599030150772057,0.613507700366167,0.619578591803091,0.609072788249706,0.613770459327639,0.62319017498083,0.621245574027772,0.62019984168748,0.619971130613927,0.62107548919763,0.617870391423504,0.621957686733333,0.626502612205353,0.623017793062063,0.606186555093916,0.629536414374101,0.999507787521953,0.633014579314061,0.637524743962795,0.610735580839253,0.603545926762184,0.746043057270495,0.831106508305686,0.705538519364926,0.7653983336576,0.790727273617741,0.760846308776143,0.713747678026234,0.722909079404874,0.76853000941374,0.663783418032094,0.735786011706911,0.719285227473374,0.722715013401919,0.784815193499303,0.723179492963166,0.709306062388359,0.693848308993594,0.640479288871361,0.688198301779452,0.671668048058815,0.675298641215396,0.673764190175968,0.739836947140633,0.734540517032318,0.73691421982909,0.719984333396191,0.708665601209928,0.766133896776281,0.788539528239402,0.822510556370658,0.698054543660408,0.767728696094301,0.678695131699795,0.651731704393736,0.675681164259939,0.700700358337869,0.703005837972529,0.731934586337167,0.732840345394833,0.732509377164188,0.680792677621722,0.726528855954475
"80",0.621674574760995,0.609786251644348,0.609234791220708,0.626518999385053,0.605878257890894,0.625409956866339,0.621550011894174,0.613001253033056,0.614981958845971,0.606026178600725,0.606026588376589,0.606201141565429,0.61645963963157,0.62232154361805,0.631210762354954,0.658049723425965,0.619349152571114,0.609656116589138,0.635928434879992,0.623064990988355,0.62406305675926,0.606411228167213,0.606542800103769,0.603274743637128,0.606576909361617,0.602926275026524,0.604913580294471,0.931641726934701,0.790621832436059,0.791122217447599,0.786251041865358,0.786449651013167,0.632088283871109,0.60500549966944,0.611757203939806,0.611679680548168,0.605208740648946,0.595858746844265,0.621206146056381,0.611977169907487,0.604861179016249,0.602980797241651,0.66470615143252,0.602933114988895,0.611743015631854,0.61540584031983,0.617690217305298,0.606164702609513,0.60317024875695,0.598388950324995,0.638074913631401,0.639507238956762,0.637983781159761,0.602860929100958,0.609753654023068,0.612968886515261,0.595732469612716,0.602716088013782,0.620115586693678,0.609516846488329,0.604901553499756,0.606065402118372,0.609258915897003,0.615795325670329,0.649165765447143,0.613563303241033,0.644639809372292,0.590971990948154,0.628050083998997,0.609431770341345,0.600550865843124,0.602512812051962,0.620894125011731,0.605566752402753,0.627286492237597,0.624201257152251,0.619291392873592,0.622865682947461,0.791129250384763,1,0.791157220174268,0.66630082136045,0.999492885351769,0.637841999043067,0.603006184446743,0.595381962677325,0.612052583091863,0.605979780883947,0.621765553834331,0.604796426292423,0.668522328199965,0.615741600384366,0.610274084860024,0.62439680479697,0.598947303731817,0.622313063982039,0.588623153857385,0.660421610891087,0.604986348095397,0.595990170193408,0.623820413880064,0.6206851553847,0.591097565870259,0.606022405020146,0.611825872498774,0.601063671820914,0.605590350040518,0.615350631269485,0.613145894433913,0.612813653436077,0.611642212055188,0.613039396617613,0.609600567656487,0.613797396674664,0.61856661230632,0.615898272103255,0.598013795230841,0.6221759590415,0.790868307052386,0.625114807113379,0.62981916369139,0.603077678836568,0.595672258280768,0.735003681985288,0.810147667212562,0.699111249492124,0.746739691881397,0.776567516552707,0.743190969227616,0.710593092900967,0.713500059800397,0.759807814833584,0.650187579906548,0.725552848570096,0.704960391309449,0.707786668185936,0.765669518216385,0.710908754773551,0.702519721113233,0.68434924962599,0.629548543529333,0.676023667136621,0.661584305736714,0.664918524618946,0.663449597289774,0.729005935340904,0.724230765544246,0.726432863313217,0.709580544611586,0.700821744432938,0.754308840461236,0.771500677547957,0.793001603006467,0.686079272745277,0.751167518745959,0.668637302714031,0.6442144080645,0.664736230472,0.69063008011872,0.692635179615777,0.718449145084664,0.719162298063313,0.718871942441341,0.667362658443575,0.712826926942875
"81",0.629620669005307,0.618013021660742,0.616440028074729,0.634618142690578,0.612800419183493,0.633699639212507,0.629511401145378,0.620776127375333,0.622513423427763,0.613312553023538,0.613362654578372,0.613531799979894,0.624740814670434,0.630435019876894,0.638465083547696,0.661885119927395,0.626714273531778,0.617867107298121,0.643107305288962,0.630679305786092,0.631769525025574,0.613190770874888,0.61403043221195,0.610937846817591,0.613929459438422,0.610504578623855,0.613200200677718,0.87189649424215,0.999380540282672,0.999538162212953,0.829355380300354,0.829894244761393,0.638837039955042,0.613368435662078,0.619884592401782,0.619759562639038,0.613434276456951,0.603519753401222,0.629736161333665,0.620103452494582,0.613127471985809,0.610597619418628,0.670636267739573,0.610550468406466,0.619868506617713,0.623024831005468,0.626111800093332,0.6135183694458,0.610752601366661,0.606353887696201,0.646474259044863,0.643355493688041,0.646609026999319,0.610440062346912,0.617955076955,0.62030544735006,0.603405773763609,0.610313153782687,0.627205112480466,0.617704955687013,0.613154578464792,0.613541174747968,0.617489936171151,0.624426920871418,0.655158333694603,0.621391798646487,0.651939399266835,0.598666849073417,0.635024062798524,0.617687890693354,0.607890167298557,0.610109877540216,0.62971653851502,0.613814479082092,0.635433800005237,0.632668725949192,0.627318517982361,0.630649866560465,0.999515178116604,0.791157220174268,1,0.669791073579833,0.790748547780556,0.644331946176607,0.610633140111956,0.603242015136613,0.619737998121198,0.613341979734688,0.629470568633719,0.613022752836921,0.677559060659023,0.623391639198844,0.618413500206098,0.632127303444478,0.60621892283473,0.630151608304585,0.596700355842431,0.669796054740982,0.613226248425191,0.603608228317284,0.631735475488494,0.628923452493453,0.598819698738067,0.613328776560088,0.619495998492058,0.60887482926047,0.613546557655478,0.623079449205612,0.621056354173207,0.620052006732391,0.619771706401626,0.62082417913574,0.617820273934151,0.621898353071658,0.626318749969237,0.622915159221022,0.606000912885874,0.629447328182309,0.999379364330667,0.632915214174439,0.637412324637596,0.610699740643222,0.603332311889591,0.74593528555573,0.830987109362676,0.70538459222103,0.76526943247679,0.790564785631203,0.760719631630613,0.713600774070019,0.722802994615763,0.768426236932478,0.663648978515073,0.735618539702608,0.719093820081662,0.722521294360273,0.784672802339116,0.72303007959916,0.709151149283511,0.693707676013665,0.640338848684966,0.688034655593914,0.671518528097522,0.675147446444751,0.673613749064463,0.739667546341547,0.734374001676075,0.736746180407654,0.719815872389852,0.708531504003676,0.766008367439376,0.788464584900386,0.822418448714525,0.697901359510889,0.76758106482465,0.678523925655202,0.651575300629572,0.67553035682626,0.700527640058668,0.70283155789881,0.7317571815447,0.732662151364775,0.732331375680941,0.680630679372812,0.726339365271587
"82",0.625132537847385,0.614806328609154,0.612792695962717,0.630989643925818,0.608729597127318,0.62663076173251,0.62501747169602,0.615462810972148,0.620697659789937,0.609052983651902,0.609148326369932,0.609242180303248,0.623606287117297,0.633395086831787,0.63814669188552,0.851685736137038,0.623038096348982,0.614722541167178,0.635963154722529,0.627341318492893,0.62841743345857,0.607895464549395,0.612672141995394,0.610966907042365,0.609646180735784,0.610583995078819,0.606836139863818,0.679201450696308,0.66990566915334,0.669976988973868,0.66678315228831,0.666905197178417,0.636771069077817,0.607883921210557,0.614736989053071,0.614630761731772,0.607080171871913,0.598897080763143,0.62376215046293,0.614974213631273,0.606737418297866,0.61063952205394,0.822816056338799,0.610489234672119,0.614714879631346,0.618211054499512,0.624406088547664,0.609245747675011,0.610751224016816,0.598277108544715,0.63405627126223,0.74876687334571,0.643997090352513,0.610438453630578,0.614788346246953,0.61624140439514,0.598763512517041,0.610318830571477,0.62229719652371,0.614530522943194,0.606752123756994,0.612116490704105,0.614393603390174,0.617308463034591,0.705093399253844,0.619466751051289,0.649103945311765,0.594251988974829,0.631362956168063,0.614523199962961,0.601214557324865,0.610128740966222,0.6276687192577,0.6074516768519,0.633899417423694,0.630581895693288,0.622402056573243,0.627094441990366,0.669850857453166,0.66630082136045,0.669791073579833,1,0.666091899385519,0.724319277075659,0.610631367212175,0.598537793088983,0.618840205179251,0.60905228353198,0.623813224080548,0.606704645080845,0.674186530788628,0.618463794103529,0.615783600056014,0.628052387935664,0.600817856751123,0.625033625225315,0.594989027428459,0.664986455863987,0.606875905435339,0.599025734295993,0.626127214520665,0.625731527282667,0.594415940293971,0.609064847445084,0.615709045562767,0.604109485177306,0.608851122290869,0.617237473564842,0.613876326637321,0.614039927466402,0.614598147623006,0.615500885212233,0.614691725703061,0.618125158314657,0.622279371954539,0.617709379250297,0.603001962472956,0.624430668713404,0.670063965616106,0.628761519607374,0.634587762056723,0.610731527410535,0.598726373474496,0.732608163801713,0.755295985655723,0.705601358321515,0.73629663169876,0.720464668193353,0.734642401338577,0.708825590898708,0.711992094180592,0.736360507922491,0.671571154339515,0.720206767274386,0.703456652468085,0.704499836719816,0.743468918205675,0.712024469563691,0.70781423605199,0.696902542634984,0.657302483489973,0.686191367622683,0.680168384165679,0.682089618654605,0.681180438711599,0.721675190924194,0.720132417190735,0.720790188338834,0.712081353134582,0.710082228545894,0.740838137096615,0.754550161825063,0.765157778075511,0.701052558415991,0.730526183675814,0.677200751073642,0.663798375400946,0.680439514733908,0.701377393330001,0.702240639598786,0.71434850215727,0.71456522254631,0.714470704932666,0.678112476769754,0.691710773640353
"83",0.621498714652466,0.609678529715506,0.60902563951934,0.626404327448489,0.605733024373302,0.625229636169365,0.621374269955907,0.612823647429634,0.614857984762856,0.605856411659989,0.605856603949256,0.6060312331566,0.616355169989783,0.62221968173,0.631050849754698,0.657849889191156,0.619213839565945,0.609548460981022,0.635675344920702,0.622905639913108,0.623927681046215,0.606265020605851,0.606410859092253,0.60316521881671,0.606406971148892,0.602816985560875,0.604789257597443,0.931305790150539,0.79021318752234,0.790713344000431,0.785914720879299,0.786112697062839,0.631860494995971,0.604832223588992,0.611607201750471,0.611529906114329,0.605084402970828,0.595780021201913,0.621078037314091,0.611827126674932,0.604736844576725,0.602871480161581,0.664546181957014,0.602823823985796,0.611593101178024,0.615264546405538,0.617578350717212,0.605994627580558,0.603060903742875,0.598328224068961,0.637862979494404,0.639184449189451,0.637798180337588,0.602751765311857,0.609645795573691,0.612858155132245,0.595653814334263,0.60260678821018,0.619923895989538,0.609409337917921,0.604777246626004,0.605933511032265,0.609151334409932,0.615642397462404,0.648965114013971,0.613430274671192,0.644420851062272,0.590869570237689,0.627903962115529,0.609324058820827,0.600442100225646,0.602403789873992,0.620728098519152,0.605442320130159,0.627149394849736,0.624090302008527,0.619136852370937,0.6227224802717,0.790720816922287,0.999492885351769,0.790748547780556,0.666091899385519,1,0.637681760954457,0.602896832241434,0.595294549556159,0.611909973691696,0.605809912287703,0.621613008648057,0.604672181530843,0.668370447827433,0.615600207831033,0.610167301853199,0.624302094019027,0.598909505404615,0.622173735296861,0.58851468813188,0.660275042086363,0.604862031632158,0.595911489131239,0.623720432871853,0.620532104533045,0.590994999539931,0.605852454923018,0.611731190134934,0.600923758357161,0.605429793102864,0.615190158306311,0.613039998048993,0.612695291918809,0.611492290156839,0.612861607703645,0.609492794046185,0.613708065656986,0.618370138940805,0.615791645646108,0.597877636996097,0.621973934921047,0.790459616667943,0.625001301615439,0.629693815072074,0.602968388284551,0.59559355284063,0.734800402886649,0.809872075656762,0.698947323588121,0.746514429095244,0.776345725202193,0.742969588127938,0.710426205714981,0.713312608352029,0.759595344563109,0.650019709152779,0.725369565174845,0.704779964350398,0.707603810138113,0.765443247446708,0.710723196052118,0.702353682973953,0.684179216856924,0.629398267187699,0.675854740000705,0.661425871733222,0.664758253055452,0.663290048438624,0.728819891775026,0.724048198574142,0.726248815300629,0.709406953303309,0.700652757068545,0.754094609985286,0.771261419176602,0.792724531876833,0.685908804168404,0.750950772862798,0.668475642418194,0.644066605369859,0.664571373006572,0.690467171148463,0.692470810593384,0.718262081660113,0.718974511200936,0.718684374146607,0.667192661750969,0.712641425713254
"84",0.649272172500312,0.666023579268623,0.630044773104713,0.652335907661454,0.62238529723409,0.643791365831373,0.649067934193617,0.638206971744172,0.626280185085944,0.628054301197998,0.628178397417317,0.628243632380848,0.664187813575379,0.659979120006496,0.674792207140229,0.742371151910067,0.632845392737274,0.665923748078933,0.65015871192843,0.639287232707667,0.648126182408643,0.61701873140284,0.6745739475657,0.679665597605256,0.628733167765059,0.679240400996381,0.614069617863615,0.652105574530542,0.644439840243198,0.644450316946842,0.641082361745654,0.641047146998698,0.648927731133703,0.650105497978674,0.623648527895652,0.623580450662652,0.614341627009374,0.604561730566898,0.631125711203626,0.623933083215646,0.613997928833223,0.679331504920632,0.754656150671062,0.679270886910956,0.623667714192282,0.643761722217466,0.683798834638324,0.628267040537503,0.679526021240526,0.622638578107014,0.676013923851742,0.67367252270129,0.681620746840784,0.679251891289631,0.665899718195217,0.623282741393063,0.604391025770393,0.67916156374716,0.642373565629927,0.665779518597987,0.613991783451523,0.674233147348716,0.665563197624631,0.629788878614371,0.719038483931642,0.677611368453204,0.658933619049432,0.614595286817027,0.63873588074222,0.665681106801473,0.613025725138048,0.678957140045517,0.664387183391218,0.614690399677933,0.647339847673439,0.680118656696147,0.63423675846538,0.661095082176177,0.644481390941177,0.637841999043067,0.644331946176607,0.724319277075659,0.637681760954457,1,0.679393929146635,0.62105651750363,0.63539590872271,0.628059503380177,0.643906991450154,0.613928852549974,0.718024221585449,0.644011760948805,0.656121004376973,0.669166558671785,0.605009510781472,0.649874062294145,0.605349090101718,0.711853799354611,0.614142926584835,0.60462856432377,0.661048684978329,0.654044646707482,0.614727233344828,0.628065230092114,0.628149358604587,0.625345018180476,0.617279137163216,0.629533764109415,0.626945825439502,0.620280434062341,0.623538321052803,0.638229513946577,0.665861847113126,0.695638100679454,0.639864811060365,0.632192684022763,0.621382905278627,0.637705621254193,0.644645661275975,0.66340694936342,0.672006748712982,0.679416556633565,0.604306894625944,0.763245401242681,0.750368475747711,0.739111857554947,0.759359476274541,0.706549247355513,0.75960486119519,0.740214751536382,0.750498150168811,0.758930709772892,0.720772804823266,0.740598268914944,0.718456740703194,0.717592436719164,0.755248112226336,0.738996234905988,0.740034931798423,0.735633254630129,0.708990091513396,0.723159786253999,0.722691271144979,0.72349254390358,0.723084748906427,0.740099397330428,0.741132873849325,0.740586571976399,0.734466102011654,0.747986934447988,0.761636913484204,0.774517187862477,0.769430528357554,0.737034024078758,0.744148807849555,0.710537079450622,0.707415247281631,0.721526265837111,0.727870040750962,0.727621377827908,0.732491829851585,0.732164956573035,0.732230455398775,0.715490422571133,0.700187967939269
"85",0.693878030890496,0.700365482600665,0.679744195726212,0.721351928351917,0.655291480397895,0.684193161918619,0.693873983108129,0.671814005542652,0.653864041629051,0.679876057463874,0.679828521077615,0.680047626102371,0.662542537114867,0.693750859736253,0.706671719737461,0.608625264480579,0.661314978272452,0.700112204896594,0.664311213341849,0.689475676639282,0.68761696844608,0.643999589592161,0.847454779713498,0.999384663368057,0.680665713605602,0.999591912468178,0.625027118613167,0.616766025439302,0.610697478036309,0.61066106968505,0.606545487639137,0.606551758723606,0.667377993289281,0.673530199277823,0.65812725752568,0.658061455397648,0.62527289036613,0.622148073662571,0.646805035921897,0.658463704853412,0.624974762349732,0.999481844659218,0.665851369943901,0.99954357524484,0.658156225641191,0.677573654193079,0.770642955489882,0.680043964559941,0.999514855488986,0.655954413280061,0.700353307443423,0.626396670981832,0.726089028984991,0.999554896181862,0.700201065835263,0.638830156074871,0.621964872125954,0.999375888041753,0.674043005019279,0.700003505125255,0.624965682399084,0.847257403390369,0.699693874023551,0.664319266316013,0.643194883950336,0.775065934239714,0.662315665629224,0.640701888559651,0.66079555460034,0.699899949293724,0.637865265974115,0.999288936602537,0.722526875305316,0.625675404962714,0.696465197469627,0.754732219188867,0.661429208140238,0.704340449883666,0.610668957826274,0.603006184446743,0.610633140111956,0.610631367212175,0.602896832241434,0.679393929146635,1,0.645367616957775,0.673618811712012,0.67987275064496,0.679670361663157,0.62486257324453,0.808338095287305,0.677979062631748,0.680144902327886,0.753483936990304,0.619526916330558,0.701518868642592,0.639695173384276,0.773187257358301,0.625073031051041,0.622238565510719,0.733171722121107,0.706473069928287,0.640894880500309,0.67975755638748,0.660411609501837,0.65252173298675,0.644827460364607,0.647816536356953,0.668499782931847,0.641165377992586,0.658000421084079,0.671793308383288,0.700149846488638,0.850546539319203,0.693554533892844,0.651225663311287,0.657550765959112,0.677699093148756,0.610772019168196,0.714678561600834,0.688814653097473,0.999515576303924,0.621865446604247,0.810051756253694,0.726708652493697,0.808403715503009,0.787071860991423,0.68198248914078,0.791299850510973,0.797603677554097,0.815537971421938,0.786312092054473,0.815796001432896,0.780004780700577,0.745892821362708,0.741140617541593,0.776330021754688,0.78868437023089,0.806204938912673,0.811575578150998,0.823768617864848,0.797419542558175,0.811978146217992,0.809443105289258,0.810570021869691,0.775488866558815,0.782372306666054,0.778956139912295,0.781214072711311,0.829188279801567,0.788730068227793,0.79694131919833,0.764131277753934,0.81202209682771,0.762895533498471,0.771974369514412,0.796335150041954,0.801990771336395,0.786923642515477,0.783969856346493,0.7648253172376,0.763339542333489,0.763739391806273,0.786017255154134,0.712108822563222
"86",0.639126106391039,0.63941126401059,0.668782347652521,0.647649575357515,0.740843446735543,0.671492882797712,0.638993463006417,0.708760649615542,0.688280570714069,0.679406969834806,0.679521431834241,0.679648687979661,0.649114143378133,0.639555506810806,0.651592990422694,0.595230040840774,0.704160699869378,0.639194905988314,0.665683595552084,0.654761696490063,0.693795201920377,0.686101383612125,0.635059578301658,0.645774308109648,0.68027680043433,0.645371709564527,0.664258172071274,0.608942284161831,0.603353851162211,0.603303772978817,0.59936716307645,0.599331325959946,0.678734201577677,0.669583476827094,0.697168312856161,0.697151840847277,0.664503035966386,0.656073709272083,0.675941928258624,0.697491469197113,0.664095664086499,0.64536799438128,0.625701466081803,0.645257321885315,0.697122814014492,0.669124816508463,0.638764333469917,0.679635602422352,0.645607828075277,0.649411297046709,0.65113536231479,0.605929131037945,0.704507270446617,0.645206348043169,0.639304549648573,0.676493675906693,0.655874900913639,0.645055214249334,0.685342833288566,0.639191738240604,0.664165031536858,0.634500163455778,0.638846777262996,0.737513865598501,0.636178884509966,0.649288703515707,0.68603301551753,0.855635964098328,0.681407048331855,0.638994403214722,0.665326219528179,0.644836849345466,0.637305454990544,0.665010203769358,0.659847906614122,0.657131024942721,0.683153069164664,0.665753637605418,0.60344447119471,0.595381962677325,0.603242015136613,0.598537793088983,0.595294549556159,0.62105651750363,0.645367616957775,0.999999999999998,0.715041163043808,0.679443513221356,0.650304543872283,0.664032101834679,0.734480279934486,0.669493802021513,0.666184410735336,0.652888313125417,0.647532674695294,0.649610402228992,0.637589702578894,0.721435015539461,0.664242691873646,0.656166958278557,0.654791536353521,0.639842054798979,0.85568024417601,0.679522446587091,0.701140733993549,0.776541889757125,0.665785931265537,0.673695763362191,0.650493827662181,0.685455572933716,0.697005854897958,0.70876299340019,0.639228133464912,0.66419694931667,0.667567207845543,0.66119590590425,0.681375823347042,0.686607692802688,0.60352950541008,0.672730252558806,0.656374890817104,0.64545896027736,0.655724960725817,0.728887702633509,0.720910038395332,0.765486996990206,0.737223464107598,0.746834854949217,0.736380546890233,0.762548199448906,0.717363347799796,0.721368690779535,0.717778356971487,0.772901078164515,0.767887437748255,0.76804164789163,0.754900598558641,0.762573005086018,0.76641672781803,0.752558537069315,0.737854274690987,0.761334598785138,0.75845543192817,0.7601444432683,0.759461816147554,0.773569051804575,0.773054621827216,0.77321928326318,0.768123622945346,0.752389671899576,0.745883154183111,0.713476591024528,0.717300826069503,0.758169649176376,0.758401183538199,0.764298996048007,0.7521916373616,0.750692481335435,0.776412508926854,0.777201590884935,0.767200853502957,0.767331376157662,0.767259058136596,0.756836771060775,0.771187916496728
"87",0.660693373057397,0.671929406634163,0.677072227059615,0.672117509172995,0.709110776724165,0.702391160253227,0.660644646164635,0.734123390017587,0.726187730081655,0.69879236342168,0.698839786049297,0.698927501631117,0.665127509985346,0.674318680687709,0.682168531369628,0.615483448147605,0.702943216701705,0.671726294990732,0.691391573943247,0.67341131690527,0.694665494976695,0.682603127857316,0.66903733450784,0.674000025582419,0.699570120567778,0.67358770328361,0.665738566672099,0.626253228580485,0.619892490240597,0.619808506392825,0.615693892603361,0.615731619366697,0.710050443848451,0.683450011890254,0.725816351378259,0.725816101119398,0.666050268936993,0.649880465375156,0.678367455527229,0.726254148869055,0.665645155195372,0.6735680520105,0.645178257372548,0.673498155677923,0.725877032574307,0.66642742245761,0.674004792963231,0.698989716583745,0.673804521977973,0.649487904012466,0.668509121008411,0.638809167614624,0.741836012635305,0.673397891709004,0.671813748128175,0.677988146107598,0.649667382395431,0.673288357508738,0.719445564130619,0.67170785019182,0.665653516717886,0.668404852118717,0.671347967633921,0.767409393045214,0.654175347442427,0.681301826836172,0.70623080712175,0.698508825110636,0.716421423678512,0.671591694097561,0.667319953775241,0.672980530453351,0.656755534200865,0.666391674427628,0.686921586719459,0.689828606986844,0.70679712714697,0.677827308560609,0.619888892392233,0.612052583091863,0.619737998121198,0.618840205179251,0.611909973691696,0.63539590872271,0.673618811712012,0.715041163043808,1,0.698756361555582,0.676817936798828,0.665538771222946,0.763516450389433,0.666799227516856,0.673368593360307,0.689202794459392,0.643463542720719,0.691431687211642,0.662447388504363,0.7410410832003,0.665753306077175,0.649947377437903,0.688332687237141,0.668245741121281,0.698712144638,0.698740948538644,0.680276771159621,0.738891210386705,0.692430753330405,0.677006739724438,0.657181059793974,0.681723470130046,0.725756314547666,0.734176277650643,0.671722539864716,0.695183821660455,0.695335057013283,0.675381129875084,0.660571110174416,0.715760611195285,0.620029636041408,0.715976262352598,0.683182643617115,0.673666378363094,0.649560692842695,0.760685341380947,0.741884627482548,0.78255072017057,0.765498517072303,0.752727257746011,0.765347541238891,0.785318413601554,0.75234732104654,0.752069433417274,0.752762640794616,0.785070027742289,0.780806362629307,0.78025596247048,0.77149521652977,0.788299498517867,0.782910133373096,0.782241756586556,0.768904156424276,0.784364964595065,0.784439689439104,0.785597718700273,0.785162805943334,0.784963056044813,0.785327353092788,0.78505041615423,0.782839202173527,0.77478641992637,0.771146445843162,0.742541416332886,0.739889016998993,0.780000941703024,0.780206014113407,0.787892500421931,0.779958841871503,0.780652834917465,0.787896868838248,0.788284045008788,0.782277580300544,0.782214325207336,0.782208993413394,0.784466390421418,0.783843451382694
"88",0.662804322101409,0.667042390854814,0.694795441423849,0.671680522011088,0.690787170963814,0.719489173170374,0.662705379776712,0.725136188817557,0.688742630930778,0.999610556587024,0.999564723371006,0.99965652969536,0.665550671248893,0.671045230293125,0.664368281139787,0.606527813039369,0.706152115853264,0.666851300826146,0.672350158697566,0.677312797689977,0.686497780851374,0.695401395320639,0.672669865880896,0.680322910647907,0.999079611503627,0.679860933311673,0.652361891221186,0.61940931523682,0.61345426909408,0.613473573922972,0.609172373490049,0.609168041665965,0.699595425118861,0.658354685808123,0.71827750807361,0.71823929759551,0.652638898041284,0.643850825890033,0.66652887259298,0.718688064797214,0.652244138659062,0.679879594797768,0.646189110797021,0.679689109428581,0.718275936990759,0.661603326546083,0.657823382522019,0.99957213945786,0.68006921356011,0.64316560955818,0.657689803920341,0.630374629492366,0.789594231165938,0.679644688821874,0.666972027757153,0.660709599671593,0.643738537184455,0.679507757314648,0.737242113643689,0.666784861343036,0.652315602324308,0.6721252732328,0.666431094095075,0.713268790296585,0.647719287423027,0.683018370234315,0.681518555236408,0.67584663308615,0.716946606960387,0.666621238634095,0.665412399876206,0.679273662010571,0.658537815960545,0.65308017462901,0.67945762849801,0.687685832729389,0.707132138684337,0.677471755615612,0.61352093135404,0.605979780883947,0.613341979734688,0.60905228353198,0.605809912287703,0.628059503380177,0.67987275064496,0.679443513221356,0.698756361555582,1,0.669965814614381,0.65218933323026,0.761111278063461,0.66197802841571,0.705373326019745,0.69016991946153,0.636427574779126,0.685523702733749,0.63700840240761,0.739559911939394,0.652337519822767,0.643955033686876,0.677832214627465,0.660591124741072,0.676101491362505,0.999649110459731,0.66789698444199,0.706477234817751,0.705980287593301,0.673574848043526,0.666602567191932,0.670757835251077,0.718117229212743,0.725019371069267,0.666858478027026,0.705693455632391,0.714529889394546,0.68270078599106,0.655515687454189,0.73040105853724,0.613620326712752,0.713187311877199,0.686090193145629,0.679981845585182,0.643566314580435,0.770921196932997,0.732732221430919,0.793843835631814,0.779612095885647,0.709503339744446,0.78040249901502,0.775624824877149,0.764721277570982,0.750991950620798,0.793650149972228,0.787546131281972,0.795139272146111,0.793826309774811,0.757926138324818,0.78067273232281,0.793227225130497,0.790522914990184,0.790187475325729,0.806144982039996,0.78545122577816,0.786696613568195,0.785913072453026,0.785597169252445,0.786903117925811,0.786748229602946,0.78707787444218,0.781601865217802,0.768417565677799,0.737208848898543,0.73003512229871,0.790035895145702,0.76307278090484,0.803003279858022,0.797493836808767,0.801840480924133,0.788385190000201,0.788345831707052,0.795316915153736,0.79512805632458,0.795234496637042,0.805792123601768,0.768407819728354
"89",0.734270989748668,0.691686858551219,0.712695786294752,0.760576563481847,0.670715257137381,0.710787878125973,0.734157356161626,0.675307960168515,0.677471452160912,0.670008396886637,0.669993073444144,0.670253750325602,0.663244530276234,0.685171181575423,0.679409311095474,0.623279284593602,0.665864754592094,0.691430626084402,0.674523007048392,0.735877084457044,0.678434244775592,0.656148711030455,0.676373727724572,0.680056073108291,0.670742685058196,0.679593657567254,0.651133515772421,0.63596476037395,0.6295771808363,0.629527842127132,0.625422707341188,0.625485940316672,0.71956440774923,0.654812650147482,0.686022227544535,0.686005255601073,0.651364327018725,0.636984261237803,0.665699761017316,0.686418738765508,0.650999851329351,0.679631603112526,0.665908633490982,0.679529747553057,0.686080083852438,0.77998147382638,0.69773698227408,0.670218576648308,0.679828838143465,0.650026845013244,0.689118599749702,0.644550074010024,0.708600707403278,0.679503674287489,0.691639372034672,0.659530557065376,0.636768332240615,0.679249707908253,0.689312197343249,0.691330132858359,0.65102806796473,0.675717449720383,0.690957807058984,0.68996989813146,0.661839031219559,0.695417618671301,0.695078824650421,0.645640540445307,0.694886687260126,0.691232862000105,0.64414707433234,0.679093697229553,0.736782003523656,0.651841706952268,0.866103043168944,0.706085400398911,0.669100599101916,0.752340350453393,0.629596523546833,0.621765553834331,0.629470568633719,0.623813224080548,0.621613008648057,0.643906991450154,0.679670361663157,0.650304543872283,0.676817936798828,0.669965814614381,1,0.650939550904109,0.750887533794263,0.780360353546158,0.674121170746797,0.691679622125533,0.633076697609826,0.74117583383217,0.647510296992923,0.725035063409353,0.651130174437446,0.63706702726679,0.741878673981411,0.766298627912604,0.645812401478633,0.669983988639277,0.683924996341196,0.660670940077111,0.660450496669103,0.667614691891286,0.689042080112076,0.662731856732776,0.685928510561305,0.675287805944968,0.691431468241272,0.712696729868418,0.713584999803308,0.693513002223101,0.688085488959743,0.696783282143284,0.62972492691705,0.6982298498913,0.737643815275722,0.679722356226338,0.636695248543251,0.780606618112045,0.744330169361099,0.783820672521553,0.777679620162717,0.713452929650699,0.778802021242111,0.787859089517033,0.792854149232011,0.783483305104399,0.791681366569388,0.77628380243783,0.779621776895368,0.777571894640144,0.770273761511533,0.781201733737025,0.783451893465061,0.78404432497034,0.775447882983372,0.785043841855243,0.784805041185152,0.784968316113748,0.784942584659098,0.774581725070308,0.776833593333178,0.775829604936293,0.786095764451656,0.786921611063863,0.772316347327532,0.758261661461467,0.744978675439102,0.79189269023656,0.766494203185632,0.778491206119046,0.779407265943715,0.782771361186427,0.781922270918931,0.781250171670166,0.78102216980356,0.78050323505893,0.78067780834353,0.780476922261935,0.74777948549724
"90",0.636146982293435,0.629580072407325,0.661405672583352,0.648270157300829,0.672415666646328,0.656259185877133,0.636007464692597,0.659580132381552,0.677057457624178,0.652198535063843,0.652275342555468,0.652469049050359,0.742936920029143,0.634138647028177,0.642705525398892,0.603787932185305,0.693017511648758,0.629432191395573,0.689995946357866,0.653833172708905,0.670507588518094,0.702832160622217,0.625888419566558,0.62527673590497,0.65290223366851,0.624847934836933,0.999629141987996,0.618842487062209,0.613142766636744,0.613167372025433,0.609091148194045,0.609065961184053,0.670462160642066,0.760757419577088,0.664820287766216,0.664771929479641,0.999391317895279,0.678220853596102,0.91843918854343,0.665197130929298,0.999707268660992,0.624873903495718,0.63207880002082,0.624752928667554,0.664824453936976,0.642735670472577,0.632004460882349,0.652419334069033,0.625031379469606,0.657066253208792,0.652894605776116,0.613326292694834,0.686515519856847,0.624671608850979,0.629552215505727,0.695339613948771,0.678082089125866,0.62461020032185,0.664135214543537,0.629368933042253,0.999642475565976,0.625326121864941,0.629035388856344,0.673454122039158,0.632771239566681,0.63683347471703,0.666866448786366,0.654888014692482,0.663823723433429,0.629231024136188,0.683549511641724,0.624330531804823,0.637202125109174,0.998911779549685,0.649073401102783,0.644743107406056,0.698996800742921,0.658160812927079,0.613172909480111,0.604796426292423,0.613022752836921,0.606704645080845,0.604672181530843,0.613928852549974,0.62486257324453,0.664032101834679,0.665538771222946,0.65218933323026,0.650939550904109,1,0.705806303325403,0.64318863626535,0.660760561437588,0.643028653380886,0.654892403364152,0.648331414683659,0.652378141538192,0.843142720053311,0.999619353899879,0.678302227688247,0.644335394483795,0.647220792389271,0.655087440868638,0.652203631484368,0.668822467969765,0.656873363721947,0.695125886072283,0.742319067191268,0.778537086516845,0.708017070149566,0.664681848840627,0.659668676804544,0.62944593006075,0.643568642316355,0.650943216156982,0.672942454421505,0.646583355468109,0.67463918453074,0.613295124744772,0.655699971519333,0.65536573608605,0.624929139797242,0.6779288177698,0.725793128891454,0.735761780433941,0.758286786743313,0.747392527302698,0.776810576971992,0.745192359581593,0.755400209318221,0.705208249825503,0.712967002076423,0.714138860216579,0.775218196426,0.777102356265425,0.77919362968951,0.757191778713125,0.770398767261091,0.759663348553965,0.755930153374634,0.738081337945923,0.771859603566309,0.754407985977056,0.757385373965874,0.756112574094851,0.777293321202906,0.774085299267003,0.775569512985031,0.76105501561972,0.738169049859982,0.751128612678194,0.709154074384284,0.722494897780359,0.748250578108873,0.775386601467093,0.780881026848576,0.756958461854794,0.760929581606915,0.767847117812596,0.770001304645852,0.774907069146011,0.775675501388018,0.77541626147614,0.77596132060006,0.811380075496461
"91",0.75902830508122,0.826527058983973,0.744797793544452,0.771614397866651,0.754406129143975,0.778499213708424,0.758916654283174,0.758367578483211,0.748485237712532,0.761123377528625,0.761137339858463,0.761343610670173,0.765964069843886,0.802623212120395,0.796564623504304,0.671694706630205,0.749088564269272,0.826250137908612,0.74826177390472,0.771957642522683,0.778616777660524,0.71833113962572,0.793687150789642,0.808832830794157,0.762097756206672,0.808313709962448,0.706005922720428,0.684956302215964,0.677648333713932,0.677613398836745,0.673089666098974,0.67305155050615,0.777050900508103,0.751478296278092,0.749089908964514,0.749018410913931,0.706345383771931,0.699649097550209,0.728952082020542,0.749530842848467,0.70592219405759,0.808289712695138,0.729745655500413,0.80813743476559,0.749071972506526,0.74516988080747,0.853713113779612,0.761406635471058,0.808612016534315,0.723165437360341,0.746853230200185,0.701455788732485,0.820401368013666,0.808103497432519,0.82634851270622,0.724718263201778,0.699461612959577,0.807945698761006,0.801012666593243,0.826162894423648,0.70592275777621,0.792932127856849,0.82574322267436,0.751560258431201,0.715777244533174,0.803717537263223,0.750101411995096,0.732294240301825,0.779120718999209,0.825948748929759,0.718826479637152,0.807621765724117,0.787350871501058,0.706856834767941,0.773899996973256,0.855473923467562,0.75867215716339,0.756301621821974,0.677642071354846,0.668522328199965,0.677559060659023,0.674186530788628,0.668370447827433,0.718024221585449,0.808338095287305,0.734480279934486,0.763516450389433,0.761111278063461,0.750887533794263,0.705806303325403,1,0.745682591892949,0.767910107256851,0.81655471690348,0.693814861967278,0.781469070540644,0.715063615081647,0.847441911911381,0.706074044559247,0.699783121843451,0.78532263738938,0.759536181312009,0.73248973282014,0.761063880908663,0.745347174918038,0.758879246826316,0.733448019051999,0.733498491213577,0.727462863869214,0.723265461943268,0.74890691946166,0.758356613554858,0.826265501734157,0.849429984330531,0.778650935288537,0.739543577337174,0.726847941004294,0.788583611554665,0.67778212893498,0.818582053007369,0.789936953156288,0.80842583345245,0.699322539610121,0.905360697591523,0.833968593815386,0.910032712723098,0.892935999506482,0.797214419079206,0.896013276360731,0.909814399905345,0.907133147178688,0.887196721470864,0.904384010422373,0.890267015423909,0.873068568613722,0.869191964591596,0.875860415101353,0.905028677854116,0.908627864589209,0.918377470852446,0.905343098505627,0.906191628143678,0.91332700616783,0.912933563925846,0.913091804166543,0.886537082716025,0.89157676238247,0.88920085723545,0.895179207883259,0.917517156055302,0.892494718504456,0.871660280965434,0.845868369986387,0.913216013901447,0.877179472431099,0.895058744913108,0.903768434680868,0.911381513367402,0.89533868029686,0.893592577290692,0.88579225517268,0.884664948517792,0.884982230123192,0.902104704540825,0.84262504728761
"92",0.734736163073151,0.671916111437883,0.691012907901076,0.759780702359075,0.668676741860618,0.696325304235579,0.734737752132194,0.669267934186453,0.658764140499513,0.662016002172434,0.662031391995979,0.662213488629042,0.665515005522294,0.665294463721173,0.680088316288259,0.616413919010409,0.660013755917672,0.671790514364096,0.661296417031525,0.719922727547166,0.694124535589749,0.646649904392732,0.67389377639128,0.678451352149005,0.662753426954103,0.6779596385926,0.643375335088078,0.630006589431282,0.623553758993486,0.623446906236035,0.61925507331628,0.619224541003079,0.695459088293306,0.650411276688662,0.65609288005562,0.656085334806934,0.643672959948596,0.630160196181237,0.659604798555021,0.656493790466384,0.643267759507142,0.677940386352758,0.65309028133882,0.677881664002678,0.656138437963129,0.999331511929328,0.673210092227014,0.662208991471796,0.678204247942501,0.643049665168531,0.681482863544651,0.637152303575936,0.701655783942595,0.677795829863088,0.671920516798568,0.651197255841274,0.629956250485808,0.677607265778107,0.676916888921311,0.671692232215607,0.643344361691762,0.673272658582766,0.671406636927276,0.660709219535737,0.655124748804927,0.692527109026924,0.687386169383829,0.663719425449724,0.681554913436639,0.671551807763012,0.641453804461029,0.677421982641406,0.727778179393606,0.644133176856405,0.749704782800971,0.691090786901818,0.661037673165307,0.752132787897444,0.623548678548063,0.615741600384366,0.623391639198844,0.618463794103529,0.615600207831033,0.644011760948805,0.677979062631748,0.669493802021513,0.666799227516856,0.66197802841571,0.780360353546158,0.64318863626535,0.745682591892949,1,0.671323540658009,0.68553401687457,0.625138959887311,0.73162442215394,0.640306109756027,0.720632784074637,0.643406547626261,0.630247635612761,0.77469250847874,0.732876257508481,0.663984780265295,0.661988275643447,0.66020466739833,0.676723103819717,0.640855313645112,0.667769072710375,0.665895252383598,0.65199397364462,0.655984601096605,0.669282124917482,0.671733528982774,0.698524948369193,0.687735712367906,0.688642065274277,0.758608793576104,0.679709852387757,0.623635986735205,0.686483183470726,0.72158931298741,0.678056362111807,0.629865307460484,0.772177705047807,0.736067047732386,0.778988418120811,0.767232005038772,0.701033714449545,0.768571466219365,0.78008302812721,0.785415867516642,0.777501191862751,0.780364008417268,0.770041069724071,0.769756613104376,0.767510835949964,0.761209633140079,0.76601634033524,0.77863442613486,0.770381652252527,0.760114356276869,0.77303490724231,0.770645680783211,0.77086268726095,0.770742084802926,0.76807212477206,0.770504004126564,0.76952352302724,0.778860868736648,0.781350849366062,0.763346394027903,0.750573998840933,0.735381413550081,0.782633092325272,0.75216879723134,0.763811289369492,0.765309884934246,0.767817667382888,0.773949284036524,0.773100836730516,0.772414908924072,0.771809089708959,0.77200388866628,0.76412184109771,0.731321191526203
"93",0.681545367141033,0.755685447292669,0.682050990971821,0.683970610566429,0.675276923964052,0.69872564996789,0.68145523833087,0.682766057052772,0.667945194693679,0.705382505739956,0.70530023304792,0.70559756249807,0.717133988008989,0.701383207307007,0.732322979072484,0.610158162784148,0.707517282202881,0.75565901043514,0.668527567161601,0.691112129116317,0.697196746321557,0.796241146494226,0.689155154070218,0.680653486768829,0.706175698177301,0.680107695171511,0.660934064352136,0.624340293169403,0.618511975628299,0.618469319544145,0.61437725483827,0.614301479746005,0.689355126105191,0.702832739760441,0.683023882200294,0.683010221883662,0.661249087384432,0.647027240325727,0.6740516192705,0.68340702823411,0.660830642355593,0.680144390912123,0.661187722827256,0.680017264814114,0.683050914600895,0.670936881409506,0.721529084250961,0.705683598536614,0.680330981436023,0.670736137469965,0.693900014424153,0.637547522568974,0.76591676937654,0.68000014667456,0.755600538110972,0.65947867716429,0.646867529531317,0.679785158315843,0.707938640161132,0.755546297806959,0.660841840371667,0.688583471134426,0.75544412162856,0.675744897461381,0.649033276051906,0.758161533102715,0.680025961772807,0.661503850283583,0.69864049571206,0.755565785507163,0.707203843552936,0.67954531541859,0.691169268618107,0.661670372703117,0.690636785692663,0.768008054696085,0.69081445557401,0.687424709280614,0.618511449788659,0.610274084860024,0.618413500206098,0.615783600056014,0.610167301853199,0.656121004376973,0.680144902327886,0.666184410735336,0.673368593360307,0.705373326019745,0.674121170746797,0.660760561437588,0.767910107256851,0.671323540658009,1,0.700563864522844,0.63387181424312,0.674114188652495,0.637125833425357,0.76192596513046,0.660966168563488,0.647121461320972,0.703030376626125,0.678022115310293,0.66173354311032,0.705276397198664,0.663853194885021,0.665064567706378,0.666279015566272,0.67856736900904,0.678124015949401,0.671403347585809,0.682877503649938,0.682791458231759,0.755636791787273,0.726309964666413,0.671834578328283,0.708907693689763,0.649754150575495,0.695207320951255,0.618652060009052,0.729197813317341,0.721131576697257,0.68025258731353,0.646723988959208,0.784957500348137,0.749917804643403,0.788562778848694,0.785783304307996,0.724324166736055,0.786798370713803,0.787244227578289,0.781828566677345,0.773750628165517,0.787449255064154,0.782546538577786,0.782373569243516,0.780813768811904,0.767479230599738,0.789011384770816,0.788152764372727,0.79377698834616,0.783525305531958,0.792573641480468,0.788122483293354,0.788846132706192,0.788432991505931,0.78088523463052,0.782461933124102,0.781913400456649,0.784087898682851,0.784993785426125,0.781277582127108,0.759946027315344,0.748068475885041,0.78833863010161,0.775131528695744,0.793494180666344,0.790871748617515,0.795506613116445,0.782291859425192,0.782001487492801,0.786164715053133,0.785816475740566,0.785936264539246,0.795078922247212,0.765667991890469
"94",0.721673943285814,0.786518444024861,0.693401718523107,0.733655853110212,0.675071424025518,0.71570037027001,0.721665138681333,0.675272866790468,0.669110287476485,0.690258363142682,0.690141986765616,0.690364379486298,0.724636960798523,0.789200754279096,0.776585685798812,0.628177734180238,0.680869026254631,0.78623032077406,0.691434041415971,0.714748718390866,0.693715306332378,0.659337349075994,0.776588838400716,0.753974458505948,0.690959345438414,0.753489370138444,0.6432283349955,0.638665408434476,0.632172062582674,0.632096580818069,0.627906416599375,0.627870517674879,0.689223138350648,0.714418068033672,0.673769074077444,0.673749407311387,0.643453018320852,0.64184750071343,0.666184639700319,0.674157209251403,0.643146445433784,0.75351594819029,0.739441866823236,0.753303272338712,0.673818901303378,0.685167711128985,0.808045579970289,0.690405192427744,0.753769380608993,0.718037858368488,0.710868203931163,0.641808194267651,0.743617271657273,0.753333351344762,0.786501257184291,0.662614961055927,0.641644580346548,0.75311047947297,0.68302878336967,0.786286493596815,0.643141885347878,0.775782530832731,0.785833819661539,0.680112184627868,0.66819958289172,0.768751224744492,0.688389569884104,0.648555368037122,0.69184985712854,0.786013767778765,0.650922175384515,0.752872309622444,0.763445324510858,0.643954193267506,0.730618386765475,0.815367703990336,0.678220162172435,0.7114672024983,0.632149948657162,0.62439680479697,0.632127303444478,0.628052387935664,0.624302094019027,0.669166558671785,0.753483936990304,0.652888313125417,0.689202794459392,0.69016991946153,0.691679622125533,0.643028653380886,0.81655471690348,0.68553401687457,0.700563864522844,1,0.638234314389336,0.718758039836136,0.656813533406821,0.773872511590407,0.643268935796406,0.641943781140414,0.847189778954229,0.71334601273691,0.648742796035788,0.690146173260969,0.707722568333599,0.658872902783449,0.661995310965944,0.66930093578992,0.670817403827771,0.66202004524112,0.673665576629969,0.675254498603859,0.786249745488091,0.770880924555827,0.713269833961391,0.673275585695087,0.665520505058846,0.702582217140585,0.632287094878875,0.833472333190057,0.788959430239127,0.753585649874624,0.641531801459178,0.827682101761823,0.767411182843572,0.814014477731222,0.813838046334505,0.718550685275409,0.816721262723665,0.81581900564764,0.834582308741104,0.817488179480265,0.82828854117923,0.796486486978627,0.783052106809122,0.779683088723449,0.790987319732502,0.809272953776829,0.812771092646035,0.822499796078248,0.815673679161389,0.809461497293749,0.816185079623918,0.815421157447613,0.815700143792613,0.793240691810993,0.7974220161991,0.795528093126953,0.801627550718532,0.824600422397505,0.809950159187581,0.806152940120224,0.779740995603539,0.818437425215087,0.789606330324442,0.800001358604242,0.810378421685182,0.817056345338872,0.797872938374222,0.796241537239415,0.794489414107485,0.793506938279537,0.793797791554334,0.807294752890219,0.752622632786126
"95",0.628241482621468,0.62110012741276,0.625129994959148,0.632116792564256,0.638154108417503,0.645887265041442,0.6281222507545,0.646517642059813,0.680754456303229,0.636391477333412,0.636440198981611,0.636601872106477,0.640858237499703,0.627783839636562,0.646042173948857,0.599514718913075,0.653231377969257,0.620929921969251,0.666082046279644,0.628858036596077,0.648911110957725,0.657117216560948,0.620744848846753,0.619926419656394,0.637124613767276,0.619504304585618,0.655010668160093,0.611570469535894,0.606356743832528,0.60628878624552,0.602259551414972,0.602195389626253,0.653835027352186,0.639466150179833,0.648710807808568,0.64865710413106,0.655424898389786,0.764434455210014,0.677185045163921,0.649093811341498,0.654859969134498,0.61949807289289,0.622569127143568,0.619391896904317,0.648704992621217,0.624725311517996,0.628660870521011,0.636637205925363,0.619691701763275,0.750726020375038,0.634759274107295,0.600710108648243,0.682151327978841,0.619343837249795,0.62102554474543,0.69495476098061,0.764631902312996,0.619188009331444,0.646677595330319,0.620934720963322,0.654926556135288,0.62017899829455,0.62052137618313,0.656315155851318,0.63210392320121,0.625808698153338,0.652664648697562,0.638190889893867,0.648297161537863,0.620728762846292,0.684154131843789,0.619030003462966,0.626668299056719,0.656028326386621,0.638544376389503,0.63717863426902,0.658822134804098,0.629685121977549,0.606433737157596,0.598947303731817,0.60621892283473,0.600817856751123,0.598909505404615,0.605009510781472,0.619526916330558,0.647532674695294,0.643463542720719,0.636427574779126,0.633076697609826,0.654892403364152,0.693814861967278,0.625138959887311,0.63387181424312,0.638234314389336,1,0.629176481832694,0.72967564846669,0.70017126893915,0.65507530414797,0.764704496587548,0.63601750528105,0.63114354968383,0.638321003036625,0.636397298326262,0.684884140942195,0.64840962153734,0.70627999316883,0.662517476162978,0.64268200786675,0.693130122339515,0.648572601911493,0.646596121438806,0.620911768595631,0.631462393156903,0.645988391488119,0.652729682630303,0.708415874007155,0.659584191870713,0.606502521093112,0.638673461235706,0.634777626239147,0.619570544697966,0.764082230134105,0.711103061394488,0.710153830371997,0.74164432237848,0.716283699401545,0.716227674998466,0.715295009756728,0.73850756046054,0.706027776528357,0.71606947821184,0.69914428698475,0.751422759824036,0.766356944757413,0.767024933407462,0.730938208149696,0.730118856263921,0.742989556626399,0.718426890374953,0.694112285716978,0.728060139416001,0.719479156156598,0.721369342771088,0.720418579617302,0.752113733191352,0.751172940942188,0.751841744982521,0.759372067033665,0.727894128501367,0.721246381387588,0.692146158279151,0.695432038014556,0.737319110243936,0.724755646487207,0.732200712305831,0.717453920995387,0.715554276460284,0.757603578097375,0.758454392336487,0.756675097694276,0.756926176853886,0.756888296568027,0.71862634806054,0.735237133172845
"96",0.77322621096677,0.692120610231196,0.730654480595577,0.918565725877549,0.66789315017645,0.759541774364641,0.773190051919619,0.692954831238416,0.686389482627026,0.685622016336696,0.685619783360831,0.685722362591176,0.676177135774462,0.682577960357146,0.70173941561256,0.622423743609015,0.677620687929543,0.692016365978955,0.67655539636481,0.792465794142147,0.71338155747541,0.650858662607773,0.71270891718612,0.701935165007716,0.68636032183455,0.701483492142638,0.648466633989479,0.636995954579636,0.630275130790535,0.630240814547945,0.625826399840623,0.625789349355419,0.719938094784256,0.671023515817416,0.688511866995711,0.688500258220116,0.648738400409684,0.632276316064015,0.671558535325868,0.688926787762809,0.648396736440269,0.701443808971919,0.676406475978216,0.70136428555875,0.688574173084833,0.731109797010065,0.717358748006855,0.685794490579129,0.701718799300725,0.651244216871696,0.692892224599656,0.660169805204587,0.725820303822346,0.701276078937765,0.692004766673195,0.650472022948338,0.632110168569929,0.701111550418151,0.714560994275651,0.691844109665925,0.648379957986815,0.711924853219733,0.691476388887948,0.695947067954102,0.655127946258352,0.711436286647249,0.683341334015782,0.646160907259951,0.714744652239304,0.691612095902146,0.649115981051921,0.700871010835589,0.78715514332643,0.649192918379319,0.746911360389804,0.71815560516728,0.691281543680148,0.777141643346955,0.630314271269838,0.622313063982039,0.630151608304585,0.625033625225315,0.622173735296861,0.649874062294145,0.701518868642592,0.649610402228992,0.691431687211642,0.685523702733749,0.74117583383217,0.648331414683659,0.781469070540644,0.73162442215394,0.674114188652495,0.718758039836136,0.629176481832694,1,0.660102428071715,0.729963084479679,0.648510039510633,0.63237998339652,0.72949000662631,0.762396274823065,0.646305961954646,0.685519236448298,0.664946657125826,0.674612351968693,0.673859691677818,0.65781379944981,0.710863072647622,0.655628663049297,0.688403183252615,0.692989957277743,0.691900293059173,0.691694106610416,0.749163982168221,0.68124498436944,0.655129926806109,0.70758285424279,0.630427388151112,0.726863500484808,0.743529096053346,0.70161180554547,0.631998225727146,0.795053404260384,0.747560003301555,0.796072073590342,0.789503557137639,0.709724896194677,0.791363742424677,0.79965278085116,0.811489113204892,0.795834476260255,0.81447523201391,0.783352172856016,0.783518157556964,0.780763627767052,0.776127057144633,0.790788494951806,0.79516106189035,0.799125960417277,0.795608254481249,0.799873171537819,0.799646169873482,0.799357928297718,0.799523964097442,0.780894976581811,0.784016036829535,0.782621344994769,0.792858839075415,0.801723563625108,0.78229737365789,0.769553982101828,0.750977855510522,0.804956887112954,0.772441081242555,0.790028083209662,0.795417050722949,0.799014269172781,0.788904352869019,0.787818036989946,0.787326571549129,0.78660003681064,0.786833906519415,0.794961107071367,0.749382984410568
"97",0.637505396792736,0.636766204580954,0.655231458480354,0.649615094306147,0.654490557284951,0.661367992026699,0.637408229237603,0.641134192794037,0.681852711665212,0.63697473952745,0.637062754754725,0.637228586615275,0.640407724402045,0.641244296918735,0.651768945981796,0.587203469799668,0.663214516185961,0.636535396606086,0.67635583243529,0.658855259497249,0.662995578099563,0.649700856896444,0.639892586132162,0.640119004868134,0.637728082788567,0.639688387480017,0.652509269507298,0.602382053809801,0.596806474159838,0.59680205129153,0.592906251496442,0.592883615293488,0.660871306947139,0.656916085526432,0.645197246243249,0.645168422148136,0.652840227991187,0.730556093228867,0.674237109136348,0.645613130426438,0.652404124263186,0.639706322362906,0.616719309303594,0.639538811332642,0.645211389063409,0.639810676000079,0.645727778850055,0.637238372794019,0.639907180050614,0.754486112801545,0.638351145030281,0.596184420172563,0.691718961354777,0.639520545224905,0.636669098511761,0.683955579717728,0.730687441238143,0.63937324869894,0.656465473752489,0.636587343292887,0.652410413248599,0.639380783809442,0.636167177463145,0.655283275553459,0.6256676367,0.643057926104919,0.645360918273268,0.631636811866728,0.651252868835792,0.636410577276306,0.694290342877288,0.63918129869699,0.643313659990058,0.653506038156409,0.651691100359381,0.658012789763961,0.657550929079711,0.64846108334896,0.596840963354991,0.588623153857385,0.596700355842431,0.594989027428459,0.58851468813188,0.605349090101718,0.639695173384276,0.637589702578894,0.662447388504363,0.63700840240761,0.647510296992923,0.652378141538192,0.715063615081647,0.640306109756027,0.637125833425357,0.656813533406821,0.72967564846669,0.660102428071715,1,0.707316710633077,0.652592850021902,0.730881525246512,0.656737271173623,0.647734243578988,0.631790907072219,0.636997631447521,0.675922309659736,0.641968249172505,0.684299073614519,0.668941109880366,0.649797561537027,0.686636547704574,0.645109606321351,0.641228122183935,0.636593749225386,0.652658769028454,0.65044147087883,0.672831196606448,0.67225994385408,0.665700153282464,0.596905717464018,0.659428221323156,0.64826024117429,0.639752741674867,0.730060176401155,0.72052557373856,0.704693003097651,0.749019543159532,0.722189208128115,0.702280289222219,0.722045569499237,0.746677058045069,0.721875129963982,0.724082729008843,0.720567955431773,0.751608999491332,0.764508912346343,0.764045960212875,0.731435847964641,0.737140291235253,0.749616126737078,0.731229976605805,0.714811963271177,0.74002745866728,0.734570781577635,0.735755563669525,0.735154548628102,0.751294503166753,0.751725836758526,0.751705714301733,0.761891582529675,0.739260946934833,0.724666027985802,0.69760632002916,0.694676794624116,0.748559839290024,0.72570362035575,0.741231774929461,0.732738325786832,0.729937770047251,0.761139190869447,0.761348398620926,0.756850933779055,0.756800823212311,0.756851538520443,0.731178788302585,0.730321596616555
"98",0.72733418423231,0.776235022860528,0.750456371410787,0.737355822013851,0.732324688264892,0.738578519306995,0.727202244315846,0.741507061334019,0.727603301737405,0.739579580280023,0.739595855519323,0.739833564854079,0.818568505995256,0.766188717533778,0.753041639649307,0.661904335141005,0.748083659080076,0.776057622817858,0.74749125189118,0.728400451601165,0.741298617225264,0.744718486015627,0.770198874505685,0.773674864712638,0.740464270516109,0.773176385072593,0.843335022626129,0.676848027495194,0.669903775304418,0.669887330566101,0.665069817270614,0.665043775355731,0.736281210839295,0.817907583433808,0.736402983079118,0.73636050203685,0.843573577101311,0.715394255220282,0.842385623058129,0.736845279826066,0.843240172153929,0.773200584157093,0.714536248186104,0.773056679271825,0.736422411226453,0.720139558561486,0.777172842236534,0.739855792726398,0.773396301870901,0.722566010429571,0.735585253685089,0.675461857297219,0.807688746216268,0.772995203955879,0.776182309114759,0.736115474238827,0.715211872860881,0.772902020474379,0.74506771466166,0.776003071561008,0.843268034560515,0.76959002935011,0.775634130841014,0.739259488645868,0.70231986545963,0.78992760939523,0.739879280020628,0.712752842054692,0.73619197327754,0.77585555748901,0.725461495515779,0.772579040800457,0.758959339485272,0.844004142884855,0.734217702623119,0.805221633259112,0.754042389847093,0.742370280757699,0.669919147555687,0.660421610891087,0.669796054740982,0.664986455863987,0.660275042086363,0.711853799354611,0.773187257358301,0.721435015539461,0.7410410832003,0.739559911939394,0.725035063409353,0.843142720053311,0.847441911911381,0.720632784074637,0.76192596513046,0.773872511590407,0.70017126893915,0.729963084479679,0.707316710633077,1,0.84336553759708,0.715499981043362,0.754724299895259,0.72829801241121,0.712980849317522,0.73953484966181,0.738248439027352,0.720832542425075,0.735430146857384,0.769224115865719,0.789599580740139,0.741404637934309,0.736251977693122,0.741576092506703,0.776096448761057,0.797803944517183,0.731287177016995,0.730654631385919,0.712572684331038,0.754786236812731,0.670051671268079,0.767480836474418,0.761884353351889,0.773251878291859,0.715053510967922,0.864667587908863,0.826869614429096,0.886560442921468,0.872728334548023,0.822925386256822,0.873222500378391,0.882350073895834,0.848644610377793,0.841620480049108,0.856914131948913,0.884543992408522,0.869274417294526,0.867835908886734,0.86503816242027,0.894159708539922,0.886475822701658,0.894499766412631,0.879695577545681,0.897610383424681,0.889462574591815,0.891158637975053,0.890434284272912,0.883302260767299,0.88466584025293,0.883982710174823,0.874246610218665,0.877443024339164,0.874568475584023,0.838394088821041,0.831032421640576,0.88016297521941,0.880093712141822,0.895841658354903,0.886999028675721,0.895440887778878,0.880723034388275,0.880966804389141,0.87904048506924,0.878766132403472,0.878807078265111,0.900644673539885,0.874746303134973
"99",0.636347544416718,0.629801409047003,0.661603054438552,0.648427630763771,0.672655057393408,0.656485827638389,0.63620787929606,0.65980661972895,0.677296334341946,0.652346583291907,0.652423491635364,0.652617374744642,0.743070861294887,0.634321905174727,0.642936843806515,0.60398555993652,0.693257855397621,0.629653411852061,0.690163454515672,0.654033112147776,0.670776424319834,0.703000190087048,0.626124520795103,0.625487534224225,0.653050971635057,0.625058419502527,0.999655222366952,0.619045816268108,0.613346477470234,0.613370792194877,0.609265240787645,0.609240078044064,0.670690316347956,0.760965761638989,0.665084013198967,0.665035739223514,0.999535511335565,0.678449013584049,0.918510059051112,0.665461076673709,0.99969542276192,0.625084529511128,0.632310081021455,0.624963395143551,0.665088256651627,0.64295365995307,0.63224625088691,0.65256772316516,0.625242071291967,0.657360444792394,0.653108581916288,0.61349795724593,0.686731831344872,0.624882081189041,0.629773603714846,0.69551391730489,0.678310238632787,0.624820612104016,0.664345050274083,0.62959020962724,0.999663894492084,0.62556189509316,0.629256620546695,0.673741880325834,0.632940170958861,0.637052264625888,0.667074581539018,0.655129932706804,0.664064506752054,0.629452365209539,0.683716162207597,0.624540877655273,0.63743546012047,0.999087773683608,0.649241209260396,0.644966031500591,0.69922319666672,0.658357171555928,0.613376351467727,0.604986348095397,0.613226248425191,0.606875905435339,0.604862031632158,0.614142926584835,0.625073031051041,0.664242691873646,0.665753306077175,0.652337519822767,0.651130174437446,0.999619353899879,0.706074044559247,0.643406547626261,0.660966168563488,0.643268935796406,0.65507530414797,0.648510039510633,0.652592850021902,0.84336553759708,1,0.678530482190615,0.644554216604109,0.647430794037712,0.655329386306375,0.652351699084035,0.669050222218837,0.657148134015883,0.695290105749599,0.7424563577935,0.778781220902578,0.708228996231751,0.664945626322809,0.659895261934569,0.629667195208279,0.64378072748485,0.651196651881142,0.673150396686868,0.646825640236859,0.674889374829835,0.613498652571564,0.655925295073492,0.655540126916737,0.625139740500282,0.678156686475972,0.726054514376011,0.736021825002721,0.758561001196806,0.747651246327512,0.77709274315331,0.745450572210577,0.755687432900898,0.705464479410856,0.713233582182958,0.714371878989762,0.775501664188879,0.777379152378004,0.779470671617092,0.757470833054622,0.770682903139377,0.759938732881101,0.756198165357999,0.738323764734151,0.772119830435568,0.754678052715779,0.757656590646502,0.756383398725428,0.777577975220623,0.774369200841438,0.775853503542957,0.761338206067202,0.738439085418866,0.751402235134017,0.709411562706945,0.72274994862068,0.748521231939027,0.775671083393049,0.781149743026247,0.757216626161964,0.761186512237624,0.768132444510557,0.770287358642641,0.775184104845249,0.775952616332481,0.775693307611142,0.776219010610602,0.811668839069302
"100",0.629406591942653,0.624504740198724,0.63134226304642,0.634280013476218,0.643898167986904,0.651457245312451,0.629291807932467,0.655257691092247,0.698221014465057,0.643921606982089,0.6439418537251,0.64413504698745,0.650640036230169,0.628679310398604,0.641246326672225,0.595934198136773,0.665040990991105,0.624342105886925,0.67644781547804,0.633440169669513,0.656651352105817,0.688261441798375,0.623201234874141,0.622689304669332,0.64467917880141,0.622261870205047,0.678460968753957,0.609410850711579,0.603800860948168,0.603778612547559,0.599749998579166,0.59974708563925,0.659679589140368,0.652236210909435,0.658510418313184,0.658507963988964,0.678900825699794,0.999602715232361,0.699183921854876,0.658953741683008,0.678356848024834,0.62232020364611,0.620991801031376,0.622158247024907,0.658553977972464,0.629784445242553,0.631182919506455,0.64418320264508,0.622459315734352,0.76948405349134,0.644062893299976,0.601052257759134,0.705594640712573,0.62210964230053,0.624461914761377,0.72538952798599,0.999555470456116,0.62200146146086,0.656421153752292,0.624320430914164,0.67840701605615,0.622614806129698,0.623926103531722,0.664922030805155,0.631964263495718,0.62855694904898,0.655692381139117,0.646773759850346,0.655343790620602,0.624179527611576,0.7405578981446,0.621762976004615,0.628321246502079,0.67948933819723,0.64205157116848,0.640692092428337,0.673254052432936,0.633564952447181,0.603821634632263,0.595990170193408,0.603608228317284,0.599025734295993,0.595911489131239,0.60462856432377,0.622238565510719,0.656166958278557,0.649947377437903,0.643955033686876,0.63706702726679,0.678302227688247,0.699783121843451,0.630247635612761,0.647121461320972,0.641943781140414,0.764704496587548,0.63237998339652,0.730881525246512,0.715499981043362,0.678530482190615,1,0.637685135037811,0.634767139189909,0.646992570111308,0.643914830036097,0.698067760239283,0.656338191172783,0.745566759502905,0.699289819630985,0.657877100548709,0.694933905874016,0.658375002684914,0.65532444945965,0.624342542167002,0.634861488650032,0.65091907578186,0.674403145855437,0.708809565321612,0.664492698278511,0.60390774243992,0.64572692174533,0.638293047120701,0.622377089807936,0.999196943944877,0.71495424377961,0.714564253736022,0.756104496934647,0.722918873842064,0.726626390695532,0.72165324180033,0.749061461536088,0.708575086505434,0.718271936743352,0.708132758612415,0.768159935214783,0.792021922366324,0.793138456069841,0.738641415148125,0.740245588173655,0.757639911001724,0.727554391904912,0.703315133371242,0.742303328108203,0.730694377195506,0.73290792633229,0.731762688366406,0.769059972441674,0.767751120804235,0.768699355708537,0.778415861172053,0.737071199976725,0.727313924784943,0.691341238539212,0.697210442510719,0.751406099832202,0.732514261770935,0.749273567140815,0.731453427597452,0.72713672678827,0.778355433714304,0.779481283958052,0.776625107855204,0.777026254320157,0.776970541977434,0.731932065687374,0.753200510491083
"101",0.717250048515173,0.76017005431377,0.682741102787069,0.760035863197973,0.667936897142611,0.731556833710767,0.717250548981985,0.676490270983876,0.666666790044809,0.677916456111752,0.677841726323261,0.678044643869067,0.698894181394196,0.741859089861576,0.747471099112542,0.626333514784048,0.680953580560631,0.759911639171528,0.680779328642032,0.715140219787914,0.694348470140654,0.660598241610971,0.755323485174758,0.733658488628178,0.67864591224808,0.733148613469044,0.64455618202676,0.638281922297113,0.631829369340712,0.631710524444087,0.627239756666273,0.627237311981624,0.718772022846588,0.714070292505087,0.674490924751311,0.674461129034913,0.644754472188787,0.637628211426217,0.663388727353432,0.674868396128265,0.6444220781404,0.733180388188281,0.7191931215754,0.733024909822067,0.674550575102129,0.77446060539427,0.762796931798451,0.678073274699262,0.733446280861776,0.681550580137234,0.718175308010256,0.646820275007671,0.752820727166875,0.733011919296133,0.760127097487455,0.659239982777729,0.637401349481983,0.732773580341594,0.690830306879841,0.759886699687789,0.644442512748788,0.754570742624994,0.759487227077032,0.690060238407959,0.667835022173371,0.783476994018843,0.687995461944787,0.651907759503853,0.700434330926468,0.759715365310739,0.651868314456618,0.732546350974666,0.740114298790966,0.645258650617393,0.789982010167235,0.784204455867482,0.682948855218802,0.720628206327289,0.631835895166999,0.623820413880064,0.631735475488494,0.626127214520665,0.623720432871853,0.661048684978329,0.733171722121107,0.654791536353521,0.688332687237141,0.677832214627465,0.741878673981411,0.644335394483795,0.78532263738938,0.77469250847874,0.703030376626125,0.847189778954229,0.63601750528105,0.72949000662631,0.656737271173623,0.754724299895259,0.644554216604109,0.637685135037811,1,0.740213197957673,0.652128728426578,0.677828540469942,0.671987895054187,0.656655916614589,0.663154974587726,0.679215630980648,0.67634269235077,0.660145885101848,0.674384426858429,0.676471321091382,0.759903251391009,0.753797578730528,0.710546852183052,0.69561894703884,0.706215266705898,0.687622333455054,0.631910820727066,0.815818868717351,0.756007374962474,0.733260055368666,0.637314729766976,0.81923824258347,0.762456714610279,0.80929169592688,0.808271023579381,0.713743487442456,0.810836404238238,0.81078184081317,0.830294491673309,0.81297970376716,0.827451653908281,0.793012349363842,0.784764540146268,0.781520629991342,0.787043860710489,0.803030324738701,0.80818495508721,0.815015183192275,0.809378562455497,0.806652737321984,0.811173776931403,0.810566891007736,0.810800036468829,0.789940657282401,0.793888242526127,0.792131176592096,0.800390208226918,0.818740337026151,0.801977968483889,0.796445671169156,0.772704769107922,0.816090320396412,0.783638985007469,0.796669635993888,0.805537791562251,0.811443979533948,0.796081547578824,0.794562337471468,0.793603274328162,0.792678548516418,0.792964984616157,0.803300639812855,0.749793756519874
"102",0.735316974459738,0.700048163672385,0.703245569499129,0.793228288035728,0.658500877031403,0.716981504511089,0.735250267916762,0.666125694829219,0.664862326482029,0.660691766757067,0.660672996382125,0.660833035505148,0.671354934532636,0.690288930828568,0.700432784429814,0.619980757234182,0.666659002864913,0.699773708797923,0.680220264851795,0.735930689726838,0.699603332528829,0.644521121717769,0.712373943595126,0.707001342380929,0.661348110452791,0.706466828246922,0.647374822583142,0.63525889429063,0.629023631538706,0.628980559961056,0.624848273925868,0.624845955355293,0.689130177967053,0.662704528162419,0.664426189786241,0.664378731255867,0.647640469429436,0.634694607625634,0.671383808161108,0.664795392960098,0.647290584856245,0.706537089285885,0.67177889762738,0.706417771794404,0.664451945625944,0.732501768867403,0.729530594549946,0.66084593535117,0.706780974975144,0.662172225785091,0.698665884050507,0.644318344150664,0.711917608987171,0.706336404835045,0.699948221774842,0.651649664712804,0.634493436035355,0.706101547006837,0.678011758975878,0.699732682742335,0.647290567744285,0.711638869953996,0.699321965436498,0.6699321627475,0.660467564221612,0.708238598579794,0.687798087735973,0.63684024949634,0.682674706732712,0.699573587643434,0.640509663004682,0.705915799275301,0.754861161651899,0.648121030216128,0.771562143299496,0.709175151745081,0.666250543011943,0.747900645953884,0.629048969853615,0.6206851553847,0.628923452493453,0.625731527282667,0.620532104533045,0.654044646707482,0.706473069928287,0.639842054798979,0.668245741121281,0.660591124741072,0.766298627912604,0.647220792389271,0.759536181312009,0.732876257508481,0.678022115310293,0.71334601273691,0.63114354968383,0.762396274823065,0.647734243578988,0.72829801241121,0.647430794037712,0.634767139189909,0.740213197957673,1,0.636997379497532,0.660608766341343,0.665140717806422,0.649408115873488,0.657369769873478,0.651335228909888,0.6994876083259,0.65691694576456,0.664284665806668,0.666109234076016,0.699760814164715,0.724665437928479,0.71266393583467,0.676407473653999,0.669662967075547,0.677346361107681,0.629184555818895,0.711393046610464,0.725404193514155,0.706576461543227,0.634399945353265,0.788856776275159,0.744481449177312,0.785459954142122,0.782806594123797,0.703613368455088,0.784502930574789,0.786768154314375,0.800445859481712,0.787630861144354,0.798536532186616,0.774321896314267,0.771468908692949,0.768911264040334,0.770009385762647,0.77979605778375,0.784827513358241,0.786782328481085,0.780152714414971,0.78448226891569,0.785350142272055,0.785158506391486,0.785253681944042,0.772041829068947,0.775067676621835,0.773715031444142,0.782532911210503,0.792239643777419,0.776387148339424,0.768764475863332,0.751786802935232,0.79326054506203,0.76410613187447,0.774349844597065,0.779010909947344,0.7842843300763,0.778221889599771,0.777149130794992,0.776714550667814,0.776013893445099,0.776239911909368,0.779269380007276,0.736660251823425
"103",0.633287824255361,0.633224025169338,0.672071283474137,0.64149681254052,0.739046360623545,0.664735425525108,0.633181309805735,0.689447608077461,0.676167427973263,0.67610719541852,0.676186829231034,0.676334636750513,0.643756926212335,0.637282275920105,0.643577886839137,0.591667115589391,0.692356918704553,0.633005103903804,0.65923230027394,0.657529040264592,0.693069033009458,0.670325393806882,0.630437057681779,0.641309133532739,0.676948188491854,0.640913663802481,0.655352505352229,0.604398279769446,0.598953259517707,0.598903647616692,0.595285945033181,0.595251700222769,0.677314118941018,0.66060468136523,0.677050927768619,0.67706727200578,0.655597869849495,0.646886424253716,0.667899391567123,0.677398940525769,0.655187963023055,0.640917504017105,0.619972735993872,0.640767834508531,0.677055483794433,0.663690555255981,0.632925638003007,0.676324184756103,0.641085429361455,0.639592196158568,0.635448161229348,0.601136589669826,0.698011231317036,0.640717024952199,0.63311839751138,0.668301173437475,0.646723977091151,0.640575291232773,0.68962312274251,0.632999470174578,0.65523643174356,0.62991230958828,0.63267521426312,0.758134136293834,0.631008663783424,0.642126585650143,0.676669444544236,0.999543898524917,0.679453196402085,0.632860730267371,0.659121707268707,0.640370364192906,0.630488485679162,0.656062493116457,0.657042753179253,0.650070151348843,0.679352855505788,0.664957525817715,0.599030150772057,0.591097565870259,0.598819698738067,0.594415940293971,0.590994999539931,0.614727233344828,0.640894880500309,0.85568024417601,0.698712144638,0.676101491362505,0.645812401478633,0.655087440868638,0.73248973282014,0.663984780265295,0.66173354311032,0.648742796035788,0.638321003036625,0.646305961954646,0.631790907072219,0.712980849317522,0.655329386306375,0.646992570111308,0.652128728426578,0.636997379497532,1,0.67612219048504,0.687510381975418,0.873957225232157,0.656934294813195,0.665081801062863,0.646884927152561,0.672631730583165,0.676915145895564,0.689511813233988,0.633073494648464,0.658106895632128,0.669132724407773,0.660001735595145,0.670457542797632,0.679918112774286,0.599061618799572,0.66648343005637,0.652295069702122,0.640991545044357,0.646562021758838,0.72241693262889,0.714441485892731,0.759365738449183,0.730933426776485,0.738183976768936,0.730085385699858,0.754106487248931,0.710513382478327,0.714204364651476,0.711374173458161,0.766527700626877,0.760390732504134,0.760511341569396,0.748792747497808,0.754004847592277,0.760323180204743,0.744622783985939,0.730719141705932,0.75404572416053,0.750590865262961,0.752271228870727,0.75158181525926,0.767145311837482,0.766710651807866,0.766857812236792,0.761313920888385,0.746522083462333,0.73900586081892,0.708123394095687,0.712554594250391,0.75167093986142,0.750230641053013,0.755493631160486,0.743771100860264,0.742705150901895,0.769762968921399,0.77049330085396,0.760266514333868,0.760380429934111,0.760313451178234,0.748610291055609,0.761243796073371
"104",0.662826216724335,0.667024416096526,0.694783130791434,0.671671086141908,0.690793066702304,0.719544997161606,0.662727125259575,0.725089313781797,0.688680470300786,0.999555702661889,0.99959146152467,0.999551683413357,0.665553815569419,0.671023023772348,0.664372725256561,0.60652433803576,0.706087464417053,0.666833292083342,0.672422035525324,0.677276719202172,0.686477392095471,0.69534035275967,0.672610771045427,0.680207734936518,0.999011834743014,0.67974569546257,0.652376090006999,0.6194323023184,0.613440807816896,0.613460294690119,0.6091800724381,0.609175800065503,0.699569416447061,0.658369874416996,0.718244789115943,0.71820654924928,0.652652987901835,0.643810513226009,0.666539982479086,0.71865538886936,0.652258359296437,0.679764451515066,0.646215145232129,0.679573912267014,0.718243182087814,0.661613692985568,0.657781929233696,0.999478788606306,0.679954102770229,0.643128575178047,0.657668398275001,0.63040503508916,0.789593292876409,0.67952947910051,0.666954239306249,0.660789707161788,0.643698161922159,0.679392522764569,0.737235341365041,0.666766946054175,0.652329882449667,0.672066021139927,0.666413022993794,0.713255954614331,0.647771343210871,0.682983955634981,0.681574997263896,0.675867558728388,0.717016025548176,0.666603140594303,0.66542486095164,0.679158269502946,0.658567041659643,0.653094243461724,0.679497468451124,0.687647775185052,0.707108046005295,0.677428651751159,0.613507700366167,0.606022405020146,0.613328776560088,0.609064847445084,0.605852454923018,0.628065230092114,0.67975755638748,0.679522446587091,0.698740948538644,0.999649110459731,0.669983988639277,0.652203631484368,0.761063880908663,0.661988275643447,0.705276397198664,0.690146173260969,0.636397298326262,0.685519236448298,0.636997631447521,0.73953484966181,0.652351699084035,0.643914830036097,0.677828540469942,0.660608766341343,0.67612219048504,1,0.667880453881142,0.706467105724674,0.705964619448159,0.673554329920464,0.666587391836069,0.670732953296471,0.718084458310458,0.724972519940483,0.66684045011826,0.705594389820376,0.714495081804894,0.68266530720157,0.655519691514782,0.730385227133166,0.613606976882422,0.713160278790378,0.686049948131855,0.67986652549783,0.6435259537079,0.770897005623796,0.732738238151316,0.793812668923394,0.779596670901444,0.709511577078893,0.780385422455276,0.775602192063967,0.764695567691446,0.750980557299846,0.793611709228146,0.787527382936962,0.795132259596589,0.793821362427778,0.757910345935908,0.780648015347652,0.793197271872266,0.790487488092566,0.790134477670923,0.806112473346574,0.785410922019657,0.786657816955654,0.785873575694444,0.785580152827865,0.786883084672734,0.78672978357879,0.787057037960595,0.781564124834934,0.76840085323762,0.73718761932017,0.730022369793416,0.790001019100427,0.763060565796199,0.802979572508125,0.797455843928873,0.801804494485256,0.788356964746644,0.788318936632006,0.795304601228502,0.795116358976474,0.795222626946883,0.805761806259458,0.768408170948689
"105",0.663811761475907,0.67044171859119,0.659379906559894,0.670517922563434,0.68734337574136,0.676180456355056,0.663749969079366,0.68403392376698,0.759154684946632,0.667959996166677,0.668003726833743,0.66812645613511,0.689781175296051,0.67148092683265,0.674445563460689,0.612361544313054,0.684531649113652,0.670299245569477,0.714076752279814,0.663075632025848,0.685295168091859,0.674186859450565,0.658066698117637,0.660847213249667,0.668622364045623,0.660370292662234,0.66893980293672,0.625780783723647,0.619595824820804,0.619535545985011,0.615431206918675,0.615455972888119,0.687190330865293,0.665556070388382,0.698350897267651,0.698313139705558,0.669254905049508,0.698012815622553,0.696259658946567,0.698738119728546,0.668903988714864,0.660441948106453,0.64322306629671,0.660269247975618,0.698321518202635,0.659866975532112,0.68291340853685,0.668151993213795,0.660651157154705,0.696364765547726,0.669781265642276,0.617975660240116,0.701458652310462,0.660232107921755,0.670393623241309,0.703639161039716,0.697753426764739,0.66013507997941,0.678500634258984,0.670275422524122,0.668907003217239,0.657512148330988,0.669853114299694,0.712749883211255,0.653853565167561,0.661506193629681,0.68458064837634,0.687438716013827,0.678990735030482,0.670088843108152,0.687838195662647,0.659882366845199,0.675194688789895,0.669744728153396,0.671673161554548,0.691516181862881,0.681730953346202,0.668050961093807,0.619578591803091,0.611825872498774,0.619495998492058,0.615709045562767,0.611731190134934,0.628149358604587,0.660411609501837,0.701140733993549,0.680276771159621,0.66789698444199,0.683924996341196,0.668822467969765,0.745347174918038,0.66020466739833,0.663853194885021,0.707722568333599,0.684884140942195,0.664946657125826,0.675922309659736,0.738248439027352,0.669050222218837,0.698067760239283,0.671987895054187,0.665140717806422,0.687510381975418,0.667880453881142,1,0.710065052645409,0.682654071616019,0.68135396152127,0.662929360500541,0.692386289544875,0.698241962762328,0.684049091539043,0.670276004137287,0.664787875319222,0.669021551867361,0.681380188582619,0.676591136138891,0.692526237955372,0.619684728080228,0.68247385057625,0.686395349351482,0.660512555960973,0.697708091932405,0.749983270854254,0.74002442157028,0.776493812017016,0.752748757286021,0.755295938577265,0.752247774538181,0.778831978220797,0.741833152361245,0.748165204019368,0.734060636047524,0.782743913818825,0.784484043972461,0.784427830924112,0.767126608062883,0.777274299032987,0.777344598241276,0.766477462157651,0.745372263674629,0.768746756233033,0.767852391484262,0.769296269516639,0.768670456137774,0.783129827551796,0.782879335118887,0.782974235797086,0.78534009822363,0.766257026936682,0.761603532286653,0.731957317842574,0.73096125747576,0.771621940314183,0.770545377564529,0.774466216521355,0.76338305430886,0.76223622722496,0.787655431151382,0.788259000936192,0.781738302118503,0.781795618833899,0.781766910307146,0.765136161662473,0.777465463876159
"106",0.644170385518767,0.643879809771203,0.655830046862848,0.656634545922729,0.727936012181832,0.693237253599687,0.644051631794797,0.727555213049751,0.703344766822909,0.706505243003643,0.706611878713513,0.706703187197625,0.652580814274361,0.645979142112624,0.656640039817433,0.601309483996261,0.688876053090024,0.643677205221419,0.669965835397842,0.656620228873286,0.693013912702134,0.66962658188078,0.641675805411216,0.652942416737099,0.707301370091118,0.65251717859935,0.657116130976691,0.614796711540606,0.609068254879695,0.608998230845305,0.605119932244949,0.605119353906808,0.697935718260599,0.662049070770798,0.71080577375392,0.710827929482272,0.657419483148287,0.656228328644878,0.668507004433844,0.71121328008217,0.6570072013538,0.652516286519604,0.632371256873447,0.652377866447938,0.710792321039768,0.676416292326788,0.645496078212128,0.706737145769892,0.652687926130855,0.648715317161918,0.649001978717697,0.624006986607449,0.727439071409418,0.652307693813129,0.643766582699867,0.678279477570836,0.656064304126115,0.652195857284816,0.718373599914956,0.643643240244191,0.657040639857084,0.641141068827711,0.643293000182594,0.776931562034374,0.641136518531597,0.653441224483478,0.690927519782847,0.873918120380258,0.707394286958391,0.643501754198458,0.661887372010764,0.651953353281745,0.643056443768069,0.657824527215053,0.668077503881826,0.66178683028735,0.706475842981851,0.663640575148715,0.609072788249706,0.601063671820914,0.60887482926047,0.604109485177306,0.600923758357161,0.625345018180476,0.65252173298675,0.776541889757125,0.738891210386705,0.706477234817751,0.660670940077111,0.656873363721947,0.758879246826316,0.676723103819717,0.665064567706378,0.658872902783449,0.64840962153734,0.674612351968693,0.641968249172505,0.720832542425075,0.657148134015883,0.656338191172783,0.656655916614589,0.649408115873488,0.873957225232157,0.706467105724674,0.710065052645409,1,0.68540808844501,0.677971024365158,0.648810567661365,0.674874718243521,0.710684885242299,0.72766130633244,0.643722986562205,0.673463000370094,0.695333664261896,0.667189775199107,0.68573073273657,0.709460584140979,0.60913731998285,0.696037681410643,0.665014406044134,0.652615880331457,0.655907466634922,0.73901317268471,0.728040789576171,0.775457007058303,0.746511091309354,0.751867868860746,0.745822057787936,0.772246377931925,0.727717704729623,0.730718181257212,0.729060481022083,0.781838742318368,0.777871701246482,0.777868453113149,0.762457864463052,0.77266253043193,0.776273792551907,0.763484636839261,0.749028151651175,0.771647767534582,0.768935427264995,0.770551375897446,0.769885756339572,0.782312076358207,0.782003178508919,0.782092120152446,0.778150853838638,0.762340512253999,0.754822147817331,0.72169816778466,0.724152803708718,0.768402090879208,0.766687430971681,0.775189298677177,0.763656627639566,0.761976783817671,0.786229675582317,0.786938289937908,0.776929362008848,0.777022273122941,0.776965753270143,0.767690867360306,0.779287597631782
"107",0.644386295459607,0.64303932147384,0.661030547192914,0.657187323033591,0.66782070493997,0.693971051381914,0.644276106318809,0.691117714428204,0.720943282018232,0.705951763764383,0.706116262472099,0.706164969074346,0.658769433915086,0.648334732487382,0.655342198636217,0.604810332303101,0.692217320017694,0.642901527289976,0.71092451715417,0.660740929663695,0.670960232704759,0.681253702771302,0.646693134723232,0.645229849150374,0.706594570606215,0.64479588142552,0.6952552254945,0.619382428168566,0.613706486475896,0.613698661489021,0.609558239811501,0.60951417431156,0.704593789397446,0.666751009082845,0.695071123999667,0.694997467065368,0.695679939236754,0.745572378309205,0.717829993436861,0.695398250685554,0.695189060606927,0.644809252884219,0.637983196101064,0.644690037597593,0.695061474509643,0.640393896396738,0.650421536275283,0.706267102652308,0.644986916609125,0.713251428856425,0.667065338545719,0.626112231869357,0.734868389480184,0.644631566038664,0.642991269366681,0.705175044675191,0.745306810174546,0.644507034702946,0.701917921403208,0.642829121012409,0.695150336744774,0.646103131194117,0.642458837445616,0.704307327949292,0.642548063161988,0.652261681374543,0.662911648350329,0.656712436330398,0.689602026820351,0.642685888931075,0.709747120849582,0.644229128587941,0.647311383115563,0.696147342429138,0.667796399571147,0.65970568220499,0.722817039360407,0.658330729132833,0.613770459327639,0.605590350040518,0.613546557655478,0.608851122290869,0.605429793102864,0.617279137163216,0.644827460364607,0.665785931265537,0.692430753330405,0.705980287593301,0.660450496669103,0.695125886072283,0.733448019051999,0.640855313645112,0.666279015566272,0.661995310965944,0.70627999316883,0.673859691677818,0.684299073614519,0.735430146857384,0.695290105749599,0.745566759502905,0.663154974587726,0.657369769873478,0.656934294813195,0.705964619448159,0.682654071616019,0.68540808844501,1,0.695005019947346,0.686040859348451,0.710793063415867,0.694905398777341,0.69118990770139,0.642902788979941,0.659648168441904,0.694612322926522,0.681068392158571,0.694465267104767,0.700539748688846,0.613835866767658,0.686151725841199,0.658947239215341,0.644882216223852,0.745366613660378,0.741590175354316,0.729849390367436,0.775683861729257,0.750292181279501,0.73912909234331,0.74953516888459,0.770714108429989,0.734958992663354,0.737406649359543,0.742481764416432,0.782733473062228,0.79863285797806,0.798993735578685,0.757217475683129,0.769738961855047,0.776491981228764,0.761821630458677,0.745256358569175,0.774756419208854,0.76407172994551,0.765903290525531,0.7649998233615,0.783008090516329,0.782415385445306,0.782892150148494,0.78795486306609,0.759974397033873,0.75177474485268,0.715765163367914,0.718062719737248,0.773195659116734,0.759435041704607,0.780194080318483,0.766049832783665,0.7643311442795,0.790227344132545,0.791108715974328,0.789410028993896,0.789652165003324,0.789618241060821,0.770022150092271,0.776991156614704
"108",0.649561360538378,0.650620120870448,0.656854853285554,0.657744927139981,0.676460950719082,0.681213515728302,0.649367594340689,0.673921389627321,0.688454047010641,0.673479440099638,0.673575693972726,0.67383032364471,0.695269072521514,0.654884582022208,0.670692658206724,0.615728020319538,0.703585384882905,0.650470144259978,0.690292802483557,0.66131874209829,0.689890014411791,0.69789445492084,0.64525781076902,0.648200251143447,0.674306549625568,0.647728998397315,0.742388073639188,0.629540423829952,0.623191930738775,0.623159396114904,0.619420092423235,0.619446314911758,0.70757845451472,0.695008671379126,0.674524525342031,0.674487835167076,0.742664699941082,0.699224675942567,0.766914439254291,0.674911734902088,0.742394138238703,0.647760935940214,0.644798766267926,0.647682007566897,0.674570050155678,0.667266282166326,0.655465170987841,0.673768175856985,0.647909508570954,0.680924914682705,0.659355815665208,0.622627981368324,0.70891594495218,0.647569280003997,0.650574562394173,0.709645755913789,0.699037157512453,0.647508792381688,0.687847576280979,0.650444381988531,0.742369723262752,0.644672049617731,0.650046741250675,0.678156100646296,0.6489374245496,0.653916473299211,0.675629144559353,0.664860699105913,0.679092965244726,0.650255916446108,0.695754475485317,0.64720354257257,0.652294372421724,0.743069484359414,0.680616239241481,0.666728000594546,0.715089549560156,0.663008967014553,0.62319017498083,0.615350631269485,0.623079449205612,0.617237473564842,0.615190158306311,0.629533764109415,0.647816536356953,0.673695763362191,0.677006739724438,0.673574848043526,0.667614691891286,0.742319067191268,0.733498491213577,0.667769072710375,0.67856736900904,0.66930093578992,0.662517476162978,0.65781379944981,0.668941109880366,0.769224115865719,0.7424563577935,0.699289819630985,0.679215630980648,0.651335228909888,0.665081801062863,0.673554329920464,0.68135396152127,0.677971024365158,0.695005019947346,1,0.696705601358053,0.708845706719486,0.674446820736084,0.674020403139731,0.65045957467623,0.664210141088359,0.672522203833858,0.704879390568032,0.67790371372021,0.690179546803229,0.623336555513283,0.670756421281853,0.663896171067221,0.647841408855516,0.698887494471397,0.745007277818326,0.741733476440913,0.774400728711601,0.755646407242207,0.757215831772296,0.754546117328508,0.77137606051015,0.734507541127191,0.740629107029174,0.73490196190944,0.783994828842387,0.788132083857596,0.788829042180696,0.766632665567399,0.773739195025785,0.77544164748669,0.763360569695235,0.74419641143788,0.774563630032492,0.762831954173691,0.764941224170871,0.763993019199453,0.78480964454824,0.783502898987394,0.784193727352809,0.781287830743596,0.760169238217563,0.75950774368487,0.72619512427986,0.730444459626845,0.767624594627361,0.770976886207124,0.777753335969476,0.761866206647387,0.763633260719281,0.783475977854245,0.784631117021043,0.785120782814082,0.78543654776244,0.785334030766804,0.770821336448708,0.78563456065779
"109",0.694525425968429,0.647536358246031,0.697476329770814,0.704602719371942,0.67172311247556,0.695718677913339,0.694463022678486,0.666346967367523,0.674135710221329,0.666625011582654,0.666717205757204,0.666873747832349,0.695996132044658,0.646260340231951,0.666768085879914,0.613502963298218,0.693386975365681,0.647417872457169,0.685984731067558,0.71444037830436,0.70899969797876,0.676063933896207,0.669253996912964,0.668986352510468,0.667361942095686,0.668501772414214,0.778674083012568,0.627362731989586,0.621275041180972,0.621215318806196,0.617430595532706,0.6173643315622,0.685025108048258,0.686722074576624,0.669807794338152,0.669740601638576,0.778739181498464,0.657803011970852,0.813448818454792,0.670131174902317,0.778639201147883,0.668503063160566,0.653411627152105,0.668354798171114,0.669816197744802,0.665592957343776,0.668660439216278,0.666917226134379,0.668693644223484,0.661201088938272,0.658556063113098,0.629812704126409,0.696848688317657,0.668351602516022,0.647515512918907,0.672403795910732,0.657622734011089,0.668198438238574,0.687770112378682,0.647302968587961,0.778634166023785,0.668552028927955,0.647003374326288,0.679146104044936,0.640477939274365,0.669917557632657,0.669423001881872,0.646728980567128,0.669094014853349,0.647214634143099,0.669794316628021,0.667996570737352,0.701892899558626,0.779076582265715,0.678902979387455,0.671641987632581,0.690096674701019,0.700531048785816,0.621245574027772,0.613145894433913,0.621056354173207,0.613876326637321,0.613039998048993,0.626945825439502,0.668499782931847,0.650493827662181,0.657181059793974,0.666602567191932,0.689042080112076,0.778537086516845,0.727462863869214,0.665895252383598,0.678124015949401,0.670817403827771,0.64268200786675,0.710863072647622,0.649797561537027,0.789599580740139,0.778781220902578,0.657877100548709,0.67634269235077,0.6994876083259,0.646884927152561,0.666587391836069,0.662929360500541,0.648810567661365,0.686040859348451,0.696705601358053,1,0.68302223691447,0.669661632605798,0.666406526430765,0.647371615439026,0.654165854795973,0.695304567623714,0.684677661332347,0.647528141487144,0.670947698886016,0.621378308358974,0.678506735171199,0.665665989387617,0.668548964819301,0.657501008466261,0.753921356812394,0.739574720339139,0.774658688417774,0.764431880949182,0.74443209583598,0.76391640055568,0.77193055652922,0.744965605460733,0.744008855969495,0.751858792785926,0.778963150418384,0.777794687299812,0.777727155944205,0.765339840368287,0.778219306643423,0.775098201482538,0.773673602810093,0.761840307942534,0.783177710015597,0.772093995131886,0.773724184115572,0.773028923272359,0.779020429733704,0.778647086527754,0.778847187689769,0.773700228502562,0.764848866611432,0.764223779024975,0.734841379955027,0.735400763450661,0.770907372141356,0.77320033426572,0.783020390553782,0.771868885649052,0.776271720416646,0.776578192761181,0.777319619731688,0.779232597441112,0.779340405896075,0.779295870777635,0.782956451104555,0.780332161926643
"110",0.647308383322421,0.641232492933743,0.66335021810696,0.656296835240678,0.68329932019518,0.678633987469959,0.647165835571871,0.677121654407094,0.709800225005289,0.670662528407344,0.670772875008364,0.670984126806727,0.673136859083319,0.64461040651962,0.663141858511261,0.612324826087864,0.71274215649982,0.641079503348013,0.699294083447384,0.663246691456988,0.698562401090677,0.70030564121902,0.642839694321024,0.641547094299536,0.671497025130997,0.641135939945548,0.708206600647812,0.626544404495114,0.620183314051178,0.620150024193766,0.616893096717439,0.616935949282477,0.685465977223228,0.690713122321573,0.686636932355851,0.68659463167198,0.70857870088495,0.694828625643289,0.73438253151664,0.687064083169801,0.708113583100131,0.641180059826541,0.639885482020251,0.641042731283027,0.686613011734448,0.651562443874317,0.648706566104664,0.671013521652386,0.641321215636004,0.672196223916857,0.665341815652103,0.621630330225889,0.699497606134894,0.640950135834447,0.641170745145673,0.710844924969422,0.694623494309161,0.64088141938582,0.676736584850226,0.641029689237354,0.70808435798686,0.642251007929103,0.640693447586257,0.697838081098887,0.651898210840459,0.649149185550563,0.679226251649924,0.672430676357177,0.682899873587006,0.640869634728494,0.703832329906622,0.640617338549963,0.643862237754512,0.709096930223015,0.663752037663085,0.656820243580336,0.700756230963274,0.664623889806676,0.62019984168748,0.612813653436077,0.620052006732391,0.614039927466402,0.612695291918809,0.620280434062341,0.641165377992586,0.685455572933716,0.681723470130046,0.670757835251077,0.662731856732776,0.708017070149566,0.723265461943268,0.65199397364462,0.671403347585809,0.66202004524112,0.693130122339515,0.655628663049297,0.686636547704574,0.741404637934309,0.708228996231751,0.694933905874016,0.660145885101848,0.65691694576456,0.672631730583165,0.670732953296471,0.692386289544875,0.674874718243521,0.710793063415867,0.708845706719486,0.68302223691447,1.00000000000001,0.686490133689199,0.677118823383861,0.641106785352591,0.654813836290738,0.669860606588811,0.686421337663125,0.667827936827239,0.685932344726023,0.620323686742093,0.669065862869554,0.655757633593224,0.641227003759922,0.694560055868969,0.738140682777697,0.736545875200132,0.768071177317791,0.747968023878447,0.755836367224046,0.746793975051255,0.767181054043547,0.727881608631854,0.735250194567697,0.726486002332959,0.778553900597162,0.784818338229565,0.785619013561026,0.760961221983269,0.768811944652023,0.769206078975901,0.756753516181044,0.736256529816458,0.766395552776535,0.757435818471773,0.759516677211795,0.758591372576247,0.779527196972235,0.778163847495222,0.778854794446288,0.777677484442297,0.75370885253847,0.753316442614204,0.719525999367512,0.724165069174943,0.762210306732206,0.765775857329508,0.772046165214173,0.755846352644241,0.756216953618792,0.780052735615814,0.781236391200607,0.780123485232024,0.780459599997378,0.780356592636047,0.763146297990177,0.782162612404617
"111",0.665175957059798,0.665669681002812,0.700510676361207,0.673193768703676,0.692761445627784,0.707498194891365,0.66491735687557,0.817760376531902,0.790273950663088,0.718044503650078,0.718119044717043,0.718272549088836,0.671919382436219,0.666961839856637,0.664158951483549,0.611963932415232,0.700289344466275,0.665461287716759,0.685376788310776,0.672246431214595,0.682735946331054,0.687978364233354,0.66008369696038,0.658377193835479,0.718862040530386,0.657950231919499,0.664887218505874,0.625836384962076,0.61995688903503,0.619887570112359,0.615703578247366,0.615757259587942,0.715862801940792,0.661638837761176,0.999697836005014,0.999742428887156,0.66520122212015,0.658313144742374,0.680662049659829,0.999333446520607,0.664748400743844,0.657972311581953,0.646794249107174,0.657829208573991,0.999745703014761,0.655598023449587,0.655432431530278,0.718347232552026,0.658146455358972,0.652141168733098,0.669165516368846,0.634558484964917,0.73917087359477,0.657768673403699,0.665525135501755,0.681420877328605,0.658139617823008,0.65767296230708,0.734641787562976,0.665438466662524,0.664762484342418,0.659486451846684,0.665055440924368,0.860028870248356,0.651788967513501,0.68603002584777,0.683476329784321,0.676714754818813,0.726031639611157,0.66523057566404,0.659081198495954,0.657403102048685,0.662360310722216,0.665557763160863,0.676599667172097,0.688729972332314,0.703624317573329,0.665319213676212,0.619971130613927,0.611642212055188,0.619771706401626,0.614598147623006,0.611492290156839,0.623538321052803,0.658000421084079,0.697005854897958,0.725756314547666,0.718117229212743,0.685928510561305,0.664681848840627,0.74890691946166,0.655984601096605,0.682877503649938,0.673665576629969,0.648572601911493,0.688403183252615,0.645109606321351,0.736251977693122,0.664945626322809,0.658375002684914,0.674384426858429,0.664284665806668,0.676915145895564,0.718084458310458,0.698241962762328,0.710684885242299,0.694905398777341,0.674446820736084,0.669661632605798,0.686490133689199,1,0.817792138183093,0.665481017305151,0.68033202365762,0.70461203787646,0.669662160800145,0.656989963499074,0.731510497351441,0.620074516221247,0.717234537249879,0.687539509916864,0.658093755270893,0.658040003322905,0.755407257941063,0.744639764716189,0.778948106775843,0.762301299162432,0.789683604534831,0.761609945542952,0.796452202764508,0.743349101459864,0.746766349432721,0.743205821908741,0.786691377258472,0.787029862072159,0.787302405305868,0.772623904881584,0.807903833944402,0.779387588430054,0.793693414485087,0.777019272416138,0.790220939452706,0.798266845322409,0.79960886615583,0.799239712977334,0.787656129077097,0.786833900964751,0.786862663478028,0.783342535317442,0.767573888609682,0.77463279879102,0.734499610215563,0.733957429082417,0.77768667698319,0.800444841553351,0.808874371004097,0.796213729832556,0.792828250147755,0.791851482090133,0.792951095464666,0.784688869423189,0.784906537632077,0.784799092591531,0.801053929879267,0.826090904997289
"112",0.669342019083819,0.667482761042955,0.69592114770645,0.677937149515696,0.682932006603882,0.705649440007911,0.669142741394172,0.999625783623188,0.73697942961253,0.724911708198982,0.725028247015147,0.725102567440084,0.673305004139606,0.668778878786231,0.663056301950927,0.613703452506805,0.699359297564371,0.667311698450288,0.68022950819335,0.676245525035383,0.692029729105884,0.68551106387196,0.661216011902586,0.672165134597257,0.72585302930481,0.671791192561294,0.65986895955677,0.626905559419193,0.621020899881111,0.62098984382691,0.616569965244181,0.616622968685855,0.709747077678166,0.664007284085303,0.817978160206304,0.81785787116245,0.66012618217998,0.655274284378701,0.673904397256266,0.818029251945709,0.659720726651763,0.671728334121086,0.65115816189346,0.671612567928769,0.817798099131841,0.668975502996765,0.657003298894747,0.725341986107076,0.671973678148935,0.650580087174541,0.673297590857731,0.637080200701726,0.744319710072399,0.671589236351744,0.667365562283415,0.672905173758216,0.655112607976968,0.67143132086729,0.747922825921926,0.66727004591192,0.659751107928375,0.660566971994577,0.666936198893774,0.772484828353911,0.648681043485866,0.687009619181731,0.680515197834375,0.68935099413993,0.722956234525322,0.667107239158491,0.659923668638833,0.671182673917053,0.664578022116806,0.660544428401137,0.682069921965688,0.690851738972584,0.708638665421028,0.681401764779499,0.62107548919763,0.613039396617613,0.62082417913574,0.615500885212233,0.612861607703645,0.638229513946577,0.671793308383288,0.70876299340019,0.734176277650643,0.725019371069267,0.675287805944968,0.659668676804544,0.758356613554858,0.669282124917482,0.682791458231759,0.675254498603859,0.646596121438806,0.692989957277743,0.641228122183935,0.741576092506703,0.659895261934569,0.65532444945965,0.676471321091382,0.666109234076016,0.689511813233988,0.724972519940483,0.684049091539043,0.72766130633244,0.69118990770139,0.674020403139731,0.666406526430765,0.677118823383861,0.817792138183093,1,0.667296340374746,0.689979824508091,0.711200300953988,0.665464583177307,0.665525791245302,0.724629888646008,0.621179425908926,0.712698550781607,0.691040518347131,0.671828071815739,0.65501887912426,0.761825591777503,0.744542874500627,0.784930088942426,0.767035668202581,0.769533918094903,0.766818922155109,0.794683567825118,0.751969058410695,0.752653213950907,0.752638046110098,0.788686382200048,0.78517405877914,0.784841124664511,0.773254935592831,0.800048138832162,0.785192379209758,0.791793658121088,0.777357704085332,0.791478919789038,0.794417650299092,0.795609991030191,0.795210612105722,0.788879763951619,0.788829414842765,0.788654647064448,0.785018263341971,0.775171880352722,0.776073987743019,0.741226570639379,0.737861975500716,0.781747454871085,0.791531659593691,0.80171454586858,0.792350015565136,0.790882074487508,0.79173407204556,0.79237791173499,0.785671815991624,0.785692960777223,0.78564994127829,0.796430927724844,0.804844489408503
"113",0.701522354684615,0.999541869274111,0.669997630540759,0.704299328675862,0.649935567969391,0.696257317845135,0.701427500842335,0.66728013389115,0.647918942828968,0.666875966393804,0.666852209623316,0.66703408756907,0.765864802209663,0.852163670349044,0.791310095972686,0.613564415578988,0.659710000754734,0.999636738783507,0.666726513827565,0.69812782424319,0.670456429572137,0.644399888302649,0.735669178793181,0.700640271106735,0.667581414631181,0.700153352233198,0.629634974834364,0.623861972330549,0.61787343600982,0.617807516319264,0.613587953433783,0.613533942405264,0.675820455690711,0.741064751924648,0.665603583496815,0.665578964088904,0.62984973067062,0.624247015801435,0.642418142370218,0.665945873252695,0.629515758500278,0.70016063796782,0.678382464010406,0.700011334021317,0.665624886336578,0.671325941180791,0.863935147489822,0.667144763505783,0.700413246104664,0.657574675685236,0.694016854944697,0.637114532110411,0.785163411219074,0.700012302062886,0.99953420555723,0.641777376564084,0.624081723548063,0.69978930453731,0.685026116067329,0.999557533664567,0.629547111309189,0.735052472469881,0.999432495027478,0.659724452315084,0.652755062426404,0.838958347078404,0.683881452456838,0.632933753365957,0.695577083020574,0.999583236249709,0.632087179185949,0.699514495913565,0.757363168396472,0.630314920257036,0.726302244257966,0.94163265570401,0.664524157997266,0.679917541621406,0.617870391423504,0.609600567656487,0.617820273934151,0.614691725703061,0.609492794046185,0.665861847113126,0.700149846488638,0.639228133464912,0.671722539864716,0.666858478027026,0.691431468241272,0.62944593006075,0.826265501734157,0.671733528982774,0.755636791787273,0.786249745488091,0.620911768595631,0.691900293059173,0.636593749225386,0.776096448761057,0.629667195208279,0.624342542167002,0.759903251391009,0.699760814164715,0.633073494648464,0.66684045011826,0.670276004137287,0.643722986562205,0.642902788979941,0.65045957467623,0.647371615439026,0.641106785352591,0.665481017305151,0.667296340374746,1,0.794506458388436,0.675333926474391,0.66128188675403,0.645441367118508,0.681295751442996,0.61799022049673,0.77621058859256,0.761039718966869,0.700227326066314,0.623986514885519,0.814416513062332,0.756504529288967,0.788586285943769,0.801196371103438,0.707040897327724,0.804006200416981,0.797565253581324,0.822892073971143,0.805145237211774,0.818407224005037,0.772113818152517,0.766450392607228,0.763352486223539,0.769257924574776,0.799000911418743,0.787205266158722,0.81155400494371,0.805337707331602,0.792756181458273,0.802684580154458,0.801829594710886,0.802191934612237,0.769112002284896,0.77273718352379,0.771086006171712,0.779677668808953,0.799277925929045,0.794329326441384,0.789809961308876,0.762523513367154,0.796762297657224,0.778683607631303,0.792074743047257,0.801880539713241,0.808827072012669,0.773607595014106,0.772226801386842,0.775640710112323,0.774779905219957,0.775046263935343,0.800253617250371,0.746010790894637
"114",0.682417263934682,0.794745760876094,0.696773520806329,0.71126071046749,0.674016740297275,0.688192743197714,0.682323840066863,0.69002564987197,0.661957932652045,0.705693831978066,0.705617544295186,0.705846301048547,0.715142733383726,0.77367404618745,0.735108641792947,0.619992104725088,0.678920419608121,0.794454883103719,0.678513506361544,0.685475524349139,0.686909780677024,0.659852295416863,0.804116983401591,0.850877051202223,0.706462403687327,0.85062340456503,0.643736668580538,0.628302754591315,0.621974716617206,0.621946051062554,0.617627421863017,0.617595209615009,0.679374151651176,0.713209218588812,0.680460709076559,0.680409526742901,0.644020741441385,0.634740817723339,0.658224170038856,0.680842505026057,0.643676860504645,0.850625988260537,0.685170925760936,0.850486328516476,0.680479846189088,0.698091257543137,0.79881312544487,0.705885389396899,0.850665937010933,0.662156188575175,0.722281225808689,0.635263587576008,0.760741555254493,0.850500026927752,0.794480646859336,0.651706168994675,0.634566640479006,0.850314260136603,0.69572936222469,0.794410773894355,0.643678477744159,0.803830488177809,0.794098557162474,0.671688838308958,0.658110625656095,0.811849957060881,0.687480250144504,0.657942922040489,0.693149347303528,0.794297573660737,0.6504024033944,0.850172435865533,0.702848732732095,0.644449345091772,0.733602536495829,0.821719608926052,0.681325056635162,0.703891418573499,0.621957686733333,0.613797396674664,0.621898353071658,0.618125158314657,0.613708065656986,0.695638100679454,0.850546539319203,0.66419694931667,0.695183821660455,0.705693455632391,0.712696729868418,0.643568642316355,0.849429984330531,0.698524948369193,0.726309964666413,0.770880924555827,0.631462393156903,0.691694106610416,0.652658769028454,0.797803944517183,0.64378072748485,0.634861488650032,0.753797578730528,0.724665437928479,0.658106895632128,0.705594389820376,0.664787875319222,0.673463000370094,0.659648168441904,0.664210141088359,0.654165854795973,0.654813836290738,0.68033202365762,0.689979824508091,0.794506458388436,1,0.683057988077397,0.66304976760339,0.67287028116202,0.717493716056467,0.622067607986365,0.762824865966994,0.726419885444366,0.850656940696916,0.634462693198938,0.832649251362218,0.752739327529074,0.824087915256343,0.813717014565334,0.706205601845017,0.817667695422968,0.817955724902107,0.837000536901293,0.808769107439697,0.840822956477224,0.798461771038143,0.77283631334604,0.768482759551254,0.792472789281647,0.814392602451334,0.822008928750618,0.836116274385418,0.844258962605563,0.820506412255896,0.833182757618447,0.831191931261115,0.832056361149699,0.794226066104523,0.800247030876691,0.797330562458189,0.800634358040919,0.84075290179379,0.81144198896431,0.812736763951692,0.781430342495996,0.829294722841173,0.788403028793578,0.802754391603989,0.823129002761953,0.829935080022891,0.803569347880491,0.801099514924117,0.789364838642615,0.788050904001259,0.788417916012997,0.816302356791166,0.743765146896973
"115",0.718123708391194,0.675486682327251,0.690043316636767,0.731651683864326,0.66779980659572,0.745676710020876,0.717962961900749,0.7111466309438,0.69672992906067,0.714538348674967,0.71455994290814,0.714766247097331,0.669273143919108,0.675998610334784,0.693452362637462,0.619003220966494,0.682307879265609,0.675333442609707,0.682423820895292,0.718786378284929,0.705470158255503,0.669550265925013,0.701100209792744,0.69396510069483,0.715302703601032,0.693468928227398,0.651130849848194,0.632887479935908,0.626460951335373,0.62638040440141,0.622576199990001,0.622581946936588,0.720404112907502,0.675292258913686,0.704795670000057,0.70472571688412,0.651442281042486,0.650826348476808,0.676774717185309,0.705170427705848,0.650998132669474,0.693386264552576,0.666253454244049,0.693376436570255,0.704787137793452,0.687284650445376,0.698522378613996,0.714739480604175,0.693744354964225,0.66406772216336,0.67974616147729,0.648287169775784,0.741353913060609,0.693324903035453,0.675391577873639,0.672384896058409,0.650663245179069,0.693125038344441,0.720947962274493,0.675234618516241,0.651033695021116,0.700335126759901,0.674903268583519,0.707773868120129,0.661205235361919,0.689868013779008,0.689881918546473,0.668961305178319,0.721172806381736,0.67511957577177,0.65506191548386,0.692931469776395,0.709106585635273,0.651858089166511,0.720598748577089,0.696456993654093,0.70214423042581,0.717583801513044,0.626502612205353,0.61856661230632,0.626318749969237,0.622279371954539,0.618370138940805,0.639864811060365,0.693554533892844,0.667567207845543,0.695335057013283,0.714529889394546,0.713584999803308,0.650943216156982,0.778650935288537,0.687735712367906,0.671834578328283,0.713269833961391,0.645988391488119,0.749163982168221,0.65044147087883,0.731287177016995,0.651196651881142,0.65091907578186,0.710546852183052,0.71266393583467,0.669132724407773,0.714495081804894,0.669021551867361,0.695333664261896,0.694612322926522,0.672522203833858,0.695304567623714,0.669860606588811,0.70461203787646,0.711200300953988,0.675333926474391,0.683057988077397,1,0.67602198878411,0.674024540458855,0.713678800252365,0.626572193217361,0.720613075855484,0.695613940642371,0.693570408632409,0.6505763593202,0.780843528581557,0.744118203952531,0.792735471539396,0.779720396092424,0.723362849368306,0.780762472136932,0.792947939425629,0.785509603599406,0.776390416902023,0.7897362063479,0.785962743909939,0.786394466953915,0.784523210517996,0.773497150801252,0.788851337247943,0.792325208266694,0.792156483643339,0.784681030263736,0.795029837100647,0.792634574047737,0.792993805909053,0.792835291040505,0.784331498498268,0.786394988488608,0.785490968503666,0.791669313565175,0.791554103270654,0.776995567706509,0.756611255487499,0.744916694386085,0.796331243298384,0.773322214703542,0.79001811696014,0.789777746026078,0.792168505773114,0.791121344388072,0.790614288574911,0.788362773776155,0.787915240759839,0.788058825060619,0.791071656648438,0.761522657067155
"116",0.667290472897695,0.661450515920896,0.660812358217654,0.680934889304842,0.678468723533299,0.70329347221769,0.667229620231164,0.665450822663982,0.685367928212617,0.682706045896751,0.682662140662548,0.68292041664563,0.663966890126422,0.658528419285672,0.677081811926392,0.615699797684658,0.69012402369484,0.661277443008826,0.687531226940743,0.670750150849076,0.692384566146222,0.69729563435552,0.651135179467168,0.651643704356315,0.683394874694702,0.651233109050764,0.673076844565054,0.629665543282899,0.622954269142301,0.622924266310596,0.619376857220592,0.619350865900394,0.710959726663862,0.667874116610095,0.669805615640375,0.6697441383164,0.673375995836036,0.674342644464806,0.690389007529439,0.670159011078806,0.673035822360935,0.651247374167445,0.647771085662206,0.651135013277273,0.66979819350588,0.688354033012722,0.667971336678589,0.682951453565302,0.651482338863192,0.672572416553586,0.656961258925788,0.628823722858555,0.710636791876816,0.651089416484105,0.661408589852603,0.693914999616442,0.674179009788085,0.650971906627201,0.686233224372618,0.661250680509766,0.673043505517251,0.65053608261745,0.660901622372083,0.678539930025626,0.656394394165394,0.666452800753986,0.683451700801044,0.659794628815475,0.68855291307139,0.661086301588375,0.683199517461605,0.650777937116129,0.671210563026334,0.673829558170497,0.702128220049806,0.680894578687667,0.689801979533243,0.68530566099013,0.623017793062063,0.615898272103255,0.622915159221022,0.617709379250297,0.615791645646108,0.632192684022763,0.651225663311287,0.66119590590425,0.675381129875084,0.68270078599106,0.693513002223101,0.672942454421505,0.739543577337174,0.688642065274277,0.708907693689763,0.673275585695087,0.652729682630303,0.68124498436944,0.672831196606448,0.730654631385919,0.673150396686868,0.674403145855437,0.69561894703884,0.676407473653999,0.660001735595145,0.68266530720157,0.681380188582619,0.667189775199107,0.681068392158571,0.704879390568032,0.684677661332347,0.686421337663125,0.669662160800145,0.665464583177307,0.66128188675403,0.66304976760339,0.67602198878411,1,0.673154940703596,0.698688245511098,0.623116446562747,0.686665502123807,0.677586578863348,0.651324377001438,0.674016755197246,0.752030962853008,0.736666961733701,0.773989891512214,0.756039807134872,0.730176159651486,0.755820143675053,0.770373707284099,0.750496811580089,0.75212355536288,0.748943826498939,0.776739752600214,0.783578879175701,0.783165837005018,0.761714364472675,0.767214780223933,0.774553455882417,0.762000736617122,0.745516058865285,0.770323638081068,0.761191634764683,0.762575935070423,0.761918565634113,0.776451561967711,0.776621250570781,0.776698326637352,0.781896696212881,0.765634849151452,0.756304344163725,0.730878467129492,0.728131405216736,0.771769048284435,0.758836876254891,0.769026032210212,0.759572051626804,0.761301521038887,0.780043731838153,0.780404637804658,0.780698560370444,0.780672470375668,0.780694793259306,0.763839861894238,0.759609450011715
"117",0.660479569457006,0.645555700266215,0.645323470349669,0.675842574860858,0.65693517900004,0.669136495812254,0.660436262065393,0.665458000943614,0.666812722217599,0.655438325965632,0.655555544193369,0.655699496356904,0.663106765395239,0.648874018693523,0.653081830405212,0.595750866943334,0.665333765078392,0.645440907175655,0.666691030013441,0.654773909057537,0.67183651566221,0.664864860925769,0.653357884262842,0.658021308601923,0.656167176481506,0.657520789831835,0.646756346034132,0.61204480474849,0.606174128430801,0.606122534211356,0.601766325884067,0.601785218923902,0.681492295126362,0.654951729708465,0.657118488179168,0.657088275258726,0.647096868674769,0.708632965025005,0.665228019593251,0.657492154575484,0.646642913843899,0.657540533868756,0.629092916753189,0.657453941262289,0.657121744053985,0.758379338245847,0.651465430615817,0.65571601789922,0.657765911704843,0.735563854316995,0.664656920692548,0.609672318239469,0.700769269754341,0.657366559352267,0.645624636363105,0.682040071781321,0.708620802946507,0.657247266158421,0.667302800734996,0.645388581010425,0.646706252596989,0.652782268846372,0.645066963119196,0.658190713673457,0.640938491223816,0.661967921222051,0.663723047065893,0.670247050413269,0.663049179668756,0.645275231269267,0.676304269170252,0.65702204808037,0.649125417710375,0.647687506327971,0.70533027631656,0.661742889423988,0.668206549302848,0.66999023945096,0.606186555093916,0.598013795230841,0.606000912885874,0.603001962472956,0.597877636996097,0.621382905278627,0.657550765959112,0.681375823347042,0.660571110174416,0.655515687454189,0.688085488959743,0.646583355468109,0.726847941004294,0.758608793576104,0.649754150575495,0.665520505058846,0.708415874007155,0.655129926806109,0.67225994385408,0.712572684331038,0.646825640236859,0.708809565321612,0.706215266705898,0.669662967075547,0.670457542797632,0.655519691514782,0.676591136138891,0.68573073273657,0.694465267104767,0.67790371372021,0.647528141487144,0.667827936827239,0.656989963499074,0.665525791245302,0.645441367118508,0.67287028116202,0.674024540458855,0.673154940703596,1,0.670817861680628,0.606232946062412,0.665359189425258,0.65292151499606,0.65759401313258,0.708263670880533,0.739466050078635,0.717607473944554,0.767461725479248,0.738722523946953,0.707298865804794,0.739007710238739,0.763950979578519,0.743057259936062,0.743314942138598,0.740208974086273,0.76670974266846,0.774970914165635,0.773896802412684,0.746279118946958,0.750168155598864,0.767871901403493,0.747011425508174,0.731277769238955,0.755087628643568,0.750481055817514,0.751455985833369,0.750931106265745,0.765856427450377,0.766971968938418,0.766668415830214,0.776825311170101,0.759464570805746,0.741061980365648,0.716315827687523,0.710034787009125,0.76611805891762,0.737394533634983,0.753157202085264,0.747305127560007,0.744740148616568,0.775760827478379,0.775599894895082,0.769881524996826,0.76964089187369,0.769741976875799,0.744189605636791,0.735388010954987
"118",0.671350491799693,0.681522770887243,0.718967349081142,0.681369684770274,0.722435852228072,0.721825861730137,0.671153139061247,0.724642731259217,0.72150218150645,0.730479536418177,0.730301924176328,0.730540383610905,0.691425684369496,0.68736147881282,0.679729267433939,0.623539697203597,0.696116727483497,0.68129625539137,0.69611359990776,0.69383169836987,0.706871251613576,0.67705563259195,0.681652467252576,0.678128989279307,0.731152652081015,0.677689190421803,0.674827061938728,0.636248106136485,0.629546886693041,0.629542850734608,0.625561264816105,0.625559768177551,0.822566480622099,0.680880440693457,0.731627593412057,0.731622376448913,0.675177641698423,0.664360451682871,0.69030370870888,0.732151733314988,0.674756635747778,0.677772733827671,0.658173846134589,0.677581324491686,0.731669175969339,0.67934484306797,0.663993668262202,0.730624435420468,0.677922436056237,0.674018640261895,0.67082342214789,0.646984483054736,0.746850618907666,0.677483030900284,0.681371652245752,0.682139935648467,0.664216455736045,0.677480250563738,0.754966550850094,0.681323813954534,0.674755294299846,0.681050125682204,0.680920576591463,0.722086709867859,0.664688826144622,0.693627980403071,0.689776516218555,0.679762769065451,0.734693376305275,0.681124914485675,0.674816658911711,0.677157217350735,0.67002532630861,0.67559860350199,0.696556510229578,0.700519202075331,0.723091985093141,0.684642398845604,0.629536414374101,0.6221759590415,0.629447328182309,0.624430668713404,0.621973934921047,0.637705621254193,0.677699093148756,0.686607692802688,0.715760611195285,0.73040105853724,0.696783282143284,0.67463918453074,0.788583611554665,0.679709852387757,0.695207320951255,0.702582217140585,0.659584191870713,0.70758285424279,0.665700153282464,0.754786236812731,0.674889374829835,0.664492698278511,0.687622333455054,0.677346361107681,0.679918112774286,0.730385227133166,0.692526237955372,0.709460584140979,0.700539748688846,0.690179546803229,0.670947698886016,0.685932344726023,0.731510497351441,0.724629888646008,0.681295751442996,0.717493716056467,0.713678800252365,0.698688245511098,0.670817861680628,1,0.629706357341333,0.72385803570804,0.695424726537672,0.677836036937538,0.664089024560424,0.776488810455011,0.753195271724161,0.798137258451778,0.781240036305003,0.752106459282664,0.78134447256803,0.797042222648002,0.770467693905352,0.768166269397195,0.77446402541866,0.7987136798888,0.799473476968015,0.798707591114381,0.780664534038631,0.79793818717267,0.798336470063232,0.795124779376666,0.781722644562279,0.800359190557247,0.794589987051448,0.795834707146693,0.795267274454368,0.798119700997464,0.798691539451165,0.798495537641843,0.798855549286822,0.789223137879529,0.782957797230691,0.753249878489618,0.748319661878751,0.795246929516788,0.787145529521382,0.802425110002636,0.794410441670659,0.79582568084462,0.801116829905297,0.80139925762632,0.799704404864527,0.799597698760321,0.799628094829204,0.799091071846553,0.790217402904246
"119",0.6298891174671,0.618183251171636,0.616696158224117,0.63488885061431,0.613065616929151,0.633858886152325,0.629779688269505,0.621131424465864,0.62278360515002,0.613590690917567,0.6136409586775,0.613810049343147,0.624964801295666,0.630632768969409,0.638642868124615,0.662168138264964,0.62696929918232,0.618037200608373,0.643265683825975,0.630901099560286,0.631982859680624,0.61348992304663,0.614219080455969,0.611077364142527,0.614208075371663,0.61064350705145,0.613472754250021,0.871595889766756,0.999525629941667,0.999488209010853,0.829433749838731,0.82997208880354,0.639100083493796,0.613543039902167,0.620187536845458,0.620062384706178,0.613706861278466,0.603819376817476,0.63003082794742,0.620406579838573,0.61339980470367,0.610736592050225,0.670864093811343,0.610689240033902,0.620171393168066,0.623269030829565,0.626277251454077,0.613796834719747,0.610891663940477,0.60655699715836,0.646788054176762,0.643556084970942,0.646864571654336,0.610578950895165,0.618125061061694,0.620563581103433,0.60370538266861,0.610451755414449,0.627424039469428,0.617874953258404,0.613426789764008,0.613729360627912,0.61765974138477,0.624672538783393,0.655507328223134,0.621584781571119,0.652169854388543,0.598908600928231,0.635274934454181,0.617857796459685,0.608091484051885,0.610248393051169,0.629960691834777,0.614087307077235,0.635660089614194,0.632835249438014,0.627550967497604,0.630887395325536,0.999507787521953,0.790868307052386,0.999379364330667,0.670063965616106,0.790459616667943,0.644645661275975,0.610772019168196,0.60352950541008,0.620029636041408,0.613620326712752,0.62972492691705,0.613295124744772,0.67778212893498,0.623635986735205,0.618652060009052,0.632287094878875,0.606502521093112,0.630427388151112,0.596905717464018,0.670051671268079,0.613498652571564,0.60390774243992,0.631910820727066,0.629184555818895,0.599061618799572,0.613606976882422,0.619684728080228,0.60913731998285,0.613835866767658,0.623336555513283,0.621378308358974,0.620323686742093,0.620074516221247,0.621179425908926,0.61799022049673,0.622067607986365,0.626572193217361,0.623116446562747,0.606232946062412,0.629706357341333,1,0.633160799677884,0.637654776750917,0.610838834049748,0.603632005310543,0.74618142768264,0.831214624270369,0.705669711465219,0.765540517529082,0.790810253588151,0.760988701451676,0.713876981236889,0.723045348636746,0.768652421750887,0.663936183470453,0.735912530374201,0.719417825844975,0.722846690441386,0.784940529162213,0.72332011684128,0.709436741370305,0.693993188036657,0.64063076562567,0.688340902256523,0.671814930683182,0.675445102857478,0.6739108633951,0.739962455082754,0.734667825473378,0.737040586968946,0.720115557820469,0.708800394967165,0.766266058469699,0.788670577838803,0.822644573623896,0.698198443635567,0.767858618579135,0.678836495406827,0.651876702114085,0.675829034333516,0.700834939696396,0.703139993292277,0.732066535409877,0.73297210318639,0.732641241501442,0.680939765490626,0.726648549484392
"120",0.703247884797462,0.776476066318594,0.697219630754661,0.726108993674699,0.683788504835983,0.738620324346938,0.703134333123807,0.71272366004309,0.693059094683064,0.713309825971425,0.713227304853008,0.713413415434957,0.721425651531381,0.76855580080272,0.755360798152804,0.630550426412665,0.693263360343042,0.776188427552738,0.68654410748853,0.702615071247369,0.712849598622301,0.673168092705921,0.732219939949248,0.715141069176992,0.714087690691713,0.714665260412279,0.655908870750973,0.639510079869716,0.6330085152454,0.632943860898464,0.628616416152518,0.628586463169389,0.736734703236948,0.731304247198553,0.71737858236492,0.717349967655302,0.656134852147081,0.64563363150807,0.670004977322874,0.717760849755007,0.655808930330743,0.714627309996018,0.713628813792988,0.714464592200345,0.717354537338822,0.686112930675269,0.756716375139673,0.713496833661197,0.714923199587507,0.681878166625816,0.711652697911715,0.656495693410617,0.784903933309839,0.714513538223558,0.77633341307276,0.667883215055121,0.645445524969634,0.714311151565393,0.758526735392127,0.776205243417112,0.655802416311787,0.731479389034565,0.77573343497379,0.696503364528737,0.669495005653693,0.782553577699338,0.702302608512749,0.666295046353403,0.770098185249506,0.775914834786082,0.657667542012109,0.714020070822415,0.718758082219186,0.656611585415274,0.738234209299028,0.801196441087498,0.707654130438126,0.702484416646132,0.633014579314061,0.625114807113379,0.632915214174439,0.628761519607374,0.625001301615439,0.66340694936342,0.714678561600834,0.672730252558806,0.715976262352598,0.713187311877199,0.6982298498913,0.655699971519333,0.818582053007369,0.686483183470726,0.729197813317341,0.833472333190057,0.638673461235706,0.726863500484808,0.659428221323156,0.767480836474418,0.655925295073492,0.64572692174533,0.815818868717351,0.711393046610464,0.66648343005637,0.713160278790378,0.68247385057625,0.696037681410643,0.686151725841199,0.670756421281853,0.678506735171199,0.669065862869554,0.717234537249879,0.712698550781607,0.77621058859256,0.762824865966994,0.720613075855484,0.686665502123807,0.665359189425258,0.72385803570804,0.633160799677884,1,0.806899206928269,0.714778015006229,0.645362189240173,0.822321884587396,0.773865475698389,0.81502554806449,0.817149947019374,0.739094374550578,0.819087308725273,0.821087435162442,0.823264382148735,0.810724185541044,0.824094641931234,0.803579892213045,0.796795553517539,0.794317739466079,0.792864054937336,0.819442282494647,0.814152518311426,0.827967982068711,0.818185965168384,0.818321218718713,0.822507902492709,0.822534824497285,0.822477104950363,0.801184223846065,0.803977565476419,0.80274701769328,0.805750660808756,0.817723128201298,0.813572206048166,0.797103174418796,0.777708273864872,0.818412790917555,0.801994854387763,0.817783674267737,0.821219356490898,0.826538066403629,0.803814376703669,0.802957032442523,0.804522558599445,0.803871410242417,0.80406874821105,0.822153469168202,0.779959478079546
"121",0.739418200415206,0.761180519891453,0.722000734436129,0.753400748401866,0.665520661132413,0.709384774923484,0.739351364078005,0.691042321312404,0.661875817526231,0.686201713531637,0.686110288681468,0.686332427801403,0.754319735651944,0.75515913565671,0.722378947312224,0.631722235775089,0.676470714140473,0.760994537692705,0.68117338638239,0.78897114789517,0.700246526381887,0.657248226933624,0.710416000113926,0.689258187112606,0.686922754942953,0.688766419127408,0.65556541997733,0.64452277493039,0.637474210886012,0.637432653360666,0.63338755292837,0.633303151927845,0.701302381554473,0.685876134108932,0.687647184256726,0.68764501266579,0.655823568818071,0.638188748717367,0.667248392349506,0.68799965704959,0.655447733720785,0.688726959716718,0.709777675557484,0.68863946104193,0.687658279620172,0.721113542100456,0.745597028383022,0.686362258317891,0.689056922240003,0.673638474554402,0.718339026829958,0.650485329506176,0.738768711616454,0.688638792400645,0.761157611328268,0.656155613540023,0.63798660273001,0.688468607991643,0.712702624208182,0.760962200329387,0.655467341813213,0.709731972744424,0.760632613294195,0.67876037805569,0.660178631915464,0.750126418784296,0.702492452120043,0.652084999879737,0.718522906951846,0.760729299420854,0.64637551106564,0.688198727389989,0.781846152795122,0.656308720209967,0.729490583716754,0.789927615878812,0.682256463587782,0.734571783872522,0.637524743962795,0.62981916369139,0.637412324637596,0.634587762056723,0.629693815072074,0.672006748712982,0.688814653097473,0.656374890817104,0.683182643617115,0.686090193145629,0.737643815275722,0.65536573608605,0.789936953156288,0.72158931298741,0.721131576697257,0.788959430239127,0.634777626239147,0.743529096053346,0.64826024117429,0.761884353351889,0.655540126916737,0.638293047120701,0.756007374962474,0.725404193514155,0.652295069702122,0.686049948131855,0.686395349351482,0.665014406044134,0.658947239215341,0.663896171067221,0.665665989387617,0.655757633593224,0.687539509916864,0.691040518347131,0.761039718966869,0.726419885444366,0.695613940642371,0.677586578863348,0.65292151499606,0.695424726537672,0.637654776750917,0.806899206928269,1,0.688926735194002,0.637909091627724,0.812457631422338,0.771676011010732,0.799111305127889,0.807845265835673,0.727730390694852,0.809519598098864,0.807040010019234,0.819220695350926,0.810184409302954,0.813079383536887,0.789427701715325,0.786026018967869,0.783807972429072,0.783317153472635,0.801053700542813,0.798522599818287,0.807684565815397,0.793875438796148,0.800187565638135,0.800625610730136,0.800914790003923,0.800736561320653,0.78726668383711,0.789562189546666,0.788637837488526,0.79339367405743,0.803010862807808,0.801654592895513,0.789869747345987,0.770902148587921,0.803115213841855,0.787797132198858,0.797568171089297,0.798817380791293,0.80549998523412,0.786908378383186,0.786192260823302,0.792843483714462,0.792253951248013,0.7924404717192,0.801378742750122,0.76278046701694
"122",0.693991063946793,0.700443154096933,0.679790858413108,0.721499553458895,0.655403235609869,0.684226687345366,0.693987054007564,0.671848828501732,0.653957141576213,0.679985182644007,0.679937358702138,0.680156607696845,0.662576104969154,0.69378766288017,0.706712482133669,0.608743010991699,0.661385392926795,0.700189454184474,0.664344985879575,0.689590092392319,0.68770536573857,0.64408047964111,0.847829001890112,0.999458645563225,0.680774809002142,0.999533834492418,0.625093806402785,0.616838325325925,0.610764223579904,0.610727798328979,0.606613631604062,0.606619826144846,0.66744507501966,0.673560267195293,0.658220631740553,0.658154837531145,0.625339730048414,0.622286543601728,0.646860260448237,0.658557155595725,0.625041523362511,0.999672980061657,0.665940829300143,0.999585162429594,0.658249631091404,0.677650924257769,0.770725360780285,0.680153046002899,0.999556225999299,0.656053834265239,0.700573351669904,0.626524611718084,0.726131101006846,0.999522929107146,0.700278467010188,0.638882856859901,0.622103355099493,0.999386373632675,0.674121982270961,0.700080644045597,0.625032413754948,0.847632546947189,0.699771072845647,0.664414236255761,0.643295796662525,0.77526961833954,0.662424513682026,0.640798307885551,0.660841714331448,0.699977323243427,0.637943379691908,0.999234370705448,0.722533664823553,0.625742495227182,0.696582285022745,0.754792026795329,0.661534741953729,0.704463820784431,0.610735580839253,0.603077678836568,0.610699740643222,0.610731527410535,0.602968388284551,0.679416556633565,0.999515576303924,0.64545896027736,0.673666378363094,0.679981845585182,0.679722356226338,0.624929139797242,0.80842583345245,0.678056362111807,0.68025258731353,0.753585649874624,0.619570544697966,0.70161180554547,0.639752741674867,0.773251878291859,0.625139740500282,0.622377089807936,0.733260055368666,0.706576461543227,0.640991545044357,0.67986652549783,0.660512555960973,0.652615880331457,0.644882216223852,0.647841408855516,0.668548964819301,0.641227003759922,0.658093755270893,0.671828071815739,0.700227326066314,0.850656940696916,0.693570408632409,0.651324377001438,0.65759401313258,0.677836036937538,0.610838834049748,0.714778015006229,0.688926735194002,1,0.622004040594129,0.810171054745147,0.726808628522648,0.808523522085022,0.787189232289559,0.682064627826956,0.791418026868012,0.797715300315242,0.815658061618722,0.786423773787333,0.815922777303,0.780118949217214,0.746009940345357,0.741256980102882,0.776435803416336,0.788792326686318,0.806324466206393,0.811689452085431,0.823879843089547,0.797534312942134,0.81209053789636,0.809555483613129,0.810682262321667,0.775601849904313,0.782486793723523,0.77907009432045,0.781332436769907,0.829310972739931,0.788841604351817,0.797049806905394,0.764235632869098,0.812146171485125,0.762995792577256,0.772084148580943,0.796446058534706,0.802104495923671,0.787040788167635,0.784086402787609,0.764942460730958,0.763456434604125,0.763856401108584,0.786127583609151,0.712202743153245
"123",0.629100473142025,0.624148628053197,0.631002038402443,0.633910935346344,0.643500966806971,0.651097085728279,0.628985805187691,0.654952358583343,0.697946375950246,0.643533075549325,0.643553076937925,0.6437459638786,0.650284102698322,0.628300929815637,0.640844524611099,0.595610222784116,0.664669899384069,0.623986322150706,0.676041671053942,0.633058289066721,0.656248936386844,0.687877210427239,0.622855888638674,0.622315692527441,0.644289850914406,0.621888824194824,0.678087401431449,0.609098280184666,0.603525295401046,0.603502777026619,0.599454402338486,0.599451802121306,0.659305526424116,0.651891340694074,0.658175517502068,0.658173005260744,0.678526996211436,0.99944044413548,0.698816138196126,0.658618309947653,0.677983453065957,0.621947229970537,0.620636888055391,0.621785332867986,0.658219027974685,0.629402576177338,0.630833885268333,0.643794424755767,0.62208602191396,0.768683547635706,0.643702857288258,0.600742701384294,0.705206254472895,0.62173690155469,0.624105685312141,0.724974211650517,0.999182221199589,0.621628802748246,0.656036618871515,0.623964331921638,0.678033435095633,0.622269737736821,0.623570481020959,0.664506663803865,0.631639221739466,0.628199390750819,0.655250867957463,0.646343030655099,0.65493809563946,0.623823734007481,0.74031523895429,0.621390315585605,0.627952426649342,0.679114481065653,0.641684772858512,0.64031498090749,0.672830741770479,0.633177091517618,0.603545926762184,0.595672258280768,0.603332311889591,0.598726373474496,0.59559355284063,0.604306894625944,0.621865446604247,0.655724960725817,0.649560692842695,0.643566314580435,0.636695248543251,0.6779288177698,0.699322539610121,0.629865307460484,0.646723988959208,0.641531801459178,0.764082230134105,0.631998225727146,0.730060176401155,0.715053510967922,0.678156686475972,0.999196943944877,0.637314729766976,0.634399945353265,0.646562021758838,0.6435259537079,0.697708091932405,0.655907466634922,0.745366613660378,0.698887494471397,0.657501008466261,0.694560055868969,0.658040003322905,0.65501887912426,0.623986514885519,0.634462693198938,0.6505763593202,0.674016755197246,0.708263670880533,0.664089024560424,0.603632005310543,0.645362189240173,0.637909091627724,0.622004040594129,1,0.714501777180991,0.714143438918081,0.755601738760732,0.722469872905696,0.726209163455205,0.721203462107446,0.748565231372009,0.708119336602947,0.71781597229716,0.707681822082457,0.767656881100168,0.791506234385248,0.792624089189528,0.73817704524019,0.739771973545852,0.7571365450366,0.727084456095839,0.702863470365622,0.741820589829595,0.730219579395124,0.732431711392923,0.731287240674177,0.768558030848027,0.767248022470248,0.768196396477218,0.777899648093444,0.736585369367373,0.726856622241781,0.690919141760629,0.696801714113186,0.750914263806465,0.732059172928682,0.748792131116134,0.730980799115803,0.72666987631248,0.777837941192,0.778963550737982,0.776120258304153,0.776521668528535,0.776465855290659,0.731465440369549,0.752741455616823
"124",0.789119237497435,0.814670700191277,0.766723239720834,0.805978356421506,0.744497420281222,0.789792712497478,0.788997423615592,0.761808372865971,0.748639438940874,0.770947536704538,0.770954967126313,0.771185992489889,0.779896214868493,0.804294595437899,0.809652253135652,0.72779963724297,0.758525090286908,0.814435447748524,0.767964251198399,0.789971120976594,0.776368629424875,0.73893630322188,0.814560166340305,0.810593593936254,0.771877431630973,0.809998470986885,0.726005800770433,0.755803185052578,0.746009212408505,0.746000818511327,0.738295152686698,0.738313789549197,0.777732900077782,0.771058413618444,0.755576103675851,0.755494232800648,0.726333849722256,0.714822494023605,0.748759883817112,0.756010017913385,0.725898047870366,0.810044401869884,0.784233264765698,0.809892343392386,0.755594422971142,0.771675510199488,0.828315024498579,0.771227215810861,0.810320225881687,0.739282763872615,0.787140053368738,0.738660822459535,0.837199028357686,0.809829573700397,0.814568272385556,0.734908302070094,0.714625410372242,0.809621720731097,0.778714160694151,0.81428350163566,0.725917932296215,0.813781938213725,0.813896256219765,0.758530765004977,0.75965329073594,0.831978735312081,0.779146625452477,0.722187954541617,0.780722804352014,0.814141204926151,0.728500543537442,0.809309967646635,0.807788258053463,0.726882053165025,0.801219080541397,0.846995418625591,0.760359922861912,0.786876171793878,0.746043057270495,0.735003681985288,0.74593528555573,0.732608163801713,0.734800402886649,0.763245401242681,0.810051756253694,0.728887702633509,0.760685341380947,0.770921196932997,0.780606618112045,0.725793128891454,0.905360697591523,0.772177705047807,0.784957500348137,0.827682101761823,0.711103061394488,0.795053404260384,0.72052557373856,0.864667587908863,0.726054514376011,0.71495424377961,0.81923824258347,0.788856776275159,0.72241693262889,0.770897005623796,0.749983270854254,0.73901317268471,0.741590175354316,0.745007277818326,0.753921356812394,0.738140682777697,0.755407257941063,0.761825591777503,0.814416513062332,0.832649251362218,0.780843528581557,0.752030962853008,0.739466050078635,0.776488810455011,0.74618142768264,0.822321884587396,0.812457631422338,0.810171054745147,0.714501777180991,1,0.908135453778404,0.939961759358739,0.972509806218891,0.842992336681521,0.976632267313186,0.944353231491794,0.96827637597523,0.968329316289065,0.919336070753017,0.932087403656804,0.904422769903012,0.901633602362073,0.941052549429145,0.940078393310472,0.940688503404798,0.940268655948769,0.896753227529786,0.922724443234652,0.918102465811089,0.919665278933712,0.918920164999827,0.92921591050673,0.93294989487837,0.931246578313235,0.929671840721716,0.955692989329956,0.965279017452716,0.95342219929708,0.924489660567288,0.939896196996245,0.929657353582803,0.904039010314227,0.899636914328635,0.921182856830394,0.916454116073708,0.915648255680173,0.925778445977702,0.924815877540044,0.92506577840143,0.912989649038086,0.868682452978208
"125",0.74434201234056,0.75672599866098,0.734026432764251,0.752011939972369,0.730960204231409,0.755737376677737,0.744182822673313,0.744491187583676,0.743486039407734,0.732738524795581,0.732787868326071,0.733001024644317,0.761072087342087,0.760477178795241,0.767899554589651,0.747315416872859,0.74708021546591,0.756537546293029,0.762275567919252,0.749576247788073,0.752898088743022,0.730952300696824,0.735133550568739,0.727175212281416,0.733601516039175,0.726621779544131,0.735970254825876,0.842482996460384,0.830992879816218,0.831078722813913,0.813674883482148,0.813801012713216,0.761088222550105,0.747672484152898,0.74480052134387,0.744693992088872,0.736300769565878,0.714432159830951,0.756060152922435,0.74516629080929,0.735862606598408,0.726685667979167,0.781399428091982,0.72656705135864,0.744794339937636,0.735601551031728,0.75864269026704,0.733016786542827,0.726928208753688,0.722538495882244,0.761181601302025,0.740594514589537,0.789461664500261,0.72647915717449,0.756655985498857,0.733798987941677,0.71425387654134,0.726307109699473,0.753825646015701,0.756386058714633,0.735890571786605,0.734432317563733,0.756047010306258,0.749987625319738,0.761199894181593,0.757458852659639,0.771180661777409,0.714241271014451,0.762302159461078,0.756280686267763,0.721766674798792,0.726010490278123,0.753063856559808,0.736808512862026,0.757288176871838,0.776532540708116,0.748374173945188,0.746121759224452,0.831106508305686,0.810147667212562,0.830987109362676,0.755295985655723,0.809872075656762,0.750368475747711,0.726708652493697,0.720910038395332,0.741884627482548,0.732732221430919,0.744330169361099,0.735761780433941,0.833968593815386,0.736067047732386,0.749917804643403,0.767411182843572,0.710153830371997,0.747560003301555,0.704693003097651,0.826869614429096,0.736021825002721,0.714564253736022,0.762456714610279,0.744481449177312,0.714441485892731,0.732738238151316,0.74002442157028,0.728040789576171,0.729849390367436,0.741733476440913,0.739574720339139,0.736545875200132,0.744639764716189,0.744542874500627,0.756504529288967,0.752739327529074,0.744118203952531,0.736666961733701,0.717607473944554,0.753195271724161,0.831214624270369,0.773865475698389,0.771676011010732,0.726808628522648,0.714143438918081,0.908135453778404,1,0.874886604644298,0.92917731250662,0.911419344176494,0.924456703543821,0.886296599024415,0.87894278786611,0.924631896972094,0.823784593336437,0.903412061502962,0.881906377558321,0.884211390074139,0.946082874077431,0.893789788511265,0.878527230246392,0.864508276381047,0.80690766322598,0.856440123541369,0.841492343750459,0.845251871825607,0.843607391951097,0.906795491969442,0.902179745364758,0.904274317548819,0.886722971966143,0.874226906175331,0.93537047352809,0.9321081588788,0.96040035711137,0.865156751632619,0.933410071755141,0.849513215458564,0.823097834718751,0.845634010452785,0.868197888892428,0.870301527425263,0.898017659017404,0.898702296767661,0.898424629861136,0.849568288471408,0.881155354752636
"126",0.782141376780191,0.788832166382861,0.777325691959145,0.800729919080651,0.770441075576161,0.797809459778587,0.782017892609761,0.784908260915305,0.779637125538124,0.793855669724118,0.793877030143876,0.794124510960654,0.77955981715293,0.783763305742938,0.793489630678859,0.702115164102991,0.783744629761977,0.788583780009534,0.781751350261238,0.789777939507792,0.792453083657342,0.768459420027828,0.803382204775373,0.808973495963889,0.794874916090347,0.808381616865647,0.758507171815284,0.715794168337302,0.70550797997054,0.705477046643253,0.701246540323193,0.701229371376401,0.793061169457089,0.781172603257182,0.779128468646147,0.779068929432699,0.758878154643833,0.755971711410564,0.781964784963884,0.779628489886828,0.758392121478665,0.808409919045755,0.756379773417046,0.808235573074938,0.77915074896003,0.77846112703522,0.804515240257181,0.794161046888767,0.808676011473757,0.76636932204558,0.778535071648525,0.719178695342604,0.849134847990631,0.808165775452543,0.788729228260274,0.767322468508552,0.755769987486337,0.807982128502175,0.79552773241136,0.788490730854903,0.758417638952757,0.8025934141084,0.788040578323325,0.788520182701372,0.746737773868789,0.81125465789035,0.781700767728661,0.759114235277974,0.790285707788487,0.788300567157412,0.760930219523623,0.807661550740106,0.793320244525227,0.759473589566102,0.798509702314376,0.821523316375628,0.786530306791458,0.791996832095225,0.705538519364926,0.699111249492124,0.70538459222103,0.705601358321515,0.698947323588121,0.739111857554947,0.808403715503009,0.765486996990206,0.78255072017057,0.793843835631814,0.783820672521553,0.758286786743313,0.910032712723098,0.778988418120811,0.788562778848694,0.814014477731222,0.74164432237848,0.796072073590342,0.749019543159532,0.886560442921468,0.758561001196806,0.756104496934647,0.80929169592688,0.785459954142122,0.759365738449183,0.793812668923394,0.776493812017016,0.775457007058303,0.775683861729257,0.774400728711601,0.774658688417774,0.768071177317791,0.778948106775843,0.784930088942426,0.788586285943769,0.824087915256343,0.792735471539396,0.773989891512214,0.767461725479248,0.798137258451778,0.705669711465219,0.81502554806449,0.799111305127889,0.808523522085022,0.755601738760732,0.939961759358739,0.874886604644298,1,0.938143004193515,0.845280387673873,0.9402593262585,0.972877283165763,0.932184727229103,0.92070872836332,0.92901243155261,0.965703002055285,0.94563649263921,0.94119514659632,0.929069487714993,0.960549696004186,0.996555997639072,0.965618284610136,0.928208465812959,0.968892288686867,0.957452585240204,0.95992327177904,0.958676481592481,0.960344506840438,0.967425081479551,0.964239766943491,0.972599879524864,0.975201660860911,0.93918221216288,0.897389249030623,0.880140086443407,0.983253305636978,0.926635524851534,0.950504159268902,0.943506959184677,0.955466397629689,0.973447254859831,0.971584100996541,0.960421270207525,0.958971095232134,0.959388420880481,0.951014271321469,0.897852517460425
"127",0.779199207084734,0.80144084437687,0.769741996445488,0.796899438788295,0.753793646578056,0.790512822447363,0.779060957109851,0.767013850179305,0.755137256849732,0.779635551401963,0.779656356309172,0.779887128634227,0.785952427387294,0.795147048190881,0.799359315253749,0.730579594253342,0.76844099116722,0.801212145702483,0.774301052381579,0.785641059581001,0.777461482640747,0.750428519070989,0.793920411710308,0.787610049668906,0.780564866455468,0.787010189248266,0.747613442438779,0.771302856380938,0.765357569242886,0.765353520256455,0.754442411993557,0.754480706585897,0.782850692900999,0.777531211215197,0.762476219240177,0.762387437412683,0.747940007456343,0.722789931496971,0.76817107046696,0.762915778146193,0.747498263840087,0.787063687968553,0.783788082036526,0.786910518182572,0.762487308601166,0.766724167794644,0.808143575569716,0.779921218098512,0.787329027418961,0.73860956057783,0.78490991641524,0.740023864562263,0.836867255742321,0.786840301503643,0.801345017687154,0.742320966208779,0.722594842438412,0.78664395156948,0.784152517811303,0.801062421359264,0.747520813326291,0.793152858782799,0.800674674237369,0.767316612184535,0.762874644257904,0.814506622410392,0.785084729915323,0.730700618411234,0.785957584729263,0.800927727963064,0.736781479204261,0.786326941047904,0.794840857341418,0.748486977748367,0.796516130893027,0.829420165092517,0.769367830082217,0.782203592747899,0.7653983336576,0.746739691881397,0.76526943247679,0.73629663169876,0.746514429095244,0.759359476274541,0.787071860991423,0.737223464107598,0.765498517072303,0.779612095885647,0.777679620162717,0.747392527302698,0.892935999506482,0.767232005038772,0.785783304307996,0.813838046334505,0.716283699401545,0.789503557137639,0.722189208128115,0.872728334548023,0.747651246327512,0.722918873842064,0.808271023579381,0.782806594123797,0.730933426776485,0.779596670901444,0.752748757286021,0.746511091309354,0.750292181279501,0.755646407242207,0.764431880949182,0.747968023878447,0.762301299162432,0.767035668202581,0.801196371103438,0.813717014565334,0.779720396092424,0.756039807134872,0.738722523946953,0.781240036305003,0.765540517529082,0.817149947019374,0.807845265835673,0.787189232289559,0.722469872905696,0.972509806218891,0.92917731250662,0.938143004193515,1,0.867694252071472,0.995434923857557,0.942003770888371,0.944016635954993,0.960157586866852,0.904103769444422,0.944696643437769,0.918446234812405,0.917094561753181,0.958170261778805,0.94653414854756,0.940162896452649,0.934808015440279,0.885817747506029,0.924655396559978,0.911536804853914,0.914349891028123,0.91306055668827,0.943550403905917,0.944639637668747,0.944239881985855,0.934834973923993,0.942678562400165,0.979245881417645,0.950646062190608,0.937721583180566,0.933465054349965,0.949432744485277,0.909746916585776,0.894970295036638,0.918151586746751,0.920101347733502,0.920491583923878,0.939876462043106,0.939435317432982,0.939520371297657,0.916548982772637,0.891042545403233
"128",0.700505787234578,0.707236387835874,0.716136536334347,0.704088056725143,0.739381238182635,0.732086832337267,0.700300890294214,0.769437841479353,0.781808413377676,0.709473877633001,0.709571293462744,0.709776220254696,0.750712228848039,0.717276484170783,0.725946162818628,0.713656427144259,0.752910969466402,0.707050026079632,0.761543504741514,0.713191713194724,0.741401009700346,0.741290895770863,0.68511204374769,0.682413969147682,0.710386097927813,0.681901288306822,0.777021526795242,0.802911395205412,0.790624608621515,0.790685949696679,0.777216952484749,0.77733533346704,0.755859764218576,0.745152291730583,0.789833382168863,0.789728226218885,0.777362823923064,0.726514721093943,0.79359081492057,0.790141187547548,0.776908086411445,0.681953990076368,0.735067577839756,0.681836086073779,0.789801332643575,0.700584156966664,0.705073094913382,0.709787333831272,0.682167989269948,0.716281760916972,0.729085971480822,0.710535874790973,0.761682976013909,0.681737697684399,0.707155704242355,0.751831022868717,0.726326691028068,0.681613209523657,0.748429099034341,0.706956532476269,0.776931542244656,0.684442305594334,0.706591136251152,0.793649203230032,0.730599243174336,0.706971322461685,0.752935379757671,0.738005601166375,0.75390226460163,0.706819568118353,0.729182767858546,0.681305160879852,0.703293104592052,0.77780344553094,0.71634319415562,0.7247241299929,0.756796732206039,0.711150356330385,0.790727273617741,0.776567516552707,0.790564785631203,0.720464668193353,0.776345725202193,0.706549247355513,0.68198248914078,0.746834854949217,0.752727257746011,0.709503339744446,0.713452929650699,0.776810576971992,0.797214419079206,0.701033714449545,0.724324166736055,0.718550685275409,0.716227674998466,0.709724896194677,0.702280289222219,0.822925386256822,0.77709274315331,0.726626390695532,0.713743487442456,0.703613368455088,0.738183976768936,0.709511577078893,0.755295938577265,0.751867868860746,0.73912909234331,0.757215831772296,0.74443209583598,0.755836367224046,0.789683604534831,0.769533918094903,0.707040897327724,0.706205601845017,0.723362849368306,0.730176159651486,0.707298865804794,0.752106459282664,0.790810253588151,0.739094374550578,0.727730390694852,0.682064627826956,0.726209163455205,0.842992336681521,0.911419344176494,0.845280387673873,0.867694252071472,1,0.862798462012944,0.86065795372234,0.811666916358636,0.85087347639388,0.772652976716822,0.883887723715716,0.870970050707787,0.875420522479223,0.90442551371878,0.875906237101381,0.849212096756553,0.836234355734583,0.781121608565403,0.835195423195155,0.822070082244878,0.826524223194787,0.82468385498625,0.889611001255544,0.88231721670167,0.885389711578398,0.862901511787915,0.831625039535256,0.884307731916279,0.853426262614474,0.882774406168322,0.831587411129849,0.918047881619657,0.842612642479042,0.806897777779928,0.821838153306472,0.855346196235159,0.85880418564363,0.87692337924602,0.878262500731891,0.877764118042675,0.834057991699799,0.921161922593056
"129",0.781233631968073,0.804252220822596,0.770507540426128,0.799247811097143,0.753235723992785,0.791361865986381,0.781098221942651,0.766799158677435,0.754147746794204,0.78042744098901,0.78044512175797,0.780676464104275,0.786030875116478,0.79706234975753,0.801186545882876,0.72910053871939,0.767765722203258,0.804021678845668,0.773512561360326,0.787158300338501,0.777823426182063,0.749508689929126,0.797936461351273,0.791841218476574,0.781357779732867,0.791240171270272,0.745412487358743,0.767098982866823,0.760807724705612,0.760801213086821,0.750448660652567,0.750482048116061,0.782641791915028,0.777661644504031,0.761784552507743,0.761697409086554,0.745738051856278,0.721524243047366,0.766131816012853,0.762225838113495,0.745298053481734,0.791292286295234,0.783407718887715,0.791137865199402,0.7617970276208,0.768063187342195,0.811695850739485,0.780712043376125,0.791559728430051,0.738616460215221,0.785612585076511,0.739343897611601,0.838348700502804,0.791069457324493,0.804154997719294,0.741207658893351,0.72132869740656,0.790870867971144,0.784369979880571,0.803871776202585,0.745320125728635,0.797165617575201,0.803482731118979,0.766361926120798,0.762085667954618,0.818240790315926,0.784514379135592,0.729851915091535,0.785934158781077,0.803735179466227,0.735898020864801,0.790553695966624,0.797462696328243,0.74628544259663,0.798081247101965,0.832970311859249,0.768722372872493,0.783712310672007,0.760846308776143,0.743190969227616,0.760719631630613,0.734642401338577,0.742969588127938,0.75960486119519,0.791299850510973,0.736380546890233,0.765347541238891,0.78040249901502,0.778802021242111,0.745192359581593,0.896013276360731,0.768571466219365,0.786798370713803,0.816721262723665,0.715295009756728,0.791363742424677,0.722045569499237,0.873222500378391,0.745450572210577,0.72165324180033,0.810836404238238,0.784502930574789,0.730085385699858,0.780385422455276,0.752247774538181,0.745822057787936,0.74953516888459,0.754546117328508,0.76391640055568,0.746793975051255,0.761609945542952,0.766818922155109,0.804006200416981,0.817667695422968,0.780762472136932,0.755820143675053,0.739007710238739,0.78134447256803,0.760988701451676,0.819087308725273,0.809519598098864,0.791418026868012,0.721203462107446,0.976632267313186,0.924456703543821,0.9402593262585,0.995434923857557,0.862798462012944,1,0.943627818135853,0.948493620928854,0.961064774357257,0.908848399639527,0.943727078155702,0.917360767996236,0.915676909422725,0.95483227119822,0.947028185499959,0.942025381709058,0.937881990783894,0.889888962433245,0.926822700561595,0.914576441567501,0.917210687482016,0.915995184940962,0.942129073332078,0.943836845773418,0.943148816122185,0.935164141417839,0.94625092806936,0.977396392003358,0.950362382586092,0.934439501013244,0.936370090608852,0.946284436943277,0.911007810314472,0.897984341631877,0.921137412006401,0.920860780217872,0.921025217794036,0.938881836538688,0.938320996709754,0.938445018125867,0.918508330398993,0.888086527494995
"130",0.789772866584031,0.797812318760876,0.779215419292735,0.803627424144055,0.767936261432455,0.800091213942464,0.789618938035062,0.794643300842838,0.789021485141886,0.77563267370037,0.775664770601307,0.775908647206714,0.785622894715328,0.791413544784686,0.800998731756402,0.705982213319941,0.77979032169353,0.797571881145753,0.78249800380529,0.792816215508205,0.791755737775066,0.761821712589104,0.798503109922083,0.798159944385957,0.776665505197983,0.79757266765384,0.755619965772716,0.726768943827023,0.713711366592308,0.713682112046933,0.709821280364914,0.709812636864521,0.794825939683687,0.781942249451478,0.796625174204199,0.79656397503278,0.755991735235909,0.748928130248918,0.779615425258852,0.797099607816119,0.755505739057602,0.797596109220929,0.759067760862483,0.797435583721389,0.796646373384508,0.779555861611004,0.808678358779624,0.775956835940753,0.797871323037853,0.7650493588853,0.783563168027836,0.724846530811639,0.844326076874948,0.797366853111735,0.797707296278792,0.765265202800187,0.748721496931374,0.797181079915548,0.796308626875474,0.797479980392485,0.755523406719868,0.797698496415832,0.797027651481317,0.79915323140154,0.750270027259129,0.815359216146921,0.783194014192804,0.753864776621964,0.796640889562265,0.797278079183642,0.754910420826417,0.796852248784186,0.799319936307485,0.756573039373593,0.800598279264476,0.82930920667408,0.783557606377258,0.79266385700106,0.713747678026234,0.710593092900967,0.713600774070019,0.708825590898708,0.710426205714981,0.740214751536382,0.797603677554097,0.762548199448906,0.785318413601554,0.775624824877149,0.787859089517033,0.755400209318221,0.909814399905345,0.78008302812721,0.787244227578289,0.81581900564764,0.73850756046054,0.79965278085116,0.746677058045069,0.882350073895834,0.755687432900898,0.749061461536088,0.81078184081317,0.786768154314375,0.754106487248931,0.775602192063967,0.778831978220797,0.772246377931925,0.770714108429989,0.77137606051015,0.77193055652922,0.767181054043547,0.796452202764508,0.794683567825118,0.797565253581324,0.817955724902107,0.792947939425629,0.770373707284099,0.763950979578519,0.797042222648002,0.713876981236889,0.821087435162442,0.807040010019234,0.797715300315242,0.748565231372009,0.944353231491794,0.886296599024415,0.972877283165763,0.942003770888371,0.86065795372234,0.943627818135853,1,0.93542048855516,0.931230251997953,0.918768018649553,0.962759535578074,0.941675278250057,0.938103062931787,0.937150471439822,0.974879429840939,0.973559926173758,0.966734327442546,0.920395958406395,0.957540927986197,0.956299694355108,0.959034872628887,0.957829254643409,0.959050626274908,0.964246468146778,0.961719953230972,0.966904819591659,0.965827022157344,0.948849236646244,0.905041701592579,0.887938650110092,0.969172436482222,0.941127900651869,0.948974120074568,0.938530170644162,0.950547436081187,0.963759832432395,0.963010414715716,0.95623782224552,0.955112596182783,0.955401363596669,0.947422828365465,0.908148649389552
"131",0.807576168682812,0.823156037012155,0.769523396316137,0.825929797437364,0.735808568421514,0.794495600842704,0.807476714528476,0.751959437780941,0.737773070839036,0.764755121644936,0.764743022548233,0.764978715749315,0.770409344876654,0.807693087291795,0.813308079453892,0.708655709242476,0.74873814381759,0.822923334274725,0.756425792594248,0.800546581019696,0.772089639896875,0.727599757206322,0.823469375644125,0.816099201899459,0.765673113401175,0.815498625667517,0.705414141777093,0.732352729041621,0.722881108776999,0.722850995393135,0.716569362989533,0.716569876753142,0.772683553945124,0.76018816653527,0.74351070223835,0.743443913653591,0.705741875304261,0.708443034347881,0.729532719922412,0.743957641261756,0.705309761967509,0.815531489037466,0.76948392841497,0.815383457066903,0.743542727829951,0.784904923145376,0.839465585116948,0.765030204660867,0.815823916496027,0.739468637436075,0.78475210092926,0.726751649970568,0.835054130092435,0.815327610758386,0.823058746829494,0.726687446204468,0.708252710290132,0.81509613818311,0.772242518794389,0.822776489972088,0.705328061268754,0.822657642053158,0.822375484785812,0.74501636767246,0.747754944379014,0.841003243072002,0.769686655416334,0.710281356848086,0.775624539169818,0.822612817431032,0.720103172887272,0.814796929178131,0.823981420148946,0.70630927751789,0.813569066593964,0.856688187370656,0.751005788553993,0.79847444826368,0.722909079404874,0.713500059800397,0.722802994615763,0.711992094180592,0.713312608352029,0.750498150168811,0.815537971421938,0.717363347799796,0.75234732104654,0.764721277570982,0.792854149232011,0.705208249825503,0.907133147178688,0.785415867516642,0.781828566677345,0.834582308741104,0.706027776528357,0.811489113204892,0.721875129963982,0.848644610377793,0.705464479410856,0.708575086505434,0.830294491673309,0.800445859481712,0.710513382478327,0.764695567691446,0.741833152361245,0.727717704729623,0.734958992663354,0.734507541127191,0.744965605460733,0.727881608631854,0.743349101459864,0.751969058410695,0.822892073971143,0.837000536901293,0.785509603599406,0.750496811580089,0.743057259936062,0.770467693905352,0.723045348636746,0.823264382148735,0.819220695350926,0.815658061618722,0.708119336602947,0.96827637597523,0.87894278786611,0.932184727229103,0.944016635954993,0.811666916358636,0.948493620928854,0.93542048855516,1,0.956852071224507,0.939078060747692,0.912689046846035,0.892923093548396,0.888947281625171,0.91294804372496,0.922697115534082,0.931459279560143,0.934585027235188,0.903858966408014,0.917750098414064,0.918164607387306,0.91842718845742,0.918233198613995,0.90863523456466,0.913894643644391,0.911537711317647,0.919997970151828,0.952935054429206,0.934407357858906,0.928092695394448,0.894012402569904,0.939628829958774,0.901254745436723,0.897338216007311,0.902316740121175,0.919649060043329,0.907767590618613,0.90599988675917,0.910604001466273,0.909312567161607,0.909690943256302,0.907150602058377,0.845401295875464
"132",0.796016175145744,0.805401165442474,0.76037321884298,0.807452187380098,0.736004736785453,0.786450970014083,0.79589074411492,0.752623080232445,0.745104712852075,0.751014988512702,0.75102627003071,0.751259416561635,0.76972895890209,0.798201050537735,0.806760013202857,0.731672378078327,0.75059810022585,0.805187133959559,0.764393661125946,0.790040975580364,0.771763112629379,0.730377211031845,0.794948213502436,0.786836225120251,0.751933194774692,0.786250865840123,0.713173495068659,0.781795376628946,0.768467168489855,0.768479012313668,0.759768255280475,0.759806124629868,0.774149337743875,0.75637431009639,0.746927908941401,0.746846392245523,0.713518737282402,0.718131952612346,0.737786041704819,0.74735031260298,0.713069253146305,0.786295307556203,0.783054715832625,0.786165224939989,0.746948906778888,0.77699785817954,0.817259089651485,0.751298868368603,0.786575521400325,0.743726281963959,0.784238393400259,0.740176013103605,0.822260528057619,0.786092774644439,0.805318868631869,0.735539965566232,0.717945647043156,0.785879495705589,0.768875316210082,0.80503380634522,0.713091589940707,0.794166372993562,0.804648839499733,0.74910363270841,0.76139438474394,0.814632181611386,0.776661654338237,0.713982435521533,0.776340196201707,0.804886588536864,0.725609418054143,0.785581438588239,0.807521464014807,0.714085046684668,0.800774012541067,0.833585687344593,0.75304495490237,0.787835548156825,0.76853000941374,0.759807814833584,0.768426236932478,0.736360507922491,0.759595344563109,0.758930709772892,0.786312092054473,0.721368690779535,0.752069433417274,0.750991950620798,0.783483305104399,0.712967002076423,0.887196721470864,0.777501191862751,0.773750628165517,0.817488179480265,0.71606947821184,0.795834476260255,0.724082729008843,0.841620480049108,0.713233582182958,0.718271936743352,0.81297970376716,0.787630861144354,0.714204364651476,0.750980557299846,0.748165204019368,0.730718181257212,0.737406649359543,0.740629107029174,0.744008855969495,0.735250194567697,0.746766349432721,0.752653213950907,0.805145237211774,0.808769107439697,0.776390416902023,0.75212355536288,0.743314942138598,0.768166269397195,0.768652421750887,0.810724185541044,0.810184409302954,0.786423773787333,0.71781597229716,0.968329316289065,0.924631896972094,0.92070872836332,0.960157586866852,0.85087347639388,0.961064774357257,0.931230251997953,0.956852071224507,1,0.895811013720004,0.922208300739531,0.899359119933782,0.897567741226207,0.943326131172648,0.923208226996394,0.922322924706935,0.914270300844118,0.866906972264794,0.89932639007022,0.893449016256405,0.895406459279348,0.894507888496582,0.92079678819949,0.922586878668235,0.921820514709632,0.92139302903404,0.933362247579639,0.95687593645453,0.956285506351315,0.932771910815594,0.91988012065142,0.925090614835929,0.883866871127906,0.874623975952871,0.894767154025122,0.902809407729745,0.902608887070101,0.918299403463552,0.917665680605376,0.917818500379824,0.888682896172404,0.862610430410677
"133",0.798476935526442,0.818651437725716,0.777135415616989,0.825628793459548,0.740263052539992,0.7989231750368,0.798395005384212,0.752652374857034,0.734025451619553,0.793694904498275,0.793664484683023,0.793896272966887,0.769387706475303,0.797255778310377,0.798188466757489,0.669391417509858,0.752440877552506,0.818411864125765,0.746580301570213,0.798816772169711,0.767633694695243,0.734095790827313,0.823935020808629,0.816396558681565,0.794594234816084,0.815793920607154,0.714343804145172,0.667108834987758,0.663788190309669,0.663714847726601,0.658909380549584,0.658873297614203,0.769951820876584,0.765519674827456,0.74337159570113,0.743327671895036,0.714649969757804,0.708015520045227,0.735434866680277,0.743861798700385,0.714233349946818,0.815810743711325,0.736382023890576,0.815627966371148,0.743412544507297,0.779850100406877,0.829746687837166,0.793962245433163,0.816093447188131,0.733498292719476,0.770318655311379,0.699166829525766,0.847834672812522,0.815593141985988,0.818549744865554,0.721424035768306,0.707828347191344,0.815367512967882,0.778141379780934,0.818303736772245,0.714250334862459,0.823126669089131,0.817882588849627,0.745302920823743,0.721981864522083,0.842257516394239,0.757144556030489,0.71112300131134,0.774172437348129,0.818119306047046,0.72215660222526,0.815067178063114,0.816045450088307,0.715215769203508,0.813578649856966,0.852017179981632,0.754382214950089,0.796437184475169,0.663783418032094,0.650187579906548,0.663648978515073,0.671571154339515,0.650019709152779,0.720772804823266,0.815796001432896,0.717778356971487,0.752762640794616,0.793650149972228,0.791681366569388,0.714138860216579,0.904384010422373,0.780364008417268,0.787449255064154,0.82828854117923,0.69914428698475,0.81447523201391,0.720567955431773,0.856914131948913,0.714371878989762,0.708132758612415,0.827451653908281,0.798536532186616,0.711374173458161,0.793611709228146,0.734060636047524,0.729060481022083,0.742481764416432,0.73490196190944,0.751858792785926,0.726486002332959,0.743205821908741,0.752638046110098,0.818407224005037,0.840822956477224,0.7897362063479,0.748943826498939,0.740208974086273,0.77446402541866,0.663936183470453,0.824094641931234,0.813079383536887,0.815922777303,0.707681822082457,0.919336070753017,0.823784593336437,0.92901243155261,0.904103769444422,0.772652976716822,0.908848399639527,0.918768018649553,0.939078060747692,0.895811013720004,1,0.895081769778314,0.888604255031211,0.883126345510837,0.86933289685863,0.908285468608691,0.925851561612193,0.939869205295763,0.947338235355418,0.936173633005548,0.937864600695849,0.9362427445406,0.936762791075555,0.889495133068795,0.896452594156431,0.893422303098144,0.908661671854123,0.938963543841617,0.891455764844142,0.868053852286357,0.836488891168073,0.943199419259969,0.867778393100055,0.916442073181112,0.937499432369073,0.94464911545123,0.908109056673003,0.90531195036887,0.898762679762636,0.897208051478967,0.897712062016162,0.929346253412892,0.834699381353129
"134",0.769308227648887,0.772352749331173,0.771986960153387,0.784913424638412,0.774905787842972,0.792431710562501,0.769162241703465,0.788646859364179,0.789973632864909,0.787546584165651,0.78759212868779,0.787835194761808,0.780473805651173,0.77306363284228,0.783629949338848,0.715567816915505,0.789604592536412,0.772115438465402,0.789758933512721,0.780001915632876,0.791547615040738,0.776180529629768,0.77732020887539,0.780548895154876,0.788561724530773,0.779964435482989,0.775445079811225,0.745346640346179,0.735740116168951,0.735727387386729,0.728924391468832,0.728934640913824,0.796074987750427,0.781202080743314,0.786875090994738,0.786802153721201,0.775832571900883,0.768024824308846,0.798378593080307,0.787362640470325,0.775324418022004,0.780004601589072,0.762126018784623,0.779841352141932,0.786886326712521,0.769517109035723,0.783123860365666,0.787861440563131,0.780257577418221,0.768700458182709,0.775645187585447,0.726656873637118,0.839744832592978,0.779758919633379,0.772258152735291,0.777834679783835,0.767824662659449,0.779589685533185,0.795188671257129,0.772018140790602,0.775353966715316,0.77654978165732,0.771576490352241,0.797769551126247,0.754815839428643,0.788370482638547,0.787515017443692,0.766280877867278,0.792067919451847,0.77184142209458,0.769162507205602,0.779269040572906,0.776978890022873,0.776430827851394,0.788046583622194,0.800663649896316,0.792503512398105,0.781858174626162,0.735786011706911,0.725552848570096,0.735618539702608,0.720206767274386,0.725369565174845,0.740598268914944,0.780004780700577,0.772901078164515,0.785070027742289,0.787546131281972,0.77628380243783,0.775218196426,0.890267015423909,0.770041069724071,0.782546538577786,0.796486486978627,0.751422759824036,0.783352172856016,0.751608999491332,0.884543992408522,0.775501664188879,0.768159935214783,0.793012349363842,0.774321896314267,0.766527700626877,0.787527382936962,0.782743913818825,0.781838742318368,0.782733473062228,0.783994828842387,0.778963150418384,0.778553900597162,0.786691377258472,0.788686382200048,0.772113818152517,0.798461771038143,0.785962743909939,0.776739752600214,0.76670974266846,0.7987136798888,0.735912530374201,0.803579892213045,0.789427701715325,0.780118949217214,0.767656881100168,0.932087403656804,0.903412061502962,0.965703002055285,0.944696643437769,0.883887723715716,0.943727078155702,0.962759535578074,0.912689046846035,0.922208300739531,0.895081769778314,1,0.962437611150052,0.961039675002339,0.953604742575082,0.962910615039781,0.969294324515373,0.941957298086182,0.89492265916329,0.947514704798162,0.930206348739285,0.934012749682209,0.932261433740397,0.995057482197097,0.997819416204507,0.998569956971198,0.976539865577956,0.94725745588519,0.951457819396401,0.903290115184511,0.899670642951862,0.951931182513998,0.952067040075101,0.94006116110623,0.916475175051321,0.93031585049742,0.968264162694288,0.970213409190617,0.981023297336989,0.980691881586718,0.980704436090803,0.934731720271765,0.926102311845068
"135",0.767266764139999,0.766678026942503,0.770215495826183,0.781629955417003,0.77203744272681,0.797205706325862,0.767115817409638,0.785133238682887,0.795702086900787,0.795136859598297,0.795189308171302,0.795427276779757,0.776970929733088,0.766172877634619,0.775590040528133,0.699044619838938,0.790609787914486,0.766458562781124,0.787585393291503,0.778609808944582,0.78703920290461,0.781421382808978,0.751502308151737,0.746464270804588,0.79612742462442,0.745861850508992,0.777325347691473,0.724966342232823,0.719248054523329,0.719212784447246,0.711974042897976,0.711974409337784,0.797769164330362,0.775171270847361,0.787214373607295,0.787156842607079,0.777734696020727,0.791884793501963,0.800569230050381,0.787734096849684,0.77719437852016,0.745899219778116,0.744440964068228,0.745726189135824,0.787233730071089,0.769221082737909,0.767219451725795,0.795467232008348,0.746156991758909,0.781186172853008,0.764545036525738,0.716308531389284,0.84384624287753,0.745645017040378,0.766606261252079,0.7852916287991,0.791700646654674,0.745468879392841,0.795968908755991,0.766382075408305,0.777232105412459,0.750703631417454,0.76592537742813,0.795657302809451,0.744895486519286,0.772293948355694,0.782640251177022,0.7601326669338,0.794582462550228,0.766192798907214,0.780740114370287,0.745147314609964,0.770173013953552,0.77837447747739,0.789409239192625,0.788763098370969,0.795588142036031,0.778239560843845,0.719285227473374,0.704960391309449,0.719093820081662,0.703456652468085,0.704779964350398,0.718456740703194,0.745892821362708,0.767887437748255,0.780806362629307,0.795139272146111,0.779621776895368,0.777102356265425,0.873068568613722,0.769756613104376,0.782373569243516,0.783052106809122,0.766356944757413,0.783518157556964,0.764508912346343,0.869274417294526,0.777379152378004,0.792021922366324,0.784764540146268,0.771468908692949,0.760390732504134,0.795132259596589,0.784484043972461,0.777871701246482,0.79863285797806,0.788132083857596,0.777794687299812,0.784818338229565,0.787029862072159,0.78517405877914,0.766450392607228,0.77283631334604,0.786394466953915,0.783578879175701,0.774970914165635,0.799473476968015,0.719417825844975,0.796795553517539,0.786026018967869,0.746009940345357,0.791506234385248,0.904422769903012,0.881906377558321,0.94563649263921,0.918446234812405,0.870970050707787,0.917360767996236,0.941675278250057,0.892923093548396,0.899359119933782,0.888604255031211,0.962437611150052,1,0.995075288960173,0.921956765171182,0.939905596432302,0.947930052706024,0.923455559233357,0.884350547842944,0.939193538642717,0.917802396863242,0.921575446058888,0.919780316774438,0.96235909317399,0.961363740784091,0.962400129912948,0.968937477403383,0.922096707963305,0.919131140034596,0.869347458055926,0.867922974097656,0.938081164484065,0.925262210742768,0.942659242135413,0.914000768864551,0.921304398749213,0.962066071535867,0.964513821542791,0.979473065776491,0.979941449666966,0.979887384369454,0.929701067524668,0.9277283671705
"136",0.764494549279572,0.76357839220238,0.768650597779913,0.778400623146119,0.771871938734388,0.795565494362332,0.764340846273368,0.784798134632176,0.796317170060518,0.793822395977365,0.793878186020532,0.794114645884008,0.776458264468794,0.763811944063136,0.773232302628968,0.699924913569792,0.790708647606766,0.763361145709431,0.787815122993331,0.776311299268509,0.785954355275652,0.781923948457281,0.747039607040711,0.741708960979243,0.794808234064808,0.741107516466757,0.77941698855079,0.728204921708118,0.722675516178863,0.722642840979325,0.715027804233171,0.71503192396012,0.797314871559507,0.774465457207278,0.787486972955495,0.787427890165679,0.779827911370054,0.793001388082256,0.802444626361592,0.788003813659776,0.779285189653048,0.741146184354313,0.744175996977808,0.74097439066098,0.787504596439858,0.766977225541167,0.763329681042295,0.794153031266654,0.74140243144001,0.780589279290317,0.763126728454865,0.716452139929092,0.841580633862572,0.740891906153066,0.763508122747224,0.786016839822609,0.792818397560637,0.740717530383098,0.795149991248194,0.763284359971649,0.779323733920989,0.746243976301256,0.762829944255573,0.79604937560741,0.745055989456461,0.768285772496603,0.782532256541593,0.760254386859827,0.794056128494395,0.763097250742062,0.781245714993291,0.740395884787473,0.766931170540577,0.78046692931573,0.786929215763591,0.785004540456524,0.795694682932097,0.775826039922379,0.722715013401919,0.707786668185936,0.722521294360273,0.704499836719816,0.707603810138113,0.717592436719164,0.741140617541593,0.76804164789163,0.78025596247048,0.793826309774811,0.777571894640144,0.77919362968951,0.869191964591596,0.767510835949964,0.780813768811904,0.779683088723449,0.767024933407462,0.780763627767052,0.764045960212875,0.867835908886734,0.779470671617092,0.793138456069841,0.781520629991342,0.768911264040334,0.760511341569396,0.793821362427778,0.784427830924112,0.777868453113149,0.798993735578685,0.788829042180696,0.777727155944205,0.785619013561026,0.787302405305868,0.784841124664511,0.763352486223539,0.768482759551254,0.784523210517996,0.783165837005018,0.773896802412684,0.798707591114381,0.722846690441386,0.794317739466079,0.783807972429072,0.741256980102882,0.792624089189528,0.901633602362073,0.884211390074139,0.94119514659632,0.917094561753181,0.875420522479223,0.915676909422725,0.938103062931787,0.888947281625171,0.897567741226207,0.883126345510837,0.961039675002339,0.995075288960173,1,0.922428690018575,0.937589592227668,0.943676861909098,0.919193830150367,0.879083383577224,0.934781503155199,0.913042940253026,0.91692535601977,0.915090872988339,0.961666686192348,0.95974506590561,0.961187425624432,0.965112918299319,0.917634062581151,0.918209495669628,0.86828911987553,0.868696046088723,0.933078692266211,0.926147761543145,0.939089501513408,0.909098880417485,0.916743247357047,0.957917274352744,0.960585923230704,0.977609334168501,0.978382122054078,0.978223261558891,0.925884179794127,0.930804404174264
"137",0.76604567385256,0.769501140967606,0.760338847794426,0.780713370619574,0.759611830796338,0.779696702239526,0.765896086640317,0.773206557977276,0.772693001716237,0.757923870581858,0.757970981151343,0.758206567086203,0.771723060552661,0.772402244565645,0.782171226035806,0.737643954604969,0.772435389581457,0.769270979016284,0.780896030374693,0.772505897729864,0.777596104359398,0.755428635707863,0.774840331782238,0.776825016229182,0.758893910850477,0.776259444294267,0.757414036975323,0.792083423815156,0.784758360037938,0.784769698567373,0.772430804100202,0.772499490211452,0.783513662979866,0.76930301900218,0.772796077683785,0.772698825154516,0.757768148522307,0.738512178239099,0.779997931693845,0.773218040866029,0.757301829326418,0.776315600413753,0.778573590409837,0.776181031009161,0.772799830649938,0.760705270299334,0.783898228741533,0.7582234151909,0.776557538141561,0.74648179361807,0.7769332633959,0.739442448335581,0.8161978880132,0.776088587828814,0.769400558660136,0.760413242344465,0.738311503539746,0.775918770531551,0.776820433463565,0.769138307107281,0.757324685216567,0.77410560146889,0.768739948215311,0.782757736159314,0.76297070311335,0.784197378879328,0.783645459754193,0.748572130486148,0.778144693691503,0.768997696644054,0.745488445622357,0.775612668329132,0.774894818411011,0.758318790189518,0.782106533907331,0.797210637638944,0.774602594541835,0.774324157743802,0.784815193499303,0.765669518216385,0.784672802339116,0.743468918205675,0.765443247446708,0.755248112226336,0.776330021754688,0.754900598558641,0.77149521652977,0.757926138324818,0.770273761511533,0.757191778713125,0.875860415101353,0.761209633140079,0.767479230599738,0.790987319732502,0.730938208149696,0.776127057144633,0.731435847964641,0.86503816242027,0.757470833054622,0.738641415148125,0.787043860710489,0.770009385762647,0.748792747497808,0.757910345935908,0.767126608062883,0.762457864463052,0.757217475683129,0.766632665567399,0.765339840368287,0.760961221983269,0.772623904881584,0.773254935592831,0.769257924574776,0.792472789281647,0.773497150801252,0.761714364472675,0.746279118946958,0.780664534038631,0.784940529162213,0.792864054937336,0.783317153472635,0.776435803416336,0.73817704524019,0.941052549429145,0.946082874077431,0.929069487714993,0.958170261778805,0.90442551371878,0.95483227119822,0.937150471439822,0.91294804372496,0.943326131172648,0.86933289685863,0.953604742575082,0.921956765171182,0.922428690018575,1,0.94254792115273,0.932523445568148,0.915444992085363,0.861883342706395,0.908881401747464,0.896773442709237,0.900259767920333,0.898755836579402,0.9558171281282,0.95329865113788,0.95429992967216,0.93663566764124,0.927225891761887,0.971949284257321,0.940953540508251,0.947101965757665,0.919102553391968,0.967379987166787,0.898259440669454,0.876390537552764,0.896304844628836,0.922865207659877,0.924432775176774,0.941582372540665,0.941763418441958,0.941615192897879,0.898625232115292,0.908273430744597
"138",0.776487296564204,0.799237671804813,0.776530598447462,0.79219332023276,0.769608451950675,0.797314926518962,0.776320913674696,0.80000726802651,0.793526510539508,0.780672545387775,0.780716757981226,0.780954316338028,0.793758148416651,0.792109289029949,0.796729216419434,0.708056951808333,0.782674125883784,0.798997283604112,0.783485495822947,0.784688760160399,0.786255394941687,0.765542162406706,0.791699504987109,0.78922779079294,0.781692548900005,0.788639560491664,0.770627090359834,0.730563521998658,0.723158971577863,0.72311942025705,0.716327309161519,0.716338015200324,0.794833296531219,0.791025624464562,0.808081206346818,0.808006446276533,0.770974502775471,0.740126543838808,0.792149379198682,0.808540483254297,0.770504435329996,0.788675106318785,0.760094630499113,0.788510983216984,0.808092451049284,0.765495503101899,0.805220543202548,0.781001440688932,0.7889343738222,0.752151770081832,0.779877328889435,0.726786086508791,0.845437173895677,0.788437986723275,0.799124923669919,0.763472802574589,0.739913042749497,0.788264389243758,0.797592804689709,0.798899236839201,0.77052150341305,0.790914463611876,0.798465570838678,0.808998729715918,0.748380179723243,0.813284362761648,0.782390510879116,0.753768487602246,0.796239371992687,0.798718058856476,0.751407615086642,0.787928426904693,0.790208908036951,0.77152478053399,0.79448660718022,0.828551377149682,0.78693807889159,0.781749848234884,0.723179492963166,0.710908754773551,0.72303007959916,0.712024469563691,0.710723196052118,0.738996234905988,0.78868437023089,0.762573005086018,0.788299498517867,0.78067273232281,0.781201733737025,0.770398767261091,0.905028677854116,0.76601634033524,0.789011384770816,0.809272953776829,0.730118856263921,0.790788494951806,0.737140291235253,0.894159708539922,0.770682903139377,0.740245588173655,0.803030324738701,0.77979605778375,0.754004847592277,0.780648015347652,0.777274299032987,0.77266253043193,0.769738961855047,0.773739195025785,0.778219306643423,0.768811944652023,0.807903833944402,0.800048138832162,0.799000911418743,0.814392602451334,0.788851337247943,0.767214780223933,0.750168155598864,0.79793818717267,0.72332011684128,0.819442282494647,0.801053700542813,0.788792326686318,0.739771973545852,0.940078393310472,0.893789788511265,0.960549696004186,0.94653414854756,0.875906237101381,0.947028185499959,0.974879429840939,0.922697115534082,0.923208226996394,0.908285468608691,0.962910615039781,0.939905596432302,0.937589592227668,0.94254792115273,1,0.961828088045905,0.967253366044759,0.917964589256917,0.958123940525533,0.952864341163251,0.956426451502211,0.954931217411617,0.960880687552256,0.963741935968486,0.962198413698922,0.956037111693489,0.951474902193101,0.954211082397624,0.906115377678077,0.89474374382462,0.955300720995853,0.957915358319497,0.954456476439538,0.936246449487849,0.952246560544727,0.955135585440099,0.955599165996494,0.955545503427969,0.954908876963172,0.955030525183714,0.955178254814689,0.925958599378976
"139",0.781320795727689,0.787451083090556,0.776981246784011,0.799644783176256,0.771048392349833,0.797509721720192,0.781195468612039,0.785168788152436,0.780579836092534,0.793238085466758,0.793261635077788,0.793509013084277,0.779668155226179,0.783052592425277,0.792981283643168,0.704200303504675,0.784457588503163,0.787203432040946,0.782868239366945,0.789199668610545,0.792741687764587,0.76930276031174,0.801325652681381,0.806772322233362,0.794257751501033,0.80618066245532,0.759884490048519,0.719535600419132,0.709273849513103,0.709244992228082,0.704748619163266,0.704734265801102,0.79359796572298,0.781190891143892,0.779568401962377,0.779507255172641,0.760257616944261,0.757506436450213,0.783375523563708,0.780067479003107,0.759768988882665,0.806210559994923,0.75771911360194,0.806037525739216,0.779589695302091,0.778106989801079,0.802862345966485,0.793544248544991,0.806475564943594,0.767047379196979,0.778760154259911,0.720468934838228,0.848418188707509,0.805966149966713,0.787348959697751,0.768572936870813,0.757304800349355,0.805783543471522,0.795596821388166,0.78710921500559,0.759794972660416,0.800538262910371,0.786659812017887,0.789270799915512,0.748184323854653,0.809315793535653,0.782742854034089,0.76007204085839,0.790609072207925,0.786920808413964,0.761987871219304,0.805463109444778,0.79216304168897,0.760854313007438,0.797923614333201,0.819769908397937,0.787218733897044,0.791463702391808,0.709306062388359,0.702519721113233,0.709151149283511,0.70781423605199,0.702353682973953,0.740034931798423,0.806204938912673,0.76641672781803,0.782910133373096,0.793227225130497,0.783451893465061,0.759663348553965,0.908627864589209,0.77863442613486,0.788152764372727,0.812771092646035,0.742989556626399,0.79516106189035,0.749616126737078,0.886475822701658,0.759938732881101,0.757639911001724,0.80818495508721,0.784827513358241,0.760323180204743,0.793197271872266,0.777344598241276,0.776273792551907,0.776491981228764,0.77544164748669,0.775098201482538,0.769206078975901,0.779387588430054,0.785192379209758,0.787205266158722,0.822008928750618,0.792325208266694,0.774553455882417,0.767871901403493,0.798336470063232,0.709436741370305,0.814152518311426,0.798522599818287,0.806324466206393,0.7571365450366,0.940688503404798,0.878527230246392,0.996555997639072,0.940162896452649,0.849212096756553,0.942025381709058,0.973559926173758,0.931459279560143,0.922322924706935,0.925851561612193,0.969294324515373,0.947930052706024,0.943676861909098,0.932523445568148,0.961828088045905,1,0.963706439971082,0.924628102456304,0.967081421969812,0.954731525042462,0.957391467332973,0.956071190466016,0.963972596880224,0.971012882454523,0.967849011389965,0.975081146548055,0.973783855100413,0.941712197291045,0.899314727002642,0.883182115753111,0.980763968450565,0.929675197657882,0.94958000116923,0.940552772562435,0.952953293043017,0.974517205938805,0.972974209013183,0.963392476212677,0.961971813849276,0.962375558891386,0.949471665567598,0.900454084709431
"140",0.783833741979283,0.811794198116201,0.779747694000292,0.803217349123753,0.763768476124113,0.799602706764575,0.783692102629851,0.791775744034445,0.777868945803909,0.790536601729519,0.790556316085643,0.790794418445058,0.791454915722744,0.79863790406744,0.801560998245776,0.693750888363765,0.776198452549155,0.811544606232316,0.773570350105812,0.790674722353183,0.784207987666467,0.758267419070947,0.813143836592924,0.812142364815085,0.791541457211117,0.811548713648093,0.756151205724088,0.701405883069723,0.693839155369584,0.693787801032748,0.689138045973879,0.689122603388258,0.789194189165461,0.789792986458734,0.79386795243121,0.793806880331996,0.756479415683063,0.727437487193649,0.777232117736987,0.794339627814877,0.756033689675072,0.811573802924933,0.75295641235251,0.811396552992775,0.793888921038443,0.769863252575359,0.821200546950269,0.790849418891687,0.811842775146784,0.746013134154059,0.779387701009449,0.717427352561211,0.853029205816459,0.811339109706222,0.811674767598501,0.750641773870623,0.727226404271427,0.811153215427881,0.796426008574553,0.811448378411861,0.756048919450648,0.812348372299106,0.811011902295232,0.794310812302104,0.739041291448134,0.83256180844523,0.775170237663769,0.74438027823515,0.792154904609596,0.811258446990859,0.742638575524723,0.810818307937513,0.801325014182486,0.757024569204938,0.800707993559424,0.845196256261487,0.779773319650888,0.78766982079532,0.693848308993594,0.68434924962599,0.693707676013665,0.696902542634984,0.684179216856924,0.735633254630129,0.811575578150998,0.752558537069315,0.782241756586556,0.790522914990184,0.78404432497034,0.755930153374634,0.918377470852446,0.770381652252527,0.79377698834616,0.822499796078248,0.718426890374953,0.799125960417277,0.731229976605805,0.894499766412631,0.756198165357999,0.727554391904912,0.815015183192275,0.786782328481085,0.744622783985939,0.790487488092566,0.766477462157651,0.763484636839261,0.761821630458677,0.763360569695235,0.773673602810093,0.756753516181044,0.793693414485087,0.791793658121088,0.81155400494371,0.836116274385418,0.792156483643339,0.762000736617122,0.747011425508174,0.795124779376666,0.693993188036657,0.827967982068711,0.807684565815397,0.811689452085431,0.727084456095839,0.940268655948769,0.864508276381047,0.965618284610136,0.934808015440279,0.836234355734583,0.937881990783894,0.966734327442546,0.934585027235188,0.914270300844118,0.939869205295763,0.941957298086182,0.923455559233357,0.919193830150367,0.915444992085363,0.967253366044759,0.963706439971082,1,0.951727407780491,0.973238599678768,0.977818010969916,0.979590630242147,0.978809133347015,0.937473095309368,0.943413462537178,0.940567466089328,0.944783055064397,0.964638130330049,0.93462229077277,0.894829869541403,0.872776610529026,0.969533309238566,0.924708312721228,0.958535720101207,0.961259680116132,0.979178204093269,0.948694477946304,0.947033638013488,0.937688787259641,0.93642949678975,0.936780451026366,0.96916691681696,0.894799922167475
"141",0.774600893541993,0.805562403943702,0.774131436294495,0.80037643719439,0.751598519151357,0.78962066712051,0.774489371011811,0.777363517331316,0.756668748555203,0.790208064804324,0.790203927184944,0.790432830753541,0.774948689079771,0.785929400286848,0.785359506571012,0.655493562650964,0.760619903034109,0.805309545836151,0.749205473607005,0.781740942431322,0.767438295264798,0.742660814300019,0.821893676378926,0.824332896659122,0.791167351430909,0.8237725718013,0.738292418224282,0.644583589315574,0.640495147691696,0.640412559065887,0.637213871221052,0.637173768628674,0.771070897518521,0.779070954247005,0.77718322114532,0.777144159885624,0.738580080998087,0.703214226920087,0.757101436223877,0.777655414149269,0.738179804971412,0.82377940375275,0.720430698707442,0.823589775309308,0.777214627589205,0.759616515016726,0.81873144353347,0.790496706307558,0.82403310342794,0.725223728372128,0.760953219636133,0.687354523386573,0.843332985305831,0.823554415476968,0.805431087522561,0.728563015254945,0.703005825610324,0.823373354145823,0.783326140519819,0.805238212751527,0.738188477457755,0.82113838400032,0.804813149196543,0.77774630320288,0.708107568950071,0.835416199688253,0.750557085151029,0.730476684853382,0.773585552082199,0.80504106282771,0.723023415692938,0.823057090031919,0.794938689545451,0.739094232644463,0.79316157719772,0.841520618026098,0.763724477234711,0.779946768385605,0.640479288871361,0.629548543529333,0.640338848684966,0.657302483489973,0.629398267187699,0.708990091513396,0.823768617864848,0.737854274690987,0.768904156424276,0.790187475325729,0.775447882983372,0.738081337945923,0.905343098505627,0.760114356276869,0.783525305531958,0.815673679161389,0.694112285716978,0.795608254481249,0.714811963271177,0.879695577545681,0.738323764734151,0.703315133371242,0.809378562455497,0.780152714414971,0.730719141705932,0.790134477670923,0.745372263674629,0.749028151651175,0.745256358569175,0.74419641143788,0.761840307942534,0.736256529816458,0.777019272416138,0.777357704085332,0.805337707331602,0.844258962605563,0.784681030263736,0.745516058865285,0.731277769238955,0.781722644562279,0.64063076562567,0.818185965168384,0.793875438796148,0.823879843089547,0.702863470365622,0.896753227529786,0.80690766322598,0.928208465812959,0.885817747506029,0.781121608565403,0.889888962433245,0.920395958406395,0.903858966408014,0.866906972264794,0.947338235355418,0.89492265916329,0.884350547842944,0.879083383577224,0.861883342706395,0.917964589256917,0.924628102456304,0.951727407780491,1,0.948310816031541,0.964415441351534,0.961217276138727,0.96257588446931,0.88968644855856,0.896605476944996,0.893355500160154,0.903287990884702,0.930180038213153,0.881855488366111,0.847379888691024,0.819689646483952,0.938359713038413,0.871442934460129,0.936379311118162,0.96826776732418,0.963914662235322,0.914615354542349,0.91188679332495,0.893249846491757,0.891823722609311,0.892255292854778,0.950149605481542,0.852571347471243
"142",0.7796106172243,0.792990849765815,0.784039794264191,0.801376019200205,0.772416304061557,0.801925839603523,0.779476183250233,0.791466337543798,0.780244771271062,0.806158631031333,0.806179076814682,0.806425062115447,0.788040878276765,0.783721484035915,0.787784995207156,0.683033781617832,0.785863431001442,0.792745918853395,0.775683263668012,0.790081274025963,0.78635395854595,0.770636098888791,0.797919079098387,0.797994666173861,0.807171521089283,0.797399068126849,0.772083518436631,0.693664196513385,0.688183804087812,0.688129256882663,0.682962859238149,0.682942635682685,0.792828053559154,0.789888969262976,0.790402284492389,0.790348314594321,0.77242299274627,0.742187224442118,0.792106573813862,0.790909042177774,0.771961137071855,0.797423239196544,0.741037525345079,0.797241760747123,0.790424905443014,0.772504208063277,0.801069740301865,0.806472185571967,0.797685052630918,0.751758252044199,0.772526149665757,0.708148881701785,0.853839738920457,0.797178575374689,0.792883162753448,0.7605607418569,0.741983624418789,0.796998224032147,0.800136156867008,0.792661533153151,0.771982312463388,0.797127545983065,0.792210403124741,0.795428536687937,0.733273474991262,0.813431385372083,0.775102581853019,0.753789716550731,0.792852601342762,0.792464643275342,0.754311806370664,0.796669374978023,0.791444749794289,0.77299401286916,0.799162357654261,0.82381514005489,0.788802269805541,0.789527529306485,0.688198301779452,0.676023667136621,0.688034655593914,0.686191367622683,0.675854740000705,0.723159786253999,0.797419542558175,0.761334598785138,0.784364964595065,0.806144982039996,0.785043841855243,0.771859603566309,0.906191628143678,0.77303490724231,0.792573641480468,0.809461497293749,0.728060139416001,0.799873171537819,0.74002745866728,0.897610383424681,0.772119830435568,0.742303328108203,0.806652737321984,0.78448226891569,0.75404572416053,0.806112473346574,0.768746756233033,0.771647767534582,0.774756419208854,0.774563630032492,0.783177710015597,0.766395552776535,0.790220939452706,0.791478919789038,0.792756181458273,0.820506412255896,0.795029837100647,0.770323638081068,0.755087628643568,0.800359190557247,0.688340902256523,0.818321218718713,0.800187565638135,0.797534312942134,0.741820589829595,0.922724443234652,0.856440123541369,0.968892288686867,0.924655396559978,0.835195423195155,0.926822700561595,0.957540927986197,0.917750098414064,0.89932639007022,0.936173633005548,0.947514704798162,0.939193538642717,0.934781503155199,0.908881401747464,0.958123940525533,0.967081421969812,0.973238599678768,0.948310816031541,1,0.971720582464374,0.974564329022765,0.973162138708814,0.943055806870463,0.948510955381364,0.946095228248374,0.952052705888702,0.953727065006137,0.921896760903935,0.876401712373995,0.859713279910152,0.969560694706961,0.917720629463478,0.974196479138414,0.967457983692825,0.979820579507773,0.960024389784789,0.958682541155999,0.948393896613661,0.947229410811735,0.947581261721693,0.980880250939759,0.90318503893398
"143",0.781524898855159,0.802920789659025,0.781155895294965,0.802894354174582,0.76671121037591,0.798794045276333,0.781384781638004,0.794396945844824,0.781980801121754,0.785460142164499,0.785481530418866,0.785719915206841,0.783775270293532,0.78975976588259,0.793649964077768,0.678076643920112,0.77559978718476,0.802666525646927,0.769327639684491,0.788388463562263,0.782481908798571,0.757636130692032,0.81133589128524,0.812545601015267,0.786484019179946,0.811965905435891,0.75462954677215,0.677703612599099,0.671670769521183,0.671599091713504,0.667635845240688,0.667610304992954,0.787220861804193,0.78625978323029,0.798437457980806,0.798389302049383,0.75496003206318,0.73058227018485,0.775775531339248,0.798920285932837,0.754511580221148,0.811981846570129,0.737352035984305,0.811801515045072,0.798464495165076,0.770127736090039,0.814320633379302,0.785778850083997,0.812243699825624,0.747889564866205,0.773602547667258,0.705292708806561,0.848340820490684,0.811747825669702,0.802795276109929,0.751757994598372,0.730369014070482,0.811567762832418,0.794748997928714,0.802592524732507,0.754522079315767,0.810548092496436,0.802142730942754,0.80038697700876,0.72846547500141,0.827209956473734,0.76892452664618,0.750346049076665,0.789056735299636,0.802388626677515,0.74364258251521,0.811238349438862,0.797017740185673,0.75551046454604,0.799651475514967,0.836788658738939,0.779290711610082,0.787603894276029,0.671668048058815,0.661584305736714,0.671518528097522,0.680168384165679,0.661425871733222,0.722691271144979,0.811978146217992,0.75845543192817,0.784439689439104,0.78545122577816,0.784805041185152,0.754407985977056,0.91332700616783,0.770645680783211,0.788122483293354,0.816185079623918,0.719479156156598,0.799646169873482,0.734570781577635,0.889462574591815,0.754678052715779,0.730694377195506,0.811173776931403,0.785350142272055,0.750590865262961,0.785410922019657,0.767852391484262,0.768935427264995,0.76407172994551,0.762831954173691,0.772093995131886,0.757435818471773,0.798266845322409,0.794417650299092,0.802684580154458,0.833182757618447,0.792634574047737,0.761191634764683,0.750481055817514,0.794589987051448,0.671814930683182,0.822507902492709,0.800625610730136,0.81209053789636,0.730219579395124,0.918102465811089,0.841492343750459,0.957452585240204,0.911536804853914,0.822070082244878,0.914576441567501,0.956299694355108,0.918164607387306,0.893449016256405,0.937864600695849,0.930206348739285,0.917802396863242,0.913042940253026,0.896773442709237,0.952864341163251,0.954731525042462,0.977818010969916,0.964415441351534,0.971720582464374,1,0.996260744394171,0.997891143954159,0.925564542377589,0.931896936076319,0.928846259506542,0.937607579330439,0.953053552130299,0.912524170328197,0.87144260207255,0.849182294194792,0.964832084558693,0.907057648248877,0.96181630751971,0.976594472200959,0.979626717776547,0.948587597657757,0.946329909178749,0.927084774236055,0.925782378343018,0.926159514065084,0.969125371432427,0.888150789079128
"144",0.781168494814231,0.802065761735353,0.781740682056439,0.802265564016101,0.768284278940537,0.799426758912749,0.781026021148614,0.795587934031996,0.783670223955697,0.786705006480454,0.786728452068976,0.786967580869792,0.785128988753939,0.789569534040886,0.793571337042827,0.679866500107089,0.777446319612411,0.801812272294377,0.771106931493468,0.788507058892923,0.783548026116394,0.75966543559165,0.809144484666732,0.81001047923956,0.787731550252855,0.809428624817422,0.757608299709808,0.681311671859552,0.675299464733769,0.67522956499925,0.671045642957998,0.671022049081045,0.788639726088428,0.787421673933926,0.799780865336075,0.799731292390328,0.757941209366042,0.732795136599161,0.778682877760356,0.800265530855314,0.757489310797894,0.809446194859428,0.738682491103467,0.809266382485566,0.79980677647121,0.770343005417854,0.812720546272581,0.787025413124008,0.809707991647442,0.749111161383065,0.774234630682558,0.706639285029509,0.849026065712735,0.809210917365926,0.801941786482601,0.753734944853978,0.732581988136337,0.809031444798207,0.795990001395974,0.801737337288088,0.757500565115903,0.808355705746187,0.801286719600439,0.802001739252974,0.730064731587088,0.825511979087092,0.770601040785371,0.752025694371885,0.790468011291559,0.801534242948786,0.745594356988919,0.808700930513564,0.79625131723249,0.758494029019319,0.799619838573502,0.83544233620696,0.781082495144933,0.787672163274854,0.675298641215396,0.664918524618946,0.675147446444751,0.682089618654605,0.664758253055452,0.72349254390358,0.809443105289258,0.7601444432683,0.785597718700273,0.786696613568195,0.784968316113748,0.757385373965874,0.912933563925846,0.77086268726095,0.788846132706192,0.815421157447613,0.721369342771088,0.799357928297718,0.735755563669525,0.891158637975053,0.757656590646502,0.73290792633229,0.810566891007736,0.785158506391486,0.752271228870727,0.786657816955654,0.769296269516639,0.770551375897446,0.765903290525531,0.764941224170871,0.773724184115572,0.759516677211795,0.79960886615583,0.795609991030191,0.801829594710886,0.831191931261115,0.792993805909053,0.762575935070423,0.751455985833369,0.795834707146693,0.675445102857478,0.822534824497285,0.800914790003923,0.809555483613129,0.732431711392923,0.919665278933712,0.845251871825607,0.95992327177904,0.914349891028123,0.826524223194787,0.917210687482016,0.959034872628887,0.91842718845742,0.895406459279348,0.9362427445406,0.934012749682209,0.921575446058888,0.91692535601977,0.900259767920333,0.956426451502211,0.957391467332973,0.979590630242147,0.961217276138727,0.974564329022765,0.996260744394171,1,0.998317431911467,0.929472157174136,0.935645461262229,0.932672084207454,0.94078503228953,0.953963688172244,0.915535825622201,0.873416876507981,0.852168024455136,0.96632940270186,0.91091426782994,0.964894121612926,0.975717663327245,0.980621982861625,0.951608132031853,0.94950251482144,0.93094829629086,0.929679418215829,0.930044966118819,0.971668257208903,0.892487610188074
"145",0.78133453134512,0.802428145326808,0.781515951855476,0.802570765822674,0.767629587131688,0.799131733213831,0.781192874942153,0.795188975775511,0.78302876234108,0.785921536711583,0.78594419909838,0.786183030440589,0.784532333006407,0.789639414314431,0.793569900270683,0.6790194481977,0.776613709727874,0.802174231956033,0.770292127023955,0.788442732667937,0.783025096633986,0.758712676991672,0.81012052602212,0.811137086334718,0.786947211286397,0.810556351050114,0.756334989930484,0.679747760328534,0.673765988355209,0.673695067253758,0.669586010669974,0.669561786100862,0.788011776963661,0.786934012474085,0.799411007776137,0.799361994563843,0.756666568136919,0.731650359772778,0.777431908110253,0.799894537636317,0.756216432820071,0.810573231548545,0.738026927987491,0.810393385884508,0.799437392265566,0.770223169761787,0.813436749223026,0.786241348543668,0.810834927321531,0.748436565493235,0.773954765408918,0.706010541689181,0.848574791098885,0.810338593083006,0.80230324384302,0.752845815349771,0.731437007471753,0.810158951935584,0.79540159916406,0.802099724364039,0.75622722386592,0.809332288804316,0.801649495583652,0.801493844772547,0.729295333508664,0.82626210153157,0.769819949451652,0.751336764370303,0.789815897986052,0.801896269521203,0.744614186761204,0.809828906776693,0.796595221185032,0.757217976607237,0.799641046825332,0.836029079754683,0.78027913953489,0.787641100443353,0.673764190175968,0.663449597289774,0.673613749064463,0.681180438711599,0.663290048438624,0.723084748906427,0.810570021869691,0.759461816147554,0.785162805943334,0.785913072453026,0.784942584659098,0.756112574094851,0.913091804166543,0.770742084802926,0.788432991505931,0.815700143792613,0.720418579617302,0.799523964097442,0.735154548628102,0.890434284272912,0.756383398725428,0.731762688366406,0.810800036468829,0.785253681944042,0.75158181525926,0.785873575694444,0.768670456137774,0.769885756339572,0.7649998233615,0.763993019199453,0.773028923272359,0.758591372576247,0.799239712977334,0.795210612105722,0.802191934612237,0.832056361149699,0.792835291040505,0.761918565634113,0.750931106265745,0.795267274454368,0.6739108633951,0.822477104950363,0.800736561320653,0.810682262321667,0.731287240674177,0.918920164999827,0.843607391951097,0.958676481592481,0.91306055668827,0.82468385498625,0.915995184940962,0.957829254643409,0.918233198613995,0.894507888496582,0.936762791075555,0.932261433740397,0.919780316774438,0.915090872988339,0.898755836579402,0.954931217411617,0.956071190466016,0.978809133347015,0.96257588446931,0.973162138708814,0.997891143954159,0.998317431911467,1,0.927688648534998,0.933921771819173,0.930915973856826,0.939261677386312,0.953467465139058,0.91421065934424,0.872557787275733,0.850877999382896,0.965515122291511,0.909306978142203,0.963477007442978,0.976019093408493,0.980092307656164,0.950170483541511,0.948004502595915,0.929123756980692,0.92784269317875,0.928212160318519,0.97051062054347,0.890664040553386
"146",0.76685201640855,0.769349518317737,0.770622317643891,0.781988704569542,0.775023621187733,0.790936826319019,0.766702773090575,0.78883733994469,0.791142630378186,0.78559571270292,0.785644840702481,0.78588676080426,0.779992628631187,0.770862442872612,0.781508696686587,0.71688875390969,0.789803402109626,0.769114078218016,0.790254212940596,0.777910469023458,0.790706822203753,0.7766264575097,0.773067850447875,0.776028336801374,0.786608593996308,0.775446077421183,0.777520862962046,0.749274301577252,0.73978870426175,0.739778684592264,0.73256685607372,0.732581729532809,0.795842668000039,0.780632943333497,0.787839778110174,0.787764947359419,0.777909896283031,0.768925056494268,0.800316860040689,0.788323754660657,0.777399587245037,0.77548757542969,0.762162151425725,0.775326276098364,0.787849227454363,0.767549758245306,0.779477019145802,0.785911511491814,0.7757383739245,0.768232744675465,0.774554592393176,0.727119402442373,0.837367875479917,0.775242196262582,0.76925588778887,0.778798060036738,0.768725202246863,0.775075310652564,0.794435298865594,0.76901659926751,0.777429492313888,0.772301179782505,0.768576857038206,0.798893973322883,0.755258138646657,0.784504185252866,0.787609349470946,0.766899972355058,0.791641153638671,0.768841797060129,0.769598822255766,0.774755012066812,0.774000027138139,0.778506723172782,0.785822113585556,0.797039874954635,0.792730870032172,0.779733308167814,0.739836947140633,0.729005935340904,0.739667546341547,0.721675190924194,0.728819891775026,0.740099397330428,0.775488866558815,0.773569051804575,0.784963056044813,0.785597169252445,0.774581725070308,0.777293321202906,0.886537082716025,0.76807212477206,0.78088523463052,0.793240691810993,0.752113733191352,0.780894976581811,0.751294503166753,0.883302260767299,0.777577975220623,0.769059972441674,0.789940657282401,0.772041829068947,0.767145311837482,0.785580152827865,0.783129827551796,0.782312076358207,0.783008090516329,0.78480964454824,0.779020429733704,0.779527196972235,0.787656129077097,0.788879763951619,0.769112002284896,0.794226066104523,0.784331498498268,0.776451561967711,0.765856427450377,0.798119700997464,0.739962455082754,0.801184223846065,0.78726668383711,0.775601849904313,0.768558030848027,0.92921591050673,0.906795491969442,0.960344506840438,0.943550403905917,0.889611001255544,0.942129073332078,0.959050626274908,0.90863523456466,0.92079678819949,0.889495133068795,0.995057482197097,0.96235909317399,0.961666686192348,0.9558171281282,0.960880687552256,0.963972596880224,0.937473095309368,0.88968644855856,0.943055806870463,0.925564542377589,0.929472157174136,0.927688648534998,1,0.993336731850949,0.996384544877268,0.972981873566638,0.942195341116443,0.951241823312863,0.902846092575704,0.901483216054609,0.946626572741195,0.954769276879645,0.936993858434832,0.911839625141241,0.925749598028994,0.964572388212114,0.966834177250096,0.980023628126849,0.980060367905418,0.979954785072421,0.931071022273946,0.929743045142168
"147",0.76992202267123,0.772976963611656,0.772242254707549,0.785806710668959,0.774894559085192,0.792617177306345,0.769776848648785,0.788789948611814,0.790032142757557,0.786903328826687,0.786948301753883,0.787191553428227,0.780031572128573,0.773544202007357,0.784196437186636,0.715570016067566,0.789272468794842,0.772738158432294,0.789616776873569,0.780408653718499,0.791685261353716,0.77566405934432,0.779253730197723,0.78291656438823,0.78792087373211,0.782332593042071,0.774312106595093,0.743956936767117,0.734496774169204,0.734482050622009,0.72774196937895,0.727751619882204,0.795995038259619,0.78110533758596,0.787017296940946,0.786944501657824,0.77469905151263,0.767616322112186,0.797387093769132,0.787504644001752,0.77419183838035,0.782372584343491,0.762297473159148,0.78220908527441,0.78702910331635,0.76997993235601,0.78447829841089,0.787218220157646,0.782625280326115,0.768811604302475,0.776100769794812,0.726708970072272,0.839835414145691,0.782126837932021,0.772880761158143,0.777594129752206,0.76741524655524,0.781957491793988,0.795028124376705,0.77264086984966,0.774220626273225,0.778483341821121,0.772198744765096,0.797997880181281,0.754805610356108,0.789673312326274,0.787377964548974,0.766463996318841,0.791778922819629,0.772463994387805,0.768793147146831,0.78163713496575,0.777816931459637,0.775296946680432,0.788688177802067,0.801668413904126,0.792207038082964,0.78245000909647,0.734540517032318,0.724230765544246,0.734374001676075,0.720132417190735,0.724048198574142,0.741132873849325,0.782372306666054,0.773054621827216,0.785327353092788,0.786903117925811,0.776833593333178,0.774085299267003,0.89157676238247,0.770504004126564,0.782461933124102,0.7974220161991,0.751172940942188,0.784016036829535,0.751725836758526,0.88466584025293,0.774369200841438,0.767751120804235,0.793888242526127,0.775067676621835,0.766710651807866,0.786883084672734,0.782879335118887,0.782003178508919,0.782415385445306,0.783502898987394,0.778647086527754,0.778163847495222,0.786833900964751,0.788829414842765,0.77273718352379,0.800247030876691,0.786394988488608,0.776621250570781,0.766971968938418,0.798691539451165,0.734667825473378,0.803977565476419,0.789562189546666,0.782486793723523,0.767248022470248,0.93294989487837,0.902179745364758,0.967425081479551,0.944639637668747,0.88231721670167,0.943836845773418,0.964246468146778,0.913894643644391,0.922586878668235,0.896452594156431,0.997819416204507,0.961363740784091,0.95974506590561,0.95329865113788,0.963741935968486,0.971012882454523,0.943413462537178,0.896605476944996,0.948510955381364,0.931896936076319,0.935645461262229,0.933921771819173,0.993336731850949,1,0.996872574451904,0.977405275733682,0.949210638894643,0.951565895820265,0.903717290871642,0.899338565943689,0.953717715855367,0.95139915479136,0.940475364736424,0.917731837811202,0.931468958655872,0.969601557022535,0.971408958161056,0.979868058012944,0.97941665063735,0.979468079723721,0.935405132882269,0.92462640877807
"148",0.768567357627438,0.771324692331555,0.771520856626581,0.784090213094137,0.774950769466649,0.7919458190618,0.768420651026814,0.788614139775012,0.79036658564568,0.786747958245567,0.786794611333993,0.78703731681865,0.780055374965387,0.772319812754163,0.782981237486768,0.716113419974356,0.789610613791036,0.771087653290258,0.789947500833384,0.77935358081434,0.791328752026933,0.77626542987633,0.776235388633977,0.779498803136047,0.787762816524578,0.778915188922351,0.775796584856094,0.74638078781026,0.736868063096848,0.736855780706095,0.729922032549814,0.729933685654017,0.795984356491992,0.780866525532139,0.787046315839385,0.786972800126837,0.776184867264847,0.768564222329931,0.798744745889692,0.787532875216965,0.775675794961129,0.778955852013908,0.762224360737683,0.778793153121315,0.7870571403469,0.769000053242318,0.782082068168695,0.787063069255515,0.77920794093461,0.768783251449228,0.775358189283912,0.726855200615418,0.838945649184768,0.778710148773949,0.771230180683688,0.778223885235383,0.768364057781814,0.77854168168451,0.794854615749527,0.770990314589834,0.775705382975006,0.775466299854405,0.770549137831183,0.798094630471727,0.755043231105213,0.787207417252275,0.787562433686215,0.766611436947652,0.791810341251345,0.770814314341358,0.769401392543231,0.77822138622565,0.77608580891067,0.776783110078971,0.787440855766284,0.799499175388313,0.792526722024971,0.781272287996711,0.73691421982909,0.726432863313217,0.736746180407654,0.720790188338834,0.726248815300629,0.740586571976399,0.778956139912295,0.77321928326318,0.78505041615423,0.786748229602946,0.775829604936293,0.775569512985031,0.88920085723545,0.76952352302724,0.781913400456649,0.795528093126953,0.751841744982521,0.782621344994769,0.751705714301733,0.883982710174823,0.775853503542957,0.768699355708537,0.792131176592096,0.773715031444142,0.766857812236792,0.78672978357879,0.782974235797086,0.782092120152446,0.782892150148494,0.784193727352809,0.778847187689769,0.778854794446288,0.786862663478028,0.788654647064448,0.771086006171712,0.797330562458189,0.785490968503666,0.776698326637352,0.766668415830214,0.798495537641843,0.737040586968946,0.80274701769328,0.788637837488526,0.77907009432045,0.768196396477218,0.931246578313235,0.904274317548819,0.964239766943491,0.944239881985855,0.885389711578398,0.943148816122185,0.961719953230972,0.911537711317647,0.921820514709632,0.893422303098144,0.998569956971198,0.962400129912948,0.961187425624432,0.95429992967216,0.962198413698922,0.967849011389965,0.940567466089328,0.893355500160154,0.946095228248374,0.928846259506542,0.932672084207454,0.930915973856826,0.996384544877268,0.996872574451904,1,0.975754807353816,0.945932786459846,0.951333235067133,0.903196914199868,0.900199324621163,0.950502507273168,0.952653332727288,0.93897441259242,0.915036411956605,0.928846550008463,0.967432448132621,0.969472759826916,0.98070231175383,0.980468525458619,0.980449894243147,0.933453118475574,0.926858343267267
"149",0.779663409469239,0.77992074368408,0.77301269579581,0.795337684368712,0.770544612223606,0.798891054768299,0.779527126792724,0.784980776842446,0.790949071329188,0.787078170939812,0.787116808193321,0.787361730257037,0.775600787038431,0.778020062699358,0.789213334707192,0.708141941085163,0.786119330455935,0.779684155863772,0.787422764562933,0.786783334377678,0.791888329745796,0.773124079709522,0.780980993425102,0.781780427163752,0.7880943354993,0.781184694836446,0.76127595395183,0.728346444943372,0.719951315971796,0.719918182510353,0.713941360092368,0.713938661427223,0.797008911089492,0.77558641558002,0.783523453537668,0.78346192804389,0.761674847929615,0.778277149687171,0.786441553585397,0.784029706509083,0.761155087536863,0.781219971389781,0.756250465468002,0.781051143987241,0.783546211143943,0.778324887491374,0.790920700037299,0.787399432404819,0.781481130622733,0.780062687613961,0.775136980026598,0.723253978202834,0.845514469534158,0.780970679128415,0.779832081663789,0.780121643557431,0.778081131711742,0.780789215530201,0.7940453822865,0.779596292214477,0.761185943697793,0.780182599964771,0.779139956224568,0.793061010501781,0.750884114878315,0.793641827892394,0.784505374535317,0.761062182077877,0.791936478366653,0.779407354702571,0.772304718627333,0.780472245736302,0.786199005298511,0.762300949530827,0.797991095853362,0.807760708239493,0.790706534852109,0.788665498484712,0.719984333396191,0.709580544611586,0.719815872389852,0.712081353134582,0.709406953303309,0.734466102011654,0.781214072711311,0.768123622945346,0.782839202173527,0.78707787444218,0.786095764451656,0.76105501561972,0.895179207883259,0.778860868736648,0.784087898682851,0.801627550718532,0.759372067033665,0.792858839075415,0.761891582529675,0.874246610218665,0.761338206067202,0.778415861172053,0.800390208226918,0.782532911210503,0.761313920888385,0.787057037960595,0.78534009822363,0.778150853838638,0.78795486306609,0.781287830743596,0.773700228502562,0.777677484442297,0.783342535317442,0.785018263341971,0.779677668808953,0.800634358040919,0.791669313565175,0.781896696212881,0.776825311170101,0.798855549286822,0.720115557820469,0.805750660808756,0.79339367405743,0.781332436769907,0.777899648093444,0.929671840721716,0.886722971966143,0.972599879524864,0.934834973923993,0.862901511787915,0.935164141417839,0.966904819591659,0.919997970151828,0.92139302903404,0.908661671854123,0.976539865577956,0.968937477403383,0.965112918299319,0.93663566764124,0.956037111693489,0.975081146548055,0.944783055064397,0.903287990884702,0.952052705888702,0.937607579330439,0.94078503228953,0.939261677386312,0.972981873566638,0.977405275733682,0.975754807353816,1,0.953481253288551,0.937744959835802,0.892645671101116,0.883077836809934,0.964628497446401,0.932711473230166,0.944195618990298,0.926107252799646,0.935786917805929,0.980206987747167,0.980810862264365,0.979516851429477,0.978314574867383,0.978681580899202,0.936937551680025,0.91145552417026
"150",0.790121221648066,0.799533693156042,0.775022300409567,0.810615955491006,0.760184864269472,0.795509150935336,0.790011482545706,0.775155013083059,0.766022903234761,0.781617942231859,0.781626620035259,0.781871636701414,0.774121970051797,0.791744052958784,0.800911648506964,0.706762957371554,0.771782134885168,0.799278854181412,0.773799757336672,0.793176754815151,0.786867523229513,0.753711501734326,0.822760680763383,0.82975641331644,0.782616081832161,0.829162013465263,0.738384893176606,0.718160140858275,0.708643826944699,0.708608892136087,0.703841328943006,0.703830324640009,0.785798351441591,0.774885949238558,0.767747178891448,0.767682496077896,0.738736194947537,0.736941223962925,0.762488958076303,0.768223919489681,0.738276179316955,0.829192941534667,0.763285692313726,0.829024323261572,0.767772919163712,0.780830655548326,0.821889483894398,0.781909897136246,0.829464976659084,0.756240296008758,0.782686777297604,0.722715291263803,0.843500606335774,0.828957151369229,0.799420064915424,0.75358843907612,0.73673749315038,0.828759064153537,0.786692008299954,0.799167587278853,0.738296191520511,0.821969707895834,0.798733360071241,0.775991491399394,0.747812684428838,0.826514917797464,0.777535834380626,0.746280302263016,0.78259861162376,0.79898901000692,0.745573299830337,0.828444339219894,0.804708802775841,0.739314061250486,0.803875490280468,0.835498582491891,0.774334507846441,0.795723578886866,0.708665601209928,0.700821744432938,0.708531504003676,0.710082228545894,0.700652757068545,0.747986934447988,0.829188279801567,0.752389671899576,0.77478641992637,0.781601865217802,0.786921611063863,0.738169049859982,0.917517156055302,0.781350849366062,0.784993785426125,0.824600422397505,0.727894128501367,0.801723563625108,0.739260946934833,0.877443024339164,0.738439085418866,0.737071199976725,0.818740337026151,0.792239643777419,0.746522083462333,0.781564124834934,0.766257026936682,0.762340512253999,0.759974397033873,0.760169238217563,0.764848866611432,0.75370885253847,0.767573888609682,0.775171880352722,0.799277925929045,0.84075290179379,0.791554103270654,0.765634849151452,0.759464570805746,0.789223137879529,0.708800394967165,0.817723128201298,0.803010862807808,0.829310972739931,0.736585369367373,0.955692989329956,0.874226906175331,0.975201660860911,0.942678562400165,0.831625039535256,0.94625092806936,0.965827022157344,0.952935054429206,0.933362247579639,0.938963543841617,0.94725745588519,0.922096707963305,0.917634062581151,0.927225891761887,0.951474902193101,0.973783855100413,0.964638130330049,0.930180038213153,0.953727065006137,0.953053552130299,0.953963688172244,0.953467465139058,0.942195341116443,0.949210638894643,0.945932786459846,0.953481253288551,1,0.942121074784968,0.912686597678525,0.887588027927871,0.977943749731243,0.919356154989507,0.931084126115365,0.934050100595726,0.948624629174644,0.950394995890341,0.948171649144788,0.939634757571871,0.938152922361727,0.938571231516361,0.937727190313621,0.875997852799291
"151",0.774169104867278,0.794572240567346,0.765993789784321,0.78842798973443,0.756351112361852,0.78580031008425,0.774017680598866,0.776038122997391,0.766758585740092,0.768430520676197,0.768464188734491,0.768695164435287,0.785028887444552,0.791002361791054,0.797830889056467,0.735350904595791,0.769971881444707,0.794341702098046,0.778842228263708,0.780214872002844,0.780234988816645,0.751734289288931,0.791442739816016,0.789247932790083,0.769391711400428,0.788667204773018,0.75134957585203,0.776893273368893,0.766083897172488,0.766092774255794,0.757013090226274,0.75705258433149,0.784218940273271,0.777822880901133,0.774805524986505,0.774714304186701,0.751689578969401,0.727182811750536,0.77292950075904,0.775229070733111,0.75123720008104,0.78871701534874,0.78468235822719,0.788570395891049,0.774811491752193,0.762845142465963,0.804111735714445,0.768727078580313,0.78897718430385,0.742873257878281,0.78469167832128,0.741975979903951,0.831149428709905,0.788496120534879,0.794470276058683,0.748926181759012,0.726980940917783,0.788313706843697,0.784338044466711,0.794203396789076,0.751257368910377,0.790688236814442,0.793810923091377,0.779148435212688,0.764711984224339,0.809170281598003,0.785883529217566,0.73878025906926,0.78648309209961,0.794060027033528,0.739694441784082,0.787994159128915,0.788848968822603,0.75222819893863,0.788749800328816,0.823775146240256,0.771682443741684,0.777755579353222,0.766133896776281,0.754308840461236,0.766008367439376,0.740838137096615,0.754094609985286,0.761636913484204,0.788730068227793,0.745883154183111,0.771146445843162,0.768417565677799,0.772316347327532,0.751128612678194,0.892494718504456,0.763346394027903,0.781277582127108,0.809950159187581,0.721246381387588,0.78229737365789,0.724666027985802,0.874568475584023,0.751402235134017,0.727313924784943,0.801977968483889,0.776387148339424,0.73900586081892,0.76840085323762,0.761603532286653,0.754822147817331,0.75177474485268,0.75950774368487,0.764223779024975,0.753316442614204,0.77463279879102,0.776073987743019,0.794329326441384,0.81144198896431,0.776995567706509,0.756304344163725,0.741061980365648,0.782957797230691,0.766266058469699,0.813572206048166,0.801654592895513,0.788841604351817,0.726856622241781,0.965279017452716,0.93537047352809,0.93918221216288,0.979245881417645,0.884307731916279,0.977396392003358,0.948849236646244,0.934407357858906,0.95687593645453,0.891455764844142,0.951457819396401,0.919131140034596,0.918209495669628,0.971949284257321,0.954211082397624,0.941712197291045,0.93462229077277,0.881855488366111,0.921896760903935,0.912524170328197,0.915535825622201,0.91421065934424,0.951241823312863,0.951565895820265,0.951333235067133,0.937744959835802,0.942121074784968,1,0.952242384440287,0.942851911168583,0.931555813487895,0.964261145391498,0.909868769764517,0.893190168824272,0.914784213726609,0.924621838855296,0.925333999995384,0.941032301174438,0.9407235540878,0.940736969165685,0.913954926184007,0.90125402469919
"152",0.766726523975594,0.790054439319161,0.74469030653119,0.782115284985129,0.727418421530493,0.763908487578171,0.766604375561924,0.741199068187976,0.72832493841657,0.737228675095548,0.737245347725645,0.737463924258603,0.760756669897152,0.785889989151551,0.792248998216061,0.748125213155169,0.739097283180719,0.789832673385332,0.75556165396005,0.767067143515062,0.757481683813398,0.718361661078479,0.798061390942844,0.797402341033233,0.738113065681753,0.796860755293008,0.709362511239149,0.797765941144348,0.788490809316612,0.788522025837739,0.776105767876007,0.776181040596836,0.758220104851495,0.751843752921077,0.734658947030519,0.734556624650279,0.709669367419071,0.691212608583543,0.731183842338887,0.735032713785193,0.709262996794019,0.796924532903666,0.795743365979146,0.796805290479363,0.734665904964644,0.750110609351988,0.808724516977583,0.737488203641014,0.797169186608329,0.715860756705851,0.778239074371392,0.744634988359286,0.802697845728881,0.796734104641088,0.789949176136647,0.716959478375876,0.691017537793838,0.796545601644625,0.754524196433745,0.789655899916345,0.709278898638287,0.797374424412888,0.789328593159212,0.740183609544872,0.76328774188384,0.808207659913861,0.769957846221458,0.707919758521321,0.758781222624752,0.789561002444497,0.706912498966047,0.796262582012512,0.785808888787628,0.710172581622566,0.778019427612644,0.820633010138823,0.739589897796701,0.765469379653472,0.788539528239402,0.771500677547957,0.788464584900386,0.754550161825063,0.771261419176602,0.774517187862477,0.79694131919833,0.713476591024528,0.742541416332886,0.737208848898543,0.758261661461467,0.709154074384284,0.871660280965434,0.750573998840933,0.759946027315344,0.806152940120224,0.692146158279151,0.769553982101828,0.69760632002916,0.838394088821041,0.709411562706945,0.691341238539212,0.796445671169156,0.768764475863332,0.708123394095687,0.73718761932017,0.731957317842574,0.72169816778466,0.715765163367914,0.72619512427986,0.734841379955027,0.719525999367512,0.734499610215563,0.741226570639379,0.789809961308876,0.812736763951692,0.756611255487499,0.730878467129492,0.716315827687523,0.753249878489618,0.788670577838803,0.797103174418796,0.789869747345987,0.797049806905394,0.690919141760629,0.95342219929708,0.9321081588788,0.897389249030623,0.950646062190608,0.853426262614474,0.950362382586092,0.905041701592579,0.928092695394448,0.956285506351315,0.868053852286357,0.903290115184511,0.869347458055926,0.86828911987553,0.940953540508251,0.906115377678077,0.899314727002642,0.894829869541403,0.847379888691024,0.876401712373995,0.87144260207255,0.873416876507981,0.872557787275733,0.902846092575704,0.903717290871642,0.903196914199868,0.892645671101116,0.912686597678525,0.952242384440287,1,0.963313706200744,0.893537586820746,0.920847689204791,0.858549989461158,0.848995002547543,0.872643849660481,0.877246056770673,0.877304434668614,0.892467756426815,0.892036985457999,0.892096744313938,0.867002703215393,0.848586304804252
"153",0.745028869211037,0.762755571761445,0.735426154656534,0.759939132275202,0.728906386743378,0.752967837134381,0.744890381084895,0.737822141755318,0.730597496736783,0.73004465738403,0.730082200582935,0.730293906177393,0.754365188705668,0.765157248584594,0.771925207436337,0.757233363739774,0.740591839392412,0.762543051448781,0.757205757751434,0.750595964087346,0.750378810056491,0.722148841350517,0.765760843925939,0.764571368449751,0.730913201787624,0.76404049760251,0.722706289094459,0.826266120002441,0.822449875356339,0.822503525136237,0.803879548415775,0.804005565470657,0.754864234300567,0.747159560679751,0.734118061990435,0.734003947524072,0.723011990146288,0.697085291724827,0.74276884518087,0.734476117847437,0.722603448487496,0.76411449968123,0.794473561061686,0.76399934417863,0.734114741699846,0.734925259839056,0.77667769827028,0.730306001698227,0.764338178052263,0.711110319525665,0.768135007143055,0.745835897856524,0.788086698891227,0.763916756461976,0.762657398925317,0.721016378671592,0.69689481910644,0.763748171478374,0.7486445672018,0.762370261184207,0.722621364764174,0.765103755164625,0.76205027526167,0.742889735042627,0.765425032875031,0.776404962730596,0.769789373246559,0.712357672421839,0.753307420771876,0.762290058792707,0.710257784166426,0.76346798176846,0.760179317831352,0.723500392178416,0.761833706502573,0.78856774613622,0.740524459430265,0.74969373040036,0.822510556370658,0.793001603006467,0.822418448714525,0.765157778075511,0.792724531876833,0.769430528357554,0.764131277753934,0.717300826069503,0.739889016998993,0.73003512229871,0.744978675439102,0.722494897780359,0.845868369986387,0.735381413550081,0.748068475885041,0.779740995603539,0.695432038014556,0.750977855510522,0.694676794624116,0.831032421640576,0.72274994862068,0.697210442510719,0.772704769107922,0.751786802935232,0.712554594250391,0.730022369793416,0.73096125747576,0.724152803708718,0.718062719737248,0.730444459626845,0.735400763450661,0.724165069174943,0.733957429082417,0.737861975500716,0.762523513367154,0.781430342495996,0.744916694386085,0.728131405216736,0.710034787009125,0.748319661878751,0.822644573623896,0.777708273864872,0.770902148587921,0.764235632869098,0.696801714113186,0.924489660567288,0.96040035711137,0.880140086443407,0.937721583180566,0.882774406168322,0.934439501013244,0.887938650110092,0.894012402569904,0.932771910815594,0.836488891168073,0.899670642951862,0.867922974097656,0.868696046088723,0.947101965757665,0.89474374382462,0.883182115753111,0.872776610529026,0.819689646483952,0.859713279910152,0.849182294194792,0.852168024455136,0.850877999382896,0.901483216054609,0.899338565943689,0.900199324621163,0.883077836809934,0.887588027927871,0.942851911168583,0.963313706200744,1,0.872529426091583,0.92654585031494,0.845771006332374,0.827120737787014,0.851420596354633,0.866786690439068,0.867978598966732,0.889146684984144,0.889315636246804,0.889185418446524,0.851018360584042,0.859714719487361
"154",0.789362006507765,0.797012348316872,0.780560837148203,0.811042700542882,0.766685816142289,0.802386772790826,0.789240736000314,0.781727632033434,0.776277913017383,0.790048666524407,0.790065415166292,0.790310334144389,0.776893349564112,0.788883473951435,0.797094690796051,0.698120844564538,0.778473974308796,0.796759962496082,0.777081206975848,0.794733727712753,0.788596352217293,0.762156602753378,0.810370954788779,0.81260546412064,0.791062531525324,0.812003712574366,0.748470161603558,0.704066709388989,0.698044805987908,0.69798952558643,0.692632010100711,0.692616098057333,0.791313419987733,0.778453060274584,0.777863184907293,0.777805959607306,0.748831868787656,0.751278466742514,0.772243189421037,0.77836355631658,0.748353761752403,0.812032542303394,0.754136495184913,0.811854465841959,0.777892637708518,0.782099926946118,0.812869308602572,0.790357251184054,0.812300546300482,0.764367219951559,0.780133415000656,0.718324036295923,0.850417484767031,0.811789207308539,0.796903472190662,0.76127155115274,0.75107639264108,0.811594602016612,0.793182304778374,0.796664615404767,0.748373912292361,0.8095657602504,0.796212152211849,0.785512716476177,0.744545982671587,0.820047358606354,0.77892062050929,0.751418786569878,0.788969550643271,0.79647519507627,0.755714007569968,0.811276027833123,0.801278093164724,0.749429831334491,0.807617770252522,0.829897569598236,0.781727572034476,0.796564828084108,0.698054543660408,0.686079272745277,0.697901359510889,0.701052558415991,0.685908804168404,0.737034024078758,0.81202209682771,0.758169649176376,0.780000941703024,0.790035895145702,0.79189269023656,0.748250578108873,0.913216013901447,0.782633092325272,0.78833863010161,0.818437425215087,0.737319110243936,0.804956887112954,0.748559839290024,0.88016297521941,0.748521231939027,0.751406099832202,0.816090320396412,0.79326054506203,0.75167093986142,0.790001019100427,0.771621940314183,0.768402090879208,0.773195659116734,0.767624594627361,0.770907372141356,0.762210306732206,0.77768667698319,0.781747454871085,0.796762297657224,0.829294722841173,0.796331243298384,0.771769048284435,0.76611805891762,0.795246929516788,0.698198443635567,0.818412790917555,0.803115213841855,0.812146171485125,0.750914263806465,0.939896196996245,0.865156751632619,0.983253305636978,0.933465054349965,0.831587411129849,0.936370090608852,0.969172436482222,0.939628829958774,0.91988012065142,0.943199419259969,0.951931182513998,0.938081164484065,0.933078692266211,0.919102553391968,0.955300720995853,0.980763968450565,0.969533309238566,0.938359713038413,0.969560694706961,0.964832084558693,0.96632940270186,0.965515122291511,0.946626572741195,0.953717715855367,0.950502507273168,0.964628497446401,0.977943749731243,0.931555813487895,0.893537586820746,0.872529426091583,1,0.916783338451932,0.949522638450399,0.950365350497692,0.961142479577893,0.965937385713249,0.963378259146635,0.950351964577056,0.948812677242883,0.949278679459733,0.952653594927725,0.886851960882795
"155",0.760358189149174,0.778912492064513,0.764015179484048,0.772969571463811,0.764257817268158,0.782384363124243,0.760179057144865,0.79147649081403,0.787144709023065,0.763067565930479,0.76312600464391,0.763356000605863,0.788390841072361,0.778132871402031,0.783455088982071,0.724973012608448,0.777583956482237,0.77868873161118,0.782467252282943,0.76988496697831,0.777308758299699,0.760598926796216,0.766733605089248,0.763396674486222,0.764050633337203,0.762826883587044,0.775616258653726,0.775445316672842,0.767680596361162,0.767677501488483,0.756946458747688,0.7570030498946,0.787821624169224,0.783143236768562,0.80061799496028,0.80052215694545,0.775956135756477,0.732394747586044,0.795523475400164,0.801029172832825,0.775495145519518,0.762875987994557,0.768907869798934,0.762732820625302,0.800613757553299,0.751666282655104,0.782748208778879,0.763386659000257,0.763121851372415,0.74010392089973,0.774601528975379,0.734233271022055,0.823488714526792,0.762648295799404,0.778808837876143,0.75995185060352,0.732186222953972,0.762486105866339,0.786602280028319,0.778572295519162,0.775514017383656,0.765988994940273,0.778172296486705,0.803416717902148,0.755325196717751,0.788232350623249,0.782761301918606,0.750011006840694,0.788364233113549,0.778420049005919,0.744555995274888,0.762159313595636,0.771646886404735,0.776476498874486,0.777766336748673,0.804392653985254,0.780688135110845,0.766982185435361,0.767728696094301,0.751167518745959,0.76758106482465,0.730526183675814,0.750950772862798,0.744148807849555,0.762895533498471,0.758401183538199,0.780206014113407,0.76307278090484,0.766494203185632,0.775386601467093,0.877179472431099,0.75216879723134,0.775131528695744,0.789606330324442,0.724755646487207,0.772441081242555,0.72570362035575,0.880093712141822,0.775671083393049,0.732514261770935,0.783638985007469,0.76410613187447,0.750230641053013,0.763060565796199,0.770545377564529,0.766687430971681,0.759435041704607,0.770976886207124,0.77320033426572,0.765775857329508,0.800444841553351,0.791531659593691,0.778683607631303,0.788403028793578,0.773322214703542,0.758836876254891,0.737394533634983,0.787145529521382,0.767858618579135,0.801994854387763,0.787797132198858,0.762995792577256,0.732059172928682,0.929657353582803,0.933410071755141,0.926635524851534,0.949432744485277,0.918047881619657,0.946284436943277,0.941127900651869,0.901254745436723,0.925090614835929,0.867778393100055,0.952067040075101,0.925262210742768,0.926147761543145,0.967379987166787,0.957915358319497,0.929675197657882,0.924708312721228,0.871442934460129,0.917720629463478,0.907057648248877,0.91091426782994,0.909306978142203,0.954769276879645,0.95139915479136,0.952653332727288,0.932711473230166,0.919356154989507,0.964261145391498,0.920847689204791,0.92654585031494,0.916783338451932,1,0.915780795843721,0.889695466956597,0.908385909597677,0.924251663202233,0.926283749475377,0.942074991339096,0.942483807567617,0.942257145927715,0.914927451975633,0.936300767212988
"156",0.770236478042394,0.792293797715903,0.780223285407157,0.787728274066,0.773124016689589,0.80027345739519,0.77007773457149,0.801690062131974,0.793750097897122,0.803010018639583,0.803046867092777,0.803283950220755,0.794129228794414,0.781684820529436,0.784223112652587,0.674073831223167,0.787561975040719,0.792061636114637,0.776572080631372,0.782579239873497,0.784307631060394,0.773903314843763,0.777772275239335,0.77254588883668,0.804024725778759,0.771955046674707,0.781108300276967,0.685140430114206,0.678680538921392,0.678621005751089,0.674253155525044,0.67422861214512,0.794392091188821,0.793089068553068,0.809055346425369,0.809010304882216,0.781455973805603,0.749160448190193,0.80018853714106,0.809564276608736,0.780977742599062,0.771975976814825,0.7308965671434,0.771792999125541,0.809074681514578,0.763286963100496,0.790195194777779,0.80334401327498,0.77223710530471,0.7545707088227,0.765925128449687,0.70251172390936,0.85486436412455,0.771732348452978,0.792194788388322,0.764253208348718,0.748956833940795,0.771560801351805,0.803851917869821,0.792000587846116,0.780999927004368,0.776979875968273,0.791545296442578,0.80925045984523,0.727014910617269,0.804233212880377,0.772847121994819,0.755239789319266,0.798521945319649,0.791792248402584,0.758485641550986,0.77122372855178,0.781881547530134,0.782023396074974,0.791068779170546,0.81891719771882,0.791919290498686,0.778585220249818,0.678695131699795,0.668637302714031,0.678523925655202,0.677200751073642,0.668475642418194,0.710537079450622,0.771974369514412,0.764298996048007,0.787892500421931,0.803003279858022,0.778491206119046,0.780881026848576,0.895058744913108,0.763811289369492,0.793494180666344,0.800001358604242,0.732200712305831,0.790028083209662,0.741231774929461,0.895841658354903,0.781149743026247,0.749273567140815,0.796669635993888,0.774349844597065,0.755493631160486,0.802979572508125,0.774466216521355,0.775189298677177,0.780194080318483,0.777753335969476,0.783020390553782,0.772046165214173,0.808874371004097,0.80171454586858,0.792074743047257,0.802754391603989,0.79001811696014,0.769026032210212,0.753157202085264,0.802425110002636,0.678836495406827,0.817783674267737,0.797568171089297,0.772084148580943,0.748792131116134,0.904039010314227,0.849513215458564,0.950504159268902,0.909746916585776,0.842612642479042,0.911007810314472,0.948974120074568,0.897338216007311,0.883866871127906,0.916442073181112,0.94006116110623,0.942659242135413,0.939089501513408,0.898259440669454,0.954456476439538,0.94958000116923,0.958535720101207,0.936379311118162,0.974196479138414,0.96181630751971,0.964894121612926,0.963477007442978,0.936993858434832,0.940475364736424,0.93897441259242,0.944195618990298,0.931084126115365,0.909868769764517,0.858549989461158,0.845771006332374,0.949522638450399,0.915780795843721,1,0.96686161798646,0.968740825744853,0.954496325294061,0.954287625602395,0.944607614945705,0.943894990720442,0.944118284432093,0.981285968635863,0.9195440666951
"157",0.776043363683694,0.802102673920485,0.778473462495289,0.796316561086834,0.76260559943959,0.79770531797961,0.775906762597421,0.792340066800417,0.778861913507357,0.797508279926674,0.797523271701277,0.797757284880522,0.785302371384335,0.785982062224292,0.7877418665823,0.661675741017601,0.774664587715624,0.80186129392112,0.76379939698266,0.784822152184555,0.778505862053129,0.759065455713334,0.799355229979298,0.796910428328318,0.79850591579518,0.796333449580831,0.75717492313347,0.65858729071469,0.651731213486583,0.651659060190144,0.649057613311885,0.649016546166127,0.784648199096588,0.78606494052719,0.796385181729414,0.796350828732665,0.757500971693876,0.731344224424817,0.776930553913687,0.796884109990708,0.757054187767315,0.796342251306839,0.723265111112589,0.796153972616485,0.796414309220949,0.764795488971404,0.806247756253146,0.797825380012509,0.796605191740474,0.745996152437433,0.763912710771548,0.693450484213901,0.853248530011169,0.796107632814427,0.801991209278777,0.748784940330252,0.731139191104939,0.795930270059518,0.796072160202421,0.801805062327061,0.757069950234256,0.798568611802256,0.801353051756215,0.795385985995879,0.716552781251443,0.821634855026198,0.761839471650951,0.743520373086039,0.788905440837859,0.801589396459719,0.743871123059215,0.795601565586504,0.791374231471626,0.758050401340417,0.794299015758875,0.833276706409542,0.778978561034851,0.781530266459239,0.651731704393736,0.6442144080645,0.651575300629572,0.663798375400946,0.644066605369859,0.707415247281631,0.796335150041954,0.7521916373616,0.779958841871503,0.797493836808767,0.779407265943715,0.756958461854794,0.903768434680868,0.765309884934246,0.790871748617515,0.810378421685182,0.717453920995387,0.795417050722949,0.732738325786832,0.886999028675721,0.757216626161964,0.731453427597452,0.805537791562251,0.779010909947344,0.743771100860264,0.797455843928873,0.76338305430886,0.763656627639566,0.766049832783665,0.761866206647387,0.771868885649052,0.755846352644241,0.796213729832556,0.792350015565136,0.801880539713241,0.823129002761953,0.789777746026078,0.759572051626804,0.747305127560007,0.794410441670659,0.651876702114085,0.821219356490898,0.798817380791293,0.796446058534706,0.730980799115803,0.899636914328635,0.823097834718751,0.943506959184677,0.894970295036638,0.806897777779928,0.897984341631877,0.938530170644162,0.902316740121175,0.874623975952871,0.937499432369073,0.916475175051321,0.914000768864551,0.909098880417485,0.876390537552764,0.936246449487849,0.940552772562435,0.961259680116132,0.96826776732418,0.967457983692825,0.976594472200959,0.975717663327245,0.976019093408493,0.911839625141241,0.917731837811202,0.915036411956605,0.926107252799646,0.934050100595726,0.893190168824272,0.848995002547543,0.827120737787014,0.950365350497692,0.889695466956597,0.96686161798646,1,0.978531883987871,0.938475620715284,0.936375467095951,0.918315520419307,0.917095689664834,0.917475896218978,0.971915387969959,0.882837037363306
"158",0.780091974306436,0.809057432713662,0.781449191333352,0.801290866193161,0.764219536875875,0.800738039641836,0.77995440904209,0.790873707416796,0.77545507116883,0.801858352329202,0.801872837756875,0.802109890605529,0.791922886341765,0.793769889241083,0.794612544807083,0.677523063622913,0.777339610141578,0.808812609236438,0.76877120567119,0.789291755596997,0.781113567623167,0.760797798093633,0.805874191474907,0.802567466323043,0.802851307629326,0.801973783755551,0.761150211197056,0.681345274274213,0.675677745269036,0.675614486840605,0.671232536609564,0.671206000743151,0.787764063190415,0.791076909627948,0.793004027715886,0.792953640468955,0.761469011310727,0.727025426585779,0.78058480191029,0.793493577425094,0.761028858455679,0.801993879949642,0.738956634049175,0.801808379549626,0.79302809447583,0.767298114939304,0.813781759841977,0.802170809681948,0.802260139603851,0.742804602107106,0.772088468665757,0.705960728774199,0.856698129398504,0.801756596188203,0.808943634151842,0.748288060803347,0.726818682597519,0.801572519961234,0.798146153300379,0.808730528471689,0.761045663254647,0.805080553847592,0.808289151278036,0.792849494604162,0.728092032060703,0.828380900917985,0.769600550791151,0.742455585165019,0.791872977108305,0.808532636861095,0.742963076828451,0.801238933375805,0.797065643196444,0.762014045254117,0.799309009981347,0.840648925122572,0.780837455340254,0.785430098659033,0.675681164259939,0.664736230472,0.67553035682626,0.680439514733908,0.664571373006572,0.721526265837111,0.801990771336395,0.750692481335435,0.780652834917465,0.801840480924133,0.782771361186427,0.760929581606915,0.911381513367402,0.767817667382888,0.795506613116445,0.817056345338872,0.715554276460284,0.799014269172781,0.729937770047251,0.895440887778878,0.761186512237624,0.72713672678827,0.811443979533948,0.7842843300763,0.742705150901895,0.801804494485256,0.76223622722496,0.761976783817671,0.7643311442795,0.763633260719281,0.776271720416646,0.756216953618792,0.792828250147755,0.790882074487508,0.808827072012669,0.829935080022891,0.792168505773114,0.761301521038887,0.744740148616568,0.79582568084462,0.675829034333516,0.826538066403629,0.80549998523412,0.802104495923671,0.72666987631248,0.921182856830394,0.845634010452785,0.955466397629689,0.918151586746751,0.821838153306472,0.921137412006401,0.950547436081187,0.919649060043329,0.894767154025122,0.94464911545123,0.93031585049742,0.921304398749213,0.916743247357047,0.896304844628836,0.952246560544727,0.952953293043017,0.979178204093269,0.963914662235322,0.979820579507773,0.979626717776547,0.980621982861625,0.980092307656164,0.925749598028994,0.931468958655872,0.928846550008463,0.935786917805929,0.948624629174644,0.914784213726609,0.872643849660481,0.851420596354633,0.961142479577893,0.908385909597677,0.968740825744853,0.978531883987871,1,0.943405498614541,0.941656612178522,0.930733108915309,0.929518378143854,0.929883628950429,0.983010238717979,0.891159656035206
"159",0.772494522902895,0.773845995350764,0.774072180495242,0.790077305031705,0.775716696218632,0.796565136876281,0.772355987781596,0.791695993404647,0.796890511729129,0.788380832803156,0.788423747644907,0.788667602903222,0.7742076942855,0.771889415436104,0.782878428287278,0.698052369211392,0.788810696310208,0.773601365982128,0.786459252313312,0.782178857123655,0.791877580293869,0.77620019481973,0.782902818508575,0.787485956523291,0.789418786210009,0.786903669132033,0.76807105053696,0.708158464499933,0.700679724050864,0.700633454330903,0.695634514485419,0.695621913883605,0.796379139885403,0.778560428890597,0.792033021261051,0.7919772757862,0.768467095725332,0.778223757771133,0.792434580338831,0.79254528839757,0.767949048721398,0.78693363298888,0.746731504156091,0.786758631292744,0.792055401338687,0.773418817576346,0.786625037936408,0.788706049804104,0.787185166176486,0.778041941028194,0.771255171842449,0.715245533876067,0.844642995691462,0.786681766496559,0.773746423976667,0.781379066786081,0.778020586750021,0.786512314260089,0.79589142956606,0.773527328630602,0.767975681775887,0.782119965884993,0.773065029177956,0.802875279592112,0.743526982143912,0.792217640573087,0.780910485343875,0.769508769667873,0.79077794407317,0.773332023893914,0.773676670398363,0.786194125104712,0.779816008248115,0.76908412369992,0.793058606633043,0.803263012184277,0.793302452393955,0.785202959339851,0.700700358337869,0.69063008011872,0.700527640058668,0.701377393330001,0.690467171148463,0.727870040750962,0.786923642515477,0.776412508926854,0.787896868838248,0.788385190000201,0.781922270918931,0.767847117812596,0.89533868029686,0.773949284036524,0.782291859425192,0.797872938374222,0.757603578097375,0.788904352869019,0.761139190869447,0.880723034388275,0.768132444510557,0.778355433714304,0.796081547578824,0.778221889599771,0.769762968921399,0.788356964746644,0.787655431151382,0.786229675582317,0.790227344132545,0.783475977854245,0.776578192761181,0.780052735615814,0.791851482090133,0.79173407204556,0.773607595014106,0.803569347880491,0.791121344388072,0.780043731838153,0.775760827478379,0.801116829905297,0.700834939696396,0.803814376703669,0.786908378383186,0.787040788167635,0.777837941192,0.916454116073708,0.868197888892428,0.973447254859831,0.920101347733502,0.855346196235159,0.920860780217872,0.963759832432395,0.907767590618613,0.902809407729745,0.908109056673003,0.968264162694288,0.962066071535867,0.957917274352744,0.922865207659877,0.955135585440099,0.974517205938805,0.948694477946304,0.914615354542349,0.960024389784789,0.948587597657757,0.951608132031853,0.950170483541511,0.964572388212114,0.969601557022535,0.967432448132621,0.980206987747167,0.950394995890341,0.924621838855296,0.877246056770673,0.866786690439068,0.965937385713249,0.924251663202233,0.954496325294061,0.938475620715284,0.943405498614541,1,0.996872172754145,0.9672585687791,0.966224760787207,0.966535066810991,0.945382851017592,0.912826899992048
"160",0.771325445819055,0.772464351344834,0.773797879710542,0.788611940352784,0.77632384706293,0.796252732765236,0.771184532408024,0.792338336611491,0.798066243064788,0.788340569125569,0.788385724649902,0.788629294745643,0.77466522570052,0.770960946047562,0.78193009013579,0.698821820592849,0.78961171935215,0.772220928934688,0.787223945466321,0.781368662120374,0.791852189767161,0.777209924545083,0.780294611968144,0.78453045143728,0.789378302765195,0.783948227936809,0.770225952600339,0.710393455544299,0.702983802391593,0.702938905985203,0.697742664473259,0.697732062318201,0.796809356736339,0.778886167153438,0.793133145483768,0.79307639855955,0.770623483691009,0.779349522893154,0.79447864471628,0.793644967105608,0.770103197811401,0.78397905958029,0.746904335583987,0.783804846809237,0.79315443496526,0.772570416918973,0.784553279039693,0.78866694646317,0.784229833209923,0.778150496599001,0.770894190659085,0.715688099276339,0.844071447672421,0.783726976578445,0.772365734839649,0.782447294883883,0.779146505995131,0.783558686362313,0.796162225673535,0.772146748094656,0.770130291641245,0.779512711859774,0.771684915507737,0.804020031538872,0.744013907517951,0.790141534295522,0.781422638125264,0.77023922082266,0.791209830215981,0.771952198537374,0.774562686056817,0.783239960321078,0.778301689149413,0.771240874982462,0.792093414978891,0.801436511585915,0.794116937097973,0.784280809007432,0.703005837972529,0.692635179615777,0.70283155789881,0.702240639598786,0.692470810593384,0.727621377827908,0.783969856346493,0.777201590884935,0.788284045008788,0.788345831707052,0.781250171670166,0.770001304645852,0.893592577290692,0.773100836730516,0.782001487492801,0.796241537239415,0.758454392336487,0.787818036989946,0.761348398620926,0.880966804389141,0.770287358642641,0.779481283958052,0.794562337471468,0.777149130794992,0.77049330085396,0.788318936632006,0.788259000936192,0.786938289937908,0.791108715974328,0.784631117021043,0.777319619731688,0.781236391200607,0.792951095464666,0.79237791173499,0.772226801386842,0.801099514924117,0.790614288574911,0.780404637804658,0.775599894895082,0.80139925762632,0.703139993292277,0.802957032442523,0.786192260823302,0.784086402787609,0.778963550737982,0.915648255680173,0.870301527425263,0.971584100996541,0.920491583923878,0.85880418564363,0.921025217794036,0.963010414715716,0.90599988675917,0.902608887070101,0.90531195036887,0.970213409190617,0.964513821542791,0.960585923230704,0.924432775176774,0.955599165996494,0.972974209013183,0.947033638013488,0.91188679332495,0.958682541155999,0.946329909178749,0.94950251482144,0.948004502595915,0.966834177250096,0.971408958161056,0.969472759826916,0.980810862264365,0.948171649144788,0.925333999995384,0.877304434668614,0.867978598966732,0.963378259146635,0.926283749475377,0.954287625602395,0.936375467095951,0.941656612178522,0.996872172754145,1,0.969413601789113,0.968473540457927,0.968753460179372,0.94457821630343,0.91605625422708
"161",0.772358550144793,0.775875946087709,0.77327656459956,0.787788589885572,0.772780002113162,0.797791312211445,0.772212055168357,0.785635852053317,0.789782750585824,0.79531977400585,0.795364359806554,0.795606332941087,0.782034183525151,0.774887178959724,0.783955077135973,0.709618863435003,0.79015508875247,0.775647952188063,0.788863703059107,0.78299442833059,0.789916860021483,0.778390092141556,0.767993923280305,0.765389646627766,0.796317700902635,0.764787846137455,0.775132439648371,0.738976123566174,0.731892954133702,0.731869235214482,0.724358586438747,0.724365434168828,0.797925285749191,0.780138195966027,0.78487394714258,0.784806921397414,0.775525457372548,0.776489096708307,0.798061260789238,0.785378780397067,0.775006048717037,0.764828195529195,0.757061309408961,0.764658806837747,0.784889968024395,0.771881300100309,0.780524271091822,0.795640751194045,0.765087674559548,0.773606002916343,0.772924811177248,0.724260159560768,0.845880555504149,0.764577971890109,0.775794249445275,0.779414958369888,0.776297623929902,0.764399531223227,0.796947600973673,0.775555030354481,0.775040309478177,0.767201250698434,0.775107558392083,0.793800705610395,0.752129681282603,0.785681684688806,0.786861525365103,0.760013002718664,0.795091917623024,0.775374574088278,0.773396080272787,0.764076962768343,0.77853254697537,0.776144934305472,0.792907005174838,0.800899505598361,0.793917677907405,0.782932691798776,0.731934586337167,0.718449145084664,0.7317571815447,0.71434850215727,0.718262081660113,0.732491829851585,0.7648253172376,0.767200853502957,0.782277580300544,0.795316915153736,0.78102216980356,0.774907069146011,0.88579225517268,0.772414908924072,0.786164715053133,0.794489414107485,0.756675097694276,0.787326571549129,0.756850933779055,0.87904048506924,0.775184104845249,0.776625107855204,0.793603274328162,0.776714550667814,0.760266514333868,0.795304601228502,0.781738302118503,0.776929362008848,0.789410028993896,0.785120782814082,0.779232597441112,0.780123485232024,0.784688869423189,0.785671815991624,0.775640710112323,0.789364838642615,0.788362773776155,0.780698560370444,0.769881524996826,0.799704404864527,0.732066535409877,0.804522558599445,0.792843483714462,0.764942460730958,0.776120258304153,0.925778445977702,0.898017659017404,0.960421270207525,0.939876462043106,0.87692337924602,0.938881836538688,0.95623782224552,0.910604001466273,0.918299403463552,0.898762679762636,0.981023297336989,0.979473065776491,0.977609334168501,0.941582372540665,0.955545503427969,0.963392476212677,0.937688787259641,0.893249846491757,0.948393896613661,0.927084774236055,0.93094829629086,0.929123756980692,0.980023628126849,0.979868058012944,0.98070231175383,0.979516851429477,0.939634757571871,0.941032301174438,0.892467756426815,0.889146684984144,0.950351964577056,0.942074991339096,0.944607614945705,0.918315520419307,0.930733108915309,0.9672585687791,0.969413601789113,1,0.998594855853385,0.999026691203795,0.936831930502936,0.926495800605762
"162",0.77158875928368,0.775014555203601,0.772925364257351,0.786889655083177,0.772836415735956,0.79743005542704,0.771441365043535,0.785656399706564,0.790072994760162,0.795130472709151,0.795176076071192,0.795417682057675,0.781995156068803,0.774231199361233,0.783283177579748,0.709791522039743,0.790300327340892,0.774787252796153,0.788988597264445,0.782388713693101,0.789667173297553,0.778660452873177,0.766630055946299,0.763903035924985,0.796127335199789,0.76330151548089,0.775901047302315,0.739811558589248,0.732798088342436,0.732775016754856,0.725154344986975,0.725162207250358,0.797886008557986,0.780047287766853,0.785091708388987,0.785024305975039,0.776294548682783,0.776890291534086,0.798760328324037,0.785596034238487,0.775774348119738,0.763342198426423,0.756919956929535,0.763173104426396,0.785107256021525,0.771275864565906,0.779361840401718,0.795451720458226,0.76360118562919,0.773503167891807,0.772522709606141,0.724274275757301,0.845371422424354,0.763091902987021,0.774933357445735,0.779705953628052,0.776699104705253,0.762914047627384,0.796834132704563,0.774694416971086,0.775808851920845,0.765838232680131,0.77424743893903,0.794039698118671,0.75215130990638,0.78451049474428,0.786868673542795,0.760127097694767,0.795049687024719,0.77451444854562,0.773643283953455,0.762591419506031,0.777605314844852,0.776913956496762,0.79225303773373,0.799815491446303,0.794069635594938,0.782283313088895,0.732840345394833,0.719162298063313,0.732662151364775,0.71456522254631,0.718974511200936,0.732164956573035,0.763339542333489,0.767331376157662,0.782214325207336,0.79512805632458,0.78050323505893,0.775675501388018,0.884664948517792,0.771809089708959,0.785816475740566,0.793506938279537,0.756926176853886,0.78660003681064,0.756800823212311,0.878766132403472,0.775952616332481,0.777026254320157,0.792678548516418,0.776013893445099,0.760380429934111,0.795116358976474,0.781795618833899,0.777022273122941,0.789652165003324,0.78543654776244,0.779340405896075,0.780459599997378,0.784906537632077,0.785692960777223,0.774779905219957,0.788050904001259,0.787915240759839,0.780672470375668,0.76964089187369,0.799597698760321,0.73297210318639,0.803871410242417,0.792253951248013,0.763456434604125,0.776521668528535,0.924815877540044,0.898702296767661,0.958971095232134,0.939435317432982,0.878262500731891,0.938320996709754,0.955112596182783,0.909312567161607,0.917665680605376,0.897208051478967,0.980691881586718,0.979941449666966,0.978382122054078,0.941763418441958,0.954908876963172,0.961971813849276,0.93642949678975,0.891823722609311,0.947229410811735,0.925782378343018,0.929679418215829,0.92784269317875,0.980060367905418,0.97941665063735,0.980468525458619,0.978314574867383,0.938152922361727,0.9407235540878,0.892036985457999,0.889315636246804,0.948812677242883,0.942483807567617,0.943894990720442,0.917095689664834,0.929518378143854,0.966224760787207,0.968473540457927,0.998594855853385,1,0.99955011977192,0.93592711557494,0.927598203160868
"163",0.77182766482309,0.775281076786803,0.773032362576078,0.787175071038658,0.772803648981944,0.797561057601386,0.771680583264544,0.785613598838202,0.789966797378152,0.795237071073236,0.795282345283862,0.795524045073432,0.781991719112207,0.774427450925906,0.783482034027538,0.70971011352532,0.790251964994066,0.775053591486823,0.788941668296372,0.782581650214847,0.789734744297613,0.778586215990194,0.767013766889371,0.764303260616936,0.796234150690775,0.763701577960665,0.775641738896604,0.739485490827344,0.732467375665825,0.73244402624126,0.724855038389461,0.724862542763152,0.797897527619759,0.780054917505585,0.784984243202444,0.784916995696004,0.77603513792405,0.776834546823936,0.798523975067877,0.785488839791962,0.775515111289423,0.763742167551167,0.756939879841962,0.763572927878555,0.78499997195472,0.771470513681968,0.779699660918703,0.795558240355064,0.764001317820191,0.773574791489114,0.772629559925632,0.724254267521564,0.845560439157817,0.76349185987857,0.775199788516451,0.779618798207707,0.776643328575173,0.76331378519619,0.796870121397507,0.774960755355906,0.775549563502609,0.766221607974395,0.774513599106089,0.793924361522119,0.752133290266213,0.784853901039207,0.786860803713749,0.760060014000152,0.795066246454612,0.774780638736856,0.773599941705202,0.762991186310352,0.777888561051272,0.776654705771184,0.792474884316577,0.800137069174334,0.794021620887227,0.782483841439071,0.732509377164188,0.718871942441341,0.732331375680941,0.714470704932666,0.718684374146607,0.732230455398775,0.763739391806273,0.767259058136596,0.782208993413394,0.795234496637042,0.78067780834353,0.77541626147614,0.884982230123192,0.77200388866628,0.785936264539246,0.793797791554334,0.756888296568027,0.786833906519415,0.756851538520443,0.878807078265111,0.775693307611142,0.776970541977434,0.792964984616157,0.776239911909368,0.760313451178234,0.795222626946883,0.781766910307146,0.776965753270143,0.789618241060821,0.785334030766804,0.779295870777635,0.780356592636047,0.784799092591531,0.78564994127829,0.775046263935343,0.788417916012997,0.788058825060619,0.780694793259306,0.769741976875799,0.799628094829204,0.732641241501442,0.80406874821105,0.7924404717192,0.763856401108584,0.776465855290659,0.92506577840143,0.898424629861136,0.959388420880481,0.939520371297657,0.877764118042675,0.938445018125867,0.955401363596669,0.909690943256302,0.917818500379824,0.897712062016162,0.980704436090803,0.979887384369454,0.978223261558891,0.941615192897879,0.955030525183714,0.962375558891386,0.936780451026366,0.892255292854778,0.947581261721693,0.926159514065084,0.930044966118819,0.928212160318519,0.979954785072421,0.979468079723721,0.980449894243147,0.978681580899202,0.938571231516361,0.940736969165685,0.892096744313938,0.889185418446524,0.949278679459733,0.942257145927715,0.944118284432093,0.917475896218978,0.929883628950429,0.966535066810991,0.968753460179372,0.999026691203795,0.99955011977192,1,0.936198195074848,0.927207577985682
"164",0.773748075776489,0.80047691587361,0.782647606402405,0.794579876907821,0.769970633318793,0.800675152955983,0.773598912782955,0.796417867145391,0.782219062817903,0.805805482447765,0.805830527551388,0.806068387526507,0.795590669798539,0.787408680494268,0.787605952987882,0.674882908319339,0.783503963437901,0.800237899388451,0.771724943337075,0.785788543584159,0.781218511067463,0.768015804093897,0.79142699751527,0.786587736150562,0.806804587878571,0.785994402499376,0.776188183865976,0.685075755723694,0.680786018599306,0.680721990163329,0.675352149429918,0.675331955880603,0.790805023492021,0.795085144714105,0.801233235754996,0.801181614624964,0.776507227664182,0.731824129301278,0.794142554437067,0.801728773953606,0.776060598101757,0.786017810765556,0.734608759655182,0.78583452284824,0.80125280729936,0.763599439661575,0.80088675897941,0.8061265833684,0.786278219786805,0.742365872927916,0.768780969292656,0.703762651714309,0.855410950148376,0.785777076282024,0.800367815284287,0.753744405831463,0.731617708175999,0.785600638880593,0.801431573635322,0.800161257567,0.776079052791145,0.790639719650814,0.799718401609031,0.801430828576969,0.726535042567645,0.816303079292014,0.771017018539543,0.748358914181363,0.794906418990436,0.799963948115555,0.747800273736169,0.785264502530824,0.788574696858375,0.777051651663513,0.795145305575356,0.829250076184802,0.786891854933161,0.781609373661311,0.680792677621722,0.667362658443575,0.680630679372812,0.678112476769754,0.667192661750969,0.715490422571133,0.786017255154134,0.756836771060775,0.784466390421418,0.805792123601768,0.780476922261935,0.77596132060006,0.902104704540825,0.76412184109771,0.795078922247212,0.807294752890219,0.71862634806054,0.794961107071367,0.731178788302585,0.900644673539885,0.776219010610602,0.731932065687374,0.803300639812855,0.779269380007276,0.748610291055609,0.805761806259458,0.765136161662473,0.767690867360306,0.770022150092271,0.770821336448708,0.782956451104555,0.763146297990177,0.801053929879267,0.796430927724844,0.800253617250371,0.816302356791166,0.791071656648438,0.763839861894238,0.744189605636791,0.799091071846553,0.680939765490626,0.822153469168202,0.801378742750122,0.786127583609151,0.731465440369549,0.912989649038086,0.849568288471408,0.951014271321469,0.916548982772637,0.834057991699799,0.918508330398993,0.947422828365465,0.907150602058377,0.888682896172404,0.929346253412892,0.934731720271765,0.929701067524668,0.925884179794127,0.898625232115292,0.955178254814689,0.949471665567598,0.96916691681696,0.950149605481542,0.980880250939759,0.969125371432427,0.971668257208903,0.97051062054347,0.931071022273946,0.935405132882269,0.933453118475574,0.936937551680025,0.937727190313621,0.913954926184007,0.867002703215393,0.851018360584042,0.952653594927725,0.914927451975633,0.981285968635863,0.971915387969959,0.983010238717979,0.945382851017592,0.94457821630343,0.936831930502936,0.93592711557494,0.936198195074848,1,0.907486944051618
"165",0.731574230983807,0.746209102542691,0.755218083757165,0.741167640496153,0.770477169384156,0.772577333844326,0.731372315172384,0.804773868982594,0.809940300643997,0.768386500004625,0.768473295969307,0.768692482997875,0.785584940843373,0.74752326322523,0.751827608057164,0.686722067343047,0.78619226354929,0.746005133080654,0.77938335012258,0.748209964306591,0.769244126802531,0.775798245024021,0.718633943883285,0.712617815299801,0.7693607059701,0.712055609596271,0.811616059441557,0.733526145558452,0.726479350912149,0.726459419395414,0.718127914432134,0.718159706769285,0.786658431485841,0.7826562752708,0.826267867413664,0.826193785469789,0.811978265766438,0.75309332851482,0.827546588575527,0.826703729242977,0.81147703078116,0.712093294545625,0.726759857836594,0.711938002278021,0.826253670909499,0.730824595643671,0.737735486809655,0.76872746176338,0.71232999008278,0.74203927628575,0.746642712476078,0.704275797736036,0.814876810985617,0.71185326488834,0.746123466771683,0.773568089644506,0.752893493871897,0.71171242668675,0.789124727162478,0.745940671319907,0.811503993997826,0.71789261761885,0.745519864560417,0.826495464740298,0.727363489705582,0.747425442018916,0.768902570017024,0.761018647274695,0.788406206904989,0.745760581600647,0.758380010541838,0.711377390829397,0.736675924703046,0.812497955808585,0.752849298909228,0.765218544336643,0.791174711562962,0.743867968849924,0.726528855954475,0.712826926942875,0.726339365271587,0.691710773640353,0.712641425713254,0.700187967939269,0.712108822563222,0.771187916496728,0.783843451382694,0.768407819728354,0.74777948549724,0.811380075496461,0.84262504728761,0.731321191526203,0.765667991890469,0.752622632786126,0.735237133172845,0.749382984410568,0.730321596616555,0.874746303134973,0.811668839069302,0.753200510491083,0.749793756519874,0.736660251823425,0.761243796073371,0.768408170948689,0.777465463876159,0.779287597631782,0.776991156614704,0.78563456065779,0.780332161926643,0.782162612404617,0.826090904997289,0.804844489408503,0.746010790894637,0.743765146896973,0.761522657067155,0.759609450011715,0.735388010954987,0.790217402904246,0.726648549484392,0.779959478079546,0.76278046701694,0.712202743153245,0.752741455616823,0.868682452978208,0.881155354752636,0.897852517460425,0.891042545403233,0.921161922593056,0.888086527494995,0.908148649389552,0.845401295875464,0.862610430410677,0.834699381353129,0.926102311845068,0.9277283671705,0.930804404174264,0.908273430744597,0.925958599378976,0.900454084709431,0.894799922167475,0.852571347471243,0.90318503893398,0.888150789079128,0.892487610188074,0.890664040553386,0.929743045142168,0.92462640877807,0.926858343267267,0.91145552417026,0.875997852799291,0.90125402469919,0.848586304804252,0.859714719487361,0.886851960882795,0.936300767212988,0.9195440666951,0.882837037363306,0.891159656035206,0.912826899992048,0.91605625422708,0.926495800605762,0.927598203160868,0.927207577985682,0.907486944051618,1
