"","AAFC4","AAFC5","AAFC6","AAFC8","AAFC9","AAFC10","Adler5","Schupp2","Schupp1","Adler13","Adler16","Adler17","Adler18","Barnett1","Baughman3","Baughman2","Chynoweth1","Board1","Bradford1","Chambers1","Chambers2","Urza1","Chambers4","Chambers5","Chambers6","Chambers7","Chambers8","Chambers9","Copeland1","Copeland5","Copeland9","Downs1","Downs2","Downs3","Fleishman1","Fleishman5","Fleishman7","Getts1","Getts3","Holdrege1","Hufft1","Lavin1","Lavin2","Lee1","Lee2","Lee3","Lee4","Leger1","Maron1","Maron2","Porensky30","Pyke3","Pyke8","Pyke21","Pyle1","Pyle9","Pyle10","Pyle15","Pyle17","Pyle19","Reed1","Reed3","Schupp3","Schupp4","Schupp5","Symstad1","Symstad2","Symstad3","Urza2","Wilcox2","Chynoweth2","Chynoweth3","Chynoweth5","Chynoweth7","Chynoweth8","Shriver2","Davies3","GerminoBOP1","Mancillas1","BoiseHigh","BoiseLow","CGPASTURE","CaseAoyamaS1","CastValley","EOARC","EnsingS1SuRDC","EnsingS2Summerland-Princeton","EnsingS3BearCreek","EnsingS4Lundbom","FARNORTHCPER","FtKCottonwoodCoulee","FtKLonePine","GoeblS1","GreenCanyon","HPGRSAGCR","HardwareRanch","K1vanDiepen","L1vanDiepen","MPGIR","MPGSR","MPGTH","NEAR4WAYCPER","NEARHQCPER","NEARNUTNET","OttS1","PMR-Brome","Pearlwise","Peavine","Plymouth","RedBluff","RushValley","SSHQ","SSHigh","SouthEden","Symstad1","Symstad2","TBFIRE","TBLCControl","TBPRAIRIEDOG","Woodruff","dino"
"AAFC4",1,0.86,0.877142857142857,0.84047619047619,0.838095238095238,0.84,0.782380952380952,0.791904761904762,0.787142857142857,0.798095238095238,0.829047619047619,0.810952380952381,0.831428571428571,0.832380952380952,0.786666666666667,0.83047619047619,0.796666666666667,0.82952380952381,0.791428571428571,0.823809523809524,0.815238095238095,0.815714285714286,0.815238095238095,0.74047619047619,0.746666666666667,0.747619047619048,0.74,0.736666666666667,0.831904761904762,0.794285714285714,0.83,0.83047619047619,0.786190476190476,0.829047619047619,0.832380952380952,0.758095238095238,0.794761904761905,0.761428571428571,0.77047619047619,0.763809523809524,0.835714285714286,0.79,0.790952380952381,0.815714285714286,0.852857142857143,0.748095238095238,0.740952380952381,0.747619047619048,0.726666666666667,0.742380952380952,0.831904761904762,0.805714285714286,0.81952380952381,0.834761904761905,0.751904761904762,0.7,0.833333333333333,0.797619047619048,0.796190476190476,0.852857142857143,0.78952380952381,0.798095238095238,0.843333333333333,0.803809523809524,0.830952380952381,0.790952380952381,0.811428571428571,0.769047619047619,0.764761904761905,0.82952380952381,0.799047619047619,0.815714285714286,0.83047619047619,0.796190476190476,0.820952380952381,0.829047619047619,0.82,0.837142857142857,0.71,0.810241198075556,0.828340814071212,0.813894901785493,0.804072505647462,0.853826927050894,0.790575198876779,0.874511183531892,0.886073594774333,0.889919702451126,0.840292344665613,0.825767519842162,0.843354127023302,0.850249179537128,0.828307919826803,0.842996302331095,0.847412725545507,0.836405449193593,0.86974010253192,0.850671837651862,0.80497066935388,0.76953048941347,0.762242343880669,0.799023495150356,0.804119711538417,0.76676781296565,0.811222061209893,0.832652018842831,0.865677125596541,0.787089131228073,0.766460345594946,0.791048539659169,0.80843998063069,0.812323765388807,0.830278093795019,0.812579717559719,0.833315441185303,0.848366789443059,0.844661761288504,0.83615247595322,0.825802485594076,0.771645035370116,0.81233407320087
"AAFC5",0.86,1,0.78952380952381,0.870952380952381,0.899047619047619,0.900952380952381,0.816190476190476,0.799047619047619,0.779047619047619,0.836666666666667,0.820952380952381,0.798571428571429,0.8,0.800952380952381,0.823333333333333,0.79952380952381,0.78952380952381,0.827619047619048,0.793809523809524,0.853809523809524,0.835714285714286,0.84,0.835238095238095,0.754285714285714,0.764761904761905,0.765714285714286,0.758571428571429,0.755714285714286,0.826666666666667,0.818095238095238,0.81047619047619,0.81047619047619,0.838095238095238,0.798095238095238,0.873333333333333,0.773809523809524,0.836190476190476,0.785714285714286,0.778571428571429,0.772857142857143,0.821904761904762,0.833809523809524,0.783809523809524,0.80952380952381,0.889047619047619,0.765714285714286,0.758095238095238,0.765714285714286,0.747619047619048,0.759047619047619,0.8,0.817142857142857,0.843809523809524,0.876190476190476,0.764285714285714,0.694285714285714,0.801428571428571,0.790952380952381,0.789047619047619,0.9,0.769047619047619,0.801428571428571,0.83952380952381,0.798571428571429,0.810952380952381,0.835714285714286,0.820952380952381,0.801904761904762,0.773333333333333,0.81,0.79952380952381,0.836666666666667,0.81047619047619,0.78952380952381,0.797142857142857,0.820952380952381,0.86952380952381,0.813333333333333,0.718095238095238,0.820256330579902,0.826449833160026,0.811251286970127,0.848501538754409,0.876243797107351,0.803164434755775,0.874636411474643,0.86607494235887,0.87139469712664,0.821505107775885,0.836258141873072,0.84748581655923,0.813887635312561,0.848276307435318,0.804530960084715,0.85073487797156,0.803839312908629,0.841663534644309,0.843703603840408,0.761784400100955,0.727788347229747,0.737533129291525,0.816883230784317,0.834037628744862,0.815150813153593,0.806132632608247,0.847487681738415,0.840145170593701,0.796876186356556,0.826538996436499,0.79539039042503,0.868865622880715,0.851824902797075,0.800794682440744,0.841678198533211,0.797780796431263,0.82619451049352,0.839763489836759,0.828400937320071,0.791038799045973,0.86430506991454,0.865027818367992
"AAFC6",0.877142857142857,0.78952380952381,1,0.811904761904762,0.768571428571429,0.76952380952381,0.779047619047619,0.813333333333333,0.848571428571429,0.797142857142857,0.82,0.82952380952381,0.837619047619048,0.838095238095238,0.783333333333333,0.837619047619048,0.803809523809524,0.835714285714286,0.801428571428571,0.790952380952381,0.79047619047619,0.807619047619048,0.79047619047619,0.736190476190476,0.745238095238095,0.746190476190476,0.74,0.736190476190476,0.836190476190476,0.802857142857143,0.829047619047619,0.828571428571429,0.76952380952381,0.836190476190476,0.8,0.767619047619048,0.775238095238095,0.754761904761905,0.764761904761905,0.776666666666667,0.842857142857143,0.777619047619048,0.807619047619048,0.827142857142857,0.80047619047619,0.747142857142857,0.737142857142857,0.746666666666667,0.727142857142857,0.738571428571429,0.837619047619048,0.803809523809524,0.8,0.801428571428571,0.770952380952381,0.68952380952381,0.838571428571429,0.804761904761905,0.803333333333333,0.793809523809524,0.856190476190476,0.822857142857143,0.805238095238095,0.82047619047619,0.83,0.778571428571429,0.826666666666667,0.787619047619048,0.777619047619048,0.829047619047619,0.804761904761905,0.791428571428571,0.828571428571429,0.803333333333333,0.840952380952381,0.82047619047619,0.786190476190476,0.83047619047619,0.720952380952381,0.812550261207933,0.808812839995382,0.803291010246424,0.838119369046122,0.853611633303637,0.830457268105621,0.876859757248119,0.809302259257149,0.86983464540932,0.83078475929674,0.80090739736609,0.87307425528554,0.870424576295235,0.82037126425785,0.842424020462773,0.837612654264929,0.862678119095581,0.867842099170912,0.860885863823426,0.78111567742967,0.704714262095691,0.78888323022029,0.817727729650819,0.781877788868649,0.789771972942161,0.769102936180396,0.823872146498075,0.83083254171447,0.756284028531374,0.796251267520655,0.730672804787269,0.826200351856758,0.843233661382893,0.821514995001494,0.784676107376024,0.837509965871651,0.813920959893297,0.830473538319705,0.823778098267503,0.856316727004663,0.817071386951556,0.82147497453457
"AAFC8",0.84047619047619,0.870952380952381,0.811904761904762,1,0.844285714285714,0.846190476190476,0.82047619047619,0.816190476190476,0.814285714285714,0.838571428571429,0.841904761904762,0.832857142857143,0.854285714285714,0.855238095238095,0.804285714285714,0.853333333333333,0.794761904761905,0.846666666666667,0.813333333333333,0.826666666666667,0.813809523809524,0.856666666666667,0.814285714285714,0.750952380952381,0.755714285714286,0.756666666666667,0.756190476190476,0.752857142857143,0.851428571428571,0.816190476190476,0.840952380952381,0.84,0.823809523809524,0.851904761904762,0.839047619047619,0.781904761904762,0.811428571428571,0.788571428571429,0.801904761904762,0.79,0.866666666666667,0.824285714285714,0.808095238095238,0.84952380952381,0.855714285714286,0.756666666666667,0.755714285714286,0.756666666666667,0.74047619047619,0.756666666666667,0.855238095238095,0.823809523809524,0.835714285714286,0.841904761904762,0.778095238095238,0.691904761904762,0.855714285714286,0.796190476190476,0.794285714285714,0.860952380952381,0.798571428571429,0.817142857142857,0.833809523809524,0.822857142857143,0.841428571428571,0.826190476190476,0.842380952380952,0.804761904761905,0.790952380952381,0.84047619047619,0.800952380952381,0.815714285714286,0.840952380952381,0.795714285714286,0.834285714285714,0.841428571428571,0.87047619047619,0.833809523809524,0.726666666666667,0.788576788635324,0.778060783304465,0.805052071811811,0.831999956196172,0.876664454243897,0.824092104725766,0.862721418778916,0.810507031807066,0.894285725362323,0.825880490169608,0.845191368979517,0.872205681183332,0.835380676681274,0.849982983734479,0.785602999709089,0.836836540778653,0.801359422134615,0.850396767701143,0.780072081957005,0.763346416114455,0.755299255956346,0.673751747481256,0.825386129146727,0.836283190686432,0.830366669433798,0.819300713271512,0.842481507768958,0.788473054235666,0.78128956727878,0.800893127777276,0.773741353651994,0.87096833763565,0.791052184862477,0.791289646919945,0.848635568302562,0.825180287677874,0.810355710891192,0.821309627491015,0.859033904203568,0.839426138673367,0.861584352505819,0.836308591054169
"AAFC9",0.838095238095238,0.899047619047619,0.768571428571429,0.844285714285714,1,0.992380952380952,0.815714285714286,0.785238095238095,0.762380952380952,0.844761904761905,0.811428571428571,0.781428571428571,0.793809523809524,0.794761904761905,0.814761904761905,0.793333333333333,0.773809523809524,0.818571428571429,0.782380952380952,0.842857142857143,0.831904761904762,0.823333333333333,0.831904761904762,0.749047619047619,0.758095238095238,0.759047619047619,0.754285714285714,0.750952380952381,0.809047619047619,0.801904761904762,0.800952380952381,0.80047619047619,0.851904761904762,0.791904761904762,0.865714285714286,0.766190476190476,0.827142857142857,0.786190476190476,0.772380952380952,0.77,0.811428571428571,0.834761904761905,0.767142857142857,0.801428571428571,0.858095238095238,0.76047619047619,0.754285714285714,0.76,0.745238095238095,0.756190476190476,0.793809523809524,0.818095238095238,0.836666666666667,0.868095238095238,0.761428571428571,0.691904761904762,0.795238095238095,0.775238095238095,0.773333333333333,0.866666666666667,0.753333333333333,0.797142857142857,0.829047619047619,0.79047619047619,0.802380952380952,0.837142857142857,0.807619047619048,0.796190476190476,0.77047619047619,0.80047619047619,0.785714285714286,0.831904761904762,0.800952380952381,0.773809523809524,0.788571428571429,0.811428571428571,0.842857142857143,0.808571428571429,0.717619047619048,0.837204025023311,0.783207398594141,0.824309403038247,0.817697711779473,0.858075993515937,0.864462096612735,0.897849859742177,0.859705564418227,0.865060737717286,0.845712234722796,0.817201363910699,0.818224929266097,0.833989443289693,0.821717443278794,0.81788812504334,0.839152417961914,0.819605106999802,0.818713175621516,0.871963023796128,0.785110010253371,0.764969216548073,0.758954932400908,0.837878519380267,0.802784067050062,0.85124843660011,0.799770111787594,0.791724578401979,0.776491782598842,0.866953002023817,0.820805330536192,0.710458155070593,0.831535804039908,0.832110082722442,0.805516503995445,0.898491648688542,0.848752244817463,0.818890263914892,0.84399644133963,0.768459207796495,0.788780086387507,0.845397392118744,0.848169817575427
"AAFC10",0.84,0.900952380952381,0.76952380952381,0.846190476190476,0.992380952380952,1,0.816190476190476,0.786666666666667,0.763809523809524,0.845714285714286,0.812857142857143,0.783333333333333,0.795238095238095,0.796190476190476,0.815714285714286,0.794761904761905,0.775238095238095,0.819047619047619,0.783809523809524,0.842857142857143,0.831428571428571,0.823809523809524,0.831428571428571,0.748571428571429,0.758095238095238,0.759047619047619,0.754285714285714,0.751904761904762,0.81047619047619,0.802857142857143,0.803333333333333,0.802857142857143,0.852857142857143,0.793333333333333,0.866190476190476,0.767142857142857,0.828095238095238,0.787142857142857,0.774285714285714,0.771428571428571,0.812857142857143,0.836190476190476,0.767619047619048,0.802380952380952,0.858571428571429,0.75952380952381,0.755714285714286,0.76,0.746190476190476,0.755714285714286,0.795238095238095,0.81952380952381,0.837619047619048,0.87047619047619,0.762857142857143,0.691904761904762,0.796666666666667,0.776666666666667,0.774761904761905,0.868095238095238,0.754761904761905,0.798571428571429,0.83,0.791904761904762,0.803809523809524,0.838571428571429,0.809047619047619,0.796666666666667,0.771904761904762,0.802857142857143,0.787142857142857,0.832380952380952,0.803333333333333,0.775238095238095,0.79047619047619,0.812857142857143,0.844761904761905,0.80952380952381,0.718095238095238,0.85394845529932,0.840373348322975,0.805595221290705,0.841914019895981,0.847116877608344,0.790339995840153,0.891276425783623,0.863170028669387,0.897509000899761,0.862112660739789,0.797735121994586,0.863530764570474,0.862268523422752,0.833849105837977,0.798810128050544,0.820719949534624,0.810858743024265,0.842421800430663,0.838933315740118,0.810055541607683,0.774877398023585,0.731745752148165,0.836623318063633,0.841003110242149,0.84677699056114,0.831271333806066,0.837421051172581,0.805228616865821,0.840112374674256,0.813582989839627,0.783787030519582,0.800219701918777,0.83337446110957,0.775579278508159,0.866841746417305,0.869881307438605,0.830582126303546,0.835483186679655,0.81114828442545,0.847076655537758,0.842774954677818,0.827727762189973
"Adler5",0.782380952380952,0.816190476190476,0.779047619047619,0.82047619047619,0.815714285714286,0.816190476190476,1,0.797619047619048,0.77,0.880952380952381,0.802380952380952,0.782380952380952,0.800952380952381,0.801904761904762,0.861428571428571,0.80047619047619,0.777142857142857,0.803809523809524,0.78952380952381,0.844761904761905,0.823809523809524,0.87952380952381,0.822857142857143,0.757619047619048,0.76952380952381,0.771904761904762,0.761428571428571,0.758095238095238,0.813809523809524,0.847619047619048,0.79952380952381,0.799047619047619,0.906666666666667,0.799047619047619,0.79047619047619,0.784761904761905,0.821428571428571,0.770952380952381,0.8,0.762380952380952,0.818571428571429,0.93952380952381,0.778571428571429,0.818095238095238,0.80047619047619,0.773333333333333,0.756666666666667,0.772857142857143,0.751428571428571,0.759047619047619,0.801428571428571,0.842380952380952,0.890952380952381,0.793333333333333,0.754285714285714,0.711428571428571,0.802380952380952,0.778095238095238,0.776666666666667,0.821904761904762,0.759047619047619,0.812380952380952,0.780952380952381,0.787619047619048,0.80047619047619,0.94,0.8,0.776666666666667,0.763333333333333,0.799047619047619,0.779047619047619,0.823333333333333,0.79952380952381,0.776666666666667,0.787142857142857,0.802857142857143,0.835238095238095,0.79952380952381,0.756190476190476,0.82780344821508,0.81823053753937,0.784374910322431,0.852269725781667,0.854920149868266,0.854161968844521,0.728842646172268,0.79407727850681,0.759738158844921,0.811310172053627,0.817792906438134,0.852086936185311,0.798632236755156,0.834323656007323,0.794518223091212,0.801261387919526,0.71878576199276,0.830878829562024,0.843597708282096,0.783002523132754,0.798747329688473,0.786258324829733,0.753943996048958,0.788254140630096,0.802429427757962,0.788063166761022,0.770842456827074,0.7766331779779,0.757453011604256,0.794677842604279,0.809146393156851,0.827914884401901,0.815841795302446,0.810217073962937,0.783033400643154,0.763837180240233,0.783919389732807,0.818810059468838,0.772377390606445,0.857321560457806,0.813864187769461,0.84092167093043
"Schupp2",0.791904761904762,0.799047619047619,0.813333333333333,0.816190476190476,0.785238095238095,0.786666666666667,0.797619047619048,1,0.810952380952381,0.812857142857143,0.822380952380952,0.828571428571429,0.817142857142857,0.818571428571429,0.833809523809524,0.817142857142857,0.884761904761905,0.835238095238095,0.844285714285714,0.787142857142857,0.797142857142857,0.812857142857143,0.796666666666667,0.753809523809524,0.762380952380952,0.762857142857143,0.761428571428571,0.758095238095238,0.86047619047619,0.838571428571429,0.82047619047619,0.82,0.796190476190476,0.815714285714286,0.814285714285714,0.81,0.808571428571429,0.773333333333333,0.787142857142857,0.837142857142857,0.833809523809524,0.795714285714286,0.844761904761905,0.866190476190476,0.814285714285714,0.763333333333333,0.755714285714286,0.763333333333333,0.752380952380952,0.757142857142857,0.818095238095238,0.823809523809524,0.801428571428571,0.817142857142857,0.799047619047619,0.732857142857143,0.819047619047619,0.886190476190476,0.883809523809524,0.79952380952381,0.802857142857143,0.825238095238095,0.83952380952381,0.86,0.821428571428571,0.796190476190476,0.857619047619048,0.823809523809524,0.838095238095238,0.82,0.892857142857143,0.797619047619048,0.82047619047619,0.884761904761905,0.807619047619048,0.822857142857143,0.819047619047619,0.840952380952381,0.712857142857143,0.781655393045012,0.797359077241475,0.823725717497778,0.831196262453188,0.831165987119024,0.849546800643625,0.766076911153277,0.830481718760848,0.831226383541152,0.831413286084969,0.822450069005415,0.860872344111053,0.797458670018859,0.808226669734244,0.763980730712824,0.815229442571662,0.796580887299303,0.855773430815821,0.846741003260132,0.769190525578895,0.776359892114256,0.793372543991415,0.834124793989915,0.848582328270142,0.827966913047107,0.792265820887954,0.874291433986962,0.825798580594973,0.773720477470273,0.817864475964986,0.852225838797215,0.807718009333488,0.766753573684772,0.824566564292838,0.810731627570467,0.763150475295718,0.793559880310305,0.818499243488047,0.770429200647296,0.805618508529904,0.791323167492961,0.857169589144938
"Schupp1",0.787142857142857,0.779047619047619,0.848571428571429,0.814285714285714,0.762380952380952,0.763809523809524,0.77,0.810952380952381,1,0.787619047619048,0.853333333333333,0.817142857142857,0.838095238095238,0.83952380952381,0.77952380952381,0.838571428571429,0.783809523809524,0.83047619047619,0.796666666666667,0.765714285714286,0.784285714285714,0.808571428571429,0.784285714285714,0.72,0.723333333333333,0.724285714285714,0.72,0.717142857142857,0.824285714285714,0.785238095238095,0.835238095238095,0.834285714285714,0.763333333333333,0.837142857142857,0.80952380952381,0.753809523809524,0.767142857142857,0.754761904761905,0.784761904761905,0.77952380952381,0.847619047619048,0.765714285714286,0.791428571428571,0.82952380952381,0.802857142857143,0.724761904761905,0.724285714285714,0.724285714285714,0.721904761904762,0.725238095238095,0.84,0.797142857142857,0.771428571428571,0.812380952380952,0.765714285714286,0.673333333333333,0.84,0.784761904761905,0.783809523809524,0.786666666666667,0.942857142857143,0.832380952380952,0.774285714285714,0.810952380952381,0.836666666666667,0.767142857142857,0.81047619047619,0.804285714285714,0.780952380952381,0.835714285714286,0.784285714285714,0.785238095238095,0.835238095238095,0.783333333333333,0.867619047619048,0.853809523809524,0.784761904761905,0.820952380952381,0.71,0.808826252254544,0.77523536862469,0.831667336412549,0.845839132130152,0.81616543247898,0.845697968651281,0.808955251118933,0.792673998161537,0.806836317287509,0.762421965394977,0.817563708777539,0.766980109988339,0.825709071345546,0.856728296946641,0.761491350152932,0.818223302515012,0.746551276679973,0.832330294205892,0.855557726990401,0.745184330423171,0.824143931804697,0.790764522508978,0.862635359113742,0.820645952663413,0.79720565192759,0.75844376889311,0.849234799606979,0.805495515347819,0.8134339899145,0.788841295924487,0.75266080164683,0.747657188886385,0.755929600262027,0.771172208881316,0.792787887568689,0.837498955554726,0.808311273923253,0.813917948670855,0.815214341966518,0.808206669970287,0.8324488244847,0.802368117032341
"Adler13",0.798095238095238,0.836666666666667,0.797142857142857,0.838571428571429,0.844761904761905,0.845714285714286,0.880952380952381,0.812857142857143,0.787619047619048,1,0.804285714285714,0.807142857142857,0.804761904761905,0.805714285714286,0.85,0.803809523809524,0.785238095238095,0.836190476190476,0.797619047619048,0.865238095238095,0.840952380952381,0.88047619047619,0.84047619047619,0.762857142857143,0.776190476190476,0.777619047619048,0.769047619047619,0.765238095238095,0.830952380952381,0.87,0.807142857142857,0.806666666666667,0.898095238095238,0.802380952380952,0.812380952380952,0.822380952380952,0.847619047619048,0.801428571428571,0.828571428571429,0.786190476190476,0.828571428571429,0.909047619047619,0.797619047619048,0.822857142857143,0.821428571428571,0.777619047619048,0.762380952380952,0.778095238095238,0.765714285714286,0.762857142857143,0.805238095238095,0.869047619047619,0.88952380952381,0.814285714285714,0.784285714285714,0.713333333333333,0.806190476190476,0.786666666666667,0.784761904761905,0.837619047619048,0.777619047619048,0.816666666666667,0.799047619047619,0.813333333333333,0.808095238095238,0.911904761904762,0.818571428571429,0.793809523809524,0.786666666666667,0.806666666666667,0.796190476190476,0.84,0.807142857142857,0.785238095238095,0.792380952380952,0.804285714285714,0.837142857142857,0.807619047619048,0.751428571428571,0.826742056787623,0.818644655239145,0.782881301569554,0.852727817950706,0.828986887668643,0.844625866026724,0.768069080864469,0.828185981994519,0.79781788982459,0.788955603749888,0.789237161115727,0.818531048187343,0.79658211082656,0.80286382764078,0.832388573480715,0.766160850033534,0.762072238412144,0.82032790190263,0.819849187992384,0.801226649284216,0.726502241874184,0.723554967483749,0.749694160844808,0.737999088272113,0.73436708727699,0.812856233283411,0.772038298632568,0.81557448475455,0.822405244811868,0.780989776994238,0.799110748632035,0.829929662838556,0.763658754800627,0.771953520651798,0.870782442176202,0.809858553159494,0.799873102825523,0.779720175961006,0.831806432138553,0.829862263144151,0.808854230479253,0.798070263539502
"Adler16",0.829047619047619,0.820952380952381,0.82,0.841904761904762,0.811428571428571,0.812857142857143,0.802380952380952,0.822380952380952,0.853333333333333,0.804285714285714,1,0.867142857142857,0.856666666666667,0.857142857142857,0.809047619047619,0.856190476190476,0.810952380952381,0.838571428571429,0.826666666666667,0.799047619047619,0.817142857142857,0.837619047619048,0.816666666666667,0.758095238095238,0.763333333333333,0.764285714285714,0.758571428571429,0.755714285714286,0.847142857142857,0.805238095238095,0.92952380952381,0.928571428571429,0.79,0.855238095238095,0.816190476190476,0.773333333333333,0.813809523809524,0.786666666666667,0.800952380952381,0.795714285714286,0.870952380952381,0.800952380952381,0.799047619047619,0.846190476190476,0.839047619047619,0.764285714285714,0.761904761904762,0.763809523809524,0.749047619047619,0.761904761904762,0.856666666666667,0.817619047619048,0.800952380952381,0.818571428571429,0.784761904761905,0.704285714285714,0.858095238095238,0.811904761904762,0.81047619047619,0.82047619047619,0.833333333333333,0.833333333333333,0.814285714285714,0.828571428571429,0.930952380952381,0.802380952380952,0.817619047619048,0.805714285714286,0.796666666666667,0.928571428571429,0.813333333333333,0.818095238095238,0.928095238095238,0.811428571428571,0.89047619047619,0.996666666666667,0.811904761904762,0.836666666666667,0.718095238095238,0.820830883959246,0.806848850702558,0.872839222683397,0.802255545673886,0.875133100219244,0.820358539585414,0.835718281620085,0.780236943082463,0.6955888265121,0.816851573875897,0.842025162731508,0.824606573313713,0.726558435731253,0.802144498617804,0.812528636460679,0.809113552184189,0.787927611685867,0.842374655771151,0.883771856848561,0.779134161601794,0.688873661088278,0.773996820751305,0.830852059190842,0.815186861297592,0.812464508711035,0.802606403142369,0.872445620773182,0.790881878528325,0.711749481857852,0.775468133756922,0.717642758615755,0.837569612921391,0.808745116052684,0.829827001104441,0.803434277831432,0.802455533268576,0.8342146235605,0.776382050582646,0.830047749881343,0.811076171103833,0.781933278134584,0.834437173569124
"Adler17",0.810952380952381,0.798571428571429,0.82952380952381,0.832857142857143,0.781428571428571,0.783333333333333,0.782380952380952,0.828571428571429,0.817142857142857,0.807142857142857,0.867142857142857,1,0.81952380952381,0.820952380952381,0.793809523809524,0.81952380952381,0.813809523809524,0.837619047619048,0.815714285714286,0.783809523809524,0.78,0.814761904761905,0.77952380952381,0.751428571428571,0.756190476190476,0.757142857142857,0.751428571428571,0.748095238095238,0.846666666666667,0.806190476190476,0.912857142857143,0.910952380952381,0.782380952380952,0.817142857142857,0.785714285714286,0.82,0.802857142857143,0.778571428571429,0.783333333333333,0.834761904761905,0.846666666666667,0.781904761904762,0.847142857142857,0.852857142857143,0.802380952380952,0.757619047619048,0.755714285714286,0.757142857142857,0.748095238095238,0.757142857142857,0.82,0.796666666666667,0.78952380952381,0.787619047619048,0.824761904761905,0.687619047619048,0.820952380952381,0.815238095238095,0.813809523809524,0.804761904761905,0.795238095238095,0.885714285714286,0.808571428571429,0.844761904761905,0.911904761904762,0.782857142857143,0.826190476190476,0.802380952380952,0.835238095238095,0.911428571428571,0.835714285714286,0.780952380952381,0.911904761904762,0.813809523809524,0.88047619047619,0.867619047619048,0.79952380952381,0.82952380952381,0.706666666666667,0.786024714781766,0.814974258218045,0.810285954712625,0.854071216747283,0.854070808727737,0.836018472502627,0.804895592970847,0.812575413219643,0.824527673967295,0.803080136710361,0.798331499783065,0.814257255615047,0.829757347414364,0.791855736948864,0.838576248574053,0.838636348887394,0.819093491810628,0.881082021839454,0.868981147668296,0.777202968646767,0.784492905876324,0.745079932171877,0.810893968933181,0.768030632157222,0.805981590531381,0.790078653148394,0.805991142175361,0.827480831880817,0.707978164959878,0.816539517258309,0.735166912053568,0.827385599995809,0.816348161278966,0.734373585288449,0.778615899891923,0.844121722036744,0.747637394448909,0.79968820193864,0.803285192200843,0.803924085495841,0.806575886737906,0.841284368780873
"Adler18",0.831428571428571,0.8,0.837619047619048,0.854285714285714,0.793809523809524,0.795238095238095,0.800952380952381,0.817142857142857,0.838095238095238,0.804761904761905,0.856666666666667,0.81952380952381,1,0.996666666666667,0.795714285714286,0.995238095238095,0.793333333333333,0.833333333333333,0.832857142857143,0.815238095238095,0.82952380952381,0.828571428571429,0.829047619047619,0.734285714285714,0.743809523809524,0.743809523809524,0.74,0.737142857142857,0.833809523809524,0.795714285714286,0.851904761904762,0.851428571428571,0.787619047619048,0.993333333333333,0.795238095238095,0.773809523809524,0.786190476190476,0.766666666666667,0.831904761904762,0.788095238095238,0.872857142857143,0.798095238095238,0.816666666666667,0.853333333333333,0.816666666666667,0.744285714285714,0.736666666666667,0.743809523809524,0.734761904761905,0.737619047619048,0.994285714285714,0.835714285714286,0.821428571428571,0.798095238095238,0.776190476190476,0.701904761904762,0.996190476190476,0.794285714285714,0.792857142857143,0.798571428571429,0.815238095238095,0.813333333333333,0.808571428571429,0.817142857142857,0.852857142857143,0.79952380952381,0.829047619047619,0.791904761904762,0.789047619047619,0.851428571428571,0.793809523809524,0.83,0.851428571428571,0.792857142857143,0.838095238095238,0.856666666666667,0.800952380952381,0.846666666666667,0.730952380952381,0.807137475914745,0.778963109491601,0.910595624125799,0.809035292996103,0.813060963824466,0.78906104105247,0.821775117543128,0.775454441312556,0.824932194898535,0.809189151609571,0.910795841190678,0.736051674926834,0.791431304414233,0.867941830757453,0.826052417961628,0.902913905656208,0.720052760905621,0.84622857844665,0.891660738858309,0.787117523870919,0.782192295216791,0.799817774081101,0.895862307640393,0.910611541667352,0.92632697379778,0.690894981433208,0.917236521893711,0.787290497754479,0.751399991576714,0.72071259444926,0.752929486416011,0.815357782771602,0.764615132389613,0.728319160084559,0.799802345561008,0.782000326630665,0.829590205965286,0.718285191042328,0.765868208652805,0.7645375458679,0.806779040853084,0.832041071896342
"Barnett1",0.832380952380952,0.800952380952381,0.838095238095238,0.855238095238095,0.794761904761905,0.796190476190476,0.801904761904762,0.818571428571429,0.83952380952381,0.805714285714286,0.857142857142857,0.820952380952381,0.996666666666667,1,0.796666666666667,0.995714285714286,0.794285714285714,0.834761904761905,0.833809523809524,0.816190476190476,0.83047619047619,0.82952380952381,0.83,0.735238095238095,0.743809523809524,0.744761904761905,0.740952380952381,0.738095238095238,0.834761904761905,0.796666666666667,0.852380952380952,0.851904761904762,0.788571428571429,0.993809523809524,0.796666666666667,0.774761904761905,0.787619047619048,0.767619047619048,0.833333333333333,0.78952380952381,0.873333333333333,0.799047619047619,0.818095238095238,0.854285714285714,0.817619047619048,0.745238095238095,0.737619047619048,0.744761904761905,0.735714285714286,0.738571428571429,0.995714285714286,0.836666666666667,0.822380952380952,0.79952380952381,0.777619047619048,0.701428571428571,0.998571428571429,0.795238095238095,0.793809523809524,0.79952380952381,0.816666666666667,0.814285714285714,0.80952380952381,0.818571428571429,0.853333333333333,0.80047619047619,0.83,0.793333333333333,0.79047619047619,0.851904761904762,0.794761904761905,0.830952380952381,0.852857142857143,0.793809523809524,0.839047619047619,0.857142857142857,0.801904761904762,0.847619047619048,0.73,0.75469902133542,0.844951507898256,0.884275155529784,0.837779146075024,0.834160587852902,0.818262904953297,0.787788548239273,0.827326668280334,0.821530689099314,0.84084264952856,0.917995816704778,0.813408485972289,0.804245067035232,0.89403986338135,0.754511389320967,0.907262958178038,0.812117365604645,0.918504287453706,0.887956007704369,0.760678787303147,0.809540102008678,0.779901142854408,0.891213521097799,0.893003442054661,0.925723783430356,0.838778420746813,0.927691967529067,0.81170706637347,0.77342109985187,0.807039399065572,0.834678299367951,0.8156280148239,0.82836693649995,0.785705438538973,0.814272871898717,0.796179402037251,0.848993167997551,0.847505958184369,0.831755323504633,0.811636316166859,0.815549398697237,0.851138200965791
"Baughman3",0.786666666666667,0.823333333333333,0.783333333333333,0.804285714285714,0.814761904761905,0.815714285714286,0.861428571428571,0.833809523809524,0.77952380952381,0.85,0.809047619047619,0.793809523809524,0.795714285714286,0.796666666666667,1,0.795714285714286,0.875714285714286,0.802857142857143,0.794761904761905,0.828571428571429,0.80047619047619,0.851428571428571,0.8,0.757619047619048,0.767142857142857,0.768095238095238,0.75952380952381,0.755238095238095,0.813333333333333,0.906190476190476,0.804761904761905,0.804285714285714,0.860952380952381,0.793333333333333,0.807619047619048,0.792857142857143,0.847619047619048,0.77952380952381,0.789047619047619,0.782857142857143,0.805714285714286,0.890952380952381,0.787619047619048,0.812380952380952,0.803809523809524,0.769047619047619,0.76047619047619,0.768571428571429,0.748095238095238,0.761904761904762,0.796190476190476,0.847619047619048,0.856190476190476,0.81047619047619,0.764761904761905,0.75,0.797142857142857,0.876666666666667,0.875714285714286,0.814285714285714,0.762380952380952,0.826666666666667,0.825238095238095,0.817142857142857,0.805714285714286,0.892380952380952,0.81,0.794285714285714,0.783809523809524,0.805238095238095,0.87047619047619,0.80047619047619,0.804761904761905,0.875238095238095,0.78952380952381,0.81,0.80952380952381,0.802857142857143,0.73,0.767082106557634,0.840429326171226,0.840382287495007,0.775027100308272,0.821885249969908,0.843255664501171,0.738193630204845,0.741530016600662,0.780504820149375,0.786127862679299,0.806760832390664,0.827828949308631,0.772979397202026,0.84232255299004,0.792063230603027,0.830501104022715,0.78163971071241,0.880662725072613,0.813251329118076,0.764619601710384,0.709700879509724,0.73203741570564,0.818567036465745,0.902084983771669,0.856354554586738,0.779309903397697,0.883604688599871,0.752617655132051,0.783527500171627,0.809438029058842,0.767727508059939,0.81000612942407,0.817218652446818,0.816513592116005,0.799557260551762,0.841729893953462,0.777205529741814,0.837440866151296,0.754580206413309,0.825581237248321,0.83669409702596,0.834296512125002
"Baughman2",0.83047619047619,0.79952380952381,0.837619047619048,0.853333333333333,0.793333333333333,0.794761904761905,0.80047619047619,0.817142857142857,0.838571428571429,0.803809523809524,0.856190476190476,0.81952380952381,0.995238095238095,0.995714285714286,0.795714285714286,1,0.792857142857143,0.833333333333333,0.833809523809524,0.813809523809524,0.828571428571429,0.827619047619048,0.828095238095238,0.734285714285714,0.742857142857143,0.743809523809524,0.74,0.737142857142857,0.833333333333333,0.794761904761905,0.850952380952381,0.85047619047619,0.786666666666667,0.996190476190476,0.795714285714286,0.773333333333333,0.785238095238095,0.766666666666667,0.831904761904762,0.788571428571429,0.872857142857143,0.797142857142857,0.816190476190476,0.852380952380952,0.817142857142857,0.744285714285714,0.736666666666667,0.743809523809524,0.734285714285714,0.737619047619048,0.994285714285714,0.834761904761905,0.82047619047619,0.798571428571429,0.777142857142857,0.701904761904762,0.995238095238095,0.793809523809524,0.792380952380952,0.797619047619048,0.815714285714286,0.813333333333333,0.807142857142857,0.816666666666667,0.851904761904762,0.798571428571429,0.828571428571429,0.791904761904762,0.79,0.85047619047619,0.793333333333333,0.829047619047619,0.85047619047619,0.792380952380952,0.837619047619048,0.857142857142857,0.80047619047619,0.846190476190476,0.729047619047619,0.802940234002707,0.789651534149721,0.835170760484883,0.795675096361322,0.815403341855374,0.831080906461916,0.748193716807307,0.750597180786944,0.808856035121161,0.79857967426526,0.859113548746945,0.814171867880084,0.785264563540055,0.86279194183339,0.804217581698209,0.875035447264293,0.810848588745407,0.845652034015106,0.813812902206623,0.733890399406886,0.791172360441375,0.728505228187333,0.853725425366907,0.87205210256235,0.881477549165441,0.727350961672719,0.902933622938517,0.751025504367236,0.800906592380173,0.83253121518912,0.767543284146424,0.815284020763198,0.784764018771872,0.787315975978252,0.826189548388522,0.813648415551735,0.788281994386833,0.83214122292147,0.771899513375596,0.834996243581661,0.771967740103676,0.85894050472349
"Chynoweth1",0.796666666666667,0.78952380952381,0.803809523809524,0.794761904761905,0.773809523809524,0.775238095238095,0.777142857142857,0.884761904761905,0.783809523809524,0.785238095238095,0.810952380952381,0.813809523809524,0.793333333333333,0.794285714285714,0.875714285714286,0.792857142857143,1,0.814285714285714,0.837142857142857,0.765238095238095,0.769047619047619,0.796190476190476,0.769047619047619,0.749047619047619,0.753333333333333,0.754285714285714,0.753809523809524,0.75047619047619,0.822857142857143,0.88,0.811904761904762,0.811428571428571,0.768571428571429,0.791428571428571,0.783333333333333,0.791428571428571,0.798095238095238,0.765238095238095,0.763333333333333,0.816190476190476,0.80952380952381,0.773333333333333,0.823809523809524,0.841904761904762,0.811428571428571,0.755238095238095,0.752380952380952,0.754761904761905,0.742857142857143,0.754285714285714,0.793809523809524,0.802380952380952,0.77952380952381,0.786190476190476,0.787142857142857,0.774285714285714,0.794761904761905,0.996190476190476,0.994285714285714,0.793809523809524,0.783333333333333,0.810952380952381,0.904285714285714,0.852380952380952,0.812857142857143,0.774761904761905,0.824285714285714,0.78047619047619,0.817142857142857,0.811428571428571,0.966666666666667,0.77,0.811904761904762,0.995714285714286,0.801904761904762,0.811428571428571,0.782380952380952,0.849047619047619,0.686666666666667,0.793040510132102,0.782313222712573,0.72633657075426,0.834385551981656,0.812431102156457,0.893333007143148,0.762934465195444,0.805162881425948,0.774304891637734,0.824051002793688,0.745352135652877,0.797150256043027,0.797766881113714,0.728193128216166,0.779530650364863,0.758943363744893,0.772827976235175,0.857350633807299,0.858124310224912,0.719503601116515,0.706329255617993,0.769348924042969,0.755915010927709,0.765630933676842,0.725833530686742,0.78727788780787,0.736130249343732,0.840670138269608,0.767875501056967,0.800816672623048,0.781898386306643,0.835835585560466,0.693707406119095,0.770008890711175,0.816567276382541,0.761304051340274,0.763682934642767,0.76851732896957,0.699722635953891,0.77374513409197,0.781046799881657,0.841378651483335
"Board1",0.82952380952381,0.827619047619048,0.835714285714286,0.846666666666667,0.818571428571429,0.819047619047619,0.803809523809524,0.835238095238095,0.83047619047619,0.836190476190476,0.838571428571429,0.837619047619048,0.833333333333333,0.834761904761905,0.802857142857143,0.833333333333333,0.814285714285714,1,0.813333333333333,0.811428571428571,0.831428571428571,0.841904761904762,0.831428571428571,0.753809523809524,0.761428571428571,0.762380952380952,0.755238095238095,0.751904761904762,0.858571428571429,0.823333333333333,0.82952380952381,0.829047619047619,0.811904761904762,0.831904761904762,0.829047619047619,0.80047619047619,0.804285714285714,0.777142857142857,0.795238095238095,0.800952380952381,0.878095238095238,0.805714285714286,0.84,0.85,0.850952380952381,0.762857142857143,0.757142857142857,0.761904761904762,0.748571428571429,0.759047619047619,0.834761904761905,0.83047619047619,0.811904761904762,0.830952380952381,0.80047619047619,0.705714285714286,0.835714285714286,0.815714285714286,0.813809523809524,0.838095238095238,0.836666666666667,0.825238095238095,0.841904761904762,0.843809523809524,0.830952380952381,0.807142857142857,0.837619047619048,0.814761904761905,0.801428571428571,0.829047619047619,0.827142857142857,0.831904761904762,0.82952380952381,0.814285714285714,0.827142857142857,0.838571428571429,0.831904761904762,0.847142857142857,0.74,0.782044799351321,0.751865584401194,0.761656219492983,0.756932071599625,0.838178062167928,0.767192756753928,0.826599847681477,0.824830779567577,0.793624274791554,0.755435312352925,0.792884656675657,0.800990888825736,0.779790355826399,0.829387572198339,0.761915533250711,0.70194485129179,0.804506645666012,0.719438313446324,0.760453523221626,0.779804399019871,0.793129276876334,0.801044709437761,0.713324938381072,0.749361882401955,0.779409493686038,0.819617130533556,0.747514502273432,0.785005622539586,0.750657440645963,0.76131527528665,0.771633175995434,0.813197904072739,0.759428136719898,0.705830957658703,0.762769832270919,0.76090614146195,0.810048489028225,0.752587724046143,0.751516090275626,0.777848970111957,0.794617430745473,0.8306457201437
"Bradford1",0.791428571428571,0.793809523809524,0.801428571428571,0.813333333333333,0.782380952380952,0.783809523809524,0.78952380952381,0.844285714285714,0.796666666666667,0.797619047619048,0.826666666666667,0.815714285714286,0.832857142857143,0.833809523809524,0.794761904761905,0.833809523809524,0.837142857142857,0.813333333333333,1,0.777142857142857,0.787619047619048,0.808095238095238,0.787619047619048,0.738571428571429,0.74952380952381,0.75047619047619,0.745238095238095,0.741904761904762,0.816190476190476,0.823809523809524,0.822857142857143,0.822380952380952,0.783333333333333,0.832380952380952,0.784761904761905,0.793333333333333,0.83047619047619,0.763333333333333,0.778095238095238,0.824285714285714,0.819047619047619,0.788095238095238,0.864761904761905,0.866190476190476,0.805238095238095,0.751428571428571,0.742380952380952,0.750952380952381,0.732857142857143,0.743809523809524,0.833333333333333,0.898095238095238,0.79047619047619,0.787619047619048,0.804761904761905,0.703333333333333,0.834285714285714,0.838571428571429,0.836190476190476,0.789047619047619,0.800952380952381,0.811904761904762,0.816190476190476,0.842857142857143,0.823809523809524,0.789047619047619,0.839047619047619,0.803809523809524,0.826666666666667,0.822380952380952,0.827619047619048,0.788095238095238,0.822857142857143,0.837142857142857,0.814761904761905,0.827619047619048,0.795238095238095,0.873333333333333,0.693333333333333,0.780516127303056,0.788086980045042,0.812332422854322,0.774331117202147,0.809097502520163,0.816951859250378,0.815098152110293,0.784219223909634,0.750681038980129,0.806747247283554,0.77858077442938,0.798409849683098,0.767156742535528,0.81788501432828,0.774953688229688,0.762232294388635,0.809228686751259,0.818865323757497,0.813110828926617,0.801361859852143,0.792512726127202,0.818208431888302,0.75942043085648,0.80337381975917,0.770490777312754,0.770623830507828,0.778340198200554,0.787769215169574,0.779408265019204,0.76596021362607,0.708791338641135,0.785643128704187,0.783915922574787,0.781122377694985,0.822074254308012,0.775398696924885,0.790872773900295,0.801032147281242,0.769479810535813,0.79525012778175,0.791424907193698,0.79184772526824
"Chambers1",0.823809523809524,0.853809523809524,0.790952380952381,0.826666666666667,0.842857142857143,0.842857142857143,0.844761904761905,0.787142857142857,0.765714285714286,0.865238095238095,0.799047619047619,0.783809523809524,0.815238095238095,0.816190476190476,0.828571428571429,0.813809523809524,0.765238095238095,0.811428571428571,0.777142857142857,1,0.942380952380952,0.854761904761905,0.940952380952381,0.737619047619048,0.751904761904762,0.752857142857143,0.742857142857143,0.738571428571429,0.81,0.838095238095238,0.795714285714286,0.795714285714286,0.896190476190476,0.812857142857143,0.806666666666667,0.79047619047619,0.87,0.774285714285714,0.792380952380952,0.75952380952381,0.807619047619048,0.868095238095238,0.772857142857143,0.806666666666667,0.818095238095238,0.753333333333333,0.739047619047619,0.752857142857143,0.730952380952381,0.74,0.815238095238095,0.837142857142857,0.891428571428571,0.809047619047619,0.750952380952381,0.72952380952381,0.816666666666667,0.766666666666667,0.764761904761905,0.84,0.758571428571429,0.792857142857143,0.810952380952381,0.783809523809524,0.796666666666667,0.869047619047619,0.797619047619048,0.78,0.76,0.795238095238095,0.774285714285714,0.942857142857143,0.795714285714286,0.765238095238095,0.782380952380952,0.799047619047619,0.838095238095238,0.806666666666667,0.754761904761905,0.819084957447563,0.748453114445766,0.748279996355406,0.684956969845641,0.808065909614919,0.78513425656839,0.773363340540745,0.793156158221804,0.772416987172866,0.81555709093144,0.72515769571056,0.797058525070816,0.824393792401623,0.778592160535321,0.753300312652043,0.748172230611446,0.777540873398908,0.79476139003052,0.757509448348879,0.822325783770775,0.753064871041767,0.803860308956646,0.804764826303573,0.724174885759317,0.729912770873469,0.793545812816088,0.715715642307347,0.778472778283883,0.758222673215694,0.746275145752304,0.782087656562606,0.794284149662775,0.78590480928474,0.804614244776263,0.786227522942988,0.760182840497376,0.847817593954363,0.783406336294809,0.811333625320342,0.778480474891769,0.831569624478696,0.853977331553127
"Chambers2",0.815238095238095,0.835714285714286,0.79047619047619,0.813809523809524,0.831904761904762,0.831428571428571,0.823809523809524,0.797142857142857,0.784285714285714,0.840952380952381,0.817142857142857,0.78,0.82952380952381,0.83047619047619,0.80047619047619,0.828571428571429,0.769047619047619,0.831428571428571,0.787619047619048,0.942380952380952,1,0.838095238095238,0.993333333333333,0.732857142857143,0.743333333333333,0.745238095238095,0.736190476190476,0.733333333333333,0.807619047619048,0.807142857142857,0.792857142857143,0.792380952380952,0.879047619047619,0.827619047619048,0.815714285714286,0.78952380952381,0.833333333333333,0.764761904761905,0.792857142857143,0.761904761904762,0.82,0.833333333333333,0.785238095238095,0.815238095238095,0.835714285714286,0.745714285714286,0.735238095238095,0.744285714285714,0.726190476190476,0.736190476190476,0.82952380952381,0.83,0.867142857142857,0.817619047619048,0.753333333333333,0.736190476190476,0.830952380952381,0.77047619047619,0.768571428571429,0.834761904761905,0.777142857142857,0.795714285714286,0.819047619047619,0.786666666666667,0.793809523809524,0.835714285714286,0.801428571428571,0.78952380952381,0.762380952380952,0.792380952380952,0.778571428571429,0.992380952380952,0.792857142857143,0.769047619047619,0.781428571428571,0.817142857142857,0.814285714285714,0.818571428571429,0.765238095238095,0.756607503820358,0.84041326125968,0.794348535372349,0.795497203965714,0.739266327892666,0.790295656520385,0.779893220363332,0.781821414068586,0.819786283071331,0.827516742842887,0.795809349239647,0.830674061701423,0.823315472977806,0.802814572314402,0.778019641601107,0.760251383953404,0.765211805003282,0.799723381719165,0.803375566653709,0.777493218434518,0.808073917765398,0.801368375617003,0.77018532032526,0.75663664249145,0.78482772317019,0.807870729513878,0.834154648991116,0.778038534102275,0.818913448515061,0.778242865966848,0.789115228486322,0.763104576866008,0.815308560822529,0.818766272937366,0.835856131225128,0.798592145785877,0.802253565564304,0.829647885263423,0.804708644407001,0.792999331566672,0.802791595437062,0.813842144464296
"Urza1",0.815714285714286,0.84,0.807619047619048,0.856666666666667,0.823333333333333,0.823809523809524,0.87952380952381,0.812857142857143,0.808571428571429,0.88047619047619,0.837619047619048,0.814761904761905,0.828571428571429,0.82952380952381,0.851428571428571,0.827619047619048,0.796190476190476,0.841904761904762,0.808095238095238,0.854761904761905,0.838095238095238,1,0.837142857142857,0.75047619047619,0.76047619047619,0.761428571428571,0.755238095238095,0.751428571428571,0.853333333333333,0.861428571428571,0.833333333333333,0.832857142857143,0.867142857142857,0.827142857142857,0.811904761904762,0.812857142857143,0.84,0.782380952380952,0.814761904761905,0.77952380952381,0.863333333333333,0.886666666666667,0.790952380952381,0.842380952380952,0.830952380952381,0.762380952380952,0.751428571428571,0.761904761904762,0.744761904761905,0.753333333333333,0.83,0.85,0.921904761904762,0.813809523809524,0.76952380952381,0.712380952380952,0.83,0.797142857142857,0.795714285714286,0.841428571428571,0.792380952380952,0.815714285714286,0.804761904761905,0.812857142857143,0.834285714285714,0.888095238095238,0.828095238095238,0.791904761904762,0.78047619047619,0.832380952380952,0.800952380952381,0.837619047619048,0.833333333333333,0.796666666666667,0.818095238095238,0.836666666666667,0.85,0.823333333333333,0.749047619047619,0.79658498028078,0.746746810752904,0.771951822585417,0.815512189240848,0.841516530226315,0.774725416781416,0.816422869829236,0.815198283807297,0.747591253964787,0.770278183613512,0.840395377964573,0.813223442951682,0.759737772647434,0.82381858514164,0.831192945493964,0.832732949251451,0.792285315012652,0.789443397268305,0.807800175767533,0.783620548481877,0.814019574500585,0.83855249927874,0.752708198682344,0.784554130382555,0.787197250039643,0.808764506072909,0.814878138454081,0.80511946458023,0.804873889181457,0.819889937732313,0.828871729593765,0.758536105109243,0.751404921733861,0.807029999179602,0.832730602062081,0.76657647291583,0.802944244822028,0.786971537979551,0.767206750089462,0.746095739531186,0.814871692660721,0.824271568976101
"Chambers4",0.815238095238095,0.835238095238095,0.79047619047619,0.814285714285714,0.831904761904762,0.831428571428571,0.822857142857143,0.796666666666667,0.784285714285714,0.84047619047619,0.816666666666667,0.77952380952381,0.829047619047619,0.83,0.8,0.828095238095238,0.769047619047619,0.831428571428571,0.787619047619048,0.940952380952381,0.993333333333333,0.837142857142857,1,0.733809523809524,0.743333333333333,0.745238095238095,0.735714285714286,0.732857142857143,0.807619047619048,0.807142857142857,0.792380952380952,0.791904761904762,0.878571428571429,0.827142857142857,0.815238095238095,0.789047619047619,0.832380952380952,0.766190476190476,0.792857142857143,0.761904761904762,0.82,0.832857142857143,0.785238095238095,0.814761904761905,0.837142857142857,0.745714285714286,0.736190476190476,0.745238095238095,0.727142857142857,0.738095238095238,0.829047619047619,0.82952380952381,0.866190476190476,0.818095238095238,0.753333333333333,0.734761904761905,0.83047619047619,0.77047619047619,0.768571428571429,0.833809523809524,0.776666666666667,0.794761904761905,0.819047619047619,0.787142857142857,0.793333333333333,0.834761904761905,0.802380952380952,0.78952380952381,0.762380952380952,0.791904761904762,0.778095238095238,0.993333333333333,0.792380952380952,0.769047619047619,0.780952380952381,0.816666666666667,0.813809523809524,0.818571428571429,0.764285714285714,0.800956959234659,0.765631816817944,0.813264631202943,0.805786038411212,0.821220381960734,0.770806751161941,0.785229747364291,0.787376888569317,0.745224814956198,0.806916163061049,0.72975587704384,0.814977108681407,0.819816102115545,0.810189652068618,0.798521528438868,0.726525523783986,0.78192967196259,0.739233995589044,0.74263123283672,0.768772664568337,0.779106768285934,0.738439660331233,0.752501872066462,0.712764848652586,0.773144910742847,0.78736404120373,0.732469113906389,0.742427115440562,0.807814933852307,0.842516184863383,0.817390487408815,0.764735179007575,0.797449590608711,0.785599100000483,0.782227024025671,0.782687725361827,0.787916544121751,0.707942252069773,0.726812618643861,0.778099336424516,0.740114746473215,0.776431083174207
"Chambers5",0.74047619047619,0.754285714285714,0.736190476190476,0.750952380952381,0.749047619047619,0.748571428571429,0.757619047619048,0.753809523809524,0.72,0.762857142857143,0.758095238095238,0.751428571428571,0.734285714285714,0.735238095238095,0.757619047619048,0.734285714285714,0.749047619047619,0.753809523809524,0.738571428571429,0.737619047619048,0.732857142857143,0.75047619047619,0.733809523809524,1,0.929047619047619,0.928095238095238,0.904285714285714,0.90047619047619,0.777142857142857,0.742857142857143,0.752857142857143,0.752380952380952,0.745714285714286,0.732380952380952,0.742857142857143,0.717142857142857,0.773333333333333,0.778571428571429,0.707142857142857,0.73,0.762857142857143,0.740952380952381,0.738571428571429,0.761428571428571,0.754285714285714,0.92952380952381,0.951904761904762,0.93,0.79047619047619,0.952857142857143,0.734761904761905,0.746190476190476,0.742857142857143,0.744285714285714,0.724761904761905,0.630952380952381,0.735714285714286,0.75,0.748095238095238,0.758571428571429,0.714761904761905,0.747619047619048,0.752380952380952,0.756666666666667,0.753809523809524,0.741904761904762,0.753333333333333,0.720952380952381,0.730952380952381,0.752380952380952,0.757619047619048,0.734285714285714,0.752380952380952,0.749047619047619,0.741904761904762,0.759047619047619,0.744761904761905,0.75,0.647619047619048,0.803688361291224,0.817048321813921,0.796442422587121,0.753209570900567,0.856634696800426,0.747509580705044,0.706813459254189,0.831064098564423,0.770340538829029,0.776820182734138,0.72523756672578,0.820530705867085,0.82737470676476,0.76445473346993,0.782944018037516,0.793814321016264,0.759397217252288,0.654766297150773,0.74780781737892,0.797603085374791,0.779340838128395,0.780898909054125,0.667391063815499,0.742227415158309,0.756471782939867,0.755041048548592,0.757255334046242,0.815328658466058,0.783325750066055,0.811878981626906,0.732337443040513,0.8134836378172,0.767608127472413,0.843727879055296,0.811519758828759,0.780263761295653,0.728703039891134,0.733632310348201,0.734132946247962,0.749830496690539,0.71025453033253,0.762634703599979
"Chambers6",0.746666666666667,0.764761904761905,0.745238095238095,0.755714285714286,0.758095238095238,0.758095238095238,0.76952380952381,0.762380952380952,0.723333333333333,0.776190476190476,0.763333333333333,0.756190476190476,0.743809523809524,0.743809523809524,0.767142857142857,0.742857142857143,0.753333333333333,0.761428571428571,0.74952380952381,0.751904761904762,0.743333333333333,0.76047619047619,0.743333333333333,0.929047619047619,1,0.99047619047619,0.931428571428571,0.928571428571429,0.782380952380952,0.75047619047619,0.757619047619048,0.756666666666667,0.757142857142857,0.740952380952381,0.75,0.72952380952381,0.790952380952381,0.79,0.719047619047619,0.737619047619048,0.772380952380952,0.755238095238095,0.746190476190476,0.76952380952381,0.764761904761905,0.987619047619048,0.904285714285714,0.986190476190476,0.797142857142857,0.904285714285714,0.743333333333333,0.761904761904762,0.756666666666667,0.751904761904762,0.736666666666667,0.638571428571429,0.744285714285714,0.754285714285714,0.752380952380952,0.765714285714286,0.719047619047619,0.756666666666667,0.757619047619048,0.766666666666667,0.758571428571429,0.756190476190476,0.760952380952381,0.727142857142857,0.738571428571429,0.756666666666667,0.760952380952381,0.744761904761905,0.757142857142857,0.753333333333333,0.746190476190476,0.763809523809524,0.752857142857143,0.756190476190476,0.656190476190476,0.775051874629192,0.784187619427147,0.697352193081373,0.718593075041012,0.775406929174247,0.772603668793198,0.737757271795536,0.758642914832854,0.761512093623991,0.762813775596958,0.763934848662469,0.753514438244052,0.808619397312095,0.767708684261883,0.768923695721484,0.772943641009984,0.758212419200282,0.759865651739406,0.723271922047635,0.739611677287901,0.71528098605546,0.830213490591487,0.731335721579403,0.725935094215033,0.761830255646437,0.802523949860912,0.758446173686942,0.740610136583602,0.814374732538302,0.801376142747555,0.80087275526127,0.773855034758453,0.780280586494669,0.770554619421319,0.791873454017167,0.759398151555765,0.737420665697534,0.766468726734321,0.761863777598631,0.764600991829673,0.762041091728441,0.811649595197916
"Chambers7",0.747619047619048,0.765714285714286,0.746190476190476,0.756666666666667,0.759047619047619,0.759047619047619,0.771904761904762,0.762857142857143,0.724285714285714,0.777619047619048,0.764285714285714,0.757142857142857,0.743809523809524,0.744761904761905,0.768095238095238,0.743809523809524,0.754285714285714,0.762380952380952,0.75047619047619,0.752857142857143,0.745238095238095,0.761428571428571,0.745238095238095,0.928095238095238,0.99047619047619,1,0.92952380952381,0.929047619047619,0.783333333333333,0.751904761904762,0.758571428571429,0.757619047619048,0.758571428571429,0.741904761904762,0.750952380952381,0.73047619047619,0.791428571428571,0.79,0.71952380952381,0.738571428571429,0.773333333333333,0.756666666666667,0.747142857142857,0.77047619047619,0.765714285714286,0.98952380952381,0.906190476190476,0.987142857142857,0.795714285714286,0.905238095238095,0.744285714285714,0.762857142857143,0.757142857142857,0.752857142857143,0.737619047619048,0.639047619047619,0.745238095238095,0.755238095238095,0.753333333333333,0.766666666666667,0.72,0.757619047619048,0.758571428571429,0.767619047619048,0.75952380952381,0.757619047619048,0.761904761904762,0.728095238095238,0.73952380952381,0.757619047619048,0.761904761904762,0.746666666666667,0.758095238095238,0.754285714285714,0.747142857142857,0.764761904761905,0.753809523809524,0.757142857142857,0.657142857142857,0.80417305406759,0.808672455505245,0.744338094156152,0.787215927161263,0.780734079861339,0.845678781258039,0.73288437976799,0.758140305161814,0.810997895727027,0.797653680954766,0.782619871949645,0.776833322578141,0.775244771086452,0.795782705006161,0.819693753663891,0.755302549273089,0.801846973799559,0.78910375682231,0.79686595937176,0.768860728628993,0.773483927200896,0.748987808430996,0.741470523891693,0.754952209539218,0.764979379166291,0.772301568522278,0.761105713927766,0.77494850946497,0.823655467906165,0.811907049181074,0.783185924927202,0.812074304196751,0.77663162140449,0.802323857262176,0.834492041091792,0.759031344926453,0.732011272102788,0.730943139764691,0.776548006624818,0.72625334453809,0.791669422472562,0.793298033388197
"Chambers8",0.74,0.758571428571429,0.74,0.756190476190476,0.754285714285714,0.754285714285714,0.761428571428571,0.761428571428571,0.72,0.769047619047619,0.758571428571429,0.751428571428571,0.74,0.740952380952381,0.75952380952381,0.74,0.753809523809524,0.755238095238095,0.745238095238095,0.742857142857143,0.736190476190476,0.755238095238095,0.735714285714286,0.904285714285714,0.931428571428571,0.92952380952381,1,0.981904761904762,0.78,0.746666666666667,0.753333333333333,0.752857142857143,0.745714285714286,0.738095238095238,0.743809523809524,0.725238095238095,0.782380952380952,0.791428571428571,0.712380952380952,0.735238095238095,0.765238095238095,0.745714285714286,0.741904761904762,0.765238095238095,0.761428571428571,0.92952380952381,0.900952380952381,0.93047619047619,0.799047619047619,0.90047619047619,0.741428571428571,0.75,0.748571428571429,0.745238095238095,0.73,0.633809523809524,0.741428571428571,0.754761904761905,0.752857142857143,0.755714285714286,0.715714285714286,0.751428571428571,0.754285714285714,0.757619047619048,0.754761904761905,0.746666666666667,0.759047619047619,0.72,0.736190476190476,0.752380952380952,0.76047619047619,0.737142857142857,0.753333333333333,0.753809523809524,0.743333333333333,0.759047619047619,0.745238095238095,0.752380952380952,0.64952380952381,0.803355980034638,0.812839102177006,0.811669548573975,0.758713321712551,0.794367160688038,0.750603114619808,0.78082135933097,0.793216132225023,0.791296883794546,0.779726488887945,0.785504597672832,0.787331164429921,0.755059185554381,0.804539073428445,0.781003491756209,0.757394678679728,0.787814231014607,0.813347627546866,0.76189210856786,0.778949278438358,0.762278094201635,0.734239529564423,0.75811698747648,0.730122749571268,0.728500375443292,0.782364391035432,0.77739987278073,0.74231479792571,0.834504939332362,0.792640782710023,0.787158715862323,0.747826823471323,0.826764589665295,0.795534852062408,0.843564431379071,0.759287056434101,0.774738161498377,0.697708008455076,0.729376659356483,0.654845686996419,0.789957273859211,0.720201348531128
"Chambers9",0.736666666666667,0.755714285714286,0.736190476190476,0.752857142857143,0.750952380952381,0.751904761904762,0.758095238095238,0.758095238095238,0.717142857142857,0.765238095238095,0.755714285714286,0.748095238095238,0.737142857142857,0.738095238095238,0.755238095238095,0.737142857142857,0.75047619047619,0.751904761904762,0.741904761904762,0.738571428571429,0.733333333333333,0.751428571428571,0.732857142857143,0.90047619047619,0.928571428571429,0.929047619047619,0.981904761904762,1,0.777142857142857,0.742857142857143,0.75047619047619,0.75,0.742380952380952,0.735238095238095,0.73952380952381,0.721428571428571,0.777142857142857,0.788095238095238,0.70952380952381,0.731428571428571,0.763809523809524,0.741904761904762,0.738095238095238,0.761428571428571,0.758571428571429,0.926666666666667,0.9,0.928095238095238,0.795238095238095,0.897142857142857,0.738095238095238,0.746190476190476,0.745238095238095,0.741904761904762,0.726190476190476,0.632857142857143,0.738571428571429,0.751428571428571,0.75047619047619,0.752857142857143,0.711904761904762,0.747619047619048,0.751904761904762,0.753809523809524,0.751904761904762,0.742857142857143,0.755714285714286,0.716666666666667,0.732380952380952,0.74952380952381,0.757142857142857,0.734285714285714,0.75047619047619,0.75047619047619,0.74,0.756190476190476,0.742380952380952,0.74952380952381,0.647142857142857,0.798491264399378,0.791691408666584,0.771419169523737,0.841682017618745,0.729226476219312,0.786056660212513,0.804318187510458,0.791058544467684,0.804626960857432,0.772942789079546,0.832369856786738,0.786867355407094,0.847385115919879,0.828851900625726,0.778362035962233,0.792408435931475,0.739183123999551,0.773456387645918,0.755998384242066,0.753994246730852,0.768649370357332,0.830027196322106,0.786947373070225,0.785478515868258,0.717863740329311,0.789958198959451,0.790408653593064,0.745828901291877,0.82216427655876,0.770557681873964,0.732176984578332,0.802024272448975,0.763632621358266,0.737232853620234,0.827377591689645,0.752392356677277,0.815589880176569,0.761350261371011,0.752286231175848,0.78078006490519,0.781469140512822,0.820384460120961
"Copeland1",0.831904761904762,0.826666666666667,0.836190476190476,0.851428571428571,0.809047619047619,0.81047619047619,0.813809523809524,0.86047619047619,0.824285714285714,0.830952380952381,0.847142857142857,0.846666666666667,0.833809523809524,0.834761904761905,0.813333333333333,0.833333333333333,0.822857142857143,0.858571428571429,0.816190476190476,0.81,0.807619047619048,0.853333333333333,0.807619047619048,0.777142857142857,0.782380952380952,0.783333333333333,0.78,0.777142857142857,1,0.82047619047619,0.853333333333333,0.852380952380952,0.815238095238095,0.831904761904762,0.831904761904762,0.787619047619048,0.808571428571429,0.806666666666667,0.799047619047619,0.797619047619048,0.88,0.815238095238095,0.818095238095238,0.851428571428571,0.832857142857143,0.784761904761905,0.781428571428571,0.783809523809524,0.770952380952381,0.783333333333333,0.834285714285714,0.823809523809524,0.816190476190476,0.833333333333333,0.799047619047619,0.703809523809524,0.835238095238095,0.824285714285714,0.822380952380952,0.833333333333333,0.80952380952381,0.826666666666667,0.823333333333333,0.837619047619048,0.853809523809524,0.816190476190476,0.862857142857143,0.818095238095238,0.798571428571429,0.852380952380952,0.826190476190476,0.809047619047619,0.852857142857143,0.823809523809524,0.839047619047619,0.846666666666667,0.84952380952381,0.834761904761905,0.737619047619048,0.741893707962855,0.780384260544456,0.780661742830754,0.811991297012137,0.813080510808138,0.810758282398799,0.742968568014293,0.747252893740497,0.781883153967225,0.791070747988117,0.817916593299989,0.792058091085315,0.822327007559011,0.848423076314959,0.801447814765605,0.868851495200107,0.753831186060113,0.798685207018851,0.789638363632375,0.720981839058071,0.777409143376931,0.766298725775425,0.754927506738553,0.807444655229023,0.802061643443889,0.775767277655553,0.831254397002724,0.789138875067538,0.785317812165082,0.790748326396253,0.680784464515911,0.811201076581434,0.757308141027815,0.782587864080763,0.814412025062597,0.782522368211858,0.82076748606115,0.782238913340932,0.761748732042502,0.76999577446606,0.782950102944544,0.811020222117013
"Copeland5",0.794285714285714,0.818095238095238,0.802857142857143,0.816190476190476,0.801904761904762,0.802857142857143,0.847619047619048,0.838571428571429,0.785238095238095,0.87,0.805238095238095,0.806190476190476,0.795714285714286,0.796666666666667,0.906190476190476,0.794761904761905,0.88,0.823333333333333,0.823809523809524,0.838095238095238,0.807142857142857,0.861428571428571,0.807142857142857,0.742857142857143,0.75047619047619,0.751904761904762,0.746666666666667,0.742857142857143,0.82047619047619,1,0.806666666666667,0.806190476190476,0.854761904761905,0.793333333333333,0.793333333333333,0.79047619047619,0.834761904761905,0.773809523809524,0.80952380952381,0.787619047619048,0.803809523809524,0.887142857142857,0.812380952380952,0.838095238095238,0.804761904761905,0.752380952380952,0.747142857142857,0.752380952380952,0.73952380952381,0.748095238095238,0.796190476190476,0.847619047619048,0.84952380952381,0.795238095238095,0.768571428571429,0.75,0.797142857142857,0.882857142857143,0.88,0.81,0.785714285714286,0.807142857142857,0.819047619047619,0.834761904761905,0.807619047619048,0.888571428571429,0.812380952380952,0.79047619047619,0.788571428571429,0.806190476190476,0.863809523809524,0.807142857142857,0.806666666666667,0.882380952380952,0.797619047619048,0.804285714285714,0.815238095238095,0.838095238095238,0.723333333333333,0.829990783247841,0.745526641340645,0.826326751369836,0.792048241560673,0.787070266835558,0.763583615389212,0.818213691632754,0.846696018402523,0.786843774433112,0.814477845676953,0.809093064439,0.788133878087625,0.803578333576666,0.819324963855011,0.809039523837127,0.791246409492338,0.79685350376602,0.757478654744109,0.785046699906808,0.774744544522488,0.791368395164581,0.746912246542132,0.791301708898984,0.781195718592431,0.807380577509462,0.797998960369694,0.821275652387887,0.749179568114233,0.753436022666954,0.81543218478485,0.784549933572102,0.748896459180651,0.790331203265107,0.75225169664109,0.809312137654944,0.781422423502949,0.807944366971982,0.766319783581377,0.790268226034686,0.774783595890021,0.811475019360825,0.838542165704878
"Copeland9",0.83,0.81047619047619,0.829047619047619,0.840952380952381,0.800952380952381,0.803333333333333,0.79952380952381,0.82047619047619,0.835238095238095,0.807142857142857,0.92952380952381,0.912857142857143,0.851904761904762,0.852380952380952,0.804761904761905,0.850952380952381,0.811904761904762,0.82952380952381,0.822857142857143,0.795714285714286,0.792857142857143,0.833333333333333,0.792380952380952,0.752857142857143,0.757619047619048,0.758571428571429,0.753333333333333,0.75047619047619,0.853333333333333,0.806666666666667,1,0.996190476190476,0.786666666666667,0.85,0.788095238095238,0.774285714285714,0.807619047619048,0.777619047619048,0.796190476190476,0.795714285714286,0.862380952380952,0.798571428571429,0.799047619047619,0.837619047619048,0.808571428571429,0.758571428571429,0.758571428571429,0.758095238095238,0.747142857142857,0.759047619047619,0.851904761904762,0.811428571428571,0.797619047619048,0.79047619047619,0.787619047619048,0.696190476190476,0.853333333333333,0.812857142857143,0.811428571428571,0.811428571428571,0.80952380952381,0.85047619047619,0.808571428571429,0.83047619047619,0.997142857142857,0.79952380952381,0.81952380952381,0.784285714285714,0.796666666666667,0.996666666666667,0.813333333333333,0.793809523809524,0.997142857142857,0.811428571428571,0.941428571428571,0.929047619047619,0.806666666666667,0.841428571428571,0.70952380952381,0.712134903828185,0.780195387793898,0.82401301756236,0.81760065168559,0.841604625593772,0.793269565409681,0.723355729650101,0.755322724233871,0.766555681671946,0.74006325933171,0.850899700838434,0.767522265392467,0.839117326962126,0.853501794458614,0.806600912365097,0.830565559326191,0.816712049329474,0.846260495816792,0.846416280302829,0.771671321226551,0.706935335784972,0.787731004159587,0.845905061436378,0.89736846741824,0.858622073925342,0.737690010212641,0.866072972600307,0.814250077811554,0.772506488495673,0.736312065486856,0.7696818852884,0.732356314546849,0.819676687837273,0.787601595458,0.778761236523542,0.755865066254144,0.789998389356536,0.806308499559362,0.808178206628802,0.785952503799264,0.790589673852173,0.864677030892429
"Downs1",0.83047619047619,0.81047619047619,0.828571428571429,0.84,0.80047619047619,0.802857142857143,0.799047619047619,0.82,0.834285714285714,0.806666666666667,0.928571428571429,0.910952380952381,0.851428571428571,0.851904761904762,0.804285714285714,0.85047619047619,0.811428571428571,0.829047619047619,0.822380952380952,0.795714285714286,0.792380952380952,0.832857142857143,0.791904761904762,0.752380952380952,0.756666666666667,0.757619047619048,0.752857142857143,0.75,0.852380952380952,0.806190476190476,0.996190476190476,1,0.786190476190476,0.84952380952381,0.788095238095238,0.773809523809524,0.807142857142857,0.776666666666667,0.795714285714286,0.795238095238095,0.861904761904762,0.798095238095238,0.798571428571429,0.837142857142857,0.808571428571429,0.757619047619048,0.758095238095238,0.757142857142857,0.747142857142857,0.758571428571429,0.851428571428571,0.810952380952381,0.797619047619048,0.79047619047619,0.787142857142857,0.695714285714286,0.852857142857143,0.812380952380952,0.810952380952381,0.810952380952381,0.80952380952381,0.84952380952381,0.808095238095238,0.83,0.995238095238095,0.799047619047619,0.819047619047619,0.783809523809524,0.796190476190476,0.994761904761905,0.812857142857143,0.793333333333333,0.996190476190476,0.810952380952381,0.94047619047619,0.929047619047619,0.807142857142857,0.840952380952381,0.709047619047619,0.78391559742167,0.818062142904536,0.831256447067925,0.811609203328318,0.845463079337192,0.818450005272238,0.811367816126015,0.777980259992731,0.816074137235096,0.807015088859968,0.837179764840211,0.800967383199284,0.829030015360117,0.848516729204147,0.817374781002775,0.859085757320648,0.808960911214777,0.836281808758635,0.81245911175243,0.795589918276031,0.752020023143307,0.774253555837369,0.873263799311135,0.819530444909052,0.849249364777888,0.861475142706117,0.85709207551456,0.782283896739256,0.763083903085823,0.766872415945835,0.779196007017378,0.78419209734288,0.818152339650584,0.781485157148458,0.786666879924595,0.883990848698554,0.845678164417908,0.854380392814801,0.848909561854588,0.869058566231377,0.825833765472205,0.852796430689783
"Downs2",0.786190476190476,0.838095238095238,0.76952380952381,0.823809523809524,0.851904761904762,0.852857142857143,0.906666666666667,0.796190476190476,0.763333333333333,0.898095238095238,0.79,0.782380952380952,0.787619047619048,0.788571428571429,0.860952380952381,0.786666666666667,0.768571428571429,0.811904761904762,0.783333333333333,0.896190476190476,0.879047619047619,0.867142857142857,0.878571428571429,0.745714285714286,0.757142857142857,0.758571428571429,0.745714285714286,0.742380952380952,0.815238095238095,0.854761904761905,0.786666666666667,0.786190476190476,1,0.785238095238095,0.808095238095238,0.793809523809524,0.843333333333333,0.787142857142857,0.809047619047619,0.761428571428571,0.802380952380952,0.947142857142857,0.772380952380952,0.807619047619048,0.816190476190476,0.76,0.745714285714286,0.759047619047619,0.738095238095238,0.746666666666667,0.788095238095238,0.865238095238095,0.896666666666667,0.810952380952381,0.753333333333333,0.725238095238095,0.789047619047619,0.77,0.768095238095238,0.849047619047619,0.753809523809524,0.80952380952381,0.797142857142857,0.788571428571429,0.787619047619048,0.94952380952381,0.801904761904762,0.782380952380952,0.761904761904762,0.786190476190476,0.778571428571429,0.878571428571429,0.786666666666667,0.768571428571429,0.773809523809524,0.79,0.847142857142857,0.794285714285714,0.774761904761905,0.770809632859752,0.815792501253003,0.874210008159483,0.815748297731481,0.803594646592201,0.819268293780311,0.814433112720268,0.804667936631273,0.793945437733569,0.764911886989634,0.835078903109317,0.854903414644839,0.867575058106608,0.867438826003349,0.801221844066932,0.852403039765479,0.8244680266978,0.865705648965102,0.834816877777968,0.777393139155526,0.717718664226805,0.802967479955546,0.833363715081236,0.861498551150829,0.857765447963101,0.82646359344868,0.860086457403519,0.792842608655241,0.781456054323663,0.828659781451979,0.736843480339964,0.841926681938627,0.850912048816306,0.813827237151819,0.799580175386067,0.840940629161065,0.855203635712322,0.845740613629578,0.829246007507539,0.871959775447679,0.849799808260577,0.815591268785432
"Downs3",0.829047619047619,0.798095238095238,0.836190476190476,0.851904761904762,0.791904761904762,0.793333333333333,0.799047619047619,0.815714285714286,0.837142857142857,0.802380952380952,0.855238095238095,0.817142857142857,0.993333333333333,0.993809523809524,0.793333333333333,0.996190476190476,0.791428571428571,0.831904761904762,0.832380952380952,0.812857142857143,0.827619047619048,0.827142857142857,0.827142857142857,0.732380952380952,0.740952380952381,0.741904761904762,0.738095238095238,0.735238095238095,0.831904761904762,0.793333333333333,0.85,0.84952380952381,0.785238095238095,1,0.793809523809524,0.771428571428571,0.783809523809524,0.765238095238095,0.83047619047619,0.788095238095238,0.871428571428571,0.795714285714286,0.814285714285714,0.850952380952381,0.815238095238095,0.742380952380952,0.734761904761905,0.741904761904762,0.733333333333333,0.735714285714286,0.993333333333333,0.832857142857143,0.819047619047619,0.796666666666667,0.776190476190476,0.701428571428571,0.993333333333333,0.792380952380952,0.790952380952381,0.796190476190476,0.814285714285714,0.811428571428571,0.806190476190476,0.815238095238095,0.850952380952381,0.797142857142857,0.827619047619048,0.79047619047619,0.78952380952381,0.84952380952381,0.791904761904762,0.828095238095238,0.84952380952381,0.790952380952381,0.836666666666667,0.855238095238095,0.799047619047619,0.845238095238095,0.727619047619048,0.805675497174946,0.797920073569154,0.89053632291128,0.824270135020966,0.865199194311304,0.850838888441595,0.841169059936163,0.804311024850919,0.821699610314019,0.802830043500894,0.835595838058956,0.842392329783765,0.837253102817471,0.831790971172811,0.825819781816149,0.865159941436173,0.834839790921575,0.856274069035736,0.86807103419019,0.796546251433653,0.7785330726166,0.732583055854355,0.851880888368336,0.872438706081935,0.8656462105753,0.803367114724134,0.880406181259704,0.837709622320743,0.769465057937354,0.853200113547029,0.819275663423248,0.855006982508387,0.841423760278342,0.838335822587572,0.832375754699456,0.828993883780954,0.822050325588991,0.849997549501474,0.841635798366244,0.843262638424242,0.847262837280592,0.850129683655865
"Fleishman1",0.832380952380952,0.873333333333333,0.8,0.839047619047619,0.865714285714286,0.866190476190476,0.79047619047619,0.814285714285714,0.80952380952381,0.812380952380952,0.816190476190476,0.785714285714286,0.795238095238095,0.796666666666667,0.807619047619048,0.795714285714286,0.783333333333333,0.829047619047619,0.784761904761905,0.806666666666667,0.815714285714286,0.811904761904762,0.815238095238095,0.742857142857143,0.75,0.750952380952381,0.743809523809524,0.73952380952381,0.831904761904762,0.793333333333333,0.788095238095238,0.788095238095238,0.808095238095238,0.793809523809524,1,0.768095238095238,0.806666666666667,0.777142857142857,0.77047619047619,0.765714285714286,0.816190476190476,0.805238095238095,0.777619047619048,0.805714285714286,0.88,0.752380952380952,0.744285714285714,0.752380952380952,0.732857142857143,0.745714285714286,0.796190476190476,0.808571428571429,0.807619047619048,0.993333333333333,0.756666666666667,0.686666666666667,0.797142857142857,0.784761904761905,0.782857142857143,0.862857142857143,0.798571428571429,0.793809523809524,0.805238095238095,0.795238095238095,0.788571428571429,0.807142857142857,0.841904761904762,0.882857142857143,0.766666666666667,0.787619047619048,0.788571428571429,0.816666666666667,0.788095238095238,0.783333333333333,0.776190476190476,0.816190476190476,0.862857142857143,0.797619047619048,0.718095238095238,0.789192156584341,0.758486351069115,0.761298452499726,0.796515708722123,0.738655484453655,0.772214362356711,0.858607007437213,0.799102357536694,0.838533976768608,0.789569390900614,0.740328908863098,0.77950216895814,0.719509124235926,0.778245361770833,0.787520524048922,0.773546812147075,0.806572086861585,0.767389139766802,0.751863923915471,0.794722501876088,0.743915667284242,0.789542364579722,0.755568704506796,0.783186679779777,0.744113197947524,0.812178606261625,0.785450978901953,0.729942313287598,0.793506962692508,0.788658401114973,0.773041141302974,0.751775542680951,0.826526676400828,0.80487579515982,0.792411531184472,0.787745534390333,0.820574005032949,0.781468920452198,0.814135978615096,0.81699441319304,0.800159659784048,0.794825031189232
"Fleishman5",0.758095238095238,0.773809523809524,0.767619047619048,0.781904761904762,0.766190476190476,0.767142857142857,0.784761904761905,0.81,0.753809523809524,0.822380952380952,0.773333333333333,0.82,0.773809523809524,0.774761904761905,0.792857142857143,0.773333333333333,0.791428571428571,0.80047619047619,0.793333333333333,0.79047619047619,0.78952380952381,0.812857142857143,0.789047619047619,0.717142857142857,0.72952380952381,0.73047619047619,0.725238095238095,0.721428571428571,0.787619047619048,0.79047619047619,0.774285714285714,0.773809523809524,0.793809523809524,0.771428571428571,0.768095238095238,1,0.79952380952381,0.744761904761905,0.78047619047619,0.9,0.786666666666667,0.78952380952381,0.836190476190476,0.803333333333333,0.784285714285714,0.731428571428571,0.717142857142857,0.730952380952381,0.717619047619048,0.719047619047619,0.774285714285714,0.806190476190476,0.828571428571429,0.77,0.876666666666667,0.67952380952381,0.775238095238095,0.793333333333333,0.791428571428571,0.793809523809524,0.751428571428571,0.820952380952381,0.794761904761905,0.811428571428571,0.775238095238095,0.79047619047619,0.81047619047619,0.848095238095238,0.902380952380952,0.773809523809524,0.80952380952381,0.79,0.774285714285714,0.791904761904762,0.76047619047619,0.773809523809524,0.782380952380952,0.78952380952381,0.685714285714286,0.809701872791051,0.826171945289699,0.811976750164818,0.845140766562183,0.806748304231456,0.757015581617067,0.829594969958457,0.799111972470976,0.759788558308852,0.786671380679124,0.815861539074761,0.775160972553037,0.770877215185822,0.816778496693552,0.742105892762269,0.769137913445405,0.766189575939112,0.757968332052708,0.774692153640364,0.767532772376715,0.782804001511101,0.771238610364021,0.746168107515463,0.735707883098154,0.734315246578645,0.764157392604297,0.716705166552518,0.840470720493654,0.803611359234689,0.79486647982488,0.794534022967474,0.737464825908224,0.782532420820949,0.808276193797882,0.806970625030124,0.768764649015744,0.770326984087981,0.726023205668236,0.759675783506746,0.81423919618236,0.775496671190718,0.796766336367962
"Fleishman7",0.794761904761905,0.836190476190476,0.775238095238095,0.811428571428571,0.827142857142857,0.828095238095238,0.821428571428571,0.808571428571429,0.767142857142857,0.847619047619048,0.813809523809524,0.802857142857143,0.786190476190476,0.787619047619048,0.847619047619048,0.785238095238095,0.798095238095238,0.804285714285714,0.83047619047619,0.87,0.833333333333333,0.84,0.832380952380952,0.773333333333333,0.790952380952381,0.791428571428571,0.782380952380952,0.777142857142857,0.808571428571429,0.834761904761905,0.807619047619048,0.807142857142857,0.843333333333333,0.783809523809524,0.806666666666667,0.79952380952381,1,0.788571428571429,0.774285714285714,0.779047619047619,0.808571428571429,0.834285714285714,0.795238095238095,0.814761904761905,0.808095238095238,0.792380952380952,0.773333333333333,0.791904761904762,0.756666666666667,0.775238095238095,0.786666666666667,0.841904761904762,0.83952380952381,0.809047619047619,0.770952380952381,0.698095238095238,0.787619047619048,0.79952380952381,0.797619047619048,0.83952380952381,0.756190476190476,0.802857142857143,0.806190476190476,0.801904761904762,0.808571428571429,0.835238095238095,0.796190476190476,0.795238095238095,0.780952380952381,0.807142857142857,0.808571428571429,0.834285714285714,0.808095238095238,0.798095238095238,0.791904761904762,0.813809523809524,0.83047619047619,0.802857142857143,0.72,0.756553115169858,0.772726090043205,0.767655096493206,0.750467786419377,0.820451589956442,0.738818043642222,0.816168775713044,0.744485107882566,0.75840614906316,0.775159830536652,0.755954682099697,0.813538873255459,0.822429363174743,0.817617911539293,0.746687197279337,0.76386849536939,0.784257403741187,0.817757761124751,0.754958456492547,0.743421340053836,0.77393720080465,0.806066121370205,0.760031094143751,0.836453671867068,0.748869796716881,0.81244736784377,0.798109960605027,0.731641450124405,0.807556070014915,0.79579773092471,0.827243012800252,0.771446469439415,0.801172461698758,0.803091066781262,0.802586115562713,0.803479188274559,0.851149951924673,0.813303831553132,0.791743064124651,0.767867547564929,0.80101309042099,0.847920921200632
"Getts1",0.761428571428571,0.785714285714286,0.754761904761905,0.788571428571429,0.786190476190476,0.787142857142857,0.770952380952381,0.773333333333333,0.754761904761905,0.801428571428571,0.786666666666667,0.778571428571429,0.766666666666667,0.767619047619048,0.77952380952381,0.766666666666667,0.765238095238095,0.777142857142857,0.763333333333333,0.774285714285714,0.764761904761905,0.782380952380952,0.766190476190476,0.778571428571429,0.79,0.79,0.791428571428571,0.788095238095238,0.806666666666667,0.773809523809524,0.777619047619048,0.776666666666667,0.787142857142857,0.765238095238095,0.777142857142857,0.744761904761905,0.788571428571429,1,0.75,0.753333333333333,0.792857142857143,0.783809523809524,0.756190476190476,0.791904761904762,0.783333333333333,0.78952380952381,0.783333333333333,0.790952380952381,0.871428571428571,0.783333333333333,0.767142857142857,0.783809523809524,0.773333333333333,0.78,0.744761904761905,0.654761904761905,0.768095238095238,0.766190476190476,0.764285714285714,0.786666666666667,0.74,0.770952380952381,0.776190476190476,0.776190476190476,0.778571428571429,0.785714285714286,0.779047619047619,0.750952380952381,0.753809523809524,0.777142857142857,0.771904761904762,0.766190476190476,0.777619047619048,0.765238095238095,0.765238095238095,0.787619047619048,0.777142857142857,0.769047619047619,0.68,0.786910400778098,0.83971952184022,0.788055564051722,0.804152175074443,0.820360504686496,0.836433712238909,0.780440584370576,0.781100824638331,0.82857732646682,0.71860643771399,0.819319520057207,0.797749092532128,0.819845320800302,0.84170317247256,0.825097063144438,0.805330340064011,0.762163950492057,0.835919772281301,0.836533633544838,0.778828231023147,0.785714251956046,0.794401204542307,0.763956079883327,0.760150245868795,0.791296498621747,0.749298762813165,0.788879455902986,0.788993832977752,0.738754581481924,0.745189936908883,0.830865920368478,0.772698331788721,0.791282766540791,0.787801596164077,0.808350378741376,0.792008874673704,0.838437758615047,0.830669973843436,0.792903184177873,0.80362287740149,0.781514272267022,0.835704543631709
"Getts3",0.77047619047619,0.778571428571429,0.764761904761905,0.801904761904762,0.772380952380952,0.774285714285714,0.8,0.787142857142857,0.784761904761905,0.828571428571429,0.800952380952381,0.783333333333333,0.831904761904762,0.833333333333333,0.789047619047619,0.831904761904762,0.763333333333333,0.795238095238095,0.778095238095238,0.792380952380952,0.792857142857143,0.814761904761905,0.792857142857143,0.707142857142857,0.719047619047619,0.71952380952381,0.712380952380952,0.70952380952381,0.799047619047619,0.80952380952381,0.796190476190476,0.795714285714286,0.809047619047619,0.83047619047619,0.77047619047619,0.78047619047619,0.774285714285714,0.75,1,0.781904761904762,0.811904761904762,0.834761904761905,0.777619047619048,0.808571428571429,0.778095238095238,0.72047619047619,0.706190476190476,0.71952380952381,0.706666666666667,0.707619047619048,0.834761904761905,0.824285714285714,0.799047619047619,0.773809523809524,0.758571428571429,0.743809523809524,0.833809523809524,0.765238095238095,0.763809523809524,0.784285714285714,0.764285714285714,0.777619047619048,0.772857142857143,0.778571428571429,0.797142857142857,0.835238095238095,0.786666666666667,0.767619047619048,0.781904761904762,0.795714285714286,0.768095238095238,0.794285714285714,0.796190476190476,0.763809523809524,0.782857142857143,0.801428571428571,0.778095238095238,0.795238095238095,0.748571428571429,0.79209322485821,0.824674416414008,0.815139349835302,0.844393237862151,0.815779784448088,0.781162355797417,0.80088715594477,0.759834672743625,0.808653815340008,0.812461625033481,0.806903404040049,0.835169577389612,0.809771451496378,0.776971074700859,0.791610731149625,0.817196721343064,0.783457424130627,0.794702402792485,0.78355871759266,0.804525276981332,0.80778971027628,0.786350813815466,0.757449230207801,0.797591733843885,0.80284711997669,0.824033207905239,0.778550393139477,0.826284598605693,0.804711954885498,0.779071439726092,0.832408105681686,0.809394073043296,0.834518829931109,0.820530673756127,0.806706825379411,0.77370617316535,0.721499811805958,0.817720575095763,0.821027927288049,0.798442648750816,0.785874636527308,0.796527065857066
"Holdrege1",0.763809523809524,0.772857142857143,0.776666666666667,0.79,0.77,0.771428571428571,0.762380952380952,0.837142857142857,0.77952380952381,0.786190476190476,0.795714285714286,0.834761904761905,0.788095238095238,0.78952380952381,0.782857142857143,0.788571428571429,0.816190476190476,0.800952380952381,0.824285714285714,0.75952380952381,0.761904761904762,0.77952380952381,0.761904761904762,0.73,0.737619047619048,0.738571428571429,0.735238095238095,0.731428571428571,0.797619047619048,0.787619047619048,0.795714285714286,0.795238095238095,0.761428571428571,0.788095238095238,0.765714285714286,0.9,0.779047619047619,0.753333333333333,0.781904761904762,1,0.796666666666667,0.759047619047619,0.878571428571429,0.820952380952381,0.783333333333333,0.739047619047619,0.730952380952381,0.738571428571429,0.72952380952381,0.733809523809524,0.789047619047619,0.789047619047619,0.76952380952381,0.768095238095238,0.903809523809524,0.678571428571429,0.79,0.817619047619048,0.815714285714286,0.783333333333333,0.773809523809524,0.835714285714286,0.79952380952381,0.837619047619048,0.796666666666667,0.76047619047619,0.81952380952381,0.84,0.994761904761905,0.795238095238095,0.832857142857143,0.762857142857143,0.795714285714286,0.816190476190476,0.785714285714286,0.797142857142857,0.778095238095238,0.805714285714286,0.676190476190476,0.765292762355697,0.825221305434588,0.807448078694062,0.803690332136179,0.844261232808087,0.85490352503075,0.782743160028762,0.760075300120444,0.751446241474812,0.769800185425678,0.777211105681969,0.847082212278796,0.771388085089296,0.849464996728387,0.808352590136693,0.755381394440905,0.804996847933117,0.805249472682243,0.802620207682164,0.732556034528505,0.751812647315764,0.745728350305287,0.761753463590261,0.770341746734299,0.746843084744354,0.817733437913176,0.821214533961906,0.797782716883858,0.825452212776583,0.852692468781341,0.81011733433958,0.780854799160853,0.778563182651579,0.769256095934698,0.800728442315375,0.777237298130347,0.748787964395773,0.789417549586968,0.804820044346648,0.79208014995791,0.817232029715695,0.829208477973972
"Hufft1",0.835714285714286,0.821904761904762,0.842857142857143,0.866666666666667,0.811428571428571,0.812857142857143,0.818571428571429,0.833809523809524,0.847619047619048,0.828571428571429,0.870952380952381,0.846666666666667,0.872857142857143,0.873333333333333,0.805714285714286,0.872857142857143,0.80952380952381,0.878095238095238,0.819047619047619,0.807619047619048,0.82,0.863333333333333,0.82,0.762857142857143,0.772380952380952,0.773333333333333,0.765238095238095,0.763809523809524,0.88,0.803809523809524,0.862380952380952,0.861904761904762,0.802380952380952,0.871428571428571,0.816190476190476,0.786666666666667,0.808571428571429,0.792857142857143,0.811904761904762,0.796666666666667,1,0.813333333333333,0.826190476190476,0.87,0.844285714285714,0.773333333333333,0.763809523809524,0.772857142857143,0.754761904761905,0.765238095238095,0.873333333333333,0.831904761904762,0.811428571428571,0.818571428571429,0.786666666666667,0.706190476190476,0.873809523809524,0.81047619047619,0.809047619047619,0.823809523809524,0.83047619047619,0.823809523809524,0.828571428571429,0.828095238095238,0.863333333333333,0.814761904761905,0.844285714285714,0.801904761904762,0.797619047619048,0.861428571428571,0.810952380952381,0.82047619047619,0.861904761904762,0.809047619047619,0.854285714285714,0.871428571428571,0.824761904761905,0.852380952380952,0.748571428571429,0.770954383310299,0.778354351829905,0.782974205241736,0.86492977306844,0.819037500422434,0.85454182014665,0.77941769023451,0.81564371502772,0.790876802858693,0.807838772202263,0.781068039009662,0.797860879963597,0.855394088450223,0.785399083265054,0.811741605711157,0.810271112056576,0.800506241437302,0.842549318663666,0.872478336721245,0.779717877515493,0.783661703136012,0.765752703092582,0.79137401306498,0.78917578734929,0.728792567938398,0.78458842696723,0.781573265042915,0.867153773084777,0.807848154654658,0.777434964087462,0.795354976675069,0.775432030819245,0.830046208693618,0.770567630530961,0.832501897627949,0.730657916523049,0.779322467612512,0.727191163648364,0.808197039749786,0.786702296531911,0.866157482508436,0.832443450431865
"Lavin1",0.79,0.833809523809524,0.777619047619048,0.824285714285714,0.834761904761905,0.836190476190476,0.93952380952381,0.795714285714286,0.765714285714286,0.909047619047619,0.800952380952381,0.781904761904762,0.798095238095238,0.799047619047619,0.890952380952381,0.797142857142857,0.773333333333333,0.805714285714286,0.788095238095238,0.868095238095238,0.833333333333333,0.886666666666667,0.832857142857143,0.740952380952381,0.755238095238095,0.756666666666667,0.745714285714286,0.741904761904762,0.815238095238095,0.887142857142857,0.798571428571429,0.798095238095238,0.947142857142857,0.795714285714286,0.805238095238095,0.78952380952381,0.834285714285714,0.783809523809524,0.834761904761905,0.759047619047619,0.813333333333333,1,0.77047619047619,0.815238095238095,0.807142857142857,0.757142857142857,0.742380952380952,0.757142857142857,0.736190476190476,0.744285714285714,0.798571428571429,0.886666666666667,0.898571428571429,0.808095238095238,0.748571428571429,0.726190476190476,0.79952380952381,0.774285714285714,0.772857142857143,0.837142857142857,0.756190476190476,0.81,0.781428571428571,0.782857142857143,0.79952380952381,0.994761904761905,0.802857142857143,0.78047619047619,0.76,0.798095238095238,0.774761904761905,0.833333333333333,0.798571428571429,0.772857142857143,0.780952380952381,0.800952380952381,0.847142857142857,0.798095238095238,0.767142857142857,0.810095796053555,0.805567214352678,0.879284449840746,0.805662362770971,0.837708437768813,0.839085286559969,0.802118215965848,0.798249421510651,0.841164341562933,0.784971481601527,0.862221792029561,0.876842263138828,0.84066140780861,0.849685336058924,0.829736741930538,0.874475820538511,0.859342026062417,0.84776848334506,0.83185437477387,0.808784758474473,0.757597361519645,0.771582142063175,0.84324754307311,0.85321985949032,0.829236911397614,0.843611291717912,0.817669557829626,0.848762686442021,0.835940047673236,0.812477878257177,0.703389319623439,0.80417604781592,0.763518595373941,0.733014596759495,0.810584316811424,0.87385995084949,0.832495036155867,0.886789525815415,0.857658279257776,0.870936243448776,0.780357859266876,0.834023422766038
"Lavin2",0.790952380952381,0.783809523809524,0.807619047619048,0.808095238095238,0.767142857142857,0.767619047619048,0.778571428571429,0.844761904761905,0.791428571428571,0.797619047619048,0.799047619047619,0.847142857142857,0.816666666666667,0.818095238095238,0.787619047619048,0.816190476190476,0.823809523809524,0.84,0.864761904761905,0.772857142857143,0.785238095238095,0.790952380952381,0.785238095238095,0.738571428571429,0.746190476190476,0.747142857142857,0.741904761904762,0.738095238095238,0.818095238095238,0.812380952380952,0.799047619047619,0.798571428571429,0.772380952380952,0.814285714285714,0.777619047619048,0.836190476190476,0.795238095238095,0.756190476190476,0.777619047619048,0.878571428571429,0.826190476190476,0.77047619047619,1,0.854285714285714,0.803333333333333,0.747619047619048,0.736666666666667,0.747142857142857,0.73,0.738095238095238,0.818571428571429,0.84047619047619,0.777619047619048,0.78,0.841904761904762,0.688571428571429,0.818571428571429,0.825238095238095,0.823333333333333,0.782857142857143,0.795714285714286,0.833809523809524,0.812380952380952,0.847619047619048,0.8,0.771428571428571,0.824285714285714,0.824761904761905,0.881428571428571,0.798571428571429,0.837619047619048,0.785714285714286,0.799047619047619,0.823809523809524,0.793809523809524,0.799047619047619,0.781904761904762,0.857619047619048,0.696666666666667,0.810756889164976,0.792266778562695,0.831789923023549,0.83549200777729,0.836551786316205,0.805561887390585,0.727805105147781,0.775813212223659,0.721102477295378,0.735198669478959,0.852746440511466,0.802675599403431,0.854951888486917,0.797809993663994,0.772890199740901,0.853273384763323,0.789218939095548,0.828852529210349,0.799372229645946,0.747801609109616,0.759916714918974,0.718383385753143,0.853017606078021,0.85214505907935,0.836119914728018,0.788816455449613,0.838403485855882,0.818966968498292,0.771905945701479,0.798040443473861,0.736163003827876,0.788320798194312,0.814367800747022,0.780570754668717,0.832471548943896,0.768476818131997,0.79173824473685,0.772671557030759,0.844601451061109,0.772604981582619,0.778023358940372,0.8495809262637
"Lee1",0.815714285714286,0.80952380952381,0.827142857142857,0.84952380952381,0.801428571428571,0.802380952380952,0.818095238095238,0.866190476190476,0.82952380952381,0.822857142857143,0.846190476190476,0.852857142857143,0.853333333333333,0.854285714285714,0.812380952380952,0.852380952380952,0.841904761904762,0.85,0.866190476190476,0.806666666666667,0.815238095238095,0.842380952380952,0.814761904761905,0.761428571428571,0.76952380952381,0.77047619047619,0.765238095238095,0.761428571428571,0.851428571428571,0.838095238095238,0.837619047619048,0.837142857142857,0.807619047619048,0.850952380952381,0.805714285714286,0.803333333333333,0.814761904761905,0.791904761904762,0.808571428571429,0.820952380952381,0.87,0.815238095238095,0.854285714285714,1,0.829047619047619,0.771428571428571,0.762380952380952,0.770952380952381,0.76047619047619,0.763809523809524,0.854761904761905,0.845714285714286,0.811428571428571,0.807619047619048,0.80047619047619,0.718571428571429,0.854761904761905,0.844285714285714,0.841904761904762,0.811904761904762,0.814761904761905,0.822857142857143,0.838095238095238,0.848095238095238,0.838571428571429,0.816190476190476,0.845238095238095,0.81,0.822380952380952,0.837142857142857,0.835238095238095,0.815714285714286,0.837619047619048,0.842857142857143,0.835238095238095,0.846666666666667,0.822857142857143,0.882380952380952,0.735238095238095,0.815509961704789,0.820456421603078,0.764746085438489,0.810799227492222,0.802276063334607,0.80521358862117,0.795419828704441,0.771627467320377,0.786808888091772,0.782338514404058,0.747237559962168,0.830853662535676,0.83265650141763,0.793413071597091,0.803477334545629,0.792051711171798,0.780250412237391,0.764435580919809,0.789849240016238,0.816807332871749,0.800798488107693,0.802579956054099,0.771761409883113,0.739742464680209,0.687471782510308,0.779945816120621,0.707814708956954,0.761382082712746,0.778643298645865,0.81987093286873,0.805007047821911,0.766681671478234,0.815794275944042,0.805681630763683,0.774548882453749,0.77453219270084,0.793586767962365,0.720612214545445,0.780041352242546,0.711218358038603,0.806099200793969,0.78865934938225
"Lee2",0.852857142857143,0.889047619047619,0.80047619047619,0.855714285714286,0.858095238095238,0.858571428571429,0.80047619047619,0.814285714285714,0.802857142857143,0.821428571428571,0.839047619047619,0.802380952380952,0.816666666666667,0.817619047619048,0.803809523809524,0.817142857142857,0.811428571428571,0.850952380952381,0.805238095238095,0.818095238095238,0.835714285714286,0.830952380952381,0.837142857142857,0.754285714285714,0.764761904761905,0.765714285714286,0.761428571428571,0.758571428571429,0.832857142857143,0.804761904761905,0.808571428571429,0.808571428571429,0.816190476190476,0.815238095238095,0.88,0.784285714285714,0.808095238095238,0.783333333333333,0.778095238095238,0.783333333333333,0.844285714285714,0.807142857142857,0.803333333333333,0.829047619047619,1,0.766190476190476,0.756666666666667,0.766190476190476,0.746666666666667,0.758095238095238,0.818095238095238,0.817142857142857,0.830952380952381,0.882380952380952,0.773333333333333,0.707142857142857,0.818095238095238,0.812380952380952,0.81047619047619,0.881904761904762,0.803809523809524,0.800952380952381,0.840952380952381,0.82,0.81,0.809047619047619,0.834285714285714,0.81047619047619,0.783809523809524,0.808095238095238,0.820952380952381,0.836190476190476,0.808571428571429,0.810952380952381,0.798095238095238,0.839047619047619,0.854285714285714,0.823809523809524,0.722380952380952,0.812387899313621,0.763587678793567,0.684037282660039,0.735621901900225,0.777474601508019,0.7716216656412,0.720236780544825,0.797906531051304,0.786166048751907,0.795988395945605,0.736297946637075,0.764109303118903,0.789640830557693,0.738058964670454,0.808474457416452,0.742234350796052,0.776962949832175,0.82928632350107,0.716378808539908,0.7897408013224,0.772302992999997,0.755214479035226,0.711201678791931,0.729458950248104,0.756334418066855,0.781550274050262,0.741960695059494,0.735085291021534,0.772166244275798,0.76239487638775,0.798690738306526,0.76813221965144,0.770595362304891,0.782354830890244,0.765281629850568,0.793561664463596,0.735109310452473,0.751649705590287,0.768895406819936,0.741905635758076,0.795114296758758,0.766371526992012
"Lee3",0.748095238095238,0.765714285714286,0.747142857142857,0.756666666666667,0.76047619047619,0.75952380952381,0.773333333333333,0.763333333333333,0.724761904761905,0.777619047619048,0.764285714285714,0.757619047619048,0.744285714285714,0.745238095238095,0.769047619047619,0.744285714285714,0.755238095238095,0.762857142857143,0.751428571428571,0.753333333333333,0.745714285714286,0.762380952380952,0.745714285714286,0.92952380952381,0.987619047619048,0.98952380952381,0.92952380952381,0.926666666666667,0.784761904761905,0.752380952380952,0.758571428571429,0.757619047619048,0.76,0.742380952380952,0.752380952380952,0.731428571428571,0.792380952380952,0.78952380952381,0.72047619047619,0.739047619047619,0.773333333333333,0.757142857142857,0.747619047619048,0.771428571428571,0.766190476190476,1,0.903809523809524,0.988095238095238,0.795238095238095,0.907619047619048,0.744761904761905,0.764761904761905,0.758571428571429,0.753333333333333,0.738095238095238,0.63952380952381,0.745714285714286,0.756190476190476,0.754285714285714,0.767142857142857,0.72047619047619,0.758571428571429,0.758571428571429,0.768095238095238,0.75952380952381,0.758095238095238,0.762857142857143,0.729047619047619,0.74,0.757619047619048,0.762857142857143,0.746190476190476,0.758095238095238,0.755238095238095,0.747142857142857,0.764761904761905,0.754285714285714,0.757619047619048,0.658571428571429,0.822357884164461,0.829115801459657,0.754231783647849,0.739591367950578,0.785395156764855,0.759977941672314,0.797714517347156,0.80556554018845,0.824087701835266,0.829758073153922,0.717861543398451,0.793555918819668,0.820023700203389,0.802271944535264,0.763527252034504,0.736466161973348,0.782045347911418,0.81633530233108,0.756567647227674,0.812534541957979,0.794019338331073,0.790737886824776,0.707729299171036,0.72304017337407,0.748309306639332,0.805852466208001,0.752107777689912,0.7280759347088,0.780386712547906,0.800028824390866,0.753298631707049,0.790375010031246,0.8102752015228,0.803049560185882,0.750967202890856,0.796175544013967,0.773199935646266,0.807731477992624,0.742397643468226,0.803536204418422,0.752481770472853,0.77648195604704
"Lee4",0.740952380952381,0.758095238095238,0.737142857142857,0.755714285714286,0.754285714285714,0.755714285714286,0.756666666666667,0.755714285714286,0.724285714285714,0.762380952380952,0.761904761904762,0.755714285714286,0.736666666666667,0.737619047619048,0.76047619047619,0.736666666666667,0.752380952380952,0.757142857142857,0.742380952380952,0.739047619047619,0.735238095238095,0.751428571428571,0.736190476190476,0.951904761904762,0.904285714285714,0.906190476190476,0.900952380952381,0.9,0.781428571428571,0.747142857142857,0.758571428571429,0.758095238095238,0.745714285714286,0.734761904761905,0.744285714285714,0.717142857142857,0.773333333333333,0.783333333333333,0.706190476190476,0.730952380952381,0.763809523809524,0.742380952380952,0.736666666666667,0.762380952380952,0.756666666666667,0.903809523809524,1,0.907619047619048,0.794285714285714,0.987619047619048,0.737142857142857,0.747619047619048,0.742857142857143,0.746190476190476,0.728095238095238,0.634761904761905,0.738095238095238,0.753333333333333,0.752380952380952,0.75952380952381,0.716190476190476,0.75,0.756190476190476,0.755238095238095,0.75952380952381,0.743333333333333,0.757142857142857,0.722380952380952,0.731904761904762,0.758095238095238,0.761904761904762,0.737619047619048,0.758095238095238,0.752380952380952,0.744761904761905,0.762857142857143,0.748571428571429,0.756190476190476,0.65,0.812270155677619,0.777665374361988,0.721999709707034,0.735155118671909,0.731257509294366,0.749621997416253,0.812736294627393,0.764204280363955,0.812717066533432,0.847440003831038,0.750966953609039,0.783390775687162,0.849590929964356,0.720775208465554,0.761840594930515,0.758479874167998,0.800708328167023,0.764418268873174,0.768347080771877,0.8219599103101,0.782778465233866,0.781933621169226,0.691627001462063,0.703267391006316,0.711134300531932,0.775050629369753,0.745321962187441,0.740219815078924,0.746590575781829,0.801985067802814,0.780596166784092,0.769951084722426,0.801977218095851,0.778779983494634,0.77019328508001,0.763892275509543,0.829523076548654,0.763425683182984,0.783724742624703,0.799887743583629,0.770122765081192,0.810710325852742
"Leger1",0.747619047619048,0.765714285714286,0.746666666666667,0.756666666666667,0.76,0.76,0.772857142857143,0.763333333333333,0.724285714285714,0.778095238095238,0.763809523809524,0.757142857142857,0.743809523809524,0.744761904761905,0.768571428571429,0.743809523809524,0.754761904761905,0.761904761904762,0.750952380952381,0.752857142857143,0.744285714285714,0.761904761904762,0.745238095238095,0.93,0.986190476190476,0.987142857142857,0.93047619047619,0.928095238095238,0.783809523809524,0.752380952380952,0.758095238095238,0.757142857142857,0.759047619047619,0.741904761904762,0.752380952380952,0.730952380952381,0.791904761904762,0.790952380952381,0.71952380952381,0.738571428571429,0.772857142857143,0.757142857142857,0.747142857142857,0.770952380952381,0.766190476190476,0.988095238095238,0.907619047619048,1,0.797142857142857,0.907619047619048,0.744285714285714,0.763333333333333,0.757619047619048,0.753809523809524,0.737619047619048,0.638571428571429,0.745238095238095,0.755714285714286,0.753809523809524,0.767142857142857,0.72,0.758095238095238,0.758571428571429,0.767142857142857,0.759047619047619,0.758095238095238,0.762380952380952,0.729047619047619,0.73952380952381,0.757142857142857,0.762380952380952,0.745714285714286,0.757619047619048,0.754761904761905,0.746666666666667,0.764285714285714,0.754761904761905,0.757142857142857,0.658095238095238,0.77961779463315,0.816636473270378,0.819437265050454,0.804239761206849,0.817826471020077,0.804763505385451,0.801547261133924,0.837204579593022,0.77288952957333,0.762941669174732,0.775737246032339,0.847078565644251,0.8574524935518,0.752944744510861,0.793926326998973,0.782168709491395,0.742214968143063,0.787831165227329,0.761438919602047,0.841442595507835,0.80150320902292,0.853382079665019,0.772592891463743,0.72059145432982,0.794913584677638,0.801941517022655,0.742982072908276,0.790898327641114,0.800443922254165,0.779407154529007,0.790723991159583,0.757447219797681,0.817567367281297,0.794997444997161,0.816613258856442,0.807723226903708,0.864945463680687,0.833598093613609,0.775055920262023,0.789103107312657,0.754925837262732,0.825150772689063
"Maron1",0.726666666666667,0.747619047619048,0.727142857142857,0.74047619047619,0.745238095238095,0.746190476190476,0.751428571428571,0.752380952380952,0.721904761904762,0.765714285714286,0.749047619047619,0.748095238095238,0.734761904761905,0.735714285714286,0.748095238095238,0.734285714285714,0.742857142857143,0.748571428571429,0.732857142857143,0.730952380952381,0.726190476190476,0.744761904761905,0.727142857142857,0.79047619047619,0.797142857142857,0.795714285714286,0.799047619047619,0.795238095238095,0.770952380952381,0.73952380952381,0.747142857142857,0.747142857142857,0.738095238095238,0.733333333333333,0.732857142857143,0.717619047619048,0.756666666666667,0.871428571428571,0.706666666666667,0.72952380952381,0.754761904761905,0.736190476190476,0.73,0.76047619047619,0.746666666666667,0.795238095238095,0.794285714285714,0.797142857142857,1,0.793333333333333,0.735238095238095,0.737619047619048,0.737619047619048,0.734761904761905,0.726190476190476,0.626666666666667,0.736190476190476,0.743809523809524,0.742380952380952,0.748571428571429,0.712380952380952,0.74047619047619,0.747619047619048,0.744761904761905,0.748095238095238,0.737142857142857,0.748095238095238,0.717142857142857,0.73,0.746666666666667,0.750952380952381,0.726666666666667,0.747619047619048,0.742857142857143,0.73047619047619,0.74952380952381,0.738571428571429,0.742380952380952,0.639047619047619,0.704228104902978,0.746021543004325,0.72683148854844,0.720302101575006,0.800970520688982,0.728255277396992,0.69854756808161,0.746973495376073,0.707175913490773,0.69795306469993,0.665258092473375,0.800172216748655,0.745866340167867,0.719075859543036,0.820306901727339,0.694687030202861,0.746871791352813,0.73052623576772,0.75366635698438,0.741898168098387,0.775343394315511,0.750597320338172,0.703591400356114,0.726733275802553,0.722125830079598,0.841792165336739,0.73604084920347,0.735080146188534,0.777622525663199,0.82315274603358,0.820953621295119,0.780719713476845,0.778843791792944,0.72880049515011,0.819324481179058,0.760067744830243,0.762385778793017,0.812699755505671,0.721507201060101,0.809322768399081,0.762480188567011,0.789865383586067
"Maron2",0.742380952380952,0.759047619047619,0.738571428571429,0.756666666666667,0.756190476190476,0.755714285714286,0.759047619047619,0.757142857142857,0.725238095238095,0.762857142857143,0.761904761904762,0.757142857142857,0.737619047619048,0.738571428571429,0.761904761904762,0.737619047619048,0.754285714285714,0.759047619047619,0.743809523809524,0.74,0.736190476190476,0.753333333333333,0.738095238095238,0.952857142857143,0.904285714285714,0.905238095238095,0.90047619047619,0.897142857142857,0.783333333333333,0.748095238095238,0.759047619047619,0.758571428571429,0.746666666666667,0.735714285714286,0.745714285714286,0.719047619047619,0.775238095238095,0.783333333333333,0.707619047619048,0.733809523809524,0.765238095238095,0.744285714285714,0.738095238095238,0.763809523809524,0.758095238095238,0.907619047619048,0.987619047619048,0.907619047619048,0.793333333333333,1,0.738095238095238,0.749047619047619,0.744761904761905,0.747619047619048,0.73,0.635238095238095,0.739047619047619,0.755238095238095,0.753333333333333,0.760952380952381,0.717142857142857,0.751904761904762,0.757619047619048,0.756666666666667,0.76,0.744285714285714,0.758571428571429,0.723809523809524,0.734761904761905,0.758571428571429,0.764761904761905,0.738571428571429,0.758571428571429,0.754285714285714,0.745238095238095,0.763809523809524,0.75,0.757619047619048,0.651428571428571,0.75135274629447,0.784973447928428,0.803717596564339,0.755433827810698,0.830678486122529,0.75499615854017,0.725877633492989,0.751723152225808,0.772915682350242,0.766709043326519,0.805656189109088,0.821205591133545,0.838743537106797,0.748623347459323,0.79924016307568,0.744686827484672,0.756913949075446,0.771946256665344,0.808993174152016,0.801111595138609,0.774212953910672,0.761930333664944,0.713090464908856,0.78386384278146,0.650172417143666,0.804016196186002,0.794956670174325,0.747066452988133,0.808931321614242,0.765007721161249,0.809889522781229,0.821139938041454,0.804761170269424,0.78346125731255,0.802075249307805,0.75727454069034,0.81619333705079,0.844732110466844,0.789862401059469,0.803354631639027,0.825814261864626,0.813997777861615
"Porensky30",0.831904761904762,0.8,0.837619047619048,0.855238095238095,0.793809523809524,0.795238095238095,0.801428571428571,0.818095238095238,0.84,0.805238095238095,0.856666666666667,0.82,0.994285714285714,0.995714285714286,0.796190476190476,0.994285714285714,0.793809523809524,0.834761904761905,0.833333333333333,0.815238095238095,0.82952380952381,0.83,0.829047619047619,0.734761904761905,0.743333333333333,0.744285714285714,0.741428571428571,0.738095238095238,0.834285714285714,0.796190476190476,0.851904761904762,0.851428571428571,0.788095238095238,0.993333333333333,0.796190476190476,0.774285714285714,0.786666666666667,0.767142857142857,0.834761904761905,0.789047619047619,0.873333333333333,0.798571428571429,0.818571428571429,0.854761904761905,0.818095238095238,0.744761904761905,0.737142857142857,0.744285714285714,0.735238095238095,0.738095238095238,1,0.836190476190476,0.821904761904762,0.799047619047619,0.777142857142857,0.701428571428571,0.997142857142857,0.794761904761905,0.794285714285714,0.799047619047619,0.816666666666667,0.813809523809524,0.808095238095238,0.818095238095238,0.852857142857143,0.8,0.82952380952381,0.792857142857143,0.79,0.851428571428571,0.794285714285714,0.83,0.851428571428571,0.793333333333333,0.83952380952381,0.856666666666667,0.801428571428571,0.846190476190476,0.73,0.842824111681694,0.82086603520663,0.826269946569649,0.879346814064788,0.853903115874216,0.852201060506298,0.791744308064226,0.818829937480991,0.773585405788104,0.834054224623361,0.848167593543245,0.819464163979898,0.808529919826075,0.856825449651497,0.848811064887375,0.860472777277288,0.818749939835248,0.87065741071656,0.860890631273625,0.764453184891376,0.787976943070276,0.808529412146875,0.871282808857688,0.839191498052354,0.835495424363517,0.839711434960107,0.851079169804029,0.83650155890321,0.792660899894642,0.807151201542287,0.782487675659102,0.906113718498966,0.851680724316015,0.894125332978047,0.857266369358785,0.804405904127404,0.821702208814075,0.791643389474457,0.789534628319491,0.772479234022697,0.850800656281516,0.886454154138899
"Pyke3",0.805714285714286,0.817142857142857,0.803809523809524,0.823809523809524,0.818095238095238,0.81952380952381,0.842380952380952,0.823809523809524,0.797142857142857,0.869047619047619,0.817619047619048,0.796666666666667,0.835714285714286,0.836666666666667,0.847619047619048,0.834761904761905,0.802380952380952,0.83047619047619,0.898095238095238,0.837142857142857,0.83,0.85,0.82952380952381,0.746190476190476,0.761904761904762,0.762857142857143,0.75,0.746190476190476,0.823809523809524,0.847619047619048,0.811428571428571,0.810952380952381,0.865238095238095,0.832857142857143,0.808571428571429,0.806190476190476,0.841904761904762,0.783809523809524,0.824285714285714,0.789047619047619,0.831904761904762,0.886666666666667,0.84047619047619,0.845714285714286,0.817142857142857,0.764761904761905,0.747619047619048,0.763333333333333,0.737619047619048,0.749047619047619,0.836190476190476,1,0.835714285714286,0.810952380952381,0.774761904761905,0.720952380952381,0.837142857142857,0.803333333333333,0.801904761904762,0.82,0.797142857142857,0.804285714285714,0.811428571428571,0.814761904761905,0.812380952380952,0.888095238095238,0.846666666666667,0.796190476190476,0.790952380952381,0.810952380952381,0.803809523809524,0.82952380952381,0.811428571428571,0.801904761904762,0.798571428571429,0.817619047619048,0.820952380952381,0.854761904761905,0.733333333333333,0.796610918483174,0.813816786968115,0.854099446056413,0.839829657595263,0.849691274215398,0.849273701583995,0.7974774155714,0.782404392491689,0.786438833846525,0.834154059714017,0.874580696124277,0.779223024954375,0.799403316692003,0.862289338757719,0.805897613309474,0.863941079759443,0.845039537051689,0.869134281239342,0.90177769179995,0.804841836317928,0.782125479740589,0.816972115536267,0.843539549665239,0.878015253286718,0.882667791023013,0.82478775298431,0.862610054648848,0.817505884500205,0.785318043631115,0.800531602081804,0.843188729831085,0.802133986261654,0.855633653673836,0.797318889552982,0.80905617061876,0.806747000810774,0.869804670565071,0.815997993285908,0.830003768733906,0.836418334553669,0.797564273786515,0.86781277179447
"Pyke8",0.81952380952381,0.843809523809524,0.8,0.835714285714286,0.836666666666667,0.837619047619048,0.890952380952381,0.801428571428571,0.771428571428571,0.88952380952381,0.800952380952381,0.78952380952381,0.821428571428571,0.822380952380952,0.856190476190476,0.82047619047619,0.77952380952381,0.811904761904762,0.79047619047619,0.891428571428571,0.867142857142857,0.921904761904762,0.866190476190476,0.742857142857143,0.756666666666667,0.757142857142857,0.748571428571429,0.745238095238095,0.816190476190476,0.84952380952381,0.797619047619048,0.797619047619048,0.896666666666667,0.819047619047619,0.807619047619048,0.828571428571429,0.83952380952381,0.773333333333333,0.799047619047619,0.76952380952381,0.811428571428571,0.898571428571429,0.777619047619048,0.811428571428571,0.830952380952381,0.758571428571429,0.742857142857143,0.757619047619048,0.737619047619048,0.744761904761905,0.821904761904762,0.835714285714286,1,0.81047619047619,0.758571428571429,0.723809523809524,0.822857142857143,0.780952380952381,0.779047619047619,0.838095238095238,0.759047619047619,0.824285714285714,0.806666666666667,0.797142857142857,0.798571428571429,0.9,0.811428571428571,0.785238095238095,0.77,0.797142857142857,0.788095238095238,0.868571428571429,0.797619047619048,0.77952380952381,0.783333333333333,0.800952380952381,0.841904761904762,0.806190476190476,0.753333333333333,0.792946071726058,0.791064240864185,0.849440523414806,0.851351477055238,0.860931055834482,0.793855893468831,0.834334854796655,0.867990301714101,0.790971564420957,0.841787304437585,0.870518235570195,0.87189535694656,0.860382181664572,0.81834085165612,0.823284818943864,0.869083594753495,0.7914151958542,0.826031075101045,0.831103737323341,0.809386410409624,0.751034936695175,0.752586485273552,0.840997528143729,0.860493829063964,0.870917951405713,0.83886112384398,0.821506179801527,0.806223430611477,0.782358488914134,0.811905946779061,0.82087831553213,0.806093135756595,0.84440757652629,0.846748574972825,0.843329201194491,0.828742731207077,0.833527095704289,0.819610961633101,0.838959799392651,0.852075225558897,0.827107173095518,0.822859254283196
"Pyke21",0.834761904761905,0.876190476190476,0.801428571428571,0.841904761904762,0.868095238095238,0.87047619047619,0.793333333333333,0.817142857142857,0.812380952380952,0.814285714285714,0.818571428571429,0.787619047619048,0.798095238095238,0.79952380952381,0.81047619047619,0.798571428571429,0.786190476190476,0.830952380952381,0.787619047619048,0.809047619047619,0.817619047619048,0.813809523809524,0.818095238095238,0.744285714285714,0.751904761904762,0.752857142857143,0.745238095238095,0.741904761904762,0.833333333333333,0.795238095238095,0.79047619047619,0.79047619047619,0.810952380952381,0.796666666666667,0.993333333333333,0.77,0.809047619047619,0.78,0.773809523809524,0.768095238095238,0.818571428571429,0.808095238095238,0.78,0.807619047619048,0.882380952380952,0.753333333333333,0.746190476190476,0.753809523809524,0.734761904761905,0.747619047619048,0.799047619047619,0.810952380952381,0.81047619047619,1,0.759047619047619,0.688095238095238,0.8,0.787619047619048,0.785714285714286,0.864285714285714,0.801428571428571,0.796190476190476,0.808095238095238,0.797142857142857,0.790952380952381,0.81,0.844761904761905,0.886666666666667,0.769047619047619,0.79,0.791428571428571,0.81952380952381,0.79047619047619,0.786190476190476,0.778571428571429,0.818571428571429,0.865238095238095,0.799047619047619,0.719047619047619,0.792040272686503,0.766543539888308,0.827700448559428,0.807022043928574,0.859496048357292,0.795028313890172,0.823582374202255,0.854075211968861,0.814378016648284,0.815195974040442,0.823482388851137,0.825046194344515,0.816696201742911,0.824220073880984,0.833602843221673,0.841838786034361,0.797039138219489,0.829286251088032,0.887371341432385,0.773766670710366,0.809593043834767,0.756605787425858,0.83022035279621,0.844814894505482,0.863420862915345,0.82586230635132,0.814130593277528,0.773302143414027,0.817717618811542,0.834594123977356,0.812018715712533,0.776519184035332,0.776451174702379,0.824178611379768,0.82143612218905,0.839803453076702,0.865250056780277,0.819470688294196,0.872067738365385,0.855145129435415,0.830058333374178,0.839808527660672
"Pyle1",0.751904761904762,0.764285714285714,0.770952380952381,0.778095238095238,0.761428571428571,0.762857142857143,0.754285714285714,0.799047619047619,0.765714285714286,0.784285714285714,0.784761904761905,0.824761904761905,0.776190476190476,0.777619047619048,0.764761904761905,0.777142857142857,0.787142857142857,0.80047619047619,0.804761904761905,0.750952380952381,0.753333333333333,0.76952380952381,0.753333333333333,0.724761904761905,0.736666666666667,0.737619047619048,0.73,0.726190476190476,0.799047619047619,0.768571428571429,0.787619047619048,0.787142857142857,0.753333333333333,0.776190476190476,0.756666666666667,0.876666666666667,0.770952380952381,0.744761904761905,0.758571428571429,0.903809523809524,0.786666666666667,0.748571428571429,0.841904761904762,0.80047619047619,0.773333333333333,0.738095238095238,0.728095238095238,0.737619047619048,0.726190476190476,0.73,0.777142857142857,0.774761904761905,0.758571428571429,0.759047619047619,1,0.66047619047619,0.778095238095238,0.789047619047619,0.787142857142857,0.773333333333333,0.763333333333333,0.817142857142857,0.778571428571429,0.828571428571429,0.788571428571429,0.75,0.795714285714286,0.838095238095238,0.905714285714286,0.787142857142857,0.804285714285714,0.754285714285714,0.787619047619048,0.787619047619048,0.774761904761905,0.785238095238095,0.764285714285714,0.787142857142857,0.67047619047619,0.807639458707915,0.763064581027943,0.840622928854624,0.813356481219987,0.76570071276419,0.737743401973743,0.778004989318396,0.7935389207252,0.765060330532109,0.820982476712038,0.815075018322807,0.761524855333551,0.776033404704173,0.833581870620327,0.794606411438721,0.810875253579115,0.812502650268294,0.799456179501343,0.797118589337467,0.770773015064913,0.75284419715613,0.793467445353289,0.835137627573809,0.805288951167287,0.828955070808989,0.764745723123997,0.836325936983301,0.790920770923072,0.76373031686479,0.768544809777635,0.770780656445664,0.754686346978103,0.844734342760906,0.733296468248328,0.818765087542489,0.818735200918434,0.799675999388677,0.793307157423213,0.72078869475751,0.77671181724409,0.798281685006234,0.783528612668106
"Pyle9",0.7,0.694285714285714,0.68952380952381,0.691904761904762,0.691904761904762,0.691904761904762,0.711428571428571,0.732857142857143,0.673333333333333,0.713333333333333,0.704285714285714,0.687619047619048,0.701904761904762,0.701428571428571,0.75,0.701904761904762,0.774285714285714,0.705714285714286,0.703333333333333,0.72952380952381,0.736190476190476,0.712380952380952,0.734761904761905,0.630952380952381,0.638571428571429,0.639047619047619,0.633809523809524,0.632857142857143,0.703809523809524,0.75,0.696190476190476,0.695714285714286,0.725238095238095,0.701428571428571,0.686666666666667,0.67952380952381,0.698095238095238,0.654761904761905,0.743809523809524,0.678571428571429,0.706190476190476,0.726190476190476,0.688571428571429,0.718571428571429,0.707142857142857,0.63952380952381,0.634761904761905,0.638571428571429,0.626666666666667,0.635238095238095,0.701428571428571,0.720952380952381,0.723809523809524,0.688095238095238,0.66047619047619,1,0.701904761904762,0.772857142857143,0.772857142857143,0.692380952380952,0.67,0.698571428571429,0.744285714285714,0.704761904761905,0.697142857142857,0.727142857142857,0.701904761904762,0.670952380952381,0.67952380952381,0.695714285714286,0.76,0.737142857142857,0.696190476190476,0.772380952380952,0.684285714285714,0.704761904761905,0.685714285714286,0.726190476190476,0.750952380952381,0.79923192580795,0.815634755640236,0.795651228123252,0.83001373421347,0.796657199304264,0.828349828051701,0.770114771313872,0.743244587320158,0.675951768632376,0.705702005539626,0.850225065558448,0.758995325464953,0.834124798163359,0.844311705544559,0.786644080147359,0.856929430412579,0.793012815237135,0.825391455031628,0.881501992703905,0.768469258330049,0.752330426338923,0.763046183792528,0.901493726946576,0.854556218459001,0.842968952466475,0.770497892213324,0.874291553722433,0.76826841069444,0.714456389702459,0.78023663278801,0.763557521540485,0.74772873208411,0.818986990803934,0.764019991961256,0.76578022036861,0.814332808747745,0.779759230388202,0.772219851385261,0.824476924952772,0.792715733203463,0.712258646024597,0.811641615090013
"Pyle10",0.833333333333333,0.801428571428571,0.838571428571429,0.855714285714286,0.795238095238095,0.796666666666667,0.802380952380952,0.819047619047619,0.84,0.806190476190476,0.858095238095238,0.820952380952381,0.996190476190476,0.998571428571429,0.797142857142857,0.995238095238095,0.794761904761905,0.835714285714286,0.834285714285714,0.816666666666667,0.830952380952381,0.83,0.83047619047619,0.735714285714286,0.744285714285714,0.745238095238095,0.741428571428571,0.738571428571429,0.835238095238095,0.797142857142857,0.853333333333333,0.852857142857143,0.789047619047619,0.993333333333333,0.797142857142857,0.775238095238095,0.787619047619048,0.768095238095238,0.833809523809524,0.79,0.873809523809524,0.79952380952381,0.818571428571429,0.854761904761905,0.818095238095238,0.745714285714286,0.738095238095238,0.745238095238095,0.736190476190476,0.739047619047619,0.997142857142857,0.837142857142857,0.822857142857143,0.8,0.778095238095238,0.701904761904762,1,0.795714285714286,0.794285714285714,0.8,0.817142857142857,0.814761904761905,0.80952380952381,0.819047619047619,0.854285714285714,0.800952380952381,0.83047619047619,0.793809523809524,0.790952380952381,0.852857142857143,0.795238095238095,0.831428571428571,0.852857142857143,0.794285714285714,0.84,0.858095238095238,0.802380952380952,0.847619047619048,0.730952380952381,0.843026152385833,0.800727399727003,0.839051145978133,0.814066857398194,0.877455369912139,0.831327220901711,0.80331096465454,0.782971748364042,0.77439422204726,0.790357488575653,0.854368748137579,0.841348475099806,0.814813198637235,0.894586143997548,0.780412783644463,0.894077468314268,0.818397446676083,0.875338402273461,0.862902884210935,0.801717923206519,0.782747321345676,0.802152341376046,0.853501592832467,0.882866652068483,0.888152517469772,0.785393621123294,0.889407034328859,0.828727067536899,0.800225414316994,0.773592634732163,0.86570806229944,0.802326580883111,0.8673816879873,0.796397431170509,0.854017336346135,0.778288342291114,0.829316457839938,0.837930469707291,0.812118988230661,0.838766480168838,0.802442111353607,0.845604322847574
"Pyle15",0.797619047619048,0.790952380952381,0.804761904761905,0.796190476190476,0.775238095238095,0.776666666666667,0.778095238095238,0.886190476190476,0.784761904761905,0.786666666666667,0.811904761904762,0.815238095238095,0.794285714285714,0.795238095238095,0.876666666666667,0.793809523809524,0.996190476190476,0.815714285714286,0.838571428571429,0.766666666666667,0.77047619047619,0.797142857142857,0.77047619047619,0.75,0.754285714285714,0.755238095238095,0.754761904761905,0.751428571428571,0.824285714285714,0.882857142857143,0.812857142857143,0.812380952380952,0.77,0.792380952380952,0.784761904761905,0.793333333333333,0.79952380952381,0.766190476190476,0.765238095238095,0.817619047619048,0.81047619047619,0.774285714285714,0.825238095238095,0.844285714285714,0.812380952380952,0.756190476190476,0.753333333333333,0.755714285714286,0.743809523809524,0.755238095238095,0.794761904761905,0.803333333333333,0.780952380952381,0.787619047619048,0.789047619047619,0.772857142857143,0.795714285714286,1,0.996190476190476,0.795238095238095,0.784285714285714,0.811904761904762,0.906190476190476,0.853809523809524,0.813809523809524,0.775714285714286,0.825238095238095,0.782380952380952,0.818571428571429,0.812380952380952,0.968571428571429,0.771428571428571,0.812857142857143,0.998571428571429,0.802857142857143,0.812380952380952,0.783333333333333,0.84952380952381,0.688571428571429,0.841282405797747,0.813671852242964,0.872561651081319,0.854614796663861,0.796345745397065,0.834792969451604,0.803296690494539,0.736621682126555,0.77293745155879,0.737108664633803,0.836531591865526,0.78964858410258,0.8161678731856,0.857771072050917,0.825709810706325,0.869530454279178,0.81156107481115,0.877612878881225,0.846821842872666,0.784688447625757,0.699174482260742,0.73876593403488,0.867526840403004,0.870152345419946,0.832768261501969,0.82992002845238,0.876129841096736,0.791770352350136,0.814961298511396,0.792133833779876,0.781767044311123,0.815088947933486,0.819664989248414,0.78566133724472,0.816079419849205,0.817534888668868,0.80921889390811,0.812570621319839,0.752806323443025,0.825335332816599,0.808924188381856,0.841838352201756
"Pyle17",0.796190476190476,0.789047619047619,0.803333333333333,0.794285714285714,0.773333333333333,0.774761904761905,0.776666666666667,0.883809523809524,0.783809523809524,0.784761904761905,0.81047619047619,0.813809523809524,0.792857142857143,0.793809523809524,0.875714285714286,0.792380952380952,0.994285714285714,0.813809523809524,0.836190476190476,0.764761904761905,0.768571428571429,0.795714285714286,0.768571428571429,0.748095238095238,0.752380952380952,0.753333333333333,0.752857142857143,0.75047619047619,0.822380952380952,0.88,0.811428571428571,0.810952380952381,0.768095238095238,0.790952380952381,0.782857142857143,0.791428571428571,0.797619047619048,0.764285714285714,0.763809523809524,0.815714285714286,0.809047619047619,0.772857142857143,0.823333333333333,0.841904761904762,0.81047619047619,0.754285714285714,0.752380952380952,0.753809523809524,0.742380952380952,0.753333333333333,0.794285714285714,0.801904761904762,0.779047619047619,0.785714285714286,0.787142857142857,0.772857142857143,0.794285714285714,0.996190476190476,1,0.793333333333333,0.783333333333333,0.80952380952381,0.903809523809524,0.851428571428571,0.812380952380952,0.774285714285714,0.822857142857143,0.78047619047619,0.816666666666667,0.810952380952381,0.966666666666667,0.76952380952381,0.811428571428571,0.994761904761905,0.802380952380952,0.810952380952381,0.781428571428571,0.848095238095238,0.686190476190476,0.789687946767789,0.783079688495247,0.850662534013223,0.819756441320243,0.786642487454385,0.828014082680732,0.806428345221518,0.755080320651875,0.766821507304754,0.741956488105527,0.806252821589563,0.777643390345341,0.788867085450747,0.822008856908383,0.782883566030078,0.865836363701644,0.793731399158902,0.811610014514244,0.845004213224613,0.759629567765273,0.766760607464599,0.79015187430213,0.834388278473557,0.855581984038124,0.866674868525863,0.819749749760799,0.875122189487451,0.778830278212357,0.7398749297047,0.748897172780693,0.72466378876164,0.769353379811777,0.797281490108422,0.780671145047789,0.833743411071837,0.800734622229262,0.82774367799464,0.783842320720519,0.849691715199733,0.754851902876036,0.807786776246342,0.81704763118865
"Pyle19",0.852857142857143,0.9,0.793809523809524,0.860952380952381,0.866666666666667,0.868095238095238,0.821904761904762,0.79952380952381,0.786666666666667,0.837619047619048,0.82047619047619,0.804761904761905,0.798571428571429,0.79952380952381,0.814285714285714,0.797619047619048,0.793809523809524,0.838095238095238,0.789047619047619,0.84,0.834761904761905,0.841428571428571,0.833809523809524,0.758571428571429,0.765714285714286,0.766666666666667,0.755714285714286,0.752857142857143,0.833333333333333,0.81,0.811428571428571,0.810952380952381,0.849047619047619,0.796190476190476,0.862857142857143,0.793809523809524,0.83952380952381,0.786666666666667,0.784285714285714,0.783333333333333,0.823809523809524,0.837142857142857,0.782857142857143,0.811904761904762,0.881904761904762,0.767142857142857,0.75952380952381,0.767142857142857,0.748571428571429,0.760952380952381,0.799047619047619,0.82,0.838095238095238,0.864285714285714,0.773333333333333,0.692380952380952,0.8,0.795238095238095,0.793333333333333,1,0.774761904761905,0.804761904761905,0.839047619047619,0.81047619047619,0.811428571428571,0.839047619047619,0.826190476190476,0.801904761904762,0.783809523809524,0.81047619047619,0.804761904761905,0.834761904761905,0.811428571428571,0.793809523809524,0.799047619047619,0.82047619047619,0.889047619047619,0.80952380952381,0.724285714285714,0.782210213131379,0.799439624526944,0.832002911580367,0.835569569080058,0.827395135029291,0.797693434447353,0.835410476379269,0.762539554131216,0.797016704827442,0.813709889854736,0.880332705008892,0.774970562645009,0.811173499491219,0.891464281028283,0.808375585890379,0.888397261672215,0.763469951448594,0.833485581464347,0.843334180269175,0.804690054133265,0.731476821364819,0.734910680516402,0.883584958600585,0.848473962251391,0.828156266183612,0.84630655334472,0.867283308919988,0.803582093438082,0.756119665609993,0.789594662169003,0.811386917429132,0.807023883200729,0.828042360686652,0.819228659993609,0.794048467659094,0.799444532007362,0.801084088770299,0.812031388299279,0.805058733706311,0.819065754250183,0.77970792299479,0.84896422164845
"Reed1",0.78952380952381,0.769047619047619,0.856190476190476,0.798571428571429,0.753333333333333,0.754761904761905,0.759047619047619,0.802857142857143,0.942857142857143,0.777619047619048,0.833333333333333,0.795238095238095,0.815238095238095,0.816666666666667,0.762380952380952,0.815714285714286,0.783333333333333,0.836666666666667,0.800952380952381,0.758571428571429,0.777142857142857,0.792380952380952,0.776666666666667,0.714761904761905,0.719047619047619,0.72,0.715714285714286,0.711904761904762,0.80952380952381,0.785714285714286,0.80952380952381,0.80952380952381,0.753809523809524,0.814285714285714,0.798571428571429,0.751428571428571,0.756190476190476,0.74,0.764285714285714,0.773809523809524,0.83047619047619,0.756190476190476,0.795714285714286,0.814761904761905,0.803809523809524,0.72047619047619,0.716190476190476,0.72,0.712380952380952,0.717142857142857,0.816666666666667,0.797142857142857,0.759047619047619,0.801428571428571,0.763333333333333,0.67,0.817142857142857,0.784285714285714,0.783333333333333,0.774761904761905,1,0.817142857142857,0.772380952380952,0.816190476190476,0.810952380952381,0.757619047619048,0.801428571428571,0.798095238095238,0.775238095238095,0.809047619047619,0.781904761904762,0.778095238095238,0.80952380952381,0.782857142857143,0.863333333333333,0.833333333333333,0.773809523809524,0.821428571428571,0.698095238095238,0.788439702933622,0.758369208807656,0.797134726646651,0.818534962333681,0.811972097166676,0.795489802087412,0.727103328468447,0.783234637977216,0.820050484489813,0.80578183766472,0.743980148595391,0.786311297193359,0.765654375963586,0.80038424974538,0.815423504864399,0.719271506111018,0.795168848794502,0.806368449733019,0.772016776181542,0.785740573123611,0.79219400591886,0.738219107798678,0.815809258895785,0.767128533067487,0.679851529154018,0.702566699844099,0.820466994147777,0.800161508303914,0.762309053690614,0.718935803733522,0.818844428640981,0.838920082376822,0.791391792592952,0.723589492879723,0.853382492527318,0.761354035275863,0.835685241693239,0.775746434506051,0.760151556815883,0.74888766629355,0.784266079329014,0.802108166712567
"Reed3",0.798095238095238,0.801428571428571,0.822857142857143,0.817142857142857,0.797142857142857,0.798571428571429,0.812380952380952,0.825238095238095,0.832380952380952,0.816666666666667,0.833333333333333,0.885714285714286,0.813333333333333,0.814285714285714,0.826666666666667,0.813333333333333,0.810952380952381,0.825238095238095,0.811904761904762,0.792857142857143,0.795714285714286,0.815714285714286,0.794761904761905,0.747619047619048,0.756666666666667,0.757619047619048,0.751428571428571,0.747619047619048,0.826666666666667,0.807142857142857,0.85047619047619,0.84952380952381,0.80952380952381,0.811428571428571,0.793809523809524,0.820952380952381,0.802857142857143,0.770952380952381,0.777619047619048,0.835714285714286,0.823809523809524,0.81,0.833809523809524,0.822857142857143,0.800952380952381,0.758571428571429,0.75,0.758095238095238,0.74047619047619,0.751904761904762,0.813809523809524,0.804285714285714,0.824285714285714,0.796190476190476,0.817142857142857,0.698571428571429,0.814761904761905,0.811904761904762,0.80952380952381,0.804761904761905,0.817142857142857,1,0.801904761904762,0.833333333333333,0.851428571428571,0.810952380952381,0.827619047619048,0.807619047619048,0.837142857142857,0.84952380952381,0.821428571428571,0.795714285714286,0.85047619047619,0.81047619047619,0.842857142857143,0.833333333333333,0.8,0.815238095238095,0.713809523809524,0.781226753608997,0.784080295721484,0.791604815075712,0.812837703204969,0.789255218057964,0.80702951953526,0.757046734177064,0.775117082582785,0.823055327712874,0.76069512300501,0.769637143806899,0.779361198659998,0.794348822730028,0.747712566566207,0.78393062513499,0.796764818681281,0.814477660508881,0.807787468986762,0.799110164483642,0.7520368032867,0.743380263158216,0.780299970784873,0.759434678474933,0.734557178657963,0.807362847581403,0.7676196664197,0.778315235294332,0.797562016986997,0.760631786796435,0.841949521496417,0.787771884554609,0.82634702348971,0.77610335759535,0.798047000428034,0.818927741004602,0.754349436189778,0.781765236833093,0.672466149339266,0.760995544448244,0.676060166365828,0.781494840786984,0.803312464873264
"Schupp3",0.843333333333333,0.83952380952381,0.805238095238095,0.833809523809524,0.829047619047619,0.83,0.780952380952381,0.83952380952381,0.774285714285714,0.799047619047619,0.814285714285714,0.808571428571429,0.808571428571429,0.80952380952381,0.825238095238095,0.807142857142857,0.904285714285714,0.841904761904762,0.816190476190476,0.810952380952381,0.819047619047619,0.804761904761905,0.819047619047619,0.752380952380952,0.757619047619048,0.758571428571429,0.754285714285714,0.751904761904762,0.823333333333333,0.819047619047619,0.808571428571429,0.808095238095238,0.797142857142857,0.806190476190476,0.805238095238095,0.794761904761905,0.806190476190476,0.776190476190476,0.772857142857143,0.79952380952381,0.828571428571429,0.781428571428571,0.812380952380952,0.838095238095238,0.840952380952381,0.758571428571429,0.756190476190476,0.758571428571429,0.747619047619048,0.757619047619048,0.808095238095238,0.811428571428571,0.806666666666667,0.808095238095238,0.778571428571429,0.744285714285714,0.80952380952381,0.906190476190476,0.903809523809524,0.839047619047619,0.772380952380952,0.801904761904762,1,0.826666666666667,0.80952380952381,0.782857142857143,0.833809523809524,0.78047619047619,0.8,0.808095238095238,0.91047619047619,0.819047619047619,0.808571428571429,0.904761904761905,0.801904761904762,0.814761904761905,0.813333333333333,0.86047619047619,0.703809523809524,0.742068376369734,0.77692476805188,0.824103062484089,0.867993613316687,0.802290399957618,0.80146675018288,0.763847502986169,0.800862841750142,0.804468965889579,0.835529927654734,0.841147227709032,0.78395666396482,0.777089068391898,0.848027856891016,0.814243372599024,0.81629155034049,0.806213469729565,0.85809644527252,0.870484130264998,0.749759927078817,0.812547081427484,0.762652122110637,0.857074426473132,0.847668793175356,0.831865117745648,0.790524889123349,0.837716055950469,0.834865052060576,0.79975044479971,0.814093211853639,0.80983419942307,0.772504864410905,0.843431016781783,0.768604361155094,0.828130560867531,0.805491178925506,0.772227809706254,0.81691652081608,0.800004633337123,0.741334564595169,0.823469690178758,0.881768532018995
"Schupp4",0.803809523809524,0.798571428571429,0.82047619047619,0.822857142857143,0.79047619047619,0.791904761904762,0.787619047619048,0.86,0.810952380952381,0.813333333333333,0.828571428571429,0.844761904761905,0.817142857142857,0.818571428571429,0.817142857142857,0.816666666666667,0.852380952380952,0.843809523809524,0.842857142857143,0.783809523809524,0.786666666666667,0.812857142857143,0.787142857142857,0.756666666666667,0.766666666666667,0.767619047619048,0.757619047619048,0.753809523809524,0.837619047619048,0.834761904761905,0.83047619047619,0.83,0.788571428571429,0.815238095238095,0.795238095238095,0.811428571428571,0.801904761904762,0.776190476190476,0.778571428571429,0.837619047619048,0.828095238095238,0.782857142857143,0.847619047619048,0.848095238095238,0.82,0.768095238095238,0.755238095238095,0.767142857142857,0.744761904761905,0.756666666666667,0.818095238095238,0.814761904761905,0.797142857142857,0.797142857142857,0.828571428571429,0.704761904761905,0.819047619047619,0.853809523809524,0.851428571428571,0.81047619047619,0.816190476190476,0.833333333333333,0.826666666666667,1,0.831428571428571,0.784285714285714,0.836190476190476,0.81,0.83952380952381,0.83,0.861904761904762,0.787619047619048,0.83047619047619,0.852380952380952,0.830952380952381,0.828571428571429,0.80047619047619,0.841428571428571,0.708095238095238,0.833687095275805,0.810795571284979,0.867245554693965,0.876145953034292,0.832193979895103,0.838944630910664,0.78741285266847,0.760496896671433,0.820880593363516,0.801241032528172,0.861899926558111,0.83410850221637,0.803482860470649,0.88287818499882,0.829726421760518,0.830038116595033,0.779967965134229,0.850063691662329,0.854885870270869,0.80084039919649,0.713181144068357,0.764700286022398,0.84370079211193,0.849130475133795,0.872725442534408,0.804183291067268,0.90406828846143,0.786243305462494,0.82222563465523,0.840384153405527,0.783815406179763,0.822562183363646,0.792647594440961,0.762308583973866,0.83422803290171,0.787735056591795,0.78694253456344,0.83380827667878,0.834484325766136,0.809409509659556,0.777583683572744,0.85938596047299
"Schupp5",0.830952380952381,0.810952380952381,0.83,0.841428571428571,0.802380952380952,0.803809523809524,0.80047619047619,0.821428571428571,0.836666666666667,0.808095238095238,0.930952380952381,0.911904761904762,0.852857142857143,0.853333333333333,0.805714285714286,0.851904761904762,0.812857142857143,0.830952380952381,0.823809523809524,0.796666666666667,0.793809523809524,0.834285714285714,0.793333333333333,0.753809523809524,0.758571428571429,0.75952380952381,0.754761904761905,0.751904761904762,0.853809523809524,0.807619047619048,0.997142857142857,0.995238095238095,0.787619047619048,0.850952380952381,0.788571428571429,0.775238095238095,0.808571428571429,0.778571428571429,0.797142857142857,0.796666666666667,0.863333333333333,0.79952380952381,0.8,0.838571428571429,0.81,0.75952380952381,0.75952380952381,0.759047619047619,0.748095238095238,0.76,0.852857142857143,0.812380952380952,0.798571428571429,0.790952380952381,0.788571428571429,0.697142857142857,0.854285714285714,0.813809523809524,0.812380952380952,0.811428571428571,0.810952380952381,0.851428571428571,0.80952380952381,0.831428571428571,1,0.80047619047619,0.82047619047619,0.785238095238095,0.797619047619048,0.996666666666667,0.814285714285714,0.794761904761905,0.996190476190476,0.812380952380952,0.941428571428571,0.93047619047619,0.807142857142857,0.842380952380952,0.71047619047619,0.81490451805535,0.760133343431029,0.865162404057971,0.847553611719696,0.825456332520533,0.869216016225046,0.818095434568332,0.806830983644641,0.800797459996979,0.806142081587662,0.842008144831875,0.764015494359265,0.819194850114895,0.889630029996927,0.836450327481366,0.87954967793001,0.824786873276058,0.913958840817558,0.85939812157418,0.769404601802088,0.812166809263407,0.794616350531869,0.884242721303545,0.844523003398353,0.88027974572889,0.830507671969843,0.898365307204364,0.806491711937272,0.766189320236236,0.777897919320373,0.810978451995972,0.793151258086247,0.795699762653831,0.771862789203345,0.831490343783108,0.806915686273856,0.837609973501218,0.780048070478443,0.823227966404603,0.79355712593285,0.817248819028652,0.858526168080213
"Symstad1",0.790952380952381,0.835714285714286,0.778571428571429,0.826190476190476,0.837142857142857,0.838571428571429,0.94,0.796190476190476,0.767142857142857,0.911904761904762,0.802380952380952,0.782857142857143,0.79952380952381,0.80047619047619,0.892380952380952,0.798571428571429,0.774761904761905,0.807142857142857,0.789047619047619,0.869047619047619,0.835714285714286,0.888095238095238,0.834761904761905,0.741904761904762,0.756190476190476,0.757619047619048,0.746666666666667,0.742857142857143,0.816190476190476,0.888571428571429,0.79952380952381,0.799047619047619,0.94952380952381,0.797142857142857,0.807142857142857,0.79047619047619,0.835238095238095,0.785714285714286,0.835238095238095,0.76047619047619,0.814761904761905,0.994761904761905,0.771428571428571,0.816190476190476,0.809047619047619,0.758095238095238,0.743333333333333,0.758095238095238,0.737142857142857,0.744285714285714,0.8,0.888095238095238,0.9,0.81,0.75,0.727142857142857,0.800952380952381,0.775714285714286,0.774285714285714,0.839047619047619,0.757619047619048,0.810952380952381,0.782857142857143,0.784285714285714,0.80047619047619,1,0.804285714285714,0.782380952380952,0.761428571428571,0.799047619047619,0.776190476190476,0.835238095238095,0.79952380952381,0.774285714285714,0.781904761904762,0.802380952380952,0.848095238095238,0.799047619047619,0.768571428571429,0.836118842477396,0.84293746423683,0.772572287421252,0.831225351033044,0.808733102730048,0.82464813992386,0.8024884980684,0.788624808970591,0.751607965778931,0.829860391237325,0.861979729172065,0.852362853232345,0.862576304423034,0.759689792028656,0.811101766219623,0.831853359861901,0.819418806077899,0.839982455581396,0.816585947556789,0.742445235529974,0.687626484645528,0.758247748476024,0.805725893480876,0.777045799905849,0.811702134253832,0.772266320713638,0.703455278408203,0.786593614296172,0.824454311543455,0.836590420593843,0.744739247313237,0.822451378426974,0.857909165828876,0.78250172559669,0.841304192083438,0.795967108002671,0.814876655216662,0.72633792240344,0.826044114273925,0.840704198817014,0.706156856554889,0.822006700122236
"Symstad2",0.811428571428571,0.820952380952381,0.826666666666667,0.842380952380952,0.807619047619048,0.809047619047619,0.8,0.857619047619048,0.81047619047619,0.818571428571429,0.817619047619048,0.826190476190476,0.829047619047619,0.83,0.81,0.828571428571429,0.824285714285714,0.837619047619048,0.839047619047619,0.797619047619048,0.801428571428571,0.828095238095238,0.802380952380952,0.753333333333333,0.760952380952381,0.761904761904762,0.759047619047619,0.755714285714286,0.862857142857143,0.812380952380952,0.81952380952381,0.819047619047619,0.801904761904762,0.827619047619048,0.841904761904762,0.81047619047619,0.796190476190476,0.779047619047619,0.786666666666667,0.81952380952381,0.844285714285714,0.802857142857143,0.824285714285714,0.845238095238095,0.834285714285714,0.762857142857143,0.757142857142857,0.762380952380952,0.748095238095238,0.758571428571429,0.82952380952381,0.846666666666667,0.811428571428571,0.844761904761905,0.795714285714286,0.701904761904762,0.83047619047619,0.825238095238095,0.822857142857143,0.826190476190476,0.801428571428571,0.827619047619048,0.833809523809524,0.836190476190476,0.82047619047619,0.804285714285714,1,0.822857142857143,0.820952380952381,0.819047619047619,0.827619047619048,0.803333333333333,0.81952380952381,0.823809523809524,0.81047619047619,0.817619047619048,0.842380952380952,0.842857142857143,0.716190476190476,0.818268577345733,0.772751839412316,0.79644910735514,0.827053228002892,0.819876795599387,0.818537834084444,0.782710324937507,0.760256943322761,0.814304556251983,0.796684953293875,0.807112294392996,0.834343108984176,0.828045702193019,0.751412848653928,0.848991554202858,0.775521278036253,0.859093668884571,0.800046625106213,0.813732433209462,0.841850477929928,0.777896078684769,0.760771516988908,0.754185503494318,0.78096510228799,0.747029760058037,0.840966240203654,0.756679634041121,0.79548345762512,0.769738383977034,0.795798072281203,0.750212262253865,0.826550674677041,0.861200551940192,0.80674525410146,0.819439409661339,0.784089815156618,0.737554505612902,0.815438593187518,0.799336862477683,0.746776103195685,0.745539380999086,0.800080380150598
"Symstad3",0.769047619047619,0.801904761904762,0.787619047619048,0.804761904761905,0.796190476190476,0.796666666666667,0.776666666666667,0.823809523809524,0.804285714285714,0.793809523809524,0.805714285714286,0.802380952380952,0.791904761904762,0.793333333333333,0.794285714285714,0.791904761904762,0.78047619047619,0.814761904761905,0.803809523809524,0.78,0.78952380952381,0.791904761904762,0.78952380952381,0.720952380952381,0.727142857142857,0.728095238095238,0.72,0.716666666666667,0.818095238095238,0.79047619047619,0.784285714285714,0.783809523809524,0.782380952380952,0.79047619047619,0.882857142857143,0.848095238095238,0.795238095238095,0.750952380952381,0.767619047619048,0.84,0.801904761904762,0.78047619047619,0.824761904761905,0.81,0.81047619047619,0.729047619047619,0.722380952380952,0.729047619047619,0.717142857142857,0.723809523809524,0.792857142857143,0.796190476190476,0.785238095238095,0.886666666666667,0.838095238095238,0.670952380952381,0.793809523809524,0.782380952380952,0.78047619047619,0.801904761904762,0.798095238095238,0.807619047619048,0.78047619047619,0.81,0.785238095238095,0.782380952380952,0.822857142857143,1,0.841904761904762,0.783809523809524,0.796666666666667,0.790952380952381,0.784285714285714,0.781904761904762,0.772380952380952,0.805238095238095,0.827619047619048,0.798571428571429,0.699047619047619,0.815407351041306,0.80205632564774,0.770338383221139,0.800139311991637,0.843293007994969,0.799675345162224,0.820396621633254,0.78078574427106,0.823011844681385,0.730000714387252,0.770690768346722,0.785600203744173,0.820447157336111,0.796888738865634,0.754654894189671,0.781096701580117,0.833566953468839,0.749116625183395,0.83415494519086,0.79679166179277,0.718200524748466,0.786105603600797,0.764503316800861,0.75081225967683,0.74551752653374,0.787906315292525,0.765181808920044,0.812972415821018,0.795530239485922,0.811499169449431,0.84025587784982,0.852064614026462,0.835988375701619,0.833729017635994,0.803553527670651,0.783065072707675,0.751895115093893,0.793783686722817,0.741086162148177,0.805814597846367,0.813369141744529,0.80953728208914
"Urza2",0.764761904761905,0.773333333333333,0.777619047619048,0.790952380952381,0.77047619047619,0.771904761904762,0.763333333333333,0.838095238095238,0.780952380952381,0.786666666666667,0.796666666666667,0.835238095238095,0.789047619047619,0.79047619047619,0.783809523809524,0.79,0.817142857142857,0.801428571428571,0.826666666666667,0.76,0.762380952380952,0.78047619047619,0.762380952380952,0.730952380952381,0.738571428571429,0.73952380952381,0.736190476190476,0.732380952380952,0.798571428571429,0.788571428571429,0.796666666666667,0.796190476190476,0.761904761904762,0.78952380952381,0.766666666666667,0.902380952380952,0.780952380952381,0.753809523809524,0.781904761904762,0.994761904761905,0.797619047619048,0.76,0.881428571428571,0.822380952380952,0.783809523809524,0.74,0.731904761904762,0.73952380952381,0.73,0.734761904761905,0.79,0.790952380952381,0.77,0.769047619047619,0.905714285714286,0.67952380952381,0.790952380952381,0.818571428571429,0.816666666666667,0.783809523809524,0.775238095238095,0.837142857142857,0.8,0.83952380952381,0.797619047619048,0.761428571428571,0.820952380952381,0.841904761904762,1,0.796190476190476,0.833809523809524,0.763333333333333,0.796666666666667,0.817142857142857,0.786666666666667,0.798095238095238,0.779047619047619,0.806666666666667,0.676190476190476,0.75220080363091,0.805250740458916,0.790360193881338,0.778892708498967,0.819807274444826,0.749567771979491,0.796994079536831,0.809210723338142,0.775424971430997,0.760372250644027,0.819095038316821,0.731576187009977,0.789725155676051,0.857489519473834,0.793183489805292,0.808330729193108,0.777385471082505,0.775552018550193,0.821662763828679,0.792460409645758,0.794973340892316,0.754337014073893,0.796366401236943,0.838816044610533,0.815554675014259,0.703034534224361,0.813019649329777,0.813607284403304,0.759454488863386,0.795849125160333,0.814863073884276,0.743923272631274,0.834339247124525,0.777212898539648,0.768684957130403,0.80121997574108,0.809414941280099,0.733670825388401,0.75275615551369,0.728066074095595,0.76322301642605,0.846063631785166
"Wilcox2",0.82952380952381,0.81,0.829047619047619,0.84047619047619,0.80047619047619,0.802857142857143,0.799047619047619,0.82,0.835714285714286,0.806666666666667,0.928571428571429,0.911428571428571,0.851428571428571,0.851904761904762,0.805238095238095,0.85047619047619,0.811428571428571,0.829047619047619,0.822380952380952,0.795238095238095,0.792380952380952,0.832380952380952,0.791904761904762,0.752380952380952,0.756666666666667,0.757619047619048,0.752380952380952,0.74952380952381,0.852380952380952,0.806190476190476,0.996666666666667,0.994761904761905,0.786190476190476,0.84952380952381,0.787619047619048,0.773809523809524,0.807142857142857,0.777142857142857,0.795714285714286,0.795238095238095,0.861428571428571,0.798095238095238,0.798571428571429,0.837142857142857,0.808095238095238,0.757619047619048,0.758095238095238,0.757142857142857,0.746666666666667,0.758571428571429,0.851428571428571,0.810952380952381,0.797142857142857,0.79,0.787142857142857,0.695714285714286,0.852857142857143,0.812380952380952,0.810952380952381,0.81047619047619,0.809047619047619,0.84952380952381,0.808095238095238,0.83,0.996666666666667,0.799047619047619,0.819047619047619,0.783809523809524,0.796190476190476,1,0.812857142857143,0.793333333333333,0.995714285714286,0.810952380952381,0.939047619047619,0.929047619047619,0.805714285714286,0.840952380952381,0.709047619047619,0.779659653533308,0.797801574771622,0.875010213135962,0.849295762570635,0.861407138950702,0.878699824473244,0.842355508408621,0.762644703987019,0.823141115767018,0.801742733559061,0.816887364286214,0.79713949747745,0.870194874492797,0.834488388538355,0.798541892482516,0.818350917679112,0.804865521799222,0.850085073160305,0.870081500714584,0.762109141119716,0.792028757312721,0.800262711682094,0.829084630855754,0.84446239577416,0.803734425607119,0.78582878913217,0.889405672492659,0.817306424695045,0.737603634611491,0.802974664943881,0.777787055167407,0.872530248048766,0.846025959032428,0.820730720553884,0.827513000988113,0.826130675882245,0.796581733930718,0.767329301042727,0.771066041422243,0.777336645121087,0.814813545924916,0.940945865372163
"Chynoweth2",0.799047619047619,0.79952380952381,0.804761904761905,0.800952380952381,0.785714285714286,0.787142857142857,0.779047619047619,0.892857142857143,0.784285714285714,0.796190476190476,0.813333333333333,0.835714285714286,0.793809523809524,0.794761904761905,0.87047619047619,0.793333333333333,0.966666666666667,0.827142857142857,0.827619047619048,0.774285714285714,0.778571428571429,0.800952380952381,0.778095238095238,0.757619047619048,0.760952380952381,0.761904761904762,0.76047619047619,0.757142857142857,0.826190476190476,0.863809523809524,0.813333333333333,0.812857142857143,0.778571428571429,0.791904761904762,0.788571428571429,0.80952380952381,0.808571428571429,0.771904761904762,0.768095238095238,0.832857142857143,0.810952380952381,0.774761904761905,0.837619047619048,0.835238095238095,0.820952380952381,0.762857142857143,0.761904761904762,0.762380952380952,0.750952380952381,0.764761904761905,0.794285714285714,0.803809523809524,0.788095238095238,0.791428571428571,0.804285714285714,0.76,0.795238095238095,0.968571428571429,0.966666666666667,0.804761904761905,0.781904761904762,0.821428571428571,0.91047619047619,0.861904761904762,0.814285714285714,0.776190476190476,0.827619047619048,0.796666666666667,0.833809523809524,0.812857142857143,1,0.779047619047619,0.813333333333333,0.967142857142857,0.801428571428571,0.814761904761905,0.788095238095238,0.838571428571429,0.693333333333333,0.753466895256377,0.81913801455711,0.824416064191083,0.834536211667772,0.807393146748459,0.839742984648488,0.767233835718436,0.802655922692733,0.78707668902735,0.800488925889299,0.78290996829749,0.786525747432949,0.783376637226682,0.830618851136735,0.760060457604834,0.832556478999577,0.80299988632274,0.877889061615802,0.800713994910811,0.815769286592235,0.807233461884022,0.747091400141375,0.760259284677814,0.767861954541294,0.78939929325059,0.76796664314486,0.795261595052871,0.824956187748013,0.767903336009373,0.755524558016025,0.8352923454105,0.810593855083369,0.756593862197595,0.758839636395335,0.832410267897363,0.750192220765858,0.796963636245061,0.826751434724572,0.830595316496317,0.818745976147617,0.764121013043819,0.862258925298264
"Chynoweth3",0.815714285714286,0.836666666666667,0.791428571428571,0.815714285714286,0.831904761904762,0.832380952380952,0.823333333333333,0.797619047619048,0.785238095238095,0.84,0.818095238095238,0.780952380952381,0.83,0.830952380952381,0.80047619047619,0.829047619047619,0.77,0.831904761904762,0.788095238095238,0.942857142857143,0.992380952380952,0.837619047619048,0.993333333333333,0.734285714285714,0.744761904761905,0.746666666666667,0.737142857142857,0.734285714285714,0.809047619047619,0.807142857142857,0.793809523809524,0.793333333333333,0.878571428571429,0.828095238095238,0.816666666666667,0.79,0.834285714285714,0.766190476190476,0.794285714285714,0.762857142857143,0.82047619047619,0.833333333333333,0.785714285714286,0.815714285714286,0.836190476190476,0.746190476190476,0.737619047619048,0.745714285714286,0.726666666666667,0.738571428571429,0.83,0.82952380952381,0.868571428571429,0.81952380952381,0.754285714285714,0.737142857142857,0.831428571428571,0.771428571428571,0.76952380952381,0.834761904761905,0.778095238095238,0.795714285714286,0.819047619047619,0.787619047619048,0.794761904761905,0.835238095238095,0.803333333333333,0.790952380952381,0.763333333333333,0.793333333333333,0.779047619047619,1,0.793809523809524,0.77,0.782380952380952,0.818095238095238,0.814761904761905,0.81952380952381,0.766190476190476,0.782239530685914,0.827945520852408,0.765333950499108,0.799029610187546,0.786837410901321,0.851367148681186,0.755211692249102,0.809023234919683,0.774892643234469,0.781986372725432,0.652516445609484,0.770461187414678,0.774496214088993,0.766078752835564,0.791445867037229,0.731931974059657,0.731477815034846,0.850011406848663,0.831292598610862,0.766613411443354,0.741272227459724,0.815530591677295,0.740915031651969,0.763572923397875,0.735330082163998,0.789318250969462,0.777409469547477,0.835888585389704,0.792024113290786,0.733776704709658,0.765064722525781,0.79889513717164,0.765609761479605,0.764186633514008,0.796616950645404,0.785549442561649,0.786910801891292,0.753169223225157,0.760317030621468,0.743297283104242,0.782017400575639,0.843339598938018
"Chynoweth5",0.83047619047619,0.81047619047619,0.828571428571429,0.840952380952381,0.800952380952381,0.803333333333333,0.79952380952381,0.82047619047619,0.835238095238095,0.807142857142857,0.928095238095238,0.911904761904762,0.851428571428571,0.852857142857143,0.804761904761905,0.85047619047619,0.811904761904762,0.82952380952381,0.822857142857143,0.795714285714286,0.792857142857143,0.833333333333333,0.792380952380952,0.752380952380952,0.757142857142857,0.758095238095238,0.753333333333333,0.75047619047619,0.852857142857143,0.806666666666667,0.997142857142857,0.996190476190476,0.786666666666667,0.84952380952381,0.788095238095238,0.774285714285714,0.808095238095238,0.777619047619048,0.796190476190476,0.795714285714286,0.861904761904762,0.798571428571429,0.799047619047619,0.837619047619048,0.808571428571429,0.758095238095238,0.758095238095238,0.757619047619048,0.747619047619048,0.758571428571429,0.851428571428571,0.811428571428571,0.797619047619048,0.79047619047619,0.787619047619048,0.696190476190476,0.852857142857143,0.812857142857143,0.811428571428571,0.811428571428571,0.80952380952381,0.85047619047619,0.808571428571429,0.83047619047619,0.996190476190476,0.79952380952381,0.81952380952381,0.784285714285714,0.796666666666667,0.995714285714286,0.813333333333333,0.793809523809524,1,0.811428571428571,0.94047619047619,0.928571428571429,0.806666666666667,0.841428571428571,0.70952380952381,0.865835099084138,0.798722596725516,0.783456854029122,0.881812176872602,0.841028657718991,0.842835730768661,0.815163276443648,0.795687680368696,0.803553331343941,0.749837537403605,0.776351895748658,0.830431976047169,0.795820664769068,0.822362851661286,0.842532120532234,0.839026016901102,0.791314112974226,0.885647388647223,0.884657157693396,0.73623468263311,0.76122973558319,0.783238528605837,0.814570753605122,0.835337627861654,0.797083075549027,0.795008113491792,0.845726093767333,0.809743978206085,0.800303650566131,0.745421399451888,0.750456790175969,0.824294815248624,0.759918600407127,0.817621902157568,0.80938727549881,0.816821547364612,0.795454399796143,0.830594311064874,0.743557374267362,0.795388100058364,0.807158878456439,0.821668179246889
"Chynoweth7",0.796190476190476,0.78952380952381,0.803333333333333,0.795714285714286,0.773809523809524,0.775238095238095,0.776666666666667,0.884761904761905,0.783333333333333,0.785238095238095,0.811428571428571,0.813809523809524,0.792857142857143,0.793809523809524,0.875238095238095,0.792380952380952,0.995714285714286,0.814285714285714,0.837142857142857,0.765238095238095,0.769047619047619,0.796666666666667,0.769047619047619,0.749047619047619,0.753333333333333,0.754285714285714,0.753809523809524,0.75047619047619,0.823809523809524,0.882380952380952,0.811428571428571,0.810952380952381,0.768571428571429,0.790952380952381,0.783333333333333,0.791904761904762,0.798095238095238,0.765238095238095,0.763809523809524,0.816190476190476,0.809047619047619,0.772857142857143,0.823809523809524,0.842857142857143,0.810952380952381,0.755238095238095,0.752380952380952,0.754761904761905,0.742857142857143,0.754285714285714,0.793333333333333,0.801904761904762,0.77952380952381,0.786190476190476,0.787619047619048,0.772380952380952,0.794285714285714,0.998571428571429,0.994761904761905,0.793809523809524,0.782857142857143,0.81047619047619,0.904761904761905,0.852380952380952,0.812380952380952,0.774285714285714,0.823809523809524,0.781904761904762,0.817142857142857,0.810952380952381,0.967142857142857,0.77,0.811428571428571,1,0.801428571428571,0.810952380952381,0.781904761904762,0.849047619047619,0.687142857142857,0.777842948379025,0.772035509478537,0.805338682146194,0.840432170486928,0.815852170665499,0.837007036118787,0.771740688076296,0.800943209650093,0.815814780674515,0.779779946749539,0.814802857716469,0.833251487115348,0.801202518680199,0.825030820730165,0.787057889774058,0.831392062620416,0.786243498964875,0.835338734079114,0.908351543781319,0.712794077635864,0.689596801907844,0.786745764708034,0.773588272578771,0.753418859782582,0.789784469251025,0.771415854422254,0.82160473517604,0.797914473596006,0.738495188808288,0.825586050812465,0.804365176013006,0.800563047918687,0.731664315901735,0.776231468003028,0.796984041644915,0.794083382747075,0.805439513167133,0.804579748599457,0.757274555803618,0.741032460573818,0.769989332498646,0.841503129014384
"Chynoweth8",0.820952380952381,0.797142857142857,0.840952380952381,0.834285714285714,0.788571428571429,0.79047619047619,0.787142857142857,0.807619047619048,0.867619047619048,0.792380952380952,0.89047619047619,0.88047619047619,0.838095238095238,0.839047619047619,0.78952380952381,0.837619047619048,0.801904761904762,0.827142857142857,0.814761904761905,0.782380952380952,0.781428571428571,0.818095238095238,0.780952380952381,0.741904761904762,0.746190476190476,0.747142857142857,0.743333333333333,0.74,0.839047619047619,0.797619047619048,0.941428571428571,0.94047619047619,0.773809523809524,0.836666666666667,0.776190476190476,0.76047619047619,0.791904761904762,0.765238095238095,0.782857142857143,0.785714285714286,0.854285714285714,0.780952380952381,0.793809523809524,0.835238095238095,0.798095238095238,0.747142857142857,0.744761904761905,0.746666666666667,0.73047619047619,0.745238095238095,0.83952380952381,0.798571428571429,0.783333333333333,0.778571428571429,0.774761904761905,0.684285714285714,0.84,0.802857142857143,0.802380952380952,0.799047619047619,0.863333333333333,0.842857142857143,0.801904761904762,0.830952380952381,0.941428571428571,0.781904761904762,0.81047619047619,0.772380952380952,0.786666666666667,0.939047619047619,0.801428571428571,0.782380952380952,0.94047619047619,0.801428571428571,1,0.89047619047619,0.791428571428571,0.833333333333333,0.700952380952381,0.8090208325148,0.780211640060555,0.808233231812787,0.845084249587372,0.799806081444219,0.83870335535359,0.785105039917749,0.80377059362846,0.802445984161892,0.766159796827594,0.78068829731232,0.772039354852583,0.850065871568115,0.7947750951402,0.715584639450243,0.843400791811118,0.746549931692265,0.889301879061271,0.897467201525234,0.623157664319641,0.759553228941476,0.713105095172925,0.816120010182089,0.786281942606855,0.800828075506278,0.804079264327503,0.832787428847419,0.814426415053292,0.754625439805674,0.793285264680312,0.746200257142139,0.830444454182399,0.78381093480072,0.753068748893863,0.820576520590895,0.807237026137257,0.773387513604097,0.78033142361118,0.786477426131035,0.822391435019606,0.777265938259423,0.855978392941244
"Shriver2",0.829047619047619,0.820952380952381,0.82047619047619,0.841428571428571,0.811428571428571,0.812857142857143,0.802857142857143,0.822857142857143,0.853809523809524,0.804285714285714,0.996666666666667,0.867619047619048,0.856666666666667,0.857142857142857,0.81,0.857142857142857,0.811428571428571,0.838571428571429,0.827619047619048,0.799047619047619,0.817142857142857,0.836666666666667,0.816666666666667,0.759047619047619,0.763809523809524,0.764761904761905,0.759047619047619,0.756190476190476,0.846666666666667,0.804285714285714,0.929047619047619,0.929047619047619,0.79,0.855238095238095,0.816190476190476,0.773809523809524,0.813809523809524,0.787619047619048,0.801428571428571,0.797142857142857,0.871428571428571,0.800952380952381,0.799047619047619,0.846666666666667,0.839047619047619,0.764761904761905,0.762857142857143,0.764285714285714,0.74952380952381,0.763809523809524,0.856666666666667,0.817619047619048,0.800952380952381,0.818571428571429,0.785238095238095,0.704761904761905,0.858095238095238,0.812380952380952,0.810952380952381,0.82047619047619,0.833333333333333,0.833333333333333,0.814761904761905,0.828571428571429,0.93047619047619,0.802380952380952,0.817619047619048,0.805238095238095,0.798095238095238,0.929047619047619,0.814761904761905,0.818095238095238,0.928571428571429,0.810952380952381,0.89047619047619,1,0.811904761904762,0.835714285714286,0.717619047619048,0.815064766896273,0.793678456669954,0.798570787784756,0.81049832777305,0.835384676169866,0.77962158101192,0.826087264369064,0.816410581651373,0.803201037517078,0.830845849116181,0.794948613539834,0.798859662832177,0.81447773975334,0.83902802297706,0.798492691166795,0.870157504270099,0.850305750770958,0.84750333126231,0.771581791996994,0.757753338705765,0.807376264615509,0.817631980550837,0.831496023168487,0.79102186983743,0.849930050109648,0.80969653500051,0.81501613059036,0.774607087609655,0.791751391636963,0.78504359628976,0.808664290124979,0.830766993225168,0.84730639536021,0.82929959131103,0.84543402760972,0.805318464959287,0.809400511025242,0.846774777391782,0.822751986995831,0.800278524807105,0.822940177273706,0.835959944903343
"Davies3",0.82,0.86952380952381,0.786190476190476,0.87047619047619,0.842857142857143,0.844761904761905,0.835238095238095,0.819047619047619,0.784761904761905,0.837142857142857,0.811904761904762,0.79952380952381,0.800952380952381,0.801904761904762,0.80952380952381,0.80047619047619,0.782380952380952,0.831904761904762,0.795238095238095,0.838095238095238,0.814285714285714,0.85,0.813809523809524,0.744761904761905,0.752857142857143,0.753809523809524,0.745238095238095,0.742380952380952,0.84952380952381,0.815238095238095,0.806666666666667,0.807142857142857,0.847142857142857,0.799047619047619,0.862857142857143,0.782380952380952,0.83047619047619,0.777142857142857,0.778095238095238,0.778095238095238,0.824761904761905,0.847142857142857,0.781904761904762,0.822857142857143,0.854285714285714,0.754285714285714,0.748571428571429,0.754761904761905,0.738571428571429,0.75,0.801428571428571,0.820952380952381,0.841904761904762,0.865238095238095,0.764285714285714,0.685714285714286,0.802380952380952,0.783333333333333,0.781428571428571,0.889047619047619,0.773809523809524,0.8,0.813333333333333,0.80047619047619,0.807142857142857,0.848095238095238,0.842380952380952,0.827619047619048,0.779047619047619,0.805714285714286,0.788095238095238,0.814761904761905,0.806666666666667,0.781904761904762,0.791428571428571,0.811904761904762,1,0.813809523809524,0.723333333333333,0.767496035637403,0.756731363901752,0.820454010707991,0.837089623967369,0.759143793312226,0.820134888102007,0.805944692949472,0.775651655842201,0.831570292577977,0.808234993957926,0.85675192751429,0.845881515055959,0.82964759056542,0.808986304739824,0.845216452201472,0.760714545896533,0.852722619338785,0.834486074162554,0.816427961983942,0.819543583443382,0.778530239192646,0.806439697218594,0.844691380429641,0.817355795948931,0.812047826778868,0.797580260494321,0.827732376907423,0.823277752408424,0.771227407744685,0.802908036562931,0.746347952942412,0.764068754454236,0.861628850957933,0.807432629762642,0.869165707955626,0.758383476384517,0.829106045822976,0.789954135989323,0.81780036152026,0.815674210680214,0.820216489115234,0.791780950051282
"GerminoBOP1",0.837142857142857,0.813333333333333,0.83047619047619,0.833809523809524,0.808571428571429,0.80952380952381,0.79952380952381,0.840952380952381,0.820952380952381,0.807619047619048,0.836666666666667,0.82952380952381,0.846666666666667,0.847619047619048,0.802857142857143,0.846190476190476,0.849047619047619,0.847142857142857,0.873333333333333,0.806666666666667,0.818571428571429,0.823333333333333,0.818571428571429,0.75,0.756190476190476,0.757142857142857,0.752380952380952,0.74952380952381,0.834761904761905,0.838095238095238,0.841428571428571,0.840952380952381,0.794285714285714,0.845238095238095,0.797619047619048,0.78952380952381,0.802857142857143,0.769047619047619,0.795238095238095,0.805714285714286,0.852380952380952,0.798095238095238,0.857619047619048,0.882380952380952,0.823809523809524,0.757619047619048,0.756190476190476,0.757142857142857,0.742380952380952,0.757619047619048,0.846190476190476,0.854761904761905,0.806190476190476,0.799047619047619,0.787142857142857,0.726190476190476,0.847619047619048,0.84952380952381,0.848095238095238,0.80952380952381,0.821428571428571,0.815238095238095,0.86047619047619,0.841428571428571,0.842380952380952,0.799047619047619,0.842857142857143,0.798571428571429,0.806666666666667,0.840952380952381,0.838571428571429,0.81952380952381,0.841428571428571,0.849047619047619,0.833333333333333,0.835714285714286,0.813809523809524,1,0.717619047619048,0.787777125778751,0.824811130117516,0.808634152326629,0.793890182444867,0.839297285527894,0.770721899924283,0.796245501136352,0.721868541325524,0.815826688626712,0.773651858388394,0.681829788989404,0.798161071891564,0.810652020595642,0.834410189368838,0.772616204275902,0.791942105725425,0.840593643797264,0.77532449406913,0.781978221283102,0.7880399457326,0.795922017423449,0.836384323011218,0.775833660129824,0.784952309307463,0.82379424338364,0.769316644462924,0.773913909705228,0.782875008365243,0.753304602954778,0.86147163642384,0.793418517972098,0.838769050049115,0.77909150644422,0.795815034330605,0.8140951250615,0.756675089766597,0.754159918129946,0.775659187306048,0.732985994627922,0.729753554672204,0.828818635549238,0.809652641841118
"Mancillas1",0.71,0.718095238095238,0.720952380952381,0.726666666666667,0.717619047619048,0.718095238095238,0.756190476190476,0.712857142857143,0.71,0.751428571428571,0.718095238095238,0.706666666666667,0.730952380952381,0.73,0.73,0.729047619047619,0.686666666666667,0.74,0.693333333333333,0.754761904761905,0.765238095238095,0.749047619047619,0.764285714285714,0.647619047619048,0.656190476190476,0.657142857142857,0.64952380952381,0.647142857142857,0.737619047619048,0.723333333333333,0.70952380952381,0.709047619047619,0.774761904761905,0.727619047619048,0.718095238095238,0.685714285714286,0.72,0.68,0.748571428571429,0.676190476190476,0.748571428571429,0.767142857142857,0.696666666666667,0.735238095238095,0.722380952380952,0.658571428571429,0.65,0.658095238095238,0.639047619047619,0.651428571428571,0.73,0.733333333333333,0.753333333333333,0.719047619047619,0.67047619047619,0.750952380952381,0.730952380952381,0.688571428571429,0.686190476190476,0.724285714285714,0.698095238095238,0.713809523809524,0.703809523809524,0.708095238095238,0.71047619047619,0.768571428571429,0.716190476190476,0.699047619047619,0.676190476190476,0.709047619047619,0.693333333333333,0.766190476190476,0.70952380952381,0.687142857142857,0.700952380952381,0.717619047619048,0.723333333333333,0.717619047619048,1,0.729463619500654,0.68574937778212,0.640757892280381,0.716961413252671,0.742595274737456,0.767100175680541,0.732123066628756,0.725787027771861,0.733133414606696,0.72495711252954,0.629364937759953,0.719828645917303,0.703587646297321,0.676273820141185,0.684159686462361,0.689727458858123,0.711250350078754,0.67539088262399,0.702768067465796,0.708526183605794,0.696121176397198,0.680448554651113,0.717723550827596,0.645254068697919,0.666156248502837,0.790320336125634,0.683911459466172,0.637389781369019,0.646430476368943,0.717492774232056,0.729564662980798,0.733135151929386,0.712134808732381,0.763397952241956,0.781383325713775,0.701457130156915,0.678229862221449,0.676992878952034,0.700549016835859,0.698718491161374,0.69022903245965,0.768601848023594
"BoiseHigh",0.810241198075556,0.820256330579902,0.812550261207933,0.788576788635324,0.837204025023311,0.85394845529932,0.82780344821508,0.781655393045012,0.808826252254544,0.826742056787623,0.820830883959246,0.786024714781766,0.807137475914745,0.75469902133542,0.767082106557634,0.802940234002707,0.793040510132102,0.782044799351321,0.780516127303056,0.819084957447563,0.756607503820358,0.79658498028078,0.800956959234659,0.803688361291224,0.775051874629192,0.80417305406759,0.803355980034638,0.798491264399378,0.741893707962855,0.829990783247841,0.712134903828185,0.78391559742167,0.770809632859752,0.805675497174946,0.789192156584341,0.809701872791051,0.756553115169858,0.786910400778098,0.79209322485821,0.765292762355697,0.770954383310299,0.810095796053555,0.810756889164976,0.815509961704789,0.812387899313621,0.822357884164461,0.812270155677619,0.77961779463315,0.704228104902978,0.75135274629447,0.842824111681694,0.796610918483174,0.792946071726058,0.792040272686503,0.807639458707915,0.79923192580795,0.843026152385833,0.841282405797747,0.789687946767789,0.782210213131379,0.788439702933622,0.781226753608997,0.742068376369734,0.833687095275805,0.81490451805535,0.836118842477396,0.818268577345733,0.815407351041306,0.75220080363091,0.779659653533308,0.753466895256377,0.782239530685914,0.865835099084138,0.777842948379025,0.8090208325148,0.815064766896273,0.767496035637403,0.787777125778751,0.729463619500654,1,0.792001910434781,0.804982519375591,0.802320869496958,0.841948269466908,0.810390531137864,0.733683425809797,0.736977403678348,0.792132035962248,0.789777687545361,0.790632016663967,0.819007794710144,0.815053356213051,0.762087454410967,0.835576826321685,0.801796266590334,0.777511982895149,0.819373821007239,0.80354969876364,0.794412220860026,0.80286377691147,0.768410080815692,0.819526726579669,0.822067662056467,0.786992188093555,0.827047099752969,0.812450398512137,0.781654566973253,0.805248779547803,0.762714942957316,0.781402365548037,0.81665914751579,0.811653233233699,0.811304704257026,0.781137247800882,0.808236086387031,0.794842036677818,0.780390781694891,0.775239419277562,0.815460867880055,0.812637099719457,0.84177992536553
"BoiseLow",0.828340814071212,0.826449833160026,0.808812839995382,0.778060783304465,0.783207398594141,0.840373348322975,0.81823053753937,0.797359077241475,0.77523536862469,0.818644655239145,0.806848850702558,0.814974258218045,0.778963109491601,0.844951507898256,0.840429326171226,0.789651534149721,0.782313222712573,0.751865584401194,0.788086980045042,0.748453114445766,0.84041326125968,0.746746810752904,0.765631816817944,0.817048321813921,0.784187619427147,0.808672455505245,0.812839102177006,0.791691408666584,0.780384260544456,0.745526641340645,0.780195387793898,0.818062142904536,0.815792501253003,0.797920073569154,0.758486351069115,0.826171945289699,0.772726090043205,0.83971952184022,0.824674416414008,0.825221305434588,0.778354351829905,0.805567214352678,0.792266778562695,0.820456421603078,0.763587678793567,0.829115801459657,0.777665374361988,0.816636473270378,0.746021543004325,0.784973447928428,0.82086603520663,0.813816786968115,0.791064240864185,0.766543539888308,0.763064581027943,0.815634755640236,0.800727399727003,0.813671852242964,0.783079688495247,0.799439624526944,0.758369208807656,0.784080295721484,0.77692476805188,0.810795571284979,0.760133343431029,0.84293746423683,0.772751839412316,0.80205632564774,0.805250740458916,0.797801574771622,0.81913801455711,0.827945520852408,0.798722596725516,0.772035509478537,0.780211640060555,0.793678456669954,0.756731363901752,0.824811130117516,0.68574937778212,0.792001910434781,1,0.783789647336864,0.863046166407144,0.797757168220744,0.827102111894483,0.762707826413661,0.74317228273903,0.731839922929366,0.807055219580307,0.761013527698121,0.81357270623354,0.790316391846167,0.773377157675494,0.837054601371227,0.783858262436467,0.766201303951627,0.776697447331882,0.762421969053251,0.817782875748987,0.784934525497429,0.775298511455758,0.814629589804523,0.767044107363254,0.837645124120657,0.766562470217064,0.841012105350864,0.795972436002366,0.825695652097026,0.834908182737666,0.782601478611163,0.771855691044596,0.833257448549233,0.767718683334694,0.809672661050781,0.846004286383632,0.794560803247109,0.840158061860366,0.788145710142461,0.773248400383234,0.812883499315814,0.798858925249083
"CGPASTURE",0.813894901785493,0.811251286970127,0.803291010246424,0.805052071811811,0.824309403038247,0.805595221290705,0.784374910322431,0.823725717497778,0.831667336412549,0.782881301569554,0.872839222683397,0.810285954712625,0.910595624125799,0.884275155529784,0.840382287495007,0.835170760484883,0.72633657075426,0.761656219492983,0.812332422854322,0.748279996355406,0.794348535372349,0.771951822585417,0.813264631202943,0.796442422587121,0.697352193081373,0.744338094156152,0.811669548573975,0.771419169523737,0.780661742830754,0.826326751369836,0.82401301756236,0.831256447067925,0.874210008159483,0.89053632291128,0.761298452499726,0.811976750164818,0.767655096493206,0.788055564051722,0.815139349835302,0.807448078694062,0.782974205241736,0.879284449840746,0.831789923023549,0.764746085438489,0.684037282660039,0.754231783647849,0.721999709707034,0.819437265050454,0.72683148854844,0.803717596564339,0.826269946569649,0.854099446056413,0.849440523414806,0.827700448559428,0.840622928854624,0.795651228123252,0.839051145978133,0.872561651081319,0.850662534013223,0.832002911580367,0.797134726646651,0.791604815075712,0.824103062484089,0.867245554693965,0.865162404057971,0.772572287421252,0.79644910735514,0.770338383221139,0.790360193881338,0.875010213135962,0.824416064191083,0.765333950499108,0.783456854029122,0.805338682146194,0.808233231812787,0.798570787784756,0.820454010707991,0.808634152326629,0.640757892280381,0.804982519375591,0.783789647336864,1,0.847412801836901,0.760122027920525,0.870700051584226,0.808733779675072,0.818310111105143,0.804440880138372,0.824026018146587,0.788007475185992,0.798471606640373,0.849099372781384,0.837909577170167,0.85005790480238,0.816135416345765,0.861443947809651,0.854172126439167,0.87162292523324,0.765959983392236,0.772200429790158,0.838539421095612,0.805777691663563,0.81966134159367,0.85220240441393,0.704999615701303,0.817242594982022,0.863354253006161,0.82966182683627,0.763269342621857,0.80203096227756,0.862164219120341,0.842042527899548,0.870791970871055,0.848956830069341,0.835158294767374,0.800775375481474,0.847421412034428,0.784751046192606,0.789185964845108,0.826634612150555,0.8864873395254
"CaseAoyamaS1",0.804072505647462,0.848501538754409,0.838119369046122,0.831999956196172,0.817697711779473,0.841914019895981,0.852269725781667,0.831196262453188,0.845839132130152,0.852727817950706,0.802255545673886,0.854071216747283,0.809035292996103,0.837779146075024,0.775027100308272,0.795675096361322,0.834385551981656,0.756932071599625,0.774331117202147,0.684956969845641,0.795497203965714,0.815512189240848,0.805786038411212,0.753209570900567,0.718593075041012,0.787215927161263,0.758713321712551,0.841682017618745,0.811991297012137,0.792048241560673,0.81760065168559,0.811609203328318,0.815748297731481,0.824270135020966,0.796515708722123,0.845140766562183,0.750467786419377,0.804152175074443,0.844393237862151,0.803690332136179,0.86492977306844,0.805662362770971,0.83549200777729,0.810799227492222,0.735621901900225,0.739591367950578,0.735155118671909,0.804239761206849,0.720302101575006,0.755433827810698,0.879346814064788,0.839829657595263,0.851351477055238,0.807022043928574,0.813356481219987,0.83001373421347,0.814066857398194,0.854614796663861,0.819756441320243,0.835569569080058,0.818534962333681,0.812837703204969,0.867993613316687,0.876145953034292,0.847553611719696,0.831225351033044,0.827053228002892,0.800139311991637,0.778892708498967,0.849295762570635,0.834536211667772,0.799029610187546,0.881812176872602,0.840432170486928,0.845084249587372,0.81049832777305,0.837089623967369,0.793890182444867,0.716961413252671,0.802320869496958,0.863046166407144,0.847412801836901,1,0.813049068473625,0.801938131138703,0.767855329234538,0.695562015159887,0.766982876446991,0.724564070290988,0.822398902828654,0.756687792827844,0.790086583312309,0.812700868802466,0.748529999399112,0.845318435268473,0.798986712597792,0.832922702110912,0.845510721528236,0.714092193279731,0.793759761897336,0.797178945843978,0.83237416007268,0.825383068401089,0.856356604033475,0.755412136791145,0.859769543625103,0.71454758209056,0.76391904093522,0.790798384858409,0.796832647996473,0.805339068943403,0.766876849747702,0.74478561188556,0.773270580501856,0.792214408618604,0.798540576532761,0.726560152159648,0.794580096949775,0.812769528752173,0.795940918333262,0.875619985833024
"CastValley",0.853826927050894,0.876243797107351,0.853611633303637,0.876664454243897,0.858075993515937,0.847116877608344,0.854920149868266,0.831165987119024,0.81616543247898,0.828986887668643,0.875133100219244,0.854070808727737,0.813060963824466,0.834160587852902,0.821885249969908,0.815403341855374,0.812431102156457,0.838178062167928,0.809097502520163,0.808065909614919,0.739266327892666,0.841516530226315,0.821220381960734,0.856634696800426,0.775406929174247,0.780734079861339,0.794367160688038,0.729226476219312,0.813080510808138,0.787070266835558,0.841604625593772,0.845463079337192,0.803594646592201,0.865199194311304,0.738655484453655,0.806748304231456,0.820451589956442,0.820360504686496,0.815779784448088,0.844261232808087,0.819037500422434,0.837708437768813,0.836551786316205,0.802276063334607,0.777474601508019,0.785395156764855,0.731257509294366,0.817826471020077,0.800970520688982,0.830678486122529,0.853903115874216,0.849691274215398,0.860931055834482,0.859496048357292,0.76570071276419,0.796657199304264,0.877455369912139,0.796345745397065,0.786642487454385,0.827395135029291,0.811972097166676,0.789255218057964,0.802290399957618,0.832193979895103,0.825456332520533,0.808733102730048,0.819876795599387,0.843293007994969,0.819807274444826,0.861407138950702,0.807393146748459,0.786837410901321,0.841028657718991,0.815852170665499,0.799806081444219,0.835384676169866,0.759143793312226,0.839297285527894,0.742595274737456,0.841948269466908,0.797757168220744,0.760122027920525,0.813049068473625,1,0.782166432452807,0.791551851147404,0.811514355911555,0.816303104858532,0.812303667940675,0.771034390251995,0.772524617851234,0.811468907887066,0.769887890512644,0.822941677284982,0.789106174985391,0.760532986733159,0.773608333428057,0.814939289990847,0.761688495517518,0.749402402189979,0.757436495942881,0.758558397829125,0.799396984896615,0.773146184487235,0.726824403645083,0.776008178950264,0.780750041922449,0.774114243657097,0.799742100642485,0.840192713097603,0.765373024085881,0.759412997582235,0.74296215860467,0.794492644382115,0.80203905463346,0.787987963393534,0.748402825311633,0.732420220921791,0.732222414638072,0.827918060003817,0.776939341116839
"EOARC",0.790575198876779,0.803164434755775,0.830457268105621,0.824092104725766,0.864462096612735,0.790339995840153,0.854161968844521,0.849546800643625,0.845697968651281,0.844625866026724,0.820358539585414,0.836018472502627,0.78906104105247,0.818262904953297,0.843255664501171,0.831080906461916,0.893333007143148,0.767192756753928,0.816951859250378,0.78513425656839,0.790295656520385,0.774725416781416,0.770806751161941,0.747509580705044,0.772603668793198,0.845678781258039,0.750603114619808,0.786056660212513,0.810758282398799,0.763583615389212,0.793269565409681,0.818450005272238,0.819268293780311,0.850838888441595,0.772214362356711,0.757015581617067,0.738818043642222,0.836433712238909,0.781162355797417,0.85490352503075,0.85454182014665,0.839085286559969,0.805561887390585,0.80521358862117,0.7716216656412,0.759977941672314,0.749621997416253,0.804763505385451,0.728255277396992,0.75499615854017,0.852201060506298,0.849273701583995,0.793855893468831,0.795028313890172,0.737743401973743,0.828349828051701,0.831327220901711,0.834792969451604,0.828014082680732,0.797693434447353,0.795489802087412,0.80702951953526,0.80146675018288,0.838944630910664,0.869216016225046,0.82464813992386,0.818537834084444,0.799675345162224,0.749567771979491,0.878699824473244,0.839742984648488,0.851367148681186,0.842835730768661,0.837007036118787,0.83870335535359,0.77962158101192,0.820134888102007,0.770721899924283,0.767100175680541,0.810390531137864,0.827102111894483,0.870700051584226,0.801938131138703,0.782166432452807,1,0.830114141679904,0.842255867955417,0.828029807031761,0.81398678842626,0.840290457878671,0.772246471118435,0.797818851598175,0.862892103861318,0.83181951096305,0.832476364847631,0.753558750414951,0.862486703435227,0.841407493795922,0.707910827213334,0.78151932290582,0.766211894031566,0.829842075399922,0.865762428224931,0.840921091890654,0.770038557977099,0.81487329663794,0.726020494731754,0.801772558078871,0.811185920395127,0.711924014175502,0.815973884556266,0.746661949161474,0.73792834410325,0.788328597149,0.752351465922697,0.791913756096942,0.809019553520691,0.786271676755104,0.829585126470475,0.842971286371521,0.814201491104449
"EnsingS1SuRDC",0.874511183531892,0.874636411474643,0.876859757248119,0.862721418778916,0.897849859742177,0.891276425783623,0.728842646172268,0.766076911153277,0.808955251118933,0.768069080864469,0.835718281620085,0.804895592970847,0.821775117543128,0.787788548239273,0.738193630204845,0.748193716807307,0.762934465195444,0.826599847681477,0.815098152110293,0.773363340540745,0.779893220363332,0.816422869829236,0.785229747364291,0.706813459254189,0.737757271795536,0.73288437976799,0.78082135933097,0.804318187510458,0.742968568014293,0.818213691632754,0.723355729650101,0.811367816126015,0.814433112720268,0.841169059936163,0.858607007437213,0.829594969958457,0.816168775713044,0.780440584370576,0.80088715594477,0.782743160028762,0.77941769023451,0.802118215965848,0.727805105147781,0.795419828704441,0.720236780544825,0.797714517347156,0.812736294627393,0.801547261133924,0.69854756808161,0.725877633492989,0.791744308064226,0.7974774155714,0.834334854796655,0.823582374202255,0.778004989318396,0.770114771313872,0.80331096465454,0.803296690494539,0.806428345221518,0.835410476379269,0.727103328468447,0.757046734177064,0.763847502986169,0.78741285266847,0.818095434568332,0.8024884980684,0.782710324937507,0.820396621633254,0.796994079536831,0.842355508408621,0.767233835718436,0.755211692249102,0.815163276443648,0.771740688076296,0.785105039917749,0.826087264369064,0.805944692949472,0.796245501136352,0.732123066628756,0.733683425809797,0.762707826413661,0.808733779675072,0.767855329234538,0.791551851147404,0.830114141679904,1,0.891423729144647,0.837733400282743,0.87648135408931,0.837594260907831,0.831000850493997,0.809239142724472,0.809305584511792,0.837436913220444,0.85527922669972,0.829409037319858,0.834430132137493,0.811243567990396,0.72403102012211,0.764860687241251,0.783623486257079,0.827146655011966,0.838330923437914,0.838103086053543,0.838913224098159,0.839498755523416,0.823999116016672,0.825316955220127,0.823861891718818,0.84790102546094,0.840780195455191,0.783969985295188,0.806704054107118,0.814945116406485,0.817088152557692,0.870348481989542,0.770836574539942,0.860329220944438,0.856707469509038,0.823501054368371,0.818781416935883
"EnsingS2Summerland-Princeton",0.886073594774333,0.86607494235887,0.809302259257149,0.810507031807066,0.859705564418227,0.863170028669387,0.79407727850681,0.830481718760848,0.792673998161537,0.828185981994519,0.780236943082463,0.812575413219643,0.775454441312556,0.827326668280334,0.741530016600662,0.750597180786944,0.805162881425948,0.824830779567577,0.784219223909634,0.793156158221804,0.781821414068586,0.815198283807297,0.787376888569317,0.831064098564423,0.758642914832854,0.758140305161814,0.793216132225023,0.791058544467684,0.747252893740497,0.846696018402523,0.755322724233871,0.777980259992731,0.804667936631273,0.804311024850919,0.799102357536694,0.799111972470976,0.744485107882566,0.781100824638331,0.759834672743625,0.760075300120444,0.81564371502772,0.798249421510651,0.775813212223659,0.771627467320377,0.797906531051304,0.80556554018845,0.764204280363955,0.837204579593022,0.746973495376073,0.751723152225808,0.818829937480991,0.782404392491689,0.867990301714101,0.854075211968861,0.7935389207252,0.743244587320158,0.782971748364042,0.736621682126555,0.755080320651875,0.762539554131216,0.783234637977216,0.775117082582785,0.800862841750142,0.760496896671433,0.806830983644641,0.788624808970591,0.760256943322761,0.78078574427106,0.809210723338142,0.762644703987019,0.802655922692733,0.809023234919683,0.795687680368696,0.800943209650093,0.80377059362846,0.816410581651373,0.775651655842201,0.721868541325524,0.725787027771861,0.736977403678348,0.74317228273903,0.818310111105143,0.695562015159887,0.811514355911555,0.842255867955417,0.891423729144647,1,0.886159462875929,0.861199759403792,0.776460674091267,0.830493210171191,0.807397365633326,0.802837621680263,0.823231168495003,0.831381432464092,0.822105341699949,0.815742960471715,0.80771667231995,0.776111989457801,0.782452535613412,0.739800530619453,0.837918359563,0.826803188151878,0.845884196289615,0.835801155228318,0.783617182192472,0.790953421598295,0.834379597279392,0.845218696879045,0.812402443462108,0.813627641715175,0.81578480572919,0.745638205600636,0.834304636081743,0.868001476360239,0.840875711157082,0.835615606002237,0.812686602657319,0.806236076386972,0.823426193501896,0.79360717154062
"EnsingS3BearCreek",0.889919702451126,0.87139469712664,0.86983464540932,0.894285725362323,0.865060737717286,0.897509000899761,0.759738158844921,0.831226383541152,0.806836317287509,0.79781788982459,0.6955888265121,0.824527673967295,0.824932194898535,0.821530689099314,0.780504820149375,0.808856035121161,0.774304891637734,0.793624274791554,0.750681038980129,0.772416987172866,0.819786283071331,0.747591253964787,0.745224814956198,0.770340538829029,0.761512093623991,0.810997895727027,0.791296883794546,0.804626960857432,0.781883153967225,0.786843774433112,0.766555681671946,0.816074137235096,0.793945437733569,0.821699610314019,0.838533976768608,0.759788558308852,0.75840614906316,0.82857732646682,0.808653815340008,0.751446241474812,0.790876802858693,0.841164341562933,0.721102477295378,0.786808888091772,0.786166048751907,0.824087701835266,0.812717066533432,0.77288952957333,0.707175913490773,0.772915682350242,0.773585405788104,0.786438833846525,0.790971564420957,0.814378016648284,0.765060330532109,0.675951768632376,0.77439422204726,0.77293745155879,0.766821507304754,0.797016704827442,0.820050484489813,0.823055327712874,0.804468965889579,0.820880593363516,0.800797459996979,0.751607965778931,0.814304556251983,0.823011844681385,0.775424971430997,0.823141115767018,0.78707668902735,0.774892643234469,0.803553331343941,0.815814780674515,0.802445984161892,0.803201037517078,0.831570292577977,0.815826688626712,0.733133414606696,0.792132035962248,0.731839922929366,0.804440880138372,0.766982876446991,0.816303104858532,0.828029807031761,0.837733400282743,0.886159462875929,1,0.875282314400219,0.793938223421397,0.794524521910745,0.851825050231806,0.831182338175807,0.820422809634844,0.779922975327547,0.824635680797549,0.84260237353841,0.828705414713408,0.758541018530718,0.745827795865979,0.820403683063983,0.831924738051165,0.770371593486762,0.812358156400989,0.822781398624101,0.817071189684442,0.827233670699009,0.815574559654163,0.845598825152887,0.851589582395692,0.830536977681387,0.807417390901224,0.759909440104899,0.802001145973383,0.881506415251386,0.834180155754585,0.815611595821552,0.779384759291029,0.815381073868281,0.829136552135105,0.84204789324668
"EnsingS4Lundbom",0.840292344665613,0.821505107775885,0.83078475929674,0.825880490169608,0.845712234722796,0.862112660739789,0.811310172053627,0.831413286084969,0.762421965394977,0.788955603749888,0.816851573875897,0.803080136710361,0.809189151609571,0.84084264952856,0.786127862679299,0.79857967426526,0.824051002793688,0.755435312352925,0.806747247283554,0.81555709093144,0.827516742842887,0.770278183613512,0.806916163061049,0.776820182734138,0.762813775596958,0.797653680954766,0.779726488887945,0.772942789079546,0.791070747988117,0.814477845676953,0.74006325933171,0.807015088859968,0.764911886989634,0.802830043500894,0.789569390900614,0.786671380679124,0.775159830536652,0.71860643771399,0.812461625033481,0.769800185425678,0.807838772202263,0.784971481601527,0.735198669478959,0.782338514404058,0.795988395945605,0.829758073153922,0.847440003831038,0.762941669174732,0.69795306469993,0.766709043326519,0.834054224623361,0.834154059714017,0.841787304437585,0.815195974040442,0.820982476712038,0.705702005539626,0.790357488575653,0.737108664633803,0.741956488105527,0.813709889854736,0.80578183766472,0.76069512300501,0.835529927654734,0.801241032528172,0.806142081587662,0.829860391237325,0.796684953293875,0.730000714387252,0.760372250644027,0.801742733559061,0.800488925889299,0.781986372725432,0.749837537403605,0.779779946749539,0.766159796827594,0.830845849116181,0.808234993957926,0.773651858388394,0.72495711252954,0.789777687545361,0.807055219580307,0.824026018146587,0.724564070290988,0.812303667940675,0.81398678842626,0.87648135408931,0.861199759403792,0.875282314400219,1,0.830437553713341,0.828323794149948,0.818814949405894,0.785493728816117,0.845105215931262,0.854073041667543,0.827515037822737,0.827101461119434,0.819234023422651,0.776311036503292,0.780800146235865,0.762019230606387,0.798351391249814,0.836139229648509,0.813755075430969,0.800650336560427,0.790406731419712,0.803781842378379,0.795016147918165,0.809959183740983,0.79298214255748,0.780722536573606,0.80242277120645,0.801278384020014,0.848196007649862,0.81389638328486,0.802371527642928,0.832762136688258,0.758017178448326,0.816414441572647,0.818054445599128,0.805173906572312
"FARNORTHCPER",0.825767519842162,0.836258141873072,0.80090739736609,0.845191368979517,0.817201363910699,0.797735121994586,0.817792906438134,0.822450069005415,0.817563708777539,0.789237161115727,0.842025162731508,0.798331499783065,0.910795841190678,0.917995816704778,0.806760832390664,0.859113548746945,0.745352135652877,0.792884656675657,0.77858077442938,0.72515769571056,0.795809349239647,0.840395377964573,0.72975587704384,0.72523756672578,0.763934848662469,0.782619871949645,0.785504597672832,0.832369856786738,0.817916593299989,0.809093064439,0.850899700838434,0.837179764840211,0.835078903109317,0.835595838058956,0.740328908863098,0.815861539074761,0.755954682099697,0.819319520057207,0.806903404040049,0.777211105681969,0.781068039009662,0.862221792029561,0.852746440511466,0.747237559962168,0.736297946637075,0.717861543398451,0.750966953609039,0.775737246032339,0.665258092473375,0.805656189109088,0.848167593543245,0.874580696124277,0.870518235570195,0.823482388851137,0.815075018322807,0.850225065558448,0.854368748137579,0.836531591865526,0.806252821589563,0.880332705008892,0.743980148595391,0.769637143806899,0.841147227709032,0.861899926558111,0.842008144831875,0.861979729172065,0.807112294392996,0.770690768346722,0.819095038316821,0.816887364286214,0.78290996829749,0.652516445609484,0.776351895748658,0.814802857716469,0.78068829731232,0.794948613539834,0.85675192751429,0.681829788989404,0.629364937759953,0.790632016663967,0.761013527698121,0.788007475185992,0.822398902828654,0.771034390251995,0.840290457878671,0.837594260907831,0.776460674091267,0.793938223421397,0.830437553713341,1,0.834732747227762,0.749124058108206,0.857843367669856,0.871416110384191,0.780642773674893,0.83907271757258,0.836475369189878,0.847714055301683,0.803519421760979,0.826329030771842,0.83980224129645,0.824442233410749,0.822646306537853,0.768336294151508,0.794752330364222,0.817447050902897,0.787903855065912,0.81507444352734,0.805635785218527,0.855643439956148,0.873426574356333,0.877616167377991,0.847320838402107,0.848346009682492,0.806060680404147,0.827531520205567,0.82889308755284,0.816613575291374,0.835728471803431,0.805026684637266,0.880065743000369
"FtKCottonwoodCoulee",0.843354127023302,0.84748581655923,0.87307425528554,0.872205681183332,0.818224929266097,0.863530764570474,0.852086936185311,0.860872344111053,0.766980109988339,0.818531048187343,0.824606573313713,0.814257255615047,0.736051674926834,0.813408485972289,0.827828949308631,0.814171867880084,0.797150256043027,0.800990888825736,0.798409849683098,0.797058525070816,0.830674061701423,0.813223442951682,0.814977108681407,0.820530705867085,0.753514438244052,0.776833322578141,0.787331164429921,0.786867355407094,0.792058091085315,0.788133878087625,0.767522265392467,0.800967383199284,0.854903414644839,0.842392329783765,0.77950216895814,0.775160972553037,0.813538873255459,0.797749092532128,0.835169577389612,0.847082212278796,0.797860879963597,0.876842263138828,0.802675599403431,0.830853662535676,0.764109303118903,0.793555918819668,0.783390775687162,0.847078565644251,0.800172216748655,0.821205591133545,0.819464163979898,0.779223024954375,0.87189535694656,0.825046194344515,0.761524855333551,0.758995325464953,0.841348475099806,0.78964858410258,0.777643390345341,0.774970562645009,0.786311297193359,0.779361198659998,0.78395666396482,0.83410850221637,0.764015494359265,0.852362853232345,0.834343108984176,0.785600203744173,0.731576187009977,0.79713949747745,0.786525747432949,0.770461187414678,0.830431976047169,0.833251487115348,0.772039354852583,0.798859662832177,0.845881515055959,0.798161071891564,0.719828645917303,0.819007794710144,0.81357270623354,0.798471606640373,0.756687792827844,0.772524617851234,0.772246471118435,0.831000850493997,0.830493210171191,0.794524521910745,0.828323794149948,0.834732747227762,1,0.857666177703429,0.760118580240823,0.823620668443006,0.805367364424428,0.81950385779124,0.801612792677773,0.792507021584207,0.814095193137381,0.777272645722591,0.830262018476123,0.780185748173845,0.792924828571841,0.790135446276981,0.744326491004841,0.75481820689132,0.77745011542257,0.799674223821795,0.808182878904742,0.825717037838835,0.827719054629893,0.819747965297598,0.76783304040561,0.833155249240359,0.731005921653137,0.823985904659419,0.824750656660314,0.83050104649429,0.818058422763403,0.832222108381633,0.799732514308204
"FtKLonePine",0.850249179537128,0.813887635312561,0.870424576295235,0.835380676681274,0.833989443289693,0.862268523422752,0.798632236755156,0.797458670018859,0.825709071345546,0.79658211082656,0.726558435731253,0.829757347414364,0.791431304414233,0.804245067035232,0.772979397202026,0.785264563540055,0.797766881113714,0.779790355826399,0.767156742535528,0.824393792401623,0.823315472977806,0.759737772647434,0.819816102115545,0.82737470676476,0.808619397312095,0.775244771086452,0.755059185554381,0.847385115919879,0.822327007559011,0.803578333576666,0.839117326962126,0.829030015360117,0.867575058106608,0.837253102817471,0.719509124235926,0.770877215185822,0.822429363174743,0.819845320800302,0.809771451496378,0.771388085089296,0.855394088450223,0.84066140780861,0.854951888486917,0.83265650141763,0.789640830557693,0.820023700203389,0.849590929964356,0.8574524935518,0.745866340167867,0.838743537106797,0.808529919826075,0.799403316692003,0.860382181664572,0.816696201742911,0.776033404704173,0.834124798163359,0.814813198637235,0.8161678731856,0.788867085450747,0.811173499491219,0.765654375963586,0.794348822730028,0.777089068391898,0.803482860470649,0.819194850114895,0.862576304423034,0.828045702193019,0.820447157336111,0.789725155676051,0.870194874492797,0.783376637226682,0.774496214088993,0.795820664769068,0.801202518680199,0.850065871568115,0.81447773975334,0.82964759056542,0.810652020595642,0.703587646297321,0.815053356213051,0.790316391846167,0.849099372781384,0.790086583312309,0.811468907887066,0.797818851598175,0.809239142724472,0.807397365633326,0.851825050231806,0.818814949405894,0.749124058108206,0.857666177703429,1,0.783590337273766,0.846859604473631,0.763142196417565,0.815927885493374,0.845200142697592,0.790682897434118,0.804141321382415,0.803491261220272,0.773718502696735,0.775753895661185,0.752725703754862,0.807228895457982,0.785928888299786,0.819862745778745,0.805270789353528,0.821982563573027,0.79627532838381,0.784722368019658,0.802053657175653,0.797579205199249,0.809974444407873,0.825380016580542,0.78258333013088,0.766269934470062,0.799745235530397,0.747948269788019,0.825288491587231,0.815595475221171,0.812957298926155
"GoeblS1",0.828307919826803,0.848276307435318,0.82037126425785,0.849982983734479,0.821717443278794,0.833849105837977,0.834323656007323,0.808226669734244,0.856728296946641,0.80286382764078,0.802144498617804,0.791855736948864,0.867941830757453,0.89403986338135,0.84232255299004,0.86279194183339,0.728193128216166,0.829387572198339,0.81788501432828,0.778592160535321,0.802814572314402,0.82381858514164,0.810189652068618,0.76445473346993,0.767708684261883,0.795782705006161,0.804539073428445,0.828851900625726,0.848423076314959,0.819324963855011,0.853501794458614,0.848516729204147,0.867438826003349,0.831790971172811,0.778245361770833,0.816778496693552,0.817617911539293,0.84170317247256,0.776971074700859,0.849464996728387,0.785399083265054,0.849685336058924,0.797809993663994,0.793413071597091,0.738058964670454,0.802271944535264,0.720775208465554,0.752944744510861,0.719075859543036,0.748623347459323,0.856825449651497,0.862289338757719,0.81834085165612,0.824220073880984,0.833581870620327,0.844311705544559,0.894586143997548,0.857771072050917,0.822008856908383,0.891464281028283,0.80038424974538,0.747712566566207,0.848027856891016,0.88287818499882,0.889630029996927,0.759689792028656,0.751412848653928,0.796888738865634,0.857489519473834,0.834488388538355,0.830618851136735,0.766078752835564,0.822362851661286,0.825030820730165,0.7947750951402,0.83902802297706,0.808986304739824,0.834410189368838,0.676273820141185,0.762087454410967,0.773377157675494,0.837909577170167,0.812700868802466,0.769887890512644,0.862892103861318,0.809305584511792,0.802837621680263,0.831182338175807,0.785493728816117,0.857843367669856,0.760118580240823,0.783590337273766,1,0.776830960154059,0.818863984722483,0.813603196973204,0.850484565095231,0.864109226695636,0.798847572613316,0.782492044932554,0.828376586622702,0.786667846379836,0.841589764672988,0.840766988755142,0.783628975737815,0.851323270278677,0.772757350890094,0.744026134258957,0.78428950544211,0.812754733129298,0.824234298881633,0.871551801998811,0.841632049469355,0.80084303359917,0.80704443911479,0.761544496083148,0.850587836140599,0.804659033176509,0.832400050955668,0.827770817525677,0.814022411546942
"GreenCanyon",0.842996302331095,0.804530960084715,0.842424020462773,0.785602999709089,0.81788812504334,0.798810128050544,0.794518223091212,0.763980730712824,0.761491350152932,0.832388573480715,0.812528636460679,0.838576248574053,0.826052417961628,0.754511389320967,0.792063230603027,0.804217581698209,0.779530650364863,0.761915533250711,0.774953688229688,0.753300312652043,0.778019641601107,0.831192945493964,0.798521528438868,0.782944018037516,0.768923695721484,0.819693753663891,0.781003491756209,0.778362035962233,0.801447814765605,0.809039523837127,0.806600912365097,0.817374781002775,0.801221844066932,0.825819781816149,0.787520524048922,0.742105892762269,0.746687197279337,0.825097063144438,0.791610731149625,0.808352590136693,0.811741605711157,0.829736741930538,0.772890199740901,0.803477334545629,0.808474457416452,0.763527252034504,0.761840594930515,0.793926326998973,0.820306901727339,0.79924016307568,0.848811064887375,0.805897613309474,0.823284818943864,0.833602843221673,0.794606411438721,0.786644080147359,0.780412783644463,0.825709810706325,0.782883566030078,0.808375585890379,0.815423504864399,0.78393062513499,0.814243372599024,0.829726421760518,0.836450327481366,0.811101766219623,0.848991554202858,0.754654894189671,0.793183489805292,0.798541892482516,0.760060457604834,0.791445867037229,0.842532120532234,0.787057889774058,0.715584639450243,0.798492691166795,0.845216452201472,0.772616204275902,0.684159686462361,0.835576826321685,0.837054601371227,0.85005790480238,0.748529999399112,0.822941677284982,0.83181951096305,0.837436913220444,0.823231168495003,0.820422809634844,0.845105215931262,0.871416110384191,0.823620668443006,0.846859604473631,0.776830960154059,1,0.801520503671157,0.769947171380268,0.765290429474329,0.774354163825246,0.750801397898199,0.794771263765695,0.801628290638632,0.840611375626701,0.838339758490842,0.837613340404372,0.794621403588044,0.805546638451732,0.799659604847577,0.787301803366495,0.747646672823442,0.811985790697238,0.818674667686538,0.838666650145761,0.801962052917105,0.817019092435563,0.801820403407498,0.817212985672608,0.818907468201784,0.792908684698632,0.832271148355052,0.83388803712962,0.791377938280062
"HPGRSAGCR",0.847412725545507,0.85073487797156,0.837612654264929,0.836836540778653,0.839152417961914,0.820719949534624,0.801261387919526,0.815229442571662,0.818223302515012,0.766160850033534,0.809113552184189,0.838636348887394,0.902913905656208,0.907262958178038,0.830501104022715,0.875035447264293,0.758943363744893,0.70194485129179,0.762232294388635,0.748172230611446,0.760251383953404,0.832732949251451,0.726525523783986,0.793814321016264,0.772943641009984,0.755302549273089,0.757394678679728,0.792408435931475,0.868851495200107,0.791246409492338,0.830565559326191,0.859085757320648,0.852403039765479,0.865159941436173,0.773546812147075,0.769137913445405,0.76386849536939,0.805330340064011,0.817196721343064,0.755381394440905,0.810271112056576,0.874475820538511,0.853273384763323,0.792051711171798,0.742234350796052,0.736466161973348,0.758479874167998,0.782168709491395,0.694687030202861,0.744686827484672,0.860472777277288,0.863941079759443,0.869083594753495,0.841838786034361,0.810875253579115,0.856929430412579,0.894077468314268,0.869530454279178,0.865836363701644,0.888397261672215,0.719271506111018,0.796764818681281,0.81629155034049,0.830038116595033,0.87954967793001,0.831853359861901,0.775521278036253,0.781096701580117,0.808330729193108,0.818350917679112,0.832556478999577,0.731931974059657,0.839026016901102,0.831392062620416,0.843400791811118,0.870157504270099,0.760714545896533,0.791942105725425,0.689727458858123,0.801796266590334,0.783858262436467,0.816135416345765,0.845318435268473,0.789106174985391,0.832476364847631,0.85527922669972,0.831381432464092,0.779922975327547,0.854073041667543,0.780642773674893,0.805367364424428,0.763142196417565,0.818863984722483,0.801520503671157,1,0.825628508236153,0.842690311104602,0.83363092032365,0.81249136003958,0.798647534564906,0.850632159332581,0.820728795119258,0.804830652250361,0.842469526818563,0.77162180307572,0.875525844195547,0.880266274555382,0.771347063738954,0.802694000173309,0.831474610260298,0.868813333577708,0.867042744429665,0.857111921133828,0.834205318815365,0.835253950339155,0.787489692400941,0.785554374738976,0.845974093374527,0.825597407965225,0.835170864128108,0.859862678403881
"HardwareRanch",0.836405449193593,0.803839312908629,0.862678119095581,0.801359422134615,0.819605106999802,0.810858743024265,0.71878576199276,0.796580887299303,0.746551276679973,0.762072238412144,0.787927611685867,0.819093491810628,0.720052760905621,0.812117365604645,0.78163971071241,0.810848588745407,0.772827976235175,0.804506645666012,0.809228686751259,0.777540873398908,0.765211805003282,0.792285315012652,0.78192967196259,0.759397217252288,0.758212419200282,0.801846973799559,0.787814231014607,0.739183123999551,0.753831186060113,0.79685350376602,0.816712049329474,0.808960911214777,0.8244680266978,0.834839790921575,0.806572086861585,0.766189575939112,0.784257403741187,0.762163950492057,0.783457424130627,0.804996847933117,0.800506241437302,0.859342026062417,0.789218939095548,0.780250412237391,0.776962949832175,0.782045347911418,0.800708328167023,0.742214968143063,0.746871791352813,0.756913949075446,0.818749939835248,0.845039537051689,0.7914151958542,0.797039138219489,0.812502650268294,0.793012815237135,0.818397446676083,0.81156107481115,0.793731399158902,0.763469951448594,0.795168848794502,0.814477660508881,0.806213469729565,0.779967965134229,0.824786873276058,0.819418806077899,0.859093668884571,0.833566953468839,0.777385471082505,0.804865521799222,0.80299988632274,0.731477815034846,0.791314112974226,0.786243498964875,0.746549931692265,0.850305750770958,0.852722619338785,0.840593643797264,0.711250350078754,0.777511982895149,0.766201303951627,0.861443947809651,0.798986712597792,0.760532986733159,0.753558750414951,0.829409037319858,0.822105341699949,0.824635680797549,0.827515037822737,0.83907271757258,0.81950385779124,0.815927885493374,0.813603196973204,0.769947171380268,0.825628508236153,1,0.777572712179351,0.810277531725039,0.709406685608376,0.709536377202292,0.762154279219407,0.795338367040821,0.82523724643722,0.826500549987659,0.774805837443973,0.823093358680246,0.793650127467814,0.773742982124228,0.830011354504143,0.751311989656937,0.799120902138791,0.772571112844592,0.784151533649869,0.771690463239233,0.807452320754191,0.810147849670403,0.816514972162364,0.832657597650718,0.829344412473242,0.782077216692401,0.805599735494267
"K1vanDiepen",0.86974010253192,0.841663534644309,0.867842099170912,0.850396767701143,0.818713175621516,0.842421800430663,0.830878829562024,0.855773430815821,0.832330294205892,0.82032790190263,0.842374655771151,0.881082021839454,0.84622857844665,0.918504287453706,0.880662725072613,0.845652034015106,0.857350633807299,0.719438313446324,0.818865323757497,0.79476139003052,0.799723381719165,0.789443397268305,0.739233995589044,0.654766297150773,0.759865651739406,0.78910375682231,0.813347627546866,0.773456387645918,0.798685207018851,0.757478654744109,0.846260495816792,0.836281808758635,0.865705648965102,0.856274069035736,0.767389139766802,0.757968332052708,0.817757761124751,0.835919772281301,0.794702402792485,0.805249472682243,0.842549318663666,0.84776848334506,0.828852529210349,0.764435580919809,0.82928632350107,0.81633530233108,0.764418268873174,0.787831165227329,0.73052623576772,0.771946256665344,0.87065741071656,0.869134281239342,0.826031075101045,0.829286251088032,0.799456179501343,0.825391455031628,0.875338402273461,0.877612878881225,0.811610014514244,0.833485581464347,0.806368449733019,0.807787468986762,0.85809644527252,0.850063691662329,0.913958840817558,0.839982455581396,0.800046625106213,0.749116625183395,0.775552018550193,0.850085073160305,0.877889061615802,0.850011406848663,0.885647388647223,0.835338734079114,0.889301879061271,0.84750333126231,0.834486074162554,0.77532449406913,0.67539088262399,0.819373821007239,0.776697447331882,0.854172126439167,0.832922702110912,0.773608333428057,0.862486703435227,0.834430132137493,0.815742960471715,0.84260237353841,0.827101461119434,0.836475369189878,0.801612792677773,0.845200142697592,0.850484565095231,0.765290429474329,0.842690311104602,0.777572712179351,1,0.876263473331961,0.72997088963758,0.686013997146214,0.738620099897197,0.870834482367908,0.878395522078525,0.872777119026456,0.845609428799357,0.840191022428161,0.834233576035601,0.762349409634803,0.747438096327678,0.799464767873068,0.853969874008807,0.832330548035793,0.780868929949572,0.824159400340184,0.809312872163633,0.827134397784281,0.813719459377816,0.793604430349171,0.821024793767832,0.735421208341289,0.855399913173333
"L1vanDiepen",0.850671837651862,0.843703603840408,0.860885863823426,0.780072081957005,0.871963023796128,0.838933315740118,0.843597708282096,0.846741003260132,0.855557726990401,0.819849187992384,0.883771856848561,0.868981147668296,0.891660738858309,0.887956007704369,0.813251329118076,0.813812902206623,0.858124310224912,0.760453523221626,0.813110828926617,0.757509448348879,0.803375566653709,0.807800175767533,0.74263123283672,0.74780781737892,0.723271922047635,0.79686595937176,0.76189210856786,0.755998384242066,0.789638363632375,0.785046699906808,0.846416280302829,0.81245911175243,0.834816877777968,0.86807103419019,0.751863923915471,0.774692153640364,0.754958456492547,0.836533633544838,0.78355871759266,0.802620207682164,0.872478336721245,0.83185437477387,0.799372229645946,0.789849240016238,0.716378808539908,0.756567647227674,0.768347080771877,0.761438919602047,0.75366635698438,0.808993174152016,0.860890631273625,0.90177769179995,0.831103737323341,0.887371341432385,0.797118589337467,0.881501992703905,0.862902884210935,0.846821842872666,0.845004213224613,0.843334180269175,0.772016776181542,0.799110164483642,0.870484130264998,0.854885870270869,0.85939812157418,0.816585947556789,0.813732433209462,0.83415494519086,0.821662763828679,0.870081500714584,0.800713994910811,0.831292598610862,0.884657157693396,0.908351543781319,0.897467201525234,0.771581791996994,0.816427961983942,0.781978221283102,0.702768067465796,0.80354969876364,0.762421969053251,0.87162292523324,0.845510721528236,0.814939289990847,0.841407493795922,0.811243567990396,0.80771667231995,0.828705414713408,0.819234023422651,0.847714055301683,0.792507021584207,0.790682897434118,0.864109226695636,0.774354163825246,0.83363092032365,0.810277531725039,0.876263473331961,1,0.77738799960569,0.738564126313816,0.734479831932041,0.822541585182941,0.845191515197109,0.844917348594156,0.825452212367043,0.866692845284093,0.808524810273991,0.797548467669221,0.810549254382601,0.781208033156478,0.791971168194514,0.839601202416485,0.783356102679481,0.821411195424607,0.830098878660781,0.742938364281642,0.774417375728316,0.818887260127009,0.820071589331512,0.769145030296195,0.848444101569277
"MPGIR",0.80497066935388,0.761784400100955,0.78111567742967,0.763346416114455,0.785110010253371,0.810055541607683,0.783002523132754,0.769190525578895,0.745184330423171,0.801226649284216,0.779134161601794,0.777202968646767,0.787117523870919,0.760678787303147,0.764619601710384,0.733890399406886,0.719503601116515,0.779804399019871,0.801361859852143,0.822325783770775,0.777493218434518,0.783620548481877,0.768772664568337,0.797603085374791,0.739611677287901,0.768860728628993,0.778949278438358,0.753994246730852,0.720981839058071,0.774744544522488,0.771671321226551,0.795589918276031,0.777393139155526,0.796546251433653,0.794722501876088,0.767532772376715,0.743421340053836,0.778828231023147,0.804525276981332,0.732556034528505,0.779717877515493,0.808784758474473,0.747801609109616,0.816807332871749,0.7897408013224,0.812534541957979,0.8219599103101,0.841442595507835,0.741898168098387,0.801111595138609,0.764453184891376,0.804841836317928,0.809386410409624,0.773766670710366,0.770773015064913,0.768469258330049,0.801717923206519,0.784688447625757,0.759629567765273,0.804690054133265,0.785740573123611,0.7520368032867,0.749759927078817,0.80084039919649,0.769404601802088,0.742445235529974,0.841850477929928,0.79679166179277,0.792460409645758,0.762109141119716,0.815769286592235,0.766613411443354,0.73623468263311,0.712794077635864,0.623157664319641,0.757753338705765,0.819543583443382,0.7880399457326,0.708526183605794,0.794412220860026,0.817782875748987,0.765959983392236,0.714092193279731,0.761688495517518,0.707910827213334,0.72403102012211,0.776111989457801,0.758541018530718,0.776311036503292,0.803519421760979,0.814095193137381,0.804141321382415,0.798847572613316,0.750801397898199,0.81249136003958,0.709406685608376,0.72997088963758,0.77738799960569,1,0.712925705236136,0.770563795427545,0.796898556963865,0.757623240070775,0.783907427896465,0.791312157177962,0.779459077928725,0.761792859692243,0.839953677667053,0.764099884644448,0.758843116539886,0.804695973183445,0.79103408276032,0.751627711851945,0.823910829897676,0.741507566696379,0.741785657277357,0.786743385966091,0.797222891705154,0.809843521910032,0.779433640442948,0.754153679811962
"MPGSR",0.76953048941347,0.727788347229747,0.704714262095691,0.755299255956346,0.764969216548073,0.774877398023585,0.798747329688473,0.776359892114256,0.824143931804697,0.726502241874184,0.688873661088278,0.784492905876324,0.782192295216791,0.809540102008678,0.709700879509724,0.791172360441375,0.706329255617993,0.793129276876334,0.792512726127202,0.753064871041767,0.808073917765398,0.814019574500585,0.779106768285934,0.779340838128395,0.71528098605546,0.773483927200896,0.762278094201635,0.768649370357332,0.777409143376931,0.791368395164581,0.706935335784972,0.752020023143307,0.717718664226805,0.7785330726166,0.743915667284242,0.782804001511101,0.77393720080465,0.785714251956046,0.80778971027628,0.751812647315764,0.783661703136012,0.757597361519645,0.759916714918974,0.800798488107693,0.772302992999997,0.794019338331073,0.782778465233866,0.80150320902292,0.775343394315511,0.774212953910672,0.787976943070276,0.782125479740589,0.751034936695175,0.809593043834767,0.75284419715613,0.752330426338923,0.782747321345676,0.699174482260742,0.766760607464599,0.731476821364819,0.79219400591886,0.743380263158216,0.812547081427484,0.713181144068357,0.812166809263407,0.687626484645528,0.777896078684769,0.718200524748466,0.794973340892316,0.792028757312721,0.807233461884022,0.741272227459724,0.76122973558319,0.689596801907844,0.759553228941476,0.807376264615509,0.778530239192646,0.795922017423449,0.696121176397198,0.80286377691147,0.784934525497429,0.772200429790158,0.793759761897336,0.749402402189979,0.78151932290582,0.764860687241251,0.782452535613412,0.745827795865979,0.780800146235865,0.826329030771842,0.777272645722591,0.803491261220272,0.782492044932554,0.794771263765695,0.798647534564906,0.709536377202292,0.686013997146214,0.738564126313816,0.712925705236136,1,0.739230405344257,0.800265099112589,0.781747624850084,0.752859739802302,0.716853930771117,0.794466115985291,0.729982812385198,0.838207090477552,0.832489086260745,0.764943510524832,0.829509556746013,0.776384246714597,0.809207711570683,0.761799017830603,0.766247685319366,0.800274174533784,0.765104057416993,0.77322296307136,0.704230858555214,0.728972875809072,0.796682245713393
"MPGTH",0.762242343880669,0.737533129291525,0.78888323022029,0.673751747481256,0.758954932400908,0.731745752148165,0.786258324829733,0.793372543991415,0.790764522508978,0.723554967483749,0.773996820751305,0.745079932171877,0.799817774081101,0.779901142854408,0.73203741570564,0.728505228187333,0.769348924042969,0.801044709437761,0.818208431888302,0.803860308956646,0.801368375617003,0.83855249927874,0.738439660331233,0.780898909054125,0.830213490591487,0.748987808430996,0.734239529564423,0.830027196322106,0.766298725775425,0.746912246542132,0.787731004159587,0.774253555837369,0.802967479955546,0.732583055854355,0.789542364579722,0.771238610364021,0.806066121370205,0.794401204542307,0.786350813815466,0.745728350305287,0.765752703092582,0.771582142063175,0.718383385753143,0.802579956054099,0.755214479035226,0.790737886824776,0.781933621169226,0.853382079665019,0.750597320338172,0.761930333664944,0.808529412146875,0.816972115536267,0.752586485273552,0.756605787425858,0.793467445353289,0.763046183792528,0.802152341376046,0.73876593403488,0.79015187430213,0.734910680516402,0.738219107798678,0.780299970784873,0.762652122110637,0.764700286022398,0.794616350531869,0.758247748476024,0.760771516988908,0.786105603600797,0.754337014073893,0.800262711682094,0.747091400141375,0.815530591677295,0.783238528605837,0.786745764708034,0.713105095172925,0.817631980550837,0.806439697218594,0.836384323011218,0.680448554651113,0.768410080815692,0.775298511455758,0.838539421095612,0.797178945843978,0.757436495942881,0.766211894031566,0.783623486257079,0.739800530619453,0.820403683063983,0.762019230606387,0.83980224129645,0.830262018476123,0.773718502696735,0.828376586622702,0.801628290638632,0.850632159332581,0.762154279219407,0.738620099897197,0.734479831932041,0.770563795427545,0.739230405344257,1,0.789092681308475,0.739605818681314,0.786293706934951,0.811609253406476,0.79675805172597,0.787151173594055,0.752380943607382,0.811216029918285,0.753884142098597,0.838568526057224,0.766851956120049,0.716923756591851,0.821530170621263,0.802217923490565,0.744372802968776,0.777930697915264,0.791587028414134,0.752721348543916,0.776398819152126,0.809056181760393
"NEAR4WAYCPER",0.799023495150356,0.816883230784317,0.817727729650819,0.825386129146727,0.837878519380267,0.836623318063633,0.753943996048958,0.834124793989915,0.862635359113742,0.749694160844808,0.830852059190842,0.810893968933181,0.895862307640393,0.891213521097799,0.818567036465745,0.853725425366907,0.755915010927709,0.713324938381072,0.75942043085648,0.804764826303573,0.77018532032526,0.752708198682344,0.752501872066462,0.667391063815499,0.731335721579403,0.741470523891693,0.75811698747648,0.786947373070225,0.754927506738553,0.791301708898984,0.845905061436378,0.873263799311135,0.833363715081236,0.851880888368336,0.755568704506796,0.746168107515463,0.760031094143751,0.763956079883327,0.757449230207801,0.761753463590261,0.79137401306498,0.84324754307311,0.853017606078021,0.771761409883113,0.711201678791931,0.707729299171036,0.691627001462063,0.772592891463743,0.703591400356114,0.713090464908856,0.871282808857688,0.843539549665239,0.840997528143729,0.83022035279621,0.835137627573809,0.901493726946576,0.853501592832467,0.867526840403004,0.834388278473557,0.883584958600585,0.815809258895785,0.759434678474933,0.857074426473132,0.84370079211193,0.884242721303545,0.805725893480876,0.754185503494318,0.764503316800861,0.796366401236943,0.829084630855754,0.760259284677814,0.740915031651969,0.814570753605122,0.773588272578771,0.816120010182089,0.831496023168487,0.844691380429641,0.775833660129824,0.717723550827596,0.819526726579669,0.814629589804523,0.805777691663563,0.83237416007268,0.758558397829125,0.829842075399922,0.827146655011966,0.837918359563,0.831924738051165,0.798351391249814,0.824442233410749,0.780185748173845,0.775753895661185,0.786667846379836,0.840611375626701,0.820728795119258,0.795338367040821,0.870834482367908,0.822541585182941,0.796898556963865,0.800265099112589,0.789092681308475,1,0.823579997036723,0.797987759119145,0.786811599229967,0.846341720596281,0.738906475972966,0.75100708052722,0.792791079972466,0.853490007318718,0.865434609606847,0.879553638186,0.866569002313703,0.857724769916302,0.786908895001305,0.82814656948,0.788910207056455,0.814678296660693,0.837495389521944,0.815875675781431,0.84884946552604
"NEARHQCPER",0.804119711538417,0.834037628744862,0.781877788868649,0.836283190686432,0.802784067050062,0.841003110242149,0.788254140630096,0.848582328270142,0.820645952663413,0.737999088272113,0.815186861297592,0.768030632157222,0.910611541667352,0.893003442054661,0.902084983771669,0.87205210256235,0.765630933676842,0.749361882401955,0.80337381975917,0.724174885759317,0.75663664249145,0.784554130382555,0.712764848652586,0.742227415158309,0.725935094215033,0.754952209539218,0.730122749571268,0.785478515868258,0.807444655229023,0.781195718592431,0.89736846741824,0.819530444909052,0.861498551150829,0.872438706081935,0.783186679779777,0.735707883098154,0.836453671867068,0.760150245868795,0.797591733843885,0.770341746734299,0.78917578734929,0.85321985949032,0.85214505907935,0.739742464680209,0.729458950248104,0.72304017337407,0.703267391006316,0.72059145432982,0.726733275802553,0.78386384278146,0.839191498052354,0.878015253286718,0.860493829063964,0.844814894505482,0.805288951167287,0.854556218459001,0.882866652068483,0.870152345419946,0.855581984038124,0.848473962251391,0.767128533067487,0.734557178657963,0.847668793175356,0.849130475133795,0.844523003398353,0.777045799905849,0.78096510228799,0.75081225967683,0.838816044610533,0.84446239577416,0.767861954541294,0.763572923397875,0.835337627861654,0.753418859782582,0.786281942606855,0.79102186983743,0.817355795948931,0.784952309307463,0.645254068697919,0.822067662056467,0.767044107363254,0.81966134159367,0.825383068401089,0.799396984896615,0.865762428224931,0.838330923437914,0.826803188151878,0.770371593486762,0.836139229648509,0.822646306537853,0.792924828571841,0.752725703754862,0.841589764672988,0.838339758490842,0.804830652250361,0.82523724643722,0.878395522078525,0.845191515197109,0.757623240070775,0.781747624850084,0.739605818681314,0.823579997036723,1,0.816664243183381,0.751096151423245,0.853148846804275,0.82424659547077,0.824591677832686,0.750117903306355,0.824312672905309,0.874349451476462,0.863444149107728,0.882889323548162,0.8580044160861,0.814017335208934,0.845757478579497,0.784409426060687,0.862330960929954,0.844857557990946,0.853646140612211,0.863239721438562
"NEARNUTNET",0.76676781296565,0.815150813153593,0.789771972942161,0.830366669433798,0.85124843660011,0.84677699056114,0.802429427757962,0.827966913047107,0.79720565192759,0.73436708727699,0.812464508711035,0.805981590531381,0.92632697379778,0.925723783430356,0.856354554586738,0.881477549165441,0.725833530686742,0.779409493686038,0.770490777312754,0.729912770873469,0.78482772317019,0.787197250039643,0.773144910742847,0.756471782939867,0.761830255646437,0.764979379166291,0.728500375443292,0.717863740329311,0.802061643443889,0.807380577509462,0.858622073925342,0.849249364777888,0.857765447963101,0.8656462105753,0.744113197947524,0.734315246578645,0.748869796716881,0.791296498621747,0.80284711997669,0.746843084744354,0.728792567938398,0.829236911397614,0.836119914728018,0.687471782510308,0.756334418066855,0.748309306639332,0.711134300531932,0.794913584677638,0.722125830079598,0.650172417143666,0.835495424363517,0.882667791023013,0.870917951405713,0.863420862915345,0.828955070808989,0.842968952466475,0.888152517469772,0.832768261501969,0.866674868525863,0.828156266183612,0.679851529154018,0.807362847581403,0.831865117745648,0.872725442534408,0.88027974572889,0.811702134253832,0.747029760058037,0.74551752653374,0.815554675014259,0.803734425607119,0.78939929325059,0.735330082163998,0.797083075549027,0.789784469251025,0.800828075506278,0.849930050109648,0.812047826778868,0.82379424338364,0.666156248502837,0.786992188093555,0.837645124120657,0.85220240441393,0.856356604033475,0.773146184487235,0.840921091890654,0.838103086053543,0.845884196289615,0.812358156400989,0.813755075430969,0.768336294151508,0.790135446276981,0.807228895457982,0.840766988755142,0.837613340404372,0.842469526818563,0.826500549987659,0.872777119026456,0.844917348594156,0.783907427896465,0.752859739802302,0.786293706934951,0.797987759119145,0.816664243183381,1,0.769584687178468,0.851814124053572,0.825060803387442,0.751856013651924,0.776565269654447,0.819791836626224,0.860520707123438,0.887914064780978,0.828803408246667,0.843076713703497,0.821021133840102,0.80544856969787,0.815720620269215,0.828047054349462,0.854038127758553,0.841793702922257,0.83197099977511
"OttS1",0.811222061209893,0.806132632608247,0.769102936180396,0.819300713271512,0.799770111787594,0.831271333806066,0.788063166761022,0.792265820887954,0.75844376889311,0.812856233283411,0.802606403142369,0.790078653148394,0.690894981433208,0.838778420746813,0.779309903397697,0.727350961672719,0.78727788780787,0.819617130533556,0.770623830507828,0.793545812816088,0.807870729513878,0.808764506072909,0.78736404120373,0.755041048548592,0.802523949860912,0.772301568522278,0.782364391035432,0.789958198959451,0.775767277655553,0.797998960369694,0.737690010212641,0.861475142706117,0.82646359344868,0.803367114724134,0.812178606261625,0.764157392604297,0.81244736784377,0.749298762813165,0.824033207905239,0.817733437913176,0.78458842696723,0.843611291717912,0.788816455449613,0.779945816120621,0.781550274050262,0.805852466208001,0.775050629369753,0.801941517022655,0.841792165336739,0.804016196186002,0.839711434960107,0.82478775298431,0.83886112384398,0.82586230635132,0.764745723123997,0.770497892213324,0.785393621123294,0.82992002845238,0.819749749760799,0.84630655334472,0.702566699844099,0.7676196664197,0.790524889123349,0.804183291067268,0.830507671969843,0.772266320713638,0.840966240203654,0.787906315292525,0.703034534224361,0.78582878913217,0.76796664314486,0.789318250969462,0.795008113491792,0.771415854422254,0.804079264327503,0.80969653500051,0.797580260494321,0.769316644462924,0.790320336125634,0.827047099752969,0.766562470217064,0.704999615701303,0.755412136791145,0.726824403645083,0.770038557977099,0.838913224098159,0.835801155228318,0.822781398624101,0.800650336560427,0.794752330364222,0.744326491004841,0.785928888299786,0.783628975737815,0.794621403588044,0.77162180307572,0.774805837443973,0.845609428799357,0.825452212367043,0.791312157177962,0.716853930771117,0.811609253406476,0.786811599229967,0.751096151423245,0.769584687178468,1,0.822584875695182,0.802823086919064,0.792777937406659,0.73210251611496,0.785809565126934,0.767279581265738,0.783729394593483,0.749071664565728,0.796682039664288,0.748991156848195,0.752313427236023,0.792856501472001,0.767576357098073,0.749949908874571,0.766961509793969,0.759194893458046
"PMR-Brome",0.832652018842831,0.847487681738415,0.823872146498075,0.842481507768958,0.791724578401979,0.837421051172581,0.770842456827074,0.874291433986962,0.849234799606979,0.772038298632568,0.872445620773182,0.805991142175361,0.917236521893711,0.927691967529067,0.883604688599871,0.902933622938517,0.736130249343732,0.747514502273432,0.778340198200554,0.715715642307347,0.834154648991116,0.814878138454081,0.732469113906389,0.757255334046242,0.758446173686942,0.761105713927766,0.77739987278073,0.790408653593064,0.831254397002724,0.821275652387887,0.866072972600307,0.85709207551456,0.860086457403519,0.880406181259704,0.785450978901953,0.716705166552518,0.798109960605027,0.788879455902986,0.778550393139477,0.821214533961906,0.781573265042915,0.817669557829626,0.838403485855882,0.707814708956954,0.741960695059494,0.752107777689912,0.745321962187441,0.742982072908276,0.73604084920347,0.794956670174325,0.851079169804029,0.862610054648848,0.821506179801527,0.814130593277528,0.836325936983301,0.874291553722433,0.889407034328859,0.876129841096736,0.875122189487451,0.867283308919988,0.820466994147777,0.778315235294332,0.837716055950469,0.90406828846143,0.898365307204364,0.703455278408203,0.756679634041121,0.765181808920044,0.813019649329777,0.889405672492659,0.795261595052871,0.777409469547477,0.845726093767333,0.82160473517604,0.832787428847419,0.81501613059036,0.827732376907423,0.773913909705228,0.683911459466172,0.812450398512137,0.841012105350864,0.817242594982022,0.859769543625103,0.776008178950264,0.81487329663794,0.839498755523416,0.783617182192472,0.817071189684442,0.790406731419712,0.817447050902897,0.75481820689132,0.819862745778745,0.851323270278677,0.805546638451732,0.875525844195547,0.823093358680246,0.840191022428161,0.866692845284093,0.779459077928725,0.794466115985291,0.79675805172597,0.846341720596281,0.853148846804275,0.851814124053572,0.822584875695182,1,0.850039495573467,0.79147348870686,0.737953345544385,0.785360816357628,0.86386571481758,0.880285402223866,0.854459130614379,0.866081637944045,0.82180123597686,0.833814060701981,0.87087730502228,0.813109945228188,0.842161715611426,0.825862340288049,0.800197171238085
"Pearlwise",0.865677125596541,0.840145170593701,0.83083254171447,0.788473054235666,0.776491782598842,0.805228616865821,0.7766331779779,0.825798580594973,0.805495515347819,0.81557448475455,0.790881878528325,0.827480831880817,0.787290497754479,0.81170706637347,0.752617655132051,0.751025504367236,0.840670138269608,0.785005622539586,0.787769215169574,0.778472778283883,0.778038534102275,0.80511946458023,0.742427115440562,0.815328658466058,0.740610136583602,0.77494850946497,0.74231479792571,0.745828901291877,0.789138875067538,0.749179568114233,0.814250077811554,0.782283896739256,0.792842608655241,0.837709622320743,0.729942313287598,0.840470720493654,0.731641450124405,0.788993832977752,0.826284598605693,0.797782716883858,0.867153773084777,0.848762686442021,0.818966968498292,0.761382082712746,0.735085291021534,0.7280759347088,0.740219815078924,0.790898327641114,0.735080146188534,0.747066452988133,0.83650155890321,0.817505884500205,0.806223430611477,0.773302143414027,0.790920770923072,0.76826841069444,0.828727067536899,0.791770352350136,0.778830278212357,0.803582093438082,0.800161508303914,0.797562016986997,0.834865052060576,0.786243305462494,0.806491711937272,0.786593614296172,0.79548345762512,0.812972415821018,0.813607284403304,0.817306424695045,0.824956187748013,0.835888585389704,0.809743978206085,0.797914473596006,0.814426415053292,0.774607087609655,0.823277752408424,0.782875008365243,0.637389781369019,0.781654566973253,0.795972436002366,0.863354253006161,0.71454758209056,0.780750041922449,0.726020494731754,0.823999116016672,0.790953421598295,0.827233670699009,0.803781842378379,0.787903855065912,0.77745011542257,0.805270789353528,0.772757350890094,0.799659604847577,0.880266274555382,0.793650127467814,0.834233576035601,0.808524810273991,0.761792859692243,0.729982812385198,0.787151173594055,0.738906475972966,0.82424659547077,0.825060803387442,0.802823086919064,0.850039495573467,1,0.832959678203628,0.803231969548345,0.821578095141854,0.804124933748554,0.758161513108741,0.78398939563133,0.838333666357644,0.790459824447698,0.810319735103567,0.773799526709982,0.789653444956285,0.732268383352636,0.779139385474717,0.856572796034294
"Peavine",0.787089131228073,0.796876186356556,0.756284028531374,0.78128956727878,0.866953002023817,0.840112374674256,0.757453011604256,0.773720477470273,0.8134339899145,0.822405244811868,0.711749481857852,0.707978164959878,0.751399991576714,0.77342109985187,0.783527500171627,0.800906592380173,0.767875501056967,0.750657440645963,0.779408265019204,0.758222673215694,0.818913448515061,0.804873889181457,0.807814933852307,0.783325750066055,0.814374732538302,0.823655467906165,0.834504939332362,0.82216427655876,0.785317812165082,0.753436022666954,0.772506488495673,0.763083903085823,0.781456054323663,0.769465057937354,0.793506962692508,0.803611359234689,0.807556070014915,0.738754581481924,0.804711954885498,0.825452212776583,0.807848154654658,0.835940047673236,0.771905945701479,0.778643298645865,0.772166244275798,0.780386712547906,0.746590575781829,0.800443922254165,0.777622525663199,0.808931321614242,0.792660899894642,0.785318043631115,0.782358488914134,0.817717618811542,0.76373031686479,0.714456389702459,0.800225414316994,0.814961298511396,0.7398749297047,0.756119665609993,0.762309053690614,0.760631786796435,0.79975044479971,0.82222563465523,0.766189320236236,0.824454311543455,0.769738383977034,0.795530239485922,0.759454488863386,0.737603634611491,0.767903336009373,0.792024113290786,0.800303650566131,0.738495188808288,0.754625439805674,0.791751391636963,0.771227407744685,0.753304602954778,0.646430476368943,0.805248779547803,0.825695652097026,0.82966182683627,0.76391904093522,0.774114243657097,0.801772558078871,0.825316955220127,0.834379597279392,0.815574559654163,0.795016147918165,0.81507444352734,0.799674223821795,0.821982563573027,0.744026134258957,0.787301803366495,0.771347063738954,0.773742982124228,0.762349409634803,0.797548467669221,0.839953677667053,0.838207090477552,0.752380943607382,0.75100708052722,0.824591677832686,0.751856013651924,0.792777937406659,0.79147348870686,0.832959678203628,1,0.720523518657998,0.806331446486463,0.775203539089883,0.797536208955233,0.804336384738451,0.774284313031745,0.775349820623393,0.819218545039531,0.792020799694346,0.808678920020912,0.78640630554176,0.747979625078638,0.772078922939368
"Plymouth",0.766460345594946,0.826538996436499,0.796251267520655,0.800893127777276,0.820805330536192,0.813582989839627,0.794677842604279,0.817864475964986,0.788841295924487,0.780989776994238,0.775468133756922,0.816539517258309,0.72071259444926,0.807039399065572,0.809438029058842,0.83253121518912,0.800816672623048,0.76131527528665,0.76596021362607,0.746275145752304,0.778242865966848,0.819889937732313,0.842516184863383,0.811878981626906,0.801376142747555,0.811907049181074,0.792640782710023,0.770557681873964,0.790748326396253,0.81543218478485,0.736312065486856,0.766872415945835,0.828659781451979,0.853200113547029,0.788658401114973,0.79486647982488,0.79579773092471,0.745189936908883,0.779071439726092,0.852692468781341,0.777434964087462,0.812477878257177,0.798040443473861,0.81987093286873,0.76239487638775,0.800028824390866,0.801985067802814,0.779407154529007,0.82315274603358,0.765007721161249,0.807151201542287,0.800531602081804,0.811905946779061,0.834594123977356,0.768544809777635,0.78023663278801,0.773592634732163,0.792133833779876,0.748897172780693,0.789594662169003,0.718935803733522,0.841949521496417,0.814093211853639,0.840384153405527,0.777897919320373,0.836590420593843,0.795798072281203,0.811499169449431,0.795849125160333,0.802974664943881,0.755524558016025,0.733776704709658,0.745421399451888,0.825586050812465,0.793285264680312,0.78504359628976,0.802908036562931,0.86147163642384,0.717492774232056,0.762714942957316,0.834908182737666,0.763269342621857,0.790798384858409,0.799742100642485,0.811185920395127,0.823861891718818,0.845218696879045,0.845598825152887,0.809959183740983,0.805635785218527,0.808182878904742,0.79627532838381,0.78428950544211,0.747646672823442,0.802694000173309,0.830011354504143,0.747438096327678,0.810549254382601,0.764099884644448,0.832489086260745,0.811216029918285,0.792791079972466,0.750117903306355,0.776565269654447,0.73210251611496,0.737953345544385,0.803231969548345,0.720523518657998,1,0.794003569835227,0.714766930039735,0.788124934395839,0.780389599344431,0.786651310348166,0.808156838232344,0.788686856870021,0.782060757668235,0.761692481395891,0.805439972580308,0.807224006898262,0.786968936804809
"RedBluff",0.791048539659169,0.79539039042503,0.730672804787269,0.773741353651994,0.710458155070593,0.783787030519582,0.809146393156851,0.852225838797215,0.75266080164683,0.799110748632035,0.717642758615755,0.735166912053568,0.752929486416011,0.834678299367951,0.767727508059939,0.767543284146424,0.781898386306643,0.771633175995434,0.708791338641135,0.782087656562606,0.789115228486322,0.828871729593765,0.817390487408815,0.732337443040513,0.80087275526127,0.783185924927202,0.787158715862323,0.732176984578332,0.680784464515911,0.784549933572102,0.7696818852884,0.779196007017378,0.736843480339964,0.819275663423248,0.773041141302974,0.794534022967474,0.827243012800252,0.830865920368478,0.832408105681686,0.81011733433958,0.795354976675069,0.703389319623439,0.736163003827876,0.805007047821911,0.798690738306526,0.753298631707049,0.780596166784092,0.790723991159583,0.820953621295119,0.809889522781229,0.782487675659102,0.843188729831085,0.82087831553213,0.812018715712533,0.770780656445664,0.763557521540485,0.86570806229944,0.781767044311123,0.72466378876164,0.811386917429132,0.818844428640981,0.787771884554609,0.80983419942307,0.783815406179763,0.810978451995972,0.744739247313237,0.750212262253865,0.84025587784982,0.814863073884276,0.777787055167407,0.8352923454105,0.765064722525781,0.750456790175969,0.804365176013006,0.746200257142139,0.808664290124979,0.746347952942412,0.793418517972098,0.729564662980798,0.781402365548037,0.782601478611163,0.80203096227756,0.796832647996473,0.840192713097603,0.711924014175502,0.84790102546094,0.812402443462108,0.851589582395692,0.79298214255748,0.855643439956148,0.825717037838835,0.784722368019658,0.812754733129298,0.811985790697238,0.831474610260298,0.751311989656937,0.799464767873068,0.781208033156478,0.758843116539886,0.764943510524832,0.753884142098597,0.853490007318718,0.824312672905309,0.819791836626224,0.785809565126934,0.785360816357628,0.821578095141854,0.806331446486463,0.794003569835227,1,0.748802238868886,0.792848858269153,0.763922461654787,0.796787257588424,0.779744233002958,0.795714149409599,0.819429765944502,0.764526255967663,0.79289722220864,0.780865406956946,0.763033383413463
"RushValley",0.80843998063069,0.868865622880715,0.826200351856758,0.87096833763565,0.831535804039908,0.800219701918777,0.827914884401901,0.807718009333488,0.747657188886385,0.829929662838556,0.837569612921391,0.827385599995809,0.815357782771602,0.8156280148239,0.81000612942407,0.815284020763198,0.835835585560466,0.813197904072739,0.785643128704187,0.794284149662775,0.763104576866008,0.758536105109243,0.764735179007575,0.8134836378172,0.773855034758453,0.812074304196751,0.747826823471323,0.802024272448975,0.811201076581434,0.748896459180651,0.732356314546849,0.78419209734288,0.841926681938627,0.855006982508387,0.751775542680951,0.737464825908224,0.771446469439415,0.772698331788721,0.809394073043296,0.780854799160853,0.775432030819245,0.80417604781592,0.788320798194312,0.766681671478234,0.76813221965144,0.790375010031246,0.769951084722426,0.757447219797681,0.780719713476845,0.821139938041454,0.906113718498966,0.802133986261654,0.806093135756595,0.776519184035332,0.754686346978103,0.74772873208411,0.802326580883111,0.815088947933486,0.769353379811777,0.807023883200729,0.838920082376822,0.82634702348971,0.772504864410905,0.822562183363646,0.793151258086247,0.822451378426974,0.826550674677041,0.852064614026462,0.743923272631274,0.872530248048766,0.810593855083369,0.79889513717164,0.824294815248624,0.800563047918687,0.830444454182399,0.830766993225168,0.764068754454236,0.838769050049115,0.733135151929386,0.81665914751579,0.771855691044596,0.862164219120341,0.805339068943403,0.765373024085881,0.815973884556266,0.840780195455191,0.813627641715175,0.830536977681387,0.780722536573606,0.873426574356333,0.827719054629893,0.802053657175653,0.824234298881633,0.818674667686538,0.868813333577708,0.799120902138791,0.853969874008807,0.791971168194514,0.804695973183445,0.829509556746013,0.838568526057224,0.865434609606847,0.874349451476462,0.860520707123438,0.767279581265738,0.86386571481758,0.804124933748554,0.775203539089883,0.714766930039735,0.748802238868886,1,0.800134968751485,0.788546069358519,0.799643933342121,0.81163042597651,0.819343058649386,0.865208772803821,0.837929069762867,0.837450316439864,0.783111549066312,0.798473085104597
"SSHQ",0.812323765388807,0.851824902797075,0.843233661382893,0.791052184862477,0.832110082722442,0.83337446110957,0.815841795302446,0.766753573684772,0.755929600262027,0.763658754800627,0.808745116052684,0.816348161278966,0.764615132389613,0.82836693649995,0.817218652446818,0.784764018771872,0.693707406119095,0.759428136719898,0.783915922574787,0.78590480928474,0.815308560822529,0.751404921733861,0.797449590608711,0.767608127472413,0.780280586494669,0.77663162140449,0.826764589665295,0.763632621358266,0.757308141027815,0.790331203265107,0.819676687837273,0.818152339650584,0.850912048816306,0.841423760278342,0.826526676400828,0.782532420820949,0.801172461698758,0.791282766540791,0.834518829931109,0.778563182651579,0.830046208693618,0.763518595373941,0.814367800747022,0.815794275944042,0.770595362304891,0.8102752015228,0.801977218095851,0.817567367281297,0.778843791792944,0.804761170269424,0.851680724316015,0.855633653673836,0.84440757652629,0.776451174702379,0.844734342760906,0.818986990803934,0.8673816879873,0.819664989248414,0.797281490108422,0.828042360686652,0.791391792592952,0.77610335759535,0.843431016781783,0.792647594440961,0.795699762653831,0.857909165828876,0.861200551940192,0.835988375701619,0.834339247124525,0.846025959032428,0.756593862197595,0.765609761479605,0.759918600407127,0.731664315901735,0.78381093480072,0.84730639536021,0.861628850957933,0.77909150644422,0.712134808732381,0.811653233233699,0.833257448549233,0.842042527899548,0.766876849747702,0.759412997582235,0.746661949161474,0.783969985295188,0.81578480572919,0.807417390901224,0.80242277120645,0.877616167377991,0.819747965297598,0.797579205199249,0.871551801998811,0.838666650145761,0.867042744429665,0.772571112844592,0.832330548035793,0.839601202416485,0.79103408276032,0.776384246714597,0.766851956120049,0.879553638186,0.863444149107728,0.887914064780978,0.783729394593483,0.880285402223866,0.758161513108741,0.797536208955233,0.788124934395839,0.792848858269153,0.800134968751485,1,0.756806464608969,0.800187139997417,0.808302601254254,0.813864462578402,0.821859425337551,0.820330984445317,0.811561317453488,0.809533891275673,0.69485236206177
"SSHigh",0.830278093795019,0.800794682440744,0.821514995001494,0.791289646919945,0.805516503995445,0.775579278508159,0.810217073962937,0.824566564292838,0.771172208881316,0.771953520651798,0.829827001104441,0.734373585288449,0.728319160084559,0.785705438538973,0.816513592116005,0.787315975978252,0.770008890711175,0.705830957658703,0.781122377694985,0.804614244776263,0.818766272937366,0.807029999179602,0.785599100000483,0.843727879055296,0.770554619421319,0.802323857262176,0.795534852062408,0.737232853620234,0.782587864080763,0.75225169664109,0.787601595458,0.781485157148458,0.813827237151819,0.838335822587572,0.80487579515982,0.808276193797882,0.803091066781262,0.787801596164077,0.820530673756127,0.769256095934698,0.770567630530961,0.733014596759495,0.780570754668717,0.805681630763683,0.782354830890244,0.803049560185882,0.778779983494634,0.794997444997161,0.72880049515011,0.78346125731255,0.894125332978047,0.797318889552982,0.846748574972825,0.824178611379768,0.733296468248328,0.764019991961256,0.796397431170509,0.78566133724472,0.780671145047789,0.819228659993609,0.723589492879723,0.798047000428034,0.768604361155094,0.762308583973866,0.771862789203345,0.78250172559669,0.80674525410146,0.833729017635994,0.777212898539648,0.820730720553884,0.758839636395335,0.764186633514008,0.817621902157568,0.776231468003028,0.753068748893863,0.82929959131103,0.807432629762642,0.795815034330605,0.763397952241956,0.811304704257026,0.767718683334694,0.870791970871055,0.74478561188556,0.74296215860467,0.73792834410325,0.806704054107118,0.745638205600636,0.759909440104899,0.801278384020014,0.847320838402107,0.76783304040561,0.809974444407873,0.841632049469355,0.801962052917105,0.857111921133828,0.784151533649869,0.780868929949572,0.783356102679481,0.751627711851945,0.809207711570683,0.716923756591851,0.866569002313703,0.882889323548162,0.828803408246667,0.749071664565728,0.854459130614379,0.78398939563133,0.804336384738451,0.780389599344431,0.763922461654787,0.788546069358519,0.756806464608969,1,0.808130438255579,0.847440675611292,0.782527068420502,0.830550281459628,0.865299626041047,0.805864373248376,0.794713035222176,0.801608023665749
"SouthEden",0.812579717559719,0.841678198533211,0.784676107376024,0.848635568302562,0.898491648688542,0.866841746417305,0.783033400643154,0.810731627570467,0.792787887568689,0.870782442176202,0.803434277831432,0.778615899891923,0.799802345561008,0.814272871898717,0.799557260551762,0.826189548388522,0.816567276382541,0.762769832270919,0.822074254308012,0.786227522942988,0.835856131225128,0.832730602062081,0.782227024025671,0.811519758828759,0.791873454017167,0.834492041091792,0.843564431379071,0.827377591689645,0.814412025062597,0.809312137654944,0.778761236523542,0.786666879924595,0.799580175386067,0.832375754699456,0.792411531184472,0.806970625030124,0.802586115562713,0.808350378741376,0.806706825379411,0.800728442315375,0.832501897627949,0.810584316811424,0.832471548943896,0.774548882453749,0.765281629850568,0.750967202890856,0.77019328508001,0.816613258856442,0.819324481179058,0.802075249307805,0.857266369358785,0.80905617061876,0.843329201194491,0.82143612218905,0.818765087542489,0.76578022036861,0.854017336346135,0.816079419849205,0.833743411071837,0.794048467659094,0.853382492527318,0.818927741004602,0.828130560867531,0.83422803290171,0.831490343783108,0.841304192083438,0.819439409661339,0.803553527670651,0.768684957130403,0.827513000988113,0.832410267897363,0.796616950645404,0.80938727549881,0.796984041644915,0.820576520590895,0.84543402760972,0.869165707955626,0.8140951250615,0.781383325713775,0.781137247800882,0.809672661050781,0.848956830069341,0.773270580501856,0.794492644382115,0.788328597149,0.814945116406485,0.834304636081743,0.802001145973383,0.848196007649862,0.848346009682492,0.833155249240359,0.825380016580542,0.80084303359917,0.817019092435563,0.834205318815365,0.771690463239233,0.824159400340184,0.821411195424607,0.823910829897676,0.761799017830603,0.821530170621263,0.857724769916302,0.8580044160861,0.843076713703497,0.796682039664288,0.866081637944045,0.838333666357644,0.774284313031745,0.786651310348166,0.796787257588424,0.799643933342121,0.800187139997417,0.808130438255579,1,0.833693056399253,0.790141336362529,0.82837408484576,0.842263156080425,0.830565001850867,0.779619688436185,0.822872870361356
"Symstad1",0.833315441185303,0.797780796431263,0.837509965871651,0.825180287677874,0.848752244817463,0.869881307438605,0.763837180240233,0.763150475295718,0.837498955554726,0.809858553159494,0.802455533268576,0.844121722036744,0.782000326630665,0.796179402037251,0.841729893953462,0.813648415551735,0.761304051340274,0.76090614146195,0.775398696924885,0.760182840497376,0.798592145785877,0.76657647291583,0.782687725361827,0.780263761295653,0.759398151555765,0.759031344926453,0.759287056434101,0.752392356677277,0.782522368211858,0.781422423502949,0.755865066254144,0.883990848698554,0.840940629161065,0.828993883780954,0.787745534390333,0.768764649015744,0.803479188274559,0.792008874673704,0.77370617316535,0.777237298130347,0.730657916523049,0.87385995084949,0.768476818131997,0.77453219270084,0.793561664463596,0.796175544013967,0.763892275509543,0.807723226903708,0.760067744830243,0.75727454069034,0.804405904127404,0.806747000810774,0.828742731207077,0.839803453076702,0.818735200918434,0.814332808747745,0.778288342291114,0.817534888668868,0.800734622229262,0.799444532007362,0.761354035275863,0.754349436189778,0.805491178925506,0.787735056591795,0.806915686273856,0.795967108002671,0.784089815156618,0.783065072707675,0.80121997574108,0.826130675882245,0.750192220765858,0.785549442561649,0.816821547364612,0.794083382747075,0.807237026137257,0.805318464959287,0.758383476384517,0.756675089766597,0.701457130156915,0.808236086387031,0.846004286383632,0.835158294767374,0.792214408618604,0.80203905463346,0.752351465922697,0.817088152557692,0.868001476360239,0.881506415251386,0.81389638328486,0.806060680404147,0.731005921653137,0.78258333013088,0.80704443911479,0.801820403407498,0.835253950339155,0.807452320754191,0.809312872163633,0.830098878660781,0.741507566696379,0.766247685319366,0.802217923490565,0.786908895001305,0.814017335208934,0.821021133840102,0.748991156848195,0.82180123597686,0.790459824447698,0.775349820623393,0.808156838232344,0.779744233002958,0.81163042597651,0.808302601254254,0.847440675611292,0.833693056399253,1,0.782204944745362,0.799458742204385,0.810564539820717,0.825431666419419,0.798408615024766,0.798415555583056
"Symstad2",0.848366789443059,0.82619451049352,0.813920959893297,0.810355710891192,0.818890263914892,0.830582126303546,0.783919389732807,0.793559880310305,0.808311273923253,0.799873102825523,0.8342146235605,0.747637394448909,0.829590205965286,0.848993167997551,0.777205529741814,0.788281994386833,0.763682934642767,0.810048489028225,0.790872773900295,0.847817593954363,0.802253565564304,0.802944244822028,0.787916544121751,0.728703039891134,0.737420665697534,0.732011272102788,0.774738161498377,0.815589880176569,0.82076748606115,0.807944366971982,0.789998389356536,0.845678164417908,0.855203635712322,0.822050325588991,0.820574005032949,0.770326984087981,0.851149951924673,0.838437758615047,0.721499811805958,0.748787964395773,0.779322467612512,0.832495036155867,0.79173824473685,0.793586767962365,0.735109310452473,0.773199935646266,0.829523076548654,0.864945463680687,0.762385778793017,0.81619333705079,0.821702208814075,0.869804670565071,0.833527095704289,0.865250056780277,0.799675999388677,0.779759230388202,0.829316457839938,0.80921889390811,0.82774367799464,0.801084088770299,0.835685241693239,0.781765236833093,0.772227809706254,0.78694253456344,0.837609973501218,0.814876655216662,0.737554505612902,0.751895115093893,0.809414941280099,0.796581733930718,0.796963636245061,0.786910801891292,0.795454399796143,0.805439513167133,0.773387513604097,0.809400511025242,0.829106045822976,0.754159918129946,0.678229862221449,0.794842036677818,0.794560803247109,0.800775375481474,0.798540576532761,0.787987963393534,0.791913756096942,0.870348481989542,0.840875711157082,0.834180155754585,0.802371527642928,0.827531520205567,0.823985904659419,0.766269934470062,0.761544496083148,0.817212985672608,0.787489692400941,0.810147849670403,0.827134397784281,0.742938364281642,0.741785657277357,0.800274174533784,0.744372802968776,0.82814656948,0.845757478579497,0.80544856969787,0.752313427236023,0.833814060701981,0.810319735103567,0.819218545039531,0.788686856870021,0.795714149409599,0.819343058649386,0.813864462578402,0.782527068420502,0.790141336362529,0.782204944745362,1,0.801550312216396,0.820943683204075,0.781601974428441,0.808919812419105,0.790759796484471
"TBFIRE",0.844661761288504,0.839763489836759,0.830473538319705,0.821309627491015,0.84399644133963,0.835483186679655,0.818810059468838,0.818499243488047,0.813917948670855,0.779720175961006,0.776382050582646,0.79968820193864,0.718285191042328,0.847505958184369,0.837440866151296,0.83214122292147,0.76851732896957,0.752587724046143,0.801032147281242,0.783406336294809,0.829647885263423,0.786971537979551,0.707942252069773,0.733632310348201,0.766468726734321,0.730943139764691,0.697708008455076,0.761350261371011,0.782238913340932,0.766319783581377,0.806308499559362,0.854380392814801,0.845740613629578,0.849997549501474,0.781468920452198,0.726023205668236,0.813303831553132,0.830669973843436,0.817720575095763,0.789417549586968,0.727191163648364,0.886789525815415,0.772671557030759,0.720612214545445,0.751649705590287,0.807731477992624,0.763425683182984,0.833598093613609,0.812699755505671,0.844732110466844,0.791643389474457,0.815997993285908,0.819610961633101,0.819470688294196,0.793307157423213,0.772219851385261,0.837930469707291,0.812570621319839,0.783842320720519,0.812031388299279,0.775746434506051,0.672466149339266,0.81691652081608,0.83380827667878,0.780048070478443,0.72633792240344,0.815438593187518,0.793783686722817,0.733670825388401,0.767329301042727,0.826751434724572,0.753169223225157,0.830594311064874,0.804579748599457,0.78033142361118,0.846774777391782,0.789954135989323,0.775659187306048,0.676992878952034,0.780390781694891,0.840158061860366,0.847421412034428,0.726560152159648,0.748402825311633,0.809019553520691,0.770836574539942,0.835615606002237,0.815611595821552,0.832762136688258,0.82889308755284,0.824750656660314,0.799745235530397,0.850587836140599,0.818907468201784,0.785554374738976,0.816514972162364,0.813719459377816,0.774417375728316,0.786743385966091,0.765104057416993,0.777930697915264,0.788910207056455,0.784409426060687,0.815720620269215,0.792856501472001,0.87087730502228,0.773799526709982,0.792020799694346,0.782060757668235,0.819429765944502,0.865208772803821,0.821859425337551,0.830550281459628,0.82837408484576,0.799458742204385,0.801550312216396,1,0.807317736677654,0.842260771746777,0.79991448315478,0.846715753036782
"TBLCControl",0.83615247595322,0.828400937320071,0.823778098267503,0.859033904203568,0.768459207796495,0.81114828442545,0.772377390606445,0.770429200647296,0.815214341966518,0.831806432138553,0.830047749881343,0.803285192200843,0.765868208652805,0.831755323504633,0.754580206413309,0.771899513375596,0.699722635953891,0.751516090275626,0.769479810535813,0.811333625320342,0.804708644407001,0.767206750089462,0.726812618643861,0.734132946247962,0.761863777598631,0.776548006624818,0.729376659356483,0.752286231175848,0.761748732042502,0.790268226034686,0.808178206628802,0.848909561854588,0.829246007507539,0.841635798366244,0.814135978615096,0.759675783506746,0.791743064124651,0.792903184177873,0.821027927288049,0.804820044346648,0.808197039749786,0.857658279257776,0.844601451061109,0.780041352242546,0.768895406819936,0.742397643468226,0.783724742624703,0.775055920262023,0.721507201060101,0.789862401059469,0.789534628319491,0.830003768733906,0.838959799392651,0.872067738365385,0.72078869475751,0.824476924952772,0.812118988230661,0.752806323443025,0.849691715199733,0.805058733706311,0.760151556815883,0.760995544448244,0.800004633337123,0.834484325766136,0.823227966404603,0.826044114273925,0.799336862477683,0.741086162148177,0.75275615551369,0.771066041422243,0.830595316496317,0.760317030621468,0.743557374267362,0.757274555803618,0.786477426131035,0.822751986995831,0.81780036152026,0.732985994627922,0.700549016835859,0.775239419277562,0.788145710142461,0.784751046192606,0.794580096949775,0.732420220921791,0.786271676755104,0.860329220944438,0.812686602657319,0.779384759291029,0.758017178448326,0.816613575291374,0.83050104649429,0.747948269788019,0.804659033176509,0.792908684698632,0.845974093374527,0.832657597650718,0.793604430349171,0.818887260127009,0.797222891705154,0.77322296307136,0.791587028414134,0.814678296660693,0.862330960929954,0.828047054349462,0.767576357098073,0.813109945228188,0.789653444956285,0.808678920020912,0.761692481395891,0.764526255967663,0.837929069762867,0.820330984445317,0.865299626041047,0.842263156080425,0.810564539820717,0.820943683204075,0.807317736677654,1,0.823997694204084,0.817734492791005,0.797349994854603
"TBPRAIRIEDOG",0.825802485594076,0.791038799045973,0.856316727004663,0.839426138673367,0.788780086387507,0.847076655537758,0.857321560457806,0.805618508529904,0.808206669970287,0.829862263144151,0.811076171103833,0.803924085495841,0.7645375458679,0.811636316166859,0.825581237248321,0.834996243581661,0.77374513409197,0.777848970111957,0.79525012778175,0.778480474891769,0.792999331566672,0.746095739531186,0.778099336424516,0.749830496690539,0.764600991829673,0.72625334453809,0.654845686996419,0.78078006490519,0.76999577446606,0.774783595890021,0.785952503799264,0.869058566231377,0.871959775447679,0.843262638424242,0.81699441319304,0.81423919618236,0.767867547564929,0.80362287740149,0.798442648750816,0.79208014995791,0.786702296531911,0.870936243448776,0.772604981582619,0.711218358038603,0.741905635758076,0.803536204418422,0.799887743583629,0.789103107312657,0.809322768399081,0.803354631639027,0.772479234022697,0.836418334553669,0.852075225558897,0.855145129435415,0.77671181724409,0.792715733203463,0.838766480168838,0.825335332816599,0.754851902876036,0.819065754250183,0.74888766629355,0.676060166365828,0.741334564595169,0.809409509659556,0.79355712593285,0.840704198817014,0.746776103195685,0.805814597846367,0.728066074095595,0.777336645121087,0.818745976147617,0.743297283104242,0.795388100058364,0.741032460573818,0.822391435019606,0.800278524807105,0.815674210680214,0.729753554672204,0.698718491161374,0.815460867880055,0.773248400383234,0.789185964845108,0.812769528752173,0.732222414638072,0.829585126470475,0.856707469509038,0.806236076386972,0.815381073868281,0.816414441572647,0.835728471803431,0.818058422763403,0.825288491587231,0.832400050955668,0.832271148355052,0.825597407965225,0.829344412473242,0.821024793767832,0.820071589331512,0.809843521910032,0.704230858555214,0.752721348543916,0.837495389521944,0.844857557990946,0.854038127758553,0.749949908874571,0.842161715611426,0.732268383352636,0.78640630554176,0.805439972580308,0.79289722220864,0.837450316439864,0.811561317453488,0.805864373248376,0.830565001850867,0.825431666419419,0.781601974428441,0.842260771746777,0.823997694204084,1,0.818177004995998,0.828498876685297
"Woodruff",0.771645035370116,0.86430506991454,0.817071386951556,0.861584352505819,0.845397392118744,0.842774954677818,0.813864187769461,0.791323167492961,0.8324488244847,0.808854230479253,0.781933278134584,0.806575886737906,0.806779040853084,0.815549398697237,0.83669409702596,0.771967740103676,0.781046799881657,0.794617430745473,0.791424907193698,0.831569624478696,0.802791595437062,0.814871692660721,0.740114746473215,0.71025453033253,0.762041091728441,0.791669422472562,0.789957273859211,0.781469140512822,0.782950102944544,0.811475019360825,0.790589673852173,0.825833765472205,0.849799808260577,0.847262837280592,0.800159659784048,0.775496671190718,0.80101309042099,0.781514272267022,0.785874636527308,0.817232029715695,0.866157482508436,0.780357859266876,0.778023358940372,0.806099200793969,0.795114296758758,0.752481770472853,0.770122765081192,0.754925837262732,0.762480188567011,0.825814261864626,0.850800656281516,0.797564273786515,0.827107173095518,0.830058333374178,0.798281685006234,0.712258646024597,0.802442111353607,0.808924188381856,0.807786776246342,0.77970792299479,0.784266079329014,0.781494840786984,0.823469690178758,0.777583683572744,0.817248819028652,0.706156856554889,0.745539380999086,0.813369141744529,0.76322301642605,0.814813545924916,0.764121013043819,0.782017400575639,0.807158878456439,0.769989332498646,0.777265938259423,0.822940177273706,0.820216489115234,0.828818635549238,0.69022903245965,0.812637099719457,0.812883499315814,0.826634612150555,0.795940918333262,0.827918060003817,0.842971286371521,0.823501054368371,0.823426193501896,0.829136552135105,0.818054445599128,0.805026684637266,0.832222108381633,0.815595475221171,0.827770817525677,0.83388803712962,0.835170864128108,0.782077216692401,0.735421208341289,0.769145030296195,0.779433640442948,0.728972875809072,0.776398819152126,0.815875675781431,0.853646140612211,0.841793702922257,0.766961509793969,0.825862340288049,0.779139385474717,0.747979625078638,0.807224006898262,0.780865406956946,0.783111549066312,0.809533891275673,0.794713035222176,0.779619688436185,0.798408615024766,0.808919812419105,0.79991448315478,0.817734492791005,0.818177004995998,1,0.767729701344678
"dino",0.81233407320087,0.865027818367992,0.82147497453457,0.836308591054169,0.848169817575427,0.827727762189973,0.84092167093043,0.857169589144938,0.802368117032341,0.798070263539502,0.834437173569124,0.841284368780873,0.832041071896342,0.851138200965791,0.834296512125002,0.85894050472349,0.841378651483335,0.8306457201437,0.79184772526824,0.853977331553127,0.813842144464296,0.824271568976101,0.776431083174207,0.762634703599979,0.811649595197916,0.793298033388197,0.720201348531128,0.820384460120961,0.811020222117013,0.838542165704878,0.864677030892429,0.852796430689783,0.815591268785432,0.850129683655865,0.794825031189232,0.796766336367962,0.847920921200632,0.835704543631709,0.796527065857066,0.829208477973972,0.832443450431865,0.834023422766038,0.8495809262637,0.78865934938225,0.766371526992012,0.77648195604704,0.810710325852742,0.825150772689063,0.789865383586067,0.813997777861615,0.886454154138899,0.86781277179447,0.822859254283196,0.839808527660672,0.783528612668106,0.811641615090013,0.845604322847574,0.841838352201756,0.81704763118865,0.84896422164845,0.802108166712567,0.803312464873264,0.881768532018995,0.85938596047299,0.858526168080213,0.822006700122236,0.800080380150598,0.80953728208914,0.846063631785166,0.940945865372163,0.862258925298264,0.843339598938018,0.821668179246889,0.841503129014384,0.855978392941244,0.835959944903343,0.791780950051282,0.809652641841118,0.768601848023594,0.84177992536553,0.798858925249083,0.8864873395254,0.875619985833024,0.776939341116839,0.814201491104449,0.818781416935883,0.79360717154062,0.84204789324668,0.805173906572312,0.880065743000369,0.799732514308204,0.812957298926155,0.814022411546942,0.791377938280062,0.859862678403881,0.805599735494267,0.855399913173333,0.848444101569277,0.754153679811962,0.796682245713393,0.809056181760393,0.84884946552604,0.863239721438562,0.83197099977511,0.759194893458046,0.800197171238085,0.856572796034294,0.772078922939368,0.786968936804809,0.763033383413463,0.798473085104597,0.69485236206177,0.801608023665749,0.822872870361356,0.798415555583056,0.790759796484471,0.846715753036782,0.797349994854603,0.828498876685297,0.767729701344678,1
