"","V1","V2","V3","V4","V5","V6","V7","V8","V9","V10","V11","V12","V13","V14","V15","V16","V17","V18","V19","V20","V21","V22","V23","V24","V25","V26","V27","V28","V29","V30","V31","V32","V33","V34","V35","V36","V37","V38","V39","V40","V41","V42","V43","V44","V45","V46","V47","V48","V49","V50","V51","V52","V53","V54","V55","V56","V57","V58","V59","V60","V61","V62","V63","V64","V65","V66","V67","V68","V69","V70","V71","V72","V73","V74","V75","V76","V77","V78","V79","V80","V81","V82","V83","V84","V85","V86","V87","V88","V89","V90","V91","V92","V93","V94","V95","V96","V97","V98","V99","V100","V101","V102","V103","V104","V105","V106","V107","V108","V109","V110","V111","V112","V113","V114","V115","V116","V117","V118","V119","V120","V121"
"1",1,0.871863632911346,0.897428396212336,0.846973384818425,0.84249047053485,0.857947160162553,0.784343636350381,0.797615593028038,0.794813198293238,0.80417590131688,0.827712942034161,0.821402768668288,0.823494429739806,0.842254091032479,0.777675611866987,0.824365930634168,0.797044916435738,0.82328863949128,0.795951027244789,0.816197764471382,0.822979917472184,0.813381817776864,0.806738956469253,0.752705594566225,0.735188497374607,0.742299716874501,0.746243218553206,0.743695402904656,0.819812730060744,0.790195313490328,0.82365311654273,0.840616759101223,0.793954022317317,0.842976271116147,0.83005348387998,0.771003196638179,0.790380852231333,0.782719450106416,0.781275560101891,0.766331136139053,0.835880249242622,0.8119410212083,0.792160538649515,0.815348768811643,0.839911529883149,0.763020954948941,0.750024899749519,0.761607381119028,0.724040789874677,0.754109993385501,0.838629189040834,0.810105275944361,0.830197604703744,0.843826135635337,0.755706946105311,0.736753169738859,0.838842604674924,0.800406848591238,0.7929326711059,0.853973229950052,0.801388038984622,0.788767826383077,0.836840782249417,0.807155063760878,0.834002599231135,0.793321886954654,0.816966717708966,0.779267837950175,0.770070641597634,0.830812595945386,0.809345246618007,0.815097604672056,0.839721270703225,0.805387053491354,0.818902015692229,0.831719889360319,0.824945812948818,0.824861715312978,0.70811543075249,0.797665037095674,0.801650405236637,0.805503281868856,0.781353841322193,0.831099218527852,0.785326702301612,0.860965927617904,0.861128076420007,0.870372625732949,0.845524226359627,0.813190544869491,0.829006341310824,0.834357815887942,0.818613745601765,0.836306985656682,0.836308172992787,0.824552181145141,0.85143898776753,0.832167584200211,0.786648165208763,0.760697974166867,0.760380764319364,0.806063780327759,0.807199974302742,0.789796763857818,0.80638674660928,0.830345261636673,0.850170247669872,0.799009495908735,0.775239447802756,0.792487202150354,0.813643065121904,0.806714610427678,0.816720709337024,0.809313413901184,0.82919071703585,0.83503018557409,0.830791531747408,0.823851826105406,0.806773086595376,0.77981661321066,0.814748371707351
"2",0.871863632911346,1,0.807060937915031,0.88748750782874,0.912221555748136,0.915677823243122,0.823480135789054,0.805698680093737,0.779851467063948,0.839391834924033,0.825654751502039,0.807061836543465,0.800206335038963,0.814186895386268,0.824136854231332,0.796004538878822,0.789059584710458,0.821570807003112,0.786006601592213,0.84291011544553,0.83339602406485,0.835373550539636,0.822553109642237,0.761607478753138,0.762463796256381,0.772060221004573,0.76868080834755,0.768439495441601,0.820604749649778,0.817462550774699,0.807040303844025,0.806139544186434,0.855076400023823,0.812708947625537,0.867296753843701,0.778607063139028,0.83234525214372,0.797610299009804,0.7871950084237,0.779369954713785,0.821564751200817,0.839341839894843,0.790892022123883,0.796318922186845,0.862982989863576,0.76340968900508,0.755138405311434,0.768931940534929,0.744923689310303,0.770672979883969,0.814430668780517,0.825002681152673,0.855799361461744,0.877274005925872,0.766440594478144,0.725988079446559,0.809891951277789,0.796965982157121,0.787895765642622,0.908436115055879,0.777163315188802,0.79883805912005,0.846715272437545,0.814562448264797,0.809799853619488,0.834315624067985,0.817905165864994,0.81947680629338,0.77857521979179,0.821108470943101,0.798334698664323,0.836985538658973,0.815056351111836,0.799523661486474,0.808201020641119,0.825436167779055,0.865827153895165,0.811480379121394,0.716856027392155,0.809852752929984,0.808153015787337,0.803648250256012,0.82251829597141,0.84797791223838,0.805268972779465,0.859462963882355,0.850814199940718,0.856065163410193,0.825513983853492,0.819243176290259,0.835802028131554,0.804162283837451,0.827238867311546,0.80703021938102,0.83765481679633,0.806140840549117,0.835548484349491,0.825898998687576,0.76840902982864,0.745053830141042,0.753732166485053,0.811462976965418,0.830575510038351,0.817874297968333,0.803171818106059,0.830646068376587,0.828133231052711,0.793739082903886,0.813908989981522,0.799571925130277,0.841783065250337,0.83623927428497,0.7959865399918,0.829374688649706,0.805596825798845,0.827371324219341,0.829473385215261,0.821594690737559,0.79529861705839,0.854269434006281,0.844101467895142
"3",0.897428396212336,0.807060937915032,1,0.825901379603638,0.786749100177129,0.79006175758185,0.780310901498883,0.814755481140292,0.859262333282194,0.793298763897709,0.829763799235043,0.849322341844714,0.828617067994858,0.837932138560041,0.785267034591927,0.834017279964619,0.806032876999389,0.821777987003894,0.807147241376551,0.788592791299932,0.793158873555266,0.793470644120416,0.782247755308613,0.739261112727451,0.742653136458988,0.746289368147365,0.737731118400779,0.745359593545987,0.826907348336389,0.789205762156806,0.824117772409363,0.840494583251284,0.79214463803385,0.855332495775085,0.800082951324922,0.773137028769872,0.770449656423999,0.770624687534934,0.777362585328288,0.787558006673245,0.844077357777946,0.794025591133021,0.808742690450083,0.822388370013361,0.784336688104473,0.765553158383709,0.755562735502109,0.7589927213437,0.725040456989533,0.742062551824672,0.850188798323496,0.808868177975608,0.81338178969212,0.80489624717716,0.776746229540355,0.731628957579129,0.843982285648459,0.81533590939627,0.803338350110502,0.794597409239039,0.852896413790152,0.811982619856085,0.801396169962283,0.830549364088213,0.824591686068438,0.793029125876407,0.834400451825644,0.802946715486882,0.776223961458197,0.836041275122049,0.798825375613587,0.785853825893283,0.837556310981625,0.815773905570764,0.838734183269226,0.824004908901304,0.79672186545873,0.826830039645071,0.719069970416715,0.803872215140173,0.794921272043387,0.812035931893905,0.811790180163063,0.82327220245383,0.815135590868332,0.845984434402977,0.811846810692587,0.853702192799577,0.82873569524216,0.798526295850349,0.847380712303555,0.848614138949139,0.813705398971518,0.832648665554412,0.829049015585508,0.846717356547155,0.843123329174085,0.839277549890023,0.765891612370745,0.717273007959079,0.785362545946873,0.810297270182095,0.788764462445882,0.795985211546926,0.765977329413674,0.824037053786134,0.815297603696563,0.757406861740838,0.789163092132513,0.756521040313386,0.820734618943403,0.815709824539665,0.800068045646531,0.788930159735368,0.822166519485992,0.807446239678062,0.809194007400709,0.813932283367871,0.838706425928137,0.815799665636779,0.812045096422528
"4",0.846973384818425,0.88748750782874,0.825901379603638,1,0.850509430628951,0.866757477099332,0.818950372025514,0.821012140194653,0.815745699820709,0.844159890706974,0.837116012435391,0.838901861578612,0.849007074285881,0.861252811891373,0.814824355607114,0.859129435102842,0.794422273656589,0.846189606853003,0.809899465511544,0.822084058152065,0.815238071299091,0.839534331652031,0.811658020609363,0.746652974512163,0.751804142744672,0.764033222073403,0.756870309730438,0.759978945507001,0.853892715003033,0.812509109131634,0.829713038005146,0.852298414697454,0.832882218921099,0.869730869769257,0.830461993579077,0.781510776167633,0.811984325817041,0.791654287191696,0.809008347958256,0.801527126049561,0.85629817298377,0.839473828268347,0.818167668276551,0.83551298701968,0.843943525548645,0.761286014241087,0.755991634794877,0.754052061950801,0.738127804728954,0.764100039277625,0.85487933346492,0.818370388910783,0.849449064501274,0.847440690059105,0.773114154628051,0.696025865779614,0.855034256410899,0.800625585371609,0.797542272094944,0.864738289812603,0.802877493729883,0.809152191654238,0.828053403676062,0.83517612245055,0.842819055644651,0.823637378529895,0.840563825356418,0.807184994018935,0.783722433723847,0.845634376056625,0.808826139955287,0.802045154750621,0.839498037423951,0.795404760317915,0.84072185242947,0.847529448563573,0.863226818240236,0.829560683795458,0.732832841168448,0.790126586771995,0.774005391336589,0.795516586092095,0.823496970216164,0.851040627599148,0.821586494789434,0.851444644500124,0.819970652601304,0.865348585270019,0.823968027409669,0.831552760202664,0.846446330395648,0.828101729289312,0.835344461766721,0.797338244996849,0.825577671621658,0.808213863563031,0.845692459982993,0.801365779973508,0.769897067754965,0.765011330709218,0.716129188994556,0.818851468038763,0.835322852683581,0.822509812038126,0.801970853682085,0.830575959467478,0.792196008926393,0.777750493801793,0.795484925034269,0.788381398062811,0.85226504690851,0.796562450792773,0.798570636976623,0.838669622991513,0.814050246068221,0.815801743729437,0.810249210034246,0.842762194690295,0.830025575364649,0.854971021135245,0.826193028222425
"5",0.84249047053485,0.912221555748136,0.786749100177129,0.850509430628951,1,0.974344410810786,0.813901384096856,0.781603161335993,0.778217195096596,0.841070622350213,0.811219845999233,0.788168797946312,0.800773292913237,0.797705536591441,0.813868108689993,0.798511753430533,0.780482914350718,0.80771023826036,0.791598804676991,0.837807364636365,0.831778627081279,0.823314197517253,0.826044292437767,0.755873633167986,0.75154558689311,0.769348401377203,0.764829051296602,0.764425313021117,0.809747963377699,0.801013312274912,0.786632964789546,0.800531187293359,0.857191805848151,0.802794588711404,0.855547587315627,0.770372544078115,0.817149970398024,0.794820565166497,0.773251706522487,0.772660381043488,0.808219693820559,0.851619989569045,0.772695378650404,0.789456728704248,0.833357163069385,0.763903739103605,0.751903409089189,0.771953744639347,0.743299927689558,0.754196600437571,0.808453312755786,0.822778668975224,0.844459493432321,0.877908920504498,0.77433157391775,0.722353100169,0.796677760503132,0.786496580355882,0.779957679973322,0.865917970049326,0.75122419157864,0.794059565411049,0.834692883992055,0.8008577544042,0.808891225173498,0.843832296316037,0.812859855719216,0.808899067257267,0.767852618075744,0.815472931106514,0.777608190439504,0.826224922587604,0.80983188033479,0.77928652380757,0.792910731841076,0.820503693555565,0.84986384245346,0.804981383071843,0.724182456967122,0.822191724253343,0.791801532147423,0.82402980386742,0.797663008023333,0.831464808093895,0.839083833260631,0.866185658269186,0.861339863849401,0.859777813287586,0.849925384288639,0.805733214841209,0.81543457425548,0.82742555003994,0.812881072637551,0.814215094216059,0.818646147878101,0.806472932283222,0.817168913902672,0.841263840448889,0.783068901562997,0.769717294910335,0.760799708356546,0.818818436527498,0.81355456676491,0.831673148250149,0.799490850404101,0.800840638247527,0.778511377019268,0.842484601173657,0.811560493385315,0.746126569398314,0.820656359039496,0.816216903286833,0.795185936923047,0.86250163835017,0.83861758603907,0.811773222156347,0.820177763805337,0.786526333199909,0.804620038922263,0.835348044277433,0.833555413667819
"6",0.857947160162553,0.915677823243122,0.79006175758185,0.866757477099332,0.974344410810786,1,0.81715234140997,0.795823576605608,0.778537510187545,0.845486318756854,0.801433027700398,0.793669074841044,0.795552098051702,0.80615119876542,0.816361801678374,0.796146435321822,0.772831837259119,0.811618704409328,0.781185002359751,0.831651109966313,0.840003579241011,0.813342962526859,0.826592916587731,0.753117635451898,0.748446714350192,0.759784403265706,0.762427620166729,0.764956955421383,0.796318683391748,0.803941858538896,0.789749335566689,0.814583774205821,0.860206625609109,0.80517072912384,0.862657789729657,0.777056757880068,0.830057946077701,0.797342888030945,0.788057101555341,0.775277192641126,0.808346895319824,0.852972053159665,0.773144137548181,0.793307292190498,0.842350187638336,0.772269259412929,0.767516775853036,0.770693003935954,0.749868075101269,0.756980251089937,0.799490544966786,0.823690086707191,0.853896742919619,0.881711789398119,0.776612708051124,0.73287756842216,0.806601180602085,0.789933337823166,0.777888277880514,0.870387573466503,0.762549548473749,0.786115858821215,0.832828177203393,0.805141278135888,0.808676183321378,0.842133516033333,0.806356915298607,0.802791398955155,0.774763158278453,0.808239066574928,0.782140300052898,0.825393277617891,0.813638668689539,0.772923574761028,0.797719717655709,0.81955592312597,0.851111909592973,0.808196461717599,0.717097346948868,0.83388445724263,0.822150194127468,0.800329928455898,0.813168263330035,0.832226970710597,0.799228632322322,0.870391324236918,0.857577073755899,0.875469447239263,0.856164674133981,0.794781763771496,0.837251825367022,0.841752227610524,0.811094600919489,0.803971511026125,0.81739214037308,0.808008781982845,0.830358144825086,0.833023654964184,0.803406393566327,0.766323216579863,0.744619616284002,0.819869723871987,0.825295800863778,0.841797279011585,0.817998951288006,0.823111754959244,0.793344276679978,0.840387288315852,0.809220209072646,0.785359645958998,0.803994821641372,0.828605961693443,0.782831687632721,0.858760046271498,0.85214372122358,0.827297806029758,0.824605416921457,0.800599307626638,0.830683967670806,0.841009352987962,0.825268539096475
"7",0.784343636350381,0.823480135789054,0.780310901498883,0.818950372025514,0.813901384096856,0.81715234140997,1,0.808131634159672,0.776595911253186,0.887821217205215,0.802993112900497,0.788504792001404,0.796814919153283,0.806539259107634,0.87001667032966,0.800071471758684,0.783056141682526,0.801235645154582,0.788778328317431,0.844989485552629,0.825434764066056,0.880003381521037,0.822738351149932,0.765988391692412,0.765630105608279,0.776458910130888,0.747760931955636,0.757773646729197,0.812884250508674,0.843617919030498,0.79453468423929,0.79606893733826,0.904617329545471,0.795990251947943,0.781759197519505,0.794094230319824,0.816953844270346,0.787784643119087,0.812457594901356,0.770274819002097,0.818803439439682,0.914895648305157,0.774462797562176,0.812361686937672,0.799917998592601,0.781871138096514,0.754830645843497,0.779392327241795,0.754543213871441,0.770921943886785,0.81120849775856,0.857432501926683,0.895834762231338,0.804693695946094,0.750667977187465,0.725418794968634,0.81092747163672,0.774421866292832,0.765067973267006,0.828803710653671,0.760628226475465,0.801739364601286,0.787769660400391,0.790930883370197,0.800407385283029,0.920268227937806,0.795020445929436,0.783221672422781,0.761522872043791,0.803060470964466,0.788769593666816,0.827662140836223,0.809270012635415,0.779512061298303,0.793811621918368,0.800917622156414,0.828447895503433,0.794912995664785,0.757980935723964,0.82738405366196,0.810802635158233,0.792680334986848,0.832699511621738,0.835116120998329,0.83791842896062,0.746968793631243,0.782113385724118,0.767010164016935,0.800494013905304,0.821243152313519,0.847363600821514,0.804809092758555,0.826238535986029,0.798708345476804,0.808563953406541,0.737271710717146,0.821743210150958,0.822632208362188,0.781332414539732,0.782201191757602,0.778725358989669,0.772627026955159,0.795893502416103,0.80307472618043,0.784492547111788,0.770640558312992,0.764333113613334,0.767465144657847,0.800940085511957,0.784707245676017,0.817510495568417,0.809187237179594,0.788009460862667,0.789938310555174,0.769850018776938,0.783517563161595,0.807679093799317,0.775124265389519,0.8341645603307,0.805690103809457,0.827061074458247
"8",0.797615593028038,0.805698680093737,0.814755481140292,0.821012140194653,0.781603161335993,0.795823576605608,0.808131634159672,1,0.813593992672626,0.805996065029934,0.821083350291419,0.827222452892751,0.816376654447441,0.836400658341507,0.846495498038914,0.822513738836652,0.893357072321951,0.825725516618315,0.838429220072766,0.78338722491479,0.802720530451725,0.812803462323787,0.788054264597724,0.760991395306278,0.76179249243047,0.765327564617889,0.759371596348154,0.759190301122602,0.849581646461762,0.836586966503596,0.823677971849666,0.816804153047821,0.798560678616131,0.821397414146746,0.807971814925507,0.809235568680296,0.80632783839184,0.780684332565413,0.793685253931265,0.839817273793289,0.829720648307571,0.794752924898286,0.848483310771562,0.849777563025964,0.808248803752702,0.765756031046389,0.752886722776603,0.769022157315598,0.752972294485978,0.760627812155697,0.820686209715711,0.836533375896066,0.811830885067905,0.82519216594546,0.806258563972226,0.748318821569125,0.825971307400861,0.879488618257766,0.873803580294672,0.8064000163387,0.80838437083134,0.823998809742967,0.847852624881419,0.867633050859354,0.826614519033772,0.785137573127117,0.847545199330262,0.826017284499268,0.837047565006964,0.826716753311359,0.890975210265926,0.797264577251584,0.825390648553722,0.893679465178698,0.812535486644617,0.823385259785334,0.821988694068284,0.837661268441412,0.715736226441303,0.784883573872629,0.792129686203781,0.81923547473452,0.825332724510426,0.817215966577888,0.839394833759443,0.783574251030421,0.816302048000617,0.822560394807689,0.821773620356809,0.814195550885243,0.844977589760627,0.802343610800648,0.813291602734497,0.778753907603484,0.81809353799024,0.80021346375945,0.84601213398337,0.838138212236509,0.772490400898272,0.77393023674441,0.787235131678602,0.82308872799716,0.835621352034956,0.813182978316266,0.791470856913876,0.842731442548781,0.81909877563214,0.780289318842323,0.817765421802906,0.833777976357851,0.80934182080246,0.773127454571613,0.810761628477202,0.816953780803396,0.769030734706065,0.799359887802288,0.813483682199932,0.774933022503878,0.796979777962891,0.793532455382643,0.849269301980623
"9",0.794813198293238,0.779851467063948,0.859262333282194,0.815745699820709,0.778217195096596,0.778537510187545,0.776595911253186,0.813593992672626,1,0.783790799633031,0.842083172938551,0.817318194970772,0.845970977700443,0.85100000049836,0.780027101774996,0.842372928131291,0.778966831505913,0.82128655283796,0.803184333924051,0.759392595499492,0.790369305022537,0.811261212438391,0.774508001124678,0.715411040711959,0.720940316236294,0.726563076941126,0.721114199546702,0.734232446582832,0.82201559222107,0.784998747780621,0.833031059405152,0.845696587464605,0.774989348584962,0.847197937012821,0.804068525201898,0.767636395148984,0.76669422804311,0.768186218305204,0.788294037287093,0.78806291068129,0.850594687935188,0.78798530449891,0.800726825915173,0.823917666582782,0.789321266542061,0.728497530878218,0.719933261760451,0.738790382772605,0.716262498107458,0.728761503051593,0.841474609340765,0.804861552659788,0.77815560746599,0.832248358579876,0.772716565027183,0.716760091443485,0.84592636703584,0.792350652448622,0.793423832319109,0.794395467171918,0.918677736226327,0.816106295711904,0.783432224988787,0.822595488384917,0.851522387493939,0.756585755736316,0.797250770249249,0.80150420718019,0.781990114745159,0.840751163880849,0.78165044795925,0.783697650163373,0.842432449154297,0.783757289314194,0.877424503238498,0.852771121900284,0.790659213905431,0.810533956692866,0.698342081681027,0.799306214174475,0.773231675393245,0.822361769697869,0.828767958377802,0.805670453246607,0.835688456201125,0.791350831386658,0.790792721022245,0.814035134742628,0.770390631789324,0.795616512770112,0.762879976879536,0.803840575448261,0.831810210699657,0.771093056707494,0.803815381273091,0.759168390080499,0.81647014248059,0.833783244957264,0.748548684463697,0.809368305545666,0.779117309314231,0.831970193276211,0.805426004152533,0.780370330808333,0.75367051532327,0.84043550362411,0.790818190357114,0.799059821283857,0.787554978395126,0.768572434048038,0.781293019710755,0.770682040144362,0.77981659934887,0.798755771006289,0.819030995300329,0.804395921350652,0.79111422486318,0.803572133264693,0.795824780760098,0.82137596138599,0.808027312485155
"10",0.80417590131688,0.839391834924033,0.793298763897709,0.844159890706974,0.841070622350213,0.845486318756854,0.887821217205215,0.805996065029934,0.783790799633031,1,0.808665546230541,0.810392458041517,0.793734304251302,0.794950363796441,0.841324708658861,0.797223881168145,0.799700180764216,0.831014585940265,0.797720726243242,0.862269074007766,0.84161249473447,0.87794654405396,0.843866905764067,0.763879491105165,0.771958705853584,0.788542982654991,0.771712295856066,0.764460388786057,0.830065873289433,0.865749387969922,0.795337614062057,0.807565079375896,0.888242942767701,0.804125078473447,0.808310975868447,0.827078998643757,0.835847758159321,0.804281725463164,0.827030916801267,0.796991697858101,0.840368366609627,0.90594375020452,0.795098235914824,0.827064989843908,0.826696629876192,0.770621801319336,0.75577165689612,0.774109553258741,0.766654930467471,0.771418581694256,0.808215708711097,0.859160730278452,0.882658361972425,0.811006438086773,0.77257335137882,0.699870887671409,0.800683975255663,0.787875845199367,0.777826692966005,0.830923216728922,0.793044634873241,0.818726766065974,0.789509972230102,0.815084453594457,0.804697669294855,0.910062380689216,0.820389610746372,0.798463441065696,0.773786393506793,0.795225793590089,0.807335434050359,0.856046369348223,0.815749346754026,0.788798766411656,0.800141676695956,0.793613613570288,0.834067194849858,0.797210519302398,0.756294646067264,0.818199134464835,0.816550990452069,0.790074906551277,0.830543521706977,0.834484140894849,0.826590199884988,0.781516454157056,0.814178661293751,0.797572555699718,0.788271147393868,0.800615118010132,0.816242561936005,0.805034979900845,0.801863399534598,0.817446082196934,0.780257654961043,0.770433516975236,0.81626432037237,0.815845655380118,0.802580110628729,0.736564289276017,0.743834889923371,0.767306355516811,0.771792033899345,0.769072486043759,0.815384351146384,0.776593081031687,0.800819654484462,0.816122575619928,0.784188787516864,0.788393780529493,0.809819741831377,0.774977241951528,0.770927757568364,0.85327852776811,0.80997884115416,0.801138859530679,0.785785779030395,0.819023321662694,0.824093484142202,0.803224018976903,0.806539397021406
"11",0.827712942034161,0.825654751502039,0.829763799235043,0.83711601243539,0.811219845999233,0.801433027700398,0.802993112900497,0.821083350291419,0.842083172938551,0.808665546230541,1,0.872242115006504,0.860593983748175,0.857273386747315,0.815148297219544,0.850421545552844,0.811064145444347,0.842199033595558,0.836451182464846,0.805681189400983,0.80594235375153,0.834497835853432,0.811963824898676,0.761574276145298,0.75418748442695,0.759498814923186,0.764300151767001,0.741603580996242,0.845074381124109,0.80186358748193,0.920767874025216,0.9255106813107,0.799342229715027,0.860218761045794,0.817347644022484,0.773795476296038,0.803183918282327,0.778256625343872,0.788475391442933,0.799028195156355,0.85973300974392,0.797236180317426,0.80444032866874,0.835923203451815,0.820242691115108,0.7617192413412,0.761378026183168,0.764616697075281,0.745868487017878,0.767192093442115,0.869215035077813,0.823308978806299,0.805777686346167,0.821743057414304,0.784348189081151,0.708869581771349,0.860579021877762,0.816994051268456,0.822020605352137,0.834139247150246,0.824851962048753,0.828540215917009,0.80260214838754,0.838653145985408,0.92233619738814,0.813778995451828,0.820895169934047,0.797089827556293,0.7912312878964,0.926405404686994,0.805425426996176,0.81795450646,0.926736193804953,0.814948062889672,0.887225248263198,0.94703554103756,0.811925879108461,0.823394193477827,0.715017521858103,0.811406100103263,0.802216231761531,0.832105602897481,0.817190442735423,0.849190077029199,0.816847382394483,0.818269406672446,0.779608998570383,0.740135828984118,0.805270367213123,0.819229335408379,0.809454841076429,0.760867288666269,0.816811893829395,0.809259502493085,0.825732088723286,0.802357306177304,0.846929796788576,0.855980941091428,0.771459609409803,0.727758303878748,0.780774975456566,0.824158420216462,0.821086151439348,0.814667695252898,0.794626023757994,0.844392784236839,0.788220054396499,0.739821396172639,0.767065975721999,0.747988701771436,0.823687486648179,0.811775019520354,0.818753484561912,0.822961527610488,0.802416068658984,0.81900323811691,0.789765492286963,0.82030929023612,0.79979862831183,0.799754544221651,0.837982708792385
"12",0.821402768668288,0.807061836543465,0.849322341844714,0.838901861578612,0.788168797946312,0.793669074841043,0.788504792001404,0.827222452892751,0.817318194970772,0.810392458041517,0.872242115006504,1,0.821150982324462,0.82628199681618,0.796579946602358,0.818682392852406,0.819720321594576,0.829240492882649,0.819268628304505,0.775826266133646,0.775648412585292,0.805853639561413,0.775170866891781,0.753262989322947,0.747417807787146,0.763386692867406,0.747508076596522,0.74344845449414,0.840767897317838,0.802456486992026,0.895412925741188,0.914014771973864,0.785958373403404,0.829098535486797,0.77450836134306,0.815329917931746,0.790038685871518,0.784769422507461,0.790303317340541,0.837694898499152,0.850845450401296,0.79900733608052,0.848234876386349,0.844841998162287,0.802857721444127,0.769639911963994,0.763885714965389,0.762102808395079,0.751145888044103,0.75852168318541,0.822306323152658,0.797672015386181,0.795267310511648,0.79396391174644,0.828082164983198,0.707319123991565,0.813129795487804,0.812481892253689,0.809779732284098,0.806290095242521,0.798029170969881,0.875170020708852,0.817664457398761,0.844889292479547,0.912749057776134,0.787915513232009,0.840227633205374,0.806015277975185,0.83571999440626,0.914815994207654,0.837098027813675,0.786873305526599,0.910963456606965,0.818424700539622,0.890727680463314,0.867873393998805,0.801313786317774,0.823260967248501,0.703020316279726,0.785984365667473,0.810302759852657,0.81200009944641,0.837646572661225,0.838206780163657,0.829090860272768,0.797342736220104,0.808234653468417,0.817359520755132,0.797784293103546,0.796074211319747,0.80356549997088,0.82574915832919,0.801191496212441,0.820659093955544,0.833210415783549,0.81000496035344,0.854424803395447,0.849134638679863,0.767071926180261,0.771320461935999,0.761375801440375,0.808067603683857,0.776389167845439,0.809371315827112,0.788865258450338,0.811232492278275,0.808095501208784,0.723037587209312,0.813817472132726,0.75298571984205,0.817609088511002,0.805949360659984,0.743568156559954,0.786809034844788,0.828165251148846,0.762804522727278,0.783928589910248,0.793537683389931,0.794182013067477,0.805400161251419,0.839944509629664
"13",0.823494429739806,0.800206335038963,0.828617067994859,0.849007074285881,0.800773292913237,0.795552098051702,0.796814919153283,0.816376654447441,0.845970977700443,0.793734304251302,0.860593983748175,0.821150982324462,1,0.969695199155911,0.799755916871961,0.967808177053312,0.779097288697488,0.830041816718957,0.827453990010674,0.803019315261081,0.81987304810547,0.827718084937801,0.817341590313341,0.727857495616377,0.732478430860432,0.740597593095523,0.741663997914726,0.74963634296733,0.841459215181955,0.802269347318848,0.859264961856641,0.84802946276217,0.792383309604164,0.962081431788313,0.783477259144573,0.764496186737566,0.774054588082991,0.772645806299685,0.814040604584093,0.76710528577492,0.866238451802883,0.798160782038938,0.8174481493721,0.836115370136999,0.799988453991153,0.729462575726022,0.725952601994232,0.742690120594108,0.703075073716947,0.729289691091917,0.964549193178953,0.85090254125779,0.823295939458931,0.804926579602295,0.789798991777253,0.716498488235708,0.970129502545444,0.804780881169505,0.806100919102148,0.816319085279215,0.815655447549492,0.812670962253702,0.812844763424224,0.830631233674111,0.868934935402307,0.79287247168458,0.807579133111339,0.774821097122516,0.805228863583001,0.86300587694444,0.7865835170983,0.827105204137373,0.848666979078249,0.79123081392367,0.830878259391252,0.842825349405483,0.802830257972652,0.838208875741648,0.705606052352518,0.800780326195336,0.777794587473651,0.860207259201537,0.828760979989346,0.827305914823272,0.824262305992568,0.799825928571738,0.781170241105007,0.80291105649223,0.807732586235086,0.851937976317989,0.774375859520741,0.78905866120132,0.854866435840503,0.813437603152639,0.867747277539015,0.764839103806444,0.853109745051587,0.855016758797549,0.778163895162926,0.783758914625819,0.789554032134179,0.852718586869525,0.865906782504502,0.873049176350391,0.747088175445867,0.874306113488983,0.802604549237332,0.766837871421366,0.756876864168252,0.785522487059965,0.832639222234562,0.815236544473362,0.785612592047109,0.821392717385901,0.792347856947523,0.818676901513181,0.760913100417154,0.779906987103847,0.78610250820347,0.809886969841291,0.849349731729392
"14",0.842254091032479,0.814186895386268,0.837932138560041,0.861252811891373,0.797705536591441,0.806151198765419,0.806539259107634,0.836400658341507,0.85100000049836,0.794950363796441,0.857273386747315,0.82628199681618,0.969695199155911,1,0.806990261897657,0.975228422692726,0.781383088563475,0.825816062289955,0.82739604172714,0.801738011257724,0.838885807809893,0.82793499364283,0.815448608032832,0.725979618769938,0.743222974989782,0.745705600522854,0.750807436482832,0.748761151496844,0.833726047348839,0.793753578404295,0.859089319209246,0.861872648981833,0.808252383250638,0.978988946401385,0.78959777319476,0.772019669915148,0.790130113089401,0.780139531863721,0.838547060822699,0.794049487949115,0.864679636344658,0.81342230204917,0.828329004736913,0.832686560605641,0.798701901433079,0.748833428486963,0.737194282438261,0.753956933986771,0.733919584355407,0.74422943668102,0.973850820566949,0.863578675380016,0.837979900134058,0.816091836589523,0.791955205529433,0.74403850010129,0.982850919139039,0.803251183109357,0.801990658341168,0.818607823816893,0.813141535168433,0.809859175675863,0.827667990868112,0.832629498985304,0.870430409349742,0.796795554901123,0.816813332881919,0.787053276236261,0.798901332207602,0.854915226937381,0.802723616325099,0.822020442673314,0.846221660217898,0.799438646730137,0.849723910130451,0.861951270721782,0.806753607995847,0.837050452620054,0.720241908832822,0.783890875848311,0.812532141229942,0.853503081731317,0.833005472874309,0.820346260495966,0.829471064948978,0.811605433953882,0.814135271496183,0.817449820223073,0.827821495329895,0.866013248023411,0.807353352723176,0.796677630502974,0.871623463108896,0.788912067852935,0.876998339476898,0.811668158556812,0.881416796535028,0.867066453267103,0.773605066709711,0.795665065658998,0.783167234934055,0.863500402892057,0.865795197881748,0.885378524369777,0.801342668523047,0.893397814418323,0.816376249954201,0.781075397516551,0.802072251423497,0.823251858141468,0.832637051768096,0.839381279900577,0.803039447043171,0.828674963849702,0.800614154621599,0.829884410399249,0.829574355195023,0.813648646748452,0.810634731908368,0.814600991556068,0.848920645311068
"15",0.777675611866987,0.824136854231332,0.785267034591927,0.814824355607114,0.813868108689993,0.816361801678374,0.87001667032966,0.846495498038914,0.780027101774996,0.841324708658861,0.815148297219544,0.796579946602358,0.799755916871961,0.806990261897657,1,0.814431359859223,0.864043892784315,0.787490546658343,0.793696178424991,0.815341229542695,0.805278445090612,0.84025341365374,0.788273431033766,0.754517076854605,0.768198672313033,0.772503986573484,0.766156638744797,0.747255095594094,0.823576952963298,0.890312241434382,0.817766656248609,0.811295140904305,0.882888945989042,0.800274143788615,0.803665308063347,0.776970728009975,0.854205128305545,0.779616913327883,0.788322469234067,0.789523835914195,0.792421253120335,0.886935585501995,0.792589546290436,0.797502203827142,0.806686329314461,0.773885795125779,0.743673655153367,0.758211543567206,0.750096804371585,0.768137192482105,0.795671628026303,0.851990475607388,0.859041567774889,0.807169674004661,0.769035466146951,0.75857406697002,0.802543302517111,0.893884467462328,0.874672833246443,0.825895751726536,0.762060998565332,0.817216474915241,0.833146894653805,0.826004515225225,0.802183333550252,0.874850524983992,0.801210981788238,0.789520169806538,0.786988758269536,0.811477122003032,0.861557366693765,0.803178006704787,0.807243111789544,0.866210604186042,0.78743789640197,0.802175866037591,0.80859484313126,0.810787875257651,0.722609122832969,0.790699799220027,0.831976082205598,0.82719862596916,0.796294273288158,0.809398434802336,0.840564684192613,0.758812992000792,0.77033261992027,0.777772195013842,0.792101488657696,0.805934067998424,0.809604178435693,0.786934740569759,0.834188459026094,0.795719730860203,0.821218214992883,0.787893576338131,0.853199123552222,0.822076093485314,0.770672354762098,0.716527529392373,0.743424935785767,0.803101374513781,0.864204082635419,0.834415724002306,0.776664695981808,0.844957326178186,0.766420902431421,0.778141364719314,0.800120323944212,0.773935592475034,0.806608330127108,0.818377410804971,0.814593984791564,0.811965837679113,0.827452663354338,0.790579433052457,0.829612943249252,0.77117746213123,0.822706374143791,0.826812732122344,0.830108486047643
"16",0.824365930634168,0.796004538878822,0.834017279964619,0.859129435102842,0.798511753430533,0.796146435321822,0.800071471758684,0.822513738836652,0.842372928131291,0.797223881168145,0.850421545552844,0.818682392852406,0.967808177053312,0.975228422692726,0.814431359859223,1,0.783682183106107,0.822623492537728,0.828224517101238,0.800999356763376,0.832035938186565,0.824865419058199,0.829300217904795,0.733251655377085,0.744308403763922,0.748457068200011,0.73227765957759,0.737398809261309,0.846498907164767,0.795751404462261,0.855732628455586,0.852443330997459,0.791598381582544,0.978507742112636,0.790405951094536,0.761960232795753,0.784534929532311,0.766877920897384,0.819743566999047,0.7906261419701,0.8558529408127,0.80821857573463,0.824490033795456,0.836226686162199,0.814902187012854,0.742460068583877,0.729881239414313,0.736062289145666,0.734228765764035,0.734129716965563,0.969536683922113,0.835819203963665,0.814726455795067,0.803077944098019,0.779384160722518,0.708416947660973,0.977923195529359,0.801796205574581,0.788526861032712,0.801640212191749,0.814002476008269,0.804516157729688,0.810325584293666,0.831417524124811,0.854590994914168,0.801859335033749,0.822127324255646,0.782887204058884,0.791377518005045,0.851599865675436,0.792563024669338,0.815313752504742,0.851053154315863,0.791238986200268,0.842197973331248,0.855444874825386,0.799292359069359,0.842603444881909,0.722197252481675,0.802700249075723,0.796766737940667,0.835963238518953,0.81830491298871,0.818914633602546,0.828474376656277,0.774247143534198,0.774573701498141,0.797870286611252,0.806731908600607,0.84469351324611,0.801714360807157,0.792649692267165,0.850541589873161,0.796765595530805,0.850710772086057,0.808111284087233,0.845310395465662,0.832552343448298,0.755540732948002,0.79489421777544,0.756252387261511,0.839437302330165,0.853368889399516,0.856004645584962,0.745606209740824,0.866385059867498,0.777760580675776,0.778755966234975,0.805486291574843,0.785031903025745,0.825329782069268,0.806267904204693,0.807420943308743,0.82230109276122,0.799963358801591,0.798507722945749,0.81464437087374,0.781892937692133,0.818105045469637,0.795205371436196,0.850824533966258
"17",0.797044916435738,0.789059584710458,0.806032876999389,0.794422273656589,0.780482914350718,0.772831837259118,0.783056141682526,0.893357072321951,0.778966831505913,0.799700180764216,0.811064145444347,0.819720321594576,0.779097288697488,0.781383088563475,0.864043892784315,0.783682183106107,1,0.816373676834271,0.840552308222191,0.771583011076377,0.762746972890237,0.795396269954391,0.770512925579036,0.747830662571746,0.756140478622876,0.761175937337943,0.741927160511479,0.750298073704697,0.823316438300697,0.860732833367419,0.79519899341083,0.797674726982492,0.753806258734253,0.785316781648306,0.772315163433766,0.795010860304609,0.791631153526229,0.75690076808819,0.759838477986785,0.820951584405049,0.824588169008388,0.77087980372103,0.815035109434251,0.844662506832824,0.819369834653576,0.753816281901798,0.7561344618782,0.752480821390899,0.747560453719056,0.753508535447818,0.798370134770231,0.793535774742309,0.773918319970503,0.780792668852067,0.77279835351839,0.74862003300424,0.781592992833951,0.956918387449043,0.945084053241699,0.779245441234816,0.786321542460551,0.817147095149408,0.892526476409068,0.840214955150068,0.80439920419484,0.785869205873826,0.824971450546482,0.791160751186614,0.801363958027365,0.810791283937551,0.951497870911467,0.791941049119419,0.821624291089816,0.97661030399088,0.814696338859392,0.800557127827338,0.773866230772498,0.845408761130101,0.697584832130439,0.79278697472509,0.783087645087494,0.781627573386597,0.815777177926088,0.814449016969854,0.853882848086768,0.77350726244592,0.784305849614906,0.784693549490671,0.798468091893509,0.768847710122587,0.794896290672661,0.794229546513039,0.768621555672467,0.784174514803048,0.791694669290605,0.776733979586857,0.846854162912029,0.836530029121059,0.732073491726398,0.721033418007618,0.758510216641935,0.7727882290491,0.784616979984476,0.762309713152568,0.793997954278544,0.777895400936578,0.80821031795523,0.759780850361048,0.796692657356426,0.776401112767096,0.794786349488172,0.718696280322297,0.752072652989442,0.807046041608051,0.765113754666618,0.773391841923618,0.771450112347487,0.730346730426101,0.764205441753755,0.775309967234313,0.844815582146035
"18",0.823288639491281,0.821570807003112,0.821777987003894,0.846189606853003,0.80771023826036,0.811618704409328,0.801235645154582,0.825725516618315,0.82128655283796,0.831014585940265,0.842199033595558,0.829240492882649,0.830041816718957,0.825816062289955,0.787490546658343,0.822623492537728,0.816373676834271,1,0.823772470138755,0.825426567040798,0.823233957410638,0.850121204946627,0.844366068996702,0.756998039355229,0.763064658484502,0.750948842199459,0.73974377711068,0.748667613223735,0.857253872943739,0.837538384708546,0.826633893377774,0.829883441820933,0.80074125059955,0.82159332902939,0.833361812183056,0.805972537505066,0.811996027860838,0.76931493901327,0.787732465350744,0.798833524219398,0.86512992272029,0.802922883210426,0.821879659833042,0.853986376258916,0.858829485623615,0.766052960395066,0.755512659549925,0.761103024879145,0.752570447530671,0.753320740915133,0.824995794023791,0.818185720696487,0.800257412426894,0.820866914241547,0.788137732851911,0.671339926455663,0.83033942336891,0.801326548946977,0.810656053570266,0.822021048093623,0.830651049518747,0.823806332184891,0.82806580055452,0.825961434044124,0.823061746157439,0.796354454652073,0.836883788493684,0.81759079501181,0.805597251143502,0.827255046833664,0.825058736982227,0.829214869518271,0.82139318484698,0.81308555813395,0.815654981192772,0.836782101985801,0.820209325157788,0.855515986629678,0.745091553001122,0.780615157723305,0.755339317935472,0.767361787183729,0.787824260111571,0.839208919161903,0.784343728544255,0.805348434088466,0.814076221442336,0.8009155235468,0.765311898529763,0.799045462093563,0.807339566487221,0.79279712919272,0.82659211520394,0.779627868816782,0.739298045197925,0.803507086608013,0.761985487092918,0.781769386372168,0.779871800469602,0.780341547434628,0.790201415550895,0.736343202475939,0.761059520030031,0.777587270123994,0.814899305076351,0.76942304567781,0.786429937032304,0.764441009802316,0.779372706722722,0.770630387599584,0.807597732333586,0.768814838572328,0.71741814482545,0.775091841553478,0.76327287404551,0.808354263620215,0.76296069005744,0.764468423829301,0.77044633040986,0.796620874058469,0.825775803147234
"19",0.795951027244789,0.786006601592212,0.807147241376551,0.809899465511543,0.791598804676991,0.781185002359751,0.788778328317431,0.838429220072766,0.803184333924051,0.797720726243242,0.836451182464846,0.819268628304505,0.827453990010674,0.82739604172714,0.793696178424991,0.828224517101238,0.840552308222191,0.823772470138755,1,0.783285148737156,0.791605404603222,0.810087519206785,0.784039262782109,0.741023361970742,0.742362947727976,0.74525811809318,0.743317425140717,0.742559946366265,0.81646968166385,0.821732637676601,0.817760600878833,0.820964676901265,0.78280590873179,0.828620650446459,0.78954129488226,0.803816532305486,0.829526481314836,0.761360157946342,0.778767329223497,0.825105358852498,0.819843312036541,0.793290992031364,0.855590120859017,0.866841194287571,0.80671951534001,0.761342182917118,0.741964815475617,0.754582208921763,0.734391978102113,0.742703654364778,0.832258100612559,0.888020630985536,0.78359206610398,0.784705256710277,0.806288695876005,0.695617004283431,0.832639861459857,0.832825240269398,0.837916903910615,0.776523709395939,0.80082426319269,0.802595653226952,0.811366886661375,0.833331346523224,0.820380498616735,0.786689285272701,0.84080669984998,0.799283122361338,0.821044412107646,0.821800754459112,0.833371589715395,0.793270963196333,0.825999843720374,0.828908954679358,0.806170244092788,0.825552788936397,0.801595277195025,0.875005286343722,0.691885827896995,0.780144828884514,0.787091486815591,0.812725054817069,0.776363508214066,0.804441556771205,0.819378738266582,0.797999221600234,0.780162153590298,0.754838891999924,0.805667921928981,0.789196779188252,0.796924559727778,0.779925134372772,0.820009919911551,0.776333265537611,0.781367817656376,0.802772141883307,0.809922161696083,0.814458111031869,0.792539209257916,0.774939688667325,0.801670421415459,0.766445971750646,0.812614570098203,0.782629741649883,0.775650684484774,0.792426943076684,0.77846604870025,0.780089763766111,0.780221544649466,0.730887655155217,0.795162683561814,0.78354679668444,0.777933281915948,0.819837799769532,0.77321553694811,0.790864794637852,0.794095227975564,0.776448097690409,0.780109901173169,0.785643189632349,0.80290447925554
"20",0.816197764471382,0.84291011544553,0.788592791299932,0.822084058152065,0.837807364636365,0.831651109966313,0.844989485552629,0.78338722491479,0.759392595499493,0.862269074007766,0.805681189400983,0.775826266133647,0.803019315261081,0.801738011257724,0.815341229542695,0.800999356763376,0.771583011076377,0.825426567040798,0.783285148737156,1,0.926744869721458,0.850219347741265,0.924881788070312,0.726817091988529,0.756229019282503,0.745551963342537,0.730956071705929,0.728741915202855,0.802663338784524,0.839402554326652,0.791817841777484,0.80008805333532,0.885398557161838,0.808463266662258,0.806902145935914,0.789523527383716,0.872644654756948,0.771978196893619,0.782857464990088,0.752101991300964,0.812374990630705,0.862541800667719,0.772967438002082,0.822242469691297,0.83602076464203,0.757406735057755,0.753248059789317,0.757043089832549,0.728993001721176,0.744951883875652,0.81668193050727,0.830371392163144,0.878576810481954,0.806449469020628,0.744493593905125,0.708371588716124,0.814557626875157,0.757222833081756,0.762715057337046,0.832540785421071,0.767000210280277,0.794748319871358,0.799127615292265,0.763665155987532,0.793896602626597,0.859876593576348,0.797039575117663,0.784546343867475,0.756207849353906,0.791839712026709,0.779283500817696,0.935185541969601,0.787228465338713,0.76061906338827,0.769586865424988,0.809845467106613,0.828980054550497,0.813220630346848,0.767169383411492,0.81014735340013,0.760717353443588,0.771198082707454,0.73011275245186,0.803371786799048,0.78173551763033,0.778093766621701,0.796781770813246,0.787374854786433,0.805337558938214,0.753651532678254,0.815592419067409,0.81925717310402,0.789846858738468,0.772501172014558,0.767506555876298,0.765918465647017,0.799976871276871,0.76581380243907,0.80880242463116,0.747151133534408,0.782713424547081,0.795238278827029,0.75789612690792,0.752983141580162,0.799470882231249,0.747478963588323,0.781336550841524,0.772742565730734,0.769995765082119,0.772225613306701,0.785890664139534,0.780832352102833,0.795195138567155,0.795379545618045,0.767039608075608,0.82622657774276,0.78526601052687,0.797098458207795,0.777490076335306,0.811160829229518,0.834058602292067
"21",0.822979917472184,0.83339602406485,0.793158873555266,0.815238071299091,0.831778627081279,0.840003579241011,0.825434764066056,0.802720530451725,0.790369305022537,0.84161249473447,0.80594235375153,0.775648412585292,0.81987304810547,0.838885807809893,0.805278445090612,0.832035938186565,0.762746972890237,0.823233957410638,0.791605404603222,0.926744869721458,1,0.840159766299135,0.958072606413742,0.72863390624124,0.743021412120882,0.743845650526772,0.735506716281442,0.738091372916987,0.810836129515818,0.807942342711857,0.791510952559616,0.79943600530141,0.877611915168957,0.827171058124077,0.821533516821124,0.79233306651452,0.837941642299736,0.770518253717592,0.805557627326766,0.769628015573853,0.81887494111649,0.832954388162487,0.778380087527126,0.81340989469599,0.834525286708425,0.747447657044244,0.743908925922002,0.74801461100661,0.727715068097725,0.744998768022654,0.832135287873487,0.828974786629531,0.866734234782289,0.816674961577147,0.756188722039064,0.738356081502795,0.830126100446837,0.765269332806943,0.769625911543261,0.828520417968082,0.779255170302386,0.793472979569322,0.82775569317955,0.790649151482192,0.791149694132006,0.83243921146896,0.802299749140732,0.787603268486418,0.756981652776059,0.795354270808169,0.782169458049974,0.960642672187295,0.789781491463271,0.76913887269735,0.783655648285344,0.819016247835319,0.828885587779104,0.812998463126231,0.765269566093871,0.770214635030449,0.828320150669199,0.801270612998844,0.788692685835202,0.760072712505299,0.793042628471395,0.783984353824482,0.790681854910709,0.793918619879296,0.817941772785649,0.777582489234935,0.818738116110487,0.820213128976992,0.8115195862606,0.785411604390259,0.765822205097904,0.768388794793158,0.798031571060949,0.79660717615771,0.781844900956444,0.791223990060819,0.795045047611372,0.784966296217813,0.760773619203793,0.788265587562251,0.804687806849408,0.815136769270845,0.783793630005547,0.812324325945879,0.784848535977725,0.786838849106735,0.779593268343625,0.809059537433434,0.807573607954606,0.821207646035307,0.798763110243694,0.802575771370229,0.81068599851677,0.797783175035404,0.786996350854055,0.792228834242609,0.816477486251962
"22",0.813381817776864,0.835373550539635,0.793470644120416,0.839534331652031,0.823314197517253,0.813342962526859,0.880003381521037,0.812803462323787,0.811261212438391,0.87794654405396,0.834497835853432,0.805853639561413,0.827718084937801,0.82793499364283,0.84025341365374,0.824865419058199,0.795396269954391,0.850121204946626,0.810087519206785,0.850219347741266,0.840159766299135,1,0.842606581128745,0.752979739815044,0.767790845425734,0.761657675845067,0.760357905268323,0.751220375786948,0.853046711373443,0.872039529926885,0.832980285547667,0.82314643302724,0.858759870399051,0.820145011406555,0.815019908166665,0.814580457671895,0.84573987246568,0.782489080581005,0.811981118047761,0.781003883140005,0.857436667341886,0.880039286363477,0.782275121502799,0.843395452255041,0.836916122278459,0.749554940839855,0.742019211756527,0.764864425660413,0.751587477551773,0.751274430088823,0.832809806959886,0.851336791990066,0.910802055684394,0.817415136156876,0.768681092922711,0.709416558060176,0.835738396815308,0.788060748214304,0.79379672547581,0.83943649734229,0.787166875421223,0.823702453077725,0.80915540982723,0.80894964980184,0.841118562730916,0.869712702339255,0.824656591295517,0.790875997582886,0.784815763757796,0.826898496793556,0.796870837763964,0.834535350275101,0.843349440428577,0.803240003638597,0.804012780655426,0.840645642823842,0.847074724174305,0.828891151906064,0.750358885612413,0.794246711196177,0.760641501544093,0.782348730241248,0.816972597381486,0.844718455026887,0.785235115708978,0.81001617303856,0.802652992465759,0.7660510450783,0.785597382656482,0.840760146393251,0.823779163077055,0.780424176427997,0.820957382113997,0.815922753819979,0.836003486382242,0.786570292707144,0.788713095718811,0.805029388008456,0.779263804817537,0.798822502103013,0.814675568740319,0.767886193487291,0.791161246064402,0.782947817742085,0.813710404027078,0.806055514909582,0.8136567207532,0.796534860370291,0.814295018074505,0.81193881055921,0.773745411696953,0.768276410497504,0.799672350920215,0.826037013944854,0.776493862138189,0.805432129383046,0.784421637837697,0.783993670911046,0.765538744364081,0.809425896789594,0.826034745913977
"23",0.806738956469253,0.822553109642237,0.782247755308613,0.811658020609363,0.826044292437767,0.826592916587731,0.822738351149932,0.788054264597724,0.774508001124678,0.843866905764067,0.811963824898676,0.775170866891781,0.81734159031334,0.815448608032832,0.788273431033766,0.829300217904795,0.770512925579036,0.844366068996702,0.784039262782109,0.924881788070312,0.958072606413742,0.842606581128744,1,0.74490400838428,0.738864878161325,0.74134354701757,0.74471394756467,0.724025676545047,0.805455372530347,0.819738015360266,0.78477048524485,0.784725479237042,0.863558913104259,0.824729232284959,0.817437079245504,0.800533540824026,0.833740644184804,0.750668873461041,0.792330577453674,0.765660955662312,0.818720607972126,0.820819794403477,0.77417155810689,0.83203936210039,0.844659929500622,0.749146413915466,0.734978942838597,0.744303699135368,0.737134842541462,0.726404882608422,0.822264219941087,0.820474317366185,0.866539216189974,0.816202277976387,0.749174492275367,0.718185133957682,0.82681377326595,0.766468510952149,0.75330291743136,0.830709480742465,0.775835460580176,0.802473745416932,0.811896535461456,0.783564696026338,0.789444087258202,0.847028256058247,0.806932715723125,0.790502787104197,0.761122581845482,0.791209552556385,0.773959543999333,0.950361665447095,0.78836298020052,0.769660476257758,0.774404016441043,0.817505420559281,0.811277852076533,0.829488117761809,0.768336799750228,0.792451114709252,0.78934190924672,0.796619051595683,0.792503765010264,0.817595119100388,0.780769787493268,0.778780394167629,0.788038652535434,0.768059630131114,0.798427332537325,0.742425916738413,0.806588537549639,0.823042993633721,0.794599633243318,0.787309505803271,0.744879656993743,0.775887647563625,0.771890684892868,0.778112763710372,0.765607935155265,0.778861619791994,0.757870012059728,0.765349268344195,0.73812890325055,0.772803505527022,0.778287424504876,0.756441912500439,0.752954548723723,0.796384283080877,0.809338654630549,0.796373378615466,0.758189528766576,0.791702073291448,0.782878914625977,0.783653051162732,0.777795081225915,0.794347669976729,0.743177848951327,0.744800625469905,0.772026982950701,0.764287222113716,0.793773739681983
"24",0.752705594566225,0.761607478753138,0.739261112727451,0.746652974512163,0.755873633167986,0.753117635451898,0.765988391692412,0.760991395306278,0.715411040711959,0.763879491105165,0.761574276145298,0.753262989322947,0.727857495616377,0.725979618769938,0.754517076854605,0.733251655377084,0.747830662571745,0.756998039355229,0.741023361970742,0.726817091988529,0.72863390624124,0.752979739815044,0.744904008384279,1,0.92041530630348,0.927496099544586,0.90368602452727,0.891322756530583,0.784722851623353,0.744377652645975,0.748595178602345,0.746345773219084,0.744422340619157,0.741846855568233,0.728543887571289,0.726855006718347,0.758081861320826,0.776270638136698,0.71827544866019,0.7282502889458,0.757098127592285,0.747893551606248,0.745107771888436,0.761707824343338,0.749503533401309,0.92748692725302,0.923732577531543,0.930513760826681,0.797531355543506,0.927824293613862,0.744485390534259,0.738007787071221,0.753776622494177,0.749794702312183,0.721644836127289,0.647409630797105,0.738739930198194,0.742179567413868,0.747955129999266,0.755214596427071,0.713151322070083,0.754867035625255,0.743765765277207,0.756643832804865,0.744883519587817,0.743643232693144,0.761912561533792,0.734310639924496,0.736793582746238,0.762022626341072,0.756287994545265,0.734480264251316,0.754794157436796,0.750615856102524,0.737078904974346,0.762607174003478,0.738610980319242,0.762946097870183,0.651253463594237,0.792309111851849,0.797717735027973,0.782896107375335,0.739312475792918,0.816592504971834,0.741435671077488,0.730499869712578,0.789592062241177,0.767594409949768,0.78072057700588,0.734797833250022,0.795914409642467,0.820056118797162,0.750699452953444,0.779747353634231,0.781933105400547,0.757443953145047,0.706373338981968,0.752876222590485,0.795075444253509,0.779686081919314,0.780181989701581,0.681993396819634,0.735191909192525,0.740734431467482,0.744626172880437,0.75831644352875,0.786995427204016,0.790999574524286,0.79934396245042,0.747137643810928,0.791031440493088,0.76607733053534,0.807299839017965,0.805270467035485,0.784605701645653,0.746054254575606,0.754484195596295,0.745296134615318,0.744694814079102,0.748133091187801,0.772695188001038
"25",0.735188497374607,0.76246379625638,0.742653136458988,0.751804142744672,0.75154558689311,0.748446714350192,0.765630105608279,0.76179249243047,0.720940316236294,0.771958705853584,0.75418748442695,0.747417807787146,0.732478430860432,0.743222974989782,0.768198672313033,0.744308403763922,0.756140478622877,0.763064658484502,0.742362947727976,0.756229019282503,0.743021412120881,0.767790845425734,0.738864878161325,0.92041530630348,1,0.973804022493614,0.917909356150877,0.928169351066549,0.783581780075498,0.745547978255593,0.761991955655521,0.762263944071319,0.753898762395708,0.736540259821717,0.750530298086891,0.722494681234929,0.799561822181372,0.784954385591752,0.715868965342498,0.74293367824689,0.771765013911991,0.750860414986984,0.750174021627573,0.763976335158977,0.775191386088659,0.966195383948995,0.905666777521867,0.95995281105843,0.803029249891454,0.900433837117879,0.746334538189242,0.764553553779517,0.751151364172187,0.746646565295334,0.730479141862239,0.63533793400495,0.750192804584355,0.754652099349891,0.750417258246559,0.769342527049079,0.705433328622744,0.757447722264358,0.756412566070557,0.767547452219156,0.758894949836009,0.762347671564267,0.754992904002003,0.735215613930752,0.735242025681962,0.752285099990798,0.756758829923925,0.745175286189038,0.753918939419536,0.753709986430606,0.748297621626336,0.773436571923205,0.744873485540981,0.757919061753253,0.657539141379478,0.779587973767163,0.79207179221556,0.729014359826081,0.743183965001624,0.777554053373136,0.769661671056628,0.748894136555469,0.770343701479307,0.781841549833713,0.768593828790216,0.761696730907029,0.77131321849997,0.800282753709629,0.773998267417707,0.774784875212231,0.765915383709835,0.756476034376719,0.766163953907557,0.737907730387051,0.764499322120249,0.737343884910016,0.813101750652291,0.728224421570384,0.728849846452917,0.751448927043649,0.798701868820927,0.750898762251878,0.749098308784544,0.794898701487843,0.792007849998433,0.780876681290105,0.76926548321984,0.777891699240713,0.773158702972765,0.797110307396628,0.761865938131181,0.751104467062327,0.765202121943149,0.755240263763581,0.760891157300321,0.759614913901746,0.792967057143325
"26",0.742299716874501,0.772060221004573,0.746289368147365,0.764033222073403,0.769348401377203,0.759784403265706,0.776458910130888,0.765327564617889,0.726563076941126,0.788542982654991,0.759498814923187,0.763386692867406,0.740597593095523,0.745705600522854,0.772503986573484,0.748457068200012,0.761175937337943,0.750948842199459,0.74525811809318,0.745551963342536,0.743845650526772,0.761657675845067,0.74134354701757,0.927496099544587,0.973804022493614,1,0.942503825194899,0.928857769066353,0.77947964973716,0.744025944520399,0.75633857797327,0.750628326919461,0.751415534854028,0.746591291567738,0.743962188485456,0.727943495701039,0.777138470835157,0.796315517495718,0.722637970493431,0.750621287333012,0.783030884132855,0.755086877373849,0.748524627922319,0.764471931660967,0.764309545157245,0.965376665498771,0.90386905141076,0.94671780327839,0.793548963525048,0.902427043169262,0.758363735791578,0.77136302363809,0.753126960101661,0.755033329892817,0.731719231489311,0.65569877817133,0.745988288458929,0.757180901653987,0.752541273557457,0.767427194371226,0.725954690127472,0.771287393789835,0.772171072468954,0.77817480353796,0.767131613926061,0.762667948325598,0.766852295532104,0.732605645800698,0.738011480447004,0.761871872451342,0.763505541035423,0.749163937239054,0.762732528052126,0.753852673380315,0.747216634325946,0.758699713325784,0.76378031409623,0.759683291860511,0.660105755767094,0.800760671165662,0.806784029580477,0.763442771823385,0.769789496569405,0.78249301001813,0.810165299011772,0.751970722938938,0.7779629586862,0.794989709158738,0.793739992243798,0.775266728823949,0.775856380952469,0.791621386788772,0.785709455201999,0.798416056849391,0.759517259251847,0.777177693097779,0.778240129371767,0.774582470314867,0.767765236521117,0.770995948230486,0.775759287232762,0.737795426742895,0.75760057755077,0.756661697595601,0.776902230762421,0.758427482527186,0.760156598141848,0.811106721736751,0.798371947904852,0.772530134363558,0.789779837226829,0.780957668502313,0.797187901949827,0.808016400551313,0.764864050041193,0.754111886110208,0.753153960765877,0.768657425320141,0.750846828060154,0.776213131997803,0.791634975358307
"27",0.746243218553206,0.76868080834755,0.737731118400779,0.756870309730438,0.764829051296602,0.762427620166729,0.747760931955636,0.759371596348154,0.721114199546702,0.771712295856066,0.764300151767001,0.747508076596522,0.741663997914726,0.750807436482832,0.766156638744797,0.73227765957759,0.741927160511479,0.73974377711068,0.743317425140717,0.730956071705929,0.735506716281442,0.760357905268323,0.74471394756467,0.90368602452727,0.917909356150877,0.942503825194899,1,0.944708350424818,0.769562289580688,0.752698176831099,0.747626136931119,0.745385910069503,0.745168474992991,0.740183525115458,0.740814454700946,0.733231208861974,0.778635053045534,0.792061871807642,0.713449956781455,0.738679510994975,0.768971084176337,0.740419987755625,0.742228279738734,0.774351604380507,0.754326689297572,0.927475950896903,0.888258990748146,0.922227891306226,0.788739584085015,0.895831564889745,0.751966795929526,0.751352667138024,0.751837075067686,0.743604101694058,0.739636227820945,0.645407948670185,0.748014181260109,0.764261671586095,0.755349969283325,0.758003673385318,0.725894293298027,0.765522543385224,0.764732569837205,0.759686083352433,0.76585474906471,0.748337376523782,0.759452859398447,0.72117852899708,0.739934553079336,0.752960922074107,0.75254618758485,0.730793068571865,0.754095009320709,0.752356004766514,0.735605917275462,0.763769647031003,0.752906355511194,0.754004119400208,0.648742441717821,0.789048441598421,0.798358219664033,0.781431428725657,0.75789650799581,0.784191767220379,0.7596199725452,0.76607296411999,0.788912397217368,0.786250071926065,0.782384797861057,0.774594265191505,0.781497191357287,0.781675798035128,0.786540122829501,0.776123530827381,0.755517814102257,0.765310726958757,0.781003981729997,0.763263192146625,0.771981120015702,0.761398265423157,0.756578669077984,0.746092494318304,0.74527004637517,0.731083134916513,0.786691072391177,0.766503755177232,0.74920241098865,0.81776623777183,0.783271529263641,0.781022406634685,0.757091901811114,0.811550215537248,0.781307290912641,0.81673427645015,0.761472551408085,0.784961610578368,0.726848807880864,0.73823649758829,0.699239261938567,0.773968510350604,0.739462856268918
"28",0.743695402904656,0.768439495441601,0.745359593545987,0.759978945507001,0.764425313021117,0.764956955421383,0.757773646729197,0.759190301122602,0.734232446582832,0.764460388786057,0.741603580996242,0.74344845449414,0.74963634296733,0.748761151496844,0.747255095594094,0.737398809261309,0.750298073704697,0.748667613223735,0.742559946366265,0.728741915202855,0.738091372916987,0.751220375786948,0.724025676545047,0.891322756530583,0.928169351066549,0.928857769066353,0.944708350424818,1,0.78371922686459,0.746497330127945,0.745130570589936,0.751939803261726,0.758475029879912,0.731484094500717,0.74467812890547,0.732142607515372,0.77770606494668,0.798101209894488,0.708322410026798,0.734479143880925,0.767598426979962,0.753170768489325,0.747900459232704,0.75341962283639,0.733793755533213,0.921758840186539,0.904289419776572,0.932707000579995,0.786597739445843,0.904957768375408,0.755003339241107,0.748056796110882,0.750109588615993,0.742212217140711,0.737702906807106,0.6651447553692,0.740798979374102,0.766658040756403,0.754803753733033,0.762067617249174,0.719149759314321,0.736584665707529,0.755409301023665,0.767563916083233,0.766698885277498,0.749002693770982,0.744300578232394,0.715580846378042,0.729622607122995,0.764440378861229,0.755238345755957,0.73035612020189,0.757841126562419,0.750243775614682,0.744450286853221,0.755406276810631,0.752850967390611,0.73960181775493,0.640136163063472,0.787104077395627,0.788125340448284,0.773285443452774,0.80170765670738,0.740407695995816,0.786527685802121,0.788525556450755,0.781950469911829,0.797598699615404,0.772052885811179,0.806377710041137,0.788582440389687,0.812554914390192,0.795930963900819,0.779088909870953,0.773693467517526,0.752256813228352,0.781293950261649,0.749905943130388,0.763577691969323,0.776568987365552,0.82065784816518,0.765103177986902,0.761850475117717,0.72806684307222,0.787381346948811,0.777708154722791,0.737764422360162,0.812781929766986,0.770784856768048,0.753366919999894,0.801371404001272,0.772654409535015,0.756577355751581,0.814653126506642,0.75537671262918,0.795747944887457,0.750618646633267,0.751594689042897,0.767845298177126,0.776358828351006,0.807118640407689
"29",0.819812730060744,0.820604749649778,0.826907348336389,0.853892715003033,0.809747963377699,0.796318683391748,0.812884250508674,0.849581646461762,0.82201559222107,0.830065873289433,0.845074381124109,0.840767897317838,0.841459215181955,0.833726047348839,0.823576952963298,0.846498907164767,0.823316438300697,0.857253872943739,0.81646968166385,0.802663338784523,0.810836129515818,0.853046711373443,0.805455372530347,0.784722851623353,0.783581780075498,0.77947964973716,0.769562289580688,0.78371922686459,1,0.812326822871739,0.858887634048622,0.847200732522114,0.819855675674674,0.819600283687086,0.828229796244628,0.781300464604357,0.811544545463154,0.798583198436094,0.786269323210456,0.791843575990128,0.872543321307905,0.81904380617212,0.82366719495125,0.850157488497767,0.836233997460283,0.776816713273846,0.767954175236004,0.772828710368814,0.761876299846024,0.773396997545551,0.834783759927475,0.816036290813203,0.80899921630173,0.832540560695326,0.794192025960716,0.680807943950838,0.828227842651231,0.819220858580263,0.829505271754374,0.836616146497572,0.800395007057789,0.826523067012894,0.82070460196636,0.835999325874903,0.848555662048321,0.81786000997168,0.852907726716575,0.800548395361971,0.800612894976142,0.850474501003702,0.825300760898741,0.807772135165471,0.852277739965307,0.826141567820466,0.843123169916866,0.844769590878546,0.839860521298353,0.834407405903109,0.728778361344986,0.758399351235133,0.785037111760462,0.782485257053231,0.823152712633304,0.823168054054977,0.82239365344093,0.763949145259929,0.759702305773791,0.784888049361456,0.791165115001221,0.806964996939898,0.792660884457989,0.821806949293007,0.834123771205692,0.801318168998629,0.841455111518496,0.775520565077915,0.807289862668707,0.803615380042672,0.746364095997871,0.787749314535216,0.77639349251369,0.755652109102578,0.795344413719859,0.78905401237143,0.780717342927024,0.83321610130052,0.797333602866705,0.775282277126863,0.789876195557038,0.711534324008744,0.808697235363238,0.781749804655888,0.793514116050937,0.816883684453951,0.780194263617908,0.814718460524613,0.785732261314005,0.771146483034889,0.774687754079712,0.789034720317592,0.821222395158325
"30",0.790195313490328,0.817462550774699,0.789205762156805,0.812509109131634,0.801013312274912,0.803941858538896,0.843617919030497,0.836586966503596,0.784998747780621,0.865749387969922,0.80186358748193,0.802456486992026,0.802269347318848,0.793753578404295,0.890312241434382,0.795751404462261,0.860732833367419,0.837538384708546,0.821732637676601,0.839402554326652,0.807942342711857,0.872039529926885,0.819738015360266,0.744377652645975,0.745547978255593,0.744025944520399,0.752698176831099,0.746497330127945,0.812326822871739,1,0.799125529592893,0.808544637118319,0.846420811764786,0.792863943577486,0.80078614710187,0.793466045323396,0.835104650902144,0.763910670843795,0.805453326262421,0.779387295685295,0.804797815594097,0.874548191836737,0.809417632622486,0.842360797725774,0.805076301746455,0.754393789223945,0.755016727947191,0.747906770427842,0.738140573735421,0.736936816967625,0.789002895365262,0.845810647032564,0.855053995877766,0.801106620285835,0.776325365251927,0.739792910735247,0.790649647040167,0.874613427866922,0.885447544113445,0.806831011519878,0.78538210069402,0.807832748256298,0.828300499220893,0.831325532950922,0.814645607749982,0.869691602351317,0.809372482175865,0.77794567530144,0.798441812598621,0.805690564819384,0.860645836346541,0.791404966321045,0.794548814328815,0.876261460457433,0.794639972535322,0.809889243835976,0.813717424461589,0.832074320285695,0.728785715470379,0.816598526013187,0.763509903804572,0.813378585459263,0.792064215437287,0.803970153748773,0.7926601515667,0.801711652936494,0.820053650646105,0.791252143241633,0.804922252513373,0.804640130022844,0.801647061021168,0.810108855978297,0.813333855731003,0.810245885238991,0.802201157722898,0.802758088142146,0.783227052298145,0.801274515251915,0.770395956780851,0.776014493213638,0.754612404051009,0.794230512403528,0.788014083696394,0.802051705217992,0.79907429166219,0.806345103916304,0.765526771102391,0.761651334047427,0.81414932815178,0.779345220288734,0.767794474064873,0.789138584656105,0.766870123396736,0.809750309629716,0.787056481122961,0.811396551538399,0.779118677038228,0.785127586295385,0.787649810166458,0.806675750098534,0.83044278244972
"31",0.82365311654273,0.807040303844025,0.824117772409363,0.829713038005146,0.786632964789546,0.789749335566689,0.79453468423929,0.823677971849666,0.833031059405152,0.795337614062057,0.920767874025216,0.895412925741188,0.859264961856641,0.859089319209246,0.817766656248609,0.855732628455586,0.79519899341083,0.826633893377774,0.817760600878833,0.791817841777484,0.791510952559616,0.832980285547667,0.78477048524485,0.748595178602345,0.761991955655521,0.75633857797327,0.747626136931119,0.745130570589936,0.858887634048622,0.799125529592893,1,0.971142879816054,0.794355203433261,0.848177716879669,0.780493305398225,0.762381940957365,0.813070211877077,0.780908712813007,0.789562339450709,0.793312147345768,0.871779394816603,0.801974285826721,0.812519187527982,0.830171141424643,0.80444272435435,0.744731397639333,0.744065039849224,0.75797458991805,0.739499176441785,0.765297656276718,0.843741902967235,0.822357249985664,0.802808525767035,0.791970208445087,0.784079596209546,0.701925774590348,0.863941765675667,0.817621251921786,0.812729870704992,0.81902976146168,0.807018893930233,0.843834930102593,0.821647944494231,0.83696239527646,0.971123198376173,0.796273261827234,0.814663634609922,0.77892527085738,0.811594550010497,0.967883729105487,0.81313664638689,0.789870213733866,0.963461259937878,0.805981179487825,0.916233519496613,0.921393738497376,0.819047901987505,0.83563289368783,0.688683425086219,0.759557713951381,0.783409318305744,0.828143833697889,0.8295099241225,0.834068877860782,0.809453011713677,0.767772730904525,0.760336358090819,0.775978055533652,0.760180951295539,0.817253772989567,0.780617760153854,0.820296378107261,0.844066935348958,0.800482422033333,0.82769169801607,0.808037408870827,0.853454184391182,0.847576013546594,0.766610529254692,0.73332038972995,0.772294626590192,0.823634948888665,0.841567054464131,0.831283805681245,0.769365205109729,0.853915407883683,0.801516071915594,0.762808314570956,0.751504867742232,0.771934436096607,0.778428617597516,0.812101354139221,0.790789467858719,0.803665359027304,0.78519682831688,0.79228862169848,0.794890522679833,0.79767009896003,0.792197512178906,0.799980957700726,0.859506730463877
"32",0.840616759101223,0.806139544186434,0.840494583251284,0.852298414697454,0.800531187293359,0.814583774205821,0.79606893733826,0.816804153047821,0.845696587464605,0.807565079375896,0.9255106813107,0.914014771973864,0.84802946276217,0.861872648981833,0.811295140904305,0.852443330997459,0.797674726982492,0.829883441820933,0.820964676901265,0.80008805333532,0.79943600530141,0.82314643302724,0.784725479237042,0.746345773219084,0.762263944071319,0.750628326919461,0.745385910069503,0.751939803261726,0.847200732522114,0.808544637118319,0.971142879816054,1,0.798012572617758,0.857109643594732,0.795041608768231,0.775643373453222,0.809923581033689,0.783241734163212,0.80159825573172,0.799332092059107,0.847610256786636,0.815889408541902,0.800337821839529,0.836908286126537,0.805748826308364,0.763291359549854,0.766157132197207,0.770475846935025,0.755673705886003,0.768152361387095,0.849296906401073,0.820864332194915,0.80954269793612,0.801462399343015,0.79715569076506,0.719054185773531,0.856263613376596,0.821995875560164,0.818095044817965,0.8209665703855,0.808233918226735,0.8330328033894,0.807546820358125,0.837029957904629,0.977097841268589,0.794812619577849,0.816590186622359,0.782444538356201,0.797877306350179,0.965971129331217,0.812772171977632,0.783042353442099,0.968371036200937,0.805246216649004,0.924396093575817,0.937229588356204,0.806234296544404,0.830271788991921,0.708871023361187,0.792689444868984,0.809431154992796,0.819161041573892,0.822405266302681,0.831194309459793,0.821016572268585,0.815010343555831,0.795588904734297,0.812350625661135,0.797688866405194,0.821898066545622,0.793212221910216,0.821067302029918,0.836089579026719,0.819824817749109,0.843526877105287,0.811299687768145,0.852089617677821,0.832155619771112,0.780435285417805,0.756116742599309,0.78475466526019,0.848548988622239,0.822735429139963,0.836523638844761,0.820565914069298,0.860715300260672,0.791672337399634,0.764772139009224,0.774217059592044,0.779535566293376,0.803690128266417,0.815995385065265,0.795239852512759,0.804940070525201,0.840284471869763,0.818686228290344,0.830099520252103,0.820044717649284,0.832724149395169,0.823971937137818,0.848228681403028
"33",0.793954022317317,0.855076400023823,0.79214463803385,0.832882218921099,0.857191805848151,0.860206625609109,0.90461732954547,0.798560678616131,0.774989348584962,0.888242942767701,0.799342229715027,0.785958373403403,0.792383309604164,0.808252383250638,0.882888945989042,0.791598381582544,0.753806258734253,0.80074125059955,0.78280590873179,0.885398557161838,0.877611915168957,0.858759870399051,0.863558913104259,0.744422340619157,0.753898762395708,0.751415534854028,0.745168474992991,0.758475029879912,0.819855675674674,0.846420811764786,0.794355203433261,0.798012572617758,1,0.806129123947346,0.80618979530259,0.786927715902126,0.848695689171278,0.79573535783356,0.810412567605816,0.76936369699629,0.799035651045416,0.953489666937434,0.786875411899648,0.791015163236601,0.795797859055387,0.763830231649039,0.745458292308183,0.769547110428553,0.742476618996663,0.760042554822109,0.798082875327238,0.877931017446155,0.915368694964702,0.820128986972519,0.767855045976623,0.770957376466443,0.797051069678685,0.791781323390649,0.783062089258869,0.860040392338959,0.745396737935306,0.800846417513242,0.794288943936477,0.797356157185298,0.794221764479967,0.929022901735992,0.792093125940898,0.788821442585386,0.763603164347651,0.793854328469403,0.767835060886981,0.868461079177667,0.785771992572953,0.772914689414855,0.779719616362076,0.792960722335332,0.859836576826586,0.797354609811094,0.760077665971712,0.78338290230914,0.807124335523004,0.848547829235467,0.813574029432712,0.783883440171363,0.826264066474133,0.810829559704667,0.811762029915067,0.800506783082094,0.784527012092943,0.816437907490644,0.842068565202053,0.841552172968867,0.848170144120182,0.802859647799791,0.826774191725537,0.821903282855092,0.841564954250503,0.819852790822844,0.780234462437019,0.730042199645818,0.797903533870385,0.812543286630166,0.828357740712205,0.842625345938359,0.809991139214121,0.825021892316251,0.79348670972131,0.786588546135084,0.810886756600168,0.757282825068797,0.837579307646128,0.844131173427498,0.81018409965492,0.80837468129244,0.830639211500107,0.834231709533162,0.828055434032837,0.829044142342864,0.855002115175522,0.830067838934695,0.815139563779992
"34",0.842976271116147,0.812708947625537,0.855332495775085,0.869730869769257,0.802794588711404,0.80517072912384,0.795990251947943,0.821397414146746,0.847197937012821,0.804125078473447,0.860218761045794,0.829098535486797,0.962081431788313,0.978988946401385,0.800274143788615,0.978507742112637,0.785316781648306,0.82159332902939,0.828620650446459,0.808463266662258,0.827171058124077,0.820145011406555,0.824729232284959,0.741846855568233,0.736540259821717,0.746591291567738,0.740183525115458,0.731484094500717,0.819600283687086,0.792863943577486,0.848177716879669,0.857109643594732,0.806129123947346,1,0.790267329548924,0.772222958942718,0.782463438526372,0.773458666600145,0.841250839019653,0.798481077505661,0.870822762033279,0.810013275688982,0.825684139996422,0.842077296007639,0.797940251259196,0.745136819141998,0.743522801160142,0.750832142149847,0.748740365077284,0.751027218869054,0.978967782136319,0.840567325248932,0.836362695317912,0.815212829492026,0.777444117679357,0.736722096055772,0.97979813394072,0.804596102162145,0.79451737095094,0.801618674954442,0.81414109187969,0.807113941400217,0.807144377721879,0.82595393339969,0.857045467860154,0.794243541430379,0.832060981348052,0.802473058657536,0.791863546831211,0.857340389242944,0.790938323209788,0.818842009300483,0.847717870340135,0.793498346275425,0.842011673957234,0.853812184914569,0.804860388138723,0.846080364522098,0.730014110344912,0.808085235884765,0.80258312037675,0.864895596253549,0.811971804566967,0.836417910300569,0.833655688602841,0.82213990157417,0.812346174921304,0.816543372684201,0.819900098520164,0.840577151667697,0.824627578003278,0.816496336966888,0.841450241457882,0.816905339591379,0.86303896064986,0.824330302022751,0.853874066760651,0.853814839572224,0.779540018222391,0.784046370648734,0.761912479642092,0.849285466413159,0.864045986519554,0.868125536946178,0.780014627696762,0.869597629886945,0.823091633888824,0.780727781336187,0.817127100455696,0.813381875591719,0.843150915342964,0.825730396997117,0.827755053165523,0.829614573142899,0.810561082736089,0.818660450579983,0.824679577906089,0.81705952568944,0.827653122060358,0.836735236850664,0.842696005217326
"35",0.83005348387998,0.867296753843701,0.800082951324922,0.830461993579077,0.855547587315627,0.862657789729657,0.781759197519505,0.807971814925507,0.804068525201898,0.808310975868447,0.817347644022485,0.77450836134306,0.783477259144573,0.78959777319476,0.803665308063347,0.790405951094536,0.772315163433766,0.833361812183056,0.78954129488226,0.806902145935914,0.821533516821124,0.815019908166665,0.817437079245504,0.728543887571289,0.750530298086891,0.743962188485457,0.740814454700946,0.74467812890547,0.828229796244628,0.80078614710187,0.780493305398225,0.795041608768231,0.80618979530259,0.790267329548924,1,0.773444299368935,0.812917777233762,0.768292370477476,0.770646091016626,0.764664977378299,0.815413295122777,0.798239333219291,0.764003268735413,0.816040221717948,0.879881643049647,0.756433364121003,0.755531130926468,0.751536733863151,0.734644720300307,0.739263264807503,0.789934516243805,0.805482731563528,0.798337456796052,0.954963801563655,0.758592839703576,0.664507398244156,0.79246542049967,0.785179958420065,0.788634225679217,0.859062688884403,0.796204222571709,0.793165590744985,0.800672938944315,0.792742916958029,0.787891757183596,0.799691960417609,0.844515822448625,0.876331870043538,0.762934978150219,0.778860375004235,0.788641796280226,0.821595079824521,0.787868847163198,0.774228520537959,0.767557953053239,0.820833130130455,0.867702932650051,0.799410731496786,0.725385504921363,0.786507062240694,0.764271759501518,0.761024320992306,0.792640302580348,0.76714910455738,0.777304935822214,0.833589056404052,0.804526632439485,0.827666821559056,0.78780927955484,0.766210676669267,0.787988720349629,0.745578127078892,0.786403749629342,0.787469719981229,0.787276617097595,0.803026203574815,0.776363724778694,0.780957703054152,0.784570836418074,0.746954896764356,0.773956407866284,0.773159126503144,0.788459178952256,0.769092928804962,0.808467496799506,0.78357727969021,0.74394832738169,0.794299286307759,0.793697015199414,0.773845713301694,0.77085068803577,0.80410470010551,0.799053231034206,0.795221077566863,0.795233806211366,0.818060345834525,0.782166749742638,0.818405209483459,0.811867007339402,0.804485560037579,0.793961701171859
"36",0.771003196638179,0.778607063139028,0.773137028769872,0.781510776167633,0.770372544078115,0.777056757880068,0.794094230319824,0.809235568680296,0.767636395148984,0.827078998643757,0.773795476296038,0.815329917931747,0.764496186737566,0.772019669915148,0.776970728009975,0.761960232795753,0.795010860304609,0.805972537505066,0.803816532305486,0.789523527383716,0.79233306651452,0.814580457671895,0.800533540824026,0.726855006718347,0.722494681234929,0.727943495701039,0.733231208861974,0.732142607515372,0.781300464604357,0.793466045323396,0.762381940957365,0.775643373453223,0.786927715902126,0.772222958942718,0.773444299368935,1,0.793448644998643,0.75222157884337,0.790493187878501,0.900101603004005,0.79369945472664,0.785327612627044,0.831919773872372,0.808915230310758,0.770708965567363,0.734882264666633,0.721216598172082,0.740073813159987,0.711834544541154,0.716093330840828,0.782802581976873,0.802875330636899,0.829206460939093,0.771816195238219,0.875803191075716,0.686133177167766,0.777916464265518,0.795744839853215,0.784336817299623,0.790772588894403,0.74858758580161,0.816184295812993,0.791240396441339,0.808645288612416,0.773846604861379,0.800673387802502,0.805226413476351,0.852029930109634,0.897157390718819,0.776385780725993,0.820886031238788,0.783123710510865,0.774490972581042,0.786073021966652,0.764602648103418,0.776599522294628,0.787095999568178,0.786163691473927,0.686161168211453,0.791863082372711,0.808153867600857,0.801742197516876,0.821022477776373,0.797996728164856,0.76065374867325,0.806875478801271,0.778002820676516,0.754557102355834,0.782057898692421,0.806822431490254,0.775435353787932,0.770587705335339,0.803946470721624,0.756305308200037,0.777000816543983,0.770539114447558,0.761601614604167,0.775312495388536,0.767307571303271,0.770129887749989,0.763542620262786,0.753170405400585,0.754280877447902,0.752029171771233,0.761842805108604,0.742198480677171,0.821513715950608,0.800803854361225,0.803038556043588,0.799387221984926,0.745645705753055,0.774898137279667,0.792719259554331,0.795115354089248,0.781397448265149,0.766906932836086,0.733130252271791,0.759655593819365,0.789690331626256,0.77506898628411,0.806606638924902
"37",0.790380852231333,0.83234525214372,0.770449656423999,0.811984325817041,0.817149970398024,0.8300579460777,0.816953844270346,0.80632783839184,0.76669422804311,0.83584775815932,0.803183918282327,0.790038685871518,0.774054588082991,0.790130113089401,0.854205128305545,0.784534929532311,0.791631153526229,0.811996027860838,0.829526481314836,0.872644654756948,0.837941642299736,0.84573987246568,0.833740644184804,0.758081861320826,0.799561822181372,0.777138470835157,0.778635053045534,0.77770606494668,0.811544545463154,0.835104650902144,0.813070211877077,0.809923581033689,0.848695689171278,0.782463438526372,0.812917777233762,0.793448644998643,1,0.783652372249619,0.774012740502629,0.785032413876062,0.799725413552019,0.829912295173605,0.791228008375685,0.821753871793223,0.811857286071196,0.796789444373786,0.77558255716675,0.794177793367441,0.769086194107863,0.789147400751221,0.78328151136261,0.840606528313725,0.837132291742635,0.812060186960283,0.769552371925013,0.695532535902475,0.796391373034863,0.796567892118223,0.800647623225404,0.835804920100428,0.754753461392954,0.798925288241666,0.805255065638972,0.798946287745332,0.805264839746774,0.830497345748053,0.79220304767747,0.793128359776615,0.786482957719849,0.814482814028922,0.805446273057206,0.831584026448907,0.805705399815912,0.79435916292285,0.786806741150259,0.820959259951275,0.821771433403409,0.812875289058492,0.721128837914082,0.769055426560557,0.775562516704644,0.772477870072205,0.772540572247061,0.820325897994723,0.753780644048275,0.811322236569524,0.761459768384196,0.770503810432156,0.779784213797048,0.775234158961907,0.812927179111345,0.814338066506699,0.811873086605926,0.753847364636818,0.768577425080222,0.784525693048978,0.815829629997199,0.76584898417643,0.747671573440623,0.769248284441258,0.791713326794225,0.769108565358366,0.820598064819378,0.754325216769919,0.801251217021542,0.793503164973094,0.757476250899067,0.797879778143144,0.787372044581576,0.810026372899112,0.773802726737007,0.794998157139726,0.806454425698513,0.805780249357095,0.796188076427739,0.839116431791475,0.804577907772447,0.793255635986703,0.771137800451522,0.793526671821228,0.830298705547559
"38",0.782719450106416,0.797610299009804,0.770624687534934,0.791654287191696,0.794820565166497,0.797342888030945,0.787784643119087,0.780684332565413,0.768186218305205,0.804281725463164,0.778256625343872,0.784769422507461,0.772645806299685,0.780139531863721,0.779616913327883,0.766877920897384,0.75690076808819,0.76931493901327,0.761360157946342,0.771978196893619,0.770518253717592,0.782489080581005,0.750668873461041,0.776270638136698,0.784954385591752,0.796315517495718,0.792061871807642,0.798101209894488,0.798583198436094,0.763910670843795,0.780908712813007,0.783241734163212,0.795735357833561,0.773458666600144,0.768292370477476,0.75222157884337,0.783652372249619,1,0.756477023512641,0.755960753794787,0.790475574112891,0.792172772938774,0.757798936779855,0.787576887188949,0.771421509694035,0.793067176373296,0.791303331093608,0.812243460242847,0.86007905411279,0.793135990371479,0.77260328268373,0.802437274007038,0.778251600065432,0.791174616082148,0.745642858184664,0.702807563849435,0.78387382849534,0.771185350899436,0.767715001787641,0.796345460007636,0.747301100090997,0.765198355494441,0.774401156010788,0.782761284050737,0.790760543604588,0.78051355041408,0.774879814916879,0.76435216933641,0.766096720140974,0.785601668572922,0.785525357470185,0.768912337115147,0.78536881240485,0.776353895273427,0.763409151443945,0.787599015406261,0.782892165197354,0.760638163411366,0.676105956281214,0.779293738334835,0.813791976199788,0.790690281899539,0.791444315213049,0.799316759601067,0.811234610615849,0.774533211411646,0.773368506406288,0.811964464414439,0.73277206725223,0.798874312520268,0.793368746719109,0.801701230574163,0.822195413590653,0.823347219044825,0.786908495626417,0.754097699186466,0.811916799915184,0.805569674863007,0.760812424800826,0.77303865329424,0.783832405506588,0.76244353377518,0.760812228490302,0.790200181496384,0.755659879655912,0.78077785269371,0.775934688382669,0.752145766754526,0.761750709219798,0.816178919556834,0.781744665273674,0.787195078297461,0.774751628456962,0.806478358477313,0.790048449211372,0.817850008735491,0.818749904032864,0.784262679897555,0.7944390034549,0.781897537862381,0.823671979761207
"39",0.781275560101891,0.7871950084237,0.777362585328288,0.809008347958256,0.773251706522487,0.788057101555341,0.812457594901357,0.793685253931265,0.788294037287093,0.827030916801266,0.788475391442933,0.790303317340541,0.814040604584093,0.838547060822699,0.788322469234067,0.819743566999047,0.759838477986785,0.787732465350744,0.778767329223497,0.782857464990088,0.805557627326766,0.811981118047761,0.792330577453674,0.71827544866019,0.715868965342498,0.722637970493431,0.713449956781455,0.708322410026798,0.786269323210456,0.805453326262421,0.789562339450708,0.80159825573172,0.810412567605816,0.841250839019653,0.770646091016626,0.7904931878785,0.774012740502629,0.75647702351264,1,0.789001071434431,0.814759536934419,0.834688136980381,0.776819101489309,0.808911088435043,0.773602555586466,0.726953539545412,0.710020626851403,0.729536499677071,0.715618199184189,0.718940943066611,0.842601489140987,0.827545175649089,0.811703578582635,0.776344511945603,0.759481869326107,0.759011574409019,0.840559844658487,0.767626953658043,0.760976875667213,0.783570765329996,0.766147038628763,0.776018688056096,0.777276691795126,0.783676967015285,0.79590064597733,0.831529008833551,0.801286855391568,0.780433827964778,0.772931615275963,0.803086522690026,0.777185196710558,0.786455591006839,0.796531072599281,0.758366469809869,0.778780518623203,0.812975393138952,0.78470814822045,0.801119234787213,0.753792281731852,0.793787881829224,0.816418662184369,0.810774333495356,0.814621057213626,0.796926735548997,0.774518612278396,0.793874334818525,0.760444241007842,0.790004796779535,0.809142549113123,0.810287674729232,0.822371563838668,0.804055594191615,0.786294027624601,0.79376531091605,0.820661646002334,0.775428074418834,0.789007593490596,0.785966975847061,0.789240733261429,0.792667575782421,0.785159363175078,0.771665388564669,0.796187822584575,0.808188964417946,0.804820567035215,0.790342667459763,0.815750622697429,0.808499540541579,0.774773736739402,0.82119163210818,0.805585996955365,0.810344679592067,0.79897566395882,0.79991188262275,0.777760069567119,0.735016341240502,0.799143054425541,0.813155754404589,0.788027645283746,0.782645716783855,0.79776917698678
"40",0.766331136139053,0.779369954713785,0.787558006673245,0.801527126049561,0.772660381043488,0.775277192641126,0.770274819002096,0.839817273793289,0.78806291068129,0.796991697858101,0.799028195156355,0.837694898499152,0.76710528577492,0.794049487949115,0.789523835914195,0.7906261419701,0.820951584405049,0.798833524219398,0.825105358852498,0.752101991300964,0.769628015573853,0.781003883140005,0.765660955662312,0.7282502889458,0.74293367824689,0.750621287333012,0.738679510994975,0.734479143880925,0.791843575990128,0.779387295685296,0.793312147345768,0.799332092059107,0.76936369699629,0.798481077505661,0.764664977378299,0.900101603004005,0.785032413876062,0.755960753794787,0.789001071434431,1,0.797782369052232,0.770994968465378,0.877736896360577,0.819899973244601,0.775687205700032,0.739769519813646,0.725761627623311,0.737708337205759,0.750193994868084,0.748285735387402,0.794452692527657,0.788128673247567,0.766434604435884,0.777413834608813,0.891798503674897,0.698842429422547,0.794949979376859,0.820997393123551,0.812727861681377,0.782835855203071,0.773944818866005,0.829947252506973,0.798143991263158,0.853427909720349,0.79986668230519,0.757692193444373,0.819823178392123,0.845818765381648,0.946646280100168,0.799437781686283,0.834239373246258,0.76767272813611,0.800355979840464,0.822698951869274,0.787496167994236,0.793917839472321,0.77686213630747,0.806655990436485,0.680724620263408,0.773239696797598,0.820775123993578,0.799938789387629,0.798440616912751,0.816718977743663,0.824202843839639,0.791540666154875,0.779009910744561,0.764854301644496,0.772201331654208,0.797522609437069,0.809442786499071,0.778660833150673,0.828983379264623,0.794883935938811,0.77012192395202,0.798772842689653,0.786949168252525,0.80206536713554,0.743444174960648,0.757101298813293,0.752603635961462,0.766818012901411,0.789820316897981,0.766203969811967,0.781645511418826,0.798487769598594,0.799481317836996,0.798438413136121,0.824109133406504,0.796717872689623,0.765652457522138,0.782931849589329,0.766445810288547,0.791729086826922,0.767127576487232,0.757360485521949,0.786409930044785,0.781784440483911,0.774948781925792,0.804728432720734,0.81078626222885
"41",0.835880249242622,0.821564751200817,0.844077357777946,0.85629817298377,0.808219693820559,0.808346895319824,0.818803439439682,0.829720648307571,0.850594687935188,0.840368366609627,0.85973300974392,0.850845450401296,0.866238451802883,0.864679636344658,0.792421253120335,0.8558529408127,0.824588169008388,0.86512992272029,0.819843312036541,0.812374990630705,0.818874941116491,0.857436667341885,0.818720607972126,0.757098127592285,0.771765013911991,0.783030884132855,0.768971084176337,0.767598426979962,0.872543321307905,0.804797815594097,0.871779394816603,0.847610256786636,0.799035651045416,0.870822762033279,0.815413295122777,0.79369945472664,0.799725413552019,0.790475574112891,0.814759536934419,0.797782369052232,1,0.803298595166688,0.827190174540726,0.88345999437353,0.845202764895542,0.760884111939598,0.766832416933582,0.767699838699497,0.756143753669147,0.773724030460941,0.874053472284313,0.829915727234783,0.811376682721306,0.817171961184709,0.78173730022853,0.700157309557687,0.871276296610726,0.804651879847481,0.803163319759288,0.816649365793854,0.837453132802013,0.827871321574324,0.838874651885075,0.815439827907614,0.86267387218461,0.819075386999374,0.846512079653937,0.806184507493742,0.793851742477073,0.864463757853367,0.816250557225653,0.836256665660411,0.858986445977979,0.805096201072461,0.86471308112817,0.864337403777051,0.837139329566092,0.842109739581281,0.748878933892982,0.780817012922616,0.783216388097895,0.796165137766485,0.840744080106042,0.834420942211918,0.839519780464154,0.7919418522533,0.802462716070062,0.794448867811518,0.804354192579994,0.793697615066321,0.808940089505485,0.84436187891414,0.801130206216933,0.804353235984808,0.823121317384977,0.795927102353386,0.834061099045391,0.853580107322986,0.780114535482967,0.776479778180775,0.762500768922129,0.793170738938036,0.80608161076969,0.769133181636958,0.794561002720427,0.80046210151104,0.838577018308839,0.804564621007015,0.787344023035978,0.785937204004937,0.778042875748214,0.809796786416563,0.765976324281676,0.822667886401202,0.742830552279726,0.785684194148007,0.742770098943245,0.799598251627129,0.78316439206892,0.84579694339605,0.832309562249499
"42",0.8119410212083,0.839341839894843,0.794025591133021,0.839473828268347,0.851619989569045,0.852972053159665,0.914895648305157,0.794752924898286,0.78798530449891,0.90594375020452,0.797236180317426,0.79900733608052,0.798160782038938,0.81342230204917,0.886935585501995,0.80821857573463,0.77087980372103,0.802922883210426,0.793290992031364,0.862541800667719,0.832954388162487,0.880039286363477,0.820819794403477,0.747893551606248,0.750860414986984,0.755086877373849,0.740419987755625,0.753170768489325,0.81904380617212,0.874548191836737,0.801974285826721,0.815889408541902,0.953489666937434,0.810013275688982,0.798239333219291,0.785327612627044,0.829912295173605,0.792172772938774,0.834688136980381,0.770994968465378,0.803298595166688,1,0.784552783889491,0.797599731861767,0.787579663463639,0.758651838473415,0.740693026886852,0.768643451724931,0.74199670008337,0.752034049058242,0.801228773383177,0.886942377493112,0.899054812282319,0.82112356622512,0.757990723149541,0.764626022655714,0.8066605761741,0.790632871247017,0.778578035840164,0.840255207111788,0.758747884653781,0.793546964915399,0.783967543431461,0.80167240242469,0.807637003833057,0.955508328336839,0.810604767871794,0.777302147688424,0.754641082987209,0.798670492471599,0.781718002245249,0.830494837686143,0.802942649147761,0.778329599148856,0.783719512057324,0.796558364795326,0.853619694295341,0.788942350266146,0.753031184358573,0.812320527383303,0.807297807660888,0.845122250138834,0.805158239159837,0.807109983350002,0.832174324679422,0.802776715638011,0.816986420366375,0.815179093391589,0.80645878206373,0.842560151076455,0.848936145377294,0.827787994652472,0.824304220104355,0.816684685874819,0.839065257303277,0.839573417600263,0.83841536216172,0.824608603320735,0.797748243281954,0.746643007703913,0.790706497352971,0.803096577928301,0.825252246187697,0.823595310067831,0.816327557981905,0.803951413672042,0.821013329427783,0.825429090038611,0.809220246562297,0.752492873321614,0.822646226196196,0.800890758485707,0.780427186067318,0.817077330325762,0.839489708766002,0.824167163766319,0.838492185025696,0.834971367922995,0.853778917657984,0.791994162900657,0.843126204937115
"43",0.792160538649515,0.790892022123883,0.808742690450083,0.818167668276551,0.772695378650404,0.773144137548181,0.774462797562175,0.848483310771563,0.800726825915173,0.795098235914824,0.804440328668739,0.848234876386349,0.8174481493721,0.828329004736914,0.792589546290436,0.824490033795456,0.815035109434251,0.821879659833042,0.855590120859017,0.772967438002082,0.778380087527126,0.782275121502799,0.77417155810689,0.745107771888436,0.750174021627572,0.748524627922319,0.742228279738734,0.747900459232704,0.82366719495125,0.809417632622486,0.812519187527982,0.800337821839529,0.786875411899649,0.825684139996422,0.764003268735413,0.831919773872372,0.791228008375685,0.757798936779855,0.776819101489309,0.877736896360577,0.827190174540726,0.784552783889491,1,0.839427180220546,0.79501445208931,0.733380113510951,0.727480703479116,0.756574051419162,0.728089179715462,0.745978225545408,0.831259405980891,0.846917996895541,0.795513909016721,0.795020884841861,0.84884565829252,0.724303426199522,0.830185266574518,0.838810942697683,0.841402570451446,0.795439033510992,0.790131281129477,0.829816553055408,0.820731371842328,0.860222160019945,0.806955585781759,0.788608431751194,0.826827127825479,0.818483075967744,0.879190228492816,0.801526895576571,0.835968078917297,0.775198065787531,0.795340299989073,0.815587282595248,0.810342526785035,0.800759184829416,0.787661266649964,0.836870951083881,0.689372147484287,0.809389680519899,0.796731767980484,0.815006472806505,0.826375795667677,0.816611670354428,0.796513795285081,0.75131588502726,0.772472855855456,0.735962524376026,0.743165250815054,0.810952806457226,0.795387751392732,0.824846159217945,0.797440269861951,0.777984388333886,0.819061866267916,0.795201906831445,0.820478031125953,0.803879841597983,0.760140172233163,0.773760335877179,0.738256602276642,0.822066486244988,0.827360665801282,0.813806104336729,0.771677490153377,0.821629030985412,0.811489375096974,0.768994712078356,0.78784945038195,0.754025901401389,0.793153250659768,0.809482178050244,0.789454968731613,0.825580377227186,0.761375309842598,0.787882602004149,0.768295744416266,0.820198599012767,0.770145654536013,0.783860594320105,0.842072193886413
"44",0.815348768811643,0.796318922186845,0.822388370013361,0.835512987019679,0.789456728704248,0.793307292190498,0.812361686937671,0.849777563025964,0.823917666582782,0.827064989843908,0.835923203451814,0.844841998162287,0.836115370136999,0.832686560605641,0.797502203827142,0.836226686162199,0.844662506832824,0.853986376258916,0.866841194287571,0.822242469691297,0.81340989469599,0.843395452255041,0.832039362100389,0.761707824343338,0.763976335158977,0.764471931660967,0.774351604380507,0.75341962283639,0.850157488497766,0.842360797725774,0.830171141424643,0.836908286126537,0.791015163236601,0.842077296007638,0.816040221717948,0.808915230310758,0.821753871793223,0.787576887188948,0.808911088435043,0.819899973244601,0.88345999437353,0.797599731861766,0.839427180220546,1,0.846395498172871,0.771863482743139,0.770220171114071,0.770762104356649,0.753067281984785,0.759570596698508,0.854658831278213,0.828596750824678,0.800451664749025,0.793719733511473,0.785814511697022,0.690788355080548,0.843002133653338,0.834443581346643,0.835765406021199,0.804886775945033,0.814823195591343,0.833354602921467,0.827421805475783,0.829399207625365,0.828386533335418,0.823687129374781,0.857391141789541,0.813705488486469,0.823045360906726,0.836588584197564,0.831651187123066,0.817219860500441,0.839365617964844,0.844421845125571,0.821389783958101,0.843766182065354,0.815611731812834,0.890808839640757,0.742209008272852,0.810095989552776,0.815693759753131,0.779159586578821,0.813376043347106,0.828144969166348,0.804421834499998,0.782337108610428,0.771993462636631,0.785839548372656,0.781793413072177,0.776979696394344,0.838383944558682,0.823270915975827,0.80064956485836,0.79726307767261,0.803489010340861,0.776711279956076,0.783466321717074,0.800141943813413,0.804432625400602,0.800323235512818,0.793530973597675,0.793365707758478,0.760589497244273,0.734248054374242,0.785321358393252,0.748593586315717,0.768945792407457,0.783606208671368,0.826801544753533,0.789687116125339,0.770766388732466,0.804746447415975,0.788270140641913,0.780437471855507,0.775955432834989,0.792711924797986,0.739681022153167,0.781765208062155,0.733663523268483,0.808748541281913,0.799639377682865
"45",0.839911529883149,0.862982989863576,0.784336688104473,0.843943525548645,0.833357163069385,0.842350187638336,0.7999179985926,0.808248803752702,0.789321266542061,0.826696629876192,0.820242691115108,0.802857721444127,0.799988453991153,0.798701901433079,0.806686329314461,0.814902187012854,0.819369834653576,0.858829485623615,0.80671951534001,0.83602076464203,0.834525286708425,0.836916122278459,0.844659929500622,0.749503533401309,0.775191386088659,0.764309545157245,0.754326689297572,0.733793755533213,0.836233997460283,0.805076301746455,0.80444272435435,0.805748826308364,0.795797859055387,0.797940251259196,0.879881643049647,0.770708965567363,0.811857286071196,0.771421509694035,0.773602555586466,0.775687205700032,0.845202764895542,0.787579663463639,0.79501445208931,0.846395498172871,1,0.772581610650824,0.759624576839475,0.750463309448779,0.743302285993709,0.745676050620161,0.810184174126767,0.797271863557507,0.81111269985589,0.866401910198294,0.760196828024823,0.65986267171257,0.806914850174507,0.79965962737682,0.796913982296987,0.858269862904662,0.797030960930096,0.814168420002977,0.831273813240374,0.799148257053478,0.801913085043605,0.807900091341617,0.844725736759922,0.803439933282873,0.778751126355308,0.789553101094163,0.82246915194294,0.844150329605477,0.809281204067696,0.802160977796932,0.790349554874421,0.845567420906086,0.844435232141894,0.828595864084504,0.724458713673429,0.811572970897798,0.775555051920228,0.721625846347202,0.766424721815603,0.81078417623095,0.772990566470038,0.748103627402636,0.793390589152694,0.795554554487831,0.793540146309185,0.758998547146805,0.781045249926805,0.798391405340224,0.774001840884277,0.803115288048559,0.765321445596517,0.770160743495831,0.811744884627444,0.753833044513669,0.785656458931207,0.762387716352665,0.744423906772644,0.747313468767023,0.752545120494583,0.765909485716202,0.799680291448518,0.759338691969485,0.750849821953589,0.774752375985624,0.770418758372247,0.779858441156691,0.770326357411079,0.78076818690911,0.777039087219233,0.784128803171416,0.790505405710434,0.760613894684655,0.766344214062308,0.771032883444697,0.756900124647264,0.792522762514763,0.782477377745145
"46",0.763020954948941,0.76340968900508,0.765553158383708,0.761286014241087,0.763903739103605,0.772269259412929,0.781871138096514,0.765756031046389,0.728497530878218,0.770621801319336,0.7617192413412,0.769639911963993,0.729462575726022,0.748833428486963,0.773885795125779,0.742460068583877,0.753816281901798,0.766052960395066,0.761342182917118,0.757406735057755,0.747447657044244,0.749554940839855,0.749146413915465,0.92748692725302,0.966195383948995,0.96537666549877,0.927475950896903,0.921758840186539,0.776816713273846,0.754393789223945,0.744731397639333,0.763291359549854,0.763830231649039,0.745136819141997,0.756433364121003,0.734882264666633,0.796789444373786,0.793067176373296,0.726953539545412,0.739769519813646,0.760884111939598,0.758651838473415,0.733380113510951,0.771863482743139,0.772581610650824,1,0.925517306725728,0.965839715030115,0.796060623258264,0.904027963311277,0.747163551898714,0.764740285094202,0.757391113261032,0.754084447714751,0.743947149401889,0.646744480358739,0.745161229300683,0.756215804030773,0.746120142120485,0.764690772062533,0.717929512797259,0.746057546759423,0.750563009321993,0.766656232787346,0.758789912994354,0.755302022383249,0.768711966201813,0.732843611504828,0.740831337489442,0.756606043840558,0.766081872129765,0.748096714954665,0.760208718571014,0.750978529769906,0.749411225390424,0.77367415311051,0.750401011803938,0.764958706637936,0.661712642560919,0.804826744576146,0.811581587275013,0.757489416932424,0.746163307989067,0.777597081355752,0.776187973942738,0.772196677060931,0.801326393214606,0.808239105421895,0.807881650228307,0.747784144166874,0.789245029604608,0.81898798725604,0.7915083073402,0.771125132401044,0.752560026766918,0.772665171858219,0.788043469466336,0.755313537036951,0.796323705801008,0.774403976640127,0.78390328598743,0.724287440022901,0.728570233125568,0.758569115098399,0.801244069441091,0.755656326851712,0.740110474951006,0.79452660422287,0.79914288654657,0.764648604439765,0.786885449413266,0.797303528344428,0.790496510876426,0.773671359102793,0.788448790527714,0.774100469459596,0.79287824017505,0.746058595852841,0.779695112322906,0.759177951547497,0.77888561705056
"47",0.750024899749519,0.755138405311434,0.755562735502109,0.755991634794877,0.751903409089189,0.767516775853036,0.754830645843497,0.752886722776603,0.719933261760451,0.75577165689612,0.761378026183168,0.763885714965389,0.725952601994232,0.737194282438261,0.743673655153367,0.729881239414313,0.7561344618782,0.755512659549925,0.741964815475617,0.753248059789317,0.743908925922002,0.742019211756527,0.734978942838597,0.923732577531543,0.905666777521867,0.90386905141076,0.888258990748146,0.904289419776573,0.767954175236004,0.755016727947192,0.744065039849223,0.766157132197207,0.745458292308183,0.743522801160142,0.755531130926468,0.721216598172082,0.77558255716675,0.791303331093607,0.710020626851403,0.725761627623311,0.766832416933582,0.740693026886852,0.727480703479117,0.770220171114071,0.759624576839475,0.925517306725728,1,0.911412849188449,0.78961804679927,0.957509161525426,0.733877293169067,0.757567842768156,0.745259161105556,0.75078155482728,0.733902140642184,0.645620212218014,0.736513398337444,0.750588547209131,0.749976583153955,0.75518565763932,0.715860144210842,0.75233273176246,0.747825741569058,0.750713258430401,0.759247275656375,0.749436664321525,0.761802788312487,0.723874459622823,0.733614983264627,0.765439300092295,0.768755540337996,0.727745160206541,0.748161510905112,0.7531227993524,0.748382455509209,0.769263716804566,0.755186703440381,0.753618017498907,0.658133520237473,0.793906995651651,0.776333926638615,0.744701710383929,0.735685039441082,0.75446260430066,0.742706657539316,0.781336813551577,0.770638143660663,0.800893247856925,0.822921186719523,0.764176832066206,0.79497901836275,0.829866327252409,0.735826610045694,0.766507646686516,0.764942546807898,0.78288978017539,0.751548148826468,0.759415846905858,0.799338603715448,0.773969767721128,0.771790041796743,0.707379803580193,0.728019442272806,0.716798551612862,0.777792322470992,0.756397792422165,0.74979831296103,0.769086207560303,0.801673187596137,0.768539143397401,0.776946514963975,0.780089549709563,0.773232189668473,0.778281570529231,0.759064716770523,0.807494523819248,0.765677091721538,0.767573926993663,0.788517665856159,0.771128791565428,0.793045353503152
"48",0.761607381119028,0.768931940534929,0.7589927213437,0.7540520619508,0.771953744639347,0.770693003935954,0.779392327241795,0.769022157315598,0.738790382772605,0.774109553258741,0.764616697075281,0.762102808395079,0.742690120594108,0.753956933986771,0.758211543567206,0.736062289145666,0.752480821390899,0.761103024879145,0.754582208921763,0.757043089832549,0.74801461100661,0.764864425660413,0.744303699135368,0.930513760826681,0.95995281105843,0.94671780327839,0.922227891306226,0.932707000579995,0.772828710368815,0.747906770427842,0.75797458991805,0.770475846935025,0.769547110428553,0.750832142149847,0.751536733863151,0.740073813159987,0.794177793367441,0.812243460242847,0.729536499677071,0.737708337205759,0.767699838699497,0.768643451724931,0.756574051419162,0.770762104356649,0.750463309448779,0.965839715030115,0.911412849188449,1,0.807686982431955,0.91251879929335,0.750413325092236,0.77065461200517,0.774677450420565,0.771000994281188,0.747424368386923,0.67400159283416,0.753369388573345,0.759929898079019,0.759843895216465,0.764351102109186,0.723805818075732,0.750762954419513,0.757306147343696,0.768392869393278,0.765981635492147,0.763684520174997,0.762896941651533,0.731051342634115,0.74356455659738,0.764516072164921,0.774266446095419,0.747648815078478,0.759069782114129,0.759412195672806,0.745069698844064,0.770378292043413,0.765028931425591,0.750476267488622,0.659358489007063,0.788645824634545,0.823008478847151,0.797011469936202,0.770939054387307,0.789296111315492,0.781006090369792,0.783896569275388,0.816877327436783,0.792097262756325,0.782473277544998,0.775737335502669,0.819752165147041,0.834127281755661,0.765775921581889,0.79853039361912,0.778639058574871,0.752853098756335,0.77961571589156,0.75465506339603,0.810356898768466,0.78414369515009,0.825295632575825,0.757860049137584,0.734989645430427,0.777968134158979,0.787027845292355,0.759975427133142,0.772482030075405,0.812784810351119,0.793613530637712,0.787843406982154,0.786671371318465,0.79708891615546,0.783195127728813,0.811979184667592,0.783679929588991,0.816968131182386,0.799476790364367,0.772782422865937,0.774672285764043,0.76593355874873,0.806579315433741
"49",0.724040789874677,0.744923689310302,0.725040456989533,0.738127804728954,0.743299927689558,0.749868075101269,0.754543213871441,0.752972294485978,0.716262498107459,0.766654930467471,0.745868487017878,0.751145888044103,0.703075073716947,0.733919584355407,0.750096804371585,0.734228765764035,0.747560453719056,0.752570447530671,0.734391978102113,0.728993001721176,0.727715068097725,0.751587477551773,0.737134842541462,0.797531355543506,0.803029249891454,0.793548963525048,0.788739584085015,0.786597739445843,0.761876299846024,0.738140573735421,0.739499176441784,0.755673705886003,0.742476618996663,0.748740365077284,0.734644720300307,0.711834544541154,0.769086194107863,0.86007905411279,0.715618199184189,0.750193994868084,0.756143753669147,0.74199670008337,0.728089179715461,0.753067281984786,0.743302285993709,0.796060623258264,0.78961804679927,0.807686982431955,1,0.814996852560765,0.742633066022249,0.741951349966508,0.741946176458646,0.751634124552259,0.727277463379969,0.635642737353159,0.742013090534938,0.749175137678531,0.736207687978939,0.739424868621302,0.718868769420819,0.736271080746837,0.754043823004053,0.745273646201992,0.746435963457181,0.729737336885402,0.754801314386511,0.72494691408871,0.721825692307392,0.745797324229435,0.751537428624882,0.729250798257697,0.750179767431034,0.736998031891664,0.734498288569711,0.756248594752421,0.739418799480775,0.754302611219568,0.649185027494959,0.723849369670266,0.76109519800944,0.727793300191241,0.721502219429679,0.777732743989207,0.726066019263865,0.717087146198581,0.758899140249453,0.732240454627969,0.70455429150233,0.710517080932675,0.785481298180781,0.754617707606882,0.727199212384063,0.803457699893269,0.714004269104567,0.731954901140764,0.730099346512589,0.745821410692331,0.740596828058967,0.75860028210287,0.745495197924283,0.716597399449844,0.729663397710218,0.727477104479381,0.800815321973592,0.73886282094056,0.738870629176075,0.760898627111615,0.794714398860428,0.79697573547523,0.761006393885325,0.76028103503522,0.723834135951444,0.803370961233351,0.747991160104638,0.7561552707522,0.796990363428762,0.722376608007508,0.783439437513192,0.751070891085711,0.763954994682354
"50",0.754109993385501,0.770672979883969,0.742062551824672,0.764100039277625,0.754196600437572,0.756980251089937,0.770921943886785,0.760627812155697,0.728761503051594,0.771418581694256,0.767192093442115,0.758521683185411,0.729289691091917,0.74422943668102,0.768137192482105,0.734129716965563,0.753508535447818,0.753320740915134,0.742703654364778,0.744951883875652,0.744998768022654,0.751274430088822,0.726404882608422,0.927824293613862,0.900433837117879,0.902427043169262,0.895831564889745,0.904957768375409,0.773396997545551,0.736936816967625,0.765297656276718,0.768152361387095,0.760042554822109,0.751027218869054,0.739263264807503,0.716093330840828,0.789147400751221,0.793135990371479,0.718940943066611,0.748285735387402,0.773724030460941,0.752034049058242,0.745978225545408,0.759570596698509,0.745676050620161,0.904027963311278,0.957509161525426,0.91251879929335,0.814996852560766,1,0.744392842457871,0.758779141071768,0.755629339109454,0.759033965178199,0.728590508495103,0.656422846047855,0.746151904842536,0.763550007429216,0.752726820059852,0.764731169854483,0.737538130961821,0.735919748238297,0.765427173792011,0.762364475777314,0.756101835172281,0.733668794832734,0.765828930033224,0.737079640283804,0.730786258822898,0.771955545256352,0.768131080063402,0.730256841766202,0.76073500052782,0.759692066878137,0.744125024230358,0.75707361618908,0.751276613364067,0.742472922800584,0.648453146177335,0.777310166735167,0.782234335668677,0.78159856864525,0.749430141434868,0.797022489344529,0.754648713117234,0.745186224982132,0.762659844390097,0.779880514335423,0.78162435618707,0.791940989536776,0.812481593531999,0.826543129520221,0.756041306933698,0.791289042197187,0.748433610672277,0.759992621871895,0.752536765255203,0.780234703006823,0.798565870080573,0.770469270191392,0.766174602037907,0.718892336236275,0.767639616145071,0.698275944020004,0.778636895724289,0.784232738865481,0.75137279061268,0.80396236536235,0.765367247088376,0.786443966239321,0.802861029299347,0.788919995598298,0.785226930407782,0.793222389745014,0.755335907268429,0.798786225937824,0.811223380492369,0.773164492472346,0.780850340801329,0.795483957388857,0.794451375699969
"51",0.838629189040834,0.814430668780517,0.850188798323496,0.85487933346492,0.808453312755786,0.799490544966786,0.81120849775856,0.820686209715711,0.841474609340765,0.808215708711097,0.869215035077813,0.822306323152658,0.964549193178953,0.973850820566949,0.795671628026304,0.969536683922113,0.798370134770231,0.824995794023791,0.832258100612559,0.81668193050727,0.832135287873487,0.832809806959886,0.822264219941087,0.744485390534259,0.746334538189242,0.758363735791578,0.751966795929526,0.755003339241107,0.834783759927475,0.789002895365262,0.843741902967235,0.849296906401073,0.798082875327238,0.978967782136319,0.789934516243805,0.782802581976872,0.78328151136261,0.77260328268373,0.842601489140987,0.794452692527657,0.874053472284313,0.801228773383177,0.831259405980891,0.854658831278213,0.810184174126766,0.747163551898714,0.733877293169067,0.750413325092236,0.742633066022249,0.744392842457872,1,0.842500555902079,0.833686184526741,0.806303093785688,0.786597908063242,0.737795300761477,0.971244572685083,0.805416987498182,0.798731033734347,0.808450661050545,0.820859872688763,0.821110004929378,0.818611936299008,0.820551963453265,0.859044312853905,0.801863667950669,0.836821482402573,0.804826881876828,0.789289583439264,0.860706954239992,0.78411681796021,0.834714416671024,0.85935627892626,0.794999554878417,0.8426995679514,0.864882731513662,0.806433483817179,0.846686162971917,0.740175523336615,0.834651552020713,0.811358690706382,0.84789716591046,0.833972488687088,0.832512104214478,0.837056414851332,0.805041299831171,0.797388798163577,0.800374719424595,0.822299501859367,0.851572882696418,0.810666262984254,0.801188642732993,0.838054382464827,0.825946352228967,0.864620424510383,0.804469801320867,0.855905798163734,0.849266231157315,0.766732840339481,0.79955108434352,0.795147351023043,0.861318931660994,0.858008510307265,0.850070802708016,0.801321865207456,0.864163411141156,0.820142309346515,0.781448000600066,0.793667467035001,0.795769656733256,0.862381522760038,0.822526452273081,0.837875231902933,0.835945326435296,0.798176323493117,0.811226425459585,0.804358364029303,0.798579244136542,0.792801140698341,0.828145413293096,0.852756013479063
"52",0.810105275944361,0.825002681152673,0.808868177975608,0.818370388910783,0.822778668975224,0.823690086707191,0.857432501926682,0.836533375896066,0.804861552659788,0.859160730278452,0.8233089788063,0.797672015386181,0.85090254125779,0.863578675380016,0.851990475607388,0.835819203963665,0.793535774742309,0.818185720696487,0.888020630985536,0.830371392163144,0.828974786629531,0.851336791990066,0.820474317366185,0.738007787071221,0.764553553779516,0.77136302363809,0.751352667138024,0.748056796110883,0.816036290813202,0.845810647032565,0.822357249985665,0.820864332194915,0.877931017446155,0.840567325248932,0.805482731563528,0.802875330636899,0.840606528313725,0.802437274007038,0.827545175649089,0.788128673247567,0.829915727234783,0.886942377493112,0.846917996895541,0.828596750824678,0.797271863557507,0.764740285094202,0.757567842768156,0.77065461200517,0.741951349966508,0.758779141071768,0.842500555902079,1,0.851832767030743,0.829603780424146,0.790008235698516,0.770239001254582,0.854165536321633,0.814069046910594,0.81068364172576,0.841916179264004,0.798594882052925,0.799912849922669,0.824726925897476,0.827449409093529,0.832857356430043,0.879935904329362,0.837743110448696,0.800736150767151,0.805122336861187,0.817436453036411,0.807275251694065,0.826931905507969,0.804738077808942,0.803526477092639,0.799894403704869,0.817081607281576,0.828554484846697,0.845511317476708,0.729649153983554,0.803063046619108,0.810692590412016,0.843026098209104,0.834833944691698,0.83217071635568,0.833917333031814,0.809616973355796,0.788826242281187,0.797285837726168,0.829796239173111,0.85433099227647,0.785752211235333,0.793234724463979,0.850412591290185,0.805123571568545,0.844208498766762,0.838997242030098,0.856642069000479,0.865780089345451,0.794203735814352,0.775760423477788,0.807480103061745,0.825428713927024,0.859891482154933,0.853555593547532,0.813180875206976,0.836041209205655,0.815570272919491,0.795057802817575,0.799294873583082,0.817912433255051,0.811223704772846,0.843364864987773,0.794622526405459,0.814041998481215,0.805750485460571,0.84512757327141,0.810379755132722,0.824326667837862,0.826216277607931,0.796854112883361,0.845794508023219
"53",0.830197604703744,0.855799361461744,0.81338178969212,0.849449064501274,0.844459493432321,0.853896742919619,0.895834762231338,0.811830885067905,0.77815560746599,0.882658361972425,0.805777686346167,0.795267310511648,0.823295939458931,0.837979900134058,0.85904156777489,0.814726455795067,0.773918319970503,0.800257412426893,0.78359206610398,0.878576810481954,0.866734234782289,0.910802055684394,0.866539216189974,0.753776622494177,0.751151364172187,0.753126960101661,0.751837075067686,0.750109588615993,0.80899921630173,0.855053995877766,0.802808525767035,0.80954269793612,0.915368694964702,0.836362695317912,0.798337456796052,0.829206460939093,0.837132291742635,0.778251600065432,0.811703578582635,0.766434604435884,0.811376682721306,0.899054812282319,0.795513909016721,0.800451664749026,0.81111269985589,0.757391113261032,0.745259161105556,0.774677450420565,0.741946176458646,0.755629339109454,0.833686184526741,0.851832767030743,1,0.831761515988569,0.77296271386443,0.760153128644941,0.832299670907612,0.78982880318633,0.786245699645861,0.853005582145943,0.757551431929942,0.814716678438984,0.812940866804006,0.807367783102325,0.807369595748734,0.902071479895181,0.814863100556769,0.787388866007234,0.775593720623183,0.798162515425444,0.786746179052009,0.850354085653075,0.797251957421285,0.780214412396145,0.786063518776682,0.805914323562049,0.846138359234027,0.791992780766364,0.753591916202893,0.795087508713674,0.792237914423312,0.828241157635582,0.823368576530802,0.834430975597759,0.793851320381938,0.834314347875433,0.85540490022116,0.792982977518332,0.835856934161473,0.843006419318253,0.855592248514712,0.837187131199892,0.816552317687466,0.827061738740732,0.84559451985018,0.795363600443506,0.83032370266059,0.821198187900649,0.802810308912955,0.756535800667399,0.768039924827268,0.823950950885906,0.838126161516811,0.850492036021314,0.814493926727604,0.80988511535088,0.802390987073416,0.792541240432474,0.806680654919234,0.821959929996631,0.810021668411769,0.828982406315932,0.838416028187392,0.843462207077987,0.820578323905302,0.823862843768577,0.806443588734951,0.828421135638028,0.841637058515627,0.830474016036558,0.817061320486844
"54",0.843826135635337,0.877274005925872,0.80489624717716,0.847440690059105,0.877908920504498,0.881711789398119,0.804693695946094,0.82519216594546,0.832248358579876,0.811006438086773,0.821743057414304,0.79396391174644,0.804926579602295,0.816091836589523,0.807169674004661,0.803077944098019,0.780792668852067,0.820866914241547,0.784705256710276,0.806449469020628,0.816674961577147,0.817415136156876,0.816202277976387,0.749794702312183,0.746646565295334,0.755033329892817,0.743604101694058,0.742212217140711,0.832540560695326,0.801106620285835,0.791970208445087,0.801462399343015,0.820128986972519,0.815212829492026,0.954963801563655,0.771816195238219,0.812060186960283,0.791174616082148,0.776344511945603,0.777413834608813,0.817171961184709,0.82112356622512,0.795020884841861,0.793719733511473,0.866401910198294,0.754084447714751,0.75078155482728,0.771000994281188,0.751634124552259,0.759033965178199,0.806303093785688,0.829603780424146,0.831761515988569,1,0.765653585955689,0.732277462782052,0.809515204451551,0.788934966955761,0.794827449028352,0.869479845553581,0.79468108926886,0.788520273757142,0.819052655233943,0.808952603139485,0.80526424371051,0.809286082479672,0.831369743059876,0.87416392323142,0.777583971116058,0.789637451009371,0.795126173495855,0.810283923809213,0.793912591252472,0.792681288449851,0.786654729833169,0.81849007692643,0.865342195126385,0.791340296372399,0.71372415482418,0.798806830527261,0.767730242136014,0.809247718987397,0.807806784678278,0.823382630574977,0.804833460971105,0.844792489552213,0.84761399010369,0.834726408964204,0.814010159136358,0.808867111461635,0.812639891309764,0.796026700093716,0.806529575218565,0.821480535753841,0.818562484087169,0.80617083280773,0.810113040789263,0.843415636607873,0.778741119917274,0.786839689155511,0.760797794185865,0.811968175336412,0.833172371078322,0.827190793393732,0.802484083200195,0.805439999935834,0.777498831906569,0.812694054812387,0.816549482336785,0.808004954997113,0.787009610331273,0.800411901283629,0.829155447877959,0.817940827588096,0.828867190793539,0.836892630176828,0.810089228702106,0.848081332531856,0.835104175877912,0.82224714308843,0.825791677338814
"55",0.755706946105311,0.766440594478144,0.776746229540355,0.773114154628051,0.77433157391775,0.776612708051124,0.750667977187465,0.806258563972226,0.772716565027183,0.77257335137882,0.784348189081151,0.828082164983198,0.789798991777253,0.791955205529434,0.769035466146951,0.779384160722518,0.77279835351839,0.788137732851911,0.806288695876006,0.744493593905125,0.756188722039064,0.768681092922711,0.749174492275367,0.721644836127289,0.730479141862239,0.731719231489311,0.739636227820945,0.737702906807106,0.794192025960716,0.776325365251927,0.784079596209546,0.79715569076506,0.767855045976623,0.777444117679357,0.758592839703576,0.875803191075715,0.769552371925013,0.745642858184664,0.759481869326107,0.891798503674897,0.78173730022853,0.757990723149541,0.84884565829252,0.785814511697022,0.760196828024823,0.743947149401889,0.733902140642184,0.747424368386923,0.727277463379969,0.728590508495103,0.786597908063242,0.790008235698516,0.77296271386443,0.765653585955689,1,0.693777918234897,0.789586640717996,0.805832014635901,0.794185709493658,0.77981685219986,0.776081594809173,0.807975941456078,0.792628978336878,0.836342456764395,0.80340417424163,0.746298620606177,0.792523197686129,0.831197130377495,0.909916905609858,0.786214487446355,0.795609443175732,0.743904436568616,0.789033745614652,0.784872125360791,0.771502870277936,0.79673323251179,0.781388443058782,0.781285987287623,0.663022899510982,0.79640972391853,0.773753886730673,0.824826629610636,0.796073354961341,0.767191206266069,0.749501941905993,0.774582993358097,0.790021955261492,0.775269164806267,0.806125829385351,0.801207546096679,0.762596730513359,0.770910038740089,0.82120582497135,0.79329413213311,0.800184325175701,0.802098799464487,0.788911882874454,0.788296992278569,0.762123332038294,0.746835449328575,0.78416790469742,0.803031052140206,0.786258934131216,0.806801504114796,0.763654081591256,0.815942367863791,0.790382600032382,0.76179877427856,0.768413541680355,0.779755020525265,0.770811036811983,0.834705345803055,0.745857862335407,0.811851132714359,0.807199635166852,0.783074490660253,0.777711324520492,0.729719211046254,0.776797478953426,0.794513938684932,0.789198725716199
"56",0.736753169738859,0.725988079446559,0.731628957579129,0.696025865779614,0.722353100169,0.73287756842216,0.725418794968634,0.748318821569125,0.716760091443485,0.699870887671409,0.70886958177135,0.707319123991565,0.716498488235708,0.744038500101291,0.75857406697002,0.708416947660973,0.74862003300424,0.671339926455663,0.695617004283431,0.708371588716124,0.738356081502795,0.709416558060176,0.718185133957682,0.647409630797106,0.63533793400495,0.65569877817133,0.645407948670185,0.6651447553692,0.680807943950838,0.739792910735247,0.701925774590348,0.719054185773531,0.770957376466444,0.736722096055772,0.664507398244156,0.686133177167766,0.695532535902475,0.702807563849435,0.759011574409019,0.698842429422547,0.700157309557687,0.764626022655714,0.724303426199522,0.690788355080548,0.65986267171257,0.646744480358739,0.645620212218015,0.67400159283416,0.635642737353159,0.656422846047855,0.737795300761477,0.770239001254582,0.760153128644941,0.732277462782052,0.693777918234897,1,0.741027538992383,0.80933746975359,0.794232180203514,0.727054667489361,0.677463242863946,0.675473220484224,0.76797914663867,0.743752317251762,0.735941618898395,0.74300868132257,0.700034427831989,0.693008526779066,0.703109428891598,0.724651143499975,0.760889334505227,0.718176996355271,0.703972413268633,0.771539086848775,0.687619808746532,0.708671151009209,0.711428373906921,0.707058263037663,0.731292449953717,0.777574970035654,0.784952748346073,0.770407004388108,0.787290120941388,0.727202642922812,0.790179154967725,0.762460639836182,0.738781979126833,0.700855799100066,0.717563463605704,0.797639140323058,0.736057343294441,0.770631062494356,0.784199516078566,0.767368006106026,0.809236347485634,0.762128118797392,0.779097577875479,0.814984969370199,0.739296525179181,0.742047175655059,0.750106834825856,0.841588854540942,0.811929053734792,0.805366213313217,0.742205938549162,0.820584352296368,0.740568608672223,0.712529772439279,0.751988876668183,0.755858635647024,0.759056130534267,0.784560215812989,0.760065983127011,0.756409587993489,0.780129970879795,0.741614556442187,0.747401621683664,0.793157703070219,0.773579613008729,0.717395423294763,0.770641876444158
"57",0.838842604674924,0.809891951277789,0.843982285648459,0.855034256410899,0.796677760503132,0.806601180602085,0.810927471636719,0.825971307400861,0.84592636703584,0.800683975255663,0.860579021877761,0.813129795487804,0.970129502545444,0.982850919139039,0.802543302517111,0.977923195529359,0.781592992833951,0.83033942336891,0.832639861459857,0.814557626875157,0.830126100446837,0.835738396815308,0.82681377326595,0.738739930198194,0.750192804584355,0.745988288458929,0.748014181260109,0.740798979374102,0.828227842651231,0.790649647040167,0.863941765675667,0.856263613376596,0.797051069678684,0.97979813394072,0.79246542049967,0.777916464265518,0.796391373034863,0.78387382849534,0.840559844658487,0.794949979376859,0.871276296610726,0.8066605761741,0.830185266574518,0.843002133653338,0.806914850174507,0.745161229300683,0.736513398337444,0.753369388573345,0.742013090534938,0.746151904842536,0.971244572685083,0.854165536321633,0.832299670907612,0.809515204451551,0.789586640717996,0.741027538992383,1,0.808626172138622,0.799224166424307,0.809465223458726,0.821414899713075,0.801614877443952,0.810933847127535,0.829822809723899,0.865604848638203,0.801917155947954,0.824980437522785,0.80230305624335,0.797700969124884,0.850458007345999,0.801034230245221,0.824224775812969,0.855232118711756,0.794142686039961,0.84176139640746,0.86478907857969,0.804893100934507,0.844666176102129,0.725968869783448,0.822128495091061,0.800298968743368,0.842360106643532,0.819573175806957,0.843480725590611,0.81789213092074,0.800667699549618,0.792050500160353,0.7969104172171,0.806164695251235,0.849978171194415,0.826366887263508,0.805284640549637,0.864897904504845,0.798139561215215,0.873859414047634,0.80473790602298,0.864752938138592,0.854907086011346,0.796804318430192,0.781341931666619,0.787293091029089,0.84747598048902,0.864896022864465,0.871290445782311,0.78456655287123,0.877091275505256,0.818172356753717,0.791748419589647,0.783578569209575,0.833132605993121,0.827380958031694,0.84289001111564,0.802833354676714,0.837600376361953,0.781917308720095,0.816822968506426,0.816342552659526,0.806679950123468,0.819632286890652,0.812602850962677,0.840005213435358
"58",0.800406848591238,0.796965982157121,0.81533590939627,0.800625585371609,0.786496580355882,0.789933337823166,0.774421866292832,0.879488618257766,0.792350652448622,0.787875845199367,0.816994051268456,0.812481892253689,0.804780881169505,0.803251183109357,0.893884467462328,0.801796205574581,0.956918387449043,0.801326548946977,0.832825240269398,0.757222833081756,0.765269332806943,0.788060748214304,0.766468510952149,0.742179567413868,0.754652099349891,0.757180901653987,0.764261671586095,0.766658040756403,0.819220858580263,0.874613427866922,0.817621251921786,0.821995875560164,0.791781323390649,0.804596102162145,0.785179958420065,0.795744839853215,0.796567892118223,0.771185350899436,0.767626953658043,0.820997393123551,0.804651879847481,0.790632871247017,0.838810942697683,0.834443581346643,0.79965962737682,0.756215804030773,0.750588547209131,0.759929898079019,0.749175137678531,0.763550007429216,0.805416987498182,0.814069046910594,0.78982880318633,0.788934966955761,0.805832014635901,0.80933746975359,0.808626172138623,1,0.9761411900918,0.817248699283691,0.782347683217828,0.802913884552636,0.902461397088198,0.872314210087654,0.823575254658243,0.781883412706487,0.82616930774225,0.796124208547585,0.817751052577888,0.815431373576677,0.948410961815729,0.766066607635281,0.825899588417262,0.96589299348852,0.804415610982518,0.809490468198297,0.788915113585665,0.842433850272011,0.680175336386958,0.821350879733426,0.80393381580347,0.839200104524528,0.84638352925483,0.793249916761773,0.838183029506729,0.790416632524481,0.764509859535707,0.780150461172135,0.767360118033658,0.81358311536292,0.789520150275951,0.805796104072577,0.832609053301329,0.810269996448459,0.836346310597612,0.804931541588638,0.861541663484147,0.850517490783311,0.775101559360377,0.728575306083413,0.762818317164602,0.834582089210884,0.840294595189229,0.823538666083547,0.805889046702095,0.858555069147485,0.799728320697394,0.787490684653771,0.776876706715735,0.790831804828598,0.812124371808322,0.800559716162488,0.793477513805868,0.812407431600559,0.79900978825044,0.801193358434951,0.806555759802921,0.774931605564513,0.805074845926991,0.801878165727741,0.83733723410388
"59",0.7929326711059,0.787895765642622,0.803338350110502,0.797542272094944,0.779957679973322,0.777888277880514,0.765067973267006,0.873803580294672,0.793423832319109,0.777826692966005,0.822020605352137,0.809779732284098,0.806100919102148,0.801990658341168,0.874672833246443,0.788526861032712,0.945084053241699,0.810656053570266,0.837916903910615,0.762715057337046,0.769625911543261,0.79379672547581,0.75330291743136,0.747955129999266,0.750417258246559,0.752541273557457,0.755349969283325,0.754803753733033,0.829505271754374,0.885447544113445,0.812729870704993,0.818095044817965,0.783062089258869,0.79451737095094,0.788634225679217,0.784336817299623,0.800647623225404,0.767715001787641,0.760976875667213,0.812727861681377,0.803163319759288,0.778578035840164,0.841402570451446,0.835765406021199,0.796913982296987,0.746120142120485,0.749976583153955,0.759843895216465,0.736207687978939,0.752726820059852,0.798731033734347,0.81068364172576,0.786245699645861,0.794827449028352,0.794185709493658,0.794232180203514,0.799224166424308,0.9761411900918,1,0.797055137251201,0.771843965155316,0.809185624390374,0.902432839602067,0.854930001056224,0.823678533170847,0.767299169340408,0.823265629280168,0.769840883422982,0.818040683458872,0.810281301135217,0.950886803298918,0.767957389410959,0.811983846536126,0.964333918460284,0.802154873083104,0.813298266532935,0.793678222327151,0.845356659959084,0.685993386248645,0.7893404098592,0.787953773516179,0.826375030158596,0.831740672565282,0.781451292638054,0.827982425596649,0.790457152549856,0.773184714833825,0.764423466639954,0.761199676440315,0.796242906243545,0.781929483324711,0.781503563161456,0.821652414676252,0.790758217045446,0.842815699774976,0.793683242361183,0.832508758677491,0.840249950754096,0.761120355110143,0.751238500993595,0.783336578949398,0.812332700795515,0.828070028038265,0.830360759613027,0.798768796282979,0.853889449473629,0.792000889255624,0.757270449205491,0.767582982944403,0.759603140969503,0.799501800757628,0.789349551464624,0.789682478798526,0.822795259434378,0.795301531535333,0.808956843992593,0.784335216572485,0.816294465211815,0.768559322637963,0.80591244150526,0.826352546081261
"60",0.853973229950052,0.908436115055878,0.794597409239039,0.864738289812603,0.865917970049326,0.870387573466502,0.82880371065367,0.8064000163387,0.794395467171918,0.830923216728922,0.834139247150246,0.806290095242521,0.816319085279215,0.818607823816893,0.825895751726536,0.801640212191749,0.779245441234816,0.822021048093623,0.776523709395939,0.83254078542107,0.828520417968082,0.83943649734229,0.830709480742465,0.755214596427071,0.769342527049079,0.767427194371226,0.758003673385317,0.762067617249174,0.836616146497572,0.806831011519878,0.81902976146168,0.8209665703855,0.860040392338959,0.801618674954442,0.859062688884403,0.790772588894403,0.835804920100428,0.796345460007636,0.783570765329996,0.78283585520307,0.816649365793854,0.840255207111788,0.795439033510992,0.804886775945033,0.858269862904662,0.764690772062533,0.75518565763932,0.764351102109186,0.739424868621302,0.764731169854483,0.808450661050545,0.841916179264003,0.853005582145943,0.869479845553581,0.77981685219986,0.72705466748936,0.809465223458726,0.817248699283691,0.797055137251201,1,0.770471967214911,0.794551159390235,0.847239064670759,0.824701091439556,0.824924680685845,0.835844614876956,0.820223895988457,0.804681958262409,0.793829834789962,0.818607939205768,0.806297989219737,0.821028915184883,0.804755421028228,0.791909242293409,0.799579387776845,0.814139313585996,0.881702528104147,0.802430366214801,0.719215017777648,0.785949184399309,0.791807467212113,0.807628227072679,0.82902357628941,0.812860886599981,0.79199976998783,0.832359493579195,0.778155983741914,0.805596578375088,0.812062729512263,0.847165104741873,0.776215128706895,0.80122167512909,0.865100320290414,0.81218045258544,0.848817737404262,0.775538601255584,0.840737918119921,0.833098735134964,0.803283361059139,0.746631481105636,0.752798362124822,0.845966412612747,0.819829018389487,0.811450373922766,0.833052285956875,0.845017757253551,0.802070763258297,0.767450859757864,0.786199799673134,0.805549056566317,0.811141692704587,0.830137752637458,0.825028805603326,0.81011348421707,0.795746056403301,0.795992658683387,0.80552583240411,0.801783734603873,0.819581741504505,0.791966287327043,0.842103517257909
"61",0.801388038984622,0.777163315188802,0.852896413790152,0.802877493729883,0.75122419157864,0.762549548473748,0.760628226475465,0.80838437083134,0.918677736226327,0.793044634873241,0.824851962048753,0.79802917096988,0.815655447549492,0.813141535168434,0.762060998565332,0.814002476008268,0.786321542460551,0.830651049518747,0.80082426319269,0.767000210280277,0.779255170302385,0.787166875421223,0.775835460580176,0.713151322070083,0.705433328622744,0.725954690127472,0.725894293298027,0.719149759314321,0.800395007057789,0.78538210069402,0.807018893930233,0.808233918226734,0.745396737935306,0.81414109187969,0.796204222571709,0.74858758580161,0.754753461392954,0.747301100090997,0.766147038628762,0.773944818866005,0.837453132802013,0.758747884653781,0.790131281129477,0.814823195591343,0.797030960930095,0.717929512797259,0.715860144210842,0.723805818075732,0.718868769420819,0.737538130961821,0.820859872688763,0.798594882052925,0.757551431929942,0.79468108926886,0.776081594809173,0.677463242863946,0.821414899713075,0.782347683217828,0.771843965155316,0.770471967214911,1,0.814847695559585,0.780905646319864,0.816690616939724,0.817841721577666,0.751732899630947,0.807667964557936,0.800368610104652,0.778428972389172,0.818917573082128,0.799368478399239,0.784722734714221,0.813713890570041,0.778040347374959,0.840684470692745,0.835918187455378,0.786965190644733,0.818050310098454,0.703435629743706,0.791285167983261,0.761510007765212,0.798100641353708,0.796473415749407,0.807257686821663,0.785848963589647,0.747105946210808,0.777276080997876,0.810781920699326,0.786510916549839,0.76615047234735,0.78004766424915,0.775509491936512,0.785164868559873,0.7941445288628,0.743274073331739,0.772997373164372,0.796536726792457,0.776206492392604,0.758871658528605,0.781680719760216,0.746840121183919,0.814664782625948,0.779161099407191,0.720986928266533,0.714560707561655,0.807623549047688,0.786688333842319,0.7658845689261,0.733733244611926,0.793182621431087,0.817199064865627,0.774879744122094,0.731015486571584,0.824412979629175,0.763093132791641,0.817625388954371,0.77898629059019,0.760451870246725,0.755157921486917,0.778034446688039,0.787197297086262
"62",0.788767826383077,0.79883805912005,0.811982619856085,0.809152191654238,0.794059565411049,0.786115858821215,0.801739364601286,0.823998809742967,0.816106295711905,0.818726766065973,0.828540215917009,0.875170020708852,0.812670962253702,0.809859175675863,0.817216474915241,0.804516157729688,0.817147095149408,0.823806332184891,0.802595653226952,0.794748319871358,0.793472979569322,0.823702453077725,0.802473745416932,0.754867035625255,0.757447722264358,0.771287393789835,0.765522543385224,0.736584665707529,0.826523067012894,0.807832748256298,0.843834930102593,0.8330328033894,0.800846417513242,0.807113941400217,0.793165590744985,0.816184295812993,0.798925288241666,0.765198355494441,0.776018688056097,0.829947252506974,0.827871321574324,0.793546964915399,0.829816553055408,0.833354602921467,0.814168420002976,0.746057546759423,0.75233273176246,0.750762954419513,0.736271080746837,0.735919748238297,0.821110004929378,0.799912849922669,0.814716678438984,0.788520273757142,0.807975941456078,0.675473220484224,0.801614877443952,0.802913884552636,0.809185624390374,0.794551159390235,0.814847695559585,1,0.795485477530969,0.829643336569029,0.853573379740901,0.818726065437189,0.832162287949954,0.812797886279712,0.835130479287752,0.856647984283257,0.815365913501155,0.799107398636306,0.844382656539412,0.818858068768849,0.83982599708678,0.834061007554081,0.803473189158633,0.830744753344185,0.722124177708028,0.778963420313463,0.784798864058707,0.799011844203195,0.819692497201795,0.808678439573128,0.801464683394824,0.767318908637414,0.774683248417879,0.811757615932702,0.764063884792103,0.778109430429164,0.790085790135801,0.800665191909219,0.767536640681455,0.779006557869649,0.802824255974876,0.80441307396655,0.814884548924933,0.80433488420011,0.752582505157197,0.752595707723005,0.777080924304929,0.779048106250647,0.752448361749776,0.802827069268496,0.773583727874422,0.786135547180393,0.808617552772563,0.760098563588474,0.827847003238003,0.772902886410172,0.808603145515092,0.778232468604514,0.778330811012754,0.805619757254478,0.77333670898726,0.787589975729487,0.707289133473195,0.768557591193734,0.711547710116179,0.782491822702579,0.808357563295849
"63",0.836840782249417,0.846715272437545,0.801396169962283,0.828053403676062,0.834692883992055,0.832828177203393,0.787769660400391,0.847852624881419,0.783432224988787,0.789509972230102,0.80260214838754,0.817664457398761,0.812844763424224,0.827667990868112,0.833146894653805,0.810325584293666,0.892526476409068,0.82806580055452,0.811366886661375,0.799127615292265,0.82775569317955,0.80915540982723,0.811896535461456,0.743765765277207,0.756412566070557,0.772171072468954,0.764732569837205,0.755409301023665,0.82070460196636,0.828300499220893,0.821647944494231,0.807546820358125,0.794288943936477,0.807144377721879,0.800672938944315,0.791240396441339,0.805255065638972,0.774401156010788,0.777276691795126,0.798143991263158,0.838874651885075,0.783967543431461,0.820731371842328,0.827421805475783,0.831273813240374,0.750563009321993,0.747825741569058,0.757306147343697,0.754043823004053,0.765427173792011,0.818611936299008,0.824726925897476,0.812940866804006,0.819052655233943,0.792628978336877,0.76797914663867,0.810933847127536,0.902461397088198,0.902432839602066,0.847239064670759,0.780905646319864,0.795485477530969,1,0.836028975422144,0.818139760701949,0.778952031200448,0.831735051247026,0.769424835239401,0.813016107476388,0.815456405899134,0.906010719353513,0.817290695840227,0.80252183604416,0.902915879672949,0.803221297734361,0.817874583486522,0.825979347227105,0.851823594429151,0.696203478636376,0.75873213424614,0.792405927701473,0.8225860914777,0.845881167346042,0.800095810394004,0.8061880188976,0.781483463130508,0.801966999089995,0.813643381816433,0.821378512599711,0.828231634781149,0.784180726206535,0.782287728210296,0.837428905306196,0.803021762892375,0.81833598398599,0.805019813114845,0.843399641677419,0.858766802971442,0.752413464494753,0.795215247168258,0.766751748531973,0.829222520133058,0.831617705233871,0.816732145343145,0.79162942797889,0.818875542337306,0.820871821576392,0.788288981906441,0.805764478067153,0.807789994205328,0.788110645536011,0.825442830724571,0.783207520484894,0.825822999534509,0.802398438041915,0.783319107493388,0.808508112787642,0.794791849357382,0.755193580915688,0.809205224215657,0.864075505091784
"64",0.807155063760878,0.814562448264797,0.830549364088213,0.83517612245055,0.800857754404201,0.805141278135888,0.790930883370197,0.867633050859354,0.822595488384917,0.815084453594457,0.838653145985408,0.844889292479547,0.830631233674111,0.832629498985304,0.826004515225226,0.831417524124811,0.840214955150068,0.825961434044124,0.833331346523224,0.763665155987532,0.790649151482192,0.80894964980184,0.783564696026338,0.756643832804865,0.767547452219157,0.77817480353796,0.759686083352433,0.767563916083233,0.835999325874903,0.831325532950923,0.83696239527646,0.837029957904629,0.797356157185298,0.82595393339969,0.792742916958029,0.808645288612416,0.798946287745332,0.782761284050738,0.783676967015285,0.853427909720349,0.815439827907614,0.80167240242469,0.860222160019945,0.829399207625365,0.799148257053478,0.766656232787346,0.750713258430401,0.768392869393279,0.745273646201992,0.762364475777314,0.820551963453265,0.82744940909353,0.807367783102325,0.808952603139485,0.836342456764395,0.743752317251762,0.8298228097239,0.872314210087654,0.854930001056224,0.824701091439556,0.816690616939724,0.829643336569029,0.836028975422144,1,0.842338036235476,0.789057109075023,0.832672596382549,0.807044928661244,0.835232949301994,0.833775079527293,0.857692277328614,0.780499273563163,0.833660100498155,0.85857264925767,0.828769507015017,0.824147219068233,0.8055917035748,0.836414617704389,0.700564883130855,0.824713458785637,0.809990483791183,0.845337689016541,0.854358807859875,0.814312028987666,0.834580320810604,0.790107052489845,0.77319842104613,0.815379331812907,0.796319662487155,0.837487686404611,0.818343027544147,0.80039615664751,0.857116569652613,0.817434029163694,0.813346508382855,0.789756323727915,0.841848438527329,0.848076894004785,0.802150411514371,0.736861104254958,0.780702874214366,0.821494644265405,0.827962107061107,0.844714031363036,0.795515386088232,0.865135232549872,0.791475276234291,0.804136808067007,0.811044543223404,0.790540487674873,0.820578415781557,0.801017536793203,0.774340425913004,0.830542498245514,0.782990478252857,0.785292876623681,0.820423196570888,0.815300306677804,0.811635056077418,0.788523849909374,0.850539832846925
"65",0.834002599231135,0.809799853619488,0.824591686068438,0.842819055644651,0.808891225173497,0.808676183321378,0.800407385283029,0.826614519033772,0.851522387493939,0.804697669294855,0.92233619738814,0.912749057776134,0.868934935402307,0.870430409349742,0.802183333550252,0.854590994914168,0.80439920419484,0.823061746157439,0.820380498616735,0.793896602626597,0.791149694132006,0.841118562730916,0.789444087258202,0.744883519587817,0.758894949836009,0.767131613926061,0.76585474906471,0.766698885277498,0.848555662048321,0.814645607749982,0.971123198376173,0.977097841268589,0.794221764479968,0.857045467860153,0.787891757183596,0.773846604861379,0.805264839746774,0.790760543604588,0.79590064597733,0.79986668230519,0.86267387218461,0.807637003833057,0.806955585781759,0.828386533335418,0.801913085043605,0.758789912994354,0.759247275656375,0.765981635492147,0.746435963457181,0.756101835172281,0.859044312853905,0.832857356430043,0.807369595748734,0.80526424371051,0.803404174241629,0.735941618898395,0.865604848638203,0.823575254658243,0.823678533170847,0.824924680685845,0.817841721577666,0.853573379740901,0.818139760701949,0.842338036235476,1,0.792165706897464,0.81146789011401,0.775078540836103,0.80474458863286,0.97708644782143,0.820137497761756,0.79252445699021,0.973553740389425,0.810460678106146,0.936731959730592,0.934951847881145,0.818845080947495,0.836564845963964,0.708768708960631,0.804059387399171,0.776106617484443,0.844822381876606,0.840273870492879,0.826141373423159,0.851194920967592,0.822972829481946,0.80484306838785,0.811914599783899,0.800810016265113,0.828647539358864,0.776715343926656,0.819456097535298,0.856909750512809,0.824418624910323,0.858309518851443,0.812625205560102,0.880247793056581,0.858733548355892,0.756212603252295,0.785130689284987,0.791989916905349,0.857634346252482,0.842450775999719,0.851881326367043,0.816398325289453,0.870402851176612,0.809646869390045,0.768449013851943,0.771779330655537,0.791562097062217,0.813536613313066,0.812956843623128,0.792741651933355,0.818103084538268,0.80689995891168,0.819199446274671,0.79565865561382,0.808797045600917,0.803348940196046,0.813854597408607,0.859573291838898
"66",0.793321886954654,0.834315624067984,0.793029125876407,0.823637378529894,0.843832296316037,0.842133516033333,0.920268227937806,0.785137573127117,0.756585755736316,0.910062380689216,0.813778995451828,0.787915513232009,0.79287247168458,0.796795554901123,0.874850524983992,0.801859335033749,0.785869205873826,0.796354454652073,0.786689285272701,0.859876593576348,0.83243921146896,0.869712702339255,0.847028256058247,0.743643232693144,0.762347671564268,0.762667948325598,0.748337376523782,0.749002693770982,0.81786000997168,0.869691602351317,0.796273261827234,0.794812619577849,0.929022901735992,0.794243541430378,0.799691960417609,0.800673387802502,0.830497345748053,0.78051355041408,0.831529008833551,0.757692193444373,0.819075386999374,0.955508328336839,0.788608431751194,0.823687129374781,0.807900091341617,0.755302022383249,0.749436664321525,0.763684520174997,0.729737336885402,0.733668794832733,0.801863667950669,0.879935904329362,0.902071479895181,0.809286082479672,0.746298620606176,0.74300868132257,0.801917155947954,0.781883412706487,0.767299169340408,0.835844614876956,0.751732899630947,0.818726065437189,0.778952031200448,0.789057109075023,0.792165706897464,1,0.815593453141983,0.783394421314087,0.757764163350327,0.794516295006951,0.773868886609016,0.832582503185342,0.79489283167855,0.777438219848562,0.796370048215651,0.806026566241582,0.851773519786357,0.787261052045073,0.763050413714103,0.816090300547664,0.816472369944223,0.794440003930796,0.819525639572053,0.810158505255104,0.816507572334533,0.797610691793753,0.788978785243134,0.771845375607666,0.811640839862178,0.833733126520359,0.852121090055218,0.827307191740975,0.775716728786613,0.80890768168325,0.819732929465942,0.812455424748947,0.834444512171406,0.814270985103874,0.767839286979182,0.728511583782527,0.764016302543446,0.798286967691792,0.795569832250367,0.806664291213922,0.785033546028824,0.751230171592139,0.785480912135521,0.802783464989601,0.818754501927447,0.758973791548082,0.804465448515745,0.822820434602531,0.776861713185256,0.82262407145855,0.798440710420269,0.812196406581776,0.761753387385276,0.810354286481396,0.835939536484717,0.74997562429667,0.82171583098498
"67",0.816966717708966,0.817905165864994,0.834400451825644,0.840563825356418,0.812859855719216,0.806356915298607,0.795020445929436,0.847545199330262,0.79725077024925,0.820389610746372,0.820895169934047,0.840227633205374,0.807579133111339,0.816813332881919,0.801210981788238,0.822127324255646,0.824971450546482,0.836883788493684,0.84080669984998,0.797039575117663,0.802299749140732,0.824656591295517,0.806932715723125,0.761912561533792,0.754992904002003,0.766852295532104,0.759452859398447,0.744300578232394,0.852907726716575,0.809372482175865,0.814663634609922,0.816590186622359,0.792093125940897,0.832060981348052,0.844515822448625,0.805226413476351,0.79220304767747,0.774879814916879,0.801286855391568,0.819823178392123,0.846512079653937,0.810604767871794,0.826827127825479,0.857391141789541,0.844725736759922,0.768711966201813,0.761802788312487,0.762896941651533,0.754801314386511,0.765828930033224,0.836821482402573,0.837743110448696,0.814863100556769,0.831369743059876,0.792523197686129,0.700034427831989,0.824980437522785,0.82616930774225,0.823265629280168,0.820223895988457,0.807667964557936,0.832162287949954,0.831735051247026,0.832672596382549,0.81146789011401,0.815593453141984,1,0.83351863030946,0.811591678415174,0.823535523540288,0.825949639802541,0.799941438950769,0.820464281342375,0.820070130209248,0.798941406068352,0.819125851055362,0.849262322949413,0.843289340147364,0.72388724749864,0.814915911552883,0.779250354812578,0.802780820577443,0.809206862741129,0.815746726995912,0.802927689954993,0.774244964276256,0.768321009324066,0.805964050992201,0.798592963860121,0.814601313032312,0.827406995440088,0.823243685409274,0.781888419017486,0.831218940950127,0.784577835547033,0.835405977202822,0.806963752644185,0.821693495306712,0.816453538740751,0.776084496401328,0.768975836394763,0.772466048770311,0.785936466547315,0.767031301192857,0.828000106448214,0.782205251838592,0.789467508770691,0.782497753834873,0.792413121509684,0.754623587189593,0.815812095691819,0.831950272628788,0.794397994652522,0.814826354316959,0.778058056886323,0.755875832449305,0.802949206730079,0.793609366768053,0.760821915140445,0.758109937228474,0.806903382214843
"68",0.779267837950175,0.819476806293381,0.802946715486882,0.807184994018935,0.808899067257267,0.802791398955155,0.783221672422781,0.826017284499268,0.80150420718019,0.798463441065696,0.797089827556293,0.806015277975185,0.774821097122516,0.787053276236261,0.789520169806538,0.782887204058884,0.791160751186614,0.81759079501181,0.799283122361338,0.784546343867475,0.787603268486418,0.790875997582886,0.790502787104198,0.734310639924496,0.735215613930752,0.732605645800698,0.72117852899708,0.715580846378042,0.800548395361971,0.77794567530144,0.77892527085738,0.782444538356201,0.788821442585386,0.802473058657535,0.876331870043538,0.852029930109635,0.793128359776615,0.76435216933641,0.780433827964778,0.845818765381648,0.806184507493742,0.777302147688424,0.818483075967744,0.813705488486469,0.803439933282873,0.732843611504828,0.723874459622823,0.731051342634115,0.72494691408871,0.737079640283804,0.804826881876828,0.800736150767151,0.787388866007234,0.87416392323142,0.831197130377495,0.693008526779066,0.802303056243351,0.796124208547585,0.769840883422982,0.80468195826241,0.800368610104652,0.812797886279712,0.769424835239401,0.807044928661244,0.775078540836103,0.783394421314087,0.83351863030946,1,0.840978599889076,0.796700179815847,0.792297548893218,0.788122871640832,0.789597128057804,0.789957325086791,0.778711460126251,0.810925052443506,0.822662413843149,0.81201387225761,0.7089050588429,0.803169409843957,0.782038418889079,0.787363050276354,0.792525552693444,0.821284950681824,0.775883798704211,0.802641492915994,0.780860166974179,0.813417095172376,0.748972890221032,0.781871953766598,0.783386871544041,0.800129487237178,0.800201055486345,0.762272046090186,0.783645822770811,0.812388772083048,0.761728313301367,0.810729837678248,0.789064234259706,0.728872884968319,0.7805858704566,0.775760219607707,0.763585494091418,0.763735030011649,0.780233161645777,0.782511413833917,0.799961171296703,0.796013660952706,0.806183323449203,0.814576163920127,0.81498945973045,0.807313502104104,0.80507836553538,0.791570286695082,0.784819266690063,0.75751251840025,0.784848633758617,0.754546067617448,0.803707176978493,0.806168560806537,0.795352840926066
"69",0.770070641597634,0.77857521979179,0.776223961458197,0.783722433723847,0.767852618075744,0.774763158278453,0.761522872043791,0.837047565006964,0.781990114745159,0.773786393506793,0.7912312878964,0.83571999440626,0.805228863583001,0.798901332207602,0.786988758269536,0.791377518005044,0.801363958027365,0.805597251143502,0.821044412107646,0.756207849353906,0.756981652776059,0.784815763757796,0.761122581845482,0.736793582746238,0.735242025681962,0.738011480447004,0.739934553079336,0.729622607122994,0.800612894976142,0.798441812598621,0.811594550010496,0.797877306350179,0.763603164347651,0.791863546831211,0.762934978150219,0.897157390718819,0.786482957719849,0.766096720140974,0.772931615275963,0.946646280100168,0.793851742477073,0.754641082987209,0.879190228492815,0.823045360906726,0.778751126355308,0.740831337489443,0.733614983264627,0.74356455659738,0.721825692307392,0.730786258822898,0.789289583439265,0.805122336861187,0.775593720623183,0.777583971116058,0.909916905609858,0.703109428891597,0.797700969124884,0.817751052577888,0.818040683458872,0.793829834789962,0.778428972389172,0.835130479287752,0.813016107476388,0.835232949301994,0.80474458863286,0.757764163350327,0.811591678415174,0.840978599889076,1,0.808236136379211,0.832798650585384,0.760731487096465,0.789577080211781,0.814338938123961,0.776057538125312,0.794008033244963,0.775161668743771,0.805527426981053,0.669066998276774,0.758905709003212,0.79859840956325,0.799161957862727,0.789987484955566,0.817847721258347,0.768923925976685,0.788977841474879,0.794438666934907,0.774509006440195,0.768764698367244,0.80678495450058,0.753155514648087,0.776227802533221,0.837751472518042,0.786530439678048,0.794611472905832,0.775744336458015,0.781729838718349,0.804703956693712,0.773423320388524,0.783601717585532,0.749411769852435,0.788387920857242,0.812622755634365,0.794997519782278,0.729006935285171,0.803542123430531,0.813621048920221,0.776753973003653,0.805991667690588,0.806961043285184,0.758521680726386,0.819186559861299,0.778440027384721,0.78325412363172,0.795736969573043,0.790739330331168,0.744242627126258,0.764315942753198,0.746735662701208,0.7725039778868,0.822168745526792
"70",0.830812595945386,0.821108470943101,0.836041275122049,0.845634376056625,0.815472931106514,0.808239066574928,0.803060470964466,0.826716753311359,0.840751163880849,0.795225793590089,0.926405404686994,0.914815994207654,0.86300587694444,0.854915226937381,0.811477122003032,0.851599865675436,0.81079128393755,0.827255046833664,0.821800754459112,0.791839712026709,0.795354270808169,0.826898496793555,0.791209552556385,0.762022626341072,0.752285099990798,0.761871872451342,0.752960922074107,0.764440378861229,0.850474501003702,0.805690564819384,0.967883729105487,0.965971129331217,0.793854328469403,0.857340389242944,0.778860375004235,0.776385780725993,0.814482814028922,0.785601668572922,0.803086522690026,0.799437781686283,0.864463757853367,0.798670492471599,0.801526895576571,0.836588584197564,0.789553101094162,0.756606043840558,0.765439300092295,0.76451607216492,0.745797324229435,0.771955545256352,0.860706954239992,0.817436453036411,0.798162515425444,0.789637451009371,0.786214487446355,0.724651143499975,0.850458007345999,0.815431373576677,0.810281301135217,0.818607939205768,0.818917573082128,0.856647984283257,0.815456405899134,0.833775079527293,0.97708644782143,0.794516295006951,0.823535523540288,0.796700179815847,0.808236136379211,1,0.809262482084247,0.799350859891246,0.969678510380344,0.811724142829708,0.941172233692559,0.921097632970513,0.814246152065558,0.848025909904973,0.716862636456842,0.793051709778292,0.791257242073394,0.855146371750644,0.845239145313341,0.840089155490738,0.844037867827818,0.818585794451519,0.780239373458755,0.814536419612407,0.795345261330449,0.819316814815939,0.789367800879699,0.840245645874356,0.835272609634905,0.814108361047018,0.835955806113063,0.80429371340735,0.858374384966169,0.858834687074711,0.748202549010981,0.780014041373261,0.795187068162472,0.836415773262452,0.83557818474373,0.823306868775555,0.782808081862315,0.857296845581156,0.813006091262138,0.752682237070305,0.784607500940042,0.769833027242603,0.835881435411499,0.804532321100111,0.806479212832737,0.815782316046635,0.81644804485662,0.796661325756316,0.793896254263876,0.783046571814615,0.795307926747054,0.810308518697051,0.884757655845769
"71",0.809345246618007,0.798334698664323,0.798825375613587,0.808826139955286,0.777608190439504,0.782140300052897,0.788769593666816,0.890975210265926,0.78165044795925,0.807335434050359,0.805425426996176,0.837098027813675,0.7865835170983,0.802723616325099,0.861557366693765,0.792563024669338,0.951497870911467,0.825058736982226,0.833371589715395,0.779283500817696,0.782169458049974,0.796870837763964,0.773959543999333,0.756287994545265,0.756758829923925,0.763505541035423,0.75254618758485,0.755238345755957,0.825300760898741,0.860645836346541,0.81313664638689,0.812772171977632,0.767835060886981,0.790938323209788,0.788641796280226,0.820886031238788,0.805446273057206,0.785525357470185,0.777185196710558,0.834239373246258,0.816250557225653,0.781718002245249,0.835968078917297,0.831651187123066,0.82246915194294,0.766081872129765,0.768755540337996,0.774266446095419,0.751537428624882,0.768131080063402,0.784116817960211,0.807275251694065,0.786746179052009,0.795126173495855,0.795609443175732,0.760889334505227,0.801034230245221,0.948410961815729,0.950886803298918,0.806297989219737,0.799368478399239,0.815365913501155,0.906010719353513,0.857692277328614,0.820137497761756,0.773868886609016,0.825949639802541,0.792297548893218,0.832798650585384,0.809262482084247,1,0.784343675446611,0.80554845184183,0.951467368539897,0.801125043853283,0.823482205579535,0.783513495802079,0.840007243279667,0.693391379136451,0.765399522233704,0.804286138887276,0.816491209912272,0.830141307645808,0.794003254852397,0.832673864397589,0.778535466727184,0.795218564371255,0.781359412804971,0.792369960426677,0.789797787880562,0.799781482973938,0.791384549053087,0.821660884444815,0.767184321564063,0.829320370856669,0.797151009366708,0.849963789544646,0.820896652086912,0.796557650246068,0.771806701515114,0.754850443671587,0.782377830386089,0.792579746814924,0.804556599936284,0.77557554164946,0.81066609694746,0.812491026826218,0.778878888631609,0.776828545516124,0.81142182362753,0.810592678096093,0.760226204072933,0.766713871434714,0.822886832462685,0.766881250811968,0.793866749017334,0.819957709459725,0.800817978843105,0.790511758388446,0.770939449314172,0.855980316903176
"72",0.815097604672056,0.836985538658973,0.785853825893283,0.802045154750621,0.826224922587604,0.825393277617891,0.827662140836223,0.797264577251584,0.783697650163374,0.856046369348223,0.81795450646,0.786873305526599,0.827105204137373,0.822020442673314,0.803178006704787,0.815313752504741,0.791941049119419,0.829214869518271,0.793270963196333,0.935185541969601,0.960642672187295,0.834535350275101,0.950361665447095,0.734480264251316,0.745175286189038,0.749163937239053,0.730793068571865,0.73035612020189,0.807772135165471,0.791404966321045,0.789870213733866,0.783042353442099,0.868461079177667,0.818842009300483,0.821595079824521,0.783123710510865,0.831584026448906,0.768912337115146,0.786455591006839,0.76767272813611,0.836256665660411,0.830494837686143,0.775198065787531,0.817219860500441,0.844150329605477,0.748096714954665,0.727745160206541,0.747648815078478,0.729250798257697,0.730256841766202,0.834714416671024,0.826931905507969,0.850354085653075,0.810283923809213,0.743904436568616,0.71817699635527,0.824224775812969,0.766066607635281,0.767957389410958,0.821028915184883,0.784722734714221,0.799107398636306,0.817290695840227,0.780499273563163,0.79252445699021,0.832582503185342,0.799941438950769,0.788122871640832,0.760731487096465,0.799350859891246,0.784343675446611,1,0.804156156853836,0.771375854241098,0.791932649677588,0.801820482469207,0.807288483580237,0.820766384165034,0.770147803155056,0.788246150878299,0.814635246253766,0.791941275649615,0.791653443225894,0.799742130936728,0.817426031961267,0.766357773430703,0.791094510641849,0.779101896610947,0.789808091589295,0.715057655478952,0.781576282912132,0.798388154645345,0.783321838017983,0.777653276599619,0.756327773062194,0.740296306980453,0.820613856180943,0.806385411627008,0.766943369316583,0.745316872280643,0.789165471350077,0.758714310491252,0.764110789882768,0.767031972770183,0.803986500770904,0.782042777666963,0.809814586964761,0.793502708271766,0.755059926322053,0.762992438490341,0.785388535104789,0.769895000086099,0.765412701322329,0.79800379275318,0.784262241733907,0.79288464077476,0.759146932561106,0.764883455970642,0.753154830224672,0.778719687676454,0.827968404198517
"73",0.839721270703225,0.815056351111836,0.837556310981625,0.839498037423951,0.80983188033479,0.813638668689539,0.809270012635415,0.825390648553722,0.842432449154297,0.815749346754026,0.926736193804953,0.910963456606965,0.848666979078249,0.846221660217898,0.807243111789544,0.851053154315863,0.821624291089816,0.82139318484698,0.825999843720374,0.787228465338713,0.789781491463271,0.843349440428577,0.78836298020052,0.754794157436796,0.753918939419536,0.762732528052126,0.754095009320709,0.757841126562419,0.852277739965307,0.794548814328815,0.963461259937878,0.968371036200937,0.785771992572953,0.847717870340135,0.787868847163198,0.774490972581042,0.805705399815912,0.78536881240485,0.796531072599281,0.800355979840464,0.85898644597798,0.802942649147761,0.795340299989073,0.839365617964844,0.809281204067696,0.760208718571014,0.748161510905112,0.759069782114129,0.750179767431034,0.76073500052782,0.85935627892626,0.804738077808942,0.797251957421284,0.793912591252472,0.789033745614652,0.703972413268633,0.855232118711757,0.825899588417262,0.811983846536126,0.804755421028228,0.813713890570041,0.844382656539412,0.80252183604416,0.833660100498155,0.973553740389425,0.79489283167855,0.820464281342375,0.789597128057804,0.789577080211782,0.969678510380344,0.80554845184183,0.804156156853836,1,0.815143955515991,0.941047457472697,0.924348842528693,0.801940326123059,0.838038661376952,0.709086300969526,0.832364922864665,0.795663892985647,0.815419866417896,0.846680412152016,0.844081398657462,0.838992772972766,0.800055377765015,0.78030413956065,0.797803740324935,0.773237174917782,0.797901409820564,0.802015659392123,0.814551454737182,0.819856153570893,0.819338853478191,0.830090533272629,0.793913545031045,0.865748629935125,0.852654746177449,0.741904496727438,0.763204755247861,0.776095152516652,0.820320595016487,0.827123924117081,0.810722517512001,0.805231023865511,0.851311665245384,0.803361996583582,0.782284029548917,0.75456177441686,0.763189093901975,0.820775563634578,0.786286005330615,0.798212051608261,0.799235986019385,0.810656793482275,0.798658787221665,0.79985283312902,0.776719875313898,0.798706901246288,0.804524122743914,0.849075200418159
"74",0.805387053491354,0.799523661486474,0.815773905570764,0.795404760317915,0.77928652380757,0.772923574761028,0.779512061298303,0.893679465178698,0.783757289314194,0.788798766411656,0.814948062889672,0.818424700539622,0.79123081392367,0.799438646730137,0.866210604186042,0.791238986200268,0.97661030399088,0.81308555813395,0.828908954679358,0.76061906338827,0.769138872697349,0.803240003638597,0.769660476257758,0.750615856102524,0.753709986430606,0.753852673380315,0.752356004766514,0.750243775614682,0.826141567820466,0.876261460457433,0.805981179487825,0.805246216649004,0.772914689414855,0.793498346275425,0.774228520537959,0.786073021966652,0.79435916292285,0.776353895273427,0.758366469809869,0.822698951869274,0.805096201072461,0.778329599148856,0.815587282595248,0.844421845125571,0.802160977796932,0.750978529769906,0.7531227993524,0.759412195672806,0.736998031891664,0.759692066878137,0.794999554878417,0.803526477092639,0.780214412396145,0.792681288449851,0.784872125360791,0.771539086848775,0.794142686039961,0.96589299348852,0.964333918460284,0.791909242293409,0.778040347374959,0.818858068768849,0.902915879672949,0.85857264925767,0.810460678106146,0.777438219848562,0.820070130209248,0.789957325086791,0.814338938123961,0.811724142829709,0.951467368539897,0.771375854241098,0.815143955515991,1,0.811767799135313,0.805319462556198,0.777756644468354,0.84413718162582,0.686692200168781,0.777920722028681,0.775959458306031,0.814677147217306,0.830096586223536,0.813586593074468,0.832913980233446,0.779973115695072,0.786412769815252,0.800374615679635,0.779528815954854,0.801675203561175,0.807122117246878,0.792399658846821,0.816393193650744,0.779803085079885,0.819932784466264,0.796911149859185,0.844233188783121,0.862045012452395,0.73214884637927,0.719421856364855,0.782470105937584,0.783831853132923,0.782510686429917,0.793416674039018,0.784698521840545,0.812862233791747,0.799432354726331,0.742193924117626,0.810583445758296,0.79449749668471,0.789238507594326,0.75081201831888,0.764698873059494,0.805329948876752,0.79113316302629,0.787962412566119,0.792933799860246,0.757505708470847,0.761108750745911,0.779187697588738,0.842041655074107
"75",0.818902015692229,0.808201020641119,0.838734183269226,0.84072185242947,0.792910731841076,0.797719717655708,0.793811621918368,0.812535486644617,0.877424503238499,0.800141676695956,0.887225248263198,0.890727680463314,0.830878259391252,0.849723910130451,0.78743789640197,0.842197973331248,0.814696338859392,0.815654981192772,0.806170244092788,0.769586865424988,0.783655648285344,0.804012780655426,0.774404016441043,0.737078904974346,0.748297621626336,0.747216634325945,0.735605917275462,0.744450286853221,0.843123169916866,0.794639972535322,0.916233519496613,0.924396093575816,0.779719616362076,0.842011673957234,0.767557953053239,0.764602648103418,0.786806741150259,0.763409151443945,0.778780518623203,0.787496167994236,0.86471308112817,0.783719512057324,0.810342526785035,0.821389783958101,0.790349554874421,0.749411225390424,0.748382455509209,0.745069698844064,0.734498288569711,0.744125024230358,0.8426995679514,0.799894403704869,0.786063518776682,0.786654729833169,0.771502870277936,0.687619808746532,0.84176139640746,0.804415610982517,0.802154873083104,0.799579387776845,0.840684470692745,0.83982599708678,0.80322129773436,0.828769507015016,0.936731959730592,0.796370048215651,0.798941406068352,0.778711460126251,0.776057538125312,0.941172233692559,0.801125043853283,0.791932649677588,0.941047457472697,0.811767799135313,1,0.891684997788761,0.780275184453647,0.823121735694585,0.701442962024476,0.797639293997234,0.766448501383348,0.806210789004243,0.84271910972303,0.806070943146086,0.834358688786141,0.792725814455305,0.790687880733616,0.805216824309656,0.770402101148145,0.774248060064305,0.772558793223334,0.829802261190182,0.807289118511734,0.74511642216633,0.821888739971929,0.771075252976715,0.881610113093068,0.867791210995914,0.673941775784018,0.763316988338705,0.733702862713388,0.813495737976561,0.795134534080619,0.798240923627129,0.792449079074459,0.837704821396051,0.806056016666752,0.748853284902747,0.780767344611882,0.750724819269247,0.80969341242139,0.785069013589346,0.764637167194839,0.809606414759602,0.806469549038906,0.779827067070619,0.77843781313184,0.779694199521112,0.797206022105158,0.770685591737103,0.850784855928457
"76",0.831719889360319,0.825436167779055,0.824004908901304,0.847529448563573,0.820503693555565,0.81955592312597,0.800917622156413,0.823385259785334,0.852771121900284,0.793613613570288,0.94703554103756,0.867873393998805,0.842825349405483,0.861951270721782,0.802175866037591,0.855444874825386,0.800557127827338,0.836782101985801,0.825552788936397,0.809845467106612,0.819016247835319,0.840645642823842,0.817505420559281,0.762607174003478,0.773436571923205,0.758699713325784,0.763769647031003,0.755406276810631,0.844769590878546,0.809889243835976,0.921393738497376,0.937229588356204,0.792960722335332,0.853812184914569,0.820833130130455,0.776599522294628,0.820959259951275,0.787599015406261,0.812975393138952,0.793917839472321,0.864337403777051,0.796558364795327,0.800759184829416,0.843766182065354,0.845567420906086,0.77367415311051,0.769263716804565,0.770378292043412,0.756248594752421,0.75707361618908,0.864882731513662,0.817081607281576,0.805914323562049,0.81849007692643,0.79673323251179,0.708671151009208,0.86478907857969,0.809490468198297,0.813298266532935,0.814139313585996,0.835918187455378,0.834061007554081,0.817874583486522,0.824147219068233,0.934951847881145,0.806026566241582,0.819125851055362,0.810925052443506,0.794008033244963,0.921097632970513,0.823482205579535,0.801820482469207,0.924348842528693,0.805319462556198,0.891684997788761,1,0.80807379847081,0.849108357701365,0.723754193339375,0.807201664567801,0.797488148021079,0.815121051171817,0.808046627447597,0.829342897035148,0.798928898352218,0.823236752877459,0.811799675672733,0.790930502598511,0.826598650091913,0.807698868735075,0.808381590057377,0.802740784819745,0.831573837409934,0.807769219888223,0.853463039656808,0.832453868023772,0.838609491486336,0.799145165082711,0.762654850516948,0.789434858682659,0.809155228122418,0.833079677870804,0.802111264486927,0.834399529947205,0.802520422745823,0.836618460249447,0.787495148020853,0.777161578528005,0.782343609183929,0.800421075631731,0.82964384743299,0.829494682979631,0.823688704629145,0.828506366286565,0.810692631857277,0.812685458775137,0.828713098109537,0.821546681510473,0.802394121151912,0.812959268930006,0.830768023046406
"77",0.824945812948818,0.865827153895165,0.79672186545873,0.863226818240236,0.84986384245346,0.851111909592972,0.828447895503433,0.821988694068284,0.790659213905431,0.834067194849858,0.811925879108461,0.801313786317773,0.802830257972652,0.806753607995847,0.80859484313126,0.799292359069359,0.773866230772498,0.820209325157788,0.801595277195025,0.828980054550497,0.828885587779104,0.847074724174305,0.811277852076533,0.738610980319242,0.744873485540981,0.76378031409623,0.752906355511194,0.752850967390611,0.839860521298353,0.813717424461589,0.819047901987505,0.806234296544404,0.859836576826586,0.804860388138723,0.867702932650051,0.787095999568178,0.821771433403409,0.782892165197353,0.78470814822045,0.77686213630747,0.837139329566092,0.853619694295341,0.787661266649964,0.815611731812834,0.844435232141894,0.750401011803938,0.755186703440381,0.765028931425591,0.739418799480775,0.751276613364067,0.806433483817179,0.828554484846697,0.846138359234027,0.865342195126385,0.781388443058782,0.711428373906921,0.804893100934507,0.788915113585665,0.793678222327151,0.881702528104147,0.786965190644733,0.803473189158633,0.825979347227105,0.8055917035748,0.818845080947495,0.851773519786357,0.849262322949413,0.822662413843149,0.775161668743771,0.814246152065558,0.783513495802079,0.807288483580237,0.80194032612306,0.777756644468354,0.780275184453647,0.80807379847081,1,0.808301595861168,0.717352682855131,0.774013989600507,0.766728444823263,0.811744081795681,0.809946260993887,0.765535607772858,0.805039133951974,0.808925910200591,0.782160632377485,0.82476750174335,0.805462067795268,0.844640283270537,0.840125913395785,0.826552589966689,0.814769422586085,0.832875090956371,0.776843698625259,0.82969013871345,0.818853121468444,0.808208636645336,0.800417784787827,0.765190496910714,0.791928270074364,0.827659369907906,0.812238822256867,0.806416453104183,0.800515536532074,0.815873086732407,0.80283036420103,0.772688322900811,0.804989220291823,0.758190685951694,0.786586647411594,0.840282413313879,0.803619814258928,0.854538161895878,0.758846132625302,0.821312256495026,0.791944656832138,0.814852864763382,0.812702989162541,0.814823991980056,0.802126663873891
"78",0.824861715312978,0.811480379121394,0.826830039645071,0.829560683795459,0.804981383071843,0.808196461717599,0.794912995664785,0.837661268441413,0.810533956692866,0.797210519302398,0.823394193477827,0.823260967248501,0.838208875741648,0.837050452620054,0.810787875257651,0.842603444881909,0.845408761130101,0.855515986629678,0.875005286343722,0.813220630346848,0.812998463126232,0.828891151906064,0.829488117761809,0.762946097870183,0.757919061753253,0.759683291860511,0.754004119400208,0.73960181775493,0.834407405903109,0.832074320285695,0.83563289368783,0.830271788991921,0.797354609811094,0.846080364522098,0.799410731496786,0.786163691473927,0.812875289058492,0.760638163411366,0.801119234787213,0.806655990436485,0.842109739581281,0.788942350266146,0.836870951083881,0.890808839640757,0.828595864084504,0.764958706637936,0.753618017498907,0.750476267488622,0.754302611219568,0.742472922800584,0.846686162971917,0.845511317476708,0.791992780766365,0.791340296372399,0.781285987287623,0.707058263037663,0.844666176102129,0.842433850272011,0.845356659959084,0.802430366214801,0.818050310098454,0.830744753344185,0.851823594429151,0.836414617704388,0.836564845963964,0.787261052045073,0.843289340147364,0.81201387225761,0.805527426981053,0.848025909904973,0.840007243279667,0.820766384165034,0.838038661376952,0.84413718162582,0.823121735694585,0.849108357701365,0.808301595861168,1,0.724439191926828,0.791751165815477,0.817267657631839,0.813452677151546,0.817325200687197,0.839808172124619,0.785931487977787,0.78294180206244,0.747804152783624,0.804369798861833,0.781471606872512,0.731939601965733,0.802726137748052,0.822357532408136,0.828813621206672,0.77670286166794,0.804907326320209,0.82551874371528,0.786763948273629,0.791757525172016,0.785012357612649,0.786551618012601,0.81955061522214,0.786727107919782,0.782365967370512,0.8124544446497,0.769280632813874,0.795676996430511,0.797289994473025,0.747946324786055,0.842279231961581,0.782467189901141,0.813770103822729,0.780568485028986,0.782980603460439,0.808353049206194,0.768868288804538,0.76654615981752,0.778732275195888,0.755295098018119,0.745689026700419,0.8237702482536,0.814564998775433
"79",0.70811543075249,0.716856027392155,0.719069970416716,0.732832841168448,0.724182456967122,0.717097346948868,0.757980935723964,0.715736226441304,0.698342081681027,0.756294646067264,0.715017521858103,0.703020316279726,0.705606052352518,0.720241908832822,0.722609122832969,0.722197252481675,0.697584832130439,0.745091553001123,0.691885827896995,0.767169383411492,0.765269566093871,0.750358885612412,0.768336799750228,0.651253463594237,0.657539141379478,0.660105755767094,0.648742441717822,0.640136163063472,0.728778361344986,0.728785715470379,0.688683425086219,0.708871023361187,0.760077665971712,0.730014110344912,0.725385504921363,0.686161168211453,0.721128837914082,0.676105956281214,0.753792281731852,0.680724620263407,0.748878933892982,0.753031184358573,0.689372147484287,0.742209008272852,0.724458713673429,0.661712642560919,0.658133520237473,0.659358489007063,0.649185027494959,0.648453146177335,0.740175523336615,0.729649153983554,0.753591916202893,0.71372415482418,0.663022899510982,0.731292449953717,0.725968869783449,0.680175336386958,0.685993386248645,0.719215017777648,0.703435629743706,0.722124177708028,0.696203478636376,0.700564883130854,0.708768708960631,0.763050413714103,0.72388724749864,0.7089050588429,0.669066998276774,0.716862636456842,0.693391379136451,0.770147803155056,0.709086300969527,0.686692200168781,0.701442962024476,0.723754193339375,0.717352682855131,0.724439191926828,1,0.726439053264513,0.692911401743571,0.656269857606942,0.715121187597403,0.739831889728814,0.749723820147402,0.723037843773137,0.724611156351409,0.724431422580978,0.719591030869759,0.66284650350825,0.714712250240601,0.714898166950553,0.692122137064721,0.688965751879271,0.7064800253537,0.703844857505211,0.692590640098938,0.710831531077049,0.70264695537071,0.692950842369139,0.684356868397644,0.736703576327912,0.671586999542398,0.680599832367063,0.773400436901879,0.696545279442075,0.645940637672379,0.650549772120261,0.717381007746106,0.711316393912463,0.714384785028742,0.69617456424627,0.7392462973087,0.764210383856057,0.703759375916703,0.680303736736941,0.682607028263131,0.705936322958457,0.704441965081737,0.686483140109643,0.749384236178523
"80",0.797665037095674,0.809852752929984,0.803872215140173,0.790126586771995,0.822191724253343,0.83388445724263,0.82738405366196,0.784883573872629,0.799306214174475,0.818199134464835,0.811406100103263,0.785984365667473,0.800780326195336,0.783890875848312,0.790699799220027,0.802700249075723,0.79278697472509,0.780615157723305,0.780144828884514,0.81014735340013,0.770214635030449,0.794246711196177,0.792451114709252,0.792309111851849,0.779587973767163,0.800760671165662,0.789048441598421,0.787104077395627,0.758399351235133,0.816598526013188,0.759557713951381,0.792689444868984,0.78338290230914,0.808085235884765,0.786507062240694,0.791863082372711,0.769055426560557,0.779293738334835,0.793787881829224,0.773239696797598,0.780817012922616,0.812320527383303,0.809389680519899,0.810095989552776,0.811572970897797,0.804826744576146,0.793906995651651,0.788645824634545,0.723849369670266,0.777310166735167,0.834651552020713,0.803063046619107,0.795087508713675,0.798806830527261,0.79640972391853,0.777574970035654,0.822128495091062,0.821350879733427,0.7893404098592,0.785949184399309,0.791285167983261,0.778963420313463,0.75873213424614,0.824713458785637,0.804059387399171,0.816090300547664,0.814915911552883,0.803169409843957,0.758905709003212,0.793051709778293,0.765399522233704,0.788246150878299,0.832364922864665,0.777920722028681,0.797639293997234,0.807201664567801,0.774013989600507,0.791751165815477,0.726439053264513,1,0.804567511039129,0.796796049975846,0.819829930006474,0.832282414060774,0.807756611071921,0.780041340914686,0.767848522799306,0.793360719088761,0.794238010990397,0.796955635922669,0.811600019287559,0.822497788940159,0.777956078105088,0.830897892097872,0.807120078188439,0.781367013603564,0.813734290596901,0.810051922788211,0.796464307699857,0.78792417612924,0.76837605029754,0.821039920967931,0.800078994431779,0.784468476642598,0.809754935882342,0.803469302692534,0.779454613604385,0.808298859497568,0.765963033840552,0.77508757513613,0.823744427073641,0.805385380573039,0.814024301465258,0.796160241164002,0.807129143683949,0.791840292411676,0.773718380454761,0.772364403310967,0.805801659984217,0.798581314899411,0.821937613778956
"81",0.801650405236638,0.808153015787337,0.794921272043387,0.774005391336589,0.791801532147423,0.822150194127467,0.810802635158233,0.792129686203781,0.773231675393245,0.816550990452069,0.802216231761531,0.810302759852657,0.777794587473651,0.812532141229942,0.831976082205598,0.796766737940667,0.783087645087494,0.755339317935473,0.787091486815591,0.760717353443588,0.828320150669199,0.760641501544093,0.78934190924672,0.797717735027973,0.79207179221556,0.806784029580477,0.798358219664033,0.788125340448284,0.785037111760463,0.763509903804573,0.783409318305744,0.809431154992796,0.807124335523004,0.80258312037675,0.764271759501518,0.808153867600857,0.775562516704645,0.813791976199788,0.816418662184369,0.820775123993578,0.783216388097895,0.807297807660888,0.796731767980484,0.815693759753131,0.775555051920228,0.811581587275013,0.776333926638616,0.823008478847151,0.76109519800944,0.782234335668677,0.811358690706382,0.810692590412016,0.792237914423312,0.767730242136014,0.773753886730673,0.784952748346073,0.800298968743368,0.80393381580347,0.787953773516179,0.791807467212113,0.761510007765212,0.784798864058707,0.792405927701473,0.809990483791183,0.776106617484443,0.816472369944223,0.779250354812578,0.782038418889079,0.79859840956325,0.791257242073394,0.804286138887276,0.814635246253766,0.795663892985648,0.775959458306031,0.766448501383348,0.79748814802108,0.766728444823263,0.81726765763184,0.692911401743571,0.804567511039129,1,0.79706114370405,0.851487343814203,0.815346138850896,0.820354589213216,0.771711597637709,0.760043967231159,0.765028673642565,0.793980392664515,0.780257513293694,0.816841975526407,0.805212871584958,0.7908289065539,0.81738728987601,0.807590903276606,0.767366596024059,0.797714386025411,0.788179251724551,0.810260555391993,0.782732142077958,0.778985286815697,0.799957907181502,0.77808488153065,0.819933816712322,0.767200033383173,0.831674756186249,0.799518223456519,0.813604769313103,0.824245791390598,0.78369686830416,0.78906699929133,0.834482120286991,0.788994646185128,0.807729521202861,0.829585415814596,0.796708718759479,0.824675695590274,0.791458419554645,0.794267455010522,0.802754324251933,0.79597227164723
"82",0.805503281868856,0.803648250256012,0.812035931893905,0.795516586092095,0.82402980386742,0.800329928455897,0.792680334986848,0.81923547473452,0.822361769697869,0.790074906551277,0.832105602897481,0.81200009944641,0.860207259201537,0.853503081731317,0.82719862596916,0.835963238518953,0.781627573386597,0.767361787183729,0.812725054817069,0.771198082707454,0.801270612998844,0.782348730241248,0.796619051595683,0.782896107375335,0.729014359826081,0.763442771823385,0.781431428725657,0.773285443452774,0.782485257053231,0.813378585459263,0.828143833697889,0.819161041573892,0.848547829235467,0.864895596253549,0.761024320992306,0.801742197516876,0.772477870072205,0.790690281899539,0.810774333495356,0.799938789387629,0.796165137766485,0.845122250138834,0.815006472806505,0.779159586578821,0.721625846347201,0.757489416932424,0.744701710383929,0.797011469936202,0.727793300191241,0.78159856864525,0.84789716591046,0.843026098209104,0.828241157635582,0.809247718987397,0.824826629610636,0.770407004388108,0.842360106643532,0.839200104524528,0.826375030158596,0.807628227072679,0.798100641353708,0.799011844203195,0.8225860914777,0.845337689016541,0.844822381876606,0.794440003930796,0.802780820577443,0.787363050276354,0.799161957862727,0.855146371750644,0.816491209912272,0.791941275649615,0.815419866417896,0.814677147217305,0.806210789004243,0.815121051171817,0.811744081795681,0.813452677151546,0.656269857606942,0.796796049975846,0.79706114370405,1,0.837766950218943,0.79040120179239,0.837485637140675,0.818177624700338,0.809421648077573,0.810433578448097,0.813235376918971,0.839568016655064,0.811687311963315,0.839537267877376,0.858277350470884,0.837483055590043,0.84679252091279,0.838123661597012,0.844651757877464,0.863845802593579,0.774385650298338,0.777738756028185,0.803900023617573,0.837267997987947,0.859988482216917,0.874305822117594,0.739666652442706,0.863201628204577,0.848609554867607,0.811085477963364,0.778605825329881,0.778556781938882,0.842303846786163,0.826095519895926,0.838094403604676,0.840801713329045,0.833309900532002,0.815609030543113,0.837807992201718,0.804222747519326,0.809455706204104,0.814496411707824,0.861679045836327
"83",0.781353841322193,0.822518295971411,0.811790180163063,0.823496970216164,0.797663008023333,0.813168263330035,0.832699511621738,0.825332724510426,0.828767958377802,0.830543521706977,0.817190442735423,0.837646572661225,0.828760979989346,0.833005472874308,0.796294273288158,0.81830491298871,0.815777177926088,0.787824260111571,0.776363508214066,0.73011275245186,0.788692685835202,0.816972597381486,0.792503765010264,0.739312475792918,0.743183965001624,0.769789496569405,0.75789650799581,0.80170765670738,0.823152712633304,0.792064215437287,0.8295099241225,0.822405266302681,0.813574029432712,0.811971804566967,0.792640302580349,0.821022477776373,0.772540572247061,0.791444315213049,0.814621057213626,0.798440616912751,0.840744080106042,0.805158239159837,0.826375795667677,0.813376043347107,0.766424721815603,0.746163307989067,0.735685039441082,0.770939054387307,0.721502219429679,0.749430141434868,0.833972488687088,0.834833944691698,0.823368576530802,0.807806784678278,0.796073354961341,0.787290120941388,0.819573175806957,0.84638352925483,0.831740672565282,0.82902357628941,0.796473415749408,0.819692497201795,0.845881167346042,0.854358807859875,0.840273870492879,0.819525639572053,0.80920686274113,0.792525552693444,0.789987484955566,0.845239145313342,0.830141307645808,0.791653443225894,0.846680412152016,0.830096586223536,0.84271910972303,0.808046627447597,0.809946260993887,0.817325200687196,0.715121187597403,0.819829930006474,0.851487343814203,0.837766950218943,1,0.818200362679734,0.833550278368407,0.783453721445677,0.73482000821114,0.779436824009708,0.746187838473983,0.833436830602678,0.785924325284189,0.805931850264839,0.825484920018325,0.780467782504807,0.84086886501485,0.793710943258457,0.839809489806983,0.86337824923978,0.732336793386879,0.788233634569914,0.784116092386584,0.837786988690564,0.814778064826432,0.828435260021531,0.76439195084582,0.848154840718655,0.7727707378701,0.774134864329112,0.798140803592748,0.785514336564574,0.809836082580138,0.797399407411312,0.769946319232765,0.805183866480813,0.79477541070216,0.791641075808539,0.753732256306935,0.796126860075026,0.809412717870026,0.793412377250924,0.864447283155247
"84",0.831099218527852,0.84797791223838,0.82327220245383,0.851040627599148,0.831464808093895,0.832226970710597,0.835116120998329,0.817215966577888,0.805670453246607,0.834484140894849,0.849190077029199,0.838206780163657,0.827305914823272,0.820346260495966,0.809398434802336,0.818914633602546,0.814449016969854,0.839208919161903,0.804441556771205,0.803371786799048,0.760072712505299,0.844718455026887,0.817595119100388,0.816592504971834,0.777554053373136,0.78249301001813,0.784191767220379,0.740407695995816,0.823168054054977,0.803970153748773,0.834068877860782,0.831194309459793,0.783883440171363,0.836417910300569,0.76714910455738,0.797996728164856,0.820325897994723,0.799316759601067,0.796926735548997,0.816718977743663,0.834420942211917,0.807109983350002,0.816611670354428,0.828144969166348,0.81078417623095,0.777597081355752,0.75446260430066,0.789296111315492,0.777732743989207,0.797022489344529,0.832512104214477,0.832170716355679,0.834430975597759,0.823382630574977,0.767191206266069,0.727202642922812,0.843480725590611,0.793249916761773,0.781451292638054,0.812860886599981,0.807257686821664,0.808678439573128,0.800095810394004,0.814312028987666,0.826141373423159,0.810158505255104,0.815746726995912,0.821284950681824,0.817847721258347,0.840089155490738,0.794003254852397,0.799742130936728,0.844081398657462,0.813586593074469,0.806070943146086,0.829342897035148,0.765535607772858,0.839808172124619,0.739831889728814,0.832282414060774,0.815346138850896,0.790401201792391,0.818200362679734,1,0.80276169725443,0.790937101459836,0.815353113674531,0.801932283124825,0.798427917397879,0.783623666554265,0.816678520060566,0.820402961627479,0.799245926562434,0.822660487144156,0.804944218846018,0.774730245629394,0.789383202594112,0.834225258062985,0.776124545167545,0.75481622507227,0.7470085151482,0.77261701787299,0.805367650978708,0.792386497820427,0.767710153968526,0.787468794492565,0.802082539390197,0.774788365286552,0.816376082960588,0.835021038831872,0.790526829832145,0.782866058846206,0.770050810767154,0.80265191390187,0.814826231294118,0.797612641523314,0.772721408422137,0.749901221846113,0.766305092748948,0.824286192641292,0.815334204661608
"85",0.785326702301612,0.805268972779465,0.815135590868332,0.821586494789434,0.839083833260631,0.799228632322322,0.83791842896062,0.839394833759443,0.835688456201125,0.826590199884988,0.816847382394483,0.829090860272768,0.824262305992568,0.829471064948978,0.840564684192613,0.828474376656277,0.853882848086767,0.784343728544255,0.819378738266582,0.78173551763033,0.793042628471395,0.785235115708978,0.780769787493268,0.741435671077488,0.769661671056628,0.810165299011772,0.7596199725452,0.786527685802121,0.822393653440931,0.7926601515667,0.809453011713677,0.821016572268585,0.826264066474133,0.833655688602841,0.777304935822214,0.76065374867325,0.753780644048275,0.811234610615849,0.774518612278396,0.824202843839639,0.839519780464153,0.832174324679422,0.796513795285081,0.804421834499998,0.772990566470038,0.776187973942738,0.742706657539316,0.781006090369792,0.726066019263865,0.754648713117234,0.837056414851332,0.833917333031814,0.793851320381938,0.804833460971105,0.749501941905993,0.790179154967725,0.81789213092074,0.838183029506729,0.827982425596649,0.79199976998783,0.785848963589647,0.801464683394823,0.8061880188976,0.834580320810604,0.851194920967592,0.816507572334533,0.802927689954993,0.775883798704211,0.768923925976685,0.844037867827818,0.832673864397589,0.817426031961267,0.838992772972766,0.832913980233446,0.834358688786141,0.798928898352218,0.805039133951974,0.785931487977787,0.749723820147402,0.807756611071921,0.820354589213216,0.837485637140675,0.833550278368407,0.80276169725443,1,0.814137998062536,0.825365090698704,0.81794773153073,0.812566438164651,0.820214025742949,0.796690511831364,0.810691436999288,0.844464020164669,0.837599113896773,0.814235345584184,0.776499306596678,0.871714212600707,0.865442345828436,0.730993488864325,0.775712180674966,0.770294478850908,0.830967299117298,0.835370716553776,0.822844034569351,0.783801712440021,0.81732147876871,0.769093444566662,0.796041107930217,0.807411685645917,0.741368381422964,0.83614565281694,0.77423554082732,0.772883207633349,0.807282948203809,0.778408553832285,0.793730616465904,0.806195260207008,0.794501724829866,0.829301195651758,0.834402661491974,0.843737136322852
"86",0.860965927617904,0.859462963882355,0.845984434402977,0.851444644500124,0.866185658269186,0.870391324236918,0.746968793631243,0.783574251030421,0.791350831386657,0.781516454157055,0.818269406672446,0.797342736220104,0.799825928571738,0.811605433953882,0.758812992000792,0.774247143534198,0.77350726244592,0.805348434088466,0.797999221600234,0.778093766621701,0.783984353824482,0.81001617303856,0.778780394167629,0.730499869712577,0.748894136555469,0.751970722938938,0.76607296411999,0.788525556450755,0.763949145259929,0.801711652936494,0.767772730904525,0.815010343555831,0.810829559704667,0.82213990157417,0.833589056404052,0.806875478801271,0.811322236569524,0.774533211411645,0.793874334818525,0.791540666154875,0.7919418522533,0.802776715638011,0.75131588502726,0.782337108610428,0.748103627402636,0.772196677060931,0.781336813551576,0.783896569275388,0.717087146198581,0.745186224982132,0.805041299831171,0.809616973355796,0.834314347875433,0.844792489552213,0.774582993358096,0.762460639836182,0.800667699549618,0.790416632524481,0.790457152549856,0.832359493579195,0.747105946210808,0.767318908637414,0.781483463130508,0.790107052489845,0.822972829481946,0.797610691793753,0.774244964276256,0.802641492915994,0.788977841474879,0.818585794451518,0.778535466727184,0.766357773430703,0.800055377765015,0.779973115695072,0.792725814455305,0.823236752877459,0.808925910200591,0.78294180206244,0.723037843773137,0.780041340914686,0.771711597637709,0.818177624700338,0.783453721445677,0.790937101459836,0.814137998062536,1,0.885917060109376,0.863528960400641,0.862804592844945,0.832504658484644,0.827135051996864,0.810659349640038,0.816264993540906,0.821604073150018,0.846304682570634,0.834384778166026,0.819794634027433,0.815867448022955,0.752690815161891,0.767081987552602,0.79112142054841,0.827068147960479,0.827370726082498,0.825716727507431,0.827121216214464,0.81685510524808,0.81461231076111,0.810717670875985,0.814010970951148,0.812535699551037,0.827442910457034,0.808107607900264,0.807719873202339,0.81766764591546,0.825247618421254,0.86650087235137,0.78874647772406,0.841290472549761,0.842129987679857,0.825903646889914,0.812713576361293
"87",0.861128076420008,0.850814199940718,0.811846810692587,0.819970652601304,0.861339863849401,0.857577073755899,0.782113385724118,0.816302048000617,0.790792721022245,0.814178661293751,0.779608998570383,0.808234653468417,0.781170241105006,0.814135271496183,0.77033261992027,0.774573701498141,0.784305849614906,0.814076221442336,0.780162153590298,0.796781770813246,0.790681854910709,0.802652992465759,0.788038652535434,0.789592062241177,0.770343701479307,0.7779629586862,0.788912397217368,0.781950469911829,0.759702305773791,0.820053650646105,0.760336358090819,0.795588904734297,0.811762029915068,0.812346174921304,0.804526632439485,0.778002820676516,0.761459768384196,0.773368506406288,0.760444241007843,0.779009910744561,0.802462716070062,0.816986420366375,0.772472855855456,0.771993462636632,0.793390589152694,0.801326393214606,0.770638143660663,0.816877327436783,0.758899140249453,0.762659844390097,0.797388798163577,0.788826242281187,0.85540490022116,0.84761399010369,0.790021955261492,0.738781979126833,0.792050500160353,0.764509859535707,0.773184714833825,0.778155983741914,0.777276080997876,0.774683248417879,0.801966999089995,0.77319842104613,0.80484306838785,0.788978785243134,0.768321009324066,0.780860166974179,0.794438666934907,0.780239373458755,0.795218564371255,0.791094510641849,0.78030413956065,0.786412769815252,0.790687880733616,0.811799675672733,0.782160632377485,0.747804152783624,0.724611156351409,0.767848522799306,0.760043967231159,0.809421648077573,0.73482000821114,0.815353113674531,0.825365090698704,0.885917060109376,1,0.877155971831846,0.868488176864927,0.793482703946905,0.825543377599091,0.812080968403331,0.800122445121353,0.819024106930887,0.819931883315483,0.807721594298026,0.816121986926066,0.817415944691203,0.773143761768862,0.789216807609005,0.756213543601135,0.812291623618321,0.799405293076556,0.824114233910325,0.816141383246679,0.784411360796862,0.81948912080749,0.816347516845045,0.824023446249303,0.814997545236577,0.809329204900462,0.809450246495221,0.769688989970598,0.834681970373992,0.845482714112468,0.840405035380423,0.818005757788543,0.811156054291581,0.810569738307438,0.816774152916401,0.790690828718476
"88",0.870372625732949,0.856065163410193,0.853702192799577,0.865348585270019,0.859777813287586,0.875469447239263,0.767010164016935,0.822560394807689,0.814035134742628,0.797572555699718,0.740135828984118,0.817359520755132,0.80291105649223,0.817449820223073,0.777772195013842,0.797870286611252,0.784693549490671,0.8009155235468,0.754838891999924,0.787374854786433,0.793918619879296,0.7660510450783,0.768059630131114,0.767594409949768,0.781841549833713,0.794989709158738,0.786250071926065,0.797598699615404,0.784888049361456,0.791252143241633,0.775978055533652,0.812350625661135,0.800506783082094,0.816543372684201,0.827666821559056,0.754557102355834,0.770503810432156,0.811964464414439,0.790004796779535,0.764854301644496,0.794448867811518,0.815179093391589,0.735962524376026,0.785839548372656,0.79555455448783,0.808239105421895,0.800893247856925,0.792097262756325,0.732240454627969,0.779880514335423,0.800374719424595,0.797285837726168,0.792982977518332,0.834726408964204,0.775269164806266,0.700855799100066,0.7969104172171,0.780150461172135,0.764423466639954,0.805596578375088,0.810781920699326,0.811757615932702,0.813643381816433,0.815379331812907,0.811914599783899,0.771845375607666,0.805964050992201,0.813417095172376,0.774509006440195,0.814536419612408,0.781359412804971,0.779101896610947,0.797803740324936,0.800374615679635,0.805216824309656,0.790930502598511,0.82476750174335,0.804369798861833,0.724431422580978,0.793360719088761,0.765028673642565,0.810433578448097,0.779436824009708,0.801932283124825,0.81794773153073,0.863528960400641,0.877155971831846,1,0.864793587476894,0.802751726097437,0.806259395903326,0.846749737446877,0.823536824065093,0.811054716914403,0.8024487062093,0.828781783493875,0.837950337061843,0.820420448498898,0.767746744987838,0.757360818603254,0.791868346421045,0.811577261640842,0.781211681604584,0.805477158508842,0.806202659881782,0.811851718989218,0.820642050831175,0.800009307257322,0.823128972875907,0.827123693845755,0.828639716987542,0.796991036879113,0.76498213740403,0.813442728882916,0.859679849142923,0.811895206048266,0.82540108028291,0.776763348603213,0.807332377161564,0.826947220335196,0.821066069290343
"89",0.845524226359627,0.825513983853492,0.82873569524216,0.823968027409669,0.849925384288639,0.856164674133981,0.800494013905304,0.821773620356809,0.770390631789324,0.788271147393868,0.805270367213123,0.797784293103546,0.807732586235085,0.827821495329895,0.792101488657696,0.806731908600607,0.798468091893509,0.765311898529763,0.805667921928981,0.805337558938214,0.817941772785649,0.785597382656482,0.798427332537324,0.78072057700588,0.768593828790216,0.793739992243798,0.782384797861057,0.772052885811179,0.791165115001221,0.804922252513373,0.760180951295539,0.797688866405194,0.784527012092943,0.819900098520164,0.78780927955484,0.782057898692421,0.779784213797048,0.73277206725223,0.809142549113123,0.772201331654208,0.804354192579994,0.80645878206373,0.743165250815054,0.781793413072177,0.793540146309185,0.807881650228307,0.822921186719523,0.782473277544998,0.70455429150233,0.78162435618707,0.822299501859367,0.829796239173111,0.835856934161473,0.814010159136358,0.806125829385351,0.717563463605704,0.806164695251235,0.767360118033658,0.761199676440315,0.812062729512263,0.786510916549839,0.764063884792103,0.821378512599711,0.796319662487155,0.800810016265113,0.811640839862178,0.798592963860121,0.748972890221032,0.768764698367244,0.79534526133045,0.792369960426677,0.789808091589295,0.773237174917782,0.779528815954854,0.770402101148145,0.826598650091913,0.805462067795268,0.781471606872512,0.71959103086976,0.794238010990397,0.793980392664515,0.813235376918971,0.746187838473983,0.798427917397879,0.812566438164651,0.862804592844945,0.868488176864927,0.864793587476894,1,0.821130590848243,0.825627735804666,0.811482537272706,0.786703789193601,0.836963574538449,0.824059865269132,0.817418887097195,0.827410335271906,0.808825510538954,0.77728402275984,0.7791180551811,0.759098234442341,0.804628266634623,0.809533180644165,0.808072518192998,0.793423328161478,0.791985266817149,0.807432661695507,0.789733607893906,0.813368932296745,0.799159246211728,0.793817640818623,0.810829638634574,0.800251167762365,0.841166855098006,0.813499571561686,0.803315925713747,0.817212286913919,0.772784186929747,0.816330884586961,0.811857060217755,0.811030186454852
"90",0.813190544869492,0.819243176290259,0.798526295850349,0.831552760202664,0.805733214841209,0.794781763771496,0.821243152313519,0.814195550885243,0.795616512770113,0.800615118010132,0.819229335408379,0.796074211319747,0.851937976317989,0.866013248023412,0.805934067998424,0.84469351324611,0.768847710122587,0.799045462093563,0.789196779188252,0.753651532678255,0.777582489234935,0.84076014639325,0.742425916738413,0.734797833250022,0.761696730907029,0.775266728823948,0.774594265191505,0.806377710041137,0.806964996939898,0.804640130022844,0.817253772989567,0.821898066545622,0.816437907490644,0.840577151667697,0.766210676669267,0.806822431490254,0.775234158961906,0.798874312520268,0.810287674729232,0.797522609437069,0.793697615066321,0.842560151076455,0.810952806457226,0.776979696394344,0.758998547146805,0.747784144166874,0.764176832066206,0.775737335502669,0.710517080932675,0.791940989536776,0.851572882696417,0.85433099227647,0.843006419318253,0.808867111461635,0.801207546096679,0.797639140323058,0.849978171194415,0.81358311536292,0.796242906243545,0.847165104741873,0.76615047234735,0.778109430429164,0.828231634781149,0.837487686404611,0.828647539358864,0.833733126520359,0.814601313032312,0.781871953766598,0.80678495450058,0.81931681481594,0.789797787880562,0.715057655478953,0.797901409820564,0.801675203561175,0.774248060064305,0.807698868735075,0.844640283270537,0.731939601965733,0.66284650350825,0.796955635922669,0.780257513293694,0.839568016655064,0.833436830602678,0.783623666554265,0.82021402574295,0.832504658484644,0.793482703946905,0.802751726097437,0.821130590848243,1,0.828113005084798,0.786735127409751,0.872403665502086,0.850056275726665,0.848905445340636,0.81519138409756,0.837642708768826,0.855376579454952,0.784950431386218,0.799610420584278,0.806290084279835,0.871373395023217,0.867345613937518,0.827382260341267,0.785693802293793,0.85687002100121,0.793112674745032,0.802472798026965,0.794423708860084,0.816294577189071,0.834677774142266,0.849180433095062,0.81532107362668,0.831574789118902,0.798012977471445,0.830346481239922,0.828937913846021,0.839075122587223,0.83549808847755,0.787791440944778,0.853097849306447
"91",0.829006341310824,0.835802028131554,0.847380712303555,0.846446330395648,0.81543457425548,0.837251825367022,0.847363600821513,0.844977589760627,0.762879976879536,0.816242561936005,0.809454841076429,0.80356549997088,0.774375859520741,0.807353352723176,0.809604178435693,0.801714360807157,0.794896290672661,0.80733956648722,0.796924559727778,0.815592419067408,0.818738116110487,0.823779163077055,0.806588537549639,0.795914409642467,0.77131321849997,0.775856380952469,0.781497191357287,0.788582440389687,0.79266088445799,0.801647061021168,0.780617760153854,0.793212221910216,0.842068565202053,0.824627578003278,0.787988720349629,0.775435353787932,0.812927179111345,0.793368746719109,0.822371563838668,0.809442786499071,0.808940089505485,0.848936145377294,0.795387751392733,0.838383944558682,0.781045249926805,0.789245029604608,0.79497901836275,0.819752165147041,0.785481298180781,0.812481593531999,0.810666262984254,0.785752211235333,0.855592248514712,0.812639891309764,0.762596730513359,0.736057343294441,0.826366887263508,0.789520150275951,0.781929483324711,0.776215128706895,0.78004766424915,0.790085790135801,0.784180726206535,0.818343027544147,0.776715343926656,0.852121090055219,0.827406995440088,0.783386871544041,0.753155514648087,0.789367800879699,0.799781482973938,0.781576282912132,0.802015659392123,0.807122117246878,0.772558793223334,0.808381590057377,0.840125913395785,0.802726137748052,0.714712250240601,0.811600019287559,0.816841975526406,0.811687311963315,0.785924325284189,0.816678520060566,0.796690511831364,0.827135051996864,0.825543377599091,0.806259395903326,0.825627735804666,0.828113005084798,1,0.854727140415602,0.77373043355838,0.830516930321578,0.801632843949617,0.82045139124754,0.804284213998641,0.791689593842476,0.811628258159835,0.767353497861769,0.806065646576984,0.786339953672238,0.793722946156299,0.789073922137592,0.778443389523157,0.776877447509418,0.792319383057177,0.807542828480124,0.828238297998159,0.808265883873832,0.835689438886803,0.821633389900375,0.788273074169568,0.837800168151308,0.760291901839408,0.82206484846231,0.845979841403679,0.831950248227931,0.835306536979862,0.820061179138242,0.801999620488168
"92",0.834357815887942,0.804162283837451,0.848614138949139,0.828101729289312,0.82742555003994,0.841752227610524,0.804809092758555,0.802343610800648,0.803840575448261,0.805034979900845,0.760867288666269,0.82574915832919,0.789058661201319,0.796677630502974,0.786934740569759,0.792649692267165,0.794229546513039,0.79279712919272,0.779925134372772,0.81925717310402,0.820213128976991,0.780424176427997,0.82304299363372,0.820056118797162,0.800282753709629,0.791621386788771,0.781675798035128,0.812554914390191,0.821806949293007,0.810108855978297,0.82029637810726,0.821067302029917,0.841552172968867,0.816496336966888,0.745578127078892,0.770587705335339,0.814338066506699,0.801701230574163,0.804055594191616,0.778660833150673,0.844361878914139,0.827787994652472,0.824846159217945,0.823270915975827,0.798391405340224,0.81898798725604,0.829866327252409,0.834127281755661,0.754617707606882,0.826543129520221,0.801188642732993,0.793234724463979,0.837187131199892,0.796026700093716,0.770910038740089,0.770631062494356,0.805284640549638,0.805796104072577,0.781503563161456,0.80122167512909,0.775509491936511,0.800665191909219,0.782287728210296,0.80039615664751,0.819456097535298,0.827307191740975,0.823243685409274,0.800129487237178,0.776227802533221,0.840245645874357,0.791384549053087,0.798388154645344,0.814551454737182,0.792399658846821,0.829802261190182,0.802740784819744,0.826552589966689,0.822357532408136,0.714898166950553,0.822497788940159,0.805212871584958,0.839537267877376,0.805931850264838,0.820402961627479,0.810691436999288,0.810659349640038,0.81208096840333,0.846749737446877,0.811482537272706,0.786735127409751,0.854727140415602,1,0.793490516079959,0.830074851129549,0.804229023600177,0.814767517645742,0.831942430542517,0.812795680392415,0.799441459169312,0.788357311552953,0.778900204826875,0.800618698622067,0.779281623541567,0.808396049516015,0.793386125057359,0.804402117994524,0.817147593332576,0.81603634036277,0.806059817717155,0.785500937215651,0.807059944200481,0.819169118564348,0.804228510068691,0.819833423189879,0.802707285642055,0.793120584515115,0.810798342517659,0.77566766525114,0.831830357592627,0.807571893316388,0.831019816167073
"93",0.818613745601765,0.827238867311546,0.813705398971518,0.835344461766721,0.812881072637552,0.811094600919488,0.826238535986029,0.813291602734497,0.831810210699657,0.801863399534598,0.816811893829395,0.801191496212441,0.854866435840503,0.871623463108896,0.834188459026094,0.850541589873161,0.768621555672467,0.82659211520394,0.820009919911551,0.789846858738468,0.8115195862606,0.820957382113997,0.794599633243318,0.750699452953444,0.773998267417707,0.785709455201999,0.786540122829501,0.795930963900819,0.834123771205692,0.813333855731003,0.844066935348958,0.836089579026719,0.848170144120182,0.841450241457882,0.786403749629342,0.803946470721624,0.811873086605926,0.822195413590653,0.786294027624601,0.828983379264623,0.801130206216933,0.824304220104355,0.797440269861951,0.80064956485836,0.774001840884277,0.791508307340201,0.735826610045694,0.765775921581889,0.727199212384063,0.756041306933698,0.838054382464827,0.850412591290185,0.816552317687466,0.806529575218566,0.82120582497135,0.784199516078566,0.864897904504845,0.832609053301329,0.821652414676252,0.865100320290414,0.785164868559873,0.767536640681455,0.837428905306196,0.857116569652613,0.856909750512809,0.775716728786613,0.781888419017486,0.800201055486345,0.837751472518042,0.835272609634905,0.821660884444815,0.783321838017983,0.819856153570893,0.816393193650744,0.807289118511734,0.831573837409934,0.814769422586085,0.828813621206672,0.692122137064721,0.777956078105088,0.7908289065539,0.858277350470884,0.825484920018325,0.799245926562434,0.844464020164669,0.816264993540906,0.800122445121353,0.823536824065093,0.786703789193601,0.872403665502086,0.77373043355838,0.793490516079959,1,0.785594112199291,0.848132903898524,0.811368892256618,0.849519434185459,0.862296306623563,0.791494261659619,0.782345777035959,0.81341948122151,0.831315834663406,0.856804437354069,0.860139301697039,0.787203496132621,0.884685752460937,0.776763646758431,0.774155285059956,0.796963989282821,0.807127157830291,0.819471202964373,0.851409821554083,0.815158829304564,0.80851553134886,0.81875945605687,0.7883833564031,0.845934240345447,0.809028239891512,0.83296539091605,0.828070251487784,0.8292260553022
"94",0.836306985656682,0.80703021938102,0.832648665554412,0.797338244996849,0.814215094216059,0.803971511026125,0.798708345476803,0.778753907603484,0.771093056707494,0.817446082196934,0.809259502493085,0.820659093955544,0.813437603152639,0.788912067852935,0.795719730860203,0.796765595530805,0.784174514803048,0.779627868816782,0.776333265537611,0.772501172014558,0.785411604390259,0.815922753819979,0.787309505803271,0.779747353634231,0.774784875212231,0.79841605684939,0.776123530827381,0.779088909870953,0.801318168998629,0.810245885238991,0.800482422033333,0.819824817749109,0.802859647799791,0.816905339591379,0.78746971998123,0.756305308200037,0.753847364636818,0.823347219044825,0.79376531091605,0.794883935938811,0.804353235984808,0.816684685874819,0.777984388333886,0.79726307767261,0.803115288048559,0.771125132401044,0.766507646686516,0.79853039361912,0.803457699893269,0.791289042197187,0.825946352228967,0.805123571568545,0.827061738740732,0.821480535753842,0.79329413213311,0.767368006106026,0.798139561215215,0.810269996448459,0.790758217045446,0.81218045258544,0.7941445288628,0.779006557869649,0.803021762892375,0.817434029163694,0.824418624910323,0.80890768168325,0.831218940950127,0.762272046090186,0.786530439678049,0.814108361047018,0.767184321564063,0.777653276599619,0.819338853478191,0.779803085079885,0.74511642216633,0.807769219888223,0.832875090956371,0.77670286166794,0.688965751879271,0.830897892097872,0.81738728987601,0.837483055590043,0.780467782504807,0.822660487144156,0.837599113896773,0.821604073150018,0.819024106930887,0.811054716914403,0.836963574538449,0.850056275726665,0.830516930321578,0.830074851129549,0.785594112199291,1,0.801579495995186,0.792179496988994,0.79217339067333,0.792416488268829,0.780076484248153,0.791672068444667,0.795624867351118,0.831241288358884,0.831402584084945,0.818729069188956,0.789581756788078,0.815684814089115,0.800707720765617,0.803767669274115,0.772019211165341,0.806591270974409,0.82315076229102,0.837453395450217,0.803388766836221,0.82592623016126,0.814365945129895,0.818877676531741,0.815075458105349,0.794705579892267,0.812738293123795,0.832544380244244,0.795194680060388
"95",0.836308172992787,0.83765481679633,0.829049015585508,0.825577671621658,0.818646147878101,0.81739214037308,0.808563953406541,0.81809353799024,0.803815381273091,0.780257654961043,0.825732088723286,0.83321041578355,0.867747277539015,0.876998339476898,0.821218214992883,0.850710772086057,0.791694669290605,0.739298045197925,0.781367817656376,0.767506555876298,0.765822205097904,0.836003486382242,0.744879656993743,0.781933105400547,0.765915383709835,0.759517259251847,0.755517814102257,0.773693467517526,0.841455111518496,0.802201157722899,0.82769169801607,0.843526877105287,0.826774191725537,0.86303896064986,0.787276617097595,0.777000816543983,0.768577425080222,0.786908495626417,0.820661646002334,0.77012192395202,0.823121317384977,0.839065257303277,0.819061866267917,0.803489010340862,0.765321445596517,0.752560026766918,0.764942546807898,0.778639058574871,0.714004269104567,0.748433610672277,0.864620424510383,0.844208498766762,0.84559451985018,0.818562484087169,0.800184325175701,0.809236347485634,0.873859414047634,0.836346310597612,0.842815699774976,0.848817737404262,0.743274073331739,0.802824255974876,0.81833598398599,0.813346508382856,0.858309518851443,0.819732929465943,0.784577835547033,0.783645822770811,0.794611472905832,0.835955806113064,0.829320370856669,0.756327773062194,0.830090533272629,0.819932784466264,0.821888739971929,0.853463039656808,0.776843698625259,0.804907326320209,0.7064800253537,0.807120078188439,0.807590903276606,0.84679252091279,0.840868865014851,0.804944218846018,0.814235345584184,0.846304682570634,0.819931883315483,0.8024487062093,0.824059865269132,0.848905445340636,0.801632843949617,0.804229023600177,0.848132903898524,0.801579495995186,1,0.810856851468778,0.85159108785077,0.851507152099947,0.788465677623759,0.780242807093043,0.820853817434722,0.858565680568623,0.855210657709658,0.888958785836864,0.784517800934613,0.884026770501838,0.857225299173804,0.776615442629153,0.808380931458181,0.800201885202017,0.848650306616207,0.839117640126043,0.837391940355923,0.834240514693208,0.838006841152878,0.806469792850198,0.808225639581731,0.854550826064949,0.825533055174436,0.814813764320207,0.845265471993852
"96",0.82455218114514,0.806140840549117,0.846717356547155,0.808213863563031,0.806472932283222,0.808008781982845,0.737271710717146,0.80021346375945,0.759168390080499,0.770433516975236,0.802357306177304,0.81000496035344,0.764839103806444,0.811668158556812,0.787893576338131,0.808111284087233,0.776733979586857,0.803507086608013,0.802772141883307,0.765918465647017,0.768388794793158,0.786570292707144,0.775887647563625,0.757443953145047,0.756476034376719,0.777177693097779,0.765310726958757,0.752256813228352,0.775520565077915,0.802758088142146,0.808037408870827,0.811299687768145,0.821903282855093,0.824330302022751,0.803026203574814,0.770539114447557,0.784525693048978,0.754097699186466,0.775428074418834,0.798772842689653,0.795927102353386,0.839573417600263,0.795201906831445,0.776711279956077,0.770160743495831,0.772665171858219,0.78288978017539,0.752853098756335,0.731954901140764,0.759992621871895,0.804469801320867,0.838997242030098,0.795363600443506,0.80617083280773,0.802098799464487,0.762128118797392,0.80473790602298,0.804931541588638,0.793683242361183,0.775538601255584,0.772997373164372,0.80441307396655,0.805019813114845,0.789756323727914,0.812625205560102,0.812455424748947,0.835405977202822,0.812388772083048,0.775744336458015,0.80429371340735,0.797151009366708,0.740296306980454,0.793913545031045,0.796911149859185,0.771075252976716,0.832453868023772,0.82969013871345,0.82551874371528,0.703844857505211,0.781367013603564,0.767366596024059,0.838123661597012,0.793710943258457,0.774730245629394,0.776499306596678,0.834384778166026,0.807721594298026,0.828781783493874,0.817418887097195,0.81519138409756,0.82045139124754,0.814767517645742,0.811368892256618,0.792179496988994,0.810856851468777,1,0.802811745711481,0.808931310887534,0.745813590044319,0.731862634845565,0.774915280586218,0.791978569786543,0.81015172163239,0.816378225316132,0.781237241174778,0.808354962514509,0.802189533521921,0.776592364254026,0.836178963710091,0.767825036427634,0.803504721371444,0.812255637198474,0.802837105751302,0.795635819238645,0.811406844736831,0.807706291664343,0.815999586293385,0.827808511341676,0.81858219633275,0.787854680487965,0.813547786113834
"97",0.85143898776753,0.835548484349491,0.843123329174085,0.845692459982993,0.817168913902672,0.830358144825086,0.821743210150958,0.84601213398337,0.81647014248059,0.81626432037237,0.846929796788576,0.854424803395447,0.853109745051587,0.881416796535028,0.853199123552222,0.845310395465662,0.846854162912028,0.761985487092918,0.809922161696083,0.799976871276871,0.798031571060949,0.78871309571881,0.771890684892868,0.706373338981968,0.766163953907558,0.778240129371767,0.781003981729997,0.781293950261649,0.807289862668707,0.783227052298145,0.853454184391182,0.852089617677821,0.841564954250503,0.853874066760651,0.776363724778694,0.761601614604167,0.815829629997199,0.811916799915184,0.789007593490596,0.786949168252525,0.834061099045391,0.83841536216172,0.820478031125953,0.783466321717074,0.811744884627444,0.788043469466336,0.751548148826468,0.77961571589156,0.730099346512589,0.752536765255203,0.855905798163734,0.856642069000479,0.83032370266059,0.810113040789263,0.788911882874454,0.779097577875479,0.864752938138592,0.861541663484147,0.832508758677491,0.840737918119921,0.796536726792457,0.814884548924933,0.843399641677419,0.841848438527329,0.880247793056581,0.834444512171406,0.806963752644185,0.761728313301367,0.781729838718349,0.858374384966169,0.849963789544646,0.820613856180943,0.865748629935126,0.844233188783121,0.881610113093068,0.838609491486336,0.818853121468444,0.786763948273629,0.692590640098938,0.813734290596901,0.797714386025411,0.844651757877464,0.839809489806983,0.789383202594112,0.871714212600707,0.819794634027433,0.816121986926066,0.837950337061843,0.827410335271906,0.837642708768826,0.804284213998641,0.831942430542517,0.849519434185459,0.79217339067333,0.85159108785077,0.802811745711481,1,0.897009397428993,0.744111469083373,0.716172594965738,0.750896565039657,0.868575502280837,0.867479114044489,0.860195187875706,0.830791994115253,0.866885846006862,0.83298691491826,0.779262428012745,0.754349370479731,0.802236310752216,0.840980108204366,0.832992803833869,0.784697381718189,0.828390335301044,0.813572869291955,0.827187956008321,0.829806308036488,0.808769566008547,0.832314877181953,0.774632908217919,0.859711698528113
"98",0.832167584200211,0.825898998687576,0.839277549890023,0.801365779973508,0.841263840448889,0.833023654964184,0.822632208362188,0.838138212236509,0.833783244957264,0.815845655380118,0.855980941091428,0.849134638679863,0.855016758797549,0.867066453267103,0.822076093485314,0.832552343448299,0.836530029121059,0.781769386372168,0.814458111031869,0.76581380243907,0.79660717615771,0.805029388008456,0.778112763710372,0.752876222590485,0.737907730387051,0.774582470314867,0.763263192146625,0.749905943130388,0.803615380042672,0.801274515251915,0.847576013546594,0.832155619771112,0.819852790822844,0.853814839572224,0.780957703054152,0.775312495388536,0.76584898417643,0.805569674863007,0.785966975847061,0.80206536713554,0.853580107322986,0.824608603320735,0.803879841597983,0.800141943813413,0.753833044513669,0.755313537036951,0.759415846905858,0.754655063396031,0.745821410692331,0.780234703006823,0.849266231157315,0.865780089345451,0.82119818790065,0.843415636607874,0.788296992278569,0.814984969370199,0.854907086011346,0.850517490783311,0.840249950754096,0.833098735134964,0.776206492392604,0.80433488420011,0.858766802971442,0.848076894004785,0.858733548355892,0.814270985103874,0.821693495306712,0.810729837678248,0.804703956693712,0.858834687074711,0.820896652086912,0.806385411627008,0.852654746177449,0.862045012452395,0.867791210995914,0.799145165082711,0.808208636645336,0.791757525172016,0.710831531077049,0.810051922788211,0.788179251724551,0.863845802593579,0.86337824923978,0.834225258062985,0.865442345828436,0.815867448022955,0.817415944691203,0.820420448498897,0.808825510538955,0.855376579454952,0.791689593842476,0.812795680392415,0.862296306623563,0.792416488268829,0.851507152099947,0.808931310887534,0.897009397428993,1,0.773739171234157,0.742039522651835,0.763694966764552,0.837036584818375,0.855698082185374,0.842411444203537,0.815447993017882,0.869004355556717,0.83378737971275,0.786910067811247,0.809540774831337,0.789119725862054,0.805817006312787,0.835141417281736,0.796496125672087,0.8281624781555,0.830213529755011,0.780347571714319,0.794361126050727,0.81245250843556,0.824893699963396,0.787285397937215,0.860293787868761
"99",0.786648165208763,0.76840902982864,0.765891612370745,0.769897067754965,0.783068901562997,0.803406393566327,0.781332414539732,0.772490400898272,0.748548684463697,0.802580110628729,0.771459609409803,0.767071926180261,0.778163895162926,0.773605066709711,0.770672354762098,0.755540732948002,0.732073491726398,0.779871800469602,0.792539209257916,0.80880242463116,0.781844900956444,0.779263804817536,0.765607935155265,0.795075444253509,0.764499322120249,0.767765236521117,0.771981120015702,0.763577691969323,0.746364095997871,0.77039595678085,0.766610529254692,0.780435285417805,0.780234462437019,0.779540018222391,0.784570836418074,0.767307571303271,0.747671573440623,0.760812424800826,0.789240733261429,0.743444174960647,0.780114535482967,0.797748243281954,0.760140172233163,0.804432625400602,0.785656458931207,0.796323705801008,0.799338603715448,0.810356898768466,0.740596828058967,0.798565870080573,0.766732840339481,0.794203735814352,0.802810308912955,0.778741119917274,0.762123332038294,0.739296525179181,0.796804318430192,0.775101559360376,0.761120355110143,0.803283361059139,0.758871658528605,0.752582505157197,0.752413464494753,0.802150411514371,0.756212603252295,0.767839286979182,0.816453538740751,0.789064234259706,0.773423320388524,0.748202549010981,0.796557650246068,0.766943369316583,0.741904496727438,0.73214884637927,0.673941775784018,0.762654850516948,0.800417784787827,0.785012357612649,0.70264695537071,0.796464307699856,0.810260555391993,0.774385650298338,0.732336793386879,0.776124545167545,0.730993488864325,0.752690815161891,0.773143761768862,0.767746744987838,0.77728402275984,0.784950431386217,0.811628258159834,0.799441459169312,0.791494261659619,0.780076484248153,0.788465677623759,0.745813590044319,0.744111469083373,0.773739171234157,1,0.742535378274033,0.786888276377232,0.786507366060418,0.753581918937906,0.768123993770588,0.786694822399798,0.778922395177194,0.773142813934375,0.80462243105711,0.744760449408781,0.776724351187591,0.784917768216153,0.821608624667713,0.769297024058049,0.81536778384741,0.753361312880001,0.756103792767818,0.794583273973391,0.801583505348219,0.800135860121766,0.772949470221701,0.760460281764112
"100",0.760697974166867,0.745053830141042,0.717273007959079,0.765011330709218,0.769717294910335,0.766323216579863,0.782201191757602,0.77393023674441,0.809368305545666,0.736564289276017,0.727758303878748,0.771320461935999,0.783758914625819,0.795665065658998,0.716527529392373,0.794894217775439,0.721033418007618,0.780341547434628,0.774939688667325,0.747151133534408,0.791223990060819,0.798822502103013,0.778861619791994,0.779686081919314,0.737343884910016,0.770995948230486,0.761398265423157,0.776568987365552,0.787749314535216,0.776014493213638,0.73332038972995,0.756116742599309,0.730042199645818,0.784046370648734,0.746954896764356,0.770129887749989,0.769248284441257,0.77303865329424,0.792667575782421,0.757101298813293,0.776479778180775,0.746643007703913,0.773760335877179,0.800323235512819,0.762387716352665,0.774403976640127,0.773969767721128,0.78414369515009,0.75860028210287,0.770469270191392,0.79955108434352,0.775760423477788,0.756535800667399,0.786839689155511,0.746835449328575,0.742047175655059,0.781341931666619,0.728575306083413,0.751238500993595,0.746631481105636,0.781680719760216,0.752595707723005,0.795215247168258,0.736861104254958,0.785130689284987,0.728511583782527,0.776084496401328,0.728872884968319,0.783601717585532,0.780014041373261,0.771806701515114,0.745316872280643,0.763204755247861,0.719421856364855,0.763316988338705,0.789434858682659,0.765190496910714,0.786551618012601,0.692950842369139,0.78792417612924,0.782732142077958,0.777738756028185,0.788233634569914,0.75481622507227,0.775712180674966,0.767081987552602,0.789216807609005,0.757360818603254,0.7791180551811,0.799610420584278,0.767353497861769,0.788357311552953,0.782345777035959,0.791672068444667,0.780242807093043,0.731862634845565,0.716172594965738,0.742039522651835,0.742535378274033,1,0.762392595960707,0.782193723261377,0.775230749372078,0.754235500327339,0.725606844169728,0.778095699481398,0.740118946445748,0.816657014336502,0.803242690051164,0.782994806056647,0.793297613769513,0.779560247711744,0.801464543063534,0.771672058165234,0.766813775395886,0.800161897190102,0.774258788397483,0.773642500308564,0.725902353760304,0.750956774871302,0.796277835250375
"101",0.760380764319364,0.753732166485053,0.785362545946873,0.716129188994556,0.760799708356546,0.744619616284002,0.778725358989669,0.787235131678602,0.779117309314231,0.743834889923371,0.780774975456566,0.761375801440375,0.789554032134179,0.783167234934055,0.743424935785768,0.756252387261511,0.758510216641935,0.790201415550895,0.801670421415459,0.782713424547081,0.795045047611372,0.814675568740319,0.757870012059728,0.780181989701581,0.813101750652291,0.775759287232762,0.756578669077984,0.82065784816518,0.77639349251369,0.754612404051009,0.772294626590192,0.78475466526019,0.797903533870385,0.761912479642092,0.773956407866283,0.763542620262786,0.791713326794225,0.783832405506588,0.785159363175079,0.752603635961462,0.762500768922129,0.790706497352971,0.738256602276642,0.793530973597676,0.744423906772644,0.78390328598743,0.771790041796743,0.825295632575825,0.745495197924283,0.766174602037907,0.795147351023044,0.807480103061745,0.768039924827268,0.760797794185865,0.784167904697419,0.750106834825855,0.787293091029089,0.762818317164602,0.783336578949398,0.752798362124822,0.746840121183919,0.777080924304929,0.766751748531973,0.780702874214366,0.791989916905349,0.764016302543446,0.768975836394763,0.780585870456601,0.749411769852435,0.795187068162472,0.754850443671587,0.789165471350077,0.776095152516652,0.782470105937584,0.733702862713388,0.809155228122418,0.791928270074364,0.81955061522214,0.684356868397643,0.76837605029754,0.778985286815697,0.803900023617573,0.784116092386584,0.7470085151482,0.770294478850908,0.79112142054841,0.756213543601134,0.791868346421045,0.759098234442341,0.806290084279835,0.806065646576984,0.778900204826875,0.81341948122151,0.795624867351118,0.820853817434722,0.774915280586218,0.750896565039657,0.763694966764552,0.786888276377232,0.762392595960707,1,0.775628624387896,0.741238201495369,0.783648779286418,0.790702046208476,0.784297420018517,0.792320354674387,0.747498471367351,0.787070207555012,0.771083750691208,0.810926360898924,0.778391288977038,0.748582757223239,0.807685314198406,0.786558968441572,0.770530323970137,0.783487932443936,0.770002117396505,0.756478603373052,0.781500781161556,0.814973572959113
"102",0.806063780327759,0.811462976965418,0.810297270182095,0.818851468038763,0.818818436527498,0.819869723871987,0.772627026955159,0.82308872799716,0.831970193276211,0.767306355516811,0.824158420216462,0.808067603683857,0.852718586869525,0.863500402892057,0.80310137451378,0.839437302330165,0.772788229049099,0.736343202475939,0.766445971750646,0.795238278827029,0.784966296217813,0.767886193487291,0.765349268344195,0.681993396819634,0.728224421570384,0.737795426742895,0.746092494318304,0.765103177986902,0.755652109102578,0.794230512403528,0.823634948888665,0.848548988622239,0.812543286630166,0.849285466413159,0.773159126503144,0.753170405400585,0.769108565358366,0.762443533775179,0.771665388564669,0.766818012901411,0.793170738938036,0.803096577928301,0.822066486244988,0.793365707758478,0.747313468767023,0.724287440022901,0.707379803580194,0.757860049137584,0.716597399449845,0.718892336236275,0.861318931660994,0.825428713927024,0.823950950885906,0.811968175336412,0.803031052140206,0.841588854540942,0.84747598048902,0.834582089210884,0.812332700795515,0.845966412612747,0.814664782625948,0.779048106250647,0.829222520133058,0.821494644265405,0.857634346252482,0.798286967691792,0.772466048770311,0.775760219607707,0.788387920857242,0.836415773262452,0.782377830386089,0.758714310491252,0.820320595016487,0.783831853132924,0.813495737976561,0.833079677870803,0.827659369907906,0.786727107919782,0.736703576327912,0.821039920967931,0.799957907181502,0.837267997987947,0.837786988690564,0.77261701787299,0.830967299117298,0.827068147960479,0.812291623618321,0.811577261640842,0.804628266634623,0.871373395023217,0.786339953672238,0.800618698622067,0.831315834663406,0.831241288358884,0.858565680568623,0.791978569786543,0.868575502280837,0.837036584818374,0.786507366060418,0.782193723261378,0.775628624387896,1,0.870612008137261,0.852858665569588,0.789398370225045,0.874985930145929,0.76237246445894,0.765876302476285,0.790996889176518,0.815722063011476,0.833185982853891,0.864285187697984,0.819976450649556,0.847628067917043,0.81415208527895,0.841442063037152,0.806370876992345,0.824421186249832,0.829457137023366,0.816485259383378,0.843659266557891
"103",0.807199974302742,0.830575510038351,0.788764462445882,0.835322852683581,0.81355456676491,0.825295800863778,0.795893502416103,0.835621352034956,0.805426004152533,0.771792033899345,0.821086151439348,0.776389167845439,0.865906782504502,0.865795197881748,0.864204082635419,0.853368889399516,0.784616979984476,0.761059520030031,0.812614570098203,0.75789612690792,0.760773619203792,0.791161246064402,0.73812890325055,0.735191909192525,0.728849846452917,0.75760057755077,0.745270046375171,0.761850475117717,0.795344413719859,0.788014083696394,0.841567054464131,0.822735429139963,0.828357740712205,0.864045986519554,0.788459178952256,0.754280877447901,0.820598064819378,0.760812228490302,0.796187822584575,0.789820316897981,0.80608161076969,0.825252246187697,0.827360665801282,0.760589497244272,0.752545120494583,0.728570233125568,0.728019442272806,0.734989645430427,0.729663397710218,0.767639616145071,0.858008510307265,0.859891482154933,0.838126161516811,0.833172371078321,0.786258934131216,0.811929053734792,0.864896022864465,0.840294595189229,0.828070028038265,0.819829018389487,0.779161099407192,0.752448361749776,0.831617705233871,0.827962107061107,0.842450775999719,0.795569832250367,0.785936466547315,0.763585494091418,0.812622755634365,0.835578184743729,0.792579746814924,0.764110789882768,0.827123924117081,0.782510686429917,0.795134534080619,0.802111264486927,0.812238822256867,0.782365967370512,0.671586999542398,0.800078994431779,0.77808488153065,0.859988482216917,0.814778064826432,0.805367650978708,0.835370716553776,0.827370726082498,0.799405293076556,0.781211681604584,0.809533180644166,0.867345613937518,0.793722946156299,0.779281623541567,0.856804437354069,0.831402584084945,0.855210657709658,0.81015172163239,0.867479114044489,0.855698082185374,0.753581918937906,0.775230749372078,0.741238201495369,0.870612008137262,1,0.867780304661569,0.75825471969157,0.898602495044727,0.81428163094014,0.817889866590072,0.753132287263719,0.796909729494866,0.842226555712905,0.843111823764283,0.847690679003156,0.83063193295383,0.817155846526032,0.841284886054621,0.813115128387796,0.849341288654838,0.841544552325218,0.837910797060541,0.850099750575146
"104",0.789796763857819,0.817874297968333,0.795985211546925,0.822509812038126,0.831673148250149,0.841797279011585,0.80307472618043,0.813182978316266,0.780370330808333,0.769072486043759,0.814667695252898,0.809371315827112,0.873049176350391,0.885378524369777,0.834415724002306,0.856004645584962,0.762309713152568,0.777587270123994,0.782629741649883,0.752983141580161,0.788265587562251,0.782947817742085,0.772803505527022,0.740734431467482,0.751448927043649,0.756661697595601,0.731083134916513,0.728066843072221,0.78905401237143,0.802051705217992,0.831283805681245,0.836523638844761,0.842625345938359,0.868125536946178,0.769092928804962,0.752029171771233,0.754325216769919,0.790200181496384,0.808188964417946,0.766203969811967,0.769133181636959,0.823595310067831,0.813806104336729,0.734248054374242,0.765909485716201,0.758569115098399,0.716798551612861,0.777968134158979,0.727477104479381,0.698275944020004,0.850070802708016,0.853555593547532,0.850492036021314,0.827190793393732,0.806801504114796,0.805366213313217,0.871290445782311,0.823538666083547,0.830360759613027,0.811450373922766,0.720986928266533,0.802827069268496,0.816732145343145,0.844714031363036,0.851881326367043,0.806664291213922,0.767031301192857,0.763735030011649,0.794997519782278,0.823306868775556,0.804556599936284,0.767031972770183,0.810722517512001,0.793416674039018,0.798240923627129,0.834399529947205,0.806416453104183,0.8124544446497,0.680599832367063,0.784468476642598,0.819933816712322,0.874305822117593,0.828435260021531,0.792386497820427,0.822844034569351,0.825716727507431,0.824114233910325,0.805477158508842,0.808072518192998,0.827382260341267,0.789073922137592,0.808396049516016,0.860139301697039,0.818729069188956,0.888958785836864,0.816378225316132,0.860195187875706,0.842411444203537,0.768123993770588,0.754235500327339,0.783648779286418,0.852858665569588,0.867780304661569,1,0.773366551503974,0.888020883061303,0.803922363553236,0.75729555579162,0.794678815466699,0.794470319075176,0.82534014217653,0.856179829275056,0.803180413438302,0.828538028760131,0.830856559334712,0.805342721626266,0.822025251697416,0.824105706584519,0.841058656465618,0.816601575503553,0.824101719136602
"105",0.80638674660928,0.803171818106059,0.765977329413674,0.801970853682085,0.799490850404101,0.817998951288005,0.784492547111788,0.791470856913877,0.75367051532327,0.815384351146384,0.794626023757994,0.788865258450337,0.747088175445867,0.801342668523047,0.776664695981808,0.745606209740824,0.793997954278544,0.814899305076351,0.775650684484774,0.799470882231249,0.804687806849408,0.813710404027078,0.778287424504876,0.744626172880437,0.798701868820928,0.776902230762421,0.786691072391177,0.787381346948811,0.780717342927024,0.79907429166219,0.769365205109729,0.820565914069298,0.809991139214121,0.780014627696762,0.808467496799505,0.761842805108604,0.801251217021543,0.755659879655912,0.804820567035215,0.781645511418826,0.794561002720427,0.816327557981905,0.771677490153378,0.785321358393252,0.799680291448518,0.801244069441091,0.777792322470992,0.787027845292355,0.800815321973592,0.778636895724289,0.801321865207457,0.813180875206976,0.814493926727604,0.802484083200195,0.763654081591256,0.742205938549162,0.78456655287123,0.805889046702094,0.798768796282979,0.833052285956875,0.714560707561656,0.773583727874421,0.79162942797889,0.795515386088232,0.816398325289453,0.785033546028824,0.828000106448214,0.780233161645777,0.729006935285171,0.782808081862315,0.77557554164946,0.803986500770905,0.805231023865511,0.784698521840545,0.792449079074459,0.802520422745823,0.800515536532074,0.769280632813874,0.773400436901879,0.809754935882342,0.767200033383173,0.739666652442706,0.76439195084582,0.767710153968526,0.783801712440021,0.827121216214464,0.816141383246679,0.806202659881782,0.793423328161478,0.785693802293793,0.778443389523157,0.793386125057359,0.787203496132621,0.789581756788078,0.784517800934613,0.781237241174778,0.830791994115253,0.815447993017882,0.786694822399798,0.725606844169728,0.790702046208476,0.789398370225045,0.75825471969157,0.773366551503974,1,0.818166493669419,0.793753277611193,0.795438402208716,0.764025524463891,0.794493475311362,0.786165007500018,0.802008156508071,0.762440083299265,0.807255467306178,0.774310797379969,0.768607753005816,0.809629283559192,0.788367105418827,0.782844886316725,0.774607803019317,0.781761172176405
"106",0.830345261636673,0.830646068376587,0.824037053786134,0.830575959467478,0.800840638247527,0.823111754959244,0.770640558312992,0.842731442548781,0.84043550362411,0.776593081031687,0.844392784236839,0.811232492278275,0.874306113488983,0.893397814418323,0.844957326178186,0.866385059867498,0.777895400936578,0.769423045677809,0.792426943076684,0.747478963588323,0.815136769270845,0.806055514909582,0.756441912500439,0.75831644352875,0.750898762251878,0.758427482527186,0.766503755177232,0.777708154722791,0.83321610130052,0.806345103916304,0.853915407883683,0.860715300260672,0.825021892316251,0.869597629886945,0.78357727969021,0.742198480677171,0.793503164973094,0.78077785269371,0.790342667459763,0.798487769598594,0.80046210151104,0.803951413672042,0.821629030985412,0.748593586315717,0.759338691969485,0.755656326851712,0.756397792422165,0.759975427133142,0.73886282094056,0.784232738865481,0.864163411141156,0.836041209205655,0.80988511535088,0.805439999935834,0.815942367863791,0.820584352296368,0.877091275505257,0.858555069147485,0.853889449473629,0.845017757253551,0.807623549047688,0.786135547180393,0.818875542337306,0.865135232549872,0.870402851176612,0.751230171592139,0.782205251838592,0.782511413833917,0.803542123430531,0.857296845581157,0.81066609694746,0.782042777666963,0.851311665245384,0.812862233791747,0.837704821396051,0.836618460249447,0.815873086732406,0.795676996430511,0.696545279442075,0.803469302692534,0.831674756186249,0.863201628204577,0.848154840718655,0.787468794492566,0.81732147876871,0.81685510524808,0.784411360796862,0.811851718989218,0.791985266817149,0.85687002100121,0.776877447509418,0.804402117994524,0.884685752460938,0.815684814089115,0.884026770501837,0.808354962514508,0.866885846006862,0.869004355556717,0.778922395177194,0.778095699481398,0.784297420018517,0.874985930145929,0.898602495044728,0.888020883061303,0.818166493669419,1,0.825881165402039,0.790882234685707,0.763363111726669,0.79449852350238,0.847006553723812,0.859828860505296,0.830638670117096,0.851699160377143,0.834786097669007,0.835462112006108,0.861624827376265,0.828153444952037,0.831810920828635,0.827990702625249,0.831605996185013
"107",0.850170247669872,0.828133231052711,0.815297603696563,0.792196008926393,0.778511377019268,0.793344276679978,0.764333113613334,0.81909877563214,0.790818190357114,0.800819654484462,0.788220054396499,0.808095501208784,0.802604549237332,0.816376249954201,0.76642090243142,0.777760580675776,0.80821031795523,0.786429937032304,0.77846604870025,0.781336550841524,0.783793630005547,0.8136567207532,0.752954548723723,0.786995427204016,0.749098308784544,0.760156598141848,0.74920241098865,0.737764422360162,0.797333602866706,0.765526771102391,0.801516071915594,0.791672337399634,0.79348670972131,0.823091633888824,0.74394832738169,0.821513715950608,0.757476250899067,0.775934688382669,0.815750622697429,0.799481317836996,0.838577018308839,0.821013329427784,0.811489375096974,0.768945792407458,0.750849821953589,0.740110474951006,0.74979831296103,0.772482030075405,0.738870629176075,0.751372790612679,0.820142309346515,0.815570272919491,0.802390987073416,0.777498831906569,0.790382600032382,0.740568608672223,0.818172356753717,0.799728320697394,0.792000889255624,0.802070763258297,0.786688333842319,0.808617552772563,0.820871821576391,0.79147527623429,0.809646869390045,0.785480912135521,0.789467508770691,0.799961171296703,0.813621048920221,0.813006091262138,0.812491026826218,0.809814586964761,0.803361996583583,0.799432354726331,0.806056016666753,0.787495148020853,0.80283036420103,0.797289994473025,0.645940637672379,0.779454613604385,0.799518223456519,0.848609554867608,0.7727707378701,0.802082539390197,0.769093444566662,0.81461231076111,0.81948912080749,0.820642050831175,0.807432661695507,0.793112674745032,0.792319383057177,0.817147593332576,0.776763646758431,0.800707720765617,0.857225299173804,0.802189533521921,0.83298691491826,0.83378737971275,0.773142813934375,0.740118946445748,0.792320354674387,0.76237246445894,0.81428163094014,0.803922363553236,0.793753277611194,0.825881165402039,1,0.819911645313327,0.777820390812374,0.807546233555419,0.805222991704045,0.771995981765872,0.790305541999925,0.837827022914958,0.793971384230424,0.797608943813457,0.784725000145284,0.796168270003357,0.754911483152693,0.775751326675373,0.843761424645518
"108",0.799009495908735,0.793739082903886,0.757406861740838,0.777750493801793,0.842484601173657,0.840387288315852,0.767465144657847,0.780289318842323,0.799059821283858,0.816122575619928,0.739821396172639,0.723037587209312,0.766837871421366,0.781075397516551,0.778141364719314,0.778755966234975,0.759780850361048,0.764441009802316,0.780089763766111,0.772742565730734,0.812324325945879,0.79653486037029,0.796384283080877,0.790999574524286,0.794898701487843,0.811106721736751,0.81776623777183,0.812781929766986,0.775282277126863,0.761651334047427,0.762808314570956,0.764772139009224,0.786588546135084,0.780727781336187,0.794299286307758,0.800803854361225,0.797879778143144,0.752145766754526,0.80849954054158,0.798438413136121,0.804564621007014,0.825429090038611,0.768994712078356,0.783606208671368,0.774752375985624,0.79452660422287,0.769086207560303,0.812784810351119,0.760898627111615,0.80396236536235,0.781448000600066,0.795057802817575,0.792541240432474,0.812694054812387,0.76179877427856,0.712529772439279,0.791748419589647,0.78749068465377,0.757270449205491,0.767450859757864,0.7658845689261,0.760098563588474,0.788288981906441,0.804136808067007,0.768449013851943,0.802783464989601,0.782497753834873,0.796013660952706,0.776753973003653,0.752682237070305,0.778878888631609,0.793502708271766,0.782284029548917,0.742193924117626,0.748853284902747,0.777161578528005,0.772688322900811,0.747946324786054,0.650549772120261,0.808298859497568,0.813604769313103,0.811085477963364,0.774134864329112,0.774788365286552,0.796041107930217,0.810717670875985,0.816347516845045,0.800009307257322,0.789733607893906,0.802472798026964,0.807542828480124,0.81603634036277,0.774155285059956,0.803767669274115,0.776615442629154,0.776592364254026,0.779262428012745,0.786910067811247,0.80462243105711,0.816657014336502,0.747498471367351,0.765876302476285,0.817889866590072,0.75729555579162,0.795438402208716,0.790882234685707,0.819911645313327,1,0.756628959538156,0.800223272779667,0.782068756140771,0.791122304775179,0.794971830504428,0.809696511444926,0.781551896294574,0.809441970006012,0.798235985499956,0.797812295671257,0.780985488443181,0.765808315252901,0.779506253671464
"109",0.775239447802756,0.813908989981522,0.789163092132513,0.795484925034268,0.811560493385315,0.809220209072646,0.800940085511957,0.817765421802906,0.787554978395126,0.784188787516864,0.767065975721999,0.813817472132726,0.756876864168252,0.802072251423497,0.800120323944212,0.805486291574843,0.796692657356426,0.779372706722722,0.780221544649466,0.769995765082119,0.784848535977725,0.814295018074505,0.809338654630549,0.79934396245042,0.792007849998433,0.798371947904852,0.783271529263641,0.770784856768048,0.789876195557038,0.81414932815178,0.751504867742232,0.774217059592044,0.810886756600169,0.817127100455696,0.793697015199414,0.803038556043588,0.787372044581576,0.761750709219798,0.774773736739402,0.824109133406505,0.787344023035978,0.809220246562297,0.78784945038195,0.826801544753534,0.770418758372247,0.79914288654657,0.801673187596137,0.793613530637712,0.794714398860428,0.765367247088376,0.793667467035001,0.799294873583082,0.806680654919234,0.816549482336785,0.768413541680355,0.751988876668183,0.783578569209575,0.776876706715735,0.767582982944403,0.786199799673134,0.733733244611926,0.827847003238003,0.805764478067153,0.811044543223404,0.771779330655538,0.818754501927448,0.792413121509684,0.806183323449203,0.805991667690588,0.784607500940042,0.776828545516124,0.755059926322053,0.75456177441686,0.810583445758296,0.780767344611882,0.78234360918393,0.804989220291823,0.842279231961581,0.717381007746106,0.765963033840552,0.824245791390598,0.778605825329881,0.798140803592748,0.816376082960588,0.807411685645917,0.814010970951148,0.824023446249303,0.823128972875907,0.813368932296745,0.794423708860084,0.828238297998159,0.806059817717155,0.796963989282821,0.772019211165341,0.808380931458181,0.836178963710091,0.754349370479731,0.809540774831337,0.744760449408781,0.803242690051164,0.787070207555012,0.790996889176518,0.753132287263719,0.7946788154667,0.764025524463891,0.763363111726669,0.777820390812374,0.756628959538156,1,0.802425267628864,0.754246208374342,0.793641920899513,0.787013335459929,0.798514386890457,0.818822399921653,0.776674646642477,0.776129434669365,0.767605907244106,0.795203553930729,0.803740982135748,0.806909802424475
"110",0.792487202150354,0.799571925130277,0.756521040313386,0.788381398062811,0.746126569398314,0.785359645958998,0.784707245676017,0.833777976357851,0.768572434048038,0.788393780529493,0.747988701771436,0.75298571984205,0.785522487059965,0.823251858141468,0.773935592475034,0.785031903025745,0.776401112767096,0.770630387599584,0.730887655155217,0.772225613306701,0.786838849106735,0.811938810559209,0.796373378615466,0.747137643810928,0.780876681290105,0.772530134363558,0.781022406634685,0.753366919999894,0.711534324008744,0.779345220288734,0.771934436096607,0.779535566293376,0.757282825068797,0.813381875591719,0.773845713301694,0.799387221984926,0.810026372899112,0.816178919556834,0.82119163210818,0.796717872689623,0.785937204004937,0.752492873321614,0.754025901401389,0.789687116125339,0.779858441156691,0.764648604439765,0.768539143397401,0.787843406982154,0.79697573547523,0.786443966239321,0.795769656733256,0.817912433255051,0.82195992999663,0.808004954997113,0.779755020525265,0.755858635647024,0.833132605993121,0.790831804828598,0.759603140969503,0.805549056566317,0.793182621431087,0.772902886410172,0.807789994205328,0.790540487674873,0.791562097062217,0.758973791548082,0.754623587189593,0.814576163920127,0.806961043285184,0.769833027242603,0.81142182362753,0.762992438490341,0.763189093901975,0.79449749668471,0.750724819269247,0.800421075631731,0.758190685951694,0.782467189901141,0.711316393912463,0.77508757513613,0.78369686830416,0.778556781938882,0.785514336564574,0.835021038831872,0.741368381422964,0.812535699551037,0.814997545236577,0.827123693845755,0.799159246211728,0.816294577189071,0.808265883873832,0.785500937215651,0.807127157830291,0.806591270974409,0.800201885202017,0.767825036427634,0.802236310752216,0.789119725862054,0.776724351187591,0.782994806056648,0.771083750691208,0.815722063011476,0.796909729494866,0.794470319075176,0.794493475311362,0.79449852350238,0.807546233555419,0.800223272779667,0.802425267628864,1,0.766577472590834,0.814355447451997,0.785577627204562,0.803874808776817,0.766559293649789,0.805033719174266,0.801294117587958,0.770183071936378,0.788839677014148,0.789991873045895,0.799556756170003
"111",0.813643065121904,0.841783065250337,0.820734618943403,0.85226504690851,0.820656359039497,0.803994821641372,0.817510495568417,0.80934182080246,0.781293019710756,0.809819741831377,0.823687486648179,0.817609088511002,0.832639222234562,0.832637051768097,0.806608330127108,0.825329782069268,0.794786349488172,0.807597732333586,0.795162683561814,0.785890664139534,0.779593268343625,0.773745411696953,0.758189528766576,0.791031440493088,0.76926548321984,0.789779837226829,0.757091901811114,0.801371404001272,0.808697235363238,0.767794474064873,0.778428617597516,0.803690128266417,0.837579307646128,0.843150915342964,0.77085068803577,0.745645705753055,0.773802726737008,0.781744665273674,0.805585996955365,0.765652457522138,0.778042875748214,0.822646226196196,0.793153250659768,0.770766388732466,0.770326357411078,0.786885449413266,0.776946514963975,0.786671371318465,0.761006393885325,0.802861029299347,0.862381522760039,0.811223704772846,0.810021668411769,0.787009610331273,0.770811036811983,0.759056130534267,0.827380958031694,0.812124371808322,0.799501800757628,0.811141692704588,0.817199064865628,0.808603145515092,0.788110645536011,0.820578415781557,0.813536613313066,0.804465448515745,0.815812095691819,0.81498945973045,0.758521680726386,0.8358814354115,0.810592678096093,0.785388535104789,0.820775563634578,0.789238507594326,0.80969341242139,0.82964384743299,0.786586647411594,0.813770103822729,0.714384785028742,0.823744427073641,0.78906699929133,0.842303846786163,0.809836082580138,0.790526829832145,0.83614565281694,0.827442910457034,0.809329204900462,0.828639716987542,0.793817640818623,0.834677774142266,0.835689438886803,0.807059944200482,0.819471202964373,0.82315076229102,0.848650306616207,0.803504721371444,0.840980108204366,0.805817006312787,0.784917768216153,0.793297613769513,0.810926360898924,0.833185982853891,0.842226555712905,0.82534014217653,0.786165007500018,0.847006553723812,0.805222991704045,0.782068756140771,0.754246208374342,0.766577472590834,1,0.815879497815902,0.814915429860144,0.828803846718388,0.80652492434146,0.809884247427429,0.8433978535463,0.822239089113001,0.829473548571149,0.796727226294306,0.834814034563062
"112",0.806714610427678,0.83623927428497,0.815709824539665,0.796562450792773,0.816216903286833,0.828605961693443,0.809187237179594,0.773127454571613,0.770682040144362,0.774977241951527,0.811775019520354,0.805949360659984,0.815236544473362,0.839381279900577,0.818377410804971,0.806267904204693,0.718696280322297,0.768814838572328,0.78354679668444,0.780832352102833,0.809059537433434,0.768276410497504,0.791702073291448,0.76607733053534,0.777891699240713,0.780957668502313,0.811550215537248,0.772654409535014,0.781749804655888,0.789138584656105,0.812101354139221,0.815995385065265,0.844131173427498,0.825730396997117,0.80410470010551,0.774898137279667,0.794998157139726,0.787195078297461,0.810344679592067,0.782931849589329,0.809796786416564,0.800890758485707,0.809482178050244,0.804746447415975,0.78076818690911,0.797303528344428,0.780089549709563,0.79708891615546,0.76028103503522,0.788919995598298,0.82252645227308,0.843364864987773,0.828982406315932,0.800411901283629,0.834705345803055,0.784560215812989,0.84289001111564,0.800559716162488,0.789349551464624,0.830137752637458,0.774879744122094,0.778232468604514,0.825442830724571,0.801017536793203,0.812956843623128,0.822820434602531,0.831950272628788,0.807313502104104,0.819186559861299,0.80453232110011,0.760226204072933,0.769895000086099,0.786286005330615,0.75081201831888,0.785069013589346,0.829494682979631,0.840282413313879,0.780568485028986,0.69617456424627,0.805385380573039,0.834482120286991,0.826095519895926,0.797399407411312,0.782866058846206,0.77423554082732,0.808107607900264,0.80945024649522,0.796991036879113,0.810829638634574,0.849180433095062,0.821633389900375,0.819169118564348,0.851409821554083,0.837453395450216,0.839117640126043,0.812255637198474,0.832992803833869,0.835141417281736,0.821608624667713,0.779560247711744,0.778391288977038,0.864285187697983,0.843111823764283,0.856179829275056,0.802008156508071,0.859828860505296,0.771995981765872,0.791122304775179,0.793641920899513,0.814355447451996,0.815879497815902,1,0.803947623488966,0.821574524370858,0.812835151536287,0.815506404325947,0.817450630294828,0.823170209457131,0.814386537748615,0.817879432822827,0.751382653597751
"113",0.816720709337024,0.7959865399918,0.800068045646531,0.798570636976623,0.795185936923047,0.782831687632721,0.788009460862667,0.810761628477202,0.77981659934887,0.770927757568364,0.818753484561912,0.743568156559954,0.785612592047109,0.803039447043171,0.814593984791564,0.807420943308743,0.752072652989442,0.71741814482545,0.777933281915948,0.795195138567155,0.807573607954606,0.799672350920215,0.782878914625977,0.807299839017965,0.773158702972765,0.797187901949827,0.781307290912641,0.756577355751581,0.793514116050937,0.766870123396736,0.790789467858719,0.795239852512759,0.81018409965492,0.827755053165523,0.799053231034206,0.792719259554331,0.806454425698513,0.774751628456962,0.79897566395882,0.766445810288547,0.765976324281676,0.780427186067318,0.789454968731613,0.788270140641913,0.777039087219233,0.790496510876426,0.773232189668473,0.783195127728813,0.723834135951444,0.785226930407782,0.837875231902933,0.794622526405459,0.838416028187392,0.829155447877959,0.745857862335407,0.760065983127011,0.802833354676714,0.793477513805868,0.789682478798526,0.825028805603326,0.731015486571584,0.778330811012754,0.783207520484894,0.774340425913004,0.792741651933355,0.776861713185257,0.794397994652522,0.80507836553538,0.778440027384721,0.806479212832737,0.766713871434715,0.765412701322329,0.798212051608261,0.764698873059494,0.764637167194839,0.823688704629145,0.803619814258928,0.782980603460439,0.7392462973087,0.814024301465258,0.788994646185128,0.838094403604676,0.769946319232765,0.770050810767154,0.77288320763335,0.807719873202339,0.769688989970598,0.76498213740403,0.800251167762365,0.81532107362668,0.788273074169568,0.804228510068691,0.815158829304564,0.803388766836221,0.837391940355923,0.802837105751302,0.784697381718189,0.796496125672087,0.769297024058049,0.801464543063534,0.748582757223239,0.819976450649556,0.847690679003156,0.803180413438302,0.762440083299265,0.830638670117096,0.790305541999925,0.794971830504428,0.787013335459929,0.785577627204562,0.814915429860144,0.803947623488966,1,0.820155403688354,0.829566115481872,0.781634972898996,0.816137334785703,0.84028115635205,0.80174838161763,0.797419342671371,0.814962873013819
"114",0.809313413901184,0.829374688649706,0.788930159735368,0.838669622991512,0.86250163835017,0.858760046271498,0.789938310555174,0.816953780803396,0.798755771006289,0.85327852776811,0.822961527610488,0.786809034844788,0.821392717385901,0.828674963849702,0.811965837679113,0.82230109276122,0.807046041608051,0.775091841553478,0.819837799769532,0.795379545618045,0.821207646035307,0.826037013944854,0.783653051162732,0.805270467035485,0.797110307396628,0.808016400551313,0.81673427645015,0.814653126506642,0.816883684453951,0.809750309629716,0.803665359027304,0.804940070525201,0.80837468129244,0.829614573142899,0.795221077566863,0.795115354089248,0.805780249357095,0.806478358477313,0.79991188262275,0.791729086826922,0.822667886401202,0.817077330325762,0.825580377227186,0.780437471855507,0.784128803171416,0.773671359102793,0.778281570529231,0.811979184667592,0.803370961233351,0.793222389745014,0.835945326435296,0.814041998481215,0.843462207077987,0.817940827588096,0.811851132714359,0.756409587993489,0.837600376361953,0.812407431600559,0.822795259434378,0.810113484217071,0.824412979629175,0.805619757254478,0.825822999534509,0.830542498245514,0.818103084538268,0.82262407145855,0.814826354316959,0.791570286695082,0.78325412363172,0.815782316046635,0.822886832462685,0.79800379275318,0.799235986019384,0.805329948876752,0.809606414759602,0.828506366286565,0.854538161895878,0.808353049206194,0.764210383856057,0.796160241164002,0.807729521202861,0.840801713329045,0.805183866480813,0.80265191390187,0.807282948203809,0.81766764591546,0.834681970373992,0.813442728882916,0.841166855098006,0.831574789118902,0.837800168151308,0.819833423189879,0.80851553134886,0.82592623016126,0.834240514693208,0.795635819238645,0.828390335301044,0.8281624781555,0.81536778384741,0.771672058165234,0.807685314198406,0.847628067917043,0.83063193295383,0.828538028760131,0.807255467306178,0.851699160377143,0.837827022914958,0.809696511444926,0.798514386890457,0.803874808776817,0.828803846718388,0.821574524370858,0.820155403688354,1,0.822161431833083,0.798407066232913,0.820537601468395,0.832988375125452,0.816518700429834,0.800593205858918,0.835574221192071
"115",0.82919071703585,0.805596825798845,0.822166519485992,0.814050246068221,0.83861758603907,0.85214372122358,0.769850018776938,0.769030734706065,0.819030995300329,0.80997884115416,0.802416068658984,0.828165251148846,0.792347856947523,0.800614154621599,0.827452663354338,0.799963358801591,0.765113754666618,0.76327287404551,0.77321553694811,0.767039608075608,0.798763110243694,0.776493862138189,0.777795081225915,0.784605701645653,0.761865938131181,0.764864050041192,0.761472551408085,0.75537671262918,0.780194263617908,0.787056481122961,0.78519682831688,0.840284471869763,0.830639211500107,0.810561082736089,0.795233806211366,0.781397448265149,0.796188076427739,0.790048449211372,0.777760069567119,0.767127576487232,0.742830552279726,0.839489708766002,0.761375309842598,0.775955432834989,0.790505405710434,0.788448790527714,0.759064716770523,0.783679929588991,0.747991160104638,0.755335907268429,0.798176323493117,0.805750485460571,0.820578323905302,0.828867190793539,0.807199635166852,0.780129970879795,0.781917308720095,0.79900978825044,0.795301531535333,0.795746056403301,0.763093132791641,0.77333670898726,0.802398438041915,0.782990478252857,0.80689995891168,0.798440710420269,0.778058056886323,0.784819266690063,0.795736969573043,0.81644804485662,0.766881250811968,0.784262241733907,0.810656793482275,0.79113316302629,0.806469549038906,0.810692631857277,0.758846132625302,0.768868288804538,0.703759375916702,0.807129143683949,0.829585415814596,0.833309900532002,0.79477541070216,0.814826231294118,0.778408553832285,0.825247618421254,0.845482714112468,0.859679849142923,0.813499571561686,0.798012977471445,0.760291901839408,0.802707285642055,0.81875945605687,0.814365945129895,0.838006841152878,0.811406844736831,0.813572869291955,0.830213529755011,0.753361312880001,0.766813775395886,0.786558968441572,0.81415208527895,0.817155846526032,0.830856559334712,0.774310797379969,0.834786097669006,0.793971384230424,0.781551896294574,0.818822399921653,0.766559293649789,0.80652492434146,0.812835151536287,0.829566115481872,0.822161431833083,1,0.796628842421347,0.823516111198743,0.814095671687656,0.831430838477592,0.796111947705824,0.810074337784091
"116",0.83503018557409,0.827371324219341,0.807446239678062,0.815801743729437,0.811773222156346,0.827297806029758,0.783517563161595,0.799359887802288,0.804395921350652,0.801138859530679,0.81900323811691,0.762804522727278,0.818676901513181,0.829884410399249,0.790579433052457,0.798507722945749,0.773391841923618,0.808354263620215,0.790864794637852,0.82622657774276,0.802575771370229,0.805432129383046,0.794347669976729,0.746054254575606,0.751104467062327,0.754111886110208,0.784961610578368,0.795747944887457,0.814718460524613,0.811396551538399,0.79228862169848,0.818686228290344,0.834231709533162,0.818660450579983,0.818060345834525,0.766906932836085,0.839116431791475,0.817850008735491,0.735016341240502,0.757360485521949,0.785684194148007,0.824167163766319,0.787882602004149,0.792711924797986,0.760613894684655,0.774100469459596,0.807494523819248,0.816968131182386,0.7561552707522,0.798786225937824,0.811226425459585,0.84512757327141,0.823862843768577,0.836892630176828,0.783074490660253,0.741614556442187,0.816822968506426,0.801193358434951,0.808956843992593,0.795992658683387,0.817625388954371,0.787589975729487,0.783319107493388,0.78529287662368,0.819199446274671,0.812196406581776,0.755875832449305,0.75751251840025,0.790739330331168,0.796661325756316,0.793866749017334,0.79288464077476,0.798658787221665,0.787962412566119,0.779827067070619,0.812685458775137,0.821312256495025,0.76654615981752,0.680303736736941,0.791840292411676,0.796708718759479,0.815609030543113,0.791641075808539,0.797612641523314,0.793730616465904,0.866500872351371,0.840405035380423,0.811895206048266,0.803315925713747,0.830346481239922,0.82206484846231,0.793120584515115,0.7883833564031,0.818877676531741,0.806469792850198,0.807706291664343,0.827187956008321,0.780347571714319,0.756103792767818,0.800161897190102,0.770530323970137,0.841442063037152,0.841284886054621,0.805342721626266,0.768607753005816,0.835462112006108,0.797608943813457,0.809441970006012,0.776674646642477,0.805033719174266,0.809884247427429,0.815506404325947,0.781634972898996,0.798407066232913,0.796628842421347,1,0.80496427581713,0.829923197933633,0.802534992803408,0.810281564086585,0.815666582817
"117",0.830791531747408,0.829473385215261,0.809194007400709,0.810249210034246,0.820177763805337,0.824605416921457,0.807679093799317,0.813483682199932,0.79111422486318,0.785785779030395,0.789765492286963,0.783928589910248,0.760913100417154,0.829574355195023,0.829612943249252,0.81464437087374,0.771450112347487,0.76296069005744,0.794095227975564,0.78526601052687,0.81068599851677,0.784421637837697,0.743177848951327,0.754484195596295,0.765202121943149,0.753153960765877,0.726848807880864,0.750618646633267,0.785732261314005,0.779118677038228,0.794890522679833,0.830099520252103,0.828055434032837,0.824679577906089,0.782166749742638,0.733130252271791,0.804577907772447,0.818749904032864,0.799143054425541,0.786409930044785,0.742770098943244,0.838492185025696,0.768295744416266,0.739681022153167,0.766344214062308,0.79287824017505,0.765677091721538,0.799476790364367,0.796990363428762,0.81122338049237,0.804358364029304,0.810379755132722,0.806443588734951,0.810089228702106,0.777711324520492,0.747401621683664,0.816342552659526,0.806555759802921,0.784335216572485,0.80552583240411,0.77898629059019,0.707289133473195,0.808508112787642,0.820423196570888,0.79565865561382,0.761753387385276,0.802949206730079,0.784848633758617,0.744242627126258,0.793896254263876,0.819957709459725,0.759146932561106,0.79985283312902,0.792933799860246,0.77843781313184,0.828713098109537,0.791944656832138,0.778732275195888,0.682607028263131,0.773718380454761,0.824675695590274,0.837807992201718,0.753732256306935,0.772721408422136,0.806195260207008,0.78874647772406,0.818005757788543,0.825401080282911,0.817212286913919,0.828937913846021,0.845979841403679,0.810798342517659,0.845934240345447,0.815075458105349,0.808225639581731,0.815999586293385,0.829806308036488,0.794361126050727,0.794583273973391,0.774258788397483,0.783487932443936,0.806370876992345,0.813115128387796,0.822025251697416,0.809629283559192,0.861624827376265,0.784725000145284,0.798235985499956,0.776129434669365,0.801294117587958,0.843397853546299,0.817450630294828,0.816137334785703,0.820537601468395,0.823516111198743,0.80496427581713,1,0.814309572943257,0.867107139515196,0.809297416829149,0.837128369113002
"118",0.823851826105406,0.821594690737559,0.813932283367871,0.842762194690295,0.786526333199909,0.800599307626638,0.775124265389519,0.774933022503878,0.803572133264693,0.819023321662694,0.82030929023612,0.793537683389931,0.779906987103847,0.813648646748452,0.77117746213123,0.781892937692133,0.7303467304261,0.764468423829301,0.776448097690409,0.797098458207795,0.797783175035404,0.783993670911046,0.744800625469905,0.745296134615318,0.755240263763581,0.768657425320141,0.73823649758829,0.751594689042898,0.771146483034889,0.785127586295385,0.79767009896003,0.820044717649284,0.829044142342864,0.81705952568944,0.818405209483459,0.759655593819365,0.793255635986703,0.784262679897555,0.813155754404589,0.781784440483911,0.799598251627129,0.834971367922995,0.820198599012767,0.781765208062155,0.771032883444697,0.746058595852841,0.767573926993663,0.772782422865937,0.722376608007508,0.773164492472346,0.798579244136542,0.824326667837862,0.828421135638028,0.848081332531856,0.729719211046254,0.793157703070219,0.806679950123469,0.774931605564513,0.816294465211814,0.801783734603873,0.760451870246725,0.768557591193734,0.794791849357382,0.815300306677804,0.808797045600917,0.810354286481396,0.793609366768053,0.754546067617448,0.764315942753198,0.783046571814615,0.800817978843105,0.764883455970642,0.776719875313899,0.757505708470847,0.779694199521112,0.821546681510473,0.814852864763382,0.755295098018119,0.705936322958457,0.772364403310967,0.791458419554645,0.804222747519326,0.796126860075027,0.749901221846113,0.794501724829866,0.841290472549761,0.811156054291581,0.776763348603213,0.772784186929747,0.839075122587223,0.831950248227931,0.77566766525114,0.809028239891512,0.794705579892267,0.854550826064949,0.827808511341676,0.808769566008547,0.81245250843556,0.80158350534822,0.773642500308564,0.770002117396505,0.824421186249832,0.849341288654838,0.824105706584519,0.788367105418827,0.828153444952037,0.796168270003357,0.797812295671258,0.767605907244105,0.770183071936378,0.822239089113001,0.823170209457131,0.84028115635205,0.832988375125452,0.814095671687656,0.829923197933633,0.814309572943257,1,0.840129383516846,0.813051674311339,0.811056419244715
"119",0.806773086595376,0.79529861705839,0.838706425928137,0.830025575364649,0.804620038922263,0.830683967670807,0.8341645603307,0.796979777962891,0.795824780760098,0.824093484142202,0.79979862831183,0.794182013067477,0.78610250820347,0.810634731908368,0.822706374143791,0.818105045469637,0.764205441753755,0.77044633040986,0.780109901173169,0.777490076335306,0.786996350854055,0.765538744364081,0.772026982950701,0.744694814079102,0.76089115730032,0.750846828060154,0.699239261938567,0.767845298177126,0.774687754079712,0.787649810166458,0.792197512178906,0.832724149395169,0.855002115175522,0.827653122060358,0.811867007339402,0.789690331626256,0.771137800451522,0.7944390034549,0.788027645283746,0.774948781925792,0.78316439206892,0.853778917657984,0.770145654536013,0.733663523268483,0.756900124647264,0.779695112322906,0.788517665856159,0.774672285764044,0.783439437513192,0.780850340801329,0.792801140698342,0.826216277607931,0.841637058515627,0.835104175877912,0.776797478953426,0.773579613008728,0.819632286890652,0.80507484592699,0.768559322637963,0.819581741504505,0.755157921486917,0.711547710116179,0.755193580915688,0.811635056077418,0.803348940196046,0.835939536484717,0.760821915140444,0.803707176978493,0.746735662701208,0.795307926747054,0.790511758388446,0.753154830224672,0.798706901246289,0.761108750745911,0.797206022105158,0.802394121151912,0.812702989162541,0.745689026700419,0.704441965081737,0.805801659984217,0.794267455010522,0.809455706204105,0.809412717870026,0.766305092748948,0.829301195651758,0.842129987679857,0.810569738307438,0.807332377161564,0.816330884586961,0.83549808847755,0.835306536979862,0.831830357592627,0.83296539091605,0.812738293123795,0.825533055174436,0.81858219633275,0.832314877181953,0.824893699963396,0.800135860121766,0.725902353760304,0.756478603373051,0.829457137023366,0.841544552325218,0.841058656465618,0.782844886316725,0.831810920828635,0.754911483152693,0.780985488443181,0.795203553930729,0.788839677014148,0.829473548571149,0.814386537748615,0.80174838161763,0.816518700429834,0.831430838477593,0.802534992803409,0.867107139515196,0.840129383516846,1,0.812283115672162,0.830869419243329
"120",0.77981661321066,0.854269434006281,0.815799665636779,0.854971021135245,0.835348044277433,0.841009352987962,0.805690103809457,0.793532455382643,0.82137596138599,0.803224018976903,0.799754544221651,0.805400161251419,0.809886969841291,0.814600991556068,0.826812732122344,0.795205371436195,0.775309967234313,0.796620874058469,0.785643189632349,0.811160829229518,0.792228834242609,0.809425896789594,0.764287222113715,0.748133091187801,0.759614913901746,0.776213131997803,0.773968510350604,0.776358828351006,0.789034720317591,0.806675750098534,0.799980957700726,0.823971937137818,0.830067838934695,0.836735236850664,0.804485560037579,0.77506898628411,0.793526671821228,0.781897537862381,0.782645716783855,0.804728432720734,0.84579694339605,0.791994162900657,0.783860594320105,0.808748541281913,0.792522762514762,0.759177951547497,0.771128791565428,0.76593355874873,0.751070891085711,0.795483957388857,0.828145413293096,0.796854112883361,0.830474016036558,0.82224714308843,0.794513938684931,0.717395423294763,0.812602850962677,0.801878165727741,0.80591244150526,0.791966287327043,0.778034446688039,0.782491822702579,0.809205224215657,0.788523849909374,0.813854597408607,0.74997562429667,0.758109937228474,0.806168560806536,0.7725039778868,0.810308518697051,0.770939449314171,0.778719687676454,0.804524122743914,0.779187697588738,0.770685591737103,0.812959268930006,0.814823991980056,0.8237702482536,0.686483140109643,0.798581314899411,0.802754324251933,0.814496411707824,0.793412377250924,0.824286192641292,0.834402661491974,0.825903646889914,0.816774152916401,0.826947220335196,0.811857060217755,0.787791440944778,0.820061179138241,0.807571893316388,0.828070251487784,0.832544380244244,0.814813764320207,0.787854680487965,0.774632908217919,0.787285397937215,0.772949470221702,0.750956774871302,0.781500781161556,0.816485259383378,0.837910797060541,0.816601575503553,0.774607803019317,0.827990702625249,0.775751326675373,0.765808315252901,0.803740982135748,0.789991873045895,0.796727226294306,0.817879432822827,0.797419342671371,0.800593205858918,0.796111947705824,0.810281564086585,0.809297416829149,0.813051674311339,0.812283115672162,1,0.785689961340503
"121",0.81474837170735,0.844101467895142,0.812045096422528,0.826193028222425,0.833555413667819,0.825268539096475,0.827061074458247,0.849269301980622,0.808027312485155,0.806539397021406,0.837982708792385,0.839944509629664,0.849349731729392,0.848920645311068,0.830108486047643,0.850824533966258,0.844815582146035,0.825775803147234,0.80290447925554,0.834058602292066,0.816477486251962,0.826034745913977,0.793773739681983,0.772695188001038,0.792967057143325,0.791634975358307,0.739462856268918,0.807118640407689,0.821222395158325,0.83044278244972,0.859506730463877,0.848228681403028,0.815139563779992,0.842696005217325,0.793961701171858,0.806606638924901,0.830298705547559,0.823671979761207,0.79776917698678,0.810786262228849,0.832309562249499,0.843126204937115,0.842072193886413,0.799639377682865,0.782477377745145,0.77888561705056,0.793045353503152,0.806579315433741,0.763954994682353,0.794451375699969,0.852756013479063,0.845794508023219,0.817061320486844,0.825791677338814,0.789198725716199,0.770641876444158,0.840005213435358,0.83733723410388,0.826352546081261,0.842103517257909,0.787197297086262,0.808357563295849,0.864075505091784,0.850539832846925,0.859573291838898,0.82171583098498,0.806903382214843,0.795352840926066,0.822168745526792,0.884757655845769,0.855980316903176,0.827968404198517,0.849075200418159,0.842041655074107,0.850784855928457,0.830768023046406,0.802126663873891,0.814564998775433,0.749384236178523,0.821937613778956,0.795972271647229,0.861679045836327,0.864447283155247,0.815334204661608,0.843737136322852,0.812713576361293,0.790690828718476,0.821066069290342,0.811030186454852,0.853097849306447,0.801999620488169,0.831019816167073,0.8292260553022,0.795194680060388,0.845265471993852,0.813547786113834,0.859711698528113,0.860293787868761,0.760460281764112,0.796277835250375,0.814973572959113,0.84365926655789,0.850099750575146,0.824101719136602,0.781761172176405,0.831605996185013,0.843761424645518,0.779506253671464,0.806909802424475,0.799556756170003,0.834814034563062,0.751382653597751,0.814962873013819,0.835574221192071,0.81007433778409,0.815666582817,0.837128369113002,0.811056419244714,0.830869419243328,0.785689961340503,1
