"site1","site2","kinship_avg","lat1","lon1","lat2","lon2"
"AAFC4","AAFC4",1,50.08,-120.65,50.08,-120.65
"AAFC5","AAFC4",0.728308610291814,50.09,-120.45,50.08,-120.65
"AAFC6","AAFC4",0.746383486198972,50.09,-120.75,50.08,-120.65
"AAFC8","AAFC4",0.70516130875666,49.57,-120.55,50.08,-120.65
"AAFC9","AAFC4",0.703457604629719,49.62,-119.8,50.08,-120.65
"AAFC10","AAFC4",0.703595267700076,49.71,-120.05,50.08,-120.65
"Adler5","AAFC4",0.666132394370756,40.79,-111.87,50.08,-120.65
"Schupp2","AAFC4",0.697476329770814,40.2,-112.46,50.08,-120.65
"Schupp1","AAFC4",0.656854853285553,39.85,-112.15,50.08,-120.65
"Adler13","AAFC4",0.677125715970656,41.44,-111.08,50.08,-120.65
"Adler16","AAFC4",0.694802727649233,41.78,-110.2,50.08,-120.65
"Adler17","AAFC4",0.69500654190145,41.44,-110.11,50.08,-120.65
"Adler18","AAFC4",0.664493189367455,40.86,-114.22,50.08,-120.65
"Barnett1","AAFC4",0.669949967876272,43.48,-110.74,50.08,-120.65
"Baughman3","AAFC4",0.717558372975789,42.81,-118.96,50.08,-120.65
"Baughman2","AAFC4",0.672097225644794,43.05,-118.87,50.08,-120.65
"Chynoweth1","AAFC4",0.700579624458054,39.76604,-109.5635,50.08,-120.65
"Board1","AAFC4",0.680170053981203,38.84,-117.57,50.08,-120.65
"Bradford1","AAFC4",0.67978234159392,35.23,-111.62,50.08,-120.65
"Chambers1","AAFC4",0.623072351930736,39.55,-119.58,50.08,-120.65
"Chambers2","AAFC4",0.616542665538344,39.95,-118.76,50.08,-120.65
"Urza1","AAFC4",0.616696158224117,40.35,-119.34,50.08,-120.65
"Chambers4","AAFC4",0.616497311428556,41.31,-117.63,50.08,-120.65
"Chambers5","AAFC4",0.613190058188764,41.54,-117.75,50.08,-120.65
"Chambers6","AAFC4",0.613182482082621,41.54,-117.78,50.08,-120.65
"Chambers7","AAFC4",0.693747258977958,43.94,-116.19,50.08,-120.65
"Chambers8","AAFC4",0.665471999612757,42.24,-114.57,50.08,-120.65
"Chambers9","AAFC4",0.700589007172854,40.66,-116.73,50.08,-120.65
"Copeland1","AAFC4",0.700655694812353,43.7,-117.33,50.08,-120.65
"Copeland5","AAFC4",0.66155187301672,42.27,-118.71,50.08,-120.65
"Copeland9","AAFC4",0.695113895584803,43.47,-119.68,50.08,-120.65
"Downs1","AAFC4",0.641118358896499,46.38145,-119.430272,50.08,-120.65
"Downs2","AAFC4",0.66874248428226,46.25045,-119.53334,50.08,-120.65
"Downs3","AAFC4",0.624333592238629,45.9663,-120.3671,50.08,-120.65
"Fleishman1","AAFC4",0.704675976718699,38.47,-119.49,50.08,-120.65
"Fleishman5","AAFC4",0.661442499588368,39.12,-117.27,50.08,-120.65
"Fleishman7","AAFC4",0.684740268996704,39.17,-117.44,50.08,-120.65
"Getts1","AAFC4",0.644230375403867,41.17,-120.5,50.08,-120.65
"Getts3","AAFC4",0.690822969150041,40.43,-120.67,50.08,-120.65
"Holdrege1","AAFC4",0.669758545809608,41.61,-111.57,50.08,-120.65
"Hufft1","AAFC4",0.658118186835733,38.6701,-108.3286,50.08,-120.65
"Lavin1","AAFC4",0.680187182793563,44.68,-109.07,50.08,-120.65
"Lavin2","AAFC4",0.722222036943145,45.67,-111.03,50.08,-120.65
"Lee1","AAFC4",0.616589222351407,36.82340833,-116.0163889,50.08,-120.65
"Lee2","AAFC4",0.609234791220709,35.3984,-115.7845,50.08,-120.65
"Lee3","AAFC4",0.61644002807473,36.5247,-115.8987,50.08,-120.65
"Lee4","AAFC4",0.612792695962718,35.4564,-115.52,50.08,-120.65
"Leger1","AAFC4",0.630044773104711,39.49,-119.84,50.08,-120.65
"Maron1","AAFC4",0.677072227059615,46.68,-114.03,50.08,-120.65
"Maron2","AAFC4",0.694795441423848,46.64,-113.23,50.08,-120.65
"Porensky30","AAFC4",0.691012907901078,40.63,-105.27,50.08,-120.65
"Pyke3","AAFC4",0.693401718523108,44.60456358,-120.1924183,50.08,-120.65
"Pyke8","AAFC4",0.625129994959147,46.74830998,-119.361636,50.08,-120.65
"Pyke21","AAFC4",0.68205099097182,47.61803776,-119.6830115,50.08,-120.65
"Pyle1","AAFC4",0.750456371410788,42.35,-118.65,50.08,-120.65
"Pyle9","AAFC4",0.694783130791433,43.42,-119.62,50.08,-120.65
"Pyle10","AAFC4",0.661603054438552,43.19,-120,50.08,-120.65
"Pyle15","AAFC4",0.682741102787068,43.8,-119,50.08,-120.65
"Pyle17","AAFC4",0.703245569499124,44.36,-118.93,50.08,-120.65
"Pyle19","AAFC4",0.672071283474136,44.57,-119.65,50.08,-120.65
"Reed1","AAFC4",0.659379906559894,38.52,-109.47,50.08,-120.65
"Reed3","AAFC4",0.655830046862847,38.75,-109.79,50.08,-120.65
"Schupp3","AAFC4",0.663350218106958,38.6,-113.79,50.08,-120.65
"Schupp4","AAFC4",0.700510676361207,38.52,-113.55,50.08,-120.65
"Schupp5","AAFC4",0.695921147706448,39.11,-112.74,50.08,-120.65
"Symstad1","AAFC4",0.660812358217654,44.59,-104.71,50.08,-120.65
"Symstad2","AAFC4",0.645323470349669,43.87,-103.46,50.08,-120.65
"Symstad3","AAFC4",0.718967349081144,43.62,-103.47,50.08,-120.65
"Urza2","AAFC4",0.697219630754661,40.84,-119.56,50.08,-120.65
"Wilcox2","AAFC4",0.631002038402442,41.31,-105.66,50.08,-120.65
"Chynoweth2","AAFC4",0.661838599928177,40.29092,-109.68361,50.08,-120.65
"Chynoweth3","AAFC4",0.631256473609655,39.83576,-109.61202,50.08,-120.65
"Chynoweth5","AAFC4",0.676390362831688,40.480805,-109.438229,50.08,-120.65
"Chynoweth7","AAFC4",0.700919876756593,40.533605,-109.523564,50.08,-120.65
"Chynoweth8","AAFC4",0.661479948048508,40.640878,-109.48689,50.08,-120.65
"Shriver2","AAFC4",0.669997630540757,48,-114.04,50.08,-120.65
"Davies03","AAFC4",0.679904075185433,42.68,-118.68,50.08,-120.65
"GerminoBOP1","AAFC4",0.698231708551901,43.4720833,-116.2338306,50.08,-120.65
"Mancillas01","AAFC4",0.66878234765252,32.368,-106.56,50.08,-120.65
"Boise_High 2022","AAFC4",0.763888701000106,NA,NA,50.08,-120.65
"Boise_Low 2022","AAFC4",0.733420280898565,NA,NA,50.08,-120.65
"CG PASTURE 2022","AAFC4",0.77946446827944,NA,NA,50.08,-120.65
"CaseAoyamaS1 2022","AAFC4",0.766059225568879,NA,NA,50.08,-120.65
"CastValley 2021","AAFC4",0.725419874656659,NA,NA,50.08,-120.65
"EOARC 2022","AAFC4",0.766734195282812,NA,NA,50.08,-120.65
"EnsingS1 SuRDC 2022","AAFC4",0.78008419974449,NA,NA,50.08,-120.65
"EnsingS2 Summerland-Princeton 2022","AAFC4",0.771104253208797,NA,NA,50.08,-120.65
"EnsingS3 Bear Creek 2022","AAFC4",0.761724220022854,NA,NA,50.08,-120.65
"EnsingS4 Lundbom 2022","AAFC4",0.777341620337138,NA,NA,50.08,-120.65
"FAR NORTH CPER 2022","AAFC4",0.774869212004935,NA,NA,50.08,-120.65
"FtK_Cottonwood_Coulee 2021","AAFC4",0.77739927727602,NA,NA,50.08,-120.65
"FtK_Lone_Pine 2021","AAFC4",0.776160654830414,NA,NA,50.08,-120.65
"GoeblS1 2024","AAFC4",0.76186624822301,NA,NA,50.08,-120.65
"GreenCanyon 2021","AAFC4",0.775711603469451,NA,NA,50.08,-120.65
"HPGRS AGCR 2022","AAFC4",0.779242127933171,NA,NA,50.08,-120.65
"HardwareRanch 2022","AAFC4",0.776935470464974,NA,NA,50.08,-120.65
"K1_vanDiepen 2022","AAFC4",0.773955348963039,NA,NA,50.08,-120.65
"L1_vanDiepen 2022","AAFC4",0.782314153006454,NA,NA,50.08,-120.65
"MPG_IR 2021","AAFC4",0.780491320442392,NA,NA,50.08,-120.65
"MPG_SR 2021","AAFC4",0.78095206659776,NA,NA,50.08,-120.65
"MPG_TH 2021","AAFC4",0.78082257352405,NA,NA,50.08,-120.65
"NEAR 4WAY CPER 2022","AAFC4",0.773823804296941,NA,NA,50.08,-120.65
"NEAR HQ CPER 2022","AAFC4",0.775258670479807,NA,NA,50.08,-120.65
"NEAR NUTNET 2022","AAFC4",0.774597512195522,NA,NA,50.08,-120.65
"OttS1 2022","AAFC4",0.780602693623344,NA,NA,50.08,-120.65
"PMR- Brome 2021","AAFC4",0.777813753684587,NA,NA,50.08,-120.65
"Pearlwise 2024","AAFC4",0.762481002317862,NA,NA,50.08,-120.65
"Peavine 2022","AAFC4",0.740944965062046,NA,NA,50.08,-120.65
"Plymouth 2022","AAFC4",0.732823784670694,NA,NA,50.08,-120.65
"RedBluff 2023","AAFC4",0.782979226592989,NA,NA,50.08,-120.65
"Rush_Valley 2022","AAFC4",0.763845117498831,NA,NA,50.08,-120.65
"SSHQ 2022","AAFC4",0.77646934085632,NA,NA,50.08,-120.65
"SSHigh 2022","AAFC4",0.775146070040219,NA,NA,50.08,-120.65
"SouthEden 2022","AAFC4",0.777792500786543,NA,NA,50.08,-120.65
"Symstad1 2021","AAFC4",0.780600319819063,NA,NA,50.08,-120.65
"Symstad2 2022","AAFC4",0.780340337408895,NA,NA,50.08,-120.65
"TB FIRE 2022","AAFC4",0.776909917220196,NA,NA,50.08,-120.65
"TB LC Control 2022","AAFC4",0.776610330015001,NA,NA,50.08,-120.65
"TB PRAIRIE DOG 2022","AAFC4",0.776698289251817,NA,NA,50.08,-120.65
"Woodruff 2022","AAFC4",0.779152772303846,NA,NA,50.08,-120.65
"dino 2024","AAFC4",0.757695725639251,NA,NA,50.08,-120.65
"AAFC4","AAFC5",0.728308610291814,50.08,-120.65,50.09,-120.45
"AAFC5","AAFC5",0.999999999999998,50.09,-120.45,50.09,-120.45
"AAFC6","AAFC5",0.663658680244957,50.09,-120.75,50.09,-120.45
"AAFC8","AAFC5",0.73950296954585,49.57,-120.55,50.09,-120.45
"AAFC9","AAFC5",0.790096307384155,49.62,-119.8,50.09,-120.45
"AAFC10","AAFC5",0.79007530746469,49.71,-120.05,50.09,-120.45
"Adler5","AAFC5",0.711419095751831,40.79,-111.87,50.09,-120.45
"Schupp2","AAFC5",0.704602719371941,40.2,-112.46,50.09,-120.45
"Schupp1","AAFC5",0.657744927139982,39.85,-112.15,50.09,-120.45
"Adler13","AAFC5",0.669595900163163,41.44,-111.08,50.09,-120.45
"Adler16","AAFC5",0.67173445476677,41.78,-110.2,50.09,-120.45
"Adler17","AAFC5",0.67188798112039,41.44,-110.11,50.09,-120.45
"Adler18","AAFC5",0.689107084631714,40.86,-114.22,50.09,-120.45
"Barnett1","AAFC5",0.704394390822388,43.48,-110.74,50.09,-120.45
"Baughman3","AAFC5",0.783805652988699,42.81,-118.96,50.09,-120.45
"Baughman2","AAFC5",0.679048980761178,43.05,-118.87,50.09,-120.45
"Chynoweth1","AAFC5",0.673287266711694,39.76604,-109.5635,50.09,-120.45
"Board1","AAFC5",0.721814055701715,38.84,-117.57,50.09,-120.45
"Bradford1","AAFC5",0.721334233298565,35.23,-111.62,50.09,-120.45
"Chambers1","AAFC5",0.641370255451231,39.55,-119.58,50.09,-120.45
"Chambers2","AAFC5",0.634734205123155,39.95,-118.76,50.09,-120.45
"Urza1","AAFC5",0.634888850614308,40.35,-119.34,50.09,-120.45
"Chambers4","AAFC5",0.634697924409097,41.31,-117.63,50.09,-120.45
"Chambers5","AAFC5",0.630124876381827,41.54,-117.75,50.09,-120.45
"Chambers6","AAFC5",0.630091567666924,41.54,-117.78,50.09,-120.45
"Chambers7","AAFC5",0.694836148103341,43.94,-116.19,50.09,-120.45
"Chambers8","AAFC5",0.672414182428935,42.24,-114.57,50.09,-120.45
"Chambers9","AAFC5",0.673304574405366,40.66,-116.73,50.09,-120.45
"Copeland1","AAFC5",0.673372000270756,43.7,-117.33,50.09,-120.45
"Copeland5","AAFC5",0.725439878935346,42.27,-118.71,50.09,-120.45
"Copeland9","AAFC5",0.67194263686764,43.47,-119.68,50.09,-120.45
"Downs1","AAFC5",0.658516885959097,46.38145,-119.430272,50.09,-120.45
"Downs2","AAFC5",0.719763709025356,46.25045,-119.53334,50.09,-120.45
"Downs3","AAFC5",0.649289033023029,45.9663,-120.3671,50.09,-120.45
"Fleishman1","AAFC5",0.69180248834018,38.47,-119.49,50.09,-120.45
"Fleishman5","AAFC5",0.648323384013816,39.12,-117.27,50.09,-120.45
"Fleishman7","AAFC5",0.741832882655846,39.17,-117.44,50.09,-120.45
"Getts1","AAFC5",0.65995645143829,41.17,-120.5,50.09,-120.45
"Getts3","AAFC5",0.74316870951598,40.43,-120.67,50.09,-120.45
"Holdrege1","AAFC5",0.704017325509479,41.61,-111.57,50.09,-120.45
"Hufft1","AAFC5",0.646788054162327,38.6701,-108.3286,50.09,-120.45
"Lavin1","AAFC5",0.671520483755776,44.68,-109.07,50.09,-120.45
"Lavin2","AAFC5",0.787637081837552,45.67,-111.03,50.09,-120.45
"Lee1","AAFC5",0.634783833838189,36.82340833,-116.0163889,50.09,-120.45
"Lee2","AAFC5",0.626518999385053,35.3984,-115.7845,50.09,-120.45
"Lee3","AAFC5",0.634618142690577,36.5247,-115.8987,50.09,-120.45
"Lee4","AAFC5",0.630989643925818,35.4564,-115.52,50.09,-120.45
"Leger1","AAFC5",0.652335907661453,39.49,-119.84,50.09,-120.45
"Maron1","AAFC5",0.672117509172993,46.68,-114.03,50.09,-120.45
"Maron2","AAFC5",0.671680522011088,46.64,-113.23,50.09,-120.45
"Porensky30","AAFC5",0.759780702359074,40.63,-105.27,50.09,-120.45
"Pyke3","AAFC5",0.73365585311021,44.60456358,-120.1924183,50.09,-120.45
"Pyke8","AAFC5",0.632116792564256,46.74830998,-119.361636,50.09,-120.45
"Pyke21","AAFC5",0.683970610566428,47.61803776,-119.6830115,50.09,-120.45
"Pyle1","AAFC5",0.73735582201385,42.35,-118.65,50.09,-120.45
"Pyle9","AAFC5",0.671671086141907,43.42,-119.62,50.09,-120.45
"Pyle10","AAFC5",0.648427630763771,43.19,-120,50.09,-120.45
"Pyle15","AAFC5",0.760035863197972,43.8,-119,50.09,-120.45
"Pyle17","AAFC5",0.793228288035726,44.36,-118.93,50.09,-120.45
"Pyle19","AAFC5",0.64149681254052,44.57,-119.65,50.09,-120.45
"Reed1","AAFC5",0.670517922563433,38.52,-109.47,50.09,-120.45
"Reed3","AAFC5",0.656634545922727,38.75,-109.79,50.09,-120.45
"Schupp3","AAFC5",0.656296835240676,38.6,-113.79,50.09,-120.45
"Schupp4","AAFC5",0.673193768703675,38.52,-113.55,50.09,-120.45
"Schupp5","AAFC5",0.677937149515695,39.11,-112.74,50.09,-120.45
"Symstad1","AAFC5",0.680934889304842,44.59,-104.71,50.09,-120.45
"Symstad2","AAFC5",0.675842574860859,43.87,-103.46,50.09,-120.45
"Symstad3","AAFC5",0.681369684770274,43.62,-103.47,50.09,-120.45
"Urza2","AAFC5",0.726108993674698,40.84,-119.56,50.09,-120.45
"Wilcox2","AAFC5",0.633910935346345,41.31,-105.66,50.09,-120.45
"Chynoweth2","AAFC5",0.648668636719257,40.29092,-109.68361,50.09,-120.45
"Chynoweth3","AAFC5",0.634177325324145,39.83576,-109.61202,50.09,-120.45
"Chynoweth5","AAFC5",0.672873323013723,40.480805,-109.438229,50.09,-120.45
"Chynoweth7","AAFC5",0.673703282666804,40.533605,-109.523564,50.09,-120.45
"Chynoweth8","AAFC5",0.648325125829289,40.640878,-109.48689,50.09,-120.45
"Shriver2","AAFC5",0.704299328675861,48,-114.04,50.09,-120.45
"Davies03","AAFC5",0.721571576930309,42.68,-118.68,50.09,-120.45
"GerminoBOP1","AAFC5",0.679295817012181,43.4720833,-116.2338306,50.09,-120.45
"Mancillas01","AAFC5",0.647649575357515,32.368,-106.56,50.09,-120.45
"Boise_High 2022","AAFC5",0.802981673725785,NA,NA,50.09,-120.45
"Boise_Low 2022","AAFC5",0.75459021914134,NA,NA,50.09,-120.45
"CG PASTURE 2022","AAFC5",0.799355601403651,NA,NA,50.09,-120.45
"CaseAoyamaS1 2022","AAFC5",0.796102305124013,NA,NA,50.09,-120.45
"CastValley 2021","AAFC5",0.718595509025283,NA,NA,50.09,-120.45
"EOARC 2022","AAFC5",0.798061103203412,NA,NA,50.09,-120.45
"EnsingS1 SuRDC 2022","AAFC5",0.803679237928091,NA,NA,50.09,-120.45
"EnsingS2 Summerland-Princeton 2022","AAFC5",0.824223336228927,NA,NA,50.09,-120.45
"EnsingS3 Bear Creek 2022","AAFC5",0.806652052252736,NA,NA,50.09,-120.45
"EnsingS4 Lundbom 2022","AAFC5",0.824027579029641,NA,NA,50.09,-120.45
"FAR NORTH CPER 2022","AAFC5",0.786697777939228,NA,NA,50.09,-120.45
"FtK_Cottonwood_Coulee 2021","AAFC5",0.78712740587174,NA,NA,50.09,-120.45
"FtK_Lone_Pine 2021","AAFC5",0.784568696437055,NA,NA,50.09,-120.45
"GoeblS1 2024","AAFC5",0.783265705904881,NA,NA,50.09,-120.45
"GreenCanyon 2021","AAFC5",0.793574693090825,NA,NA,50.09,-120.45
"HPGRS AGCR 2022","AAFC5",0.798527746392149,NA,NA,50.09,-120.45
"HardwareRanch 2022","AAFC5",0.801337979540893,NA,NA,50.09,-120.45
"K1_vanDiepen 2022","AAFC5",0.800037164739216,NA,NA,50.09,-120.45
"L1_vanDiepen 2022","AAFC5",0.800486513478423,NA,NA,50.09,-120.45
"MPG_IR 2021","AAFC5",0.801779769256684,NA,NA,50.09,-120.45
"MPG_SR 2021","AAFC5",0.801178857663218,NA,NA,50.09,-120.45
"MPG_TH 2021","AAFC5",0.80151700134121,NA,NA,50.09,-120.45
"NEAR 4WAY CPER 2022","AAFC5",0.784424533110241,NA,NA,50.09,-120.45
"NEAR HQ CPER 2022","AAFC5",0.787616229211849,NA,NA,50.09,-120.45
"NEAR NUTNET 2022","AAFC5",0.786122044219458,NA,NA,50.09,-120.45
"OttS1 2022","AAFC5",0.798784139563479,NA,NA,50.09,-120.45
"PMR- Brome 2021","AAFC5",0.809555085543377,NA,NA,50.09,-120.45
"Pearlwise 2024","AAFC5",0.787584875227403,NA,NA,50.09,-120.45
"Peavine 2022","AAFC5",0.779387393659845,NA,NA,50.09,-120.45
"Plymouth 2022","AAFC5",0.761158092120149,NA,NA,50.09,-120.45
"RedBluff 2023","AAFC5",0.810692036718292,NA,NA,50.09,-120.45
"Rush_Valley 2022","AAFC5",0.777129407032674,NA,NA,50.09,-120.45
"SSHQ 2022","AAFC5",0.785090520499966,NA,NA,50.09,-120.45
"SSHigh 2022","AAFC5",0.792417985452476,NA,NA,50.09,-120.45
"SouthEden 2022","AAFC5",0.799133608576435,NA,NA,50.09,-120.45
"Symstad1 2021","AAFC5",0.792763184234568,NA,NA,50.09,-120.45
"Symstad2 2022","AAFC5",0.791597901787865,NA,NA,50.09,-120.45
"TB FIRE 2022","AAFC5",0.790215961423331,NA,NA,50.09,-120.45
"TB LC Control 2022","AAFC5",0.789481105251182,NA,NA,50.09,-120.45
"TB PRAIRIE DOG 2022","AAFC5",0.789717319408173,NA,NA,50.09,-120.45
"Woodruff 2022","AAFC5",0.793833436697955,NA,NA,50.09,-120.45
"dino 2024","AAFC5",0.748735241965188,NA,NA,50.09,-120.45
"AAFC4","AAFC6",0.746383486198972,50.08,-120.65,50.09,-120.75
"AAFC5","AAFC6",0.663658680244957,50.09,-120.45,50.09,-120.75
"AAFC6","AAFC6",1,50.09,-120.75,50.09,-120.75
"AAFC8","AAFC6",0.684028662245634,49.57,-120.55,50.09,-120.75
"AAFC9","AAFC6",0.646180973737068,49.62,-119.8,50.09,-120.75
"AAFC10","AAFC6",0.646315773125281,49.71,-120.05,50.09,-120.75
"Adler5","AAFC6",0.660131905874076,40.79,-111.87,50.09,-120.75
"Schupp2","AAFC6",0.67172311247556,40.2,-112.46,50.09,-120.75
"Schupp1","AAFC6",0.676460950719081,39.85,-112.15,50.09,-120.75
"Adler13","AAFC6",0.699012082955167,41.44,-111.08,50.09,-120.75
"Adler16","AAFC6",0.690795665490192,41.78,-110.2,50.09,-120.75
"Adler17","AAFC6",0.691032673289595,41.44,-110.11,50.09,-120.75
"Adler18","AAFC6",0.658414523831391,40.86,-114.22,50.09,-120.75
"Barnett1","AAFC6",0.649864284851151,43.48,-110.74,50.09,-120.75
"Baughman3","AAFC6",0.680662349215225,42.81,-118.96,50.09,-120.75
"Baughman2","AAFC6",0.679015156535501,43.05,-118.87,50.09,-120.75
"Chynoweth1","AAFC6",0.692846883686474,39.76604,-109.5635,50.09,-120.75
"Board1","AAFC6",0.655729129795689,38.84,-117.57,50.09,-120.75
"Bradford1","AAFC6",0.655298330194344,35.23,-111.62,50.09,-120.75
"Chambers1","AAFC6",0.619284801596655,39.55,-119.58,50.09,-120.75
"Chambers2","AAFC6",0.612914249791817,39.95,-118.76,50.09,-120.75
"Urza1","AAFC6",0.613065616929149,40.35,-119.34,50.09,-120.75
"Chambers4","AAFC6",0.612806742400089,41.31,-117.63,50.09,-120.75
"Chambers5","AAFC6",0.60953495958562,41.54,-117.75,50.09,-120.75
"Chambers6","AAFC6",0.609490917438,41.54,-117.78,50.09,-120.75
"Chambers7","AAFC6",0.697698422222656,43.94,-116.19,50.09,-120.75
"Chambers8","AAFC6",0.671399865688872,42.24,-114.57,50.09,-120.75
"Chambers9","AAFC6",0.692908254298297,40.66,-116.73,50.09,-120.75
"Copeland1","AAFC6",0.692872226284141,43.7,-117.33,50.09,-120.75
"Copeland5","AAFC6",0.650594595486986,42.27,-118.71,50.09,-120.75
"Copeland9","AAFC6",0.691039129355139,43.47,-119.68,50.09,-120.75
"Downs1","AAFC6",0.647814818946696,46.38145,-119.430272,50.09,-120.75
"Downs2","AAFC6",0.65283981170392,46.25045,-119.53334,50.09,-120.75
"Downs3","AAFC6",0.617460122680357,45.9663,-120.3671,50.09,-120.75
"Fleishman1","AAFC6",0.699986891132831,38.47,-119.49,50.09,-120.75
"Fleishman5","AAFC6",0.672521491636686,39.12,-117.27,50.09,-120.75
"Fleishman7","AAFC6",0.655546125867233,39.17,-117.44,50.09,-120.75
"Getts1","AAFC6",0.644267050152595,41.17,-120.5,50.09,-120.75
"Getts3","AAFC6",0.65985144847153,40.43,-120.67,50.09,-120.75
"Holdrege1","AAFC6",0.649683971730756,41.61,-111.57,50.09,-120.75
"Hufft1","AAFC6",0.675354859174666,38.6701,-108.3286,50.09,-120.75
"Lavin1","AAFC6",0.69028728309828,44.68,-109.07,50.09,-120.75
"Lavin2","AAFC6",0.669085757980835,45.67,-111.03,50.09,-120.75
"Lee1","AAFC6",0.612878029366107,36.82340833,-116.0163889,50.09,-120.75
"Lee2","AAFC6",0.605878257890895,35.3984,-115.7845,50.09,-120.75
"Lee3","AAFC6",0.612800419183493,36.5247,-115.8987,50.09,-120.75
"Lee4","AAFC6",0.608729597127317,35.4564,-115.52,50.09,-120.75
"Leger1","AAFC6",0.622385297234089,39.49,-119.84,50.09,-120.75
"Maron1","AAFC6",0.709110776724163,46.68,-114.03,50.09,-120.75
"Maron2","AAFC6",0.690787170963815,46.64,-113.23,50.09,-120.75
"Porensky30","AAFC6",0.668676741860618,40.63,-105.27,50.09,-120.75
"Pyke3","AAFC6",0.675071424025519,44.60456358,-120.1924183,50.09,-120.75
"Pyke8","AAFC6",0.638154108417504,46.74830998,-119.361636,50.09,-120.75
"Pyke21","AAFC6",0.675276923964051,47.61803776,-119.6830115,50.09,-120.75
"Pyle1","AAFC6",0.73232468826489,42.35,-118.65,50.09,-120.75
"Pyle9","AAFC6",0.690793066702302,43.42,-119.62,50.09,-120.75
"Pyle10","AAFC6",0.67265505739341,43.19,-120,50.09,-120.75
"Pyle15","AAFC6",0.667936897142611,43.8,-119,50.09,-120.75
"Pyle17","AAFC6",0.658500877031402,44.36,-118.93,50.09,-120.75
"Pyle19","AAFC6",0.739046360623544,44.57,-119.65,50.09,-120.75
"Reed1","AAFC6",0.68734337574136,38.52,-109.47,50.09,-120.75
"Reed3","AAFC6",0.727936012181831,38.75,-109.79,50.09,-120.75
"Schupp3","AAFC6",0.683299320195179,38.6,-113.79,50.09,-120.75
"Schupp4","AAFC6",0.692761445627783,38.52,-113.55,50.09,-120.75
"Schupp5","AAFC6",0.682932006603882,39.11,-112.74,50.09,-120.75
"Symstad1","AAFC6",0.6784687235333,44.59,-104.71,50.09,-120.75
"Symstad2","AAFC6",0.65693517900004,43.87,-103.46,50.09,-120.75
"Symstad3","AAFC6",0.722435852228072,43.62,-103.47,50.09,-120.75
"Urza2","AAFC6",0.683788504835982,40.84,-119.56,50.09,-120.75
"Wilcox2","AAFC6",0.64350096680697,41.31,-105.66,50.09,-120.75
"Chynoweth2","AAFC6",0.672901403023402,40.29092,-109.68361,50.09,-120.75
"Chynoweth3","AAFC6",0.643808057936422,39.83576,-109.61202,50.09,-120.75
"Chynoweth5","AAFC6",0.683490208128864,40.480805,-109.438229,50.09,-120.75
"Chynoweth7","AAFC6",0.693276617682918,40.533605,-109.523564,50.09,-120.75
"Chynoweth8","AAFC6",0.672530744150971,40.640878,-109.48689,50.09,-120.75
"Shriver2","AAFC6",0.64993556796939,48,-114.04,50.09,-120.75
"Davies03","AAFC6",0.655520810005618,42.68,-118.68,50.09,-120.75
"GerminoBOP1","AAFC6",0.72750782076122,43.4720833,-116.2338306,50.09,-120.75
"Mancillas01","AAFC6",0.740843446735544,32.368,-106.56,50.09,-120.75
"Boise_High 2022","AAFC6",0.744699648761914,NA,NA,50.09,-120.75
"Boise_Low 2022","AAFC6",0.730035565818589,NA,NA,50.09,-120.75
"CG PASTURE 2022","AAFC6",0.772522464649662,NA,NA,50.09,-120.75
"CaseAoyamaS1 2022","AAFC6",0.753684281008071,NA,NA,50.09,-120.75
"CastValley 2021","AAFC6",0.743895623337005,NA,NA,50.09,-120.75
"EOARC 2022","AAFC6",0.753274396017517,NA,NA,50.09,-120.75
"EnsingS1 SuRDC 2022","AAFC6",0.7684947406991,NA,NA,50.09,-120.75
"EnsingS2 Summerland-Princeton 2022","AAFC6",0.739689110033741,NA,NA,50.09,-120.75
"EnsingS3 Bear Creek 2022","AAFC6",0.737522496055622,NA,NA,50.09,-120.75
"EnsingS4 Lundbom 2022","AAFC6",0.74555737500679,NA,NA,50.09,-120.75
"FAR NORTH CPER 2022","AAFC6",0.775582185940918,NA,NA,50.09,-120.75
"FtK_Cottonwood_Coulee 2021","AAFC6",0.775020755396316,NA,NA,50.09,-120.75
"FtK_Lone_Pine 2021","AAFC6",0.774948485531566,NA,NA,50.09,-120.75
"GoeblS1 2024","AAFC6",0.75744976182366,NA,NA,50.09,-120.75
"GreenCanyon 2021","AAFC6",0.768810629676919,NA,NA,50.09,-120.75
"HPGRS AGCR 2022","AAFC6",0.773052022547721,NA,NA,50.09,-120.75
"HardwareRanch 2022","AAFC6",0.763639554398014,NA,NA,50.09,-120.75
"K1_vanDiepen 2022","AAFC6",0.755503377734128,NA,NA,50.09,-120.75
"L1_vanDiepen 2022","AAFC6",0.771965733337959,NA,NA,50.09,-120.75
"MPG_IR 2021","AAFC6",0.767933401074929,NA,NA,50.09,-120.75
"MPG_SR 2021","AAFC6",0.769365621024547,NA,NA,50.09,-120.75
"MPG_TH 2021","AAFC6",0.76879279993048,NA,NA,50.09,-120.75
"NEAR 4WAY CPER 2022","AAFC6",0.775695104180295,NA,NA,50.09,-120.75
"NEAR HQ CPER 2022","AAFC6",0.77557970469658,NA,NA,50.09,-120.75
"NEAR NUTNET 2022","AAFC6",0.775659983447275,NA,NA,50.09,-120.75
"OttS1 2022","AAFC6",0.773857240485482,NA,NA,50.09,-120.75
"PMR- Brome 2021","AAFC6",0.76271825727989,NA,NA,50.09,-120.75
"Pearlwise 2024","AAFC6",0.754747154465056,NA,NA,50.09,-120.75
"Peavine 2022","AAFC6",0.725617143740627,NA,NA,50.09,-120.75
"Plymouth 2022","AAFC6",0.72636125244651,NA,NA,50.09,-120.75
"RedBluff 2023","AAFC6",0.768298297440605,NA,NA,50.09,-120.75
"Rush_Valley 2022","AAFC6",0.76338194771046,NA,NA,50.09,-120.75
"SSHQ 2022","AAFC6",0.772194767221297,NA,NA,50.09,-120.75
"SSHigh 2022","AAFC6",0.763042025523798,NA,NA,50.09,-120.75
"SouthEden 2022","AAFC6",0.76467616289787,NA,NA,50.09,-120.75
"Symstad1 2021","AAFC6",0.778263831117768,NA,NA,50.09,-120.75
"Symstad2 2022","AAFC6",0.778766669260716,NA,NA,50.09,-120.75
"TB FIRE 2022","AAFC6",0.773830054370653,NA,NA,50.09,-120.75
"TB LC Control 2022","AAFC6",0.77387759506286,NA,NA,50.09,-120.75
"TB PRAIRIE DOG 2022","AAFC6",0.773841106908894,NA,NA,50.09,-120.75
"Woodruff 2022","AAFC6",0.770669265059095,NA,NA,50.09,-120.75
"dino 2024","AAFC6",0.771603085227461,NA,NA,50.09,-120.75
"AAFC4","AAFC8",0.70516130875666,50.08,-120.65,49.57,-120.55
"AAFC5","AAFC8",0.73950296954585,50.09,-120.45,49.57,-120.55
"AAFC6","AAFC8",0.684028662245634,50.09,-120.75,49.57,-120.55
"AAFC8","AAFC8",0.999999999999998,49.57,-120.55,49.57,-120.55
"AAFC9","AAFC8",0.707395512423656,49.62,-119.8,49.57,-120.55
"AAFC10","AAFC8",0.707560570439728,49.71,-120.05,49.57,-120.55
"Adler5","AAFC8",0.705370742048661,40.79,-111.87,49.57,-120.55
"Schupp2","AAFC8",0.695718677913339,40.2,-112.46,49.57,-120.55
"Schupp1","AAFC8",0.681213515728301,39.85,-112.15,49.57,-120.55
"Adler13","AAFC8",0.704601942595084,41.44,-111.08,49.57,-120.55
"Adler16","AAFC8",0.719620057928381,41.78,-110.2,49.57,-120.55
"Adler17","AAFC8",0.719761812303085,41.44,-110.11,49.57,-120.55
"Adler18","AAFC8",0.673343473015706,40.86,-114.22,49.57,-120.55
"Barnett1","AAFC8",0.696323590573441,43.48,-110.74,49.57,-120.55
"Baughman3","AAFC8",0.723153035828704,42.81,-118.96,49.57,-120.55
"Baughman2","AAFC8",0.685976637406556,43.05,-118.87,49.57,-120.55
"Chynoweth1","AAFC8",0.707614953501554,39.76604,-109.5635,49.57,-120.55
"Board1","AAFC8",0.684601423438878,38.84,-117.57,49.57,-120.55
"Bradford1","AAFC8",0.684108994189404,35.23,-111.62,49.57,-120.55
"Chambers1","AAFC8",0.639656706881442,39.55,-119.58,49.57,-120.55
"Chambers2","AAFC8",0.633808643662281,39.95,-118.76,49.57,-120.55
"Urza1","AAFC8",0.633858886152323,40.35,-119.34,49.57,-120.55
"Chambers4","AAFC8",0.633639416635107,41.31,-117.63,49.57,-120.55
"Chambers5","AAFC8",0.628866982730081,41.54,-117.75,49.57,-120.55
"Chambers6","AAFC8",0.628899909754837,41.54,-117.78,49.57,-120.55
"Chambers7","AAFC8",0.731301278413409,43.94,-116.19,49.57,-120.55
"Chambers8","AAFC8",0.684533969084411,42.24,-114.57,49.57,-120.55
"Chambers9","AAFC8",0.70765748254211,40.66,-116.73,49.57,-120.55
"Copeland1","AAFC8",0.707690266233691,43.7,-117.33,49.57,-120.55
"Copeland5","AAFC8",0.706356936799392,42.27,-118.71,49.57,-120.55
"Copeland9","AAFC8",0.719843240447697,43.47,-119.68,49.57,-120.55
"Downs1","AAFC8",0.6616821483008,46.38145,-119.430272,49.57,-120.55
"Downs2","AAFC8",0.687066233744222,46.25045,-119.53334,49.57,-120.55
"Downs3","AAFC8",0.659954032837366,45.9663,-120.3671,49.57,-120.55
"Fleishman1","AAFC8",0.733134009959614,38.47,-119.49,49.57,-120.55
"Fleishman5","AAFC8",0.656378481984526,39.12,-117.27,49.57,-120.55
"Fleishman7","AAFC8",0.695464029088034,39.17,-117.44,49.57,-120.55
"Getts1","AAFC8",0.663998060743384,41.17,-120.5,49.57,-120.55
"Getts3","AAFC8",0.71289221698892,40.43,-120.67,49.57,-120.55
"Holdrege1","AAFC8",0.696035182757824,41.61,-111.57,49.57,-120.55
"Hufft1","AAFC8",0.670496644602923,38.6701,-108.3286,49.57,-120.55
"Lavin1","AAFC8",0.711975773307577,44.68,-109.07,49.57,-120.55
"Lavin2","AAFC8",0.717851342788937,45.67,-111.03,49.57,-120.55
"Lee1","AAFC8",0.633751505029472,36.82340833,-116.0163889,49.57,-120.55
"Lee2","AAFC8",0.625409956866337,35.3984,-115.7845,49.57,-120.55
"Lee3","AAFC8",0.633699639212505,36.5247,-115.8987,49.57,-120.55
"Lee4","AAFC8",0.626630761732511,35.4564,-115.52,49.57,-120.55
"Leger1","AAFC8",0.64379136583137,39.49,-119.84,49.57,-120.55
"Maron1","AAFC8",0.702391160253226,46.68,-114.03,49.57,-120.55
"Maron2","AAFC8",0.719489173170373,46.64,-113.23,49.57,-120.55
"Porensky30","AAFC8",0.696325304235578,40.63,-105.27,49.57,-120.55
"Pyke3","AAFC8",0.715700370270008,44.60456358,-120.1924183,49.57,-120.55
"Pyke8","AAFC8",0.645887265041441,46.74830998,-119.361636,49.57,-120.55
"Pyke21","AAFC8",0.698725649967891,47.61803776,-119.6830115,49.57,-120.55
"Pyle1","AAFC8",0.738578519306995,42.35,-118.65,49.57,-120.55
"Pyle9","AAFC8",0.719544997161605,43.42,-119.62,49.57,-120.55
"Pyle10","AAFC8",0.656485827638389,43.19,-120,49.57,-120.55
"Pyle15","AAFC8",0.731556833710763,43.8,-119,49.57,-120.55
"Pyle17","AAFC8",0.716981504511086,44.36,-118.93,49.57,-120.55
"Pyle19","AAFC8",0.664735425525106,44.57,-119.65,49.57,-120.55
"Reed1","AAFC8",0.676180456355057,38.52,-109.47,49.57,-120.55
"Reed3","AAFC8",0.693237253599685,38.75,-109.79,49.57,-120.55
"Schupp3","AAFC8",0.678633987469959,38.6,-113.79,49.57,-120.55
"Schupp4","AAFC8",0.707498194891361,38.52,-113.55,49.57,-120.55
"Schupp5","AAFC8",0.705649440007912,39.11,-112.74,49.57,-120.55
"Symstad1","AAFC8",0.703293472217691,44.59,-104.71,49.57,-120.55
"Symstad2","AAFC8",0.669136495812253,43.87,-103.46,49.57,-120.55
"Symstad3","AAFC8",0.721825861730136,43.62,-103.47,49.57,-120.55
"Urza2","AAFC8",0.738620324346935,40.84,-119.56,49.57,-120.55
"Wilcox2","AAFC8",0.651097085728275,41.31,-105.66,49.57,-120.55
"Chynoweth2","AAFC8",0.656669176865219,40.29092,-109.68361,49.57,-120.55
"Chynoweth3","AAFC8",0.651379451608779,39.83576,-109.61202,49.57,-120.55
"Chynoweth5","AAFC8",0.674468499110953,40.480805,-109.438229,49.57,-120.55
"Chynoweth7","AAFC8",0.708089211828068,40.533605,-109.523564,49.57,-120.55
"Chynoweth8","AAFC8",0.656342115529946,40.640878,-109.48689,49.57,-120.55
"Shriver2","AAFC8",0.696257317845135,48,-114.04,49.57,-120.55
"Davies03","AAFC8",0.684433872137182,42.68,-118.68,49.57,-120.55
"GerminoBOP1","AAFC8",0.713740054698682,43.4720833,-116.2338306,49.57,-120.55
"Mancillas01","AAFC8",0.671492882797711,32.368,-106.56,49.57,-120.55
"Boise_High 2022","AAFC8",0.789363799678397,NA,NA,49.57,-120.55
"Boise_Low 2022","AAFC8",0.755908943076899,NA,NA,49.57,-120.55
"CG PASTURE 2022","AAFC8",0.798266338914264,NA,NA,49.57,-120.55
"CaseAoyamaS1 2022","AAFC8",0.79075623497117,NA,NA,49.57,-120.55
"CastValley 2021","AAFC8",0.74075988620052,NA,NA,49.57,-120.55
"EOARC 2022","AAFC8",0.791618224507603,NA,NA,49.57,-120.55
"EnsingS1 SuRDC 2022","AAFC8",0.800842546895058,NA,NA,49.57,-120.55
"EnsingS2 Summerland-Princeton 2022","AAFC8",0.796758604154654,NA,NA,49.57,-120.55
"EnsingS3 Bear Creek 2022","AAFC8",0.786858013344854,NA,NA,49.57,-120.55
"EnsingS4 Lundbom 2022","AAFC8",0.802654368397165,NA,NA,49.57,-120.55
"FAR NORTH CPER 2022","AAFC8",0.793365170307079,NA,NA,49.57,-120.55
"FtK_Cottonwood_Coulee 2021","AAFC8",0.800079852641125,NA,NA,49.57,-120.55
"FtK_Lone_Pine 2021","AAFC8",0.798834986120829,NA,NA,49.57,-120.55
"GoeblS1 2024","AAFC8",0.779103992668262,NA,NA,49.57,-120.55
"GreenCanyon 2021","AAFC8",0.797314225691606,NA,NA,49.57,-120.55
"HPGRS AGCR 2022","AAFC8",0.797951569564767,NA,NA,49.57,-120.55
"HardwareRanch 2022","AAFC8",0.799558575659259,NA,NA,49.57,-120.55
"K1_vanDiepen 2022","AAFC8",0.793562470391994,NA,NA,49.57,-120.55
"L1_vanDiepen 2022","AAFC8",0.802767174094162,NA,NA,49.57,-120.55
"MPG_IR 2021","AAFC8",0.799121515093375,NA,NA,49.57,-120.55
"MPG_SR 2021","AAFC8",0.79962645606477,NA,NA,49.57,-120.55
"MPG_TH 2021","AAFC8",0.799416500591215,NA,NA,49.57,-120.55
"NEAR 4WAY CPER 2022","AAFC8",0.792112888486105,NA,NA,49.57,-120.55
"NEAR HQ CPER 2022","AAFC8",0.793545702494177,NA,NA,49.57,-120.55
"NEAR NUTNET 2022","AAFC8",0.792960867122106,NA,NA,49.57,-120.55
"OttS1 2022","AAFC8",0.800767515614812,NA,NA,49.57,-120.55
"PMR- Brome 2021","AAFC8",0.796793403275788,NA,NA,49.57,-120.55
"Pearlwise 2024","AAFC8",0.785259148146341,NA,NA,49.57,-120.55
"Peavine 2022","AAFC8",0.763287220559858,NA,NA,49.57,-120.55
"Plymouth 2022","AAFC8",0.75302776775366,NA,NA,49.57,-120.55
"RedBluff 2023","AAFC8",0.80275501041234,NA,NA,49.57,-120.55
"Rush_Valley 2022","AAFC8",0.783971794467591,NA,NA,49.57,-120.55
"SSHQ 2022","AAFC8",0.798713440386607,NA,NA,49.57,-120.55
"SSHigh 2022","AAFC8",0.796888366964712,NA,NA,49.57,-120.55
"SouthEden 2022","AAFC8",0.801082142363764,NA,NA,49.57,-120.55
"Symstad1 2021","AAFC8",0.797834502429772,NA,NA,49.57,-120.55
"Symstad2 2022","AAFC8",0.797607903877241,NA,NA,49.57,-120.55
"TB FIRE 2022","AAFC8",0.798849656793673,NA,NA,49.57,-120.55
"TB LC Control 2022","AAFC8",0.798555409937022,NA,NA,49.57,-120.55
"TB PRAIRIE DOG 2022","AAFC8",0.798665620335253,NA,NA,49.57,-120.55
"Woodruff 2022","AAFC8",0.801560371153459,NA,NA,49.57,-120.55
"dino 2024","AAFC8",0.776629982818808,NA,NA,49.57,-120.55
"AAFC4","AAFC9",0.703457604629719,50.08,-120.65,49.62,-119.8
"AAFC5","AAFC9",0.790096307384155,50.09,-120.45,49.62,-119.8
"AAFC6","AAFC9",0.646180973737068,50.09,-120.75,49.62,-119.8
"AAFC8","AAFC9",0.707395512423656,49.57,-120.55,49.62,-119.8
"AAFC9","AAFC9",1,49.62,-119.8,49.62,-119.8
"AAFC10","AAFC9",0.999586891225689,49.71,-120.05,49.62,-119.8
"Adler5","AAFC9",0.711155005608579,40.79,-111.87,49.62,-119.8
"Schupp2","AAFC9",0.694463022678484,40.2,-112.46,49.62,-119.8
"Schupp1","AAFC9",0.649367594340688,39.85,-112.15,49.62,-119.8
"Adler13","AAFC9",0.655256285541299,41.44,-111.08,49.62,-119.8
"Adler16","AAFC9",0.66274634335355,41.78,-110.2,49.62,-119.8
"Adler17","AAFC9",0.662925395779019,41.44,-110.11,49.62,-119.8
"Adler18","AAFC9",0.680703486456597,40.86,-114.22,49.62,-119.8
"Barnett1","AAFC9",0.701548481025676,43.48,-110.74,49.62,-119.8
"Baughman3","AAFC9",0.770609025023993,42.81,-118.96,49.62,-119.8
"Baughman2","AAFC9",0.670770044244181,43.05,-118.87,49.62,-119.8
"Chynoweth1","AAFC9",0.665021075855619,39.76604,-109.5635,49.62,-119.8
"Board1","AAFC9",0.69436065728098,38.84,-117.57,49.62,-119.8
"Bradford1","AAFC9",0.693873641357519,35.23,-111.62,49.62,-119.8
"Chambers1","AAFC9",0.63547162406691,39.55,-119.58,49.62,-119.8
"Chambers2","AAFC9",0.629604851869234,39.95,-118.76,49.62,-119.8
"Urza1","AAFC9",0.629779688269504,40.35,-119.34,49.62,-119.8
"Chambers4","AAFC9",0.629585013831334,41.31,-117.63,49.62,-119.8
"Chambers5","AAFC9",0.625558118731769,41.54,-117.75,49.62,-119.8
"Chambers6","AAFC9",0.62559181090395,41.54,-117.78,49.62,-119.8
"Chambers7","AAFC9",0.682625461048891,43.94,-116.19,49.62,-119.8
"Chambers8","AAFC9",0.659987908516937,42.24,-114.57,49.62,-119.8
"Chambers9","AAFC9",0.665040168009283,40.66,-116.73,49.62,-119.8
"Copeland1","AAFC9",0.665103766745884,43.7,-117.33,49.62,-119.8
"Copeland5","AAFC9",0.729839311714853,42.27,-118.71,49.62,-119.8
"Copeland9","AAFC9",0.662988547734578,43.47,-119.68,49.62,-119.8
"Downs1","AAFC9",0.649640854423177,46.38145,-119.430272,49.62,-119.8
"Downs2","AAFC9",0.690774117150492,46.25045,-119.53334,49.62,-119.8
"Downs3","AAFC9",0.646852070775318,45.9663,-120.3671,49.62,-119.8
"Fleishman1","AAFC9",0.675940407380194,38.47,-119.49,49.62,-119.8
"Fleishman5","AAFC9",0.636100027225899,39.12,-117.27,49.62,-119.8
"Fleishman7","AAFC9",0.709329040051723,39.17,-117.44,49.62,-119.8
"Getts1","AAFC9",0.661544314059498,41.17,-120.5,49.62,-119.8
"Getts3","AAFC9",0.71439913612092,40.43,-120.67,49.62,-119.8
"Holdrege1","AAFC9",0.701185900586178,41.61,-111.57,49.62,-119.8
"Hufft1","AAFC9",0.633103054845626,38.6701,-108.3286,49.62,-119.8
"Lavin1","AAFC9",0.659026711579317,44.68,-109.07,49.62,-119.8
"Lavin2","AAFC9",0.744994731855129,45.67,-111.03,49.62,-119.8
"Lee1","AAFC9",0.629681335517144,36.82340833,-116.0163889,49.62,-119.8
"Lee2","AAFC9",0.621550011894172,35.3984,-115.7845,49.62,-119.8
"Lee3","AAFC9",0.629511401145378,36.5247,-115.8987,49.62,-119.8
"Lee4","AAFC9",0.625017471696019,35.4564,-115.52,49.62,-119.8
"Leger1","AAFC9",0.649067934193616,39.49,-119.84,49.62,-119.8
"Maron1","AAFC9",0.660644646164634,46.68,-114.03,49.62,-119.8
"Maron2","AAFC9",0.662705379776711,46.64,-113.23,49.62,-119.8
"Porensky30","AAFC9",0.734737752132191,40.63,-105.27,49.62,-119.8
"Pyke3","AAFC9",0.721665138681332,44.60456358,-120.1924183,49.62,-119.8
"Pyke8","AAFC9",0.628122250754498,46.74830998,-119.361636,49.62,-119.8
"Pyke21","AAFC9",0.681455238330869,47.61803776,-119.6830115,49.62,-119.8
"Pyle1","AAFC9",0.727202244315846,42.35,-118.65,49.62,-119.8
"Pyle9","AAFC9",0.662727125259574,43.42,-119.62,49.62,-119.8
"Pyle10","AAFC9",0.63620787929606,43.19,-120,49.62,-119.8
"Pyle15","AAFC9",0.717250548981983,43.8,-119,49.62,-119.8
"Pyle17","AAFC9",0.735250267916761,44.36,-118.93,49.62,-119.8
"Pyle19","AAFC9",0.633181309805733,44.57,-119.65,49.62,-119.8
"Reed1","AAFC9",0.663749969079365,38.52,-109.47,49.62,-119.8
"Reed3","AAFC9",0.644051631794796,38.75,-109.79,49.62,-119.8
"Schupp3","AAFC9",0.64716583557187,38.6,-113.79,49.62,-119.8
"Schupp4","AAFC9",0.664917356875568,38.52,-113.55,49.62,-119.8
"Schupp5","AAFC9",0.669142741394171,39.11,-112.74,49.62,-119.8
"Symstad1","AAFC9",0.667229620231164,44.59,-104.71,49.62,-119.8
"Symstad2","AAFC9",0.660436262065392,43.87,-103.46,49.62,-119.8
"Symstad3","AAFC9",0.671153139061247,43.62,-103.47,49.62,-119.8
"Urza2","AAFC9",0.703134333123806,40.84,-119.56,49.62,-119.8
"Wilcox2","AAFC9",0.628985805187689,41.31,-105.66,49.62,-119.8
"Chynoweth2","AAFC9",0.636414179215183,40.29092,-109.68361,49.62,-119.8
"Chynoweth3","AAFC9",0.629227748605545,39.83576,-109.61202,49.62,-119.8
"Chynoweth5","AAFC9",0.658904069936363,40.480805,-109.438229,49.62,-119.8
"Chynoweth7","AAFC9",0.665426980753357,40.533605,-109.523564,49.62,-119.8
"Chynoweth8","AAFC9",0.636096679963488,40.640878,-109.48689,49.62,-119.8
"Shriver2","AAFC9",0.701427500842334,48,-114.04,49.62,-119.8
"Davies03","AAFC9",0.69409626684047,42.68,-118.68,49.62,-119.8
"GerminoBOP1","AAFC9",0.668761680965535,43.4720833,-116.2338306,49.62,-119.8
"Mancillas01","AAFC9",0.638993463006415,32.368,-106.56,49.62,-119.8
"Boise_High 2022","AAFC9",0.78612418095549,NA,NA,49.62,-119.8
"Boise_Low 2022","AAFC9",0.746750186339959,NA,NA,49.62,-119.8
"CG PASTURE 2022","AAFC9",0.780326198720003,NA,NA,49.62,-119.8
"CaseAoyamaS1 2022","AAFC9",0.779461611607869,NA,NA,49.62,-119.8
"CastValley 2021","AAFC9",0.713267829519415,NA,NA,49.62,-119.8
"EOARC 2022","AAFC9",0.781083763556348,NA,NA,49.62,-119.8
"EnsingS1 SuRDC 2022","AAFC9",0.78818239503021,NA,NA,49.62,-119.8
"EnsingS2 Summerland-Princeton 2022","AAFC9",0.806138871499802,NA,NA,49.62,-119.8
"EnsingS3 Bear Creek 2022","AAFC9",0.794438372358787,NA,NA,49.62,-119.8
"EnsingS4 Lundbom 2022","AAFC9",0.798820168073054,NA,NA,49.62,-119.8
"FAR NORTH CPER 2022","AAFC9",0.770622414324427,NA,NA,49.62,-119.8
"FtK_Cottonwood_Coulee 2021","AAFC9",0.771889767811886,NA,NA,49.62,-119.8
"FtK_Lone_Pine 2021","AAFC9",0.769805645897362,NA,NA,49.62,-119.8
"GoeblS1 2024","AAFC9",0.768822663609904,NA,NA,49.62,-119.8
"GreenCanyon 2021","AAFC9",0.776890385775115,NA,NA,49.62,-119.8
"HPGRS AGCR 2022","AAFC9",0.779746285925609,NA,NA,49.62,-119.8
"HardwareRanch 2022","AAFC9",0.781691105079817,NA,NA,49.62,-119.8
"K1_vanDiepen 2022","AAFC9",0.775472015613641,NA,NA,49.62,-119.8
"L1_vanDiepen 2022","AAFC9",0.779937196989545,NA,NA,49.62,-119.8
"MPG_IR 2021","AAFC9",0.780301086858586,NA,NA,49.62,-119.8
"MPG_SR 2021","AAFC9",0.780009739267786,NA,NA,49.62,-119.8
"MPG_TH 2021","AAFC9",0.780202812669479,NA,NA,49.62,-119.8
"NEAR 4WAY CPER 2022","AAFC9",0.768786452599154,NA,NA,49.62,-119.8
"NEAR HQ CPER 2022","AAFC9",0.771248563368318,NA,NA,49.62,-119.8
"NEAR NUTNET 2022","AAFC9",0.770107102958996,NA,NA,49.62,-119.8
"OttS1 2022","AAFC9",0.781794040380544,NA,NA,49.62,-119.8
"PMR- Brome 2021","AAFC9",0.788994633983198,NA,NA,49.62,-119.8
"Pearlwise 2024","AAFC9",0.773037712967444,NA,NA,49.62,-119.8
"Peavine 2022","AAFC9",0.764993883435664,NA,NA,49.62,-119.8
"Plymouth 2022","AAFC9",0.747701166630397,NA,NA,49.62,-119.8
"RedBluff 2023","AAFC9",0.789019800275789,NA,NA,49.62,-119.8
"Rush_Valley 2022","AAFC9",0.764092180708996,NA,NA,49.62,-119.8
"SSHQ 2022","AAFC9",0.767500126295718,NA,NA,49.62,-119.8
"SSHigh 2022","AAFC9",0.772047849030927,NA,NA,49.62,-119.8
"SouthEden 2022","AAFC9",0.778377055009091,NA,NA,49.62,-119.8
"Symstad1 2021","AAFC9",0.774019883465537,NA,NA,49.62,-119.8
"Symstad2 2022","AAFC9",0.773156788365627,NA,NA,49.62,-119.8
"TB FIRE 2022","AAFC9",0.774455958654066,NA,NA,49.62,-119.8
"TB LC Control 2022","AAFC9",0.773852252984161,NA,NA,49.62,-119.8
"TB PRAIRIE DOG 2022","AAFC9",0.774044578711134,NA,NA,49.62,-119.8
"Woodruff 2022","AAFC9",0.773798439102874,NA,NA,49.62,-119.8
"dino 2024","AAFC9",0.738135357198361,NA,NA,49.62,-119.8
"AAFC4","AAFC10",0.703595267700076,50.08,-120.65,49.71,-120.05
"AAFC5","AAFC10",0.79007530746469,50.09,-120.45,49.71,-120.05
"AAFC6","AAFC10",0.646315773125281,50.09,-120.75,49.71,-120.05
"AAFC8","AAFC10",0.707560570439728,49.57,-120.55,49.71,-120.05
"AAFC9","AAFC10",0.999586891225689,49.62,-119.8,49.71,-120.05
"AAFC10","AAFC10",1,49.71,-120.05,49.71,-120.05
"Adler5","AAFC10",0.711225736241367,40.79,-111.87,49.71,-120.05
"Schupp2","AAFC10",0.69452542596843,40.2,-112.46,49.71,-120.05
"Schupp1","AAFC10",0.649561360538378,39.85,-112.15,49.71,-120.05
"Adler13","AAFC10",0.655437952804303,41.44,-111.08,49.71,-120.05
"Adler16","AAFC10",0.662845304944677,41.78,-110.2,49.71,-120.05
"Adler17","AAFC10",0.663024480669042,41.44,-110.11,49.71,-120.05
"Adler18","AAFC10",0.680804342184022,40.86,-114.22,49.71,-120.05
"Barnett1","AAFC10",0.70164329982817,43.48,-110.74,49.71,-120.05
"Baughman3","AAFC10",0.770623798422583,42.81,-118.96,49.71,-120.05
"Baughman2","AAFC10",0.670851681425814,43.05,-118.87,49.71,-120.05
"Chynoweth1","AAFC10",0.665279686143408,39.76604,-109.5635,49.71,-120.05
"Board1","AAFC10",0.694364705351568,38.84,-117.57,49.71,-120.05
"Bradford1","AAFC10",0.693877479947087,35.23,-111.62,49.71,-120.05
"Chambers1","AAFC10",0.635595102293642,39.55,-119.58,49.71,-120.05
"Chambers2","AAFC10",0.62971420556248,39.95,-118.76,49.71,-120.05
"Urza1","AAFC10",0.629889117467099,40.35,-119.34,49.71,-120.05
"Chambers4","AAFC10",0.62969425885123,41.31,-117.63,49.71,-120.05
"Chambers5","AAFC10",0.625657150641482,41.54,-117.75,49.71,-120.05
"Chambers6","AAFC10",0.625691099124387,41.54,-117.78,49.71,-120.05
"Chambers7","AAFC10",0.682802285289379,43.94,-116.19,49.71,-120.05
"Chambers8","AAFC10",0.66011920632945,42.24,-114.57,49.71,-120.05
"Chambers9","AAFC10",0.665298760079801,40.66,-116.73,49.71,-120.05
"Copeland1","AAFC10",0.66536234972888,43.7,-117.33,49.71,-120.05
"Copeland5","AAFC10",0.729865038192011,42.27,-118.71,49.71,-120.05
"Copeland9","AAFC10",0.663087614312102,43.47,-119.68,49.71,-120.05
"Downs1","AAFC10",0.649734560513697,46.38145,-119.430272,49.71,-120.05
"Downs2","AAFC10",0.690897738049358,46.25045,-119.53334,49.71,-120.05
"Downs3","AAFC10",0.646964194956782,45.9663,-120.3671,49.71,-120.05
"Fleishman1","AAFC10",0.676110337559811,38.47,-119.49,49.71,-120.05
"Fleishman5","AAFC10",0.636239471613066,39.12,-117.27,49.71,-120.05
"Fleishman7","AAFC10",0.709373329549116,39.17,-117.44,49.71,-120.05
"Getts1","AAFC10",0.661700855102852,41.17,-120.5,49.71,-120.05
"Getts3","AAFC10",0.714497590703559,40.43,-120.67,49.71,-120.05
"Holdrege1","AAFC10",0.701280648338439,41.61,-111.57,49.71,-120.05
"Hufft1","AAFC10",0.633222511991971,38.6701,-108.3286,49.71,-120.05
"Lavin1","AAFC10",0.659167874230068,44.68,-109.07,49.71,-120.05
"Lavin2","AAFC10",0.745018993675278,45.67,-111.03,49.71,-120.05
"Lee1","AAFC10",0.629790694207872,36.82340833,-116.0163889,49.71,-120.05
"Lee2","AAFC10",0.621674574760995,35.3984,-115.7845,49.71,-120.05
"Lee3","AAFC10",0.629620669005306,36.5247,-115.8987,49.71,-120.05
"Lee4","AAFC10",0.625132537847386,35.4564,-115.52,49.71,-120.05
"Leger1","AAFC10",0.649272172500312,39.49,-119.84,49.71,-120.05
"Maron1","AAFC10",0.660693373057397,46.68,-114.03,49.71,-120.05
"Maron2","AAFC10",0.66280432210141,46.64,-113.23,49.71,-120.05
"Porensky30","AAFC10",0.734736163073151,40.63,-105.27,49.71,-120.05
"Pyke3","AAFC10",0.721673943285814,44.60456358,-120.1924183,49.71,-120.05
"Pyke8","AAFC10",0.628241482621469,46.74830998,-119.361636,49.71,-120.05
"Pyke21","AAFC10",0.681545367141033,47.61803776,-119.6830115,49.71,-120.05
"Pyle1","AAFC10",0.72733418423231,42.35,-118.65,49.71,-120.05
"Pyle9","AAFC10",0.662826216724336,43.42,-119.62,49.71,-120.05
"Pyle10","AAFC10",0.636347544416718,43.19,-120,49.71,-120.05
"Pyle15","AAFC10",0.717250048515173,43.8,-119,49.71,-120.05
"Pyle17","AAFC10",0.735316974459741,44.36,-118.93,49.71,-120.05
"Pyle19","AAFC10",0.633287824255363,44.57,-119.65,49.71,-120.05
"Reed1","AAFC10",0.663811761475907,38.52,-109.47,49.71,-120.05
"Reed3","AAFC10",0.644170385518767,38.75,-109.79,49.71,-120.05
"Schupp3","AAFC10",0.647308383322421,38.6,-113.79,49.71,-120.05
"Schupp4","AAFC10",0.665175957059798,38.52,-113.55,49.71,-120.05
"Schupp5","AAFC10",0.669342019083821,39.11,-112.74,49.71,-120.05
"Symstad1","AAFC10",0.667290472897695,44.59,-104.71,49.71,-120.05
"Symstad2","AAFC10",0.660479569457005,43.87,-103.46,49.71,-120.05
"Symstad3","AAFC10",0.671350491799692,43.62,-103.47,49.71,-120.05
"Urza2","AAFC10",0.703247884797462,40.84,-119.56,49.71,-120.05
"Wilcox2","AAFC10",0.629100473142025,41.31,-105.66,49.71,-120.05
"Chynoweth2","AAFC10",0.636553876260896,40.29092,-109.68361,49.71,-120.05
"Chynoweth3","AAFC10",0.629342451095676,39.83576,-109.61202,49.71,-120.05
"Chynoweth5","AAFC10",0.659029390773965,40.480805,-109.438229,49.71,-120.05
"Chynoweth7","AAFC10",0.665685589339134,40.533605,-109.523564,49.71,-120.05
"Chynoweth8","AAFC10",0.636236228955262,40.640878,-109.48689,49.71,-120.05
"Shriver2","AAFC10",0.701522354684615,48,-114.04,49.71,-120.05
"Davies03","AAFC10",0.694100195154707,42.68,-118.68,49.71,-120.05
"GerminoBOP1","AAFC10",0.66895842884793,43.4720833,-116.2338306,49.71,-120.05
"Mancillas01","AAFC10",0.63912610639104,32.368,-106.56,49.71,-120.05
"Boise_High 2022","AAFC10",0.786252789489122,NA,NA,49.71,-120.05
"Boise_Low 2022","AAFC10",0.746906614621482,NA,NA,49.71,-120.05
"CG PASTURE 2022","AAFC10",0.780451414191161,NA,NA,49.71,-120.05
"CaseAoyamaS1 2022","AAFC10",0.779599821337011,NA,NA,49.71,-120.05
"CastValley 2021","AAFC10",0.713469214359376,NA,NA,49.71,-120.05
"EOARC 2022","AAFC10",0.781220067607898,NA,NA,49.71,-120.05
"EnsingS1 SuRDC 2022","AAFC10",0.788339270617133,NA,NA,49.71,-120.05
"EnsingS2 Summerland-Princeton 2022","AAFC10",0.806248028660701,NA,NA,49.71,-120.05
"EnsingS3 Bear Creek 2022","AAFC10",0.794569530226314,NA,NA,49.71,-120.05
"EnsingS4 Lundbom 2022","AAFC10",0.798909277240409,NA,NA,49.71,-120.05
"FAR NORTH CPER 2022","AAFC10",0.770766550535597,NA,NA,49.71,-120.05
"FtK_Cottonwood_Coulee 2021","AAFC10",0.77204016621422,NA,NA,49.71,-120.05
"FtK_Lone_Pine 2021","AAFC10",0.769958677373932,NA,NA,49.71,-120.05
"GoeblS1 2024","AAFC10",0.768964719364323,NA,NA,49.71,-120.05
"GreenCanyon 2021","AAFC10",0.777056562898735,NA,NA,49.71,-120.05
"HPGRS AGCR 2022","AAFC10",0.779872676652119,NA,NA,49.71,-120.05
"HardwareRanch 2022","AAFC10",0.781837795653439,NA,NA,49.71,-120.05
"K1_vanDiepen 2022","AAFC10",0.77559126154193,NA,NA,49.71,-120.05
"L1_vanDiepen 2022","AAFC10",0.780074333922474,NA,NA,49.71,-120.05
"MPG_IR 2021","AAFC10",0.780440758025498,NA,NA,49.71,-120.05
"MPG_SR 2021","AAFC10",0.780151280344989,NA,NA,49.71,-120.05
"MPG_TH 2021","AAFC10",0.780343662499335,NA,NA,49.71,-120.05
"NEAR 4WAY CPER 2022","AAFC10",0.768933216504826,NA,NA,49.71,-120.05
"NEAR HQ CPER 2022","AAFC10",0.771391656587843,NA,NA,49.71,-120.05
"NEAR NUTNET 2022","AAFC10",0.77025160768609,NA,NA,49.71,-120.05
"OttS1 2022","AAFC10",0.781929765491896,NA,NA,49.71,-120.05
"PMR- Brome 2021","AAFC10",0.789107603287998,NA,NA,49.71,-120.05
"Pearlwise 2024","AAFC10",0.773190081825594,NA,NA,49.71,-120.05
"Peavine 2022","AAFC10",0.76512038697604,NA,NA,49.71,-120.05
"Plymouth 2022","AAFC10",0.747835565881634,NA,NA,49.71,-120.05
"RedBluff 2023","AAFC10",0.78913966386262,NA,NA,49.71,-120.05
"Rush_Valley 2022","AAFC10",0.764268415692888,NA,NA,49.71,-120.05
"SSHQ 2022","AAFC10",0.767660694357683,NA,NA,49.71,-120.05
"SSHigh 2022","AAFC10",0.772190253795787,NA,NA,49.71,-120.05
"SouthEden 2022","AAFC10",0.778520232034823,NA,NA,49.71,-120.05
"Symstad1 2021","AAFC10",0.774155181164003,NA,NA,49.71,-120.05
"Symstad2 2022","AAFC10",0.773294247238594,NA,NA,49.71,-120.05
"TB FIRE 2022","AAFC10",0.774602324994342,NA,NA,49.71,-120.05
"TB LC Control 2022","AAFC10",0.773999432903705,NA,NA,49.71,-120.05
"TB PRAIRIE DOG 2022","AAFC10",0.774191501118219,NA,NA,49.71,-120.05
"Woodruff 2022","AAFC10",0.773949817143882,NA,NA,49.71,-120.05
"dino 2024","AAFC10",0.738334764628141,NA,NA,49.71,-120.05
"AAFC4","Adler5",0.666132394370756,50.08,-120.65,40.79,-111.87
"AAFC5","Adler5",0.711419095751831,50.09,-120.45,40.79,-111.87
"AAFC6","Adler5",0.660131905874076,50.09,-120.75,40.79,-111.87
"AAFC8","Adler5",0.705370742048661,49.57,-120.55,40.79,-111.87
"AAFC9","Adler5",0.711155005608579,49.62,-119.8,40.79,-111.87
"AAFC10","Adler5",0.711225736241367,49.71,-120.05,40.79,-111.87
"Adler5","Adler5",1,40.79,-111.87,40.79,-111.87
"Schupp2","Adler5",0.666768085879914,40.2,-112.46,40.79,-111.87
"Schupp1","Adler5",0.670692658206724,39.85,-112.15,40.79,-111.87
"Adler13","Adler5",0.665969385707906,41.44,-111.08,40.79,-111.87
"Adler16","Adler5",0.664402267720404,41.78,-110.2,40.79,-111.87
"Adler17","Adler5",0.664587191706214,41.44,-110.11,40.79,-111.87
"Adler18","Adler5",0.715045134800983,40.86,-114.22,40.79,-111.87
"Barnett1","Adler5",0.791335458597448,43.48,-110.74,40.79,-111.87
"Baughman3","Adler5",0.714856329404419,42.81,-118.96,40.79,-111.87
"Baughman2","Adler5",0.69196439592254,43.05,-118.87,40.79,-111.87
"Chynoweth1","Adler5",0.66422044699733,39.76604,-109.5635,40.79,-111.87
"Board1","Adler5",0.70706088861712,38.84,-117.57,40.79,-111.87
"Bradford1","Adler5",0.706597569917054,35.23,-111.62,40.79,-111.87
"Chambers1","Adler5",0.644932150250308,39.55,-119.58,40.79,-111.87
"Chambers2","Adler5",0.638512520668666,39.95,-118.76,40.79,-111.87
"Urza1","Adler5",0.638642868124614,40.35,-119.34,40.79,-111.87
"Chambers4","Adler5",0.638431404513993,41.31,-117.63,40.79,-111.87
"Chambers5","Adler5",0.635017628813346,41.54,-117.75,40.79,-111.87
"Chambers6","Adler5",0.63494881273096,41.54,-117.78,40.79,-111.87
"Chambers7","Adler5",0.696156291845271,43.94,-116.19,40.79,-111.87
"Chambers8","Adler5",0.7294731100092,42.24,-114.57,40.79,-111.87
"Chambers9","Adler5",0.664278427664517,40.66,-116.73,40.79,-111.87
"Copeland1","Adler5",0.664338549050487,43.7,-117.33,40.79,-111.87
"Copeland5","Adler5",0.794251724449845,42.27,-118.71,40.79,-111.87
"Copeland9","Adler5",0.664620582832322,43.47,-119.68,40.79,-111.87
"Downs1","Adler5",0.684166004184998,46.38145,-119.430272,40.79,-111.87
"Downs2","Adler5",0.701415201395601,46.25045,-119.53334,40.79,-111.87
"Downs3","Adler5",0.652773944689638,45.9663,-120.3671,40.79,-111.87
"Fleishman1","Adler5",0.683584735797447,38.47,-119.49,40.79,-111.87
"Fleishman5","Adler5",0.642806501611948,39.12,-117.27,40.79,-111.87
"Fleishman7","Adler5",0.735076892349288,39.17,-117.44,40.79,-111.87
"Getts1","Adler5",0.672040963672979,41.17,-120.5,40.79,-111.87
"Getts3","Adler5",0.775439990157531,40.43,-120.67,40.79,-111.87
"Holdrege1","Adler5",0.79111210796796,41.61,-111.57,40.79,-111.87
"Hufft1","Adler5",0.649637951328292,38.6701,-108.3286,40.79,-111.87
"Lavin1","Adler5",0.675022395205179,44.68,-109.07,40.79,-111.87
"Lavin2","Adler5",0.693211640898956,45.67,-111.03,40.79,-111.87
"Lee1","Adler5",0.638457196805036,36.82340833,-116.0163889,40.79,-111.87
"Lee2","Adler5",0.631210762354952,35.3984,-115.7845,40.79,-111.87
"Lee3","Adler5",0.638465083547697,36.5247,-115.8987,40.79,-111.87
"Lee4","Adler5",0.638146691885519,35.4564,-115.52,40.79,-111.87
"Leger1","Adler5",0.674792207140229,39.49,-119.84,40.79,-111.87
"Maron1","Adler5",0.682168531369626,46.68,-114.03,40.79,-111.87
"Maron2","Adler5",0.664368281139788,46.64,-113.23,40.79,-111.87
"Porensky30","Adler5",0.680088316288257,40.63,-105.27,40.79,-111.87
"Pyke3","Adler5",0.776585685798811,44.60456358,-120.1924183,40.79,-111.87
"Pyke8","Adler5",0.646042173948858,46.74830998,-119.361636,40.79,-111.87
"Pyke21","Adler5",0.732322979072483,47.61803776,-119.6830115,40.79,-111.87
"Pyle1","Adler5",0.753041639649306,42.35,-118.65,40.79,-111.87
"Pyle9","Adler5",0.664372725256559,43.42,-119.62,40.79,-111.87
"Pyle10","Adler5",0.642936843806514,43.19,-120,40.79,-111.87
"Pyle15","Adler5",0.74747109911254,43.8,-119,40.79,-111.87
"Pyle17","Adler5",0.70043278442981,44.36,-118.93,40.79,-111.87
"Pyle19","Adler5",0.643577886839136,44.57,-119.65,40.79,-111.87
"Reed1","Adler5",0.674445563460688,38.52,-109.47,40.79,-111.87
"Reed3","Adler5",0.656640039817433,38.75,-109.79,40.79,-111.87
"Schupp3","Adler5",0.66314185851126,38.6,-113.79,40.79,-111.87
"Schupp4","Adler5",0.664158951483548,38.52,-113.55,40.79,-111.87
"Schupp5","Adler5",0.663056301950927,39.11,-112.74,40.79,-111.87
"Symstad1","Adler5",0.677081811926392,44.59,-104.71,40.79,-111.87
"Symstad2","Adler5",0.653081830405212,43.87,-103.46,40.79,-111.87
"Symstad3","Adler5",0.679729267433936,43.62,-103.47,40.79,-111.87
"Urza2","Adler5",0.7553607981528,40.84,-119.56,40.79,-111.87
"Wilcox2","Adler5",0.640844524611099,41.31,-105.66,40.79,-111.87
"Chynoweth2","Adler5",0.643114043925943,40.29092,-109.68361,40.79,-111.87
"Chynoweth3","Adler5",0.641139771925882,39.83576,-109.61202,40.79,-111.87
"Chynoweth5","Adler5",0.667155542492861,40.480805,-109.438229,40.79,-111.87
"Chynoweth7","Adler5",0.664620833960577,40.533605,-109.523564,40.79,-111.87
"Chynoweth8","Adler5",0.642787700838014,40.640878,-109.48689,40.79,-111.87
"Shriver2","Adler5",0.791310095972686,48,-114.04,40.79,-111.87
"Davies03","Adler5",0.706886072385394,42.68,-118.68,40.79,-111.87
"GerminoBOP1","Adler5",0.664974186886303,43.4720833,-116.2338306,40.79,-111.87
"Mancillas01","Adler5",0.651592990422694,32.368,-106.56,40.79,-111.87
"Boise_High 2022","Adler5",0.808634111346477,NA,NA,40.79,-111.87
"Boise_Low 2022","Adler5",0.770091104558272,NA,NA,40.79,-111.87
"CG PASTURE 2022","Adler5",0.790743832901578,NA,NA,40.79,-111.87
"CaseAoyamaS1 2022","Adler5",0.800978323070775,NA,NA,40.79,-111.87
"CastValley 2021","Adler5",0.739472519269614,NA,NA,40.79,-111.87
"EOARC 2022","Adler5",0.802547289875074,NA,NA,40.79,-111.87
"EnsingS1 SuRDC 2022","Adler5",0.80100650479473,NA,NA,40.79,-111.87
"EnsingS2 Summerland-Princeton 2022","Adler5",0.811471956190406,NA,NA,40.79,-111.87
"EnsingS3 Bear Creek 2022","Adler5",0.804399356124875,NA,NA,40.79,-111.87
"EnsingS4 Lundbom 2022","Adler5",0.799426829278644,NA,NA,40.79,-111.87
"FAR NORTH CPER 2022","Adler5",0.783925027017301,NA,NA,40.79,-111.87
"FtK_Cottonwood_Coulee 2021","Adler5",0.780144496232973,NA,NA,40.79,-111.87
"FtK_Lone_Pine 2021","Adler5",0.778502680276257,NA,NA,40.79,-111.87
"GoeblS1 2024","Adler5",0.781232883916071,NA,NA,40.79,-111.87
"GreenCanyon 2021","Adler5",0.798792023414725,NA,NA,40.79,-111.87
"HPGRS AGCR 2022","Adler5",0.79037435666788,NA,NA,40.79,-111.87
"HardwareRanch 2022","Adler5",0.801899478997577,NA,NA,40.79,-111.87
"K1_vanDiepen 2022","Adler5",0.78714745663968,NA,NA,40.79,-111.87
"L1_vanDiepen 2022","Adler5",0.788083663707318,NA,NA,40.79,-111.87
"MPG_IR 2021","Adler5",0.793019984987301,NA,NA,40.79,-111.87
"MPG_SR 2021","Adler5",0.79292011087537,NA,NA,40.79,-111.87
"MPG_TH 2021","Adler5",0.792929511465891,NA,NA,40.79,-111.87
"NEAR 4WAY CPER 2022","Adler5",0.782352845349807,NA,NA,40.79,-111.87
"NEAR HQ CPER 2022","Adler5",0.784409413875905,NA,NA,40.79,-111.87
"NEAR NUTNET 2022","Adler5",0.783445721056418,NA,NA,40.79,-111.87
"OttS1 2022","Adler5",0.789591071670712,NA,NA,40.79,-111.87
"PMR- Brome 2021","Adler5",0.797929790439339,NA,NA,40.79,-111.87
"Pearlwise 2024","Adler5",0.798843564506127,NA,NA,40.79,-111.87
"Peavine 2022","Adler5",0.790755399991463,NA,NA,40.79,-111.87
"Plymouth 2022","Adler5",0.773898072325281,NA,NA,40.79,-111.87
"RedBluff 2023","Adler5",0.795608050307019,NA,NA,40.79,-111.87
"Rush_Valley 2022","Adler5",0.787762349233127,NA,NA,40.79,-111.87
"SSHQ 2022","Adler5",0.784114676316394,NA,NA,40.79,-111.87
"SSHigh 2022","Adler5",0.78668053603744,NA,NA,40.79,-111.87
"SouthEden 2022","Adler5",0.79581174144215,NA,NA,40.79,-111.87
"Symstad1 2021","Adler5",0.782794416388043,NA,NA,40.79,-111.87
"Symstad2 2022","Adler5",0.782190765572762,NA,NA,40.79,-111.87
"TB FIRE 2022","Adler5",0.785606406374433,NA,NA,40.79,-111.87
"TB LC Control 2022","Adler5",0.785112000162401,NA,NA,40.79,-111.87
"TB PRAIRIE DOG 2022","Adler5",0.78527432656432,NA,NA,40.79,-111.87
"Woodruff 2022","Adler5",0.789818646469372,NA,NA,40.79,-111.87
"dino 2024","Adler5",0.760531298632876,NA,NA,40.79,-111.87
"AAFC4","Schupp2",0.697476329770814,50.08,-120.65,40.2,-112.46
"AAFC5","Schupp2",0.704602719371941,50.09,-120.45,40.2,-112.46
"AAFC6","Schupp2",0.67172311247556,50.09,-120.75,40.2,-112.46
"AAFC8","Schupp2",0.695718677913339,49.57,-120.55,40.2,-112.46
"AAFC9","Schupp2",0.694463022678484,49.62,-119.8,40.2,-112.46
"AAFC10","Schupp2",0.69452542596843,49.71,-120.05,40.2,-112.46
"Adler5","Schupp2",0.666768085879914,40.79,-111.87,40.2,-112.46
"Schupp2","Schupp2",1,40.2,-112.46,40.2,-112.46
"Schupp1","Schupp2",0.69670560135805,39.85,-112.15,40.2,-112.46
"Adler13","Schupp2",0.674135710221327,41.44,-111.08,40.2,-112.46
"Adler16","Schupp2",0.666717205757204,41.78,-110.2,40.2,-112.46
"Adler17","Schupp2",0.666873747832347,41.44,-110.11,40.2,-112.46
"Adler18","Schupp2",0.695996132044657,40.86,-114.22,40.2,-112.46
"Barnett1","Schupp2",0.647417872457167,43.48,-110.74,40.2,-112.46
"Baughman3","Schupp2",0.714440378304359,42.81,-118.96,40.2,-112.46
"Baughman2","Schupp2",0.685984731067558,43.05,-118.87,40.2,-112.46
"Chynoweth1","Schupp2",0.669740601638576,39.76604,-109.5635,40.2,-112.46
"Board1","Schupp2",0.668986352510466,38.84,-117.57,40.2,-112.46
"Bradford1","Schupp2",0.668501772414214,35.23,-111.62,40.2,-112.46
"Chambers1","Schupp2",0.627362731989585,39.55,-119.58,40.2,-112.46
"Chambers2","Schupp2",0.621275041180971,39.95,-118.76,40.2,-112.46
"Urza1","Schupp2",0.621378308358972,40.35,-119.34,40.2,-112.46
"Chambers4","Schupp2",0.621215318806195,41.31,-117.63,40.2,-112.46
"Chambers5","Schupp2",0.617430595532704,41.54,-117.75,40.2,-112.46
"Chambers6","Schupp2",0.617364331562199,41.54,-117.78,40.2,-112.46
"Chambers7","Schupp2",0.685025108048258,43.94,-116.19,40.2,-112.46
"Chambers8","Schupp2",0.686722074576622,42.24,-114.57,40.2,-112.46
"Chambers9","Schupp2",0.669807794338152,40.66,-116.73,40.2,-112.46
"Copeland1","Schupp2",0.669816197744802,43.7,-117.33,40.2,-112.46
"Copeland5","Schupp2",0.668660439216277,42.27,-118.71,40.2,-112.46
"Copeland9","Schupp2",0.666917226134378,43.47,-119.68,40.2,-112.46
"Downs1","Schupp2",0.661201088938271,46.38145,-119.430272,40.2,-112.46
"Downs2","Schupp2",0.6585560631131,46.25045,-119.53334,40.2,-112.46
"Downs3","Schupp2",0.629812704126409,45.9663,-120.3671,40.2,-112.46
"Fleishman1","Schupp2",0.68777011237868,38.47,-119.49,40.2,-112.46
"Fleishman5","Schupp2",0.778634166023785,39.12,-117.27,40.2,-112.46
"Fleishman7","Schupp2",0.668552028927957,39.17,-117.44,40.2,-112.46
"Getts1","Schupp2",0.640477939274364,41.17,-120.5,40.2,-112.46
"Getts3","Schupp2",0.669917557632656,40.43,-120.67,40.2,-112.46
"Holdrege1","Schupp2",0.647214634143098,41.61,-111.57,40.2,-112.46
"Hufft1","Schupp2",0.669794316628022,38.6701,-108.3286,40.2,-112.46
"Lavin1","Schupp2",0.690096674701017,44.68,-109.07,40.2,-112.46
"Lavin2","Schupp2",0.700531048785815,45.67,-111.03,40.2,-112.46
"Lee1","Schupp2",0.621245574027772,36.82340833,-116.0163889,40.2,-112.46
"Lee2","Schupp2",0.613145894433911,35.3984,-115.7845,40.2,-112.46
"Lee3","Schupp2",0.621056354173205,36.5247,-115.8987,40.2,-112.46
"Lee4","Schupp2",0.613876326637323,35.4564,-115.52,40.2,-112.46
"Leger1","Schupp2",0.6269458254395,39.49,-119.84,40.2,-112.46
"Maron1","Schupp2",0.657181059793972,46.68,-114.03,40.2,-112.46
"Maron2","Schupp2",0.666602567191931,46.64,-113.23,40.2,-112.46
"Porensky30","Schupp2",0.6658952523836,40.63,-105.27,40.2,-112.46
"Pyke3","Schupp2",0.670817403827771,44.60456358,-120.1924183,40.2,-112.46
"Pyke8","Schupp2",0.642682007866747,46.74830998,-119.361636,40.2,-112.46
"Pyke21","Schupp2",0.678124015949398,47.61803776,-119.6830115,40.2,-112.46
"Pyle1","Schupp2",0.789599580740137,42.35,-118.65,40.2,-112.46
"Pyle9","Schupp2",0.666587391836068,43.42,-119.62,40.2,-112.46
"Pyle10","Schupp2",0.778781220902578,43.19,-120,40.2,-112.46
"Pyle15","Schupp2",0.676342692350769,43.8,-119,40.2,-112.46
"Pyle17","Schupp2",0.699487608325897,44.36,-118.93,40.2,-112.46
"Pyle19","Schupp2",0.646884927152561,44.57,-119.65,40.2,-112.46
"Reed1","Schupp2",0.662929360500539,38.52,-109.47,40.2,-112.46
"Reed3","Schupp2",0.648810567661364,38.75,-109.79,40.2,-112.46
"Schupp3","Schupp2",0.68302223691447,38.6,-113.79,40.2,-112.46
"Schupp4","Schupp2",0.669661632605798,38.52,-113.55,40.2,-112.46
"Schupp5","Schupp2",0.666406526430764,39.11,-112.74,40.2,-112.46
"Symstad1","Schupp2",0.684677661332348,44.59,-104.71,40.2,-112.46
"Symstad2","Schupp2",0.647528141487142,43.87,-103.46,40.2,-112.46
"Symstad3","Schupp2",0.670947698886014,43.62,-103.47,40.2,-112.46
"Urza2","Schupp2",0.678506735171198,40.84,-119.56,40.2,-112.46
"Wilcox2","Schupp2",0.65750100846626,41.31,-105.66,40.2,-112.46
"Chynoweth2","Schupp2",0.778739181498464,40.29092,-109.68361,40.2,-112.46
"Chynoweth3","Schupp2",0.657803011970852,39.83576,-109.61202,40.2,-112.46
"Chynoweth5","Schupp2",0.813448818454792,40.480805,-109.438229,40.2,-112.46
"Chynoweth7","Schupp2",0.670131174902317,40.533605,-109.523564,40.2,-112.46
"Chynoweth8","Schupp2",0.778639201147883,40.640878,-109.48689,40.2,-112.46
"Shriver2","Schupp2",0.647371615439025,48,-114.04,40.2,-112.46
"Davies03","Schupp2",0.668693644223483,42.68,-118.68,40.2,-112.46
"GerminoBOP1","Schupp2",0.679146104044935,43.4720833,-116.2338306,40.2,-112.46
"Mancillas01","Schupp2",0.650493827662181,32.368,-106.56,40.2,-112.46
"Boise_High 2022","Schupp2",0.75510191083521,NA,NA,40.2,-112.46
"Boise_Low 2022","Schupp2",0.736189341931978,NA,NA,40.2,-112.46
"CG PASTURE 2022","Schupp2",0.77929016641839,NA,NA,40.2,-112.46
"CaseAoyamaS1 2022","Schupp2",0.761892224515906,NA,NA,40.2,-112.46
"CastValley 2021","Schupp2",0.744472762904515,NA,NA,40.2,-112.46
"EOARC 2022","Schupp2",0.761801529634245,NA,NA,40.2,-112.46
"EnsingS1 SuRDC 2022","Schupp2",0.77510598322875,NA,NA,40.2,-112.46
"EnsingS2 Summerland-Princeton 2022","Schupp2",0.749854454045592,NA,NA,40.2,-112.46
"EnsingS3 Bear Creek 2022","Schupp2",0.746824983480286,NA,NA,40.2,-112.46
"EnsingS4 Lundbom 2022","Schupp2",0.756226004161802,NA,NA,40.2,-112.46
"FAR NORTH CPER 2022","Schupp2",0.781556349672925,NA,NA,40.2,-112.46
"FtK_Cottonwood_Coulee 2021","Schupp2",0.7858569493901,NA,NA,40.2,-112.46
"FtK_Lone_Pine 2021","Schupp2",0.785730555984625,NA,NA,40.2,-112.46
"GoeblS1 2024","Schupp2",0.760276620015983,NA,NA,40.2,-112.46
"GreenCanyon 2021","Schupp2",0.775687643383926,NA,NA,40.2,-112.46
"HPGRS AGCR 2022","Schupp2",0.779635565288899,NA,NA,40.2,-112.46
"HardwareRanch 2022","Schupp2",0.772309832214891,NA,NA,40.2,-112.46
"K1_vanDiepen 2022","Schupp2",0.761856601827314,NA,NA,40.2,-112.46
"L1_vanDiepen 2022","Schupp2",0.779654257068431,NA,NA,40.2,-112.46
"MPG_IR 2021","Schupp2",0.771668306055289,NA,NA,40.2,-112.46
"MPG_SR 2021","Schupp2",0.772972588571799,NA,NA,40.2,-112.46
"MPG_TH 2021","Schupp2",0.772364650261769,NA,NA,40.2,-112.46
"NEAR 4WAY CPER 2022","Schupp2",0.781355589608533,NA,NA,40.2,-112.46
"NEAR HQ CPER 2022","Schupp2",0.781366778754737,NA,NA,40.2,-112.46
"NEAR NUTNET 2022","Schupp2",0.781486571320426,NA,NA,40.2,-112.46
"OttS1 2022","Schupp2",0.782125038860322,NA,NA,40.2,-112.46
"PMR- Brome 2021","Schupp2",0.769381696480698,NA,NA,40.2,-112.46
"Pearlwise 2024","Schupp2",0.762252936182982,NA,NA,40.2,-112.46
"Peavine 2022","Schupp2",0.732677558100676,NA,NA,40.2,-112.46
"Plymouth 2022","Schupp2",0.730430518958598,NA,NA,40.2,-112.46
"RedBluff 2023","Schupp2",0.774915221426325,NA,NA,40.2,-112.46
"Rush_Valley 2022","Schupp2",0.76764398005239,NA,NA,40.2,-112.46
"SSHQ 2022","Schupp2",0.780692753406583,NA,NA,40.2,-112.46
"SSHigh 2022","Schupp2",0.77199629912056,NA,NA,40.2,-112.46
"SouthEden 2022","Schupp2",0.77432555161098,NA,NA,40.2,-112.46
"Symstad1 2021","Schupp2",0.783742655577662,NA,NA,40.2,-112.46
"Symstad2 2022","Schupp2",0.784205251688573,NA,NA,40.2,-112.46
"TB FIRE 2022","Schupp2",0.783176407770708,NA,NA,40.2,-112.46
"TB LC Control 2022","Schupp2",0.783207659517822,NA,NA,40.2,-112.46
"TB PRAIRIE DOG 2022","Schupp2",0.783207588551226,NA,NA,40.2,-112.46
"Woodruff 2022","Schupp2",0.778741764041329,NA,NA,40.2,-112.46
"dino 2024","Schupp2",0.776350238081065,NA,NA,40.2,-112.46
"AAFC4","Schupp1",0.656854853285553,50.08,-120.65,39.85,-112.15
"AAFC5","Schupp1",0.657744927139982,50.09,-120.45,39.85,-112.15
"AAFC6","Schupp1",0.676460950719081,50.09,-120.75,39.85,-112.15
"AAFC8","Schupp1",0.681213515728301,49.57,-120.55,39.85,-112.15
"AAFC9","Schupp1",0.649367594340688,49.62,-119.8,39.85,-112.15
"AAFC10","Schupp1",0.649561360538378,49.71,-120.05,39.85,-112.15
"Adler5","Schupp1",0.670692658206724,40.79,-111.87,39.85,-112.15
"Schupp2","Schupp1",0.69670560135805,40.2,-112.46,39.85,-112.15
"Schupp1","Schupp1",1,39.85,-112.15,39.85,-112.15
"Adler13","Schupp1",0.68845404701064,41.44,-111.08,39.85,-112.15
"Adler16","Schupp1",0.673575693972726,41.78,-110.2,39.85,-112.15
"Adler17","Schupp1",0.67383032364471,41.44,-110.11,39.85,-112.15
"Adler18","Schupp1",0.695269072521511,40.86,-114.22,39.85,-112.15
"Barnett1","Schupp1",0.650470144259977,43.48,-110.74,39.85,-112.15
"Baughman3","Schupp1",0.66131874209829,42.81,-118.96,39.85,-112.15
"Baughman2","Schupp1",0.690292802483557,43.05,-118.87,39.85,-112.15
"Chynoweth1","Schupp1",0.674487835167076,39.76604,-109.5635,39.85,-112.15
"Board1","Schupp1",0.648200251143445,38.84,-117.57,39.85,-112.15
"Bradford1","Schupp1",0.647728998397315,35.23,-111.62,39.85,-112.15
"Chambers1","Schupp1",0.62954042382995,39.55,-119.58,39.85,-112.15
"Chambers2","Schupp1",0.623191930738774,39.95,-118.76,39.85,-112.15
"Urza1","Schupp1",0.623336555513283,40.35,-119.34,39.85,-112.15
"Chambers4","Schupp1",0.623159396114904,41.31,-117.63,39.85,-112.15
"Chambers5","Schupp1",0.619420092423233,41.54,-117.75,39.85,-112.15
"Chambers6","Schupp1",0.619446314911757,41.54,-117.78,39.85,-112.15
"Chambers7","Schupp1",0.70757845451472,43.94,-116.19,39.85,-112.15
"Chambers8","Schupp1",0.695008671379126,42.24,-114.57,39.85,-112.15
"Chambers9","Schupp1",0.674524525342031,40.66,-116.73,39.85,-112.15
"Copeland1","Schupp1",0.674570050155677,43.7,-117.33,39.85,-112.15
"Copeland5","Schupp1",0.65546517098784,42.27,-118.71,39.85,-112.15
"Copeland9","Schupp1",0.673768175856984,43.47,-119.68,39.85,-112.15
"Downs1","Schupp1",0.680924914682703,46.38145,-119.430272,39.85,-112.15
"Downs2","Schupp1",0.659355815665207,46.25045,-119.53334,39.85,-112.15
"Downs3","Schupp1",0.622627981368325,45.9663,-120.3671,39.85,-112.15
"Fleishman1","Schupp1",0.687847576280979,38.47,-119.49,39.85,-112.15
"Fleishman5","Schupp1",0.742369723262752,39.12,-117.27,39.85,-112.15
"Fleishman7","Schupp1",0.64467204961773,39.17,-117.44,39.85,-112.15
"Getts1","Schupp1",0.648937424549601,41.17,-120.5,39.85,-112.15
"Getts3","Schupp1",0.653916473299211,40.43,-120.67,39.85,-112.15
"Holdrege1","Schupp1",0.650255916446108,41.61,-111.57,39.85,-112.15
"Hufft1","Schupp1",0.695754475485317,38.6701,-108.3286,39.85,-112.15
"Lavin1","Schupp1",0.715089549560155,44.68,-109.07,39.85,-112.15
"Lavin2","Schupp1",0.663008967014553,45.67,-111.03,39.85,-112.15
"Lee1","Schupp1",0.623190174980828,36.82340833,-116.0163889,39.85,-112.15
"Lee2","Schupp1",0.615350631269485,35.3984,-115.7845,39.85,-112.15
"Lee3","Schupp1",0.623079449205611,36.5247,-115.8987,39.85,-112.15
"Lee4","Schupp1",0.617237473564842,35.4564,-115.52,39.85,-112.15
"Leger1","Schupp1",0.629533764109416,39.49,-119.84,39.85,-112.15
"Maron1","Schupp1",0.677006739724437,46.68,-114.03,39.85,-112.15
"Maron2","Schupp1",0.673574848043526,46.64,-113.23,39.85,-112.15
"Porensky30","Schupp1",0.667769072710374,40.63,-105.27,39.85,-112.15
"Pyke3","Schupp1",0.669300935789919,44.60456358,-120.1924183,39.85,-112.15
"Pyke8","Schupp1",0.662517476162979,46.74830998,-119.361636,39.85,-112.15
"Pyke21","Schupp1",0.678567369009041,47.61803776,-119.6830115,39.85,-112.15
"Pyle1","Schupp1",0.769224115865718,42.35,-118.65,39.85,-112.15
"Pyle9","Schupp1",0.673554329920464,43.42,-119.62,39.85,-112.15
"Pyle10","Schupp1",0.7424563577935,43.19,-120,39.85,-112.15
"Pyle15","Schupp1",0.679215630980647,43.8,-119,39.85,-112.15
"Pyle17","Schupp1",0.651335228909887,44.36,-118.93,39.85,-112.15
"Pyle19","Schupp1",0.665081801062862,44.57,-119.65,39.85,-112.15
"Reed1","Schupp1",0.681353961521271,38.52,-109.47,39.85,-112.15
"Reed3","Schupp1",0.677971024365158,38.75,-109.79,39.85,-112.15
"Schupp3","Schupp1",0.708845706719488,38.6,-113.79,39.85,-112.15
"Schupp4","Schupp1",0.674446820736084,38.52,-113.55,39.85,-112.15
"Schupp5","Schupp1",0.674020403139731,39.11,-112.74,39.85,-112.15
"Symstad1","Schupp1",0.704879390568033,44.59,-104.71,39.85,-112.15
"Symstad2","Schupp1",0.677903713720209,43.87,-103.46,39.85,-112.15
"Symstad3","Schupp1",0.690179546803227,43.62,-103.47,39.85,-112.15
"Urza2","Schupp1",0.670756421281853,40.84,-119.56,39.85,-112.15
"Wilcox2","Schupp1",0.698887494471396,41.31,-105.66,39.85,-112.15
"Chynoweth2","Schupp1",0.742664699941081,40.29092,-109.68361,39.85,-112.15
"Chynoweth3","Schupp1",0.699224675942566,39.83576,-109.61202,39.85,-112.15
"Chynoweth5","Schupp1",0.766914439254289,40.480805,-109.438229,39.85,-112.15
"Chynoweth7","Schupp1",0.674911734902087,40.533605,-109.523564,39.85,-112.15
"Chynoweth8","Schupp1",0.742394138238702,40.640878,-109.48689,39.85,-112.15
"Shriver2","Schupp1",0.650459574676229,48,-114.04,39.85,-112.15
"Davies03","Schupp1",0.647909508570952,42.68,-118.68,39.85,-112.15
"GerminoBOP1","Schupp1",0.678156100646295,43.4720833,-116.2338306,39.85,-112.15
"Mancillas01","Schupp1",0.673695763362191,32.368,-106.56,39.85,-112.15
"Boise_High 2022","Schupp1",0.746813563935995,NA,NA,39.85,-112.15
"Boise_Low 2022","Schupp1",0.740704254233733,NA,NA,39.85,-112.15
"CG PASTURE 2022","Schupp1",0.775934112962977,NA,NA,39.85,-112.15
"CaseAoyamaS1 2022","Schupp1",0.758012025008069,NA,NA,39.85,-112.15
"CastValley 2021","Schupp1",0.757381175331829,NA,NA,39.85,-112.15
"EOARC 2022","Schupp1",0.757164936795835,NA,NA,39.85,-112.15
"EnsingS1 SuRDC 2022","Schupp1",0.771297707036921,NA,NA,39.85,-112.15
"EnsingS2 Summerland-Princeton 2022","Schupp1",0.741175386313953,NA,NA,39.85,-112.15
"EnsingS3 Bear Creek 2022","Schupp1",0.743151246970652,NA,NA,39.85,-112.15
"EnsingS4 Lundbom 2022","Schupp1",0.744444081396978,NA,NA,39.85,-112.15
"FAR NORTH CPER 2022","Schupp1",0.783194332833381,NA,NA,39.85,-112.15
"FtK_Cottonwood_Coulee 2021","Schupp1",0.787833083806305,NA,NA,39.85,-112.15
"FtK_Lone_Pine 2021","Schupp1",0.788536439816522,NA,NA,39.85,-112.15
"GoeblS1 2024","Schupp1",0.763898731262684,NA,NA,39.85,-112.15
"GreenCanyon 2021","Schupp1",0.771806842164959,NA,NA,39.85,-112.15
"HPGRS AGCR 2022","Schupp1",0.776752099052508,NA,NA,39.85,-112.15
"HardwareRanch 2022","Schupp1",0.764168133283173,NA,NA,39.85,-112.15
"K1_vanDiepen 2022","Schupp1",0.75167194506628,NA,NA,39.85,-112.15
"L1_vanDiepen 2022","Schupp1",0.776848669597084,NA,NA,39.85,-112.15
"MPG_IR 2021","Schupp1",0.764689795812679,NA,NA,39.85,-112.15
"MPG_SR 2021","Schupp1",0.766637540009116,NA,NA,39.85,-112.15
"MPG_TH 2021","Schupp1",0.765799811552222,NA,NA,39.85,-112.15
"NEAR 4WAY CPER 2022","Schupp1",0.783816070261528,NA,NA,39.85,-112.15
"NEAR HQ CPER 2022","Schupp1",0.782665694069782,NA,NA,39.85,-112.15
"NEAR NUTNET 2022","Schupp1",0.783307200034879,NA,NA,39.85,-112.15
"OttS1 2022","Schupp1",0.781263523812467,NA,NA,39.85,-112.15
"PMR- Brome 2021","Schupp1",0.763289091308915,NA,NA,39.85,-112.15
"Pearlwise 2024","Schupp1",0.758652913260331,NA,NA,39.85,-112.15
"Peavine 2022","Schupp1",0.727523537169555,NA,NA,39.85,-112.15
"Plymouth 2022","Schupp1",0.730223811777843,NA,NA,39.85,-112.15
"RedBluff 2023","Schupp1",0.768985258057521,NA,NA,39.85,-112.15
"Rush_Valley 2022","Schupp1",0.76977687426899,NA,NA,39.85,-112.15
"SSHQ 2022","Schupp1",0.777188199971916,NA,NA,39.85,-112.15
"SSHigh 2022","Schupp1",0.763397618916128,NA,NA,39.85,-112.15
"SouthEden 2022","Schupp1",0.766014868554678,NA,NA,39.85,-112.15
"Symstad1 2021","Schupp1",0.782547208006392,NA,NA,39.85,-112.15
"Symstad2 2022","Schupp1",0.783537431071016,NA,NA,39.85,-112.15
"TB FIRE 2022","Schupp1",0.784527106941972,NA,NA,39.85,-112.15
"TB LC Control 2022","Schupp1",0.784799482097259,NA,NA,39.85,-112.15
"TB PRAIRIE DOG 2022","Schupp1",0.784706503080584,NA,NA,39.85,-112.15
"Woodruff 2022","Schupp1",0.77374681116487,NA,NA,39.85,-112.15
"dino 2024","Schupp1",0.784352624292769,NA,NA,39.85,-112.15
"AAFC4","Adler13",0.677125715970656,50.08,-120.65,41.44,-111.08
"AAFC5","Adler13",0.669595900163163,50.09,-120.45,41.44,-111.08
"AAFC6","Adler13",0.699012082955167,50.09,-120.75,41.44,-111.08
"AAFC8","Adler13",0.704601942595084,49.57,-120.55,41.44,-111.08
"AAFC9","Adler13",0.655256285541299,49.62,-119.8,41.44,-111.08
"AAFC10","Adler13",0.655437952804303,49.71,-120.05,41.44,-111.08
"Adler5","Adler13",0.665969385707906,40.79,-111.87,41.44,-111.08
"Schupp2","Adler13",0.674135710221327,40.2,-112.46,41.44,-111.08
"Schupp1","Adler13",0.68845404701064,39.85,-112.15,41.44,-111.08
"Adler13","Adler13",0.999999999999999,41.44,-111.08,41.44,-111.08
"Adler16","Adler13",0.688813620973198,41.78,-110.2,41.44,-111.08
"Adler17","Adler13",0.68894138399382,41.44,-110.11,41.44,-111.08
"Adler18","Adler13",0.662675485589374,40.86,-114.22,41.44,-111.08
"Barnett1","Adler13",0.647912897753342,43.48,-110.74,41.44,-111.08
"Baughman3","Adler13",0.673609584754283,42.81,-118.96,41.44,-111.08
"Baughman2","Adler13",0.733710912412466,43.05,-118.87,41.44,-111.08
"Chynoweth1","Adler13",0.790324756862861,39.76604,-109.5635,41.44,-111.08
"Board1","Adler13",0.654252466951744,38.84,-117.57,41.44,-111.08
"Bradford1","Adler13",0.653777281406839,35.23,-111.62,41.44,-111.08
"Chambers1","Adler13",0.62868487398593,39.55,-119.58,41.44,-111.08
"Chambers2","Adler13",0.622668375305229,39.95,-118.76,41.44,-111.08
"Urza1","Adler13",0.622783605150016,40.35,-119.34,41.44,-111.08
"Chambers4","Adler13",0.622567637047269,41.31,-117.63,41.44,-111.08
"Chambers5","Adler13",0.618223010242447,41.54,-117.75,41.44,-111.08
"Chambers6","Adler13",0.6182653055888,41.54,-117.78,41.44,-111.08
"Chambers7","Adler13",0.72504132702287,43.94,-116.19,41.44,-111.08
"Chambers8","Adler13",0.67602516872932,42.24,-114.57,41.44,-111.08
"Chambers9","Adler13",0.790432094977554,40.66,-116.73,41.44,-111.08
"Copeland1","Adler13",0.790404924910469,43.7,-117.33,41.44,-111.08
"Copeland5","Adler13",0.662350532986687,42.27,-118.71,41.44,-111.08
"Copeland9","Adler13",0.688965282589091,43.47,-119.68,41.44,-111.08
"Downs1","Adler13",0.700167643881633,46.38145,-119.430272,41.44,-111.08
"Downs2","Adler13",0.674586345349187,46.25045,-119.53334,41.44,-111.08
"Downs3","Adler13",0.637558426848146,45.9663,-120.3671,41.44,-111.08
"Fleishman1","Adler13",0.713843056427257,38.47,-119.49,41.44,-111.08
"Fleishman5","Adler13",0.677075433162727,39.12,-117.27,41.44,-111.08
"Fleishman7","Adler13",0.655347284824178,39.17,-117.44,41.44,-111.08
"Getts1","Adler13",0.650810515783229,41.17,-120.5,41.44,-111.08
"Getts3","Adler13",0.657304650761955,40.43,-120.67,41.44,-111.08
"Holdrege1","Adler13",0.647729530658028,41.61,-111.57,41.44,-111.08
"Hufft1","Adler13",0.705705456749668,38.6701,-108.3286,41.44,-111.08
"Lavin1","Adler13",0.724386507370724,44.68,-109.07,41.44,-111.08
"Lavin2","Adler13",0.664957650023601,45.67,-111.03,41.44,-111.08
"Lee1","Adler13",0.622657237068244,36.82340833,-116.0163889,41.44,-111.08
"Lee2","Adler13",0.61498195884597,35.3984,-115.7845,41.44,-111.08
"Lee3","Adler13",0.622513423427764,36.5247,-115.8987,41.44,-111.08
"Lee4","Adler13",0.620697659789937,35.4564,-115.52,41.44,-111.08
"Leger1","Adler13",0.626280185085943,39.49,-119.84,41.44,-111.08
"Maron1","Adler13",0.726187730081653,46.68,-114.03,41.44,-111.08
"Maron2","Adler13",0.688742630930777,46.64,-113.23,41.44,-111.08
"Porensky30","Adler13",0.658764140499512,40.63,-105.27,41.44,-111.08
"Pyke3","Adler13",0.669110287476484,44.60456358,-120.1924183,41.44,-111.08
"Pyke8","Adler13",0.680754456303227,46.74830998,-119.361636,41.44,-111.08
"Pyke21","Adler13",0.667945194693677,47.61803776,-119.6830115,41.44,-111.08
"Pyle1","Adler13",0.727603301737404,42.35,-118.65,41.44,-111.08
"Pyle9","Adler13",0.688680470300786,43.42,-119.62,41.44,-111.08
"Pyle10","Adler13",0.677296334341943,43.19,-120,41.44,-111.08
"Pyle15","Adler13",0.666666790044808,43.8,-119,41.44,-111.08
"Pyle17","Adler13",0.664862326482027,44.36,-118.93,41.44,-111.08
"Pyle19","Adler13",0.676167427973261,44.57,-119.65,41.44,-111.08
"Reed1","Adler13",0.759154684946632,38.52,-109.47,41.44,-111.08
"Reed3","Adler13",0.703344766822908,38.75,-109.79,41.44,-111.08
"Schupp3","Adler13",0.709800225005288,38.6,-113.79,41.44,-111.08
"Schupp4","Adler13",0.790273950663087,38.52,-113.55,41.44,-111.08
"Schupp5","Adler13",0.736979429612529,39.11,-112.74,41.44,-111.08
"Symstad1","Adler13",0.685367928212616,44.59,-104.71,41.44,-111.08
"Symstad2","Adler13",0.666812722217599,43.87,-103.46,41.44,-111.08
"Symstad3","Adler13",0.721502181506448,43.62,-103.47,41.44,-111.08
"Urza2","Adler13",0.693059094683064,40.84,-119.56,41.44,-111.08
"Wilcox2","Adler13",0.697946375950246,41.31,-105.66,41.44,-111.08
"Chynoweth2","Adler13",0.677540105972554,40.29092,-109.68361,41.44,-111.08
"Chynoweth3","Adler13",0.698203749022448,39.83576,-109.61202,41.44,-111.08
"Chynoweth5","Adler13",0.718638026038491,40.480805,-109.438229,41.44,-111.08
"Chynoweth7","Adler13",0.790608346830207,40.533605,-109.523564,41.44,-111.08
"Chynoweth8","Adler13",0.677104992908118,40.640878,-109.48689,41.44,-111.08
"Shriver2","Adler13",0.647918942828966,48,-114.04,41.44,-111.08
"Davies03","Adler13",0.65403050689771,42.68,-118.68,41.44,-111.08
"GerminoBOP1","Adler13",0.763404147308775,43.4720833,-116.2338306,41.44,-111.08
"Mancillas01","Adler13",0.688280570714068,32.368,-106.56,41.44,-111.08
"Boise_High 2022","Adler13",0.754289271483872,NA,NA,41.44,-111.08
"Boise_Low 2022","Adler13",0.744336245449264,NA,NA,41.44,-111.08
"CG PASTURE 2022","Adler13",0.779375791822011,NA,NA,41.44,-111.08
"CaseAoyamaS1 2022","Adler13",0.763114252339261,NA,NA,41.44,-111.08
"CastValley 2021","Adler13",0.783852780043075,NA,NA,41.44,-111.08
"EOARC 2022","Adler13",0.762476331446628,NA,NA,41.44,-111.08
"EnsingS1 SuRDC 2022","Adler13",0.786427655600658,NA,NA,41.44,-111.08
"EnsingS2 Summerland-Princeton 2022","Adler13",0.740003622924114,NA,NA,41.44,-111.08
"EnsingS3 Bear Creek 2022","Adler13",0.742205764368722,NA,NA,41.44,-111.08
"EnsingS4 Lundbom 2022","Adler13",0.743217901352303,NA,NA,41.44,-111.08
"FAR NORTH CPER 2022","Adler13",0.787226973177186,NA,NA,41.44,-111.08
"FtK_Cottonwood_Coulee 2021","Adler13",0.789755480806934,NA,NA,41.44,-111.08
"FtK_Lone_Pine 2021","Adler13",0.790513468527398,NA,NA,41.44,-111.08
"GoeblS1 2024","Adler13",0.764334446439496,NA,NA,41.44,-111.08
"GreenCanyon 2021","Adler13",0.7944691161036,NA,NA,41.44,-111.08
"HPGRS AGCR 2022","Adler13",0.779928583369922,NA,NA,41.44,-111.08
"HardwareRanch 2022","Adler13",0.784106357834338,NA,NA,41.44,-111.08
"K1_vanDiepen 2022","Adler13",0.768437223538319,NA,NA,41.44,-111.08
"L1_vanDiepen 2022","Adler13",0.784247458120675,NA,NA,41.44,-111.08
"MPG_IR 2021","Adler13",0.78391370036018,NA,NA,41.44,-111.08
"MPG_SR 2021","Adler13",0.785568081752185,NA,NA,41.44,-111.08
"MPG_TH 2021","Adler13",0.78488178294439,NA,NA,41.44,-111.08
"NEAR 4WAY CPER 2022","Adler13",0.788059331043817,NA,NA,41.44,-111.08
"NEAR HQ CPER 2022","Adler13",0.786865420325734,NA,NA,41.44,-111.08
"NEAR NUTNET 2022","Adler13",0.787343182783182,NA,NA,41.44,-111.08
"OttS1 2022","Adler13",0.78258888091694,NA,NA,41.44,-111.08
"PMR- Brome 2021","Adler13",0.765155769840547,NA,NA,41.44,-111.08
"Pearlwise 2024","Adler13",0.771574739692368,NA,NA,41.44,-111.08
"Peavine 2022","Adler13",0.732718433959769,NA,NA,41.44,-111.08
"Plymouth 2022","Adler13",0.733248440833929,NA,NA,41.44,-111.08
"RedBluff 2023","Adler13",0.772549373077726,NA,NA,41.44,-111.08
"Rush_Valley 2022","Adler13",0.789206764540206,NA,NA,41.44,-111.08
"SSHQ 2022","Adler13",0.799271805425117,NA,NA,41.44,-111.08
"SSHigh 2022","Adler13",0.785617750286676,NA,NA,41.44,-111.08
"SouthEden 2022","Adler13",0.785245894600256,NA,NA,41.44,-111.08
"Symstad1 2021","Adler13",0.788568782263272,NA,NA,41.44,-111.08
"Symstad2 2022","Adler13",0.78971015344718,NA,NA,41.44,-111.08
"TB FIRE 2022","Adler13",0.786319963239983,NA,NA,41.44,-111.08
"TB LC Control 2022","Adler13",0.786626859606054,NA,NA,41.44,-111.08
"TB PRAIRIE DOG 2022","Adler13",0.786518739665611,NA,NA,41.44,-111.08
"Woodruff 2022","Adler13",0.793012767474493,NA,NA,41.44,-111.08
"dino 2024","Adler13",0.815453972202132,NA,NA,41.44,-111.08
"AAFC4","Adler16",0.694802727649233,50.08,-120.65,41.78,-110.2
"AAFC5","Adler16",0.67173445476677,50.09,-120.45,41.78,-110.2
"AAFC6","Adler16",0.690795665490192,50.09,-120.75,41.78,-110.2
"AAFC8","Adler16",0.719620057928381,49.57,-120.55,41.78,-110.2
"AAFC9","Adler16",0.66274634335355,49.62,-119.8,41.78,-110.2
"AAFC10","Adler16",0.662845304944677,49.71,-120.05,41.78,-110.2
"Adler5","Adler16",0.664402267720404,40.79,-111.87,41.78,-110.2
"Schupp2","Adler16",0.666717205757204,40.2,-112.46,41.78,-110.2
"Schupp1","Adler16",0.673575693972726,39.85,-112.15,41.78,-110.2
"Adler13","Adler16",0.688813620973198,41.44,-111.08,41.78,-110.2
"Adler16","Adler16",1,41.78,-110.2,41.78,-110.2
"Adler17","Adler16",0.99954866217313,41.44,-110.11,41.78,-110.2
"Adler18","Adler16",0.665639068705436,40.86,-114.22,41.78,-110.2
"Barnett1","Adler16",0.666845138386778,43.48,-110.74,41.78,-110.2
"Baughman3","Adler16",0.677306147367097,42.81,-118.96,41.78,-110.2
"Baughman2","Adler16",0.672474311284278,43.05,-118.87,41.78,-110.2
"Chynoweth1","Adler16",0.718241072223222,39.76604,-109.5635,41.78,-110.2
"Board1","Adler16",0.680278779960961,38.84,-117.57,41.78,-110.2
"Bradford1","Adler16",0.679816570216156,35.23,-111.62,41.78,-110.2
"Chambers1","Adler16",0.61944932588755,39.55,-119.58,41.78,-110.2
"Chambers2","Adler16",0.61347497521423,39.95,-118.76,41.78,-110.2
"Urza1","Adler16",0.613640958677499,40.35,-119.34,41.78,-110.2
"Chambers4","Adler16",0.613494304888828,41.31,-117.63,41.78,-110.2
"Chambers5","Adler16",0.609171155223277,41.54,-117.75,41.78,-110.2
"Chambers6","Adler16",0.609166876949402,41.54,-117.78,41.78,-110.2
"Chambers7","Adler16",0.699633189618449,43.94,-116.19,41.78,-110.2
"Chambers8","Adler16",0.658435195804583,42.24,-114.57,41.78,-110.2
"Chambers9","Adler16",0.718279429218508,40.66,-116.73,41.78,-110.2
"Copeland1","Adler16",0.718277634376915,43.7,-117.33,41.78,-110.2
"Copeland5","Adler16",0.657850994189339,42.27,-118.71,41.78,-110.2
"Copeland9","Adler16",0.999495889166752,43.47,-119.68,41.78,-110.2
"Downs1","Adler16",0.64314543634057,46.38145,-119.430272,41.78,-110.2
"Downs2","Adler16",0.657723878518907,46.25045,-119.53334,41.78,-110.2
"Downs3","Adler16",0.630502053528143,45.9663,-120.3671,41.78,-110.2
"Fleishman1","Adler16",0.737299599864866,38.47,-119.49,41.78,-110.2
"Fleishman5","Adler16",0.65240151719006,39.12,-117.27,41.78,-110.2
"Fleishman7","Adler16",0.672090467021245,39.17,-117.44,41.78,-110.2
"Getts1","Adler16",0.647838597227515,41.17,-120.5,41.78,-110.2
"Getts3","Adler16",0.68298073003667,40.43,-120.67,41.78,-110.2
"Holdrege1","Adler16",0.66661486166534,41.61,-111.57,41.78,-110.2
"Hufft1","Adler16",0.66549432953455,38.6701,-108.3286,41.78,-110.2
"Lavin1","Adler16",0.70721619890221,44.68,-109.07,41.78,-110.2
"Lavin2","Adler16",0.677469237549875,45.67,-111.03,41.78,-110.2
"Lee1","Adler16",0.613541648637591,36.82340833,-116.0163889,41.78,-110.2
"Lee2","Adler16",0.606026588376589,35.3984,-115.7845,41.78,-110.2
"Lee3","Adler16",0.613362654578371,36.5247,-115.8987,41.78,-110.2
"Lee4","Adler16",0.609148326369931,35.4564,-115.52,41.78,-110.2
"Leger1","Adler16",0.628178397417316,39.49,-119.84,41.78,-110.2
"Maron1","Adler16",0.698839786049297,46.68,-114.03,41.78,-110.2
"Maron2","Adler16",0.999564723371005,46.64,-113.23,41.78,-110.2
"Porensky30","Adler16",0.66203139199598,40.63,-105.27,41.78,-110.2
"Pyke3","Adler16",0.690141986765617,44.60456358,-120.1924183,41.78,-110.2
"Pyke8","Adler16",0.636440198981612,46.74830998,-119.361636,41.78,-110.2
"Pyke21","Adler16",0.705300233047919,47.61803776,-119.6830115,41.78,-110.2
"Pyle1","Adler16",0.739595855519322,42.35,-118.65,41.78,-110.2
"Pyle9","Adler16",0.99959146152467,43.42,-119.62,41.78,-110.2
"Pyle10","Adler16",0.652423491635362,43.19,-120,41.78,-110.2
"Pyle15","Adler16",0.67784172632326,43.8,-119,41.78,-110.2
"Pyle17","Adler16",0.660672996382123,44.36,-118.93,41.78,-110.2
"Pyle19","Adler16",0.676186829231034,44.57,-119.65,41.78,-110.2
"Reed1","Adler16",0.668003726833741,38.52,-109.47,41.78,-110.2
"Reed3","Adler16",0.706611878713513,38.75,-109.79,41.78,-110.2
"Schupp3","Adler16",0.670772875008362,38.6,-113.79,41.78,-110.2
"Schupp4","Adler16",0.718119044717042,38.52,-113.55,41.78,-110.2
"Schupp5","Adler16",0.725028247015147,39.11,-112.74,41.78,-110.2
"Symstad1","Adler16",0.682662140662549,44.59,-104.71,41.78,-110.2
"Symstad2","Adler16",0.655555544193368,43.87,-103.46,41.78,-110.2
"Symstad3","Adler16",0.730301924176326,43.62,-103.47,41.78,-110.2
"Urza2","Adler16",0.713227304853007,40.84,-119.56,41.78,-110.2
"Wilcox2","Adler16",0.643553076937924,41.31,-105.66,41.78,-110.2
"Chynoweth2","Adler16",0.652724703438164,40.29092,-109.68361,41.78,-110.2
"Chynoweth3","Adler16",0.643837623618638,39.83576,-109.61202,41.78,-110.2
"Chynoweth5","Adler16",0.666615877440658,40.480805,-109.438229,41.78,-110.2
"Chynoweth7","Adler16",0.718689810760241,40.533605,-109.523564,41.78,-110.2
"Chynoweth8","Adler16",0.652330161960304,40.640878,-109.48689,41.78,-110.2
"Shriver2","Adler16",0.666852209623315,48,-114.04,41.78,-110.2
"Davies03","Adler16",0.680025059711385,42.68,-118.68,41.78,-110.2
"GerminoBOP1","Adler16",0.713339267580264,43.4720833,-116.2338306,41.78,-110.2
"Mancillas01","Adler16",0.67952143183424,32.368,-106.56,41.78,-110.2
"Boise_High 2022","Adler16",0.770226343883156,NA,NA,41.78,-110.2
"Boise_Low 2022","Adler16",0.729073800939981,NA,NA,41.78,-110.2
"CG PASTURE 2022","Adler16",0.797205245083279,NA,NA,41.78,-110.2
"CaseAoyamaS1 2022","Adler16",0.776166240192025,NA,NA,41.78,-110.2
"CastValley 2021","Adler16",0.711936529624858,NA,NA,41.78,-110.2
"EOARC 2022","Adler16",0.777253763494062,NA,NA,41.78,-110.2
"EnsingS1 SuRDC 2022","Adler16",0.780769327867475,NA,NA,41.78,-110.2
"EnsingS2 Summerland-Princeton 2022","Adler16",0.769195643584111,NA,NA,41.78,-110.2
"EnsingS3 Bear Creek 2022","Adler16",0.753675292921005,NA,NA,41.78,-110.2
"EnsingS4 Lundbom 2022","Adler16",0.798520941297921,NA,NA,41.78,-110.2
"FAR NORTH CPER 2022","Adler16",0.789778562045641,NA,NA,41.78,-110.2
"FtK_Cottonwood_Coulee 2021","Adler16",0.804357095616973,NA,NA,41.78,-110.2
"FtK_Lone_Pine 2021","Adler16",0.8030980083073,NA,NA,41.78,-110.2
"GoeblS1 2024","Adler16",0.753094407635932,NA,NA,41.78,-110.2
"GreenCanyon 2021","Adler16",0.778607203963284,NA,NA,41.78,-110.2
"HPGRS AGCR 2022","Adler16",0.79652458921434,NA,NA,41.78,-110.2
"HardwareRanch 2022","Adler16",0.788677163265799,NA,NA,41.78,-110.2
"K1_vanDiepen 2022","Adler16",0.790102457727136,NA,NA,41.78,-110.2
"L1_vanDiepen 2022","Adler16",0.803133755010046,NA,NA,41.78,-110.2
"MPG_IR 2021","Adler16",0.78625564939008,NA,NA,41.78,-110.2
"MPG_SR 2021","Adler16",0.787204153379092,NA,NA,41.78,-110.2
"MPG_TH 2021","Adler16",0.786528531527572,NA,NA,41.78,-110.2
"NEAR 4WAY CPER 2022","Adler16",0.787750462992505,NA,NA,41.78,-110.2
"NEAR HQ CPER 2022","Adler16",0.789303566043381,NA,NA,41.78,-110.2
"NEAR NUTNET 2022","Adler16",0.789074128007878,NA,NA,41.78,-110.2
"OttS1 2022","Adler16",0.79518593819689,NA,NA,41.78,-110.2
"PMR- Brome 2021","Adler16",0.784701244909659,NA,NA,41.78,-110.2
"Pearlwise 2024","Adler16",0.766005853724319,NA,NA,41.78,-110.2
"Peavine 2022","Adler16",0.73393141770534,NA,NA,41.78,-110.2
"Plymouth 2022","Adler16",0.724870676255291,NA,NA,41.78,-110.2
"RedBluff 2023","Adler16",0.794458504227185,NA,NA,41.78,-110.2
"Rush_Valley 2022","Adler16",0.758894742510746,NA,NA,41.78,-110.2
"SSHQ 2022","Adler16",0.801526595327882,NA,NA,41.78,-110.2
"SSHigh 2022","Adler16",0.798023855339911,NA,NA,41.78,-110.2
"SouthEden 2022","Adler16",0.799266618196708,NA,NA,41.78,-110.2
"Symstad1 2021","Adler16",0.79587041785382,NA,NA,41.78,-110.2
"Symstad2 2022","Adler16",0.795633200247771,NA,NA,41.78,-110.2
"TB FIRE 2022","Adler16",0.79921854343545,NA,NA,41.78,-110.2
"TB LC Control 2022","Adler16",0.798994109938219,NA,NA,41.78,-110.2
"TB PRAIRIE DOG 2022","Adler16",0.799130752367098,NA,NA,41.78,-110.2
"Woodruff 2022","Adler16",0.801577568131472,NA,NA,41.78,-110.2
"dino 2024","Adler16",0.767406197534752,NA,NA,41.78,-110.2
"AAFC4","Adler17",0.69500654190145,50.08,-120.65,41.44,-110.11
"AAFC5","Adler17",0.67188798112039,50.09,-120.45,41.44,-110.11
"AAFC6","Adler17",0.691032673289595,50.09,-120.75,41.44,-110.11
"AAFC8","Adler17",0.719761812303085,49.57,-120.55,41.44,-110.11
"AAFC9","Adler17",0.662925395779019,49.62,-119.8,41.44,-110.11
"AAFC10","Adler17",0.663024480669042,49.71,-120.05,41.44,-110.11
"Adler5","Adler17",0.664587191706214,40.79,-111.87,41.44,-110.11
"Schupp2","Adler17",0.666873747832347,40.2,-112.46,41.44,-110.11
"Schupp1","Adler17",0.67383032364471,39.85,-112.15,41.44,-110.11
"Adler13","Adler17",0.68894138399382,41.44,-111.08,41.44,-110.11
"Adler16","Adler17",0.99954866217313,41.78,-110.2,41.44,-110.11
"Adler17","Adler17",1,41.44,-110.11,41.44,-110.11
"Adler18","Adler17",0.665794579760389,40.86,-114.22,41.44,-110.11
"Barnett1","Adler17",0.667026896961089,43.48,-110.74,41.44,-110.11
"Baughman3","Adler17",0.677522400711517,42.81,-118.96,41.44,-110.11
"Baughman2","Adler17",0.672576611336144,43.05,-118.87,41.44,-110.11
"Chynoweth1","Adler17",0.718394709672371,39.76604,-109.5635,41.44,-110.11
"Board1","Adler17",0.68049797759272,38.84,-117.57,41.44,-110.11
"Bradford1","Adler17",0.68003568721568,35.23,-111.62,41.44,-110.11
"Chambers1","Adler17",0.619627036196256,39.55,-119.58,41.44,-110.11
"Chambers2","Adler17",0.613643964855274,39.95,-118.76,41.44,-110.11
"Urza1","Adler17",0.613810049343146,40.35,-119.34,41.44,-110.11
"Chambers4","Adler17",0.613663233340454,41.31,-117.63,41.44,-110.11
"Chambers5","Adler17",0.609356161762243,41.54,-117.75,41.44,-110.11
"Chambers6","Adler17",0.609351860149016,41.54,-117.78,41.44,-110.11
"Chambers7","Adler17",0.699809492600738,43.94,-116.19,41.44,-110.11
"Chambers8","Adler17",0.658613847097447,42.24,-114.57,41.44,-110.11
"Chambers9","Adler17",0.71843290650379,40.66,-116.73,41.44,-110.11
"Copeland1","Adler17",0.718431367634016,43.7,-117.33,41.44,-110.11
"Copeland5","Adler17",0.658024183789394,42.27,-118.71,41.44,-110.11
"Copeland9","Adler17",0.999599066811596,43.47,-119.68,41.44,-110.11
"Downs1","Adler17",0.643370924239939,46.38145,-119.430272,41.44,-110.11
"Downs2","Adler17",0.657912674363255,46.25045,-119.53334,41.44,-110.11
"Downs3","Adler17",0.630553969093738,45.9663,-120.3671,41.44,-110.11
"Fleishman1","Adler17",0.737439969298872,38.47,-119.49,41.44,-110.11
"Fleishman5","Adler17",0.652595412781501,39.12,-117.27,41.44,-110.11
"Fleishman7","Adler17",0.672288124704903,39.17,-117.44,41.44,-110.11
"Getts1","Adler17",0.647926672582073,41.17,-120.5,41.44,-110.11
"Getts3","Adler17",0.683187613200082,40.43,-120.67,41.44,-110.11
"Holdrege1","Adler17",0.666796688322024,41.61,-111.57,41.44,-110.11
"Hufft1","Adler17",0.665646942932768,38.6701,-108.3286,41.44,-110.11
"Lavin1","Adler17",0.707366055677253,44.68,-109.07,41.44,-110.11
"Lavin2","Adler17",0.67773066230422,45.67,-111.03,41.44,-110.11
"Lee1","Adler17",0.613710608733751,36.82340833,-116.0163889,41.44,-110.11
"Lee2","Adler17",0.606201141565427,35.3984,-115.7845,41.44,-110.11
"Lee3","Adler17",0.613531799979894,36.5247,-115.8987,41.44,-110.11
"Lee4","Adler17",0.609242180303248,35.4564,-115.52,41.44,-110.11
"Leger1","Adler17",0.628243632380848,39.49,-119.84,41.44,-110.11
"Maron1","Adler17",0.698927501631118,46.68,-114.03,41.44,-110.11
"Maron2","Adler17",0.99965652969536,46.64,-113.23,41.44,-110.11
"Porensky30","Adler17",0.662213488629042,40.63,-105.27,41.44,-110.11
"Pyke3","Adler17",0.690364379486298,44.60456358,-120.1924183,41.44,-110.11
"Pyke8","Adler17",0.636601872106477,46.74830998,-119.361636,41.44,-110.11
"Pyke21","Adler17",0.70559756249807,47.61803776,-119.6830115,41.44,-110.11
"Pyle1","Adler17",0.739833564854079,42.35,-118.65,41.44,-110.11
"Pyle9","Adler17",0.999551683413356,43.42,-119.62,41.44,-110.11
"Pyle10","Adler17",0.652617374744642,43.19,-120,41.44,-110.11
"Pyle15","Adler17",0.678044643869067,43.8,-119,41.44,-110.11
"Pyle17","Adler17",0.660833035505147,44.36,-118.93,41.44,-110.11
"Pyle19","Adler17",0.676334636750513,44.57,-119.65,41.44,-110.11
"Reed1","Adler17",0.668126456135108,38.52,-109.47,41.44,-110.11
"Reed3","Adler17",0.706703187197624,38.75,-109.79,41.44,-110.11
"Schupp3","Adler17",0.670984126806727,38.6,-113.79,41.44,-110.11
"Schupp4","Adler17",0.718272549088835,38.52,-113.55,41.44,-110.11
"Schupp5","Adler17",0.725102567440082,39.11,-112.74,41.44,-110.11
"Symstad1","Adler17",0.68292041664563,44.59,-104.71,41.44,-110.11
"Symstad2","Adler17",0.655699496356904,43.87,-103.46,41.44,-110.11
"Symstad3","Adler17",0.730540383610903,43.62,-103.47,41.44,-110.11
"Urza2","Adler17",0.713413415434955,40.84,-119.56,41.44,-110.11
"Wilcox2","Adler17",0.643745963878599,41.31,-105.66,41.44,-110.11
"Chynoweth2","Adler17",0.652918776607746,40.29092,-109.68361,41.44,-110.11
"Chynoweth3","Adler17",0.644030713674086,39.83576,-109.61202,41.44,-110.11
"Chynoweth5","Adler17",0.666804450798315,40.480805,-109.438229,41.44,-110.11
"Chynoweth7","Adler17",0.718843773836633,40.533605,-109.523564,41.44,-110.11
"Chynoweth8","Adler17",0.652523948853553,40.640878,-109.48689,41.44,-110.11
"Shriver2","Adler17",0.667034087569071,48,-114.04,41.44,-110.11
"Davies03","Adler17",0.680244119691931,42.68,-118.68,41.44,-110.11
"GerminoBOP1","Adler17",0.713475302728404,43.4720833,-116.2338306,41.44,-110.11
"Mancillas01","Adler17",0.67964868797966,32.368,-106.56,41.44,-110.11
"Boise_High 2022","Adler17",0.770447048635919,NA,NA,41.44,-110.11
"Boise_Low 2022","Adler17",0.729289718455253,NA,NA,41.44,-110.11
"CG PASTURE 2022","Adler17",0.797455411484701,NA,NA,41.44,-110.11
"CaseAoyamaS1 2022","Adler17",0.776393950308418,NA,NA,41.44,-110.11
"CastValley 2021","Adler17",0.712150425170835,NA,NA,41.44,-110.11
"EOARC 2022","Adler17",0.777480998348555,NA,NA,41.44,-110.11
"EnsingS1 SuRDC 2022","Adler17",0.781008690661364,NA,NA,41.44,-110.11
"EnsingS2 Summerland-Princeton 2022","Adler17",0.769433240777347,NA,NA,41.44,-110.11
"EnsingS3 Bear Creek 2022","Adler17",0.753909794110986,NA,NA,41.44,-110.11
"EnsingS4 Lundbom 2022","Adler17",0.798757179365152,NA,NA,41.44,-110.11
"FAR NORTH CPER 2022","Adler17",0.790026174923837,NA,NA,41.44,-110.11
"FtK_Cottonwood_Coulee 2021","Adler17",0.804604906429257,NA,NA,41.44,-110.11
"FtK_Lone_Pine 2021","Adler17",0.803344576835797,NA,NA,41.44,-110.11
"GoeblS1 2024","Adler17",0.753341542652869,NA,NA,41.44,-110.11
"GreenCanyon 2021","Adler17",0.778840224221681,NA,NA,41.44,-110.11
"HPGRS AGCR 2022","Adler17",0.796775319231226,NA,NA,41.44,-110.11
"HardwareRanch 2022","Adler17",0.788904411931207,NA,NA,41.44,-110.11
"K1_vanDiepen 2022","Adler17",0.79032821959069,NA,NA,41.44,-110.11
"L1_vanDiepen 2022","Adler17",0.803378390430013,NA,NA,41.44,-110.11
"MPG_IR 2021","Adler17",0.786494711594921,NA,NA,41.44,-110.11
"MPG_SR 2021","Adler17",0.787444377349133,NA,NA,41.44,-110.11
"MPG_TH 2021","Adler17",0.786768516521176,NA,NA,41.44,-110.11
"NEAR 4WAY CPER 2022","Adler17",0.787997762047395,NA,NA,41.44,-110.11
"NEAR HQ CPER 2022","Adler17",0.789551653363302,NA,NA,41.44,-110.11
"NEAR NUTNET 2022","Adler17",0.789321868610683,NA,NA,41.44,-110.11
"OttS1 2022","Adler17",0.79544188788279,NA,NA,41.44,-110.11
"PMR- Brome 2021","Adler17",0.784950135439887,NA,NA,41.44,-110.11
"Pearlwise 2024","Adler17",0.766227654153768,NA,NA,41.44,-110.11
"Peavine 2022","Adler17",0.734141302749442,NA,NA,41.44,-110.11
"Plymouth 2022","Adler17",0.725082261478984,NA,NA,41.44,-110.11
"RedBluff 2023","Adler17",0.79471010552716,NA,NA,41.44,-110.11
"Rush_Valley 2022","Adler17",0.759125846794227,NA,NA,41.44,-110.11
"SSHQ 2022","Adler17",0.801755207241782,NA,NA,41.44,-110.11
"SSHigh 2022","Adler17",0.798246770495091,NA,NA,41.44,-110.11
"SouthEden 2022","Adler17",0.79949311128897,NA,NA,41.44,-110.11
"Symstad1 2021","Adler17",0.796124772835959,NA,NA,41.44,-110.11
"Symstad2 2022","Adler17",0.795887357641741,NA,NA,41.44,-110.11
"TB FIRE 2022","Adler17",0.799465641065311,NA,NA,41.44,-110.11
"TB LC Control 2022","Adler17",0.79924092643063,NA,NA,41.44,-110.11
"TB PRAIRIE DOG 2022","Adler17",0.799377587292135,NA,NA,41.44,-110.11
"Woodruff 2022","Adler17",0.80181067259179,NA,NA,41.44,-110.11
"dino 2024","Adler17",0.767627722411845,NA,NA,41.44,-110.11
"AAFC4","Adler18",0.664493189367455,50.08,-120.65,40.86,-114.22
"AAFC5","Adler18",0.689107084631714,50.09,-120.45,40.86,-114.22
"AAFC6","Adler18",0.658414523831391,50.09,-120.75,40.86,-114.22
"AAFC8","Adler18",0.673343473015706,49.57,-120.55,40.86,-114.22
"AAFC9","Adler18",0.680703486456597,49.62,-119.8,40.86,-114.22
"AAFC10","Adler18",0.680804342184022,49.71,-120.05,40.86,-114.22
"Adler5","Adler18",0.715045134800983,40.79,-111.87,40.86,-114.22
"Schupp2","Adler18",0.695996132044657,40.2,-112.46,40.86,-114.22
"Schupp1","Adler18",0.695269072521511,39.85,-112.15,40.86,-114.22
"Adler13","Adler18",0.662675485589374,41.44,-111.08,40.86,-114.22
"Adler16","Adler18",0.665639068705436,41.78,-110.2,40.86,-114.22
"Adler17","Adler18",0.665794579760389,41.44,-110.11,40.86,-114.22
"Adler18","Adler18",1,40.86,-114.22,40.86,-114.22
"Barnett1","Adler18",0.765873175562966,43.48,-110.74,40.86,-114.22
"Baughman3","Adler18",0.672283074097336,42.81,-118.96,40.86,-114.22
"Baughman2","Adler18",0.686739825687556,43.05,-118.87,40.86,-114.22
"Chynoweth1","Adler18",0.672041492249041,39.76604,-109.5635,40.86,-114.22
"Board1","Adler18",0.662986207019898,38.84,-117.57,40.86,-114.22
"Bradford1","Adler18",0.662472245773011,35.23,-111.62,40.86,-114.22
"Chambers1","Adler18",0.631124460504616,39.55,-119.58,40.86,-114.22
"Chambers2","Adler18",0.624800656482076,39.95,-118.76,40.86,-114.22
"Urza1","Adler18",0.624964801295665,40.35,-119.34,40.86,-114.22
"Chambers4","Adler18",0.624831830846221,41.31,-117.63,40.86,-114.22
"Chambers5","Adler18",0.620157842262045,41.54,-117.75,40.86,-114.22
"Chambers6","Adler18",0.620107551703228,41.54,-117.78,40.86,-114.22
"Chambers7","Adler18",0.669150734621678,43.94,-116.19,40.86,-114.22
"Chambers8","Adler18",0.777569768656001,42.24,-114.57,40.86,-114.22
"Chambers9","Adler18",0.672078631533832,40.66,-116.73,40.86,-114.22
"Copeland1","Adler18",0.672047270897594,43.7,-117.33,40.86,-114.22
"Copeland5","Adler18",0.7233977272914,42.27,-118.71,40.86,-114.22
"Copeland9","Adler18",0.665829039833455,43.47,-119.68,40.86,-114.22
"Downs1","Adler18",0.668523037669368,46.38145,-119.430272,40.86,-114.22
"Downs2","Adler18",0.704714196823955,46.25045,-119.53334,40.86,-114.22
"Downs3","Adler18",0.625274214883149,45.9663,-120.3671,40.86,-114.22
"Fleishman1","Adler18",0.67476507756209,38.47,-119.49,40.86,-114.22
"Fleishman5","Adler18",0.743017006394654,39.12,-117.27,40.86,-114.22
"Fleishman7","Adler18",0.680688837528358,39.17,-117.44,40.86,-114.22
"Getts1","Adler18",0.645505733911598,41.17,-120.5,40.86,-114.22
"Getts3","Adler18",0.730900396807859,40.43,-120.67,40.86,-114.22
"Holdrege1","Adler18",0.765686494573779,41.61,-111.57,40.86,-114.22
"Hufft1","Adler18",0.653324899522696,38.6701,-108.3286,40.86,-114.22
"Lavin1","Adler18",0.667678952835235,44.68,-109.07,40.86,-114.22
"Lavin2","Adler18",0.666466182463458,45.67,-111.03,40.86,-114.22
"Lee1","Adler18",0.624835209166416,36.82340833,-116.0163889,40.86,-114.22
"Lee2","Adler18",0.616459639631569,35.3984,-115.7845,40.86,-114.22
"Lee3","Adler18",0.624740814670432,36.5247,-115.8987,40.86,-114.22
"Lee4","Adler18",0.623606287117297,35.4564,-115.52,40.86,-114.22
"Leger1","Adler18",0.664187813575377,39.49,-119.84,40.86,-114.22
"Maron1","Adler18",0.665127509985344,46.68,-114.03,40.86,-114.22
"Maron2","Adler18",0.665550671248892,46.64,-113.23,40.86,-114.22
"Porensky30","Adler18",0.665515005522293,40.63,-105.27,40.86,-114.22
"Pyke3","Adler18",0.724636960798522,44.60456358,-120.1924183,40.86,-114.22
"Pyke8","Adler18",0.640858237499701,46.74830998,-119.361636,40.86,-114.22
"Pyke21","Adler18",0.717133988008987,47.61803776,-119.6830115,40.86,-114.22
"Pyle1","Adler18",0.818568505995254,42.35,-118.65,40.86,-114.22
"Pyle9","Adler18",0.665553815569418,43.42,-119.62,40.86,-114.22
"Pyle10","Adler18",0.743070861294887,43.19,-120,40.86,-114.22
"Pyle15","Adler18",0.698894181394195,43.8,-119,40.86,-114.22
"Pyle17","Adler18",0.671354934532636,44.36,-118.93,40.86,-114.22
"Pyle19","Adler18",0.643756926212333,44.57,-119.65,40.86,-114.22
"Reed1","Adler18",0.689781175296051,38.52,-109.47,40.86,-114.22
"Reed3","Adler18",0.65258081427436,38.75,-109.79,40.86,-114.22
"Schupp3","Adler18",0.67313685908332,38.6,-113.79,40.86,-114.22
"Schupp4","Adler18",0.671919382436218,38.52,-113.55,40.86,-114.22
"Schupp5","Adler18",0.673305004139604,39.11,-112.74,40.86,-114.22
"Symstad1","Adler18",0.66396689012642,44.59,-104.71,40.86,-114.22
"Symstad2","Adler18",0.663106765395237,43.87,-103.46,40.86,-114.22
"Symstad3","Adler18",0.691425684369496,43.62,-103.47,40.86,-114.22
"Urza2","Adler18",0.721425651531381,40.84,-119.56,40.86,-114.22
"Wilcox2","Adler18",0.650284102698321,41.31,-105.66,40.86,-114.22
"Chynoweth2","Adler18",0.743247953031823,40.29092,-109.68361,40.86,-114.22
"Chynoweth3","Adler18",0.650521347084955,39.83576,-109.61202,40.86,-114.22
"Chynoweth5","Adler18",0.7529192429646,40.480805,-109.438229,40.86,-114.22
"Chynoweth7","Adler18",0.672406086149011,40.533605,-109.523564,40.86,-114.22
"Chynoweth8","Adler18",0.742992295795638,40.640878,-109.48689,40.86,-114.22
"Shriver2","Adler18",0.765864802209661,48,-114.04,40.86,-114.22
"Davies03","Adler18",0.662728044402906,42.68,-118.68,40.86,-114.22
"GerminoBOP1","Adler18",0.668252919062426,43.4720833,-116.2338306,40.86,-114.22
"Mancillas01","Adler18",0.649114143378132,32.368,-106.56,40.86,-114.22
"Boise_High 2022","Adler18",0.778367372900615,NA,NA,40.86,-114.22
"Boise_Low 2022","Adler18",0.758866771659245,NA,NA,40.86,-114.22
"CG PASTURE 2022","Adler18",0.781738603637083,NA,NA,40.86,-114.22
"CaseAoyamaS1 2022","Adler18",0.782131416983469,NA,NA,40.86,-114.22
"CastValley 2021","Adler18",0.755486288129879,NA,NA,40.86,-114.22
"EOARC 2022","Adler18",0.78231500040156,NA,NA,40.86,-114.22
"EnsingS1 SuRDC 2022","Adler18",0.789294850158817,NA,NA,40.86,-114.22
"EnsingS2 Summerland-Princeton 2022","Adler18",0.775413997814442,NA,NA,40.86,-114.22
"EnsingS3 Bear Creek 2022","Adler18",0.773871819804035,NA,NA,40.86,-114.22
"EnsingS4 Lundbom 2022","Adler18",0.773385132062714,NA,NA,40.86,-114.22
"FAR NORTH CPER 2022","Adler18",0.782745087093223,NA,NA,40.86,-114.22
"FtK_Cottonwood_Coulee 2021","Adler18",0.787311417376671,NA,NA,40.86,-114.22
"FtK_Lone_Pine 2021","Adler18",0.787038181089725,NA,NA,40.86,-114.22
"GoeblS1 2024","Adler18",0.769914968917824,NA,NA,40.86,-114.22
"GreenCanyon 2021","Adler18",0.791572955034441,NA,NA,40.86,-114.22
"HPGRS AGCR 2022","Adler18",0.781902942885678,NA,NA,40.86,-114.22
"HardwareRanch 2022","Adler18",0.788104161731254,NA,NA,40.86,-114.22
"K1_vanDiepen 2022","Adler18",0.773224382057645,NA,NA,40.86,-114.22
"L1_vanDiepen 2022","Adler18",0.785028247922506,NA,NA,40.86,-114.22
"MPG_IR 2021","Adler18",0.783284822756569,NA,NA,40.86,-114.22
"MPG_SR 2021","Adler18",0.784377225606173,NA,NA,40.86,-114.22
"MPG_TH 2021","Adler18",0.783892735198134,NA,NA,40.86,-114.22
"NEAR 4WAY CPER 2022","Adler18",0.782395273820576,NA,NA,40.86,-114.22
"NEAR HQ CPER 2022","Adler18",0.78247420404058,NA,NA,40.86,-114.22
"NEAR NUTNET 2022","Adler18",0.782497609070628,NA,NA,40.86,-114.22
"OttS1 2022","Adler18",0.784830856210504,NA,NA,40.86,-114.22
"PMR- Brome 2021","Adler18",0.776860318919258,NA,NA,40.86,-114.22
"Pearlwise 2024","Adler18",0.781228169870681,NA,NA,40.86,-114.22
"Peavine 2022","Adler18",0.756485650540771,NA,NA,40.86,-114.22
"Plymouth 2022","Adler18",0.749797400061087,NA,NA,40.86,-114.22
"RedBluff 2023","Adler18",0.781235939155625,NA,NA,40.86,-114.22
"Rush_Valley 2022","Adler18",0.784598010974812,NA,NA,40.86,-114.22
"SSHQ 2022","Adler18",0.790409863635371,NA,NA,40.86,-114.22
"SSHigh 2022","Adler18",0.78289952649192,NA,NA,40.86,-114.22
"SouthEden 2022","Adler18",0.787817316292578,NA,NA,40.86,-114.22
"Symstad1 2021","Adler18",0.781723373316918,NA,NA,40.86,-114.22
"Symstad2 2022","Adler18",0.782111390061095,NA,NA,40.86,-114.22
"TB FIRE 2022","Adler18",0.786862698123704,NA,NA,40.86,-114.22
"TB LC Control 2022","Adler18",0.786841666939522,NA,NA,40.86,-114.22
"TB PRAIRIE DOG 2022","Adler18",0.786853932866016,NA,NA,40.86,-114.22
"Woodruff 2022","Adler18",0.790275430906324,NA,NA,40.86,-114.22
"dino 2024","Adler18",0.784344481371687,NA,NA,40.86,-114.22
"AAFC4","Barnett1",0.669949967876272,50.08,-120.65,43.48,-110.74
"AAFC5","Barnett1",0.704394390822388,50.09,-120.45,43.48,-110.74
"AAFC6","Barnett1",0.649864284851151,50.09,-120.75,43.48,-110.74
"AAFC8","Barnett1",0.696323590573441,49.57,-120.55,43.48,-110.74
"AAFC9","Barnett1",0.701548481025676,49.62,-119.8,43.48,-110.74
"AAFC10","Barnett1",0.70164329982817,49.71,-120.05,43.48,-110.74
"Adler5","Barnett1",0.791335458597448,40.79,-111.87,43.48,-110.74
"Schupp2","Barnett1",0.647417872457167,40.2,-112.46,43.48,-110.74
"Schupp1","Barnett1",0.650470144259977,39.85,-112.15,43.48,-110.74
"Adler13","Barnett1",0.647912897753342,41.44,-111.08,43.48,-110.74
"Adler16","Barnett1",0.666845138386778,41.78,-110.2,43.48,-110.74
"Adler17","Barnett1",0.667026896961089,41.44,-110.11,43.48,-110.74
"Adler18","Barnett1",0.765873175562966,40.86,-114.22,43.48,-110.74
"Barnett1","Barnett1",0.999999999999997,43.48,-110.74,43.48,-110.74
"Baughman3","Barnett1",0.698184546775531,42.81,-118.96,43.48,-110.74
"Baughman2","Barnett1",0.666692968796885,43.05,-118.87,43.48,-110.74
"Chynoweth1","Barnett1",0.665559241775313,39.76604,-109.5635,43.48,-110.74
"Board1","Barnett1",0.70060263290608,38.84,-117.57,43.48,-110.74
"Bradford1","Barnett1",0.700115747762441,35.23,-111.62,43.48,-110.74
"Chambers1","Barnett1",0.623917424037234,39.55,-119.58,43.48,-110.74
"Chambers2","Barnett1",0.617920334694639,39.95,-118.76,43.48,-110.74
"Urza1","Barnett1",0.618037200608371,40.35,-119.34,43.48,-110.74
"Chambers4","Barnett1",0.617854394780244,41.31,-117.63,43.48,-110.74
"Chambers5","Barnett1",0.613609633276243,41.54,-117.75,43.48,-110.74
"Chambers6","Barnett1",0.613555643883601,41.54,-117.78,43.48,-110.74
"Chambers7","Barnett1",0.67582439313376,43.94,-116.19,43.48,-110.74
"Chambers8","Barnett1",0.741063717106105,42.24,-114.57,43.48,-110.74
"Chambers9","Barnett1",0.665583852538068,40.66,-116.73,43.48,-110.74
"Copeland1","Barnett1",0.665605234645114,43.7,-117.33,43.48,-110.74
"Copeland5","Barnett1",0.863923242693069,42.27,-118.71,43.48,-110.74
"Copeland9","Barnett1",0.667137627037265,43.47,-119.68,43.48,-110.74
"Downs1","Barnett1",0.657508485003096,46.38145,-119.430272,43.48,-110.74
"Downs2","Barnett1",0.694037598070539,46.25045,-119.53334,43.48,-110.74
"Downs3","Barnett1",0.637118508868746,45.9663,-120.3671,43.48,-110.74
"Fleishman1","Barnett1",0.684995520110277,38.47,-119.49,43.48,-110.74
"Fleishman5","Barnett1",0.629533335508248,39.12,-117.27,43.48,-110.74
"Fleishman7","Barnett1",0.734941724484892,39.17,-117.44,43.48,-110.74
"Getts1","Barnett1",0.652844815732704,41.17,-120.5,43.48,-110.74
"Getts3","Barnett1",0.838852934985547,40.43,-120.67,43.48,-110.74
"Holdrege1","Barnett1",0.999518892736903,41.61,-111.57,43.48,-110.74
"Hufft1","Barnett1",0.632078435893582,38.6701,-108.3286,43.48,-110.74
"Lavin1","Barnett1",0.664525176244595,44.68,-109.07,43.48,-110.74
"Lavin2","Barnett1",0.679988637141003,45.67,-111.03,43.48,-110.74
"Lee1","Barnett1",0.617917362930992,36.82340833,-116.0163889,43.48,-110.74
"Lee2","Barnett1",0.609656116589137,35.3984,-115.7845,43.48,-110.74
"Lee3","Barnett1",0.61786710729812,36.5247,-115.8987,43.48,-110.74
"Lee4","Barnett1",0.614722541167177,35.4564,-115.52,43.48,-110.74
"Leger1","Barnett1",0.665923748078931,39.49,-119.84,43.48,-110.74
"Maron1","Barnett1",0.671726294990732,46.68,-114.03,43.48,-110.74
"Maron2","Barnett1",0.666851300826146,46.64,-113.23,43.48,-110.74
"Porensky30","Barnett1",0.671790514364096,40.63,-105.27,43.48,-110.74
"Pyke3","Barnett1",0.786230320774061,44.60456358,-120.1924183,43.48,-110.74
"Pyke8","Barnett1",0.62092992196925,46.74830998,-119.361636,43.48,-110.74
"Pyke21","Barnett1",0.755659010435137,47.61803776,-119.6830115,43.48,-110.74
"Pyle1","Barnett1",0.776057622817857,42.35,-118.65,43.48,-110.74
"Pyle9","Barnett1",0.666833292083341,43.42,-119.62,43.48,-110.74
"Pyle10","Barnett1",0.629653411852061,43.19,-120,43.48,-110.74
"Pyle15","Barnett1",0.759911639171527,43.8,-119,43.48,-110.74
"Pyle17","Barnett1",0.699773708797922,44.36,-118.93,43.48,-110.74
"Pyle19","Barnett1",0.633005103903804,44.57,-119.65,43.48,-110.74
"Reed1","Barnett1",0.670299245569476,38.52,-109.47,43.48,-110.74
"Reed3","Barnett1",0.643677205221418,38.75,-109.79,43.48,-110.74
"Schupp3","Barnett1",0.641079503348012,38.6,-113.79,43.48,-110.74
"Schupp4","Barnett1",0.665461287716758,38.52,-113.55,43.48,-110.74
"Schupp5","Barnett1",0.667311698450287,39.11,-112.74,43.48,-110.74
"Symstad1","Barnett1",0.661277443008827,44.59,-104.71,43.48,-110.74
"Symstad2","Barnett1",0.645440907175654,43.87,-103.46,43.48,-110.74
"Symstad3","Barnett1",0.681296255391367,43.62,-103.47,43.48,-110.74
"Urza2","Barnett1",0.776188427552737,40.84,-119.56,43.48,-110.74
"Wilcox2","Barnett1",0.623986322150706,41.31,-105.66,43.48,-110.74
"Chynoweth2","Barnett1",0.629835889409456,40.29092,-109.68361,43.48,-110.74
"Chynoweth3","Barnett1",0.624246656364625,39.83576,-109.61202,43.48,-110.74
"Chynoweth5","Barnett1",0.642414739227294,40.480805,-109.438229,43.48,-110.74
"Chynoweth7","Barnett1",0.665926271049744,40.533605,-109.523564,43.48,-110.74
"Chynoweth8","Barnett1",0.629501992428934,40.640878,-109.48689,43.48,-110.74
"Shriver2","Barnett1",0.999636738783503,48,-114.04,43.48,-110.74
"Davies03","Barnett1",0.700375524998125,42.68,-118.68,43.48,-110.74
"GerminoBOP1","Barnett1",0.659684246436877,43.4720833,-116.2338306,43.48,-110.74
"Mancillas01","Barnett1",0.639194905988314,32.368,-106.56,43.48,-110.74
"Boise_High 2022","Barnett1",0.808821017112472,NA,NA,43.48,-110.74
"Boise_Low 2022","Barnett1",0.758849669941944,NA,NA,43.48,-110.74
"CG PASTURE 2022","Barnett1",0.786404621798138,NA,NA,43.48,-110.74
"CaseAoyamaS1 2022","Barnett1",0.79906512940525,NA,NA,43.48,-110.74
"CastValley 2021","Barnett1",0.722548224080283,NA,NA,43.48,-110.74
"EOARC 2022","Barnett1",0.801256803040735,NA,NA,43.48,-110.74
"EnsingS1 SuRDC 2022","Barnett1",0.799320600749472,NA,NA,43.48,-110.74
"EnsingS2 Summerland-Princeton 2022","Barnett1",0.820723419100797,NA,NA,43.48,-110.74
"EnsingS3 Bear Creek 2022","Barnett1",0.805035762517708,NA,NA,43.48,-110.74
"EnsingS4 Lundbom 2022","Barnett1",0.817176583623785,NA,NA,43.48,-110.74
"FAR NORTH CPER 2022","Barnett1",0.774338100434361,NA,NA,43.48,-110.74
"FtK_Cottonwood_Coulee 2021","Barnett1",0.775710048917074,NA,NA,43.48,-110.74
"FtK_Lone_Pine 2021","Barnett1",0.773402278889253,NA,NA,43.48,-110.74
"GoeblS1 2024","Barnett1",0.77196100128486,NA,NA,43.48,-110.74
"GreenCanyon 2021","Barnett1",0.79956553673062,NA,NA,43.48,-110.74
"HPGRS AGCR 2022","Barnett1",0.785405856171219,NA,NA,43.48,-110.74
"HardwareRanch 2022","Barnett1",0.807283024442361,NA,NA,43.48,-110.74
"K1_vanDiepen 2022","Barnett1",0.80147199423234,NA,NA,43.48,-110.74
"L1_vanDiepen 2022","Barnett1",0.791477085782206,NA,NA,43.48,-110.74
"MPG_IR 2021","Barnett1",0.801174454199712,NA,NA,43.48,-110.74
"MPG_SR 2021","Barnett1",0.800405587279136,NA,NA,43.48,-110.74
"MPG_TH 2021","Barnett1",0.800776336125918,NA,NA,43.48,-110.74
"NEAR 4WAY CPER 2022","Barnett1",0.77215023091398,NA,NA,43.48,-110.74
"NEAR HQ CPER 2022","Barnett1",0.775007118090133,NA,NA,43.48,-110.74
"NEAR NUTNET 2022","Barnett1",0.773636755153422,NA,NA,43.48,-110.74
"OttS1 2022","Barnett1",0.785032921931133,NA,NA,43.48,-110.74
"PMR- Brome 2021","Barnett1",0.796611575067428,NA,NA,43.48,-110.74
"Pearlwise 2024","Barnett1",0.791993016223883,NA,NA,43.48,-110.74
"Peavine 2022","Barnett1",0.783870407083866,NA,NA,43.48,-110.74
"Plymouth 2022","Barnett1",0.762480711298398,NA,NA,43.48,-110.74
"RedBluff 2023","Barnett1",0.797770450344399,NA,NA,43.48,-110.74
"Rush_Valley 2022","Barnett1",0.782083251487466,NA,NA,43.48,-110.74
"SSHQ 2022","Barnett1",0.788904536683376,NA,NA,43.48,-110.74
"SSHigh 2022","Barnett1",0.796375823841722,NA,NA,43.48,-110.74
"SouthEden 2022","Barnett1",0.804278592656844,NA,NA,43.48,-110.74
"Symstad1 2021","Barnett1",0.778144194907618,NA,NA,43.48,-110.74
"Symstad2 2022","Barnett1",0.777156591517927,NA,NA,43.48,-110.74
"TB FIRE 2022","Barnett1",0.779875703330918,NA,NA,43.48,-110.74
"TB LC Control 2022","Barnett1",0.779225958275143,NA,NA,43.48,-110.74
"TB PRAIRIE DOG 2022","Barnett1",0.779437725781086,NA,NA,43.48,-110.74
"Woodruff 2022","Barnett1",0.797563458555102,NA,NA,43.48,-110.74
"dino 2024","Barnett1",0.754315976703916,NA,NA,43.48,-110.74
"AAFC4","Baughman3",0.717558372975789,50.08,-120.65,42.81,-118.96
"AAFC5","Baughman3",0.783805652988699,50.09,-120.45,42.81,-118.96
"AAFC6","Baughman3",0.680662349215225,50.09,-120.75,42.81,-118.96
"AAFC8","Baughman3",0.723153035828704,49.57,-120.55,42.81,-118.96
"AAFC9","Baughman3",0.770609025023993,49.62,-119.8,42.81,-118.96
"AAFC10","Baughman3",0.770623798422583,49.71,-120.05,42.81,-118.96
"Adler5","Baughman3",0.714856329404419,40.79,-111.87,42.81,-118.96
"Schupp2","Baughman3",0.714440378304359,40.2,-112.46,42.81,-118.96
"Schupp1","Baughman3",0.66131874209829,39.85,-112.15,42.81,-118.96
"Adler13","Baughman3",0.673609584754283,41.44,-111.08,42.81,-118.96
"Adler16","Baughman3",0.677306147367097,41.78,-110.2,42.81,-118.96
"Adler17","Baughman3",0.677522400711517,41.44,-110.11,42.81,-118.96
"Adler18","Baughman3",0.672283074097336,40.86,-114.22,42.81,-118.96
"Barnett1","Baughman3",0.698184546775531,43.48,-110.74,42.81,-118.96
"Baughman3","Baughman3",1,42.81,-118.96,42.81,-118.96
"Baughman2","Baughman3",0.680310204327307,43.05,-118.87,42.81,-118.96
"Chynoweth1","Baughman3",0.672318389348667,39.76604,-109.5635,42.81,-118.96
"Board1","Baughman3",0.689862054397614,38.84,-117.57,42.81,-118.96
"Bradford1","Baughman3",0.689450934933481,35.23,-111.62,42.81,-118.96
"Chambers1","Baughman3",0.637362904289954,39.55,-119.58,42.81,-118.96
"Chambers2","Baughman3",0.630792626839334,39.95,-118.76,42.81,-118.96
"Urza1","Baughman3",0.630901099560286,40.35,-119.34,42.81,-118.96
"Chambers4","Baughman3",0.630708757850087,41.31,-117.63,42.81,-118.96
"Chambers5","Baughman3",0.626355967118334,41.54,-117.75,42.81,-118.96
"Chambers6","Baughman3",0.626283950317508,41.54,-117.78,42.81,-118.96
"Chambers7","Baughman3",0.697368373337984,43.94,-116.19,42.81,-118.96
"Chambers8","Baughman3",0.674218544270258,42.24,-114.57,42.81,-118.96
"Chambers9","Baughman3",0.672352200067714,40.66,-116.73,42.81,-118.96
"Copeland1","Baughman3",0.672431169798488,43.7,-117.33,42.81,-118.96
"Copeland5","Baughman3",0.720308138315355,42.27,-118.71,42.81,-118.96
"Copeland9","Baughman3",0.677519641810273,43.47,-119.68,42.81,-118.96
"Downs1","Baughman3",0.650951555127626,46.38145,-119.430272,42.81,-118.96
"Downs2","Baughman3",0.690786866199985,46.25045,-119.53334,42.81,-118.96
"Downs3","Baughman3",0.650513864323517,45.9663,-120.3671,42.81,-118.96
"Fleishman1","Baughman3",0.70905571724748,38.47,-119.49,42.81,-118.96
"Fleishman5","Baughman3",0.653919469824847,39.12,-117.27,42.81,-118.96
"Fleishman7","Baughman3",0.703379612294102,39.17,-117.44,42.81,-118.96
"Getts1","Baughman3",0.653988961602011,41.17,-120.5,42.81,-118.96
"Getts3","Baughman3",0.714330191677497,40.43,-120.67,42.81,-118.96
"Holdrege1","Baughman3",0.697900980283551,41.61,-111.57,42.81,-118.96
"Hufft1","Baughman3",0.656743891897546,38.6701,-108.3286,42.81,-118.96
"Lavin1","Baughman3",0.676302878186284,44.68,-109.07,42.81,-118.96
"Lavin2","Baughman3",0.754814618833082,45.67,-111.03,42.81,-118.96
"Lee1","Baughman3",0.630818546540645,36.82340833,-116.0163889,42.81,-118.96
"Lee2","Baughman3",0.623064990988354,35.3984,-115.7845,42.81,-118.96
"Lee3","Baughman3",0.630679305786091,36.5247,-115.8987,42.81,-118.96
"Lee4","Baughman3",0.627341318492893,35.4564,-115.52,42.81,-118.96
"Leger1","Baughman3",0.639287232707666,39.49,-119.84,42.81,-118.96
"Maron1","Baughman3",0.673411316905267,46.68,-114.03,42.81,-118.96
"Maron2","Baughman3",0.677312797689976,46.64,-113.23,42.81,-118.96
"Porensky30","Baughman3",0.719922727547165,40.63,-105.27,42.81,-118.96
"Pyke3","Baughman3",0.714748718390867,44.60456358,-120.1924183,42.81,-118.96
"Pyke8","Baughman3",0.628858036596077,46.74830998,-119.361636,42.81,-118.96
"Pyke21","Baughman3",0.691112129116316,47.61803776,-119.6830115,42.81,-118.96
"Pyle1","Baughman3",0.728400451601164,42.35,-118.65,42.81,-118.96
"Pyle9","Baughman3",0.677276719202171,43.42,-119.62,42.81,-118.96
"Pyle10","Baughman3",0.654033112147777,43.19,-120,42.81,-118.96
"Pyle15","Baughman3",0.715140219787915,43.8,-119,42.81,-118.96
"Pyle17","Baughman3",0.735930689726836,44.36,-118.93,42.81,-118.96
"Pyle19","Baughman3",0.657529040264591,44.57,-119.65,42.81,-118.96
"Reed1","Baughman3",0.663075632025845,38.52,-109.47,42.81,-118.96
"Reed3","Baughman3",0.656620228873286,38.75,-109.79,42.81,-118.96
"Schupp3","Baughman3",0.663246691456988,38.6,-113.79,42.81,-118.96
"Schupp4","Baughman3",0.672246431214594,38.52,-113.55,42.81,-118.96
"Schupp5","Baughman3",0.676245525035382,39.11,-112.74,42.81,-118.96
"Symstad1","Baughman3",0.670750150849077,44.59,-104.71,42.81,-118.96
"Symstad2","Baughman3",0.654773909057535,43.87,-103.46,42.81,-118.96
"Symstad3","Baughman3",0.693831698369869,43.62,-103.47,42.81,-118.96
"Urza2","Baughman3",0.702615071247369,40.84,-119.56,42.81,-118.96
"Wilcox2","Baughman3",0.633058289066718,41.31,-105.66,42.81,-118.96
"Chynoweth2","Baughman3",0.654252415076177,40.29092,-109.68361,42.81,-118.96
"Chynoweth3","Baughman3",0.633331535196795,39.83576,-109.61202,42.81,-118.96
"Chynoweth5","Baughman3",0.679196611333733,40.480805,-109.438229,42.81,-118.96
"Chynoweth7","Baughman3",0.672718145601041,40.533605,-109.523564,42.81,-118.96
"Chynoweth8","Baughman3",0.653901254162458,40.640878,-109.48689,42.81,-118.96
"Shriver2","Baughman3",0.698127824243188,48,-114.04,42.81,-118.96
"Davies03","Baughman3",0.689709819205672,42.68,-118.68,42.81,-118.96
"GerminoBOP1","Baughman3",0.68669950821347,43.4720833,-116.2338306,42.81,-118.96
"Mancillas01","Baughman3",0.654761696490062,32.368,-106.56,42.81,-118.96
"Boise_High 2022","Baughman3",0.788375265929162,NA,NA,42.81,-118.96
"Boise_Low 2022","Baughman3",0.750421599510117,NA,NA,42.81,-118.96
"CG PASTURE 2022","Baughman3",0.789821501641177,NA,NA,42.81,-118.96
"CaseAoyamaS1 2022","Baughman3",0.785420107747171,NA,NA,42.81,-118.96
"CastValley 2021","Baughman3",0.724594625334334,NA,NA,42.81,-118.96
"EOARC 2022","Baughman3",0.786747319914883,NA,NA,42.81,-118.96
"EnsingS1 SuRDC 2022","Baughman3",0.791764173391379,NA,NA,42.81,-118.96
"EnsingS2 Summerland-Princeton 2022","Baughman3",0.797777331391651,NA,NA,42.81,-118.96
"EnsingS3 Bear Creek 2022","Baughman3",0.786816540478783,NA,NA,42.81,-118.96
"EnsingS4 Lundbom 2022","Baughman3",0.79807255535008,NA,NA,42.81,-118.96
"FAR NORTH CPER 2022","Baughman3",0.782082795443656,NA,NA,42.81,-118.96
"FtK_Cottonwood_Coulee 2021","Baughman3",0.784819479846667,NA,NA,42.81,-118.96
"FtK_Lone_Pine 2021","Baughman3",0.783065812442476,NA,NA,42.81,-118.96
"GoeblS1 2024","Baughman3",0.771479635846033,NA,NA,42.81,-118.96
"GreenCanyon 2021","Baughman3",0.785623749877804,NA,NA,42.81,-118.96
"HPGRS AGCR 2022","Baughman3",0.789416123278749,NA,NA,42.81,-118.96
"HardwareRanch 2022","Baughman3",0.789869251037837,NA,NA,42.81,-118.96
"K1_vanDiepen 2022","Baughman3",0.782125734421975,NA,NA,42.81,-118.96
"L1_vanDiepen 2022","Baughman3",0.788644111818074,NA,NA,42.81,-118.96
"MPG_IR 2021","Baughman3",0.787132643920188,NA,NA,42.81,-118.96
"MPG_SR 2021","Baughman3",0.787250809195339,NA,NA,42.81,-118.96
"MPG_TH 2021","Baughman3",0.787175890842834,NA,NA,42.81,-118.96
"NEAR 4WAY CPER 2022","Baughman3",0.780399442182357,NA,NA,42.81,-118.96
"NEAR HQ CPER 2022","Baughman3",0.782470447262804,NA,NA,42.81,-118.96
"NEAR NUTNET 2022","Baughman3",0.781621503338922,NA,NA,42.81,-118.96
"OttS1 2022","Baughman3",0.790463733559312,NA,NA,42.81,-118.96
"PMR- Brome 2021","Baughman3",0.7925150103218,NA,NA,42.81,-118.96
"Pearlwise 2024","Baughman3",0.779864486804426,NA,NA,42.81,-118.96
"Peavine 2022","Baughman3",0.764339550544771,NA,NA,42.81,-118.96
"Plymouth 2022","Baughman3",0.750571454272081,NA,NA,42.81,-118.96
"RedBluff 2023","Baughman3",0.79450434963597,NA,NA,42.81,-118.96
"Rush_Valley 2022","Baughman3",0.771978497655836,NA,NA,42.81,-118.96
"SSHQ 2022","Baughman3",0.781829440415307,NA,NA,42.81,-118.96
"SSHigh 2022","Baughman3",0.783330686119425,NA,NA,42.81,-118.96
"SouthEden 2022","Baughman3",0.788949195307724,NA,NA,42.81,-118.96
"Symstad1 2021","Baughman3",0.785427978061534,NA,NA,42.81,-118.96
"Symstad2 2022","Baughman3",0.784804882065819,NA,NA,42.81,-118.96
"TB FIRE 2022","Baughman3",0.785984656694491,NA,NA,42.81,-118.96
"TB LC Control 2022","Baughman3",0.785501425839592,NA,NA,42.81,-118.96
"TB PRAIRIE DOG 2022","Baughman3",0.785669854490343,NA,NA,42.81,-118.96
"Woodruff 2022","Baughman3",0.786151417893689,NA,NA,42.81,-118.96
"dino 2024","Baughman3",0.755022409753764,NA,NA,42.81,-118.96
"AAFC4","Baughman2",0.672097225644794,50.08,-120.65,43.05,-118.87
"AAFC5","Baughman2",0.679048980761178,50.09,-120.45,43.05,-118.87
"AAFC6","Baughman2",0.679015156535501,50.09,-120.75,43.05,-118.87
"AAFC8","Baughman2",0.685976637406556,49.57,-120.55,43.05,-118.87
"AAFC9","Baughman2",0.670770044244181,49.62,-119.8,43.05,-118.87
"AAFC10","Baughman2",0.670851681425814,49.71,-120.05,43.05,-118.87
"Adler5","Baughman2",0.69196439592254,40.79,-111.87,43.05,-118.87
"Schupp2","Baughman2",0.685984731067558,40.2,-112.46,43.05,-118.87
"Schupp1","Baughman2",0.690292802483557,39.85,-112.15,43.05,-118.87
"Adler13","Baughman2",0.733710912412466,41.44,-111.08,43.05,-118.87
"Adler16","Baughman2",0.672474311284278,41.78,-110.2,43.05,-118.87
"Adler17","Baughman2",0.672576611336144,41.44,-110.11,43.05,-118.87
"Adler18","Baughman2",0.686739825687556,40.86,-114.22,43.05,-118.87
"Barnett1","Baughman2",0.666692968796885,43.48,-110.74,43.05,-118.87
"Baughman3","Baughman2",0.680310204327307,42.81,-118.96,43.05,-118.87
"Baughman2","Baughman2",1,43.05,-118.87,43.05,-118.87
"Chynoweth1","Baughman2",0.68540422918715,39.76604,-109.5635,43.05,-118.87
"Board1","Baughman2",0.664679061546424,38.84,-117.57,43.05,-118.87
"Bradford1","Baughman2",0.664275782540907,35.23,-111.62,43.05,-118.87
"Chambers1","Baughman2",0.65075493508548,39.55,-119.58,43.05,-118.87
"Chambers2","Baughman2",0.643128395779711,39.95,-118.76,43.05,-118.87
"Urza1","Baughman2",0.643265683825974,40.35,-119.34,43.05,-118.87
"Chambers4","Baughman2",0.643172037922034,41.31,-117.63,43.05,-118.87
"Chambers5","Baughman2",0.638557823114641,41.54,-117.75,43.05,-118.87
"Chambers6","Baughman2",0.638530076282625,41.54,-117.78,43.05,-118.87
"Chambers7","Baughman2",0.703900539363408,43.94,-116.19,43.05,-118.87
"Chambers8","Baughman2",0.684049368472289,42.24,-114.57,43.05,-118.87
"Chambers9","Baughman2",0.685561601198344,40.66,-116.73,43.05,-118.87
"Copeland1","Baughman2",0.685510019426027,43.7,-117.33,43.05,-118.87
"Copeland5","Baughman2",0.676750642212785,42.27,-118.71,43.05,-118.87
"Copeland9","Baughman2",0.672638565822712,43.47,-119.68,43.05,-118.87
"Downs1","Baughman2",0.675016236903166,46.38145,-119.430272,43.05,-118.87
"Downs2","Baughman2",0.676428791460101,46.25045,-119.53334,43.05,-118.87
"Downs3","Baughman2",0.633939682887624,45.9663,-120.3671,43.05,-118.87
"Fleishman1","Baughman2",0.692024995089156,38.47,-119.49,43.05,-118.87
"Fleishman5","Baughman2",0.690073453235564,39.12,-117.27,43.05,-118.87
"Fleishman7","Baughman2",0.665632606797351,39.17,-117.44,43.05,-118.87
"Getts1","Baughman2",0.719235689987551,41.17,-120.5,43.05,-118.87
"Getts3","Baughman2",0.669277645073455,40.43,-120.67,43.05,-118.87
"Holdrege1","Baughman2",0.666519936172341,41.61,-111.57,43.05,-118.87
"Hufft1","Baughman2",0.684004687863356,38.6701,-108.3286,43.05,-118.87
"Lavin1","Baughman2",0.699131488121589,44.68,-109.07,43.05,-118.87
"Lavin2","Baughman2",0.683124233944085,45.67,-111.03,43.05,-118.87
"Lee1","Baughman2",0.643222633968478,36.82340833,-116.0163889,43.05,-118.87
"Lee2","Baughman2",0.635928434879991,35.3984,-115.7845,43.05,-118.87
"Lee3","Baughman2",0.643107305288962,36.5247,-115.8987,43.05,-118.87
"Lee4","Baughman2",0.63596315472253,35.4564,-115.52,43.05,-118.87
"Leger1","Baughman2",0.650158711928429,39.49,-119.84,43.05,-118.87
"Maron1","Baughman2",0.691391573943246,46.68,-114.03,43.05,-118.87
"Maron2","Baughman2",0.672350158697565,46.64,-113.23,43.05,-118.87
"Porensky30","Baughman2",0.661296417031524,40.63,-105.27,43.05,-118.87
"Pyke3","Baughman2",0.69143404141597,44.60456358,-120.1924183,43.05,-118.87
"Pyke8","Baughman2",0.666082046279642,46.74830998,-119.361636,43.05,-118.87
"Pyke21","Baughman2",0.668527567161601,47.61803776,-119.6830115,43.05,-118.87
"Pyle1","Baughman2",0.74749125189118,42.35,-118.65,43.05,-118.87
"Pyle9","Baughman2",0.672422035525325,43.42,-119.62,43.05,-118.87
"Pyle10","Baughman2",0.690163454515672,43.19,-120,43.05,-118.87
"Pyle15","Baughman2",0.680779328642031,43.8,-119,43.05,-118.87
"Pyle17","Baughman2",0.680220264851792,44.36,-118.93,43.05,-118.87
"Pyle19","Baughman2",0.659232300273941,44.57,-119.65,43.05,-118.87
"Reed1","Baughman2",0.714076752279813,38.52,-109.47,43.05,-118.87
"Reed3","Baughman2",0.669965835397842,38.75,-109.79,43.05,-118.87
"Schupp3","Baughman2",0.699294083447382,38.6,-113.79,43.05,-118.87
"Schupp4","Baughman2",0.685376788310776,38.52,-113.55,43.05,-118.87
"Schupp5","Baughman2",0.680229508193348,39.11,-112.74,43.05,-118.87
"Symstad1","Baughman2",0.687531226940744,44.59,-104.71,43.05,-118.87
"Symstad2","Baughman2",0.666691030013443,43.87,-103.46,43.05,-118.87
"Symstad3","Baughman2",0.696113599907761,43.62,-103.47,43.05,-118.87
"Urza2","Baughman2",0.68654410748853,40.84,-119.56,43.05,-118.87
"Wilcox2","Baughman2",0.676041671053941,41.31,-105.66,43.05,-118.87
"Chynoweth2","Baughman2",0.690439120842355,40.29092,-109.68361,43.05,-118.87
"Chynoweth3","Baughman2",0.67633901916596,39.83576,-109.61202,43.05,-118.87
"Chynoweth5","Baughman2",0.739834237996294,40.480805,-109.438229,43.05,-118.87
"Chynoweth7","Baughman2",0.685838468576312,40.533605,-109.523564,43.05,-118.87
"Chynoweth8","Baughman2",0.690068038138552,40.640878,-109.48689,43.05,-118.87
"Shriver2","Baughman2",0.666726513827565,48,-114.04,43.05,-118.87
"Davies03","Baughman2",0.664507532668081,42.68,-118.68,43.05,-118.87
"GerminoBOP1","Baughman2",0.694601491195933,43.4720833,-116.2338306,43.05,-118.87
"Mancillas01","Baughman2",0.665683595552083,32.368,-106.56,43.05,-118.87
"Boise_High 2022","Baughman2",0.772512347952955,NA,NA,43.05,-118.87
"Boise_Low 2022","Baughman2",0.761546719305858,NA,NA,43.05,-118.87
"CG PASTURE 2022","Baughman2",0.78123386815282,NA,NA,43.05,-118.87
"CaseAoyamaS1 2022","Baughman2",0.778393279392178,NA,NA,43.05,-118.87
"CastValley 2021","Baughman2",0.766638198081699,NA,NA,43.05,-118.87
"EOARC 2022","Baughman2",0.778036527534293,NA,NA,43.05,-118.87
"EnsingS1 SuRDC 2022","Baughman2",0.782290374939305,NA,NA,43.05,-118.87
"EnsingS2 Summerland-Princeton 2022","Baughman2",0.759021287816719,NA,NA,43.05,-118.87
"EnsingS3 Bear Creek 2022","Baughman2",0.76276177149411,NA,NA,43.05,-118.87
"EnsingS4 Lundbom 2022","Baughman2",0.752758151975136,NA,NA,43.05,-118.87
"FAR NORTH CPER 2022","Baughman2",0.787700323733193,NA,NA,43.05,-118.87
"FtK_Cottonwood_Coulee 2021","Baughman2",0.785175541942211,NA,NA,43.05,-118.87
"FtK_Lone_Pine 2021","Baughman2",0.785610215727307,NA,NA,43.05,-118.87
"GoeblS1 2024","Baughman2",0.773968726729799,NA,NA,43.05,-118.87
"GreenCanyon 2021","Baughman2",0.785505001694257,NA,NA,43.05,-118.87
"HPGRS AGCR 2022","Baughman2",0.781987741377672,NA,NA,43.05,-118.87
"HardwareRanch 2022","Baughman2",0.77898634816716,NA,NA,43.05,-118.87
"K1_vanDiepen 2022","Baughman2",0.7584272225212,NA,NA,43.05,-118.87
"L1_vanDiepen 2022","Baughman2",0.77820400238675,NA,NA,43.05,-118.87
"MPG_IR 2021","Baughman2",0.770769237824971,NA,NA,43.05,-118.87
"MPG_SR 2021","Baughman2",0.772296574239586,NA,NA,43.05,-118.87
"MPG_TH 2021","Baughman2",0.771549383509615,NA,NA,43.05,-118.87
"NEAR 4WAY CPER 2022","Baughman2",0.7879909287248,NA,NA,43.05,-118.87
"NEAR HQ CPER 2022","Baughman2",0.78734673646741,NA,NA,43.05,-118.87
"NEAR NUTNET 2022","Baughman2",0.787717375512493,NA,NA,43.05,-118.87
"OttS1 2022","Baughman2",0.783131347792303,NA,NA,43.05,-118.87
"PMR- Brome 2021","Baughman2",0.77383632218721,NA,NA,43.05,-118.87
"Pearlwise 2024","Baughman2",0.782123820523065,NA,NA,43.05,-118.87
"Peavine 2022","Baughman2",0.758854571003039,NA,NA,43.05,-118.87
"Plymouth 2022","Baughman2",0.757872752225412,NA,NA,43.05,-118.87
"RedBluff 2023","Baughman2",0.774476912133493,NA,NA,43.05,-118.87
"Rush_Valley 2022","Baughman2",0.784458989860759,NA,NA,43.05,-118.87
"SSHQ 2022","Baughman2",0.779886707144336,NA,NA,43.05,-118.87
"SSHigh 2022","Baughman2",0.769023338250793,NA,NA,43.05,-118.87
"SouthEden 2022","Baughman2",0.77607628478517,NA,NA,43.05,-118.87
"Symstad1 2021","Baughman2",0.78172771289085,NA,NA,43.05,-118.87
"Symstad2 2022","Baughman2",0.782476287372017,NA,NA,43.05,-118.87
"TB FIRE 2022","Baughman2",0.786874059346025,NA,NA,43.05,-118.87
"TB LC Control 2022","Baughman2",0.787011883405999,NA,NA,43.05,-118.87
"TB PRAIRIE DOG 2022","Baughman2",0.786978674644808,NA,NA,43.05,-118.87
"Woodruff 2022","Baughman2",0.778582659654625,NA,NA,43.05,-118.87
"dino 2024","Baughman2",0.784405171546275,NA,NA,43.05,-118.87
"AAFC4","Chynoweth1",0.700579624458054,50.08,-120.65,39.76604,-109.5635
"AAFC5","Chynoweth1",0.673287266711694,50.09,-120.45,39.76604,-109.5635
"AAFC6","Chynoweth1",0.692846883686474,50.09,-120.75,39.76604,-109.5635
"AAFC8","Chynoweth1",0.707614953501554,49.57,-120.55,39.76604,-109.5635
"AAFC9","Chynoweth1",0.665021075855619,49.62,-119.8,39.76604,-109.5635
"AAFC10","Chynoweth1",0.665279686143408,49.71,-120.05,39.76604,-109.5635
"Adler5","Chynoweth1",0.66422044699733,40.79,-111.87,39.76604,-109.5635
"Schupp2","Chynoweth1",0.669740601638576,40.2,-112.46,39.76604,-109.5635
"Schupp1","Chynoweth1",0.674487835167076,39.85,-112.15,39.76604,-109.5635
"Adler13","Chynoweth1",0.790324756862861,41.44,-111.08,39.76604,-109.5635
"Adler16","Chynoweth1",0.718241072223222,41.78,-110.2,39.76604,-109.5635
"Adler17","Chynoweth1",0.718394709672371,41.44,-110.11,39.76604,-109.5635
"Adler18","Chynoweth1",0.672041492249041,40.86,-114.22,39.76604,-109.5635
"Barnett1","Chynoweth1",0.665559241775313,43.48,-110.74,39.76604,-109.5635
"Baughman3","Chynoweth1",0.672318389348667,42.81,-118.96,39.76604,-109.5635
"Baughman2","Chynoweth1",0.68540422918715,43.05,-118.87,39.76604,-109.5635
"Chynoweth1","Chynoweth1",1,39.76604,-109.5635,39.76604,-109.5635
"Board1","Chynoweth1",0.658438418384903,38.84,-117.57,39.76604,-109.5635
"Bradford1","Chynoweth1",0.658011345109663,35.23,-111.62,39.76604,-109.5635
"Chambers1","Chynoweth1",0.625857466371089,39.55,-119.58,39.76604,-109.5635
"Chambers2","Chynoweth1",0.619944706645836,39.95,-118.76,39.76604,-109.5635
"Urza1","Chynoweth1",0.620062384706176,40.35,-119.34,39.76604,-109.5635
"Chambers4","Chynoweth1",0.619875443529831,41.31,-117.63,39.76604,-109.5635
"Chambers5","Chynoweth1",0.615682187106391,41.54,-117.75,39.76604,-109.5635
"Chambers6","Chynoweth1",0.615735858649908,41.54,-117.78,39.76604,-109.5635
"Chambers7","Chynoweth1",0.71592163951372,43.94,-116.19,39.76604,-109.5635
"Chambers8","Chynoweth1",0.66173248549314,42.24,-114.57,39.76604,-109.5635
"Chambers9","Chynoweth1",0.999712003573257,40.66,-116.73,39.76604,-109.5635
"Copeland1","Chynoweth1",0.999735547850865,43.7,-117.33,39.76604,-109.5635
"Copeland5","Chynoweth1",0.655507192356479,42.27,-118.71,39.76604,-109.5635
"Copeland9","Chynoweth1",0.718469450082674,43.47,-119.68,39.76604,-109.5635
"Downs1","Chynoweth1",0.652228261030625,46.38145,-119.430272,39.76604,-109.5635
"Downs2","Chynoweth1",0.669204261958912,46.25045,-119.53334,39.76604,-109.5635
"Downs3","Chynoweth1",0.634622843009559,45.9663,-120.3671,39.76604,-109.5635
"Fleishman1","Chynoweth1",0.734770451768255,38.47,-119.49,39.76604,-109.5635
"Fleishman5","Chynoweth1",0.66485267054108,39.12,-117.27,39.76604,-109.5635
"Fleishman7","Chynoweth1",0.659538463240282,39.17,-117.44,39.76604,-109.5635
"Getts1","Chynoweth1",0.651808393880278,41.17,-120.5,39.76604,-109.5635
"Getts3","Chynoweth1",0.686113300025113,40.43,-120.67,39.76604,-109.5635
"Holdrege1","Chynoweth1",0.665328443045897,41.61,-111.57,39.76604,-109.5635
"Hufft1","Chynoweth1",0.65916597336435,38.6701,-108.3286,39.76604,-109.5635
"Lavin1","Chynoweth1",0.70372554106138,44.68,-109.07,39.76604,-109.5635
"Lavin2","Chynoweth1",0.665431784036752,45.67,-111.03,39.76604,-109.5635
"Lee1","Chynoweth1",0.619959022351188,36.82340833,-116.0163889,39.76604,-109.5635
"Lee2","Chynoweth1",0.611679680548166,35.3984,-115.7845,39.76604,-109.5635
"Lee3","Chynoweth1",0.619759562639037,36.5247,-115.8987,39.76604,-109.5635
"Lee4","Chynoweth1",0.61463076173177,35.4564,-115.52,39.76604,-109.5635
"Leger1","Chynoweth1",0.623580450662652,39.49,-119.84,39.76604,-109.5635
"Maron1","Chynoweth1",0.725816101119398,46.68,-114.03,39.76604,-109.5635
"Maron2","Chynoweth1",0.71823929759551,46.64,-113.23,39.76604,-109.5635
"Porensky30","Chynoweth1",0.656085334806933,40.63,-105.27,39.76604,-109.5635
"Pyke3","Chynoweth1",0.673749407311385,44.60456358,-120.1924183,39.76604,-109.5635
"Pyke8","Chynoweth1",0.64865710413106,46.74830998,-119.361636,39.76604,-109.5635
"Pyke21","Chynoweth1",0.683010221883661,47.61803776,-119.6830115,39.76604,-109.5635
"Pyle1","Chynoweth1",0.736360502036849,42.35,-118.65,39.76604,-109.5635
"Pyle9","Chynoweth1",0.718206549249278,43.42,-119.62,39.76604,-109.5635
"Pyle10","Chynoweth1",0.665035739223514,43.19,-120,39.76604,-109.5635
"Pyle15","Chynoweth1",0.674461129034912,43.8,-119,39.76604,-109.5635
"Pyle17","Chynoweth1",0.664378731255865,44.36,-118.93,39.76604,-109.5635
"Pyle19","Chynoweth1",0.677067272005778,44.57,-119.65,39.76604,-109.5635
"Reed1","Chynoweth1",0.698313139705558,38.52,-109.47,39.76604,-109.5635
"Reed3","Chynoweth1",0.71082792948227,38.75,-109.79,39.76604,-109.5635
"Schupp3","Chynoweth1",0.686594631671979,38.6,-113.79,39.76604,-109.5635
"Schupp4","Chynoweth1",0.999742428887155,38.52,-113.55,39.76604,-109.5635
"Schupp5","Chynoweth1",0.817857871162449,39.11,-112.74,39.76604,-109.5635
"Symstad1","Chynoweth1",0.6697441383164,44.59,-104.71,39.76604,-109.5635
"Symstad2","Chynoweth1",0.657088275258725,43.87,-103.46,39.76604,-109.5635
"Symstad3","Chynoweth1",0.731622376448911,43.62,-103.47,39.76604,-109.5635
"Urza2","Chynoweth1",0.717349967655301,40.84,-119.56,39.76604,-109.5635
"Wilcox2","Chynoweth1",0.658173005260742,41.31,-105.66,39.76604,-109.5635
"Chynoweth2","Chynoweth1",0.665291520189307,40.29092,-109.68361,39.76604,-109.5635
"Chynoweth3","Chynoweth1",0.658446119399194,39.83576,-109.61202,39.76604,-109.5635
"Chynoweth5","Chynoweth1",0.680746258645239,40.480805,-109.438229,39.76604,-109.5635
"Chynoweth7","Chynoweth1",0.99945977309903,40.533605,-109.523564,39.76604,-109.5635
"Chynoweth8","Chynoweth1",0.664838497250518,40.640878,-109.48689,39.76604,-109.5635
"Shriver2","Chynoweth1",0.665578964088903,48,-114.04,39.76604,-109.5635
"Davies03","Chynoweth1",0.658207640439411,42.68,-118.68,39.76604,-109.5635
"GerminoBOP1","Chynoweth1",0.860077829302371,43.4720833,-116.2338306,39.76604,-109.5635
"Mancillas01","Chynoweth1",0.697151840847277,32.368,-106.56,39.76604,-109.5635
"Boise_High 2022","Chynoweth1",0.758372696988614,NA,NA,39.76604,-109.5635
"Boise_Low 2022","Chynoweth1",0.743510138847307,NA,NA,39.76604,-109.5635
"CG PASTURE 2022","Chynoweth1",0.781277730361743,NA,NA,39.76604,-109.5635
"CaseAoyamaS1 2022","Chynoweth1",0.764249372706829,NA,NA,39.76604,-109.5635
"CastValley 2021","Chynoweth1",0.79122963988834,NA,NA,39.76604,-109.5635
"EOARC 2022","Chynoweth1",0.763915503083854,NA,NA,39.76604,-109.5635
"EnsingS1 SuRDC 2022","Chynoweth1",0.797043789610406,NA,NA,39.76604,-109.5635
"EnsingS2 Summerland-Princeton 2022","Chynoweth1",0.747163358901377,NA,NA,39.76604,-109.5635
"EnsingS3 Bear Creek 2022","Chynoweth1",0.747605614080125,NA,NA,39.76604,-109.5635
"EnsingS4 Lundbom 2022","Chynoweth1",0.749900374333886,NA,NA,39.76604,-109.5635
"FAR NORTH CPER 2022","Chynoweth1",0.78709412174536,NA,NA,39.76604,-109.5635
"FtK_Cottonwood_Coulee 2021","Chynoweth1",0.789751410884849,NA,NA,39.76604,-109.5635
"FtK_Lone_Pine 2021","Chynoweth1",0.790156342630254,NA,NA,39.76604,-109.5635
"GoeblS1 2024","Chynoweth1",0.766838587674157,NA,NA,39.76604,-109.5635
"GreenCanyon 2021","Chynoweth1",0.806770984221585,NA,NA,39.76604,-109.5635
"HPGRS AGCR 2022","Chynoweth1",0.78148042453257,NA,NA,39.76604,-109.5635
"HardwareRanch 2022","Chynoweth1",0.795679836472147,NA,NA,39.76604,-109.5635
"K1_vanDiepen 2022","Chynoweth1",0.782771700394018,NA,NA,39.76604,-109.5635
"L1_vanDiepen 2022","Chynoweth1",0.790805708894462,NA,NA,39.76604,-109.5635
"MPG_IR 2021","Chynoweth1",0.798676238956669,NA,NA,39.76604,-109.5635
"MPG_SR 2021","Chynoweth1",0.799823798696201,NA,NA,39.76604,-109.5635
"MPG_TH 2021","Chynoweth1",0.799476831489117,NA,NA,39.76604,-109.5635
"NEAR 4WAY CPER 2022","Chynoweth1",0.78783168770697,NA,NA,39.76604,-109.5635
"NEAR HQ CPER 2022","Chynoweth1",0.787082002803936,NA,NA,39.76604,-109.5635
"NEAR NUTNET 2022","Chynoweth1",0.787166007433855,NA,NA,39.76604,-109.5635
"OttS1 2022","Chynoweth1",0.78491883345153,NA,NA,39.76604,-109.5635
"PMR- Brome 2021","Chynoweth1",0.769473056491234,NA,NA,39.76604,-109.5635
"Pearlwise 2024","Chynoweth1",0.775127181855035,NA,NA,39.76604,-109.5635
"Peavine 2022","Chynoweth1",0.735005477664151,NA,NA,39.76604,-109.5635
"Plymouth 2022","Chynoweth1",0.732439709692294,NA,NA,39.76604,-109.5635
"RedBluff 2023","Chynoweth1",0.778277128441716,NA,NA,39.76604,-109.5635
"Rush_Valley 2022","Chynoweth1",0.79814804552832,NA,NA,39.76604,-109.5635
"SSHQ 2022","Chynoweth1",0.809652994699258,NA,NA,39.76604,-109.5635
"SSHigh 2022","Chynoweth1",0.79890200469118,NA,NA,39.76604,-109.5635
"SouthEden 2022","Chynoweth1",0.796040009343847,NA,NA,39.76604,-109.5635
"Symstad1 2021","Chynoweth1",0.792513511914148,NA,NA,39.76604,-109.5635
"Symstad2 2022","Chynoweth1",0.793502532298867,NA,NA,39.76604,-109.5635
"TB FIRE 2022","Chynoweth1",0.785986360935021,NA,NA,39.76604,-109.5635
"TB LC Control 2022","Chynoweth1",0.786204340479232,NA,NA,39.76604,-109.5635
"TB PRAIRIE DOG 2022","Chynoweth1",0.786106294034261,NA,NA,39.76604,-109.5635
"Woodruff 2022","Chynoweth1",0.803424098952541,NA,NA,39.76604,-109.5635
"dino 2024","Chynoweth1",0.826039298007927,NA,NA,39.76604,-109.5635
"AAFC4","Board1",0.680170053981203,50.08,-120.65,38.84,-117.57
"AAFC5","Board1",0.721814055701715,50.09,-120.45,38.84,-117.57
"AAFC6","Board1",0.655729129795689,50.09,-120.75,38.84,-117.57
"AAFC8","Board1",0.684601423438878,49.57,-120.55,38.84,-117.57
"AAFC9","Board1",0.69436065728098,49.62,-119.8,38.84,-117.57
"AAFC10","Board1",0.694364705351568,49.71,-120.05,38.84,-117.57
"Adler5","Board1",0.70706088861712,40.79,-111.87,38.84,-117.57
"Schupp2","Board1",0.668986352510466,40.2,-112.46,38.84,-117.57
"Schupp1","Board1",0.648200251143445,39.85,-112.15,38.84,-117.57
"Adler13","Board1",0.654252466951744,41.44,-111.08,38.84,-117.57
"Adler16","Board1",0.680278779960961,41.78,-110.2,38.84,-117.57
"Adler17","Board1",0.68049797759272,41.44,-110.11,38.84,-117.57
"Adler18","Board1",0.662986207019898,40.86,-114.22,38.84,-117.57
"Barnett1","Board1",0.70060263290608,43.48,-110.74,38.84,-117.57
"Baughman3","Board1",0.689862054397614,42.81,-118.96,38.84,-117.57
"Baughman2","Board1",0.664679061546424,43.05,-118.87,38.84,-117.57
"Chynoweth1","Board1",0.658438418384903,39.76604,-109.5635,38.84,-117.57
"Board1","Board1",1,38.84,-117.57,38.84,-117.57
"Bradford1","Board1",0.999385581551367,35.23,-111.62,38.84,-117.57
"Chambers1","Board1",0.617055136169934,39.55,-119.58,38.84,-117.57
"Chambers2","Board1",0.611002661678775,39.95,-118.76,38.84,-117.57
"Urza1","Board1",0.611077364142526,40.35,-119.34,38.84,-117.57
"Chambers4","Board1",0.610966053844208,41.31,-117.63,38.84,-117.57
"Chambers5","Board1",0.606839132554068,41.54,-117.75,38.84,-117.57
"Chambers6","Board1",0.606845191629739,41.54,-117.78,38.84,-117.57
"Chambers7","Board1",0.667753619380491,43.94,-116.19,38.84,-117.57
"Chambers8","Board1",0.67391016300609,42.24,-114.57,38.84,-117.57
"Chambers9","Board1",0.658504221310971,40.66,-116.73,38.84,-117.57
"Copeland1","Board1",0.65853316440862,43.7,-117.33,38.84,-117.57
"Copeland5","Board1",0.771061238683045,42.27,-118.71,38.84,-117.57
"Copeland9","Board1",0.68049463260484,43.47,-119.68,38.84,-117.57
"Downs1","Board1",0.656445841435562,46.38145,-119.430272,38.84,-117.57
"Downs2","Board1",0.700811071762231,46.25045,-119.53334,38.84,-117.57
"Downs3","Board1",0.626813652982392,45.9663,-120.3671,38.84,-117.57
"Fleishman1","Board1",0.674422466397393,38.47,-119.49,38.84,-117.57
"Fleishman5","Board1",0.625380020350084,39.12,-117.27,38.84,-117.57
"Fleishman7","Board1",0.847688512121348,39.17,-117.44,38.84,-117.57
"Getts1","Board1",0.643609178301281,41.17,-120.5,38.84,-117.57
"Getts3","Board1",0.775534283893817,40.43,-120.67,38.84,-117.57
"Holdrege1","Board1",0.700390447407738,41.61,-111.57,38.84,-117.57
"Hufft1","Board1",0.638273633789541,38.6701,-108.3286,38.84,-117.57
"Lavin1","Board1",0.661877218707507,44.68,-109.07,38.84,-117.57
"Lavin2","Board1",0.704765766513271,45.67,-111.03,38.84,-117.57
"Lee1","Board1",0.610973975114966,36.82340833,-116.0163889,38.84,-117.57
"Lee2","Board1",0.603274743637126,35.3984,-115.7845,38.84,-117.57
"Lee3","Board1",0.610937846817589,36.5247,-115.8987,38.84,-117.57
"Lee4","Board1",0.610966907042365,35.4564,-115.52,38.84,-117.57
"Leger1","Board1",0.679665597605253,39.49,-119.84,38.84,-117.57
"Maron1","Board1",0.674000025582419,46.68,-114.03,38.84,-117.57
"Maron2","Board1",0.680322910647906,46.64,-113.23,38.84,-117.57
"Porensky30","Board1",0.678451352149004,40.63,-105.27,38.84,-117.57
"Pyke3","Board1",0.753974458505948,44.60456358,-120.1924183,38.84,-117.57
"Pyke8","Board1",0.619926419656395,46.74830998,-119.361636,38.84,-117.57
"Pyke21","Board1",0.680653486768827,47.61803776,-119.6830115,38.84,-117.57
"Pyle1","Board1",0.773674864712637,42.35,-118.65,38.84,-117.57
"Pyle9","Board1",0.680207734936518,43.42,-119.62,38.84,-117.57
"Pyle10","Board1",0.625487534224224,43.19,-120,38.84,-117.57
"Pyle15","Board1",0.733658488628175,43.8,-119,38.84,-117.57
"Pyle17","Board1",0.707001342380928,44.36,-118.93,38.84,-117.57
"Pyle19","Board1",0.641309133532738,44.57,-119.65,38.84,-117.57
"Reed1","Board1",0.660847213249666,38.52,-109.47,38.84,-117.57
"Reed3","Board1",0.652942416737098,38.75,-109.79,38.84,-117.57
"Schupp3","Board1",0.641547094299536,38.6,-113.79,38.84,-117.57
"Schupp4","Board1",0.658377193835478,38.52,-113.55,38.84,-117.57
"Schupp5","Board1",0.672165134597256,39.11,-112.74,38.84,-117.57
"Symstad1","Board1",0.651643704356316,44.59,-104.71,38.84,-117.57
"Symstad2","Board1",0.658021308601922,43.87,-103.46,38.84,-117.57
"Symstad3","Board1",0.678128989279307,43.62,-103.47,38.84,-117.57
"Urza2","Board1",0.71514106917699,40.84,-119.56,38.84,-117.57
"Wilcox2","Board1",0.62231569252744,41.31,-105.66,38.84,-117.57
"Chynoweth2","Board1",0.62568756261404,40.29092,-109.68361,38.84,-117.57
"Chynoweth3","Board1",0.622598624530737,39.83576,-109.61202,38.84,-117.57
"Chynoweth5","Board1",0.647232350681013,40.480805,-109.438229,38.84,-117.57
"Chynoweth7","Board1",0.658841150568403,40.533605,-109.523564,38.84,-117.57
"Chynoweth8","Board1",0.625389082958067,40.640878,-109.48689,38.84,-117.57
"Shriver2","Board1",0.700640271106734,48,-114.04,38.84,-117.57
"Davies03","Board1",0.999534882011514,42.68,-118.68,38.84,-117.57
"GerminoBOP1","Board1",0.664711860720472,43.4720833,-116.2338306,38.84,-117.57
"Mancillas01","Board1",0.645774308109648,32.368,-106.56,38.84,-117.57
"Boise_High 2022","Board1",0.804037157273252,NA,NA,38.84,-117.57
"Boise_Low 2022","Board1",0.728415083770455,NA,NA,38.84,-117.57
"CG PASTURE 2022","Board1",0.808108034049398,NA,NA,38.84,-117.57
"CaseAoyamaS1 2022","Board1",0.783995719042417,NA,NA,38.84,-117.57
"CastValley 2021","Board1",0.697037570682281,NA,NA,38.84,-117.57
"EOARC 2022","Board1",0.787603410206307,NA,NA,38.84,-117.57
"EnsingS1 SuRDC 2022","Board1",0.801139379073277,NA,NA,38.84,-117.57
"EnsingS2 Summerland-Princeton 2022","Board1",0.812137315307137,NA,NA,38.84,-117.57
"EnsingS3 Bear Creek 2022","Board1",0.786012383142141,NA,NA,38.84,-117.57
"EnsingS4 Lundbom 2022","Board1",0.812598654131968,NA,NA,38.84,-117.57
"FAR NORTH CPER 2022","Board1",0.784684378007282,NA,NA,38.84,-117.57
"FtK_Cottonwood_Coulee 2021","Board1",0.756780569834147,NA,NA,38.84,-117.57
"FtK_Lone_Pine 2021","Board1",0.752734753048,NA,NA,38.84,-117.57
"GoeblS1 2024","Board1",0.780072662895263,NA,NA,38.84,-117.57
"GreenCanyon 2021","Board1",0.78878145088429,NA,NA,38.84,-117.57
"HPGRS AGCR 2022","Board1",0.806375326876713,NA,NA,38.84,-117.57
"HardwareRanch 2022","Board1",0.80647299488935,NA,NA,38.84,-117.57
"K1_vanDiepen 2022","Board1",0.817512151551636,NA,NA,38.84,-117.57
"L1_vanDiepen 2022","Board1",0.79601778945768,NA,NA,38.84,-117.57
"MPG_IR 2021","Board1",0.810014507943716,NA,NA,38.84,-117.57
"MPG_SR 2021","Board1",0.80759781248745,NA,NA,38.84,-117.57
"MPG_TH 2021","Board1",0.808692699994658,NA,NA,38.84,-117.57
"NEAR 4WAY CPER 2022","Board1",0.780996836971968,NA,NA,38.84,-117.57
"NEAR HQ CPER 2022","Board1",0.78719276781806,NA,NA,38.84,-117.57
"NEAR NUTNET 2022","Board1",0.784012701318432,NA,NA,38.84,-117.57
"OttS1 2022","Board1",0.789299054700113,NA,NA,38.84,-117.57
"PMR- Brome 2021","Board1",0.827681129838624,NA,NA,38.84,-117.57
"Pearlwise 2024","Board1",0.786655673025492,NA,NA,38.84,-117.57
"Peavine 2022","Board1",0.790722083482326,NA,NA,38.84,-117.57
"Plymouth 2022","Board1",0.764358165225006,NA,NA,38.84,-117.57
"RedBluff 2023","Board1",0.814877438081358,NA,NA,38.84,-117.57
"Rush_Valley 2022","Board1",0.765360566431509,NA,NA,38.84,-117.57
"SSHQ 2022","Board1",0.768222011054531,NA,NA,38.84,-117.57
"SSHigh 2022","Board1",0.78997864645668,NA,NA,38.84,-117.57
"SouthEden 2022","Board1",0.795921639140557,NA,NA,38.84,-117.57
"Symstad1 2021","Board1",0.794944244238025,NA,NA,38.84,-117.57
"Symstad2 2022","Board1",0.792342856671683,NA,NA,38.84,-117.57
"TB FIRE 2022","Board1",0.770727772768588,NA,NA,38.84,-117.57
"TB LC Control 2022","Board1",0.76943862938634,NA,NA,38.84,-117.57
"TB PRAIRIE DOG 2022","Board1",0.769789615402201,NA,NA,38.84,-117.57
"Woodruff 2022","Board1",0.781335045586754,NA,NA,38.84,-117.57
"dino 2024","Board1",0.718944225964442,NA,NA,38.84,-117.57
"AAFC4","Bradford1",0.67978234159392,50.08,-120.65,35.23,-111.62
"AAFC5","Bradford1",0.721334233298565,50.09,-120.45,35.23,-111.62
"AAFC6","Bradford1",0.655298330194344,50.09,-120.75,35.23,-111.62
"AAFC8","Bradford1",0.684108994189404,49.57,-120.55,35.23,-111.62
"AAFC9","Bradford1",0.693873641357519,49.62,-119.8,35.23,-111.62
"AAFC10","Bradford1",0.693877479947087,49.71,-120.05,35.23,-111.62
"Adler5","Bradford1",0.706597569917054,40.79,-111.87,35.23,-111.62
"Schupp2","Bradford1",0.668501772414214,40.2,-112.46,35.23,-111.62
"Schupp1","Bradford1",0.647728998397315,39.85,-112.15,35.23,-111.62
"Adler13","Bradford1",0.653777281406839,41.44,-111.08,35.23,-111.62
"Adler16","Bradford1",0.679816570216156,41.78,-110.2,35.23,-111.62
"Adler17","Bradford1",0.68003568721568,41.44,-110.11,35.23,-111.62
"Adler18","Bradford1",0.662472245773011,40.86,-114.22,35.23,-111.62
"Barnett1","Bradford1",0.700115747762441,43.48,-110.74,35.23,-111.62
"Baughman3","Bradford1",0.689450934933481,42.81,-118.96,35.23,-111.62
"Baughman2","Bradford1",0.664275782540907,43.05,-118.87,35.23,-111.62
"Chynoweth1","Bradford1",0.658011345109663,39.76604,-109.5635,35.23,-111.62
"Board1","Bradford1",0.999385581551367,38.84,-117.57,35.23,-111.62
"Bradford1","Bradford1",1,35.23,-111.62,35.23,-111.62
"Chambers1","Bradford1",0.616665934320255,39.55,-119.58,35.23,-111.62
"Chambers2","Bradford1",0.610568924691973,39.95,-118.76,35.23,-111.62
"Urza1","Bradford1",0.61064350705145,40.35,-119.34,35.23,-111.62
"Chambers4","Bradford1",0.610532641816292,41.31,-117.63,35.23,-111.62
"Chambers5","Bradford1",0.60641748680459,41.54,-117.75,35.23,-111.62
"Chambers6","Bradford1",0.606423633858353,41.54,-117.78,35.23,-111.62
"Chambers7","Bradford1",0.667283599684348,43.94,-116.19,35.23,-111.62
"Chambers8","Bradford1",0.673510835617463,42.24,-114.57,35.23,-111.62
"Chambers9","Bradford1",0.658077150863843,40.66,-116.73,35.23,-111.62
"Copeland1","Bradford1",0.658106041285212,43.7,-117.33,35.23,-111.62
"Copeland5","Bradford1",0.770616486684096,42.27,-118.71,35.23,-111.62
"Copeland9","Bradford1",0.680032268005515,43.47,-119.68,35.23,-111.62
"Downs1","Bradford1",0.65592364227713,46.38145,-119.430272,35.23,-111.62
"Downs2","Bradford1",0.700369968490166,46.25045,-119.53334,35.23,-111.62
"Downs3","Bradford1",0.6264388418199,45.9663,-120.3671,35.23,-111.62
"Fleishman1","Bradford1",0.673976979361872,38.47,-119.49,35.23,-111.62
"Fleishman5","Bradford1",0.624951103617372,39.12,-117.27,35.23,-111.62
"Fleishman7","Bradford1",0.847260239637974,39.17,-117.44,35.23,-111.62
"Getts1","Bradford1",0.643208274285273,41.17,-120.5,35.23,-111.62
"Getts3","Bradford1",0.775063799043686,40.43,-120.67,35.23,-111.62
"Holdrege1","Bradford1",0.699903542707904,41.61,-111.57,35.23,-111.62
"Hufft1","Bradford1",0.637858480702568,38.6701,-108.3286,35.23,-111.62
"Lavin1","Bradford1",0.661423668081193,44.68,-109.07,35.23,-111.62
"Lavin2","Bradford1",0.704440499593836,45.67,-111.03,35.23,-111.62
"Lee1","Bradford1",0.610540392575674,36.82340833,-116.0163889,35.23,-111.62
"Lee2","Bradford1",0.602926275026523,35.3984,-115.7845,35.23,-111.62
"Lee3","Bradford1",0.610504578623855,36.5247,-115.8987,35.23,-111.62
"Lee4","Bradford1",0.61058399507882,35.4564,-115.52,35.23,-111.62
"Leger1","Bradford1",0.679240400996382,39.49,-119.84,35.23,-111.62
"Maron1","Bradford1",0.67358770328361,46.68,-114.03,35.23,-111.62
"Maron2","Bradford1",0.679860933311674,46.64,-113.23,35.23,-111.62
"Porensky30","Bradford1",0.6779596385926,40.63,-105.27,35.23,-111.62
"Pyke3","Bradford1",0.753489370138445,44.60456358,-120.1924183,35.23,-111.62
"Pyke8","Bradford1",0.619504304585618,46.74830998,-119.361636,35.23,-111.62
"Pyke21","Bradford1",0.680107695171512,47.61803776,-119.6830115,35.23,-111.62
"Pyle1","Bradford1",0.773176385072593,42.35,-118.65,35.23,-111.62
"Pyle9","Bradford1",0.67974569546257,43.42,-119.62,35.23,-111.62
"Pyle10","Bradford1",0.625058419502526,43.19,-120,35.23,-111.62
"Pyle15","Bradford1",0.733148613469043,43.8,-119,35.23,-111.62
"Pyle17","Bradford1",0.70646682824692,44.36,-118.93,35.23,-111.62
"Pyle19","Bradford1",0.640913663802481,44.57,-119.65,35.23,-111.62
"Reed1","Bradford1",0.660370292662235,38.52,-109.47,35.23,-111.62
"Reed3","Bradford1",0.65251717859935,38.75,-109.79,35.23,-111.62
"Schupp3","Bradford1",0.641135939945548,38.6,-113.79,35.23,-111.62
"Schupp4","Bradford1",0.657950231919499,38.52,-113.55,35.23,-111.62
"Schupp5","Bradford1",0.671791192561293,39.11,-112.74,35.23,-111.62
"Symstad1","Bradford1",0.651233109050764,44.59,-104.71,35.23,-111.62
"Symstad2","Bradford1",0.657520789831835,43.87,-103.46,35.23,-111.62
"Symstad3","Bradford1",0.677689190421802,43.62,-103.47,35.23,-111.62
"Urza2","Bradford1",0.71466526041228,40.84,-119.56,35.23,-111.62
"Wilcox2","Bradford1",0.621888824194824,41.31,-105.66,35.23,-111.62
"Chynoweth2","Bradford1",0.625258217258426,40.29092,-109.68361,35.23,-111.62
"Chynoweth3","Bradford1",0.622171295603072,39.83576,-109.61202,35.23,-111.62
"Chynoweth5","Bradford1",0.646775278724337,40.480805,-109.438229,35.23,-111.62
"Chynoweth7","Bradford1",0.658413563990994,40.533605,-109.523564,35.23,-111.62
"Chynoweth8","Bradford1",0.62496020962869,40.640878,-109.48689,35.23,-111.62
"Shriver2","Bradford1",0.700153352233198,48,-114.04,35.23,-111.62
"Davies03","Bradford1",0.999509480735919,42.68,-118.68,35.23,-111.62
"GerminoBOP1","Bradford1",0.664272495475227,43.4720833,-116.2338306,35.23,-111.62
"Mancillas01","Bradford1",0.645371709564525,32.368,-106.56,35.23,-111.62
"Boise_High 2022","Bradford1",0.803441887907546,NA,NA,35.23,-111.62
"Boise_Low 2022","Bradford1",0.727860147141814,NA,NA,35.23,-111.62
"CG PASTURE 2022","Bradford1",0.80751943159544,NA,NA,35.23,-111.62
"CaseAoyamaS1 2022","Bradford1",0.783392459816986,NA,NA,35.23,-111.62
"CastValley 2021","Bradford1",0.696514599872182,NA,NA,35.23,-111.62
"EOARC 2022","Bradford1",0.786999021082334,NA,NA,35.23,-111.62
"EnsingS1 SuRDC 2022","Bradford1",0.800547953127318,NA,NA,35.23,-111.62
"EnsingS2 Summerland-Princeton 2022","Bradford1",0.811532185750835,NA,NA,35.23,-111.62
"EnsingS3 Bear Creek 2022","Bradford1",0.785426019425673,NA,NA,35.23,-111.62
"EnsingS4 Lundbom 2022","Bradford1",0.811987282519528,NA,NA,35.23,-111.62
"FAR NORTH CPER 2022","Bradford1",0.784102083918798,NA,NA,35.23,-111.62
"FtK_Cottonwood_Coulee 2021","Bradford1",0.7561786628712,NA,NA,35.23,-111.62
"FtK_Lone_Pine 2021","Bradford1",0.752133534871042,NA,NA,35.23,-111.62
"GoeblS1 2024","Bradford1",0.779512268071013,NA,NA,35.23,-111.62
"GreenCanyon 2021","Bradford1",0.788188664056669,NA,NA,35.23,-111.62
"HPGRS AGCR 2022","Bradford1",0.805786949457808,NA,NA,35.23,-111.62
"HardwareRanch 2022","Bradford1",0.805876226230019,NA,NA,35.23,-111.62
"K1_vanDiepen 2022","Bradford1",0.81694131564281,NA,NA,35.23,-111.62
"L1_vanDiepen 2022","Bradford1",0.79542131294094,NA,NA,35.23,-111.62
"MPG_IR 2021","Bradford1",0.809431388526078,NA,NA,35.23,-111.62
"MPG_SR 2021","Bradford1",0.807012873002694,NA,NA,35.23,-111.62
"MPG_TH 2021","Bradford1",0.808108665317403,NA,NA,35.23,-111.62
"NEAR 4WAY CPER 2022","Bradford1",0.780416402882026,NA,NA,35.23,-111.62
"NEAR HQ CPER 2022","Bradford1",0.786611047117492,NA,NA,35.23,-111.62
"NEAR NUTNET 2022","Bradford1",0.783431194339479,NA,NA,35.23,-111.62
"OttS1 2022","Bradford1",0.788705236494827,NA,NA,35.23,-111.62
"PMR- Brome 2021","Bradford1",0.827089319654621,NA,NA,35.23,-111.62
"Pearlwise 2024","Bradford1",0.786072409581393,NA,NA,35.23,-111.62
"Peavine 2022","Bradford1",0.790181279021701,NA,NA,35.23,-111.62
"Plymouth 2022","Bradford1",0.763827931558687,NA,NA,35.23,-111.62
"RedBluff 2023","Bradford1",0.814277592771911,NA,NA,35.23,-111.62
"Rush_Valley 2022","Bradford1",0.764783917298767,NA,NA,35.23,-111.62
"SSHQ 2022","Bradford1",0.767629451888435,NA,NA,35.23,-111.62
"SSHigh 2022","Bradford1",0.789398906506615,NA,NA,35.23,-111.62
"SouthEden 2022","Bradford1",0.795322795400151,NA,NA,35.23,-111.62
"Symstad1 2021","Bradford1",0.794365041552069,NA,NA,35.23,-111.62
"Symstad2 2022","Bradford1",0.791763577631404,NA,NA,35.23,-111.62
"TB FIRE 2022","Bradford1",0.770128111468765,NA,NA,35.23,-111.62
"TB LC Control 2022","Bradford1",0.768839170635552,NA,NA,35.23,-111.62
"TB PRAIRIE DOG 2022","Bradford1",0.769190017562911,NA,NA,35.23,-111.62
"Woodruff 2022","Bradford1",0.78073445876564,NA,NA,35.23,-111.62
"dino 2024","Bradford1",0.718372262617313,NA,NA,35.23,-111.62
"AAFC4","Chambers1",0.623072351930736,50.08,-120.65,39.55,-119.58
"AAFC5","Chambers1",0.641370255451231,50.09,-120.45,39.55,-119.58
"AAFC6","Chambers1",0.619284801596655,50.09,-120.75,39.55,-119.58
"AAFC8","Chambers1",0.639656706881442,49.57,-120.55,39.55,-119.58
"AAFC9","Chambers1",0.63547162406691,49.62,-119.8,39.55,-119.58
"AAFC10","Chambers1",0.635595102293642,49.71,-120.05,39.55,-119.58
"Adler5","Chambers1",0.644932150250308,40.79,-111.87,39.55,-119.58
"Schupp2","Chambers1",0.627362731989585,40.2,-112.46,39.55,-119.58
"Schupp1","Chambers1",0.62954042382995,39.85,-112.15,39.55,-119.58
"Adler13","Chambers1",0.62868487398593,41.44,-111.08,39.55,-119.58
"Adler16","Chambers1",0.61944932588755,41.78,-110.2,39.55,-119.58
"Adler17","Chambers1",0.619627036196256,41.44,-110.11,39.55,-119.58
"Adler18","Chambers1",0.631124460504616,40.86,-114.22,39.55,-119.58
"Barnett1","Chambers1",0.623917424037234,43.48,-110.74,39.55,-119.58
"Baughman3","Chambers1",0.637362904289954,42.81,-118.96,39.55,-119.58
"Baughman2","Chambers1",0.65075493508548,43.05,-118.87,39.55,-119.58
"Chynoweth1","Chambers1",0.625857466371089,39.76604,-109.5635,39.55,-119.58
"Board1","Chambers1",0.617055136169934,38.84,-117.57,39.55,-119.58
"Bradford1","Chambers1",0.616665934320255,35.23,-111.62,39.55,-119.58
"Chambers1","Chambers1",1,39.55,-119.58,39.55,-119.58
"Chambers2","Chambers1",0.871384595540101,39.95,-118.76,39.55,-119.58
"Urza1","Chambers1",0.871595889766755,40.35,-119.34,39.55,-119.58
"Chambers4","Chambers1",0.871851389616469,41.31,-117.63,39.55,-119.58
"Chambers5","Chambers1",0.820158107005962,41.54,-117.75,39.55,-119.58
"Chambers6","Chambers1",0.82051996144932,41.54,-117.78,39.55,-119.58
"Chambers7","Chambers1",0.646351922720534,43.94,-116.19,39.55,-119.58
"Chambers8","Chambers1",0.618959296779502,42.24,-114.57,39.55,-119.58
"Chambers9","Chambers1",0.625953033861212,40.66,-116.73,39.55,-119.58
"Copeland1","Chambers1",0.625936831087116,43.7,-117.33,39.55,-119.58
"Copeland5","Chambers1",0.632286850883642,42.27,-118.71,39.55,-119.58
"Copeland9","Chambers1",0.619594968619613,43.47,-119.68,39.55,-119.58
"Downs1","Chambers1",0.611930780341804,46.38145,-119.430272,39.55,-119.58
"Downs2","Chambers1",0.652922350115128,46.25045,-119.53334,39.55,-119.58
"Downs3","Chambers1",0.651796975086943,45.9663,-120.3671,39.55,-119.58
"Fleishman1","Chambers1",0.633398303766447,38.47,-119.49,39.55,-119.58
"Fleishman5","Chambers1",0.61896410796334,39.12,-117.27,39.55,-119.58
"Fleishman7","Chambers1",0.619894686979834,39.17,-117.44,39.55,-119.58
"Getts1","Chambers1",0.663215938038304,41.17,-120.5,39.55,-119.58
"Getts3","Chambers1",0.627683469414858,40.43,-120.67,39.55,-119.58
"Holdrege1","Chambers1",0.623703453171567,41.61,-111.57,39.55,-119.58
"Hufft1","Chambers1",0.614058777812392,38.6701,-108.3286,39.55,-119.58
"Lavin1","Chambers1",0.633885279154336,44.68,-109.07,39.55,-119.58
"Lavin2","Chambers1",0.637489267718439,45.67,-111.03,39.55,-119.58
"Lee1","Chambers1",0.871864375674733,36.82340833,-116.0163889,39.55,-119.58
"Lee2","Chambers1",0.9316417269347,35.3984,-115.7845,39.55,-119.58
"Lee3","Chambers1",0.87189649424215,36.5247,-115.8987,39.55,-119.58
"Lee4","Chambers1",0.679201450696308,35.4564,-115.52,39.55,-119.58
"Leger1","Chambers1",0.652105574530541,39.49,-119.84,39.55,-119.58
"Maron1","Chambers1",0.626253228580484,46.68,-114.03,39.55,-119.58
"Maron2","Chambers1",0.61940931523682,46.64,-113.23,39.55,-119.58
"Porensky30","Chambers1",0.630006589431282,40.63,-105.27,39.55,-119.58
"Pyke3","Chambers1",0.638665408434476,44.60456358,-120.1924183,39.55,-119.58
"Pyke8","Chambers1",0.611570469535894,46.74830998,-119.361636,39.55,-119.58
"Pyke21","Chambers1",0.624340293169402,47.61803776,-119.6830115,39.55,-119.58
"Pyle1","Chambers1",0.676848027495192,42.35,-118.65,39.55,-119.58
"Pyle9","Chambers1",0.619432302318401,43.42,-119.62,39.55,-119.58
"Pyle10","Chambers1",0.619045816268109,43.19,-120,39.55,-119.58
"Pyle15","Chambers1",0.638281922297112,43.8,-119,39.55,-119.58
"Pyle17","Chambers1",0.635258894290629,44.36,-118.93,39.55,-119.58
"Pyle19","Chambers1",0.604398279769445,44.57,-119.65,39.55,-119.58
"Reed1","Chambers1",0.625780783723645,38.52,-109.47,39.55,-119.58
"Reed3","Chambers1",0.614796711540605,38.75,-109.79,39.55,-119.58
"Schupp3","Chambers1",0.626544404495114,38.6,-113.79,39.55,-119.58
"Schupp4","Chambers1",0.625836384962076,38.52,-113.55,39.55,-119.58
"Schupp5","Chambers1",0.626905559419192,39.11,-112.74,39.55,-119.58
"Symstad1","Chambers1",0.629665543282899,44.59,-104.71,39.55,-119.58
"Symstad2","Chambers1",0.61204480474849,43.87,-103.46,39.55,-119.58
"Symstad3","Chambers1",0.636248106136485,43.62,-103.47,39.55,-119.58
"Urza2","Chambers1",0.639510079869716,40.84,-119.56,39.55,-119.58
"Wilcox2","Chambers1",0.609098280184665,41.31,-105.66,39.55,-119.58
"Chynoweth2","Chambers1",0.619269207454785,40.29092,-109.68361,39.55,-119.58
"Chynoweth3","Chambers1",0.609291660439643,39.83576,-109.61202,39.55,-119.58
"Chynoweth5","Chambers1",0.635891098861741,40.480805,-109.438229,39.55,-119.58
"Chynoweth7","Chambers1",0.626177053215737,40.533605,-109.523564,39.55,-119.58
"Chynoweth8","Chambers1",0.61892726142153,40.640878,-109.48689,39.55,-119.58
"Shriver2","Chambers1",0.623861972330547,48,-114.04,39.55,-119.58
"Davies03","Chambers1",0.616920676871896,42.68,-118.68,39.55,-119.58
"GerminoBOP1","Chambers1",0.630204343802165,43.4720833,-116.2338306,39.55,-119.58
"Mancillas01","Chambers1",0.608942284161832,32.368,-106.56,39.55,-119.58
"Boise_High 2022","Chambers1",0.756209102628316,NA,NA,39.55,-119.58
"Boise_Low 2022","Chambers1",0.843137968480044,NA,NA,39.55,-119.58
"CG PASTURE 2022","Chambers1",0.71612554537009,NA,NA,39.55,-119.58
"CaseAoyamaS1 2022","Chambers1",0.772229725684634,NA,NA,39.55,-119.58
"CastValley 2021","Chambers1",0.806979010019494,NA,NA,39.55,-119.58
"EOARC 2022","Chambers1",0.768009260209763,NA,NA,39.55,-119.58
"EnsingS1 SuRDC 2022","Chambers1",0.723294696834533,NA,NA,39.55,-119.58
"EnsingS2 Summerland-Princeton 2022","Chambers1",0.740672133548595,NA,NA,39.55,-119.58
"EnsingS3 Bear Creek 2022","Chambers1",0.786116799870772,NA,NA,39.55,-119.58
"EnsingS4 Lundbom 2022","Chambers1",0.674098098373884,NA,NA,39.55,-119.58
"FAR NORTH CPER 2022","Chambers1",0.744790119463085,NA,NA,39.55,-119.58
"FtK_Cottonwood_Coulee 2021","Chambers1",0.727455275515356,NA,NA,39.55,-119.58
"FtK_Lone_Pine 2021","Chambers1",0.730732622853558,NA,NA,39.55,-119.58
"GoeblS1 2024","Chambers1",0.796444904294051,NA,NA,39.55,-119.58
"GreenCanyon 2021","Chambers1",0.729729767653373,NA,NA,39.55,-119.58
"HPGRS AGCR 2022","Chambers1",0.719879009188454,NA,NA,39.55,-119.58
"HardwareRanch 2022","Chambers1",0.70022327624804,NA,NA,39.55,-119.58
"K1_vanDiepen 2022","Chambers1",0.648194187342013,NA,NA,39.55,-119.58
"L1_vanDiepen 2022","Chambers1",0.694199705108026,NA,NA,39.55,-119.58
"MPG_IR 2021","Chambers1",0.677802586766148,NA,NA,39.55,-119.58
"MPG_SR 2021","Chambers1",0.681176925013185,NA,NA,39.55,-119.58
"MPG_TH 2021","Chambers1",0.679797687441003,NA,NA,39.55,-119.58
"NEAR 4WAY CPER 2022","Chambers1",0.748747523149825,NA,NA,39.55,-119.58
"NEAR HQ CPER 2022","Chambers1",0.743549543005719,NA,NA,39.55,-119.58
"NEAR NUTNET 2022","Chambers1",0.745932217987002,NA,NA,39.55,-119.58
"OttS1 2022","Chambers1",0.731829861112946,NA,NA,39.55,-119.58
"PMR- Brome 2021","Chambers1",0.722477237220242,NA,NA,39.55,-119.58
"Pearlwise 2024","Chambers1",0.773207838228967,NA,NA,39.55,-119.58
"Peavine 2022","Chambers1",0.796575614643938,NA,NA,39.55,-119.58
"Plymouth 2022","Chambers1",0.825877606818638,NA,NA,39.55,-119.58
"RedBluff 2023","Chambers1",0.70602890642231,NA,NA,39.55,-119.58
"Rush_Valley 2022","Chambers1",0.775789039880646,NA,NA,39.55,-119.58
"SSHQ 2022","Chambers1",0.681790241266498,NA,NA,39.55,-119.58
"SSHigh 2022","Chambers1",0.656810531156728,NA,NA,39.55,-119.58
"SouthEden 2022","Chambers1",0.681733097750201,NA,NA,39.55,-119.58
"Symstad1 2021","Chambers1",0.708821649431545,NA,NA,39.55,-119.58
"Symstad2 2022","Chambers1",0.710959223429314,NA,NA,39.55,-119.58
"TB FIRE 2022","Chambers1",0.740007567100495,NA,NA,39.55,-119.58
"TB LC Control 2022","Chambers1",0.74078474098179,NA,NA,39.55,-119.58
"TB PRAIRIE DOG 2022","Chambers1",0.740497621703702,NA,NA,39.55,-119.58
"Woodruff 2022","Chambers1",0.686265431563171,NA,NA,39.55,-119.58
"dino 2024","Chambers1",0.732526214728833,NA,NA,39.55,-119.58
"AAFC4","Chambers2",0.616542665538344,50.08,-120.65,39.95,-118.76
"AAFC5","Chambers2",0.634734205123155,50.09,-120.45,39.95,-118.76
"AAFC6","Chambers2",0.612914249791817,50.09,-120.75,39.95,-118.76
"AAFC8","Chambers2",0.633808643662281,49.57,-120.55,39.95,-118.76
"AAFC9","Chambers2",0.629604851869234,49.62,-119.8,39.95,-118.76
"AAFC10","Chambers2",0.62971420556248,49.71,-120.05,39.95,-118.76
"Adler5","Chambers2",0.638512520668666,40.79,-111.87,39.95,-118.76
"Schupp2","Chambers2",0.621275041180971,40.2,-112.46,39.95,-118.76
"Schupp1","Chambers2",0.623191930738774,39.85,-112.15,39.95,-118.76
"Adler13","Chambers2",0.622668375305229,41.44,-111.08,39.95,-118.76
"Adler16","Chambers2",0.61347497521423,41.78,-110.2,39.95,-118.76
"Adler17","Chambers2",0.613643964855274,41.44,-110.11,39.95,-118.76
"Adler18","Chambers2",0.624800656482076,40.86,-114.22,39.95,-118.76
"Barnett1","Chambers2",0.617920334694639,43.48,-110.74,39.95,-118.76
"Baughman3","Chambers2",0.630792626839334,42.81,-118.96,39.95,-118.76
"Baughman2","Chambers2",0.643128395779711,43.05,-118.87,39.95,-118.76
"Chynoweth1","Chambers2",0.619944706645836,39.76604,-109.5635,39.95,-118.76
"Board1","Chambers2",0.611002661678775,38.84,-117.57,39.95,-118.76
"Bradford1","Chambers2",0.610568924691973,35.23,-111.62,39.95,-118.76
"Chambers1","Chambers2",0.871384595540101,39.55,-119.58,39.95,-118.76
"Chambers2","Chambers2",1,39.95,-118.76,39.95,-118.76
"Urza1","Chambers2",0.999525629941665,40.35,-119.34,39.95,-118.76
"Chambers4","Chambers2",0.999381565604971,41.31,-117.63,39.95,-118.76
"Chambers5","Chambers2",0.829133526504677,41.54,-117.75,39.95,-118.76
"Chambers6","Chambers2",0.829672379950531,41.54,-117.78,39.95,-118.76
"Chambers7","Chambers2",0.638901376245372,43.94,-116.19,39.95,-118.76
"Chambers8","Chambers2",0.61342278986365,42.24,-114.57,39.95,-118.76
"Chambers9","Chambers2",0.620069775118514,40.66,-116.73,39.95,-118.76
"Copeland1","Chambers2",0.620053678072026,43.7,-117.33,39.95,-118.76
"Copeland5","Chambers2",0.626146416019058,42.27,-118.71,39.95,-118.76
"Copeland9","Chambers2",0.613630810983908,43.47,-119.68,39.95,-118.76
"Downs1","Chambers2",0.606431624759884,46.38145,-119.430272,39.95,-118.76
"Downs2","Chambers2",0.646607969857923,46.25045,-119.53334,39.95,-118.76
"Downs3","Chambers2",0.643421966696918,45.9663,-120.3671,39.95,-118.76
"Fleishman1","Chambers2",0.627319760544296,38.47,-119.49,39.95,-118.76
"Fleishman5","Chambers2",0.613274653363082,39.12,-117.27,39.95,-118.76
"Fleishman7","Chambers2",0.613648349721176,39.17,-117.44,39.95,-118.76
"Getts1","Chambers2",0.655246383032943,41.17,-120.5,39.95,-118.76
"Getts3","Chambers2",0.621502795378324,40.43,-120.67,39.95,-118.76
"Holdrege1","Chambers2",0.617741230270954,41.61,-111.57,39.95,-118.76
"Hufft1","Chambers2",0.608051025133991,38.6701,-108.3286,39.95,-118.76
"Lavin1","Chambers2",0.627445686456259,44.68,-109.07,39.95,-118.76
"Lavin2","Chambers2",0.630725175508914,45.67,-111.03,39.95,-118.76
"Lee1","Chambers2",0.999412365351325,36.82340833,-116.0163889,39.95,-118.76
"Lee2","Chambers2",0.790621832436057,35.3984,-115.7845,39.95,-118.76
"Lee3","Chambers2",0.999380540282671,36.5247,-115.8987,39.95,-118.76
"Lee4","Chambers2",0.66990566915334,35.4564,-115.52,39.95,-118.76
"Leger1","Chambers2",0.644439840243197,39.49,-119.84,39.95,-118.76
"Maron1","Chambers2",0.619892490240595,46.68,-114.03,39.95,-118.76
"Maron2","Chambers2",0.613454269094078,46.64,-113.23,39.95,-118.76
"Porensky30","Chambers2",0.623553758993487,40.63,-105.27,39.95,-118.76
"Pyke3","Chambers2",0.632172062582673,44.60456358,-120.1924183,39.95,-118.76
"Pyke8","Chambers2",0.606356743832528,46.74830998,-119.361636,39.95,-118.76
"Pyke21","Chambers2",0.618511975628297,47.61803776,-119.6830115,39.95,-118.76
"Pyle1","Chambers2",0.669903775304417,42.35,-118.65,39.95,-118.76
"Pyle9","Chambers2",0.613440807816896,43.42,-119.62,39.95,-118.76
"Pyle10","Chambers2",0.613346477470234,43.19,-120,39.95,-118.76
"Pyle15","Chambers2",0.631829369340711,43.8,-119,39.95,-118.76
"Pyle17","Chambers2",0.629023631538704,44.36,-118.93,39.95,-118.76
"Pyle19","Chambers2",0.598953259517705,44.57,-119.65,39.95,-118.76
"Reed1","Chambers2",0.619595824820803,38.52,-109.47,39.95,-118.76
"Reed3","Chambers2",0.609068254879694,38.75,-109.79,39.95,-118.76
"Schupp3","Chambers2",0.620183314051177,38.6,-113.79,39.95,-118.76
"Schupp4","Chambers2",0.619956889035029,38.52,-113.55,39.95,-118.76
"Schupp5","Chambers2",0.621020899881111,39.11,-112.74,39.95,-118.76
"Symstad1","Chambers2",0.622954269142301,44.59,-104.71,39.95,-118.76
"Symstad2","Chambers2",0.6061741284308,43.87,-103.46,39.95,-118.76
"Symstad3","Chambers2",0.629546886693041,43.62,-103.47,39.95,-118.76
"Urza2","Chambers2",0.633008515245399,40.84,-119.56,39.95,-118.76
"Wilcox2","Chambers2",0.603525295401046,41.31,-105.66,39.95,-118.76
"Chynoweth2","Chambers2",0.613554525800546,40.29092,-109.68361,39.95,-118.76
"Chynoweth3","Chambers2",0.603712546341098,39.83576,-109.61202,39.95,-118.76
"Chynoweth5","Chambers2",0.629875675371112,40.480805,-109.438229,39.95,-118.76
"Chynoweth7","Chambers2",0.620288777438904,40.533605,-109.523564,39.95,-118.76
"Chynoweth8","Chambers2",0.613247656415254,40.640878,-109.48689,39.95,-118.76
"Shriver2","Chambers2",0.61787343600982,48,-114.04,39.95,-118.76
"Davies03","Chambers2",0.610816864993102,42.68,-118.68,39.95,-118.76
"GerminoBOP1","Chambers2",0.624593687872685,43.4720833,-116.2338306,39.95,-118.76
"Mancillas01","Chambers2",0.60335385116221,32.368,-106.56,39.95,-118.76
"Boise_High 2022","Chambers2",0.746825095703175,NA,NA,39.95,-118.76
"Boise_Low 2022","Chambers2",0.832450097393886,NA,NA,39.95,-118.76
"CG PASTURE 2022","Chambers2",0.70662764723444,NA,NA,39.95,-118.76
"CaseAoyamaS1 2022","Chambers2",0.7657789800569,NA,NA,39.95,-118.76
"CastValley 2021","Chambers2",0.795050363767918,NA,NA,39.95,-118.76
"EOARC 2022","Chambers2",0.761300135358891,NA,NA,39.95,-118.76
"EnsingS1 SuRDC 2022","Chambers2",0.711288316402788,NA,NA,39.95,-118.76
"EnsingS2 Summerland-Princeton 2022","Chambers2",0.732302483952563,NA,NA,39.95,-118.76
"EnsingS3 Bear Creek 2022","Chambers2",0.774658117057407,NA,NA,39.95,-118.76
"EnsingS4 Lundbom 2022","Chambers2",0.670424567026625,NA,NA,39.95,-118.76
"FAR NORTH CPER 2022","Chambers2",0.735464983794942,NA,NA,39.95,-118.76
"FtK_Cottonwood_Coulee 2021","Chambers2",0.720992656556016,NA,NA,39.95,-118.76
"FtK_Lone_Pine 2021","Chambers2",0.724358342873681,NA,NA,39.95,-118.76
"GoeblS1 2024","Chambers2",0.78956474372768,NA,NA,39.95,-118.76
"GreenCanyon 2021","Chambers2",0.722236593585123,NA,NA,39.95,-118.76
"HPGRS AGCR 2022","Chambers2",0.710393663743565,NA,NA,39.95,-118.76
"HardwareRanch 2022","Chambers2",0.692644473527853,NA,NA,39.95,-118.76
"K1_vanDiepen 2022","Chambers2",0.643580398863348,NA,NA,39.95,-118.76
"L1_vanDiepen 2022","Chambers2",0.688450979083642,NA,NA,39.95,-118.76
"MPG_IR 2021","Chambers2",0.671521654771473,NA,NA,39.95,-118.76
"MPG_SR 2021","Chambers2",0.674899105262845,NA,NA,39.95,-118.76
"MPG_TH 2021","Chambers2",0.67355808009222,NA,NA,39.95,-118.76
"NEAR 4WAY CPER 2022","Chambers2",0.739493597053871,NA,NA,39.95,-118.76
"NEAR HQ CPER 2022","Chambers2",0.734336175304564,NA,NA,39.95,-118.76
"NEAR NUTNET 2022","Chambers2",0.736671380335144,NA,NA,39.95,-118.76
"OttS1 2022","Chambers2",0.723702995186045,NA,NA,39.95,-118.76
"PMR- Brome 2021","Chambers2",0.713741544335783,NA,NA,39.95,-118.76
"Pearlwise 2024","Chambers2",0.762668053697141,NA,NA,39.95,-118.76
"Peavine 2022","Chambers2",0.787026854466777,NA,NA,39.95,-118.76
"Plymouth 2022","Chambers2",0.820142990123855,NA,NA,39.95,-118.76
"RedBluff 2023","Chambers2",0.699765056459564,NA,NA,39.95,-118.76
"Rush_Valley 2022","Chambers2",0.768013038968206,NA,NA,39.95,-118.76
"SSHQ 2022","Chambers2",0.674941230682846,NA,NA,39.95,-118.76
"SSHigh 2022","Chambers2",0.64977497670051,NA,NA,39.95,-118.76
"SouthEden 2022","Chambers2",0.675660322143206,NA,NA,39.95,-118.76
"Symstad1 2021","Chambers2",0.701220269034344,NA,NA,39.95,-118.76
"Symstad2 2022","Chambers2",0.703390038953047,NA,NA,39.95,-118.76
"TB FIRE 2022","Chambers2",0.732623151566732,NA,NA,39.95,-118.76
"TB LC Control 2022","Chambers2",0.733439004588845,NA,NA,39.95,-118.76
"TB PRAIRIE DOG 2022","Chambers2",0.73314692993688,NA,NA,39.95,-118.76
"Woodruff 2022","Chambers2",0.681391135324836,NA,NA,39.95,-118.76
"dino 2024","Chambers2",0.725073530762441,NA,NA,39.95,-118.76
"AAFC4","Urza1",0.616696158224117,50.08,-120.65,40.35,-119.34
"AAFC5","Urza1",0.634888850614308,50.09,-120.45,40.35,-119.34
"AAFC6","Urza1",0.613065616929149,50.09,-120.75,40.35,-119.34
"AAFC8","Urza1",0.633858886152323,49.57,-120.55,40.35,-119.34
"AAFC9","Urza1",0.629779688269504,49.62,-119.8,40.35,-119.34
"AAFC10","Urza1",0.629889117467099,49.71,-120.05,40.35,-119.34
"Adler5","Urza1",0.638642868124614,40.79,-111.87,40.35,-119.34
"Schupp2","Urza1",0.621378308358972,40.2,-112.46,40.35,-119.34
"Schupp1","Urza1",0.623336555513283,39.85,-112.15,40.35,-119.34
"Adler13","Urza1",0.622783605150016,41.44,-111.08,40.35,-119.34
"Adler16","Urza1",0.613640958677499,41.78,-110.2,40.35,-119.34
"Adler17","Urza1",0.613810049343146,41.44,-110.11,40.35,-119.34
"Adler18","Urza1",0.624964801295665,40.86,-114.22,40.35,-119.34
"Barnett1","Urza1",0.618037200608371,43.48,-110.74,40.35,-119.34
"Baughman3","Urza1",0.630901099560286,42.81,-118.96,40.35,-119.34
"Baughman2","Urza1",0.643265683825974,43.05,-118.87,40.35,-119.34
"Chynoweth1","Urza1",0.620062384706176,39.76604,-109.5635,40.35,-119.34
"Board1","Urza1",0.611077364142526,38.84,-117.57,40.35,-119.34
"Bradford1","Urza1",0.61064350705145,35.23,-111.62,40.35,-119.34
"Chambers1","Urza1",0.871595889766755,39.55,-119.58,40.35,-119.34
"Chambers2","Urza1",0.999525629941665,39.95,-118.76,40.35,-119.34
"Urza1","Urza1",1,40.35,-119.34,40.35,-119.34
"Chambers4","Urza1",0.999488209010853,41.31,-117.63,40.35,-119.34
"Chambers5","Urza1",0.82943374983873,41.54,-117.75,40.35,-119.34
"Chambers6","Urza1",0.829972088803539,41.54,-117.78,40.35,-119.34
"Chambers7","Urza1",0.639100083493796,43.94,-116.19,40.35,-119.34
"Chambers8","Urza1",0.613543039902167,42.24,-114.57,40.35,-119.34
"Chambers9","Urza1",0.620187536845457,40.66,-116.73,40.35,-119.34
"Copeland1","Urza1",0.620171393168066,43.7,-117.33,40.35,-119.34
"Copeland5","Urza1",0.626277251454076,42.27,-118.71,40.35,-119.34
"Copeland9","Urza1",0.613796834719746,43.47,-119.68,40.35,-119.34
"Downs1","Urza1",0.60655699715836,46.38145,-119.430272,40.35,-119.34
"Downs2","Urza1",0.646788054176762,46.25045,-119.53334,40.35,-119.34
"Downs3","Urza1",0.643556084970941,45.9663,-120.3671,40.35,-119.34
"Fleishman1","Urza1",0.627424039469427,38.47,-119.49,40.35,-119.34
"Fleishman5","Urza1",0.613426789764007,39.12,-117.27,40.35,-119.34
"Fleishman7","Urza1",0.61372936062791,39.17,-117.44,40.35,-119.34
"Getts1","Urza1",0.655507328223135,41.17,-120.5,40.35,-119.34
"Getts3","Urza1",0.621584781571119,40.43,-120.67,40.35,-119.34
"Holdrege1","Urza1",0.617857796459683,41.61,-111.57,40.35,-119.34
"Hufft1","Urza1",0.608091484051885,38.6701,-108.3286,40.35,-119.34
"Lavin1","Urza1",0.627550967497603,44.68,-109.07,40.35,-119.34
"Lavin2","Urza1",0.630887395325535,45.67,-111.03,40.35,-119.34
"Lee1","Urza1",0.999507787521953,36.82340833,-116.0163889,40.35,-119.34
"Lee2","Urza1",0.790868307052386,35.3984,-115.7845,40.35,-119.34
"Lee3","Urza1",0.999379364330666,36.5247,-115.8987,40.35,-119.34
"Lee4","Urza1",0.670063965616107,35.4564,-115.52,40.35,-119.34
"Leger1","Urza1",0.644645661275976,39.49,-119.84,40.35,-119.34
"Maron1","Urza1",0.620029636041407,46.68,-114.03,40.35,-119.34
"Maron2","Urza1",0.61362032671275,46.64,-113.23,40.35,-119.34
"Porensky30","Urza1",0.623635986735204,40.63,-105.27,40.35,-119.34
"Pyke3","Urza1",0.632287094878875,44.60456358,-120.1924183,40.35,-119.34
"Pyke8","Urza1",0.606502521093113,46.74830998,-119.361636,40.35,-119.34
"Pyke21","Urza1",0.618652060009052,47.61803776,-119.6830115,40.35,-119.34
"Pyle1","Urza1",0.670051671268077,42.35,-118.65,40.35,-119.34
"Pyle9","Urza1",0.613606976882422,43.42,-119.62,40.35,-119.34
"Pyle10","Urza1",0.613498652571564,43.19,-120,40.35,-119.34
"Pyle15","Urza1",0.631910820727064,43.8,-119,40.35,-119.34
"Pyle17","Urza1",0.629184555818893,44.36,-118.93,40.35,-119.34
"Pyle19","Urza1",0.59906161879957,44.57,-119.65,40.35,-119.34
"Reed1","Urza1",0.619684728080227,38.52,-109.47,40.35,-119.34
"Reed3","Urza1",0.60913731998285,38.75,-109.79,40.35,-119.34
"Schupp3","Urza1",0.620323686742093,38.6,-113.79,40.35,-119.34
"Schupp4","Urza1",0.620074516221246,38.52,-113.55,40.35,-119.34
"Schupp5","Urza1",0.621179425908925,39.11,-112.74,40.35,-119.34
"Symstad1","Urza1",0.623116446562747,44.59,-104.71,40.35,-119.34
"Symstad2","Urza1",0.606232946062413,43.87,-103.46,40.35,-119.34
"Symstad3","Urza1",0.629706357341332,43.62,-103.47,40.35,-119.34
"Urza2","Urza1",0.633160799677882,40.84,-119.56,40.35,-119.34
"Wilcox2","Urza1",0.603632005310541,41.31,-105.66,40.35,-119.34
"Chynoweth2","Urza1",0.613706861278465,40.29092,-109.68361,40.35,-119.34
"Chynoweth3","Urza1",0.603819376817474,39.83576,-109.61202,40.35,-119.34
"Chynoweth5","Urza1",0.630030827947418,40.480805,-109.438229,40.35,-119.34
"Chynoweth7","Urza1",0.620406579838572,40.533605,-109.523564,40.35,-119.34
"Chynoweth8","Urza1",0.613399804703668,40.640878,-109.48689,40.35,-119.34
"Shriver2","Urza1",0.617990220496729,48,-114.04,40.35,-119.34
"Davies03","Urza1",0.610891663940476,42.68,-118.68,40.35,-119.34
"GerminoBOP1","Urza1",0.624672538783392,43.4720833,-116.2338306,40.35,-119.34
"Mancillas01","Urza1",0.60352950541008,32.368,-106.56,40.35,-119.34
"Boise_High 2022","Urza1",0.74699926536887,NA,NA,40.35,-119.34
"Boise_Low 2022","Urza1",0.832666504585277,NA,NA,40.35,-119.34
"CG PASTURE 2022","Urza1",0.7067897260806,NA,NA,40.35,-119.34
"CaseAoyamaS1 2022","Urza1",0.765960266432248,NA,NA,40.35,-119.34
"CastValley 2021","Urza1",0.795230658437285,NA,NA,40.35,-119.34
"EOARC 2022","Urza1",0.761479869763389,NA,NA,40.35,-119.34
"EnsingS1 SuRDC 2022","Urza1",0.711452046197278,NA,NA,40.35,-119.34
"EnsingS2 Summerland-Princeton 2022","Urza1",0.732471550177425,NA,NA,40.35,-119.34
"EnsingS3 Bear Creek 2022","Urza1",0.774845740456558,NA,NA,40.35,-119.34
"EnsingS4 Lundbom 2022","Urza1",0.670575786524344,NA,NA,40.35,-119.34
"FAR NORTH CPER 2022","Urza1",0.735637172936759,NA,NA,40.35,-119.34
"FtK_Cottonwood_Coulee 2021","Urza1",0.721164965222544,NA,NA,40.35,-119.34
"FtK_Lone_Pine 2021","Urza1",0.724532142735049,NA,NA,40.35,-119.34
"GoeblS1 2024","Urza1",0.78974782373529,NA,NA,40.35,-119.34
"GreenCanyon 2021","Urza1",0.722396543844497,NA,NA,40.35,-119.34
"HPGRS AGCR 2022","Urza1",0.710556694805988,NA,NA,40.35,-119.34
"HardwareRanch 2022","Urza1",0.692799372892858,NA,NA,40.35,-119.34
"K1_vanDiepen 2022","Urza1",0.64372037118889,NA,NA,40.35,-119.34
"L1_vanDiepen 2022","Urza1",0.688610408540701,NA,NA,40.35,-119.34
"MPG_IR 2021","Urza1",0.671665171413314,NA,NA,40.35,-119.34
"MPG_SR 2021","Urza1",0.675043738663149,NA,NA,40.35,-119.34
"MPG_TH 2021","Urza1",0.673702114647867,NA,NA,40.35,-119.34
"NEAR 4WAY CPER 2022","Urza1",0.739666889096221,NA,NA,40.35,-119.34
"NEAR HQ CPER 2022","Urza1",0.734507229250126,NA,NA,40.35,-119.34
"NEAR NUTNET 2022","Urza1",0.736843643922798,NA,NA,40.35,-119.34
"OttS1 2022","Urza1",0.723870214311023,NA,NA,40.35,-119.34
"PMR- Brome 2021","Urza1",0.713901841736455,NA,NA,40.35,-119.34
"Pearlwise 2024","Urza1",0.762847195566952,NA,NA,40.35,-119.34
"Peavine 2022","Urza1",0.787211639682479,NA,NA,40.35,-119.34
"Plymouth 2022","Urza1",0.820339874774345,NA,NA,40.35,-119.34
"RedBluff 2023","Urza1",0.69992057513316,NA,NA,40.35,-119.34
"Rush_Valley 2022","Urza1",0.768188201143163,NA,NA,40.35,-119.34
"SSHQ 2022","Urza1",0.675094908237214,NA,NA,40.35,-119.34
"SSHigh 2022","Urza1",0.649920606317943,NA,NA,40.35,-119.34
"SouthEden 2022","Urza1",0.675812395362453,NA,NA,40.35,-119.34
"Symstad1 2021","Urza1",0.701376866985261,NA,NA,40.35,-119.34
"Symstad2 2022","Urza1",0.703547483135569,NA,NA,40.35,-119.34
"TB FIRE 2022","Urza1",0.732798543018508,NA,NA,40.35,-119.34
"TB LC Control 2022","Urza1",0.733614785134533,NA,NA,40.35,-119.34
"TB PRAIRIE DOG 2022","Urza1",0.733322611715204,NA,NA,40.35,-119.34
"Woodruff 2022","Urza1",0.681543905550979,NA,NA,40.35,-119.34
"dino 2024","Urza1",0.725237089530876,NA,NA,40.35,-119.34
"AAFC4","Chambers4",0.616497311428556,50.08,-120.65,41.31,-117.63
"AAFC5","Chambers4",0.634697924409097,50.09,-120.45,41.31,-117.63
"AAFC6","Chambers4",0.612806742400089,50.09,-120.75,41.31,-117.63
"AAFC8","Chambers4",0.633639416635107,49.57,-120.55,41.31,-117.63
"AAFC9","Chambers4",0.629585013831334,49.62,-119.8,41.31,-117.63
"AAFC10","Chambers4",0.62969425885123,49.71,-120.05,41.31,-117.63
"Adler5","Chambers4",0.638431404513993,40.79,-111.87,41.31,-117.63
"Schupp2","Chambers4",0.621215318806195,40.2,-112.46,41.31,-117.63
"Schupp1","Chambers4",0.623159396114904,39.85,-112.15,41.31,-117.63
"Adler13","Chambers4",0.622567637047269,41.44,-111.08,41.31,-117.63
"Adler16","Chambers4",0.613494304888828,41.78,-110.2,41.31,-117.63
"Adler17","Chambers4",0.613663233340454,41.44,-110.11,41.31,-117.63
"Adler18","Chambers4",0.624831830846221,40.86,-114.22,41.31,-117.63
"Barnett1","Chambers4",0.617854394780244,43.48,-110.74,41.31,-117.63
"Baughman3","Chambers4",0.630708757850087,42.81,-118.96,41.31,-117.63
"Baughman2","Chambers4",0.643172037922034,43.05,-118.87,41.31,-117.63
"Chynoweth1","Chambers4",0.619875443529831,39.76604,-109.5635,41.31,-117.63
"Board1","Chambers4",0.610966053844208,38.84,-117.57,41.31,-117.63
"Bradford1","Chambers4",0.610532641816292,35.23,-111.62,41.31,-117.63
"Chambers1","Chambers4",0.871851389616469,39.55,-119.58,41.31,-117.63
"Chambers2","Chambers4",0.999381565604971,39.95,-118.76,41.31,-117.63
"Urza1","Chambers4",0.999488209010853,40.35,-119.34,41.31,-117.63
"Chambers4","Chambers4",1,41.31,-117.63,41.31,-117.63
"Chambers5","Chambers4",0.829447836781092,41.54,-117.75,41.31,-117.63
"Chambers6","Chambers4",0.829986528172978,41.54,-117.78,41.31,-117.63
"Chambers7","Chambers4",0.63892264924643,43.94,-116.19,41.31,-117.63
"Chambers8","Chambers4",0.613371483377984,42.24,-114.57,41.31,-117.63
"Chambers9","Chambers4",0.620000513441105,40.66,-116.73,41.31,-117.63
"Copeland1","Chambers4",0.619984358322883,43.7,-117.33,41.31,-117.63
"Copeland5","Chambers4",0.626088767219835,42.27,-118.71,41.31,-117.63
"Copeland9","Chambers4",0.613649962391809,43.47,-119.68,41.31,-117.63
"Downs1","Chambers4",0.606434437189278,46.38145,-119.430272,41.31,-117.63
"Downs2","Chambers4",0.646586447872837,46.25045,-119.53334,41.31,-117.63
"Downs3","Chambers4",0.643512858938547,45.9663,-120.3671,41.31,-117.63
"Fleishman1","Chambers4",0.627301042090528,38.47,-119.49,41.31,-117.63
"Fleishman5","Chambers4",0.613299036524975,39.12,-117.27,41.31,-117.63
"Fleishman7","Chambers4",0.613535590820981,39.17,-117.44,41.31,-117.63
"Getts1","Chambers4",0.655334202212768,41.17,-120.5,41.31,-117.63
"Getts3","Chambers4",0.621389292414327,40.43,-120.67,41.31,-117.63
"Holdrege1","Chambers4",0.617675074341393,41.61,-111.57,41.31,-117.63
"Hufft1","Chambers4",0.607996121341234,38.6701,-108.3286,41.31,-117.63
"Lavin1","Chambers4",0.627376852131385,44.68,-109.07,41.31,-117.63
"Lavin2","Chambers4",0.630660982915552,45.67,-111.03,41.31,-117.63
"Lee1","Chambers4",0.999543922218834,36.82340833,-116.0163889,41.31,-117.63
"Lee2","Chambers4",0.7911222174476,35.3984,-115.7845,41.31,-117.63
"Lee3","Chambers4",0.999538162212951,36.5247,-115.8987,41.31,-117.63
"Lee4","Chambers4",0.669976988973868,35.4564,-115.52,41.31,-117.63
"Leger1","Chambers4",0.644450316946842,39.49,-119.84,41.31,-117.63
"Maron1","Chambers4",0.619808506392825,46.68,-114.03,41.31,-117.63
"Maron2","Chambers4",0.613473573922971,46.64,-113.23,41.31,-117.63
"Porensky30","Chambers4",0.623446906236035,40.63,-105.27,41.31,-117.63
"Pyke3","Chambers4",0.632096580818068,44.60456358,-120.1924183,41.31,-117.63
"Pyke8","Chambers4",0.60628878624552,46.74830998,-119.361636,41.31,-117.63
"Pyke21","Chambers4",0.618469319544144,47.61803776,-119.6830115,41.31,-117.63
"Pyle1","Chambers4",0.6698873305661,42.35,-118.65,41.31,-117.63
"Pyle9","Chambers4",0.613460294690118,43.42,-119.62,41.31,-117.63
"Pyle10","Chambers4",0.613370792194877,43.19,-120,41.31,-117.63
"Pyle15","Chambers4",0.631710524444086,43.8,-119,41.31,-117.63
"Pyle17","Chambers4",0.628980559961056,44.36,-118.93,41.31,-117.63
"Pyle19","Chambers4",0.598903647616691,44.57,-119.65,41.31,-117.63
"Reed1","Chambers4",0.619535545985011,38.52,-109.47,41.31,-117.63
"Reed3","Chambers4",0.608998230845304,38.75,-109.79,41.31,-117.63
"Schupp3","Chambers4",0.620150024193765,38.6,-113.79,41.31,-117.63
"Schupp4","Chambers4",0.619887570112358,38.52,-113.55,41.31,-117.63
"Schupp5","Chambers4",0.620989843826909,39.11,-112.74,41.31,-117.63
"Symstad1","Chambers4",0.622924266310595,44.59,-104.71,41.31,-117.63
"Symstad2","Chambers4",0.606122534211356,43.87,-103.46,41.31,-117.63
"Symstad3","Chambers4",0.629542850734607,43.62,-103.47,41.31,-117.63
"Urza2","Chambers4",0.632943860898463,40.84,-119.56,41.31,-117.63
"Wilcox2","Chambers4",0.603502777026619,41.31,-105.66,41.31,-117.63
"Chynoweth2","Chambers4",0.613578966558981,40.29092,-109.68361,41.31,-117.63
"Chynoweth3","Chambers4",0.603690068787995,39.83576,-109.61202,41.31,-117.63
"Chynoweth5","Chambers4",0.629889425704664,40.480805,-109.438229,41.31,-117.63
"Chynoweth7","Chambers4",0.620219433977262,40.533605,-109.523564,41.31,-117.63
"Chynoweth8","Chambers4",0.613272018888958,40.640878,-109.48689,41.31,-117.63
"Shriver2","Chambers4",0.617807516319263,48,-114.04,41.31,-117.63
"Davies03","Chambers4",0.610780522133822,42.68,-118.68,41.31,-117.63
"GerminoBOP1","Chambers4",0.624519985097034,43.4720833,-116.2338306,41.31,-117.63
"Mancillas01","Chambers4",0.603303772978817,32.368,-106.56,41.31,-117.63
"Boise_High 2022","Chambers4",0.74681793251717,NA,NA,41.31,-117.63
"Boise_Low 2022","Chambers4",0.83252794642731,NA,NA,41.31,-117.63
"CG PASTURE 2022","Chambers4",0.70659638477763,NA,NA,41.31,-117.63
"CaseAoyamaS1 2022","Chambers4",0.765774286294898,NA,NA,41.31,-117.63
"CastValley 2021","Chambers4",0.795095291556728,NA,NA,41.31,-117.63
"EOARC 2022","Chambers4",0.761293223055269,NA,NA,41.31,-117.63
"EnsingS1 SuRDC 2022","Chambers4",0.711255213913113,NA,NA,41.31,-117.63
"EnsingS2 Summerland-Princeton 2022","Chambers4",0.732275132926931,NA,NA,41.31,-117.63
"EnsingS3 Bear Creek 2022","Chambers4",0.774668860620194,NA,NA,41.31,-117.63
"EnsingS4 Lundbom 2022","Chambers4",0.670355051529139,NA,NA,41.31,-117.63
"FAR NORTH CPER 2022","Chambers4",0.735451575677385,NA,NA,41.31,-117.63
"FtK_Cottonwood_Coulee 2021","Chambers4",0.720961521669698,NA,NA,41.31,-117.63
"FtK_Lone_Pine 2021","Chambers4",0.72432972080758,NA,NA,41.31,-117.63
"GoeblS1 2024","Chambers4",0.78957540776839,NA,NA,41.31,-117.63
"GreenCanyon 2021","Chambers4",0.72219460722921,NA,NA,41.31,-117.63
"HPGRS AGCR 2022","Chambers4",0.710364376192826,NA,NA,41.31,-117.63
"HardwareRanch 2022","Chambers4",0.692592594073212,NA,NA,41.31,-117.63
"K1_vanDiepen 2022","Chambers4",0.643499943954059,NA,NA,41.31,-117.63
"L1_vanDiepen 2022","Chambers4",0.688397444572468,NA,NA,41.31,-117.63
"MPG_IR 2021","Chambers4",0.671449655320266,NA,NA,41.31,-117.63
"MPG_SR 2021","Chambers4",0.674828624036895,NA,NA,41.31,-117.63
"MPG_TH 2021","Chambers4",0.673486680732499,NA,NA,41.31,-117.63
"NEAR 4WAY CPER 2022","Chambers4",0.739482520338975,NA,NA,41.31,-117.63
"NEAR HQ CPER 2022","Chambers4",0.734321125291071,NA,NA,41.31,-117.63
"NEAR NUTNET 2022","Chambers4",0.736658436044187,NA,NA,41.31,-117.63
"OttS1 2022","Chambers4",0.723672977974489,NA,NA,41.31,-117.63
"PMR- Brome 2021","Chambers4",0.71370917446033,NA,NA,41.31,-117.63
"Pearlwise 2024","Chambers4",0.762673281339602,NA,NA,41.31,-117.63
"Peavine 2022","Chambers4",0.7870624568176,NA,NA,41.31,-117.63
"Plymouth 2022","Chambers4",0.820200782192697,NA,NA,41.31,-117.63
"RedBluff 2023","Chambers4",0.699713392770587,NA,NA,41.31,-117.63
"Rush_Valley 2022","Chambers4",0.768003690649566,NA,NA,41.31,-117.63
"SSHQ 2022","Chambers4",0.674880560043839,NA,NA,41.31,-117.63
"SSHigh 2022","Chambers4",0.649703355737208,NA,NA,41.31,-117.63
"SouthEden 2022","Chambers4",0.675597539008089,NA,NA,41.31,-117.63
"Symstad1 2021","Chambers4",0.701176495438633,NA,NA,41.31,-117.63
"Symstad2 2022","Chambers4",0.703347448142117,NA,NA,41.31,-117.63
"TB FIRE 2022","Chambers4",0.73260202952742,NA,NA,41.31,-117.63
"TB LC Control 2022","Chambers4",0.733418457209662,NA,NA,41.31,-117.63
"TB PRAIRIE DOG 2022","Chambers4",0.733126193975622,NA,NA,41.31,-117.63
"Woodruff 2022","Chambers4",0.681325982390329,NA,NA,41.31,-117.63
"dino 2024","Chambers4",0.725044409815806,NA,NA,41.31,-117.63
"AAFC4","Chambers5",0.613190058188764,50.08,-120.65,41.54,-117.75
"AAFC5","Chambers5",0.630124876381827,50.09,-120.45,41.54,-117.75
"AAFC6","Chambers5",0.60953495958562,50.09,-120.75,41.54,-117.75
"AAFC8","Chambers5",0.628866982730081,49.57,-120.55,41.54,-117.75
"AAFC9","Chambers5",0.625558118731769,49.62,-119.8,41.54,-117.75
"AAFC10","Chambers5",0.625657150641482,49.71,-120.05,41.54,-117.75
"Adler5","Chambers5",0.635017628813346,40.79,-111.87,41.54,-117.75
"Schupp2","Chambers5",0.617430595532704,40.2,-112.46,41.54,-117.75
"Schupp1","Chambers5",0.619420092423233,39.85,-112.15,41.54,-117.75
"Adler13","Chambers5",0.618223010242447,41.44,-111.08,41.54,-117.75
"Adler16","Chambers5",0.609171155223277,41.78,-110.2,41.54,-117.75
"Adler17","Chambers5",0.609356161762243,41.44,-110.11,41.54,-117.75
"Adler18","Chambers5",0.620157842262045,40.86,-114.22,41.54,-117.75
"Barnett1","Chambers5",0.613609633276243,43.48,-110.74,41.54,-117.75
"Baughman3","Chambers5",0.626355967118334,42.81,-118.96,41.54,-117.75
"Baughman2","Chambers5",0.638557823114641,43.05,-118.87,41.54,-117.75
"Chynoweth1","Chambers5",0.615682187106391,39.76604,-109.5635,41.54,-117.75
"Board1","Chambers5",0.606839132554068,38.84,-117.57,41.54,-117.75
"Bradford1","Chambers5",0.60641748680459,35.23,-111.62,41.54,-117.75
"Chambers1","Chambers5",0.820158107005962,39.55,-119.58,41.54,-117.75
"Chambers2","Chambers5",0.829133526504677,39.95,-118.76,41.54,-117.75
"Urza1","Chambers5",0.82943374983873,40.35,-119.34,41.54,-117.75
"Chambers4","Chambers5",0.829447836781092,41.31,-117.63,41.54,-117.75
"Chambers5","Chambers5",1,41.54,-117.75,41.54,-117.75
"Chambers6","Chambers5",0.999352289346349,41.54,-117.78,41.54,-117.75
"Chambers7","Chambers5",0.635205370879877,43.94,-116.19,41.54,-117.75
"Chambers8","Chambers5",0.60947330271552,42.24,-114.57,41.54,-117.75
"Chambers9","Chambers5",0.615815944164176,40.66,-116.73,41.54,-117.75
"Copeland1","Chambers5",0.615819323166364,43.7,-117.33,41.54,-117.75
"Copeland5","Chambers5",0.621657626579458,42.27,-118.71,41.54,-117.75
"Copeland9","Chambers5",0.609356942031667,43.47,-119.68,41.54,-117.75
"Downs1","Chambers5",0.602460175286672,46.38145,-119.430272,41.54,-117.75
"Downs2","Chambers5",0.643897159669758,46.25045,-119.53334,41.54,-117.75
"Downs3","Chambers5",0.640384038359382,45.9663,-120.3671,41.54,-117.75
"Fleishman1","Chambers5",0.623420711158715,38.47,-119.49,41.54,-117.75
"Fleishman5","Chambers5",0.60918687659847,39.12,-117.27,41.54,-117.75
"Fleishman7","Chambers5",0.60955538988196,39.17,-117.44,41.54,-117.75
"Getts1","Chambers5",0.651554556960123,41.17,-120.5,41.54,-117.75
"Getts3","Chambers5",0.617396655737899,40.43,-120.67,41.54,-117.75
"Holdrege1","Chambers5",0.613417380066098,41.61,-111.57,41.54,-117.75
"Hufft1","Chambers5",0.604129829523052,38.6701,-108.3286,41.54,-117.75
"Lavin1","Chambers5",0.623392545700233,44.68,-109.07,41.54,-117.75
"Lavin2","Chambers5",0.626664709728114,45.67,-111.03,41.54,-117.75
"Lee1","Chambers5",0.829388354617205,36.82340833,-116.0163889,41.54,-117.75
"Lee2","Chambers5",0.786251041865356,35.3984,-115.7845,41.54,-117.75
"Lee3","Chambers5",0.829355380300352,36.5247,-115.8987,41.54,-117.75
"Lee4","Chambers5",0.66678315228831,35.4564,-115.52,41.54,-117.75
"Leger1","Chambers5",0.641082361745653,39.49,-119.84,41.54,-117.75
"Maron1","Chambers5",0.61569389260336,46.68,-114.03,41.54,-117.75
"Maron2","Chambers5",0.609172373490048,46.64,-113.23,41.54,-117.75
"Porensky30","Chambers5",0.619255073316278,40.63,-105.27,41.54,-117.75
"Pyke3","Chambers5",0.627906416599374,44.60456358,-120.1924183,41.54,-117.75
"Pyke8","Chambers5",0.602259551414971,46.74830998,-119.361636,41.54,-117.75
"Pyke21","Chambers5",0.614377254838269,47.61803776,-119.6830115,41.54,-117.75
"Pyle1","Chambers5",0.665069817270611,42.35,-118.65,41.54,-117.75
"Pyle9","Chambers5",0.609180072438099,43.42,-119.62,41.54,-117.75
"Pyle10","Chambers5",0.609265240787644,43.19,-120,41.54,-117.75
"Pyle15","Chambers5",0.62723975666627,43.8,-119,41.54,-117.75
"Pyle17","Chambers5",0.624848273925866,44.36,-118.93,41.54,-117.75
"Pyle19","Chambers5",0.59528594503318,44.57,-119.65,41.54,-117.75
"Reed1","Chambers5",0.615431206918673,38.52,-109.47,41.54,-117.75
"Reed3","Chambers5",0.605119932244947,38.75,-109.79,41.54,-117.75
"Schupp3","Chambers5",0.616893096717437,38.6,-113.79,41.54,-117.75
"Schupp4","Chambers5",0.615703578247365,38.52,-113.55,41.54,-117.75
"Schupp5","Chambers5",0.616569965244179,39.11,-112.74,41.54,-117.75
"Symstad1","Chambers5",0.619376857220592,44.59,-104.71,41.54,-117.75
"Symstad2","Chambers5",0.601766325884066,43.87,-103.46,41.54,-117.75
"Symstad3","Chambers5",0.625561264816102,43.62,-103.47,41.54,-117.75
"Urza2","Chambers5",0.628616416152517,40.84,-119.56,41.54,-117.75
"Wilcox2","Chambers5",0.599454402338484,41.31,-105.66,41.54,-117.75
"Chynoweth2","Chambers5",0.609481767344614,40.29092,-109.68361,41.54,-117.75
"Chynoweth3","Chambers5",0.599644574281079,39.83576,-109.61202,41.54,-117.75
"Chynoweth5","Chambers5",0.625216891447308,40.480805,-109.438229,41.54,-117.75
"Chynoweth7","Chambers5",0.616058400992411,40.533605,-109.523564,41.54,-117.75
"Chynoweth8","Chambers5",0.609148627756752,40.640878,-109.48689,41.54,-117.75
"Shriver2","Chambers5",0.613587953433783,48,-114.04,41.54,-117.75
"Davies03","Chambers5",0.606660144669636,42.68,-118.68,41.54,-117.75
"GerminoBOP1","Chambers5",0.61997305196789,43.4720833,-116.2338306,41.54,-117.75
"Mancillas01","Chambers5",0.599367163076448,32.368,-106.56,41.54,-117.75
"Boise_High 2022","Chambers5",0.739534658683429,NA,NA,41.54,-117.75
"Boise_Low 2022","Chambers5",0.813969205130783,NA,NA,41.54,-117.75
"CG PASTURE 2022","Chambers5",0.701793771184724,NA,NA,41.54,-117.75
"CaseAoyamaS1 2022","Chambers5",0.755222402380821,NA,NA,41.54,-117.75
"CastValley 2021","Chambers5",0.780309598419827,NA,NA,41.54,-117.75
"EOARC 2022","Chambers5",0.75133185213432,NA,NA,41.54,-117.75
"EnsingS1 SuRDC 2022","Chambers5",0.707165882003712,NA,NA,41.54,-117.75
"EnsingS2 Summerland-Princeton 2022","Chambers5",0.725199049732981,NA,NA,41.54,-117.75
"EnsingS3 Bear Creek 2022","Chambers5",0.764607640183392,NA,NA,41.54,-117.75
"EnsingS4 Lundbom 2022","Chambers5",0.665843707802147,NA,NA,41.54,-117.75
"FAR NORTH CPER 2022","Chambers5",0.728166789111988,NA,NA,41.54,-117.75
"FtK_Cottonwood_Coulee 2021","Chambers5",0.713705921999093,NA,NA,41.54,-117.75
"FtK_Lone_Pine 2021","Chambers5",0.716732827806574,NA,NA,41.54,-117.75
"GoeblS1 2024","Chambers5",0.775756413267757,NA,NA,41.54,-117.75
"GreenCanyon 2021","Chambers5",0.715802183172993,NA,NA,41.54,-117.75
"HPGRS AGCR 2022","Chambers5",0.705251069908334,NA,NA,41.54,-117.75
"HardwareRanch 2022","Chambers5",0.68868143863048,NA,NA,41.54,-117.75
"K1_vanDiepen 2022","Chambers5",0.641145569486389,NA,NA,41.54,-117.75
"L1_vanDiepen 2022","Chambers5",0.683599654010702,NA,NA,41.54,-117.75
"MPG_IR 2021","Chambers5",0.667756428139417,NA,NA,41.54,-117.75
"MPG_SR 2021","Chambers5",0.670886495462353,NA,NA,41.54,-117.75
"MPG_TH 2021","Chambers5",0.669620485892185,NA,NA,41.54,-117.75
"NEAR 4WAY CPER 2022","Chambers5",0.731761482121356,NA,NA,41.54,-117.75
"NEAR HQ CPER 2022","Chambers5",0.727110341659514,NA,NA,41.54,-117.75
"NEAR NUTNET 2022","Chambers5",0.729226617078028,NA,NA,41.54,-117.75
"OttS1 2022","Chambers5",0.717014520739741,NA,NA,41.54,-117.75
"PMR- Brome 2021","Chambers5",0.708300693416207,NA,NA,41.54,-117.75
"Pearlwise 2024","Chambers5",0.754036364879455,NA,NA,41.54,-117.75
"Peavine 2022","Chambers5",0.775500380614302,NA,NA,41.54,-117.75
"Plymouth 2022","Chambers5",0.802617453575736,NA,NA,41.54,-117.75
"RedBluff 2023","Chambers5",0.694270151017675,NA,NA,41.54,-117.75
"Rush_Valley 2022","Chambers5",0.757181178324679,NA,NA,41.54,-117.75
"SSHQ 2022","Chambers5",0.671131438065522,NA,NA,41.54,-117.75
"SSHigh 2022","Chambers5",0.647810803357196,NA,NA,41.54,-117.75
"SouthEden 2022","Chambers5",0.672044644767014,NA,NA,41.54,-117.75
"Symstad1 2021","Chambers5",0.695844400508402,NA,NA,41.54,-117.75
"Symstad2 2022","Chambers5",0.697827149381307,NA,NA,41.54,-117.75
"TB FIRE 2022","Chambers5",0.724966205605375,NA,NA,41.54,-117.75
"TB LC Control 2022","Chambers5",0.725686150376914,NA,NA,41.54,-117.75
"TB PRAIRIE DOG 2022","Chambers5",0.725427698470859,NA,NA,41.54,-117.75
"Woodruff 2022","Chambers5",0.676553740149124,NA,NA,41.54,-117.75
"dino 2024","Chambers5",0.716791895868458,NA,NA,41.54,-117.75
"AAFC4","Chambers6",0.613182482082621,50.08,-120.65,41.54,-117.78
"AAFC5","Chambers6",0.630091567666924,50.09,-120.45,41.54,-117.78
"AAFC6","Chambers6",0.609490917438,50.09,-120.75,41.54,-117.78
"AAFC8","Chambers6",0.628899909754837,49.57,-120.55,41.54,-117.78
"AAFC9","Chambers6",0.62559181090395,49.62,-119.8,41.54,-117.78
"AAFC10","Chambers6",0.625691099124387,49.71,-120.05,41.54,-117.78
"Adler5","Chambers6",0.63494881273096,40.79,-111.87,41.54,-117.78
"Schupp2","Chambers6",0.617364331562199,40.2,-112.46,41.54,-117.78
"Schupp1","Chambers6",0.619446314911757,39.85,-112.15,41.54,-117.78
"Adler13","Chambers6",0.6182653055888,41.44,-111.08,41.54,-117.78
"Adler16","Chambers6",0.609166876949402,41.78,-110.2,41.54,-117.78
"Adler17","Chambers6",0.609351860149016,41.44,-110.11,41.54,-117.78
"Adler18","Chambers6",0.620107551703228,40.86,-114.22,41.54,-117.78
"Barnett1","Chambers6",0.613555643883601,43.48,-110.74,41.54,-117.78
"Baughman3","Chambers6",0.626283950317508,42.81,-118.96,41.54,-117.78
"Baughman2","Chambers6",0.638530076282625,43.05,-118.87,41.54,-117.78
"Chynoweth1","Chambers6",0.615735858649908,39.76604,-109.5635,41.54,-117.78
"Board1","Chambers6",0.606845191629739,38.84,-117.57,41.54,-117.78
"Bradford1","Chambers6",0.606423633858353,35.23,-111.62,41.54,-117.78
"Chambers1","Chambers6",0.82051996144932,39.55,-119.58,41.54,-117.78
"Chambers2","Chambers6",0.829672379950531,39.95,-118.76,41.54,-117.78
"Urza1","Chambers6",0.829972088803539,40.35,-119.34,41.54,-117.78
"Chambers4","Chambers6",0.829986528172978,41.31,-117.63,41.54,-117.78
"Chambers5","Chambers6",0.999352289346349,41.54,-117.75,41.54,-117.78
"Chambers6","Chambers6",0.999999999999999,41.54,-117.78,41.54,-117.78
"Chambers7","Chambers6",0.635240581627358,43.94,-116.19,41.54,-117.78
"Chambers8","Chambers6",0.609433971443407,42.24,-114.57,41.54,-117.78
"Chambers9","Chambers6",0.615869623589231,40.66,-116.73,41.54,-117.78
"Copeland1","Chambers6",0.615872919604671,43.7,-117.33,41.54,-117.78
"Copeland5","Chambers6",0.62162885445084,42.27,-118.71,41.54,-117.78
"Copeland9","Chambers6",0.609352575930359,43.47,-119.68,41.54,-117.78
"Downs1","Chambers6",0.602392186639043,46.38145,-119.430272,41.54,-117.78
"Downs2","Chambers6",0.643835963097069,46.25045,-119.53334,41.54,-117.78
"Downs3","Chambers6",0.640396652703277,45.9663,-120.3671,41.54,-117.78
"Fleishman1","Chambers6",0.62343358372028,38.47,-119.49,41.54,-117.78
"Fleishman5","Chambers6",0.609161728567656,39.12,-117.27,41.54,-117.78
"Fleishman7","Chambers6",0.609543410047925,39.17,-117.44,41.54,-117.78
"Getts1","Chambers6",0.651608253574275,41.17,-120.5,41.54,-117.78
"Getts3","Chambers6",0.617371710648981,40.43,-120.67,41.54,-117.78
"Holdrege1","Chambers6",0.613363503958572,41.61,-111.57,41.54,-117.78
"Hufft1","Chambers6",0.6041379489451,38.6701,-108.3286,41.54,-117.78
"Lavin1","Chambers6",0.623411976877397,44.68,-109.07,41.54,-117.78
"Lavin2","Chambers6",0.6266490643743,45.67,-111.03,41.54,-117.78
"Lee1","Chambers6",0.829926981750339,36.82340833,-116.0163889,41.54,-117.78
"Lee2","Chambers6",0.786449651013165,35.3984,-115.7845,41.54,-117.78
"Lee3","Chambers6",0.829894244761392,36.5247,-115.8987,41.54,-117.78
"Lee4","Chambers6",0.666905197178417,35.4564,-115.52,41.54,-117.78
"Leger1","Chambers6",0.641047146998698,39.49,-119.84,41.54,-117.78
"Maron1","Chambers6",0.615731619366696,46.68,-114.03,41.54,-117.78
"Maron2","Chambers6",0.609168041665965,46.64,-113.23,41.54,-117.78
"Porensky30","Chambers6",0.619224541003079,40.63,-105.27,41.54,-117.78
"Pyke3","Chambers6",0.627870517674878,44.60456358,-120.1924183,41.54,-117.78
"Pyke8","Chambers6",0.602195389626251,46.74830998,-119.361636,41.54,-117.78
"Pyke21","Chambers6",0.614301479746004,47.61803776,-119.6830115,41.54,-117.78
"Pyle1","Chambers6",0.665043775355729,42.35,-118.65,41.54,-117.78
"Pyle9","Chambers6",0.609175800065502,43.42,-119.62,41.54,-117.78
"Pyle10","Chambers6",0.609240078044063,43.19,-120,41.54,-117.78
"Pyle15","Chambers6",0.627237311981623,43.8,-119,41.54,-117.78
"Pyle17","Chambers6",0.624845955355291,44.36,-118.93,41.54,-117.78
"Pyle19","Chambers6",0.595251700222768,44.57,-119.65,41.54,-117.78
"Reed1","Chambers6",0.615455972888118,38.52,-109.47,41.54,-117.78
"Reed3","Chambers6",0.605119353906808,38.75,-109.79,41.54,-117.78
"Schupp3","Chambers6",0.616935949282476,38.6,-113.79,41.54,-117.78
"Schupp4","Chambers6",0.615757259587941,38.52,-113.55,41.54,-117.78
"Schupp5","Chambers6",0.616622968685854,39.11,-112.74,41.54,-117.78
"Symstad1","Chambers6",0.619350865900393,44.59,-104.71,41.54,-117.78
"Symstad2","Chambers6",0.6017852189239,43.87,-103.46,41.54,-117.78
"Symstad3","Chambers6",0.62555976817755,43.62,-103.47,41.54,-117.78
"Urza2","Chambers6",0.628586463169388,40.84,-119.56,41.54,-117.78
"Wilcox2","Chambers6",0.599451802121305,41.31,-105.66,41.54,-117.78
"Chynoweth2","Chambers6",0.609456523861944,40.29092,-109.68361,41.54,-117.78
"Chynoweth3","Chambers6",0.599641838901018,39.83576,-109.61202,41.54,-117.78
"Chynoweth5","Chambers6",0.625182671338651,40.480805,-109.438229,41.54,-117.78
"Chynoweth7","Chambers6",0.616111948253122,40.533605,-109.523564,41.54,-117.78
"Chynoweth8","Chambers6",0.60912366310848,40.640878,-109.48689,41.54,-117.78
"Shriver2","Chambers6",0.613533942405264,48,-114.04,41.54,-117.78
"Davies03","Chambers6",0.606666269448436,42.68,-118.68,41.54,-117.78
"GerminoBOP1","Chambers6",0.620022159079194,43.4720833,-116.2338306,41.54,-117.78
"Mancillas01","Chambers6",0.599331325959945,32.368,-106.56,41.54,-117.78
"Boise_High 2022","Chambers6",0.739552699422638,NA,NA,41.54,-117.78
"Boise_Low 2022","Chambers6",0.81410049970582,NA,NA,41.54,-117.78
"CG PASTURE 2022","Chambers6",0.701778967300253,NA,NA,41.54,-117.78
"CaseAoyamaS1 2022","Chambers6",0.755258793616981,NA,NA,41.54,-117.78
"CastValley 2021","Chambers6",0.780426776649338,NA,NA,41.54,-117.78
"EOARC 2022","Chambers6",0.751363357199198,NA,NA,41.54,-117.78
"EnsingS1 SuRDC 2022","Chambers6",0.707158909489974,NA,NA,41.54,-117.78
"EnsingS2 Summerland-Princeton 2022","Chambers6",0.725211582535278,NA,NA,41.54,-117.78
"EnsingS3 Bear Creek 2022","Chambers6",0.7646601119633,NA,NA,41.54,-117.78
"EnsingS4 Lundbom 2022","Chambers6",0.665810686386873,NA,NA,41.54,-117.78
"FAR NORTH CPER 2022","Chambers6",0.728177744764819,NA,NA,41.54,-117.78
"FtK_Cottonwood_Coulee 2021","Chambers6",0.71370595447294,NA,NA,41.54,-117.78
"FtK_Lone_Pine 2021","Chambers6",0.716736257931737,NA,NA,41.54,-117.78
"GoeblS1 2024","Chambers6",0.775835575461339,NA,NA,41.54,-117.78
"GreenCanyon 2021","Chambers6",0.715809202502568,NA,NA,41.54,-117.78
"HPGRS AGCR 2022","Chambers6",0.705239151547962,NA,NA,41.54,-117.78
"HardwareRanch 2022","Chambers6",0.688661666830293,NA,NA,41.54,-117.78
"K1_vanDiepen 2022","Chambers6",0.641102373600901,NA,NA,41.54,-117.78
"L1_vanDiepen 2022","Chambers6",0.683579371009747,NA,NA,41.54,-117.78
"MPG_IR 2021","Chambers6",0.667729419896373,NA,NA,41.54,-117.78
"MPG_SR 2021","Chambers6",0.67086141106772,NA,NA,41.54,-117.78
"MPG_TH 2021","Chambers6",0.669594875354826,NA,NA,41.54,-117.78
"NEAR 4WAY CPER 2022","Chambers6",0.731776963527605,NA,NA,41.54,-117.78
"NEAR HQ CPER 2022","Chambers6",0.727120718936447,NA,NA,41.54,-117.78
"NEAR NUTNET 2022","Chambers6",0.729238964978805,NA,NA,41.54,-117.78
"OttS1 2022","Chambers6",0.71701581062222,NA,NA,41.54,-117.78
"PMR- Brome 2021","Chambers6",0.708295263271186,NA,NA,41.54,-117.78
"Pearlwise 2024","Chambers6",0.754071322454291,NA,NA,41.54,-117.78
"Peavine 2022","Chambers6",0.77557363867773,NA,NA,41.54,-117.78
"Plymouth 2022","Chambers6",0.8027380600034,NA,NA,41.54,-117.78
"RedBluff 2023","Chambers6",0.694256139453845,NA,NA,41.54,-117.78
"Rush_Valley 2022","Chambers6",0.757236026760448,NA,NA,41.54,-117.78
"SSHQ 2022","Chambers6",0.671101603503945,NA,NA,41.54,-117.78
"SSHigh 2022","Chambers6",0.647765296090429,NA,NA,41.54,-117.78
"SouthEden 2022","Chambers6",0.672013460540445,NA,NA,41.54,-117.78
"Symstad1 2021","Chambers6",0.69583207351109,NA,NA,41.54,-117.78
"Symstad2 2022","Chambers6",0.697816664084623,NA,NA,41.54,-117.78
"TB FIRE 2022","Chambers6",0.724973532499756,NA,NA,41.54,-117.78
"TB LC Control 2022","Chambers6",0.725694355860428,NA,NA,41.54,-117.78
"TB PRAIRIE DOG 2022","Chambers6",0.725435568877196,NA,NA,41.54,-117.78
"Woodruff 2022","Chambers6",0.676529489379223,NA,NA,41.54,-117.78
"dino 2024","Chambers6",0.716816972503056,NA,NA,41.54,-117.78
"AAFC4","Chambers7",0.693747258977958,50.08,-120.65,43.94,-116.19
"AAFC5","Chambers7",0.694836148103341,50.09,-120.45,43.94,-116.19
"AAFC6","Chambers7",0.697698422222656,50.09,-120.75,43.94,-116.19
"AAFC8","Chambers7",0.731301278413409,49.57,-120.55,43.94,-116.19
"AAFC9","Chambers7",0.682625461048891,49.62,-119.8,43.94,-116.19
"AAFC10","Chambers7",0.682802285289379,49.71,-120.05,43.94,-116.19
"Adler5","Chambers7",0.696156291845271,40.79,-111.87,43.94,-116.19
"Schupp2","Chambers7",0.685025108048258,40.2,-112.46,43.94,-116.19
"Schupp1","Chambers7",0.70757845451472,39.85,-112.15,43.94,-116.19
"Adler13","Chambers7",0.72504132702287,41.44,-111.08,43.94,-116.19
"Adler16","Chambers7",0.699633189618449,41.78,-110.2,43.94,-116.19
"Adler17","Chambers7",0.699809492600738,41.44,-110.11,43.94,-116.19
"Adler18","Chambers7",0.669150734621678,40.86,-114.22,43.94,-116.19
"Barnett1","Chambers7",0.67582439313376,43.48,-110.74,43.94,-116.19
"Baughman3","Chambers7",0.697368373337984,42.81,-118.96,43.94,-116.19
"Baughman2","Chambers7",0.703900539363408,43.05,-118.87,43.94,-116.19
"Chynoweth1","Chambers7",0.71592163951372,39.76604,-109.5635,43.94,-116.19
"Board1","Chambers7",0.667753619380491,38.84,-117.57,43.94,-116.19
"Bradford1","Chambers7",0.667283599684348,35.23,-111.62,43.94,-116.19
"Chambers1","Chambers7",0.646351922720534,39.55,-119.58,43.94,-116.19
"Chambers2","Chambers7",0.638901376245372,39.95,-118.76,43.94,-116.19
"Urza1","Chambers7",0.639100083493796,40.35,-119.34,43.94,-116.19
"Chambers4","Chambers7",0.63892264924643,41.31,-117.63,43.94,-116.19
"Chambers5","Chambers7",0.635205370879877,41.54,-117.75,43.94,-116.19
"Chambers6","Chambers7",0.635240581627358,41.54,-117.78,43.94,-116.19
"Chambers7","Chambers7",0.999999999999999,43.94,-116.19,43.94,-116.19
"Chambers8","Chambers7",0.675443171034146,42.24,-114.57,43.94,-116.19
"Chambers9","Chambers7",0.715979792411719,40.66,-116.73,43.94,-116.19
"Copeland1","Chambers7",0.716003591067038,43.7,-117.33,43.94,-116.19
"Copeland5","Chambers7",0.689906567587996,42.27,-118.71,43.94,-116.19
"Copeland9","Chambers7",0.69982567846941,43.47,-119.68,43.94,-116.19
"Downs1","Chambers7",0.660959375580939,46.38145,-119.430272,43.94,-116.19
"Downs2","Chambers7",0.676491125446598,46.25045,-119.53334,43.94,-116.19
"Downs3","Chambers7",0.661663523607523,45.9663,-120.3671,43.94,-116.19
"Fleishman1","Chambers7",0.749332217387749,38.47,-119.49,43.94,-116.19
"Fleishman5","Chambers7",0.67052861760554,39.12,-117.27,43.94,-116.19
"Fleishman7","Chambers7",0.668612072887938,39.17,-117.44,43.94,-116.19
"Getts1","Chambers7",0.671355153330601,41.17,-120.5,43.94,-116.19
"Getts3","Chambers7",0.683451806428069,40.43,-120.67,43.94,-116.19
"Holdrege1","Chambers7",0.675612146620633,41.61,-111.57,43.94,-116.19
"Hufft1","Chambers7",0.671866499474635,38.6701,-108.3286,43.94,-116.19
"Lavin1","Chambers7",0.717793193420663,44.68,-109.07,43.94,-116.19
"Lavin2","Chambers7",0.698008670648294,45.67,-111.03,43.94,-116.19
"Lee1","Chambers7",0.638946007468889,36.82340833,-116.0163889,43.94,-116.19
"Lee2","Chambers7",0.632088283871108,35.3984,-115.7845,43.94,-116.19
"Lee3","Chambers7",0.638837039955041,36.5247,-115.8987,43.94,-116.19
"Lee4","Chambers7",0.636771069077816,35.4564,-115.52,43.94,-116.19
"Leger1","Chambers7",0.648927731133702,39.49,-119.84,43.94,-116.19
"Maron1","Chambers7",0.710050443848451,46.68,-114.03,43.94,-116.19
"Maron2","Chambers7",0.69959542511886,46.64,-113.23,43.94,-116.19
"Porensky30","Chambers7",0.695459088293306,40.63,-105.27,43.94,-116.19
"Pyke3","Chambers7",0.689223138350646,44.60456358,-120.1924183,43.94,-116.19
"Pyke8","Chambers7",0.653835027352184,46.74830998,-119.361636,43.94,-116.19
"Pyke21","Chambers7",0.689355126105189,47.61803776,-119.6830115,43.94,-116.19
"Pyle1","Chambers7",0.736281210839295,42.35,-118.65,43.94,-116.19
"Pyle9","Chambers7",0.699569416447059,43.42,-119.62,43.94,-116.19
"Pyle10","Chambers7",0.670690316347955,43.19,-120,43.94,-116.19
"Pyle15","Chambers7",0.718772022846587,43.8,-119,43.94,-116.19
"Pyle17","Chambers7",0.689130177967051,44.36,-118.93,43.94,-116.19
"Pyle19","Chambers7",0.677314118941016,44.57,-119.65,43.94,-116.19
"Reed1","Chambers7",0.687190330865291,38.52,-109.47,43.94,-116.19
"Reed3","Chambers7",0.697935718260597,38.75,-109.79,43.94,-116.19
"Schupp3","Chambers7",0.685465977223224,38.6,-113.79,43.94,-116.19
"Schupp4","Chambers7",0.715862801940791,38.52,-113.55,43.94,-116.19
"Schupp5","Chambers7",0.709747077678165,39.11,-112.74,43.94,-116.19
"Symstad1","Chambers7",0.710959726663862,44.59,-104.71,43.94,-116.19
"Symstad2","Chambers7",0.681492295126361,43.87,-103.46,43.94,-116.19
"Symstad3","Chambers7",0.822566480622096,43.62,-103.47,43.94,-116.19
"Urza2","Chambers7",0.736734703236946,40.84,-119.56,43.94,-116.19
"Wilcox2","Chambers7",0.659305526424115,41.31,-105.66,43.94,-116.19
"Chynoweth2","Chambers7",0.670935277412058,40.29092,-109.68361,43.94,-116.19
"Chynoweth3","Chambers7",0.659622421382868,39.83576,-109.61202,43.94,-116.19
"Chynoweth5","Chambers7",0.688923264719813,40.480805,-109.438229,43.94,-116.19
"Chynoweth7","Chambers7",0.716385651655518,40.533605,-109.523564,43.94,-116.19
"Chynoweth8","Chambers7",0.670551879533692,40.640878,-109.48689,43.94,-116.19
"Shriver2","Chambers7",0.675820455690709,48,-114.04,43.94,-116.19
"Davies03","Chambers7",0.667591084180462,42.68,-118.68,43.94,-116.19
"GerminoBOP1","Chambers7",0.732801203706,43.4720833,-116.2338306,43.94,-116.19
"Mancillas01","Chambers7",0.678734201577677,32.368,-106.56,43.94,-116.19
"Boise_High 2022","Chambers7",0.77897340607835,NA,NA,43.94,-116.19
"Boise_Low 2022","Chambers7",0.760372656269664,NA,NA,43.94,-116.19
"CG PASTURE 2022","Chambers7",0.793482564647093,NA,NA,43.94,-116.19
"CaseAoyamaS1 2022","Chambers7",0.784246862471106,NA,NA,43.94,-116.19
"CastValley 2021","Chambers7",0.762775378562089,NA,NA,43.94,-116.19
"EOARC 2022","Chambers7",0.784205259871062,NA,NA,43.94,-116.19
"EnsingS1 SuRDC 2022","Chambers7",0.794048003103097,NA,NA,43.94,-116.19
"EnsingS2 Summerland-Princeton 2022","Chambers7",0.774968067696753,NA,NA,43.94,-116.19
"EnsingS3 Bear Creek 2022","Chambers7",0.773266871549704,NA,NA,43.94,-116.19
"EnsingS4 Lundbom 2022","Chambers7",0.774738006566396,NA,NA,43.94,-116.19
"FAR NORTH CPER 2022","Chambers7",0.79591340723482,NA,NA,43.94,-116.19
"FtK_Cottonwood_Coulee 2021","Chambers7",0.798231003800973,NA,NA,43.94,-116.19
"FtK_Lone_Pine 2021","Chambers7",0.798063120513792,NA,NA,43.94,-116.19
"GoeblS1 2024","Chambers7",0.781367840455703,NA,NA,43.94,-116.19
"GreenCanyon 2021","Chambers7",0.795605349294941,NA,NA,43.94,-116.19
"HPGRS AGCR 2022","Chambers7",0.793866610773123,NA,NA,43.94,-116.19
"HardwareRanch 2022","Chambers7",0.791301846554128,NA,NA,43.94,-116.19
"K1_vanDiepen 2022","Chambers7",0.778119373122829,NA,NA,43.94,-116.19
"L1_vanDiepen 2022","Chambers7",0.794519355717803,NA,NA,43.94,-116.19
"MPG_IR 2021","Chambers7",0.788444421882895,NA,NA,43.94,-116.19
"MPG_SR 2021","Chambers7",0.789658736250689,NA,NA,43.94,-116.19
"MPG_TH 2021","Chambers7",0.789136617045141,NA,NA,43.94,-116.19
"NEAR 4WAY CPER 2022","Chambers7",0.795744577969375,NA,NA,43.94,-116.19
"NEAR HQ CPER 2022","Chambers7",0.795807917080845,NA,NA,43.94,-116.19
"NEAR NUTNET 2022","Chambers7",0.795823161901909,NA,NA,43.94,-116.19
"OttS1 2022","Chambers7",0.796961304460726,NA,NA,43.94,-116.19
"PMR- Brome 2021","Chambers7",0.787367459588083,NA,NA,43.94,-116.19
"Pearlwise 2024","Chambers7",0.784378052728653,NA,NA,43.94,-116.19
"Peavine 2022","Chambers7",0.759192495523892,NA,NA,43.94,-116.19
"Plymouth 2022","Chambers7",0.75552480464371,NA,NA,43.94,-116.19
"RedBluff 2023","Chambers7",0.791023375666793,NA,NA,43.94,-116.19
"Rush_Valley 2022","Chambers7",0.789469085342536,NA,NA,43.94,-116.19
"SSHQ 2022","Chambers7",0.794197429741242,NA,NA,43.94,-116.19
"SSHigh 2022","Chambers7",0.786016290382483,NA,NA,43.94,-116.19
"SouthEden 2022","Chambers7",0.79082417708193,NA,NA,43.94,-116.19
"Symstad1 2021","Chambers7",0.795955777562681,NA,NA,43.94,-116.19
"Symstad2 2022","Chambers7",0.796393156415511,NA,NA,43.94,-116.19
"TB FIRE 2022","Chambers7",0.797687361568067,NA,NA,43.94,-116.19
"TB LC Control 2022","Chambers7",0.797682175831351,NA,NA,43.94,-116.19
"TB PRAIRIE DOG 2022","Chambers7",0.797685644012744,NA,NA,43.94,-116.19
"Woodruff 2022","Chambers7",0.794083108491613,NA,NA,43.94,-116.19
"dino 2024","Chambers7",0.790264839423691,NA,NA,43.94,-116.19
"AAFC4","Chambers8",0.665471999612757,50.08,-120.65,42.24,-114.57
"AAFC5","Chambers8",0.672414182428935,50.09,-120.45,42.24,-114.57
"AAFC6","Chambers8",0.671399865688872,50.09,-120.75,42.24,-114.57
"AAFC8","Chambers8",0.684533969084411,49.57,-120.55,42.24,-114.57
"AAFC9","Chambers8",0.659987908516937,49.62,-119.8,42.24,-114.57
"AAFC10","Chambers8",0.66011920632945,49.71,-120.05,42.24,-114.57
"Adler5","Chambers8",0.7294731100092,40.79,-111.87,42.24,-114.57
"Schupp2","Chambers8",0.686722074576622,40.2,-112.46,42.24,-114.57
"Schupp1","Chambers8",0.695008671379126,39.85,-112.15,42.24,-114.57
"Adler13","Chambers8",0.67602516872932,41.44,-111.08,42.24,-114.57
"Adler16","Chambers8",0.658435195804583,41.78,-110.2,42.24,-114.57
"Adler17","Chambers8",0.658613847097447,41.44,-110.11,42.24,-114.57
"Adler18","Chambers8",0.777569768656001,40.86,-114.22,42.24,-114.57
"Barnett1","Chambers8",0.741063717106105,43.48,-110.74,42.24,-114.57
"Baughman3","Chambers8",0.674218544270258,42.81,-118.96,42.24,-114.57
"Baughman2","Chambers8",0.684049368472289,43.05,-118.87,42.24,-114.57
"Chynoweth1","Chambers8",0.66173248549314,39.76604,-109.5635,42.24,-114.57
"Board1","Chambers8",0.67391016300609,38.84,-117.57,42.24,-114.57
"Bradford1","Chambers8",0.673510835617463,35.23,-111.62,42.24,-114.57
"Chambers1","Chambers8",0.618959296779502,39.55,-119.58,42.24,-114.57
"Chambers2","Chambers8",0.61342278986365,39.95,-118.76,42.24,-114.57
"Urza1","Chambers8",0.613543039902167,40.35,-119.34,42.24,-114.57
"Chambers4","Chambers8",0.613371483377984,41.31,-117.63,42.24,-114.57
"Chambers5","Chambers8",0.60947330271552,41.54,-117.75,42.24,-114.57
"Chambers6","Chambers8",0.609433971443407,41.54,-117.78,42.24,-114.57
"Chambers7","Chambers8",0.675443171034146,43.94,-116.19,42.24,-114.57
"Chambers8","Chambers8",1,42.24,-114.57,42.24,-114.57
"Chambers9","Chambers8",0.661772329176162,40.66,-116.73,42.24,-114.57
"Copeland1","Chambers8",0.6617840756199,43.7,-117.33,42.24,-114.57
"Copeland5","Chambers8",0.721905766815429,42.27,-118.71,42.24,-114.57
"Copeland9","Chambers8",0.658604788940381,43.47,-119.68,42.24,-114.57
"Downs1","Chambers8",0.65577510245859,46.38145,-119.430272,42.24,-114.57
"Downs2","Chambers8",0.689049053697279,46.25045,-119.53334,42.24,-114.57
"Downs3","Chambers8",0.621901331801174,45.9663,-120.3671,42.24,-114.57
"Fleishman1","Chambers8",0.667236263098838,38.47,-119.49,42.24,-114.57
"Fleishman5","Chambers8",0.760882417570857,39.12,-117.27,42.24,-114.57
"Fleishman7","Chambers8",0.702324118690428,39.17,-117.44,42.24,-114.57
"Getts1","Chambers8",0.642490685964504,41.17,-120.5,42.24,-114.57
"Getts3","Chambers8",0.737944043753775,40.43,-120.67,42.24,-114.57
"Holdrege1","Chambers8",0.740912317020568,41.61,-111.57,42.24,-114.57
"Hufft1","Chambers8",0.674215085137494,38.6701,-108.3286,42.24,-114.57
"Lavin1","Chambers8",0.690439318055096,44.68,-109.07,42.24,-114.57
"Lavin2","Chambers8",0.665337861405174,45.67,-111.03,42.24,-114.57
"Lee1","Chambers8",0.61343602100276,36.82340833,-116.0163889,42.24,-114.57
"Lee2","Chambers8",0.605005499669439,35.3984,-115.7845,42.24,-114.57
"Lee3","Chambers8",0.613368435662076,36.5247,-115.8987,42.24,-114.57
"Lee4","Chambers8",0.607883921210555,35.4564,-115.52,42.24,-114.57
"Leger1","Chambers8",0.650105497978671,39.49,-119.84,42.24,-114.57
"Maron1","Chambers8",0.683450011890251,46.68,-114.03,42.24,-114.57
"Maron2","Chambers8",0.658354685808122,46.64,-113.23,42.24,-114.57
"Porensky30","Chambers8",0.650411276688661,40.63,-105.27,42.24,-114.57
"Pyke3","Chambers8",0.714418068033672,44.60456358,-120.1924183,42.24,-114.57
"Pyke8","Chambers8",0.639466150179834,46.74830998,-119.361636,42.24,-114.57
"Pyke21","Chambers8",0.702832739760439,47.61803776,-119.6830115,42.24,-114.57
"Pyle1","Chambers8",0.817907583433807,42.35,-118.65,42.24,-114.57
"Pyle9","Chambers8",0.658369874416995,43.42,-119.62,42.24,-114.57
"Pyle10","Chambers8",0.760965761638989,43.19,-120,42.24,-114.57
"Pyle15","Chambers8",0.714070292505087,43.8,-119,42.24,-114.57
"Pyle17","Chambers8",0.66270452816242,44.36,-118.93,42.24,-114.57
"Pyle19","Chambers8",0.660604681365229,44.57,-119.65,42.24,-114.57
"Reed1","Chambers8",0.66555607038838,38.52,-109.47,42.24,-114.57
"Reed3","Chambers8",0.662049070770797,38.75,-109.79,42.24,-114.57
"Schupp3","Chambers8",0.690713122321572,38.6,-113.79,42.24,-114.57
"Schupp4","Chambers8",0.661638837761175,38.52,-113.55,42.24,-114.57
"Schupp5","Chambers8",0.664007284085301,39.11,-112.74,42.24,-114.57
"Symstad1","Chambers8",0.667874116610095,44.59,-104.71,42.24,-114.57
"Symstad2","Chambers8",0.654951729708464,43.87,-103.46,42.24,-114.57
"Symstad3","Chambers8",0.680880440693455,43.62,-103.47,42.24,-114.57
"Urza2","Chambers8",0.731304247198552,40.84,-119.56,42.24,-114.57
"Wilcox2","Chambers8",0.651891340694074,41.31,-105.66,42.24,-114.57
"Chynoweth2","Chambers8",0.761022395341082,40.29092,-109.68361,42.24,-114.57
"Chynoweth3","Chambers8",0.652147268848245,39.83576,-109.61202,42.24,-114.57
"Chynoweth5","Chambers8",0.740252105307781,40.480805,-109.438229,42.24,-114.57
"Chynoweth7","Chambers8",0.662150685159143,40.533605,-109.523564,42.24,-114.57
"Chynoweth8","Chambers8",0.760820754981231,40.640878,-109.48689,42.24,-114.57
"Shriver2","Chambers8",0.741064751924646,48,-114.04,42.24,-114.57
"Davies03","Chambers8",0.673713361466188,42.68,-118.68,42.24,-114.57
"GerminoBOP1","Chambers8",0.671747433944425,43.4720833,-116.2338306,42.24,-114.57
"Mancillas01","Chambers8",0.669583476827093,32.368,-106.56,42.24,-114.57
"Boise_High 2022","Chambers8",0.769855376901357,NA,NA,42.24,-114.57
"Boise_Low 2022","Chambers8",0.74528219431762,NA,NA,42.24,-114.57
"CG PASTURE 2022","Chambers8",0.784472279358235,NA,NA,42.24,-114.57
"CaseAoyamaS1 2022","Chambers8",0.773892553128146,NA,NA,42.24,-114.57
"CastValley 2021","Chambers8",0.748592348629282,NA,NA,42.24,-114.57
"EOARC 2022","Chambers8",0.774183585887037,NA,NA,42.24,-114.57
"EnsingS1 SuRDC 2022","Chambers8",0.785550358288145,NA,NA,42.24,-114.57
"EnsingS2 Summerland-Princeton 2022","Chambers8",0.764865928244845,NA,NA,42.24,-114.57
"EnsingS3 Bear Creek 2022","Chambers8",0.760116716474715,NA,NA,42.24,-114.57
"EnsingS4 Lundbom 2022","Chambers8",0.769525732926592,NA,NA,42.24,-114.57
"FAR NORTH CPER 2022","Chambers8",0.784040659212788,NA,NA,42.24,-114.57
"FtK_Cottonwood_Coulee 2021","Chambers8",0.785506626730213,NA,NA,42.24,-114.57
"FtK_Lone_Pine 2021","Chambers8",0.784960189219942,NA,NA,42.24,-114.57
"GoeblS1 2024","Chambers8",0.76669879947772,NA,NA,42.24,-114.57
"GreenCanyon 2021","Chambers8",0.788248746012049,NA,NA,42.24,-114.57
"HPGRS AGCR 2022","Chambers8",0.784530238496511,NA,NA,42.24,-114.57
"HardwareRanch 2022","Chambers8",0.786395787446582,NA,NA,42.24,-114.57
"K1_vanDiepen 2022","Chambers8",0.777058130524713,NA,NA,42.24,-114.57
"L1_vanDiepen 2022","Chambers8",0.786660911631218,NA,NA,42.24,-114.57
"MPG_IR 2021","Chambers8",0.785449295309463,NA,NA,42.24,-114.57
"MPG_SR 2021","Chambers8",0.786373592151135,NA,NA,42.24,-114.57
"MPG_TH 2021","Chambers8",0.785968862489189,NA,NA,42.24,-114.57
"NEAR 4WAY CPER 2022","Chambers8",0.783514164110764,NA,NA,42.24,-114.57
"NEAR HQ CPER 2022","Chambers8",0.784080747066206,NA,NA,42.24,-114.57
"NEAR NUTNET 2022","Chambers8",0.783849142469646,NA,NA,42.24,-114.57
"OttS1 2022","Chambers8",0.785193839488307,NA,NA,42.24,-114.57
"PMR- Brome 2021","Chambers8",0.778153419498444,NA,NA,42.24,-114.57
"Pearlwise 2024","Chambers8",0.774218401596081,NA,NA,42.24,-114.57
"Peavine 2022","Chambers8",0.747426903125158,NA,NA,42.24,-114.57
"Plymouth 2022","Chambers8",0.741936248646656,NA,NA,42.24,-114.57
"RedBluff 2023","Chambers8",0.782899154851385,NA,NA,42.24,-114.57
"Rush_Valley 2022","Chambers8",0.778505166987856,NA,NA,42.24,-114.57
"SSHQ 2022","Chambers8",0.789614917855035,NA,NA,42.24,-114.57
"SSHigh 2022","Chambers8",0.783945706834632,NA,NA,42.24,-114.57
"SouthEden 2022","Chambers8",0.786963274506923,NA,NA,42.24,-114.57
"Symstad1 2021","Chambers8",0.786639275978723,NA,NA,42.24,-114.57
"Symstad2 2022","Chambers8",0.786843681437623,NA,NA,42.24,-114.57
"TB FIRE 2022","Chambers8",0.785199537629697,NA,NA,42.24,-114.57
"TB LC Control 2022","Chambers8",0.78510627946857,NA,NA,42.24,-114.57
"TB PRAIRIE DOG 2022","Chambers8",0.78513183823596,NA,NA,42.24,-114.57
"Woodruff 2022","Chambers8",0.789619705766541,NA,NA,42.24,-114.57
"dino 2024","Chambers8",0.780671995373583,NA,NA,42.24,-114.57
"AAFC4","Chambers9",0.700589007172854,50.08,-120.65,40.66,-116.73
"AAFC5","Chambers9",0.673304574405366,50.09,-120.45,40.66,-116.73
"AAFC6","Chambers9",0.692908254298297,50.09,-120.75,40.66,-116.73
"AAFC8","Chambers9",0.70765748254211,49.57,-120.55,40.66,-116.73
"AAFC9","Chambers9",0.665040168009283,49.62,-119.8,40.66,-116.73
"AAFC10","Chambers9",0.665298760079801,49.71,-120.05,40.66,-116.73
"Adler5","Chambers9",0.664278427664517,40.79,-111.87,40.66,-116.73
"Schupp2","Chambers9",0.669807794338152,40.2,-112.46,40.66,-116.73
"Schupp1","Chambers9",0.674524525342031,39.85,-112.15,40.66,-116.73
"Adler13","Chambers9",0.790432094977554,41.44,-111.08,40.66,-116.73
"Adler16","Chambers9",0.718279429218508,41.78,-110.2,40.66,-116.73
"Adler17","Chambers9",0.71843290650379,41.44,-110.11,40.66,-116.73
"Adler18","Chambers9",0.672078631533832,40.86,-114.22,40.66,-116.73
"Barnett1","Chambers9",0.665583852538068,43.48,-110.74,40.66,-116.73
"Baughman3","Chambers9",0.672352200067714,42.81,-118.96,40.66,-116.73
"Baughman2","Chambers9",0.685561601198344,43.05,-118.87,40.66,-116.73
"Chynoweth1","Chambers9",0.999712003573257,39.76604,-109.5635,40.66,-116.73
"Board1","Chambers9",0.658504221310971,38.84,-117.57,40.66,-116.73
"Bradford1","Chambers9",0.658077150863843,35.23,-111.62,40.66,-116.73
"Chambers1","Chambers9",0.625953033861212,39.55,-119.58,40.66,-116.73
"Chambers2","Chambers9",0.620069775118514,39.95,-118.76,40.66,-116.73
"Urza1","Chambers9",0.620187536845457,40.35,-119.34,40.66,-116.73
"Chambers4","Chambers9",0.620000513441105,41.31,-117.63,40.66,-116.73
"Chambers5","Chambers9",0.615815944164176,41.54,-117.75,40.66,-116.73
"Chambers6","Chambers9",0.615869623589231,41.54,-117.78,40.66,-116.73
"Chambers7","Chambers9",0.715979792411719,43.94,-116.19,40.66,-116.73
"Chambers8","Chambers9",0.661772329176162,42.24,-114.57,40.66,-116.73
"Chambers9","Chambers9",1,40.66,-116.73,40.66,-116.73
"Copeland1","Chambers9",0.999666021474042,43.7,-117.33,40.66,-116.73
"Copeland5","Chambers9",0.655571765776438,42.27,-118.71,40.66,-116.73
"Copeland9","Chambers9",0.718507765799242,43.47,-119.68,40.66,-116.73
"Downs1","Chambers9",0.652221363010854,46.38145,-119.430272,40.66,-116.73
"Downs2","Chambers9",0.669302622374952,46.25045,-119.53334,40.66,-116.73
"Downs3","Chambers9",0.634739099728829,45.9663,-120.3671,40.66,-116.73
"Fleishman1","Chambers9",0.73480835143177,38.47,-119.49,40.66,-116.73
"Fleishman5","Chambers9",0.664900888618951,39.12,-117.27,40.66,-116.73
"Fleishman7","Chambers9",0.659605415735575,39.17,-117.44,40.66,-116.73
"Getts1","Chambers9",0.65192992511336,41.17,-120.5,40.66,-116.73
"Getts3","Chambers9",0.686143486131105,40.43,-120.67,40.66,-116.73
"Holdrege1","Chambers9",0.665352984440338,41.61,-111.57,40.66,-116.73
"Hufft1","Chambers9",0.65922022992608,38.6701,-108.3286,40.66,-116.73
"Lavin1","Chambers9",0.703833878751574,44.68,-109.07,40.66,-116.73
"Lavin2","Chambers9",0.665450207881643,45.67,-111.03,40.66,-116.73
"Lee1","Chambers9",0.620084069936076,36.82340833,-116.0163889,40.66,-116.73
"Lee2","Chambers9",0.611757203939805,35.3984,-115.7845,40.66,-116.73
"Lee3","Chambers9",0.619884592401781,36.5247,-115.8987,40.66,-116.73
"Lee4","Chambers9",0.614736989053071,35.4564,-115.52,40.66,-116.73
"Leger1","Chambers9",0.623648527895651,39.49,-119.84,40.66,-116.73
"Maron1","Chambers9",0.725816351378259,46.68,-114.03,40.66,-116.73
"Maron2","Chambers9",0.718277508073609,46.64,-113.23,40.66,-116.73
"Porensky30","Chambers9",0.65609288005562,40.63,-105.27,40.66,-116.73
"Pyke3","Chambers9",0.673769074077444,44.60456358,-120.1924183,40.66,-116.73
"Pyke8","Chambers9",0.648710807808568,46.74830998,-119.361636,40.66,-116.73
"Pyke21","Chambers9",0.683023882200293,47.61803776,-119.6830115,40.66,-116.73
"Pyle1","Chambers9",0.736402983079118,42.35,-118.65,40.66,-116.73
"Pyle9","Chambers9",0.718244789115942,43.42,-119.62,40.66,-116.73
"Pyle10","Chambers9",0.665084013198966,43.19,-120,40.66,-116.73
"Pyle15","Chambers9",0.67449092475131,43.8,-119,40.66,-116.73
"Pyle17","Chambers9",0.664426189786241,44.36,-118.93,40.66,-116.73
"Pyle19","Chambers9",0.677050927768618,44.57,-119.65,40.66,-116.73
"Reed1","Chambers9",0.698350897267652,38.52,-109.47,40.66,-116.73
"Reed3","Chambers9",0.710805773753919,38.75,-109.79,40.66,-116.73
"Schupp3","Chambers9",0.686636932355852,38.6,-113.79,40.66,-116.73
"Schupp4","Chambers9",0.999697836005012,38.52,-113.55,40.66,-116.73
"Schupp5","Chambers9",0.817978160206304,39.11,-112.74,40.66,-116.73
"Symstad1","Chambers9",0.669805615640375,44.59,-104.71,40.66,-116.73
"Symstad2","Chambers9",0.657118488179168,43.87,-103.46,40.66,-116.73
"Symstad3","Chambers9",0.731627593412057,43.62,-103.47,40.66,-116.73
"Urza2","Chambers9",0.717378582364919,40.84,-119.56,40.66,-116.73
"Wilcox2","Chambers9",0.658175517502069,41.31,-105.66,40.66,-116.73
"Chynoweth2","Chambers9",0.665339707084594,40.29092,-109.68361,40.66,-116.73
"Chynoweth3","Chambers9",0.658448575029448,39.83576,-109.61202,40.66,-116.73
"Chynoweth5","Chambers9",0.680821829604944,40.480805,-109.438229,40.66,-116.73
"Chynoweth7","Chambers9",0.999416692057087,40.533605,-109.523564,40.66,-116.73
"Chynoweth8","Chambers9",0.664886809766438,40.640878,-109.48689,40.66,-116.73
"Shriver2","Chambers9",0.665603583496814,48,-114.04,40.66,-116.73
"Davies03","Chambers9",0.65827347664148,42.68,-118.68,40.66,-116.73
"GerminoBOP1","Chambers9",0.860018405952156,43.4720833,-116.2338306,40.66,-116.73
"Mancillas01","Chambers9",0.697168312856162,32.368,-106.56,40.66,-116.73
"Boise_High 2022","Chambers9",0.75845986420378,NA,NA,40.66,-116.73
"Boise_Low 2022","Chambers9",0.743615457452765,NA,NA,40.66,-116.73
"CG PASTURE 2022","Chambers9",0.781338801157208,NA,NA,40.66,-116.73
"CaseAoyamaS1 2022","Chambers9",0.764339143133784,NA,NA,40.66,-116.73
"CastValley 2021","Chambers9",0.791328797332385,NA,NA,40.66,-116.73
"EOARC 2022","Chambers9",0.76400421014983,NA,NA,40.66,-116.73
"EnsingS1 SuRDC 2022","Chambers9",0.797107083313093,NA,NA,40.66,-116.73
"EnsingS2 Summerland-Princeton 2022","Chambers9",0.747234113434259,NA,NA,40.66,-116.73
"EnsingS3 Bear Creek 2022","Chambers9",0.747689944952423,NA,NA,40.66,-116.73
"EnsingS4 Lundbom 2022","Chambers9",0.749946195344713,NA,NA,40.66,-116.73
"FAR NORTH CPER 2022","Chambers9",0.787167241897936,NA,NA,40.66,-116.73
"FtK_Cottonwood_Coulee 2021","Chambers9",0.789811897208181,NA,NA,40.66,-116.73
"FtK_Lone_Pine 2021","Chambers9",0.790218303437678,NA,NA,40.66,-116.73
"GoeblS1 2024","Chambers9",0.766929452627928,NA,NA,40.66,-116.73
"GreenCanyon 2021","Chambers9",0.806844363247107,NA,NA,40.66,-116.73
"HPGRS AGCR 2022","Chambers9",0.781542858009122,NA,NA,40.66,-116.73
"HardwareRanch 2022","Chambers9",0.795742950147912,NA,NA,40.66,-116.73
"K1_vanDiepen 2022","Chambers9",0.782809964237747,NA,NA,40.66,-116.73
"L1_vanDiepen 2022","Chambers9",0.790859049460117,NA,NA,40.66,-116.73
"MPG_IR 2021","Chambers9",0.798720806511506,NA,NA,40.66,-116.73
"MPG_SR 2021","Chambers9",0.799869441961199,NA,NA,40.66,-116.73
"MPG_TH 2021","Chambers9",0.799521927751885,NA,NA,40.66,-116.73
"NEAR 4WAY CPER 2022","Chambers9",0.787906197923688,NA,NA,40.66,-116.73
"NEAR HQ CPER 2022","Chambers9",0.787154836611763,NA,NA,40.66,-116.73
"NEAR NUTNET 2022","Chambers9",0.787239523653454,NA,NA,40.66,-116.73
"OttS1 2022","Chambers9",0.784981898078658,NA,NA,40.66,-116.73
"PMR- Brome 2021","Chambers9",0.769539511935654,NA,NA,40.66,-116.73
"Pearlwise 2024","Chambers9",0.775220809486214,NA,NA,40.66,-116.73
"Peavine 2022","Chambers9",0.735110682630417,NA,NA,40.66,-116.73
"Plymouth 2022","Chambers9",0.732551975234938,NA,NA,40.66,-116.73
"RedBluff 2023","Chambers9",0.778333898147243,NA,NA,40.66,-116.73
"Rush_Valley 2022","Chambers9",0.798239220298956,NA,NA,40.66,-116.73
"SSHQ 2022","Chambers9",0.809698166167985,NA,NA,40.66,-116.73
"SSHigh 2022","Chambers9",0.798938373136571,NA,NA,40.66,-116.73
"SouthEden 2022","Chambers9",0.796092465071413,NA,NA,40.66,-116.73
"Symstad1 2021","Chambers9",0.79256834900814,NA,NA,40.66,-116.73
"Symstad2 2022","Chambers9",0.79355821724335,NA,NA,40.66,-116.73
"TB FIRE 2022","Chambers9",0.786055474065139,NA,NA,40.66,-116.73
"TB LC Control 2022","Chambers9",0.786273756456162,NA,NA,40.66,-116.73
"TB PRAIRIE DOG 2022","Chambers9",0.786175626524227,NA,NA,40.66,-116.73
"Woodruff 2022","Chambers9",0.803474344152793,NA,NA,40.66,-116.73
"dino 2024","Chambers9",0.826108111466436,NA,NA,40.66,-116.73
"AAFC4","Copeland1",0.700655694812353,50.08,-120.65,43.7,-117.33
"AAFC5","Copeland1",0.673372000270756,50.09,-120.45,43.7,-117.33
"AAFC6","Copeland1",0.692872226284141,50.09,-120.75,43.7,-117.33
"AAFC8","Copeland1",0.707690266233691,49.57,-120.55,43.7,-117.33
"AAFC9","Copeland1",0.665103766745884,49.62,-119.8,43.7,-117.33
"AAFC10","Copeland1",0.66536234972888,49.71,-120.05,43.7,-117.33
"Adler5","Copeland1",0.664338549050487,40.79,-111.87,43.7,-117.33
"Schupp2","Copeland1",0.669816197744802,40.2,-112.46,43.7,-117.33
"Schupp1","Copeland1",0.674570050155677,39.85,-112.15,43.7,-117.33
"Adler13","Copeland1",0.790404924910469,41.44,-111.08,43.7,-117.33
"Adler16","Copeland1",0.718277634376915,41.78,-110.2,43.7,-117.33
"Adler17","Copeland1",0.718431367634016,41.44,-110.11,43.7,-117.33
"Adler18","Copeland1",0.672047270897594,40.86,-114.22,43.7,-117.33
"Barnett1","Copeland1",0.665605234645114,43.48,-110.74,43.7,-117.33
"Baughman3","Copeland1",0.672431169798488,42.81,-118.96,43.7,-117.33
"Baughman2","Copeland1",0.685510019426027,43.05,-118.87,43.7,-117.33
"Chynoweth1","Copeland1",0.999735547850865,39.76604,-109.5635,43.7,-117.33
"Board1","Copeland1",0.65853316440862,38.84,-117.57,43.7,-117.33
"Bradford1","Copeland1",0.658106041285212,35.23,-111.62,43.7,-117.33
"Chambers1","Copeland1",0.625936831087116,39.55,-119.58,43.7,-117.33
"Chambers2","Copeland1",0.620053678072026,39.95,-118.76,43.7,-117.33
"Urza1","Copeland1",0.620171393168066,40.35,-119.34,43.7,-117.33
"Chambers4","Copeland1",0.619984358322883,41.31,-117.63,43.7,-117.33
"Chambers5","Copeland1",0.615819323166364,41.54,-117.75,43.7,-117.33
"Chambers6","Copeland1",0.615872919604671,41.54,-117.78,43.7,-117.33
"Chambers7","Copeland1",0.716003591067038,43.94,-116.19,43.7,-117.33
"Chambers8","Copeland1",0.6617840756199,42.24,-114.57,43.7,-117.33
"Chambers9","Copeland1",0.999666021474042,40.66,-116.73,43.7,-117.33
"Copeland1","Copeland1",1,43.7,-117.33,43.7,-117.33
"Copeland5","Copeland1",0.655586178925777,42.27,-118.71,43.7,-117.33
"Copeland9","Copeland1",0.718505959191641,43.47,-119.68,43.7,-117.33
"Downs1","Copeland1",0.652296624328362,46.38145,-119.430272,43.7,-117.33
"Downs2","Copeland1",0.669297431361424,46.25045,-119.53334,43.7,-117.33
"Downs3","Copeland1",0.63467644021554,45.9663,-120.3671,43.7,-117.33
"Fleishman1","Copeland1",0.734757929869271,38.47,-119.49,43.7,-117.33
"Fleishman5","Copeland1",0.664905125221347,39.12,-117.27,43.7,-117.33
"Fleishman7","Copeland1",0.659643889280875,39.17,-117.44,43.7,-117.33
"Getts1","Copeland1",0.651933934649864,41.17,-120.5,43.7,-117.33
"Getts3","Copeland1",0.686189041512077,40.43,-120.67,43.7,-117.33
"Holdrege1","Copeland1",0.665374434900498,41.61,-111.57,43.7,-117.33
"Hufft1","Copeland1",0.659222621206753,38.6701,-108.3286,43.7,-117.33
"Lavin1","Copeland1",0.703773817968515,44.68,-109.07,43.7,-117.33
"Lavin2","Copeland1",0.665511290388084,45.67,-111.03,43.7,-117.33
"Lee1","Copeland1",0.620067955978026,36.82340833,-116.0163889,43.7,-117.33
"Lee2","Copeland1",0.611743015631852,35.3984,-115.7845,43.7,-117.33
"Lee3","Copeland1",0.619868506617714,36.5247,-115.8987,43.7,-117.33
"Lee4","Copeland1",0.614714879631345,35.4564,-115.52,43.7,-117.33
"Leger1","Copeland1",0.623667714192279,39.49,-119.84,43.7,-117.33
"Maron1","Copeland1",0.725877032574306,46.68,-114.03,43.7,-117.33
"Maron2","Copeland1",0.718275936990757,46.64,-113.23,43.7,-117.33
"Porensky30","Copeland1",0.656138437963128,40.63,-105.27,43.7,-117.33
"Pyke3","Copeland1",0.673818901303376,44.60456358,-120.1924183,43.7,-117.33
"Pyke8","Copeland1",0.648704992621217,46.74830998,-119.361636,43.7,-117.33
"Pyke21","Copeland1",0.683050914600893,47.61803776,-119.6830115,43.7,-117.33
"Pyle1","Copeland1",0.736422411226452,42.35,-118.65,43.7,-117.33
"Pyle9","Copeland1",0.718243182087813,43.42,-119.62,43.7,-117.33
"Pyle10","Copeland1",0.665088256651628,43.19,-120,43.7,-117.33
"Pyle15","Copeland1",0.674550575102127,43.8,-119,43.7,-117.33
"Pyle17","Copeland1",0.664451945625943,44.36,-118.93,43.7,-117.33
"Pyle19","Copeland1",0.677055483794431,44.57,-119.65,43.7,-117.33
"Reed1","Copeland1",0.698321518202634,38.52,-109.47,43.7,-117.33
"Reed3","Copeland1",0.710792321039767,38.75,-109.79,43.7,-117.33
"Schupp3","Copeland1",0.686613011734448,38.6,-113.79,43.7,-117.33
"Schupp4","Copeland1",0.999745703014759,38.52,-113.55,43.7,-117.33
"Schupp5","Copeland1",0.81779809913184,39.11,-112.74,43.7,-117.33
"Symstad1","Copeland1",0.66979819350588,44.59,-104.71,43.7,-117.33
"Symstad2","Copeland1",0.657121744053983,43.87,-103.46,43.7,-117.33
"Symstad3","Copeland1",0.731669175969337,43.62,-103.47,43.7,-117.33
"Urza2","Copeland1",0.717354537338822,40.84,-119.56,43.7,-117.33
"Wilcox2","Copeland1",0.658219027974684,41.31,-105.66,43.7,-117.33
"Chynoweth2","Copeland1",0.665344015051524,40.29092,-109.68361,43.7,-117.33
"Chynoweth3","Copeland1",0.658492165086513,39.83576,-109.61202,43.7,-117.33
"Chynoweth5","Copeland1",0.680821050852046,40.480805,-109.438229,43.7,-117.33
"Chynoweth7","Copeland1",0.999452582197059,40.533605,-109.523564,43.7,-117.33
"Chynoweth8","Copeland1",0.664891001751142,40.640878,-109.48689,43.7,-117.33
"Shriver2","Copeland1",0.665624886336576,48,-114.04,43.7,-117.33
"Davies03","Copeland1",0.65830233439482,42.68,-118.68,43.7,-117.33
"GerminoBOP1","Copeland1",0.860131113616995,43.4720833,-116.2338306,43.7,-117.33
"Mancillas01","Copeland1",0.697122814014494,32.368,-106.56,43.7,-117.33
"Boise_High 2022","Copeland1",0.75847585272212,NA,NA,43.7,-117.33
"Boise_Low 2022","Copeland1",0.743611187099081,NA,NA,43.7,-117.33
"CG PASTURE 2022","Copeland1",0.781359393458646,NA,NA,43.7,-117.33
"CaseAoyamaS1 2022","Copeland1",0.764350671289695,NA,NA,43.7,-117.33
"CastValley 2021","Copeland1",0.791305971224043,NA,NA,43.7,-117.33
"EOARC 2022","Copeland1",0.764016790527489,NA,NA,43.7,-117.33
"EnsingS1 SuRDC 2022","Copeland1",0.797126407255613,NA,NA,43.7,-117.33
"EnsingS2 Summerland-Princeton 2022","Copeland1",0.747262859485652,NA,NA,43.7,-117.33
"EnsingS3 Bear Creek 2022","Copeland1",0.747708143114419,NA,NA,43.7,-117.33
"EnsingS4 Lundbom 2022","Copeland1",0.749985015375993,NA,NA,43.7,-117.33
"FAR NORTH CPER 2022","Copeland1",0.787178205635125,NA,NA,43.7,-117.33
"FtK_Cottonwood_Coulee 2021","Copeland1",0.789827888549142,NA,NA,43.7,-117.33
"FtK_Lone_Pine 2021","Copeland1",0.79023277490222,NA,NA,43.7,-117.33
"GoeblS1 2024","Copeland1",0.766937242712994,NA,NA,43.7,-117.33
"GreenCanyon 2021","Copeland1",0.806858094843732,NA,NA,43.7,-117.33
"HPGRS AGCR 2022","Copeland1",0.781562588718619,NA,NA,43.7,-117.33
"HardwareRanch 2022","Copeland1",0.795764379122249,NA,NA,43.7,-117.33
"K1_vanDiepen 2022","Copeland1",0.782843519570072,NA,NA,43.7,-117.33
"L1_vanDiepen 2022","Copeland1",0.7908830256486,NA,NA,43.7,-117.33
"MPG_IR 2021","Copeland1",0.798749415543495,NA,NA,43.7,-117.33
"MPG_SR 2021","Copeland1",0.799897085716188,NA,NA,43.7,-117.33
"MPG_TH 2021","Copeland1",0.799550051076714,NA,NA,43.7,-117.33
"NEAR 4WAY CPER 2022","Copeland1",0.78791578611056,NA,NA,43.7,-117.33
"NEAR HQ CPER 2022","Copeland1",0.787166382983086,NA,NA,43.7,-117.33
"NEAR NUTNET 2022","Copeland1",0.787250179161262,NA,NA,43.7,-117.33
"OttS1 2022","Copeland1",0.785001825715408,NA,NA,43.7,-117.33
"PMR- Brome 2021","Copeland1",0.769563747600009,NA,NA,43.7,-117.33
"Pearlwise 2024","Copeland1",0.775226964390607,NA,NA,43.7,-117.33
"Peavine 2022","Copeland1",0.735117040064265,NA,NA,43.7,-117.33
"Plymouth 2022","Copeland1",0.732551038448501,NA,NA,43.7,-117.33
"RedBluff 2023","Copeland1",0.778361640316068,NA,NA,43.7,-117.33
"Rush_Valley 2022","Copeland1",0.798240686580294,NA,NA,43.7,-117.33
"SSHQ 2022","Copeland1",0.809717746970365,NA,NA,43.7,-117.33
"SSHigh 2022","Copeland1",0.79896657480525,NA,NA,43.7,-117.33
"SouthEden 2022","Copeland1",0.796117116544016,NA,NA,43.7,-117.33
"Symstad1 2021","Copeland1",0.79258910568116,NA,NA,43.7,-117.33
"Symstad2 2022","Copeland1",0.793578077872183,NA,NA,43.7,-117.33
"TB FIRE 2022","Copeland1",0.786069453446413,NA,NA,43.7,-117.33
"TB LC Control 2022","Copeland1",0.786287338506909,NA,NA,43.7,-117.33
"TB PRAIRIE DOG 2022","Copeland1",0.786189338017352,NA,NA,43.7,-117.33
"Woodruff 2022","Copeland1",0.803496745765349,NA,NA,43.7,-117.33
"dino 2024","Copeland1",0.826101460656287,NA,NA,43.7,-117.33
"AAFC4","Copeland5",0.66155187301672,50.08,-120.65,42.27,-118.71
"AAFC5","Copeland5",0.725439878935346,50.09,-120.45,42.27,-118.71
"AAFC6","Copeland5",0.650594595486986,50.09,-120.75,42.27,-118.71
"AAFC8","Copeland5",0.706356936799392,49.57,-120.55,42.27,-118.71
"AAFC9","Copeland5",0.729839311714853,49.62,-119.8,42.27,-118.71
"AAFC10","Copeland5",0.729865038192011,49.71,-120.05,42.27,-118.71
"Adler5","Copeland5",0.794251724449845,40.79,-111.87,42.27,-118.71
"Schupp2","Copeland5",0.668660439216277,40.2,-112.46,42.27,-118.71
"Schupp1","Copeland5",0.65546517098784,39.85,-112.15,42.27,-118.71
"Adler13","Copeland5",0.662350532986687,41.44,-111.08,42.27,-118.71
"Adler16","Copeland5",0.657850994189339,41.78,-110.2,42.27,-118.71
"Adler17","Copeland5",0.658024183789394,41.44,-110.11,42.27,-118.71
"Adler18","Copeland5",0.7233977272914,40.86,-114.22,42.27,-118.71
"Barnett1","Copeland5",0.863923242693069,43.48,-110.74,42.27,-118.71
"Baughman3","Copeland5",0.720308138315355,42.81,-118.96,42.27,-118.71
"Baughman2","Copeland5",0.676750642212785,43.05,-118.87,42.27,-118.71
"Chynoweth1","Copeland5",0.655507192356479,39.76604,-109.5635,42.27,-118.71
"Board1","Copeland5",0.771061238683045,38.84,-117.57,42.27,-118.71
"Bradford1","Copeland5",0.770616486684096,35.23,-111.62,42.27,-118.71
"Chambers1","Copeland5",0.632286850883642,39.55,-119.58,42.27,-118.71
"Chambers2","Copeland5",0.626146416019058,39.95,-118.76,42.27,-118.71
"Urza1","Copeland5",0.626277251454076,40.35,-119.34,42.27,-118.71
"Chambers4","Copeland5",0.626088767219835,41.31,-117.63,42.27,-118.71
"Chambers5","Copeland5",0.621657626579458,41.54,-117.75,42.27,-118.71
"Chambers6","Copeland5",0.62162885445084,41.54,-117.78,42.27,-118.71
"Chambers7","Copeland5",0.689906567587996,43.94,-116.19,42.27,-118.71
"Chambers8","Copeland5",0.721905766815429,42.24,-114.57,42.27,-118.71
"Chambers9","Copeland5",0.655571765776438,40.66,-116.73,42.27,-118.71
"Copeland1","Copeland5",0.655586178925777,43.7,-117.33,42.27,-118.71
"Copeland5","Copeland5",1,42.27,-118.71,42.27,-118.71
"Copeland9","Copeland5",0.658062014089569,43.47,-119.68,42.27,-118.71
"Downs1","Copeland5",0.667324881773543,46.38145,-119.430272,42.27,-118.71
"Downs2","Copeland5",0.704747785143312,46.25045,-119.53334,42.27,-118.71
"Downs3","Copeland5",0.646872984348199,45.9663,-120.3671,42.27,-118.71
"Fleishman1","Copeland5",0.671841930682208,38.47,-119.49,42.27,-118.71
"Fleishman5","Copeland5",0.632093186967749,39.12,-117.27,42.27,-118.71
"Fleishman7","Copeland5",0.793544460177909,39.17,-117.44,42.27,-118.71
"Getts1","Copeland5",0.662193395578154,41.17,-120.5,42.27,-118.71
"Getts3","Copeland5",0.797226278039306,40.43,-120.67,42.27,-118.71
"Holdrege1","Copeland5",0.863732236332443,41.61,-111.57,42.27,-118.71
"Hufft1","Copeland5",0.639271199803951,38.6701,-108.3286,42.27,-118.71
"Lavin1","Copeland5",0.664743610209995,44.68,-109.07,42.27,-118.71
"Lavin2","Copeland5",0.70004608186749,45.67,-111.03,42.27,-118.71
"Lee1","Copeland5",0.626133412287866,36.82340833,-116.0163889,42.27,-118.71
"Lee2","Copeland5",0.617690217305298,35.3984,-115.7845,42.27,-118.71
"Lee3","Copeland5",0.626111800093331,36.5247,-115.8987,42.27,-118.71
"Lee4","Copeland5",0.624406088547663,35.4564,-115.52,42.27,-118.71
"Leger1","Copeland5",0.683798834638322,39.49,-119.84,42.27,-118.71
"Maron1","Copeland5",0.674004792963231,46.68,-114.03,42.27,-118.71
"Maron2","Copeland5",0.657823382522018,46.64,-113.23,42.27,-118.71
"Porensky30","Copeland5",0.673210092227013,40.63,-105.27,42.27,-118.71
"Pyke3","Copeland5",0.808045579970288,44.60456358,-120.1924183,42.27,-118.71
"Pyke8","Copeland5",0.62866087052101,46.74830998,-119.361636,42.27,-118.71
"Pyke21","Copeland5",0.72152908425096,47.61803776,-119.6830115,42.27,-118.71
"Pyle1","Copeland5",0.777172842236533,42.35,-118.65,42.27,-118.71
"Pyle9","Copeland5",0.657781929233694,43.42,-119.62,42.27,-118.71
"Pyle10","Copeland5",0.63224625088691,43.19,-120,42.27,-118.71
"Pyle15","Copeland5",0.762796931798449,43.8,-119,42.27,-118.71
"Pyle17","Copeland5",0.729530594549945,44.36,-118.93,42.27,-118.71
"Pyle19","Copeland5",0.632925638003005,44.57,-119.65,42.27,-118.71
"Reed1","Copeland5",0.68291340853685,38.52,-109.47,42.27,-118.71
"Reed3","Copeland5",0.645496078212125,38.75,-109.79,42.27,-118.71
"Schupp3","Copeland5",0.648706566104663,38.6,-113.79,42.27,-118.71
"Schupp4","Copeland5",0.655432431530278,38.52,-113.55,42.27,-118.71
"Schupp5","Copeland5",0.657003298894746,39.11,-112.74,42.27,-118.71
"Symstad1","Copeland5",0.667971336678588,44.59,-104.71,42.27,-118.71
"Symstad2","Copeland5",0.651465430615818,43.87,-103.46,42.27,-118.71
"Symstad3","Copeland5",0.6639936682622,43.62,-103.47,42.27,-118.71
"Urza2","Copeland5",0.756716375139672,40.84,-119.56,42.27,-118.71
"Wilcox2","Copeland5",0.630833885268332,41.31,-105.66,42.27,-118.71
"Chynoweth2","Copeland5",0.632396485406657,40.29092,-109.68361,42.27,-118.71
"Chynoweth3","Copeland5",0.631111355208473,39.83576,-109.61202,42.27,-118.71
"Chynoweth5","Copeland5",0.653504736849229,40.480805,-109.438229,42.27,-118.71
"Chynoweth7","Copeland5",0.655887835559907,40.533605,-109.523564,42.27,-118.71
"Chynoweth8","Copeland5",0.63209553514485,40.640878,-109.48689,42.27,-118.71
"Shriver2","Copeland5",0.863935147489819,48,-114.04,42.27,-118.71
"Davies03","Copeland5",0.770954563524186,42.68,-118.68,42.27,-118.71
"GerminoBOP1","Copeland5",0.658897701240223,43.4720833,-116.2338306,42.27,-118.71
"Mancillas01","Copeland5",0.638764333469916,32.368,-106.56,42.27,-118.71
"Boise_High 2022","Copeland5",0.82285896734555,NA,NA,42.27,-118.71
"Boise_Low 2022","Copeland5",0.76184897292788,NA,NA,42.27,-118.71
"CG PASTURE 2022","Copeland5",0.801741793254067,NA,NA,42.27,-118.71
"CaseAoyamaS1 2022","Copeland5",0.80767457369508,NA,NA,42.27,-118.71
"CastValley 2021","Copeland5",0.721065871461018,NA,NA,42.27,-118.71
"EOARC 2022","Copeland5",0.810535892991482,NA,NA,42.27,-118.71
"EnsingS1 SuRDC 2022","Copeland5",0.809628068114453,NA,NA,42.27,-118.71
"EnsingS2 Summerland-Princeton 2022","Copeland5",0.835407880042509,NA,NA,42.27,-118.71
"EnsingS3 Bear Creek 2022","Copeland5",0.815535671003469,NA,NA,42.27,-118.71
"EnsingS4 Lundbom 2022","Copeland5",0.828200635829112,NA,NA,42.27,-118.71
"FAR NORTH CPER 2022","Copeland5",0.785624030369025,NA,NA,42.27,-118.71
"FtK_Cottonwood_Coulee 2021","Copeland5",0.775610737770152,NA,NA,42.27,-118.71
"FtK_Lone_Pine 2021","Copeland5",0.772602374088357,NA,NA,42.27,-118.71
"GoeblS1 2024","Copeland5",0.786923937689147,NA,NA,42.27,-118.71
"GreenCanyon 2021","Copeland5",0.805656303574811,NA,NA,42.27,-118.71
"HPGRS AGCR 2022","Copeland5",0.800524629137647,NA,NA,42.27,-118.71
"HardwareRanch 2022","Copeland5",0.817018236501369,NA,NA,42.27,-118.71
"K1_vanDiepen 2022","Copeland5",0.814905529566329,NA,NA,42.27,-118.71
"L1_vanDiepen 2022","Copeland5",0.800741227705945,NA,NA,42.27,-118.71
"MPG_IR 2021","Copeland5",0.811960992018236,NA,NA,42.27,-118.71
"MPG_SR 2021","Copeland5",0.810541408762588,NA,NA,42.27,-118.71
"MPG_TH 2021","Copeland5",0.811210735013605,NA,NA,42.27,-118.71
"NEAR 4WAY CPER 2022","Copeland5",0.782863456834832,NA,NA,42.27,-118.71
"NEAR HQ CPER 2022","Copeland5",0.786967593905491,NA,NA,42.27,-118.71
"NEAR NUTNET 2022","Copeland5",0.784911496696788,NA,NA,42.27,-118.71
"OttS1 2022","Copeland5",0.794683614087269,NA,NA,42.27,-118.71
"PMR- Brome 2021","Copeland5",0.81813943835737,NA,NA,42.27,-118.71
"Pearlwise 2024","Copeland5",0.803057998486244,NA,NA,42.27,-118.71
"Peavine 2022","Copeland5",0.803785876933037,NA,NA,42.27,-118.71
"Plymouth 2022","Copeland5",0.778870381002179,NA,NA,42.27,-118.71
"RedBluff 2023","Copeland5",0.812979989763129,NA,NA,42.27,-118.71
"Rush_Valley 2022","Copeland5",0.786987263129702,NA,NA,42.27,-118.71
"SSHQ 2022","Copeland5",0.787143413234133,NA,NA,42.27,-118.71
"SSHigh 2022","Copeland5",0.800272459248057,NA,NA,42.27,-118.71
"SouthEden 2022","Copeland5",0.80978453949137,NA,NA,42.27,-118.71
"Symstad1 2021","Copeland5",0.789912798306255,NA,NA,42.27,-118.71
"Symstad2 2022","Copeland5",0.788332067564564,NA,NA,42.27,-118.71
"TB FIRE 2022","Copeland5",0.784618479786958,NA,NA,42.27,-118.71
"TB LC Control 2022","Copeland5",0.783698113210116,NA,NA,42.27,-118.71
"TB PRAIRIE DOG 2022","Copeland5",0.783974481472579,NA,NA,42.27,-118.71
"Woodruff 2022","Copeland5",0.799093655361913,NA,NA,42.27,-118.71
"dino 2024","Copeland5",0.746515027442854,NA,NA,42.27,-118.71
"AAFC4","Copeland9",0.695113895584803,50.08,-120.65,43.47,-119.68
"AAFC5","Copeland9",0.67194263686764,50.09,-120.45,43.47,-119.68
"AAFC6","Copeland9",0.691039129355139,50.09,-120.75,43.47,-119.68
"AAFC8","Copeland9",0.719843240447697,49.57,-120.55,43.47,-119.68
"AAFC9","Copeland9",0.662988547734578,49.62,-119.8,43.47,-119.68
"AAFC10","Copeland9",0.663087614312102,49.71,-120.05,43.47,-119.68
"Adler5","Copeland9",0.664620582832322,40.79,-111.87,43.47,-119.68
"Schupp2","Copeland9",0.666917226134378,40.2,-112.46,43.47,-119.68
"Schupp1","Copeland9",0.673768175856984,39.85,-112.15,43.47,-119.68
"Adler13","Copeland9",0.688965282589091,41.44,-111.08,43.47,-119.68
"Adler16","Copeland9",0.999495889166752,41.78,-110.2,43.47,-119.68
"Adler17","Copeland9",0.999599066811596,41.44,-110.11,43.47,-119.68
"Adler18","Copeland9",0.665829039833455,40.86,-114.22,43.47,-119.68
"Barnett1","Copeland9",0.667137627037265,43.48,-110.74,43.47,-119.68
"Baughman3","Copeland9",0.677519641810273,42.81,-118.96,43.47,-119.68
"Baughman2","Copeland9",0.672638565822712,43.05,-118.87,43.47,-119.68
"Chynoweth1","Copeland9",0.718469450082674,39.76604,-109.5635,43.47,-119.68
"Board1","Copeland9",0.68049463260484,38.84,-117.57,43.47,-119.68
"Bradford1","Copeland9",0.680032268005515,35.23,-111.62,43.47,-119.68
"Chambers1","Copeland9",0.619594968619613,39.55,-119.58,43.47,-119.68
"Chambers2","Copeland9",0.613630810983908,39.95,-118.76,43.47,-119.68
"Urza1","Copeland9",0.613796834719746,40.35,-119.34,43.47,-119.68
"Chambers4","Copeland9",0.613649962391809,41.31,-117.63,43.47,-119.68
"Chambers5","Copeland9",0.609356942031667,41.54,-117.75,43.47,-119.68
"Chambers6","Copeland9",0.609352575930359,41.54,-117.78,43.47,-119.68
"Chambers7","Copeland9",0.69982567846941,43.94,-116.19,43.47,-119.68
"Chambers8","Copeland9",0.658604788940381,42.24,-114.57,43.47,-119.68
"Chambers9","Copeland9",0.718507765799242,40.66,-116.73,43.47,-119.68
"Copeland1","Copeland9",0.718505959191641,43.7,-117.33,43.47,-119.68
"Copeland5","Copeland9",0.658062014089569,42.27,-118.71,43.47,-119.68
"Copeland9","Copeland9",1,43.47,-119.68,43.47,-119.68
"Downs1","Copeland9",0.643375192731162,46.38145,-119.430272,43.47,-119.68
"Downs2","Copeland9",0.657950481999384,46.25045,-119.53334,43.47,-119.68
"Downs3","Copeland9",0.630646373821442,45.9663,-120.3671,43.47,-119.68
"Fleishman1","Copeland9",0.737607822599863,38.47,-119.49,43.47,-119.68
"Fleishman5","Copeland9",0.652545656782944,39.12,-117.27,43.47,-119.68
"Fleishman7","Copeland9",0.672343442406859,39.17,-117.44,43.47,-119.68
"Getts1","Copeland9",0.64793814194727,41.17,-120.5,43.47,-119.68
"Getts3","Copeland9",0.683311067101904,40.43,-120.67,43.47,-119.68
"Holdrege1","Copeland9",0.666907473965723,41.61,-111.57,43.47,-119.68
"Hufft1","Copeland9",0.665651972750912,38.6701,-108.3286,43.47,-119.68
"Lavin1","Copeland9",0.707407823788419,44.68,-109.07,43.47,-119.68
"Lavin2","Copeland9",0.677741988368255,45.67,-111.03,43.47,-119.68
"Lee1","Copeland9",0.613697349015835,36.82340833,-116.0163889,43.47,-119.68
"Lee2","Copeland9",0.606164702609512,35.3984,-115.7845,43.47,-119.68
"Lee3","Copeland9",0.613518369445798,36.5247,-115.8987,43.47,-119.68
"Lee4","Copeland9",0.609245747675011,35.4564,-115.52,43.47,-119.68
"Leger1","Copeland9",0.628267040537502,39.49,-119.84,43.47,-119.68
"Maron1","Copeland9",0.698989716583745,46.68,-114.03,43.47,-119.68
"Maron2","Copeland9",0.999572139457858,46.64,-113.23,43.47,-119.68
"Porensky30","Copeland9",0.662208991471795,40.63,-105.27,43.47,-119.68
"Pyke3","Copeland9",0.690405192427744,44.60456358,-120.1924183,43.47,-119.68
"Pyke8","Copeland9",0.636637205925362,46.74830998,-119.361636,43.47,-119.68
"Pyke21","Copeland9",0.705683598536614,47.61803776,-119.6830115,43.47,-119.68
"Pyle1","Copeland9",0.739855792726397,42.35,-118.65,43.47,-119.68
"Pyle9","Copeland9",0.999478788606305,43.42,-119.62,43.47,-119.68
"Pyle10","Copeland9",0.65256772316516,43.19,-120,43.47,-119.68
"Pyle15","Copeland9",0.678073274699262,43.8,-119,43.47,-119.68
"Pyle17","Copeland9",0.66084593535117,44.36,-118.93,43.47,-119.68
"Pyle19","Copeland9",0.676324184756102,44.57,-119.65,43.47,-119.68
"Reed1","Copeland9",0.668151993213795,38.52,-109.47,43.47,-119.68
"Reed3","Copeland9",0.70673714576989,38.75,-109.79,43.47,-119.68
"Schupp3","Copeland9",0.671013521652385,38.6,-113.79,43.47,-119.68
"Schupp4","Copeland9",0.718347232552024,38.52,-113.55,43.47,-119.68
"Schupp5","Copeland9",0.725341986107074,39.11,-112.74,43.47,-119.68
"Symstad1","Copeland9",0.682951453565302,44.59,-104.71,43.47,-119.68
"Symstad2","Copeland9",0.65571601789922,43.87,-103.46,43.47,-119.68
"Symstad3","Copeland9",0.730624435420467,43.62,-103.47,43.47,-119.68
"Urza2","Copeland9",0.713496833661196,40.84,-119.56,43.47,-119.68
"Wilcox2","Copeland9",0.643794424755766,41.31,-105.66,43.47,-119.68
"Chynoweth2","Copeland9",0.652869170685422,40.29092,-109.68361,43.47,-119.68
"Chynoweth3","Copeland9",0.644078974792626,39.83576,-109.61202,43.47,-119.68
"Chynoweth5","Copeland9",0.666773455713017,40.480805,-109.438229,43.47,-119.68
"Chynoweth7","Copeland9",0.718918484625745,40.533605,-109.523564,43.47,-119.68
"Chynoweth8","Copeland9",0.652474297769237,40.640878,-109.48689,43.47,-119.68
"Shriver2","Copeland9",0.667144763505782,48,-114.04,43.47,-119.68
"Davies03","Copeland9",0.680240609271993,42.68,-118.68,43.47,-119.68
"GerminoBOP1","Copeland9",0.713510608722053,43.4720833,-116.2338306,43.47,-119.68
"Mancillas01","Copeland9",0.679635602422352,32.368,-106.56,43.47,-119.68
"Boise_High 2022","Copeland9",0.770487349331281,NA,NA,43.47,-119.68
"Boise_Low 2022","Copeland9",0.729306488828244,NA,NA,43.47,-119.68
"CG PASTURE 2022","Copeland9",0.797487863757911,NA,NA,43.47,-119.68
"CaseAoyamaS1 2022","Copeland9",0.776427730134041,NA,NA,43.47,-119.68
"CastValley 2021","Copeland9",0.712170602648269,NA,NA,43.47,-119.68
"EOARC 2022","Copeland9",0.777516151117446,NA,NA,43.47,-119.68
"EnsingS1 SuRDC 2022","Copeland9",0.781057747375056,NA,NA,43.47,-119.68
"EnsingS2 Summerland-Princeton 2022","Copeland9",0.76948206755799,NA,NA,43.47,-119.68
"EnsingS3 Bear Creek 2022","Copeland9",0.753947196004935,NA,NA,43.47,-119.68
"EnsingS4 Lundbom 2022","Copeland9",0.798820649828896,NA,NA,43.47,-119.68
"FAR NORTH CPER 2022","Copeland9",0.790049930163747,NA,NA,43.47,-119.68
"FtK_Cottonwood_Coulee 2021","Copeland9",0.804639361659183,NA,NA,43.47,-119.68
"FtK_Lone_Pine 2021","Copeland9",0.803377828976336,NA,NA,43.47,-119.68
"GoeblS1 2024","Copeland9",0.753360546266269,NA,NA,43.47,-119.68
"GreenCanyon 2021","Copeland9",0.778892065472049,NA,NA,43.47,-119.68
"HPGRS AGCR 2022","Copeland9",0.796806313585618,NA,NA,43.47,-119.68
"HardwareRanch 2022","Copeland9",0.788963524633975,NA,NA,43.47,-119.68
"K1_vanDiepen 2022","Copeland9",0.790398508522793,NA,NA,43.47,-119.68
"L1_vanDiepen 2022","Copeland9",0.803429420887097,NA,NA,43.47,-119.68
"MPG_IR 2021","Copeland9",0.786556363687883,NA,NA,43.47,-119.68
"MPG_SR 2021","Copeland9",0.787504816403555,NA,NA,43.47,-119.68
"MPG_TH 2021","Copeland9",0.786829543249778,NA,NA,43.47,-119.68
"NEAR 4WAY CPER 2022","Copeland9",0.788020407785518,NA,NA,43.47,-119.68
"NEAR HQ CPER 2022","Copeland9",0.78957577079166,NA,NA,43.47,-119.68
"NEAR NUTNET 2022","Copeland9",0.789345101558381,NA,NA,43.47,-119.68
"OttS1 2022","Copeland9",0.795473839235828,NA,NA,43.47,-119.68
"PMR- Brome 2021","Copeland9",0.784985360755324,NA,NA,43.47,-119.68
"Pearlwise 2024","Copeland9",0.766260805374638,NA,NA,43.47,-119.68
"Peavine 2022","Copeland9",0.734166896914452,NA,NA,43.47,-119.68
"Plymouth 2022","Copeland9",0.725096658071664,NA,NA,43.47,-119.68
"RedBluff 2023","Copeland9",0.79475334740975,NA,NA,43.47,-119.68
"Rush_Valley 2022","Copeland9",0.75916313219047,NA,NA,43.47,-119.68
"SSHQ 2022","Copeland9",0.801817161381669,NA,NA,43.47,-119.68
"SSHigh 2022","Copeland9",0.798317024568376,NA,NA,43.47,-119.68
"SouthEden 2022","Copeland9",0.799557814436782,NA,NA,43.47,-119.68
"Symstad1 2021","Copeland9",0.796158489619842,NA,NA,43.47,-119.68
"Symstad2 2022","Copeland9",0.795920557606529,NA,NA,43.47,-119.68
"TB FIRE 2022","Copeland9",0.799496276790551,NA,NA,43.47,-119.68
"TB LC Control 2022","Copeland9",0.799271306460384,NA,NA,43.47,-119.68
"TB PRAIRIE DOG 2022","Copeland9",0.799408063475679,NA,NA,43.47,-119.68
"Woodruff 2022","Copeland9",0.80187343892234,NA,NA,43.47,-119.68
"dino 2024","Copeland9",0.767670838164871,NA,NA,43.47,-119.68
"AAFC4","Downs1",0.641118358896499,50.08,-120.65,46.38145,-119.430272
"AAFC5","Downs1",0.658516885959097,50.09,-120.45,46.38145,-119.430272
"AAFC6","Downs1",0.647814818946696,50.09,-120.75,46.38145,-119.430272
"AAFC8","Downs1",0.6616821483008,49.57,-120.55,46.38145,-119.430272
"AAFC9","Downs1",0.649640854423177,49.62,-119.8,46.38145,-119.430272
"AAFC10","Downs1",0.649734560513697,49.71,-120.05,46.38145,-119.430272
"Adler5","Downs1",0.684166004184998,40.79,-111.87,46.38145,-119.430272
"Schupp2","Downs1",0.661201088938271,40.2,-112.46,46.38145,-119.430272
"Schupp1","Downs1",0.680924914682703,39.85,-112.15,46.38145,-119.430272
"Adler13","Downs1",0.700167643881633,41.44,-111.08,46.38145,-119.430272
"Adler16","Downs1",0.64314543634057,41.78,-110.2,46.38145,-119.430272
"Adler17","Downs1",0.643370924239939,41.44,-110.11,46.38145,-119.430272
"Adler18","Downs1",0.668523037669368,40.86,-114.22,46.38145,-119.430272
"Barnett1","Downs1",0.657508485003096,43.48,-110.74,46.38145,-119.430272
"Baughman3","Downs1",0.650951555127626,42.81,-118.96,46.38145,-119.430272
"Baughman2","Downs1",0.675016236903166,43.05,-118.87,46.38145,-119.430272
"Chynoweth1","Downs1",0.652228261030625,39.76604,-109.5635,46.38145,-119.430272
"Board1","Downs1",0.656445841435562,38.84,-117.57,46.38145,-119.430272
"Bradford1","Downs1",0.65592364227713,35.23,-111.62,46.38145,-119.430272
"Chambers1","Downs1",0.611930780341804,39.55,-119.58,46.38145,-119.430272
"Chambers2","Downs1",0.606431624759884,39.95,-118.76,46.38145,-119.430272
"Urza1","Downs1",0.60655699715836,40.35,-119.34,46.38145,-119.430272
"Chambers4","Downs1",0.606434437189278,41.31,-117.63,46.38145,-119.430272
"Chambers5","Downs1",0.602460175286672,41.54,-117.75,46.38145,-119.430272
"Chambers6","Downs1",0.602392186639043,41.54,-117.78,46.38145,-119.430272
"Chambers7","Downs1",0.660959375580939,43.94,-116.19,46.38145,-119.430272
"Chambers8","Downs1",0.65577510245859,42.24,-114.57,46.38145,-119.430272
"Chambers9","Downs1",0.652221363010854,40.66,-116.73,46.38145,-119.430272
"Copeland1","Downs1",0.652296624328362,43.7,-117.33,46.38145,-119.430272
"Copeland5","Downs1",0.667324881773543,42.27,-118.71,46.38145,-119.430272
"Copeland9","Downs1",0.643375192731162,43.47,-119.68,46.38145,-119.430272
"Downs1","Downs1",0.999999999999999,46.38145,-119.430272,46.38145,-119.430272
"Downs2","Downs1",0.661921059789731,46.25045,-119.53334,46.38145,-119.430272
"Downs3","Downs1",0.60764744648918,45.9663,-120.3671,46.38145,-119.430272
"Fleishman1","Downs1",0.655886556481668,38.47,-119.49,46.38145,-119.430272
"Fleishman5","Downs1",0.657159170495607,39.12,-117.27,46.38145,-119.430272
"Fleishman7","Downs1",0.657796418317494,39.17,-117.44,46.38145,-119.430272
"Getts1","Downs1",0.633620531015687,41.17,-120.5,46.38145,-119.430272
"Getts3","Downs1",0.661136422960934,40.43,-120.67,46.38145,-119.430272
"Holdrege1","Downs1",0.657438170031446,41.61,-111.57,46.38145,-119.430272
"Hufft1","Downs1",0.684539192047571,38.6701,-108.3286,46.38145,-119.430272
"Lavin1","Downs1",0.66089328389692,44.68,-109.07,46.38145,-119.430272
"Lavin2","Downs1",0.654807746149499,45.67,-111.03,46.38145,-119.430272
"Lee1","Downs1",0.60642764692504,36.82340833,-116.0163889,46.38145,-119.430272
"Lee2","Downs1",0.598388950324995,35.3984,-115.7845,46.38145,-119.430272
"Lee3","Downs1",0.606353887696199,36.5247,-115.8987,46.38145,-119.430272
"Lee4","Downs1",0.598277108544714,35.4564,-115.52,46.38145,-119.430272
"Leger1","Downs1",0.622638578107013,39.49,-119.84,46.38145,-119.430272
"Maron1","Downs1",0.649487904012465,46.68,-114.03,46.38145,-119.430272
"Maron2","Downs1",0.64316560955818,46.64,-113.23,46.38145,-119.430272
"Porensky30","Downs1",0.643049665168531,40.63,-105.27,46.38145,-119.430272
"Pyke3","Downs1",0.718037858368487,44.60456358,-120.1924183,46.38145,-119.430272
"Pyke8","Downs1",0.750726020375037,46.74830998,-119.361636,46.38145,-119.430272
"Pyke21","Downs1",0.670736137469965,47.61803776,-119.6830115,46.38145,-119.430272
"Pyle1","Downs1",0.722566010429569,42.35,-118.65,46.38145,-119.430272
"Pyle9","Downs1",0.643128575178046,43.42,-119.62,46.38145,-119.430272
"Pyle10","Downs1",0.657360444792393,43.19,-120,46.38145,-119.430272
"Pyle15","Downs1",0.681550580137234,43.8,-119,46.38145,-119.430272
"Pyle17","Downs1",0.662172225785089,44.36,-118.93,46.38145,-119.430272
"Pyle19","Downs1",0.639592196158567,44.57,-119.65,46.38145,-119.430272
"Reed1","Downs1",0.696364765547727,38.52,-109.47,46.38145,-119.430272
"Reed3","Downs1",0.648715317161917,38.75,-109.79,46.38145,-119.430272
"Schupp3","Downs1",0.672196223916858,38.6,-113.79,46.38145,-119.430272
"Schupp4","Downs1",0.652141168733097,38.52,-113.55,46.38145,-119.430272
"Schupp5","Downs1",0.65058008717454,39.11,-112.74,46.38145,-119.430272
"Symstad1","Downs1",0.672572416553586,44.59,-104.71,46.38145,-119.430272
"Symstad2","Downs1",0.735563854316996,43.87,-103.46,46.38145,-119.430272
"Symstad3","Downs1",0.674018640261896,43.62,-103.47,46.38145,-119.430272
"Urza2","Downs1",0.681878166625814,40.84,-119.56,46.38145,-119.430272
"Wilcox2","Downs1",0.768683547635704,41.31,-105.66,46.38145,-119.430272
"Chynoweth2","Downs1",0.657600465824138,40.29092,-109.68361,46.38145,-119.430272
"Chynoweth3","Downs1",0.76923502375992,39.83576,-109.61202,46.38145,-119.430272
"Chynoweth5","Downs1",0.681373427105408,40.480805,-109.438229,46.38145,-119.430272
"Chynoweth7","Downs1",0.65260081308225,40.533605,-109.523564,46.38145,-119.430272
"Chynoweth8","Downs1",0.657126076401305,40.640878,-109.48689,46.38145,-119.430272
"Shriver2","Downs1",0.657574675685235,48,-114.04,46.38145,-119.430272
"Davies03","Downs1",0.65619617936938,42.68,-118.68,46.38145,-119.430272
"GerminoBOP1","Downs1",0.660652091574303,43.4720833,-116.2338306,46.38145,-119.430272
"Mancillas01","Downs1",0.649411297046707,32.368,-106.56,46.38145,-119.430272
"Boise_High 2022","Downs1",0.742722299875625,NA,NA,46.38145,-119.430272
"Boise_Low 2022","Downs1",0.725535736214428,NA,NA,46.38145,-119.430272
"CG PASTURE 2022","Downs1",0.760880064048191,NA,NA,46.38145,-119.430272
"CaseAoyamaS1 2022","Downs1",0.748799392376221,NA,NA,46.38145,-119.430272
"CastValley 2021","Downs1",0.728896237374414,NA,NA,46.38145,-119.430272
"EOARC 2022","Downs1",0.748776713751943,NA,NA,46.38145,-119.430272
"EnsingS1 SuRDC 2022","Downs1",0.758699901639663,NA,NA,46.38145,-119.430272
"EnsingS2 Summerland-Princeton 2022","Downs1",0.737239412728779,NA,NA,46.38145,-119.430272
"EnsingS3 Bear Creek 2022","Downs1",0.73540959970103,NA,NA,46.38145,-119.430272
"EnsingS4 Lundbom 2022","Downs1",0.740967356423664,NA,NA,46.38145,-119.430272
"FAR NORTH CPER 2022","Downs1",0.762825341480426,NA,NA,46.38145,-119.430272
"FtK_Cottonwood_Coulee 2021","Downs1",0.765370589533304,NA,NA,46.38145,-119.430272
"FtK_Lone_Pine 2021","Downs1",0.765268990378732,NA,NA,46.38145,-119.430272
"GoeblS1 2024","Downs1",0.743796425009698,NA,NA,46.38145,-119.430272
"GreenCanyon 2021","Downs1",0.758117515282112,NA,NA,46.38145,-119.430272
"HPGRS AGCR 2022","Downs1",0.761179040459423,NA,NA,46.38145,-119.430272
"HardwareRanch 2022","Downs1",0.755566983464515,NA,NA,46.38145,-119.430272
"K1_vanDiepen 2022","Downs1",0.744232232708647,NA,NA,46.38145,-119.430272
"L1_vanDiepen 2022","Downs1",0.76084864466357,NA,NA,46.38145,-119.430272
"MPG_IR 2021","Downs1",0.753323921885475,NA,NA,46.38145,-119.430272
"MPG_SR 2021","Downs1",0.754624423948695,NA,NA,46.38145,-119.430272
"MPG_TH 2021","Downs1",0.753996473751753,NA,NA,46.38145,-119.430272
"NEAR 4WAY CPER 2022","Downs1",0.762567770337587,NA,NA,46.38145,-119.430272
"NEAR HQ CPER 2022","Downs1",0.762516537775888,NA,NA,46.38145,-119.430272
"NEAR NUTNET 2022","Downs1",0.762679041270004,NA,NA,46.38145,-119.430272
"OttS1 2022","Downs1",0.762160913215438,NA,NA,46.38145,-119.430272
"PMR- Brome 2021","Downs1",0.752061766913349,NA,NA,46.38145,-119.430272
"Pearlwise 2024","Downs1",0.748856432191949,NA,NA,46.38145,-119.430272
"Peavine 2022","Downs1",0.722181427485397,NA,NA,46.38145,-119.430272
"Plymouth 2022","Downs1",0.719051001101523,NA,NA,46.38145,-119.430272
"RedBluff 2023","Downs1",0.756064725463651,NA,NA,46.38145,-119.430272
"Rush_Valley 2022","Downs1",0.751667840802096,NA,NA,46.38145,-119.430272
"SSHQ 2022","Downs1",0.762091384766173,NA,NA,46.38145,-119.430272
"SSHigh 2022","Downs1",0.753782827643766,NA,NA,46.38145,-119.430272
"SouthEden 2022","Downs1",0.756840871721156,NA,NA,46.38145,-119.430272
"Symstad1 2021","Downs1",0.762443928361691,NA,NA,46.38145,-119.430272
"Symstad2 2022","Downs1",0.762881617672166,NA,NA,46.38145,-119.430272
"TB FIRE 2022","Downs1",0.764250234183557,NA,NA,46.38145,-119.430272
"TB LC Control 2022","Downs1",0.764279762279199,NA,NA,46.38145,-119.430272
"TB PRAIRIE DOG 2022","Downs1",0.764277537277421,NA,NA,46.38145,-119.430272
"Woodruff 2022","Downs1",0.760439436681604,NA,NA,46.38145,-119.430272
"dino 2024","Downs1",0.757292514656658,NA,NA,46.38145,-119.430272
"AAFC4","Downs2",0.66874248428226,50.08,-120.65,46.25045,-119.53334
"AAFC5","Downs2",0.719763709025356,50.09,-120.45,46.25045,-119.53334
"AAFC6","Downs2",0.65283981170392,50.09,-120.75,46.25045,-119.53334
"AAFC8","Downs2",0.687066233744222,49.57,-120.55,46.25045,-119.53334
"AAFC9","Downs2",0.690774117150492,49.62,-119.8,46.25045,-119.53334
"AAFC10","Downs2",0.690897738049358,49.71,-120.05,46.25045,-119.53334
"Adler5","Downs2",0.701415201395601,40.79,-111.87,46.25045,-119.53334
"Schupp2","Downs2",0.6585560631131,40.2,-112.46,46.25045,-119.53334
"Schupp1","Downs2",0.659355815665207,39.85,-112.15,46.25045,-119.53334
"Adler13","Downs2",0.674586345349187,41.44,-111.08,46.25045,-119.53334
"Adler16","Downs2",0.657723878518907,41.78,-110.2,46.25045,-119.53334
"Adler17","Downs2",0.657912674363255,41.44,-110.11,46.25045,-119.53334
"Adler18","Downs2",0.704714196823955,40.86,-114.22,46.25045,-119.53334
"Barnett1","Downs2",0.694037598070539,43.48,-110.74,46.25045,-119.53334
"Baughman3","Downs2",0.690786866199985,42.81,-118.96,46.25045,-119.53334
"Baughman2","Downs2",0.676428791460101,43.05,-118.87,46.25045,-119.53334
"Chynoweth1","Downs2",0.669204261958912,39.76604,-109.5635,46.25045,-119.53334
"Board1","Downs2",0.700811071762231,38.84,-117.57,46.25045,-119.53334
"Bradford1","Downs2",0.700369968490166,35.23,-111.62,46.25045,-119.53334
"Chambers1","Downs2",0.652922350115128,39.55,-119.58,46.25045,-119.53334
"Chambers2","Downs2",0.646607969857923,39.95,-118.76,46.25045,-119.53334
"Urza1","Downs2",0.646788054176762,40.35,-119.34,46.25045,-119.53334
"Chambers4","Downs2",0.646586447872837,41.31,-117.63,46.25045,-119.53334
"Chambers5","Downs2",0.643897159669758,41.54,-117.75,46.25045,-119.53334
"Chambers6","Downs2",0.643835963097069,41.54,-117.78,46.25045,-119.53334
"Chambers7","Downs2",0.676491125446598,43.94,-116.19,46.25045,-119.53334
"Chambers8","Downs2",0.689049053697279,42.24,-114.57,46.25045,-119.53334
"Chambers9","Downs2",0.669302622374952,40.66,-116.73,46.25045,-119.53334
"Copeland1","Downs2",0.669297431361424,43.7,-117.33,46.25045,-119.53334
"Copeland5","Downs2",0.704747785143312,42.27,-118.71,46.25045,-119.53334
"Copeland9","Downs2",0.657950481999384,43.47,-119.68,46.25045,-119.53334
"Downs1","Downs2",0.661921059789731,46.38145,-119.430272,46.25045,-119.53334
"Downs2","Downs2",0.999999999999999,46.25045,-119.53334,46.25045,-119.53334
"Downs3","Downs2",0.644040272682344,45.9663,-120.3671,46.25045,-119.53334
"Fleishman1","Downs2",0.668937289901949,38.47,-119.49,46.25045,-119.53334
"Fleishman5","Downs2",0.652947852198724,39.12,-117.27,46.25045,-119.53334
"Fleishman7","Downs2",0.735970434151487,39.17,-117.44,46.25045,-119.53334
"Getts1","Downs2",0.666662934480758,41.17,-120.5,46.25045,-119.53334
"Getts3","Downs2",0.739490058030845,40.43,-120.67,46.25045,-119.53334
"Holdrege1","Downs2",0.69380127238146,41.61,-111.57,46.25045,-119.53334
"Hufft1","Downs2",0.656858905399497,38.6701,-108.3286,46.25045,-119.53334
"Lavin1","Downs2",0.673617466560306,44.68,-109.07,46.25045,-119.53334
"Lavin2","Downs2",0.684067192691335,45.67,-111.03,46.25045,-119.53334
"Lee1","Downs2",0.646629069735548,36.82340833,-116.0163889,46.25045,-119.53334
"Lee2","Downs2",0.6380749136314,35.3984,-115.7845,46.25045,-119.53334
"Lee3","Downs2",0.646474259044863,36.5247,-115.8987,46.25045,-119.53334
"Lee4","Downs2",0.634056271262228,35.4564,-115.52,46.25045,-119.53334
"Leger1","Downs2",0.676013923851741,39.49,-119.84,46.25045,-119.53334
"Maron1","Downs2",0.668509121008412,46.68,-114.03,46.25045,-119.53334
"Maron2","Downs2",0.657689803920341,46.64,-113.23,46.25045,-119.53334
"Porensky30","Downs2",0.681482863544651,40.63,-105.27,46.25045,-119.53334
"Pyke3","Downs2",0.710868203931161,44.60456358,-120.1924183,46.25045,-119.53334
"Pyke8","Downs2",0.634759274107297,46.74830998,-119.361636,46.25045,-119.53334
"Pyke21","Downs2",0.693900014424152,47.61803776,-119.6830115,46.25045,-119.53334
"Pyle1","Downs2",0.735585253685088,42.35,-118.65,46.25045,-119.53334
"Pyle9","Downs2",0.657668398274999,43.42,-119.62,46.25045,-119.53334
"Pyle10","Downs2",0.653108581916287,43.19,-120,46.25045,-119.53334
"Pyle15","Downs2",0.718175308010255,43.8,-119,46.25045,-119.53334
"Pyle17","Downs2",0.698665884050506,44.36,-118.93,46.25045,-119.53334
"Pyle19","Downs2",0.635448161229348,44.57,-119.65,46.25045,-119.53334
"Reed1","Downs2",0.669781265642274,38.52,-109.47,46.25045,-119.53334
"Reed3","Downs2",0.649001978717696,38.75,-109.79,46.25045,-119.53334
"Schupp3","Downs2",0.665341815652106,38.6,-113.79,46.25045,-119.53334
"Schupp4","Downs2",0.669165516368844,38.52,-113.55,46.25045,-119.53334
"Schupp5","Downs2",0.67329759085773,39.11,-112.74,46.25045,-119.53334
"Symstad1","Downs2",0.656961258925788,44.59,-104.71,46.25045,-119.53334
"Symstad2","Downs2",0.664656920692545,43.87,-103.46,46.25045,-119.53334
"Symstad3","Downs2",0.67082342214789,43.62,-103.47,46.25045,-119.53334
"Urza2","Downs2",0.711652697911714,40.84,-119.56,46.25045,-119.53334
"Wilcox2","Downs2",0.643702857288258,41.31,-105.66,46.25045,-119.53334
"Chynoweth2","Downs2",0.653351462309008,40.29092,-109.68361,46.25045,-119.53334
"Chynoweth3","Downs2",0.643933641217253,39.83576,-109.61202,46.25045,-119.53334
"Chynoweth5","Downs2",0.674888733465163,40.480805,-109.438229,46.25045,-119.53334
"Chynoweth7","Downs2",0.669629788723512,40.533605,-109.523564,46.25045,-119.53334
"Chynoweth8","Downs2",0.653000801262256,40.640878,-109.48689,46.25045,-119.53334
"Shriver2","Downs2",0.694016854944696,48,-114.04,46.25045,-119.53334
"Davies03","Downs2",0.700584182423746,42.68,-118.68,46.25045,-119.53334
"GerminoBOP1","Downs2",0.676795674281589,43.4720833,-116.2338306,46.25045,-119.53334
"Mancillas01","Downs2",0.651135362314791,32.368,-106.56,46.25045,-119.53334
"Boise_High 2022","Downs2",0.787083238001256,NA,NA,46.25045,-119.53334
"Boise_Low 2022","Downs2",0.761182567550221,NA,NA,46.25045,-119.53334
"CG PASTURE 2022","Downs2",0.777953282607682,NA,NA,46.25045,-119.53334
"CaseAoyamaS1 2022","Downs2",0.784604257468184,NA,NA,46.25045,-119.53334
"CastValley 2021","Downs2",0.740385281534715,NA,NA,46.25045,-119.53334
"EOARC 2022","Downs2",0.785332003981255,NA,NA,46.25045,-119.53334
"EnsingS1 SuRDC 2022","Downs2",0.783300050152218,NA,NA,46.25045,-119.53334
"EnsingS2 Summerland-Princeton 2022","Downs2",0.784343090720967,NA,NA,46.25045,-119.53334
"EnsingS3 Bear Creek 2022","Downs2",0.782370643182144,NA,NA,46.25045,-119.53334
"EnsingS4 Lundbom 2022","Downs2",0.770930303476061,NA,NA,46.25045,-119.53334
"FAR NORTH CPER 2022","Downs2",0.776400015777859,NA,NA,46.25045,-119.53334
"FtK_Cottonwood_Coulee 2021","Downs2",0.767596721403593,NA,NA,46.25045,-119.53334
"FtK_Lone_Pine 2021","Downs2",0.766661882252362,NA,NA,46.25045,-119.53334
"GoeblS1 2024","Downs2",0.776149849462749,NA,NA,46.25045,-119.53334
"GreenCanyon 2021","Downs2",0.781777189209474,NA,NA,46.25045,-119.53334
"HPGRS AGCR 2022","Downs2",0.778151442232767,NA,NA,46.25045,-119.53334
"HardwareRanch 2022","Downs2",0.780812208906805,NA,NA,46.25045,-119.53334
"K1_vanDiepen 2022","Downs2",0.764786455234839,NA,NA,46.25045,-119.53334
"L1_vanDiepen 2022","Downs2",0.773300676322076,NA,NA,46.25045,-119.53334
"MPG_IR 2021","Downs2",0.773189906555357,NA,NA,46.25045,-119.53334
"MPG_SR 2021","Downs2",0.773622468276413,NA,NA,46.25045,-119.53334
"MPG_TH 2021","Downs2",0.77343030664972,NA,NA,46.25045,-119.53334
"NEAR 4WAY CPER 2022","Downs2",0.77560919510028,NA,NA,46.25045,-119.53334
"NEAR HQ CPER 2022","Downs2",0.776840771380729,NA,NA,46.25045,-119.53334
"NEAR NUTNET 2022","Downs2",0.77620653419103,NA,NA,46.25045,-119.53334
"OttS1 2022","Downs2",0.776627595056969,NA,NA,46.25045,-119.53334
"PMR- Brome 2021","Downs2",0.782905049018373,NA,NA,46.25045,-119.53334
"Pearlwise 2024","Downs2",0.784856824076246,NA,NA,46.25045,-119.53334
"Peavine 2022","Downs2",0.777746032813221,NA,NA,46.25045,-119.53334
"Plymouth 2022","Downs2",0.768540305009877,NA,NA,46.25045,-119.53334
"RedBluff 2023","Downs2",0.77910967993408,NA,NA,46.25045,-119.53334
"Rush_Valley 2022","Downs2",0.77760603219537,NA,NA,46.25045,-119.53334
"SSHQ 2022","Downs2",0.76515227941511,NA,NA,46.25045,-119.53334
"SSHigh 2022","Downs2",0.763773394125286,NA,NA,46.25045,-119.53334
"SouthEden 2022","Downs2",0.773787011610558,NA,NA,46.25045,-119.53334
"Symstad1 2021","Downs2",0.77203096321119,NA,NA,46.25045,-119.53334
"Symstad2 2022","Downs2",0.771832294485073,NA,NA,46.25045,-119.53334
"TB FIRE 2022","Downs2",0.774172665067541,NA,NA,46.25045,-119.53334
"TB LC Control 2022","Downs2",0.773863713722639,NA,NA,46.25045,-119.53334
"TB PRAIRIE DOG 2022","Downs2",0.773955951221,NA,NA,46.25045,-119.53334
"Woodruff 2022","Downs2",0.770401349799202,NA,NA,46.25045,-119.53334
"dino 2024","Downs2",0.752669342008685,NA,NA,46.25045,-119.53334
"AAFC4","Downs3",0.624333592238629,50.08,-120.65,45.9663,-120.3671
"AAFC5","Downs3",0.649289033023029,50.09,-120.45,45.9663,-120.3671
"AAFC6","Downs3",0.617460122680357,50.09,-120.75,45.9663,-120.3671
"AAFC8","Downs3",0.659954032837366,49.57,-120.55,45.9663,-120.3671
"AAFC9","Downs3",0.646852070775318,49.62,-119.8,45.9663,-120.3671
"AAFC10","Downs3",0.646964194956782,49.71,-120.05,45.9663,-120.3671
"Adler5","Downs3",0.652773944689638,40.79,-111.87,45.9663,-120.3671
"Schupp2","Downs3",0.629812704126409,40.2,-112.46,45.9663,-120.3671
"Schupp1","Downs3",0.622627981368325,39.85,-112.15,45.9663,-120.3671
"Adler13","Downs3",0.637558426848146,41.44,-111.08,45.9663,-120.3671
"Adler16","Downs3",0.630502053528143,41.78,-110.2,45.9663,-120.3671
"Adler17","Downs3",0.630553969093738,41.44,-110.11,45.9663,-120.3671
"Adler18","Downs3",0.625274214883149,40.86,-114.22,45.9663,-120.3671
"Barnett1","Downs3",0.637118508868746,43.48,-110.74,45.9663,-120.3671
"Baughman3","Downs3",0.650513864323517,42.81,-118.96,45.9663,-120.3671
"Baughman2","Downs3",0.633939682887624,43.05,-118.87,45.9663,-120.3671
"Chynoweth1","Downs3",0.634622843009559,39.76604,-109.5635,45.9663,-120.3671
"Board1","Downs3",0.626813652982392,38.84,-117.57,45.9663,-120.3671
"Bradford1","Downs3",0.6264388418199,35.23,-111.62,45.9663,-120.3671
"Chambers1","Downs3",0.651796975086943,39.55,-119.58,45.9663,-120.3671
"Chambers2","Downs3",0.643421966696918,39.95,-118.76,45.9663,-120.3671
"Urza1","Downs3",0.643556084970941,40.35,-119.34,45.9663,-120.3671
"Chambers4","Downs3",0.643512858938547,41.31,-117.63,45.9663,-120.3671
"Chambers5","Downs3",0.640384038359382,41.54,-117.75,45.9663,-120.3671
"Chambers6","Downs3",0.640396652703277,41.54,-117.78,45.9663,-120.3671
"Chambers7","Downs3",0.661663523607523,43.94,-116.19,45.9663,-120.3671
"Chambers8","Downs3",0.621901331801174,42.24,-114.57,45.9663,-120.3671
"Chambers9","Downs3",0.634739099728829,40.66,-116.73,45.9663,-120.3671
"Copeland1","Downs3",0.63467644021554,43.7,-117.33,45.9663,-120.3671
"Copeland5","Downs3",0.646872984348199,42.27,-118.71,45.9663,-120.3671
"Copeland9","Downs3",0.630646373821442,43.47,-119.68,45.9663,-120.3671
"Downs1","Downs3",0.60764744648918,46.38145,-119.430272,45.9663,-120.3671
"Downs2","Downs3",0.644040272682344,46.25045,-119.53334,45.9663,-120.3671
"Downs3","Downs3",1,45.9663,-120.3671,45.9663,-120.3671
"Fleishman1","Downs3",0.649064511869272,38.47,-119.49,45.9663,-120.3671
"Fleishman5","Downs3",0.61336236268561,39.12,-117.27,45.9663,-120.3671
"Fleishman7","Downs3",0.628171264944527,39.17,-117.44,45.9663,-120.3671
"Getts1","Downs3",0.662617995888837,41.17,-120.5,45.9663,-120.3671
"Getts3","Downs3",0.646401203309633,40.43,-120.67,45.9663,-120.3671
"Holdrege1","Downs3",0.636900987506963,41.61,-111.57,45.9663,-120.3671
"Hufft1","Downs3",0.60831962699379,38.6701,-108.3286,45.9663,-120.3671
"Lavin1","Downs3",0.642001240470532,44.68,-109.07,45.9663,-120.3671
"Lavin2","Downs3",0.644400576138406,45.67,-111.03,45.9663,-120.3671
"Lee1","Downs3",0.643301910571402,36.82340833,-116.0163889,45.9663,-120.3671
"Lee2","Downs3",0.63950723895676,35.3984,-115.7845,45.9663,-120.3671
"Lee3","Downs3",0.64335549368804,36.5247,-115.8987,45.9663,-120.3671
"Lee4","Downs3",0.74876687334571,35.4564,-115.52,45.9663,-120.3671
"Leger1","Downs3",0.673672522701289,39.49,-119.84,45.9663,-120.3671
"Maron1","Downs3",0.638809167614622,46.68,-114.03,45.9663,-120.3671
"Maron2","Downs3",0.630374629492364,46.64,-113.23,45.9663,-120.3671
"Porensky30","Downs3",0.637152303575935,40.63,-105.27,45.9663,-120.3671
"Pyke3","Downs3",0.641808194267651,44.60456358,-120.1924183,45.9663,-120.3671
"Pyke8","Downs3",0.600710108648243,46.74830998,-119.361636,45.9663,-120.3671
"Pyke21","Downs3",0.637547522568972,47.61803776,-119.6830115,45.9663,-120.3671
"Pyle1","Downs3",0.675461857297217,42.35,-118.65,45.9663,-120.3671
"Pyle9","Downs3",0.630405035089161,43.42,-119.62,45.9663,-120.3671
"Pyle10","Downs3",0.61349795724593,43.19,-120,45.9663,-120.3671
"Pyle15","Downs3",0.64682027500767,43.8,-119,45.9663,-120.3671
"Pyle17","Downs3",0.644318344150664,44.36,-118.93,45.9663,-120.3671
"Pyle19","Downs3",0.601136589669825,44.57,-119.65,45.9663,-120.3671
"Reed1","Downs3",0.617975660240115,38.52,-109.47,45.9663,-120.3671
"Reed3","Downs3",0.62400698660745,38.75,-109.79,45.9663,-120.3671
"Schupp3","Downs3",0.621630330225887,38.6,-113.79,45.9663,-120.3671
"Schupp4","Downs3",0.634558484964916,38.52,-113.55,45.9663,-120.3671
"Schupp5","Downs3",0.637080200701725,39.11,-112.74,45.9663,-120.3671
"Symstad1","Downs3",0.628823722858553,44.59,-104.71,45.9663,-120.3671
"Symstad2","Downs3",0.609672318239469,43.87,-103.46,45.9663,-120.3671
"Symstad3","Downs3",0.646984483054734,43.62,-103.47,45.9663,-120.3671
"Urza2","Downs3",0.656495693410616,40.84,-119.56,45.9663,-120.3671
"Wilcox2","Downs3",0.600742701384293,41.31,-105.66,45.9663,-120.3671
"Chynoweth2","Downs3",0.613682398183196,40.29092,-109.68361,45.9663,-120.3671
"Chynoweth3","Downs3",0.600935535977722,39.83576,-109.61202,45.9663,-120.3671
"Chynoweth5","Downs3",0.630666518576571,40.480805,-109.438229,45.9663,-120.3671
"Chynoweth7","Downs3",0.635005790642786,40.533605,-109.523564,45.9663,-120.3671
"Chynoweth8","Downs3",0.613368102815453,40.640878,-109.48689,45.9663,-120.3671
"Shriver2","Downs3",0.63711453211041,48,-114.04,45.9663,-120.3671
"Davies03","Downs3",0.626580905874527,42.68,-118.68,45.9663,-120.3671
"GerminoBOP1","Downs3",0.640246672792015,43.4720833,-116.2338306,45.9663,-120.3671
"Mancillas01","Downs3",0.605929131037944,32.368,-106.56,45.9663,-120.3671
"Boise_High 2022","Downs3",0.749172700143223,NA,NA,45.9663,-120.3671
"Boise_Low 2022","Downs3",0.73989856624802,NA,NA,45.9663,-120.3671
"CG PASTURE 2022","Downs3",0.717422172508333,NA,NA,45.9663,-120.3671
"CaseAoyamaS1 2022","Downs3",0.745464364717372,NA,NA,45.9663,-120.3671
"CastValley 2021","Downs3",0.713689978821054,NA,NA,45.9663,-120.3671
"EOARC 2022","Downs3",0.745704117777736,NA,NA,45.9663,-120.3671
"EnsingS1 SuRDC 2022","Downs3",0.72671500733959,NA,NA,45.9663,-120.3671
"EnsingS2 Summerland-Princeton 2022","Downs3",0.728624471633353,NA,NA,45.9663,-120.3671
"EnsingS3 Bear Creek 2022","Downs3",0.738476441856628,NA,NA,45.9663,-120.3671
"EnsingS4 Lundbom 2022","Downs3",0.702208938799936,NA,NA,45.9663,-120.3671
"FAR NORTH CPER 2022","Downs3",0.724378187252953,NA,NA,45.9663,-120.3671
"FtK_Cottonwood_Coulee 2021","Downs3",0.714033265805542,NA,NA,45.9663,-120.3671
"FtK_Lone_Pine 2021","Downs3",0.714543378410733,NA,NA,45.9663,-120.3671
"GoeblS1 2024","Downs3",0.72813450118444,NA,NA,45.9663,-120.3671
"GreenCanyon 2021","Downs3",0.729850216986586,NA,NA,45.9663,-120.3671
"HPGRS AGCR 2022","Downs3",0.718148839067219,NA,NA,45.9663,-120.3671
"HardwareRanch 2022","Downs3",0.726127156188055,NA,NA,45.9663,-120.3671
"K1_vanDiepen 2022","Downs3",0.695540782399278,NA,NA,45.9663,-120.3671
"L1_vanDiepen 2022","Downs3",0.711246996055151,NA,NA,45.9663,-120.3671
"MPG_IR 2021","Downs3",0.703101832861248,NA,NA,45.9663,-120.3671
"MPG_SR 2021","Downs3",0.703954317436449,NA,NA,45.9663,-120.3671
"MPG_TH 2021","Downs3",0.703375187784959,NA,NA,45.9663,-120.3671
"NEAR 4WAY CPER 2022","Downs3",0.724411285004885,NA,NA,45.9663,-120.3671
"NEAR HQ CPER 2022","Downs3",0.724096072114282,NA,NA,45.9663,-120.3671
"NEAR NUTNET 2022","Downs3",0.724252862262987,NA,NA,45.9663,-120.3671
"OttS1 2022","Downs3",0.716890174323025,NA,NA,45.9663,-120.3671
"PMR- Brome 2021","Downs3",0.7215924919539,NA,NA,45.9663,-120.3671
"Pearlwise 2024","Downs3",0.750630671524172,NA,NA,45.9663,-120.3671
"Peavine 2022","Downs3",0.755850716580522,NA,NA,45.9663,-120.3671
"Plymouth 2022","Downs3",0.750088955873927,NA,NA,45.9663,-120.3671
"RedBluff 2023","Downs3",0.712939516835833,NA,NA,45.9663,-120.3671
"Rush_Valley 2022","Downs3",0.735811949032559,NA,NA,45.9663,-120.3671
"SSHQ 2022","Downs3",0.706182154928208,NA,NA,45.9663,-120.3671
"SSHigh 2022","Downs3",0.699902286845412,NA,NA,45.9663,-120.3671
"SouthEden 2022","Downs3",0.715364666304212,NA,NA,45.9663,-120.3671
"Symstad1 2021","Downs3",0.707590798459865,NA,NA,45.9663,-120.3671
"Symstad2 2022","Downs3",0.708099237969743,NA,NA,45.9663,-120.3671
"TB FIRE 2022","Downs3",0.722996962858992,NA,NA,45.9663,-120.3671
"TB LC Control 2022","Downs3",0.723039195420943,NA,NA,45.9663,-120.3671
"TB PRAIRIE DOG 2022","Downs3",0.723075731838319,NA,NA,45.9663,-120.3671
"Woodruff 2022","Downs3",0.709274926488192,NA,NA,45.9663,-120.3671
"dino 2024","Downs3",0.707713520008927,NA,NA,45.9663,-120.3671
"AAFC4","Fleishman1",0.704675976718699,50.08,-120.65,38.47,-119.49
"AAFC5","Fleishman1",0.69180248834018,50.09,-120.45,38.47,-119.49
"AAFC6","Fleishman1",0.699986891132831,50.09,-120.75,38.47,-119.49
"AAFC8","Fleishman1",0.733134009959614,49.57,-120.55,38.47,-119.49
"AAFC9","Fleishman1",0.675940407380194,49.62,-119.8,38.47,-119.49
"AAFC10","Fleishman1",0.676110337559811,49.71,-120.05,38.47,-119.49
"Adler5","Fleishman1",0.683584735797447,40.79,-111.87,38.47,-119.49
"Schupp2","Fleishman1",0.68777011237868,40.2,-112.46,38.47,-119.49
"Schupp1","Fleishman1",0.687847576280979,39.85,-112.15,38.47,-119.49
"Adler13","Fleishman1",0.713843056427257,41.44,-111.08,38.47,-119.49
"Adler16","Fleishman1",0.737299599864866,41.78,-110.2,38.47,-119.49
"Adler17","Fleishman1",0.737439969298872,41.44,-110.11,38.47,-119.49
"Adler18","Fleishman1",0.67476507756209,40.86,-114.22,38.47,-119.49
"Barnett1","Fleishman1",0.684995520110277,43.48,-110.74,38.47,-119.49
"Baughman3","Fleishman1",0.70905571724748,42.81,-118.96,38.47,-119.49
"Baughman2","Fleishman1",0.692024995089156,43.05,-118.87,38.47,-119.49
"Chynoweth1","Fleishman1",0.734770451768255,39.76604,-109.5635,38.47,-119.49
"Board1","Fleishman1",0.674422466397393,38.84,-117.57,38.47,-119.49
"Bradford1","Fleishman1",0.673976979361872,35.23,-111.62,38.47,-119.49
"Chambers1","Fleishman1",0.633398303766447,39.55,-119.58,38.47,-119.49
"Chambers2","Fleishman1",0.627319760544296,39.95,-118.76,38.47,-119.49
"Urza1","Fleishman1",0.627424039469427,40.35,-119.34,38.47,-119.49
"Chambers4","Fleishman1",0.627301042090528,41.31,-117.63,38.47,-119.49
"Chambers5","Fleishman1",0.623420711158715,41.54,-117.75,38.47,-119.49
"Chambers6","Fleishman1",0.62343358372028,41.54,-117.78,38.47,-119.49
"Chambers7","Fleishman1",0.749332217387749,43.94,-116.19,38.47,-119.49
"Chambers8","Fleishman1",0.667236263098838,42.24,-114.57,38.47,-119.49
"Chambers9","Fleishman1",0.73480835143177,40.66,-116.73,38.47,-119.49
"Copeland1","Fleishman1",0.734757929869271,43.7,-117.33,38.47,-119.49
"Copeland5","Fleishman1",0.671841930682208,42.27,-118.71,38.47,-119.49
"Copeland9","Fleishman1",0.737607822599863,43.47,-119.68,38.47,-119.49
"Downs1","Fleishman1",0.655886556481668,46.38145,-119.430272,38.47,-119.49
"Downs2","Fleishman1",0.668937289901949,46.25045,-119.53334,38.47,-119.49
"Downs3","Fleishman1",0.649064511869272,45.9663,-120.3671,38.47,-119.49
"Fleishman1","Fleishman1",1,38.47,-119.49,38.47,-119.49
"Fleishman5","Fleishman1",0.664243000543606,39.12,-117.27,38.47,-119.49
"Fleishman7","Fleishman1",0.665905483610816,39.17,-117.44,38.47,-119.49
"Getts1","Fleishman1",0.65603934024415,41.17,-120.5,38.47,-119.49
"Getts3","Fleishman1",0.704409394929455,40.43,-120.67,38.47,-119.49
"Holdrege1","Fleishman1",0.684768539079298,41.61,-111.57,38.47,-119.49
"Hufft1","Fleishman1",0.677467851257206,38.6701,-108.3286,38.47,-119.49
"Lavin1","Fleishman1",0.728528010728535,44.68,-109.07,38.47,-119.49
"Lavin2","Fleishman1",0.696565297027183,45.67,-111.03,38.47,-119.49
"Lee1","Fleishman1",0.627345328109892,36.82340833,-116.0163889,38.47,-119.49
"Lee2","Fleishman1",0.620115586693679,35.3984,-115.7845,38.47,-119.49
"Lee3","Fleishman1",0.627205112480466,36.5247,-115.8987,38.47,-119.49
"Lee4","Fleishman1",0.62229719652371,35.4564,-115.52,38.47,-119.49
"Leger1","Fleishman1",0.642373565629927,39.49,-119.84,38.47,-119.49
"Maron1","Fleishman1",0.719445564130618,46.68,-114.03,38.47,-119.49
"Maron2","Fleishman1",0.737242113643689,46.64,-113.23,38.47,-119.49
"Porensky30","Fleishman1",0.67691688892131,40.63,-105.27,38.47,-119.49
"Pyke3","Fleishman1",0.683028783369669,44.60456358,-120.1924183,38.47,-119.49
"Pyke8","Fleishman1",0.646677595330319,46.74830998,-119.361636,38.47,-119.49
"Pyke21","Fleishman1",0.707938640161131,47.61803776,-119.6830115,38.47,-119.49
"Pyle1","Fleishman1",0.74506771466166,42.35,-118.65,38.47,-119.49
"Pyle9","Fleishman1",0.737235341365042,43.42,-119.62,38.47,-119.49
"Pyle10","Fleishman1",0.664345050274082,43.19,-120,38.47,-119.49
"Pyle15","Fleishman1",0.69083030687984,43.8,-119,38.47,-119.49
"Pyle17","Fleishman1",0.678011758975881,44.36,-118.93,38.47,-119.49
"Pyle19","Fleishman1",0.68962312274251,44.57,-119.65,38.47,-119.49
"Reed1","Fleishman1",0.678500634258984,38.52,-109.47,38.47,-119.49
"Reed3","Fleishman1",0.718373599914954,38.75,-109.79,38.47,-119.49
"Schupp3","Fleishman1",0.676736584850225,38.6,-113.79,38.47,-119.49
"Schupp4","Fleishman1",0.734641787562974,38.52,-113.55,38.47,-119.49
"Schupp5","Fleishman1",0.747922825921925,39.11,-112.74,38.47,-119.49
"Symstad1","Fleishman1",0.686233224372619,44.59,-104.71,38.47,-119.49
"Symstad2","Fleishman1",0.667302800734996,43.87,-103.46,38.47,-119.49
"Symstad3","Fleishman1",0.754966550850092,43.62,-103.47,38.47,-119.49
"Urza2","Fleishman1",0.758526735392126,40.84,-119.56,38.47,-119.49
"Wilcox2","Fleishman1",0.656036618871513,41.31,-105.66,38.47,-119.49
"Chynoweth2","Fleishman1",0.664656732303156,40.29092,-109.68361,38.47,-119.49
"Chynoweth3","Fleishman1",0.656300838466179,39.83576,-109.61202,38.47,-119.49
"Chynoweth5","Fleishman1",0.67873770208891,40.480805,-109.438229,38.47,-119.49
"Chynoweth7","Fleishman1",0.735167838005209,40.533605,-109.523564,38.47,-119.49
"Chynoweth8","Fleishman1",0.664233339858653,40.640878,-109.48689,38.47,-119.49
"Shriver2","Fleishman1",0.685026116067329,48,-114.04,38.47,-119.49
"Davies03","Fleishman1",0.674228970951918,42.68,-118.68,38.47,-119.49
"GerminoBOP1","Fleishman1",0.73741191718395,43.4720833,-116.2338306,38.47,-119.49
"Mancillas01","Fleishman1",0.685342833288568,32.368,-106.56,38.47,-119.49
"Boise_High 2022","Fleishman1",0.778963032143659,NA,NA,38.47,-119.49
"Boise_Low 2022","Fleishman1",0.752177982931589,NA,NA,38.47,-119.49
"CG PASTURE 2022","Fleishman1",0.796685890577749,NA,NA,38.47,-119.49
"CaseAoyamaS1 2022","Fleishman1",0.783551113513702,NA,NA,38.47,-119.49
"CastValley 2021","Fleishman1",0.755255405335907,NA,NA,38.47,-119.49
"EOARC 2022","Fleishman1",0.783947157656846,NA,NA,38.47,-119.49
"EnsingS1 SuRDC 2022","Fleishman1",0.797513597402692,NA,NA,38.47,-119.49
"EnsingS2 Summerland-Princeton 2022","Fleishman1",0.773983230244462,NA,NA,38.47,-119.49
"EnsingS3 Bear Creek 2022","Fleishman1",0.768393322577693,NA,NA,38.47,-119.49
"EnsingS4 Lundbom 2022","Fleishman1",0.781787077833493,NA,NA,38.47,-119.49
"FAR NORTH CPER 2022","Fleishman1",0.79584763920423,NA,NA,38.47,-119.49
"FtK_Cottonwood_Coulee 2021","Fleishman1",0.800249504658068,NA,NA,38.47,-119.49
"FtK_Lone_Pine 2021","Fleishman1",0.799685758469231,NA,NA,38.47,-119.49
"GoeblS1 2024","Fleishman1",0.772980567755685,NA,NA,38.47,-119.49
"GreenCanyon 2021","Fleishman1",0.798102110566568,NA,NA,38.47,-119.49
"HPGRS AGCR 2022","Fleishman1",0.796658459983136,NA,NA,38.47,-119.49
"HardwareRanch 2022","Fleishman1",0.797391236123635,NA,NA,38.47,-119.49
"K1_vanDiepen 2022","Fleishman1",0.787400481015761,NA,NA,38.47,-119.49
"L1_vanDiepen 2022","Fleishman1",0.799350240220675,NA,NA,38.47,-119.49
"MPG_IR 2021","Fleishman1",0.795924477780893,NA,NA,38.47,-119.49
"MPG_SR 2021","Fleishman1",0.796960417665896,NA,NA,38.47,-119.49
"MPG_TH 2021","Fleishman1",0.79645054028035,NA,NA,38.47,-119.49
"NEAR 4WAY CPER 2022","Fleishman1",0.795159069083296,NA,NA,38.47,-119.49
"NEAR HQ CPER 2022","Fleishman1",0.795700179171009,NA,NA,38.47,-119.49
"NEAR NUTNET 2022","Fleishman1",0.795567070268979,NA,NA,38.47,-119.49
"OttS1 2022","Fleishman1",0.797191883892096,NA,NA,38.47,-119.49
"PMR- Brome 2021","Fleishman1",0.787834810535449,NA,NA,38.47,-119.49
"Pearlwise 2024","Fleishman1",0.78354133792706,NA,NA,38.47,-119.49
"Peavine 2022","Fleishman1",0.752822145980695,NA,NA,38.47,-119.49
"Plymouth 2022","Fleishman1",0.74635790598323,NA,NA,38.47,-119.49
"RedBluff 2023","Fleishman1",0.794088838166156,NA,NA,38.47,-119.49
"Rush_Valley 2022","Fleishman1",0.786427643359916,NA,NA,38.47,-119.49
"SSHQ 2022","Fleishman1",0.804127846113828,NA,NA,38.47,-119.49
"SSHigh 2022","Fleishman1",0.797667477162624,NA,NA,38.47,-119.49
"SouthEden 2022","Fleishman1",0.799649537114215,NA,NA,38.47,-119.49
"Symstad1 2021","Fleishman1",0.798677609244592,NA,NA,38.47,-119.49
"Symstad2 2022","Fleishman1",0.798921478261717,NA,NA,38.47,-119.49
"TB FIRE 2022","Fleishman1",0.798411272518632,NA,NA,38.47,-119.49
"TB LC Control 2022","Fleishman1",0.798330657135014,NA,NA,38.47,-119.49
"TB PRAIRIE DOG 2022","Fleishman1",0.798365975672244,NA,NA,38.47,-119.49
"Woodruff 2022","Fleishman1",0.802623125850098,NA,NA,38.47,-119.49
"dino 2024","Fleishman1",0.792805824127478,NA,NA,38.47,-119.49
"AAFC4","Fleishman5",0.661442499588368,50.08,-120.65,39.12,-117.27
"AAFC5","Fleishman5",0.648323384013816,50.09,-120.45,39.12,-117.27
"AAFC6","Fleishman5",0.672521491636686,50.09,-120.75,39.12,-117.27
"AAFC8","Fleishman5",0.656378481984526,49.57,-120.55,39.12,-117.27
"AAFC9","Fleishman5",0.636100027225899,49.62,-119.8,39.12,-117.27
"AAFC10","Fleishman5",0.636239471613066,49.71,-120.05,39.12,-117.27
"Adler5","Fleishman5",0.642806501611948,40.79,-111.87,39.12,-117.27
"Schupp2","Fleishman5",0.778634166023785,40.2,-112.46,39.12,-117.27
"Schupp1","Fleishman5",0.742369723262752,39.85,-112.15,39.12,-117.27
"Adler13","Fleishman5",0.677075433162727,41.44,-111.08,39.12,-117.27
"Adler16","Fleishman5",0.65240151719006,41.78,-110.2,39.12,-117.27
"Adler17","Fleishman5",0.652595412781501,41.44,-110.11,39.12,-117.27
"Adler18","Fleishman5",0.743017006394654,40.86,-114.22,39.12,-117.27
"Barnett1","Fleishman5",0.629533335508248,43.48,-110.74,39.12,-117.27
"Baughman3","Fleishman5",0.653919469824847,42.81,-118.96,39.12,-117.27
"Baughman2","Fleishman5",0.690073453235564,43.05,-118.87,39.12,-117.27
"Chynoweth1","Fleishman5",0.66485267054108,39.76604,-109.5635,39.12,-117.27
"Board1","Fleishman5",0.625380020350084,38.84,-117.57,39.12,-117.27
"Bradford1","Fleishman5",0.624951103617372,35.23,-111.62,39.12,-117.27
"Chambers1","Fleishman5",0.61896410796334,39.55,-119.58,39.12,-117.27
"Chambers2","Fleishman5",0.613274653363082,39.95,-118.76,39.12,-117.27
"Urza1","Fleishman5",0.613426789764007,40.35,-119.34,39.12,-117.27
"Chambers4","Fleishman5",0.613299036524975,41.31,-117.63,39.12,-117.27
"Chambers5","Fleishman5",0.60918687659847,41.54,-117.75,39.12,-117.27
"Chambers6","Fleishman5",0.609161728567656,41.54,-117.78,39.12,-117.27
"Chambers7","Fleishman5",0.67052861760554,43.94,-116.19,39.12,-117.27
"Chambers8","Fleishman5",0.760882417570857,42.24,-114.57,39.12,-117.27
"Chambers9","Fleishman5",0.664900888618951,40.66,-116.73,39.12,-117.27
"Copeland1","Fleishman5",0.664905125221347,43.7,-117.33,39.12,-117.27
"Copeland5","Fleishman5",0.632093186967749,42.27,-118.71,39.12,-117.27
"Copeland9","Fleishman5",0.652545656782944,43.47,-119.68,39.12,-117.27
"Downs1","Fleishman5",0.657159170495607,46.38145,-119.430272,39.12,-117.27
"Downs2","Fleishman5",0.652947852198724,46.25045,-119.53334,39.12,-117.27
"Downs3","Fleishman5",0.61336236268561,45.9663,-120.3671,39.12,-117.27
"Fleishman1","Fleishman5",0.664243000543606,38.47,-119.49,39.12,-117.27
"Fleishman5","Fleishman5",0.999999999999999,39.12,-117.27,39.12,-117.27
"Fleishman7","Fleishman5",0.625439899052145,39.17,-117.44,39.12,-117.27
"Getts1","Fleishman5",0.632755346339964,41.17,-120.5,39.12,-117.27
"Getts3","Fleishman5",0.636942894839525,40.43,-120.67,39.12,-117.27
"Holdrege1","Fleishman5",0.629332244127846,41.61,-111.57,39.12,-117.27
"Hufft1","Fleishman5",0.683568579237042,38.6701,-108.3286,39.12,-117.27
"Lavin1","Fleishman5",0.699117333563423,44.68,-109.07,39.12,-117.27
"Lavin2","Fleishman5",0.658289507990534,45.67,-111.03,39.12,-117.27
"Lee1","Fleishman5",0.613304610428943,36.82340833,-116.0163889,39.12,-117.27
"Lee2","Fleishman5",0.604901553499756,35.3984,-115.7845,39.12,-117.27
"Lee3","Fleishman5",0.613154578464791,36.5247,-115.8987,39.12,-117.27
"Lee4","Fleishman5",0.606752123756995,35.4564,-115.52,39.12,-117.27
"Leger1","Fleishman5",0.613991783451521,39.49,-119.84,39.12,-117.27
"Maron1","Fleishman5",0.665653516717886,46.68,-114.03,39.12,-117.27
"Maron2","Fleishman5",0.652315602324307,46.64,-113.23,39.12,-117.27
"Porensky30","Fleishman5",0.643344361691761,40.63,-105.27,39.12,-117.27
"Pyke3","Fleishman5",0.643141885347877,44.60456358,-120.1924183,39.12,-117.27
"Pyke8","Fleishman5",0.654926556135286,46.74830998,-119.361636,39.12,-117.27
"Pyke21","Fleishman5",0.660841840371667,47.61803776,-119.6830115,39.12,-117.27
"Pyle1","Fleishman5",0.843268034560513,42.35,-118.65,39.12,-117.27
"Pyle9","Fleishman5",0.652329882449667,43.42,-119.62,39.12,-117.27
"Pyle10","Fleishman5",0.999663894492086,43.19,-120,39.12,-117.27
"Pyle15","Fleishman5",0.644442512748786,43.8,-119,39.12,-117.27
"Pyle17","Fleishman5",0.647290567744284,44.36,-118.93,39.12,-117.27
"Pyle19","Fleishman5",0.655236431743558,44.57,-119.65,39.12,-117.27
"Reed1","Fleishman5",0.668907003217239,38.52,-109.47,39.12,-117.27
"Reed3","Fleishman5",0.657040639857082,38.75,-109.79,39.12,-117.27
"Schupp3","Fleishman5",0.708084357986858,38.6,-113.79,39.12,-117.27
"Schupp4","Fleishman5",0.664762484342416,38.52,-113.55,39.12,-117.27
"Schupp5","Fleishman5",0.659751107928374,39.11,-112.74,39.12,-117.27
"Symstad1","Fleishman5",0.673043505517252,44.59,-104.71,39.12,-117.27
"Symstad2","Fleishman5",0.646706252596989,43.87,-103.46,39.12,-117.27
"Symstad3","Fleishman5",0.674755294299845,43.62,-103.47,39.12,-117.27
"Urza2","Fleishman5",0.655802416311786,40.84,-119.56,39.12,-117.27
"Wilcox2","Fleishman5",0.678033435095632,41.31,-105.66,39.12,-117.27
"Chynoweth2","Fleishman5",0.999436959884023,40.29092,-109.68361,39.12,-117.27
"Chynoweth3","Fleishman5",0.678325654134629,39.83576,-109.61202,39.12,-117.27
"Chynoweth5","Fleishman5",0.918400378605794,40.480805,-109.438229,39.12,-117.27
"Chynoweth7","Fleishman5",0.665277985133572,40.533605,-109.523564,39.12,-117.27
"Chynoweth8","Fleishman5",0.999684212705233,40.640878,-109.48689,39.12,-117.27
"Shriver2","Fleishman5",0.629547111309189,48,-114.04,39.12,-117.27
"Davies03","Fleishman5",0.625134626933958,42.68,-118.68,39.12,-117.27
"GerminoBOP1","Fleishman5",0.673576572421516,43.4720833,-116.2338306,39.12,-117.27
"Mancillas01","Fleishman5",0.664165031536857,32.368,-106.56,39.12,-117.27
"Boise_High 2022","Fleishman5",0.728402303128274,NA,NA,39.12,-117.27
"Boise_Low 2022","Fleishman5",0.730086303327997,NA,NA,39.12,-117.27
"CG PASTURE 2022","Fleishman5",0.765503355894039,NA,NA,39.12,-117.27
"CaseAoyamaS1 2022","Fleishman5",0.744300725579139,NA,NA,39.12,-117.27
"CastValley 2021","Fleishman5",0.766939633148006,NA,NA,39.12,-117.27
"EOARC 2022","Fleishman5",0.742846396841733,NA,NA,39.12,-117.27
"EnsingS1 SuRDC 2022","Fleishman5",0.759487754506648,NA,NA,39.12,-117.27
"EnsingS2 Summerland-Princeton 2022","Fleishman5",0.714179381009329,NA,NA,39.12,-117.27
"EnsingS3 Bear Creek 2022","Fleishman5",0.718742199754136,NA,NA,39.12,-117.27
"EnsingS4 Lundbom 2022","Fleishman5",0.722281630761484,NA,NA,39.12,-117.27
"FAR NORTH CPER 2022","Fleishman5",0.777862818400083,NA,NA,39.12,-117.27
"FtK_Cottonwood_Coulee 2021","Fleishman5",0.786265514918201,NA,NA,39.12,-117.27
"FtK_Lone_Pine 2021","Fleishman5",0.787930632540175,NA,NA,39.12,-117.27
"GoeblS1 2024","Fleishman5",0.749943940536091,NA,NA,39.12,-117.27
"GreenCanyon 2021","Fleishman5",0.765540502993253,NA,NA,39.12,-117.27
"HPGRS AGCR 2022","Fleishman5",0.766633830358619,NA,NA,39.12,-117.27
"HardwareRanch 2022","Fleishman5",0.754373364071659,NA,NA,39.12,-117.27
"K1_vanDiepen 2022","Fleishman5",0.739206239247733,NA,NA,39.12,-117.27
"L1_vanDiepen 2022","Fleishman5",0.768182753114517,NA,NA,39.12,-117.27
"MPG_IR 2021","Fleishman5",0.754553215765963,NA,NA,39.12,-117.27
"MPG_SR 2021","Fleishman5",0.757086376550662,NA,NA,39.12,-117.27
"MPG_TH 2021","Fleishman5",0.755942527645739,NA,NA,39.12,-117.27
"NEAR 4WAY CPER 2022","Fleishman5",0.779231399506753,NA,NA,39.12,-117.27
"NEAR HQ CPER 2022","Fleishman5",0.776886682966958,NA,NA,39.12,-117.27
"NEAR NUTNET 2022","Fleishman5",0.778142391881473,NA,NA,39.12,-117.27
"OttS1 2022","Fleishman5",0.771874852005975,NA,NA,39.12,-117.27
"PMR- Brome 2021","Fleishman5",0.745474741337415,NA,NA,39.12,-117.27
"Pearlwise 2024","Fleishman5",0.747707338034227,NA,NA,39.12,-117.27
"Peavine 2022","Fleishman5",0.707235777990611,NA,NA,39.12,-117.27
"Plymouth 2022","Fleishman5",0.714721564186901,NA,NA,39.12,-117.27
"RedBluff 2023","Fleishman5",0.75438068988764,NA,NA,39.12,-117.27
"Rush_Valley 2022","Fleishman5",0.764983553832301,NA,NA,39.12,-117.27
"SSHQ 2022","Fleishman5",0.778329644059947,NA,NA,39.12,-117.27
"SSHigh 2022","Fleishman5",0.758540599564683,NA,NA,39.12,-117.27
"SouthEden 2022","Fleishman5",0.758952154429127,NA,NA,39.12,-117.27
"Symstad1 2021","Fleishman5",0.776687697173955,NA,NA,39.12,-117.27
"Symstad2 2022","Fleishman5",0.778303515199107,NA,NA,39.12,-117.27
"TB FIRE 2022","Fleishman5",0.779621353643242,NA,NA,39.12,-117.27
"TB LC Control 2022","Fleishman5",0.780196040555504,NA,NA,39.12,-117.27
"TB PRAIRIE DOG 2022","Fleishman5",0.780020158842931,NA,NA,39.12,-117.27
"Woodruff 2022","Fleishman5",0.770522471254736,NA,NA,39.12,-117.27
"dino 2024","Fleishman5",0.799128027580137,NA,NA,39.12,-117.27
"AAFC4","Fleishman7",0.684740268996704,50.08,-120.65,39.17,-117.44
"AAFC5","Fleishman7",0.741832882655846,50.09,-120.45,39.17,-117.44
"AAFC6","Fleishman7",0.655546125867233,50.09,-120.75,39.17,-117.44
"AAFC8","Fleishman7",0.695464029088034,49.57,-120.55,39.17,-117.44
"AAFC9","Fleishman7",0.709329040051723,49.62,-119.8,39.17,-117.44
"AAFC10","Fleishman7",0.709373329549116,49.71,-120.05,39.17,-117.44
"Adler5","Fleishman7",0.735076892349288,40.79,-111.87,39.17,-117.44
"Schupp2","Fleishman7",0.668552028927957,40.2,-112.46,39.17,-117.44
"Schupp1","Fleishman7",0.64467204961773,39.85,-112.15,39.17,-117.44
"Adler13","Fleishman7",0.655347284824178,41.44,-111.08,39.17,-117.44
"Adler16","Fleishman7",0.672090467021245,41.78,-110.2,39.17,-117.44
"Adler17","Fleishman7",0.672288124704903,41.44,-110.11,39.17,-117.44
"Adler18","Fleishman7",0.680688837528358,40.86,-114.22,39.17,-117.44
"Barnett1","Fleishman7",0.734941724484892,43.48,-110.74,39.17,-117.44
"Baughman3","Fleishman7",0.703379612294102,42.81,-118.96,39.17,-117.44
"Baughman2","Fleishman7",0.665632606797351,43.05,-118.87,39.17,-117.44
"Chynoweth1","Fleishman7",0.659538463240282,39.76604,-109.5635,39.17,-117.44
"Board1","Fleishman7",0.847688512121348,38.84,-117.57,39.17,-117.44
"Bradford1","Fleishman7",0.847260239637974,35.23,-111.62,39.17,-117.44
"Chambers1","Fleishman7",0.619894686979834,39.55,-119.58,39.17,-117.44
"Chambers2","Fleishman7",0.613648349721176,39.95,-118.76,39.17,-117.44
"Urza1","Fleishman7",0.61372936062791,40.35,-119.34,39.17,-117.44
"Chambers4","Fleishman7",0.613535590820981,41.31,-117.63,39.17,-117.44
"Chambers5","Fleishman7",0.60955538988196,41.54,-117.75,39.17,-117.44
"Chambers6","Fleishman7",0.609543410047925,41.54,-117.78,39.17,-117.44
"Chambers7","Fleishman7",0.668612072887938,43.94,-116.19,39.17,-117.44
"Chambers8","Fleishman7",0.702324118690428,42.24,-114.57,39.17,-117.44
"Chambers9","Fleishman7",0.659605415735575,40.66,-116.73,39.17,-117.44
"Copeland1","Fleishman7",0.659643889280875,43.7,-117.33,39.17,-117.44
"Copeland5","Fleishman7",0.793544460177909,42.27,-118.71,39.17,-117.44
"Copeland9","Fleishman7",0.672343442406859,43.47,-119.68,39.17,-117.44
"Downs1","Fleishman7",0.657796418317494,46.38145,-119.430272,39.17,-117.44
"Downs2","Fleishman7",0.735970434151487,46.25045,-119.53334,39.17,-117.44
"Downs3","Fleishman7",0.628171264944527,45.9663,-120.3671,39.17,-117.44
"Fleishman1","Fleishman7",0.665905483610816,38.47,-119.49,39.17,-117.44
"Fleishman5","Fleishman7",0.625439899052145,39.12,-117.27,39.17,-117.44
"Fleishman7","Fleishman7",1,39.17,-117.44,39.17,-117.44
"Getts1","Fleishman7",0.646130931881728,41.17,-120.5,39.17,-117.44
"Getts3","Fleishman7",0.842216007744255,40.43,-120.67,39.17,-117.44
"Holdrege1","Fleishman7",0.734829919507118,41.61,-111.57,39.17,-117.44
"Hufft1","Fleishman7",0.635187202788727,38.6701,-108.3286,39.17,-117.44
"Lavin1","Fleishman7",0.658121766312572,44.68,-109.07,39.17,-117.44
"Lavin2","Fleishman7",0.690858198313165,45.67,-111.03,39.17,-117.44
"Lee1","Fleishman7",0.61360475066925,36.82340833,-116.0163889,39.17,-117.44
"Lee2","Fleishman7",0.606065402118371,35.3984,-115.7845,39.17,-117.44
"Lee3","Fleishman7",0.613541174747967,36.5247,-115.8987,39.17,-117.44
"Lee4","Fleishman7",0.612116490704105,35.4564,-115.52,39.17,-117.44
"Leger1","Fleishman7",0.674233147348714,39.49,-119.84,39.17,-117.44
"Maron1","Fleishman7",0.668404852118718,46.68,-114.03,39.17,-117.44
"Maron2","Fleishman7",0.6721252732328,46.64,-113.23,39.17,-117.44
"Porensky30","Fleishman7",0.673272658582766,40.63,-105.27,39.17,-117.44
"Pyke3","Fleishman7",0.77578253083273,44.60456358,-120.1924183,39.17,-117.44
"Pyke8","Fleishman7",0.62017899829455,46.74830998,-119.361636,39.17,-117.44
"Pyke21","Fleishman7",0.688583471134424,47.61803776,-119.6830115,39.17,-117.44
"Pyle1","Fleishman7",0.769590029350108,42.35,-118.65,39.17,-117.44
"Pyle9","Fleishman7",0.672066021139925,43.42,-119.62,39.17,-117.44
"Pyle10","Fleishman7",0.62556189509316,43.19,-120,39.17,-117.44
"Pyle15","Fleishman7",0.754570742624993,43.8,-119,39.17,-117.44
"Pyle17","Fleishman7",0.711638869953995,44.36,-118.93,39.17,-117.44
"Pyle19","Fleishman7",0.629912309588278,44.57,-119.65,39.17,-117.44
"Reed1","Fleishman7",0.657512148330987,38.52,-109.47,39.17,-117.44
"Reed3","Fleishman7",0.64114106882771,38.75,-109.79,39.17,-117.44
"Schupp3","Fleishman7",0.642251007929105,38.6,-113.79,39.17,-117.44
"Schupp4","Fleishman7",0.659486451846682,38.52,-113.55,39.17,-117.44
"Schupp5","Fleishman7",0.660566971994576,39.11,-112.74,39.17,-117.44
"Symstad1","Fleishman7",0.65053608261745,44.59,-104.71,39.17,-117.44
"Symstad2","Fleishman7",0.652782268846373,43.87,-103.46,39.17,-117.44
"Symstad3","Fleishman7",0.681050125682204,43.62,-103.47,39.17,-117.44
"Urza2","Fleishman7",0.731479389034564,40.84,-119.56,39.17,-117.44
"Wilcox2","Fleishman7",0.622269737736821,41.31,-105.66,39.17,-117.44
"Chynoweth2","Fleishman7",0.625745973460213,40.29092,-109.68361,39.17,-117.44
"Chynoweth3","Fleishman7",0.622513318797107,39.83576,-109.61202,39.17,-117.44
"Chynoweth5","Fleishman7",0.646837208801117,40.480805,-109.438229,39.17,-117.44
"Chynoweth7","Fleishman7",0.659926139853465,40.533605,-109.523564,39.17,-117.44
"Chynoweth8","Fleishman7",0.625454907984465,40.640878,-109.48689,39.17,-117.44
"Shriver2","Fleishman7",0.73505247246988,48,-114.04,39.17,-117.44
"Davies03","Fleishman7",0.847547281567648,42.68,-118.68,39.17,-117.44
"GerminoBOP1","Fleishman7",0.662796268021961,43.4720833,-116.2338306,39.17,-117.44
"Mancillas01","Fleishman7",0.634500163455778,32.368,-106.56,39.17,-117.44
"Boise_High 2022","Fleishman7",0.80732181683859,NA,NA,39.17,-117.44
"Boise_Low 2022","Fleishman7",0.735817791907363,NA,NA,39.17,-117.44
"CG PASTURE 2022","Fleishman7",0.801302168023233,NA,NA,39.17,-117.44
"CaseAoyamaS1 2022","Fleishman7",0.789091002865159,NA,NA,39.17,-117.44
"CastValley 2021","Fleishman7",0.700503109756892,NA,NA,39.17,-117.44
"EOARC 2022","Fleishman7",0.792499662442996,NA,NA,39.17,-117.44
"EnsingS1 SuRDC 2022","Fleishman7",0.800871153462313,NA,NA,39.17,-117.44
"EnsingS2 Summerland-Princeton 2022","Fleishman7",0.818237598322641,NA,NA,39.17,-117.44
"EnsingS3 Bear Creek 2022","Fleishman7",0.793195902967687,NA,NA,39.17,-117.44
"EnsingS4 Lundbom 2022","Fleishman7",0.818086572112918,NA,NA,39.17,-117.44
"FAR NORTH CPER 2022","Fleishman7",0.780212398020883,NA,NA,39.17,-117.44
"FtK_Cottonwood_Coulee 2021","Fleishman7",0.760702798774768,NA,NA,39.17,-117.44
"FtK_Lone_Pine 2021","Fleishman7",0.756986749696253,NA,NA,39.17,-117.44
"GoeblS1 2024","Fleishman7",0.777031150635507,NA,NA,39.17,-117.44
"GreenCanyon 2021","Fleishman7",0.791565557704276,NA,NA,39.17,-117.44
"HPGRS AGCR 2022","Fleishman7",0.799670948652623,NA,NA,39.17,-117.44
"HardwareRanch 2022","Fleishman7",0.807653329082454,NA,NA,39.17,-117.44
"K1_vanDiepen 2022","Fleishman7",0.814961687557076,NA,NA,39.17,-117.44
"L1_vanDiepen 2022","Fleishman7",0.795147276142706,NA,NA,39.17,-117.44
"MPG_IR 2021","Fleishman7",0.808223804514215,NA,NA,39.17,-117.44
"MPG_SR 2021","Fleishman7",0.806106076733269,NA,NA,39.17,-117.44
"MPG_TH 2021","Fleishman7",0.807070428335294,NA,NA,39.17,-117.44
"NEAR 4WAY CPER 2022","Fleishman7",0.776805375984046,NA,NA,39.17,-117.44
"NEAR HQ CPER 2022","Fleishman7",0.782248724511613,NA,NA,39.17,-117.44
"NEAR NUTNET 2022","Fleishman7",0.779487072168016,NA,NA,39.17,-117.44
"OttS1 2022","Fleishman7",0.787186713344087,NA,NA,39.17,-117.44
"PMR- Brome 2021","Fleishman7",0.819506040889566,NA,NA,39.17,-117.44
"Pearlwise 2024","Fleishman7",0.788340345123244,NA,NA,39.17,-117.44
"Peavine 2022","Fleishman7",0.79042719738105,NA,NA,39.17,-117.44
"Plymouth 2022","Fleishman7",0.764133504119058,NA,NA,39.17,-117.44
"RedBluff 2023","Fleishman7",0.810881918861971,NA,NA,39.17,-117.44
"Rush_Valley 2022","Fleishman7",0.768883674459307,NA,NA,39.17,-117.44
"SSHQ 2022","Fleishman7",0.773306916117696,NA,NA,39.17,-117.44
"SSHigh 2022","Fleishman7",0.792432571201117,NA,NA,39.17,-117.44
"SouthEden 2022","Fleishman7",0.799266800977786,NA,NA,39.17,-117.44
"Symstad1 2021","Fleishman7",0.788774635821109,NA,NA,39.17,-117.44
"Symstad2 2022","Fleishman7",0.786550256939495,NA,NA,39.17,-117.44
"TB FIRE 2022","Fleishman7",0.772183537790741,NA,NA,39.17,-117.44
"TB LC Control 2022","Fleishman7",0.771025793486133,NA,NA,39.17,-117.44
"TB PRAIRIE DOG 2022","Fleishman7",0.771357510167699,NA,NA,39.17,-117.44
"Woodruff 2022","Fleishman7",0.786082507993884,NA,NA,39.17,-117.44
"dino 2024","Fleishman7",0.72568583560819,NA,NA,39.17,-117.44
"AAFC4","Getts1",0.644230375403867,50.08,-120.65,41.17,-120.5
"AAFC5","Getts1",0.65995645143829,50.09,-120.45,41.17,-120.5
"AAFC6","Getts1",0.644267050152595,50.09,-120.75,41.17,-120.5
"AAFC8","Getts1",0.663998060743384,49.57,-120.55,41.17,-120.5
"AAFC9","Getts1",0.661544314059498,49.62,-119.8,41.17,-120.5
"AAFC10","Getts1",0.661700855102852,49.71,-120.05,41.17,-120.5
"Adler5","Getts1",0.672040963672979,40.79,-111.87,41.17,-120.5
"Schupp2","Getts1",0.640477939274364,40.2,-112.46,41.17,-120.5
"Schupp1","Getts1",0.648937424549601,39.85,-112.15,41.17,-120.5
"Adler13","Getts1",0.650810515783229,41.44,-111.08,41.17,-120.5
"Adler16","Getts1",0.647838597227515,41.78,-110.2,41.17,-120.5
"Adler17","Getts1",0.647926672582073,41.44,-110.11,41.17,-120.5
"Adler18","Getts1",0.645505733911598,40.86,-114.22,41.17,-120.5
"Barnett1","Getts1",0.652844815732704,43.48,-110.74,41.17,-120.5
"Baughman3","Getts1",0.653988961602011,42.81,-118.96,41.17,-120.5
"Baughman2","Getts1",0.719235689987551,43.05,-118.87,41.17,-120.5
"Chynoweth1","Getts1",0.651808393880278,39.76604,-109.5635,41.17,-120.5
"Board1","Getts1",0.643609178301281,38.84,-117.57,41.17,-120.5
"Bradford1","Getts1",0.643208274285273,35.23,-111.62,41.17,-120.5
"Chambers1","Getts1",0.663215938038304,39.55,-119.58,41.17,-120.5
"Chambers2","Getts1",0.655246383032943,39.95,-118.76,41.17,-120.5
"Urza1","Getts1",0.655507328223135,40.35,-119.34,41.17,-120.5
"Chambers4","Getts1",0.655334202212768,41.31,-117.63,41.17,-120.5
"Chambers5","Getts1",0.651554556960123,41.54,-117.75,41.17,-120.5
"Chambers6","Getts1",0.651608253574275,41.54,-117.78,41.17,-120.5
"Chambers7","Getts1",0.671355153330601,43.94,-116.19,41.17,-120.5
"Chambers8","Getts1",0.642490685964504,42.24,-114.57,41.17,-120.5
"Chambers9","Getts1",0.65192992511336,40.66,-116.73,41.17,-120.5
"Copeland1","Getts1",0.651933934649864,43.7,-117.33,41.17,-120.5
"Copeland5","Getts1",0.662193395578154,42.27,-118.71,41.17,-120.5
"Copeland9","Getts1",0.64793814194727,43.47,-119.68,41.17,-120.5
"Downs1","Getts1",0.633620531015687,46.38145,-119.430272,41.17,-120.5
"Downs2","Getts1",0.666662934480758,46.25045,-119.53334,41.17,-120.5
"Downs3","Getts1",0.662617995888837,45.9663,-120.3671,41.17,-120.5
"Fleishman1","Getts1",0.65603934024415,38.47,-119.49,41.17,-120.5
"Fleishman5","Getts1",0.632755346339964,39.12,-117.27,41.17,-120.5
"Fleishman7","Getts1",0.646130931881728,39.17,-117.44,41.17,-120.5
"Getts1","Getts1",1,41.17,-120.5,41.17,-120.5
"Getts3","Getts1",0.656711301745255,40.43,-120.67,41.17,-120.5
"Holdrege1","Getts1",0.652623047363948,41.61,-111.57,41.17,-120.5
"Hufft1","Getts1",0.632931993215078,38.6701,-108.3286,41.17,-120.5
"Lavin1","Getts1",0.652560701413676,44.68,-109.07,41.17,-120.5
"Lavin2","Getts1",0.660013365595744,45.67,-111.03,41.17,-120.5
"Lee1","Getts1",0.655317121736359,36.82340833,-116.0163889,41.17,-120.5
"Lee2","Getts1",0.649165765447143,35.3984,-115.7845,41.17,-120.5
"Lee3","Getts1",0.655158333694602,36.5247,-115.8987,41.17,-120.5
"Lee4","Getts1",0.705093399253845,35.4564,-115.52,41.17,-120.5
"Leger1","Getts1",0.719038483931641,39.49,-119.84,41.17,-120.5
"Maron1","Getts1",0.654175347442425,46.68,-114.03,41.17,-120.5
"Maron2","Getts1",0.647719287423026,46.64,-113.23,41.17,-120.5
"Porensky30","Getts1",0.655124748804928,40.63,-105.27,41.17,-120.5
"Pyke3","Getts1",0.66819958289172,44.60456358,-120.1924183,41.17,-120.5
"Pyke8","Getts1",0.632103923201211,46.74830998,-119.361636,41.17,-120.5
"Pyke21","Getts1",0.649033276051905,47.61803776,-119.6830115,41.17,-120.5
"Pyle1","Getts1",0.70231986545963,42.35,-118.65,41.17,-120.5
"Pyle9","Getts1",0.64777134321087,43.42,-119.62,41.17,-120.5
"Pyle10","Getts1",0.632940170958861,43.19,-120,41.17,-120.5
"Pyle15","Getts1",0.667835022173371,43.8,-119,41.17,-120.5
"Pyle17","Getts1",0.660467564221611,44.36,-118.93,41.17,-120.5
"Pyle19","Getts1",0.631008663783424,44.57,-119.65,41.17,-120.5
"Reed1","Getts1",0.65385356516756,38.52,-109.47,41.17,-120.5
"Reed3","Getts1",0.641136518531597,38.75,-109.79,41.17,-120.5
"Schupp3","Getts1",0.651898210840457,38.6,-113.79,41.17,-120.5
"Schupp4","Getts1",0.651788967513501,38.52,-113.55,41.17,-120.5
"Schupp5","Getts1",0.648681043485865,39.11,-112.74,41.17,-120.5
"Symstad1","Getts1",0.656394394165393,44.59,-104.71,41.17,-120.5
"Symstad2","Getts1",0.640938491223814,43.87,-103.46,41.17,-120.5
"Symstad3","Getts1",0.66468882614462,43.62,-103.47,41.17,-120.5
"Urza2","Getts1",0.669495005653692,40.84,-119.56,41.17,-120.5
"Wilcox2","Getts1",0.631639221739465,41.31,-105.66,41.17,-120.5
"Chynoweth2","Getts1",0.633160420870223,40.29092,-109.68361,41.17,-120.5
"Chynoweth3","Getts1",0.631816160468064,39.83576,-109.61202,41.17,-120.5
"Chynoweth5","Getts1",0.649429680139371,40.480805,-109.438229,41.17,-120.5
"Chynoweth7","Getts1",0.65220828371917,40.533605,-109.523564,41.17,-120.5
"Chynoweth8","Getts1",0.632837021746655,40.640878,-109.48689,41.17,-120.5
"Shriver2","Getts1",0.652755062426403,48,-114.04,41.17,-120.5
"Davies03","Getts1",0.643485411717736,42.68,-118.68,41.17,-120.5
"GerminoBOP1","Getts1",0.655581856972321,43.4720833,-116.2338306,41.17,-120.5
"Mancillas01","Getts1",0.636178884509964,32.368,-106.56,41.17,-120.5
"Boise_High 2022","Getts1",0.767008053587865,NA,NA,41.17,-120.5
"Boise_Low 2022","Getts1",0.760178500699646,NA,NA,41.17,-120.5
"CG PASTURE 2022","Getts1",0.744825129186999,NA,NA,41.17,-120.5
"CaseAoyamaS1 2022","Getts1",0.766625000336225,NA,NA,41.17,-120.5
"CastValley 2021","Getts1",0.737957078498026,NA,NA,41.17,-120.5
"EOARC 2022","Getts1",0.766533346784848,NA,NA,41.17,-120.5
"EnsingS1 SuRDC 2022","Getts1",0.74993137811227,NA,NA,41.17,-120.5
"EnsingS2 Summerland-Princeton 2022","Getts1",0.748227956772528,NA,NA,41.17,-120.5
"EnsingS3 Bear Creek 2022","Getts1",0.757949393786558,NA,NA,41.17,-120.5
"EnsingS4 Lundbom 2022","Getts1",0.723929387956043,NA,NA,41.17,-120.5
"FAR NORTH CPER 2022","Getts1",0.752607242124639,NA,NA,41.17,-120.5
"FtK_Cottonwood_Coulee 2021","Getts1",0.741410022718111,NA,NA,41.17,-120.5
"FtK_Lone_Pine 2021","Getts1",0.741970607524727,NA,NA,41.17,-120.5
"GoeblS1 2024","Getts1",0.755427862935843,NA,NA,41.17,-120.5
"GreenCanyon 2021","Getts1",0.752451035552495,NA,NA,41.17,-120.5
"HPGRS AGCR 2022","Getts1",0.745759810323536,NA,NA,41.17,-120.5
"HardwareRanch 2022","Getts1",0.747343041931969,NA,NA,41.17,-120.5
"K1_vanDiepen 2022","Getts1",0.71835998652315,NA,NA,41.17,-120.5
"L1_vanDiepen 2022","Getts1",0.737466808584233,NA,NA,41.17,-120.5
"MPG_IR 2021","Getts1",0.727676102531502,NA,NA,41.17,-120.5
"MPG_SR 2021","Getts1",0.728823988675782,NA,NA,41.17,-120.5
"MPG_TH 2021","Getts1",0.728162052008331,NA,NA,41.17,-120.5
"NEAR 4WAY CPER 2022","Getts1",0.752821352467416,NA,NA,41.17,-120.5
"NEAR HQ CPER 2022","Getts1",0.75233896861567,NA,NA,41.17,-120.5
"NEAR NUTNET 2022","Getts1",0.752581762690033,NA,NA,41.17,-120.5
"OttS1 2022","Getts1",0.744780986208464,NA,NA,41.17,-120.5
"PMR- Brome 2021","Getts1",0.747322211794838,NA,NA,41.17,-120.5
"Pearlwise 2024","Getts1",0.770791612405051,NA,NA,41.17,-120.5
"Peavine 2022","Getts1",0.771971252849814,NA,NA,41.17,-120.5
"Plymouth 2022","Getts1",0.769154980583917,NA,NA,41.17,-120.5
"RedBluff 2023","Getts1",0.739135099001813,NA,NA,41.17,-120.5
"Rush_Valley 2022","Getts1",0.759346404590738,NA,NA,41.17,-120.5
"SSHQ 2022","Getts1",0.730274133703057,NA,NA,41.17,-120.5
"SSHigh 2022","Getts1",0.722325450324879,NA,NA,41.17,-120.5
"SouthEden 2022","Getts1",0.737287167503552,NA,NA,41.17,-120.5
"Symstad1 2021","Getts1",0.736549477351346,NA,NA,41.17,-120.5
"Symstad2 2022","Getts1",0.737135445975423,NA,NA,41.17,-120.5
"TB FIRE 2022","Getts1",0.750132437069567,NA,NA,41.17,-120.5
"TB LC Control 2022","Getts1",0.750198775799205,NA,NA,41.17,-120.5
"TB PRAIRIE DOG 2022","Getts1",0.750210580204867,NA,NA,41.17,-120.5
"Woodruff 2022","Getts1",0.733341391247518,NA,NA,41.17,-120.5
"dino 2024","Getts1",0.733459371126917,NA,NA,41.17,-120.5
"AAFC4","Getts3",0.690822969150041,50.08,-120.65,40.43,-120.67
"AAFC5","Getts3",0.74316870951598,50.09,-120.45,40.43,-120.67
"AAFC6","Getts3",0.65985144847153,50.09,-120.75,40.43,-120.67
"AAFC8","Getts3",0.71289221698892,49.57,-120.55,40.43,-120.67
"AAFC9","Getts3",0.71439913612092,49.62,-119.8,40.43,-120.67
"AAFC10","Getts3",0.714497590703559,49.71,-120.05,40.43,-120.67
"Adler5","Getts3",0.775439990157531,40.79,-111.87,40.43,-120.67
"Schupp2","Getts3",0.669917557632656,40.2,-112.46,40.43,-120.67
"Schupp1","Getts3",0.653916473299211,39.85,-112.15,40.43,-120.67
"Adler13","Getts3",0.657304650761955,41.44,-111.08,40.43,-120.67
"Adler16","Getts3",0.68298073003667,41.78,-110.2,40.43,-120.67
"Adler17","Getts3",0.683187613200082,41.44,-110.11,40.43,-120.67
"Adler18","Getts3",0.730900396807859,40.86,-114.22,40.43,-120.67
"Barnett1","Getts3",0.838852934985547,43.48,-110.74,40.43,-120.67
"Baughman3","Getts3",0.714330191677497,42.81,-118.96,40.43,-120.67
"Baughman2","Getts3",0.669277645073455,43.05,-118.87,40.43,-120.67
"Chynoweth1","Getts3",0.686113300025113,39.76604,-109.5635,40.43,-120.67
"Board1","Getts3",0.775534283893817,38.84,-117.57,40.43,-120.67
"Bradford1","Getts3",0.775063799043686,35.23,-111.62,40.43,-120.67
"Chambers1","Getts3",0.627683469414858,39.55,-119.58,40.43,-120.67
"Chambers2","Getts3",0.621502795378324,39.95,-118.76,40.43,-120.67
"Urza1","Getts3",0.621584781571119,40.35,-119.34,40.43,-120.67
"Chambers4","Getts3",0.621389292414327,41.31,-117.63,40.43,-120.67
"Chambers5","Getts3",0.617396655737899,41.54,-117.75,40.43,-120.67
"Chambers6","Getts3",0.617371710648981,41.54,-117.78,40.43,-120.67
"Chambers7","Getts3",0.683451806428069,43.94,-116.19,40.43,-120.67
"Chambers8","Getts3",0.737944043753775,42.24,-114.57,40.43,-120.67
"Chambers9","Getts3",0.686143486131105,40.66,-116.73,40.43,-120.67
"Copeland1","Getts3",0.686189041512077,43.7,-117.33,40.43,-120.67
"Copeland5","Getts3",0.797226278039306,42.27,-118.71,40.43,-120.67
"Copeland9","Getts3",0.683311067101904,43.47,-119.68,40.43,-120.67
"Downs1","Getts3",0.661136422960934,46.38145,-119.430272,40.43,-120.67
"Downs2","Getts3",0.739490058030845,46.25045,-119.53334,40.43,-120.67
"Downs3","Getts3",0.646401203309633,45.9663,-120.3671,40.43,-120.67
"Fleishman1","Getts3",0.704409394929455,38.47,-119.49,40.43,-120.67
"Fleishman5","Getts3",0.636942894839525,39.12,-117.27,40.43,-120.67
"Fleishman7","Getts3",0.842216007744255,39.17,-117.44,40.43,-120.67
"Getts1","Getts3",0.656711301745255,41.17,-120.5,40.43,-120.67
"Getts3","Getts3",1,40.43,-120.67,40.43,-120.67
"Holdrege1","Getts3",0.838821375791639,41.61,-111.57,40.43,-120.67
"Hufft1","Getts3",0.640075261240394,38.6701,-108.3286,40.43,-120.67
"Lavin1","Getts3",0.673357026325351,44.68,-109.07,40.43,-120.67
"Lavin2","Getts3",0.692279978665855,45.67,-111.03,40.43,-120.67
"Lee1","Getts3",0.621477761605807,36.82340833,-116.0163889,40.43,-120.67
"Lee2","Getts3",0.613563303241032,35.3984,-115.7845,40.43,-120.67
"Lee3","Getts3",0.621391798646487,36.5247,-115.8987,40.43,-120.67
"Lee4","Getts3",0.619466751051291,35.4564,-115.52,40.43,-120.67
"Leger1","Getts3",0.677611368453205,39.49,-119.84,40.43,-120.67
"Maron1","Getts3",0.681301826836172,46.68,-114.03,40.43,-120.67
"Maron2","Getts3",0.683018370234315,46.64,-113.23,40.43,-120.67
"Porensky30","Getts3",0.692527109026924,40.63,-105.27,40.43,-120.67
"Pyke3","Getts3",0.76875122474449,44.60456358,-120.1924183,40.43,-120.67
"Pyke8","Getts3",0.625808698153338,46.74830998,-119.361636,40.43,-120.67
"Pyke21","Getts3",0.758161533102713,47.61803776,-119.6830115,40.43,-120.67
"Pyle1","Getts3",0.78992760939523,42.35,-118.65,40.43,-120.67
"Pyle9","Getts3",0.68298395563498,43.42,-119.62,40.43,-120.67
"Pyle10","Getts3",0.637052264625889,43.19,-120,40.43,-120.67
"Pyle15","Getts3",0.783476994018841,43.8,-119,40.43,-120.67
"Pyle17","Getts3",0.708238598579794,44.36,-118.93,40.43,-120.67
"Pyle19","Getts3",0.642126585650143,44.57,-119.65,40.43,-120.67
"Reed1","Getts3",0.66150619362968,38.52,-109.47,40.43,-120.67
"Reed3","Getts3",0.653441224483475,38.75,-109.79,40.43,-120.67
"Schupp3","Getts3",0.649149185550563,38.6,-113.79,40.43,-120.67
"Schupp4","Getts3",0.68603002584777,38.52,-113.55,40.43,-120.67
"Schupp5","Getts3",0.687009619181729,39.11,-112.74,40.43,-120.67
"Symstad1","Getts3",0.666452800753986,44.59,-104.71,40.43,-120.67
"Symstad2","Getts3",0.66196792122205,43.87,-103.46,40.43,-120.67
"Symstad3","Getts3",0.69362798040307,43.62,-103.47,40.43,-120.67
"Urza2","Getts3",0.782553577699338,40.84,-119.56,40.43,-120.67
"Wilcox2","Getts3",0.628199390750819,41.31,-105.66,40.43,-120.67
"Chynoweth2","Getts3",0.637249270054189,40.29092,-109.68361,40.43,-120.67
"Chynoweth3","Getts3",0.628455867608056,39.83576,-109.61202,40.43,-120.67
"Chynoweth5","Getts3",0.650609683142784,40.480805,-109.438229,40.43,-120.67
"Chynoweth7","Getts3",0.686494676794,40.533605,-109.523564,40.43,-120.67
"Chynoweth8","Getts3",0.636922550132265,40.640878,-109.48689,40.43,-120.67
"Shriver2","Getts3",0.838958347078403,48,-114.04,40.43,-120.67
"Davies03","Getts3",0.775308865696267,42.68,-118.68,40.43,-120.67
"GerminoBOP1","Getts3",0.680317663243886,43.4720833,-116.2338306,40.43,-120.67
"Mancillas01","Getts3",0.649288703515707,32.368,-106.56,40.43,-120.67
"Boise_High 2022","Getts3",0.825377470990965,NA,NA,40.43,-120.67
"Boise_Low 2022","Getts3",0.758686221591719,NA,NA,40.43,-120.67
"CG PASTURE 2022","Getts3",0.809789066617859,NA,NA,40.43,-120.67
"CaseAoyamaS1 2022","Getts3",0.809840618932889,NA,NA,40.43,-120.67
"CastValley 2021","Getts3",0.723647913808321,NA,NA,40.43,-120.67
"EOARC 2022","Getts3",0.812960924513728,NA,NA,40.43,-120.67
"EnsingS1 SuRDC 2022","Getts3",0.818883435106531,NA,NA,40.43,-120.67
"EnsingS2 Summerland-Princeton 2022","Getts3",0.836991853578391,NA,NA,40.43,-120.67
"EnsingS3 Bear Creek 2022","Getts3",0.81408267254227,NA,NA,40.43,-120.67
"EnsingS4 Lundbom 2022","Getts3",0.837368717009484,NA,NA,40.43,-120.67
"FAR NORTH CPER 2022","Getts3",0.791661884127497,NA,NA,40.43,-120.67
"FtK_Cottonwood_Coulee 2021","Getts3",0.783344815295058,NA,NA,40.43,-120.67
"FtK_Lone_Pine 2021","Getts3",0.780079435016388,NA,NA,40.43,-120.67
"GoeblS1 2024","Getts3",0.786458758613306,NA,NA,40.43,-120.67
"GreenCanyon 2021","Getts3",0.814485053334685,NA,NA,40.43,-120.67
"HPGRS AGCR 2022","Getts3",0.808267597655442,NA,NA,40.43,-120.67
"HardwareRanch 2022","Getts3",0.82787221929312,NA,NA,40.43,-120.67
"K1_vanDiepen 2022","Getts3",0.829052083590162,NA,NA,40.43,-120.67
"L1_vanDiepen 2022","Getts3",0.81051911083674,NA,NA,40.43,-120.67
"MPG_IR 2021","Getts3",0.825332683405825,NA,NA,40.43,-120.67
"MPG_SR 2021","Getts3",0.823655966138232,NA,NA,40.43,-120.67
"MPG_TH 2021","Getts3",0.824418278031993,NA,NA,40.43,-120.67
"NEAR 4WAY CPER 2022","Getts3",0.788638328769269,NA,NA,40.43,-120.67
"NEAR HQ CPER 2022","Getts3",0.793082847224994,NA,NA,40.43,-120.67
"NEAR NUTNET 2022","Getts3",0.790870906166963,NA,NA,40.43,-120.67
"OttS1 2022","Getts3",0.80147864387954,NA,NA,40.43,-120.67
"PMR- Brome 2021","Getts3",0.823936970364447,NA,NA,40.43,-120.67
"Pearlwise 2024","Getts3",0.806369071287203,NA,NA,40.43,-120.67
"Peavine 2022","Getts3",0.80045889782068,NA,NA,40.43,-120.67
"Plymouth 2022","Getts3",0.774451297766611,NA,NA,40.43,-120.67
"RedBluff 2023","Getts3",0.821653393834677,NA,NA,40.43,-120.67
"Rush_Valley 2022","Getts3",0.791106697311137,NA,NA,40.43,-120.67
"SSHQ 2022","Getts3",0.80066517160415,NA,NA,40.43,-120.67
"SSHigh 2022","Getts3",0.81570410219261,NA,NA,40.43,-120.67
"SouthEden 2022","Getts3",0.822391364390242,NA,NA,40.43,-120.67
"Symstad1 2021","Getts3",0.799426356921026,NA,NA,40.43,-120.67
"Symstad2 2022","Getts3",0.79771208009316,NA,NA,40.43,-120.67
"TB FIRE 2022","Getts3",0.790886475744182,NA,NA,40.43,-120.67
"TB LC Control 2022","Getts3",0.78992079953583,NA,NA,40.43,-120.67
"TB PRAIRIE DOG 2022","Getts3",0.790214284648468,NA,NA,40.43,-120.67
"Woodruff 2022","Getts3",0.811461138963535,NA,NA,40.43,-120.67
"dino 2024","Getts3",0.755872933141066,NA,NA,40.43,-120.67
"AAFC4","Holdrege1",0.669758545809608,50.08,-120.65,41.61,-111.57
"AAFC5","Holdrege1",0.704017325509479,50.09,-120.45,41.61,-111.57
"AAFC6","Holdrege1",0.649683971730756,50.09,-120.75,41.61,-111.57
"AAFC8","Holdrege1",0.696035182757824,49.57,-120.55,41.61,-111.57
"AAFC9","Holdrege1",0.701185900586178,49.62,-119.8,41.61,-111.57
"AAFC10","Holdrege1",0.701280648338439,49.71,-120.05,41.61,-111.57
"Adler5","Holdrege1",0.79111210796796,40.79,-111.87,41.61,-111.57
"Schupp2","Holdrege1",0.647214634143098,40.2,-112.46,41.61,-111.57
"Schupp1","Holdrege1",0.650255916446108,39.85,-112.15,41.61,-111.57
"Adler13","Holdrege1",0.647729530658028,41.44,-111.08,41.61,-111.57
"Adler16","Holdrege1",0.66661486166534,41.78,-110.2,41.61,-111.57
"Adler17","Holdrege1",0.666796688322024,41.44,-110.11,41.61,-111.57
"Adler18","Holdrege1",0.765686494573779,40.86,-114.22,41.61,-111.57
"Barnett1","Holdrege1",0.999518892736903,43.48,-110.74,41.61,-111.57
"Baughman3","Holdrege1",0.697900980283551,42.81,-118.96,41.61,-111.57
"Baughman2","Holdrege1",0.666519936172341,43.05,-118.87,41.61,-111.57
"Chynoweth1","Holdrege1",0.665328443045897,39.76604,-109.5635,41.61,-111.57
"Board1","Holdrege1",0.700390447407738,38.84,-117.57,41.61,-111.57
"Bradford1","Holdrege1",0.699903542707904,35.23,-111.62,41.61,-111.57
"Chambers1","Holdrege1",0.623703453171567,39.55,-119.58,41.61,-111.57
"Chambers2","Holdrege1",0.617741230270954,39.95,-118.76,41.61,-111.57
"Urza1","Holdrege1",0.617857796459683,40.35,-119.34,41.61,-111.57
"Chambers4","Holdrege1",0.617675074341393,41.31,-117.63,41.61,-111.57
"Chambers5","Holdrege1",0.613417380066098,41.54,-117.75,41.61,-111.57
"Chambers6","Holdrege1",0.613363503958572,41.54,-117.78,41.61,-111.57
"Chambers7","Holdrege1",0.675612146620633,43.94,-116.19,41.61,-111.57
"Chambers8","Holdrege1",0.740912317020568,42.24,-114.57,41.61,-111.57
"Chambers9","Holdrege1",0.665352984440338,40.66,-116.73,41.61,-111.57
"Copeland1","Holdrege1",0.665374434900498,43.7,-117.33,41.61,-111.57
"Copeland5","Holdrege1",0.863732236332443,42.27,-118.71,41.61,-111.57
"Copeland9","Holdrege1",0.666907473965723,43.47,-119.68,41.61,-111.57
"Downs1","Holdrege1",0.657438170031446,46.38145,-119.430272,41.61,-111.57
"Downs2","Holdrege1",0.69380127238146,46.25045,-119.53334,41.61,-111.57
"Downs3","Holdrege1",0.636900987506963,45.9663,-120.3671,41.61,-111.57
"Fleishman1","Holdrege1",0.684768539079298,38.47,-119.49,41.61,-111.57
"Fleishman5","Holdrege1",0.629332244127846,39.12,-117.27,41.61,-111.57
"Fleishman7","Holdrege1",0.734829919507118,39.17,-117.44,41.61,-111.57
"Getts1","Holdrege1",0.652623047363948,41.17,-120.5,41.61,-111.57
"Getts3","Holdrege1",0.838821375791639,40.43,-120.67,41.61,-111.57
"Holdrege1","Holdrege1",0.999999999999999,41.61,-111.57,41.61,-111.57
"Hufft1","Holdrege1",0.631926371972421,38.6701,-108.3286,41.61,-111.57
"Lavin1","Holdrege1",0.664270206318589,44.68,-109.07,41.61,-111.57
"Lavin2","Holdrege1",0.679704253235753,45.67,-111.03,41.61,-111.57
"Lee1","Holdrege1",0.617737988239813,36.82340833,-116.0163889,41.61,-111.57
"Lee2","Holdrege1",0.609431770341344,35.3984,-115.7845,41.61,-111.57
"Lee3","Holdrege1",0.617687890693353,36.5247,-115.8987,41.61,-111.57
"Lee4","Holdrege1",0.614523199962959,35.4564,-115.52,41.61,-111.57
"Leger1","Holdrege1",0.665681106801471,39.49,-119.84,41.61,-111.57
"Maron1","Holdrege1",0.67159169409756,46.68,-114.03,41.61,-111.57
"Maron2","Holdrege1",0.666621238634094,46.64,-113.23,41.61,-111.57
"Porensky30","Holdrege1",0.671551807763011,40.63,-105.27,41.61,-111.57
"Pyke3","Holdrege1",0.786013767778765,44.60456358,-120.1924183,41.61,-111.57
"Pyke8","Holdrege1",0.620728762846291,46.74830998,-119.361636,41.61,-111.57
"Pyke21","Holdrege1",0.755565785507161,47.61803776,-119.6830115,41.61,-111.57
"Pyle1","Holdrege1",0.775855557489008,42.35,-118.65,41.61,-111.57
"Pyle9","Holdrege1",0.666603140594302,43.42,-119.62,41.61,-111.57
"Pyle10","Holdrege1",0.629452365209538,43.19,-120,41.61,-111.57
"Pyle15","Holdrege1",0.759715365310737,43.8,-119,41.61,-111.57
"Pyle17","Holdrege1",0.699573587643433,44.36,-118.93,41.61,-111.57
"Pyle19","Holdrege1",0.63286073026737,44.57,-119.65,41.61,-111.57
"Reed1","Holdrege1",0.670088843108151,38.52,-109.47,41.61,-111.57
"Reed3","Holdrege1",0.643501754198457,38.75,-109.79,41.61,-111.57
"Schupp3","Holdrege1",0.640869634728492,38.6,-113.79,41.61,-111.57
"Schupp4","Holdrege1",0.665230575664039,38.52,-113.55,41.61,-111.57
"Schupp5","Holdrege1",0.667107239158488,39.11,-112.74,41.61,-111.57
"Symstad1","Holdrege1",0.661086301588373,44.59,-104.71,41.61,-111.57
"Symstad2","Holdrege1",0.645275231269265,43.87,-103.46,41.61,-111.57
"Symstad3","Holdrege1",0.681124914485673,43.62,-103.47,41.61,-111.57
"Urza2","Holdrege1",0.77591483478608,40.84,-119.56,41.61,-111.57
"Wilcox2","Holdrege1",0.62382373400748,41.31,-105.66,41.61,-111.57
"Chynoweth2","Holdrege1",0.629634672672499,40.29092,-109.68361,41.61,-111.57
"Chynoweth3","Holdrege1",0.624084052236238,39.83576,-109.61202,41.61,-111.57
"Chynoweth5","Holdrege1",0.642208020757174,40.480805,-109.438229,41.61,-111.57
"Chynoweth7","Holdrege1",0.665695161233941,40.533605,-109.523564,41.61,-111.57
"Chynoweth8","Holdrege1",0.629300850739762,40.640878,-109.48689,41.61,-111.57
"Shriver2","Holdrege1",0.999583236249707,48,-114.04,41.61,-111.57
"Davies03","Holdrege1",0.700163345148257,42.68,-118.68,41.61,-111.57
"GerminoBOP1","Holdrege1",0.659494917463999,43.4720833,-116.2338306,41.61,-111.57
"Mancillas01","Holdrege1",0.638994403214721,32.368,-106.56,41.61,-111.57
"Boise_High 2022","Holdrege1",0.808526874126449,NA,NA,41.61,-111.57
"Boise_Low 2022","Holdrege1",0.758593377292952,NA,NA,41.61,-111.57
"CG PASTURE 2022","Holdrege1",0.786122144174913,NA,NA,41.61,-111.57
"CaseAoyamaS1 2022","Holdrege1",0.798780611529264,NA,NA,41.61,-111.57
"CastValley 2021","Holdrege1",0.722318427698783,NA,NA,41.61,-111.57
"EOARC 2022","Holdrege1",0.800970285074487,NA,NA,41.61,-111.57
"EnsingS1 SuRDC 2022","Holdrege1",0.799026611727424,NA,NA,41.61,-111.57
"EnsingS2 Summerland-Princeton 2022","Holdrege1",0.820409853173559,NA,NA,41.61,-111.57
"EnsingS3 Bear Creek 2022","Holdrege1",0.804733508079177,NA,NA,41.61,-111.57
"EnsingS4 Lundbom 2022","Holdrege1",0.816879130729507,NA,NA,41.61,-111.57
"FAR NORTH CPER 2022","Holdrege1",0.774062848668386,NA,NA,41.61,-111.57
"FtK_Cottonwood_Coulee 2021","Holdrege1",0.775436532090827,NA,NA,41.61,-111.57
"FtK_Lone_Pine 2021","Holdrege1",0.773130318032379,NA,NA,41.61,-111.57
"GoeblS1 2024","Holdrege1",0.771689217450868,NA,NA,41.61,-111.57
"GreenCanyon 2021","Holdrege1",0.799288217193051,NA,NA,41.61,-111.57
"HPGRS AGCR 2022","Holdrege1",0.785123897182073,NA,NA,41.61,-111.57
"HardwareRanch 2022","Holdrege1",0.806999460430775,NA,NA,41.61,-111.57
"K1_vanDiepen 2022","Holdrege1",0.801202765658444,NA,NA,41.61,-111.57
"L1_vanDiepen 2022","Holdrege1",0.791196003553747,NA,NA,41.61,-111.57
"MPG_IR 2021","Holdrege1",0.800899649480343,NA,NA,41.61,-111.57
"MPG_SR 2021","Holdrege1",0.800130860645477,NA,NA,41.61,-111.57
"MPG_TH 2021","Holdrege1",0.800501611280512,NA,NA,41.61,-111.57
"NEAR 4WAY CPER 2022","Holdrege1",0.771876587388437,NA,NA,41.61,-111.57
"NEAR HQ CPER 2022","Holdrege1",0.774731617155714,NA,NA,41.61,-111.57
"NEAR NUTNET 2022","Holdrege1",0.773362078981413,NA,NA,41.61,-111.57
"OttS1 2022","Holdrege1",0.784750997913847,NA,NA,41.61,-111.57
"PMR- Brome 2021","Holdrege1",0.796320958609805,NA,NA,41.61,-111.57
"Pearlwise 2024","Holdrege1",0.791712398392588,NA,NA,41.61,-111.57
"Peavine 2022","Holdrege1",0.783596746706392,NA,NA,41.61,-111.57
"Plymouth 2022","Holdrege1",0.762224659152733,NA,NA,41.61,-111.57
"RedBluff 2023","Holdrege1",0.797483255962693,NA,NA,41.61,-111.57
"Rush_Valley 2022","Holdrege1",0.781816320716093,NA,NA,41.61,-111.57
"SSHQ 2022","Holdrege1",0.788639004363637,NA,NA,41.61,-111.57
"SSHigh 2022","Holdrege1",0.796107371936341,NA,NA,41.61,-111.57
"SouthEden 2022","Holdrege1",0.804000998097831,NA,NA,41.61,-111.57
"Symstad1 2021","Holdrege1",0.777871841560969,NA,NA,41.61,-111.57
"Symstad2 2022","Holdrege1",0.776884805882055,NA,NA,41.61,-111.57
"TB FIRE 2022","Holdrege1",0.779597938355825,NA,NA,41.61,-111.57
"TB LC Control 2022","Holdrege1",0.778948699941461,NA,NA,41.61,-111.57
"TB PRAIRIE DOG 2022","Holdrege1",0.779160293832066,NA,NA,41.61,-111.57
"Woodruff 2022","Holdrege1",0.797292750778114,NA,NA,41.61,-111.57
"dino 2024","Holdrege1",0.754073652487468,NA,NA,41.61,-111.57
"AAFC4","Hufft1",0.658118186835733,50.08,-120.65,38.6701,-108.3286
"AAFC5","Hufft1",0.646788054162327,50.09,-120.45,38.6701,-108.3286
"AAFC6","Hufft1",0.675354859174666,50.09,-120.75,38.6701,-108.3286
"AAFC8","Hufft1",0.670496644602923,49.57,-120.55,38.6701,-108.3286
"AAFC9","Hufft1",0.633103054845626,49.62,-119.8,38.6701,-108.3286
"AAFC10","Hufft1",0.633222511991971,49.71,-120.05,38.6701,-108.3286
"Adler5","Hufft1",0.649637951328292,40.79,-111.87,38.6701,-108.3286
"Schupp2","Hufft1",0.669794316628022,40.2,-112.46,38.6701,-108.3286
"Schupp1","Hufft1",0.695754475485317,39.85,-112.15,38.6701,-108.3286
"Adler13","Hufft1",0.705705456749668,41.44,-111.08,38.6701,-108.3286
"Adler16","Hufft1",0.66549432953455,41.78,-110.2,38.6701,-108.3286
"Adler17","Hufft1",0.665646942932768,41.44,-110.11,38.6701,-108.3286
"Adler18","Hufft1",0.653324899522696,40.86,-114.22,38.6701,-108.3286
"Barnett1","Hufft1",0.632078435893582,43.48,-110.74,38.6701,-108.3286
"Baughman3","Hufft1",0.656743891897546,42.81,-118.96,38.6701,-108.3286
"Baughman2","Hufft1",0.684004687863356,43.05,-118.87,38.6701,-108.3286
"Chynoweth1","Hufft1",0.65916597336435,39.76604,-109.5635,38.6701,-108.3286
"Board1","Hufft1",0.638273633789541,38.84,-117.57,38.6701,-108.3286
"Bradford1","Hufft1",0.637858480702568,35.23,-111.62,38.6701,-108.3286
"Chambers1","Hufft1",0.614058777812392,39.55,-119.58,38.6701,-108.3286
"Chambers2","Hufft1",0.608051025133991,39.95,-118.76,38.6701,-108.3286
"Urza1","Hufft1",0.608091484051885,40.35,-119.34,38.6701,-108.3286
"Chambers4","Hufft1",0.607996121341234,41.31,-117.63,38.6701,-108.3286
"Chambers5","Hufft1",0.604129829523052,41.54,-117.75,38.6701,-108.3286
"Chambers6","Hufft1",0.6041379489451,41.54,-117.78,38.6701,-108.3286
"Chambers7","Hufft1",0.671866499474635,43.94,-116.19,38.6701,-108.3286
"Chambers8","Hufft1",0.674215085137494,42.24,-114.57,38.6701,-108.3286
"Chambers9","Hufft1",0.65922022992608,40.66,-116.73,38.6701,-108.3286
"Copeland1","Hufft1",0.659222621206753,43.7,-117.33,38.6701,-108.3286
"Copeland5","Hufft1",0.639271199803951,42.27,-118.71,38.6701,-108.3286
"Copeland9","Hufft1",0.665651972750912,43.47,-119.68,38.6701,-108.3286
"Downs1","Hufft1",0.684539192047571,46.38145,-119.430272,38.6701,-108.3286
"Downs2","Hufft1",0.656858905399497,46.25045,-119.53334,38.6701,-108.3286
"Downs3","Hufft1",0.60831962699379,45.9663,-120.3671,38.6701,-108.3286
"Fleishman1","Hufft1",0.677467851257206,38.47,-119.49,38.6701,-108.3286
"Fleishman5","Hufft1",0.683568579237042,39.12,-117.27,38.6701,-108.3286
"Fleishman7","Hufft1",0.635187202788727,39.17,-117.44,38.6701,-108.3286
"Getts1","Hufft1",0.632931993215078,41.17,-120.5,38.6701,-108.3286
"Getts3","Hufft1",0.640075261240394,40.43,-120.67,38.6701,-108.3286
"Holdrege1","Hufft1",0.631926371972421,41.61,-111.57,38.6701,-108.3286
"Hufft1","Hufft1",1,38.6701,-108.3286,38.6701,-108.3286
"Lavin1","Hufft1",0.701480117659041,44.68,-109.07,38.6701,-108.3286
"Lavin2","Hufft1",0.658424743039984,45.67,-111.03,38.6701,-108.3286
"Lee1","Hufft1",0.608019124473516,36.82340833,-116.0163889,38.6701,-108.3286
"Lee2","Hufft1",0.600550865843125,35.3984,-115.7845,38.6701,-108.3286
"Lee3","Hufft1",0.607890167298556,36.5247,-115.8987,38.6701,-108.3286
"Lee4","Hufft1",0.601214557324865,35.4564,-115.52,38.6701,-108.3286
"Leger1","Hufft1",0.613025725138046,39.49,-119.84,38.6701,-108.3286
"Maron1","Hufft1",0.667319953775242,46.68,-114.03,38.6701,-108.3286
"Maron2","Hufft1",0.665412399876206,46.64,-113.23,38.6701,-108.3286
"Porensky30","Hufft1",0.641453804461027,40.63,-105.27,38.6701,-108.3286
"Pyke3","Hufft1",0.650922175384514,44.60456358,-120.1924183,38.6701,-108.3286
"Pyke8","Hufft1",0.684154131843789,46.74830998,-119.361636,38.6701,-108.3286
"Pyke21","Hufft1",0.707203843552935,47.61803776,-119.6830115,38.6701,-108.3286
"Pyle1","Hufft1",0.725461495515778,42.35,-118.65,38.6701,-108.3286
"Pyle9","Hufft1",0.665424860951638,43.42,-119.62,38.6701,-108.3286
"Pyle10","Hufft1",0.683716162207595,43.19,-120,38.6701,-108.3286
"Pyle15","Hufft1",0.651868314456617,43.8,-119,38.6701,-108.3286
"Pyle17","Hufft1",0.640509663004679,44.36,-118.93,38.6701,-108.3286
"Pyle19","Hufft1",0.659121707268706,44.57,-119.65,38.6701,-108.3286
"Reed1","Hufft1",0.687838195662646,38.52,-109.47,38.6701,-108.3286
"Reed3","Hufft1",0.661887372010764,38.75,-109.79,38.6701,-108.3286
"Schupp3","Hufft1",0.703832329906623,38.6,-113.79,38.6701,-108.3286
"Schupp4","Hufft1",0.659081198495953,38.52,-113.55,38.6701,-108.3286
"Schupp5","Hufft1",0.659923668638832,39.11,-112.74,38.6701,-108.3286
"Symstad1","Hufft1",0.683199517461606,44.59,-104.71,38.6701,-108.3286
"Symstad2","Hufft1",0.676304269170253,43.87,-103.46,38.6701,-108.3286
"Symstad3","Hufft1",0.674816658911711,43.62,-103.47,38.6701,-108.3286
"Urza2","Hufft1",0.65766754201211,40.84,-119.56,38.6701,-108.3286
"Wilcox2","Hufft1",0.74031523895429,41.31,-105.66,38.6701,-108.3286
"Chynoweth2","Hufft1",0.684034217750993,40.29092,-109.68361,38.6701,-108.3286
"Chynoweth3","Hufft1",0.740415547475035,39.83576,-109.61202,38.6701,-108.3286
"Chynoweth5","Hufft1",0.704852518396064,40.480805,-109.438229,38.6701,-108.3286
"Chynoweth7","Hufft1",0.65960006173999,40.533605,-109.523564,38.6701,-108.3286
"Chynoweth8","Hufft1",0.683617208330614,40.640878,-109.48689,38.6701,-108.3286
"Shriver2","Hufft1",0.632087179185948,48,-114.04,38.6701,-108.3286
"Davies03","Hufft1",0.63801549737092,42.68,-118.68,38.6701,-108.3286
"GerminoBOP1","Hufft1",0.667118541078604,43.4720833,-116.2338306,38.6701,-108.3286
"Mancillas01","Hufft1",0.665326219528179,32.368,-106.56,38.6701,-108.3286
"Boise_High 2022","Hufft1",0.732361055304445,NA,NA,38.6701,-108.3286
"Boise_Low 2022","Hufft1",0.72219519171258,NA,NA,38.6701,-108.3286
"CG PASTURE 2022","Hufft1",0.759207781373064,NA,NA,38.6701,-108.3286
"CaseAoyamaS1 2022","Hufft1",0.743278188969281,NA,NA,38.6701,-108.3286
"CastValley 2021","Hufft1",0.736473558096664,NA,NA,38.6701,-108.3286
"EOARC 2022","Hufft1",0.742656547933221,NA,NA,38.6701,-108.3286
"EnsingS1 SuRDC 2022","Hufft1",0.752159182136637,NA,NA,38.6701,-108.3286
"EnsingS2 Summerland-Princeton 2022","Hufft1",0.720682962330793,NA,NA,38.6701,-108.3286
"EnsingS3 Bear Creek 2022","Hufft1",0.721029896921554,NA,NA,38.6701,-108.3286
"EnsingS4 Lundbom 2022","Hufft1",0.729010076507555,NA,NA,38.6701,-108.3286
"FAR NORTH CPER 2022","Hufft1",0.765232066628755,NA,NA,38.6701,-108.3286
"FtK_Cottonwood_Coulee 2021","Hufft1",0.771099505966282,NA,NA,38.6701,-108.3286
"FtK_Lone_Pine 2021","Hufft1",0.77171318112427,NA,NA,38.6701,-108.3286
"GoeblS1 2024","Hufft1",0.73949422490729,NA,NA,38.6701,-108.3286
"GreenCanyon 2021","Hufft1",0.755202879990866,NA,NA,38.6701,-108.3286
"HPGRS AGCR 2022","Hufft1",0.759872964152003,NA,NA,38.6701,-108.3286
"HardwareRanch 2022","Hufft1",0.750055512082241,NA,NA,38.6701,-108.3286
"K1_vanDiepen 2022","Hufft1",0.736882536474272,NA,NA,38.6701,-108.3286
"L1_vanDiepen 2022","Hufft1",0.758886153377937,NA,NA,38.6701,-108.3286
"MPG_IR 2021","Hufft1",0.747927142749274,NA,NA,38.6701,-108.3286
"MPG_SR 2021","Hufft1",0.74980941239325,NA,NA,38.6701,-108.3286
"MPG_TH 2021","Hufft1",0.74887719465878,NA,NA,38.6701,-108.3286
"NEAR 4WAY CPER 2022","Hufft1",0.765521787147244,NA,NA,38.6701,-108.3286
"NEAR HQ CPER 2022","Hufft1",0.764563883071388,NA,NA,38.6701,-108.3286
"NEAR NUTNET 2022","Hufft1",0.765245341062473,NA,NA,38.6701,-108.3286
"OttS1 2022","Hufft1",0.762029493235801,NA,NA,38.6701,-108.3286
"PMR- Brome 2021","Hufft1",0.744242900103616,NA,NA,38.6701,-108.3286
"Pearlwise 2024","Hufft1",0.743841290987646,NA,NA,38.6701,-108.3286
"Peavine 2022","Hufft1",0.71049503563335,NA,NA,38.6701,-108.3286
"Plymouth 2022","Hufft1",0.712495122239586,NA,NA,38.6701,-108.3286
"RedBluff 2023","Hufft1",0.75080220070864,NA,NA,38.6701,-108.3286
"Rush_Valley 2022","Hufft1",0.750311030573899,NA,NA,38.6701,-108.3286
"SSHQ 2022","Hufft1",0.764939078783562,NA,NA,38.6701,-108.3286
"SSHigh 2022","Hufft1",0.751572252576646,NA,NA,38.6701,-108.3286
"SouthEden 2022","Hufft1",0.753647517098021,NA,NA,38.6701,-108.3286
"Symstad1 2021","Hufft1",0.764478642299271,NA,NA,38.6701,-108.3286
"Symstad2 2022","Hufft1",0.765376432232079,NA,NA,38.6701,-108.3286
"TB FIRE 2022","Hufft1",0.767310178626275,NA,NA,38.6701,-108.3286
"TB LC Control 2022","Hufft1",0.767569307768171,NA,NA,38.6701,-108.3286
"TB PRAIRIE DOG 2022","Hufft1",0.767505281528624,NA,NA,38.6701,-108.3286
"Woodruff 2022","Hufft1",0.760421881542832,NA,NA,38.6701,-108.3286
"dino 2024","Hufft1",0.768256653517649,NA,NA,38.6701,-108.3286
"AAFC4","Lavin1",0.680187182793563,50.08,-120.65,44.68,-109.07
"AAFC5","Lavin1",0.671520483755776,50.09,-120.45,44.68,-109.07
"AAFC6","Lavin1",0.69028728309828,50.09,-120.75,44.68,-109.07
"AAFC8","Lavin1",0.711975773307577,49.57,-120.55,44.68,-109.07
"AAFC9","Lavin1",0.659026711579317,49.62,-119.8,44.68,-109.07
"AAFC10","Lavin1",0.659167874230068,49.71,-120.05,44.68,-109.07
"Adler5","Lavin1",0.675022395205179,40.79,-111.87,44.68,-109.07
"Schupp2","Lavin1",0.690096674701017,40.2,-112.46,44.68,-109.07
"Schupp1","Lavin1",0.715089549560155,39.85,-112.15,44.68,-109.07
"Adler13","Lavin1",0.724386507370724,41.44,-111.08,44.68,-109.07
"Adler16","Lavin1",0.70721619890221,41.78,-110.2,44.68,-109.07
"Adler17","Lavin1",0.707366055677253,41.44,-110.11,44.68,-109.07
"Adler18","Lavin1",0.667678952835235,40.86,-114.22,44.68,-109.07
"Barnett1","Lavin1",0.664525176244595,43.48,-110.74,44.68,-109.07
"Baughman3","Lavin1",0.676302878186284,42.81,-118.96,44.68,-109.07
"Baughman2","Lavin1",0.699131488121589,43.05,-118.87,44.68,-109.07
"Chynoweth1","Lavin1",0.70372554106138,39.76604,-109.5635,44.68,-109.07
"Board1","Lavin1",0.661877218707507,38.84,-117.57,44.68,-109.07
"Bradford1","Lavin1",0.661423668081193,35.23,-111.62,44.68,-109.07
"Chambers1","Lavin1",0.633885279154336,39.55,-119.58,44.68,-109.07
"Chambers2","Lavin1",0.627445686456259,39.95,-118.76,44.68,-109.07
"Urza1","Lavin1",0.627550967497603,40.35,-119.34,44.68,-109.07
"Chambers4","Lavin1",0.627376852131385,41.31,-117.63,44.68,-109.07
"Chambers5","Lavin1",0.623392545700233,41.54,-117.75,44.68,-109.07
"Chambers6","Lavin1",0.623411976877397,41.54,-117.78,44.68,-109.07
"Chambers7","Lavin1",0.717793193420663,43.94,-116.19,44.68,-109.07
"Chambers8","Lavin1",0.690439318055096,42.24,-114.57,44.68,-109.07
"Chambers9","Lavin1",0.703833878751574,40.66,-116.73,44.68,-109.07
"Copeland1","Lavin1",0.703773817968515,43.7,-117.33,44.68,-109.07
"Copeland5","Lavin1",0.664743610209995,42.27,-118.71,44.68,-109.07
"Copeland9","Lavin1",0.707407823788419,43.47,-119.68,44.68,-109.07
"Downs1","Lavin1",0.66089328389692,46.38145,-119.430272,44.68,-109.07
"Downs2","Lavin1",0.673617466560306,46.25045,-119.53334,44.68,-109.07
"Downs3","Lavin1",0.642001240470532,45.9663,-120.3671,44.68,-109.07
"Fleishman1","Lavin1",0.728528010728535,38.47,-119.49,44.68,-109.07
"Fleishman5","Lavin1",0.699117333563423,39.12,-117.27,44.68,-109.07
"Fleishman7","Lavin1",0.658121766312572,39.17,-117.44,44.68,-109.07
"Getts1","Lavin1",0.652560701413676,41.17,-120.5,44.68,-109.07
"Getts3","Lavin1",0.673357026325351,40.43,-120.67,44.68,-109.07
"Holdrege1","Lavin1",0.664270206318589,41.61,-111.57,44.68,-109.07
"Hufft1","Lavin1",0.701480117659041,38.6701,-108.3286,44.68,-109.07
"Lavin1","Lavin1",1,44.68,-109.07,44.68,-109.07
"Lavin2","Lavin1",0.678794594063525,45.67,-111.03,44.68,-109.07
"Lee1","Lavin1",0.627430128568855,36.82340833,-116.0163889,44.68,-109.07
"Lee2","Lavin1",0.619291392873591,35.3984,-115.7845,44.68,-109.07
"Lee3","Lavin1",0.62731851798236,36.5247,-115.8987,44.68,-109.07
"Lee4","Lavin1",0.622402056573242,35.4564,-115.52,44.68,-109.07
"Leger1","Lavin1",0.634236758465378,39.49,-119.84,44.68,-109.07
"Maron1","Lavin1",0.706797127146966,46.68,-114.03,44.68,-109.07
"Maron2","Lavin1",0.707132138684337,46.64,-113.23,44.68,-109.07
"Porensky30","Lavin1",0.661037673165307,40.63,-105.27,44.68,-109.07
"Pyke3","Lavin1",0.678220162172434,44.60456358,-120.1924183,44.68,-109.07
"Pyke8","Lavin1",0.658822134804097,46.74830998,-119.361636,44.68,-109.07
"Pyke21","Lavin1",0.690814455574007,47.61803776,-119.6830115,44.68,-109.07
"Pyle1","Lavin1",0.754042389847091,42.35,-118.65,44.68,-109.07
"Pyle9","Lavin1",0.707108046005295,43.42,-119.62,44.68,-109.07
"Pyle10","Lavin1",0.699223196666721,43.19,-120,44.68,-109.07
"Pyle15","Lavin1",0.682948855218801,43.8,-119,44.68,-109.07
"Pyle17","Lavin1",0.666250543011942,44.36,-118.93,44.68,-109.07
"Pyle19","Lavin1",0.679352855505786,44.57,-119.65,44.68,-109.07
"Reed1","Lavin1",0.681730953346201,38.52,-109.47,44.68,-109.07
"Reed3","Lavin1",0.70647584298185,38.75,-109.79,44.68,-109.07
"Schupp3","Lavin1",0.700756230963275,38.6,-113.79,44.68,-109.07
"Schupp4","Lavin1",0.703624317573329,38.52,-113.55,44.68,-109.07
"Schupp5","Lavin1",0.708638665421026,39.11,-112.74,44.68,-109.07
"Symstad1","Lavin1",0.689801979533242,44.59,-104.71,44.68,-109.07
"Symstad2","Lavin1",0.668206549302847,43.87,-103.46,44.68,-109.07
"Symstad3","Lavin1",0.72309198509314,43.62,-103.47,44.68,-109.07
"Urza2","Lavin1",0.707654130438125,40.84,-119.56,44.68,-109.07
"Wilcox2","Lavin1",0.672830741770477,41.31,-105.66,44.68,-109.07
"Chynoweth2","Lavin1",0.699467644222888,40.29092,-109.68361,44.68,-109.07
"Chynoweth3","Lavin1",0.67318547370762,39.83576,-109.61202,44.68,-109.07
"Chynoweth5","Lavin1",0.696801384764396,40.480805,-109.438229,44.68,-109.07
"Chynoweth7","Lavin1",0.704179626734789,40.533605,-109.523564,44.68,-109.07
"Chynoweth8","Lavin1",0.699158197979669,40.640878,-109.48689,44.68,-109.07
"Shriver2","Lavin1",0.664524157997264,48,-114.04,44.68,-109.07
"Davies03","Lavin1",0.661605413347439,42.68,-118.68,44.68,-109.07
"GerminoBOP1","Lavin1",0.720520152556907,43.4720833,-116.2338306,44.68,-109.07
"Mancillas01","Lavin1",0.683153069164662,32.368,-106.56,44.68,-109.07
"Boise_High 2022","Lavin1",0.76149945841768,NA,NA,44.68,-109.07
"Boise_Low 2022","Lavin1",0.747060649988776,NA,NA,44.68,-109.07
"CG PASTURE 2022","Lavin1",0.788340599187435,NA,NA,44.68,-109.07
"CaseAoyamaS1 2022","Lavin1",0.770148968305322,NA,NA,44.68,-109.07
"CastValley 2021","Lavin1",0.758867103254987,NA,NA,44.68,-109.07
"EOARC 2022","Lavin1",0.769745886196649,NA,NA,44.68,-109.07
"EnsingS1 SuRDC 2022","Lavin1",0.784127228072125,NA,NA,44.68,-109.07
"EnsingS2 Summerland-Princeton 2022","Lavin1",0.756827870172979,NA,NA,44.68,-109.07
"EnsingS3 Bear Creek 2022","Lavin1",0.755551498734407,NA,NA,44.68,-109.07
"EnsingS4 Lundbom 2022","Lavin1",0.762121315078763,NA,NA,44.68,-109.07
"FAR NORTH CPER 2022","Lavin1",0.792608489382718,NA,NA,44.68,-109.07
"FtK_Cottonwood_Coulee 2021","Lavin1",0.797586122875439,NA,NA,44.68,-109.07
"FtK_Lone_Pine 2021","Lavin1",0.797794840418549,NA,NA,44.68,-109.07
"GoeblS1 2024","Lavin1",0.772307337485185,NA,NA,44.68,-109.07
"GreenCanyon 2021","Lavin1",0.785246299764928,NA,NA,44.68,-109.07
"HPGRS AGCR 2022","Lavin1",0.788853395155753,NA,NA,44.68,-109.07
"HardwareRanch 2022","Lavin1",0.780056035276543,NA,NA,44.68,-109.07
"K1_vanDiepen 2022","Lavin1",0.769754186711942,NA,NA,44.68,-109.07
"L1_vanDiepen 2022","Lavin1",0.790237609703785,NA,NA,44.68,-109.07
"MPG_IR 2021","Lavin1",0.780456479101701,NA,NA,44.68,-109.07
"MPG_SR 2021","Lavin1",0.782040901432085,NA,NA,44.68,-109.07
"MPG_TH 2021","Lavin1",0.781356898348882,NA,NA,44.68,-109.07
"NEAR 4WAY CPER 2022","Lavin1",0.792737620386565,NA,NA,44.68,-109.07
"NEAR HQ CPER 2022","Lavin1",0.79231759600725,NA,NA,44.68,-109.07
"NEAR NUTNET 2022","Lavin1",0.792601491128926,NA,NA,44.68,-109.07
"OttS1 2022","Lavin1",0.792841909267013,NA,NA,44.68,-109.07
"PMR- Brome 2021","Lavin1",0.777546037942882,NA,NA,44.68,-109.07
"Pearlwise 2024","Lavin1",0.770282764693808,NA,NA,44.68,-109.07
"Peavine 2022","Lavin1",0.739912791939828,NA,NA,44.68,-109.07
"Plymouth 2022","Lavin1",0.739454922393526,NA,NA,44.68,-109.07
"RedBluff 2023","Lavin1",0.78345193776877,NA,NA,44.68,-109.07
"Rush_Valley 2022","Lavin1",0.779331389903093,NA,NA,44.68,-109.07
"SSHQ 2022","Lavin1",0.790511102400341,NA,NA,44.68,-109.07
"SSHigh 2022","Lavin1",0.779634657301375,NA,NA,44.68,-109.07
"SouthEden 2022","Lavin1",0.781990377913,NA,NA,44.68,-109.07
"Symstad1 2021","Lavin1",0.794355477032645,NA,NA,44.68,-109.07
"Symstad2 2022","Lavin1",0.79504220761378,NA,NA,44.68,-109.07
"TB FIRE 2022","Lavin1",0.794580476986021,NA,NA,44.68,-109.07
"TB LC Control 2022","Lavin1",0.794711406131995,NA,NA,44.68,-109.07
"TB PRAIRIE DOG 2022","Lavin1",0.79466871824956,NA,NA,44.68,-109.07
"Woodruff 2022","Lavin1",0.788054982608245,NA,NA,44.68,-109.07
"dino 2024","Lavin1",0.790354769405007,NA,NA,44.68,-109.07
"AAFC4","Lavin2",0.722222036943145,50.08,-120.65,45.67,-111.03
"AAFC5","Lavin2",0.787637081837552,50.09,-120.45,45.67,-111.03
"AAFC6","Lavin2",0.669085757980835,50.09,-120.75,45.67,-111.03
"AAFC8","Lavin2",0.717851342788937,49.57,-120.55,45.67,-111.03
"AAFC9","Lavin2",0.744994731855129,49.62,-119.8,45.67,-111.03
"AAFC10","Lavin2",0.745018993675278,49.71,-120.05,45.67,-111.03
"Adler5","Lavin2",0.693211640898956,40.79,-111.87,45.67,-111.03
"Schupp2","Lavin2",0.700531048785815,40.2,-112.46,45.67,-111.03
"Schupp1","Lavin2",0.663008967014553,39.85,-112.15,45.67,-111.03
"Adler13","Lavin2",0.664957650023601,41.44,-111.08,45.67,-111.03
"Adler16","Lavin2",0.677469237549875,41.78,-110.2,45.67,-111.03
"Adler17","Lavin2",0.67773066230422,41.44,-110.11,45.67,-111.03
"Adler18","Lavin2",0.666466182463458,40.86,-114.22,45.67,-111.03
"Barnett1","Lavin2",0.679988637141003,43.48,-110.74,45.67,-111.03
"Baughman3","Lavin2",0.754814618833082,42.81,-118.96,45.67,-111.03
"Baughman2","Lavin2",0.683124233944085,43.05,-118.87,45.67,-111.03
"Chynoweth1","Lavin2",0.665431784036752,39.76604,-109.5635,45.67,-111.03
"Board1","Lavin2",0.704765766513271,38.84,-117.57,45.67,-111.03
"Bradford1","Lavin2",0.704440499593836,35.23,-111.62,45.67,-111.03
"Chambers1","Lavin2",0.637489267718439,39.55,-119.58,45.67,-111.03
"Chambers2","Lavin2",0.630725175508914,39.95,-118.76,45.67,-111.03
"Urza1","Lavin2",0.630887395325535,40.35,-119.34,45.67,-111.03
"Chambers4","Lavin2",0.630660982915552,41.31,-117.63,45.67,-111.03
"Chambers5","Lavin2",0.626664709728114,41.54,-117.75,45.67,-111.03
"Chambers6","Lavin2",0.6266490643743,41.54,-117.78,45.67,-111.03
"Chambers7","Lavin2",0.698008670648294,43.94,-116.19,45.67,-111.03
"Chambers8","Lavin2",0.665337861405174,42.24,-114.57,45.67,-111.03
"Chambers9","Lavin2",0.665450207881643,40.66,-116.73,45.67,-111.03
"Copeland1","Lavin2",0.665511290388084,43.7,-117.33,45.67,-111.03
"Copeland5","Lavin2",0.70004608186749,42.27,-118.71,45.67,-111.03
"Copeland9","Lavin2",0.677741988368255,43.47,-119.68,45.67,-111.03
"Downs1","Lavin2",0.654807746149499,46.38145,-119.430272,45.67,-111.03
"Downs2","Lavin2",0.684067192691335,46.25045,-119.53334,45.67,-111.03
"Downs3","Lavin2",0.644400576138406,45.9663,-120.3671,45.67,-111.03
"Fleishman1","Lavin2",0.696565297027183,38.47,-119.49,45.67,-111.03
"Fleishman5","Lavin2",0.658289507990534,39.12,-117.27,45.67,-111.03
"Fleishman7","Lavin2",0.690858198313165,39.17,-117.44,45.67,-111.03
"Getts1","Lavin2",0.660013365595744,41.17,-120.5,45.67,-111.03
"Getts3","Lavin2",0.692279978665855,40.43,-120.67,45.67,-111.03
"Holdrege1","Lavin2",0.679704253235753,41.61,-111.57,45.67,-111.03
"Hufft1","Lavin2",0.658424743039984,38.6701,-108.3286,45.67,-111.03
"Lavin1","Lavin2",0.678794594063525,44.68,-109.07,45.67,-111.03
"Lavin2","Lavin2",1,45.67,-111.03,45.67,-111.03
"Lee1","Lavin2",0.630734636093243,36.82340833,-116.0163889,45.67,-111.03
"Lee2","Lavin2",0.622865682947461,35.3984,-115.7845,45.67,-111.03
"Lee3","Lavin2",0.630649866560464,36.5247,-115.8987,45.67,-111.03
"Lee4","Lavin2",0.627094441990367,35.4564,-115.52,45.67,-111.03
"Leger1","Lavin2",0.661095082176176,39.49,-119.84,45.67,-111.03
"Maron1","Lavin2",0.677827308560611,46.68,-114.03,45.67,-111.03
"Maron2","Lavin2",0.677471755615611,46.64,-113.23,45.67,-111.03
"Porensky30","Lavin2",0.752132787897444,40.63,-105.27,45.67,-111.03
"Pyke3","Lavin2",0.7114672024983,44.60456358,-120.1924183,45.67,-111.03
"Pyke8","Lavin2",0.629685121977549,46.74830998,-119.361636,45.67,-111.03
"Pyke21","Lavin2",0.687424709280614,47.61803776,-119.6830115,45.67,-111.03
"Pyle1","Lavin2",0.742370280757699,42.35,-118.65,45.67,-111.03
"Pyle9","Lavin2",0.677428651751157,43.42,-119.62,45.67,-111.03
"Pyle10","Lavin2",0.658357171555928,43.19,-120,45.67,-111.03
"Pyle15","Lavin2",0.720628206327286,43.8,-119,45.67,-111.03
"Pyle17","Lavin2",0.74790064595388,44.36,-118.93,45.67,-111.03
"Pyle19","Lavin2",0.664957525817713,44.57,-119.65,45.67,-111.03
"Reed1","Lavin2",0.668050961093805,38.52,-109.47,45.67,-111.03
"Reed3","Lavin2",0.663640575148713,38.75,-109.79,45.67,-111.03
"Schupp3","Lavin2",0.664623889806674,38.6,-113.79,45.67,-111.03
"Schupp4","Lavin2",0.665319213676211,38.52,-113.55,45.67,-111.03
"Schupp5","Lavin2",0.681401764779497,39.11,-112.74,45.67,-111.03
"Symstad1","Lavin2",0.685305660990129,44.59,-104.71,45.67,-111.03
"Symstad2","Lavin2",0.66999023945096,43.87,-103.46,45.67,-111.03
"Symstad3","Lavin2",0.684642398845605,43.62,-103.47,45.67,-111.03
"Urza2","Lavin2",0.702484416646131,40.84,-119.56,45.67,-111.03
"Wilcox2","Lavin2",0.633177091517617,41.31,-105.66,45.67,-111.03
"Chynoweth2","Lavin2",0.658589326578807,40.29092,-109.68361,45.67,-111.03
"Chynoweth3","Lavin2",0.633463568510996,39.83576,-109.61202,45.67,-111.03
"Chynoweth5","Lavin2",0.682766167934639,40.480805,-109.438229,45.67,-111.03
"Chynoweth7","Lavin2",0.665813338234178,40.533605,-109.523564,45.67,-111.03
"Chynoweth8","Lavin2",0.658254360836557,40.640878,-109.48689,45.67,-111.03
"Shriver2","Lavin2",0.679917541621405,48,-114.04,45.67,-111.03
"Davies03","Lavin2",0.704582093196239,42.68,-118.68,45.67,-111.03
"GerminoBOP1","Lavin2",0.672288849020597,43.4720833,-116.2338306,45.67,-111.03
"Mancillas01","Lavin2",0.665753637605417,32.368,-106.56,45.67,-111.03
"Boise_High 2022","Lavin2",0.784565591384233,NA,NA,45.67,-111.03
"Boise_Low 2022","Lavin2",0.747347258984022,NA,NA,45.67,-111.03
"CG PASTURE 2022","Lavin2",0.791998023796967,NA,NA,45.67,-111.03
"CaseAoyamaS1 2022","Lavin2",0.781412906642377,NA,NA,45.67,-111.03
"CastValley 2021","Lavin2",0.722759692354248,NA,NA,45.67,-111.03
"EOARC 2022","Lavin2",0.782672738813251,NA,NA,45.67,-111.03
"EnsingS1 SuRDC 2022","Lavin2",0.791765408069342,NA,NA,45.67,-111.03
"EnsingS2 Summerland-Princeton 2022","Lavin2",0.797534896115587,NA,NA,45.67,-111.03
"EnsingS3 Bear Creek 2022","Lavin2",0.786525153824884,NA,NA,45.67,-111.03
"EnsingS4 Lundbom 2022","Lavin2",0.79631547359507,NA,NA,45.67,-111.03
"FAR NORTH CPER 2022","Lavin2",0.783918104123557,NA,NA,45.67,-111.03
"FtK_Cottonwood_Coulee 2021","Lavin2",0.783674631627664,NA,NA,45.67,-111.03
"FtK_Lone_Pine 2021","Lavin2",0.781794829822102,NA,NA,45.67,-111.03
"GoeblS1 2024","Lavin2",0.775789319064087,NA,NA,45.67,-111.03
"GreenCanyon 2021","Lavin2",0.78217766057096,NA,NA,45.67,-111.03
"HPGRS AGCR 2022","Lavin2",0.791654787341497,NA,NA,45.67,-111.03
"HardwareRanch 2022","Lavin2",0.78599332376071,NA,NA,45.67,-111.03
"K1_vanDiepen 2022","Lavin2",0.780753317535225,NA,NA,45.67,-111.03
"L1_vanDiepen 2022","Lavin2",0.788780583753626,NA,NA,45.67,-111.03
"MPG_IR 2021","Lavin2",0.786665862776285,NA,NA,45.67,-111.03
"MPG_SR 2021","Lavin2",0.786721568172445,NA,NA,45.67,-111.03
"MPG_TH 2021","Lavin2",0.786731147404767,NA,NA,45.67,-111.03
"NEAR 4WAY CPER 2022","Lavin2",0.782267315757653,NA,NA,45.67,-111.03
"NEAR HQ CPER 2022","Lavin2",0.784555995938025,NA,NA,45.67,-111.03
"NEAR NUTNET 2022","Lavin2",0.783540882423168,NA,NA,45.67,-111.03
"OttS1 2022","Lavin2",0.792716323304258,NA,NA,45.67,-111.03
"PMR- Brome 2021","Lavin2",0.796129302820101,NA,NA,45.67,-111.03
"Pearlwise 2024","Lavin2",0.776423121755097,NA,NA,45.67,-111.03
"Peavine 2022","Lavin2",0.763196068048148,NA,NA,45.67,-111.03
"Plymouth 2022","Lavin2",0.750352168017557,NA,NA,45.67,-111.03
"RedBluff 2023","Lavin2",0.796982943698399,NA,NA,45.67,-111.03
"Rush_Valley 2022","Lavin2",0.769446512457872,NA,NA,45.67,-111.03
"SSHQ 2022","Lavin2",0.776218316311517,NA,NA,45.67,-111.03
"SSHigh 2022","Lavin2",0.778597998572854,NA,NA,45.67,-111.03
"SouthEden 2022","Lavin2",0.783794321765892,NA,NA,45.67,-111.03
"Symstad1 2021","Lavin2",0.788602745678713,NA,NA,45.67,-111.03
"Symstad2 2022","Lavin2",0.787859382588706,NA,NA,45.67,-111.03
"TB FIRE 2022","Lavin2",0.785565228076954,NA,NA,45.67,-111.03
"TB LC Control 2022","Lavin2",0.785031672245777,NA,NA,45.67,-111.03
"TB PRAIRIE DOG 2022","Lavin2",0.785199200375552,NA,NA,45.67,-111.03
"Woodruff 2022","Lavin2",0.781013685199493,NA,NA,45.67,-111.03
"dino 2024","Lavin2",0.749521624017697,NA,NA,45.67,-111.03
"AAFC4","Lee1",0.616589222351407,50.08,-120.65,36.82340833,-116.0163889
"AAFC5","Lee1",0.634783833838189,50.09,-120.45,36.82340833,-116.0163889
"AAFC6","Lee1",0.612878029366107,50.09,-120.75,36.82340833,-116.0163889
"AAFC8","Lee1",0.633751505029472,49.57,-120.55,36.82340833,-116.0163889
"AAFC9","Lee1",0.629681335517144,49.62,-119.8,36.82340833,-116.0163889
"AAFC10","Lee1",0.629790694207872,49.71,-120.05,36.82340833,-116.0163889
"Adler5","Lee1",0.638457196805036,40.79,-111.87,36.82340833,-116.0163889
"Schupp2","Lee1",0.621245574027772,40.2,-112.46,36.82340833,-116.0163889
"Schupp1","Lee1",0.623190174980828,39.85,-112.15,36.82340833,-116.0163889
"Adler13","Lee1",0.622657237068244,41.44,-111.08,36.82340833,-116.0163889
"Adler16","Lee1",0.613541648637591,41.78,-110.2,36.82340833,-116.0163889
"Adler17","Lee1",0.613710608733751,41.44,-110.11,36.82340833,-116.0163889
"Adler18","Lee1",0.624835209166416,40.86,-114.22,36.82340833,-116.0163889
"Barnett1","Lee1",0.617917362930992,43.48,-110.74,36.82340833,-116.0163889
"Baughman3","Lee1",0.630818546540645,42.81,-118.96,36.82340833,-116.0163889
"Baughman2","Lee1",0.643222633968478,43.05,-118.87,36.82340833,-116.0163889
"Chynoweth1","Lee1",0.619959022351188,39.76604,-109.5635,36.82340833,-116.0163889
"Board1","Lee1",0.610973975114966,38.84,-117.57,36.82340833,-116.0163889
"Bradford1","Lee1",0.610540392575674,35.23,-111.62,36.82340833,-116.0163889
"Chambers1","Lee1",0.871864375674733,39.55,-119.58,36.82340833,-116.0163889
"Chambers2","Lee1",0.999412365351325,39.95,-118.76,36.82340833,-116.0163889
"Urza1","Lee1",0.999507787521953,40.35,-119.34,36.82340833,-116.0163889
"Chambers4","Lee1",0.999543922218834,41.31,-117.63,36.82340833,-116.0163889
"Chambers5","Lee1",0.829388354617205,41.54,-117.75,36.82340833,-116.0163889
"Chambers6","Lee1",0.829926981750339,41.54,-117.78,36.82340833,-116.0163889
"Chambers7","Lee1",0.638946007468889,43.94,-116.19,36.82340833,-116.0163889
"Chambers8","Lee1",0.61343602100276,42.24,-114.57,36.82340833,-116.0163889
"Chambers9","Lee1",0.620084069936076,40.66,-116.73,36.82340833,-116.0163889
"Copeland1","Lee1",0.620067955978026,43.7,-117.33,36.82340833,-116.0163889
"Copeland5","Lee1",0.626133412287866,42.27,-118.71,36.82340833,-116.0163889
"Copeland9","Lee1",0.613697349015835,43.47,-119.68,36.82340833,-116.0163889
"Downs1","Lee1",0.60642764692504,46.38145,-119.430272,36.82340833,-116.0163889
"Downs2","Lee1",0.646629069735548,46.25045,-119.53334,36.82340833,-116.0163889
"Downs3","Lee1",0.643301910571402,45.9663,-120.3671,36.82340833,-116.0163889
"Fleishman1","Lee1",0.627345328109892,38.47,-119.49,36.82340833,-116.0163889
"Fleishman5","Lee1",0.613304610428943,39.12,-117.27,36.82340833,-116.0163889
"Fleishman7","Lee1",0.61360475066925,39.17,-117.44,36.82340833,-116.0163889
"Getts1","Lee1",0.655317121736359,41.17,-120.5,36.82340833,-116.0163889
"Getts3","Lee1",0.621477761605807,40.43,-120.67,36.82340833,-116.0163889
"Holdrege1","Lee1",0.617737988239813,41.61,-111.57,36.82340833,-116.0163889
"Hufft1","Lee1",0.608019124473516,38.6701,-108.3286,36.82340833,-116.0163889
"Lavin1","Lee1",0.627430128568855,44.68,-109.07,36.82340833,-116.0163889
"Lavin2","Lee1",0.630734636093243,45.67,-111.03,36.82340833,-116.0163889
"Lee1","Lee1",0.999999999999999,36.82340833,-116.0163889,36.82340833,-116.0163889
"Lee2","Lee1",0.791129250384763,35.3984,-115.7845,36.82340833,-116.0163889
"Lee3","Lee1",0.999515178116604,36.5247,-115.8987,36.82340833,-116.0163889
"Lee4","Lee1",0.669850857453164,35.4564,-115.52,36.82340833,-116.0163889
"Leger1","Lee1",0.644481390941177,39.49,-119.84,36.82340833,-116.0163889
"Maron1","Lee1",0.619888892392233,46.68,-114.03,36.82340833,-116.0163889
"Maron2","Lee1",0.613520931354038,46.64,-113.23,36.82340833,-116.0163889
"Porensky30","Lee1",0.623548678548063,40.63,-105.27,36.82340833,-116.0163889
"Pyke3","Lee1",0.632149948657161,44.60456358,-120.1924183,36.82340833,-116.0163889
"Pyke8","Lee1",0.606433737157596,46.74830998,-119.361636,36.82340833,-116.0163889
"Pyke21","Lee1",0.618511449788659,47.61803776,-119.6830115,36.82340833,-116.0163889
"Pyle1","Lee1",0.669919147555686,42.35,-118.65,36.82340833,-116.0163889
"Pyle9","Lee1",0.613507700366166,43.42,-119.62,36.82340833,-116.0163889
"Pyle10","Lee1",0.613376351467726,43.19,-120,36.82340833,-116.0163889
"Pyle15","Lee1",0.631835895166999,43.8,-119,36.82340833,-116.0163889
"Pyle17","Lee1",0.629048969853614,44.36,-118.93,36.82340833,-116.0163889
"Pyle19","Lee1",0.599030150772056,44.57,-119.65,36.82340833,-116.0163889
"Reed1","Lee1",0.61957859180309,38.52,-109.47,36.82340833,-116.0163889
"Reed3","Lee1",0.609072788249706,38.75,-109.79,36.82340833,-116.0163889
"Schupp3","Lee1",0.620199841687479,38.6,-113.79,36.82340833,-116.0163889
"Schupp4","Lee1",0.619971130613928,38.52,-113.55,36.82340833,-116.0163889
"Schupp5","Lee1",0.621075489197628,39.11,-112.74,36.82340833,-116.0163889
"Symstad1","Lee1",0.623017793062062,44.59,-104.71,36.82340833,-116.0163889
"Symstad2","Lee1",0.606186555093915,43.87,-103.46,36.82340833,-116.0163889
"Symstad3","Lee1",0.6295364143741,43.62,-103.47,36.82340833,-116.0163889
"Urza2","Lee1",0.63301457931406,40.84,-119.56,36.82340833,-116.0163889
"Wilcox2","Lee1",0.603545926762185,41.31,-105.66,36.82340833,-116.0163889
"Chynoweth2","Lee1",0.61358467445727,40.29092,-109.68361,36.82340833,-116.0163889
"Chynoweth3","Lee1",0.60373326996877,39.83576,-109.61202,36.82340833,-116.0163889
"Chynoweth5","Lee1",0.629906128669259,40.480805,-109.438229,36.82340833,-116.0163889
"Chynoweth7","Lee1",0.620302912266728,40.533605,-109.523564,36.82340833,-116.0163889
"Chynoweth8","Lee1",0.61327748395192,40.640878,-109.48689,36.82340833,-116.0163889
"Shriver2","Lee1",0.617870391423502,48,-114.04,36.82340833,-116.0163889
"Davies03","Lee1",0.610788451397676,42.68,-118.68,36.82340833,-116.0163889
"GerminoBOP1","Lee1",0.624618661432787,43.4720833,-116.2338306,36.82340833,-116.0163889
"Mancillas01","Lee1",0.60344447119471,32.368,-106.56,36.82340833,-116.0163889
"Boise_High 2022","Lee1",0.7468488568038,NA,NA,36.82340833,-116.0163889
"Boise_Low 2022","Lee1",0.832561381673874,NA,NA,36.82340833,-116.0163889
"CG PASTURE 2022","Lee1",0.706658482232094,NA,NA,36.82340833,-116.0163889
"CaseAoyamaS1 2022","Lee1",0.765816948698782,NA,NA,36.82340833,-116.0163889
"CastValley 2021","Lee1",0.795147956576075,NA,NA,36.82340833,-116.0163889
"EOARC 2022","Lee1",0.761334936391126,NA,NA,36.82340833,-116.0163889
"EnsingS1 SuRDC 2022","Lee1",0.711315256971995,NA,NA,36.82340833,-116.0163889
"EnsingS2 Summerland-Princeton 2022","Lee1",0.732332725237542,NA,NA,36.82340833,-116.0163889
"EnsingS3 Bear Creek 2022","Lee1",0.774720197409354,NA,NA,36.82340833,-116.0163889
"EnsingS4 Lundbom 2022","Lee1",0.670425147161478,NA,NA,36.82340833,-116.0163889
"FAR NORTH CPER 2022","Lee1",0.735512126951386,NA,NA,36.82340833,-116.0163889
"FtK_Cottonwood_Coulee 2021","Lee1",0.721036310182913,NA,NA,36.82340833,-116.0163889
"FtK_Lone_Pine 2021","Lee1",0.724404327456838,NA,NA,36.82340833,-116.0163889
"GoeblS1 2024","Lee1",0.789636595130048,NA,NA,36.82340833,-116.0163889
"GreenCanyon 2021","Lee1",0.722252665823697,NA,NA,36.82340833,-116.0163889
"HPGRS AGCR 2022","Lee1",0.710426675329671,NA,NA,36.82340833,-116.0163889
"HardwareRanch 2022","Lee1",0.692645582033039,NA,NA,36.82340833,-116.0163889
"K1_vanDiepen 2022","Lee1",0.64356438226397,NA,NA,36.82340833,-116.0163889
"L1_vanDiepen 2022","Lee1",0.688465552165701,NA,NA,36.82340833,-116.0163889
"MPG_IR 2021","Lee1",0.671521037372144,NA,NA,36.82340833,-116.0163889
"MPG_SR 2021","Lee1",0.674900654784301,NA,NA,36.82340833,-116.0163889
"MPG_TH 2021","Lee1",0.673558742838479,NA,NA,36.82340833,-116.0163889
"NEAR 4WAY CPER 2022","Lee1",0.739543563721222,NA,NA,36.82340833,-116.0163889
"NEAR HQ CPER 2022","Lee1",0.734381710424317,NA,NA,36.82340833,-116.0163889
"NEAR NUTNET 2022","Lee1",0.736719226717554,NA,NA,36.82340833,-116.0163889
"OttS1 2022","Lee1",0.723744281737635,NA,NA,36.82340833,-116.0163889
"PMR- Brome 2021","Lee1",0.713766816156203,NA,NA,36.82340833,-116.0163889
"Pearlwise 2024","Lee1",0.762704932297688,NA,NA,36.82340833,-116.0163889
"Peavine 2022","Lee1",0.787066079133418,NA,NA,36.82340833,-116.0163889
"Plymouth 2022","Lee1",0.82020540234002,NA,NA,36.82340833,-116.0163889
"RedBluff 2023","Lee1",0.699782087160658,NA,NA,36.82340833,-116.0163889
"Rush_Valley 2022","Lee1",0.768058450309962,NA,NA,36.82340833,-116.0163889
"SSHQ 2022","Lee1",0.674950972152603,NA,NA,36.82340833,-116.0163889
"SSHigh 2022","Lee1",0.649769712337,NA,NA,36.82340833,-116.0163889
"SouthEden 2022","Lee1",0.675657964569688,NA,NA,36.82340833,-116.0163889
"Symstad1 2021","Lee1",0.701248739493156,NA,NA,36.82340833,-116.0163889
"Symstad2 2022","Lee1",0.703419856503682,NA,NA,36.82340833,-116.0163889
"TB FIRE 2022","Lee1",0.732668343470658,NA,NA,36.82340833,-116.0163889
"TB LC Control 2022","Lee1",0.733484822281961,NA,NA,36.82340833,-116.0163889
"TB PRAIRIE DOG 2022","Lee1",0.733192479662658,NA,NA,36.82340833,-116.0163889
"Woodruff 2022","Lee1",0.681396149569454,NA,NA,36.82340833,-116.0163889
"dino 2024","Lee1",0.725117836645076,NA,NA,36.82340833,-116.0163889
"AAFC4","Lee2",0.609234791220709,50.08,-120.65,35.3984,-115.7845
"AAFC5","Lee2",0.626518999385053,50.09,-120.45,35.3984,-115.7845
"AAFC6","Lee2",0.605878257890895,50.09,-120.75,35.3984,-115.7845
"AAFC8","Lee2",0.625409956866337,49.57,-120.55,35.3984,-115.7845
"AAFC9","Lee2",0.621550011894172,49.62,-119.8,35.3984,-115.7845
"AAFC10","Lee2",0.621674574760995,49.71,-120.05,35.3984,-115.7845
"Adler5","Lee2",0.631210762354952,40.79,-111.87,35.3984,-115.7845
"Schupp2","Lee2",0.613145894433911,40.2,-112.46,35.3984,-115.7845
"Schupp1","Lee2",0.615350631269485,39.85,-112.15,35.3984,-115.7845
"Adler13","Lee2",0.61498195884597,41.44,-111.08,35.3984,-115.7845
"Adler16","Lee2",0.606026588376589,41.78,-110.2,35.3984,-115.7845
"Adler17","Lee2",0.606201141565427,41.44,-110.11,35.3984,-115.7845
"Adler18","Lee2",0.616459639631569,40.86,-114.22,35.3984,-115.7845
"Barnett1","Lee2",0.609656116589137,43.48,-110.74,35.3984,-115.7845
"Baughman3","Lee2",0.623064990988354,42.81,-118.96,35.3984,-115.7845
"Baughman2","Lee2",0.635928434879991,43.05,-118.87,35.3984,-115.7845
"Chynoweth1","Lee2",0.611679680548166,39.76604,-109.5635,35.3984,-115.7845
"Board1","Lee2",0.603274743637126,38.84,-117.57,35.3984,-115.7845
"Bradford1","Lee2",0.602926275026523,35.23,-111.62,35.3984,-115.7845
"Chambers1","Lee2",0.9316417269347,39.55,-119.58,35.3984,-115.7845
"Chambers2","Lee2",0.790621832436057,39.95,-118.76,35.3984,-115.7845
"Urza1","Lee2",0.790868307052386,40.35,-119.34,35.3984,-115.7845
"Chambers4","Lee2",0.7911222174476,41.31,-117.63,35.3984,-115.7845
"Chambers5","Lee2",0.786251041865356,41.54,-117.75,35.3984,-115.7845
"Chambers6","Lee2",0.786449651013165,41.54,-117.78,35.3984,-115.7845
"Chambers7","Lee2",0.632088283871108,43.94,-116.19,35.3984,-115.7845
"Chambers8","Lee2",0.605005499669439,42.24,-114.57,35.3984,-115.7845
"Chambers9","Lee2",0.611757203939805,40.66,-116.73,35.3984,-115.7845
"Copeland1","Lee2",0.611743015631852,43.7,-117.33,35.3984,-115.7845
"Copeland5","Lee2",0.617690217305298,42.27,-118.71,35.3984,-115.7845
"Copeland9","Lee2",0.606164702609512,43.47,-119.68,35.3984,-115.7845
"Downs1","Lee2",0.598388950324995,46.38145,-119.430272,35.3984,-115.7845
"Downs2","Lee2",0.6380749136314,46.25045,-119.53334,35.3984,-115.7845
"Downs3","Lee2",0.63950723895676,45.9663,-120.3671,35.3984,-115.7845
"Fleishman1","Lee2",0.620115586693679,38.47,-119.49,35.3984,-115.7845
"Fleishman5","Lee2",0.604901553499756,39.12,-117.27,35.3984,-115.7845
"Fleishman7","Lee2",0.606065402118371,39.17,-117.44,35.3984,-115.7845
"Getts1","Lee2",0.649165765447143,41.17,-120.5,35.3984,-115.7845
"Getts3","Lee2",0.613563303241032,40.43,-120.67,35.3984,-115.7845
"Holdrege1","Lee2",0.609431770341344,41.61,-111.57,35.3984,-115.7845
"Hufft1","Lee2",0.600550865843125,38.6701,-108.3286,35.3984,-115.7845
"Lavin1","Lee2",0.619291392873591,44.68,-109.07,35.3984,-115.7845
"Lavin2","Lee2",0.622865682947461,45.67,-111.03,35.3984,-115.7845
"Lee1","Lee2",0.791129250384763,36.82340833,-116.0163889,35.3984,-115.7845
"Lee2","Lee2",1,35.3984,-115.7845,35.3984,-115.7845
"Lee3","Lee2",0.791157220174267,36.5247,-115.8987,35.3984,-115.7845
"Lee4","Lee2",0.66630082136045,35.4564,-115.52,35.3984,-115.7845
"Leger1","Lee2",0.637841999043067,39.49,-119.84,35.3984,-115.7845
"Maron1","Lee2",0.612052583091862,46.68,-114.03,35.3984,-115.7845
"Maron2","Lee2",0.605979780883946,46.64,-113.23,35.3984,-115.7845
"Porensky30","Lee2",0.615741600384365,40.63,-105.27,35.3984,-115.7845
"Pyke3","Lee2",0.62439680479697,44.60456358,-120.1924183,35.3984,-115.7845
"Pyke8","Lee2",0.598947303731816,46.74830998,-119.361636,35.3984,-115.7845
"Pyke21","Lee2",0.610274084860023,47.61803776,-119.6830115,35.3984,-115.7845
"Pyle1","Lee2",0.660421610891086,42.35,-118.65,35.3984,-115.7845
"Pyle9","Lee2",0.606022405020147,43.42,-119.62,35.3984,-115.7845
"Pyle10","Lee2",0.604986348095398,43.19,-120,35.3984,-115.7845
"Pyle15","Lee2",0.623820413880063,43.8,-119,35.3984,-115.7845
"Pyle17","Lee2",0.6206851553847,44.36,-118.93,35.3984,-115.7845
"Pyle19","Lee2",0.591097565870259,44.57,-119.65,35.3984,-115.7845
"Reed1","Lee2",0.611825872498773,38.52,-109.47,35.3984,-115.7845
"Reed3","Lee2",0.601063671820913,38.75,-109.79,35.3984,-115.7845
"Schupp3","Lee2",0.612813653436076,38.6,-113.79,35.3984,-115.7845
"Schupp4","Lee2",0.611642212055186,38.52,-113.55,35.3984,-115.7845
"Schupp5","Lee2",0.613039396617612,39.11,-112.74,35.3984,-115.7845
"Symstad1","Lee2",0.615898272103255,44.59,-104.71,35.3984,-115.7845
"Symstad2","Lee2",0.598013795230839,43.87,-103.46,35.3984,-115.7845
"Symstad3","Lee2",0.622175959041498,43.62,-103.47,35.3984,-115.7845
"Urza2","Lee2",0.625114807113377,40.84,-119.56,35.3984,-115.7845
"Wilcox2","Lee2",0.595672258280767,41.31,-105.66,35.3984,-115.7845
"Chynoweth2","Lee2",0.605208740648945,40.29092,-109.68361,35.3984,-115.7845
"Chynoweth3","Lee2",0.595858746844264,39.83576,-109.61202,35.3984,-115.7845
"Chynoweth5","Lee2",0.621206146056381,40.480805,-109.438229,35.3984,-115.7845
"Chynoweth7","Lee2",0.611977169907486,40.533605,-109.523564,35.3984,-115.7845
"Chynoweth8","Lee2",0.604861179016248,40.640878,-109.48689,35.3984,-115.7845
"Shriver2","Lee2",0.609600567656486,48,-114.04,35.3984,-115.7845
"Davies03","Lee2",0.603170248756948,42.68,-118.68,35.3984,-115.7845
"GerminoBOP1","Lee2",0.615795325670327,43.4720833,-116.2338306,35.3984,-115.7845
"Mancillas01","Lee2",0.595381962677324,32.368,-106.56,35.3984,-115.7845
"Boise_High 2022","Lee2",0.735478401618857,NA,NA,35.3984,-115.7845
"Boise_Low 2022","Lee2",0.810182879472704,NA,NA,35.3984,-115.7845
"CG PASTURE 2022","Lee2",0.698904724812404,NA,NA,35.3984,-115.7845
"CaseAoyamaS1 2022","Lee2",0.748013173315489,NA,NA,35.3984,-115.7845
"CastValley 2021","Lee2",0.779892998182559,NA,NA,35.3984,-115.7845
"EOARC 2022","Lee2",0.744436196911414,NA,NA,35.3984,-115.7845
"EnsingS1 SuRDC 2022","Lee2",0.706901255777808,NA,NA,35.3984,-115.7845
"EnsingS2 Summerland-Princeton 2022","Lee2",0.720446674927441,NA,NA,35.3984,-115.7845
"EnsingS3 Bear Creek 2022","Lee2",0.762478210110526,NA,NA,35.3984,-115.7845
"EnsingS4 Lundbom 2022","Lee2",0.656941000627039,NA,NA,35.3984,-115.7845
"FAR NORTH CPER 2022","Lee2",0.724780196497205,NA,NA,35.3984,-115.7845
"FtK_Cottonwood_Coulee 2021","Lee2",0.70744411320849,NA,NA,35.3984,-115.7845
"FtK_Lone_Pine 2021","Lee2",0.710362006900496,NA,NA,35.3984,-115.7845
"GoeblS1 2024","Lee2",0.768815992673345,NA,NA,35.3984,-115.7845
"GreenCanyon 2021","Lee2",0.71032846343761,NA,NA,35.3984,-115.7845
"HPGRS AGCR 2022","Lee2",0.702309442869848,NA,NA,35.3984,-115.7845
"HardwareRanch 2022","Lee2",0.683577944005323,NA,NA,35.3984,-115.7845
"K1_vanDiepen 2022","Lee2",0.633500176235043,NA,NA,35.3984,-115.7845
"L1_vanDiepen 2022","Lee2",0.67679987664406,NA,NA,35.3984,-115.7845
"MPG_IR 2021","Lee2",0.661802286260666,NA,NA,35.3984,-115.7845
"MPG_SR 2021","Lee2",0.664915388735342,NA,NA,35.3984,-115.7845
"MPG_TH 2021","Lee2",0.663614823502327,NA,NA,35.3984,-115.7845
"NEAR 4WAY CPER 2022","Lee2",0.7282706363872,NA,NA,35.3984,-115.7845
"NEAR HQ CPER 2022","Lee2",0.723601460267212,NA,NA,35.3984,-115.7845
"NEAR NUTNET 2022","Lee2",0.725760765632725,NA,NA,35.3984,-115.7845
"OttS1 2022","Lee2",0.712311034887496,NA,NA,35.3984,-115.7845
"PMR- Brome 2021","Lee2",0.704272854565055,NA,NA,35.3984,-115.7845
"Pearlwise 2024","Lee2",0.751193290545616,NA,NA,35.3984,-115.7845
"Peavine 2022","Lee2",0.771034414197844,NA,NA,35.3984,-115.7845
"Plymouth 2022","Lee2",0.793812073981304,NA,NA,35.3984,-115.7845
"RedBluff 2023","Lee2",0.687834401620213,NA,NA,35.3984,-115.7845
"Rush_Valley 2022","Lee2",0.751559612780035,NA,NA,35.3984,-115.7845
"SSHQ 2022","Lee2",0.66591111016392,NA,NA,35.3984,-115.7845
"SSHigh 2022","Lee2",0.642896211969928,NA,NA,35.3984,-115.7845
"SouthEden 2022","Lee2",0.665633574603721,NA,NA,35.3984,-115.7845
"Symstad1 2021","Lee2",0.691023358753742,NA,NA,35.3984,-115.7845
"Symstad2 2022","Lee2",0.692958815524285,NA,NA,35.3984,-115.7845
"TB FIRE 2022","Lee2",0.719437049153124,NA,NA,35.3984,-115.7845
"TB LC Control 2022","Lee2",0.720114097106787,NA,NA,35.3984,-115.7845
"TB PRAIRIE DOG 2022","Lee2",0.719860741802338,NA,NA,35.3984,-115.7845
"Woodruff 2022","Lee2",0.668991462621553,NA,NA,35.3984,-115.7845
"dino 2024","Lee2",0.712251912365935,NA,NA,35.3984,-115.7845
"AAFC4","Lee3",0.61644002807473,50.08,-120.65,36.5247,-115.8987
"AAFC5","Lee3",0.634618142690577,50.09,-120.45,36.5247,-115.8987
"AAFC6","Lee3",0.612800419183493,50.09,-120.75,36.5247,-115.8987
"AAFC8","Lee3",0.633699639212505,49.57,-120.55,36.5247,-115.8987
"AAFC9","Lee3",0.629511401145378,49.62,-119.8,36.5247,-115.8987
"AAFC10","Lee3",0.629620669005306,49.71,-120.05,36.5247,-115.8987
"Adler5","Lee3",0.638465083547697,40.79,-111.87,36.5247,-115.8987
"Schupp2","Lee3",0.621056354173205,40.2,-112.46,36.5247,-115.8987
"Schupp1","Lee3",0.623079449205611,39.85,-112.15,36.5247,-115.8987
"Adler13","Lee3",0.622513423427764,41.44,-111.08,36.5247,-115.8987
"Adler16","Lee3",0.613362654578371,41.78,-110.2,36.5247,-115.8987
"Adler17","Lee3",0.613531799979894,41.44,-110.11,36.5247,-115.8987
"Adler18","Lee3",0.624740814670432,40.86,-114.22,36.5247,-115.8987
"Barnett1","Lee3",0.61786710729812,43.48,-110.74,36.5247,-115.8987
"Baughman3","Lee3",0.630679305786091,42.81,-118.96,36.5247,-115.8987
"Baughman2","Lee3",0.643107305288962,43.05,-118.87,36.5247,-115.8987
"Chynoweth1","Lee3",0.619759562639037,39.76604,-109.5635,36.5247,-115.8987
"Board1","Lee3",0.610937846817589,38.84,-117.57,36.5247,-115.8987
"Bradford1","Lee3",0.610504578623855,35.23,-111.62,36.5247,-115.8987
"Chambers1","Lee3",0.87189649424215,39.55,-119.58,36.5247,-115.8987
"Chambers2","Lee3",0.999380540282671,39.95,-118.76,36.5247,-115.8987
"Urza1","Lee3",0.999379364330666,40.35,-119.34,36.5247,-115.8987
"Chambers4","Lee3",0.999538162212951,41.31,-117.63,36.5247,-115.8987
"Chambers5","Lee3",0.829355380300352,41.54,-117.75,36.5247,-115.8987
"Chambers6","Lee3",0.829894244761392,41.54,-117.78,36.5247,-115.8987
"Chambers7","Lee3",0.638837039955041,43.94,-116.19,36.5247,-115.8987
"Chambers8","Lee3",0.613368435662076,42.24,-114.57,36.5247,-115.8987
"Chambers9","Lee3",0.619884592401781,40.66,-116.73,36.5247,-115.8987
"Copeland1","Lee3",0.619868506617714,43.7,-117.33,36.5247,-115.8987
"Copeland5","Lee3",0.626111800093331,42.27,-118.71,36.5247,-115.8987
"Copeland9","Lee3",0.613518369445798,43.47,-119.68,36.5247,-115.8987
"Downs1","Lee3",0.606353887696199,46.38145,-119.430272,36.5247,-115.8987
"Downs2","Lee3",0.646474259044863,46.25045,-119.53334,36.5247,-115.8987
"Downs3","Lee3",0.64335549368804,45.9663,-120.3671,36.5247,-115.8987
"Fleishman1","Lee3",0.627205112480466,38.47,-119.49,36.5247,-115.8987
"Fleishman5","Lee3",0.613154578464791,39.12,-117.27,36.5247,-115.8987
"Fleishman7","Lee3",0.613541174747967,39.17,-117.44,36.5247,-115.8987
"Getts1","Lee3",0.655158333694602,41.17,-120.5,36.5247,-115.8987
"Getts3","Lee3",0.621391798646487,40.43,-120.67,36.5247,-115.8987
"Holdrege1","Lee3",0.617687890693353,41.61,-111.57,36.5247,-115.8987
"Hufft1","Lee3",0.607890167298556,38.6701,-108.3286,36.5247,-115.8987
"Lavin1","Lee3",0.62731851798236,44.68,-109.07,36.5247,-115.8987
"Lavin2","Lee3",0.630649866560464,45.67,-111.03,36.5247,-115.8987
"Lee1","Lee3",0.999515178116604,36.82340833,-116.0163889,36.5247,-115.8987
"Lee2","Lee3",0.791157220174267,35.3984,-115.7845,36.5247,-115.8987
"Lee3","Lee3",1,36.5247,-115.8987,36.5247,-115.8987
"Lee4","Lee3",0.669791073579833,35.4564,-115.52,36.5247,-115.8987
"Leger1","Lee3",0.644331946176605,39.49,-119.84,36.5247,-115.8987
"Maron1","Lee3",0.619737998121197,46.68,-114.03,36.5247,-115.8987
"Maron2","Lee3",0.613341979734687,46.64,-113.23,36.5247,-115.8987
"Porensky30","Lee3",0.623391639198844,40.63,-105.27,36.5247,-115.8987
"Pyke3","Lee3",0.632127303444478,44.60456358,-120.1924183,36.5247,-115.8987
"Pyke8","Lee3",0.60621892283473,46.74830998,-119.361636,36.5247,-115.8987
"Pyke21","Lee3",0.618413500206097,47.61803776,-119.6830115,36.5247,-115.8987
"Pyle1","Lee3",0.669796054740981,42.35,-118.65,36.5247,-115.8987
"Pyle9","Lee3",0.613328776560087,43.42,-119.62,36.5247,-115.8987
"Pyle10","Lee3",0.61322624842519,43.19,-120,36.5247,-115.8987
"Pyle15","Lee3",0.631735475488493,43.8,-119,36.5247,-115.8987
"Pyle17","Lee3",0.628923452493453,44.36,-118.93,36.5247,-115.8987
"Pyle19","Lee3",0.598819698738066,44.57,-119.65,36.5247,-115.8987
"Reed1","Lee3",0.619495998492056,38.52,-109.47,36.5247,-115.8987
"Reed3","Lee3",0.60887482926047,38.75,-109.79,36.5247,-115.8987
"Schupp3","Lee3",0.62005200673239,38.6,-113.79,36.5247,-115.8987
"Schupp4","Lee3",0.619771706401626,38.52,-113.55,36.5247,-115.8987
"Schupp5","Lee3",0.620824179135738,39.11,-112.74,36.5247,-115.8987
"Symstad1","Lee3",0.622915159221021,44.59,-104.71,36.5247,-115.8987
"Symstad2","Lee3",0.606000912885874,43.87,-103.46,36.5247,-115.8987
"Symstad3","Lee3",0.629447328182308,43.62,-103.47,36.5247,-115.8987
"Urza2","Lee3",0.632915214174438,40.84,-119.56,36.5247,-115.8987
"Wilcox2","Lee3",0.60333231188959,41.31,-105.66,36.5247,-115.8987
"Chynoweth2","Lee3",0.613434276456951,40.29092,-109.68361,36.5247,-115.8987
"Chynoweth3","Lee3",0.603519753401221,39.83576,-109.61202,36.5247,-115.8987
"Chynoweth5","Lee3",0.629736161333665,40.480805,-109.438229,36.5247,-115.8987
"Chynoweth7","Lee3",0.620103452494581,40.533605,-109.523564,36.5247,-115.8987
"Chynoweth8","Lee3",0.613127471985807,40.640878,-109.48689,36.5247,-115.8987
"Shriver2","Lee3",0.617820273934151,48,-114.04,36.5247,-115.8987
"Davies03","Lee3",0.61075260136666,42.68,-118.68,36.5247,-115.8987
"GerminoBOP1","Lee3",0.624426920871416,43.4720833,-116.2338306,36.5247,-115.8987
"Mancillas01","Lee3",0.603242015136611,32.368,-106.56,36.5247,-115.8987
"Boise_High 2022","Lee3",0.746739830416756,NA,NA,36.5247,-115.8987
"Boise_Low 2022","Lee3",0.832444782584174,NA,NA,36.5247,-115.8987
"CG PASTURE 2022","Lee3",0.706503083025978,NA,NA,36.5247,-115.8987
"CaseAoyamaS1 2022","Lee3",0.765686414408327,NA,NA,36.5247,-115.8987
"CastValley 2021","Lee3",0.794983449963745,NA,NA,36.5247,-115.8987
"EOARC 2022","Lee3",0.761206315210606,NA,NA,36.5247,-115.8987
"EnsingS1 SuRDC 2022","Lee3",0.71117203950774,NA,NA,36.5247,-115.8987
"EnsingS2 Summerland-Princeton 2022","Lee3",0.732225915008906,NA,NA,36.5247,-115.8987
"EnsingS3 Bear Creek 2022","Lee3",0.77462005059334,NA,NA,36.5247,-115.8987
"EnsingS4 Lundbom 2022","Lee3",0.670287552696644,NA,NA,36.5247,-115.8987
"FAR NORTH CPER 2022","Lee3",0.735346843497385,NA,NA,36.5247,-115.8987
"FtK_Cottonwood_Coulee 2021","Lee3",0.72085388079582,NA,NA,36.5247,-115.8987
"FtK_Lone_Pine 2021","Lee3",0.724220002291552,NA,NA,36.5247,-115.8987
"GoeblS1 2024","Lee3",0.789494443109426,NA,NA,36.5247,-115.8987
"GreenCanyon 2021","Lee3",0.722101222023786,NA,NA,36.5247,-115.8987
"HPGRS AGCR 2022","Lee3",0.710270617707872,NA,NA,36.5247,-115.8987
"HardwareRanch 2022","Lee3",0.692500314212577,NA,NA,36.5247,-115.8987
"K1_vanDiepen 2022","Lee3",0.643413649009727,NA,NA,36.5247,-115.8987
"L1_vanDiepen 2022","Lee3",0.688297930764855,NA,NA,36.5247,-115.8987
"MPG_IR 2021","Lee3",0.671367755694544,NA,NA,36.5247,-115.8987
"MPG_SR 2021","Lee3",0.674745764902265,NA,NA,36.5247,-115.8987
"MPG_TH 2021","Lee3",0.673404500895507,NA,NA,36.5247,-115.8987
"NEAR 4WAY CPER 2022","Lee3",0.73937668645331,NA,NA,36.5247,-115.8987
"NEAR HQ CPER 2022","Lee3",0.734217451051626,NA,NA,36.5247,-115.8987
"NEAR NUTNET 2022","Lee3",0.736553592162904,NA,NA,36.5247,-115.8987
"OttS1 2022","Lee3",0.723580639320975,NA,NA,36.5247,-115.8987
"PMR- Brome 2021","Lee3",0.713629961934667,NA,NA,36.5247,-115.8987
"Pearlwise 2024","Lee3",0.762579961650193,NA,NA,36.5247,-115.8987
"Peavine 2022","Lee3",0.786988449466862,NA,NA,36.5247,-115.8987
"Plymouth 2022","Lee3",0.820114400742809,NA,NA,36.5247,-115.8987
"RedBluff 2023","Lee3",0.699631010411101,NA,NA,36.5247,-115.8987
"Rush_Valley 2022","Lee3",0.767907101694321,NA,NA,36.5247,-115.8987
"SSHQ 2022","Lee3",0.674777302131744,NA,NA,36.5247,-115.8987
"SSHigh 2022","Lee3",0.649609020836547,NA,NA,36.5247,-115.8987
"SouthEden 2022","Lee3",0.675501391778625,NA,NA,36.5247,-115.8987
"Symstad1 2021","Lee3",0.701079989854474,NA,NA,36.5247,-115.8987
"Symstad2 2022","Lee3",0.703249770094991,NA,NA,36.5247,-115.8987
"TB FIRE 2022","Lee3",0.732495999075616,NA,NA,36.5247,-115.8987
"TB LC Control 2022","Lee3",0.733311805934763,NA,NA,36.5247,-115.8987
"TB PRAIRIE DOG 2022","Lee3",0.733019665681807,NA,NA,36.5247,-115.8987
"Woodruff 2022","Lee3",0.681226963681994,NA,NA,36.5247,-115.8987
"dino 2024","Lee3",0.724925696953854,NA,NA,36.5247,-115.8987
"AAFC4","Lee4",0.612792695962718,50.08,-120.65,35.4564,-115.52
"AAFC5","Lee4",0.630989643925818,50.09,-120.45,35.4564,-115.52
"AAFC6","Lee4",0.608729597127317,50.09,-120.75,35.4564,-115.52
"AAFC8","Lee4",0.626630761732511,49.57,-120.55,35.4564,-115.52
"AAFC9","Lee4",0.625017471696019,49.62,-119.8,35.4564,-115.52
"AAFC10","Lee4",0.625132537847386,49.71,-120.05,35.4564,-115.52
"Adler5","Lee4",0.638146691885519,40.79,-111.87,35.4564,-115.52
"Schupp2","Lee4",0.613876326637323,40.2,-112.46,35.4564,-115.52
"Schupp1","Lee4",0.617237473564842,39.85,-112.15,35.4564,-115.52
"Adler13","Lee4",0.620697659789937,41.44,-111.08,35.4564,-115.52
"Adler16","Lee4",0.609148326369931,41.78,-110.2,35.4564,-115.52
"Adler17","Lee4",0.609242180303248,41.44,-110.11,35.4564,-115.52
"Adler18","Lee4",0.623606287117297,40.86,-114.22,35.4564,-115.52
"Barnett1","Lee4",0.614722541167177,43.48,-110.74,35.4564,-115.52
"Baughman3","Lee4",0.627341318492893,42.81,-118.96,35.4564,-115.52
"Baughman2","Lee4",0.63596315472253,43.05,-118.87,35.4564,-115.52
"Chynoweth1","Lee4",0.61463076173177,39.76604,-109.5635,35.4564,-115.52
"Board1","Lee4",0.610966907042365,38.84,-117.57,35.4564,-115.52
"Bradford1","Lee4",0.61058399507882,35.23,-111.62,35.4564,-115.52
"Chambers1","Lee4",0.679201450696308,39.55,-119.58,35.4564,-115.52
"Chambers2","Lee4",0.66990566915334,39.95,-118.76,35.4564,-115.52
"Urza1","Lee4",0.670063965616107,40.35,-119.34,35.4564,-115.52
"Chambers4","Lee4",0.669976988973868,41.31,-117.63,35.4564,-115.52
"Chambers5","Lee4",0.66678315228831,41.54,-117.75,35.4564,-115.52
"Chambers6","Lee4",0.666905197178417,41.54,-117.78,35.4564,-115.52
"Chambers7","Lee4",0.636771069077816,43.94,-116.19,35.4564,-115.52
"Chambers8","Lee4",0.607883921210555,42.24,-114.57,35.4564,-115.52
"Chambers9","Lee4",0.614736989053071,40.66,-116.73,35.4564,-115.52
"Copeland1","Lee4",0.614714879631345,43.7,-117.33,35.4564,-115.52
"Copeland5","Lee4",0.624406088547663,42.27,-118.71,35.4564,-115.52
"Copeland9","Lee4",0.609245747675011,43.47,-119.68,35.4564,-115.52
"Downs1","Lee4",0.598277108544714,46.38145,-119.430272,35.4564,-115.52
"Downs2","Lee4",0.634056271262228,46.25045,-119.53334,35.4564,-115.52
"Downs3","Lee4",0.74876687334571,45.9663,-120.3671,35.4564,-115.52
"Fleishman1","Lee4",0.62229719652371,38.47,-119.49,35.4564,-115.52
"Fleishman5","Lee4",0.606752123756995,39.12,-117.27,35.4564,-115.52
"Fleishman7","Lee4",0.612116490704105,39.17,-117.44,35.4564,-115.52
"Getts1","Lee4",0.705093399253845,41.17,-120.5,35.4564,-115.52
"Getts3","Lee4",0.619466751051291,40.43,-120.67,35.4564,-115.52
"Holdrege1","Lee4",0.614523199962959,41.61,-111.57,35.4564,-115.52
"Hufft1","Lee4",0.601214557324865,38.6701,-108.3286,35.4564,-115.52
"Lavin1","Lee4",0.622402056573242,44.68,-109.07,35.4564,-115.52
"Lavin2","Lee4",0.627094441990367,45.67,-111.03,35.4564,-115.52
"Lee1","Lee4",0.669850857453164,36.82340833,-116.0163889,35.4564,-115.52
"Lee2","Lee4",0.66630082136045,35.3984,-115.7845,35.4564,-115.52
"Lee3","Lee4",0.669791073579833,36.5247,-115.8987,35.4564,-115.52
"Lee4","Lee4",0.999999999999998,35.4564,-115.52,35.4564,-115.52
"Leger1","Lee4",0.724319277075657,39.49,-119.84,35.4564,-115.52
"Maron1","Lee4",0.618840205179251,46.68,-114.03,35.4564,-115.52
"Maron2","Lee4",0.60905228353198,46.64,-113.23,35.4564,-115.52
"Porensky30","Lee4",0.61846379410353,40.63,-105.27,35.4564,-115.52
"Pyke3","Lee4",0.628052387935664,44.60456358,-120.1924183,35.4564,-115.52
"Pyke8","Lee4",0.600817856751123,46.74830998,-119.361636,35.4564,-115.52
"Pyke21","Lee4",0.615783600056012,47.61803776,-119.6830115,35.4564,-115.52
"Pyle1","Lee4",0.664986455863987,42.35,-118.65,35.4564,-115.52
"Pyle9","Lee4",0.609064847445083,43.42,-119.62,35.4564,-115.52
"Pyle10","Lee4",0.60687590543534,43.19,-120,35.4564,-115.52
"Pyle15","Lee4",0.626127214520663,43.8,-119,35.4564,-115.52
"Pyle17","Lee4",0.625731527282666,44.36,-118.93,35.4564,-115.52
"Pyle19","Lee4",0.59441594029397,44.57,-119.65,35.4564,-115.52
"Reed1","Lee4",0.615709045562766,38.52,-109.47,35.4564,-115.52
"Reed3","Lee4",0.604109485177307,38.75,-109.79,35.4564,-115.52
"Schupp3","Lee4",0.614039927466401,38.6,-113.79,35.4564,-115.52
"Schupp4","Lee4",0.614598147623005,38.52,-113.55,35.4564,-115.52
"Schupp5","Lee4",0.615500885212233,39.11,-112.74,35.4564,-115.52
"Symstad1","Lee4",0.617709379250298,44.59,-104.71,35.4564,-115.52
"Symstad2","Lee4",0.603001962472955,43.87,-103.46,35.4564,-115.52
"Symstad3","Lee4",0.624430668713403,43.62,-103.47,35.4564,-115.52
"Urza2","Lee4",0.628761519607372,40.84,-119.56,35.4564,-115.52
"Wilcox2","Lee4",0.598726373474495,41.31,-105.66,35.4564,-115.52
"Chynoweth2","Lee4",0.607080171871914,40.29092,-109.68361,35.4564,-115.52
"Chynoweth3","Lee4",0.598897080763143,39.83576,-109.61202,35.4564,-115.52
"Chynoweth5","Lee4",0.62376215046293,40.480805,-109.438229,35.4564,-115.52
"Chynoweth7","Lee4",0.614974213631271,40.533605,-109.523564,35.4564,-115.52
"Chynoweth8","Lee4",0.606737418297865,40.640878,-109.48689,35.4564,-115.52
"Shriver2","Lee4",0.61469172570306,48,-114.04,35.4564,-115.52
"Davies03","Lee4",0.610751224016816,42.68,-118.68,35.4564,-115.52
"GerminoBOP1","Lee4",0.61730846303459,43.4720833,-116.2338306,35.4564,-115.52
"Mancillas01","Lee4",0.598537793088983,32.368,-106.56,35.4564,-115.52
"Boise_High 2022","Lee4",0.746074145912601,NA,NA,35.4564,-115.52
"Boise_Low 2022","Lee4",0.753841486907579,NA,NA,35.4564,-115.52
"CG PASTURE 2022","Lee4",0.702918009490679,NA,NA,35.4564,-115.52
"CaseAoyamaS1 2022","Lee4",0.742482503119476,NA,NA,35.4564,-115.52
"CastValley 2021","Lee4",0.722487885632595,NA,NA,35.4564,-115.52
"EOARC 2022","Lee4",0.742044774464745,NA,NA,35.4564,-115.52
"EnsingS1 SuRDC 2022","Lee4",0.710897460491993,NA,NA,35.4564,-115.52
"EnsingS2 Summerland-Princeton 2022","Lee4",0.715592410782244,NA,NA,35.4564,-115.52
"EnsingS3 Bear Creek 2022","Lee4",0.735416650145957,NA,NA,35.4564,-115.52
"EnsingS4 Lundbom 2022","Lee4",0.675135715060433,NA,NA,35.4564,-115.52
"FAR NORTH CPER 2022","Lee4",0.716361293927048,NA,NA,35.4564,-115.52
"FtK_Cottonwood_Coulee 2021","Lee4",0.698213778069205,NA,NA,35.4564,-115.52
"FtK_Lone_Pine 2021","Lee4",0.699564490944037,NA,NA,35.4564,-115.52
"GoeblS1 2024","Lee4",0.730750304082968,NA,NA,35.4564,-115.52
"GreenCanyon 2021","Lee4",0.716269974845587,NA,NA,35.4564,-115.52
"HPGRS AGCR 2022","Lee4",0.704339916168457,NA,NA,35.4564,-115.52
"HardwareRanch 2022","Lee4",0.708183704253995,NA,NA,35.4564,-115.52
"K1_vanDiepen 2022","Lee4",0.668438357491923,NA,NA,35.4564,-115.52
"L1_vanDiepen 2022","Lee4",0.691240973340105,NA,NA,35.4564,-115.52
"MPG_IR 2021","Lee4",0.678091872916618,NA,NA,35.4564,-115.52
"MPG_SR 2021","Lee4",0.679349815881828,NA,NA,35.4564,-115.52
"MPG_TH 2021","Lee4",0.678562019472506,NA,NA,35.4564,-115.52
"NEAR 4WAY CPER 2022","Lee4",0.717204211299957,NA,NA,35.4564,-115.52
"NEAR HQ CPER 2022","Lee4",0.715913937735069,NA,NA,35.4564,-115.52
"NEAR NUTNET 2022","Lee4",0.716480219750028,NA,NA,35.4564,-115.52
"OttS1 2022","Lee4",0.703031517839588,NA,NA,35.4564,-115.52
"PMR- Brome 2021","Lee4",0.709424025508656,NA,NA,35.4564,-115.52
"Pearlwise 2024","Lee4",0.751387407457693,NA,NA,35.4564,-115.52
"Peavine 2022","Lee4",0.771084421713033,NA,NA,35.4564,-115.52
"Plymouth 2022","Lee4",0.771371154606923,NA,NA,35.4564,-115.52
"RedBluff 2023","Lee4",0.69421153423821,NA,NA,35.4564,-115.52
"Rush_Valley 2022","Lee4",0.733159525848072,NA,NA,35.4564,-115.52
"SSHQ 2022","Lee4",0.681318077251878,NA,NA,35.4564,-115.52
"SSHigh 2022","Lee4",0.671705879000082,NA,NA,35.4564,-115.52
"SouthEden 2022","Lee4",0.692208951840873,NA,NA,35.4564,-115.52
"Symstad1 2021","Lee4",0.69063833267207,NA,NA,35.4564,-115.52
"Symstad2 2022","Lee4",0.691532054919675,NA,NA,35.4564,-115.52
"TB FIRE 2022","Lee4",0.711503254281259,NA,NA,35.4564,-115.52
"TB LC Control 2022","Lee4",0.71171887806831,NA,NA,35.4564,-115.52
"TB PRAIRIE DOG 2022","Lee4",0.711701470328137,NA,NA,35.4564,-115.52
"Woodruff 2022","Lee4",0.685100264360326,NA,NA,35.4564,-115.52
"dino 2024","Lee4",0.694696479606634,NA,NA,35.4564,-115.52
"AAFC4","Leger1",0.630044773104711,50.08,-120.65,39.49,-119.84
"AAFC5","Leger1",0.652335907661453,50.09,-120.45,39.49,-119.84
"AAFC6","Leger1",0.622385297234089,50.09,-120.75,39.49,-119.84
"AAFC8","Leger1",0.64379136583137,49.57,-120.55,39.49,-119.84
"AAFC9","Leger1",0.649067934193616,49.62,-119.8,39.49,-119.84
"AAFC10","Leger1",0.649272172500312,49.71,-120.05,39.49,-119.84
"Adler5","Leger1",0.674792207140229,40.79,-111.87,39.49,-119.84
"Schupp2","Leger1",0.6269458254395,40.2,-112.46,39.49,-119.84
"Schupp1","Leger1",0.629533764109416,39.85,-112.15,39.49,-119.84
"Adler13","Leger1",0.626280185085943,41.44,-111.08,39.49,-119.84
"Adler16","Leger1",0.628178397417316,41.78,-110.2,39.49,-119.84
"Adler17","Leger1",0.628243632380848,41.44,-110.11,39.49,-119.84
"Adler18","Leger1",0.664187813575377,40.86,-114.22,39.49,-119.84
"Barnett1","Leger1",0.665923748078931,43.48,-110.74,39.49,-119.84
"Baughman3","Leger1",0.639287232707666,42.81,-118.96,39.49,-119.84
"Baughman2","Leger1",0.650158711928429,43.05,-118.87,39.49,-119.84
"Chynoweth1","Leger1",0.623580450662652,39.76604,-109.5635,39.49,-119.84
"Board1","Leger1",0.679665597605253,38.84,-117.57,39.49,-119.84
"Bradford1","Leger1",0.679240400996382,35.23,-111.62,39.49,-119.84
"Chambers1","Leger1",0.652105574530541,39.55,-119.58,39.49,-119.84
"Chambers2","Leger1",0.644439840243197,39.95,-118.76,39.49,-119.84
"Urza1","Leger1",0.644645661275976,40.35,-119.34,39.49,-119.84
"Chambers4","Leger1",0.644450316946842,41.31,-117.63,39.49,-119.84
"Chambers5","Leger1",0.641082361745653,41.54,-117.75,39.49,-119.84
"Chambers6","Leger1",0.641047146998698,41.54,-117.78,39.49,-119.84
"Chambers7","Leger1",0.648927731133702,43.94,-116.19,39.49,-119.84
"Chambers8","Leger1",0.650105497978671,42.24,-114.57,39.49,-119.84
"Chambers9","Leger1",0.623648527895651,40.66,-116.73,39.49,-119.84
"Copeland1","Leger1",0.623667714192279,43.7,-117.33,39.49,-119.84
"Copeland5","Leger1",0.683798834638322,42.27,-118.71,39.49,-119.84
"Copeland9","Leger1",0.628267040537502,43.47,-119.68,39.49,-119.84
"Downs1","Leger1",0.622638578107013,46.38145,-119.430272,39.49,-119.84
"Downs2","Leger1",0.676013923851741,46.25045,-119.53334,39.49,-119.84
"Downs3","Leger1",0.673672522701289,45.9663,-120.3671,39.49,-119.84
"Fleishman1","Leger1",0.642373565629927,38.47,-119.49,39.49,-119.84
"Fleishman5","Leger1",0.613991783451521,39.12,-117.27,39.49,-119.84
"Fleishman7","Leger1",0.674233147348714,39.17,-117.44,39.49,-119.84
"Getts1","Leger1",0.719038483931641,41.17,-120.5,39.49,-119.84
"Getts3","Leger1",0.677611368453205,40.43,-120.67,39.49,-119.84
"Holdrege1","Leger1",0.665681106801471,41.61,-111.57,39.49,-119.84
"Hufft1","Leger1",0.613025725138046,38.6701,-108.3286,39.49,-119.84
"Lavin1","Leger1",0.634236758465378,44.68,-109.07,39.49,-119.84
"Lavin2","Leger1",0.661095082176176,45.67,-111.03,39.49,-119.84
"Lee1","Leger1",0.644481390941177,36.82340833,-116.0163889,39.49,-119.84
"Lee2","Leger1",0.637841999043067,35.3984,-115.7845,39.49,-119.84
"Lee3","Leger1",0.644331946176605,36.5247,-115.8987,39.49,-119.84
"Lee4","Leger1",0.724319277075657,35.4564,-115.52,39.49,-119.84
"Leger1","Leger1",1,39.49,-119.84,39.49,-119.84
"Maron1","Leger1",0.635395908722708,46.68,-114.03,39.49,-119.84
"Maron2","Leger1",0.628059503380177,46.64,-113.23,39.49,-119.84
"Porensky30","Leger1",0.644011760948805,40.63,-105.27,39.49,-119.84
"Pyke3","Leger1",0.669166558671784,44.60456358,-120.1924183,39.49,-119.84
"Pyke8","Leger1",0.605009510781469,46.74830998,-119.361636,39.49,-119.84
"Pyke21","Leger1",0.656121004376971,47.61803776,-119.6830115,39.49,-119.84
"Pyle1","Leger1",0.71185379935461,42.35,-118.65,39.49,-119.84
"Pyle9","Leger1",0.628065230092113,43.42,-119.62,39.49,-119.84
"Pyle10","Leger1",0.614142926584834,43.19,-120,39.49,-119.84
"Pyle15","Leger1",0.661048684978328,43.8,-119,39.49,-119.84
"Pyle17","Leger1",0.654044646707481,44.36,-118.93,39.49,-119.84
"Pyle19","Leger1",0.614727233344827,44.57,-119.65,39.49,-119.84
"Reed1","Leger1",0.628149358604586,38.52,-109.47,39.49,-119.84
"Reed3","Leger1",0.625345018180476,38.75,-109.79,39.49,-119.84
"Schupp3","Leger1",0.620280434062341,38.6,-113.79,39.49,-119.84
"Schupp4","Leger1",0.623538321052802,38.52,-113.55,39.49,-119.84
"Schupp5","Leger1",0.638229513946575,39.11,-112.74,39.49,-119.84
"Symstad1","Leger1",0.632192684022762,44.59,-104.71,39.49,-119.84
"Symstad2","Leger1",0.621382905278627,43.87,-103.46,39.49,-119.84
"Symstad3","Leger1",0.63770562125419,43.62,-103.47,39.49,-119.84
"Urza2","Leger1",0.66340694936342,40.84,-119.56,39.49,-119.84
"Wilcox2","Leger1",0.604306894625945,41.31,-105.66,39.49,-119.84
"Chynoweth2","Leger1",0.614341627009373,40.29092,-109.68361,39.49,-119.84
"Chynoweth3","Leger1",0.604561730566898,39.83576,-109.61202,39.49,-119.84
"Chynoweth5","Leger1",0.631125711203624,40.480805,-109.438229,39.49,-119.84
"Chynoweth7","Leger1",0.623933083215646,40.533605,-109.523564,39.49,-119.84
"Chynoweth8","Leger1",0.613997928833222,40.640878,-109.48689,39.49,-119.84
"Shriver2","Leger1",0.665861847113125,48,-114.04,39.49,-119.84
"Davies03","Leger1",0.679526021240524,42.68,-118.68,39.49,-119.84
"GerminoBOP1","Leger1",0.62978887861437,43.4720833,-116.2338306,39.49,-119.84
"Mancillas01","Leger1",0.62105651750363,32.368,-106.56,39.49,-119.84
"Boise_High 2022","Leger1",0.769944920919132,NA,NA,39.49,-119.84
"Boise_Low 2022","Leger1",0.749139552228797,NA,NA,39.49,-119.84
"CG PASTURE 2022","Leger1",0.736556902909405,NA,NA,39.49,-119.84
"CaseAoyamaS1 2022","Leger1",0.761038181972957,NA,NA,39.49,-119.84
"CastValley 2021","Leger1",0.714270646921584,NA,NA,39.49,-119.84
"EOARC 2022","Leger1",0.761964960134815,NA,NA,39.49,-119.84
"EnsingS1 SuRDC 2022","Leger1",0.742869558877145,NA,NA,39.49,-119.84
"EnsingS2 Summerland-Princeton 2022","Leger1",0.752018153308493,NA,NA,39.49,-119.84
"EnsingS3 Bear Creek 2022","Leger1",0.758224269442495,NA,NA,39.49,-119.84
"EnsingS4 Lundbom 2022","Leger1",0.721828910017226,NA,NA,39.49,-119.84
"FAR NORTH CPER 2022","Leger1",0.739110951479098,NA,NA,39.49,-119.84
"FtK_Cottonwood_Coulee 2021","Leger1",0.718623597585458,NA,NA,39.49,-119.84
"FtK_Lone_Pine 2021","Leger1",0.71830316690519,NA,NA,39.49,-119.84
"GoeblS1 2024","Leger1",0.748517085792993,NA,NA,39.49,-119.84
"GreenCanyon 2021","Leger1",0.742307919047808,NA,NA,39.49,-119.84
"HPGRS AGCR 2022","Leger1",0.737024955163491,NA,NA,39.49,-119.84
"HardwareRanch 2022","Leger1",0.74234069684972,NA,NA,39.49,-119.84
"K1_vanDiepen 2022","Leger1",0.716149694802611,NA,NA,39.49,-119.84
"L1_vanDiepen 2022","Leger1",0.726805672463933,NA,NA,39.49,-119.84
"MPG_IR 2021","Leger1",0.720703387881269,NA,NA,39.49,-119.84
"MPG_SR 2021","Leger1",0.72098732271245,NA,NA,39.49,-119.84
"MPG_TH 2021","Leger1",0.720702254300241,NA,NA,39.49,-119.84
"NEAR 4WAY CPER 2022","Leger1",0.738525568736162,NA,NA,39.49,-119.84
"NEAR HQ CPER 2022","Leger1",0.739457339724623,NA,NA,39.49,-119.84
"NEAR NUTNET 2022","Leger1",0.738914235828462,NA,NA,39.49,-119.84
"OttS1 2022","Leger1",0.730933265182542,NA,NA,39.49,-119.84
"PMR- Brome 2021","Leger1",0.747065957418796,NA,NA,39.49,-119.84
"Pearlwise 2024","Leger1",0.767091432985798,NA,NA,39.49,-119.84
"Peavine 2022","Leger1",0.783059208678968,NA,NA,39.49,-119.84
"Plymouth 2022","Leger1",0.772790048372086,NA,NA,39.49,-119.84
"RedBluff 2023","Leger1",0.732835724362408,NA,NA,39.49,-119.84
"Rush_Valley 2022","Leger1",0.746955941404202,NA,NA,39.49,-119.84
"SSHQ 2022","Leger1",0.711912779466098,NA,NA,39.49,-119.84
"SSHigh 2022","Leger1",0.711239655935806,NA,NA,39.49,-119.84
"SouthEden 2022","Leger1",0.728076282635278,NA,NA,39.49,-119.84
"Symstad1 2021","Leger1",0.722827435424434,NA,NA,39.49,-119.84
"Symstad2 2022","Leger1",0.722767880438896,NA,NA,39.49,-119.84
"TB FIRE 2022","Leger1",0.732404277480112,NA,NA,39.49,-119.84
"TB LC Control 2022","Leger1",0.732160256720604,NA,NA,39.49,-119.84
"TB PRAIRIE DOG 2022","Leger1",0.732257813897862,NA,NA,39.49,-119.84
"Woodruff 2022","Leger1",0.71872524704725,NA,NA,39.49,-119.84
"dino 2024","Leger1",0.704685616697554,NA,NA,39.49,-119.84
"AAFC4","Maron1",0.677072227059615,50.08,-120.65,46.68,-114.03
"AAFC5","Maron1",0.672117509172993,50.09,-120.45,46.68,-114.03
"AAFC6","Maron1",0.709110776724163,50.09,-120.75,46.68,-114.03
"AAFC8","Maron1",0.702391160253226,49.57,-120.55,46.68,-114.03
"AAFC9","Maron1",0.660644646164634,49.62,-119.8,46.68,-114.03
"AAFC10","Maron1",0.660693373057397,49.71,-120.05,46.68,-114.03
"Adler5","Maron1",0.682168531369626,40.79,-111.87,46.68,-114.03
"Schupp2","Maron1",0.657181059793972,40.2,-112.46,46.68,-114.03
"Schupp1","Maron1",0.677006739724437,39.85,-112.15,46.68,-114.03
"Adler13","Maron1",0.726187730081653,41.44,-111.08,46.68,-114.03
"Adler16","Maron1",0.698839786049297,41.78,-110.2,46.68,-114.03
"Adler17","Maron1",0.698927501631118,41.44,-110.11,46.68,-114.03
"Adler18","Maron1",0.665127509985344,40.86,-114.22,46.68,-114.03
"Barnett1","Maron1",0.671726294990732,43.48,-110.74,46.68,-114.03
"Baughman3","Maron1",0.673411316905267,42.81,-118.96,46.68,-114.03
"Baughman2","Maron1",0.691391573943246,43.05,-118.87,46.68,-114.03
"Chynoweth1","Maron1",0.725816101119398,39.76604,-109.5635,46.68,-114.03
"Board1","Maron1",0.674000025582419,38.84,-117.57,46.68,-114.03
"Bradford1","Maron1",0.67358770328361,35.23,-111.62,46.68,-114.03
"Chambers1","Maron1",0.626253228580484,39.55,-119.58,46.68,-114.03
"Chambers2","Maron1",0.619892490240595,39.95,-118.76,46.68,-114.03
"Urza1","Maron1",0.620029636041407,40.35,-119.34,46.68,-114.03
"Chambers4","Maron1",0.619808506392825,41.31,-117.63,46.68,-114.03
"Chambers5","Maron1",0.61569389260336,41.54,-117.75,46.68,-114.03
"Chambers6","Maron1",0.615731619366696,41.54,-117.78,46.68,-114.03
"Chambers7","Maron1",0.710050443848451,43.94,-116.19,46.68,-114.03
"Chambers8","Maron1",0.683450011890251,42.24,-114.57,46.68,-114.03
"Chambers9","Maron1",0.725816351378259,40.66,-116.73,46.68,-114.03
"Copeland1","Maron1",0.725877032574306,43.7,-117.33,46.68,-114.03
"Copeland5","Maron1",0.674004792963231,42.27,-118.71,46.68,-114.03
"Copeland9","Maron1",0.698989716583745,43.47,-119.68,46.68,-114.03
"Downs1","Maron1",0.649487904012465,46.38145,-119.430272,46.68,-114.03
"Downs2","Maron1",0.668509121008412,46.25045,-119.53334,46.68,-114.03
"Downs3","Maron1",0.638809167614622,45.9663,-120.3671,46.68,-114.03
"Fleishman1","Maron1",0.719445564130618,38.47,-119.49,46.68,-114.03
"Fleishman5","Maron1",0.665653516717886,39.12,-117.27,46.68,-114.03
"Fleishman7","Maron1",0.668404852118718,39.17,-117.44,46.68,-114.03
"Getts1","Maron1",0.654175347442425,41.17,-120.5,46.68,-114.03
"Getts3","Maron1",0.681301826836172,40.43,-120.67,46.68,-114.03
"Holdrege1","Maron1",0.67159169409756,41.61,-111.57,46.68,-114.03
"Hufft1","Maron1",0.667319953775242,38.6701,-108.3286,46.68,-114.03
"Lavin1","Maron1",0.706797127146966,44.68,-109.07,46.68,-114.03
"Lavin2","Maron1",0.677827308560611,45.67,-111.03,46.68,-114.03
"Lee1","Maron1",0.619888892392233,36.82340833,-116.0163889,46.68,-114.03
"Lee2","Maron1",0.612052583091862,35.3984,-115.7845,46.68,-114.03
"Lee3","Maron1",0.619737998121197,36.5247,-115.8987,46.68,-114.03
"Lee4","Maron1",0.618840205179251,35.4564,-115.52,46.68,-114.03
"Leger1","Maron1",0.635395908722708,39.49,-119.84,46.68,-114.03
"Maron1","Maron1",0.999999999999999,46.68,-114.03,46.68,-114.03
"Maron2","Maron1",0.69875636155558,46.64,-113.23,46.68,-114.03
"Porensky30","Maron1",0.666799227516854,40.63,-105.27,46.68,-114.03
"Pyke3","Maron1",0.689202794459391,44.60456358,-120.1924183,46.68,-114.03
"Pyke8","Maron1",0.643463542720719,46.74830998,-119.361636,46.68,-114.03
"Pyke21","Maron1",0.673368593360305,47.61803776,-119.6830115,46.68,-114.03
"Pyle1","Maron1",0.741041083200299,42.35,-118.65,46.68,-114.03
"Pyle9","Maron1",0.698740948538644,43.42,-119.62,46.68,-114.03
"Pyle10","Maron1",0.665753306077175,43.19,-120,46.68,-114.03
"Pyle15","Maron1",0.688332687237141,43.8,-119,46.68,-114.03
"Pyle17","Maron1",0.66824574112128,44.36,-118.93,46.68,-114.03
"Pyle19","Maron1",0.698712144637999,44.57,-119.65,46.68,-114.03
"Reed1","Maron1",0.68027677115962,38.52,-109.47,46.68,-114.03
"Reed3","Maron1",0.738891210386703,38.75,-109.79,46.68,-114.03
"Schupp3","Maron1",0.681723470130049,38.6,-113.79,46.68,-114.03
"Schupp4","Maron1",0.725756314547665,38.52,-113.55,46.68,-114.03
"Schupp5","Maron1",0.734176277650642,39.11,-112.74,46.68,-114.03
"Symstad1","Maron1",0.675381129875085,44.59,-104.71,46.68,-114.03
"Symstad2","Maron1",0.660571110174414,43.87,-103.46,46.68,-114.03
"Symstad3","Maron1",0.715760611195284,43.62,-103.47,46.68,-114.03
"Urza2","Maron1",0.715976262352599,40.84,-119.56,46.68,-114.03
"Wilcox2","Maron1",0.649560692842695,41.31,-105.66,46.68,-114.03
"Chynoweth2","Maron1",0.666050268936992,40.29092,-109.68361,46.68,-114.03
"Chynoweth3","Maron1",0.649880465375155,39.83576,-109.61202,46.68,-114.03
"Chynoweth5","Maron1",0.678367455527229,40.480805,-109.438229,46.68,-114.03
"Chynoweth7","Maron1",0.726254148869053,40.533605,-109.523564,46.68,-114.03
"Chynoweth8","Maron1",0.665645155195371,40.640878,-109.48689,46.68,-114.03
"Shriver2","Maron1",0.671722539864716,48,-114.04,46.68,-114.03
"Davies03","Maron1",0.673804521977972,42.68,-118.68,46.68,-114.03
"GerminoBOP1","Maron1",0.767409393045212,43.4720833,-116.2338306,46.68,-114.03
"Mancillas01","Maron1",0.715041163043809,32.368,-106.56,46.68,-114.03
"Boise_High 2022","Maron1",0.760540433850349,NA,NA,46.68,-114.03
"Boise_Low 2022","Maron1",0.740962181705865,NA,NA,46.68,-114.03
"CG PASTURE 2022","Maron1",0.784061399780378,NA,NA,46.68,-114.03
"CaseAoyamaS1 2022","Maron1",0.765378924651833,NA,NA,46.68,-114.03
"CastValley 2021","Maron1",0.758469642987701,NA,NA,46.68,-114.03
"EOARC 2022","Maron1",0.76533288796725,NA,NA,46.68,-114.03
"EnsingS1 SuRDC 2022","Maron1",0.785625202290781,NA,NA,46.68,-114.03
"EnsingS2 Summerland-Princeton 2022","Maron1",0.755874658148415,NA,NA,46.68,-114.03
"EnsingS3 Bear Creek 2022","Maron1",0.753212267045455,NA,NA,46.68,-114.03
"EnsingS4 Lundbom 2022","Maron1",0.757926463958843,NA,NA,46.68,-114.03
"FAR NORTH CPER 2022","Maron1",0.785845053909724,NA,NA,46.68,-114.03
"FtK_Cottonwood_Coulee 2021","Maron1",0.783394399570373,NA,NA,46.68,-114.03
"FtK_Lone_Pine 2021","Maron1",0.783066047385619,NA,NA,46.68,-114.03
"GoeblS1 2024","Maron1",0.770569446763169,NA,NA,46.68,-114.03
"GreenCanyon 2021","Maron1",0.787479083419753,NA,NA,46.68,-114.03
"HPGRS AGCR 2022","Maron1",0.784332632353387,NA,NA,46.68,-114.03
"HardwareRanch 2022","Maron1",0.782181165702764,NA,NA,46.68,-114.03
"K1_vanDiepen 2022","Maron1",0.77385918659322,NA,NA,46.68,-114.03
"L1_vanDiepen 2022","Maron1",0.785384195810699,NA,NA,46.68,-114.03
"MPG_IR 2021","Maron1",0.785446552695049,NA,NA,46.68,-114.03
"MPG_SR 2021","Maron1",0.78643734511726,NA,NA,46.68,-114.03
"MPG_TH 2021","Maron1",0.786107273342312,NA,NA,46.68,-114.03
"NEAR 4WAY CPER 2022","Maron1",0.785826176653184,NA,NA,46.68,-114.03
"NEAR HQ CPER 2022","Maron1",0.786117773968358,NA,NA,46.68,-114.03
"NEAR NUTNET 2022","Maron1",0.785865306762995,NA,NA,46.68,-114.03
"OttS1 2022","Maron1",0.785500134585712,NA,NA,46.68,-114.03
"PMR- Brome 2021","Maron1",0.777249325500252,NA,NA,46.68,-114.03
"Pearlwise 2024","Maron1",0.769489466401055,NA,NA,46.68,-114.03
"Peavine 2022","Maron1",0.741630208375269,NA,NA,46.68,-114.03
"Plymouth 2022","Maron1",0.738862717348607,NA,NA,46.68,-114.03
"RedBluff 2023","Maron1",0.781367546509935,NA,NA,46.68,-114.03
"Rush_Valley 2022","Maron1",0.780120190273625,NA,NA,46.68,-114.03
"SSHQ 2022","Maron1",0.786166879906733,NA,NA,46.68,-114.03
"SSHigh 2022","Maron1",0.77965229007004,NA,NA,46.68,-114.03
"SouthEden 2022","Maron1",0.781112643756416,NA,NA,46.68,-114.03
"Symstad1 2021","Maron1",0.789902695182543,NA,NA,46.68,-114.03
"Symstad2 2022","Maron1",0.790260747225758,NA,NA,46.68,-114.03
"TB FIRE 2022","Maron1",0.783294119954766,NA,NA,46.68,-114.03
"TB LC Control 2022","Maron1",0.783254111374952,NA,NA,46.68,-114.03
"TB PRAIRIE DOG 2022","Maron1",0.783236380328681,NA,NA,46.68,-114.03
"Woodruff 2022","Maron1",0.785240646379905,NA,NA,46.68,-114.03
"dino 2024","Maron1",0.785277447372719,NA,NA,46.68,-114.03
"AAFC4","Maron2",0.694795441423848,50.08,-120.65,46.64,-113.23
"AAFC5","Maron2",0.671680522011088,50.09,-120.45,46.64,-113.23
"AAFC6","Maron2",0.690787170963815,50.09,-120.75,46.64,-113.23
"AAFC8","Maron2",0.719489173170373,49.57,-120.55,46.64,-113.23
"AAFC9","Maron2",0.662705379776711,49.62,-119.8,46.64,-113.23
"AAFC10","Maron2",0.66280432210141,49.71,-120.05,46.64,-113.23
"Adler5","Maron2",0.664368281139788,40.79,-111.87,46.64,-113.23
"Schupp2","Maron2",0.666602567191931,40.2,-112.46,46.64,-113.23
"Schupp1","Maron2",0.673574848043526,39.85,-112.15,46.64,-113.23
"Adler13","Maron2",0.688742630930777,41.44,-111.08,46.64,-113.23
"Adler16","Maron2",0.999564723371005,41.78,-110.2,46.64,-113.23
"Adler17","Maron2",0.99965652969536,41.44,-110.11,46.64,-113.23
"Adler18","Maron2",0.665550671248892,40.86,-114.22,46.64,-113.23
"Barnett1","Maron2",0.666851300826146,43.48,-110.74,46.64,-113.23
"Baughman3","Maron2",0.677312797689976,42.81,-118.96,46.64,-113.23
"Baughman2","Maron2",0.672350158697565,43.05,-118.87,46.64,-113.23
"Chynoweth1","Maron2",0.71823929759551,39.76604,-109.5635,46.64,-113.23
"Board1","Maron2",0.680322910647906,38.84,-117.57,46.64,-113.23
"Bradford1","Maron2",0.679860933311674,35.23,-111.62,46.64,-113.23
"Chambers1","Maron2",0.61940931523682,39.55,-119.58,46.64,-113.23
"Chambers2","Maron2",0.613454269094078,39.95,-118.76,46.64,-113.23
"Urza1","Maron2",0.61362032671275,40.35,-119.34,46.64,-113.23
"Chambers4","Maron2",0.613473573922971,41.31,-117.63,46.64,-113.23
"Chambers5","Maron2",0.609172373490048,41.54,-117.75,46.64,-113.23
"Chambers6","Maron2",0.609168041665965,41.54,-117.78,46.64,-113.23
"Chambers7","Maron2",0.69959542511886,43.94,-116.19,46.64,-113.23
"Chambers8","Maron2",0.658354685808122,42.24,-114.57,46.64,-113.23
"Chambers9","Maron2",0.718277508073609,40.66,-116.73,46.64,-113.23
"Copeland1","Maron2",0.718275936990757,43.7,-117.33,46.64,-113.23
"Copeland5","Maron2",0.657823382522018,42.27,-118.71,46.64,-113.23
"Copeland9","Maron2",0.999572139457858,43.47,-119.68,46.64,-113.23
"Downs1","Maron2",0.64316560955818,46.38145,-119.430272,46.64,-113.23
"Downs2","Maron2",0.657689803920341,46.25045,-119.53334,46.64,-113.23
"Downs3","Maron2",0.630374629492364,45.9663,-120.3671,46.64,-113.23
"Fleishman1","Maron2",0.737242113643689,38.47,-119.49,46.64,-113.23
"Fleishman5","Maron2",0.652315602324307,39.12,-117.27,46.64,-113.23
"Fleishman7","Maron2",0.6721252732328,39.17,-117.44,46.64,-113.23
"Getts1","Maron2",0.647719287423026,41.17,-120.5,46.64,-113.23
"Getts3","Maron2",0.683018370234315,40.43,-120.67,46.64,-113.23
"Holdrege1","Maron2",0.666621238634094,41.61,-111.57,46.64,-113.23
"Hufft1","Maron2",0.665412399876206,38.6701,-108.3286,46.64,-113.23
"Lavin1","Maron2",0.707132138684337,44.68,-109.07,46.64,-113.23
"Lavin2","Maron2",0.677471755615611,45.67,-111.03,46.64,-113.23
"Lee1","Maron2",0.613520931354038,36.82340833,-116.0163889,46.64,-113.23
"Lee2","Maron2",0.605979780883946,35.3984,-115.7845,46.64,-113.23
"Lee3","Maron2",0.613341979734687,36.5247,-115.8987,46.64,-113.23
"Lee4","Maron2",0.60905228353198,35.4564,-115.52,46.64,-113.23
"Leger1","Maron2",0.628059503380177,39.49,-119.84,46.64,-113.23
"Maron1","Maron2",0.69875636155558,46.68,-114.03,46.64,-113.23
"Maron2","Maron2",1,46.64,-113.23,46.64,-113.23
"Porensky30","Maron2",0.66197802841571,40.63,-105.27,46.64,-113.23
"Pyke3","Maron2",0.69016991946153,44.60456358,-120.1924183,46.64,-113.23
"Pyke8","Maron2",0.636427574779126,46.74830998,-119.361636,46.64,-113.23
"Pyke21","Maron2",0.705373326019745,47.61803776,-119.6830115,46.64,-113.23
"Pyle1","Maron2",0.739559911939394,42.35,-118.65,46.64,-113.23
"Pyle9","Maron2",0.99964911045973,43.42,-119.62,46.64,-113.23
"Pyle10","Maron2",0.652337519822766,43.19,-120,46.64,-113.23
"Pyle15","Maron2",0.677832214627465,43.8,-119,46.64,-113.23
"Pyle17","Maron2",0.660591124741071,44.36,-118.93,46.64,-113.23
"Pyle19","Maron2",0.676101491362505,44.57,-119.65,46.64,-113.23
"Reed1","Maron2",0.667896984441989,38.52,-109.47,46.64,-113.23
"Reed3","Maron2",0.70647723481775,38.75,-109.79,46.64,-113.23
"Schupp3","Maron2",0.670757835251077,38.6,-113.79,46.64,-113.23
"Schupp4","Maron2",0.718117229212742,38.52,-113.55,46.64,-113.23
"Schupp5","Maron2",0.725019371069266,39.11,-112.74,46.64,-113.23
"Symstad1","Maron2",0.68270078599106,44.59,-104.71,46.64,-113.23
"Symstad2","Maron2",0.655515687454189,43.87,-103.46,46.64,-113.23
"Symstad3","Maron2",0.730401058537238,43.62,-103.47,46.64,-113.23
"Urza2","Maron2",0.713187311877197,40.84,-119.56,46.64,-113.23
"Wilcox2","Maron2",0.643566314580433,41.31,-105.66,46.64,-113.23
"Chynoweth2","Maron2",0.652638898041284,40.29092,-109.68361,46.64,-113.23
"Chynoweth3","Maron2",0.643850825890032,39.83576,-109.61202,46.64,-113.23
"Chynoweth5","Maron2",0.666528872592979,40.480805,-109.438229,46.64,-113.23
"Chynoweth7","Maron2",0.718688064797212,40.533605,-109.523564,46.64,-113.23
"Chynoweth8","Maron2",0.65224413865906,40.640878,-109.48689,46.64,-113.23
"Shriver2","Maron2",0.666858478027025,48,-114.04,46.64,-113.23
"Davies03","Maron2",0.680069213560109,42.68,-118.68,46.64,-113.23
"GerminoBOP1","Maron2",0.713268790296584,43.4720833,-116.2338306,46.64,-113.23
"Mancillas01","Maron2",0.679443513221357,32.368,-106.56,46.64,-113.23
"Boise_High 2022","Maron2",0.770180615831559,NA,NA,46.64,-113.23
"Boise_Low 2022","Maron2",0.72902139096071,NA,NA,46.64,-113.23
"CG PASTURE 2022","Maron2",0.797171109748857,NA,NA,46.64,-113.23
"CaseAoyamaS1 2022","Maron2",0.776118613214796,NA,NA,46.64,-113.23
"CastValley 2021","Maron2",0.711876674875974,NA,NA,46.64,-113.23
"EOARC 2022","Maron2",0.777206468434919,NA,NA,46.64,-113.23
"EnsingS1 SuRDC 2022","Maron2",0.780724287577723,NA,NA,46.64,-113.23
"EnsingS2 Summerland-Princeton 2022","Maron2",0.769171719071704,NA,NA,46.64,-113.23
"EnsingS3 Bear Creek 2022","Maron2",0.753640921582669,NA,NA,46.64,-113.23
"EnsingS4 Lundbom 2022","Maron2",0.798504953519194,NA,NA,46.64,-113.23
"FAR NORTH CPER 2022","Maron2",0.789735260882344,NA,NA,46.64,-113.23
"FtK_Cottonwood_Coulee 2021","Maron2",0.804308856496503,NA,NA,46.64,-113.23
"FtK_Lone_Pine 2021","Maron2",0.803048218375095,NA,NA,46.64,-113.23
"GoeblS1 2024","Maron2",0.753065158953655,NA,NA,46.64,-113.23
"GreenCanyon 2021","Maron2",0.778560832688888,NA,NA,46.64,-113.23
"HPGRS AGCR 2022","Maron2",0.796489955627971,NA,NA,46.64,-113.23
"HardwareRanch 2022","Maron2",0.788634110893627,NA,NA,46.64,-113.23
"K1_vanDiepen 2022","Maron2",0.790081627872307,NA,NA,46.64,-113.23
"L1_vanDiepen 2022","Maron2",0.803101672646226,NA,NA,46.64,-113.23
"MPG_IR 2021","Maron2",0.786226664270232,NA,NA,46.64,-113.23
"MPG_SR 2021","Maron2",0.787174207341373,NA,NA,46.64,-113.23
"MPG_TH 2021","Maron2",0.786499325181031,NA,NA,46.64,-113.23
"NEAR 4WAY CPER 2022","Maron2",0.787706519910713,NA,NA,46.64,-113.23
"NEAR HQ CPER 2022","Maron2",0.789261355270019,NA,NA,46.64,-113.23
"NEAR NUTNET 2022","Maron2",0.789030890756029,NA,NA,46.64,-113.23
"OttS1 2022","Maron2",0.795151446704458,NA,NA,46.64,-113.23
"PMR- Brome 2021","Maron2",0.784677196351781,NA,NA,46.64,-113.23
"Pearlwise 2024","Maron2",0.765951026872491,NA,NA,46.64,-113.23
"Peavine 2022","Maron2",0.733886989251073,NA,NA,46.64,-113.23
"Plymouth 2022","Maron2",0.724825171007114,NA,NA,46.64,-113.23
"RedBluff 2023","Maron2",0.794432904484624,NA,NA,46.64,-113.23
"Rush_Valley 2022","Maron2",0.758845861636449,NA,NA,46.64,-113.23
"SSHQ 2022","Maron2",0.801475903845089,NA,NA,46.64,-113.23
"SSHigh 2022","Maron2",0.797983029551916,NA,NA,46.64,-113.23
"SouthEden 2022","Maron2",0.799224281153511,NA,NA,46.64,-113.23
"Symstad1 2021","Maron2",0.795837327894029,NA,NA,46.64,-113.23
"Symstad2 2022","Maron2",0.795599060909371,NA,NA,46.64,-113.23
"TB FIRE 2022","Maron2",0.799172486032696,NA,NA,46.64,-113.23
"TB LC Control 2022","Maron2",0.798947614062027,NA,NA,46.64,-113.23
"TB PRAIRIE DOG 2022","Maron2",0.799084311939558,NA,NA,46.64,-113.23
"Woodruff 2022","Maron2",0.801536097952238,NA,NA,46.64,-113.23
"dino 2024","Maron2",0.767344234901492,NA,NA,46.64,-113.23
"AAFC4","Porensky30",0.691012907901078,50.08,-120.65,40.63,-105.27
"AAFC5","Porensky30",0.759780702359074,50.09,-120.45,40.63,-105.27
"AAFC6","Porensky30",0.668676741860618,50.09,-120.75,40.63,-105.27
"AAFC8","Porensky30",0.696325304235578,49.57,-120.55,40.63,-105.27
"AAFC9","Porensky30",0.734737752132191,49.62,-119.8,40.63,-105.27
"AAFC10","Porensky30",0.734736163073151,49.71,-120.05,40.63,-105.27
"Adler5","Porensky30",0.680088316288257,40.79,-111.87,40.63,-105.27
"Schupp2","Porensky30",0.6658952523836,40.2,-112.46,40.63,-105.27
"Schupp1","Porensky30",0.667769072710374,39.85,-112.15,40.63,-105.27
"Adler13","Porensky30",0.658764140499512,41.44,-111.08,40.63,-105.27
"Adler16","Porensky30",0.66203139199598,41.78,-110.2,40.63,-105.27
"Adler17","Porensky30",0.662213488629042,41.44,-110.11,40.63,-105.27
"Adler18","Porensky30",0.665515005522293,40.86,-114.22,40.63,-105.27
"Barnett1","Porensky30",0.671790514364096,43.48,-110.74,40.63,-105.27
"Baughman3","Porensky30",0.719922727547165,42.81,-118.96,40.63,-105.27
"Baughman2","Porensky30",0.661296417031524,43.05,-118.87,40.63,-105.27
"Chynoweth1","Porensky30",0.656085334806933,39.76604,-109.5635,40.63,-105.27
"Board1","Porensky30",0.678451352149004,38.84,-117.57,40.63,-105.27
"Bradford1","Porensky30",0.6779596385926,35.23,-111.62,40.63,-105.27
"Chambers1","Porensky30",0.630006589431282,39.55,-119.58,40.63,-105.27
"Chambers2","Porensky30",0.623553758993487,39.95,-118.76,40.63,-105.27
"Urza1","Porensky30",0.623635986735204,40.35,-119.34,40.63,-105.27
"Chambers4","Porensky30",0.623446906236035,41.31,-117.63,40.63,-105.27
"Chambers5","Porensky30",0.619255073316278,41.54,-117.75,40.63,-105.27
"Chambers6","Porensky30",0.619224541003079,41.54,-117.78,40.63,-105.27
"Chambers7","Porensky30",0.695459088293306,43.94,-116.19,40.63,-105.27
"Chambers8","Porensky30",0.650411276688661,42.24,-114.57,40.63,-105.27
"Chambers9","Porensky30",0.65609288005562,40.66,-116.73,40.63,-105.27
"Copeland1","Porensky30",0.656138437963128,43.7,-117.33,40.63,-105.27
"Copeland5","Porensky30",0.673210092227013,42.27,-118.71,40.63,-105.27
"Copeland9","Porensky30",0.662208991471795,43.47,-119.68,40.63,-105.27
"Downs1","Porensky30",0.643049665168531,46.38145,-119.430272,40.63,-105.27
"Downs2","Porensky30",0.681482863544651,46.25045,-119.53334,40.63,-105.27
"Downs3","Porensky30",0.637152303575935,45.9663,-120.3671,40.63,-105.27
"Fleishman1","Porensky30",0.67691688892131,38.47,-119.49,40.63,-105.27
"Fleishman5","Porensky30",0.643344361691761,39.12,-117.27,40.63,-105.27
"Fleishman7","Porensky30",0.673272658582766,39.17,-117.44,40.63,-105.27
"Getts1","Porensky30",0.655124748804928,41.17,-120.5,40.63,-105.27
"Getts3","Porensky30",0.692527109026924,40.43,-120.67,40.63,-105.27
"Holdrege1","Porensky30",0.671551807763011,41.61,-111.57,40.63,-105.27
"Hufft1","Porensky30",0.641453804461027,38.6701,-108.3286,40.63,-105.27
"Lavin1","Porensky30",0.661037673165307,44.68,-109.07,40.63,-105.27
"Lavin2","Porensky30",0.752132787897444,45.67,-111.03,40.63,-105.27
"Lee1","Porensky30",0.623548678548063,36.82340833,-116.0163889,40.63,-105.27
"Lee2","Porensky30",0.615741600384365,35.3984,-115.7845,40.63,-105.27
"Lee3","Porensky30",0.623391639198844,36.5247,-115.8987,40.63,-105.27
"Lee4","Porensky30",0.61846379410353,35.4564,-115.52,40.63,-105.27
"Leger1","Porensky30",0.644011760948805,39.49,-119.84,40.63,-105.27
"Maron1","Porensky30",0.666799227516854,46.68,-114.03,40.63,-105.27
"Maron2","Porensky30",0.66197802841571,46.64,-113.23,40.63,-105.27
"Porensky30","Porensky30",1,40.63,-105.27,40.63,-105.27
"Pyke3","Porensky30",0.68553401687457,44.60456358,-120.1924183,40.63,-105.27
"Pyke8","Porensky30",0.625138959887311,46.74830998,-119.361636,40.63,-105.27
"Pyke21","Porensky30",0.671323540658007,47.61803776,-119.6830115,40.63,-105.27
"Pyle1","Porensky30",0.720632784074636,42.35,-118.65,40.63,-105.27
"Pyle9","Porensky30",0.661988275643447,43.42,-119.62,40.63,-105.27
"Pyle10","Porensky30",0.643406547626261,43.19,-120,40.63,-105.27
"Pyle15","Porensky30",0.774692508478739,43.8,-119,40.63,-105.27
"Pyle17","Porensky30",0.732876257508479,44.36,-118.93,40.63,-105.27
"Pyle19","Porensky30",0.663984780265295,44.57,-119.65,40.63,-105.27
"Reed1","Porensky30",0.660204667398331,38.52,-109.47,40.63,-105.27
"Reed3","Porensky30",0.676723103819717,38.75,-109.79,40.63,-105.27
"Schupp3","Porensky30",0.65199397364462,38.6,-113.79,40.63,-105.27
"Schupp4","Porensky30",0.655984601096604,38.52,-113.55,40.63,-105.27
"Schupp5","Porensky30",0.669282124917481,39.11,-112.74,40.63,-105.27
"Symstad1","Porensky30",0.688642065274277,44.59,-104.71,40.63,-105.27
"Symstad2","Porensky30",0.758608793576102,43.87,-103.46,40.63,-105.27
"Symstad3","Porensky30",0.679709852387755,43.62,-103.47,40.63,-105.27
"Urza2","Porensky30",0.686483183470727,40.84,-119.56,40.63,-105.27
"Wilcox2","Porensky30",0.629865307460485,41.31,-105.66,40.63,-105.27
"Chynoweth2","Porensky30",0.643672959948595,40.29092,-109.68361,40.63,-105.27
"Chynoweth3","Porensky30",0.630160196181236,39.83576,-109.61202,40.63,-105.27
"Chynoweth5","Porensky30",0.659604798555021,40.480805,-109.438229,40.63,-105.27
"Chynoweth7","Porensky30",0.656493790466384,40.533605,-109.523564,40.63,-105.27
"Chynoweth8","Porensky30",0.643267759507141,40.640878,-109.48689,40.63,-105.27
"Shriver2","Porensky30",0.671733528982772,48,-114.04,40.63,-105.27
"Davies03","Porensky30",0.678204247942501,42.68,-118.68,40.63,-105.27
"GerminoBOP1","Porensky30",0.660709219535735,43.4720833,-116.2338306,40.63,-105.27
"Mancillas01","Porensky30",0.669493802021512,32.368,-106.56,40.63,-105.27
"Boise_High 2022","Porensky30",0.770373354980996,NA,NA,40.63,-105.27
"Boise_Low 2022","Porensky30",0.738254843850568,NA,NA,40.63,-105.27
"CG PASTURE 2022","Porensky30",0.777791892609628,NA,NA,40.63,-105.27
"CaseAoyamaS1 2022","Porensky30",0.76876039501503,NA,NA,40.63,-105.27
"CastValley 2021","Porensky30",0.713622647387472,NA,NA,40.63,-105.27
"EOARC 2022","Porensky30",0.769778591501975,NA,NA,40.63,-105.27
"EnsingS1 SuRDC 2022","Porensky30",0.777533208379924,NA,NA,40.63,-105.27
"EnsingS2 Summerland-Princeton 2022","Porensky30",0.783042276145723,NA,NA,40.63,-105.27
"EnsingS3 Bear Creek 2022","Porensky30",0.77403501788196,NA,NA,40.63,-105.27
"EnsingS4 Lundbom 2022","Porensky30",0.780981864919593,NA,NA,40.63,-105.27
"FAR NORTH CPER 2022","Porensky30",0.770899898378927,NA,NA,40.63,-105.27
"FtK_Cottonwood_Coulee 2021","Porensky30",0.772057460449465,NA,NA,40.63,-105.27
"FtK_Lone_Pine 2021","Porensky30",0.770375952948992,NA,NA,40.63,-105.27
"GoeblS1 2024","Porensky30",0.762486397745381,NA,NA,40.63,-105.27
"GreenCanyon 2021","Porensky30",0.767598631303364,NA,NA,40.63,-105.27
"HPGRS AGCR 2022","Porensky30",0.777622458474504,NA,NA,40.63,-105.27
"HardwareRanch 2022","Porensky30",0.770141561256372,NA,NA,40.63,-105.27
"K1_vanDiepen 2022","Porensky30",0.76306816190436,NA,NA,40.63,-105.27
"L1_vanDiepen 2022","Porensky30",0.773114201471076,NA,NA,40.63,-105.27
"MPG_IR 2021","Porensky30",0.770903929000778,NA,NA,40.63,-105.27
"MPG_SR 2021","Porensky30",0.771194587749355,NA,NA,40.63,-105.27
"MPG_TH 2021","Porensky30",0.77108856479081,NA,NA,40.63,-105.27
"NEAR 4WAY CPER 2022","Porensky30",0.769442606202164,NA,NA,40.63,-105.27
"NEAR HQ CPER 2022","Porensky30",0.771342193891509,NA,NA,40.63,-105.27
"NEAR NUTNET 2022","Porensky30",0.77056935918954,NA,NA,40.63,-105.27
"OttS1 2022","Porensky30",0.77935635581189,NA,NA,40.63,-105.27
"PMR- Brome 2021","Porensky30",0.780327250280938,NA,NA,40.63,-105.27
"Pearlwise 2024","Porensky30",0.763331745241142,NA,NA,40.63,-105.27
"Peavine 2022","Porensky30",0.749116260417176,NA,NA,40.63,-105.27
"Plymouth 2022","Porensky30",0.737714711336166,NA,NA,40.63,-105.27
"RedBluff 2023","Porensky30",0.781608525790203,NA,NA,40.63,-105.27
"Rush_Valley 2022","Porensky30",0.756558185612288,NA,NA,40.63,-105.27
"SSHQ 2022","Porensky30",0.763112981249081,NA,NA,40.63,-105.27
"SSHigh 2022","Porensky30",0.763691015012798,NA,NA,40.63,-105.27
"SouthEden 2022","Porensky30",0.768484647739761,NA,NA,40.63,-105.27
"Symstad1 2021","Porensky30",0.774578570995794,NA,NA,40.63,-105.27
"Symstad2 2022","Porensky30",0.773968333559461,NA,NA,40.63,-105.27
"TB FIRE 2022","Porensky30",0.773129475883756,NA,NA,40.63,-105.27
"TB LC Control 2022","Porensky30",0.772658895137952,NA,NA,40.63,-105.27
"TB PRAIRIE DOG 2022","Porensky30",0.7728075521131,NA,NA,40.63,-105.27
"Woodruff 2022","Porensky30",0.766744925737403,NA,NA,40.63,-105.27
"dino 2024","Porensky30",0.739123040391012,NA,NA,40.63,-105.27
"AAFC4","Pyke3",0.693401718523108,50.08,-120.65,44.60456358,-120.1924183
"AAFC5","Pyke3",0.73365585311021,50.09,-120.45,44.60456358,-120.1924183
"AAFC6","Pyke3",0.675071424025519,50.09,-120.75,44.60456358,-120.1924183
"AAFC8","Pyke3",0.715700370270008,49.57,-120.55,44.60456358,-120.1924183
"AAFC9","Pyke3",0.721665138681332,49.62,-119.8,44.60456358,-120.1924183
"AAFC10","Pyke3",0.721673943285814,49.71,-120.05,44.60456358,-120.1924183
"Adler5","Pyke3",0.776585685798811,40.79,-111.87,44.60456358,-120.1924183
"Schupp2","Pyke3",0.670817403827771,40.2,-112.46,44.60456358,-120.1924183
"Schupp1","Pyke3",0.669300935789919,39.85,-112.15,44.60456358,-120.1924183
"Adler13","Pyke3",0.669110287476484,41.44,-111.08,44.60456358,-120.1924183
"Adler16","Pyke3",0.690141986765617,41.78,-110.2,44.60456358,-120.1924183
"Adler17","Pyke3",0.690364379486298,41.44,-110.11,44.60456358,-120.1924183
"Adler18","Pyke3",0.724636960798522,40.86,-114.22,44.60456358,-120.1924183
"Barnett1","Pyke3",0.786230320774061,43.48,-110.74,44.60456358,-120.1924183
"Baughman3","Pyke3",0.714748718390867,42.81,-118.96,44.60456358,-120.1924183
"Baughman2","Pyke3",0.69143404141597,43.05,-118.87,44.60456358,-120.1924183
"Chynoweth1","Pyke3",0.673749407311385,39.76604,-109.5635,44.60456358,-120.1924183
"Board1","Pyke3",0.753974458505948,38.84,-117.57,44.60456358,-120.1924183
"Bradford1","Pyke3",0.753489370138445,35.23,-111.62,44.60456358,-120.1924183
"Chambers1","Pyke3",0.638665408434476,39.55,-119.58,44.60456358,-120.1924183
"Chambers2","Pyke3",0.632172062582673,39.95,-118.76,44.60456358,-120.1924183
"Urza1","Pyke3",0.632287094878875,40.35,-119.34,44.60456358,-120.1924183
"Chambers4","Pyke3",0.632096580818068,41.31,-117.63,44.60456358,-120.1924183
"Chambers5","Pyke3",0.627906416599374,41.54,-117.75,44.60456358,-120.1924183
"Chambers6","Pyke3",0.627870517674878,41.54,-117.78,44.60456358,-120.1924183
"Chambers7","Pyke3",0.689223138350646,43.94,-116.19,44.60456358,-120.1924183
"Chambers8","Pyke3",0.714418068033672,42.24,-114.57,44.60456358,-120.1924183
"Chambers9","Pyke3",0.673769074077444,40.66,-116.73,44.60456358,-120.1924183
"Copeland1","Pyke3",0.673818901303376,43.7,-117.33,44.60456358,-120.1924183
"Copeland5","Pyke3",0.808045579970288,42.27,-118.71,44.60456358,-120.1924183
"Copeland9","Pyke3",0.690405192427744,43.47,-119.68,44.60456358,-120.1924183
"Downs1","Pyke3",0.718037858368487,46.38145,-119.430272,44.60456358,-120.1924183
"Downs2","Pyke3",0.710868203931161,46.25045,-119.53334,44.60456358,-120.1924183
"Downs3","Pyke3",0.641808194267651,45.9663,-120.3671,44.60456358,-120.1924183
"Fleishman1","Pyke3",0.683028783369669,38.47,-119.49,44.60456358,-120.1924183
"Fleishman5","Pyke3",0.643141885347877,39.12,-117.27,44.60456358,-120.1924183
"Fleishman7","Pyke3",0.77578253083273,39.17,-117.44,44.60456358,-120.1924183
"Getts1","Pyke3",0.66819958289172,41.17,-120.5,44.60456358,-120.1924183
"Getts3","Pyke3",0.76875122474449,40.43,-120.67,44.60456358,-120.1924183
"Holdrege1","Pyke3",0.786013767778765,41.61,-111.57,44.60456358,-120.1924183
"Hufft1","Pyke3",0.650922175384514,38.6701,-108.3286,44.60456358,-120.1924183
"Lavin1","Pyke3",0.678220162172434,44.68,-109.07,44.60456358,-120.1924183
"Lavin2","Pyke3",0.7114672024983,45.67,-111.03,44.60456358,-120.1924183
"Lee1","Pyke3",0.632149948657161,36.82340833,-116.0163889,44.60456358,-120.1924183
"Lee2","Pyke3",0.62439680479697,35.3984,-115.7845,44.60456358,-120.1924183
"Lee3","Pyke3",0.632127303444478,36.5247,-115.8987,44.60456358,-120.1924183
"Lee4","Pyke3",0.628052387935664,35.4564,-115.52,44.60456358,-120.1924183
"Leger1","Pyke3",0.669166558671784,39.49,-119.84,44.60456358,-120.1924183
"Maron1","Pyke3",0.689202794459391,46.68,-114.03,44.60456358,-120.1924183
"Maron2","Pyke3",0.69016991946153,46.64,-113.23,44.60456358,-120.1924183
"Porensky30","Pyke3",0.68553401687457,40.63,-105.27,44.60456358,-120.1924183
"Pyke3","Pyke3",1,44.60456358,-120.1924183,44.60456358,-120.1924183
"Pyke8","Pyke3",0.638234314389337,46.74830998,-119.361636,44.60456358,-120.1924183
"Pyke21","Pyke3",0.700563864522844,47.61803776,-119.6830115,44.60456358,-120.1924183
"Pyle1","Pyke3",0.773872511590407,42.35,-118.65,44.60456358,-120.1924183
"Pyle9","Pyke3",0.690146173260969,43.42,-119.62,44.60456358,-120.1924183
"Pyle10","Pyke3",0.643268935796406,43.19,-120,44.60456358,-120.1924183
"Pyle15","Pyke3",0.847189778954228,43.8,-119,44.60456358,-120.1924183
"Pyle17","Pyke3",0.713346012736909,44.36,-118.93,44.60456358,-120.1924183
"Pyle19","Pyke3",0.648742796035788,44.57,-119.65,44.60456358,-120.1924183
"Reed1","Pyke3",0.707722568333599,38.52,-109.47,44.60456358,-120.1924183
"Reed3","Pyke3",0.658872902783448,38.75,-109.79,44.60456358,-120.1924183
"Schupp3","Pyke3",0.662020045241119,38.6,-113.79,44.60456358,-120.1924183
"Schupp4","Pyke3",0.673665576629968,38.52,-113.55,44.60456358,-120.1924183
"Schupp5","Pyke3",0.675254498603858,39.11,-112.74,44.60456358,-120.1924183
"Symstad1","Pyke3",0.673275585695087,44.59,-104.71,44.60456358,-120.1924183
"Symstad2","Pyke3",0.665520505058845,43.87,-103.46,44.60456358,-120.1924183
"Symstad3","Pyke3",0.702582217140583,43.62,-103.47,44.60456358,-120.1924183
"Urza2","Pyke3",0.833472333190057,40.84,-119.56,44.60456358,-120.1924183
"Wilcox2","Pyke3",0.641531801459178,41.31,-105.66,44.60456358,-120.1924183
"Chynoweth2","Pyke3",0.643453018320852,40.29092,-109.68361,44.60456358,-120.1924183
"Chynoweth3","Pyke3",0.641847500713429,39.83576,-109.61202,44.60456358,-120.1924183
"Chynoweth5","Pyke3",0.666184639700318,40.480805,-109.438229,44.60456358,-120.1924183
"Chynoweth7","Pyke3",0.674157209251401,40.533605,-109.523564,44.60456358,-120.1924183
"Chynoweth8","Pyke3",0.643146445433784,40.640878,-109.48689,44.60456358,-120.1924183
"Shriver2","Pyke3",0.78624974548809,48,-114.04,44.60456358,-120.1924183
"Davies03","Pyke3",0.753769380608991,42.68,-118.68,44.60456358,-120.1924183
"GerminoBOP1","Pyke3",0.680112184627867,43.4720833,-116.2338306,44.60456358,-120.1924183
"Mancillas01","Pyke3",0.652888313125415,32.368,-106.56,44.60456358,-120.1924183
"Boise_High 2022","Pyke3",0.82312129960464,NA,NA,44.60456358,-120.1924183
"Boise_Low 2022","Pyke3",0.768983644820261,NA,NA,44.60456358,-120.1924183
"CG PASTURE 2022","Pyke3",0.811633324391843,NA,NA,44.60456358,-120.1924183
"CaseAoyamaS1 2022","Pyke3",0.81251993094153,NA,NA,44.60456358,-120.1924183
"CastValley 2021","Pyke3",0.733868486855395,NA,NA,44.60456358,-120.1924183
"EOARC 2022","Pyke3",0.814906734495013,NA,NA,44.60456358,-120.1924183
"EnsingS1 SuRDC 2022","Pyke3",0.816491076194018,NA,NA,44.60456358,-120.1924183
"EnsingS2 Summerland-Princeton 2022","Pyke3",0.831290740483238,NA,NA,44.60456358,-120.1924183
"EnsingS3 Bear Creek 2022","Pyke3",0.81518728499574,NA,NA,44.60456358,-120.1924183
"EnsingS4 Lundbom 2022","Pyke3",0.827058405966604,NA,NA,44.60456358,-120.1924183
"FAR NORTH CPER 2022","Pyke3",0.798395132253785,NA,NA,44.60456358,-120.1924183
"FtK_Cottonwood_Coulee 2021","Pyke3",0.790118969635355,NA,NA,44.60456358,-120.1924183
"FtK_Lone_Pine 2021","Pyke3",0.787550713846387,NA,NA,44.60456358,-120.1924183
"GoeblS1 2024","Pyke3",0.793083394663384,NA,NA,44.60456358,-120.1924183
"GreenCanyon 2021","Pyke3",0.810647220563554,NA,NA,44.60456358,-120.1924183
"HPGRS AGCR 2022","Pyke3",0.810681592041686,NA,NA,44.60456358,-120.1924183
"HardwareRanch 2022","Pyke3",0.82027476932409,NA,NA,44.60456358,-120.1924183
"K1_vanDiepen 2022","Pyke3",0.815307526183062,NA,NA,44.60456358,-120.1924183
"L1_vanDiepen 2022","Pyke3",0.809652080765022,NA,NA,44.60456358,-120.1924183
"MPG_IR 2021","Pyke3",0.815164068776753,NA,NA,44.60456358,-120.1924183
"MPG_SR 2021","Pyke3",0.814419532010086,NA,NA,44.60456358,-120.1924183
"MPG_TH 2021","Pyke3",0.81473109862536,NA,NA,44.60456358,-120.1924183
"NEAR 4WAY CPER 2022","Pyke3",0.795920328912868,NA,NA,44.60456358,-120.1924183
"NEAR HQ CPER 2022","Pyke3",0.799364838754626,NA,NA,44.60456358,-120.1924183
"NEAR NUTNET 2022","Pyke3",0.797720316643624,NA,NA,44.60456358,-120.1924183
"OttS1 2022","Pyke3",0.805057520587707,NA,NA,44.60456358,-120.1924183
"PMR- Brome 2021","Pyke3",0.822082571983542,NA,NA,44.60456358,-120.1924183
"Pearlwise 2024","Pyke3",0.80859910881757,NA,NA,44.60456358,-120.1924183
"Peavine 2022","Pyke3",0.802206399817653,NA,NA,44.60456358,-120.1924183
"Plymouth 2022","Pyke3",0.78106531636024,NA,NA,44.60456358,-120.1924183
"RedBluff 2023","Pyke3",0.818408167393757,NA,NA,44.60456358,-120.1924183
"Rush_Valley 2022","Pyke3",0.79385695516036,NA,NA,44.60456358,-120.1924183
"SSHQ 2022","Pyke3",0.797741515647827,NA,NA,44.60456358,-120.1924183
"SSHigh 2022","Pyke3",0.806477108572876,NA,NA,44.60456358,-120.1924183
"SouthEden 2022","Pyke3",0.814904021386685,NA,NA,44.60456358,-120.1924183
"Symstad1 2021","Pyke3",0.801006290298625,NA,NA,44.60456358,-120.1924183
"Symstad2 2022","Pyke3",0.799774134125129,NA,NA,44.60456358,-120.1924183
"TB FIRE 2022","Pyke3",0.797676049575039,NA,NA,44.60456358,-120.1924183
"TB LC Control 2022","Pyke3",0.796903089952505,NA,NA,44.60456358,-120.1924183
"TB PRAIRIE DOG 2022","Pyke3",0.797140746776424,NA,NA,44.60456358,-120.1924183
"Woodruff 2022","Pyke3",0.806727700709222,NA,NA,44.60456358,-120.1924183
"dino 2024","Pyke3",0.761302350211117,NA,NA,44.60456358,-120.1924183
"AAFC4","Pyke8",0.625129994959147,50.08,-120.65,46.74830998,-119.361636
"AAFC5","Pyke8",0.632116792564256,50.09,-120.45,46.74830998,-119.361636
"AAFC6","Pyke8",0.638154108417504,50.09,-120.75,46.74830998,-119.361636
"AAFC8","Pyke8",0.645887265041441,49.57,-120.55,46.74830998,-119.361636
"AAFC9","Pyke8",0.628122250754498,49.62,-119.8,46.74830998,-119.361636
"AAFC10","Pyke8",0.628241482621469,49.71,-120.05,46.74830998,-119.361636
"Adler5","Pyke8",0.646042173948858,40.79,-111.87,46.74830998,-119.361636
"Schupp2","Pyke8",0.642682007866747,40.2,-112.46,46.74830998,-119.361636
"Schupp1","Pyke8",0.662517476162979,39.85,-112.15,46.74830998,-119.361636
"Adler13","Pyke8",0.680754456303227,41.44,-111.08,46.74830998,-119.361636
"Adler16","Pyke8",0.636440198981612,41.78,-110.2,46.74830998,-119.361636
"Adler17","Pyke8",0.636601872106477,41.44,-110.11,46.74830998,-119.361636
"Adler18","Pyke8",0.640858237499701,40.86,-114.22,46.74830998,-119.361636
"Barnett1","Pyke8",0.62092992196925,43.48,-110.74,46.74830998,-119.361636
"Baughman3","Pyke8",0.628858036596077,42.81,-118.96,46.74830998,-119.361636
"Baughman2","Pyke8",0.666082046279642,43.05,-118.87,46.74830998,-119.361636
"Chynoweth1","Pyke8",0.64865710413106,39.76604,-109.5635,46.74830998,-119.361636
"Board1","Pyke8",0.619926419656395,38.84,-117.57,46.74830998,-119.361636
"Bradford1","Pyke8",0.619504304585618,35.23,-111.62,46.74830998,-119.361636
"Chambers1","Pyke8",0.611570469535894,39.55,-119.58,46.74830998,-119.361636
"Chambers2","Pyke8",0.606356743832528,39.95,-118.76,46.74830998,-119.361636
"Urza1","Pyke8",0.606502521093113,40.35,-119.34,46.74830998,-119.361636
"Chambers4","Pyke8",0.60628878624552,41.31,-117.63,46.74830998,-119.361636
"Chambers5","Pyke8",0.602259551414971,41.54,-117.75,46.74830998,-119.361636
"Chambers6","Pyke8",0.602195389626251,41.54,-117.78,46.74830998,-119.361636
"Chambers7","Pyke8",0.653835027352184,43.94,-116.19,46.74830998,-119.361636
"Chambers8","Pyke8",0.639466150179834,42.24,-114.57,46.74830998,-119.361636
"Chambers9","Pyke8",0.648710807808568,40.66,-116.73,46.74830998,-119.361636
"Copeland1","Pyke8",0.648704992621217,43.7,-117.33,46.74830998,-119.361636
"Copeland5","Pyke8",0.62866087052101,42.27,-118.71,46.74830998,-119.361636
"Copeland9","Pyke8",0.636637205925362,43.47,-119.68,46.74830998,-119.361636
"Downs1","Pyke8",0.750726020375037,46.38145,-119.430272,46.74830998,-119.361636
"Downs2","Pyke8",0.634759274107297,46.25045,-119.53334,46.74830998,-119.361636
"Downs3","Pyke8",0.600710108648243,45.9663,-120.3671,46.74830998,-119.361636
"Fleishman1","Pyke8",0.646677595330319,38.47,-119.49,46.74830998,-119.361636
"Fleishman5","Pyke8",0.654926556135286,39.12,-117.27,46.74830998,-119.361636
"Fleishman7","Pyke8",0.62017899829455,39.17,-117.44,46.74830998,-119.361636
"Getts1","Pyke8",0.632103923201211,41.17,-120.5,46.74830998,-119.361636
"Getts3","Pyke8",0.625808698153338,40.43,-120.67,46.74830998,-119.361636
"Holdrege1","Pyke8",0.620728762846291,41.61,-111.57,46.74830998,-119.361636
"Hufft1","Pyke8",0.684154131843789,38.6701,-108.3286,46.74830998,-119.361636
"Lavin1","Pyke8",0.658822134804097,44.68,-109.07,46.74830998,-119.361636
"Lavin2","Pyke8",0.629685121977549,45.67,-111.03,46.74830998,-119.361636
"Lee1","Pyke8",0.606433737157596,36.82340833,-116.0163889,46.74830998,-119.361636
"Lee2","Pyke8",0.598947303731816,35.3984,-115.7845,46.74830998,-119.361636
"Lee3","Pyke8",0.60621892283473,36.5247,-115.8987,46.74830998,-119.361636
"Lee4","Pyke8",0.600817856751123,35.4564,-115.52,46.74830998,-119.361636
"Leger1","Pyke8",0.605009510781469,39.49,-119.84,46.74830998,-119.361636
"Maron1","Pyke8",0.643463542720719,46.68,-114.03,46.74830998,-119.361636
"Maron2","Pyke8",0.636427574779126,46.64,-113.23,46.74830998,-119.361636
"Porensky30","Pyke8",0.625138959887311,40.63,-105.27,46.74830998,-119.361636
"Pyke3","Pyke8",0.638234314389337,44.60456358,-120.1924183,46.74830998,-119.361636
"Pyke8","Pyke8",1,46.74830998,-119.361636,46.74830998,-119.361636
"Pyke21","Pyke8",0.633871814243119,47.61803776,-119.6830115,46.74830998,-119.361636
"Pyle1","Pyke8",0.700171268939148,42.35,-118.65,46.74830998,-119.361636
"Pyle9","Pyke8",0.636397298326263,43.42,-119.62,46.74830998,-119.361636
"Pyle10","Pyke8",0.655075304147969,43.19,-120,46.74830998,-119.361636
"Pyle15","Pyke8",0.63601750528105,43.8,-119,46.74830998,-119.361636
"Pyle17","Pyke8",0.63114354968383,44.36,-118.93,46.74830998,-119.361636
"Pyle19","Pyke8",0.638321003036624,44.57,-119.65,46.74830998,-119.361636
"Reed1","Pyke8",0.684884140942195,38.52,-109.47,46.74830998,-119.361636
"Reed3","Pyke8",0.648409621537341,38.75,-109.79,46.74830998,-119.361636
"Schupp3","Pyke8",0.693130122339511,38.6,-113.79,46.74830998,-119.361636
"Schupp4","Pyke8",0.648572601911493,38.52,-113.55,46.74830998,-119.361636
"Schupp5","Pyke8",0.646596121438805,39.11,-112.74,46.74830998,-119.361636
"Symstad1","Pyke8",0.652729682630303,44.59,-104.71,46.74830998,-119.361636
"Symstad2","Pyke8",0.708415874007154,43.87,-103.46,46.74830998,-119.361636
"Symstad3","Pyke8",0.659584191870713,43.62,-103.47,46.74830998,-119.361636
"Urza2","Pyke8",0.638673461235705,40.84,-119.56,46.74830998,-119.361636
"Wilcox2","Pyke8",0.764082230134103,41.31,-105.66,46.74830998,-119.361636
"Chynoweth2","Pyke8",0.655424898389786,40.29092,-109.68361,46.74830998,-119.361636
"Chynoweth3","Pyke8",0.764434455210013,39.83576,-109.61202,46.74830998,-119.361636
"Chynoweth5","Pyke8",0.677185045163919,40.480805,-109.438229,46.74830998,-119.361636
"Chynoweth7","Pyke8",0.649093811341498,40.533605,-109.523564,46.74830998,-119.361636
"Chynoweth8","Pyke8",0.654859969134497,40.640878,-109.48689,46.74830998,-119.361636
"Shriver2","Pyke8",0.620911768595629,48,-114.04,46.74830998,-119.361636
"Davies03","Pyke8",0.619691701763274,42.68,-118.68,46.74830998,-119.361636
"GerminoBOP1","Pyke8",0.656315155851317,43.4720833,-116.2338306,46.74830998,-119.361636
"Mancillas01","Pyke8",0.647532674695295,32.368,-106.56,46.74830998,-119.361636
"Boise_High 2022","Pyke8",0.716279270868109,NA,NA,46.74830998,-119.361636
"Boise_Low 2022","Pyke8",0.712471028164669,NA,NA,46.74830998,-119.361636
"CG PASTURE 2022","Pyke8",0.737101503458176,NA,NA,46.74830998,-119.361636
"CaseAoyamaS1 2022","Pyke8",0.726861892208371,NA,NA,46.74830998,-119.361636
"CastValley 2021","Pyke8",0.72483968660917,NA,NA,46.74830998,-119.361636
"EOARC 2022","Pyke8",0.726028094351657,NA,NA,46.74830998,-119.361636
"EnsingS1 SuRDC 2022","Pyke8",0.732631662431855,NA,NA,46.74830998,-119.361636
"EnsingS2 Summerland-Princeton 2022","Pyke8",0.706442280553565,NA,NA,46.74830998,-119.361636
"EnsingS3 Bear Creek 2022","Pyke8",0.709609551473867,NA,NA,46.74830998,-119.361636
"EnsingS4 Lundbom 2022","Pyke8",0.708415129865454,NA,NA,46.74830998,-119.361636
"FAR NORTH CPER 2022","Pyke8",0.744792615534889,NA,NA,46.74830998,-119.361636
"FtK_Cottonwood_Coulee 2021","Pyke8",0.748898495002511,NA,NA,46.74830998,-119.361636
"FtK_Lone_Pine 2021","Pyke8",0.749743932683874,NA,NA,46.74830998,-119.361636
"GoeblS1 2024","Pyke8",0.726961869783467,NA,NA,46.74830998,-119.361636
"GreenCanyon 2021","Pyke8",0.73554914602006,NA,NA,46.74830998,-119.361636
"HPGRS AGCR 2022","Pyke8",0.737936178037235,NA,NA,46.74830998,-119.361636
"HardwareRanch 2022","Pyke8",0.728598487258777,NA,NA,46.74830998,-119.361636
"K1_vanDiepen 2022","Pyke8",0.713757244722271,NA,NA,46.74830998,-119.361636
"L1_vanDiepen 2022","Pyke8",0.737028273551452,NA,NA,46.74830998,-119.361636
"MPG_IR 2021","Pyke8",0.725144966026697,NA,NA,46.74830998,-119.361636
"MPG_SR 2021","Pyke8",0.727017581728019,NA,NA,46.74830998,-119.361636
"MPG_TH 2021","Pyke8",0.726142450092713,NA,NA,46.74830998,-119.361636
"NEAR 4WAY CPER 2022","Pyke8",0.745401992969567,NA,NA,46.74830998,-119.361636
"NEAR HQ CPER 2022","Pyke8",0.744138604667518,NA,NA,46.74830998,-119.361636
"NEAR NUTNET 2022","Pyke8",0.74488408651106,NA,NA,46.74830998,-119.361636
"OttS1 2022","Pyke8",0.741328943846776,NA,NA,46.74830998,-119.361636
"PMR- Brome 2021","Pyke8",0.725232103215003,NA,NA,46.74830998,-119.361636
"Pearlwise 2024","Pyke8",0.727455086827857,NA,NA,46.74830998,-119.361636
"Peavine 2022","Pyke8",0.69969170672099,NA,NA,46.74830998,-119.361636
"Plymouth 2022","Pyke8",0.702828779672788,NA,NA,46.74830998,-119.361636
"RedBluff 2023","Pyke8",0.729650164228714,NA,NA,46.74830998,-119.361636
"Rush_Valley 2022","Pyke8",0.73490826076049,NA,NA,46.74830998,-119.361636
"SSHQ 2022","Pyke8",0.73970631404964,NA,NA,46.74830998,-119.361636
"SSHigh 2022","Pyke8",0.726172006872877,NA,NA,46.74830998,-119.361636
"SouthEden 2022","Pyke8",0.730132860180441,NA,NA,46.74830998,-119.361636
"Symstad1 2021","Pyke8",0.741386244999378,NA,NA,46.74830998,-119.361636
"Symstad2 2022","Pyke8",0.742372241179342,NA,NA,46.74830998,-119.361636
"TB FIRE 2022","Pyke8",0.746525095465319,NA,NA,46.74830998,-119.361636
"TB LC Control 2022","Pyke8",0.746822521022037,NA,NA,46.74830998,-119.361636
"TB PRAIRIE DOG 2022","Pyke8",0.746738325375006,NA,NA,46.74830998,-119.361636
"Woodruff 2022","Pyke8",0.736561956055543,NA,NA,46.74830998,-119.361636
"dino 2024","Pyke8",0.747661079064837,NA,NA,46.74830998,-119.361636
"AAFC4","Pyke21",0.68205099097182,50.08,-120.65,47.61803776,-119.6830115
"AAFC5","Pyke21",0.683970610566428,50.09,-120.45,47.61803776,-119.6830115
"AAFC6","Pyke21",0.675276923964051,50.09,-120.75,47.61803776,-119.6830115
"AAFC8","Pyke21",0.698725649967891,49.57,-120.55,47.61803776,-119.6830115
"AAFC9","Pyke21",0.681455238330869,49.62,-119.8,47.61803776,-119.6830115
"AAFC10","Pyke21",0.681545367141033,49.71,-120.05,47.61803776,-119.6830115
"Adler5","Pyke21",0.732322979072483,40.79,-111.87,47.61803776,-119.6830115
"Schupp2","Pyke21",0.678124015949398,40.2,-112.46,47.61803776,-119.6830115
"Schupp1","Pyke21",0.678567369009041,39.85,-112.15,47.61803776,-119.6830115
"Adler13","Pyke21",0.667945194693677,41.44,-111.08,47.61803776,-119.6830115
"Adler16","Pyke21",0.705300233047919,41.78,-110.2,47.61803776,-119.6830115
"Adler17","Pyke21",0.70559756249807,41.44,-110.11,47.61803776,-119.6830115
"Adler18","Pyke21",0.717133988008987,40.86,-114.22,47.61803776,-119.6830115
"Barnett1","Pyke21",0.755659010435137,43.48,-110.74,47.61803776,-119.6830115
"Baughman3","Pyke21",0.691112129116316,42.81,-118.96,47.61803776,-119.6830115
"Baughman2","Pyke21",0.668527567161601,43.05,-118.87,47.61803776,-119.6830115
"Chynoweth1","Pyke21",0.683010221883661,39.76604,-109.5635,47.61803776,-119.6830115
"Board1","Pyke21",0.680653486768827,38.84,-117.57,47.61803776,-119.6830115
"Bradford1","Pyke21",0.680107695171512,35.23,-111.62,47.61803776,-119.6830115
"Chambers1","Pyke21",0.624340293169402,39.55,-119.58,47.61803776,-119.6830115
"Chambers2","Pyke21",0.618511975628297,39.95,-118.76,47.61803776,-119.6830115
"Urza1","Pyke21",0.618652060009052,40.35,-119.34,47.61803776,-119.6830115
"Chambers4","Pyke21",0.618469319544144,41.31,-117.63,47.61803776,-119.6830115
"Chambers5","Pyke21",0.614377254838269,41.54,-117.75,47.61803776,-119.6830115
"Chambers6","Pyke21",0.614301479746004,41.54,-117.78,47.61803776,-119.6830115
"Chambers7","Pyke21",0.689355126105189,43.94,-116.19,47.61803776,-119.6830115
"Chambers8","Pyke21",0.702832739760439,42.24,-114.57,47.61803776,-119.6830115
"Chambers9","Pyke21",0.683023882200293,40.66,-116.73,47.61803776,-119.6830115
"Copeland1","Pyke21",0.683050914600893,43.7,-117.33,47.61803776,-119.6830115
"Copeland5","Pyke21",0.72152908425096,42.27,-118.71,47.61803776,-119.6830115
"Copeland9","Pyke21",0.705683598536614,43.47,-119.68,47.61803776,-119.6830115
"Downs1","Pyke21",0.670736137469965,46.38145,-119.430272,47.61803776,-119.6830115
"Downs2","Pyke21",0.693900014424152,46.25045,-119.53334,47.61803776,-119.6830115
"Downs3","Pyke21",0.637547522568972,45.9663,-120.3671,47.61803776,-119.6830115
"Fleishman1","Pyke21",0.707938640161131,38.47,-119.49,47.61803776,-119.6830115
"Fleishman5","Pyke21",0.660841840371667,39.12,-117.27,47.61803776,-119.6830115
"Fleishman7","Pyke21",0.688583471134424,39.17,-117.44,47.61803776,-119.6830115
"Getts1","Pyke21",0.649033276051905,41.17,-120.5,47.61803776,-119.6830115
"Getts3","Pyke21",0.758161533102713,40.43,-120.67,47.61803776,-119.6830115
"Holdrege1","Pyke21",0.755565785507161,41.61,-111.57,47.61803776,-119.6830115
"Hufft1","Pyke21",0.707203843552935,38.6701,-108.3286,47.61803776,-119.6830115
"Lavin1","Pyke21",0.690814455574007,44.68,-109.07,47.61803776,-119.6830115
"Lavin2","Pyke21",0.687424709280614,45.67,-111.03,47.61803776,-119.6830115
"Lee1","Pyke21",0.618511449788659,36.82340833,-116.0163889,47.61803776,-119.6830115
"Lee2","Pyke21",0.610274084860023,35.3984,-115.7845,47.61803776,-119.6830115
"Lee3","Pyke21",0.618413500206097,36.5247,-115.8987,47.61803776,-119.6830115
"Lee4","Pyke21",0.615783600056012,35.4564,-115.52,47.61803776,-119.6830115
"Leger1","Pyke21",0.656121004376971,39.49,-119.84,47.61803776,-119.6830115
"Maron1","Pyke21",0.673368593360305,46.68,-114.03,47.61803776,-119.6830115
"Maron2","Pyke21",0.705373326019745,46.64,-113.23,47.61803776,-119.6830115
"Porensky30","Pyke21",0.671323540658007,40.63,-105.27,47.61803776,-119.6830115
"Pyke3","Pyke21",0.700563864522844,44.60456358,-120.1924183,47.61803776,-119.6830115
"Pyke8","Pyke21",0.633871814243119,46.74830998,-119.361636,47.61803776,-119.6830115
"Pyke21","Pyke21",0.999999999999999,47.61803776,-119.6830115,47.61803776,-119.6830115
"Pyle1","Pyke21",0.761925965130458,42.35,-118.65,47.61803776,-119.6830115
"Pyle9","Pyke21",0.705276397198663,43.42,-119.62,47.61803776,-119.6830115
"Pyle10","Pyke21",0.660966168563488,43.19,-120,47.61803776,-119.6830115
"Pyle15","Pyke21",0.703030376626124,43.8,-119,47.61803776,-119.6830115
"Pyle17","Pyke21",0.678022115310291,44.36,-118.93,47.61803776,-119.6830115
"Pyle19","Pyke21",0.661733543110318,44.57,-119.65,47.61803776,-119.6830115
"Reed1","Pyke21",0.66385319488502,38.52,-109.47,47.61803776,-119.6830115
"Reed3","Pyke21",0.665064567706377,38.75,-109.79,47.61803776,-119.6830115
"Schupp3","Pyke21",0.671403347585807,38.6,-113.79,47.61803776,-119.6830115
"Schupp4","Pyke21",0.682877503649937,38.52,-113.55,47.61803776,-119.6830115
"Schupp5","Pyke21",0.682791458231757,39.11,-112.74,47.61803776,-119.6830115
"Symstad1","Pyke21",0.708907693689762,44.59,-104.71,47.61803776,-119.6830115
"Symstad2","Pyke21",0.649754150575493,43.87,-103.46,47.61803776,-119.6830115
"Symstad3","Pyke21",0.695207320951253,43.62,-103.47,47.61803776,-119.6830115
"Urza2","Pyke21",0.729197813317339,40.84,-119.56,47.61803776,-119.6830115
"Wilcox2","Pyke21",0.646723988959207,41.31,-105.66,47.61803776,-119.6830115
"Chynoweth2","Pyke21",0.661249087384432,40.29092,-109.68361,47.61803776,-119.6830115
"Chynoweth3","Pyke21",0.647027240325726,39.83576,-109.61202,47.61803776,-119.6830115
"Chynoweth5","Pyke21",0.674051619270499,40.480805,-109.438229,47.61803776,-119.6830115
"Chynoweth7","Pyke21",0.683407028234108,40.533605,-109.523564,47.61803776,-119.6830115
"Chynoweth8","Pyke21",0.660830642355592,40.640878,-109.48689,47.61803776,-119.6830115
"Shriver2","Pyke21",0.75563679178727,48,-114.04,47.61803776,-119.6830115
"Davies03","Pyke21",0.680330981436021,42.68,-118.68,47.61803776,-119.6830115
"GerminoBOP1","Pyke21",0.67574489746138,43.4720833,-116.2338306,47.61803776,-119.6830115
"Mancillas01","Pyke21",0.666184410735335,32.368,-106.56,47.61803776,-119.6830115
"Boise_High 2022","Pyke21",0.78375819063554,NA,NA,47.61803776,-119.6830115
"Boise_Low 2022","Pyke21",0.749340316326418,NA,NA,47.61803776,-119.6830115
"CG PASTURE 2022","Pyke21",0.788323788970078,NA,NA,47.61803776,-119.6830115
"CaseAoyamaS1 2022","Pyke21",0.784752893557834,NA,NA,47.61803776,-119.6830115
"CastValley 2021","Pyke21",0.73342528007952,NA,NA,47.61803776,-119.6830115
"EOARC 2022","Pyke21",0.785745672945468,NA,NA,47.61803776,-119.6830115
"EnsingS1 SuRDC 2022","Pyke21",0.789841011725296,NA,NA,47.61803776,-119.6830115
"EnsingS2 Summerland-Princeton 2022","Pyke21",0.783484912014742,NA,NA,47.61803776,-119.6830115
"EnsingS3 Bear Creek 2022","Pyke21",0.774310633982182,NA,NA,47.61803776,-119.6830115
"EnsingS4 Lundbom 2022","Pyke21",0.790538741808196,NA,NA,47.61803776,-119.6830115
"FAR NORTH CPER 2022","Pyke21",0.783219060664344,NA,NA,47.61803776,-119.6830115
"FtK_Cottonwood_Coulee 2021","Pyke21",0.788194888734223,NA,NA,47.61803776,-119.6830115
"FtK_Lone_Pine 2021","Pyke21",0.787032047522354,NA,NA,47.61803776,-119.6830115
"GoeblS1 2024","Pyke21",0.765113604391375,NA,NA,47.61803776,-119.6830115
"GreenCanyon 2021","Pyke21",0.789629114797048,NA,NA,47.61803776,-119.6830115
"HPGRS AGCR 2022","Pyke21",0.78795280100672,NA,NA,47.61803776,-119.6830115
"HardwareRanch 2022","Pyke21",0.79326918355506,NA,NA,47.61803776,-119.6830115
"K1_vanDiepen 2022","Pyke21",0.784984981159691,NA,NA,47.61803776,-119.6830115
"L1_vanDiepen 2022","Pyke21",0.791289960882715,NA,NA,47.61803776,-119.6830115
"MPG_IR 2021","Pyke21",0.789065227539729,NA,NA,47.61803776,-119.6830115
"MPG_SR 2021","Pyke21",0.789638839164484,NA,NA,47.61803776,-119.6830115
"MPG_TH 2021","Pyke21",0.789300075589476,NA,NA,47.61803776,-119.6830115
"NEAR 4WAY CPER 2022","Pyke21",0.781849565017563,NA,NA,47.61803776,-119.6830115
"NEAR HQ CPER 2022","Pyke21",0.783179955236122,NA,NA,47.61803776,-119.6830115
"NEAR NUTNET 2022","Pyke21",0.78272650291618,NA,NA,47.61803776,-119.6830115
"OttS1 2022","Pyke21",0.787691059626785,NA,NA,47.61803776,-119.6830115
"PMR- Brome 2021","Pyke21",0.784761755588476,NA,NA,47.61803776,-119.6830115
"Pearlwise 2024","Pyke21",0.78023670865209,NA,NA,47.61803776,-119.6830115
"Peavine 2022","Pyke21",0.756959786667813,NA,NA,47.61803776,-119.6830115
"Plymouth 2022","Pyke21",0.745998165428702,NA,NA,47.61803776,-119.6830115
"RedBluff 2023","Pyke21",0.789580706944034,NA,NA,47.61803776,-119.6830115
"Rush_Valley 2022","Pyke21",0.77588176552888,NA,NA,47.61803776,-119.6830115
"SSHQ 2022","Pyke21",0.792932545307099,NA,NA,47.61803776,-119.6830115
"SSHigh 2022","Pyke21",0.790729335663544,NA,NA,47.61803776,-119.6830115
"SouthEden 2022","Pyke21",0.795162488834104,NA,NA,47.61803776,-119.6830115
"Symstad1 2021","Pyke21",0.78541696854342,NA,NA,47.61803776,-119.6830115
"Symstad2 2022","Pyke21",0.785219565253182,NA,NA,47.61803776,-119.6830115
"TB FIRE 2022","Pyke21",0.788146616681593,NA,NA,47.61803776,-119.6830115
"TB LC Control 2022","Pyke21",0.787879030429816,NA,NA,47.61803776,-119.6830115
"TB PRAIRIE DOG 2022","Pyke21",0.787985091295875,NA,NA,47.61803776,-119.6830115
"Woodruff 2022","Pyke21",0.794902909352975,NA,NA,47.61803776,-119.6830115
"dino 2024","Pyke21",0.770590445794618,NA,NA,47.61803776,-119.6830115
"AAFC4","Pyle1",0.750456371410788,50.08,-120.65,42.35,-118.65
"AAFC5","Pyle1",0.73735582201385,50.09,-120.45,42.35,-118.65
"AAFC6","Pyle1",0.73232468826489,50.09,-120.75,42.35,-118.65
"AAFC8","Pyle1",0.738578519306995,49.57,-120.55,42.35,-118.65
"AAFC9","Pyle1",0.727202244315846,49.62,-119.8,42.35,-118.65
"AAFC10","Pyle1",0.72733418423231,49.71,-120.05,42.35,-118.65
"Adler5","Pyle1",0.753041639649306,40.79,-111.87,42.35,-118.65
"Schupp2","Pyle1",0.789599580740137,40.2,-112.46,42.35,-118.65
"Schupp1","Pyle1",0.769224115865718,39.85,-112.15,42.35,-118.65
"Adler13","Pyle1",0.727603301737404,41.44,-111.08,42.35,-118.65
"Adler16","Pyle1",0.739595855519322,41.78,-110.2,42.35,-118.65
"Adler17","Pyle1",0.739833564854079,41.44,-110.11,42.35,-118.65
"Adler18","Pyle1",0.818568505995254,40.86,-114.22,42.35,-118.65
"Barnett1","Pyle1",0.776057622817857,43.48,-110.74,42.35,-118.65
"Baughman3","Pyle1",0.728400451601164,42.81,-118.96,42.35,-118.65
"Baughman2","Pyle1",0.74749125189118,43.05,-118.87,42.35,-118.65
"Chynoweth1","Pyle1",0.736360502036849,39.76604,-109.5635,42.35,-118.65
"Board1","Pyle1",0.773674864712637,38.84,-117.57,42.35,-118.65
"Bradford1","Pyle1",0.773176385072593,35.23,-111.62,42.35,-118.65
"Chambers1","Pyle1",0.676848027495192,39.55,-119.58,42.35,-118.65
"Chambers2","Pyle1",0.669903775304417,39.95,-118.76,42.35,-118.65
"Urza1","Pyle1",0.670051671268077,40.35,-119.34,42.35,-118.65
"Chambers4","Pyle1",0.6698873305661,41.31,-117.63,42.35,-118.65
"Chambers5","Pyle1",0.665069817270611,41.54,-117.75,42.35,-118.65
"Chambers6","Pyle1",0.665043775355729,41.54,-117.78,42.35,-118.65
"Chambers7","Pyle1",0.736281210839295,43.94,-116.19,42.35,-118.65
"Chambers8","Pyle1",0.817907583433807,42.24,-114.57,42.35,-118.65
"Chambers9","Pyle1",0.736402983079118,40.66,-116.73,42.35,-118.65
"Copeland1","Pyle1",0.736422411226452,43.7,-117.33,42.35,-118.65
"Copeland5","Pyle1",0.777172842236533,42.27,-118.71,42.35,-118.65
"Copeland9","Pyle1",0.739855792726397,43.47,-119.68,42.35,-118.65
"Downs1","Pyle1",0.722566010429569,46.38145,-119.430272,42.35,-118.65
"Downs2","Pyle1",0.735585253685088,46.25045,-119.53334,42.35,-118.65
"Downs3","Pyle1",0.675461857297217,45.9663,-120.3671,42.35,-118.65
"Fleishman1","Pyle1",0.74506771466166,38.47,-119.49,42.35,-118.65
"Fleishman5","Pyle1",0.843268034560513,39.12,-117.27,42.35,-118.65
"Fleishman7","Pyle1",0.769590029350108,39.17,-117.44,42.35,-118.65
"Getts1","Pyle1",0.70231986545963,41.17,-120.5,42.35,-118.65
"Getts3","Pyle1",0.78992760939523,40.43,-120.67,42.35,-118.65
"Holdrege1","Pyle1",0.775855557489008,41.61,-111.57,42.35,-118.65
"Hufft1","Pyle1",0.725461495515778,38.6701,-108.3286,42.35,-118.65
"Lavin1","Pyle1",0.754042389847091,44.68,-109.07,42.35,-118.65
"Lavin2","Pyle1",0.742370280757699,45.67,-111.03,42.35,-118.65
"Lee1","Pyle1",0.669919147555686,36.82340833,-116.0163889,42.35,-118.65
"Lee2","Pyle1",0.660421610891086,35.3984,-115.7845,42.35,-118.65
"Lee3","Pyle1",0.669796054740981,36.5247,-115.8987,42.35,-118.65
"Lee4","Pyle1",0.664986455863987,35.4564,-115.52,42.35,-118.65
"Leger1","Pyle1",0.71185379935461,39.49,-119.84,42.35,-118.65
"Maron1","Pyle1",0.741041083200299,46.68,-114.03,42.35,-118.65
"Maron2","Pyle1",0.739559911939394,46.64,-113.23,42.35,-118.65
"Porensky30","Pyle1",0.720632784074636,40.63,-105.27,42.35,-118.65
"Pyke3","Pyle1",0.773872511590407,44.60456358,-120.1924183,42.35,-118.65
"Pyke8","Pyle1",0.700171268939148,46.74830998,-119.361636,42.35,-118.65
"Pyke21","Pyle1",0.761925965130458,47.61803776,-119.6830115,42.35,-118.65
"Pyle1","Pyle1",1,42.35,-118.65,42.35,-118.65
"Pyle9","Pyle1",0.73953484966181,43.42,-119.62,42.35,-118.65
"Pyle10","Pyle1",0.84336553759708,43.19,-120,42.35,-118.65
"Pyle15","Pyle1",0.754724299895256,43.8,-119,42.35,-118.65
"Pyle17","Pyle1",0.728298012411208,44.36,-118.93,42.35,-118.65
"Pyle19","Pyle1",0.712980849317521,44.57,-119.65,42.35,-118.65
"Reed1","Pyle1",0.738248439027353,38.52,-109.47,42.35,-118.65
"Reed3","Pyle1",0.720832542425073,38.75,-109.79,42.35,-118.65
"Schupp3","Pyle1",0.74140463793431,38.6,-113.79,42.35,-118.65
"Schupp4","Pyle1",0.73625197769312,38.52,-113.55,42.35,-118.65
"Schupp5","Pyle1",0.7415760925067,39.11,-112.74,42.35,-118.65
"Symstad1","Pyle1",0.730654631385918,44.59,-104.71,42.35,-118.65
"Symstad2","Pyle1",0.712572684331037,43.87,-103.46,42.35,-118.65
"Symstad3","Pyle1",0.75478623681273,43.62,-103.47,42.35,-118.65
"Urza2","Pyle1",0.767480836474416,40.84,-119.56,42.35,-118.65
"Wilcox2","Pyle1",0.715053510967921,41.31,-105.66,42.35,-118.65
"Chynoweth2","Pyle1",0.843573577101312,40.29092,-109.68361,42.35,-118.65
"Chynoweth3","Pyle1",0.71539425522028,39.83576,-109.61202,42.35,-118.65
"Chynoweth5","Pyle1",0.842385623058128,40.480805,-109.438229,42.35,-118.65
"Chynoweth7","Pyle1",0.736845279826065,40.533605,-109.523564,42.35,-118.65
"Chynoweth8","Pyle1",0.843240172153928,40.640878,-109.48689,42.35,-118.65
"Shriver2","Pyle1",0.776096448761056,48,-114.04,42.35,-118.65
"Davies03","Pyle1",0.7733963018709,42.68,-118.68,42.35,-118.65
"GerminoBOP1","Pyle1",0.739259488645867,43.4720833,-116.2338306,42.35,-118.65
"Mancillas01","Pyle1",0.721435015539461,32.368,-106.56,42.35,-118.65
"Boise_High 2022","Pyle1",0.86228015733832,NA,NA,42.35,-118.65
"Boise_Low 2022","Pyle1",0.823183792654237,NA,NA,42.35,-118.65
"CG PASTURE 2022","Pyle1",0.892495990141778,NA,NA,42.35,-118.65
"CaseAoyamaS1 2022","Pyle1",0.86663664404168,NA,NA,42.35,-118.65
"CastValley 2021","Pyle1",0.827440292519569,NA,NA,42.35,-118.65
"EOARC 2022","Pyle1",0.867346287285081,NA,NA,42.35,-118.65
"EnsingS1 SuRDC 2022","Pyle1",0.888323405415386,NA,NA,42.35,-118.65
"EnsingS2 Summerland-Princeton 2022","Pyle1",0.855251915050361,NA,NA,42.35,-118.65
"EnsingS3 Bear Creek 2022","Pyle1",0.846662824797579,NA,NA,42.35,-118.65
"EnsingS4 Lundbom 2022","Pyle1",0.862577164310332,NA,NA,42.35,-118.65
"FAR NORTH CPER 2022","Pyle1",0.889730767404608,NA,NA,42.35,-118.65
"FtK_Cottonwood_Coulee 2021","Pyle1",0.885482673564012,NA,NA,42.35,-118.65
"FtK_Lone_Pine 2021","Pyle1",0.884197167867052,NA,NA,42.35,-118.65
"GoeblS1 2024","Pyle1",0.861843572714724,NA,NA,42.35,-118.65
"GreenCanyon 2021","Pyle1",0.889072465848625,NA,NA,42.35,-118.65
"HPGRS AGCR 2022","Pyle1",0.89248203667862,NA,NA,42.35,-118.65
"HardwareRanch 2022","Pyle1",0.888323418843578,NA,NA,42.35,-118.65
"K1_vanDiepen 2022","Pyle1",0.876683709063706,NA,NA,42.35,-118.65
"L1_vanDiepen 2022","Pyle1",0.892533145238557,NA,NA,42.35,-118.65
"MPG_IR 2021","Pyle1",0.888222160604737,NA,NA,42.35,-118.65
"MPG_SR 2021","Pyle1",0.889503960706785,NA,NA,42.35,-118.65
"MPG_TH 2021","Pyle1",0.888939601323054,NA,NA,42.35,-118.65
"NEAR 4WAY CPER 2022","Pyle1",0.888542425238941,NA,NA,42.35,-118.65
"NEAR HQ CPER 2022","Pyle1",0.890138727388434,NA,NA,42.35,-118.65
"NEAR NUTNET 2022","Pyle1",0.889411463087336,NA,NA,42.35,-118.65
"OttS1 2022","Pyle1",0.890140455066907,NA,NA,42.35,-118.65
"PMR- Brome 2021","Pyle1",0.883362420756017,NA,NA,42.35,-118.65
"Pearlwise 2024","Pyle1",0.86858931828725,NA,NA,42.35,-118.65
"Peavine 2022","Pyle1",0.832389472850653,NA,NA,42.35,-118.65
"Plymouth 2022","Pyle1",0.824220173278455,NA,NA,42.35,-118.65
"RedBluff 2023","Pyle1",0.887962020108537,NA,NA,42.35,-118.65
"Rush_Valley 2022","Pyle1",0.872665581269943,NA,NA,42.35,-118.65
"SSHQ 2022","Pyle1",0.889330620621829,NA,NA,42.35,-118.65
"SSHigh 2022","Pyle1",0.883018236882106,NA,NA,42.35,-118.65
"SouthEden 2022","Pyle1",0.887899224949555,NA,NA,42.35,-118.65
"Symstad1 2021","Pyle1",0.894835439173037,NA,NA,42.35,-118.65
"Symstad2 2022","Pyle1",0.894868859310062,NA,NA,42.35,-118.65
"TB FIRE 2022","Pyle1",0.887337486252993,NA,NA,42.35,-118.65
"TB LC Control 2022","Pyle1",0.887044242140273,NA,NA,42.35,-118.65
"TB PRAIRIE DOG 2022","Pyle1",0.887117008753894,NA,NA,42.35,-118.65
"Woodruff 2022","Pyle1",0.890697027143021,NA,NA,42.35,-118.65
"dino 2024","Pyle1",0.871116250978749,NA,NA,42.35,-118.65
"AAFC4","Pyle9",0.694783130791433,50.08,-120.65,43.42,-119.62
"AAFC5","Pyle9",0.671671086141907,50.09,-120.45,43.42,-119.62
"AAFC6","Pyle9",0.690793066702302,50.09,-120.75,43.42,-119.62
"AAFC8","Pyle9",0.719544997161605,49.57,-120.55,43.42,-119.62
"AAFC9","Pyle9",0.662727125259574,49.62,-119.8,43.42,-119.62
"AAFC10","Pyle9",0.662826216724336,49.71,-120.05,43.42,-119.62
"Adler5","Pyle9",0.664372725256559,40.79,-111.87,43.42,-119.62
"Schupp2","Pyle9",0.666587391836068,40.2,-112.46,43.42,-119.62
"Schupp1","Pyle9",0.673554329920464,39.85,-112.15,43.42,-119.62
"Adler13","Pyle9",0.688680470300786,41.44,-111.08,43.42,-119.62
"Adler16","Pyle9",0.99959146152467,41.78,-110.2,43.42,-119.62
"Adler17","Pyle9",0.999551683413356,41.44,-110.11,43.42,-119.62
"Adler18","Pyle9",0.665553815569418,40.86,-114.22,43.42,-119.62
"Barnett1","Pyle9",0.666833292083341,43.48,-110.74,43.42,-119.62
"Baughman3","Pyle9",0.677276719202171,42.81,-118.96,43.42,-119.62
"Baughman2","Pyle9",0.672422035525325,43.05,-118.87,43.42,-119.62
"Chynoweth1","Pyle9",0.718206549249278,39.76604,-109.5635,43.42,-119.62
"Board1","Pyle9",0.680207734936518,38.84,-117.57,43.42,-119.62
"Bradford1","Pyle9",0.67974569546257,35.23,-111.62,43.42,-119.62
"Chambers1","Pyle9",0.619432302318401,39.55,-119.58,43.42,-119.62
"Chambers2","Pyle9",0.613440807816896,39.95,-118.76,43.42,-119.62
"Urza1","Pyle9",0.613606976882422,40.35,-119.34,43.42,-119.62
"Chambers4","Pyle9",0.613460294690118,41.31,-117.63,43.42,-119.62
"Chambers5","Pyle9",0.609180072438099,41.54,-117.75,43.42,-119.62
"Chambers6","Pyle9",0.609175800065502,41.54,-117.78,43.42,-119.62
"Chambers7","Pyle9",0.699569416447059,43.94,-116.19,43.42,-119.62
"Chambers8","Pyle9",0.658369874416995,42.24,-114.57,43.42,-119.62
"Chambers9","Pyle9",0.718244789115942,40.66,-116.73,43.42,-119.62
"Copeland1","Pyle9",0.718243182087813,43.7,-117.33,43.42,-119.62
"Copeland5","Pyle9",0.657781929233694,42.27,-118.71,43.42,-119.62
"Copeland9","Pyle9",0.999478788606305,43.47,-119.68,43.42,-119.62
"Downs1","Pyle9",0.643128575178046,46.38145,-119.430272,43.42,-119.62
"Downs2","Pyle9",0.657668398274999,46.25045,-119.53334,43.42,-119.62
"Downs3","Pyle9",0.630405035089161,45.9663,-120.3671,43.42,-119.62
"Fleishman1","Pyle9",0.737235341365042,38.47,-119.49,43.42,-119.62
"Fleishman5","Pyle9",0.652329882449667,39.12,-117.27,43.42,-119.62
"Fleishman7","Pyle9",0.672066021139925,39.17,-117.44,43.42,-119.62
"Getts1","Pyle9",0.64777134321087,41.17,-120.5,43.42,-119.62
"Getts3","Pyle9",0.68298395563498,40.43,-120.67,43.42,-119.62
"Holdrege1","Pyle9",0.666603140594302,41.61,-111.57,43.42,-119.62
"Hufft1","Pyle9",0.665424860951638,38.6701,-108.3286,43.42,-119.62
"Lavin1","Pyle9",0.707108046005295,44.68,-109.07,43.42,-119.62
"Lavin2","Pyle9",0.677428651751157,45.67,-111.03,43.42,-119.62
"Lee1","Pyle9",0.613507700366166,36.82340833,-116.0163889,43.42,-119.62
"Lee2","Pyle9",0.606022405020147,35.3984,-115.7845,43.42,-119.62
"Lee3","Pyle9",0.613328776560087,36.5247,-115.8987,43.42,-119.62
"Lee4","Pyle9",0.609064847445083,35.4564,-115.52,43.42,-119.62
"Leger1","Pyle9",0.628065230092113,39.49,-119.84,43.42,-119.62
"Maron1","Pyle9",0.698740948538644,46.68,-114.03,43.42,-119.62
"Maron2","Pyle9",0.99964911045973,46.64,-113.23,43.42,-119.62
"Porensky30","Pyle9",0.661988275643447,40.63,-105.27,43.42,-119.62
"Pyke3","Pyle9",0.690146173260969,44.60456358,-120.1924183,43.42,-119.62
"Pyke8","Pyle9",0.636397298326263,46.74830998,-119.361636,43.42,-119.62
"Pyke21","Pyle9",0.705276397198663,47.61803776,-119.6830115,43.42,-119.62
"Pyle1","Pyle9",0.73953484966181,42.35,-118.65,43.42,-119.62
"Pyle9","Pyle9",1,43.42,-119.62,43.42,-119.62
"Pyle10","Pyle9",0.652351699084034,43.19,-120,43.42,-119.62
"Pyle15","Pyle9",0.677828540469941,43.8,-119,43.42,-119.62
"Pyle17","Pyle9",0.660608766341342,44.36,-118.93,43.42,-119.62
"Pyle19","Pyle9",0.676122190485038,44.57,-119.65,43.42,-119.62
"Reed1","Pyle9",0.667880453881141,38.52,-109.47,43.42,-119.62
"Reed3","Pyle9",0.706467105724673,38.75,-109.79,43.42,-119.62
"Schupp3","Pyle9",0.67073295329647,38.6,-113.79,43.42,-119.62
"Schupp4","Pyle9",0.718084458310458,38.52,-113.55,43.42,-119.62
"Schupp5","Pyle9",0.724972519940483,39.11,-112.74,43.42,-119.62
"Symstad1","Pyle9",0.682665307201569,44.59,-104.71,43.42,-119.62
"Symstad2","Pyle9",0.655519691514781,43.87,-103.46,43.42,-119.62
"Symstad3","Pyle9",0.730385227133165,43.62,-103.47,43.42,-119.62
"Urza2","Pyle9",0.713160278790376,40.84,-119.56,43.42,-119.62
"Wilcox2","Pyle9",0.643525953707899,41.31,-105.66,43.42,-119.62
"Chynoweth2","Pyle9",0.652652987901835,40.29092,-109.68361,43.42,-119.62
"Chynoweth3","Pyle9",0.643810513226008,39.83576,-109.61202,43.42,-119.62
"Chynoweth5","Pyle9",0.666539982479084,40.480805,-109.438229,43.42,-119.62
"Chynoweth7","Pyle9",0.718655388869358,40.533605,-109.523564,43.42,-119.62
"Chynoweth8","Pyle9",0.652258359296435,40.640878,-109.48689,43.42,-119.62
"Shriver2","Pyle9",0.66684045011826,48,-114.04,43.42,-119.62
"Davies03","Pyle9",0.679954102770227,42.68,-118.68,43.42,-119.62
"GerminoBOP1","Pyle9",0.71325595461433,43.4720833,-116.2338306,43.42,-119.62
"Mancillas01","Pyle9",0.67952244658709,32.368,-106.56,43.42,-119.62
"Boise_High 2022","Pyle9",0.770159261993553,NA,NA,43.42,-119.62
"Boise_Low 2022","Pyle9",0.729025389814362,NA,NA,43.42,-119.62
"CG PASTURE 2022","Pyle9",0.797140111219591,NA,NA,43.42,-119.62
"CaseAoyamaS1 2022","Pyle9",0.776102888142348,NA,NA,43.42,-119.62
"CastValley 2021","Pyle9",0.711880617364875,NA,NA,43.42,-119.62
"EOARC 2022","Pyle9",0.777189501514317,NA,NA,43.42,-119.62
"EnsingS1 SuRDC 2022","Pyle9",0.780702249976224,NA,NA,43.42,-119.62
"EnsingS2 Summerland-Princeton 2022","Pyle9",0.769148993297332,NA,NA,43.42,-119.62
"EnsingS3 Bear Creek 2022","Pyle9",0.75363114007663,NA,NA,43.42,-119.62
"EnsingS4 Lundbom 2022","Pyle9",0.798467971776365,NA,NA,43.42,-119.62
"FAR NORTH CPER 2022","Pyle9",0.789715037393146,NA,NA,43.42,-119.62
"FtK_Cottonwood_Coulee 2021","Pyle9",0.804300651960813,NA,NA,43.42,-119.62
"FtK_Lone_Pine 2021","Pyle9",0.803041870862107,NA,NA,43.42,-119.62
"GoeblS1 2024","Pyle9",0.753046754196307,NA,NA,43.42,-119.62
"GreenCanyon 2021","Pyle9",0.778536600466502,NA,NA,43.42,-119.62
"HPGRS AGCR 2022","Pyle9",0.796459938725998,NA,NA,43.42,-119.62
"HardwareRanch 2022","Pyle9",0.788601131252928,NA,NA,43.42,-119.62
"K1_vanDiepen 2022","Pyle9",0.790031363553862,NA,NA,43.42,-119.62
"L1_vanDiepen 2022","Pyle9",0.803069309255442,NA,NA,43.42,-119.62
"MPG_IR 2021","Pyle9",0.786186814192108,NA,NA,43.42,-119.62
"MPG_SR 2021","Pyle9",0.787135640841952,NA,NA,43.42,-119.62
"MPG_TH 2021","Pyle9",0.786460135245312,NA,NA,43.42,-119.62
"NEAR 4WAY CPER 2022","Pyle9",0.787687676404663,NA,NA,43.42,-119.62
"NEAR HQ CPER 2022","Pyle9",0.789239881332092,NA,NA,43.42,-119.62
"NEAR NUTNET 2022","Pyle9",0.789010841752642,NA,NA,43.42,-119.62
"OttS1 2022","Pyle9",0.795130087675007,NA,NA,43.42,-119.62
"PMR- Brome 2021","Pyle9",0.78464080238694,NA,NA,43.42,-119.62
"Pearlwise 2024","Pyle9",0.765934815052518,NA,NA,43.42,-119.62
"Peavine 2022","Pyle9",0.733868156024726,NA,NA,43.42,-119.62
"Plymouth 2022","Pyle9",0.724811451443122,NA,NA,43.42,-119.62
"RedBluff 2023","Pyle9",0.794397765872794,NA,NA,43.42,-119.62
"Rush_Valley 2022","Pyle9",0.758831986348528,NA,NA,43.42,-119.62
"SSHQ 2022","Pyle9",0.801453267010975,NA,NA,43.42,-119.62
"SSHigh 2022","Pyle9",0.797948007487666,NA,NA,43.42,-119.62
"SouthEden 2022","Pyle9",0.799190855528596,NA,NA,43.42,-119.62
"Symstad1 2021","Pyle9",0.795807625428462,NA,NA,43.42,-119.62
"Symstad2 2022","Pyle9",0.795570528753746,NA,NA,43.42,-119.62
"TB FIRE 2022","Pyle9",0.799159282432069,NA,NA,43.42,-119.62
"TB LC Control 2022","Pyle9",0.798934938743221,NA,NA,43.42,-119.62
"TB PRAIRIE DOG 2022","Pyle9",0.799071509616379,NA,NA,43.42,-119.62
"Woodruff 2022","Pyle9",0.801506583672984,NA,NA,43.42,-119.62
"dino 2024","Pyle9",0.767341401208384,NA,NA,43.42,-119.62
"AAFC4","Pyle10",0.661603054438552,50.08,-120.65,43.19,-120
"AAFC5","Pyle10",0.648427630763771,50.09,-120.45,43.19,-120
"AAFC6","Pyle10",0.67265505739341,50.09,-120.75,43.19,-120
"AAFC8","Pyle10",0.656485827638389,49.57,-120.55,43.19,-120
"AAFC9","Pyle10",0.63620787929606,49.62,-119.8,43.19,-120
"AAFC10","Pyle10",0.636347544416718,49.71,-120.05,43.19,-120
"Adler5","Pyle10",0.642936843806514,40.79,-111.87,43.19,-120
"Schupp2","Pyle10",0.778781220902578,40.2,-112.46,43.19,-120
"Schupp1","Pyle10",0.7424563577935,39.85,-112.15,43.19,-120
"Adler13","Pyle10",0.677296334341943,41.44,-111.08,43.19,-120
"Adler16","Pyle10",0.652423491635362,41.78,-110.2,43.19,-120
"Adler17","Pyle10",0.652617374744642,41.44,-110.11,43.19,-120
"Adler18","Pyle10",0.743070861294887,40.86,-114.22,43.19,-120
"Barnett1","Pyle10",0.629653411852061,43.48,-110.74,43.19,-120
"Baughman3","Pyle10",0.654033112147777,42.81,-118.96,43.19,-120
"Baughman2","Pyle10",0.690163454515672,43.05,-118.87,43.19,-120
"Chynoweth1","Pyle10",0.665035739223514,39.76604,-109.5635,43.19,-120
"Board1","Pyle10",0.625487534224224,38.84,-117.57,43.19,-120
"Bradford1","Pyle10",0.625058419502526,35.23,-111.62,43.19,-120
"Chambers1","Pyle10",0.619045816268109,39.55,-119.58,43.19,-120
"Chambers2","Pyle10",0.613346477470234,39.95,-118.76,43.19,-120
"Urza1","Pyle10",0.613498652571564,40.35,-119.34,43.19,-120
"Chambers4","Pyle10",0.613370792194877,41.31,-117.63,43.19,-120
"Chambers5","Pyle10",0.609265240787644,41.54,-117.75,43.19,-120
"Chambers6","Pyle10",0.609240078044063,41.54,-117.78,43.19,-120
"Chambers7","Pyle10",0.670690316347955,43.94,-116.19,43.19,-120
"Chambers8","Pyle10",0.760965761638989,42.24,-114.57,43.19,-120
"Chambers9","Pyle10",0.665084013198966,40.66,-116.73,43.19,-120
"Copeland1","Pyle10",0.665088256651628,43.7,-117.33,43.19,-120
"Copeland5","Pyle10",0.63224625088691,42.27,-118.71,43.19,-120
"Copeland9","Pyle10",0.65256772316516,43.47,-119.68,43.19,-120
"Downs1","Pyle10",0.657360444792393,46.38145,-119.430272,43.19,-120
"Downs2","Pyle10",0.653108581916287,46.25045,-119.53334,43.19,-120
"Downs3","Pyle10",0.61349795724593,45.9663,-120.3671,43.19,-120
"Fleishman1","Pyle10",0.664345050274082,38.47,-119.49,43.19,-120
"Fleishman5","Pyle10",0.999663894492086,39.12,-117.27,43.19,-120
"Fleishman7","Pyle10",0.62556189509316,39.17,-117.44,43.19,-120
"Getts1","Pyle10",0.632940170958861,41.17,-120.5,43.19,-120
"Getts3","Pyle10",0.637052264625889,40.43,-120.67,43.19,-120
"Holdrege1","Pyle10",0.629452365209538,41.61,-111.57,43.19,-120
"Hufft1","Pyle10",0.683716162207595,38.6701,-108.3286,43.19,-120
"Lavin1","Pyle10",0.699223196666721,44.68,-109.07,43.19,-120
"Lavin2","Pyle10",0.658357171555928,45.67,-111.03,43.19,-120
"Lee1","Pyle10",0.613376351467726,36.82340833,-116.0163889,43.19,-120
"Lee2","Pyle10",0.604986348095398,35.3984,-115.7845,43.19,-120
"Lee3","Pyle10",0.61322624842519,36.5247,-115.8987,43.19,-120
"Lee4","Pyle10",0.60687590543534,35.4564,-115.52,43.19,-120
"Leger1","Pyle10",0.614142926584834,39.49,-119.84,43.19,-120
"Maron1","Pyle10",0.665753306077175,46.68,-114.03,43.19,-120
"Maron2","Pyle10",0.652337519822766,46.64,-113.23,43.19,-120
"Porensky30","Pyle10",0.643406547626261,40.63,-105.27,43.19,-120
"Pyke3","Pyle10",0.643268935796406,44.60456358,-120.1924183,43.19,-120
"Pyke8","Pyle10",0.655075304147969,46.74830998,-119.361636,43.19,-120
"Pyke21","Pyle10",0.660966168563488,47.61803776,-119.6830115,43.19,-120
"Pyle1","Pyle10",0.84336553759708,42.35,-118.65,43.19,-120
"Pyle9","Pyle10",0.652351699084034,43.42,-119.62,43.19,-120
"Pyle10","Pyle10",1,43.19,-120,43.19,-120
"Pyle15","Pyle10",0.644554216604108,43.8,-119,43.19,-120
"Pyle17","Pyle10",0.647430794037712,44.36,-118.93,43.19,-120
"Pyle19","Pyle10",0.655329386306374,44.57,-119.65,43.19,-120
"Reed1","Pyle10",0.669050222218837,38.52,-109.47,43.19,-120
"Reed3","Pyle10",0.657148134015882,38.75,-109.79,43.19,-120
"Schupp3","Pyle10",0.708228996231751,38.6,-113.79,43.19,-120
"Schupp4","Pyle10",0.664945626322809,38.52,-113.55,43.19,-120
"Schupp5","Pyle10",0.659895261934567,39.11,-112.74,43.19,-120
"Symstad1","Pyle10",0.673150396686867,44.59,-104.71,43.19,-120
"Symstad2","Pyle10",0.646825640236859,43.87,-103.46,43.19,-120
"Symstad3","Pyle10",0.674889374829835,43.62,-103.47,43.19,-120
"Urza2","Pyle10",0.655925295073492,40.84,-119.56,43.19,-120
"Wilcox2","Pyle10",0.678156686475971,41.31,-105.66,43.19,-120
"Chynoweth2","Pyle10",0.999535511335565,40.29092,-109.68361,43.19,-120
"Chynoweth3","Pyle10",0.678449013584049,39.83576,-109.61202,43.19,-120
"Chynoweth5","Pyle10",0.918510059051112,40.480805,-109.438229,43.19,-120
"Chynoweth7","Pyle10",0.665461076673707,40.533605,-109.523564,43.19,-120
"Chynoweth8","Pyle10",0.99969542276192,40.640878,-109.48689,43.19,-120
"Shriver2","Pyle10",0.629667195208278,48,-114.04,43.19,-120
"Davies03","Pyle10",0.625242071291968,42.68,-118.68,43.19,-120
"GerminoBOP1","Pyle10",0.673741880325833,43.4720833,-116.2338306,43.19,-120
"Mancillas01","Pyle10",0.664242691873645,32.368,-106.56,43.19,-120
"Boise_High 2022","Pyle10",0.72854544482077,NA,NA,43.19,-120
"Boise_Low 2022","Pyle10",0.730220778331283,NA,NA,43.19,-120
"CG PASTURE 2022","Pyle10",0.765642720340202,NA,NA,43.19,-120
"CaseAoyamaS1 2022","Pyle10",0.744440664992258,NA,NA,43.19,-120
"CastValley 2021","Pyle10",0.767106684539736,NA,NA,43.19,-120
"EOARC 2022","Pyle10",0.742986572890843,NA,NA,43.19,-120
"EnsingS1 SuRDC 2022","Pyle10",0.75964735909701,NA,NA,43.19,-120
"EnsingS2 Summerland-Princeton 2022","Pyle10",0.714311323443917,NA,NA,43.19,-120
"EnsingS3 Bear Creek 2022","Pyle10",0.718876802289083,NA,NA,43.19,-120
"EnsingS4 Lundbom 2022","Pyle10",0.722404660494425,NA,NA,43.19,-120
"FAR NORTH CPER 2022","Pyle10",0.778006439081307,NA,NA,43.19,-120
"FtK_Cottonwood_Coulee 2021","Pyle10",0.786400198528698,NA,NA,43.19,-120
"FtK_Lone_Pine 2021","Pyle10",0.788065637992005,NA,NA,43.19,-120
"GoeblS1 2024","Pyle10",0.750083883266574,NA,NA,43.19,-120
"GreenCanyon 2021","Pyle10",0.765706330939692,NA,NA,43.19,-120
"HPGRS AGCR 2022","Pyle10",0.766773118267719,NA,NA,43.19,-120
"HardwareRanch 2022","Pyle10",0.754532633476095,NA,NA,43.19,-120
"K1_vanDiepen 2022","Pyle10",0.739355002193887,NA,NA,43.19,-120
"L1_vanDiepen 2022","Pyle10",0.768328144514572,NA,NA,43.19,-120
"MPG_IR 2021","Pyle10",0.754709562183547,NA,NA,43.19,-120
"MPG_SR 2021","Pyle10",0.757242753532383,NA,NA,43.19,-120
"MPG_TH 2021","Pyle10",0.756098974119846,NA,NA,43.19,-120
"NEAR 4WAY CPER 2022","Pyle10",0.779375620893903,NA,NA,43.19,-120
"NEAR HQ CPER 2022","Pyle10",0.777030603653177,NA,NA,43.19,-120
"NEAR NUTNET 2022","Pyle10",0.778286046020414,NA,NA,43.19,-120
"OttS1 2022","Pyle10",0.772011773143194,NA,NA,43.19,-120
"PMR- Brome 2021","Pyle10",0.745613096120313,NA,NA,43.19,-120
"Pearlwise 2024","Pyle10",0.747860719808776,NA,NA,43.19,-120
"Peavine 2022","Pyle10",0.707377593999961,NA,NA,43.19,-120
"Plymouth 2022","Pyle10",0.714858961229248,NA,NA,43.19,-120
"RedBluff 2023","Pyle10",0.754518959113678,NA,NA,43.19,-120
"Rush_Valley 2022","Pyle10",0.765147780253718,NA,NA,43.19,-120
"SSHQ 2022","Pyle10",0.778486811792705,NA,NA,43.19,-120
"SSHigh 2022","Pyle10",0.7586948900007,NA,NA,43.19,-120
"SouthEden 2022","Pyle10",0.759106326330003,NA,NA,43.19,-120
"Symstad1 2021","Pyle10",0.776830066840857,NA,NA,43.19,-120
"Symstad2 2022","Pyle10",0.778446437975641,NA,NA,43.19,-120
"TB FIRE 2022","Pyle10",0.779759046021363,NA,NA,43.19,-120
"TB LC Control 2022","Pyle10",0.780333820603094,NA,NA,43.19,-120
"TB PRAIRIE DOG 2022","Pyle10",0.780157889953538,NA,NA,43.19,-120
"Woodruff 2022","Pyle10",0.770676613581777,NA,NA,43.19,-120
"dino 2024","Pyle10",0.799302206423872,NA,NA,43.19,-120
"AAFC4","Pyle15",0.682741102787068,50.08,-120.65,43.8,-119
"AAFC5","Pyle15",0.760035863197972,50.09,-120.45,43.8,-119
"AAFC6","Pyle15",0.667936897142611,50.09,-120.75,43.8,-119
"AAFC8","Pyle15",0.731556833710763,49.57,-120.55,43.8,-119
"AAFC9","Pyle15",0.717250548981983,49.62,-119.8,43.8,-119
"AAFC10","Pyle15",0.717250048515173,49.71,-120.05,43.8,-119
"Adler5","Pyle15",0.74747109911254,40.79,-111.87,43.8,-119
"Schupp2","Pyle15",0.676342692350769,40.2,-112.46,43.8,-119
"Schupp1","Pyle15",0.679215630980647,39.85,-112.15,43.8,-119
"Adler13","Pyle15",0.666666790044808,41.44,-111.08,43.8,-119
"Adler16","Pyle15",0.67784172632326,41.78,-110.2,43.8,-119
"Adler17","Pyle15",0.678044643869067,41.44,-110.11,43.8,-119
"Adler18","Pyle15",0.698894181394195,40.86,-114.22,43.8,-119
"Barnett1","Pyle15",0.759911639171527,43.48,-110.74,43.8,-119
"Baughman3","Pyle15",0.715140219787915,42.81,-118.96,43.8,-119
"Baughman2","Pyle15",0.680779328642031,43.05,-118.87,43.8,-119
"Chynoweth1","Pyle15",0.674461129034912,39.76604,-109.5635,43.8,-119
"Board1","Pyle15",0.733658488628175,38.84,-117.57,43.8,-119
"Bradford1","Pyle15",0.733148613469043,35.23,-111.62,43.8,-119
"Chambers1","Pyle15",0.638281922297112,39.55,-119.58,43.8,-119
"Chambers2","Pyle15",0.631829369340711,39.95,-118.76,43.8,-119
"Urza1","Pyle15",0.631910820727064,40.35,-119.34,43.8,-119
"Chambers4","Pyle15",0.631710524444086,41.31,-117.63,43.8,-119
"Chambers5","Pyle15",0.62723975666627,41.54,-117.75,43.8,-119
"Chambers6","Pyle15",0.627237311981623,41.54,-117.78,43.8,-119
"Chambers7","Pyle15",0.718772022846587,43.94,-116.19,43.8,-119
"Chambers8","Pyle15",0.714070292505087,42.24,-114.57,43.8,-119
"Chambers9","Pyle15",0.67449092475131,40.66,-116.73,43.8,-119
"Copeland1","Pyle15",0.674550575102127,43.7,-117.33,43.8,-119
"Copeland5","Pyle15",0.762796931798449,42.27,-118.71,43.8,-119
"Copeland9","Pyle15",0.678073274699262,43.47,-119.68,43.8,-119
"Downs1","Pyle15",0.681550580137234,46.38145,-119.430272,43.8,-119
"Downs2","Pyle15",0.718175308010255,46.25045,-119.53334,43.8,-119
"Downs3","Pyle15",0.64682027500767,45.9663,-120.3671,43.8,-119
"Fleishman1","Pyle15",0.69083030687984,38.47,-119.49,43.8,-119
"Fleishman5","Pyle15",0.644442512748786,39.12,-117.27,43.8,-119
"Fleishman7","Pyle15",0.754570742624993,39.17,-117.44,43.8,-119
"Getts1","Pyle15",0.667835022173371,41.17,-120.5,43.8,-119
"Getts3","Pyle15",0.783476994018841,40.43,-120.67,43.8,-119
"Holdrege1","Pyle15",0.759715365310737,41.61,-111.57,43.8,-119
"Hufft1","Pyle15",0.651868314456617,38.6701,-108.3286,43.8,-119
"Lavin1","Pyle15",0.682948855218801,44.68,-109.07,43.8,-119
"Lavin2","Pyle15",0.720628206327286,45.67,-111.03,43.8,-119
"Lee1","Pyle15",0.631835895166999,36.82340833,-116.0163889,43.8,-119
"Lee2","Pyle15",0.623820413880063,35.3984,-115.7845,43.8,-119
"Lee3","Pyle15",0.631735475488493,36.5247,-115.8987,43.8,-119
"Lee4","Pyle15",0.626127214520663,35.4564,-115.52,43.8,-119
"Leger1","Pyle15",0.661048684978328,39.49,-119.84,43.8,-119
"Maron1","Pyle15",0.688332687237141,46.68,-114.03,43.8,-119
"Maron2","Pyle15",0.677832214627465,46.64,-113.23,43.8,-119
"Porensky30","Pyle15",0.774692508478739,40.63,-105.27,43.8,-119
"Pyke3","Pyle15",0.847189778954228,44.60456358,-120.1924183,43.8,-119
"Pyke8","Pyle15",0.63601750528105,46.74830998,-119.361636,43.8,-119
"Pyke21","Pyle15",0.703030376626124,47.61803776,-119.6830115,43.8,-119
"Pyle1","Pyle15",0.754724299895256,42.35,-118.65,43.8,-119
"Pyle9","Pyle15",0.677828540469941,43.42,-119.62,43.8,-119
"Pyle10","Pyle15",0.644554216604108,43.19,-120,43.8,-119
"Pyle15","Pyle15",1,43.8,-119,43.8,-119
"Pyle17","Pyle15",0.740213197957672,44.36,-118.93,43.8,-119
"Pyle19","Pyle15",0.652128728426577,44.57,-119.65,43.8,-119
"Reed1","Pyle15",0.671987895054186,38.52,-109.47,43.8,-119
"Reed3","Pyle15",0.656655916614587,38.75,-109.79,43.8,-119
"Schupp3","Pyle15",0.660145885101845,38.6,-113.79,43.8,-119
"Schupp4","Pyle15",0.674384426858427,38.52,-113.55,43.8,-119
"Schupp5","Pyle15",0.67647132109138,39.11,-112.74,43.8,-119
"Symstad1","Pyle15",0.695618947038839,44.59,-104.71,43.8,-119
"Symstad2","Pyle15",0.706215266705896,43.87,-103.46,43.8,-119
"Symstad3","Pyle15",0.687622333455052,43.62,-103.47,43.8,-119
"Urza2","Pyle15",0.815818868717348,40.84,-119.56,43.8,-119
"Wilcox2","Pyle15",0.637314729766974,41.31,-105.66,43.8,-119
"Chynoweth2","Pyle15",0.644754472188786,40.29092,-109.68361,43.8,-119
"Chynoweth3","Pyle15",0.637628211426215,39.83576,-109.61202,43.8,-119
"Chynoweth5","Pyle15",0.66338872735343,40.480805,-109.438229,43.8,-119
"Chynoweth7","Pyle15",0.674868396128262,40.533605,-109.523564,43.8,-119
"Chynoweth8","Pyle15",0.644422078140398,40.640878,-109.48689,43.8,-119
"Shriver2","Pyle15",0.759903251391007,48,-114.04,43.8,-119
"Davies03","Pyle15",0.733446280861775,42.68,-118.68,43.8,-119
"GerminoBOP1","Pyle15",0.690060238407957,43.4720833,-116.2338306,43.8,-119
"Mancillas01","Pyle15",0.654791536353521,32.368,-106.56,43.8,-119
"Boise_High 2022","Pyle15",0.815653862468447,NA,NA,43.8,-119
"Boise_Low 2022","Pyle15",0.764422464637206,NA,NA,43.8,-119
"CG PASTURE 2022","Pyle15",0.807189295226333,NA,NA,43.8,-119
"CaseAoyamaS1 2022","Pyle15",0.807652988110904,NA,NA,43.8,-119
"CastValley 2021","Pyle15",0.72912780067698,NA,NA,43.8,-119
"EOARC 2022","Pyle15",0.809776301458303,NA,NA,43.8,-119
"EnsingS1 SuRDC 2022","Pyle15",0.810760912307116,NA,NA,43.8,-119
"EnsingS2 Summerland-Princeton 2022","Pyle15",0.826795670778592,NA,NA,43.8,-119
"EnsingS3 Bear Creek 2022","Pyle15",0.810253222410297,NA,NA,43.8,-119
"EnsingS4 Lundbom 2022","Pyle15",0.825849844042353,NA,NA,43.8,-119
"FAR NORTH CPER 2022","Pyle15",0.794620274047552,NA,NA,43.8,-119
"FtK_Cottonwood_Coulee 2021","Pyle15",0.790338445306906,NA,NA,43.8,-119
"FtK_Lone_Pine 2021","Pyle15",0.787841186101412,NA,NA,43.8,-119
"GoeblS1 2024","Pyle15",0.78898411943906,NA,NA,43.8,-119
"GreenCanyon 2021","Pyle15",0.805046015611796,NA,NA,43.8,-119
"HPGRS AGCR 2022","Pyle15",0.806350532997038,NA,NA,43.8,-119
"HardwareRanch 2022","Pyle15",0.81370982196916,NA,NA,43.8,-119
"K1_vanDiepen 2022","Pyle15",0.80980619186284,NA,NA,43.8,-119
"L1_vanDiepen 2022","Pyle15",0.806397838121587,NA,NA,43.8,-119
"MPG_IR 2021","Pyle15",0.810566303833297,NA,NA,43.8,-119
"MPG_SR 2021","Pyle15",0.809975210609601,NA,NA,43.8,-119
"MPG_TH 2021","Pyle15",0.810240517117026,NA,NA,43.8,-119
"NEAR 4WAY CPER 2022","Pyle15",0.792269116223073,NA,NA,43.8,-119
"NEAR HQ CPER 2022","Pyle15",0.795520105557416,NA,NA,43.8,-119
"NEAR NUTNET 2022","Pyle15",0.794004850336634,NA,NA,43.8,-119
"OttS1 2022","Pyle15",0.803006624457668,NA,NA,43.8,-119
"PMR- Brome 2021","Pyle15",0.816539716137582,NA,NA,43.8,-119
"Pearlwise 2024","Pyle15",0.80136165599703,NA,NA,43.8,-119
"Peavine 2022","Pyle15",0.793186793728619,NA,NA,43.8,-119
"Plymouth 2022","Pyle15",0.774243384805043,NA,NA,43.8,-119
"RedBluff 2023","Pyle15",0.815491253666259,NA,NA,43.8,-119
"Rush_Valley 2022","Pyle15",0.788420217650861,NA,NA,43.8,-119
"SSHQ 2022","Pyle15",0.79479634493366,NA,NA,43.8,-119
"SSHigh 2022","Pyle15",0.802257866046308,NA,NA,43.8,-119
"SouthEden 2022","Pyle15",0.810167450594653,NA,NA,43.8,-119
"Symstad1 2021","Pyle15",0.798537649252501,NA,NA,43.8,-119
"Symstad2 2022","Pyle15",0.797381195986957,NA,NA,43.8,-119
"TB FIRE 2022","Pyle15",0.795906160269767,NA,NA,43.8,-119
"TB LC Control 2022","Pyle15",0.795173628679226,NA,NA,43.8,-119
"TB PRAIRIE DOG 2022","Pyle15",0.795405661785553,NA,NA,43.8,-119
"Woodruff 2022","Pyle15",0.8035897544628,NA,NA,43.8,-119
"dino 2024","Pyle15",0.758709427597893,NA,NA,43.8,-119
"AAFC4","Pyle17",0.703245569499124,50.08,-120.65,44.36,-118.93
"AAFC5","Pyle17",0.793228288035726,50.09,-120.45,44.36,-118.93
"AAFC6","Pyle17",0.658500877031402,50.09,-120.75,44.36,-118.93
"AAFC8","Pyle17",0.716981504511086,49.57,-120.55,44.36,-118.93
"AAFC9","Pyle17",0.735250267916761,49.62,-119.8,44.36,-118.93
"AAFC10","Pyle17",0.735316974459741,49.71,-120.05,44.36,-118.93
"Adler5","Pyle17",0.70043278442981,40.79,-111.87,44.36,-118.93
"Schupp2","Pyle17",0.699487608325897,40.2,-112.46,44.36,-118.93
"Schupp1","Pyle17",0.651335228909887,39.85,-112.15,44.36,-118.93
"Adler13","Pyle17",0.664862326482027,41.44,-111.08,44.36,-118.93
"Adler16","Pyle17",0.660672996382123,41.78,-110.2,44.36,-118.93
"Adler17","Pyle17",0.660833035505147,41.44,-110.11,44.36,-118.93
"Adler18","Pyle17",0.671354934532636,40.86,-114.22,44.36,-118.93
"Barnett1","Pyle17",0.699773708797922,43.48,-110.74,44.36,-118.93
"Baughman3","Pyle17",0.735930689726836,42.81,-118.96,44.36,-118.93
"Baughman2","Pyle17",0.680220264851792,43.05,-118.87,44.36,-118.93
"Chynoweth1","Pyle17",0.664378731255865,39.76604,-109.5635,44.36,-118.93
"Board1","Pyle17",0.707001342380928,38.84,-117.57,44.36,-118.93
"Bradford1","Pyle17",0.70646682824692,35.23,-111.62,44.36,-118.93
"Chambers1","Pyle17",0.635258894290629,39.55,-119.58,44.36,-118.93
"Chambers2","Pyle17",0.629023631538704,39.95,-118.76,44.36,-118.93
"Urza1","Pyle17",0.629184555818893,40.35,-119.34,44.36,-118.93
"Chambers4","Pyle17",0.628980559961056,41.31,-117.63,44.36,-118.93
"Chambers5","Pyle17",0.624848273925866,41.54,-117.75,44.36,-118.93
"Chambers6","Pyle17",0.624845955355291,41.54,-117.78,44.36,-118.93
"Chambers7","Pyle17",0.689130177967051,43.94,-116.19,44.36,-118.93
"Chambers8","Pyle17",0.66270452816242,42.24,-114.57,44.36,-118.93
"Chambers9","Pyle17",0.664426189786241,40.66,-116.73,44.36,-118.93
"Copeland1","Pyle17",0.664451945625943,43.7,-117.33,44.36,-118.93
"Copeland5","Pyle17",0.729530594549945,42.27,-118.71,44.36,-118.93
"Copeland9","Pyle17",0.66084593535117,43.47,-119.68,44.36,-118.93
"Downs1","Pyle17",0.662172225785089,46.38145,-119.430272,44.36,-118.93
"Downs2","Pyle17",0.698665884050506,46.25045,-119.53334,44.36,-118.93
"Downs3","Pyle17",0.644318344150664,45.9663,-120.3671,44.36,-118.93
"Fleishman1","Pyle17",0.678011758975881,38.47,-119.49,44.36,-118.93
"Fleishman5","Pyle17",0.647290567744284,39.12,-117.27,44.36,-118.93
"Fleishman7","Pyle17",0.711638869953995,39.17,-117.44,44.36,-118.93
"Getts1","Pyle17",0.660467564221611,41.17,-120.5,44.36,-118.93
"Getts3","Pyle17",0.708238598579794,40.43,-120.67,44.36,-118.93
"Holdrege1","Pyle17",0.699573587643433,41.61,-111.57,44.36,-118.93
"Hufft1","Pyle17",0.640509663004679,38.6701,-108.3286,44.36,-118.93
"Lavin1","Pyle17",0.666250543011942,44.68,-109.07,44.36,-118.93
"Lavin2","Pyle17",0.74790064595388,45.67,-111.03,44.36,-118.93
"Lee1","Pyle17",0.629048969853614,36.82340833,-116.0163889,44.36,-118.93
"Lee2","Pyle17",0.6206851553847,35.3984,-115.7845,44.36,-118.93
"Lee3","Pyle17",0.628923452493453,36.5247,-115.8987,44.36,-118.93
"Lee4","Pyle17",0.625731527282666,35.4564,-115.52,44.36,-118.93
"Leger1","Pyle17",0.654044646707481,39.49,-119.84,44.36,-118.93
"Maron1","Pyle17",0.66824574112128,46.68,-114.03,44.36,-118.93
"Maron2","Pyle17",0.660591124741071,46.64,-113.23,44.36,-118.93
"Porensky30","Pyle17",0.732876257508479,40.63,-105.27,44.36,-118.93
"Pyke3","Pyle17",0.713346012736909,44.60456358,-120.1924183,44.36,-118.93
"Pyke8","Pyle17",0.63114354968383,46.74830998,-119.361636,44.36,-118.93
"Pyke21","Pyle17",0.678022115310291,47.61803776,-119.6830115,44.36,-118.93
"Pyle1","Pyle17",0.728298012411208,42.35,-118.65,44.36,-118.93
"Pyle9","Pyle17",0.660608766341342,43.42,-119.62,44.36,-118.93
"Pyle10","Pyle17",0.647430794037712,43.19,-120,44.36,-118.93
"Pyle15","Pyle17",0.740213197957672,43.8,-119,44.36,-118.93
"Pyle17","Pyle17",1,44.36,-118.93,44.36,-118.93
"Pyle19","Pyle17",0.63699737949753,44.57,-119.65,44.36,-118.93
"Reed1","Pyle17",0.66514071780642,38.52,-109.47,44.36,-118.93
"Reed3","Pyle17",0.649408115873488,38.75,-109.79,44.36,-118.93
"Schupp3","Pyle17",0.65691694576456,38.6,-113.79,44.36,-118.93
"Schupp4","Pyle17",0.664284665806666,38.52,-113.55,44.36,-118.93
"Schupp5","Pyle17",0.666109234076014,39.11,-112.74,44.36,-118.93
"Symstad1","Pyle17",0.676407473654,44.59,-104.71,44.36,-118.93
"Symstad2","Pyle17",0.669662967075547,43.87,-103.46,44.36,-118.93
"Symstad3","Pyle17",0.677346361107681,43.62,-103.47,44.36,-118.93
"Urza2","Pyle17",0.711393046610463,40.84,-119.56,44.36,-118.93
"Wilcox2","Pyle17",0.634399945353263,41.31,-105.66,44.36,-118.93
"Chynoweth2","Pyle17",0.647640469429436,40.29092,-109.68361,44.36,-118.93
"Chynoweth3","Pyle17",0.634694607625634,39.83576,-109.61202,44.36,-118.93
"Chynoweth5","Pyle17",0.671383808161106,40.480805,-109.438229,44.36,-118.93
"Chynoweth7","Pyle17",0.664795392960098,40.533605,-109.523564,44.36,-118.93
"Chynoweth8","Pyle17",0.647290584856243,40.640878,-109.48689,44.36,-118.93
"Shriver2","Pyle17",0.699760814164714,48,-114.04,44.36,-118.93
"Davies03","Pyle17",0.706780974975142,42.68,-118.68,44.36,-118.93
"GerminoBOP1","Pyle17",0.6699321627475,43.4720833,-116.2338306,44.36,-118.93
"Mancillas01","Pyle17",0.63984205479898,32.368,-106.56,44.36,-118.93
"Boise_High 2022","Pyle17",0.788300958405914,NA,NA,44.36,-118.93
"Boise_Low 2022","Pyle17",0.746844750012395,NA,NA,44.36,-118.93
"CG PASTURE 2022","Pyle17",0.783980723992874,NA,NA,44.36,-118.93
"CaseAoyamaS1 2022","Pyle17",0.783356312025419,NA,NA,44.36,-118.93
"CastValley 2021","Pyle17",0.716352208200409,NA,NA,44.36,-118.93
"EOARC 2022","Pyle17",0.784885032342103,NA,NA,44.36,-118.93
"EnsingS1 SuRDC 2022","Pyle17",0.787827531043039,NA,NA,44.36,-118.93
"EnsingS2 Summerland-Princeton 2022","Pyle17",0.800591611903743,NA,NA,44.36,-118.93
"EnsingS3 Bear Creek 2022","Pyle17",0.787800859948158,NA,NA,44.36,-118.93
"EnsingS4 Lundbom 2022","Pyle17",0.799009135695238,NA,NA,44.36,-118.93
"FAR NORTH CPER 2022","Pyle17",0.774941769009212,NA,NA,44.36,-118.93
"FtK_Cottonwood_Coulee 2021","Pyle17",0.774872959832186,NA,NA,44.36,-118.93
"FtK_Lone_Pine 2021","Pyle17",0.772875059552223,NA,NA,44.36,-118.93
"GoeblS1 2024","Pyle17",0.77040357708423,NA,NA,44.36,-118.93
"GreenCanyon 2021","Pyle17",0.781599906960811,NA,NA,44.36,-118.93
"HPGRS AGCR 2022","Pyle17",0.783465778728867,NA,NA,44.36,-118.93
"HardwareRanch 2022","Pyle17",0.78676785691153,NA,NA,44.36,-118.93
"K1_vanDiepen 2022","Pyle17",0.781391052315568,NA,NA,44.36,-118.93
"L1_vanDiepen 2022","Pyle17",0.783771895679472,NA,NA,44.36,-118.93
"MPG_IR 2021","Pyle17",0.784977057416418,NA,NA,44.36,-118.93
"MPG_SR 2021","Pyle17",0.784713938951474,NA,NA,44.36,-118.93
"MPG_TH 2021","Pyle17",0.784858053622885,NA,NA,44.36,-118.93
"NEAR 4WAY CPER 2022","Pyle17",0.773135437113439,NA,NA,44.36,-118.93
"NEAR HQ CPER 2022","Pyle17",0.775671833071774,NA,NA,44.36,-118.93
"NEAR NUTNET 2022","Pyle17",0.774495624254468,NA,NA,44.36,-118.93
"OttS1 2022","Pyle17",0.783998503138941,NA,NA,44.36,-118.93
"PMR- Brome 2021","Pyle17",0.791215755647577,NA,NA,44.36,-118.93
"Pearlwise 2024","Pyle17",0.77709660398973,NA,NA,44.36,-118.93
"Peavine 2022","Pyle17",0.767798985788998,NA,NA,44.36,-118.93
"Plymouth 2022","Pyle17",0.753006398509626,NA,NA,44.36,-118.93
"RedBluff 2023","Pyle17",0.792371473813918,NA,NA,44.36,-118.93
"Rush_Valley 2022","Pyle17",0.767924126317006,NA,NA,44.36,-118.93
"SSHQ 2022","Pyle17",0.772770597240537,NA,NA,44.36,-118.93
"SSHigh 2022","Pyle17",0.777100929427163,NA,NA,44.36,-118.93
"SouthEden 2022","Pyle17",0.784082411900945,NA,NA,44.36,-118.93
"Symstad1 2021","Pyle17",0.778946499217782,NA,NA,44.36,-118.93
"Symstad2 2022","Pyle17",0.778110027749307,NA,NA,44.36,-118.93
"TB FIRE 2022","Pyle17",0.777772047341919,NA,NA,44.36,-118.93
"TB LC Control 2022","Pyle17",0.77719882019108,NA,NA,44.36,-118.93
"TB PRAIRIE DOG 2022","Pyle17",0.777389180032379,NA,NA,44.36,-118.93
"Woodruff 2022","Pyle17",0.779677596606573,NA,NA,44.36,-118.93
"dino 2024","Pyle17",0.743305006437693,NA,NA,44.36,-118.93
"AAFC4","Pyle19",0.672071283474136,50.08,-120.65,44.57,-119.65
"AAFC5","Pyle19",0.64149681254052,50.09,-120.45,44.57,-119.65
"AAFC6","Pyle19",0.739046360623544,50.09,-120.75,44.57,-119.65
"AAFC8","Pyle19",0.664735425525106,49.57,-120.55,44.57,-119.65
"AAFC9","Pyle19",0.633181309805733,49.62,-119.8,44.57,-119.65
"AAFC10","Pyle19",0.633287824255363,49.71,-120.05,44.57,-119.65
"Adler5","Pyle19",0.643577886839136,40.79,-111.87,44.57,-119.65
"Schupp2","Pyle19",0.646884927152561,40.2,-112.46,44.57,-119.65
"Schupp1","Pyle19",0.665081801062862,39.85,-112.15,44.57,-119.65
"Adler13","Pyle19",0.676167427973261,41.44,-111.08,44.57,-119.65
"Adler16","Pyle19",0.676186829231034,41.78,-110.2,44.57,-119.65
"Adler17","Pyle19",0.676334636750513,41.44,-110.11,44.57,-119.65
"Adler18","Pyle19",0.643756926212333,40.86,-114.22,44.57,-119.65
"Barnett1","Pyle19",0.633005103903804,43.48,-110.74,44.57,-119.65
"Baughman3","Pyle19",0.657529040264591,42.81,-118.96,44.57,-119.65
"Baughman2","Pyle19",0.659232300273941,43.05,-118.87,44.57,-119.65
"Chynoweth1","Pyle19",0.677067272005778,39.76604,-109.5635,44.57,-119.65
"Board1","Pyle19",0.641309133532738,38.84,-117.57,44.57,-119.65
"Bradford1","Pyle19",0.640913663802481,35.23,-111.62,44.57,-119.65
"Chambers1","Pyle19",0.604398279769445,39.55,-119.58,44.57,-119.65
"Chambers2","Pyle19",0.598953259517705,39.95,-118.76,44.57,-119.65
"Urza1","Pyle19",0.59906161879957,40.35,-119.34,44.57,-119.65
"Chambers4","Pyle19",0.598903647616691,41.31,-117.63,44.57,-119.65
"Chambers5","Pyle19",0.59528594503318,41.54,-117.75,44.57,-119.65
"Chambers6","Pyle19",0.595251700222768,41.54,-117.78,44.57,-119.65
"Chambers7","Pyle19",0.677314118941016,43.94,-116.19,44.57,-119.65
"Chambers8","Pyle19",0.660604681365229,42.24,-114.57,44.57,-119.65
"Chambers9","Pyle19",0.677050927768618,40.66,-116.73,44.57,-119.65
"Copeland1","Pyle19",0.677055483794431,43.7,-117.33,44.57,-119.65
"Copeland5","Pyle19",0.632925638003005,42.27,-118.71,44.57,-119.65
"Copeland9","Pyle19",0.676324184756102,43.47,-119.68,44.57,-119.65
"Downs1","Pyle19",0.639592196158567,46.38145,-119.430272,44.57,-119.65
"Downs2","Pyle19",0.635448161229348,46.25045,-119.53334,44.57,-119.65
"Downs3","Pyle19",0.601136589669825,45.9663,-120.3671,44.57,-119.65
"Fleishman1","Pyle19",0.68962312274251,38.47,-119.49,44.57,-119.65
"Fleishman5","Pyle19",0.655236431743558,39.12,-117.27,44.57,-119.65
"Fleishman7","Pyle19",0.629912309588278,39.17,-117.44,44.57,-119.65
"Getts1","Pyle19",0.631008663783424,41.17,-120.5,44.57,-119.65
"Getts3","Pyle19",0.642126585650143,40.43,-120.67,44.57,-119.65
"Holdrege1","Pyle19",0.63286073026737,41.61,-111.57,44.57,-119.65
"Hufft1","Pyle19",0.659121707268706,38.6701,-108.3286,44.57,-119.65
"Lavin1","Pyle19",0.679352855505786,44.68,-109.07,44.57,-119.65
"Lavin2","Pyle19",0.664957525817713,45.67,-111.03,44.57,-119.65
"Lee1","Pyle19",0.599030150772056,36.82340833,-116.0163889,44.57,-119.65
"Lee2","Pyle19",0.591097565870259,35.3984,-115.7845,44.57,-119.65
"Lee3","Pyle19",0.598819698738066,36.5247,-115.8987,44.57,-119.65
"Lee4","Pyle19",0.59441594029397,35.4564,-115.52,44.57,-119.65
"Leger1","Pyle19",0.614727233344827,39.49,-119.84,44.57,-119.65
"Maron1","Pyle19",0.698712144637999,46.68,-114.03,44.57,-119.65
"Maron2","Pyle19",0.676101491362505,46.64,-113.23,44.57,-119.65
"Porensky30","Pyle19",0.663984780265295,40.63,-105.27,44.57,-119.65
"Pyke3","Pyle19",0.648742796035788,44.60456358,-120.1924183,44.57,-119.65
"Pyke8","Pyle19",0.638321003036624,46.74830998,-119.361636,44.57,-119.65
"Pyke21","Pyle19",0.661733543110318,47.61803776,-119.6830115,44.57,-119.65
"Pyle1","Pyle19",0.712980849317521,42.35,-118.65,44.57,-119.65
"Pyle9","Pyle19",0.676122190485038,43.42,-119.62,44.57,-119.65
"Pyle10","Pyle19",0.655329386306374,43.19,-120,44.57,-119.65
"Pyle15","Pyle19",0.652128728426577,43.8,-119,44.57,-119.65
"Pyle17","Pyle19",0.63699737949753,44.36,-118.93,44.57,-119.65
"Pyle19","Pyle19",1,44.57,-119.65,44.57,-119.65
"Reed1","Pyle19",0.687510381975417,38.52,-109.47,44.57,-119.65
"Reed3","Pyle19",0.873957225232157,38.75,-109.79,44.57,-119.65
"Schupp3","Pyle19",0.672631730583163,38.6,-113.79,44.57,-119.65
"Schupp4","Pyle19",0.676915145895563,38.52,-113.55,44.57,-119.65
"Schupp5","Pyle19",0.689511813233987,39.11,-112.74,44.57,-119.65
"Symstad1","Pyle19",0.660001735595144,44.59,-104.71,44.57,-119.65
"Symstad2","Pyle19",0.670457542797632,43.87,-103.46,44.57,-119.65
"Symstad3","Pyle19",0.679918112774284,43.62,-103.47,44.57,-119.65
"Urza2","Pyle19",0.666483430056368,40.84,-119.56,44.57,-119.65
"Wilcox2","Pyle19",0.646562021758837,41.31,-105.66,44.57,-119.65
"Chynoweth2","Pyle19",0.655597869849494,40.29092,-109.68361,44.57,-119.65
"Chynoweth3","Pyle19",0.646886424253715,39.83576,-109.61202,44.57,-119.65
"Chynoweth5","Pyle19",0.667899391567121,40.480805,-109.438229,44.57,-119.65
"Chynoweth7","Pyle19",0.677398940525766,40.533605,-109.523564,44.57,-119.65
"Chynoweth8","Pyle19",0.655187963023053,40.640878,-109.48689,44.57,-119.65
"Shriver2","Pyle19",0.633073494648463,48,-114.04,44.57,-119.65
"Davies03","Pyle19",0.641085429361453,42.68,-118.68,44.57,-119.65
"GerminoBOP1","Pyle19",0.758134136293832,43.4720833,-116.2338306,44.57,-119.65
"Mancillas01","Pyle19",0.855680244176009,32.368,-106.56,44.57,-119.65
"Boise_High 2022","Pyle19",0.722055018359058,NA,NA,44.57,-119.65
"Boise_Low 2022","Pyle19",0.71444691597131,NA,NA,44.57,-119.65
"CG PASTURE 2022","Pyle19",0.761136902253453,NA,NA,44.57,-119.65
"CaseAoyamaS1 2022","Pyle19",0.732732657017097,NA,NA,44.57,-119.65
"CastValley 2021","Pyle19",0.742998618113307,NA,NA,44.57,-119.65
"EOARC 2022","Pyle19",0.731867243620936,NA,NA,44.57,-119.65
"EnsingS1 SuRDC 2022","Pyle19",0.752242188881432,NA,NA,44.57,-119.65
"EnsingS2 Summerland-Princeton 2022","Pyle19",0.713167686278662,NA,NA,44.57,-119.65
"EnsingS3 Bear Creek 2022","Pyle19",0.713866134115853,NA,NA,44.57,-119.65
"EnsingS4 Lundbom 2022","Pyle19",0.717511612439748,NA,NA,44.57,-119.65
"FAR NORTH CPER 2022","Pyle19",0.766762638373971,NA,NA,44.57,-119.65
"FtK_Cottonwood_Coulee 2021","Pyle19",0.760722954179447,NA,NA,44.57,-119.65
"FtK_Lone_Pine 2021","Pyle19",0.760922103782558,NA,NA,44.57,-119.65
"GoeblS1 2024","Pyle19",0.747635957814559,NA,NA,44.57,-119.65
"GreenCanyon 2021","Pyle19",0.753190864573217,NA,NA,44.57,-119.65
"HPGRS AGCR 2022","Pyle19",0.762066174369612,NA,NA,44.57,-119.65
"HardwareRanch 2022","Pyle19",0.744583666012437,NA,NA,44.57,-119.65
"K1_vanDiepen 2022","Pyle19",0.736253698937912,NA,NA,44.57,-119.65
"L1_vanDiepen 2022","Pyle19",0.754741559632939,NA,NA,44.57,-119.65
"MPG_IR 2021","Pyle19",0.752708494932964,NA,NA,44.57,-119.65
"MPG_SR 2021","Pyle19",0.754417447417553,NA,NA,44.57,-119.65
"MPG_TH 2021","Pyle19",0.753766449275725,NA,NA,44.57,-119.65
"NEAR 4WAY CPER 2022","Pyle19",0.7674304553046,NA,NA,44.57,-119.65
"NEAR HQ CPER 2022","Pyle19",0.766890236526245,NA,NA,44.57,-119.65
"NEAR NUTNET 2022","Pyle19",0.767122671022996,NA,NA,44.57,-119.65
"OttS1 2022","Pyle19",0.762116684016856,NA,NA,44.57,-119.65
"PMR- Brome 2021","Pyle19",0.74843803706131,NA,NA,44.57,-119.65
"Pearlwise 2024","Pyle19",0.737575834433008,NA,NA,44.57,-119.65
"Peavine 2022","Pyle19",0.706324225634581,NA,NA,44.57,-119.65
"Plymouth 2022","Pyle19",0.711505972326855,NA,NA,44.57,-119.65
"RedBluff 2023","Pyle19",0.752583738334969,NA,NA,44.57,-119.65
"Rush_Valley 2022","Pyle19",0.750717616984487,NA,NA,44.57,-119.65
"SSHQ 2022","Pyle19",0.755503822809035,NA,NA,44.57,-119.65
"SSHigh 2022","Pyle19",0.744405822785564,NA,NA,44.57,-119.65
"SouthEden 2022","Pyle19",0.744259555104264,NA,NA,44.57,-119.65
"Symstad1 2021","Pyle19",0.770540598269441,NA,NA,44.57,-119.65
"Symstad2 2022","Pyle19",0.77119998643815,NA,NA,44.57,-119.65
"TB FIRE 2022","Pyle19",0.760002323897396,NA,NA,44.57,-119.65
"TB LC Control 2022","Pyle19",0.760119531330893,NA,NA,44.57,-119.65
"TB PRAIRIE DOG 2022","Pyle19",0.760030137479567,NA,NA,44.57,-119.65
"Woodruff 2022","Pyle19",0.751962795067534,NA,NA,44.57,-119.65
"dino 2024","Pyle19",0.763896047885829,NA,NA,44.57,-119.65
"AAFC4","Reed1",0.659379906559894,50.08,-120.65,38.52,-109.47
"AAFC5","Reed1",0.670517922563433,50.09,-120.45,38.52,-109.47
"AAFC6","Reed1",0.68734337574136,50.09,-120.75,38.52,-109.47
"AAFC8","Reed1",0.676180456355057,49.57,-120.55,38.52,-109.47
"AAFC9","Reed1",0.663749969079365,49.62,-119.8,38.52,-109.47
"AAFC10","Reed1",0.663811761475907,49.71,-120.05,38.52,-109.47
"Adler5","Reed1",0.674445563460688,40.79,-111.87,38.52,-109.47
"Schupp2","Reed1",0.662929360500539,40.2,-112.46,38.52,-109.47
"Schupp1","Reed1",0.681353961521271,39.85,-112.15,38.52,-109.47
"Adler13","Reed1",0.759154684946632,41.44,-111.08,38.52,-109.47
"Adler16","Reed1",0.668003726833741,41.78,-110.2,38.52,-109.47
"Adler17","Reed1",0.668126456135108,41.44,-110.11,38.52,-109.47
"Adler18","Reed1",0.689781175296051,40.86,-114.22,38.52,-109.47
"Barnett1","Reed1",0.670299245569476,43.48,-110.74,38.52,-109.47
"Baughman3","Reed1",0.663075632025845,42.81,-118.96,38.52,-109.47
"Baughman2","Reed1",0.714076752279813,43.05,-118.87,38.52,-109.47
"Chynoweth1","Reed1",0.698313139705558,39.76604,-109.5635,38.52,-109.47
"Board1","Reed1",0.660847213249666,38.84,-117.57,38.52,-109.47
"Bradford1","Reed1",0.660370292662235,35.23,-111.62,38.52,-109.47
"Chambers1","Reed1",0.625780783723645,39.55,-119.58,38.52,-109.47
"Chambers2","Reed1",0.619595824820803,39.95,-118.76,38.52,-109.47
"Urza1","Reed1",0.619684728080227,40.35,-119.34,38.52,-109.47
"Chambers4","Reed1",0.619535545985011,41.31,-117.63,38.52,-109.47
"Chambers5","Reed1",0.615431206918673,41.54,-117.75,38.52,-109.47
"Chambers6","Reed1",0.615455972888118,41.54,-117.78,38.52,-109.47
"Chambers7","Reed1",0.687190330865291,43.94,-116.19,38.52,-109.47
"Chambers8","Reed1",0.66555607038838,42.24,-114.57,38.52,-109.47
"Chambers9","Reed1",0.698350897267652,40.66,-116.73,38.52,-109.47
"Copeland1","Reed1",0.698321518202634,43.7,-117.33,38.52,-109.47
"Copeland5","Reed1",0.68291340853685,42.27,-118.71,38.52,-109.47
"Copeland9","Reed1",0.668151993213795,43.47,-119.68,38.52,-109.47
"Downs1","Reed1",0.696364765547727,46.38145,-119.430272,38.52,-109.47
"Downs2","Reed1",0.669781265642274,46.25045,-119.53334,38.52,-109.47
"Downs3","Reed1",0.617975660240115,45.9663,-120.3671,38.52,-109.47
"Fleishman1","Reed1",0.678500634258984,38.47,-119.49,38.52,-109.47
"Fleishman5","Reed1",0.668907003217239,39.12,-117.27,38.52,-109.47
"Fleishman7","Reed1",0.657512148330987,39.17,-117.44,38.52,-109.47
"Getts1","Reed1",0.65385356516756,41.17,-120.5,38.52,-109.47
"Getts3","Reed1",0.66150619362968,40.43,-120.67,38.52,-109.47
"Holdrege1","Reed1",0.670088843108151,41.61,-111.57,38.52,-109.47
"Hufft1","Reed1",0.687838195662646,38.6701,-108.3286,38.52,-109.47
"Lavin1","Reed1",0.681730953346201,44.68,-109.07,38.52,-109.47
"Lavin2","Reed1",0.668050961093805,45.67,-111.03,38.52,-109.47
"Lee1","Reed1",0.61957859180309,36.82340833,-116.0163889,38.52,-109.47
"Lee2","Reed1",0.611825872498773,35.3984,-115.7845,38.52,-109.47
"Lee3","Reed1",0.619495998492056,36.5247,-115.8987,38.52,-109.47
"Lee4","Reed1",0.615709045562766,35.4564,-115.52,38.52,-109.47
"Leger1","Reed1",0.628149358604586,39.49,-119.84,38.52,-109.47
"Maron1","Reed1",0.68027677115962,46.68,-114.03,38.52,-109.47
"Maron2","Reed1",0.667896984441989,46.64,-113.23,38.52,-109.47
"Porensky30","Reed1",0.660204667398331,40.63,-105.27,38.52,-109.47
"Pyke3","Reed1",0.707722568333599,44.60456358,-120.1924183,38.52,-109.47
"Pyke8","Reed1",0.684884140942195,46.74830998,-119.361636,38.52,-109.47
"Pyke21","Reed1",0.66385319488502,47.61803776,-119.6830115,38.52,-109.47
"Pyle1","Reed1",0.738248439027353,42.35,-118.65,38.52,-109.47
"Pyle9","Reed1",0.667880453881141,43.42,-119.62,38.52,-109.47
"Pyle10","Reed1",0.669050222218837,43.19,-120,38.52,-109.47
"Pyle15","Reed1",0.671987895054186,43.8,-119,38.52,-109.47
"Pyle17","Reed1",0.66514071780642,44.36,-118.93,38.52,-109.47
"Pyle19","Reed1",0.687510381975417,44.57,-119.65,38.52,-109.47
"Reed1","Reed1",0.999999999999999,38.52,-109.47,38.52,-109.47
"Reed3","Reed1",0.710065052645407,38.75,-109.79,38.52,-109.47
"Schupp3","Reed1",0.692386289544874,38.6,-113.79,38.52,-109.47
"Schupp4","Reed1",0.698241962762327,38.52,-113.55,38.52,-109.47
"Schupp5","Reed1",0.684049091539041,39.11,-112.74,38.52,-109.47
"Symstad1","Reed1",0.681380188582619,44.59,-104.71,38.52,-109.47
"Symstad2","Reed1",0.676591136138888,43.87,-103.46,38.52,-109.47
"Symstad3","Reed1",0.69252623795537,43.62,-103.47,38.52,-109.47
"Urza2","Reed1",0.682473850576249,40.84,-119.56,38.52,-109.47
"Wilcox2","Reed1",0.697708091932403,41.31,-105.66,38.52,-109.47
"Chynoweth2","Reed1",0.669254905049509,40.29092,-109.68361,38.52,-109.47
"Chynoweth3","Reed1",0.698012815622552,39.83576,-109.61202,38.52,-109.47
"Chynoweth5","Reed1",0.696259658946567,40.480805,-109.438229,38.52,-109.47
"Chynoweth7","Reed1",0.698738119728546,40.533605,-109.523564,38.52,-109.47
"Chynoweth8","Reed1",0.668903988714864,40.640878,-109.48689,38.52,-109.47
"Shriver2","Reed1",0.670276004137286,48,-114.04,38.52,-109.47
"Davies03","Reed1",0.660651157154704,42.68,-118.68,38.52,-109.47
"GerminoBOP1","Reed1",0.712749883211254,43.4720833,-116.2338306,38.52,-109.47
"Mancillas01","Reed1",0.70114073399355,32.368,-106.56,38.52,-109.47
"Boise_High 2022","Reed1",0.753683014106684,NA,NA,38.52,-109.47
"Boise_Low 2022","Reed1",0.741836629220884,NA,NA,38.52,-109.47
"CG PASTURE 2022","Reed1",0.774652950948169,NA,NA,38.52,-109.47
"CaseAoyamaS1 2022","Reed1",0.760662441530104,NA,NA,38.52,-109.47
"CastValley 2021","Reed1",0.761462688632167,NA,NA,38.52,-109.47
"EOARC 2022","Reed1",0.76023970411074,NA,NA,38.52,-109.47
"EnsingS1 SuRDC 2022","Reed1",0.775058711696496,NA,NA,38.52,-109.47
"EnsingS2 Summerland-Princeton 2022","Reed1",0.742646094918961,NA,NA,38.52,-109.47
"EnsingS3 Bear Creek 2022","Reed1",0.74411025398474,NA,NA,38.52,-109.47
"EnsingS4 Lundbom 2022","Reed1",0.742292937715992,NA,NA,38.52,-109.47
"FAR NORTH CPER 2022","Reed1",0.779818865211353,NA,NA,38.52,-109.47
"FtK_Cottonwood_Coulee 2021","Reed1",0.778141840822263,NA,NA,38.52,-109.47
"FtK_Lone_Pine 2021","Reed1",0.778385419843925,NA,NA,38.52,-109.47
"GoeblS1 2024","Reed1",0.76227231423001,NA,NA,38.52,-109.47
"GreenCanyon 2021","Reed1",0.779153000672818,NA,NA,38.52,-109.47
"HPGRS AGCR 2022","Reed1",0.77527046731475,NA,NA,38.52,-109.47
"HardwareRanch 2022","Reed1",0.771680124521148,NA,NA,38.52,-109.47
"K1_vanDiepen 2022","Reed1",0.756755985960323,NA,NA,38.52,-109.47
"L1_vanDiepen 2022","Reed1",0.772967940017946,NA,NA,38.52,-109.47
"MPG_IR 2021","Reed1",0.770500454043915,NA,NA,38.52,-109.47
"MPG_SR 2021","Reed1",0.771976651890615,NA,NA,38.52,-109.47
"MPG_TH 2021","Reed1",0.771339699355747,NA,NA,38.52,-109.47
"NEAR 4WAY CPER 2022","Reed1",0.780189429156275,NA,NA,38.52,-109.47
"NEAR HQ CPER 2022","Reed1",0.77964284506078,NA,NA,38.52,-109.47
"NEAR NUTNET 2022","Reed1",0.779904069946411,NA,NA,38.52,-109.47
"OttS1 2022","Reed1",0.776521310149835,NA,NA,38.52,-109.47
"PMR- Brome 2021","Reed1",0.764541735220188,NA,NA,38.52,-109.47
"Pearlwise 2024","Reed1",0.765682096019561,NA,NA,38.52,-109.47
"Peavine 2022","Reed1",0.735732041776798,NA,NA,38.52,-109.47
"Plymouth 2022","Reed1",0.735476626566941,NA,NA,38.52,-109.47
"RedBluff 2023","Reed1",0.767973210281529,NA,NA,38.52,-109.47
"Rush_Valley 2022","Reed1",0.775176782832169,NA,NA,38.52,-109.47
"SSHQ 2022","Reed1",0.778685963503357,NA,NA,38.52,-109.47
"SSHigh 2022","Reed1",0.768110971771492,NA,NA,38.52,-109.47
"SouthEden 2022","Reed1",0.770756213416861,NA,NA,38.52,-109.47
"Symstad1 2021","Reed1",0.77955321844673,NA,NA,38.52,-109.47
"Symstad2 2022","Reed1",0.780261971925541,NA,NA,38.52,-109.47
"TB FIRE 2022","Reed1",0.777720401748843,NA,NA,38.52,-109.47
"TB LC Control 2022","Reed1",0.77784368566084,NA,NA,38.52,-109.47
"TB PRAIRIE DOG 2022","Reed1",0.777787585099622,NA,NA,38.52,-109.47
"Woodruff 2022","Reed1",0.775759911060105,NA,NA,38.52,-109.47
"dino 2024","Reed1",0.785076644775329,NA,NA,38.52,-109.47
"AAFC4","Reed3",0.655830046862847,50.08,-120.65,38.75,-109.79
"AAFC5","Reed3",0.656634545922727,50.09,-120.45,38.75,-109.79
"AAFC6","Reed3",0.727936012181831,50.09,-120.75,38.75,-109.79
"AAFC8","Reed3",0.693237253599685,49.57,-120.55,38.75,-109.79
"AAFC9","Reed3",0.644051631794796,49.62,-119.8,38.75,-109.79
"AAFC10","Reed3",0.644170385518767,49.71,-120.05,38.75,-109.79
"Adler5","Reed3",0.656640039817433,40.79,-111.87,38.75,-109.79
"Schupp2","Reed3",0.648810567661364,40.2,-112.46,38.75,-109.79
"Schupp1","Reed3",0.677971024365158,39.85,-112.15,38.75,-109.79
"Adler13","Reed3",0.703344766822908,41.44,-111.08,38.75,-109.79
"Adler16","Reed3",0.706611878713513,41.78,-110.2,38.75,-109.79
"Adler17","Reed3",0.706703187197624,41.44,-110.11,38.75,-109.79
"Adler18","Reed3",0.65258081427436,40.86,-114.22,38.75,-109.79
"Barnett1","Reed3",0.643677205221418,43.48,-110.74,38.75,-109.79
"Baughman3","Reed3",0.656620228873286,42.81,-118.96,38.75,-109.79
"Baughman2","Reed3",0.669965835397842,43.05,-118.87,38.75,-109.79
"Chynoweth1","Reed3",0.71082792948227,39.76604,-109.5635,38.75,-109.79
"Board1","Reed3",0.652942416737098,38.84,-117.57,38.75,-109.79
"Bradford1","Reed3",0.65251717859935,35.23,-111.62,38.75,-109.79
"Chambers1","Reed3",0.614796711540605,39.55,-119.58,38.75,-109.79
"Chambers2","Reed3",0.609068254879694,39.95,-118.76,38.75,-109.79
"Urza1","Reed3",0.60913731998285,40.35,-119.34,38.75,-109.79
"Chambers4","Reed3",0.608998230845304,41.31,-117.63,38.75,-109.79
"Chambers5","Reed3",0.605119932244947,41.54,-117.75,38.75,-109.79
"Chambers6","Reed3",0.605119353906808,41.54,-117.78,38.75,-109.79
"Chambers7","Reed3",0.697935718260597,43.94,-116.19,38.75,-109.79
"Chambers8","Reed3",0.662049070770797,42.24,-114.57,38.75,-109.79
"Chambers9","Reed3",0.710805773753919,40.66,-116.73,38.75,-109.79
"Copeland1","Reed3",0.710792321039767,43.7,-117.33,38.75,-109.79
"Copeland5","Reed3",0.645496078212125,42.27,-118.71,38.75,-109.79
"Copeland9","Reed3",0.70673714576989,43.47,-119.68,38.75,-109.79
"Downs1","Reed3",0.648715317161917,46.38145,-119.430272,38.75,-109.79
"Downs2","Reed3",0.649001978717696,46.25045,-119.53334,38.75,-109.79
"Downs3","Reed3",0.62400698660745,45.9663,-120.3671,38.75,-109.79
"Fleishman1","Reed3",0.718373599914954,38.47,-119.49,38.75,-109.79
"Fleishman5","Reed3",0.657040639857082,39.12,-117.27,38.75,-109.79
"Fleishman7","Reed3",0.64114106882771,39.17,-117.44,38.75,-109.79
"Getts1","Reed3",0.641136518531597,41.17,-120.5,38.75,-109.79
"Getts3","Reed3",0.653441224483475,40.43,-120.67,38.75,-109.79
"Holdrege1","Reed3",0.643501754198457,41.61,-111.57,38.75,-109.79
"Hufft1","Reed3",0.661887372010764,38.6701,-108.3286,38.75,-109.79
"Lavin1","Reed3",0.70647584298185,44.68,-109.07,38.75,-109.79
"Lavin2","Reed3",0.663640575148713,45.67,-111.03,38.75,-109.79
"Lee1","Reed3",0.609072788249706,36.82340833,-116.0163889,38.75,-109.79
"Lee2","Reed3",0.601063671820913,35.3984,-115.7845,38.75,-109.79
"Lee3","Reed3",0.60887482926047,36.5247,-115.8987,38.75,-109.79
"Lee4","Reed3",0.604109485177307,35.4564,-115.52,38.75,-109.79
"Leger1","Reed3",0.625345018180476,39.49,-119.84,38.75,-109.79
"Maron1","Reed3",0.738891210386703,46.68,-114.03,38.75,-109.79
"Maron2","Reed3",0.70647723481775,46.64,-113.23,38.75,-109.79
"Porensky30","Reed3",0.676723103819717,40.63,-105.27,38.75,-109.79
"Pyke3","Reed3",0.658872902783448,44.60456358,-120.1924183,38.75,-109.79
"Pyke8","Reed3",0.648409621537341,46.74830998,-119.361636,38.75,-109.79
"Pyke21","Reed3",0.665064567706377,47.61803776,-119.6830115,38.75,-109.79
"Pyle1","Reed3",0.720832542425073,42.35,-118.65,38.75,-109.79
"Pyle9","Reed3",0.706467105724673,43.42,-119.62,38.75,-109.79
"Pyle10","Reed3",0.657148134015882,43.19,-120,38.75,-109.79
"Pyle15","Reed3",0.656655916614587,43.8,-119,38.75,-109.79
"Pyle17","Reed3",0.649408115873488,44.36,-118.93,38.75,-109.79
"Pyle19","Reed3",0.873957225232157,44.57,-119.65,38.75,-109.79
"Reed1","Reed3",0.710065052645407,38.52,-109.47,38.75,-109.79
"Reed3","Reed3",1,38.75,-109.79,38.75,-109.79
"Schupp3","Reed3",0.67487471824352,38.6,-113.79,38.75,-109.79
"Schupp4","Reed3",0.710684885242297,38.52,-113.55,38.75,-109.79
"Schupp5","Reed3",0.727661306332439,39.11,-112.74,38.75,-109.79
"Symstad1","Reed3",0.667189775199107,44.59,-104.71,38.75,-109.79
"Symstad2","Reed3",0.685730732736567,43.87,-103.46,38.75,-109.79
"Symstad3","Reed3",0.709460584140978,43.62,-103.47,38.75,-109.79
"Urza2","Reed3",0.696037681410641,40.84,-119.56,38.75,-109.79
"Wilcox2","Reed3",0.65590746663492,41.31,-105.66,38.75,-109.79
"Chynoweth2","Reed3",0.657419483148287,40.29092,-109.68361,38.75,-109.79
"Chynoweth3","Reed3",0.656228328644877,39.83576,-109.61202,38.75,-109.79
"Chynoweth5","Reed3",0.668507004433842,40.480805,-109.438229,38.75,-109.79
"Chynoweth7","Reed3",0.711213280082168,40.533605,-109.523564,38.75,-109.79
"Chynoweth8","Reed3",0.657007201353799,40.640878,-109.48689,38.75,-109.79
"Shriver2","Reed3",0.643722986562206,48,-114.04,38.75,-109.79
"Davies03","Reed3",0.652687926130854,42.68,-118.68,38.75,-109.79
"GerminoBOP1","Reed3",0.776931562034374,43.4720833,-116.2338306,38.75,-109.79
"Mancillas01","Reed3",0.776541889757122,32.368,-106.56,38.75,-109.79
"Boise_High 2022","Reed3",0.739397605795135,NA,NA,38.75,-109.79
"Boise_Low 2022","Reed3",0.727997983976845,NA,NA,38.75,-109.79
"CG PASTURE 2022","Reed3",0.77685266710647,NA,NA,38.75,-109.79
"CaseAoyamaS1 2022","Reed3",0.748770143012381,NA,NA,38.75,-109.79
"CastValley 2021","Reed3",0.756315598246489,NA,NA,38.75,-109.79
"EOARC 2022","Reed3",0.748134624159167,NA,NA,38.75,-109.79
"EnsingS1 SuRDC 2022","Reed3",0.771253017431529,NA,NA,38.75,-109.79
"EnsingS2 Summerland-Princeton 2022","Reed3",0.731076851728702,NA,NA,38.75,-109.79
"EnsingS3 Bear Creek 2022","Reed3",0.7309176575212,NA,NA,38.75,-109.79
"EnsingS4 Lundbom 2022","Reed3",0.736061998482891,NA,NA,38.75,-109.79
"FAR NORTH CPER 2022","Reed3",0.781621570228167,NA,NA,38.75,-109.79
"FtK_Cottonwood_Coulee 2021","Reed3",0.778021477422479,NA,NA,38.75,-109.79
"FtK_Lone_Pine 2021","Reed3",0.778126998966935,NA,NA,38.75,-109.79
"GoeblS1 2024","Reed3",0.760197934391359,NA,NA,38.75,-109.79
"GreenCanyon 2021","Reed3",0.771869064517394,NA,NA,38.75,-109.79
"HPGRS AGCR 2022","Reed3",0.77757876562612,NA,NA,38.75,-109.79
"HardwareRanch 2022","Reed3",0.764020200059146,NA,NA,38.75,-109.79
"K1_vanDiepen 2022","Reed3",0.755179273146129,NA,NA,38.75,-109.79
"L1_vanDiepen 2022","Reed3",0.772719775575865,NA,NA,38.75,-109.79
"MPG_IR 2021","Reed3",0.771128403188112,NA,NA,38.75,-109.79
"MPG_SR 2021","Reed3",0.772734321397449,NA,NA,38.75,-109.79
"MPG_TH 2021","Reed3",0.772111152540537,NA,NA,38.75,-109.79
"NEAR 4WAY CPER 2022","Reed3",0.782102432707388,NA,NA,38.75,-109.79
"NEAR HQ CPER 2022","Reed3",0.78169921148829,NA,NA,38.75,-109.79
"NEAR NUTNET 2022","Reed3",0.781867129650159,NA,NA,38.75,-109.79
"OttS1 2022","Reed3",0.7782030242431,NA,NA,38.75,-109.79
"PMR- Brome 2021","Reed3",0.763934782551239,NA,NA,38.75,-109.79
"Pearlwise 2024","Reed3",0.75402335771656,NA,NA,38.75,-109.79
"Peavine 2022","Reed3",0.720674450366904,NA,NA,38.75,-109.79
"Plymouth 2022","Reed3",0.723320436954183,NA,NA,38.75,-109.79
"RedBluff 2023","Reed3",0.769076783537115,NA,NA,38.75,-109.79
"Rush_Valley 2022","Reed3",0.76703993347821,NA,NA,38.75,-109.79
"SSHQ 2022","Reed3",0.775575501796799,NA,NA,38.75,-109.79
"SSHigh 2022","Reed3",0.764923273336131,NA,NA,38.75,-109.79
"SouthEden 2022","Reed3",0.764178097801118,NA,NA,38.75,-109.79
"Symstad1 2021","Reed3",0.786117221244672,NA,NA,38.75,-109.79
"Symstad2 2022","Reed3",0.786762387389963,NA,NA,38.75,-109.79
"TB FIRE 2022","Reed3",0.776449729169558,NA,NA,38.75,-109.79
"TB LC Control 2022","Reed3",0.776550788181543,NA,NA,38.75,-109.79
"TB PRAIRIE DOG 2022","Reed3",0.776475753153231,NA,NA,38.75,-109.79
"Woodruff 2022","Reed3",0.771379896122358,NA,NA,38.75,-109.79
"dino 2024","Reed3",0.78185359733343,NA,NA,38.75,-109.79
"AAFC4","Schupp3",0.663350218106958,50.08,-120.65,38.6,-113.79
"AAFC5","Schupp3",0.656296835240676,50.09,-120.45,38.6,-113.79
"AAFC6","Schupp3",0.683299320195179,50.09,-120.75,38.6,-113.79
"AAFC8","Schupp3",0.678633987469959,49.57,-120.55,38.6,-113.79
"AAFC9","Schupp3",0.64716583557187,49.62,-119.8,38.6,-113.79
"AAFC10","Schupp3",0.647308383322421,49.71,-120.05,38.6,-113.79
"Adler5","Schupp3",0.66314185851126,40.79,-111.87,38.6,-113.79
"Schupp2","Schupp3",0.68302223691447,40.2,-112.46,38.6,-113.79
"Schupp1","Schupp3",0.708845706719488,39.85,-112.15,38.6,-113.79
"Adler13","Schupp3",0.709800225005288,41.44,-111.08,38.6,-113.79
"Adler16","Schupp3",0.670772875008362,41.78,-110.2,38.6,-113.79
"Adler17","Schupp3",0.670984126806727,41.44,-110.11,38.6,-113.79
"Adler18","Schupp3",0.67313685908332,40.86,-114.22,38.6,-113.79
"Barnett1","Schupp3",0.641079503348012,43.48,-110.74,38.6,-113.79
"Baughman3","Schupp3",0.663246691456988,42.81,-118.96,38.6,-113.79
"Baughman2","Schupp3",0.699294083447382,43.05,-118.87,38.6,-113.79
"Chynoweth1","Schupp3",0.686594631671979,39.76604,-109.5635,38.6,-113.79
"Board1","Schupp3",0.641547094299536,38.84,-117.57,38.6,-113.79
"Bradford1","Schupp3",0.641135939945548,35.23,-111.62,38.6,-113.79
"Chambers1","Schupp3",0.626544404495114,39.55,-119.58,38.6,-113.79
"Chambers2","Schupp3",0.620183314051177,39.95,-118.76,38.6,-113.79
"Urza1","Schupp3",0.620323686742093,40.35,-119.34,38.6,-113.79
"Chambers4","Schupp3",0.620150024193765,41.31,-117.63,38.6,-113.79
"Chambers5","Schupp3",0.616893096717437,41.54,-117.75,38.6,-113.79
"Chambers6","Schupp3",0.616935949282476,41.54,-117.78,38.6,-113.79
"Chambers7","Schupp3",0.685465977223224,43.94,-116.19,38.6,-113.79
"Chambers8","Schupp3",0.690713122321572,42.24,-114.57,38.6,-113.79
"Chambers9","Schupp3",0.686636932355852,40.66,-116.73,38.6,-113.79
"Copeland1","Schupp3",0.686613011734448,43.7,-117.33,38.6,-113.79
"Copeland5","Schupp3",0.648706566104663,42.27,-118.71,38.6,-113.79
"Copeland9","Schupp3",0.671013521652385,43.47,-119.68,38.6,-113.79
"Downs1","Schupp3",0.672196223916858,46.38145,-119.430272,38.6,-113.79
"Downs2","Schupp3",0.665341815652106,46.25045,-119.53334,38.6,-113.79
"Downs3","Schupp3",0.621630330225887,45.9663,-120.3671,38.6,-113.79
"Fleishman1","Schupp3",0.676736584850225,38.47,-119.49,38.6,-113.79
"Fleishman5","Schupp3",0.708084357986858,39.12,-117.27,38.6,-113.79
"Fleishman7","Schupp3",0.642251007929105,39.17,-117.44,38.6,-113.79
"Getts1","Schupp3",0.651898210840457,41.17,-120.5,38.6,-113.79
"Getts3","Schupp3",0.649149185550563,40.43,-120.67,38.6,-113.79
"Holdrege1","Schupp3",0.640869634728492,41.61,-111.57,38.6,-113.79
"Hufft1","Schupp3",0.703832329906623,38.6701,-108.3286,38.6,-113.79
"Lavin1","Schupp3",0.700756230963275,44.68,-109.07,38.6,-113.79
"Lavin2","Schupp3",0.664623889806674,45.67,-111.03,38.6,-113.79
"Lee1","Schupp3",0.620199841687479,36.82340833,-116.0163889,38.6,-113.79
"Lee2","Schupp3",0.612813653436076,35.3984,-115.7845,38.6,-113.79
"Lee3","Schupp3",0.62005200673239,36.5247,-115.8987,38.6,-113.79
"Lee4","Schupp3",0.614039927466401,35.4564,-115.52,38.6,-113.79
"Leger1","Schupp3",0.620280434062341,39.49,-119.84,38.6,-113.79
"Maron1","Schupp3",0.681723470130049,46.68,-114.03,38.6,-113.79
"Maron2","Schupp3",0.670757835251077,46.64,-113.23,38.6,-113.79
"Porensky30","Schupp3",0.65199397364462,40.63,-105.27,38.6,-113.79
"Pyke3","Schupp3",0.662020045241119,44.60456358,-120.1924183,38.6,-113.79
"Pyke8","Schupp3",0.693130122339511,46.74830998,-119.361636,38.6,-113.79
"Pyke21","Schupp3",0.671403347585807,47.61803776,-119.6830115,38.6,-113.79
"Pyle1","Schupp3",0.74140463793431,42.35,-118.65,38.6,-113.79
"Pyle9","Schupp3",0.67073295329647,43.42,-119.62,38.6,-113.79
"Pyle10","Schupp3",0.708228996231751,43.19,-120,38.6,-113.79
"Pyle15","Schupp3",0.660145885101845,43.8,-119,38.6,-113.79
"Pyle17","Schupp3",0.65691694576456,44.36,-118.93,38.6,-113.79
"Pyle19","Schupp3",0.672631730583163,44.57,-119.65,38.6,-113.79
"Reed1","Schupp3",0.692386289544874,38.52,-109.47,38.6,-113.79
"Reed3","Schupp3",0.67487471824352,38.75,-109.79,38.6,-113.79
"Schupp3","Schupp3",0.999999999999995,38.6,-113.79,38.6,-113.79
"Schupp4","Schupp3",0.686490133689199,38.52,-113.55,38.6,-113.79
"Schupp5","Schupp3",0.677118823383859,39.11,-112.74,38.6,-113.79
"Symstad1","Schupp3",0.686421337663124,44.59,-104.71,38.6,-113.79
"Symstad2","Schupp3",0.66782793682724,43.87,-103.46,38.6,-113.79
"Symstad3","Schupp3",0.685932344726019,43.62,-103.47,38.6,-113.79
"Urza2","Schupp3",0.669065862869553,40.84,-119.56,38.6,-113.79
"Wilcox2","Schupp3",0.694560055868968,41.31,-105.66,38.6,-113.79
"Chynoweth2","Schupp3",0.708578700884949,40.29092,-109.68361,38.6,-113.79
"Chynoweth3","Schupp3",0.694828625643287,39.83576,-109.61202,38.6,-113.79
"Chynoweth5","Schupp3",0.734382531516639,40.480805,-109.438229,38.6,-113.79
"Chynoweth7","Schupp3",0.687064083169799,40.533605,-109.523564,38.6,-113.79
"Chynoweth8","Schupp3",0.70811358310013,40.640878,-109.48689,38.6,-113.79
"Shriver2","Schupp3",0.641106785352588,48,-114.04,38.6,-113.79
"Davies03","Schupp3",0.641321215636004,42.68,-118.68,38.6,-113.79
"GerminoBOP1","Schupp3",0.697838081098886,43.4720833,-116.2338306,38.6,-113.79
"Mancillas01","Schupp3",0.685455572933714,32.368,-106.56,38.6,-113.79
"Boise_High 2022","Schupp3",0.741439715493936,NA,NA,38.6,-113.79
"Boise_Low 2022","Schupp3",0.736025338493867,NA,NA,38.6,-113.79
"CG PASTURE 2022","Schupp3",0.768718353809886,NA,NA,38.6,-113.79
"CaseAoyamaS1 2022","Schupp3",0.752635811720047,NA,NA,38.6,-113.79
"CastValley 2021","Schupp3",0.757484468900978,NA,NA,38.6,-113.79
"EOARC 2022","Schupp3",0.751758753090185,NA,NA,38.6,-113.79
"EnsingS1 SuRDC 2022","Schupp3",0.765787862642181,NA,NA,38.6,-113.79
"EnsingS2 Summerland-Princeton 2022","Schupp3",0.732228049728855,NA,NA,38.6,-113.79
"EnsingS3 Bear Creek 2022","Schupp3",0.734779032428224,NA,NA,38.6,-113.79
"EnsingS4 Lundbom 2022","Schupp3",0.735421585550217,NA,NA,38.6,-113.79
"FAR NORTH CPER 2022","Schupp3",0.776654888246594,NA,NA,38.6,-113.79
"FtK_Cottonwood_Coulee 2021","Schupp3",0.7805041241071,NA,NA,38.6,-113.79
"FtK_Lone_Pine 2021","Schupp3",0.781319051142843,NA,NA,38.6,-113.79
"GoeblS1 2024","Schupp3",0.756432710541596,NA,NA,38.6,-113.79
"GreenCanyon 2021","Schupp3",0.768772134614538,NA,NA,38.6,-113.79
"HPGRS AGCR 2022","Schupp3",0.769542978486425,NA,NA,38.6,-113.79
"HardwareRanch 2022","Schupp3",0.760401791922699,NA,NA,38.6,-113.79
"K1_vanDiepen 2022","Schupp3",0.746458123429897,NA,NA,38.6,-113.79
"L1_vanDiepen 2022","Schupp3",0.769793805651367,NA,NA,38.6,-113.79
"MPG_IR 2021","Schupp3",0.759971220039495,NA,NA,38.6,-113.79
"MPG_SR 2021","Schupp3",0.761918652638559,NA,NA,38.6,-113.79
"MPG_TH 2021","Schupp3",0.761066161574078,NA,NA,38.6,-113.79
"NEAR 4WAY CPER 2022","Schupp3",0.777381070504347,NA,NA,38.6,-113.79
"NEAR HQ CPER 2022","Schupp3",0.776100364030168,NA,NA,38.6,-113.79
"NEAR NUTNET 2022","Schupp3",0.776787992566232,NA,NA,38.6,-113.79
"OttS1 2022","Schupp3",0.773246166430226,NA,NA,38.6,-113.79
"PMR- Brome 2021","Schupp3",0.75534013663572,NA,NA,38.6,-113.79
"Pearlwise 2024","Schupp3",0.754963364302424,NA,NA,38.6,-113.79
"Peavine 2022","Schupp3",0.722417067792287,NA,NA,38.6,-113.79
"Plymouth 2022","Schupp3",0.725438141881401,NA,NA,38.6,-113.79
"RedBluff 2023","Schupp3",0.761128823740646,NA,NA,38.6,-113.79
"Rush_Valley 2022","Schupp3",0.766837107342285,NA,NA,38.6,-113.79
"SSHQ 2022","Schupp3",0.774132698250312,NA,NA,38.6,-113.79
"SSHigh 2022","Schupp3",0.759863425448181,NA,NA,38.6,-113.79
"SouthEden 2022","Schupp3",0.762196022478478,NA,NA,38.6,-113.79
"Symstad1 2021","Schupp3",0.775521274787656,NA,NA,38.6,-113.79
"Symstad2 2022","Schupp3",0.776585143713437,NA,NA,38.6,-113.79
"TB FIRE 2022","Schupp3",0.777367392641916,NA,NA,38.6,-113.79
"TB LC Control 2022","Schupp3",0.777672354955397,NA,NA,38.6,-113.79
"TB PRAIRIE DOG 2022","Schupp3",0.777572574773686,NA,NA,38.6,-113.79
"Woodruff 2022","Schupp3",0.77000971743901,NA,NA,38.6,-113.79
"dino 2024","Schupp3",0.784268624791204,NA,NA,38.6,-113.79
"AAFC4","Schupp4",0.700510676361207,50.08,-120.65,38.52,-113.55
"AAFC5","Schupp4",0.673193768703675,50.09,-120.45,38.52,-113.55
"AAFC6","Schupp4",0.692761445627783,50.09,-120.75,38.52,-113.55
"AAFC8","Schupp4",0.707498194891361,49.57,-120.55,38.52,-113.55
"AAFC9","Schupp4",0.664917356875568,49.62,-119.8,38.52,-113.55
"AAFC10","Schupp4",0.665175957059798,49.71,-120.05,38.52,-113.55
"Adler5","Schupp4",0.664158951483548,40.79,-111.87,38.52,-113.55
"Schupp2","Schupp4",0.669661632605798,40.2,-112.46,38.52,-113.55
"Schupp1","Schupp4",0.674446820736084,39.85,-112.15,38.52,-113.55
"Adler13","Schupp4",0.790273950663087,41.44,-111.08,38.52,-113.55
"Adler16","Schupp4",0.718119044717042,41.78,-110.2,38.52,-113.55
"Adler17","Schupp4",0.718272549088835,41.44,-110.11,38.52,-113.55
"Adler18","Schupp4",0.671919382436218,40.86,-114.22,38.52,-113.55
"Barnett1","Schupp4",0.665461287716758,43.48,-110.74,38.52,-113.55
"Baughman3","Schupp4",0.672246431214594,42.81,-118.96,38.52,-113.55
"Baughman2","Schupp4",0.685376788310776,43.05,-118.87,38.52,-113.55
"Chynoweth1","Schupp4",0.999742428887155,39.76604,-109.5635,38.52,-113.55
"Board1","Schupp4",0.658377193835478,38.84,-117.57,38.52,-113.55
"Bradford1","Schupp4",0.657950231919499,35.23,-111.62,38.52,-113.55
"Chambers1","Schupp4",0.625836384962076,39.55,-119.58,38.52,-113.55
"Chambers2","Schupp4",0.619956889035029,39.95,-118.76,38.52,-113.55
"Urza1","Schupp4",0.620074516221246,40.35,-119.34,38.52,-113.55
"Chambers4","Schupp4",0.619887570112358,41.31,-117.63,38.52,-113.55
"Chambers5","Schupp4",0.615703578247365,41.54,-117.75,38.52,-113.55
"Chambers6","Schupp4",0.615757259587941,41.54,-117.78,38.52,-113.55
"Chambers7","Schupp4",0.715862801940791,43.94,-116.19,38.52,-113.55
"Chambers8","Schupp4",0.661638837761175,42.24,-114.57,38.52,-113.55
"Chambers9","Schupp4",0.999697836005012,40.66,-116.73,38.52,-113.55
"Copeland1","Schupp4",0.999745703014759,43.7,-117.33,38.52,-113.55
"Copeland5","Schupp4",0.655432431530278,42.27,-118.71,38.52,-113.55
"Copeland9","Schupp4",0.718347232552024,43.47,-119.68,38.52,-113.55
"Downs1","Schupp4",0.652141168733097,46.38145,-119.430272,38.52,-113.55
"Downs2","Schupp4",0.669165516368844,46.25045,-119.53334,38.52,-113.55
"Downs3","Schupp4",0.634558484964916,45.9663,-120.3671,38.52,-113.55
"Fleishman1","Schupp4",0.734641787562974,38.47,-119.49,38.52,-113.55
"Fleishman5","Schupp4",0.664762484342416,39.12,-117.27,38.52,-113.55
"Fleishman7","Schupp4",0.659486451846682,39.17,-117.44,38.52,-113.55
"Getts1","Schupp4",0.651788967513501,41.17,-120.5,38.52,-113.55
"Getts3","Schupp4",0.68603002584777,40.43,-120.67,38.52,-113.55
"Holdrege1","Schupp4",0.665230575664039,41.61,-111.57,38.52,-113.55
"Hufft1","Schupp4",0.659081198495953,38.6701,-108.3286,38.52,-113.55
"Lavin1","Schupp4",0.703624317573329,44.68,-109.07,38.52,-113.55
"Lavin2","Schupp4",0.665319213676211,45.67,-111.03,38.52,-113.55
"Lee1","Schupp4",0.619971130613928,36.82340833,-116.0163889,38.52,-113.55
"Lee2","Schupp4",0.611642212055186,35.3984,-115.7845,38.52,-113.55
"Lee3","Schupp4",0.619771706401626,36.5247,-115.8987,38.52,-113.55
"Lee4","Schupp4",0.614598147623005,35.4564,-115.52,38.52,-113.55
"Leger1","Schupp4",0.623538321052802,39.49,-119.84,38.52,-113.55
"Maron1","Schupp4",0.725756314547665,46.68,-114.03,38.52,-113.55
"Maron2","Schupp4",0.718117229212742,46.64,-113.23,38.52,-113.55
"Porensky30","Schupp4",0.655984601096604,40.63,-105.27,38.52,-113.55
"Pyke3","Schupp4",0.673665576629968,44.60456358,-120.1924183,38.52,-113.55
"Pyke8","Schupp4",0.648572601911493,46.74830998,-119.361636,38.52,-113.55
"Pyke21","Schupp4",0.682877503649937,47.61803776,-119.6830115,38.52,-113.55
"Pyle1","Schupp4",0.73625197769312,42.35,-118.65,38.52,-113.55
"Pyle9","Schupp4",0.718084458310458,43.42,-119.62,38.52,-113.55
"Pyle10","Schupp4",0.664945626322809,43.19,-120,38.52,-113.55
"Pyle15","Schupp4",0.674384426858427,43.8,-119,38.52,-113.55
"Pyle17","Schupp4",0.664284665806666,44.36,-118.93,38.52,-113.55
"Pyle19","Schupp4",0.676915145895563,44.57,-119.65,38.52,-113.55
"Reed1","Schupp4",0.698241962762327,38.52,-109.47,38.52,-113.55
"Reed3","Schupp4",0.710684885242297,38.75,-109.79,38.52,-113.55
"Schupp3","Schupp4",0.686490133689199,38.6,-113.79,38.52,-113.55
"Schupp4","Schupp4",1,38.52,-113.55,38.52,-113.55
"Schupp5","Schupp4",0.817792138183092,39.11,-112.74,38.52,-113.55
"Symstad1","Schupp4",0.669662160800144,44.59,-104.71,38.52,-113.55
"Symstad2","Schupp4",0.656989963499074,43.87,-103.46,38.52,-113.55
"Symstad3","Schupp4",0.73151049735144,43.62,-103.47,38.52,-113.55
"Urza2","Schupp4",0.717234537249878,40.84,-119.56,38.52,-113.55
"Wilcox2","Schupp4",0.658040003322904,41.31,-105.66,38.52,-113.55
"Chynoweth2","Schupp4",0.66520122212015,40.29092,-109.68361,38.52,-113.55
"Chynoweth3","Schupp4",0.658313144742371,39.83576,-109.61202,38.52,-113.55
"Chynoweth5","Schupp4",0.680662049659828,40.480805,-109.438229,38.52,-113.55
"Chynoweth7","Schupp4",0.999333446520606,40.533605,-109.523564,38.52,-113.55
"Chynoweth8","Schupp4",0.664748400743843,40.640878,-109.48689,38.52,-113.55
"Shriver2","Schupp4",0.66548101730515,48,-114.04,38.52,-113.55
"Davies03","Schupp4",0.658146455358971,42.68,-118.68,38.52,-113.55
"GerminoBOP1","Schupp4",0.860028870248355,43.4720833,-116.2338306,38.52,-113.55
"Mancillas01","Schupp4",0.697005854897958,32.368,-106.56,38.52,-113.55
"Boise_High 2022","Schupp4",0.758288247012756,NA,NA,38.52,-113.55
"Boise_Low 2022","Schupp4",0.743456011284765,NA,NA,38.52,-113.55
"CG PASTURE 2022","Schupp4",0.781157507578901,NA,NA,38.52,-113.55
"CaseAoyamaS1 2022","Schupp4",0.764162707999371,NA,NA,38.52,-113.55
"CastValley 2021","Schupp4",0.791179067938145,NA,NA,38.52,-113.55
"EOARC 2022","Schupp4",0.763827733030216,NA,NA,38.52,-113.55
"EnsingS1 SuRDC 2022","Schupp4",0.796932604903571,NA,NA,38.52,-113.55
"EnsingS2 Summerland-Princeton 2022","Schupp4",0.747070314603958,NA,NA,38.52,-113.55
"EnsingS3 Bear Creek 2022","Schupp4",0.747528222104513,NA,NA,38.52,-113.55
"EnsingS4 Lundbom 2022","Schupp4",0.749776729163896,NA,NA,38.52,-113.55
"FAR NORTH CPER 2022","Schupp4",0.786983828274898,NA,NA,38.52,-113.55
"FtK_Cottonwood_Coulee 2021","Schupp4",0.789626049261309,NA,NA,38.52,-113.55
"FtK_Lone_Pine 2021","Schupp4",0.790032301626035,NA,NA,38.52,-113.55
"GoeblS1 2024","Schupp4",0.766762800975634,NA,NA,38.52,-113.55
"GreenCanyon 2021","Schupp4",0.806667547655008,NA,NA,38.52,-113.55
"HPGRS AGCR 2022","Schupp4",0.781361344571097,NA,NA,38.52,-113.55
"HardwareRanch 2022","Schupp4",0.795565906160185,NA,NA,38.52,-113.55
"K1_vanDiepen 2022","Schupp4",0.782641867259723,NA,NA,38.52,-113.55
"L1_vanDiepen 2022","Schupp4",0.79067689368104,NA,NA,38.52,-113.55
"MPG_IR 2021","Schupp4",0.798550230293548,NA,NA,38.52,-113.55
"MPG_SR 2021","Schupp4",0.799697701503077,NA,NA,38.52,-113.55
"MPG_TH 2021","Schupp4",0.799350857649573,NA,NA,38.52,-113.55
"NEAR 4WAY CPER 2022","Schupp4",0.787723106382127,NA,NA,38.52,-113.55
"NEAR HQ CPER 2022","Schupp4",0.786971856051787,NA,NA,38.52,-113.55
"NEAR NUTNET 2022","Schupp4",0.787056292136688,NA,NA,38.52,-113.55
"OttS1 2022","Schupp4",0.784801316660452,NA,NA,38.52,-113.55
"PMR- Brome 2021","Schupp4",0.769365427241135,NA,NA,38.52,-113.55
"Pearlwise 2024","Schupp4",0.775046486530157,NA,NA,38.52,-113.55
"Peavine 2022","Schupp4",0.734949610102531,NA,NA,38.52,-113.55
"Plymouth 2022","Schupp4",0.732391869084216,NA,NA,38.52,-113.55
"RedBluff 2023","Schupp4",0.778157752458607,NA,NA,38.52,-113.55
"Rush_Valley 2022","Schupp4",0.798067733818267,NA,NA,38.52,-113.55
"SSHQ 2022","Schupp4",0.809515443428541,NA,NA,38.52,-113.55
"SSHigh 2022","Schupp4",0.798763496012792,NA,NA,38.52,-113.55
"SouthEden 2022","Schupp4",0.795913201495681,NA,NA,38.52,-113.55
"Symstad1 2021","Schupp4",0.792387801435011,NA,NA,38.52,-113.55
"Symstad2 2022","Schupp4",0.793377246946952,NA,NA,38.52,-113.55
"TB FIRE 2022","Schupp4",0.785869954030052,NA,NA,38.52,-113.55
"TB LC Control 2022","Schupp4",0.786088157682011,NA,NA,38.52,-113.55
"TB PRAIRIE DOG 2022","Schupp4",0.785990021949037,NA,NA,38.52,-113.55
"Woodruff 2022","Schupp4",0.803292737203389,NA,NA,38.52,-113.55
"dino 2024","Schupp4",0.825930734171918,NA,NA,38.52,-113.55
"AAFC4","Schupp5",0.695921147706448,50.08,-120.65,39.11,-112.74
"AAFC5","Schupp5",0.677937149515695,50.09,-120.45,39.11,-112.74
"AAFC6","Schupp5",0.682932006603882,50.09,-120.75,39.11,-112.74
"AAFC8","Schupp5",0.705649440007912,49.57,-120.55,39.11,-112.74
"AAFC9","Schupp5",0.669142741394171,49.62,-119.8,39.11,-112.74
"AAFC10","Schupp5",0.669342019083821,49.71,-120.05,39.11,-112.74
"Adler5","Schupp5",0.663056301950927,40.79,-111.87,39.11,-112.74
"Schupp2","Schupp5",0.666406526430764,40.2,-112.46,39.11,-112.74
"Schupp1","Schupp5",0.674020403139731,39.85,-112.15,39.11,-112.74
"Adler13","Schupp5",0.736979429612529,41.44,-111.08,39.11,-112.74
"Adler16","Schupp5",0.725028247015147,41.78,-110.2,39.11,-112.74
"Adler17","Schupp5",0.725102567440082,41.44,-110.11,39.11,-112.74
"Adler18","Schupp5",0.673305004139604,40.86,-114.22,39.11,-112.74
"Barnett1","Schupp5",0.667311698450287,43.48,-110.74,39.11,-112.74
"Baughman3","Schupp5",0.676245525035382,42.81,-118.96,39.11,-112.74
"Baughman2","Schupp5",0.680229508193348,43.05,-118.87,39.11,-112.74
"Chynoweth1","Schupp5",0.817857871162449,39.76604,-109.5635,39.11,-112.74
"Board1","Schupp5",0.672165134597256,38.84,-117.57,39.11,-112.74
"Bradford1","Schupp5",0.671791192561293,35.23,-111.62,39.11,-112.74
"Chambers1","Schupp5",0.626905559419192,39.55,-119.58,39.11,-112.74
"Chambers2","Schupp5",0.621020899881111,39.95,-118.76,39.11,-112.74
"Urza1","Schupp5",0.621179425908925,40.35,-119.34,39.11,-112.74
"Chambers4","Schupp5",0.620989843826909,41.31,-117.63,39.11,-112.74
"Chambers5","Schupp5",0.616569965244179,41.54,-117.75,39.11,-112.74
"Chambers6","Schupp5",0.616622968685854,41.54,-117.78,39.11,-112.74
"Chambers7","Schupp5",0.709747077678165,43.94,-116.19,39.11,-112.74
"Chambers8","Schupp5",0.664007284085301,42.24,-114.57,39.11,-112.74
"Chambers9","Schupp5",0.817978160206304,40.66,-116.73,39.11,-112.74
"Copeland1","Schupp5",0.81779809913184,43.7,-117.33,39.11,-112.74
"Copeland5","Schupp5",0.657003298894746,42.27,-118.71,39.11,-112.74
"Copeland9","Schupp5",0.725341986107074,43.47,-119.68,39.11,-112.74
"Downs1","Schupp5",0.65058008717454,46.38145,-119.430272,39.11,-112.74
"Downs2","Schupp5",0.67329759085773,46.25045,-119.53334,39.11,-112.74
"Downs3","Schupp5",0.637080200701725,45.9663,-120.3671,39.11,-112.74
"Fleishman1","Schupp5",0.747922825921925,38.47,-119.49,39.11,-112.74
"Fleishman5","Schupp5",0.659751107928374,39.12,-117.27,39.11,-112.74
"Fleishman7","Schupp5",0.660566971994576,39.17,-117.44,39.11,-112.74
"Getts1","Schupp5",0.648681043485865,41.17,-120.5,39.11,-112.74
"Getts3","Schupp5",0.687009619181729,40.43,-120.67,39.11,-112.74
"Holdrege1","Schupp5",0.667107239158488,41.61,-111.57,39.11,-112.74
"Hufft1","Schupp5",0.659923668638832,38.6701,-108.3286,39.11,-112.74
"Lavin1","Schupp5",0.708638665421026,44.68,-109.07,39.11,-112.74
"Lavin2","Schupp5",0.681401764779497,45.67,-111.03,39.11,-112.74
"Lee1","Schupp5",0.621075489197628,36.82340833,-116.0163889,39.11,-112.74
"Lee2","Schupp5",0.613039396617612,35.3984,-115.7845,39.11,-112.74
"Lee3","Schupp5",0.620824179135738,36.5247,-115.8987,39.11,-112.74
"Lee4","Schupp5",0.615500885212233,35.4564,-115.52,39.11,-112.74
"Leger1","Schupp5",0.638229513946575,39.49,-119.84,39.11,-112.74
"Maron1","Schupp5",0.734176277650642,46.68,-114.03,39.11,-112.74
"Maron2","Schupp5",0.725019371069266,46.64,-113.23,39.11,-112.74
"Porensky30","Schupp5",0.669282124917481,40.63,-105.27,39.11,-112.74
"Pyke3","Schupp5",0.675254498603858,44.60456358,-120.1924183,39.11,-112.74
"Pyke8","Schupp5",0.646596121438805,46.74830998,-119.361636,39.11,-112.74
"Pyke21","Schupp5",0.682791458231757,47.61803776,-119.6830115,39.11,-112.74
"Pyle1","Schupp5",0.7415760925067,42.35,-118.65,39.11,-112.74
"Pyle9","Schupp5",0.724972519940483,43.42,-119.62,39.11,-112.74
"Pyle10","Schupp5",0.659895261934567,43.19,-120,39.11,-112.74
"Pyle15","Schupp5",0.67647132109138,43.8,-119,39.11,-112.74
"Pyle17","Schupp5",0.666109234076014,44.36,-118.93,39.11,-112.74
"Pyle19","Schupp5",0.689511813233987,44.57,-119.65,39.11,-112.74
"Reed1","Schupp5",0.684049091539041,38.52,-109.47,39.11,-112.74
"Reed3","Schupp5",0.727661306332439,38.75,-109.79,39.11,-112.74
"Schupp3","Schupp5",0.677118823383859,38.6,-113.79,39.11,-112.74
"Schupp4","Schupp5",0.817792138183092,38.52,-113.55,39.11,-112.74
"Schupp5","Schupp5",1,39.11,-112.74,39.11,-112.74
"Symstad1","Schupp5",0.665464583177307,44.59,-104.71,39.11,-112.74
"Symstad2","Schupp5",0.665525791245301,43.87,-103.46,39.11,-112.74
"Symstad3","Schupp5",0.724629888646005,43.62,-103.47,39.11,-112.74
"Urza2","Schupp5",0.712698550781606,40.84,-119.56,39.11,-112.74
"Wilcox2","Schupp5",0.65501887912426,41.31,-105.66,39.11,-112.74
"Chynoweth2","Schupp5",0.660126182179979,40.29092,-109.68361,39.11,-112.74
"Chynoweth3","Schupp5",0.655274284378701,39.83576,-109.61202,39.11,-112.74
"Chynoweth5","Schupp5",0.673904397256265,40.480805,-109.438229,39.11,-112.74
"Chynoweth7","Schupp5",0.818029251945708,40.533605,-109.523564,39.11,-112.74
"Chynoweth8","Schupp5",0.659720726651761,40.640878,-109.48689,39.11,-112.74
"Shriver2","Schupp5",0.667296340374744,48,-114.04,39.11,-112.74
"Davies03","Schupp5",0.671973678148935,42.68,-118.68,39.11,-112.74
"GerminoBOP1","Schupp5",0.77248482835391,43.4720833,-116.2338306,39.11,-112.74
"Mancillas01","Schupp5",0.708762993400189,32.368,-106.56,39.11,-112.74
"Boise_High 2022","Schupp5",0.761725552747672,NA,NA,39.11,-112.74
"Boise_Low 2022","Schupp5",0.742915290948574,NA,NA,39.11,-112.74
"CG PASTURE 2022","Schupp5",0.78697704175604,NA,NA,39.11,-112.74
"CaseAoyamaS1 2022","Schupp5",0.766346492777642,NA,NA,39.11,-112.74
"CastValley 2021","Schupp5",0.773897784508522,NA,NA,39.11,-112.74
"EOARC 2022","Schupp5",0.766286525299209,NA,NA,39.11,-112.74
"EnsingS1 SuRDC 2022","Schupp5",0.795019567900043,NA,NA,39.11,-112.74
"EnsingS2 Summerland-Princeton 2022","Schupp5",0.755469063622924,NA,NA,39.11,-112.74
"EnsingS3 Bear Creek 2022","Schupp5",0.753770629284338,NA,NA,39.11,-112.74
"EnsingS4 Lundbom 2022","Schupp5",0.757901995650778,NA,NA,39.11,-112.74
"FAR NORTH CPER 2022","Schupp5",0.789835735957131,NA,NA,39.11,-112.74
"FtK_Cottonwood_Coulee 2021","Schupp5",0.789538741341394,NA,NA,39.11,-112.74
"FtK_Lone_Pine 2021","Schupp5",0.789427605664385,NA,NA,39.11,-112.74
"GoeblS1 2024","Schupp5",0.771223756680289,NA,NA,39.11,-112.74
"GreenCanyon 2021","Schupp5",0.798627313715467,NA,NA,39.11,-112.74
"HPGRS AGCR 2022","Schupp5",0.787127005651139,NA,NA,39.11,-112.74
"HardwareRanch 2022","Schupp5",0.791447405945058,NA,NA,39.11,-112.74
"K1_vanDiepen 2022","Schupp5",0.781920840899027,NA,NA,39.11,-112.74
"L1_vanDiepen 2022","Schupp5",0.792102398855873,NA,NA,39.11,-112.74
"MPG_IR 2021","Schupp5",0.795016846885453,NA,NA,39.11,-112.74
"MPG_SR 2021","Schupp5",0.796028181530145,NA,NA,39.11,-112.74
"MPG_TH 2021","Schupp5",0.795717081623099,NA,NA,39.11,-112.74
"NEAR 4WAY CPER 2022","Schupp5",0.79005187503488,NA,NA,39.11,-112.74
"NEAR HQ CPER 2022","Schupp5",0.78998295045373,NA,NA,39.11,-112.74
"NEAR NUTNET 2022","Schupp5",0.789831512916626,NA,NA,39.11,-112.74
"OttS1 2022","Schupp5",0.789032459661486,NA,NA,39.11,-112.74
"PMR- Brome 2021","Schupp5",0.777741748027632,NA,NA,39.11,-112.74
"Pearlwise 2024","Schupp5",0.773842416381206,NA,NA,39.11,-112.74
"Peavine 2022","Schupp5",0.739812064989333,NA,NA,39.11,-112.74
"Plymouth 2022","Schupp5",0.735955591515674,NA,NA,39.11,-112.74
"RedBluff 2023","Schupp5",0.7836231595468,NA,NA,39.11,-112.74
"Rush_Valley 2022","Schupp5",0.789957052598077,NA,NA,39.11,-112.74
"SSHQ 2022","Schupp5",0.800101693928541,NA,NA,39.11,-112.74
"SSHigh 2022","Schupp5",0.792292523414708,NA,NA,39.11,-112.74
"SouthEden 2022","Schupp5",0.791119691878409,NA,NA,39.11,-112.74
"Symstad1 2021","Schupp5",0.794935969081233,NA,NA,39.11,-112.74
"Symstad2 2022","Schupp5",0.79552353879884,NA,NA,39.11,-112.74
"TB FIRE 2022","Schupp5",0.787750570630646,NA,NA,39.11,-112.74
"TB LC Control 2022","Schupp5",0.787796026791038,NA,NA,39.11,-112.74
"TB PRAIRIE DOG 2022","Schupp5",0.787747408369806,NA,NA,39.11,-112.74
"Woodruff 2022","Schupp5",0.796543733515301,NA,NA,39.11,-112.74
"dino 2024","Schupp5",0.805249044827874,NA,NA,39.11,-112.74
"AAFC4","Symstad1",0.660812358217654,50.08,-120.65,44.59,-104.71
"AAFC5","Symstad1",0.680934889304842,50.09,-120.45,44.59,-104.71
"AAFC6","Symstad1",0.6784687235333,50.09,-120.75,44.59,-104.71
"AAFC8","Symstad1",0.703293472217691,49.57,-120.55,44.59,-104.71
"AAFC9","Symstad1",0.667229620231164,49.62,-119.8,44.59,-104.71
"AAFC10","Symstad1",0.667290472897695,49.71,-120.05,44.59,-104.71
"Adler5","Symstad1",0.677081811926392,40.79,-111.87,44.59,-104.71
"Schupp2","Symstad1",0.684677661332348,40.2,-112.46,44.59,-104.71
"Schupp1","Symstad1",0.704879390568033,39.85,-112.15,44.59,-104.71
"Adler13","Symstad1",0.685367928212616,41.44,-111.08,44.59,-104.71
"Adler16","Symstad1",0.682662140662549,41.78,-110.2,44.59,-104.71
"Adler17","Symstad1",0.68292041664563,41.44,-110.11,44.59,-104.71
"Adler18","Symstad1",0.66396689012642,40.86,-114.22,44.59,-104.71
"Barnett1","Symstad1",0.661277443008827,43.48,-110.74,44.59,-104.71
"Baughman3","Symstad1",0.670750150849077,42.81,-118.96,44.59,-104.71
"Baughman2","Symstad1",0.687531226940744,43.05,-118.87,44.59,-104.71
"Chynoweth1","Symstad1",0.6697441383164,39.76604,-109.5635,44.59,-104.71
"Board1","Symstad1",0.651643704356316,38.84,-117.57,44.59,-104.71
"Bradford1","Symstad1",0.651233109050764,35.23,-111.62,44.59,-104.71
"Chambers1","Symstad1",0.629665543282899,39.55,-119.58,44.59,-104.71
"Chambers2","Symstad1",0.622954269142301,39.95,-118.76,44.59,-104.71
"Urza1","Symstad1",0.623116446562747,40.35,-119.34,44.59,-104.71
"Chambers4","Symstad1",0.622924266310595,41.31,-117.63,44.59,-104.71
"Chambers5","Symstad1",0.619376857220592,41.54,-117.75,44.59,-104.71
"Chambers6","Symstad1",0.619350865900393,41.54,-117.78,44.59,-104.71
"Chambers7","Symstad1",0.710959726663862,43.94,-116.19,44.59,-104.71
"Chambers8","Symstad1",0.667874116610095,42.24,-114.57,44.59,-104.71
"Chambers9","Symstad1",0.669805615640375,40.66,-116.73,44.59,-104.71
"Copeland1","Symstad1",0.66979819350588,43.7,-117.33,44.59,-104.71
"Copeland5","Symstad1",0.667971336678588,42.27,-118.71,44.59,-104.71
"Copeland9","Symstad1",0.682951453565302,43.47,-119.68,44.59,-104.71
"Downs1","Symstad1",0.672572416553586,46.38145,-119.430272,44.59,-104.71
"Downs2","Symstad1",0.656961258925788,46.25045,-119.53334,44.59,-104.71
"Downs3","Symstad1",0.628823722858553,45.9663,-120.3671,44.59,-104.71
"Fleishman1","Symstad1",0.686233224372619,38.47,-119.49,44.59,-104.71
"Fleishman5","Symstad1",0.673043505517252,39.12,-117.27,44.59,-104.71
"Fleishman7","Symstad1",0.65053608261745,39.17,-117.44,44.59,-104.71
"Getts1","Symstad1",0.656394394165393,41.17,-120.5,44.59,-104.71
"Getts3","Symstad1",0.666452800753986,40.43,-120.67,44.59,-104.71
"Holdrege1","Symstad1",0.661086301588373,41.61,-111.57,44.59,-104.71
"Hufft1","Symstad1",0.683199517461606,38.6701,-108.3286,44.59,-104.71
"Lavin1","Symstad1",0.689801979533242,44.68,-109.07,44.59,-104.71
"Lavin2","Symstad1",0.685305660990129,45.67,-111.03,44.59,-104.71
"Lee1","Symstad1",0.623017793062062,36.82340833,-116.0163889,44.59,-104.71
"Lee2","Symstad1",0.615898272103255,35.3984,-115.7845,44.59,-104.71
"Lee3","Symstad1",0.622915159221021,36.5247,-115.8987,44.59,-104.71
"Lee4","Symstad1",0.617709379250298,35.4564,-115.52,44.59,-104.71
"Leger1","Symstad1",0.632192684022762,39.49,-119.84,44.59,-104.71
"Maron1","Symstad1",0.675381129875085,46.68,-114.03,44.59,-104.71
"Maron2","Symstad1",0.68270078599106,46.64,-113.23,44.59,-104.71
"Porensky30","Symstad1",0.688642065274277,40.63,-105.27,44.59,-104.71
"Pyke3","Symstad1",0.673275585695087,44.60456358,-120.1924183,44.59,-104.71
"Pyke8","Symstad1",0.652729682630303,46.74830998,-119.361636,44.59,-104.71
"Pyke21","Symstad1",0.708907693689762,47.61803776,-119.6830115,44.59,-104.71
"Pyle1","Symstad1",0.730654631385918,42.35,-118.65,44.59,-104.71
"Pyle9","Symstad1",0.682665307201569,43.42,-119.62,44.59,-104.71
"Pyle10","Symstad1",0.673150396686867,43.19,-120,44.59,-104.71
"Pyle15","Symstad1",0.695618947038839,43.8,-119,44.59,-104.71
"Pyle17","Symstad1",0.676407473654,44.36,-118.93,44.59,-104.71
"Pyle19","Symstad1",0.660001735595144,44.57,-119.65,44.59,-104.71
"Reed1","Symstad1",0.681380188582619,38.52,-109.47,44.59,-104.71
"Reed3","Symstad1",0.667189775199107,38.75,-109.79,44.59,-104.71
"Schupp3","Symstad1",0.686421337663124,38.6,-113.79,44.59,-104.71
"Schupp4","Symstad1",0.669662160800144,38.52,-113.55,44.59,-104.71
"Schupp5","Symstad1",0.665464583177307,39.11,-112.74,44.59,-104.71
"Symstad1","Symstad1",1,44.59,-104.71,44.59,-104.71
"Symstad2","Symstad1",0.673154940703596,43.87,-103.46,44.59,-104.71
"Symstad3","Symstad1",0.698688245511098,43.62,-103.47,44.59,-104.71
"Urza2","Symstad1",0.686665502123806,40.84,-119.56,44.59,-104.71
"Wilcox2","Symstad1",0.674016755197245,41.31,-105.66,44.59,-104.71
"Chynoweth2","Symstad1",0.673375995836035,40.29092,-109.68361,44.59,-104.71
"Chynoweth3","Symstad1",0.674342644464806,39.83576,-109.61202,44.59,-104.71
"Chynoweth5","Symstad1",0.69038900752944,40.480805,-109.438229,44.59,-104.71
"Chynoweth7","Symstad1",0.670159011078805,40.533605,-109.523564,44.59,-104.71
"Chynoweth8","Symstad1",0.673035822360935,40.640878,-109.48689,44.59,-104.71
"Shriver2","Symstad1",0.661281886754029,48,-114.04,44.59,-104.71
"Davies03","Symstad1",0.651482338863192,42.68,-118.68,44.59,-104.71
"GerminoBOP1","Symstad1",0.678539930025625,43.4720833,-116.2338306,44.59,-104.71
"Mancillas01","Symstad1",0.66119590590425,32.368,-106.56,44.59,-104.71
"Boise_High 2022","Symstad1",0.753499076036752,NA,NA,44.59,-104.71
"Boise_Low 2022","Symstad1",0.737903976659411,NA,NA,44.59,-104.71
"CG PASTURE 2022","Symstad1",0.773724972764676,NA,NA,44.59,-104.71
"CaseAoyamaS1 2022","Symstad1",0.760640434823813,NA,NA,44.59,-104.71
"CastValley 2021","Symstad1",0.735127142081248,NA,NA,44.59,-104.71
"EOARC 2022","Symstad1",0.760431815717125,NA,NA,44.59,-104.71
"EnsingS1 SuRDC 2022","Symstad1",0.767567175622032,NA,NA,44.59,-104.71
"EnsingS2 Summerland-Princeton 2022","Symstad1",0.753296520810211,NA,NA,44.59,-104.71
"EnsingS3 Bear Creek 2022","Symstad1",0.751027305167362,NA,NA,44.59,-104.71
"EnsingS4 Lundbom 2022","Symstad1",0.756473893917027,NA,NA,44.59,-104.71
"FAR NORTH CPER 2022","Symstad1",0.775998607831774,NA,NA,44.59,-104.71
"FtK_Cottonwood_Coulee 2021","Symstad1",0.781595056241626,NA,NA,44.59,-104.71
"FtK_Lone_Pine 2021","Symstad1",0.78149969773246,NA,NA,44.59,-104.71
"GoeblS1 2024","Symstad1",0.760364810911682,NA,NA,44.59,-104.71
"GreenCanyon 2021","Symstad1",0.766604767161713,NA,NA,44.59,-104.71
"HPGRS AGCR 2022","Symstad1",0.774184545791065,NA,NA,44.59,-104.71
"HardwareRanch 2022","Symstad1",0.763461861254644,NA,NA,44.59,-104.71
"K1_vanDiepen 2022","Symstad1",0.753474533558419,NA,NA,44.59,-104.71
"L1_vanDiepen 2022","Symstad1",0.773822120272802,NA,NA,44.59,-104.71
"MPG_IR 2021","Symstad1",0.762110225056311,NA,NA,44.59,-104.71
"MPG_SR 2021","Symstad1",0.763497701118203,NA,NA,44.59,-104.71
"MPG_TH 2021","Symstad1",0.76287976945741,NA,NA,44.59,-104.71
"NEAR 4WAY CPER 2022","Symstad1",0.775789275584484,NA,NA,44.59,-104.71
"NEAR HQ CPER 2022","Symstad1",0.77573351113457,NA,NA,44.59,-104.71
"NEAR NUTNET 2022","Symstad1",0.775916737917943,NA,NA,44.59,-104.71
"OttS1 2022","Symstad1",0.778600274061005,NA,NA,44.59,-104.71
"PMR- Brome 2021","Symstad1",0.766471286286469,NA,NA,44.59,-104.71
"Pearlwise 2024","Symstad1",0.75723175165551,NA,NA,44.59,-104.71
"Peavine 2022","Symstad1",0.733290309343064,NA,NA,44.59,-104.71
"Plymouth 2022","Symstad1",0.731424300439574,NA,NA,44.59,-104.71
"RedBluff 2023","Symstad1",0.770653900061518,NA,NA,44.59,-104.71
"Rush_Valley 2022","Symstad1",0.761119266605041,NA,NA,44.59,-104.71
"SSHQ 2022","Symstad1",0.769356115673221,NA,NA,44.59,-104.71
"SSHigh 2022","Symstad1",0.760517250569337,NA,NA,44.59,-104.71
"SouthEden 2022","Symstad1",0.764943237232697,NA,NA,44.59,-104.71
"Symstad1 2021","Symstad1",0.776533474875495,NA,NA,44.59,-104.71
"Symstad2 2022","Symstad1",0.776957014988894,NA,NA,44.59,-104.71
"TB FIRE 2022","Symstad1",0.779519173357984,NA,NA,44.59,-104.71
"TB LC Control 2022","Symstad1",0.779542577299944,NA,NA,44.59,-104.71
"TB PRAIRIE DOG 2022","Symstad1",0.779543195109689,NA,NA,44.59,-104.71
"Woodruff 2022","Symstad1",0.769204980704901,NA,NA,44.59,-104.71
"dino 2024","Symstad1",0.763235406543178,NA,NA,44.59,-104.71
"AAFC4","Symstad2",0.645323470349669,50.08,-120.65,43.87,-103.46
"AAFC5","Symstad2",0.675842574860859,50.09,-120.45,43.87,-103.46
"AAFC6","Symstad2",0.65693517900004,50.09,-120.75,43.87,-103.46
"AAFC8","Symstad2",0.669136495812253,49.57,-120.55,43.87,-103.46
"AAFC9","Symstad2",0.660436262065392,49.62,-119.8,43.87,-103.46
"AAFC10","Symstad2",0.660479569457005,49.71,-120.05,43.87,-103.46
"Adler5","Symstad2",0.653081830405212,40.79,-111.87,43.87,-103.46
"Schupp2","Symstad2",0.647528141487142,40.2,-112.46,43.87,-103.46
"Schupp1","Symstad2",0.677903713720209,39.85,-112.15,43.87,-103.46
"Adler13","Symstad2",0.666812722217599,41.44,-111.08,43.87,-103.46
"Adler16","Symstad2",0.655555544193368,41.78,-110.2,43.87,-103.46
"Adler17","Symstad2",0.655699496356904,41.44,-110.11,43.87,-103.46
"Adler18","Symstad2",0.663106765395237,40.86,-114.22,43.87,-103.46
"Barnett1","Symstad2",0.645440907175654,43.48,-110.74,43.87,-103.46
"Baughman3","Symstad2",0.654773909057535,42.81,-118.96,43.87,-103.46
"Baughman2","Symstad2",0.666691030013443,43.05,-118.87,43.87,-103.46
"Chynoweth1","Symstad2",0.657088275258725,39.76604,-109.5635,43.87,-103.46
"Board1","Symstad2",0.658021308601922,38.84,-117.57,43.87,-103.46
"Bradford1","Symstad2",0.657520789831835,35.23,-111.62,43.87,-103.46
"Chambers1","Symstad2",0.61204480474849,39.55,-119.58,43.87,-103.46
"Chambers2","Symstad2",0.6061741284308,39.95,-118.76,43.87,-103.46
"Urza1","Symstad2",0.606232946062413,40.35,-119.34,43.87,-103.46
"Chambers4","Symstad2",0.606122534211356,41.31,-117.63,43.87,-103.46
"Chambers5","Symstad2",0.601766325884066,41.54,-117.75,43.87,-103.46
"Chambers6","Symstad2",0.6017852189239,41.54,-117.78,43.87,-103.46
"Chambers7","Symstad2",0.681492295126361,43.94,-116.19,43.87,-103.46
"Chambers8","Symstad2",0.654951729708464,42.24,-114.57,43.87,-103.46
"Chambers9","Symstad2",0.657118488179168,40.66,-116.73,43.87,-103.46
"Copeland1","Symstad2",0.657121744053983,43.7,-117.33,43.87,-103.46
"Copeland5","Symstad2",0.651465430615818,42.27,-118.71,43.87,-103.46
"Copeland9","Symstad2",0.65571601789922,43.47,-119.68,43.87,-103.46
"Downs1","Symstad2",0.735563854316996,46.38145,-119.430272,43.87,-103.46
"Downs2","Symstad2",0.664656920692545,46.25045,-119.53334,43.87,-103.46
"Downs3","Symstad2",0.609672318239469,45.9663,-120.3671,43.87,-103.46
"Fleishman1","Symstad2",0.667302800734996,38.47,-119.49,43.87,-103.46
"Fleishman5","Symstad2",0.646706252596989,39.12,-117.27,43.87,-103.46
"Fleishman7","Symstad2",0.652782268846373,39.17,-117.44,43.87,-103.46
"Getts1","Symstad2",0.640938491223814,41.17,-120.5,43.87,-103.46
"Getts3","Symstad2",0.66196792122205,40.43,-120.67,43.87,-103.46
"Holdrege1","Symstad2",0.645275231269265,41.61,-111.57,43.87,-103.46
"Hufft1","Symstad2",0.676304269170253,38.6701,-108.3286,43.87,-103.46
"Lavin1","Symstad2",0.668206549302847,44.68,-109.07,43.87,-103.46
"Lavin2","Symstad2",0.66999023945096,45.67,-111.03,43.87,-103.46
"Lee1","Symstad2",0.606186555093915,36.82340833,-116.0163889,43.87,-103.46
"Lee2","Symstad2",0.598013795230839,35.3984,-115.7845,43.87,-103.46
"Lee3","Symstad2",0.606000912885874,36.5247,-115.8987,43.87,-103.46
"Lee4","Symstad2",0.603001962472955,35.4564,-115.52,43.87,-103.46
"Leger1","Symstad2",0.621382905278627,39.49,-119.84,43.87,-103.46
"Maron1","Symstad2",0.660571110174414,46.68,-114.03,43.87,-103.46
"Maron2","Symstad2",0.655515687454189,46.64,-113.23,43.87,-103.46
"Porensky30","Symstad2",0.758608793576102,40.63,-105.27,43.87,-103.46
"Pyke3","Symstad2",0.665520505058845,44.60456358,-120.1924183,43.87,-103.46
"Pyke8","Symstad2",0.708415874007154,46.74830998,-119.361636,43.87,-103.46
"Pyke21","Symstad2",0.649754150575493,47.61803776,-119.6830115,43.87,-103.46
"Pyle1","Symstad2",0.712572684331037,42.35,-118.65,43.87,-103.46
"Pyle9","Symstad2",0.655519691514781,43.42,-119.62,43.87,-103.46
"Pyle10","Symstad2",0.646825640236859,43.19,-120,43.87,-103.46
"Pyle15","Symstad2",0.706215266705896,43.8,-119,43.87,-103.46
"Pyle17","Symstad2",0.669662967075547,44.36,-118.93,43.87,-103.46
"Pyle19","Symstad2",0.670457542797632,44.57,-119.65,43.87,-103.46
"Reed1","Symstad2",0.676591136138888,38.52,-109.47,43.87,-103.46
"Reed3","Symstad2",0.685730732736567,38.75,-109.79,43.87,-103.46
"Schupp3","Symstad2",0.66782793682724,38.6,-113.79,43.87,-103.46
"Schupp4","Symstad2",0.656989963499074,38.52,-113.55,43.87,-103.46
"Schupp5","Symstad2",0.665525791245301,39.11,-112.74,43.87,-103.46
"Symstad1","Symstad2",0.673154940703596,44.59,-104.71,43.87,-103.46
"Symstad2","Symstad2",1,43.87,-103.46,43.87,-103.46
"Symstad3","Symstad2",0.670817861680628,43.62,-103.47,43.87,-103.46
"Urza2","Symstad2",0.665359189425256,40.84,-119.56,43.87,-103.46
"Wilcox2","Symstad2",0.708263670880533,41.31,-105.66,43.87,-103.46
"Chynoweth2","Symstad2",0.647096868674769,40.29092,-109.68361,43.87,-103.46
"Chynoweth3","Symstad2",0.708632965025004,39.83576,-109.61202,43.87,-103.46
"Chynoweth5","Symstad2",0.665228019593251,40.480805,-109.438229,43.87,-103.46
"Chynoweth7","Symstad2",0.657492154575483,40.533605,-109.523564,43.87,-103.46
"Chynoweth8","Symstad2",0.646642913843899,40.640878,-109.48689,43.87,-103.46
"Shriver2","Symstad2",0.645441367118506,48,-114.04,43.87,-103.46
"Davies03","Symstad2",0.657765911704841,42.68,-118.68,43.87,-103.46
"GerminoBOP1","Symstad2",0.658190713673454,43.4720833,-116.2338306,43.87,-103.46
"Mancillas01","Symstad2",0.681375823347042,32.368,-106.56,43.87,-103.46
"Boise_High 2022","Symstad2",0.741073403236424,NA,NA,43.87,-103.46
"Boise_Low 2022","Symstad2",0.720320328554434,NA,NA,43.87,-103.46
"CG PASTURE 2022","Symstad2",0.763757924424838,NA,NA,43.87,-103.46
"CaseAoyamaS1 2022","Symstad2",0.746258553413221,NA,NA,43.87,-103.46
"CastValley 2021","Symstad2",0.719337961542956,NA,NA,43.87,-103.46
"EOARC 2022","Symstad2",0.746408309141983,NA,NA,43.87,-103.46
"EnsingS1 SuRDC 2022","Symstad2",0.758401683924058,NA,NA,43.87,-103.46
"EnsingS2 Summerland-Princeton 2022","Symstad2",0.74072934075858,NA,NA,43.87,-103.46
"EnsingS3 Bear Creek 2022","Symstad2",0.736365023763696,NA,NA,43.87,-103.46
"EnsingS4 Lundbom 2022","Symstad2",0.745856478182511,NA,NA,43.87,-103.46
"FAR NORTH CPER 2022","Symstad2",0.763071076129798,NA,NA,43.87,-103.46
"FtK_Cottonwood_Coulee 2021","Symstad2",0.765077872158853,NA,NA,43.87,-103.46
"FtK_Lone_Pine 2021","Symstad2",0.764475687036109,NA,NA,43.87,-103.46
"GoeblS1 2024","Symstad2",0.744595319359723,NA,NA,43.87,-103.46
"GreenCanyon 2021","Symstad2",0.754521244486565,NA,NA,43.87,-103.46
"HPGRS AGCR 2022","Symstad2",0.763993077154727,NA,NA,43.87,-103.46
"HardwareRanch 2022","Symstad2",0.753173453223003,NA,NA,43.87,-103.46
"K1_vanDiepen 2022","Symstad2",0.745065451741044,NA,NA,43.87,-103.46
"L1_vanDiepen 2022","Symstad2",0.760775939724209,NA,NA,43.87,-103.46
"MPG_IR 2021","Symstad2",0.754593934827552,NA,NA,43.87,-103.46
"MPG_SR 2021","Symstad2",0.755688858816636,NA,NA,43.87,-103.46
"MPG_TH 2021","Symstad2",0.755184974206038,NA,NA,43.87,-103.46
"NEAR 4WAY CPER 2022","Symstad2",0.762506711098038,NA,NA,43.87,-103.46
"NEAR HQ CPER 2022","Symstad2",0.763035991883742,NA,NA,43.87,-103.46
"NEAR NUTNET 2022","Symstad2",0.762942821708638,NA,NA,43.87,-103.46
"OttS1 2022","Symstad2",0.765081602858635,NA,NA,43.87,-103.46
"PMR- Brome 2021","Symstad2",0.756369094313654,NA,NA,43.87,-103.46
"Pearlwise 2024","Symstad2",0.744845942542659,NA,NA,43.87,-103.46
"Peavine 2022","Symstad2",0.719501496789979,NA,NA,43.87,-103.46
"Plymouth 2022","Symstad2",0.715593226675709,NA,NA,43.87,-103.46
"RedBluff 2023","Symstad2",0.760338113133052,NA,NA,43.87,-103.46
"Rush_Valley 2022","Symstad2",0.746256639984055,NA,NA,43.87,-103.46
"SSHQ 2022","Symstad2",0.758353524132017,NA,NA,43.87,-103.46
"SSHigh 2022","Symstad2",0.75228678392474,NA,NA,43.87,-103.46
"SouthEden 2022","Symstad2",0.754433491448636,NA,NA,43.87,-103.46
"Symstad1 2021","Symstad2",0.765758970125933,NA,NA,43.87,-103.46
"Symstad2 2022","Symstad2",0.765874026425633,NA,NA,43.87,-103.46
"TB FIRE 2022","Symstad2",0.763746265874645,NA,NA,43.87,-103.46
"TB LC Control 2022","Symstad2",0.763629145630853,NA,NA,43.87,-103.46
"TB PRAIRIE DOG 2022","Symstad2",0.763663672175935,NA,NA,43.87,-103.46
"Woodruff 2022","Symstad2",0.757533074753804,NA,NA,43.87,-103.46
"dino 2024","Symstad2",0.748088207729415,NA,NA,43.87,-103.46
"AAFC4","Symstad3",0.718967349081144,50.08,-120.65,43.62,-103.47
"AAFC5","Symstad3",0.681369684770274,50.09,-120.45,43.62,-103.47
"AAFC6","Symstad3",0.722435852228072,50.09,-120.75,43.62,-103.47
"AAFC8","Symstad3",0.721825861730136,49.57,-120.55,43.62,-103.47
"AAFC9","Symstad3",0.671153139061247,49.62,-119.8,43.62,-103.47
"AAFC10","Symstad3",0.671350491799692,49.71,-120.05,43.62,-103.47
"Adler5","Symstad3",0.679729267433936,40.79,-111.87,43.62,-103.47
"Schupp2","Symstad3",0.670947698886014,40.2,-112.46,43.62,-103.47
"Schupp1","Symstad3",0.690179546803227,39.85,-112.15,43.62,-103.47
"Adler13","Symstad3",0.721502181506448,41.44,-111.08,43.62,-103.47
"Adler16","Symstad3",0.730301924176326,41.78,-110.2,43.62,-103.47
"Adler17","Symstad3",0.730540383610903,41.44,-110.11,43.62,-103.47
"Adler18","Symstad3",0.691425684369496,40.86,-114.22,43.62,-103.47
"Barnett1","Symstad3",0.681296255391367,43.48,-110.74,43.62,-103.47
"Baughman3","Symstad3",0.693831698369869,42.81,-118.96,43.62,-103.47
"Baughman2","Symstad3",0.696113599907761,43.05,-118.87,43.62,-103.47
"Chynoweth1","Symstad3",0.731622376448911,39.76604,-109.5635,43.62,-103.47
"Board1","Symstad3",0.678128989279307,38.84,-117.57,43.62,-103.47
"Bradford1","Symstad3",0.677689190421802,35.23,-111.62,43.62,-103.47
"Chambers1","Symstad3",0.636248106136485,39.55,-119.58,43.62,-103.47
"Chambers2","Symstad3",0.629546886693041,39.95,-118.76,43.62,-103.47
"Urza1","Symstad3",0.629706357341332,40.35,-119.34,43.62,-103.47
"Chambers4","Symstad3",0.629542850734607,41.31,-117.63,43.62,-103.47
"Chambers5","Symstad3",0.625561264816102,41.54,-117.75,43.62,-103.47
"Chambers6","Symstad3",0.62555976817755,41.54,-117.78,43.62,-103.47
"Chambers7","Symstad3",0.822566480622096,43.94,-116.19,43.62,-103.47
"Chambers8","Symstad3",0.680880440693455,42.24,-114.57,43.62,-103.47
"Chambers9","Symstad3",0.731627593412057,40.66,-116.73,43.62,-103.47
"Copeland1","Symstad3",0.731669175969337,43.7,-117.33,43.62,-103.47
"Copeland5","Symstad3",0.6639936682622,42.27,-118.71,43.62,-103.47
"Copeland9","Symstad3",0.730624435420467,43.47,-119.68,43.62,-103.47
"Downs1","Symstad3",0.674018640261896,46.38145,-119.430272,43.62,-103.47
"Downs2","Symstad3",0.67082342214789,46.25045,-119.53334,43.62,-103.47
"Downs3","Symstad3",0.646984483054734,45.9663,-120.3671,43.62,-103.47
"Fleishman1","Symstad3",0.754966550850092,38.47,-119.49,43.62,-103.47
"Fleishman5","Symstad3",0.674755294299845,39.12,-117.27,43.62,-103.47
"Fleishman7","Symstad3",0.681050125682204,39.17,-117.44,43.62,-103.47
"Getts1","Symstad3",0.66468882614462,41.17,-120.5,43.62,-103.47
"Getts3","Symstad3",0.69362798040307,40.43,-120.67,43.62,-103.47
"Holdrege1","Symstad3",0.681124914485673,41.61,-111.57,43.62,-103.47
"Hufft1","Symstad3",0.674816658911711,38.6701,-108.3286,43.62,-103.47
"Lavin1","Symstad3",0.72309198509314,44.68,-109.07,43.62,-103.47
"Lavin2","Symstad3",0.684642398845605,45.67,-111.03,43.62,-103.47
"Lee1","Symstad3",0.6295364143741,36.82340833,-116.0163889,43.62,-103.47
"Lee2","Symstad3",0.622175959041498,35.3984,-115.7845,43.62,-103.47
"Lee3","Symstad3",0.629447328182308,36.5247,-115.8987,43.62,-103.47
"Lee4","Symstad3",0.624430668713403,35.4564,-115.52,43.62,-103.47
"Leger1","Symstad3",0.63770562125419,39.49,-119.84,43.62,-103.47
"Maron1","Symstad3",0.715760611195284,46.68,-114.03,43.62,-103.47
"Maron2","Symstad3",0.730401058537238,46.64,-113.23,43.62,-103.47
"Porensky30","Symstad3",0.679709852387755,40.63,-105.27,43.62,-103.47
"Pyke3","Symstad3",0.702582217140583,44.60456358,-120.1924183,43.62,-103.47
"Pyke8","Symstad3",0.659584191870713,46.74830998,-119.361636,43.62,-103.47
"Pyke21","Symstad3",0.695207320951253,47.61803776,-119.6830115,43.62,-103.47
"Pyle1","Symstad3",0.75478623681273,42.35,-118.65,43.62,-103.47
"Pyle9","Symstad3",0.730385227133165,43.42,-119.62,43.62,-103.47
"Pyle10","Symstad3",0.674889374829835,43.19,-120,43.62,-103.47
"Pyle15","Symstad3",0.687622333455052,43.8,-119,43.62,-103.47
"Pyle17","Symstad3",0.677346361107681,44.36,-118.93,43.62,-103.47
"Pyle19","Symstad3",0.679918112774284,44.57,-119.65,43.62,-103.47
"Reed1","Symstad3",0.69252623795537,38.52,-109.47,43.62,-103.47
"Reed3","Symstad3",0.709460584140978,38.75,-109.79,43.62,-103.47
"Schupp3","Symstad3",0.685932344726019,38.6,-113.79,43.62,-103.47
"Schupp4","Symstad3",0.73151049735144,38.52,-113.55,43.62,-103.47
"Schupp5","Symstad3",0.724629888646005,39.11,-112.74,43.62,-103.47
"Symstad1","Symstad3",0.698688245511098,44.59,-104.71,43.62,-103.47
"Symstad2","Symstad3",0.670817861680628,43.87,-103.46,43.62,-103.47
"Symstad3","Symstad3",0.999999999999999,43.62,-103.47,43.62,-103.47
"Urza2","Symstad3",0.723858035708039,40.84,-119.56,43.62,-103.47
"Wilcox2","Symstad3",0.664089024560421,41.31,-105.66,43.62,-103.47
"Chynoweth2","Symstad3",0.675177641698423,40.29092,-109.68361,43.62,-103.47
"Chynoweth3","Symstad3",0.664360451682869,39.83576,-109.61202,43.62,-103.47
"Chynoweth5","Symstad3",0.69030370870888,40.480805,-109.438229,43.62,-103.47
"Chynoweth7","Symstad3",0.732151733314986,40.533605,-109.523564,43.62,-103.47
"Chynoweth8","Symstad3",0.674756635747777,40.640878,-109.48689,43.62,-103.47
"Shriver2","Symstad3",0.681295751442995,48,-114.04,43.62,-103.47
"Davies03","Symstad3",0.677922436056236,42.68,-118.68,43.62,-103.47
"GerminoBOP1","Symstad3",0.722086709867857,43.4720833,-116.2338306,43.62,-103.47
"Mancillas01","Symstad3",0.686607692802687,32.368,-106.56,43.62,-103.47
"Boise_High 2022","Symstad3",0.77609686367545,NA,NA,43.62,-103.47
"Boise_Low 2022","Symstad3",0.751719168392897,NA,NA,43.62,-103.47
"CG PASTURE 2022","Symstad3",0.799536538752675,NA,NA,43.62,-103.47
"CaseAoyamaS1 2022","Symstad3",0.780526103431485,NA,NA,43.62,-103.47
"CastValley 2021","Symstad3",0.758454499898284,NA,NA,43.62,-103.47
"EOARC 2022","Symstad3",0.780754191024374,NA,NA,43.62,-103.47
"EnsingS1 SuRDC 2022","Symstad3",0.797682853852808,NA,NA,43.62,-103.47
"EnsingS2 Summerland-Princeton 2022","Symstad3",0.773686787118517,NA,NA,43.62,-103.47
"EnsingS3 Bear Creek 2022","Symstad3",0.768860839508119,NA,NA,43.62,-103.47
"EnsingS4 Lundbom 2022","Symstad3",0.779186929421175,NA,NA,43.62,-103.47
"FAR NORTH CPER 2022","Symstad3",0.799506190303239,NA,NA,43.62,-103.47
"FtK_Cottonwood_Coulee 2021","Symstad3",0.802425397416797,NA,NA,43.62,-103.47
"FtK_Lone_Pine 2021","Symstad3",0.801903410276878,NA,NA,43.62,-103.47
"GoeblS1 2024","Symstad3",0.779497249651921,NA,NA,43.62,-103.47
"GreenCanyon 2021","Symstad3",0.797540614398724,NA,NA,43.62,-103.47
"HPGRS AGCR 2022","Symstad3",0.799640480333271,NA,NA,43.62,-103.47
"HardwareRanch 2022","Symstad3",0.795286047566533,NA,NA,43.62,-103.47
"K1_vanDiepen 2022","Symstad3",0.787020120799128,NA,NA,43.62,-103.47
"L1_vanDiepen 2022","Symstad3",0.801178351389278,NA,NA,43.62,-103.47
"MPG_IR 2021","Symstad3",0.795946267555738,NA,NA,43.62,-103.47
"MPG_SR 2021","Symstad3",0.796981218010553,NA,NA,43.62,-103.47
"MPG_TH 2021","Symstad3",0.796541861244181,NA,NA,43.62,-103.47
"NEAR 4WAY CPER 2022","Symstad3",0.799017519758153,NA,NA,43.62,-103.47
"NEAR HQ CPER 2022","Symstad3",0.799548115333398,NA,NA,43.62,-103.47
"NEAR NUTNET 2022","Symstad3",0.799345853411122,NA,NA,43.62,-103.47
"OttS1 2022","Symstad3",0.801872507126085,NA,NA,43.62,-103.47
"PMR- Brome 2021","Symstad3",0.79175944494264,NA,NA,43.62,-103.47
"Pearlwise 2024","Symstad3",0.781211821705577,NA,NA,43.62,-103.47
"Peavine 2022","Symstad3",0.752334094032067,NA,NA,43.62,-103.47
"Plymouth 2022","Symstad3",0.747194643814227,NA,NA,43.62,-103.47
"RedBluff 2023","Symstad3",0.796756146775031,NA,NA,43.62,-103.47
"Rush_Valley 2022","Symstad3",0.787271330349046,NA,NA,43.62,-103.47
"SSHQ 2022","Symstad3",0.800828385415938,NA,NA,43.62,-103.47
"SSHigh 2022","Symstad3",0.794439146422116,NA,NA,43.62,-103.47
"SouthEden 2022","Symstad3",0.796349191686509,NA,NA,43.62,-103.47
"Symstad1 2021","Symstad3",0.803649674537435,NA,NA,43.62,-103.47
"Symstad2 2022","Symstad3",0.803895490043645,NA,NA,43.62,-103.47
"TB FIRE 2022","Symstad3",0.800732995905027,NA,NA,43.62,-103.47
"TB LC Control 2022","Symstad3",0.800649408973821,NA,NA,43.62,-103.47
"TB PRAIRIE DOG 2022","Symstad3",0.800670593051496,NA,NA,43.62,-103.47
"Woodruff 2022","Symstad3",0.799772352778036,NA,NA,43.62,-103.47
"dino 2024","Symstad3",0.792226743718712,NA,NA,43.62,-103.47
"AAFC4","Urza2",0.697219630754661,50.08,-120.65,40.84,-119.56
"AAFC5","Urza2",0.726108993674698,50.09,-120.45,40.84,-119.56
"AAFC6","Urza2",0.683788504835982,50.09,-120.75,40.84,-119.56
"AAFC8","Urza2",0.738620324346935,49.57,-120.55,40.84,-119.56
"AAFC9","Urza2",0.703134333123806,49.62,-119.8,40.84,-119.56
"AAFC10","Urza2",0.703247884797462,49.71,-120.05,40.84,-119.56
"Adler5","Urza2",0.7553607981528,40.79,-111.87,40.84,-119.56
"Schupp2","Urza2",0.678506735171198,40.2,-112.46,40.84,-119.56
"Schupp1","Urza2",0.670756421281853,39.85,-112.15,40.84,-119.56
"Adler13","Urza2",0.693059094683064,41.44,-111.08,40.84,-119.56
"Adler16","Urza2",0.713227304853007,41.78,-110.2,40.84,-119.56
"Adler17","Urza2",0.713413415434955,41.44,-110.11,40.84,-119.56
"Adler18","Urza2",0.721425651531381,40.86,-114.22,40.84,-119.56
"Barnett1","Urza2",0.776188427552737,43.48,-110.74,40.84,-119.56
"Baughman3","Urza2",0.702615071247369,42.81,-118.96,40.84,-119.56
"Baughman2","Urza2",0.68654410748853,43.05,-118.87,40.84,-119.56
"Chynoweth1","Urza2",0.717349967655301,39.76604,-109.5635,40.84,-119.56
"Board1","Urza2",0.71514106917699,38.84,-117.57,40.84,-119.56
"Bradford1","Urza2",0.71466526041228,35.23,-111.62,40.84,-119.56
"Chambers1","Urza2",0.639510079869716,39.55,-119.58,40.84,-119.56
"Chambers2","Urza2",0.633008515245399,39.95,-118.76,40.84,-119.56
"Urza1","Urza2",0.633160799677882,40.35,-119.34,40.84,-119.56
"Chambers4","Urza2",0.632943860898463,41.31,-117.63,40.84,-119.56
"Chambers5","Urza2",0.628616416152517,41.54,-117.75,40.84,-119.56
"Chambers6","Urza2",0.628586463169388,41.54,-117.78,40.84,-119.56
"Chambers7","Urza2",0.736734703236946,43.94,-116.19,40.84,-119.56
"Chambers8","Urza2",0.731304247198552,42.24,-114.57,40.84,-119.56
"Chambers9","Urza2",0.717378582364919,40.66,-116.73,40.84,-119.56
"Copeland1","Urza2",0.717354537338822,43.7,-117.33,40.84,-119.56
"Copeland5","Urza2",0.756716375139672,42.27,-118.71,40.84,-119.56
"Copeland9","Urza2",0.713496833661196,43.47,-119.68,40.84,-119.56
"Downs1","Urza2",0.681878166625814,46.38145,-119.430272,40.84,-119.56
"Downs2","Urza2",0.711652697911714,46.25045,-119.53334,40.84,-119.56
"Downs3","Urza2",0.656495693410616,45.9663,-120.3671,40.84,-119.56
"Fleishman1","Urza2",0.758526735392126,38.47,-119.49,40.84,-119.56
"Fleishman5","Urza2",0.655802416311786,39.12,-117.27,40.84,-119.56
"Fleishman7","Urza2",0.731479389034564,39.17,-117.44,40.84,-119.56
"Getts1","Urza2",0.669495005653692,41.17,-120.5,40.84,-119.56
"Getts3","Urza2",0.782553577699338,40.43,-120.67,40.84,-119.56
"Holdrege1","Urza2",0.77591483478608,41.61,-111.57,40.84,-119.56
"Hufft1","Urza2",0.65766754201211,38.6701,-108.3286,40.84,-119.56
"Lavin1","Urza2",0.707654130438125,44.68,-109.07,40.84,-119.56
"Lavin2","Urza2",0.702484416646131,45.67,-111.03,40.84,-119.56
"Lee1","Urza2",0.63301457931406,36.82340833,-116.0163889,40.84,-119.56
"Lee2","Urza2",0.625114807113377,35.3984,-115.7845,40.84,-119.56
"Lee3","Urza2",0.632915214174438,36.5247,-115.8987,40.84,-119.56
"Lee4","Urza2",0.628761519607372,35.4564,-115.52,40.84,-119.56
"Leger1","Urza2",0.66340694936342,39.49,-119.84,40.84,-119.56
"Maron1","Urza2",0.715976262352599,46.68,-114.03,40.84,-119.56
"Maron2","Urza2",0.713187311877197,46.64,-113.23,40.84,-119.56
"Porensky30","Urza2",0.686483183470727,40.63,-105.27,40.84,-119.56
"Pyke3","Urza2",0.833472333190057,44.60456358,-120.1924183,40.84,-119.56
"Pyke8","Urza2",0.638673461235705,46.74830998,-119.361636,40.84,-119.56
"Pyke21","Urza2",0.729197813317339,47.61803776,-119.6830115,40.84,-119.56
"Pyle1","Urza2",0.767480836474416,42.35,-118.65,40.84,-119.56
"Pyle9","Urza2",0.713160278790376,43.42,-119.62,40.84,-119.56
"Pyle10","Urza2",0.655925295073492,43.19,-120,40.84,-119.56
"Pyle15","Urza2",0.815818868717348,43.8,-119,40.84,-119.56
"Pyle17","Urza2",0.711393046610463,44.36,-118.93,40.84,-119.56
"Pyle19","Urza2",0.666483430056368,44.57,-119.65,40.84,-119.56
"Reed1","Urza2",0.682473850576249,38.52,-109.47,40.84,-119.56
"Reed3","Urza2",0.696037681410641,38.75,-109.79,40.84,-119.56
"Schupp3","Urza2",0.669065862869553,38.6,-113.79,40.84,-119.56
"Schupp4","Urza2",0.717234537249878,38.52,-113.55,40.84,-119.56
"Schupp5","Urza2",0.712698550781606,39.11,-112.74,40.84,-119.56
"Symstad1","Urza2",0.686665502123806,44.59,-104.71,40.84,-119.56
"Symstad2","Urza2",0.665359189425256,43.87,-103.46,40.84,-119.56
"Symstad3","Urza2",0.723858035708039,43.62,-103.47,40.84,-119.56
"Urza2","Urza2",1,40.84,-119.56,40.84,-119.56
"Wilcox2","Urza2",0.645362189240173,41.31,-105.66,40.84,-119.56
"Chynoweth2","Urza2",0.65613485214708,40.29092,-109.68361,40.84,-119.56
"Chynoweth3","Urza2",0.645633631508069,39.83576,-109.61202,40.84,-119.56
"Chynoweth5","Urza2",0.670004977322873,40.480805,-109.438229,40.84,-119.56
"Chynoweth7","Urza2",0.717760849755005,40.533605,-109.523564,40.84,-119.56
"Chynoweth8","Urza2",0.655808930330742,40.640878,-109.48689,40.84,-119.56
"Shriver2","Urza2",0.776210588592559,48,-114.04,40.84,-119.56
"Davies03","Urza2",0.714923199587506,42.68,-118.68,40.84,-119.56
"GerminoBOP1","Urza2",0.696503364528735,43.4720833,-116.2338306,40.84,-119.56
"Mancillas01","Urza2",0.672730252558807,32.368,-106.56,40.84,-119.56
"Boise_High 2022","Urza2",0.819795656275693,NA,NA,40.84,-119.56
"Boise_Low 2022","Urza2",0.773714780215731,NA,NA,40.84,-119.56
"CG PASTURE 2022","Urza2",0.814076964449959,NA,NA,40.84,-119.56
"CaseAoyamaS1 2022","Urza2",0.814746101327186,NA,NA,40.84,-119.56
"CastValley 2021","Urza2",0.75235388734412,NA,NA,40.84,-119.56
"EOARC 2022","Urza2",0.816511517729988,NA,NA,40.84,-119.56
"EnsingS1 SuRDC 2022","Urza2",0.823097935725665,NA,NA,40.84,-119.56
"EnsingS2 Summerland-Princeton 2022","Urza2",0.821719417845362,NA,NA,40.84,-119.56
"EnsingS3 Bear Creek 2022","Urza2",0.809403113866467,NA,NA,40.84,-119.56
"EnsingS4 Lundbom 2022","Urza2",0.823427640938033,NA,NA,40.84,-119.56
"FAR NORTH CPER 2022","Urza2",0.805173929546517,NA,NA,40.84,-119.56
"FtK_Cottonwood_Coulee 2021","Urza2",0.80457957840981,NA,NA,40.84,-119.56
"FtK_Lone_Pine 2021","Urza2",0.802717250335365,NA,NA,40.84,-119.56
"GoeblS1 2024","Urza2",0.791582302187421,NA,NA,40.84,-119.56
"GreenCanyon 2021","Urza2",0.821230557044953,NA,NA,40.84,-119.56
"HPGRS AGCR 2022","Urza2",0.813330514927031,NA,NA,40.84,-119.56
"HardwareRanch 2022","Urza2",0.827258467276337,NA,NA,40.84,-119.56
"K1_vanDiepen 2022","Urza2",0.818457940953483,NA,NA,40.84,-119.56
"L1_vanDiepen 2022","Urza2",0.816863848605017,NA,NA,40.84,-119.56
"MPG_IR 2021","Urza2",0.822124480684074,NA,NA,40.84,-119.56
"MPG_SR 2021","Urza2",0.822005277047167,NA,NA,40.84,-119.56
"MPG_TH 2021","Urza2",0.822008514606439,NA,NA,40.84,-119.56
"NEAR 4WAY CPER 2022","Urza2",0.803284692781044,NA,NA,40.84,-119.56
"NEAR HQ CPER 2022","Urza2",0.805613639522098,NA,NA,40.84,-119.56
"NEAR NUTNET 2022","Urza2",0.804552720400349,NA,NA,40.84,-119.56
"OttS1 2022","Urza2",0.810581794176759,NA,NA,40.84,-119.56
"PMR- Brome 2021","Urza2",0.816413863462044,NA,NA,40.84,-119.56
"Pearlwise 2024","Urza2",0.812270582770499,NA,NA,40.84,-119.56
"Peavine 2022","Urza2",0.793125953791033,NA,NA,40.84,-119.56
"Plymouth 2022","Urza2",0.776068552511577,NA,NA,40.84,-119.56
"RedBluff 2023","Urza2",0.818838124175106,NA,NA,40.84,-119.56
"Rush_Valley 2022","Urza2",0.804255827674735,NA,NA,40.84,-119.56
"SSHQ 2022","Urza2",0.816696213859065,NA,NA,40.84,-119.56
"SSHigh 2022","Urza2",0.819814998561691,NA,NA,40.84,-119.56
"SouthEden 2022","Urza2",0.82554211018161,NA,NA,40.84,-119.56
"Symstad1 2021","Urza2",0.808055115247829,NA,NA,40.84,-119.56
"Symstad2 2022","Urza2",0.807426644584184,NA,NA,40.84,-119.56
"TB FIRE 2022","Urza2",0.807805045699178,NA,NA,40.84,-119.56
"TB LC Control 2022","Urza2",0.807301831600247,NA,NA,40.84,-119.56
"TB PRAIRIE DOG 2022","Urza2",0.807470700146492,NA,NA,40.84,-119.56
"Woodruff 2022","Urza2",0.821275722230012,NA,NA,40.84,-119.56
"dino 2024","Urza2",0.787566031853961,NA,NA,40.84,-119.56
"AAFC4","Wilcox2",0.631002038402442,50.08,-120.65,41.31,-105.66
"AAFC5","Wilcox2",0.633910935346345,50.09,-120.45,41.31,-105.66
"AAFC6","Wilcox2",0.64350096680697,50.09,-120.75,41.31,-105.66
"AAFC8","Wilcox2",0.651097085728275,49.57,-120.55,41.31,-105.66
"AAFC9","Wilcox2",0.628985805187689,49.62,-119.8,41.31,-105.66
"AAFC10","Wilcox2",0.629100473142025,49.71,-120.05,41.31,-105.66
"Adler5","Wilcox2",0.640844524611099,40.79,-111.87,41.31,-105.66
"Schupp2","Wilcox2",0.65750100846626,40.2,-112.46,41.31,-105.66
"Schupp1","Wilcox2",0.698887494471396,39.85,-112.15,41.31,-105.66
"Adler13","Wilcox2",0.697946375950246,41.44,-111.08,41.31,-105.66
"Adler16","Wilcox2",0.643553076937924,41.78,-110.2,41.31,-105.66
"Adler17","Wilcox2",0.643745963878599,41.44,-110.11,41.31,-105.66
"Adler18","Wilcox2",0.650284102698321,40.86,-114.22,41.31,-105.66
"Barnett1","Wilcox2",0.623986322150706,43.48,-110.74,41.31,-105.66
"Baughman3","Wilcox2",0.633058289066718,42.81,-118.96,41.31,-105.66
"Baughman2","Wilcox2",0.676041671053941,43.05,-118.87,41.31,-105.66
"Chynoweth1","Wilcox2",0.658173005260742,39.76604,-109.5635,41.31,-105.66
"Board1","Wilcox2",0.62231569252744,38.84,-117.57,41.31,-105.66
"Bradford1","Wilcox2",0.621888824194824,35.23,-111.62,41.31,-105.66
"Chambers1","Wilcox2",0.609098280184665,39.55,-119.58,41.31,-105.66
"Chambers2","Wilcox2",0.603525295401046,39.95,-118.76,41.31,-105.66
"Urza1","Wilcox2",0.603632005310541,40.35,-119.34,41.31,-105.66
"Chambers4","Wilcox2",0.603502777026619,41.31,-117.63,41.31,-105.66
"Chambers5","Wilcox2",0.599454402338484,41.54,-117.75,41.31,-105.66
"Chambers6","Wilcox2",0.599451802121305,41.54,-117.78,41.31,-105.66
"Chambers7","Wilcox2",0.659305526424115,43.94,-116.19,41.31,-105.66
"Chambers8","Wilcox2",0.651891340694074,42.24,-114.57,41.31,-105.66
"Chambers9","Wilcox2",0.658175517502069,40.66,-116.73,41.31,-105.66
"Copeland1","Wilcox2",0.658219027974684,43.7,-117.33,41.31,-105.66
"Copeland5","Wilcox2",0.630833885268332,42.27,-118.71,41.31,-105.66
"Copeland9","Wilcox2",0.643794424755766,43.47,-119.68,41.31,-105.66
"Downs1","Wilcox2",0.768683547635704,46.38145,-119.430272,41.31,-105.66
"Downs2","Wilcox2",0.643702857288258,46.25045,-119.53334,41.31,-105.66
"Downs3","Wilcox2",0.600742701384293,45.9663,-120.3671,41.31,-105.66
"Fleishman1","Wilcox2",0.656036618871513,38.47,-119.49,41.31,-105.66
"Fleishman5","Wilcox2",0.678033435095632,39.12,-117.27,41.31,-105.66
"Fleishman7","Wilcox2",0.622269737736821,39.17,-117.44,41.31,-105.66
"Getts1","Wilcox2",0.631639221739465,41.17,-120.5,41.31,-105.66
"Getts3","Wilcox2",0.628199390750819,40.43,-120.67,41.31,-105.66
"Holdrege1","Wilcox2",0.62382373400748,41.61,-111.57,41.31,-105.66
"Hufft1","Wilcox2",0.74031523895429,38.6701,-108.3286,41.31,-105.66
"Lavin1","Wilcox2",0.672830741770477,44.68,-109.07,41.31,-105.66
"Lavin2","Wilcox2",0.633177091517617,45.67,-111.03,41.31,-105.66
"Lee1","Wilcox2",0.603545926762185,36.82340833,-116.0163889,41.31,-105.66
"Lee2","Wilcox2",0.595672258280767,35.3984,-115.7845,41.31,-105.66
"Lee3","Wilcox2",0.60333231188959,36.5247,-115.8987,41.31,-105.66
"Lee4","Wilcox2",0.598726373474495,35.4564,-115.52,41.31,-105.66
"Leger1","Wilcox2",0.604306894625945,39.49,-119.84,41.31,-105.66
"Maron1","Wilcox2",0.649560692842695,46.68,-114.03,41.31,-105.66
"Maron2","Wilcox2",0.643566314580433,46.64,-113.23,41.31,-105.66
"Porensky30","Wilcox2",0.629865307460485,40.63,-105.27,41.31,-105.66
"Pyke3","Wilcox2",0.641531801459178,44.60456358,-120.1924183,41.31,-105.66
"Pyke8","Wilcox2",0.764082230134103,46.74830998,-119.361636,41.31,-105.66
"Pyke21","Wilcox2",0.646723988959207,47.61803776,-119.6830115,41.31,-105.66
"Pyle1","Wilcox2",0.715053510967921,42.35,-118.65,41.31,-105.66
"Pyle9","Wilcox2",0.643525953707899,43.42,-119.62,41.31,-105.66
"Pyle10","Wilcox2",0.678156686475971,43.19,-120,41.31,-105.66
"Pyle15","Wilcox2",0.637314729766974,43.8,-119,41.31,-105.66
"Pyle17","Wilcox2",0.634399945353263,44.36,-118.93,41.31,-105.66
"Pyle19","Wilcox2",0.646562021758837,44.57,-119.65,41.31,-105.66
"Reed1","Wilcox2",0.697708091932403,38.52,-109.47,41.31,-105.66
"Reed3","Wilcox2",0.65590746663492,38.75,-109.79,41.31,-105.66
"Schupp3","Wilcox2",0.694560055868968,38.6,-113.79,41.31,-105.66
"Schupp4","Wilcox2",0.658040003322904,38.52,-113.55,41.31,-105.66
"Schupp5","Wilcox2",0.65501887912426,39.11,-112.74,41.31,-105.66
"Symstad1","Wilcox2",0.674016755197245,44.59,-104.71,41.31,-105.66
"Symstad2","Wilcox2",0.708263670880533,43.87,-103.46,41.31,-105.66
"Symstad3","Wilcox2",0.664089024560421,43.62,-103.47,41.31,-105.66
"Urza2","Wilcox2",0.645362189240173,40.84,-119.56,41.31,-105.66
"Wilcox2","Wilcox2",1,41.31,-105.66,41.31,-105.66
"Chynoweth2","Wilcox2",0.678526996211436,40.29092,-109.68361,41.31,-105.66
"Chynoweth3","Wilcox2",0.999440444135479,39.83576,-109.61202,41.31,-105.66
"Chynoweth5","Wilcox2",0.698816138196125,40.480805,-109.438229,41.31,-105.66
"Chynoweth7","Wilcox2",0.658618309947652,40.533605,-109.523564,41.31,-105.66
"Chynoweth8","Wilcox2",0.677983453065955,40.640878,-109.48689,41.31,-105.66
"Shriver2","Wilcox2",0.623986514885519,48,-114.04,41.31,-105.66
"Davies03","Wilcox2",0.622086021913958,42.68,-118.68,41.31,-105.66
"GerminoBOP1","Wilcox2",0.664506663803863,43.4720833,-116.2338306,41.31,-105.66
"Mancillas01","Wilcox2",0.655724960725816,32.368,-106.56,41.31,-105.66
"Boise_High 2022","Wilcox2",0.720254268073591,NA,NA,41.31,-105.66
"Boise_Low 2022","Wilcox2",0.716294004640602,NA,NA,41.31,-105.66
"CG PASTURE 2022","Wilcox2",0.750315178628423,NA,NA,41.31,-105.66
"CaseAoyamaS1 2022","Wilcox2",0.734431549303339,NA,NA,41.31,-105.66
"CastValley 2021","Wilcox2",0.736709965813697,NA,NA,41.31,-105.66
"EOARC 2022","Wilcox2",0.733367448764938,NA,NA,41.31,-105.66
"EnsingS1 SuRDC 2022","Wilcox2",0.741351839332646,NA,NA,41.31,-105.66
"EnsingS2 Summerland-Princeton 2022","Wilcox2",0.707260036234402,NA,NA,41.31,-105.66
"EnsingS3 Bear Creek 2022","Wilcox2",0.709081304941518,NA,NA,41.31,-105.66
"EnsingS4 Lundbom 2022","Wilcox2",0.717161680773106,NA,NA,41.31,-105.66
"FAR NORTH CPER 2022","Wilcox2",0.759367319910321,NA,NA,41.31,-105.66
"FtK_Cottonwood_Coulee 2021","Wilcox2",0.767574686950281,NA,NA,41.31,-105.66
"FtK_Lone_Pine 2021","Wilcox2",0.768761136529397,NA,NA,41.31,-105.66
"GoeblS1 2024","Wilcox2",0.733382303771156,NA,NA,41.31,-105.66
"GreenCanyon 2021","Wilcox2",0.747190770214725,NA,NA,41.31,-105.66
"HPGRS AGCR 2022","Wilcox2",0.751191203685403,NA,NA,41.31,-105.66
"HardwareRanch 2022","Wilcox2",0.740187259461384,NA,NA,41.31,-105.66
"K1_vanDiepen 2022","Wilcox2",0.727196433382742,NA,NA,41.31,-105.66
"L1_vanDiepen 2022","Wilcox2",0.752944636975229,NA,NA,41.31,-105.66
"MPG_IR 2021","Wilcox2",0.737803935233607,NA,NA,41.31,-105.66
"MPG_SR 2021","Wilcox2",0.740016619861185,NA,NA,41.31,-105.66
"MPG_TH 2021","Wilcox2",0.738958292732242,NA,NA,41.31,-105.66
"NEAR 4WAY CPER 2022","Wilcox2",0.760120948029965,NA,NA,41.31,-105.66
"NEAR HQ CPER 2022","Wilcox2",0.758465756563891,NA,NA,41.31,-105.66
"NEAR NUTNET 2022","Wilcox2",0.759473673916993,NA,NA,41.31,-105.66
"OttS1 2022","Wilcox2",0.754769929219701,NA,NA,41.31,-105.66
"PMR- Brome 2021","Wilcox2",0.733313868277333,NA,NA,41.31,-105.66
"Pearlwise 2024","Wilcox2",0.734290846932386,NA,NA,41.31,-105.66
"Peavine 2022","Wilcox2",0.699344988319424,NA,NA,41.31,-105.66
"Plymouth 2022","Wilcox2",0.704676071618814,NA,NA,41.31,-105.66
"RedBluff 2023","Wilcox2",0.740945364664154,NA,NA,41.31,-105.66
"Rush_Valley 2022","Wilcox2",0.744879893025426,NA,NA,41.31,-105.66
"SSHQ 2022","Wilcox2",0.759214011977283,NA,NA,41.31,-105.66
"SSHigh 2022","Wilcox2",0.742761585920666,NA,NA,41.31,-105.66
"SouthEden 2022","Wilcox2",0.745144604105328,NA,NA,41.31,-105.66
"Symstad1 2021","Wilcox2",0.757407702053046,NA,NA,41.31,-105.66
"Symstad2 2022","Wilcox2",0.758650589899731,NA,NA,41.31,-105.66
"TB FIRE 2022","Wilcox2",0.762544831830421,NA,NA,41.31,-105.66
"TB LC Control 2022","Wilcox2",0.76297615754873,NA,NA,41.31,-105.66
"TB PRAIRIE DOG 2022","Wilcox2",0.762859955980837,NA,NA,41.31,-105.66
"Woodruff 2022","Wilcox2",0.754322079500192,NA,NA,41.31,-105.66
"dino 2024","Wilcox2",0.769264372417085,NA,NA,41.31,-105.66
"AAFC4","Chynoweth2",0.661838599928177,50.08,-120.65,40.29092,-109.68361
"AAFC5","Chynoweth2",0.648668636719257,50.09,-120.45,40.29092,-109.68361
"AAFC6","Chynoweth2",0.672901403023402,50.09,-120.75,40.29092,-109.68361
"AAFC8","Chynoweth2",0.656669176865219,49.57,-120.55,40.29092,-109.68361
"AAFC9","Chynoweth2",0.636414179215183,49.62,-119.8,40.29092,-109.68361
"AAFC10","Chynoweth2",0.636553876260896,49.71,-120.05,40.29092,-109.68361
"Adler5","Chynoweth2",0.643114043925943,40.79,-111.87,40.29092,-109.68361
"Schupp2","Chynoweth2",0.778739181498464,40.2,-112.46,40.29092,-109.68361
"Schupp1","Chynoweth2",0.742664699941081,39.85,-112.15,40.29092,-109.68361
"Adler13","Chynoweth2",0.677540105972554,41.44,-111.08,40.29092,-109.68361
"Adler16","Chynoweth2",0.652724703438164,41.78,-110.2,40.29092,-109.68361
"Adler17","Chynoweth2",0.652918776607746,41.44,-110.11,40.29092,-109.68361
"Adler18","Chynoweth2",0.743247953031823,40.86,-114.22,40.29092,-109.68361
"Barnett1","Chynoweth2",0.629835889409456,43.48,-110.74,40.29092,-109.68361
"Baughman3","Chynoweth2",0.654252415076177,42.81,-118.96,40.29092,-109.68361
"Baughman2","Chynoweth2",0.690439120842355,43.05,-118.87,40.29092,-109.68361
"Chynoweth1","Chynoweth2",0.665291520189307,39.76604,-109.5635,40.29092,-109.68361
"Board1","Chynoweth2",0.62568756261404,38.84,-117.57,40.29092,-109.68361
"Bradford1","Chynoweth2",0.625258217258426,35.23,-111.62,40.29092,-109.68361
"Chambers1","Chynoweth2",0.619269207454785,39.55,-119.58,40.29092,-109.68361
"Chambers2","Chynoweth2",0.613554525800546,39.95,-118.76,40.29092,-109.68361
"Urza1","Chynoweth2",0.613706861278465,40.35,-119.34,40.29092,-109.68361
"Chambers4","Chynoweth2",0.613578966558981,41.31,-117.63,40.29092,-109.68361
"Chambers5","Chynoweth2",0.609481767344614,41.54,-117.75,40.29092,-109.68361
"Chambers6","Chynoweth2",0.609456523861944,41.54,-117.78,40.29092,-109.68361
"Chambers7","Chynoweth2",0.670935277412058,43.94,-116.19,40.29092,-109.68361
"Chambers8","Chynoweth2",0.761022395341082,42.24,-114.57,40.29092,-109.68361
"Chambers9","Chynoweth2",0.665339707084594,40.66,-116.73,40.29092,-109.68361
"Copeland1","Chynoweth2",0.665344015051524,43.7,-117.33,40.29092,-109.68361
"Copeland5","Chynoweth2",0.632396485406657,42.27,-118.71,40.29092,-109.68361
"Copeland9","Chynoweth2",0.652869170685422,43.47,-119.68,40.29092,-109.68361
"Downs1","Chynoweth2",0.657600465824138,46.38145,-119.430272,40.29092,-109.68361
"Downs2","Chynoweth2",0.653351462309008,46.25045,-119.53334,40.29092,-109.68361
"Downs3","Chynoweth2",0.613682398183196,45.9663,-120.3671,40.29092,-109.68361
"Fleishman1","Chynoweth2",0.664656732303156,38.47,-119.49,40.29092,-109.68361
"Fleishman5","Chynoweth2",0.999436959884023,39.12,-117.27,40.29092,-109.68361
"Fleishman7","Chynoweth2",0.625745973460213,39.17,-117.44,40.29092,-109.68361
"Getts1","Chynoweth2",0.633160420870223,41.17,-120.5,40.29092,-109.68361
"Getts3","Chynoweth2",0.637249270054189,40.43,-120.67,40.29092,-109.68361
"Holdrege1","Chynoweth2",0.629634672672499,41.61,-111.57,40.29092,-109.68361
"Hufft1","Chynoweth2",0.684034217750993,38.6701,-108.3286,40.29092,-109.68361
"Lavin1","Chynoweth2",0.699467644222888,44.68,-109.07,40.29092,-109.68361
"Lavin2","Chynoweth2",0.658589326578807,45.67,-111.03,40.29092,-109.68361
"Lee1","Chynoweth2",0.61358467445727,36.82340833,-116.0163889,40.29092,-109.68361
"Lee2","Chynoweth2",0.605208740648945,35.3984,-115.7845,40.29092,-109.68361
"Lee3","Chynoweth2",0.613434276456951,36.5247,-115.8987,40.29092,-109.68361
"Lee4","Chynoweth2",0.607080171871914,35.4564,-115.52,40.29092,-109.68361
"Leger1","Chynoweth2",0.614341627009373,39.49,-119.84,40.29092,-109.68361
"Maron1","Chynoweth2",0.666050268936992,46.68,-114.03,40.29092,-109.68361
"Maron2","Chynoweth2",0.652638898041284,46.64,-113.23,40.29092,-109.68361
"Porensky30","Chynoweth2",0.643672959948595,40.63,-105.27,40.29092,-109.68361
"Pyke3","Chynoweth2",0.643453018320852,44.60456358,-120.1924183,40.29092,-109.68361
"Pyke8","Chynoweth2",0.655424898389786,46.74830998,-119.361636,40.29092,-109.68361
"Pyke21","Chynoweth2",0.661249087384432,47.61803776,-119.6830115,40.29092,-109.68361
"Pyle1","Chynoweth2",0.843573577101312,42.35,-118.65,40.29092,-109.68361
"Pyle9","Chynoweth2",0.652652987901835,43.42,-119.62,40.29092,-109.68361
"Pyle10","Chynoweth2",0.999535511335565,43.19,-120,40.29092,-109.68361
"Pyle15","Chynoweth2",0.644754472188786,43.8,-119,40.29092,-109.68361
"Pyle17","Chynoweth2",0.647640469429436,44.36,-118.93,40.29092,-109.68361
"Pyle19","Chynoweth2",0.655597869849494,44.57,-119.65,40.29092,-109.68361
"Reed1","Chynoweth2",0.669254905049509,38.52,-109.47,40.29092,-109.68361
"Reed3","Chynoweth2",0.657419483148287,38.75,-109.79,40.29092,-109.68361
"Schupp3","Chynoweth2",0.708578700884949,38.6,-113.79,40.29092,-109.68361
"Schupp4","Chynoweth2",0.66520122212015,38.52,-113.55,40.29092,-109.68361
"Schupp5","Chynoweth2",0.660126182179979,39.11,-112.74,40.29092,-109.68361
"Symstad1","Chynoweth2",0.673375995836035,44.59,-104.71,40.29092,-109.68361
"Symstad2","Chynoweth2",0.647096868674769,43.87,-103.46,40.29092,-109.68361
"Symstad3","Chynoweth2",0.675177641698423,43.62,-103.47,40.29092,-109.68361
"Urza2","Chynoweth2",0.65613485214708,40.84,-119.56,40.29092,-109.68361
"Wilcox2","Chynoweth2",0.678526996211436,41.31,-105.66,40.29092,-109.68361
"Chynoweth2","Chynoweth2",1,40.29092,-109.68361,40.29092,-109.68361
"Chynoweth3","Chynoweth2",0.678819280058316,39.83576,-109.61202,40.29092,-109.68361
"Chynoweth5","Chynoweth2",0.918621033425743,40.480805,-109.438229,40.29092,-109.68361
"Chynoweth7","Chynoweth2",0.665717233688251,40.533605,-109.523564,40.29092,-109.68361
"Chynoweth8","Chynoweth2",0.999437182255573,40.640878,-109.48689,40.29092,-109.68361
"Shriver2","Chynoweth2",0.629849730670618,48,-114.04,40.29092,-109.68361
"Davies03","Chynoweth2",0.625441914213914,42.68,-118.68,40.29092,-109.68361
"GerminoBOP1","Chynoweth2",0.674031008874772,43.4720833,-116.2338306,40.29092,-109.68361
"Mancillas01","Chynoweth2",0.664503035966385,32.368,-106.56,40.29092,-109.68361
"Boise_High 2022","Chynoweth2",0.728828390945447,NA,NA,40.29092,-109.68361
"Boise_Low 2022","Chynoweth2",0.73050211386222,NA,NA,40.29092,-109.68361
"CG PASTURE 2022","Chynoweth2",0.765955010574291,NA,NA,40.29092,-109.68361
"CaseAoyamaS1 2022","Chynoweth2",0.744739567627148,NA,NA,40.29092,-109.68361
"CastValley 2021","Chynoweth2",0.767390810361653,NA,NA,40.29092,-109.68361
"EOARC 2022","Chynoweth2",0.7432842818944,NA,NA,40.29092,-109.68361
"EnsingS1 SuRDC 2022","Chynoweth2",0.759944586583204,NA,NA,40.29092,-109.68361
"EnsingS2 Summerland-Princeton 2022","Chynoweth2",0.714586961206785,NA,NA,40.29092,-109.68361
"EnsingS3 Bear Creek 2022","Chynoweth2",0.719153491106072,NA,NA,40.29092,-109.68361
"EnsingS4 Lundbom 2022","Chynoweth2",0.722690278701357,NA,NA,40.29092,-109.68361
"FAR NORTH CPER 2022","Chynoweth2",0.778329507269341,NA,NA,40.29092,-109.68361
"FtK_Cottonwood_Coulee 2021","Chynoweth2",0.786736608672082,NA,NA,40.29092,-109.68361
"FtK_Lone_Pine 2021","Chynoweth2",0.788403765976783,NA,NA,40.29092,-109.68361
"GoeblS1 2024","Chynoweth2",0.750378210901788,NA,NA,40.29092,-109.68361
"GreenCanyon 2021","Chynoweth2",0.766005877905031,NA,NA,40.29092,-109.68361
"HPGRS AGCR 2022","Chynoweth2",0.767086590225913,NA,NA,40.29092,-109.68361
"HardwareRanch 2022","Chynoweth2",0.754826329889361,NA,NA,40.29092,-109.68361
"K1_vanDiepen 2022","Chynoweth2",0.739635850647649,NA,NA,40.29092,-109.68361
"L1_vanDiepen 2022","Chynoweth2",0.76864170960006,NA,NA,40.29092,-109.68361
"MPG_IR 2021","Chynoweth2",0.755000037397597,NA,NA,40.29092,-109.68361
"MPG_SR 2021","Chynoweth2",0.757535879211843,NA,NA,40.29092,-109.68361
"MPG_TH 2021","Chynoweth2",0.756390791561456,NA,NA,40.29092,-109.68361
"NEAR 4WAY CPER 2022","Chynoweth2",0.779699546746172,NA,NA,40.29092,-109.68361
"NEAR HQ CPER 2022","Chynoweth2",0.777352260076623,NA,NA,40.29092,-109.68361
"NEAR NUTNET 2022","Chynoweth2",0.778609212244968,NA,NA,40.29092,-109.68361
"OttS1 2022","Chynoweth2",0.772329983472833,NA,NA,40.29092,-109.68361
"PMR- Brome 2021","Chynoweth2",0.745907206537574,NA,NA,40.29092,-109.68361
"Pearlwise 2024","Chynoweth2",0.748153667592996,NA,NA,40.29092,-109.68361
"Peavine 2022","Chynoweth2",0.707642365505348,NA,NA,40.29092,-109.68361
"Plymouth 2022","Chynoweth2",0.715128877365447,NA,NA,40.29092,-109.68361
"RedBluff 2023","Chynoweth2",0.754820916534266,NA,NA,40.29092,-109.68361
"Rush_Valley 2022","Chynoweth2",0.76544662237418,NA,NA,40.29092,-109.68361
"SSHQ 2022","Chynoweth2",0.778802871406818,NA,NA,40.29092,-109.68361
"SSHigh 2022","Chynoweth2",0.758990557898005,NA,NA,40.29092,-109.68361
"SouthEden 2022","Chynoweth2",0.759406611546836,NA,NA,40.29092,-109.68361
"Symstad1 2021","Chynoweth2",0.777148220417383,NA,NA,40.29092,-109.68361
"Symstad2 2022","Chynoweth2",0.778766142304704,NA,NA,40.29092,-109.68361
"TB FIRE 2022","Chynoweth2",0.780088444119237,NA,NA,40.29092,-109.68361
"TB LC Control 2022","Chynoweth2",0.780663793798252,NA,NA,40.29092,-109.68361
"TB PRAIRIE DOG 2022","Chynoweth2",0.780487715682256,NA,NA,40.29092,-109.68361
"Woodruff 2022","Chynoweth2",0.770987783358297,NA,NA,40.29092,-109.68361
"dino 2024","Chynoweth2",0.799627850642497,NA,NA,40.29092,-109.68361
"AAFC4","Chynoweth3",0.631256473609655,50.08,-120.65,39.83576,-109.61202
"AAFC5","Chynoweth3",0.634177325324145,50.09,-120.45,39.83576,-109.61202
"AAFC6","Chynoweth3",0.643808057936422,50.09,-120.75,39.83576,-109.61202
"AAFC8","Chynoweth3",0.651379451608779,49.57,-120.55,39.83576,-109.61202
"AAFC9","Chynoweth3",0.629227748605545,49.62,-119.8,39.83576,-109.61202
"AAFC10","Chynoweth3",0.629342451095676,49.71,-120.05,39.83576,-109.61202
"Adler5","Chynoweth3",0.641139771925882,40.79,-111.87,39.83576,-109.61202
"Schupp2","Chynoweth3",0.657803011970852,40.2,-112.46,39.83576,-109.61202
"Schupp1","Chynoweth3",0.699224675942566,39.85,-112.15,39.83576,-109.61202
"Adler13","Chynoweth3",0.698203749022448,41.44,-111.08,39.83576,-109.61202
"Adler16","Chynoweth3",0.643837623618638,41.78,-110.2,39.83576,-109.61202
"Adler17","Chynoweth3",0.644030713674086,41.44,-110.11,39.83576,-109.61202
"Adler18","Chynoweth3",0.650521347084955,40.86,-114.22,39.83576,-109.61202
"Barnett1","Chynoweth3",0.624246656364625,43.48,-110.74,39.83576,-109.61202
"Baughman3","Chynoweth3",0.633331535196795,42.81,-118.96,39.83576,-109.61202
"Baughman2","Chynoweth3",0.67633901916596,43.05,-118.87,39.83576,-109.61202
"Chynoweth1","Chynoweth3",0.658446119399194,39.76604,-109.5635,39.83576,-109.61202
"Board1","Chynoweth3",0.622598624530737,38.84,-117.57,39.83576,-109.61202
"Bradford1","Chynoweth3",0.622171295603072,35.23,-111.62,39.83576,-109.61202
"Chambers1","Chynoweth3",0.609291660439643,39.55,-119.58,39.83576,-109.61202
"Chambers2","Chynoweth3",0.603712546341098,39.95,-118.76,39.83576,-109.61202
"Urza1","Chynoweth3",0.603819376817474,40.35,-119.34,39.83576,-109.61202
"Chambers4","Chynoweth3",0.603690068787995,41.31,-117.63,39.83576,-109.61202
"Chambers5","Chynoweth3",0.599644574281079,41.54,-117.75,39.83576,-109.61202
"Chambers6","Chynoweth3",0.599641838901018,41.54,-117.78,39.83576,-109.61202
"Chambers7","Chynoweth3",0.659622421382868,43.94,-116.19,39.83576,-109.61202
"Chambers8","Chynoweth3",0.652147268848245,42.24,-114.57,39.83576,-109.61202
"Chambers9","Chynoweth3",0.658448575029448,40.66,-116.73,39.83576,-109.61202
"Copeland1","Chynoweth3",0.658492165086513,43.7,-117.33,39.83576,-109.61202
"Copeland5","Chynoweth3",0.631111355208473,42.27,-118.71,39.83576,-109.61202
"Copeland9","Chynoweth3",0.644078974792626,43.47,-119.68,39.83576,-109.61202
"Downs1","Chynoweth3",0.76923502375992,46.38145,-119.430272,39.83576,-109.61202
"Downs2","Chynoweth3",0.643933641217253,46.25045,-119.53334,39.83576,-109.61202
"Downs3","Chynoweth3",0.600935535977722,45.9663,-120.3671,39.83576,-109.61202
"Fleishman1","Chynoweth3",0.656300838466179,38.47,-119.49,39.83576,-109.61202
"Fleishman5","Chynoweth3",0.678325654134629,39.12,-117.27,39.83576,-109.61202
"Fleishman7","Chynoweth3",0.622513318797107,39.17,-117.44,39.83576,-109.61202
"Getts1","Chynoweth3",0.631816160468064,41.17,-120.5,39.83576,-109.61202
"Getts3","Chynoweth3",0.628455867608056,40.43,-120.67,39.83576,-109.61202
"Holdrege1","Chynoweth3",0.624084052236238,41.61,-111.57,39.83576,-109.61202
"Hufft1","Chynoweth3",0.740415547475035,38.6701,-108.3286,39.83576,-109.61202
"Lavin1","Chynoweth3",0.67318547370762,44.68,-109.07,39.83576,-109.61202
"Lavin2","Chynoweth3",0.633463568510996,45.67,-111.03,39.83576,-109.61202
"Lee1","Chynoweth3",0.60373326996877,36.82340833,-116.0163889,39.83576,-109.61202
"Lee2","Chynoweth3",0.595858746844264,35.3984,-115.7845,39.83576,-109.61202
"Lee3","Chynoweth3",0.603519753401221,36.5247,-115.8987,39.83576,-109.61202
"Lee4","Chynoweth3",0.598897080763143,35.4564,-115.52,39.83576,-109.61202
"Leger1","Chynoweth3",0.604561730566898,39.49,-119.84,39.83576,-109.61202
"Maron1","Chynoweth3",0.649880465375155,46.68,-114.03,39.83576,-109.61202
"Maron2","Chynoweth3",0.643850825890032,46.64,-113.23,39.83576,-109.61202
"Porensky30","Chynoweth3",0.630160196181236,40.63,-105.27,39.83576,-109.61202
"Pyke3","Chynoweth3",0.641847500713429,44.60456358,-120.1924183,39.83576,-109.61202
"Pyke8","Chynoweth3",0.764434455210013,46.74830998,-119.361636,39.83576,-109.61202
"Pyke21","Chynoweth3",0.647027240325726,47.61803776,-119.6830115,39.83576,-109.61202
"Pyle1","Chynoweth3",0.71539425522028,42.35,-118.65,39.83576,-109.61202
"Pyle9","Chynoweth3",0.643810513226008,43.42,-119.62,39.83576,-109.61202
"Pyle10","Chynoweth3",0.678449013584049,43.19,-120,39.83576,-109.61202
"Pyle15","Chynoweth3",0.637628211426215,43.8,-119,39.83576,-109.61202
"Pyle17","Chynoweth3",0.634694607625634,44.36,-118.93,39.83576,-109.61202
"Pyle19","Chynoweth3",0.646886424253715,44.57,-119.65,39.83576,-109.61202
"Reed1","Chynoweth3",0.698012815622552,38.52,-109.47,39.83576,-109.61202
"Reed3","Chynoweth3",0.656228328644877,38.75,-109.79,39.83576,-109.61202
"Schupp3","Chynoweth3",0.694828625643287,38.6,-113.79,39.83576,-109.61202
"Schupp4","Chynoweth3",0.658313144742371,38.52,-113.55,39.83576,-109.61202
"Schupp5","Chynoweth3",0.655274284378701,39.11,-112.74,39.83576,-109.61202
"Symstad1","Chynoweth3",0.674342644464806,44.59,-104.71,39.83576,-109.61202
"Symstad2","Chynoweth3",0.708632965025004,43.87,-103.46,39.83576,-109.61202
"Symstad3","Chynoweth3",0.664360451682869,43.62,-103.47,39.83576,-109.61202
"Urza2","Chynoweth3",0.645633631508069,40.84,-119.56,39.83576,-109.61202
"Wilcox2","Chynoweth3",0.999440444135479,41.31,-105.66,39.83576,-109.61202
"Chynoweth2","Chynoweth3",0.678819280058316,40.29092,-109.68361,39.83576,-109.61202
"Chynoweth3","Chynoweth3",1,39.83576,-109.61202,39.83576,-109.61202
"Chynoweth5","Chynoweth3",0.699101945541766,40.480805,-109.438229,39.83576,-109.61202
"Chynoweth7","Chynoweth3",0.658891675657179,40.533605,-109.523564,39.83576,-109.61202
"Chynoweth8","Chynoweth3",0.678275502897371,40.640878,-109.48689,39.83576,-109.61202
"Shriver2","Chynoweth3",0.624247015801434,48,-114.04,39.83576,-109.61202
"Davies03","Chynoweth3",0.622368759421238,42.68,-118.68,39.83576,-109.61202
"GerminoBOP1","Chynoweth3",0.664858317446478,43.4720833,-116.2338306,39.83576,-109.61202
"Mancillas01","Chynoweth3",0.656073709272083,32.368,-106.56,39.83576,-109.61202
"Boise_High 2022","Chynoweth3",0.720571851443237,NA,NA,39.83576,-109.61202
"Boise_Low 2022","Chynoweth3",0.716583359944913,NA,NA,39.83576,-109.61202
"CG PASTURE 2022","Chynoweth3",0.750684759872849,NA,NA,39.83576,-109.61202
"CaseAoyamaS1 2022","Chynoweth3",0.734754087108172,NA,NA,39.83576,-109.61202
"CastValley 2021","Chynoweth3",0.737017359567984,NA,NA,39.83576,-109.61202
"EOARC 2022","Chynoweth3",0.733690332237779,NA,NA,39.83576,-109.61202
"EnsingS1 SuRDC 2022","Chynoweth3",0.74171153973705,NA,NA,39.83576,-109.61202
"EnsingS2 Summerland-Princeton 2022","Chynoweth3",0.707589418641072,NA,NA,39.83576,-109.61202
"EnsingS3 Bear Creek 2022","Chynoweth3",0.709400323098065,NA,NA,39.83576,-109.61202
"EnsingS4 Lundbom 2022","Chynoweth3",0.717506050529071,NA,NA,39.83576,-109.61202
"FAR NORTH CPER 2022","Chynoweth3",0.759733715976937,NA,NA,39.83576,-109.61202
"FtK_Cottonwood_Coulee 2021","Chynoweth3",0.767945901968614,NA,NA,39.83576,-109.61202
"FtK_Lone_Pine 2021","Chynoweth3",0.769131352110617,NA,NA,39.83576,-109.61202
"GoeblS1 2024","Chynoweth3",0.733721532736758,NA,NA,39.83576,-109.61202
"GreenCanyon 2021","Chynoweth3",0.747542061015091,NA,NA,39.83576,-109.61202
"HPGRS AGCR 2022","Chynoweth3",0.75156067311081,NA,NA,39.83576,-109.61202
"HardwareRanch 2022","Chynoweth3",0.740537626928197,NA,NA,39.83576,-109.61202
"K1_vanDiepen 2022","Chynoweth3",0.727553855381211,NA,NA,39.83576,-109.61202
"L1_vanDiepen 2022","Chynoweth3",0.753316894226448,NA,NA,39.83576,-109.61202
"MPG_IR 2021","Chynoweth3",0.73816997667966,NA,NA,39.83576,-109.61202
"MPG_SR 2021","Chynoweth3",0.740383631371088,NA,NA,39.83576,-109.61202
"MPG_TH 2021","Chynoweth3",0.739325050783609,NA,NA,39.83576,-109.61202
"NEAR 4WAY CPER 2022","Chynoweth3",0.760486722628146,NA,NA,39.83576,-109.61202
"NEAR HQ CPER 2022","Chynoweth3",0.758832490816414,NA,NA,39.83576,-109.61202
"NEAR NUTNET 2022","Chynoweth3",0.759839974984131,NA,NA,39.83576,-109.61202
"OttS1 2022","Chynoweth3",0.755141910428472,NA,NA,39.83576,-109.61202
"PMR- Brome 2021","Chynoweth3",0.733671976047172,NA,NA,39.83576,-109.61202
"Pearlwise 2024","Chynoweth3",0.734613307309156,NA,NA,39.83576,-109.61202
"Peavine 2022","Chynoweth3",0.699636323550279,NA,NA,39.83576,-109.61202
"Plymouth 2022","Chynoweth3",0.704961298580272,NA,NA,39.83576,-109.61202
"RedBluff 2023","Chynoweth3",0.741311639917444,NA,NA,39.83576,-109.61202
"Rush_Valley 2022","Chynoweth3",0.745216211341991,NA,NA,39.83576,-109.61202
"SSHQ 2022","Chynoweth3",0.759580222003867,NA,NA,39.83576,-109.61202
"SSHigh 2022","Chynoweth3",0.74312257741085,NA,NA,39.83576,-109.61202
"SouthEden 2022","Chynoweth3",0.745499853201703,NA,NA,39.83576,-109.61202
"Symstad1 2021","Chynoweth3",0.757788250541761,NA,NA,39.83576,-109.61202
"Symstad2 2022","Chynoweth3",0.759031244211004,NA,NA,39.83576,-109.61202
"TB FIRE 2022","Chynoweth3",0.762910189224133,NA,NA,39.83576,-109.61202
"TB LC Control 2022","Chynoweth3",0.763341350224331,NA,NA,39.83576,-109.61202
"TB PRAIRIE DOG 2022","Chynoweth3",0.763225147959263,NA,NA,39.83576,-109.61202
"Woodruff 2022","Chynoweth3",0.754685169865085,NA,NA,39.83576,-109.61202
"dino 2024","Chynoweth3",0.769617648907189,NA,NA,39.83576,-109.61202
"AAFC4","Chynoweth5",0.676390362831688,50.08,-120.65,40.480805,-109.438229
"AAFC5","Chynoweth5",0.672873323013723,50.09,-120.45,40.480805,-109.438229
"AAFC6","Chynoweth5",0.683490208128864,50.09,-120.75,40.480805,-109.438229
"AAFC8","Chynoweth5",0.674468499110953,49.57,-120.55,40.480805,-109.438229
"AAFC9","Chynoweth5",0.658904069936363,49.62,-119.8,40.480805,-109.438229
"AAFC10","Chynoweth5",0.659029390773965,49.71,-120.05,40.480805,-109.438229
"Adler5","Chynoweth5",0.667155542492861,40.79,-111.87,40.480805,-109.438229
"Schupp2","Chynoweth5",0.813448818454792,40.2,-112.46,40.480805,-109.438229
"Schupp1","Chynoweth5",0.766914439254289,39.85,-112.15,40.480805,-109.438229
"Adler13","Chynoweth5",0.718638026038491,41.44,-111.08,40.480805,-109.438229
"Adler16","Chynoweth5",0.666615877440658,41.78,-110.2,40.480805,-109.438229
"Adler17","Chynoweth5",0.666804450798315,41.44,-110.11,40.480805,-109.438229
"Adler18","Chynoweth5",0.7529192429646,40.86,-114.22,40.480805,-109.438229
"Barnett1","Chynoweth5",0.642414739227294,43.48,-110.74,40.480805,-109.438229
"Baughman3","Chynoweth5",0.679196611333733,42.81,-118.96,40.480805,-109.438229
"Baughman2","Chynoweth5",0.739834237996294,43.05,-118.87,40.480805,-109.438229
"Chynoweth1","Chynoweth5",0.680746258645239,39.76604,-109.5635,40.480805,-109.438229
"Board1","Chynoweth5",0.647232350681013,38.84,-117.57,40.480805,-109.438229
"Bradford1","Chynoweth5",0.646775278724337,35.23,-111.62,40.480805,-109.438229
"Chambers1","Chynoweth5",0.635891098861741,39.55,-119.58,40.480805,-109.438229
"Chambers2","Chynoweth5",0.629875675371112,39.95,-118.76,40.480805,-109.438229
"Urza1","Chynoweth5",0.630030827947418,40.35,-119.34,40.480805,-109.438229
"Chambers4","Chynoweth5",0.629889425704664,41.31,-117.63,40.480805,-109.438229
"Chambers5","Chynoweth5",0.625216891447308,41.54,-117.75,40.480805,-109.438229
"Chambers6","Chynoweth5",0.625182671338651,41.54,-117.78,40.480805,-109.438229
"Chambers7","Chynoweth5",0.688923264719813,43.94,-116.19,40.480805,-109.438229
"Chambers8","Chynoweth5",0.740252105307781,42.24,-114.57,40.480805,-109.438229
"Chambers9","Chynoweth5",0.680821829604944,40.66,-116.73,40.480805,-109.438229
"Copeland1","Chynoweth5",0.680821050852046,43.7,-117.33,40.480805,-109.438229
"Copeland5","Chynoweth5",0.653504736849229,42.27,-118.71,40.480805,-109.438229
"Copeland9","Chynoweth5",0.666773455713017,43.47,-119.68,40.480805,-109.438229
"Downs1","Chynoweth5",0.681373427105408,46.38145,-119.430272,40.480805,-109.438229
"Downs2","Chynoweth5",0.674888733465163,46.25045,-119.53334,40.480805,-109.438229
"Downs3","Chynoweth5",0.630666518576571,45.9663,-120.3671,40.480805,-109.438229
"Fleishman1","Chynoweth5",0.67873770208891,38.47,-119.49,40.480805,-109.438229
"Fleishman5","Chynoweth5",0.918400378605794,39.12,-117.27,40.480805,-109.438229
"Fleishman7","Chynoweth5",0.646837208801117,39.17,-117.44,40.480805,-109.438229
"Getts1","Chynoweth5",0.649429680139371,41.17,-120.5,40.480805,-109.438229
"Getts3","Chynoweth5",0.650609683142784,40.43,-120.67,40.480805,-109.438229
"Holdrege1","Chynoweth5",0.642208020757174,41.61,-111.57,40.480805,-109.438229
"Hufft1","Chynoweth5",0.704852518396064,38.6701,-108.3286,40.480805,-109.438229
"Lavin1","Chynoweth5",0.696801384764396,44.68,-109.07,40.480805,-109.438229
"Lavin2","Chynoweth5",0.682766167934639,45.67,-111.03,40.480805,-109.438229
"Lee1","Chynoweth5",0.629906128669259,36.82340833,-116.0163889,40.480805,-109.438229
"Lee2","Chynoweth5",0.621206146056381,35.3984,-115.7845,40.480805,-109.438229
"Lee3","Chynoweth5",0.629736161333665,36.5247,-115.8987,40.480805,-109.438229
"Lee4","Chynoweth5",0.62376215046293,35.4564,-115.52,40.480805,-109.438229
"Leger1","Chynoweth5",0.631125711203624,39.49,-119.84,40.480805,-109.438229
"Maron1","Chynoweth5",0.678367455527229,46.68,-114.03,40.480805,-109.438229
"Maron2","Chynoweth5",0.666528872592979,46.64,-113.23,40.480805,-109.438229
"Porensky30","Chynoweth5",0.659604798555021,40.63,-105.27,40.480805,-109.438229
"Pyke3","Chynoweth5",0.666184639700318,44.60456358,-120.1924183,40.480805,-109.438229
"Pyke8","Chynoweth5",0.677185045163919,46.74830998,-119.361636,40.480805,-109.438229
"Pyke21","Chynoweth5",0.674051619270499,47.61803776,-119.6830115,40.480805,-109.438229
"Pyle1","Chynoweth5",0.842385623058128,42.35,-118.65,40.480805,-109.438229
"Pyle9","Chynoweth5",0.666539982479084,43.42,-119.62,40.480805,-109.438229
"Pyle10","Chynoweth5",0.918510059051112,43.19,-120,40.480805,-109.438229
"Pyle15","Chynoweth5",0.66338872735343,43.8,-119,40.480805,-109.438229
"Pyle17","Chynoweth5",0.671383808161106,44.36,-118.93,40.480805,-109.438229
"Pyle19","Chynoweth5",0.667899391567121,44.57,-119.65,40.480805,-109.438229
"Reed1","Chynoweth5",0.696259658946567,38.52,-109.47,40.480805,-109.438229
"Reed3","Chynoweth5",0.668507004433842,38.75,-109.79,40.480805,-109.438229
"Schupp3","Chynoweth5",0.734382531516639,38.6,-113.79,40.480805,-109.438229
"Schupp4","Chynoweth5",0.680662049659828,38.52,-113.55,40.480805,-109.438229
"Schupp5","Chynoweth5",0.673904397256265,39.11,-112.74,40.480805,-109.438229
"Symstad1","Chynoweth5",0.69038900752944,44.59,-104.71,40.480805,-109.438229
"Symstad2","Chynoweth5",0.665228019593251,43.87,-103.46,40.480805,-109.438229
"Symstad3","Chynoweth5",0.69030370870888,43.62,-103.47,40.480805,-109.438229
"Urza2","Chynoweth5",0.670004977322873,40.84,-119.56,40.480805,-109.438229
"Wilcox2","Chynoweth5",0.698816138196125,41.31,-105.66,40.480805,-109.438229
"Chynoweth2","Chynoweth5",0.918621033425743,40.29092,-109.68361,40.480805,-109.438229
"Chynoweth3","Chynoweth5",0.699101945541766,39.83576,-109.61202,40.480805,-109.438229
"Chynoweth5","Chynoweth5",1,40.480805,-109.438229,40.480805,-109.438229
"Chynoweth7","Chynoweth5",0.681181429793184,40.533605,-109.523564,40.480805,-109.438229
"Chynoweth8","Chynoweth5",0.918435368805091,40.640878,-109.48689,40.480805,-109.438229
"Shriver2","Chynoweth5",0.642418142370216,48,-114.04,40.480805,-109.438229
"Davies03","Chynoweth5",0.646970471765195,42.68,-118.68,40.480805,-109.438229
"GerminoBOP1","Chynoweth5",0.682798513366631,43.4720833,-116.2338306,40.480805,-109.438229
"Mancillas01","Chynoweth5",0.675941928258624,32.368,-106.56,40.480805,-109.438229
"Boise_High 2022","Chynoweth5",0.752288927517838,NA,NA,40.480805,-109.438229
"Boise_Low 2022","Chynoweth5",0.751296625920924,NA,NA,40.480805,-109.438229
"CG PASTURE 2022","Chynoweth5",0.787852685479101,NA,NA,40.480805,-109.438229
"CaseAoyamaS1 2022","Chynoweth5",0.767320592992301,NA,NA,40.480805,-109.438229
"CastValley 2021","Chynoweth5",0.785727287404016,NA,NA,40.480805,-109.438229
"EOARC 2022","Chynoweth5",0.766003121779836,NA,NA,40.480805,-109.438229
"EnsingS1 SuRDC 2022","Chynoweth5",0.782665234443897,NA,NA,40.480805,-109.438229
"EnsingS2 Summerland-Princeton 2022","Chynoweth5",0.737348883602453,NA,NA,40.480805,-109.438229
"EnsingS3 Bear Creek 2022","Chynoweth5",0.741768069431,NA,NA,40.480805,-109.438229
"EnsingS4 Lundbom 2022","Chynoweth5",0.744013655924198,NA,NA,40.480805,-109.438229
"FAR NORTH CPER 2022","Chynoweth5",0.799833744010547,NA,NA,40.480805,-109.438229
"FtK_Cottonwood_Coulee 2021","Chynoweth5",0.806956491678589,NA,NA,40.480805,-109.438229
"FtK_Lone_Pine 2021","Chynoweth5",0.808489114785409,NA,NA,40.480805,-109.438229
"GoeblS1 2024","Chynoweth5",0.771416012298076,NA,NA,40.480805,-109.438229
"GreenCanyon 2021","Chynoweth5",0.788284308820747,NA,NA,40.480805,-109.438229
"HPGRS AGCR 2022","Chynoweth5",0.788965722685172,NA,NA,40.480805,-109.438229
"HardwareRanch 2022","Chynoweth5",0.777333144787863,NA,NA,40.480805,-109.438229
"K1_vanDiepen 2022","Chynoweth5",0.760323957328251,NA,NA,40.480805,-109.438229
"L1_vanDiepen 2022","Chynoweth5",0.789528835567321,NA,NA,40.480805,-109.438229
"MPG_IR 2021","Chynoweth5",0.776212259611593,NA,NA,40.480805,-109.438229
"MPG_SR 2021","Chynoweth5",0.778724656283304,NA,NA,40.480805,-109.438229
"MPG_TH 2021","Chynoweth5",0.77757202341987,NA,NA,40.480805,-109.438229
"NEAR 4WAY CPER 2022","Chynoweth5",0.801075443516305,NA,NA,40.480805,-109.438229
"NEAR HQ CPER 2022","Chynoweth5",0.798888118630901,NA,NA,40.480805,-109.438229
"NEAR NUTNET 2022","Chynoweth5",0.800075287505271,NA,NA,40.480805,-109.438229
"OttS1 2022","Chynoweth5",0.793594057688076,NA,NA,40.480805,-109.438229
"PMR- Brome 2021","Chynoweth5",0.768258730926429,NA,NA,40.480805,-109.438229
"Pearlwise 2024","Chynoweth5",0.771305402828764,NA,NA,40.480805,-109.438229
"Peavine 2022","Chynoweth5",0.730571887778,NA,NA,40.480805,-109.438229
"Plymouth 2022","Chynoweth5",0.736756676594651,NA,NA,40.480805,-109.438229
"RedBluff 2023","Chynoweth5",0.776451657348533,NA,NA,40.480805,-109.438229
"Rush_Valley 2022","Chynoweth5",0.787049900185797,NA,NA,40.480805,-109.438229
"SSHQ 2022","Chynoweth5",0.799409972964847,NA,NA,40.480805,-109.438229
"SSHigh 2022","Chynoweth5",0.77990237326546,NA,NA,40.480805,-109.438229
"SouthEden 2022","Chynoweth5",0.781140906493487,NA,NA,40.480805,-109.438229
"Symstad1 2021","Chynoweth5",0.797962032496599,NA,NA,40.480805,-109.438229
"Symstad2 2022","Chynoweth5",0.799531368078211,NA,NA,40.480805,-109.438229
"TB FIRE 2022","Chynoweth5",0.801122405341996,NA,NA,40.480805,-109.438229
"TB LC Control 2022","Chynoweth5",0.801655137814414,NA,NA,40.480805,-109.438229
"TB PRAIRIE DOG 2022","Chynoweth5",0.80149471941716,NA,NA,40.480805,-109.438229
"Woodruff 2022","Chynoweth5",0.791909051698305,NA,NA,40.480805,-109.438229
"dino 2024","Chynoweth5",0.818560940022253,NA,NA,40.480805,-109.438229
"AAFC4","Chynoweth7",0.700919876756593,50.08,-120.65,40.533605,-109.523564
"AAFC5","Chynoweth7",0.673703282666804,50.09,-120.45,40.533605,-109.523564
"AAFC6","Chynoweth7",0.693276617682918,50.09,-120.75,40.533605,-109.523564
"AAFC8","Chynoweth7",0.708089211828068,49.57,-120.55,40.533605,-109.523564
"AAFC9","Chynoweth7",0.665426980753357,49.62,-119.8,40.533605,-109.523564
"AAFC10","Chynoweth7",0.665685589339134,49.71,-120.05,40.533605,-109.523564
"Adler5","Chynoweth7",0.664620833960577,40.79,-111.87,40.533605,-109.523564
"Schupp2","Chynoweth7",0.670131174902317,40.2,-112.46,40.533605,-109.523564
"Schupp1","Chynoweth7",0.674911734902087,39.85,-112.15,40.533605,-109.523564
"Adler13","Chynoweth7",0.790608346830207,41.44,-111.08,40.533605,-109.523564
"Adler16","Chynoweth7",0.718689810760241,41.78,-110.2,40.533605,-109.523564
"Adler17","Chynoweth7",0.718843773836633,41.44,-110.11,40.533605,-109.523564
"Adler18","Chynoweth7",0.672406086149011,40.86,-114.22,40.533605,-109.523564
"Barnett1","Chynoweth7",0.665926271049744,43.48,-110.74,40.533605,-109.523564
"Baughman3","Chynoweth7",0.672718145601041,42.81,-118.96,40.533605,-109.523564
"Baughman2","Chynoweth7",0.685838468576312,43.05,-118.87,40.533605,-109.523564
"Chynoweth1","Chynoweth7",0.99945977309903,39.76604,-109.5635,40.533605,-109.523564
"Board1","Chynoweth7",0.658841150568403,38.84,-117.57,40.533605,-109.523564
"Bradford1","Chynoweth7",0.658413563990994,35.23,-111.62,40.533605,-109.523564
"Chambers1","Chynoweth7",0.626177053215737,39.55,-119.58,40.533605,-109.523564
"Chambers2","Chynoweth7",0.620288777438904,39.95,-118.76,40.533605,-109.523564
"Urza1","Chynoweth7",0.620406579838572,40.35,-119.34,40.533605,-109.523564
"Chambers4","Chynoweth7",0.620219433977262,41.31,-117.63,40.533605,-109.523564
"Chambers5","Chynoweth7",0.616058400992411,41.54,-117.75,40.533605,-109.523564
"Chambers6","Chynoweth7",0.616111948253122,41.54,-117.78,40.533605,-109.523564
"Chambers7","Chynoweth7",0.716385651655518,43.94,-116.19,40.533605,-109.523564
"Chambers8","Chynoweth7",0.662150685159143,42.24,-114.57,40.533605,-109.523564
"Chambers9","Chynoweth7",0.999416692057087,40.66,-116.73,40.533605,-109.523564
"Copeland1","Chynoweth7",0.999452582197059,43.7,-117.33,40.533605,-109.523564
"Copeland5","Chynoweth7",0.655887835559907,42.27,-118.71,40.533605,-109.523564
"Copeland9","Chynoweth7",0.718918484625745,43.47,-119.68,40.533605,-109.523564
"Downs1","Chynoweth7",0.65260081308225,46.38145,-119.430272,40.533605,-109.523564
"Downs2","Chynoweth7",0.669629788723512,46.25045,-119.53334,40.533605,-109.523564
"Downs3","Chynoweth7",0.635005790642786,45.9663,-120.3671,40.533605,-109.523564
"Fleishman1","Chynoweth7",0.735167838005209,38.47,-119.49,40.533605,-109.523564
"Fleishman5","Chynoweth7",0.665277985133572,39.12,-117.27,40.533605,-109.523564
"Fleishman7","Chynoweth7",0.659926139853465,39.17,-117.44,40.533605,-109.523564
"Getts1","Chynoweth7",0.65220828371917,41.17,-120.5,40.533605,-109.523564
"Getts3","Chynoweth7",0.686494676794,40.43,-120.67,40.533605,-109.523564
"Holdrege1","Chynoweth7",0.665695161233941,41.61,-111.57,40.533605,-109.523564
"Hufft1","Chynoweth7",0.65960006173999,38.6701,-108.3286,40.533605,-109.523564
"Lavin1","Chynoweth7",0.704179626734789,44.68,-109.07,40.533605,-109.523564
"Lavin2","Chynoweth7",0.665813338234178,45.67,-111.03,40.533605,-109.523564
"Lee1","Chynoweth7",0.620302912266728,36.82340833,-116.0163889,40.533605,-109.523564
"Lee2","Chynoweth7",0.611977169907486,35.3984,-115.7845,40.533605,-109.523564
"Lee3","Chynoweth7",0.620103452494581,36.5247,-115.8987,40.533605,-109.523564
"Lee4","Chynoweth7",0.614974213631271,35.4564,-115.52,40.533605,-109.523564
"Leger1","Chynoweth7",0.623933083215646,39.49,-119.84,40.533605,-109.523564
"Maron1","Chynoweth7",0.726254148869053,46.68,-114.03,40.533605,-109.523564
"Maron2","Chynoweth7",0.718688064797212,46.64,-113.23,40.533605,-109.523564
"Porensky30","Chynoweth7",0.656493790466384,40.63,-105.27,40.533605,-109.523564
"Pyke3","Chynoweth7",0.674157209251401,44.60456358,-120.1924183,40.533605,-109.523564
"Pyke8","Chynoweth7",0.649093811341498,46.74830998,-119.361636,40.533605,-109.523564
"Pyke21","Chynoweth7",0.683407028234108,47.61803776,-119.6830115,40.533605,-109.523564
"Pyle1","Chynoweth7",0.736845279826065,42.35,-118.65,40.533605,-109.523564
"Pyle9","Chynoweth7",0.718655388869358,43.42,-119.62,40.533605,-109.523564
"Pyle10","Chynoweth7",0.665461076673707,43.19,-120,40.533605,-109.523564
"Pyle15","Chynoweth7",0.674868396128262,43.8,-119,40.533605,-109.523564
"Pyle17","Chynoweth7",0.664795392960098,44.36,-118.93,40.533605,-109.523564
"Pyle19","Chynoweth7",0.677398940525766,44.57,-119.65,40.533605,-109.523564
"Reed1","Chynoweth7",0.698738119728546,38.52,-109.47,40.533605,-109.523564
"Reed3","Chynoweth7",0.711213280082168,38.75,-109.79,40.533605,-109.523564
"Schupp3","Chynoweth7",0.687064083169799,38.6,-113.79,40.533605,-109.523564
"Schupp4","Chynoweth7",0.999333446520606,38.52,-113.55,40.533605,-109.523564
"Schupp5","Chynoweth7",0.818029251945708,39.11,-112.74,40.533605,-109.523564
"Symstad1","Chynoweth7",0.670159011078805,44.59,-104.71,40.533605,-109.523564
"Symstad2","Chynoweth7",0.657492154575483,43.87,-103.46,40.533605,-109.523564
"Symstad3","Chynoweth7",0.732151733314986,43.62,-103.47,40.533605,-109.523564
"Urza2","Chynoweth7",0.717760849755005,40.84,-119.56,40.533605,-109.523564
"Wilcox2","Chynoweth7",0.658618309947652,41.31,-105.66,40.533605,-109.523564
"Chynoweth2","Chynoweth7",0.665717233688251,40.29092,-109.68361,40.533605,-109.523564
"Chynoweth3","Chynoweth7",0.658891675657179,39.83576,-109.61202,40.533605,-109.523564
"Chynoweth5","Chynoweth7",0.681181429793184,40.480805,-109.438229,40.533605,-109.523564
"Chynoweth7","Chynoweth7",0.999999999999999,40.533605,-109.523564,40.533605,-109.523564
"Chynoweth8","Chynoweth7",0.665263833360972,40.640878,-109.48689,40.533605,-109.523564
"Shriver2","Chynoweth7",0.665945873252694,48,-114.04,40.533605,-109.523564
"Davies03","Chynoweth7",0.658610069209948,42.68,-118.68,40.533605,-109.523564
"GerminoBOP1","Chynoweth7",0.860304542749905,43.4720833,-116.2338306,40.533605,-109.523564
"Mancillas01","Chynoweth7",0.697491469197113,32.368,-106.56,40.533605,-109.523564
"Boise_High 2022","Chynoweth7",0.758891103289779,NA,NA,40.533605,-109.523564
"Boise_Low 2022","Chynoweth7",0.74398074102567,NA,NA,40.533605,-109.523564
"CG PASTURE 2022","Chynoweth7",0.781837661705118,NA,NA,40.533605,-109.523564
"CaseAoyamaS1 2022","Chynoweth7",0.764780660641845,NA,NA,40.533605,-109.523564
"CastValley 2021","Chynoweth7",0.791657259308836,NA,NA,40.533605,-109.523564
"EOARC 2022","Chynoweth7",0.764447344577723,NA,NA,40.533605,-109.523564
"EnsingS1 SuRDC 2022","Chynoweth7",0.797581202694263,NA,NA,40.533605,-109.523564
"EnsingS2 Summerland-Princeton 2022","Chynoweth7",0.747682828211469,NA,NA,40.533605,-109.523564
"EnsingS3 Bear Creek 2022","Chynoweth7",0.748109317227074,NA,NA,40.533605,-109.523564
"EnsingS4 Lundbom 2022","Chynoweth7",0.75044411906543,NA,NA,40.533605,-109.523564
"FAR NORTH CPER 2022","Chynoweth7",0.787652113524933,NA,NA,40.533605,-109.523564
"FtK_Cottonwood_Coulee 2021","Chynoweth7",0.790323481325467,NA,NA,40.533605,-109.523564
"FtK_Lone_Pine 2021","Chynoweth7",0.790727401042277,NA,NA,40.533605,-109.523564
"GoeblS1 2024","Chynoweth7",0.767353680225192,NA,NA,40.533605,-109.523564
"GreenCanyon 2021","Chynoweth7",0.807307759638792,NA,NA,40.533605,-109.523564
"HPGRS AGCR 2022","Chynoweth7",0.782040507294413,NA,NA,40.533605,-109.523564
"HardwareRanch 2022","Chynoweth7",0.796219926671442,NA,NA,40.533605,-109.523564
"K1_vanDiepen 2022","Chynoweth7",0.783301659310577,NA,NA,40.533605,-109.523564
"L1_vanDiepen 2022","Chynoweth7",0.791372233530499,NA,NA,40.533605,-109.523564
"MPG_IR 2021","Chynoweth7",0.799213197992434,NA,NA,40.533605,-109.523564
"MPG_SR 2021","Chynoweth7",0.80036343475261,NA,NA,40.533605,-109.523564
"MPG_TH 2021","Chynoweth7",0.80001511230387,NA,NA,40.533605,-109.523564
"NEAR 4WAY CPER 2022","Chynoweth7",0.788387934041944,NA,NA,40.533605,-109.523564
"NEAR HQ CPER 2022","Chynoweth7",0.787639590144355,NA,NA,40.533605,-109.523564
"NEAR NUTNET 2022","Chynoweth7",0.787723443255698,NA,NA,40.533605,-109.523564
"OttS1 2022","Chynoweth7",0.785481957925338,NA,NA,40.533605,-109.523564
"PMR- Brome 2021","Chynoweth7",0.770017802216046,NA,NA,40.533605,-109.523564
"Pearlwise 2024","Chynoweth7",0.775643627860677,NA,NA,40.533605,-109.523564
"Peavine 2022","Chynoweth7",0.735484895626144,NA,NA,40.533605,-109.523564
"Plymouth 2022","Chynoweth7",0.732913171608936,NA,NA,40.533605,-109.523564
"RedBluff 2023","Chynoweth7",0.778833136683894,NA,NA,40.533605,-109.523564
"Rush_Valley 2022","Chynoweth7",0.798660514577837,NA,NA,40.533605,-109.523564
"SSHQ 2022","Chynoweth7",0.810208796941363,NA,NA,40.533605,-109.523564
"SSHigh 2022","Chynoweth7",0.799441913189363,NA,NA,40.533605,-109.523564
"SouthEden 2022","Chynoweth7",0.796589403351531,NA,NA,40.533605,-109.523564
"Symstad1 2021","Chynoweth7",0.793076671254265,NA,NA,40.533605,-109.523564
"Symstad2 2022","Chynoweth7",0.79406614103114,NA,NA,40.533605,-109.523564
"TB FIRE 2022","Chynoweth7",0.786553732701508,NA,NA,40.533605,-109.523564
"TB LC Control 2022","Chynoweth7",0.786771571653531,NA,NA,40.533605,-109.523564
"TB PRAIRIE DOG 2022","Chynoweth7",0.786673627531123,NA,NA,40.533605,-109.523564
"Woodruff 2022","Chynoweth7",0.803981734172003,NA,NA,40.533605,-109.523564
"dino 2024","Chynoweth7",0.826558891634139,NA,NA,40.533605,-109.523564
"AAFC4","Chynoweth8",0.661479948048508,50.08,-120.65,40.640878,-109.48689
"AAFC5","Chynoweth8",0.648325125829289,50.09,-120.45,40.640878,-109.48689
"AAFC6","Chynoweth8",0.672530744150971,50.09,-120.75,40.640878,-109.48689
"AAFC8","Chynoweth8",0.656342115529946,49.57,-120.55,40.640878,-109.48689
"AAFC9","Chynoweth8",0.636096679963488,49.62,-119.8,40.640878,-109.48689
"AAFC10","Chynoweth8",0.636236228955262,49.71,-120.05,40.640878,-109.48689
"Adler5","Chynoweth8",0.642787700838014,40.79,-111.87,40.640878,-109.48689
"Schupp2","Chynoweth8",0.778639201147883,40.2,-112.46,40.640878,-109.48689
"Schupp1","Chynoweth8",0.742394138238702,39.85,-112.15,40.640878,-109.48689
"Adler13","Chynoweth8",0.677104992908118,41.44,-111.08,40.640878,-109.48689
"Adler16","Chynoweth8",0.652330161960304,41.78,-110.2,40.640878,-109.48689
"Adler17","Chynoweth8",0.652523948853553,41.44,-110.11,40.640878,-109.48689
"Adler18","Chynoweth8",0.742992295795638,40.86,-114.22,40.640878,-109.48689
"Barnett1","Chynoweth8",0.629501992428934,43.48,-110.74,40.640878,-109.48689
"Baughman3","Chynoweth8",0.653901254162458,42.81,-118.96,40.640878,-109.48689
"Baughman2","Chynoweth8",0.690068038138552,43.05,-118.87,40.640878,-109.48689
"Chynoweth1","Chynoweth8",0.664838497250518,39.76604,-109.5635,40.640878,-109.48689
"Board1","Chynoweth8",0.625389082958067,38.84,-117.57,40.640878,-109.48689
"Bradford1","Chynoweth8",0.62496020962869,35.23,-111.62,40.640878,-109.48689
"Chambers1","Chynoweth8",0.61892726142153,39.55,-119.58,40.640878,-109.48689
"Chambers2","Chynoweth8",0.613247656415254,39.95,-118.76,40.640878,-109.48689
"Urza1","Chynoweth8",0.613399804703668,40.35,-119.34,40.640878,-109.48689
"Chambers4","Chynoweth8",0.613272018888958,41.31,-117.63,40.640878,-109.48689
"Chambers5","Chynoweth8",0.609148627756752,41.54,-117.75,40.640878,-109.48689
"Chambers6","Chynoweth8",0.60912366310848,41.54,-117.78,40.640878,-109.48689
"Chambers7","Chynoweth8",0.670551879533692,43.94,-116.19,40.640878,-109.48689
"Chambers8","Chynoweth8",0.760820754981231,42.24,-114.57,40.640878,-109.48689
"Chambers9","Chynoweth8",0.664886809766438,40.66,-116.73,40.640878,-109.48689
"Copeland1","Chynoweth8",0.664891001751142,43.7,-117.33,40.640878,-109.48689
"Copeland5","Chynoweth8",0.63209553514485,42.27,-118.71,40.640878,-109.48689
"Copeland9","Chynoweth8",0.652474297769237,43.47,-119.68,40.640878,-109.48689
"Downs1","Chynoweth8",0.657126076401305,46.38145,-119.430272,40.640878,-109.48689
"Downs2","Chynoweth8",0.653000801262256,46.25045,-119.53334,40.640878,-109.48689
"Downs3","Chynoweth8",0.613368102815453,45.9663,-120.3671,40.640878,-109.48689
"Fleishman1","Chynoweth8",0.664233339858653,38.47,-119.49,40.640878,-109.48689
"Fleishman5","Chynoweth8",0.999684212705233,39.12,-117.27,40.640878,-109.48689
"Fleishman7","Chynoweth8",0.625454907984465,39.17,-117.44,40.640878,-109.48689
"Getts1","Chynoweth8",0.632837021746655,41.17,-120.5,40.640878,-109.48689
"Getts3","Chynoweth8",0.636922550132265,40.43,-120.67,40.640878,-109.48689
"Holdrege1","Chynoweth8",0.629300850739762,41.61,-111.57,40.640878,-109.48689
"Hufft1","Chynoweth8",0.683617208330614,38.6701,-108.3286,40.640878,-109.48689
"Lavin1","Chynoweth8",0.699158197979669,44.68,-109.07,40.640878,-109.48689
"Lavin2","Chynoweth8",0.658254360836557,45.67,-111.03,40.640878,-109.48689
"Lee1","Chynoweth8",0.61327748395192,36.82340833,-116.0163889,40.640878,-109.48689
"Lee2","Chynoweth8",0.604861179016248,35.3984,-115.7845,40.640878,-109.48689
"Lee3","Chynoweth8",0.613127471985807,36.5247,-115.8987,40.640878,-109.48689
"Lee4","Chynoweth8",0.606737418297865,35.4564,-115.52,40.640878,-109.48689
"Leger1","Chynoweth8",0.613997928833222,39.49,-119.84,40.640878,-109.48689
"Maron1","Chynoweth8",0.665645155195371,46.68,-114.03,40.640878,-109.48689
"Maron2","Chynoweth8",0.65224413865906,46.64,-113.23,40.640878,-109.48689
"Porensky30","Chynoweth8",0.643267759507141,40.63,-105.27,40.640878,-109.48689
"Pyke3","Chynoweth8",0.643146445433784,44.60456358,-120.1924183,40.640878,-109.48689
"Pyke8","Chynoweth8",0.654859969134497,46.74830998,-119.361636,40.640878,-109.48689
"Pyke21","Chynoweth8",0.660830642355592,47.61803776,-119.6830115,40.640878,-109.48689
"Pyle1","Chynoweth8",0.843240172153928,42.35,-118.65,40.640878,-109.48689
"Pyle9","Chynoweth8",0.652258359296435,43.42,-119.62,40.640878,-109.48689
"Pyle10","Chynoweth8",0.99969542276192,43.19,-120,40.640878,-109.48689
"Pyle15","Chynoweth8",0.644422078140398,43.8,-119,40.640878,-109.48689
"Pyle17","Chynoweth8",0.647290584856243,44.36,-118.93,40.640878,-109.48689
"Pyle19","Chynoweth8",0.655187963023053,44.57,-119.65,40.640878,-109.48689
"Reed1","Chynoweth8",0.668903988714864,38.52,-109.47,40.640878,-109.48689
"Reed3","Chynoweth8",0.657007201353799,38.75,-109.79,40.640878,-109.48689
"Schupp3","Chynoweth8",0.70811358310013,38.6,-113.79,40.640878,-109.48689
"Schupp4","Chynoweth8",0.664748400743843,38.52,-113.55,40.640878,-109.48689
"Schupp5","Chynoweth8",0.659720726651761,39.11,-112.74,40.640878,-109.48689
"Symstad1","Chynoweth8",0.673035822360935,44.59,-104.71,40.640878,-109.48689
"Symstad2","Chynoweth8",0.646642913843899,43.87,-103.46,40.640878,-109.48689
"Symstad3","Chynoweth8",0.674756635747777,43.62,-103.47,40.640878,-109.48689
"Urza2","Chynoweth8",0.655808930330742,40.84,-119.56,40.640878,-109.48689
"Wilcox2","Chynoweth8",0.677983453065955,41.31,-105.66,40.640878,-109.48689
"Chynoweth2","Chynoweth8",0.999437182255573,40.29092,-109.68361,40.640878,-109.48689
"Chynoweth3","Chynoweth8",0.678275502897371,39.83576,-109.61202,40.640878,-109.48689
"Chynoweth5","Chynoweth8",0.918435368805091,40.480805,-109.438229,40.640878,-109.48689
"Chynoweth7","Chynoweth8",0.665263833360972,40.533605,-109.523564,40.640878,-109.48689
"Chynoweth8","Chynoweth8",1,40.640878,-109.48689,40.640878,-109.48689
"Shriver2","Chynoweth8",0.629515758500277,48,-114.04,40.640878,-109.48689
"Davies03","Chynoweth8",0.62514367073008,42.68,-118.68,40.640878,-109.48689
"GerminoBOP1","Chynoweth8",0.673566217927501,43.4720833,-116.2338306,40.640878,-109.48689
"Mancillas01","Chynoweth8",0.664095664086498,32.368,-106.56,40.640878,-109.48689
"Boise_High 2022","Chynoweth8",0.728383409696226,NA,NA,40.640878,-109.48689
"Boise_Low 2022","Chynoweth8",0.730058731722984,NA,NA,40.640878,-109.48689
"CG PASTURE 2022","Chynoweth8",0.765477721914746,NA,NA,40.640878,-109.48689
"CaseAoyamaS1 2022","Chynoweth8",0.744277095222359,NA,NA,40.640878,-109.48689
"CastValley 2021","Chynoweth8",0.766917665931508,NA,NA,40.640878,-109.48689
"EOARC 2022","Chynoweth8",0.74282338066298,NA,NA,40.640878,-109.48689
"EnsingS1 SuRDC 2022","Chynoweth8",0.759471604102103,NA,NA,40.640878,-109.48689
"EnsingS2 Summerland-Princeton 2022","Chynoweth8",0.714160265354742,NA,NA,40.640878,-109.48689
"EnsingS3 Bear Creek 2022","Chynoweth8",0.718720354254625,NA,NA,40.640878,-109.48689
"EnsingS4 Lundbom 2022","Chynoweth8",0.722261770296069,NA,NA,40.640878,-109.48689
"FAR NORTH CPER 2022","Chynoweth8",0.777833891497932,NA,NA,40.640878,-109.48689
"FtK_Cottonwood_Coulee 2021","Chynoweth8",0.786228343822616,NA,NA,40.640878,-109.48689
"FtK_Lone_Pine 2021","Chynoweth8",0.78789280934962,NA,NA,40.640878,-109.48689
"GoeblS1 2024","Chynoweth8",0.749920104061504,NA,NA,40.640878,-109.48689
"GreenCanyon 2021","Chynoweth8",0.765523757902297,NA,NA,40.640878,-109.48689
"HPGRS AGCR 2022","Chynoweth8",0.766607637303337,NA,NA,40.640878,-109.48689
"HardwareRanch 2022","Chynoweth8",0.754358881916588,NA,NA,40.640878,-109.48689
"K1_vanDiepen 2022","Chynoweth8",0.739196209989967,NA,NA,40.640878,-109.48689
"L1_vanDiepen 2022","Chynoweth8",0.768161814250446,NA,NA,40.640878,-109.48689
"MPG_IR 2021","Chynoweth8",0.754540621551056,NA,NA,40.640878,-109.48689
"MPG_SR 2021","Chynoweth8",0.75707294768154,NA,NA,40.640878,-109.48689
"MPG_TH 2021","Chynoweth8",0.755929537858331,NA,NA,40.640878,-109.48689
"NEAR 4WAY CPER 2022","Chynoweth8",0.779202116490794,NA,NA,40.640878,-109.48689
"NEAR HQ CPER 2022","Chynoweth8",0.776858403787205,NA,NA,40.640878,-109.48689
"NEAR NUTNET 2022","Chynoweth8",0.778113358710399,NA,NA,40.640878,-109.48689
"OttS1 2022","Chynoweth8",0.771843946240943,NA,NA,40.640878,-109.48689
"PMR- Brome 2021","Chynoweth8",0.745454227793805,NA,NA,40.640878,-109.48689
"Pearlwise 2024","Chynoweth8",0.747688217951724,NA,NA,40.640878,-109.48689
"Peavine 2022","Chynoweth8",0.707220975427736,NA,NA,40.640878,-109.48689
"Plymouth 2022","Chynoweth8",0.714703307276629,NA,NA,40.640878,-109.48689
"RedBluff 2023","Chynoweth8",0.754359117159615,NA,NA,40.640878,-109.48689
"Rush_Valley 2022","Chynoweth8",0.764964506303415,NA,NA,40.640878,-109.48689
"SSHQ 2022","Chynoweth8",0.778307515599143,NA,NA,40.640878,-109.48689
"SSHigh 2022","Chynoweth8",0.758524896745101,NA,NA,40.640878,-109.48689
"SouthEden 2022","Chynoweth8",0.758935260898445,NA,NA,40.640878,-109.48689
"Symstad1 2021","Chynoweth8",0.776660511258087,NA,NA,40.640878,-109.48689
"Symstad2 2022","Chynoweth8",0.778275942580632,NA,NA,40.640878,-109.48689
"TB FIRE 2022","Chynoweth8",0.779588003674245,NA,NA,40.640878,-109.48689
"TB LC Control 2022","Chynoweth8",0.780162492572494,NA,NA,40.640878,-109.48689
"TB PRAIRIE DOG 2022","Chynoweth8",0.779986659369697,NA,NA,40.640878,-109.48689
"Woodruff 2022","Chynoweth8",0.770502484585226,NA,NA,40.640878,-109.48689
"dino 2024","Chynoweth8",0.799101954446603,NA,NA,40.640878,-109.48689
"AAFC4","Shriver2",0.669997630540757,50.08,-120.65,48,-114.04
"AAFC5","Shriver2",0.704299328675861,50.09,-120.45,48,-114.04
"AAFC6","Shriver2",0.64993556796939,50.09,-120.75,48,-114.04
"AAFC8","Shriver2",0.696257317845135,49.57,-120.55,48,-114.04
"AAFC9","Shriver2",0.701427500842334,49.62,-119.8,48,-114.04
"AAFC10","Shriver2",0.701522354684615,49.71,-120.05,48,-114.04
"Adler5","Shriver2",0.791310095972686,40.79,-111.87,48,-114.04
"Schupp2","Shriver2",0.647371615439025,40.2,-112.46,48,-114.04
"Schupp1","Shriver2",0.650459574676229,39.85,-112.15,48,-114.04
"Adler13","Shriver2",0.647918942828966,41.44,-111.08,48,-114.04
"Adler16","Shriver2",0.666852209623315,41.78,-110.2,48,-114.04
"Adler17","Shriver2",0.667034087569071,41.44,-110.11,48,-114.04
"Adler18","Shriver2",0.765864802209661,40.86,-114.22,48,-114.04
"Barnett1","Shriver2",0.999636738783503,43.48,-110.74,48,-114.04
"Baughman3","Shriver2",0.698127824243188,42.81,-118.96,48,-114.04
"Baughman2","Shriver2",0.666726513827565,43.05,-118.87,48,-114.04
"Chynoweth1","Shriver2",0.665578964088903,39.76604,-109.5635,48,-114.04
"Board1","Shriver2",0.700640271106734,38.84,-117.57,48,-114.04
"Bradford1","Shriver2",0.700153352233198,35.23,-111.62,48,-114.04
"Chambers1","Shriver2",0.623861972330547,39.55,-119.58,48,-114.04
"Chambers2","Shriver2",0.61787343600982,39.95,-118.76,48,-114.04
"Urza1","Shriver2",0.617990220496729,40.35,-119.34,48,-114.04
"Chambers4","Shriver2",0.617807516319263,41.31,-117.63,48,-114.04
"Chambers5","Shriver2",0.613587953433783,41.54,-117.75,48,-114.04
"Chambers6","Shriver2",0.613533942405264,41.54,-117.78,48,-114.04
"Chambers7","Shriver2",0.675820455690709,43.94,-116.19,48,-114.04
"Chambers8","Shriver2",0.741064751924646,42.24,-114.57,48,-114.04
"Chambers9","Shriver2",0.665603583496814,40.66,-116.73,48,-114.04
"Copeland1","Shriver2",0.665624886336576,43.7,-117.33,48,-114.04
"Copeland5","Shriver2",0.863935147489819,42.27,-118.71,48,-114.04
"Copeland9","Shriver2",0.667144763505782,43.47,-119.68,48,-114.04
"Downs1","Shriver2",0.657574675685235,46.38145,-119.430272,48,-114.04
"Downs2","Shriver2",0.694016854944696,46.25045,-119.53334,48,-114.04
"Downs3","Shriver2",0.63711453211041,45.9663,-120.3671,48,-114.04
"Fleishman1","Shriver2",0.685026116067329,38.47,-119.49,48,-114.04
"Fleishman5","Shriver2",0.629547111309189,39.12,-117.27,48,-114.04
"Fleishman7","Shriver2",0.73505247246988,39.17,-117.44,48,-114.04
"Getts1","Shriver2",0.652755062426403,41.17,-120.5,48,-114.04
"Getts3","Shriver2",0.838958347078403,40.43,-120.67,48,-114.04
"Holdrege1","Shriver2",0.999583236249707,41.61,-111.57,48,-114.04
"Hufft1","Shriver2",0.632087179185948,38.6701,-108.3286,48,-114.04
"Lavin1","Shriver2",0.664524157997264,44.68,-109.07,48,-114.04
"Lavin2","Shriver2",0.679917541621405,45.67,-111.03,48,-114.04
"Lee1","Shriver2",0.617870391423502,36.82340833,-116.0163889,48,-114.04
"Lee2","Shriver2",0.609600567656486,35.3984,-115.7845,48,-114.04
"Lee3","Shriver2",0.617820273934151,36.5247,-115.8987,48,-114.04
"Lee4","Shriver2",0.61469172570306,35.4564,-115.52,48,-114.04
"Leger1","Shriver2",0.665861847113125,39.49,-119.84,48,-114.04
"Maron1","Shriver2",0.671722539864716,46.68,-114.03,48,-114.04
"Maron2","Shriver2",0.666858478027025,46.64,-113.23,48,-114.04
"Porensky30","Shriver2",0.671733528982772,40.63,-105.27,48,-114.04
"Pyke3","Shriver2",0.78624974548809,44.60456358,-120.1924183,48,-114.04
"Pyke8","Shriver2",0.620911768595629,46.74830998,-119.361636,48,-114.04
"Pyke21","Shriver2",0.75563679178727,47.61803776,-119.6830115,48,-114.04
"Pyle1","Shriver2",0.776096448761056,42.35,-118.65,48,-114.04
"Pyle9","Shriver2",0.66684045011826,43.42,-119.62,48,-114.04
"Pyle10","Shriver2",0.629667195208278,43.19,-120,48,-114.04
"Pyle15","Shriver2",0.759903251391007,43.8,-119,48,-114.04
"Pyle17","Shriver2",0.699760814164714,44.36,-118.93,48,-114.04
"Pyle19","Shriver2",0.633073494648463,44.57,-119.65,48,-114.04
"Reed1","Shriver2",0.670276004137286,38.52,-109.47,48,-114.04
"Reed3","Shriver2",0.643722986562206,38.75,-109.79,48,-114.04
"Schupp3","Shriver2",0.641106785352588,38.6,-113.79,48,-114.04
"Schupp4","Shriver2",0.66548101730515,38.52,-113.55,48,-114.04
"Schupp5","Shriver2",0.667296340374744,39.11,-112.74,48,-114.04
"Symstad1","Shriver2",0.661281886754029,44.59,-104.71,48,-114.04
"Symstad2","Shriver2",0.645441367118506,43.87,-103.46,48,-114.04
"Symstad3","Shriver2",0.681295751442995,43.62,-103.47,48,-114.04
"Urza2","Shriver2",0.776210588592559,40.84,-119.56,48,-114.04
"Wilcox2","Shriver2",0.623986514885519,41.31,-105.66,48,-114.04
"Chynoweth2","Shriver2",0.629849730670618,40.29092,-109.68361,48,-114.04
"Chynoweth3","Shriver2",0.624247015801434,39.83576,-109.61202,48,-114.04
"Chynoweth5","Shriver2",0.642418142370216,40.480805,-109.438229,48,-114.04
"Chynoweth7","Shriver2",0.665945873252694,40.533605,-109.523564,48,-114.04
"Chynoweth8","Shriver2",0.629515758500277,40.640878,-109.48689,48,-114.04
"Shriver2","Shriver2",1,48,-114.04,48,-114.04
"Davies03","Shriver2",0.700413246104663,42.68,-118.68,48,-114.04
"GerminoBOP1","Shriver2",0.659724452315083,43.4720833,-116.2338306,48,-114.04
"Mancillas01","Shriver2",0.639228133464911,32.368,-106.56,48,-114.04
"Boise_High 2022","Shriver2",0.808799580656805,NA,NA,48,-114.04
"Boise_Low 2022","Shriver2",0.758815633960015,NA,NA,48,-114.04
"CG PASTURE 2022","Shriver2",0.786409338306482,NA,NA,48,-114.04
"CaseAoyamaS1 2022","Shriver2",0.79904666734613,NA,NA,48,-114.04
"CastValley 2021","Shriver2",0.722539414033691,NA,NA,48,-114.04
"EOARC 2022","Shriver2",0.801238566049258,NA,NA,48,-114.04
"EnsingS1 SuRDC 2022","Shriver2",0.799316269357619,NA,NA,48,-114.04
"EnsingS2 Summerland-Princeton 2022","Shriver2",0.820691436418199,NA,NA,48,-114.04
"EnsingS3 Bear Creek 2022","Shriver2",0.804994661320234,NA,NA,48,-114.04
"EnsingS4 Lundbom 2022","Shriver2",0.817170223396105,NA,NA,48,-114.04
"FAR NORTH CPER 2022","Shriver2",0.774338387769571,NA,NA,48,-114.04
"FtK_Cottonwood_Coulee 2021","Shriver2",0.77570452708046,NA,NA,48,-114.04
"FtK_Lone_Pine 2021","Shriver2",0.773396164308222,NA,NA,48,-114.04
"GoeblS1 2024","Shriver2",0.771947747808035,NA,NA,48,-114.04
"GreenCanyon 2021","Shriver2",0.799567722917994,NA,NA,48,-114.04
"HPGRS AGCR 2022","Shriver2",0.785409997202672,NA,NA,48,-114.04
"HardwareRanch 2022","Shriver2",0.807289706204089,NA,NA,48,-114.04
"K1_vanDiepen 2022","Shriver2",0.801495801534628,NA,NA,48,-114.04
"L1_vanDiepen 2022","Shriver2",0.791485754169831,NA,NA,48,-114.04
"MPG_IR 2021","Shriver2",0.801192404470294,NA,NA,48,-114.04
"MPG_SR 2021","Shriver2",0.800422946838682,NA,NA,48,-114.04
"MPG_TH 2021","Shriver2",0.800794010941332,NA,NA,48,-114.04
"NEAR 4WAY CPER 2022","Shriver2",0.772150099354466,NA,NA,48,-114.04
"NEAR HQ CPER 2022","Shriver2",0.775008042639258,NA,NA,48,-114.04
"NEAR NUTNET 2022","Shriver2",0.77363705867068,NA,NA,48,-114.04
"OttS1 2022","Shriver2",0.785029796712646,NA,NA,48,-114.04
"PMR- Brome 2021","Shriver2",0.796611060553983,NA,NA,48,-114.04
"Pearlwise 2024","Shriver2",0.791978716674542,NA,NA,48,-114.04
"Peavine 2022","Shriver2",0.783843370850252,NA,NA,48,-114.04
"Plymouth 2022","Shriver2",0.762456883708387,NA,NA,48,-114.04
"RedBluff 2023","Shriver2",0.797774298109844,NA,NA,48,-114.04
"Rush_Valley 2022","Shriver2",0.78207619965151,NA,NA,48,-114.04
"SSHQ 2022","Shriver2",0.788917151684857,NA,NA,48,-114.04
"SSHigh 2022","Shriver2",0.796393573304632,NA,NA,48,-114.04
"SouthEden 2022","Shriver2",0.804289616768591,NA,NA,48,-114.04
"Symstad1 2021","Shriver2",0.778154266198943,NA,NA,48,-114.04
"Symstad2 2022","Shriver2",0.777166273231457,NA,NA,48,-114.04
"TB FIRE 2022","Shriver2",0.779869999272328,NA,NA,48,-114.04
"TB LC Control 2022","Shriver2",0.779220141098917,NA,NA,48,-114.04
"TB PRAIRIE DOG 2022","Shriver2",0.779431912676643,NA,NA,48,-114.04
"Woodruff 2022","Shriver2",0.797576277479315,NA,NA,48,-114.04
"dino 2024","Shriver2",0.754321777506444,NA,NA,48,-114.04
"AAFC4","Davies03",0.679904075185433,50.08,-120.65,42.68,-118.68
"AAFC5","Davies03",0.721571576930309,50.09,-120.45,42.68,-118.68
"AAFC6","Davies03",0.655520810005618,50.09,-120.75,42.68,-118.68
"AAFC8","Davies03",0.684433872137182,49.57,-120.55,42.68,-118.68
"AAFC9","Davies03",0.69409626684047,49.62,-119.8,42.68,-118.68
"AAFC10","Davies03",0.694100195154707,49.71,-120.05,42.68,-118.68
"Adler5","Davies03",0.706886072385394,40.79,-111.87,42.68,-118.68
"Schupp2","Davies03",0.668693644223483,40.2,-112.46,42.68,-118.68
"Schupp1","Davies03",0.647909508570952,39.85,-112.15,42.68,-118.68
"Adler13","Davies03",0.65403050689771,41.44,-111.08,42.68,-118.68
"Adler16","Davies03",0.680025059711385,41.78,-110.2,42.68,-118.68
"Adler17","Davies03",0.680244119691931,41.44,-110.11,42.68,-118.68
"Adler18","Davies03",0.662728044402906,40.86,-114.22,42.68,-118.68
"Barnett1","Davies03",0.700375524998125,43.48,-110.74,42.68,-118.68
"Baughman3","Davies03",0.689709819205672,42.81,-118.96,42.68,-118.68
"Baughman2","Davies03",0.664507532668081,43.05,-118.87,42.68,-118.68
"Chynoweth1","Davies03",0.658207640439411,39.76604,-109.5635,42.68,-118.68
"Board1","Davies03",0.999534882011514,38.84,-117.57,42.68,-118.68
"Bradford1","Davies03",0.999509480735919,35.23,-111.62,42.68,-118.68
"Chambers1","Davies03",0.616920676871896,39.55,-119.58,42.68,-118.68
"Chambers2","Davies03",0.610816864993102,39.95,-118.76,42.68,-118.68
"Urza1","Davies03",0.610891663940476,40.35,-119.34,42.68,-118.68
"Chambers4","Davies03",0.610780522133822,41.31,-117.63,42.68,-118.68
"Chambers5","Davies03",0.606660144669636,41.54,-117.75,42.68,-118.68
"Chambers6","Davies03",0.606666269448436,41.54,-117.78,42.68,-118.68
"Chambers7","Davies03",0.667591084180462,43.94,-116.19,42.68,-118.68
"Chambers8","Davies03",0.673713361466188,42.24,-114.57,42.68,-118.68
"Chambers9","Davies03",0.65827347664148,40.66,-116.73,42.68,-118.68
"Copeland1","Davies03",0.65830233439482,43.7,-117.33,42.68,-118.68
"Copeland5","Davies03",0.770954563524186,42.27,-118.71,42.68,-118.68
"Copeland9","Davies03",0.680240609271993,43.47,-119.68,42.68,-118.68
"Downs1","Davies03",0.65619617936938,46.38145,-119.430272,42.68,-118.68
"Downs2","Davies03",0.700584182423746,46.25045,-119.53334,42.68,-118.68
"Downs3","Davies03",0.626580905874527,45.9663,-120.3671,42.68,-118.68
"Fleishman1","Davies03",0.674228970951918,38.47,-119.49,42.68,-118.68
"Fleishman5","Davies03",0.625134626933958,39.12,-117.27,42.68,-118.68
"Fleishman7","Davies03",0.847547281567648,39.17,-117.44,42.68,-118.68
"Getts1","Davies03",0.643485411717736,41.17,-120.5,42.68,-118.68
"Getts3","Davies03",0.775308865696267,40.43,-120.67,42.68,-118.68
"Holdrege1","Davies03",0.700163345148257,41.61,-111.57,42.68,-118.68
"Hufft1","Davies03",0.63801549737092,38.6701,-108.3286,42.68,-118.68
"Lavin1","Davies03",0.661605413347439,44.68,-109.07,42.68,-118.68
"Lavin2","Davies03",0.704582093196239,45.67,-111.03,42.68,-118.68
"Lee1","Davies03",0.610788451397676,36.82340833,-116.0163889,42.68,-118.68
"Lee2","Davies03",0.603170248756948,35.3984,-115.7845,42.68,-118.68
"Lee3","Davies03",0.61075260136666,36.5247,-115.8987,42.68,-118.68
"Lee4","Davies03",0.610751224016816,35.4564,-115.52,42.68,-118.68
"Leger1","Davies03",0.679526021240524,39.49,-119.84,42.68,-118.68
"Maron1","Davies03",0.673804521977972,46.68,-114.03,42.68,-118.68
"Maron2","Davies03",0.680069213560109,46.64,-113.23,42.68,-118.68
"Porensky30","Davies03",0.678204247942501,40.63,-105.27,42.68,-118.68
"Pyke3","Davies03",0.753769380608991,44.60456358,-120.1924183,42.68,-118.68
"Pyke8","Davies03",0.619691701763274,46.74830998,-119.361636,42.68,-118.68
"Pyke21","Davies03",0.680330981436021,47.61803776,-119.6830115,42.68,-118.68
"Pyle1","Davies03",0.7733963018709,42.35,-118.65,42.68,-118.68
"Pyle9","Davies03",0.679954102770227,43.42,-119.62,42.68,-118.68
"Pyle10","Davies03",0.625242071291968,43.19,-120,42.68,-118.68
"Pyle15","Davies03",0.733446280861775,43.8,-119,42.68,-118.68
"Pyle17","Davies03",0.706780974975142,44.36,-118.93,42.68,-118.68
"Pyle19","Davies03",0.641085429361453,44.57,-119.65,42.68,-118.68
"Reed1","Davies03",0.660651157154704,38.52,-109.47,42.68,-118.68
"Reed3","Davies03",0.652687926130854,38.75,-109.79,42.68,-118.68
"Schupp3","Davies03",0.641321215636004,38.6,-113.79,42.68,-118.68
"Schupp4","Davies03",0.658146455358971,38.52,-113.55,42.68,-118.68
"Schupp5","Davies03",0.671973678148935,39.11,-112.74,42.68,-118.68
"Symstad1","Davies03",0.651482338863192,44.59,-104.71,42.68,-118.68
"Symstad2","Davies03",0.657765911704841,43.87,-103.46,42.68,-118.68
"Symstad3","Davies03",0.677922436056236,43.62,-103.47,42.68,-118.68
"Urza2","Davies03",0.714923199587506,40.84,-119.56,42.68,-118.68
"Wilcox2","Davies03",0.622086021913958,41.31,-105.66,42.68,-118.68
"Chynoweth2","Davies03",0.625441914213914,40.29092,-109.68361,42.68,-118.68
"Chynoweth3","Davies03",0.622368759421238,39.83576,-109.61202,42.68,-118.68
"Chynoweth5","Davies03",0.646970471765195,40.480805,-109.438229,42.68,-118.68
"Chynoweth7","Davies03",0.658610069209948,40.533605,-109.523564,42.68,-118.68
"Chynoweth8","Davies03",0.62514367073008,40.640878,-109.48689,42.68,-118.68
"Shriver2","Davies03",0.700413246104663,48,-114.04,42.68,-118.68
"Davies03","Davies03",1,42.68,-118.68,42.68,-118.68
"GerminoBOP1","Davies03",0.664471753329431,43.4720833,-116.2338306,42.68,-118.68
"Mancillas01","Davies03",0.645607828075276,32.368,-106.56,42.68,-118.68
"Boise_High 2022","Davies03",0.80376120672837,NA,NA,42.68,-118.68
"Boise_Low 2022","Davies03",0.728167649299092,NA,NA,42.68,-118.68
"CG PASTURE 2022","Davies03",0.807810851798116,NA,NA,42.68,-118.68
"CaseAoyamaS1 2022","Davies03",0.783713553963016,NA,NA,42.68,-118.68
"CastValley 2021","Davies03",0.696789416860238,NA,NA,42.68,-118.68
"EOARC 2022","Davies03",0.787320446718842,NA,NA,42.68,-118.68
"EnsingS1 SuRDC 2022","Davies03",0.800843724772421,NA,NA,42.68,-118.68
"EnsingS2 Summerland-Princeton 2022","Davies03",0.811854539333622,NA,NA,42.68,-118.68
"EnsingS3 Bear Creek 2022","Davies03",0.785745971631923,NA,NA,42.68,-118.68
"EnsingS4 Lundbom 2022","Davies03",0.812289337933882,NA,NA,42.68,-118.68
"FAR NORTH CPER 2022","Davies03",0.784394424019567,NA,NA,42.68,-118.68
"FtK_Cottonwood_Coulee 2021","Davies03",0.756473123444094,NA,NA,42.68,-118.68
"FtK_Lone_Pine 2021","Davies03",0.752428069431398,NA,NA,42.68,-118.68
"GoeblS1 2024","Davies03",0.779811342798321,NA,NA,42.68,-118.68
"GreenCanyon 2021","Davies03",0.788487107850955,NA,NA,42.68,-118.68
"HPGRS AGCR 2022","Davies03",0.806079064326911,NA,NA,42.68,-118.68
"HardwareRanch 2022","Davies03",0.806171855707784,NA,NA,42.68,-118.68
"K1_vanDiepen 2022","Davies03",0.817209001160876,NA,NA,42.68,-118.68
"L1_vanDiepen 2022","Davies03",0.795708747054377,NA,NA,42.68,-118.68
"MPG_IR 2021","Davies03",0.809710984718216,NA,NA,42.68,-118.68
"MPG_SR 2021","Davies03",0.807293921151885,NA,NA,42.68,-118.68
"MPG_TH 2021","Davies03",0.808389042851348,NA,NA,42.68,-118.68
"NEAR 4WAY CPER 2022","Davies03",0.780708324124056,NA,NA,42.68,-118.68
"NEAR HQ CPER 2022","Davies03",0.786902976175566,NA,NA,42.68,-118.68
"NEAR NUTNET 2022","Davies03",0.783723306238024,NA,NA,42.68,-118.68
"OttS1 2022","Davies03",0.788999996053174,NA,NA,42.68,-118.68
"PMR- Brome 2021","Davies03",0.827390104839405,NA,NA,42.68,-118.68
"Pearlwise 2024","Davies03",0.786382951077662,NA,NA,42.68,-118.68
"Peavine 2022","Davies03",0.790487661348991,NA,NA,42.68,-118.68
"Plymouth 2022","Davies03",0.764128336221751,NA,NA,42.68,-118.68
"RedBluff 2023","Davies03",0.814573091355169,NA,NA,42.68,-118.68
"Rush_Valley 2022","Davies03",0.765084784168075,NA,NA,42.68,-118.68
"SSHQ 2022","Davies03",0.767911989523421,NA,NA,42.68,-118.68
"SSHigh 2022","Davies03",0.789670996464998,NA,NA,42.68,-118.68
"SouthEden 2022","Davies03",0.795612757281537,NA,NA,42.68,-118.68
"Symstad1 2021","Davies03",0.794644800055846,NA,NA,42.68,-118.68
"Symstad2 2022","Davies03",0.792043639195364,NA,NA,42.68,-118.68
"TB FIRE 2022","Davies03",0.770426878214121,NA,NA,42.68,-118.68
"TB LC Control 2022","Davies03",0.769137866120317,NA,NA,42.68,-118.68
"TB PRAIRIE DOG 2022","Davies03",0.769488759233557,NA,NA,42.68,-118.68
"Woodruff 2022","Davies03",0.781024100392193,NA,NA,42.68,-118.68
"dino 2024","Davies03",0.718653589068099,NA,NA,42.68,-118.68
"AAFC4","GerminoBOP1",0.698231708551901,50.08,-120.65,43.4720833,-116.2338306
"AAFC5","GerminoBOP1",0.679295817012181,50.09,-120.45,43.4720833,-116.2338306
"AAFC6","GerminoBOP1",0.72750782076122,50.09,-120.75,43.4720833,-116.2338306
"AAFC8","GerminoBOP1",0.713740054698682,49.57,-120.55,43.4720833,-116.2338306
"AAFC9","GerminoBOP1",0.668761680965535,49.62,-119.8,43.4720833,-116.2338306
"AAFC10","GerminoBOP1",0.66895842884793,49.71,-120.05,43.4720833,-116.2338306
"Adler5","GerminoBOP1",0.664974186886303,40.79,-111.87,43.4720833,-116.2338306
"Schupp2","GerminoBOP1",0.679146104044935,40.2,-112.46,43.4720833,-116.2338306
"Schupp1","GerminoBOP1",0.678156100646295,39.85,-112.15,43.4720833,-116.2338306
"Adler13","GerminoBOP1",0.763404147308775,41.44,-111.08,43.4720833,-116.2338306
"Adler16","GerminoBOP1",0.713339267580264,41.78,-110.2,43.4720833,-116.2338306
"Adler17","GerminoBOP1",0.713475302728404,41.44,-110.11,43.4720833,-116.2338306
"Adler18","GerminoBOP1",0.668252919062426,40.86,-114.22,43.4720833,-116.2338306
"Barnett1","GerminoBOP1",0.659684246436877,43.48,-110.74,43.4720833,-116.2338306
"Baughman3","GerminoBOP1",0.68669950821347,42.81,-118.96,43.4720833,-116.2338306
"Baughman2","GerminoBOP1",0.694601491195933,43.05,-118.87,43.4720833,-116.2338306
"Chynoweth1","GerminoBOP1",0.860077829302371,39.76604,-109.5635,43.4720833,-116.2338306
"Board1","GerminoBOP1",0.664711860720472,38.84,-117.57,43.4720833,-116.2338306
"Bradford1","GerminoBOP1",0.664272495475227,35.23,-111.62,43.4720833,-116.2338306
"Chambers1","GerminoBOP1",0.630204343802165,39.55,-119.58,43.4720833,-116.2338306
"Chambers2","GerminoBOP1",0.624593687872685,39.95,-118.76,43.4720833,-116.2338306
"Urza1","GerminoBOP1",0.624672538783392,40.35,-119.34,43.4720833,-116.2338306
"Chambers4","GerminoBOP1",0.624519985097034,41.31,-117.63,43.4720833,-116.2338306
"Chambers5","GerminoBOP1",0.61997305196789,41.54,-117.75,43.4720833,-116.2338306
"Chambers6","GerminoBOP1",0.620022159079194,41.54,-117.78,43.4720833,-116.2338306
"Chambers7","GerminoBOP1",0.732801203706,43.94,-116.19,43.4720833,-116.2338306
"Chambers8","GerminoBOP1",0.671747433944425,42.24,-114.57,43.4720833,-116.2338306
"Chambers9","GerminoBOP1",0.860018405952156,40.66,-116.73,43.4720833,-116.2338306
"Copeland1","GerminoBOP1",0.860131113616995,43.7,-117.33,43.4720833,-116.2338306
"Copeland5","GerminoBOP1",0.658897701240223,42.27,-118.71,43.4720833,-116.2338306
"Copeland9","GerminoBOP1",0.713510608722053,43.47,-119.68,43.4720833,-116.2338306
"Downs1","GerminoBOP1",0.660652091574303,46.38145,-119.430272,43.4720833,-116.2338306
"Downs2","GerminoBOP1",0.676795674281589,46.25045,-119.53334,43.4720833,-116.2338306
"Downs3","GerminoBOP1",0.640246672792015,45.9663,-120.3671,43.4720833,-116.2338306
"Fleishman1","GerminoBOP1",0.73741191718395,38.47,-119.49,43.4720833,-116.2338306
"Fleishman5","GerminoBOP1",0.673576572421516,39.12,-117.27,43.4720833,-116.2338306
"Fleishman7","GerminoBOP1",0.662796268021961,39.17,-117.44,43.4720833,-116.2338306
"Getts1","GerminoBOP1",0.655581856972321,41.17,-120.5,43.4720833,-116.2338306
"Getts3","GerminoBOP1",0.680317663243886,40.43,-120.67,43.4720833,-116.2338306
"Holdrege1","GerminoBOP1",0.659494917463999,41.61,-111.57,43.4720833,-116.2338306
"Hufft1","GerminoBOP1",0.667118541078604,38.6701,-108.3286,43.4720833,-116.2338306
"Lavin1","GerminoBOP1",0.720520152556907,44.68,-109.07,43.4720833,-116.2338306
"Lavin2","GerminoBOP1",0.672288849020597,45.67,-111.03,43.4720833,-116.2338306
"Lee1","GerminoBOP1",0.624618661432787,36.82340833,-116.0163889,43.4720833,-116.2338306
"Lee2","GerminoBOP1",0.615795325670327,35.3984,-115.7845,43.4720833,-116.2338306
"Lee3","GerminoBOP1",0.624426920871416,36.5247,-115.8987,43.4720833,-116.2338306
"Lee4","GerminoBOP1",0.61730846303459,35.4564,-115.52,43.4720833,-116.2338306
"Leger1","GerminoBOP1",0.62978887861437,39.49,-119.84,43.4720833,-116.2338306
"Maron1","GerminoBOP1",0.767409393045212,46.68,-114.03,43.4720833,-116.2338306
"Maron2","GerminoBOP1",0.713268790296584,46.64,-113.23,43.4720833,-116.2338306
"Porensky30","GerminoBOP1",0.660709219535735,40.63,-105.27,43.4720833,-116.2338306
"Pyke3","GerminoBOP1",0.680112184627867,44.60456358,-120.1924183,43.4720833,-116.2338306
"Pyke8","GerminoBOP1",0.656315155851317,46.74830998,-119.361636,43.4720833,-116.2338306
"Pyke21","GerminoBOP1",0.67574489746138,47.61803776,-119.6830115,43.4720833,-116.2338306
"Pyle1","GerminoBOP1",0.739259488645867,42.35,-118.65,43.4720833,-116.2338306
"Pyle9","GerminoBOP1",0.71325595461433,43.42,-119.62,43.4720833,-116.2338306
"Pyle10","GerminoBOP1",0.673741880325833,43.19,-120,43.4720833,-116.2338306
"Pyle15","GerminoBOP1",0.690060238407957,43.8,-119,43.4720833,-116.2338306
"Pyle17","GerminoBOP1",0.6699321627475,44.36,-118.93,43.4720833,-116.2338306
"Pyle19","GerminoBOP1",0.758134136293832,44.57,-119.65,43.4720833,-116.2338306
"Reed1","GerminoBOP1",0.712749883211254,38.52,-109.47,43.4720833,-116.2338306
"Reed3","GerminoBOP1",0.776931562034374,38.75,-109.79,43.4720833,-116.2338306
"Schupp3","GerminoBOP1",0.697838081098886,38.6,-113.79,43.4720833,-116.2338306
"Schupp4","GerminoBOP1",0.860028870248355,38.52,-113.55,43.4720833,-116.2338306
"Schupp5","GerminoBOP1",0.77248482835391,39.11,-112.74,43.4720833,-116.2338306
"Symstad1","GerminoBOP1",0.678539930025625,44.59,-104.71,43.4720833,-116.2338306
"Symstad2","GerminoBOP1",0.658190713673454,43.87,-103.46,43.4720833,-116.2338306
"Symstad3","GerminoBOP1",0.722086709867857,43.62,-103.47,43.4720833,-116.2338306
"Urza2","GerminoBOP1",0.696503364528735,40.84,-119.56,43.4720833,-116.2338306
"Wilcox2","GerminoBOP1",0.664506663803863,41.31,-105.66,43.4720833,-116.2338306
"Chynoweth2","GerminoBOP1",0.674031008874772,40.29092,-109.68361,43.4720833,-116.2338306
"Chynoweth3","GerminoBOP1",0.664858317446478,39.83576,-109.61202,43.4720833,-116.2338306
"Chynoweth5","GerminoBOP1",0.682798513366631,40.480805,-109.438229,43.4720833,-116.2338306
"Chynoweth7","GerminoBOP1",0.860304542749905,40.533605,-109.523564,43.4720833,-116.2338306
"Chynoweth8","GerminoBOP1",0.673566217927501,40.640878,-109.48689,43.4720833,-116.2338306
"Shriver2","GerminoBOP1",0.659724452315083,48,-114.04,43.4720833,-116.2338306
"Davies03","GerminoBOP1",0.664471753329431,42.68,-118.68,43.4720833,-116.2338306
"GerminoBOP1","GerminoBOP1",1,43.4720833,-116.2338306,43.4720833,-116.2338306
"Mancillas01","GerminoBOP1",0.737513865598501,32.368,-106.56,43.4720833,-116.2338306
"Boise_High 2022","GerminoBOP1",0.76079363895371,NA,NA,43.4720833,-116.2338306
"Boise_Low 2022","GerminoBOP1",0.749009736861263,NA,NA,43.4720833,-116.2338306
"CG PASTURE 2022","GerminoBOP1",0.790965683610982,NA,NA,43.4720833,-116.2338306
"CaseAoyamaS1 2022","GerminoBOP1",0.769159454719751,NA,NA,43.4720833,-116.2338306
"CastValley 2021","GerminoBOP1",0.795819839679313,NA,NA,43.4720833,-116.2338306
"EOARC 2022","GerminoBOP1",0.768502853640715,NA,NA,43.4720833,-116.2338306
"EnsingS1 SuRDC 2022","GerminoBOP1",0.799166299263431,NA,NA,43.4720833,-116.2338306
"EnsingS2 Summerland-Princeton 2022","GerminoBOP1",0.749273607997769,NA,NA,43.4720833,-116.2338306
"EnsingS3 Bear Creek 2022","GerminoBOP1",0.75019018358297,NA,NA,43.4720833,-116.2338306
"EnsingS4 Lundbom 2022","GerminoBOP1",0.752334134930242,NA,NA,43.4720833,-116.2338306
"FAR NORTH CPER 2022","GerminoBOP1",0.797973740832865,NA,NA,43.4720833,-116.2338306
"FtK_Cottonwood_Coulee 2021","GerminoBOP1",0.796971294015531,NA,NA,43.4720833,-116.2338306
"FtK_Lone_Pine 2021","GerminoBOP1",0.797437678227355,NA,NA,43.4720833,-116.2338306
"GoeblS1 2024","GerminoBOP1",0.778398393946362,NA,NA,43.4720833,-116.2338306
"GreenCanyon 2021","GerminoBOP1",0.807757029879421,NA,NA,43.4720833,-116.2338306
"HPGRS AGCR 2022","GerminoBOP1",0.791500959676146,NA,NA,43.4720833,-116.2338306
"HardwareRanch 2022","GerminoBOP1",0.795839664428761,NA,NA,43.4720833,-116.2338306
"K1_vanDiepen 2022","GerminoBOP1",0.784128736371283,NA,NA,43.4720833,-116.2338306
"L1_vanDiepen 2022","GerminoBOP1",0.796287082654819,NA,NA,43.4720833,-116.2338306
"MPG_IR 2021","GerminoBOP1",0.801454241067028,NA,NA,43.4720833,-116.2338306
"MPG_SR 2021","GerminoBOP1",0.802894678133312,NA,NA,43.4720833,-116.2338306
"MPG_TH 2021","GerminoBOP1",0.802440194527958,NA,NA,43.4720833,-116.2338306
"NEAR 4WAY CPER 2022","GerminoBOP1",0.798907105468183,NA,NA,43.4720833,-116.2338306
"NEAR HQ CPER 2022","GerminoBOP1",0.798082982204366,NA,NA,43.4720833,-116.2338306
"NEAR NUTNET 2022","GerminoBOP1",0.798216652006402,NA,NA,43.4720833,-116.2338306
"OttS1 2022","GerminoBOP1",0.794303118847922,NA,NA,43.4720833,-116.2338306
"PMR- Brome 2021","GerminoBOP1",0.778505940915949,NA,NA,43.4720833,-116.2338306
"Pearlwise 2024","GerminoBOP1",0.778975996990803,NA,NA,43.4720833,-116.2338306
"Peavine 2022","GerminoBOP1",0.74034785120441,NA,NA,43.4720833,-116.2338306
"Plymouth 2022","GerminoBOP1",0.741410828033959,NA,NA,43.4720833,-116.2338306
"RedBluff 2023","GerminoBOP1",0.7862744936286,NA,NA,43.4720833,-116.2338306
"Rush_Valley 2022","GerminoBOP1",0.801775030449822,NA,NA,43.4720833,-116.2338306
"SSHQ 2022","GerminoBOP1",0.809209228804073,NA,NA,43.4720833,-116.2338306
"SSHigh 2022","GerminoBOP1",0.797326258356531,NA,NA,43.4720833,-116.2338306
"SouthEden 2022","GerminoBOP1",0.79557728307015,NA,NA,43.4720833,-116.2338306
"Symstad1 2021","GerminoBOP1",0.803312501422518,NA,NA,43.4720833,-116.2338306
"Symstad2 2022","GerminoBOP1",0.804322158552587,NA,NA,43.4720833,-116.2338306
"TB FIRE 2022","GerminoBOP1",0.794247831286707,NA,NA,43.4720833,-116.2338306
"TB LC Control 2022","GerminoBOP1",0.794471770536703,NA,NA,43.4720833,-116.2338306
"TB PRAIRIE DOG 2022","GerminoBOP1",0.794357944388927,NA,NA,43.4720833,-116.2338306
"Woodruff 2022","GerminoBOP1",0.803975142840054,NA,NA,43.4720833,-116.2338306
"dino 2024","GerminoBOP1",0.82632930614647,NA,NA,43.4720833,-116.2338306
"AAFC4","Mancillas01",0.66878234765252,50.08,-120.65,32.368,-106.56
"AAFC5","Mancillas01",0.647649575357515,50.09,-120.45,32.368,-106.56
"AAFC6","Mancillas01",0.740843446735544,50.09,-120.75,32.368,-106.56
"AAFC8","Mancillas01",0.671492882797711,49.57,-120.55,32.368,-106.56
"AAFC9","Mancillas01",0.638993463006415,49.62,-119.8,32.368,-106.56
"AAFC10","Mancillas01",0.63912610639104,49.71,-120.05,32.368,-106.56
"Adler5","Mancillas01",0.651592990422694,40.79,-111.87,32.368,-106.56
"Schupp2","Mancillas01",0.650493827662181,40.2,-112.46,32.368,-106.56
"Schupp1","Mancillas01",0.673695763362191,39.85,-112.15,32.368,-106.56
"Adler13","Mancillas01",0.688280570714068,41.44,-111.08,32.368,-106.56
"Adler16","Mancillas01",0.67952143183424,41.78,-110.2,32.368,-106.56
"Adler17","Mancillas01",0.67964868797966,41.44,-110.11,32.368,-106.56
"Adler18","Mancillas01",0.649114143378132,40.86,-114.22,32.368,-106.56
"Barnett1","Mancillas01",0.639194905988314,43.48,-110.74,32.368,-106.56
"Baughman3","Mancillas01",0.654761696490062,42.81,-118.96,32.368,-106.56
"Baughman2","Mancillas01",0.665683595552083,43.05,-118.87,32.368,-106.56
"Chynoweth1","Mancillas01",0.697151840847277,39.76604,-109.5635,32.368,-106.56
"Board1","Mancillas01",0.645774308109648,38.84,-117.57,32.368,-106.56
"Bradford1","Mancillas01",0.645371709564525,35.23,-111.62,32.368,-106.56
"Chambers1","Mancillas01",0.608942284161832,39.55,-119.58,32.368,-106.56
"Chambers2","Mancillas01",0.60335385116221,39.95,-118.76,32.368,-106.56
"Urza1","Mancillas01",0.60352950541008,40.35,-119.34,32.368,-106.56
"Chambers4","Mancillas01",0.603303772978817,41.31,-117.63,32.368,-106.56
"Chambers5","Mancillas01",0.599367163076448,41.54,-117.75,32.368,-106.56
"Chambers6","Mancillas01",0.599331325959945,41.54,-117.78,32.368,-106.56
"Chambers7","Mancillas01",0.678734201577677,43.94,-116.19,32.368,-106.56
"Chambers8","Mancillas01",0.669583476827093,42.24,-114.57,32.368,-106.56
"Chambers9","Mancillas01",0.697168312856162,40.66,-116.73,32.368,-106.56
"Copeland1","Mancillas01",0.697122814014494,43.7,-117.33,32.368,-106.56
"Copeland5","Mancillas01",0.638764333469916,42.27,-118.71,32.368,-106.56
"Copeland9","Mancillas01",0.679635602422352,43.47,-119.68,32.368,-106.56
"Downs1","Mancillas01",0.649411297046707,46.38145,-119.430272,32.368,-106.56
"Downs2","Mancillas01",0.651135362314791,46.25045,-119.53334,32.368,-106.56
"Downs3","Mancillas01",0.605929131037944,45.9663,-120.3671,32.368,-106.56
"Fleishman1","Mancillas01",0.685342833288568,38.47,-119.49,32.368,-106.56
"Fleishman5","Mancillas01",0.664165031536857,39.12,-117.27,32.368,-106.56
"Fleishman7","Mancillas01",0.634500163455778,39.17,-117.44,32.368,-106.56
"Getts1","Mancillas01",0.636178884509964,41.17,-120.5,32.368,-106.56
"Getts3","Mancillas01",0.649288703515707,40.43,-120.67,32.368,-106.56
"Holdrege1","Mancillas01",0.638994403214721,41.61,-111.57,32.368,-106.56
"Hufft1","Mancillas01",0.665326219528179,38.6701,-108.3286,32.368,-106.56
"Lavin1","Mancillas01",0.683153069164662,44.68,-109.07,32.368,-106.56
"Lavin2","Mancillas01",0.665753637605417,45.67,-111.03,32.368,-106.56
"Lee1","Mancillas01",0.60344447119471,36.82340833,-116.0163889,32.368,-106.56
"Lee2","Mancillas01",0.595381962677324,35.3984,-115.7845,32.368,-106.56
"Lee3","Mancillas01",0.603242015136611,36.5247,-115.8987,32.368,-106.56
"Lee4","Mancillas01",0.598537793088983,35.4564,-115.52,32.368,-106.56
"Leger1","Mancillas01",0.62105651750363,39.49,-119.84,32.368,-106.56
"Maron1","Mancillas01",0.715041163043809,46.68,-114.03,32.368,-106.56
"Maron2","Mancillas01",0.679443513221357,46.64,-113.23,32.368,-106.56
"Porensky30","Mancillas01",0.669493802021512,40.63,-105.27,32.368,-106.56
"Pyke3","Mancillas01",0.652888313125415,44.60456358,-120.1924183,32.368,-106.56
"Pyke8","Mancillas01",0.647532674695295,46.74830998,-119.361636,32.368,-106.56
"Pyke21","Mancillas01",0.666184410735335,47.61803776,-119.6830115,32.368,-106.56
"Pyle1","Mancillas01",0.721435015539461,42.35,-118.65,32.368,-106.56
"Pyle9","Mancillas01",0.67952244658709,43.42,-119.62,32.368,-106.56
"Pyle10","Mancillas01",0.664242691873645,43.19,-120,32.368,-106.56
"Pyle15","Mancillas01",0.654791536353521,43.8,-119,32.368,-106.56
"Pyle17","Mancillas01",0.63984205479898,44.36,-118.93,32.368,-106.56
"Pyle19","Mancillas01",0.855680244176009,44.57,-119.65,32.368,-106.56
"Reed1","Mancillas01",0.70114073399355,38.52,-109.47,32.368,-106.56
"Reed3","Mancillas01",0.776541889757122,38.75,-109.79,32.368,-106.56
"Schupp3","Mancillas01",0.685455572933714,38.6,-113.79,32.368,-106.56
"Schupp4","Mancillas01",0.697005854897958,38.52,-113.55,32.368,-106.56
"Schupp5","Mancillas01",0.708762993400189,39.11,-112.74,32.368,-106.56
"Symstad1","Mancillas01",0.66119590590425,44.59,-104.71,32.368,-106.56
"Symstad2","Mancillas01",0.681375823347042,43.87,-103.46,32.368,-106.56
"Symstad3","Mancillas01",0.686607692802687,43.62,-103.47,32.368,-106.56
"Urza2","Mancillas01",0.672730252558807,40.84,-119.56,32.368,-106.56
"Wilcox2","Mancillas01",0.655724960725816,41.31,-105.66,32.368,-106.56
"Chynoweth2","Mancillas01",0.664503035966385,40.29092,-109.68361,32.368,-106.56
"Chynoweth3","Mancillas01",0.656073709272083,39.83576,-109.61202,32.368,-106.56
"Chynoweth5","Mancillas01",0.675941928258624,40.480805,-109.438229,32.368,-106.56
"Chynoweth7","Mancillas01",0.697491469197113,40.533605,-109.523564,32.368,-106.56
"Chynoweth8","Mancillas01",0.664095664086498,40.640878,-109.48689,32.368,-106.56
"Shriver2","Mancillas01",0.639228133464911,48,-114.04,32.368,-106.56
"Davies03","Mancillas01",0.645607828075276,42.68,-118.68,32.368,-106.56
"GerminoBOP1","Mancillas01",0.737513865598501,43.4720833,-116.2338306,32.368,-106.56
"Mancillas01","Mancillas01",1,32.368,-106.56,32.368,-106.56
"Boise_High 2022","Mancillas01",0.728920596640041,NA,NA,32.368,-106.56
"Boise_Low 2022","Mancillas01",0.720482592990847,NA,NA,32.368,-106.56
"CG PASTURE 2022","Mancillas01",0.767179117933445,NA,NA,32.368,-106.56
"CaseAoyamaS1 2022","Mancillas01",0.739151414764514,NA,NA,32.368,-106.56
"CastValley 2021","Mancillas01",0.7512140206147,NA,NA,32.368,-106.56
"EOARC 2022","Mancillas01",0.738339390693806,NA,NA,32.368,-106.56
"EnsingS1 SuRDC 2022","Mancillas01",0.760382101854528,NA,NA,32.368,-106.56
"EnsingS2 Summerland-Princeton 2022","Mancillas01",0.720053614057723,NA,NA,32.368,-106.56
"EnsingS3 Bear Creek 2022","Mancillas01",0.7206933772718,NA,NA,32.368,-106.56
"EnsingS4 Lundbom 2022","Mancillas01",0.724203573013545,NA,NA,32.368,-106.56
"FAR NORTH CPER 2022","Mancillas01",0.772887698485543,NA,NA,32.368,-106.56
"FtK_Cottonwood_Coulee 2021","Mancillas01",0.767601707983237,NA,NA,32.368,-106.56
"FtK_Lone_Pine 2021","Mancillas01",0.767827395280986,NA,NA,32.368,-106.56
"GoeblS1 2024","Mancillas01",0.753548151026076,NA,NA,32.368,-106.56
"GreenCanyon 2021","Mancillas01",0.761998461461484,NA,NA,32.368,-106.56
"HPGRS AGCR 2022","Mancillas01",0.768034286042031,NA,NA,32.368,-106.56
"HardwareRanch 2022","Mancillas01",0.753170561474101,NA,NA,32.368,-106.56
"K1_vanDiepen 2022","Mancillas01",0.744554711892418,NA,NA,32.368,-106.56
"L1_vanDiepen 2022","Mancillas01",0.762575684366826,NA,NA,32.368,-106.56
"MPG_IR 2021","Mancillas01",0.760769827159056,NA,NA,32.368,-106.56
"MPG_SR 2021","Mancillas01",0.762437466631952,NA,NA,32.368,-106.56
"MPG_TH 2021","Mancillas01",0.761813800453699,NA,NA,32.368,-106.56
"NEAR 4WAY CPER 2022","Mancillas01",0.773569187334038,NA,NA,32.368,-106.56
"NEAR HQ CPER 2022","Mancillas01",0.772996860109028,NA,NA,32.368,-106.56
"NEAR NUTNET 2022","Mancillas01",0.773215672244431,NA,NA,32.368,-106.56
"OttS1 2022","Mancillas01",0.768443929578667,NA,NA,32.368,-106.56
"PMR- Brome 2021","Mancillas01",0.754512109782167,NA,NA,32.368,-106.56
"Pearlwise 2024","Mancillas01",0.744616230287254,NA,NA,32.368,-106.56
"Peavine 2022","Mancillas01",0.712353755243754,NA,NA,32.368,-106.56
"Plymouth 2022","Mancillas01",0.716681596423512,NA,NA,32.368,-106.56
"RedBluff 2023","Mancillas01",0.758966166367273,NA,NA,32.368,-106.56
"Rush_Valley 2022","Mancillas01",0.759000346581239,NA,NA,32.368,-106.56
"SSHQ 2022","Mancillas01",0.764379300677967,NA,NA,32.368,-106.56
"SSHigh 2022","Mancillas01",0.753257546125507,NA,NA,32.368,-106.56
"SouthEden 2022","Mancillas01",0.752926557037336,NA,NA,32.368,-106.56
"Symstad1 2021","Mancillas01",0.776768451277594,NA,NA,32.368,-106.56
"Symstad2 2022","Mancillas01",0.777472810897619,NA,NA,32.368,-106.56
"TB FIRE 2022","Mancillas01",0.766620455066539,NA,NA,32.368,-106.56
"TB LC Control 2022","Mancillas01",0.766749238854918,NA,NA,32.368,-106.56
"TB PRAIRIE DOG 2022","Mancillas01",0.766657276891481,NA,NA,32.368,-106.56
"Woodruff 2022","Mancillas01",0.760683069748685,NA,NA,32.368,-106.56
"dino 2024","Mancillas01",0.773593152423171,NA,NA,32.368,-106.56
"AAFC4","Boise_High 2022",0.763888701000106,50.08,-120.65,NA,NA
"AAFC5","Boise_High 2022",0.802981673725785,50.09,-120.45,NA,NA
"AAFC6","Boise_High 2022",0.744699648761914,50.09,-120.75,NA,NA
"AAFC8","Boise_High 2022",0.789363799678397,49.57,-120.55,NA,NA
"AAFC9","Boise_High 2022",0.78612418095549,49.62,-119.8,NA,NA
"AAFC10","Boise_High 2022",0.786252789489122,49.71,-120.05,NA,NA
"Adler5","Boise_High 2022",0.808634111346477,40.79,-111.87,NA,NA
"Schupp2","Boise_High 2022",0.75510191083521,40.2,-112.46,NA,NA
"Schupp1","Boise_High 2022",0.746813563935995,39.85,-112.15,NA,NA
"Adler13","Boise_High 2022",0.754289271483872,41.44,-111.08,NA,NA
"Adler16","Boise_High 2022",0.770226343883156,41.78,-110.2,NA,NA
"Adler17","Boise_High 2022",0.770447048635919,41.44,-110.11,NA,NA
"Adler18","Boise_High 2022",0.778367372900615,40.86,-114.22,NA,NA
"Barnett1","Boise_High 2022",0.808821017112472,43.48,-110.74,NA,NA
"Baughman3","Boise_High 2022",0.788375265929162,42.81,-118.96,NA,NA
"Baughman2","Boise_High 2022",0.772512347952955,43.05,-118.87,NA,NA
"Chynoweth1","Boise_High 2022",0.758372696988614,39.76604,-109.5635,NA,NA
"Board1","Boise_High 2022",0.804037157273252,38.84,-117.57,NA,NA
"Bradford1","Boise_High 2022",0.803441887907546,35.23,-111.62,NA,NA
"Chambers1","Boise_High 2022",0.756209102628316,39.55,-119.58,NA,NA
"Chambers2","Boise_High 2022",0.746825095703175,39.95,-118.76,NA,NA
"Urza1","Boise_High 2022",0.74699926536887,40.35,-119.34,NA,NA
"Chambers4","Boise_High 2022",0.74681793251717,41.31,-117.63,NA,NA
"Chambers5","Boise_High 2022",0.739534658683429,41.54,-117.75,NA,NA
"Chambers6","Boise_High 2022",0.739552699422638,41.54,-117.78,NA,NA
"Chambers7","Boise_High 2022",0.77897340607835,43.94,-116.19,NA,NA
"Chambers8","Boise_High 2022",0.769855376901357,42.24,-114.57,NA,NA
"Chambers9","Boise_High 2022",0.75845986420378,40.66,-116.73,NA,NA
"Copeland1","Boise_High 2022",0.75847585272212,43.7,-117.33,NA,NA
"Copeland5","Boise_High 2022",0.82285896734555,42.27,-118.71,NA,NA
"Copeland9","Boise_High 2022",0.770487349331281,43.47,-119.68,NA,NA
"Downs1","Boise_High 2022",0.742722299875625,46.38145,-119.430272,NA,NA
"Downs2","Boise_High 2022",0.787083238001256,46.25045,-119.53334,NA,NA
"Downs3","Boise_High 2022",0.749172700143223,45.9663,-120.3671,NA,NA
"Fleishman1","Boise_High 2022",0.778963032143659,38.47,-119.49,NA,NA
"Fleishman5","Boise_High 2022",0.728402303128274,39.12,-117.27,NA,NA
"Fleishman7","Boise_High 2022",0.80732181683859,39.17,-117.44,NA,NA
"Getts1","Boise_High 2022",0.767008053587865,41.17,-120.5,NA,NA
"Getts3","Boise_High 2022",0.825377470990965,40.43,-120.67,NA,NA
"Holdrege1","Boise_High 2022",0.808526874126449,41.61,-111.57,NA,NA
"Hufft1","Boise_High 2022",0.732361055304445,38.6701,-108.3286,NA,NA
"Lavin1","Boise_High 2022",0.76149945841768,44.68,-109.07,NA,NA
"Lavin2","Boise_High 2022",0.784565591384233,45.67,-111.03,NA,NA
"Lee1","Boise_High 2022",0.7468488568038,36.82340833,-116.0163889,NA,NA
"Lee2","Boise_High 2022",0.735478401618857,35.3984,-115.7845,NA,NA
"Lee3","Boise_High 2022",0.746739830416756,36.5247,-115.8987,NA,NA
"Lee4","Boise_High 2022",0.746074145912601,35.4564,-115.52,NA,NA
"Leger1","Boise_High 2022",0.769944920919132,39.49,-119.84,NA,NA
"Maron1","Boise_High 2022",0.760540433850349,46.68,-114.03,NA,NA
"Maron2","Boise_High 2022",0.770180615831559,46.64,-113.23,NA,NA
"Porensky30","Boise_High 2022",0.770373354980996,40.63,-105.27,NA,NA
"Pyke3","Boise_High 2022",0.82312129960464,44.60456358,-120.1924183,NA,NA
"Pyke8","Boise_High 2022",0.716279270868109,46.74830998,-119.361636,NA,NA
"Pyke21","Boise_High 2022",0.78375819063554,47.61803776,-119.6830115,NA,NA
"Pyle1","Boise_High 2022",0.86228015733832,42.35,-118.65,NA,NA
"Pyle9","Boise_High 2022",0.770159261993553,43.42,-119.62,NA,NA
"Pyle10","Boise_High 2022",0.72854544482077,43.19,-120,NA,NA
"Pyle15","Boise_High 2022",0.815653862468447,43.8,-119,NA,NA
"Pyle17","Boise_High 2022",0.788300958405914,44.36,-118.93,NA,NA
"Pyle19","Boise_High 2022",0.722055018359058,44.57,-119.65,NA,NA
"Reed1","Boise_High 2022",0.753683014106684,38.52,-109.47,NA,NA
"Reed3","Boise_High 2022",0.739397605795135,38.75,-109.79,NA,NA
"Schupp3","Boise_High 2022",0.741439715493936,38.6,-113.79,NA,NA
"Schupp4","Boise_High 2022",0.758288247012756,38.52,-113.55,NA,NA
"Schupp5","Boise_High 2022",0.761725552747672,39.11,-112.74,NA,NA
"Symstad1","Boise_High 2022",0.753499076036752,44.59,-104.71,NA,NA
"Symstad2","Boise_High 2022",0.741073403236424,43.87,-103.46,NA,NA
"Symstad3","Boise_High 2022",0.77609686367545,43.62,-103.47,NA,NA
"Urza2","Boise_High 2022",0.819795656275693,40.84,-119.56,NA,NA
"Wilcox2","Boise_High 2022",0.720254268073591,41.31,-105.66,NA,NA
"Chynoweth2","Boise_High 2022",0.728828390945447,40.29092,-109.68361,NA,NA
"Chynoweth3","Boise_High 2022",0.720571851443237,39.83576,-109.61202,NA,NA
"Chynoweth5","Boise_High 2022",0.752288927517838,40.480805,-109.438229,NA,NA
"Chynoweth7","Boise_High 2022",0.758891103289779,40.533605,-109.523564,NA,NA
"Chynoweth8","Boise_High 2022",0.728383409696226,40.640878,-109.48689,NA,NA
"Shriver2","Boise_High 2022",0.808799580656805,48,-114.04,NA,NA
"Davies03","Boise_High 2022",0.80376120672837,42.68,-118.68,NA,NA
"GerminoBOP1","Boise_High 2022",0.76079363895371,43.4720833,-116.2338306,NA,NA
"Mancillas01","Boise_High 2022",0.728920596640041,32.368,-106.56,NA,NA
"Boise_High 2022","Boise_High 2022",1,NA,NA,NA,NA
"Boise_Low 2022","Boise_High 2022",0.912665065437714,NA,NA,NA,NA
"CG PASTURE 2022","Boise_High 2022",0.936808965823248,NA,NA,NA,NA
"CaseAoyamaS1 2022","Boise_High 2022",0.974767452438763,NA,NA,NA,NA
"CastValley 2021","Boise_High 2022",0.86390050860155,NA,NA,NA,NA
"EOARC 2022","Boise_High 2022",0.978581410455586,NA,NA,NA,NA
"EnsingS1 SuRDC 2022","Boise_High 2022",0.946435468104382,NA,NA,NA,NA
"EnsingS2 Summerland-Princeton 2022","Boise_High 2022",0.965427269723865,NA,NA,NA,NA
"EnsingS3 Bear Creek 2022","Boise_High 2022",0.964934829729273,NA,NA,NA,NA
"EnsingS4 Lundbom 2022","Boise_High 2022",0.918359657985977,NA,NA,NA,NA
"FAR NORTH CPER 2022","Boise_High 2022",0.935816477244176,NA,NA,NA,NA
"FtK_Cottonwood_Coulee 2021","Boise_High 2022",0.915566821072449,NA,NA,NA,NA
"FtK_Lone_Pine 2021","Boise_High 2022",0.913950126390697,NA,NA,NA,NA
"GoeblS1 2024","Boise_High 2022",0.939039362338332,NA,NA,NA,NA
"GreenCanyon 2021","Boise_High 2022",0.944045832195216,NA,NA,NA,NA
"HPGRS AGCR 2022","Boise_High 2022",0.937758713299593,NA,NA,NA,NA
"HardwareRanch 2022","Boise_High 2022",0.940440718932226,NA,NA,NA,NA
"K1_vanDiepen 2022","Boise_High 2022",0.897922856704009,NA,NA,NA,NA
"L1_vanDiepen 2022","Boise_High 2022",0.922007612985061,NA,NA,NA,NA
"MPG_IR 2021","Boise_High 2022",0.914096276315652,NA,NA,NA,NA
"MPG_SR 2021","Boise_High 2022",0.915409322678307,NA,NA,NA,NA
"MPG_TH 2021","Boise_High 2022",0.914740960204812,NA,NA,NA,NA
"NEAR 4WAY CPER 2022","Boise_High 2022",0.933931022315803,NA,NA,NA,NA
"NEAR HQ CPER 2022","Boise_High 2022",0.936532044261653,NA,NA,NA,NA
"NEAR NUTNET 2022","Boise_High 2022",0.935306583933624,NA,NA,NA,NA
"OttS1 2022","Boise_High 2022",0.935410736331342,NA,NA,NA,NA
"PMR- Brome 2021","Boise_High 2022",0.952241762858336,NA,NA,NA,NA
"Pearlwise 2024","Boise_High 2022",0.97037306552481,NA,NA,NA,NA
"Peavine 2022","Boise_High 2022",0.953383111331182,NA,NA,NA,NA
"Plymouth 2022","Boise_High 2022",0.928861805677902,NA,NA,NA,NA
"RedBluff 2023","Boise_High 2022",0.936686742640676,NA,NA,NA,NA
"Rush_Valley 2022","Boise_High 2022",0.937926451289864,NA,NA,NA,NA
"SSHQ 2022","Boise_High 2022",0.901927867149689,NA,NA,NA,NA
"SSHigh 2022","Boise_High 2022",0.896821036483313,NA,NA,NA,NA
"SouthEden 2022","Boise_High 2022",0.921603042279275,NA,NA,NA,NA
"Symstad1 2021","Boise_High 2022",0.918936195827303,NA,NA,NA,NA
"Symstad2 2022","Boise_High 2022",0.918692451323442,NA,NA,NA,NA
"TB FIRE 2022","Boise_High 2022",0.932279414832332,NA,NA,NA,NA
"TB LC Control 2022","Boise_High 2022",0.931601927956701,NA,NA,NA,NA
"TB PRAIRIE DOG 2022","Boise_High 2022",0.931823848775447,NA,NA,NA,NA
"Woodruff 2022","Boise_High 2022",0.91338189399943,NA,NA,NA,NA
"dino 2024","Boise_High 2022",0.880580778327272,NA,NA,NA,NA
"AAFC4","Boise_Low 2022",0.733420280898565,50.08,-120.65,NA,NA
"AAFC5","Boise_Low 2022",0.75459021914134,50.09,-120.45,NA,NA
"AAFC6","Boise_Low 2022",0.730035565818589,50.09,-120.75,NA,NA
"AAFC8","Boise_Low 2022",0.755908943076899,49.57,-120.55,NA,NA
"AAFC9","Boise_Low 2022",0.746750186339959,49.62,-119.8,NA,NA
"AAFC10","Boise_Low 2022",0.746906614621482,49.71,-120.05,NA,NA
"Adler5","Boise_Low 2022",0.770091104558272,40.79,-111.87,NA,NA
"Schupp2","Boise_Low 2022",0.736189341931978,40.2,-112.46,NA,NA
"Schupp1","Boise_Low 2022",0.740704254233733,39.85,-112.15,NA,NA
"Adler13","Boise_Low 2022",0.744336245449264,41.44,-111.08,NA,NA
"Adler16","Boise_Low 2022",0.729073800939981,41.78,-110.2,NA,NA
"Adler17","Boise_Low 2022",0.729289718455253,41.44,-110.11,NA,NA
"Adler18","Boise_Low 2022",0.758866771659245,40.86,-114.22,NA,NA
"Barnett1","Boise_Low 2022",0.758849669941944,43.48,-110.74,NA,NA
"Baughman3","Boise_Low 2022",0.750421599510117,42.81,-118.96,NA,NA
"Baughman2","Boise_Low 2022",0.761546719305858,43.05,-118.87,NA,NA
"Chynoweth1","Boise_Low 2022",0.743510138847307,39.76604,-109.5635,NA,NA
"Board1","Boise_Low 2022",0.728415083770455,38.84,-117.57,NA,NA
"Bradford1","Boise_Low 2022",0.727860147141814,35.23,-111.62,NA,NA
"Chambers1","Boise_Low 2022",0.843137968480044,39.55,-119.58,NA,NA
"Chambers2","Boise_Low 2022",0.832450097393886,39.95,-118.76,NA,NA
"Urza1","Boise_Low 2022",0.832666504585277,40.35,-119.34,NA,NA
"Chambers4","Boise_Low 2022",0.83252794642731,41.31,-117.63,NA,NA
"Chambers5","Boise_Low 2022",0.813969205130783,41.54,-117.75,NA,NA
"Chambers6","Boise_Low 2022",0.81410049970582,41.54,-117.78,NA,NA
"Chambers7","Boise_Low 2022",0.760372656269664,43.94,-116.19,NA,NA
"Chambers8","Boise_Low 2022",0.74528219431762,42.24,-114.57,NA,NA
"Chambers9","Boise_Low 2022",0.743615457452765,40.66,-116.73,NA,NA
"Copeland1","Boise_Low 2022",0.743611187099081,43.7,-117.33,NA,NA
"Copeland5","Boise_Low 2022",0.76184897292788,42.27,-118.71,NA,NA
"Copeland9","Boise_Low 2022",0.729306488828244,43.47,-119.68,NA,NA
"Downs1","Boise_Low 2022",0.725535736214428,46.38145,-119.430272,NA,NA
"Downs2","Boise_Low 2022",0.761182567550221,46.25045,-119.53334,NA,NA
"Downs3","Boise_Low 2022",0.73989856624802,45.9663,-120.3671,NA,NA
"Fleishman1","Boise_Low 2022",0.752177982931589,38.47,-119.49,NA,NA
"Fleishman5","Boise_Low 2022",0.730086303327997,39.12,-117.27,NA,NA
"Fleishman7","Boise_Low 2022",0.735817791907363,39.17,-117.44,NA,NA
"Getts1","Boise_Low 2022",0.760178500699646,41.17,-120.5,NA,NA
"Getts3","Boise_Low 2022",0.758686221591719,40.43,-120.67,NA,NA
"Holdrege1","Boise_Low 2022",0.758593377292952,41.61,-111.57,NA,NA
"Hufft1","Boise_Low 2022",0.72219519171258,38.6701,-108.3286,NA,NA
"Lavin1","Boise_Low 2022",0.747060649988776,44.68,-109.07,NA,NA
"Lavin2","Boise_Low 2022",0.747347258984022,45.67,-111.03,NA,NA
"Lee1","Boise_Low 2022",0.832561381673874,36.82340833,-116.0163889,NA,NA
"Lee2","Boise_Low 2022",0.810182879472704,35.3984,-115.7845,NA,NA
"Lee3","Boise_Low 2022",0.832444782584174,36.5247,-115.8987,NA,NA
"Lee4","Boise_Low 2022",0.753841486907579,35.4564,-115.52,NA,NA
"Leger1","Boise_Low 2022",0.749139552228797,39.49,-119.84,NA,NA
"Maron1","Boise_Low 2022",0.740962181705865,46.68,-114.03,NA,NA
"Maron2","Boise_Low 2022",0.72902139096071,46.64,-113.23,NA,NA
"Porensky30","Boise_Low 2022",0.738254843850568,40.63,-105.27,NA,NA
"Pyke3","Boise_Low 2022",0.768983644820261,44.60456358,-120.1924183,NA,NA
"Pyke8","Boise_Low 2022",0.712471028164669,46.74830998,-119.361636,NA,NA
"Pyke21","Boise_Low 2022",0.749340316326418,47.61803776,-119.6830115,NA,NA
"Pyle1","Boise_Low 2022",0.823183792654237,42.35,-118.65,NA,NA
"Pyle9","Boise_Low 2022",0.729025389814362,43.42,-119.62,NA,NA
"Pyle10","Boise_Low 2022",0.730220778331283,43.19,-120,NA,NA
"Pyle15","Boise_Low 2022",0.764422464637206,43.8,-119,NA,NA
"Pyle17","Boise_Low 2022",0.746844750012395,44.36,-118.93,NA,NA
"Pyle19","Boise_Low 2022",0.71444691597131,44.57,-119.65,NA,NA
"Reed1","Boise_Low 2022",0.741836629220884,38.52,-109.47,NA,NA
"Reed3","Boise_Low 2022",0.727997983976845,38.75,-109.79,NA,NA
"Schupp3","Boise_Low 2022",0.736025338493867,38.6,-113.79,NA,NA
"Schupp4","Boise_Low 2022",0.743456011284765,38.52,-113.55,NA,NA
"Schupp5","Boise_Low 2022",0.742915290948574,39.11,-112.74,NA,NA
"Symstad1","Boise_Low 2022",0.737903976659411,44.59,-104.71,NA,NA
"Symstad2","Boise_Low 2022",0.720320328554434,43.87,-103.46,NA,NA
"Symstad3","Boise_Low 2022",0.751719168392897,43.62,-103.47,NA,NA
"Urza2","Boise_Low 2022",0.773714780215731,40.84,-119.56,NA,NA
"Wilcox2","Boise_Low 2022",0.716294004640602,41.31,-105.66,NA,NA
"Chynoweth2","Boise_Low 2022",0.73050211386222,40.29092,-109.68361,NA,NA
"Chynoweth3","Boise_Low 2022",0.716583359944913,39.83576,-109.61202,NA,NA
"Chynoweth5","Boise_Low 2022",0.751296625920924,40.480805,-109.438229,NA,NA
"Chynoweth7","Boise_Low 2022",0.74398074102567,40.533605,-109.523564,NA,NA
"Chynoweth8","Boise_Low 2022",0.730058731722984,40.640878,-109.48689,NA,NA
"Shriver2","Boise_Low 2022",0.758815633960015,48,-114.04,NA,NA
"Davies03","Boise_Low 2022",0.728167649299092,42.68,-118.68,NA,NA
"GerminoBOP1","Boise_Low 2022",0.749009736861263,43.4720833,-116.2338306,NA,NA
"Mancillas01","Boise_Low 2022",0.720482592990847,32.368,-106.56,NA,NA
"Boise_High 2022","Boise_Low 2022",0.912665065437714,NA,NA,NA,NA
"Boise_Low 2022","Boise_Low 2022",1,NA,NA,NA,NA
"CG PASTURE 2022","Boise_Low 2022",0.874842884676636,NA,NA,NA,NA
"CaseAoyamaS1 2022","Boise_Low 2022",0.932116440394158,NA,NA,NA,NA
"CastValley 2021","Boise_Low 2022",0.922503103916447,NA,NA,NA,NA
"EOARC 2022","Boise_Low 2022",0.927761628107393,NA,NA,NA,NA
"EnsingS1 SuRDC 2022","Boise_Low 2022",0.884769288751008,NA,NA,NA,NA
"EnsingS2 Summerland-Princeton 2022","Boise_Low 2022",0.890359215096955,NA,NA,NA,NA
"EnsingS3 Bear Creek 2022","Boise_Low 2022",0.93196634803424,NA,NA,NA,NA
"EnsingS4 Lundbom 2022","Boise_Low 2022",0.832483781223679,NA,NA,NA,NA
"FAR NORTH CPER 2022","Boise_Low 2022",0.901684085283247,NA,NA,NA,NA
"FtK_Cottonwood_Coulee 2021","Boise_Low 2022",0.884543494078469,NA,NA,NA,NA
"FtK_Lone_Pine 2021","Boise_Low 2022",0.887125634851383,NA,NA,NA,NA
"GoeblS1 2024","Boise_Low 2022",0.944572861302563,NA,NA,NA,NA
"GreenCanyon 2021","Boise_Low 2022",0.893996875220512,NA,NA,NA,NA
"HPGRS AGCR 2022","Boise_Low 2022",0.878273517902438,NA,NA,NA,NA
"HardwareRanch 2022","Boise_Low 2022",0.8658658437578,NA,NA,NA,NA
"K1_vanDiepen 2022","Boise_Low 2022",0.813217533937627,NA,NA,NA,NA
"L1_vanDiepen 2022","Boise_Low 2022",0.857244818885686,NA,NA,NA,NA
"MPG_IR 2021","Boise_Low 2022",0.841584354917897,NA,NA,NA,NA
"MPG_SR 2021","Boise_Low 2022",0.844890421429493,NA,NA,NA,NA
"MPG_TH 2021","Boise_Low 2022",0.843490702111394,NA,NA,NA,NA
"NEAR 4WAY CPER 2022","Boise_Low 2022",0.904986317616613,NA,NA,NA,NA
"NEAR HQ CPER 2022","Boise_Low 2022",0.900557087039363,NA,NA,NA,NA
"NEAR NUTNET 2022","Boise_Low 2022",0.90257569713883,NA,NA,NA,NA
"OttS1 2022","Boise_Low 2022",0.889490604241154,NA,NA,NA,NA
"PMR- Brome 2021","Boise_Low 2022",0.878949301845012,NA,NA,NA,NA
"Pearlwise 2024","Boise_Low 2022",0.933491252124157,NA,NA,NA,NA
"Peavine 2022","Boise_Low 2022",0.935017298339994,NA,NA,NA,NA
"Plymouth 2022","Boise_Low 2022",0.960339764267425,NA,NA,NA,NA
"RedBluff 2023","Boise_Low 2022",0.865992254742185,NA,NA,NA,NA
"Rush_Valley 2022","Boise_Low 2022",0.934980291462441,NA,NA,NA,NA
"SSHQ 2022","Boise_Low 2022",0.846329166634821,NA,NA,NA,NA
"SSHigh 2022","Boise_Low 2022",0.82283315813565,NA,NA,NA,NA
"SouthEden 2022","Boise_Low 2022",0.848210487997153,NA,NA,NA,NA
"Symstad1 2021","Boise_Low 2022",0.867301082369155,NA,NA,NA,NA
"Symstad2 2022","Boise_Low 2022",0.869293220539232,NA,NA,NA,NA
"TB FIRE 2022","Boise_Low 2022",0.898451181961724,NA,NA,NA,NA
"TB LC Control 2022","Boise_Low 2022",0.899091273640155,NA,NA,NA,NA
"TB PRAIRIE DOG 2022","Boise_Low 2022",0.898864713515561,NA,NA,NA,NA
"Woodruff 2022","Boise_Low 2022",0.851752100252402,NA,NA,NA,NA
"dino 2024","Boise_Low 2022",0.882003034383849,NA,NA,NA,NA
"AAFC4","CG PASTURE 2022",0.77946446827944,50.08,-120.65,NA,NA
"AAFC5","CG PASTURE 2022",0.799355601403651,50.09,-120.45,NA,NA
"AAFC6","CG PASTURE 2022",0.772522464649662,50.09,-120.75,NA,NA
"AAFC8","CG PASTURE 2022",0.798266338914264,49.57,-120.55,NA,NA
"AAFC9","CG PASTURE 2022",0.780326198720003,49.62,-119.8,NA,NA
"AAFC10","CG PASTURE 2022",0.780451414191161,49.71,-120.05,NA,NA
"Adler5","CG PASTURE 2022",0.790743832901578,40.79,-111.87,NA,NA
"Schupp2","CG PASTURE 2022",0.77929016641839,40.2,-112.46,NA,NA
"Schupp1","CG PASTURE 2022",0.775934112962977,39.85,-112.15,NA,NA
"Adler13","CG PASTURE 2022",0.779375791822011,41.44,-111.08,NA,NA
"Adler16","CG PASTURE 2022",0.797205245083279,41.78,-110.2,NA,NA
"Adler17","CG PASTURE 2022",0.797455411484701,41.44,-110.11,NA,NA
"Adler18","CG PASTURE 2022",0.781738603637083,40.86,-114.22,NA,NA
"Barnett1","CG PASTURE 2022",0.786404621798138,43.48,-110.74,NA,NA
"Baughman3","CG PASTURE 2022",0.789821501641177,42.81,-118.96,NA,NA
"Baughman2","CG PASTURE 2022",0.78123386815282,43.05,-118.87,NA,NA
"Chynoweth1","CG PASTURE 2022",0.781277730361743,39.76604,-109.5635,NA,NA
"Board1","CG PASTURE 2022",0.808108034049398,38.84,-117.57,NA,NA
"Bradford1","CG PASTURE 2022",0.80751943159544,35.23,-111.62,NA,NA
"Chambers1","CG PASTURE 2022",0.71612554537009,39.55,-119.58,NA,NA
"Chambers2","CG PASTURE 2022",0.70662764723444,39.95,-118.76,NA,NA
"Urza1","CG PASTURE 2022",0.7067897260806,40.35,-119.34,NA,NA
"Chambers4","CG PASTURE 2022",0.70659638477763,41.31,-117.63,NA,NA
"Chambers5","CG PASTURE 2022",0.701793771184724,41.54,-117.75,NA,NA
"Chambers6","CG PASTURE 2022",0.701778967300253,41.54,-117.78,NA,NA
"Chambers7","CG PASTURE 2022",0.793482564647093,43.94,-116.19,NA,NA
"Chambers8","CG PASTURE 2022",0.784472279358235,42.24,-114.57,NA,NA
"Chambers9","CG PASTURE 2022",0.781338801157208,40.66,-116.73,NA,NA
"Copeland1","CG PASTURE 2022",0.781359393458646,43.7,-117.33,NA,NA
"Copeland5","CG PASTURE 2022",0.801741793254067,42.27,-118.71,NA,NA
"Copeland9","CG PASTURE 2022",0.797487863757911,43.47,-119.68,NA,NA
"Downs1","CG PASTURE 2022",0.760880064048191,46.38145,-119.430272,NA,NA
"Downs2","CG PASTURE 2022",0.777953282607682,46.25045,-119.53334,NA,NA
"Downs3","CG PASTURE 2022",0.717422172508333,45.9663,-120.3671,NA,NA
"Fleishman1","CG PASTURE 2022",0.796685890577749,38.47,-119.49,NA,NA
"Fleishman5","CG PASTURE 2022",0.765503355894039,39.12,-117.27,NA,NA
"Fleishman7","CG PASTURE 2022",0.801302168023233,39.17,-117.44,NA,NA
"Getts1","CG PASTURE 2022",0.744825129186999,41.17,-120.5,NA,NA
"Getts3","CG PASTURE 2022",0.809789066617859,40.43,-120.67,NA,NA
"Holdrege1","CG PASTURE 2022",0.786122144174913,41.61,-111.57,NA,NA
"Hufft1","CG PASTURE 2022",0.759207781373064,38.6701,-108.3286,NA,NA
"Lavin1","CG PASTURE 2022",0.788340599187435,44.68,-109.07,NA,NA
"Lavin2","CG PASTURE 2022",0.791998023796967,45.67,-111.03,NA,NA
"Lee1","CG PASTURE 2022",0.706658482232094,36.82340833,-116.0163889,NA,NA
"Lee2","CG PASTURE 2022",0.698904724812404,35.3984,-115.7845,NA,NA
"Lee3","CG PASTURE 2022",0.706503083025978,36.5247,-115.8987,NA,NA
"Lee4","CG PASTURE 2022",0.702918009490679,35.4564,-115.52,NA,NA
"Leger1","CG PASTURE 2022",0.736556902909405,39.49,-119.84,NA,NA
"Maron1","CG PASTURE 2022",0.784061399780378,46.68,-114.03,NA,NA
"Maron2","CG PASTURE 2022",0.797171109748857,46.64,-113.23,NA,NA
"Porensky30","CG PASTURE 2022",0.777791892609628,40.63,-105.27,NA,NA
"Pyke3","CG PASTURE 2022",0.811633324391843,44.60456358,-120.1924183,NA,NA
"Pyke8","CG PASTURE 2022",0.737101503458176,46.74830998,-119.361636,NA,NA
"Pyke21","CG PASTURE 2022",0.788323788970078,47.61803776,-119.6830115,NA,NA
"Pyle1","CG PASTURE 2022",0.892495990141778,42.35,-118.65,NA,NA
"Pyle9","CG PASTURE 2022",0.797140111219591,43.42,-119.62,NA,NA
"Pyle10","CG PASTURE 2022",0.765642720340202,43.19,-120,NA,NA
"Pyle15","CG PASTURE 2022",0.807189295226333,43.8,-119,NA,NA
"Pyle17","CG PASTURE 2022",0.783980723992874,44.36,-118.93,NA,NA
"Pyle19","CG PASTURE 2022",0.761136902253453,44.57,-119.65,NA,NA
"Reed1","CG PASTURE 2022",0.774652950948169,38.52,-109.47,NA,NA
"Reed3","CG PASTURE 2022",0.77685266710647,38.75,-109.79,NA,NA
"Schupp3","CG PASTURE 2022",0.768718353809886,38.6,-113.79,NA,NA
"Schupp4","CG PASTURE 2022",0.781157507578901,38.52,-113.55,NA,NA
"Schupp5","CG PASTURE 2022",0.78697704175604,39.11,-112.74,NA,NA
"Symstad1","CG PASTURE 2022",0.773724972764676,44.59,-104.71,NA,NA
"Symstad2","CG PASTURE 2022",0.763757924424838,43.87,-103.46,NA,NA
"Symstad3","CG PASTURE 2022",0.799536538752675,43.62,-103.47,NA,NA
"Urza2","CG PASTURE 2022",0.814076964449959,40.84,-119.56,NA,NA
"Wilcox2","CG PASTURE 2022",0.750315178628423,41.31,-105.66,NA,NA
"Chynoweth2","CG PASTURE 2022",0.765955010574291,40.29092,-109.68361,NA,NA
"Chynoweth3","CG PASTURE 2022",0.750684759872849,39.83576,-109.61202,NA,NA
"Chynoweth5","CG PASTURE 2022",0.787852685479101,40.480805,-109.438229,NA,NA
"Chynoweth7","CG PASTURE 2022",0.781837661705118,40.533605,-109.523564,NA,NA
"Chynoweth8","CG PASTURE 2022",0.765477721914746,40.640878,-109.48689,NA,NA
"Shriver2","CG PASTURE 2022",0.786409338306482,48,-114.04,NA,NA
"Davies03","CG PASTURE 2022",0.807810851798116,42.68,-118.68,NA,NA
"GerminoBOP1","CG PASTURE 2022",0.790965683610982,43.4720833,-116.2338306,NA,NA
"Mancillas01","CG PASTURE 2022",0.767179117933445,32.368,-106.56,NA,NA
"Boise_High 2022","CG PASTURE 2022",0.936808965823248,NA,NA,NA,NA
"Boise_Low 2022","CG PASTURE 2022",0.874842884676636,NA,NA,NA,NA
"CG PASTURE 2022","CG PASTURE 2022",1,NA,NA,NA,NA
"CaseAoyamaS1 2022","CG PASTURE 2022",0.939687200192994,NA,NA,NA,NA
"CastValley 2021","CG PASTURE 2022",0.86127377109832,NA,NA,NA,NA
"EOARC 2022","CG PASTURE 2022",0.941639303057449,NA,NA,NA,NA
"EnsingS1 SuRDC 2022","CG PASTURE 2022",0.973323861916056,NA,NA,NA,NA
"EnsingS2 Summerland-Princeton 2022","CG PASTURE 2022",0.932350978126254,NA,NA,NA,NA
"EnsingS3 Bear Creek 2022","CG PASTURE 2022",0.916651808582741,NA,NA,NA,NA
"EnsingS4 Lundbom 2022","CG PASTURE 2022",0.936882208056321,NA,NA,NA,NA
"FAR NORTH CPER 2022","CG PASTURE 2022",0.970269895603693,NA,NA,NA,NA
"FtK_Cottonwood_Coulee 2021","CG PASTURE 2022",0.956507504859097,NA,NA,NA,NA
"FtK_Lone_Pine 2021","CG PASTURE 2022",0.952833026085265,NA,NA,NA,NA
"GoeblS1 2024","CG PASTURE 2022",0.926014114708812,NA,NA,NA,NA
"GreenCanyon 2021","CG PASTURE 2022",0.963977674855571,NA,NA,NA,NA
"HPGRS AGCR 2022","CG PASTURE 2022",0.996806309440489,NA,NA,NA,NA
"HardwareRanch 2022","CG PASTURE 2022",0.968201393277294,NA,NA,NA,NA
"K1_vanDiepen 2022","CG PASTURE 2022",0.939846782398548,NA,NA,NA,NA
"L1_vanDiepen 2022","CG PASTURE 2022",0.976580913906747,NA,NA,NA,NA
"MPG_IR 2021","CG PASTURE 2022",0.960981187387424,NA,NA,NA,NA
"MPG_SR 2021","CG PASTURE 2022",0.963430406241257,NA,NA,NA,NA
"MPG_TH 2021","CG PASTURE 2022",0.962274277184787,NA,NA,NA,NA
"NEAR 4WAY CPER 2022","CG PASTURE 2022",0.965651040982792,NA,NA,NA,NA
"NEAR HQ CPER 2022","CG PASTURE 2022",0.971943809621928,NA,NA,NA,NA
"NEAR NUTNET 2022","CG PASTURE 2022",0.969062373833734,NA,NA,NA,NA
"OttS1 2022","CG PASTURE 2022",0.980119537932787,NA,NA,NA,NA
"PMR- Brome 2021","CG PASTURE 2022",0.975073149555299,NA,NA,NA,NA
"Pearlwise 2024","CG PASTURE 2022",0.937949982026363,NA,NA,NA,NA
"Peavine 2022","CG PASTURE 2022",0.893982132202286,NA,NA,NA,NA
"Plymouth 2022","CG PASTURE 2022",0.879734018866794,NA,NA,NA,NA
"RedBluff 2023","CG PASTURE 2022",0.982399749464996,NA,NA,NA,NA
"Rush_Valley 2022","CG PASTURE 2022",0.932610961880786,NA,NA,NA,NA
"SSHQ 2022","CG PASTURE 2022",0.951770248659312,NA,NA,NA,NA
"SSHigh 2022","CG PASTURE 2022",0.94489821022226,NA,NA,NA,NA
"SouthEden 2022","CG PASTURE 2022",0.9616884364245,NA,NA,NA,NA
"Symstad1 2021","CG PASTURE 2022",0.980922946820476,NA,NA,NA,NA
"Symstad2 2022","CG PASTURE 2022",0.979547802476197,NA,NA,NA,NA
"TB FIRE 2022","CG PASTURE 2022",0.965894073166695,NA,NA,NA,NA
"TB LC Control 2022","CG PASTURE 2022",0.964682187372977,NA,NA,NA,NA
"TB PRAIRIE DOG 2022","CG PASTURE 2022",0.96503692125459,NA,NA,NA,NA
"Woodruff 2022","CG PASTURE 2022",0.960868038678441,NA,NA,NA,NA
"dino 2024","CG PASTURE 2022",0.911164342150254,NA,NA,NA,NA
"AAFC4","CaseAoyamaS1 2022",0.766059225568879,50.08,-120.65,NA,NA
"AAFC5","CaseAoyamaS1 2022",0.796102305124013,50.09,-120.45,NA,NA
"AAFC6","CaseAoyamaS1 2022",0.753684281008071,50.09,-120.75,NA,NA
"AAFC8","CaseAoyamaS1 2022",0.79075623497117,49.57,-120.55,NA,NA
"AAFC9","CaseAoyamaS1 2022",0.779461611607869,49.62,-119.8,NA,NA
"AAFC10","CaseAoyamaS1 2022",0.779599821337011,49.71,-120.05,NA,NA
"Adler5","CaseAoyamaS1 2022",0.800978323070775,40.79,-111.87,NA,NA
"Schupp2","CaseAoyamaS1 2022",0.761892224515906,40.2,-112.46,NA,NA
"Schupp1","CaseAoyamaS1 2022",0.758012025008069,39.85,-112.15,NA,NA
"Adler13","CaseAoyamaS1 2022",0.763114252339261,41.44,-111.08,NA,NA
"Adler16","CaseAoyamaS1 2022",0.776166240192025,41.78,-110.2,NA,NA
"Adler17","CaseAoyamaS1 2022",0.776393950308418,41.44,-110.11,NA,NA
"Adler18","CaseAoyamaS1 2022",0.782131416983469,40.86,-114.22,NA,NA
"Barnett1","CaseAoyamaS1 2022",0.79906512940525,43.48,-110.74,NA,NA
"Baughman3","CaseAoyamaS1 2022",0.785420107747171,42.81,-118.96,NA,NA
"Baughman2","CaseAoyamaS1 2022",0.778393279392178,43.05,-118.87,NA,NA
"Chynoweth1","CaseAoyamaS1 2022",0.764249372706829,39.76604,-109.5635,NA,NA
"Board1","CaseAoyamaS1 2022",0.783995719042417,38.84,-117.57,NA,NA
"Bradford1","CaseAoyamaS1 2022",0.783392459816986,35.23,-111.62,NA,NA
"Chambers1","CaseAoyamaS1 2022",0.772229725684634,39.55,-119.58,NA,NA
"Chambers2","CaseAoyamaS1 2022",0.7657789800569,39.95,-118.76,NA,NA
"Urza1","CaseAoyamaS1 2022",0.765960266432248,40.35,-119.34,NA,NA
"Chambers4","CaseAoyamaS1 2022",0.765774286294898,41.31,-117.63,NA,NA
"Chambers5","CaseAoyamaS1 2022",0.755222402380821,41.54,-117.75,NA,NA
"Chambers6","CaseAoyamaS1 2022",0.755258793616981,41.54,-117.78,NA,NA
"Chambers7","CaseAoyamaS1 2022",0.784246862471106,43.94,-116.19,NA,NA
"Chambers8","CaseAoyamaS1 2022",0.773892553128146,42.24,-114.57,NA,NA
"Chambers9","CaseAoyamaS1 2022",0.764339143133784,40.66,-116.73,NA,NA
"Copeland1","CaseAoyamaS1 2022",0.764350671289695,43.7,-117.33,NA,NA
"Copeland5","CaseAoyamaS1 2022",0.80767457369508,42.27,-118.71,NA,NA
"Copeland9","CaseAoyamaS1 2022",0.776427730134041,43.47,-119.68,NA,NA
"Downs1","CaseAoyamaS1 2022",0.748799392376221,46.38145,-119.430272,NA,NA
"Downs2","CaseAoyamaS1 2022",0.784604257468184,46.25045,-119.53334,NA,NA
"Downs3","CaseAoyamaS1 2022",0.745464364717372,45.9663,-120.3671,NA,NA
"Fleishman1","CaseAoyamaS1 2022",0.783551113513702,38.47,-119.49,NA,NA
"Fleishman5","CaseAoyamaS1 2022",0.744300725579139,39.12,-117.27,NA,NA
"Fleishman7","CaseAoyamaS1 2022",0.789091002865159,39.17,-117.44,NA,NA
"Getts1","CaseAoyamaS1 2022",0.766625000336225,41.17,-120.5,NA,NA
"Getts3","CaseAoyamaS1 2022",0.809840618932889,40.43,-120.67,NA,NA
"Holdrege1","CaseAoyamaS1 2022",0.798780611529264,41.61,-111.57,NA,NA
"Hufft1","CaseAoyamaS1 2022",0.743278188969281,38.6701,-108.3286,NA,NA
"Lavin1","CaseAoyamaS1 2022",0.770148968305322,44.68,-109.07,NA,NA
"Lavin2","CaseAoyamaS1 2022",0.781412906642377,45.67,-111.03,NA,NA
"Lee1","CaseAoyamaS1 2022",0.765816948698782,36.82340833,-116.0163889,NA,NA
"Lee2","CaseAoyamaS1 2022",0.748013173315489,35.3984,-115.7845,NA,NA
"Lee3","CaseAoyamaS1 2022",0.765686414408327,36.5247,-115.8987,NA,NA
"Lee4","CaseAoyamaS1 2022",0.742482503119476,35.4564,-115.52,NA,NA
"Leger1","CaseAoyamaS1 2022",0.761038181972957,39.49,-119.84,NA,NA
"Maron1","CaseAoyamaS1 2022",0.765378924651833,46.68,-114.03,NA,NA
"Maron2","CaseAoyamaS1 2022",0.776118613214796,46.64,-113.23,NA,NA
"Porensky30","CaseAoyamaS1 2022",0.76876039501503,40.63,-105.27,NA,NA
"Pyke3","CaseAoyamaS1 2022",0.81251993094153,44.60456358,-120.1924183,NA,NA
"Pyke8","CaseAoyamaS1 2022",0.726861892208371,46.74830998,-119.361636,NA,NA
"Pyke21","CaseAoyamaS1 2022",0.784752893557834,47.61803776,-119.6830115,NA,NA
"Pyle1","CaseAoyamaS1 2022",0.86663664404168,42.35,-118.65,NA,NA
"Pyle9","CaseAoyamaS1 2022",0.776102888142348,43.42,-119.62,NA,NA
"Pyle10","CaseAoyamaS1 2022",0.744440664992258,43.19,-120,NA,NA
"Pyle15","CaseAoyamaS1 2022",0.807652988110904,43.8,-119,NA,NA
"Pyle17","CaseAoyamaS1 2022",0.783356312025419,44.36,-118.93,NA,NA
"Pyle19","CaseAoyamaS1 2022",0.732732657017097,44.57,-119.65,NA,NA
"Reed1","CaseAoyamaS1 2022",0.760662441530104,38.52,-109.47,NA,NA
"Reed3","CaseAoyamaS1 2022",0.748770143012381,38.75,-109.79,NA,NA
"Schupp3","CaseAoyamaS1 2022",0.752635811720047,38.6,-113.79,NA,NA
"Schupp4","CaseAoyamaS1 2022",0.764162707999371,38.52,-113.55,NA,NA
"Schupp5","CaseAoyamaS1 2022",0.766346492777642,39.11,-112.74,NA,NA
"Symstad1","CaseAoyamaS1 2022",0.760640434823813,44.59,-104.71,NA,NA
"Symstad2","CaseAoyamaS1 2022",0.746258553413221,43.87,-103.46,NA,NA
"Symstad3","CaseAoyamaS1 2022",0.780526103431485,43.62,-103.47,NA,NA
"Urza2","CaseAoyamaS1 2022",0.814746101327186,40.84,-119.56,NA,NA
"Wilcox2","CaseAoyamaS1 2022",0.734431549303339,41.31,-105.66,NA,NA
"Chynoweth2","CaseAoyamaS1 2022",0.744739567627148,40.29092,-109.68361,NA,NA
"Chynoweth3","CaseAoyamaS1 2022",0.734754087108172,39.83576,-109.61202,NA,NA
"Chynoweth5","CaseAoyamaS1 2022",0.767320592992301,40.480805,-109.438229,NA,NA
"Chynoweth7","CaseAoyamaS1 2022",0.764780660641845,40.533605,-109.523564,NA,NA
"Chynoweth8","CaseAoyamaS1 2022",0.744277095222359,40.640878,-109.48689,NA,NA
"Shriver2","CaseAoyamaS1 2022",0.79904666734613,48,-114.04,NA,NA
"Davies03","CaseAoyamaS1 2022",0.783713553963016,42.68,-118.68,NA,NA
"GerminoBOP1","CaseAoyamaS1 2022",0.769159454719751,43.4720833,-116.2338306,NA,NA
"Mancillas01","CaseAoyamaS1 2022",0.739151414764514,32.368,-106.56,NA,NA
"Boise_High 2022","CaseAoyamaS1 2022",0.974767452438763,NA,NA,NA,NA
"Boise_Low 2022","CaseAoyamaS1 2022",0.932116440394158,NA,NA,NA,NA
"CG PASTURE 2022","CaseAoyamaS1 2022",0.939687200192994,NA,NA,NA,NA
"CaseAoyamaS1 2022","CaseAoyamaS1 2022",1,NA,NA,NA,NA
"CastValley 2021","CaseAoyamaS1 2022",0.886676173443579,NA,NA,NA,NA
"EOARC 2022","CaseAoyamaS1 2022",0.995800095091174,NA,NA,NA,NA
"EnsingS1 SuRDC 2022","CaseAoyamaS1 2022",0.946355304272507,NA,NA,NA,NA
"EnsingS2 Summerland-Princeton 2022","CaseAoyamaS1 2022",0.951376765313594,NA,NA,NA,NA
"EnsingS3 Bear Creek 2022","CaseAoyamaS1 2022",0.965409765958009,NA,NA,NA,NA
"EnsingS4 Lundbom 2022","CaseAoyamaS1 2022",0.908543020679815,NA,NA,NA,NA
"FAR NORTH CPER 2022","CaseAoyamaS1 2022",0.950342307710399,NA,NA,NA,NA
"FtK_Cottonwood_Coulee 2021","CaseAoyamaS1 2022",0.932631805540609,NA,NA,NA,NA
"FtK_Lone_Pine 2021","CaseAoyamaS1 2022",0.93225366321341,NA,NA,NA,NA
"GoeblS1 2024","CaseAoyamaS1 2022",0.95654265366642,NA,NA,NA,NA
"GreenCanyon 2021","CaseAoyamaS1 2022",0.949838011374592,NA,NA,NA,NA
"HPGRS AGCR 2022","CaseAoyamaS1 2022",0.941845499202075,NA,NA,NA,NA
"HardwareRanch 2022","CaseAoyamaS1 2022",0.935349299174983,NA,NA,NA,NA
"K1_vanDiepen 2022","CaseAoyamaS1 2022",0.889060612724505,NA,NA,NA,NA
"L1_vanDiepen 2022","CaseAoyamaS1 2022",0.924728290619434,NA,NA,NA,NA
"MPG_IR 2021","CaseAoyamaS1 2022",0.910453410842568,NA,NA,NA,NA
"MPG_SR 2021","CaseAoyamaS1 2022",0.912898243383354,NA,NA,NA,NA
"MPG_TH 2021","CaseAoyamaS1 2022",0.911772036705223,NA,NA,NA,NA
"NEAR 4WAY CPER 2022","CaseAoyamaS1 2022",0.949973398803138,NA,NA,NA,NA
"NEAR HQ CPER 2022","CaseAoyamaS1 2022",0.950240567213136,NA,NA,NA,NA
"NEAR NUTNET 2022","CaseAoyamaS1 2022",0.950220605925888,NA,NA,NA,NA
"OttS1 2022","CaseAoyamaS1 2022",0.946268078079763,NA,NA,NA,NA
"PMR- Brome 2021","CaseAoyamaS1 2022",0.946394187451023,NA,NA,NA,NA
"Pearlwise 2024","CaseAoyamaS1 2022",0.980052511841772,NA,NA,NA,NA
"Peavine 2022","CaseAoyamaS1 2022",0.948342226516836,NA,NA,NA,NA
"Plymouth 2022","CaseAoyamaS1 2022",0.93744827805528,NA,NA,NA,NA
"RedBluff 2023","CaseAoyamaS1 2022",0.935225356135712,NA,NA,NA,NA
"Rush_Valley 2022","CaseAoyamaS1 2022",0.956056301147875,NA,NA,NA,NA
"SSHQ 2022","CaseAoyamaS1 2022",0.907845496168703,NA,NA,NA,NA
"SSHigh 2022","CaseAoyamaS1 2022",0.893973072031441,NA,NA,NA,NA
"SouthEden 2022","CaseAoyamaS1 2022",0.919152471987653,NA,NA,NA,NA
"Symstad1 2021","CaseAoyamaS1 2022",0.926192820727979,NA,NA,NA,NA
"Symstad2 2022","CaseAoyamaS1 2022",0.926903216305629,NA,NA,NA,NA
"TB FIRE 2022","CaseAoyamaS1 2022",0.949063212475951,NA,NA,NA,NA
"TB LC Control 2022","CaseAoyamaS1 2022",0.948806334971745,NA,NA,NA,NA
"TB PRAIRIE DOG 2022","CaseAoyamaS1 2022",0.948894056030879,NA,NA,NA,NA
"Woodruff 2022","CaseAoyamaS1 2022",0.917245670172511,NA,NA,NA,NA
"dino 2024","CaseAoyamaS1 2022",0.900972073684684,NA,NA,NA,NA
"AAFC4","CastValley 2021",0.725419874656659,50.08,-120.65,NA,NA
"AAFC5","CastValley 2021",0.718595509025283,50.09,-120.45,NA,NA
"AAFC6","CastValley 2021",0.743895623337005,50.09,-120.75,NA,NA
"AAFC8","CastValley 2021",0.74075988620052,49.57,-120.55,NA,NA
"AAFC9","CastValley 2021",0.713267829519415,49.62,-119.8,NA,NA
"AAFC10","CastValley 2021",0.713469214359376,49.71,-120.05,NA,NA
"Adler5","CastValley 2021",0.739472519269614,40.79,-111.87,NA,NA
"Schupp2","CastValley 2021",0.744472762904515,40.2,-112.46,NA,NA
"Schupp1","CastValley 2021",0.757381175331829,39.85,-112.15,NA,NA
"Adler13","CastValley 2021",0.783852780043075,41.44,-111.08,NA,NA
"Adler16","CastValley 2021",0.711936529624858,41.78,-110.2,NA,NA
"Adler17","CastValley 2021",0.712150425170835,41.44,-110.11,NA,NA
"Adler18","CastValley 2021",0.755486288129879,40.86,-114.22,NA,NA
"Barnett1","CastValley 2021",0.722548224080283,43.48,-110.74,NA,NA
"Baughman3","CastValley 2021",0.724594625334334,42.81,-118.96,NA,NA
"Baughman2","CastValley 2021",0.766638198081699,43.05,-118.87,NA,NA
"Chynoweth1","CastValley 2021",0.79122963988834,39.76604,-109.5635,NA,NA
"Board1","CastValley 2021",0.697037570682281,38.84,-117.57,NA,NA
"Bradford1","CastValley 2021",0.696514599872182,35.23,-111.62,NA,NA
"Chambers1","CastValley 2021",0.806979010019494,39.55,-119.58,NA,NA
"Chambers2","CastValley 2021",0.795050363767918,39.95,-118.76,NA,NA
"Urza1","CastValley 2021",0.795230658437285,40.35,-119.34,NA,NA
"Chambers4","CastValley 2021",0.795095291556728,41.31,-117.63,NA,NA
"Chambers5","CastValley 2021",0.780309598419827,41.54,-117.75,NA,NA
"Chambers6","CastValley 2021",0.780426776649338,41.54,-117.78,NA,NA
"Chambers7","CastValley 2021",0.762775378562089,43.94,-116.19,NA,NA
"Chambers8","CastValley 2021",0.748592348629282,42.24,-114.57,NA,NA
"Chambers9","CastValley 2021",0.791328797332385,40.66,-116.73,NA,NA
"Copeland1","CastValley 2021",0.791305971224043,43.7,-117.33,NA,NA
"Copeland5","CastValley 2021",0.721065871461018,42.27,-118.71,NA,NA
"Copeland9","CastValley 2021",0.712170602648269,43.47,-119.68,NA,NA
"Downs1","CastValley 2021",0.728896237374414,46.38145,-119.430272,NA,NA
"Downs2","CastValley 2021",0.740385281534715,46.25045,-119.53334,NA,NA
"Downs3","CastValley 2021",0.713689978821054,45.9663,-120.3671,NA,NA
"Fleishman1","CastValley 2021",0.755255405335907,38.47,-119.49,NA,NA
"Fleishman5","CastValley 2021",0.766939633148006,39.12,-117.27,NA,NA
"Fleishman7","CastValley 2021",0.700503109756892,39.17,-117.44,NA,NA
"Getts1","CastValley 2021",0.737957078498026,41.17,-120.5,NA,NA
"Getts3","CastValley 2021",0.723647913808321,40.43,-120.67,NA,NA
"Holdrege1","CastValley 2021",0.722318427698783,41.61,-111.57,NA,NA
"Hufft1","CastValley 2021",0.736473558096664,38.6701,-108.3286,NA,NA
"Lavin1","CastValley 2021",0.758867103254987,44.68,-109.07,NA,NA
"Lavin2","CastValley 2021",0.722759692354248,45.67,-111.03,NA,NA
"Lee1","CastValley 2021",0.795147956576075,36.82340833,-116.0163889,NA,NA
"Lee2","CastValley 2021",0.779892998182559,35.3984,-115.7845,NA,NA
"Lee3","CastValley 2021",0.794983449963745,36.5247,-115.8987,NA,NA
"Lee4","CastValley 2021",0.722487885632595,35.4564,-115.52,NA,NA
"Leger1","CastValley 2021",0.714270646921584,39.49,-119.84,NA,NA
"Maron1","CastValley 2021",0.758469642987701,46.68,-114.03,NA,NA
"Maron2","CastValley 2021",0.711876674875974,46.64,-113.23,NA,NA
"Porensky30","CastValley 2021",0.713622647387472,40.63,-105.27,NA,NA
"Pyke3","CastValley 2021",0.733868486855395,44.60456358,-120.1924183,NA,NA
"Pyke8","CastValley 2021",0.72483968660917,46.74830998,-119.361636,NA,NA
"Pyke21","CastValley 2021",0.73342528007952,47.61803776,-119.6830115,NA,NA
"Pyle1","CastValley 2021",0.827440292519569,42.35,-118.65,NA,NA
"Pyle9","CastValley 2021",0.711880617364875,43.42,-119.62,NA,NA
"Pyle10","CastValley 2021",0.767106684539736,43.19,-120,NA,NA
"Pyle15","CastValley 2021",0.72912780067698,43.8,-119,NA,NA
"Pyle17","CastValley 2021",0.716352208200409,44.36,-118.93,NA,NA
"Pyle19","CastValley 2021",0.742998618113307,44.57,-119.65,NA,NA
"Reed1","CastValley 2021",0.761462688632167,38.52,-109.47,NA,NA
"Reed3","CastValley 2021",0.756315598246489,38.75,-109.79,NA,NA
"Schupp3","CastValley 2021",0.757484468900978,38.6,-113.79,NA,NA
"Schupp4","CastValley 2021",0.791179067938145,38.52,-113.55,NA,NA
"Schupp5","CastValley 2021",0.773897784508522,39.11,-112.74,NA,NA
"Symstad1","CastValley 2021",0.735127142081248,44.59,-104.71,NA,NA
"Symstad2","CastValley 2021",0.719337961542956,43.87,-103.46,NA,NA
"Symstad3","CastValley 2021",0.758454499898284,43.62,-103.47,NA,NA
"Urza2","CastValley 2021",0.75235388734412,40.84,-119.56,NA,NA
"Wilcox2","CastValley 2021",0.736709965813697,41.31,-105.66,NA,NA
"Chynoweth2","CastValley 2021",0.767390810361653,40.29092,-109.68361,NA,NA
"Chynoweth3","CastValley 2021",0.737017359567984,39.83576,-109.61202,NA,NA
"Chynoweth5","CastValley 2021",0.785727287404016,40.480805,-109.438229,NA,NA
"Chynoweth7","CastValley 2021",0.791657259308836,40.533605,-109.523564,NA,NA
"Chynoweth8","CastValley 2021",0.766917665931508,40.640878,-109.48689,NA,NA
"Shriver2","CastValley 2021",0.722539414033691,48,-114.04,NA,NA
"Davies03","CastValley 2021",0.696789416860238,42.68,-118.68,NA,NA
"GerminoBOP1","CastValley 2021",0.795819839679313,43.4720833,-116.2338306,NA,NA
"Mancillas01","CastValley 2021",0.7512140206147,32.368,-106.56,NA,NA
"Boise_High 2022","CastValley 2021",0.86390050860155,NA,NA,NA,NA
"Boise_Low 2022","CastValley 2021",0.922503103916447,NA,NA,NA,NA
"CG PASTURE 2022","CastValley 2021",0.86127377109832,NA,NA,NA,NA
"CaseAoyamaS1 2022","CastValley 2021",0.886676173443579,NA,NA,NA,NA
"CastValley 2021","CastValley 2021",1,NA,NA,NA,NA
"EOARC 2022","CastValley 2021",0.882359143377562,NA,NA,NA,NA
"EnsingS1 SuRDC 2022","CastValley 2021",0.872717338945646,NA,NA,NA,NA
"EnsingS2 Summerland-Princeton 2022","CastValley 2021",0.838741171803811,NA,NA,NA,NA
"EnsingS3 Bear Creek 2022","CastValley 2021",0.872150116413766,NA,NA,NA,NA
"EnsingS4 Lundbom 2022","CastValley 2021",0.798424333125079,NA,NA,NA,NA
"FAR NORTH CPER 2022","CastValley 2021",0.894836326346896,NA,NA,NA,NA
"FtK_Cottonwood_Coulee 2021","CastValley 2021",0.882324515055274,NA,NA,NA,NA
"FtK_Lone_Pine 2021","CastValley 2021",0.886309859937187,NA,NA,NA,NA
"GoeblS1 2024","CastValley 2021",0.914238338733016,NA,NA,NA,NA
"GreenCanyon 2021","CastValley 2021",0.887862525990687,NA,NA,NA,NA
"HPGRS AGCR 2022","CastValley 2021",0.86488518754069,NA,NA,NA,NA
"HardwareRanch 2022","CastValley 2021",0.852123904014899,NA,NA,NA,NA
"K1_vanDiepen 2022","CastValley 2021",0.802545495961816,NA,NA,NA,NA
"L1_vanDiepen 2022","CastValley 2021",0.849022081192796,NA,NA,NA,NA
"MPG_IR 2021","CastValley 2021",0.836541564749547,NA,NA,NA,NA
"MPG_SR 2021","CastValley 2021",0.840530543021878,NA,NA,NA,NA
"MPG_TH 2021","CastValley 2021",0.838922193592542,NA,NA,NA,NA
"NEAR 4WAY CPER 2022","CastValley 2021",0.899814065333934,NA,NA,NA,NA
"NEAR HQ CPER 2022","CastValley 2021",0.893359044577071,NA,NA,NA,NA
"NEAR NUTNET 2022","CastValley 2021",0.896151112575556,NA,NA,NA,NA
"OttS1 2022","CastValley 2021",0.877967812344309,NA,NA,NA,NA
"PMR- Brome 2021","CastValley 2021",0.852304293708534,NA,NA,NA,NA
"Pearlwise 2024","CastValley 2021",0.898165690689447,NA,NA,NA,NA
"Peavine 2022","CastValley 2021",0.871239955353852,NA,NA,NA,NA
"Plymouth 2022","CastValley 2021",0.894856788026247,NA,NA,NA,NA
"RedBluff 2023","CastValley 2021",0.847299621298481,NA,NA,NA,NA
"Rush_Valley 2022","CastValley 2021",0.92914161843961,NA,NA,NA,NA
"SSHQ 2022","CastValley 2021",0.85195306025111,NA,NA,NA,NA
"SSHigh 2022","CastValley 2021",0.820890350672722,NA,NA,NA,NA
"SouthEden 2022","CastValley 2021",0.838795539967361,NA,NA,NA,NA
"Symstad1 2021","CastValley 2021",0.866339453481437,NA,NA,NA,NA
"Symstad2 2022","CastValley 2021",0.869308713283226,NA,NA,NA,NA
"TB FIRE 2022","CastValley 2021",0.888860725708742,NA,NA,NA,NA
"TB LC Control 2022","CastValley 2021",0.889971578084969,NA,NA,NA,NA
"TB PRAIRIE DOG 2022","CastValley 2021",0.889561711217186,NA,NA,NA,NA
"Woodruff 2022","CastValley 2021",0.849794368563531,NA,NA,NA,NA
"dino 2024","CastValley 2021",0.922056658379351,NA,NA,NA,NA
"AAFC4","EOARC 2022",0.766734195282812,50.08,-120.65,NA,NA
"AAFC5","EOARC 2022",0.798061103203412,50.09,-120.45,NA,NA
"AAFC6","EOARC 2022",0.753274396017517,50.09,-120.75,NA,NA
"AAFC8","EOARC 2022",0.791618224507603,49.57,-120.55,NA,NA
"AAFC9","EOARC 2022",0.781083763556348,49.62,-119.8,NA,NA
"AAFC10","EOARC 2022",0.781220067607898,49.71,-120.05,NA,NA
"Adler5","EOARC 2022",0.802547289875074,40.79,-111.87,NA,NA
"Schupp2","EOARC 2022",0.761801529634245,40.2,-112.46,NA,NA
"Schupp1","EOARC 2022",0.757164936795835,39.85,-112.15,NA,NA
"Adler13","EOARC 2022",0.762476331446628,41.44,-111.08,NA,NA
"Adler16","EOARC 2022",0.777253763494062,41.78,-110.2,NA,NA
"Adler17","EOARC 2022",0.777480998348555,41.44,-110.11,NA,NA
"Adler18","EOARC 2022",0.78231500040156,40.86,-114.22,NA,NA
"Barnett1","EOARC 2022",0.801256803040735,43.48,-110.74,NA,NA
"Baughman3","EOARC 2022",0.786747319914883,42.81,-118.96,NA,NA
"Baughman2","EOARC 2022",0.778036527534293,43.05,-118.87,NA,NA
"Chynoweth1","EOARC 2022",0.763915503083854,39.76604,-109.5635,NA,NA
"Board1","EOARC 2022",0.787603410206307,38.84,-117.57,NA,NA
"Bradford1","EOARC 2022",0.786999021082334,35.23,-111.62,NA,NA
"Chambers1","EOARC 2022",0.768009260209763,39.55,-119.58,NA,NA
"Chambers2","EOARC 2022",0.761300135358891,39.95,-118.76,NA,NA
"Urza1","EOARC 2022",0.761479869763389,40.35,-119.34,NA,NA
"Chambers4","EOARC 2022",0.761293223055269,41.31,-117.63,NA,NA
"Chambers5","EOARC 2022",0.75133185213432,41.54,-117.75,NA,NA
"Chambers6","EOARC 2022",0.751363357199198,41.54,-117.78,NA,NA
"Chambers7","EOARC 2022",0.784205259871062,43.94,-116.19,NA,NA
"Chambers8","EOARC 2022",0.774183585887037,42.24,-114.57,NA,NA
"Chambers9","EOARC 2022",0.76400421014983,40.66,-116.73,NA,NA
"Copeland1","EOARC 2022",0.764016790527489,43.7,-117.33,NA,NA
"Copeland5","EOARC 2022",0.810535892991482,42.27,-118.71,NA,NA
"Copeland9","EOARC 2022",0.777516151117446,43.47,-119.68,NA,NA
"Downs1","EOARC 2022",0.748776713751943,46.38145,-119.430272,NA,NA
"Downs2","EOARC 2022",0.785332003981255,46.25045,-119.53334,NA,NA
"Downs3","EOARC 2022",0.745704117777736,45.9663,-120.3671,NA,NA
"Fleishman1","EOARC 2022",0.783947157656846,38.47,-119.49,NA,NA
"Fleishman5","EOARC 2022",0.742846396841733,39.12,-117.27,NA,NA
"Fleishman7","EOARC 2022",0.792499662442996,39.17,-117.44,NA,NA
"Getts1","EOARC 2022",0.766533346784848,41.17,-120.5,NA,NA
"Getts3","EOARC 2022",0.812960924513728,40.43,-120.67,NA,NA
"Holdrege1","EOARC 2022",0.800970285074487,41.61,-111.57,NA,NA
"Hufft1","EOARC 2022",0.742656547933221,38.6701,-108.3286,NA,NA
"Lavin1","EOARC 2022",0.769745886196649,44.68,-109.07,NA,NA
"Lavin2","EOARC 2022",0.782672738813251,45.67,-111.03,NA,NA
"Lee1","EOARC 2022",0.761334936391126,36.82340833,-116.0163889,NA,NA
"Lee2","EOARC 2022",0.744436196911414,35.3984,-115.7845,NA,NA
"Lee3","EOARC 2022",0.761206315210606,36.5247,-115.8987,NA,NA
"Lee4","EOARC 2022",0.742044774464745,35.4564,-115.52,NA,NA
"Leger1","EOARC 2022",0.761964960134815,39.49,-119.84,NA,NA
"Maron1","EOARC 2022",0.76533288796725,46.68,-114.03,NA,NA
"Maron2","EOARC 2022",0.777206468434919,46.64,-113.23,NA,NA
"Porensky30","EOARC 2022",0.769778591501975,40.63,-105.27,NA,NA
"Pyke3","EOARC 2022",0.814906734495013,44.60456358,-120.1924183,NA,NA
"Pyke8","EOARC 2022",0.726028094351657,46.74830998,-119.361636,NA,NA
"Pyke21","EOARC 2022",0.785745672945468,47.61803776,-119.6830115,NA,NA
"Pyle1","EOARC 2022",0.867346287285081,42.35,-118.65,NA,NA
"Pyle9","EOARC 2022",0.777189501514317,43.42,-119.62,NA,NA
"Pyle10","EOARC 2022",0.742986572890843,43.19,-120,NA,NA
"Pyle15","EOARC 2022",0.809776301458303,43.8,-119,NA,NA
"Pyle17","EOARC 2022",0.784885032342103,44.36,-118.93,NA,NA
"Pyle19","EOARC 2022",0.731867243620936,44.57,-119.65,NA,NA
"Reed1","EOARC 2022",0.76023970411074,38.52,-109.47,NA,NA
"Reed3","EOARC 2022",0.748134624159167,38.75,-109.79,NA,NA
"Schupp3","EOARC 2022",0.751758753090185,38.6,-113.79,NA,NA
"Schupp4","EOARC 2022",0.763827733030216,38.52,-113.55,NA,NA
"Schupp5","EOARC 2022",0.766286525299209,39.11,-112.74,NA,NA
"Symstad1","EOARC 2022",0.760431815717125,44.59,-104.71,NA,NA
"Symstad2","EOARC 2022",0.746408309141983,43.87,-103.46,NA,NA
"Symstad3","EOARC 2022",0.780754191024374,43.62,-103.47,NA,NA
"Urza2","EOARC 2022",0.816511517729988,40.84,-119.56,NA,NA
"Wilcox2","EOARC 2022",0.733367448764938,41.31,-105.66,NA,NA
"Chynoweth2","EOARC 2022",0.7432842818944,40.29092,-109.68361,NA,NA
"Chynoweth3","EOARC 2022",0.733690332237779,39.83576,-109.61202,NA,NA
"Chynoweth5","EOARC 2022",0.766003121779836,40.480805,-109.438229,NA,NA
"Chynoweth7","EOARC 2022",0.764447344577723,40.533605,-109.523564,NA,NA
"Chynoweth8","EOARC 2022",0.74282338066298,40.640878,-109.48689,NA,NA
"Shriver2","EOARC 2022",0.801238566049258,48,-114.04,NA,NA
"Davies03","EOARC 2022",0.787320446718842,42.68,-118.68,NA,NA
"GerminoBOP1","EOARC 2022",0.768502853640715,43.4720833,-116.2338306,NA,NA
"Mancillas01","EOARC 2022",0.738339390693806,32.368,-106.56,NA,NA
"Boise_High 2022","EOARC 2022",0.978581410455586,NA,NA,NA,NA
"Boise_Low 2022","EOARC 2022",0.927761628107393,NA,NA,NA,NA
"CG PASTURE 2022","EOARC 2022",0.941639303057449,NA,NA,NA,NA
"CaseAoyamaS1 2022","EOARC 2022",0.995800095091174,NA,NA,NA,NA
"CastValley 2021","EOARC 2022",0.882359143377562,NA,NA,NA,NA
"EOARC 2022","EOARC 2022",1,NA,NA,NA,NA
"EnsingS1 SuRDC 2022","EOARC 2022",0.948372801542309,NA,NA,NA,NA
"EnsingS2 Summerland-Princeton 2022","EOARC 2022",0.95480019029583,NA,NA,NA,NA
"EnsingS3 Bear Creek 2022","EOARC 2022",0.965404950228672,NA,NA,NA,NA
"EnsingS4 Lundbom 2022","EOARC 2022",0.912509258791474,NA,NA,NA,NA
"FAR NORTH CPER 2022","EOARC 2022",0.949847837443846,NA,NA,NA,NA
"FtK_Cottonwood_Coulee 2021","EOARC 2022",0.932085404567534,NA,NA,NA,NA
"FtK_Lone_Pine 2021","EOARC 2022",0.931400184781264,NA,NA,NA,NA
"GoeblS1 2024","EOARC 2022",0.9534746370883,NA,NA,NA,NA
"GreenCanyon 2021","EOARC 2022",0.950786500187615,NA,NA,NA,NA
"HPGRS AGCR 2022","EOARC 2022",0.943584071971865,NA,NA,NA,NA
"HardwareRanch 2022","EOARC 2022",0.938394491154521,NA,NA,NA,NA
"K1_vanDiepen 2022","EOARC 2022",0.892727377833263,NA,NA,NA,NA
"L1_vanDiepen 2022","EOARC 2022",0.926861169951962,NA,NA,NA,NA
"MPG_IR 2021","EOARC 2022",0.913218450148046,NA,NA,NA,NA
"MPG_SR 2021","EOARC 2022",0.915506201222272,NA,NA,NA,NA
"MPG_TH 2021","EOARC 2022",0.914437725545453,NA,NA,NA,NA
"NEAR 4WAY CPER 2022","EOARC 2022",0.949062836713522,NA,NA,NA,NA
"NEAR HQ CPER 2022","EOARC 2022",0.949902363024512,NA,NA,NA,NA
"NEAR NUTNET 2022","EOARC 2022",0.949612298061402,NA,NA,NA,NA
"OttS1 2022","EOARC 2022",0.946810390212638,NA,NA,NA,NA
"PMR- Brome 2021","EOARC 2022",0.949394285611908,NA,NA,NA,NA
"Pearlwise 2024","EOARC 2022",0.979271912515167,NA,NA,NA,NA
"Peavine 2022","EOARC 2022",0.948041490967267,NA,NA,NA,NA
"Plymouth 2022","EOARC 2022",0.93473223144809,NA,NA,NA,NA
"RedBluff 2023","EOARC 2022",0.937910880883415,NA,NA,NA,NA
"Rush_Valley 2022","EOARC 2022",0.953352864571367,NA,NA,NA,NA
"SSHQ 2022","EOARC 2022",0.909304587736303,NA,NA,NA,NA
"SSHigh 2022","EOARC 2022",0.896838730331001,NA,NA,NA,NA
"SouthEden 2022","EOARC 2022",0.922024832070739,NA,NA,NA,NA
"Symstad1 2021","EOARC 2022",0.927265190911289,NA,NA,NA,NA
"Symstad2 2022","EOARC 2022",0.927795543903271,NA,NA,NA,NA
"TB FIRE 2022","EOARC 2022",0.948534093269166,NA,NA,NA,NA
"TB LC Control 2022","EOARC 2022",0.948171155667866,NA,NA,NA,NA
"TB PRAIRIE DOG 2022","EOARC 2022",0.948294999738009,NA,NA,NA,NA
"Woodruff 2022","EOARC 2022",0.919142120765456,NA,NA,NA,NA
"dino 2024","EOARC 2022",0.898760687867535,NA,NA,NA,NA
"AAFC4","EnsingS1 SuRDC 2022",0.78008419974449,50.08,-120.65,NA,NA
"AAFC5","EnsingS1 SuRDC 2022",0.803679237928091,50.09,-120.45,NA,NA
"AAFC6","EnsingS1 SuRDC 2022",0.7684947406991,50.09,-120.75,NA,NA
"AAFC8","EnsingS1 SuRDC 2022",0.800842546895058,49.57,-120.55,NA,NA
"AAFC9","EnsingS1 SuRDC 2022",0.78818239503021,49.62,-119.8,NA,NA
"AAFC10","EnsingS1 SuRDC 2022",0.788339270617133,49.71,-120.05,NA,NA
"Adler5","EnsingS1 SuRDC 2022",0.80100650479473,40.79,-111.87,NA,NA
"Schupp2","EnsingS1 SuRDC 2022",0.77510598322875,40.2,-112.46,NA,NA
"Schupp1","EnsingS1 SuRDC 2022",0.771297707036921,39.85,-112.15,NA,NA
"Adler13","EnsingS1 SuRDC 2022",0.786427655600658,41.44,-111.08,NA,NA
"Adler16","EnsingS1 SuRDC 2022",0.780769327867475,41.78,-110.2,NA,NA
"Adler17","EnsingS1 SuRDC 2022",0.781008690661364,41.44,-110.11,NA,NA
"Adler18","EnsingS1 SuRDC 2022",0.789294850158817,40.86,-114.22,NA,NA
"Barnett1","EnsingS1 SuRDC 2022",0.799320600749472,43.48,-110.74,NA,NA
"Baughman3","EnsingS1 SuRDC 2022",0.791764173391379,42.81,-118.96,NA,NA
"Baughman2","EnsingS1 SuRDC 2022",0.782290374939305,43.05,-118.87,NA,NA
"Chynoweth1","EnsingS1 SuRDC 2022",0.797043789610406,39.76604,-109.5635,NA,NA
"Board1","EnsingS1 SuRDC 2022",0.801139379073277,38.84,-117.57,NA,NA
"Bradford1","EnsingS1 SuRDC 2022",0.800547953127318,35.23,-111.62,NA,NA
"Chambers1","EnsingS1 SuRDC 2022",0.723294696834533,39.55,-119.58,NA,NA
"Chambers2","EnsingS1 SuRDC 2022",0.711288316402788,39.95,-118.76,NA,NA
"Urza1","EnsingS1 SuRDC 2022",0.711452046197278,40.35,-119.34,NA,NA
"Chambers4","EnsingS1 SuRDC 2022",0.711255213913113,41.31,-117.63,NA,NA
"Chambers5","EnsingS1 SuRDC 2022",0.707165882003712,41.54,-117.75,NA,NA
"Chambers6","EnsingS1 SuRDC 2022",0.707158909489974,41.54,-117.78,NA,NA
"Chambers7","EnsingS1 SuRDC 2022",0.794048003103097,43.94,-116.19,NA,NA
"Chambers8","EnsingS1 SuRDC 2022",0.785550358288145,42.24,-114.57,NA,NA
"Chambers9","EnsingS1 SuRDC 2022",0.797107083313093,40.66,-116.73,NA,NA
"Copeland1","EnsingS1 SuRDC 2022",0.797126407255613,43.7,-117.33,NA,NA
"Copeland5","EnsingS1 SuRDC 2022",0.809628068114453,42.27,-118.71,NA,NA
"Copeland9","EnsingS1 SuRDC 2022",0.781057747375056,43.47,-119.68,NA,NA
"Downs1","EnsingS1 SuRDC 2022",0.758699901639663,46.38145,-119.430272,NA,NA
"Downs2","EnsingS1 SuRDC 2022",0.783300050152218,46.25045,-119.53334,NA,NA
"Downs3","EnsingS1 SuRDC 2022",0.72671500733959,45.9663,-120.3671,NA,NA
"Fleishman1","EnsingS1 SuRDC 2022",0.797513597402692,38.47,-119.49,NA,NA
"Fleishman5","EnsingS1 SuRDC 2022",0.759487754506648,39.12,-117.27,NA,NA
"Fleishman7","EnsingS1 SuRDC 2022",0.800871153462313,39.17,-117.44,NA,NA
"Getts1","EnsingS1 SuRDC 2022",0.74993137811227,41.17,-120.5,NA,NA
"Getts3","EnsingS1 SuRDC 2022",0.818883435106531,40.43,-120.67,NA,NA
"Holdrege1","EnsingS1 SuRDC 2022",0.799026611727424,41.61,-111.57,NA,NA
"Hufft1","EnsingS1 SuRDC 2022",0.752159182136637,38.6701,-108.3286,NA,NA
"Lavin1","EnsingS1 SuRDC 2022",0.784127228072125,44.68,-109.07,NA,NA
"Lavin2","EnsingS1 SuRDC 2022",0.791765408069342,45.67,-111.03,NA,NA
"Lee1","EnsingS1 SuRDC 2022",0.711315256971995,36.82340833,-116.0163889,NA,NA
"Lee2","EnsingS1 SuRDC 2022",0.706901255777808,35.3984,-115.7845,NA,NA
"Lee3","EnsingS1 SuRDC 2022",0.71117203950774,36.5247,-115.8987,NA,NA
"Lee4","EnsingS1 SuRDC 2022",0.710897460491993,35.4564,-115.52,NA,NA
"Leger1","EnsingS1 SuRDC 2022",0.742869558877145,39.49,-119.84,NA,NA
"Maron1","EnsingS1 SuRDC 2022",0.785625202290781,46.68,-114.03,NA,NA
"Maron2","EnsingS1 SuRDC 2022",0.780724287577723,46.64,-113.23,NA,NA
"Porensky30","EnsingS1 SuRDC 2022",0.777533208379924,40.63,-105.27,NA,NA
"Pyke3","EnsingS1 SuRDC 2022",0.816491076194018,44.60456358,-120.1924183,NA,NA
"Pyke8","EnsingS1 SuRDC 2022",0.732631662431855,46.74830998,-119.361636,NA,NA
"Pyke21","EnsingS1 SuRDC 2022",0.789841011725296,47.61803776,-119.6830115,NA,NA
"Pyle1","EnsingS1 SuRDC 2022",0.888323405415386,42.35,-118.65,NA,NA
"Pyle9","EnsingS1 SuRDC 2022",0.780702249976224,43.42,-119.62,NA,NA
"Pyle10","EnsingS1 SuRDC 2022",0.75964735909701,43.19,-120,NA,NA
"Pyle15","EnsingS1 SuRDC 2022",0.810760912307116,43.8,-119,NA,NA
"Pyle17","EnsingS1 SuRDC 2022",0.787827531043039,44.36,-118.93,NA,NA
"Pyle19","EnsingS1 SuRDC 2022",0.752242188881432,44.57,-119.65,NA,NA
"Reed1","EnsingS1 SuRDC 2022",0.775058711696496,38.52,-109.47,NA,NA
"Reed3","EnsingS1 SuRDC 2022",0.771253017431529,38.75,-109.79,NA,NA
"Schupp3","EnsingS1 SuRDC 2022",0.765787862642181,38.6,-113.79,NA,NA
"Schupp4","EnsingS1 SuRDC 2022",0.796932604903571,38.52,-113.55,NA,NA
"Schupp5","EnsingS1 SuRDC 2022",0.795019567900043,39.11,-112.74,NA,NA
"Symstad1","EnsingS1 SuRDC 2022",0.767567175622032,44.59,-104.71,NA,NA
"Symstad2","EnsingS1 SuRDC 2022",0.758401683924058,43.87,-103.46,NA,NA
"Symstad3","EnsingS1 SuRDC 2022",0.797682853852808,43.62,-103.47,NA,NA
"Urza2","EnsingS1 SuRDC 2022",0.823097935725665,40.84,-119.56,NA,NA
"Wilcox2","EnsingS1 SuRDC 2022",0.741351839332646,41.31,-105.66,NA,NA
"Chynoweth2","EnsingS1 SuRDC 2022",0.759944586583204,40.29092,-109.68361,NA,NA
"Chynoweth3","EnsingS1 SuRDC 2022",0.74171153973705,39.83576,-109.61202,NA,NA
"Chynoweth5","EnsingS1 SuRDC 2022",0.782665234443897,40.480805,-109.438229,NA,NA
"Chynoweth7","EnsingS1 SuRDC 2022",0.797581202694263,40.533605,-109.523564,NA,NA
"Chynoweth8","EnsingS1 SuRDC 2022",0.759471604102103,40.640878,-109.48689,NA,NA
"Shriver2","EnsingS1 SuRDC 2022",0.799316269357619,48,-114.04,NA,NA
"Davies03","EnsingS1 SuRDC 2022",0.800843724772421,42.68,-118.68,NA,NA
"GerminoBOP1","EnsingS1 SuRDC 2022",0.799166299263431,43.4720833,-116.2338306,NA,NA
"Mancillas01","EnsingS1 SuRDC 2022",0.760382101854528,32.368,-106.56,NA,NA
"Boise_High 2022","EnsingS1 SuRDC 2022",0.946435468104382,NA,NA,NA,NA
"Boise_Low 2022","EnsingS1 SuRDC 2022",0.884769288751008,NA,NA,NA,NA
"CG PASTURE 2022","EnsingS1 SuRDC 2022",0.973323861916056,NA,NA,NA,NA
"CaseAoyamaS1 2022","EnsingS1 SuRDC 2022",0.946355304272507,NA,NA,NA,NA
"CastValley 2021","EnsingS1 SuRDC 2022",0.872717338945646,NA,NA,NA,NA
"EOARC 2022","EnsingS1 SuRDC 2022",0.948372801542309,NA,NA,NA,NA
"EnsingS1 SuRDC 2022","EnsingS1 SuRDC 2022",1,NA,NA,NA,NA
"EnsingS2 Summerland-Princeton 2022","EnsingS1 SuRDC 2022",0.939596910486602,NA,NA,NA,NA
"EnsingS3 Bear Creek 2022","EnsingS1 SuRDC 2022",0.927823774578037,NA,NA,NA,NA
"EnsingS4 Lundbom 2022","EnsingS1 SuRDC 2022",0.931021396241742,NA,NA,NA,NA
"FAR NORTH CPER 2022","EnsingS1 SuRDC 2022",0.963599010778703,NA,NA,NA,NA
"FtK_Cottonwood_Coulee 2021","EnsingS1 SuRDC 2022",0.948879569552054,NA,NA,NA,NA
"FtK_Lone_Pine 2021","EnsingS1 SuRDC 2022",0.946019767348077,NA,NA,NA,NA
"GoeblS1 2024","EnsingS1 SuRDC 2022",0.930790948342633,NA,NA,NA,NA
"GreenCanyon 2021","EnsingS1 SuRDC 2022",0.981519820115045,NA,NA,NA,NA
"HPGRS AGCR 2022","EnsingS1 SuRDC 2022",0.973447005309448,NA,NA,NA,NA
"HardwareRanch 2022","EnsingS1 SuRDC 2022",0.976735510628294,NA,NA,NA,NA
"K1_vanDiepen 2022","EnsingS1 SuRDC 2022",0.935696939837172,NA,NA,NA,NA
"L1_vanDiepen 2022","EnsingS1 SuRDC 2022",0.964926392148029,NA,NA,NA,NA
"MPG_IR 2021","EnsingS1 SuRDC 2022",0.961631672671578,NA,NA,NA,NA
"MPG_SR 2021","EnsingS1 SuRDC 2022",0.963964926404026,NA,NA,NA,NA
"MPG_TH 2021","EnsingS1 SuRDC 2022",0.962948404132148,NA,NA,NA,NA
"NEAR 4WAY CPER 2022","EnsingS1 SuRDC 2022",0.96037519041389,NA,NA,NA,NA
"NEAR HQ CPER 2022","EnsingS1 SuRDC 2022",0.964982110586569,NA,NA,NA,NA
"NEAR NUTNET 2022","EnsingS1 SuRDC 2022",0.962689999425315,NA,NA,NA,NA
"OttS1 2022","EnsingS1 SuRDC 2022",0.969643386517727,NA,NA,NA,NA
"PMR- Brome 2021","EnsingS1 SuRDC 2022",0.968760730506433,NA,NA,NA,NA
"Pearlwise 2024","EnsingS1 SuRDC 2022",0.94949731516071,NA,NA,NA,NA
"Peavine 2022","EnsingS1 SuRDC 2022",0.904289618349166,NA,NA,NA,NA
"Plymouth 2022","EnsingS1 SuRDC 2022",0.888213974611773,NA,NA,NA,NA
"RedBluff 2023","EnsingS1 SuRDC 2022",0.970515332208224,NA,NA,NA,NA
"Rush_Valley 2022","EnsingS1 SuRDC 2022",0.945769358911801,NA,NA,NA,NA
"SSHQ 2022","EnsingS1 SuRDC 2022",0.950619011581794,NA,NA,NA,NA
"SSHigh 2022","EnsingS1 SuRDC 2022",0.942950818175208,NA,NA,NA,NA
"SouthEden 2022","EnsingS1 SuRDC 2022",0.961571828720554,NA,NA,NA,NA
"Symstad1 2021","EnsingS1 SuRDC 2022",0.965459232296715,NA,NA,NA,NA
"Symstad2 2022","EnsingS1 SuRDC 2022",0.965014668042241,NA,NA,NA,NA
"TB FIRE 2022","EnsingS1 SuRDC 2022",0.959061533835785,NA,NA,NA,NA
"TB LC Control 2022","EnsingS1 SuRDC 2022",0.958116511356635,NA,NA,NA,NA
"TB PRAIRIE DOG 2022","EnsingS1 SuRDC 2022",0.958382031174768,NA,NA,NA,NA
"Woodruff 2022","EnsingS1 SuRDC 2022",0.958907595229984,NA,NA,NA,NA
"dino 2024","EnsingS1 SuRDC 2022",0.917813612347918,NA,NA,NA,NA
"AAFC4","EnsingS2 Summerland-Princeton 2022",0.771104253208797,50.08,-120.65,NA,NA
"AAFC5","EnsingS2 Summerland-Princeton 2022",0.824223336228927,50.09,-120.45,NA,NA
"AAFC6","EnsingS2 Summerland-Princeton 2022",0.739689110033741,50.09,-120.75,NA,NA
"AAFC8","EnsingS2 Summerland-Princeton 2022",0.796758604154654,49.57,-120.55,NA,NA
"AAFC9","EnsingS2 Summerland-Princeton 2022",0.806138871499802,49.62,-119.8,NA,NA
"AAFC10","EnsingS2 Summerland-Princeton 2022",0.806248028660701,49.71,-120.05,NA,NA
"Adler5","EnsingS2 Summerland-Princeton 2022",0.811471956190406,40.79,-111.87,NA,NA
"Schupp2","EnsingS2 Summerland-Princeton 2022",0.749854454045592,40.2,-112.46,NA,NA
"Schupp1","EnsingS2 Summerland-Princeton 2022",0.741175386313953,39.85,-112.15,NA,NA
"Adler13","EnsingS2 Summerland-Princeton 2022",0.740003622924114,41.44,-111.08,NA,NA
"Adler16","EnsingS2 Summerland-Princeton 2022",0.769195643584111,41.78,-110.2,NA,NA
"Adler17","EnsingS2 Summerland-Princeton 2022",0.769433240777347,41.44,-110.11,NA,NA
"Adler18","EnsingS2 Summerland-Princeton 2022",0.775413997814442,40.86,-114.22,NA,NA
"Barnett1","EnsingS2 Summerland-Princeton 2022",0.820723419100797,43.48,-110.74,NA,NA
"Baughman3","EnsingS2 Summerland-Princeton 2022",0.797777331391651,42.81,-118.96,NA,NA
"Baughman2","EnsingS2 Summerland-Princeton 2022",0.759021287816719,43.05,-118.87,NA,NA
"Chynoweth1","EnsingS2 Summerland-Princeton 2022",0.747163358901377,39.76604,-109.5635,NA,NA
"Board1","EnsingS2 Summerland-Princeton 2022",0.812137315307137,38.84,-117.57,NA,NA
"Bradford1","EnsingS2 Summerland-Princeton 2022",0.811532185750835,35.23,-111.62,NA,NA
"Chambers1","EnsingS2 Summerland-Princeton 2022",0.740672133548595,39.55,-119.58,NA,NA
"Chambers2","EnsingS2 Summerland-Princeton 2022",0.732302483952563,39.95,-118.76,NA,NA
"Urza1","EnsingS2 Summerland-Princeton 2022",0.732471550177425,40.35,-119.34,NA,NA
"Chambers4","EnsingS2 Summerland-Princeton 2022",0.732275132926931,41.31,-117.63,NA,NA
"Chambers5","EnsingS2 Summerland-Princeton 2022",0.725199049732981,41.54,-117.75,NA,NA
"Chambers6","EnsingS2 Summerland-Princeton 2022",0.725211582535278,41.54,-117.78,NA,NA
"Chambers7","EnsingS2 Summerland-Princeton 2022",0.774968067696753,43.94,-116.19,NA,NA
"Chambers8","EnsingS2 Summerland-Princeton 2022",0.764865928244845,42.24,-114.57,NA,NA
"Chambers9","EnsingS2 Summerland-Princeton 2022",0.747234113434259,40.66,-116.73,NA,NA
"Copeland1","EnsingS2 Summerland-Princeton 2022",0.747262859485652,43.7,-117.33,NA,NA
"Copeland5","EnsingS2 Summerland-Princeton 2022",0.835407880042509,42.27,-118.71,NA,NA
"Copeland9","EnsingS2 Summerland-Princeton 2022",0.76948206755799,43.47,-119.68,NA,NA
"Downs1","EnsingS2 Summerland-Princeton 2022",0.737239412728779,46.38145,-119.430272,NA,NA
"Downs2","EnsingS2 Summerland-Princeton 2022",0.784343090720967,46.25045,-119.53334,NA,NA
"Downs3","EnsingS2 Summerland-Princeton 2022",0.728624471633353,45.9663,-120.3671,NA,NA
"Fleishman1","EnsingS2 Summerland-Princeton 2022",0.773983230244462,38.47,-119.49,NA,NA
"Fleishman5","EnsingS2 Summerland-Princeton 2022",0.714179381009329,39.12,-117.27,NA,NA
"Fleishman7","EnsingS2 Summerland-Princeton 2022",0.818237598322641,39.17,-117.44,NA,NA
"Getts1","EnsingS2 Summerland-Princeton 2022",0.748227956772528,41.17,-120.5,NA,NA
"Getts3","EnsingS2 Summerland-Princeton 2022",0.836991853578391,40.43,-120.67,NA,NA
"Holdrege1","EnsingS2 Summerland-Princeton 2022",0.820409853173559,41.61,-111.57,NA,NA
"Hufft1","EnsingS2 Summerland-Princeton 2022",0.720682962330793,38.6701,-108.3286,NA,NA
"Lavin1","EnsingS2 Summerland-Princeton 2022",0.756827870172979,44.68,-109.07,NA,NA
"Lavin2","EnsingS2 Summerland-Princeton 2022",0.797534896115587,45.67,-111.03,NA,NA
"Lee1","EnsingS2 Summerland-Princeton 2022",0.732332725237542,36.82340833,-116.0163889,NA,NA
"Lee2","EnsingS2 Summerland-Princeton 2022",0.720446674927441,35.3984,-115.7845,NA,NA
"Lee3","EnsingS2 Summerland-Princeton 2022",0.732225915008906,36.5247,-115.8987,NA,NA
"Lee4","EnsingS2 Summerland-Princeton 2022",0.715592410782244,35.4564,-115.52,NA,NA
"Leger1","EnsingS2 Summerland-Princeton 2022",0.752018153308493,39.49,-119.84,NA,NA
"Maron1","EnsingS2 Summerland-Princeton 2022",0.755874658148415,46.68,-114.03,NA,NA
"Maron2","EnsingS2 Summerland-Princeton 2022",0.769171719071704,46.64,-113.23,NA,NA
"Porensky30","EnsingS2 Summerland-Princeton 2022",0.783042276145723,40.63,-105.27,NA,NA
"Pyke3","EnsingS2 Summerland-Princeton 2022",0.831290740483238,44.60456358,-120.1924183,NA,NA
"Pyke8","EnsingS2 Summerland-Princeton 2022",0.706442280553565,46.74830998,-119.361636,NA,NA
"Pyke21","EnsingS2 Summerland-Princeton 2022",0.783484912014742,47.61803776,-119.6830115,NA,NA
"Pyle1","EnsingS2 Summerland-Princeton 2022",0.855251915050361,42.35,-118.65,NA,NA
"Pyle9","EnsingS2 Summerland-Princeton 2022",0.769148993297332,43.42,-119.62,NA,NA
"Pyle10","EnsingS2 Summerland-Princeton 2022",0.714311323443917,43.19,-120,NA,NA
"Pyle15","EnsingS2 Summerland-Princeton 2022",0.826795670778592,43.8,-119,NA,NA
"Pyle17","EnsingS2 Summerland-Princeton 2022",0.800591611903743,44.36,-118.93,NA,NA
"Pyle19","EnsingS2 Summerland-Princeton 2022",0.713167686278662,44.57,-119.65,NA,NA
"Reed1","EnsingS2 Summerland-Princeton 2022",0.742646094918961,38.52,-109.47,NA,NA
"Reed3","EnsingS2 Summerland-Princeton 2022",0.731076851728702,38.75,-109.79,NA,NA
"Schupp3","EnsingS2 Summerland-Princeton 2022",0.732228049728855,38.6,-113.79,NA,NA
"Schupp4","EnsingS2 Summerland-Princeton 2022",0.747070314603958,38.52,-113.55,NA,NA
"Schupp5","EnsingS2 Summerland-Princeton 2022",0.755469063622924,39.11,-112.74,NA,NA
"Symstad1","EnsingS2 Summerland-Princeton 2022",0.753296520810211,44.59,-104.71,NA,NA
"Symstad2","EnsingS2 Summerland-Princeton 2022",0.74072934075858,43.87,-103.46,NA,NA
"Symstad3","EnsingS2 Summerland-Princeton 2022",0.773686787118517,43.62,-103.47,NA,NA
"Urza2","EnsingS2 Summerland-Princeton 2022",0.821719417845362,40.84,-119.56,NA,NA
"Wilcox2","EnsingS2 Summerland-Princeton 2022",0.707260036234402,41.31,-105.66,NA,NA
"Chynoweth2","EnsingS2 Summerland-Princeton 2022",0.714586961206785,40.29092,-109.68361,NA,NA
"Chynoweth3","EnsingS2 Summerland-Princeton 2022",0.707589418641072,39.83576,-109.61202,NA,NA
"Chynoweth5","EnsingS2 Summerland-Princeton 2022",0.737348883602453,40.480805,-109.438229,NA,NA
"Chynoweth7","EnsingS2 Summerland-Princeton 2022",0.747682828211469,40.533605,-109.523564,NA,NA
"Chynoweth8","EnsingS2 Summerland-Princeton 2022",0.714160265354742,40.640878,-109.48689,NA,NA
"Shriver2","EnsingS2 Summerland-Princeton 2022",0.820691436418199,48,-114.04,NA,NA
"Davies03","EnsingS2 Summerland-Princeton 2022",0.811854539333622,42.68,-118.68,NA,NA
"GerminoBOP1","EnsingS2 Summerland-Princeton 2022",0.749273607997769,43.4720833,-116.2338306,NA,NA
"Mancillas01","EnsingS2 Summerland-Princeton 2022",0.720053614057723,32.368,-106.56,NA,NA
"Boise_High 2022","EnsingS2 Summerland-Princeton 2022",0.965427269723865,NA,NA,NA,NA
"Boise_Low 2022","EnsingS2 Summerland-Princeton 2022",0.890359215096955,NA,NA,NA,NA
"CG PASTURE 2022","EnsingS2 Summerland-Princeton 2022",0.932350978126254,NA,NA,NA,NA
"CaseAoyamaS1 2022","EnsingS2 Summerland-Princeton 2022",0.951376765313594,NA,NA,NA,NA
"CastValley 2021","EnsingS2 Summerland-Princeton 2022",0.838741171803811,NA,NA,NA,NA
"EOARC 2022","EnsingS2 Summerland-Princeton 2022",0.95480019029583,NA,NA,NA,NA
"EnsingS1 SuRDC 2022","EnsingS2 Summerland-Princeton 2022",0.939596910486602,NA,NA,NA,NA
"EnsingS2 Summerland-Princeton 2022","EnsingS2 Summerland-Princeton 2022",1,NA,NA,NA,NA
"EnsingS3 Bear Creek 2022","EnsingS2 Summerland-Princeton 2022",0.961433615438329,NA,NA,NA,NA
"EnsingS4 Lundbom 2022","EnsingS2 Summerland-Princeton 2022",0.938703078995508,NA,NA,NA,NA
"FAR NORTH CPER 2022","EnsingS2 Summerland-Princeton 2022",0.921658219411072,NA,NA,NA,NA
"FtK_Cottonwood_Coulee 2021","EnsingS2 Summerland-Princeton 2022",0.908197420377477,NA,NA,NA,NA
"FtK_Lone_Pine 2021","EnsingS2 Summerland-Princeton 2022",0.905471232966609,NA,NA,NA,NA
"GoeblS1 2024","EnsingS2 Summerland-Princeton 2022",0.924110894875339,NA,NA,NA,NA
"GreenCanyon 2021","EnsingS2 Summerland-Princeton 2022",0.930365286182814,NA,NA,NA,NA
"HPGRS AGCR 2022","EnsingS2 Summerland-Princeton 2022",0.932370325090939,NA,NA,NA,NA
"HardwareRanch 2022","EnsingS2 Summerland-Princeton 2022",0.934320679473304,NA,NA,NA,NA
"K1_vanDiepen 2022","EnsingS2 Summerland-Princeton 2022",0.905102603367641,NA,NA,NA,NA
"L1_vanDiepen 2022","EnsingS2 Summerland-Princeton 2022",0.92160137362311,NA,NA,NA,NA
"MPG_IR 2021","EnsingS2 Summerland-Princeton 2022",0.917367596342352,NA,NA,NA,NA
"MPG_SR 2021","EnsingS2 Summerland-Princeton 2022",0.91790276731417,NA,NA,NA,NA
"MPG_TH 2021","EnsingS2 Summerland-Princeton 2022",0.917672536890854,NA,NA,NA,NA
"NEAR 4WAY CPER 2022","EnsingS2 Summerland-Princeton 2022",0.918915187930415,NA,NA,NA,NA
"NEAR HQ CPER 2022","EnsingS2 Summerland-Princeton 2022",0.922774057769068,NA,NA,NA,NA
"NEAR NUTNET 2022","EnsingS2 Summerland-Princeton 2022",0.920960226603776,NA,NA,NA,NA
"OttS1 2022","EnsingS2 Summerland-Princeton 2022",0.930843270105823,NA,NA,NA,NA
"PMR- Brome 2021","EnsingS2 Summerland-Princeton 2022",0.953210999101821,NA,NA,NA,NA
"Pearlwise 2024","EnsingS2 Summerland-Princeton 2022",0.939902034857473,NA,NA,NA,NA
"Peavine 2022","EnsingS2 Summerland-Princeton 2022",0.929224822251649,NA,NA,NA,NA
"Plymouth 2022","EnsingS2 Summerland-Princeton 2022",0.90372031208989,NA,NA,NA,NA
"RedBluff 2023","EnsingS2 Summerland-Princeton 2022",0.941264206486794,NA,NA,NA,NA
"Rush_Valley 2022","EnsingS2 Summerland-Princeton 2022",0.916002253029483,NA,NA,NA,NA
"SSHQ 2022","EnsingS2 Summerland-Princeton 2022",0.897051006705443,NA,NA,NA,NA
"SSHigh 2022","EnsingS2 Summerland-Princeton 2022",0.89815452880032,NA,NA,NA,NA
"SouthEden 2022","EnsingS2 Summerland-Princeton 2022",0.919813654237894,NA,NA,NA,NA
"Symstad1 2021","EnsingS2 Summerland-Princeton 2022",0.915029222803995,NA,NA,NA,NA
"Symstad2 2022","EnsingS2 Summerland-Princeton 2022",0.914017030390205,NA,NA,NA,NA
"TB FIRE 2022","EnsingS2 Summerland-Princeton 2022",0.921625073427784,NA,NA,NA,NA
"TB LC Control 2022","EnsingS2 Summerland-Princeton 2022",0.920661326909639,NA,NA,NA,NA
"TB PRAIRIE DOG 2022","EnsingS2 Summerland-Princeton 2022",0.920960409929311,NA,NA,NA,NA
"Woodruff 2022","EnsingS2 Summerland-Princeton 2022",0.910789329981055,NA,NA,NA,NA
"dino 2024","EnsingS2 Summerland-Princeton 2022",0.862905168215902,NA,NA,NA,NA
"AAFC4","EnsingS3 Bear Creek 2022",0.761724220022854,50.08,-120.65,NA,NA
"AAFC5","EnsingS3 Bear Creek 2022",0.806652052252736,50.09,-120.45,NA,NA
"AAFC6","EnsingS3 Bear Creek 2022",0.737522496055622,50.09,-120.75,NA,NA
"AAFC8","EnsingS3 Bear Creek 2022",0.786858013344854,49.57,-120.55,NA,NA
"AAFC9","EnsingS3 Bear Creek 2022",0.794438372358787,49.62,-119.8,NA,NA
"AAFC10","EnsingS3 Bear Creek 2022",0.794569530226314,49.71,-120.05,NA,NA
"Adler5","EnsingS3 Bear Creek 2022",0.804399356124875,40.79,-111.87,NA,NA
"Schupp2","EnsingS3 Bear Creek 2022",0.746824983480286,40.2,-112.46,NA,NA
"Schupp1","EnsingS3 Bear Creek 2022",0.743151246970652,39.85,-112.15,NA,NA
"Adler13","EnsingS3 Bear Creek 2022",0.742205764368722,41.44,-111.08,NA,NA
"Adler16","EnsingS3 Bear Creek 2022",0.753675292921005,41.78,-110.2,NA,NA
"Adler17","EnsingS3 Bear Creek 2022",0.753909794110986,41.44,-110.11,NA,NA
"Adler18","EnsingS3 Bear Creek 2022",0.773871819804035,40.86,-114.22,NA,NA
"Barnett1","EnsingS3 Bear Creek 2022",0.805035762517708,43.48,-110.74,NA,NA
"Baughman3","EnsingS3 Bear Creek 2022",0.786816540478783,42.81,-118.96,NA,NA
"Baughman2","EnsingS3 Bear Creek 2022",0.76276177149411,43.05,-118.87,NA,NA
"Chynoweth1","EnsingS3 Bear Creek 2022",0.747605614080125,39.76604,-109.5635,NA,NA
"Board1","EnsingS3 Bear Creek 2022",0.786012383142141,38.84,-117.57,NA,NA
"Bradford1","EnsingS3 Bear Creek 2022",0.785426019425673,35.23,-111.62,NA,NA
"Chambers1","EnsingS3 Bear Creek 2022",0.786116799870772,39.55,-119.58,NA,NA
"Chambers2","EnsingS3 Bear Creek 2022",0.774658117057407,39.95,-118.76,NA,NA
"Urza1","EnsingS3 Bear Creek 2022",0.774845740456558,40.35,-119.34,NA,NA
"Chambers4","EnsingS3 Bear Creek 2022",0.774668860620194,41.31,-117.63,NA,NA
"Chambers5","EnsingS3 Bear Creek 2022",0.764607640183392,41.54,-117.75,NA,NA
"Chambers6","EnsingS3 Bear Creek 2022",0.7646601119633,41.54,-117.78,NA,NA
"Chambers7","EnsingS3 Bear Creek 2022",0.773266871549704,43.94,-116.19,NA,NA
"Chambers8","EnsingS3 Bear Creek 2022",0.760116716474715,42.24,-114.57,NA,NA
"Chambers9","EnsingS3 Bear Creek 2022",0.747689944952423,40.66,-116.73,NA,NA
"Copeland1","EnsingS3 Bear Creek 2022",0.747708143114419,43.7,-117.33,NA,NA
"Copeland5","EnsingS3 Bear Creek 2022",0.815535671003469,42.27,-118.71,NA,NA
"Copeland9","EnsingS3 Bear Creek 2022",0.753947196004935,43.47,-119.68,NA,NA
"Downs1","EnsingS3 Bear Creek 2022",0.73540959970103,46.38145,-119.430272,NA,NA
"Downs2","EnsingS3 Bear Creek 2022",0.782370643182144,46.25045,-119.53334,NA,NA
"Downs3","EnsingS3 Bear Creek 2022",0.738476441856628,45.9663,-120.3671,NA,NA
"Fleishman1","EnsingS3 Bear Creek 2022",0.768393322577693,38.47,-119.49,NA,NA
"Fleishman5","EnsingS3 Bear Creek 2022",0.718742199754136,39.12,-117.27,NA,NA
"Fleishman7","EnsingS3 Bear Creek 2022",0.793195902967687,39.17,-117.44,NA,NA
"Getts1","EnsingS3 Bear Creek 2022",0.757949393786558,41.17,-120.5,NA,NA
"Getts3","EnsingS3 Bear Creek 2022",0.81408267254227,40.43,-120.67,NA,NA
"Holdrege1","EnsingS3 Bear Creek 2022",0.804733508079177,41.61,-111.57,NA,NA
"Hufft1","EnsingS3 Bear Creek 2022",0.721029896921554,38.6701,-108.3286,NA,NA
"Lavin1","EnsingS3 Bear Creek 2022",0.755551498734407,44.68,-109.07,NA,NA
"Lavin2","EnsingS3 Bear Creek 2022",0.786525153824884,45.67,-111.03,NA,NA
"Lee1","EnsingS3 Bear Creek 2022",0.774720197409354,36.82340833,-116.0163889,NA,NA
"Lee2","EnsingS3 Bear Creek 2022",0.762478210110526,35.3984,-115.7845,NA,NA
"Lee3","EnsingS3 Bear Creek 2022",0.77462005059334,36.5247,-115.8987,NA,NA
"Lee4","EnsingS3 Bear Creek 2022",0.735416650145957,35.4564,-115.52,NA,NA
"Leger1","EnsingS3 Bear Creek 2022",0.758224269442495,39.49,-119.84,NA,NA
"Maron1","EnsingS3 Bear Creek 2022",0.753212267045455,46.68,-114.03,NA,NA
"Maron2","EnsingS3 Bear Creek 2022",0.753640921582669,46.64,-113.23,NA,NA
"Porensky30","EnsingS3 Bear Creek 2022",0.77403501788196,40.63,-105.27,NA,NA
"Pyke3","EnsingS3 Bear Creek 2022",0.81518728499574,44.60456358,-120.1924183,NA,NA
"Pyke8","EnsingS3 Bear Creek 2022",0.709609551473867,46.74830998,-119.361636,NA,NA
"Pyke21","EnsingS3 Bear Creek 2022",0.774310633982182,47.61803776,-119.6830115,NA,NA
"Pyle1","EnsingS3 Bear Creek 2022",0.846662824797579,42.35,-118.65,NA,NA
"Pyle9","EnsingS3 Bear Creek 2022",0.75363114007663,43.42,-119.62,NA,NA
"Pyle10","EnsingS3 Bear Creek 2022",0.718876802289083,43.19,-120,NA,NA
"Pyle15","EnsingS3 Bear Creek 2022",0.810253222410297,43.8,-119,NA,NA
"Pyle17","EnsingS3 Bear Creek 2022",0.787800859948158,44.36,-118.93,NA,NA
"Pyle19","EnsingS3 Bear Creek 2022",0.713866134115853,44.57,-119.65,NA,NA
"Reed1","EnsingS3 Bear Creek 2022",0.74411025398474,38.52,-109.47,NA,NA
"Reed3","EnsingS3 Bear Creek 2022",0.7309176575212,38.75,-109.79,NA,NA
"Schupp3","EnsingS3 Bear Creek 2022",0.734779032428224,38.6,-113.79,NA,NA
"Schupp4","EnsingS3 Bear Creek 2022",0.747528222104513,38.52,-113.55,NA,NA
"Schupp5","EnsingS3 Bear Creek 2022",0.753770629284338,39.11,-112.74,NA,NA
"Symstad1","EnsingS3 Bear Creek 2022",0.751027305167362,44.59,-104.71,NA,NA
"Symstad2","EnsingS3 Bear Creek 2022",0.736365023763696,43.87,-103.46,NA,NA
"Symstad3","EnsingS3 Bear Creek 2022",0.768860839508119,43.62,-103.47,NA,NA
"Urza2","EnsingS3 Bear Creek 2022",0.809403113866467,40.84,-119.56,NA,NA
"Wilcox2","EnsingS3 Bear Creek 2022",0.709081304941518,41.31,-105.66,NA,NA
"Chynoweth2","EnsingS3 Bear Creek 2022",0.719153491106072,40.29092,-109.68361,NA,NA
"Chynoweth3","EnsingS3 Bear Creek 2022",0.709400323098065,39.83576,-109.61202,NA,NA
"Chynoweth5","EnsingS3 Bear Creek 2022",0.741768069431,40.480805,-109.438229,NA,NA
"Chynoweth7","EnsingS3 Bear Creek 2022",0.748109317227074,40.533605,-109.523564,NA,NA
"Chynoweth8","EnsingS3 Bear Creek 2022",0.718720354254625,40.640878,-109.48689,NA,NA
"Shriver2","EnsingS3 Bear Creek 2022",0.804994661320234,48,-114.04,NA,NA
"Davies03","EnsingS3 Bear Creek 2022",0.785745971631923,42.68,-118.68,NA,NA
"GerminoBOP1","EnsingS3 Bear Creek 2022",0.75019018358297,43.4720833,-116.2338306,NA,NA
"Mancillas01","EnsingS3 Bear Creek 2022",0.7206933772718,32.368,-106.56,NA,NA
"Boise_High 2022","EnsingS3 Bear Creek 2022",0.964934829729273,NA,NA,NA,NA
"Boise_Low 2022","EnsingS3 Bear Creek 2022",0.93196634803424,NA,NA,NA,NA
"CG PASTURE 2022","EnsingS3 Bear Creek 2022",0.916651808582741,NA,NA,NA,NA
"CaseAoyamaS1 2022","EnsingS3 Bear Creek 2022",0.965409765958009,NA,NA,NA,NA
"CastValley 2021","EnsingS3 Bear Creek 2022",0.872150116413766,NA,NA,NA,NA
"EOARC 2022","EnsingS3 Bear Creek 2022",0.965404950228672,NA,NA,NA,NA
"EnsingS1 SuRDC 2022","EnsingS3 Bear Creek 2022",0.927823774578037,NA,NA,NA,NA
"EnsingS2 Summerland-Princeton 2022","EnsingS3 Bear Creek 2022",0.961433615438329,NA,NA,NA,NA
"EnsingS3 Bear Creek 2022","EnsingS3 Bear Creek 2022",1,NA,NA,NA,NA
"EnsingS4 Lundbom 2022","EnsingS3 Bear Creek 2022",0.899333451054628,NA,NA,NA,NA
"FAR NORTH CPER 2022","EnsingS3 Bear Creek 2022",0.923032841851525,NA,NA,NA,NA
"FtK_Cottonwood_Coulee 2021","EnsingS3 Bear Creek 2022",0.905251509571154,NA,NA,NA,NA
"FtK_Lone_Pine 2021","EnsingS3 Bear Creek 2022",0.904565597420149,NA,NA,NA,NA
"GoeblS1 2024","EnsingS3 Bear Creek 2022",0.949661790005911,NA,NA,NA,NA
"GreenCanyon 2021","EnsingS3 Bear Creek 2022",0.925860730572763,NA,NA,NA,NA
"HPGRS AGCR 2022","EnsingS3 Bear Creek 2022",0.918453925479474,NA,NA,NA,NA
"HardwareRanch 2022","EnsingS3 Bear Creek 2022",0.913316410802478,NA,NA,NA,NA
"K1_vanDiepen 2022","EnsingS3 Bear Creek 2022",0.870818074518737,NA,NA,NA,NA
"L1_vanDiepen 2022","EnsingS3 Bear Creek 2022",0.900718773206148,NA,NA,NA,NA
"MPG_IR 2021","EnsingS3 Bear Creek 2022",0.891631628108214,NA,NA,NA,NA
"MPG_SR 2021","EnsingS3 Bear Creek 2022",0.893462329325553,NA,NA,NA,NA
"MPG_TH 2021","EnsingS3 Bear Creek 2022",0.892705825393454,NA,NA,NA,NA
"NEAR 4WAY CPER 2022","EnsingS3 Bear Creek 2022",0.922704410979425,NA,NA,NA,NA
"NEAR HQ CPER 2022","EnsingS3 Bear Creek 2022",0.923331958649302,NA,NA,NA,NA
"NEAR NUTNET 2022","EnsingS3 Bear Creek 2022",0.92299483255301,NA,NA,NA,NA
"OttS1 2022","EnsingS3 Bear Creek 2022",0.923506766338879,NA,NA,NA,NA
"PMR- Brome 2021","EnsingS3 Bear Creek 2022",0.932438125271812,NA,NA,NA,NA
"Pearlwise 2024","EnsingS3 Bear Creek 2022",0.95646149516991,NA,NA,NA,NA
"Peavine 2022","EnsingS3 Bear Creek 2022",0.955989731998689,NA,NA,NA,NA
"Plymouth 2022","EnsingS3 Bear Creek 2022",0.940320838373785,NA,NA,NA,NA
"RedBluff 2023","EnsingS3 Bear Creek 2022",0.917493584429772,NA,NA,NA,NA
"Rush_Valley 2022","EnsingS3 Bear Creek 2022",0.935731638326774,NA,NA,NA,NA
"SSHQ 2022","EnsingS3 Bear Creek 2022",0.880449248957316,NA,NA,NA,NA
"SSHigh 2022","EnsingS3 Bear Creek 2022",0.870789445791583,NA,NA,NA,NA
"SouthEden 2022","EnsingS3 Bear Creek 2022",0.895322214573884,NA,NA,NA,NA
"Symstad1 2021","EnsingS3 Bear Creek 2022",0.902048787666701,NA,NA,NA,NA
"Symstad2 2022","EnsingS3 Bear Creek 2022",0.902327840176203,NA,NA,NA,NA
"TB FIRE 2022","EnsingS3 Bear Creek 2022",0.921011227514008,NA,NA,NA,NA
"TB LC Control 2022","EnsingS3 Bear Creek 2022",0.920640069883474,NA,NA,NA,NA
"TB PRAIRIE DOG 2022","EnsingS3 Bear Creek 2022",0.920737811579377,NA,NA,NA,NA
"Woodruff 2022","EnsingS3 Bear Creek 2022",0.891372492889917,NA,NA,NA,NA
"dino 2024","EnsingS3 Bear Creek 2022",0.873384401354786,NA,NA,NA,NA
"AAFC4","EnsingS4 Lundbom 2022",0.777341620337138,50.08,-120.65,NA,NA
"AAFC5","EnsingS4 Lundbom 2022",0.824027579029641,50.09,-120.45,NA,NA
"AAFC6","EnsingS4 Lundbom 2022",0.74555737500679,50.09,-120.75,NA,NA
"AAFC8","EnsingS4 Lundbom 2022",0.802654368397165,49.57,-120.55,NA,NA
"AAFC9","EnsingS4 Lundbom 2022",0.798820168073054,49.62,-119.8,NA,NA
"AAFC10","EnsingS4 Lundbom 2022",0.798909277240409,49.71,-120.05,NA,NA
"Adler5","EnsingS4 Lundbom 2022",0.799426829278644,40.79,-111.87,NA,NA
"Schupp2","EnsingS4 Lundbom 2022",0.756226004161802,40.2,-112.46,NA,NA
"Schupp1","EnsingS4 Lundbom 2022",0.744444081396978,39.85,-112.15,NA,NA
"Adler13","EnsingS4 Lundbom 2022",0.743217901352303,41.44,-111.08,NA,NA
"Adler16","EnsingS4 Lundbom 2022",0.798520941297921,41.78,-110.2,NA,NA
"Adler17","EnsingS4 Lundbom 2022",0.798757179365152,41.44,-110.11,NA,NA
"Adler18","EnsingS4 Lundbom 2022",0.773385132062714,40.86,-114.22,NA,NA
"Barnett1","EnsingS4 Lundbom 2022",0.817176583623785,43.48,-110.74,NA,NA
"Baughman3","EnsingS4 Lundbom 2022",0.79807255535008,42.81,-118.96,NA,NA
"Baughman2","EnsingS4 Lundbom 2022",0.752758151975136,43.05,-118.87,NA,NA
"Chynoweth1","EnsingS4 Lundbom 2022",0.749900374333886,39.76604,-109.5635,NA,NA
"Board1","EnsingS4 Lundbom 2022",0.812598654131968,38.84,-117.57,NA,NA
"Bradford1","EnsingS4 Lundbom 2022",0.811987282519528,35.23,-111.62,NA,NA
"Chambers1","EnsingS4 Lundbom 2022",0.674098098373884,39.55,-119.58,NA,NA
"Chambers2","EnsingS4 Lundbom 2022",0.670424567026625,39.95,-118.76,NA,NA
"Urza1","EnsingS4 Lundbom 2022",0.670575786524344,40.35,-119.34,NA,NA
"Chambers4","EnsingS4 Lundbom 2022",0.670355051529139,41.31,-117.63,NA,NA
"Chambers5","EnsingS4 Lundbom 2022",0.665843707802147,41.54,-117.75,NA,NA
"Chambers6","EnsingS4 Lundbom 2022",0.665810686386873,41.54,-117.78,NA,NA
"Chambers7","EnsingS4 Lundbom 2022",0.774738006566396,43.94,-116.19,NA,NA
"Chambers8","EnsingS4 Lundbom 2022",0.769525732926592,42.24,-114.57,NA,NA
"Chambers9","EnsingS4 Lundbom 2022",0.749946195344713,40.66,-116.73,NA,NA
"Copeland1","EnsingS4 Lundbom 2022",0.749985015375993,43.7,-117.33,NA,NA
"Copeland5","EnsingS4 Lundbom 2022",0.828200635829112,42.27,-118.71,NA,NA
"Copeland9","EnsingS4 Lundbom 2022",0.798820649828896,43.47,-119.68,NA,NA
"Downs1","EnsingS4 Lundbom 2022",0.740967356423664,46.38145,-119.430272,NA,NA
"Downs2","EnsingS4 Lundbom 2022",0.770930303476061,46.25045,-119.53334,NA,NA
"Downs3","EnsingS4 Lundbom 2022",0.702208938799936,45.9663,-120.3671,NA,NA
"Fleishman1","EnsingS4 Lundbom 2022",0.781787077833493,38.47,-119.49,NA,NA
"Fleishman5","EnsingS4 Lundbom 2022",0.722281630761484,39.12,-117.27,NA,NA
"Fleishman7","EnsingS4 Lundbom 2022",0.818086572112918,39.17,-117.44,NA,NA
"Getts1","EnsingS4 Lundbom 2022",0.723929387956043,41.17,-120.5,NA,NA
"Getts3","EnsingS4 Lundbom 2022",0.837368717009484,40.43,-120.67,NA,NA
"Holdrege1","EnsingS4 Lundbom 2022",0.816879130729507,41.61,-111.57,NA,NA
"Hufft1","EnsingS4 Lundbom 2022",0.729010076507555,38.6701,-108.3286,NA,NA
"Lavin1","EnsingS4 Lundbom 2022",0.762121315078763,44.68,-109.07,NA,NA
"Lavin2","EnsingS4 Lundbom 2022",0.79631547359507,45.67,-111.03,NA,NA
"Lee1","EnsingS4 Lundbom 2022",0.670425147161478,36.82340833,-116.0163889,NA,NA
"Lee2","EnsingS4 Lundbom 2022",0.656941000627039,35.3984,-115.7845,NA,NA
"Lee3","EnsingS4 Lundbom 2022",0.670287552696644,36.5247,-115.8987,NA,NA
"Lee4","EnsingS4 Lundbom 2022",0.675135715060433,35.4564,-115.52,NA,NA
"Leger1","EnsingS4 Lundbom 2022",0.721828910017226,39.49,-119.84,NA,NA
"Maron1","EnsingS4 Lundbom 2022",0.757926463958843,46.68,-114.03,NA,NA
"Maron2","EnsingS4 Lundbom 2022",0.798504953519194,46.64,-113.23,NA,NA
"Porensky30","EnsingS4 Lundbom 2022",0.780981864919593,40.63,-105.27,NA,NA
"Pyke3","EnsingS4 Lundbom 2022",0.827058405966604,44.60456358,-120.1924183,NA,NA
"Pyke8","EnsingS4 Lundbom 2022",0.708415129865454,46.74830998,-119.361636,NA,NA
"Pyke21","EnsingS4 Lundbom 2022",0.790538741808196,47.61803776,-119.6830115,NA,NA
"Pyle1","EnsingS4 Lundbom 2022",0.862577164310332,42.35,-118.65,NA,NA
"Pyle9","EnsingS4 Lundbom 2022",0.798467971776365,43.42,-119.62,NA,NA
"Pyle10","EnsingS4 Lundbom 2022",0.722404660494425,43.19,-120,NA,NA
"Pyle15","EnsingS4 Lundbom 2022",0.825849844042353,43.8,-119,NA,NA
"Pyle17","EnsingS4 Lundbom 2022",0.799009135695238,44.36,-118.93,NA,NA
"Pyle19","EnsingS4 Lundbom 2022",0.717511612439748,44.57,-119.65,NA,NA
"Reed1","EnsingS4 Lundbom 2022",0.742292937715992,38.52,-109.47,NA,NA
"Reed3","EnsingS4 Lundbom 2022",0.736061998482891,38.75,-109.79,NA,NA
"Schupp3","EnsingS4 Lundbom 2022",0.735421585550217,38.6,-113.79,NA,NA
"Schupp4","EnsingS4 Lundbom 2022",0.749776729163896,38.52,-113.55,NA,NA
"Schupp5","EnsingS4 Lundbom 2022",0.757901995650778,39.11,-112.74,NA,NA
"Symstad1","EnsingS4 Lundbom 2022",0.756473893917027,44.59,-104.71,NA,NA
"Symstad2","EnsingS4 Lundbom 2022",0.745856478182511,43.87,-103.46,NA,NA
"Symstad3","EnsingS4 Lundbom 2022",0.779186929421175,43.62,-103.47,NA,NA
"Urza2","EnsingS4 Lundbom 2022",0.823427640938033,40.84,-119.56,NA,NA
"Wilcox2","EnsingS4 Lundbom 2022",0.717161680773106,41.31,-105.66,NA,NA
"Chynoweth2","EnsingS4 Lundbom 2022",0.722690278701357,40.29092,-109.68361,NA,NA
"Chynoweth3","EnsingS4 Lundbom 2022",0.717506050529071,39.83576,-109.61202,NA,NA
"Chynoweth5","EnsingS4 Lundbom 2022",0.744013655924198,40.480805,-109.438229,NA,NA
"Chynoweth7","EnsingS4 Lundbom 2022",0.75044411906543,40.533605,-109.523564,NA,NA
"Chynoweth8","EnsingS4 Lundbom 2022",0.722261770296069,40.640878,-109.48689,NA,NA
"Shriver2","EnsingS4 Lundbom 2022",0.817170223396105,48,-114.04,NA,NA
"Davies03","EnsingS4 Lundbom 2022",0.812289337933882,42.68,-118.68,NA,NA
"GerminoBOP1","EnsingS4 Lundbom 2022",0.752334134930242,43.4720833,-116.2338306,NA,NA
"Mancillas01","EnsingS4 Lundbom 2022",0.724203573013545,32.368,-106.56,NA,NA
"Boise_High 2022","EnsingS4 Lundbom 2022",0.918359657985977,NA,NA,NA,NA
"Boise_Low 2022","EnsingS4 Lundbom 2022",0.832483781223679,NA,NA,NA,NA
"CG PASTURE 2022","EnsingS4 Lundbom 2022",0.936882208056321,NA,NA,NA,NA
"CaseAoyamaS1 2022","EnsingS4 Lundbom 2022",0.908543020679815,NA,NA,NA,NA
"CastValley 2021","EnsingS4 Lundbom 2022",0.798424333125079,NA,NA,NA,NA
"EOARC 2022","EnsingS4 Lundbom 2022",0.912509258791474,NA,NA,NA,NA
"EnsingS1 SuRDC 2022","EnsingS4 Lundbom 2022",0.931021396241742,NA,NA,NA,NA
"EnsingS2 Summerland-Princeton 2022","EnsingS4 Lundbom 2022",0.938703078995508,NA,NA,NA,NA
"EnsingS3 Bear Creek 2022","EnsingS4 Lundbom 2022",0.899333451054628,NA,NA,NA,NA
"EnsingS4 Lundbom 2022","EnsingS4 Lundbom 2022",1,NA,NA,NA,NA
"FAR NORTH CPER 2022","EnsingS4 Lundbom 2022",0.908700831695645,NA,NA,NA,NA
"FtK_Cottonwood_Coulee 2021","EnsingS4 Lundbom 2022",0.911221622644192,NA,NA,NA,NA
"FtK_Lone_Pine 2021","EnsingS4 Lundbom 2022",0.90652156619276,NA,NA,NA,NA
"GoeblS1 2024","EnsingS4 Lundbom 2022",0.877622812791778,NA,NA,NA,NA
"GreenCanyon 2021","EnsingS4 Lundbom 2022",0.918292241397578,NA,NA,NA,NA
"HPGRS AGCR 2022","EnsingS4 Lundbom 2022",0.934245644975909,NA,NA,NA,NA
"HardwareRanch 2022","EnsingS4 Lundbom 2022",0.943152472278461,NA,NA,NA,NA
"K1_vanDiepen 2022","EnsingS4 Lundbom 2022",0.950618178518151,NA,NA,NA,NA
"L1_vanDiepen 2022","EnsingS4 Lundbom 2022",0.944256940405277,NA,NA,NA,NA
"MPG_IR 2021","EnsingS4 Lundbom 2022",0.943613923277993,NA,NA,NA,NA
"MPG_SR 2021","EnsingS4 Lundbom 2022",0.942385534218234,NA,NA,NA,NA
"MPG_TH 2021","EnsingS4 Lundbom 2022",0.94278173301844,NA,NA,NA,NA
"NEAR 4WAY CPER 2022","EnsingS4 Lundbom 2022",0.904008778447531,NA,NA,NA,NA
"NEAR HQ CPER 2022","EnsingS4 Lundbom 2022",0.910060203384462,NA,NA,NA,NA
"NEAR NUTNET 2022","EnsingS4 Lundbom 2022",0.907388285862725,NA,NA,NA,NA
"OttS1 2022","EnsingS4 Lundbom 2022",0.926606651884485,NA,NA,NA,NA
"PMR- Brome 2021","EnsingS4 Lundbom 2022",0.94338875173629,NA,NA,NA,NA
"Pearlwise 2024","EnsingS4 Lundbom 2022",0.896936583768492,NA,NA,NA,NA
"Peavine 2022","EnsingS4 Lundbom 2022",0.867357334675354,NA,NA,NA,NA
"Plymouth 2022","EnsingS4 Lundbom 2022",0.84187566511433,NA,NA,NA,NA
"RedBluff 2023","EnsingS4 Lundbom 2022",0.953332798806876,NA,NA,NA,NA
"Rush_Valley 2022","EnsingS4 Lundbom 2022",0.880435141663273,NA,NA,NA,NA
"SSHQ 2022","EnsingS4 Lundbom 2022",0.922585022423942,NA,NA,NA,NA
"SSHigh 2022","EnsingS4 Lundbom 2022",0.938433169094693,NA,NA,NA,NA
"SouthEden 2022","EnsingS4 Lundbom 2022",0.94756345876858,NA,NA,NA,NA
"Symstad1 2021","EnsingS4 Lundbom 2022",0.925319952503305,NA,NA,NA,NA
"Symstad2 2022","EnsingS4 Lundbom 2022",0.92297673108545,NA,NA,NA,NA
"TB FIRE 2022","EnsingS4 Lundbom 2022",0.914661629719964,NA,NA,NA,NA
"TB LC Control 2022","EnsingS4 Lundbom 2022",0.913351266809979,NA,NA,NA,NA
"TB PRAIRIE DOG 2022","EnsingS4 Lundbom 2022",0.913792806556426,NA,NA,NA,NA
"Woodruff 2022","EnsingS4 Lundbom 2022",0.936118077829056,NA,NA,NA,NA
"dino 2024","EnsingS4 Lundbom 2022",0.855296589449484,NA,NA,NA,NA
"AAFC4","FAR NORTH CPER 2022",0.774869212004935,50.08,-120.65,NA,NA
"AAFC5","FAR NORTH CPER 2022",0.786697777939228,50.09,-120.45,NA,NA
"AAFC6","FAR NORTH CPER 2022",0.775582185940918,50.09,-120.75,NA,NA
"AAFC8","FAR NORTH CPER 2022",0.793365170307079,49.57,-120.55,NA,NA
"AAFC9","FAR NORTH CPER 2022",0.770622414324427,49.62,-119.8,NA,NA
"AAFC10","FAR NORTH CPER 2022",0.770766550535597,49.71,-120.05,NA,NA
"Adler5","FAR NORTH CPER 2022",0.783925027017301,40.79,-111.87,NA,NA
"Schupp2","FAR NORTH CPER 2022",0.781556349672925,40.2,-112.46,NA,NA
"Schupp1","FAR NORTH CPER 2022",0.783194332833381,39.85,-112.15,NA,NA
"Adler13","FAR NORTH CPER 2022",0.787226973177186,41.44,-111.08,NA,NA
"Adler16","FAR NORTH CPER 2022",0.789778562045641,41.78,-110.2,NA,NA
"Adler17","FAR NORTH CPER 2022",0.790026174923837,41.44,-110.11,NA,NA
"Adler18","FAR NORTH CPER 2022",0.782745087093223,40.86,-114.22,NA,NA
"Barnett1","FAR NORTH CPER 2022",0.774338100434361,43.48,-110.74,NA,NA
"Baughman3","FAR NORTH CPER 2022",0.782082795443656,42.81,-118.96,NA,NA
"Baughman2","FAR NORTH CPER 2022",0.787700323733193,43.05,-118.87,NA,NA
"Chynoweth1","FAR NORTH CPER 2022",0.78709412174536,39.76604,-109.5635,NA,NA
"Board1","FAR NORTH CPER 2022",0.784684378007282,38.84,-117.57,NA,NA
"Bradford1","FAR NORTH CPER 2022",0.784102083918798,35.23,-111.62,NA,NA
"Chambers1","FAR NORTH CPER 2022",0.744790119463085,39.55,-119.58,NA,NA
"Chambers2","FAR NORTH CPER 2022",0.735464983794942,39.95,-118.76,NA,NA
"Urza1","FAR NORTH CPER 2022",0.735637172936759,40.35,-119.34,NA,NA
"Chambers4","FAR NORTH CPER 2022",0.735451575677385,41.31,-117.63,NA,NA
"Chambers5","FAR NORTH CPER 2022",0.728166789111988,41.54,-117.75,NA,NA
"Chambers6","FAR NORTH CPER 2022",0.728177744764819,41.54,-117.78,NA,NA
"Chambers7","FAR NORTH CPER 2022",0.79591340723482,43.94,-116.19,NA,NA
"Chambers8","FAR NORTH CPER 2022",0.784040659212788,42.24,-114.57,NA,NA
"Chambers9","FAR NORTH CPER 2022",0.787167241897936,40.66,-116.73,NA,NA
"Copeland1","FAR NORTH CPER 2022",0.787178205635125,43.7,-117.33,NA,NA
"Copeland5","FAR NORTH CPER 2022",0.785624030369025,42.27,-118.71,NA,NA
"Copeland9","FAR NORTH CPER 2022",0.790049930163747,43.47,-119.68,NA,NA
"Downs1","FAR NORTH CPER 2022",0.762825341480426,46.38145,-119.430272,NA,NA
"Downs2","FAR NORTH CPER 2022",0.776400015777859,46.25045,-119.53334,NA,NA
"Downs3","FAR NORTH CPER 2022",0.724378187252953,45.9663,-120.3671,NA,NA
"Fleishman1","FAR NORTH CPER 2022",0.79584763920423,38.47,-119.49,NA,NA
"Fleishman5","FAR NORTH CPER 2022",0.777862818400083,39.12,-117.27,NA,NA
"Fleishman7","FAR NORTH CPER 2022",0.780212398020883,39.17,-117.44,NA,NA
"Getts1","FAR NORTH CPER 2022",0.752607242124639,41.17,-120.5,NA,NA
"Getts3","FAR NORTH CPER 2022",0.791661884127497,40.43,-120.67,NA,NA
"Holdrege1","FAR NORTH CPER 2022",0.774062848668386,41.61,-111.57,NA,NA
"Hufft1","FAR NORTH CPER 2022",0.765232066628755,38.6701,-108.3286,NA,NA
"Lavin1","FAR NORTH CPER 2022",0.792608489382718,44.68,-109.07,NA,NA
"Lavin2","FAR NORTH CPER 2022",0.783918104123557,45.67,-111.03,NA,NA
"Lee1","FAR NORTH CPER 2022",0.735512126951386,36.82340833,-116.0163889,NA,NA
"Lee2","FAR NORTH CPER 2022",0.724780196497205,35.3984,-115.7845,NA,NA
"Lee3","FAR NORTH CPER 2022",0.735346843497385,36.5247,-115.8987,NA,NA
"Lee4","FAR NORTH CPER 2022",0.716361293927048,35.4564,-115.52,NA,NA
"Leger1","FAR NORTH CPER 2022",0.739110951479098,39.49,-119.84,NA,NA
"Maron1","FAR NORTH CPER 2022",0.785845053909724,46.68,-114.03,NA,NA
"Maron2","FAR NORTH CPER 2022",0.789735260882344,46.64,-113.23,NA,NA
"Porensky30","FAR NORTH CPER 2022",0.770899898378927,40.63,-105.27,NA,NA
"Pyke3","FAR NORTH CPER 2022",0.798395132253785,44.60456358,-120.1924183,NA,NA
"Pyke8","FAR NORTH CPER 2022",0.744792615534889,46.74830998,-119.361636,NA,NA
"Pyke21","FAR NORTH CPER 2022",0.783219060664344,47.61803776,-119.6830115,NA,NA
"Pyle1","FAR NORTH CPER 2022",0.889730767404608,42.35,-118.65,NA,NA
"Pyle9","FAR NORTH CPER 2022",0.789715037393146,43.42,-119.62,NA,NA
"Pyle10","FAR NORTH CPER 2022",0.778006439081307,43.19,-120,NA,NA
"Pyle15","FAR NORTH CPER 2022",0.794620274047552,43.8,-119,NA,NA
"Pyle17","FAR NORTH CPER 2022",0.774941769009212,44.36,-118.93,NA,NA
"Pyle19","FAR NORTH CPER 2022",0.766762638373971,44.57,-119.65,NA,NA
"Reed1","FAR NORTH CPER 2022",0.779818865211353,38.52,-109.47,NA,NA
"Reed3","FAR NORTH CPER 2022",0.781621570228167,38.75,-109.79,NA,NA
"Schupp3","FAR NORTH CPER 2022",0.776654888246594,38.6,-113.79,NA,NA
"Schupp4","FAR NORTH CPER 2022",0.786983828274898,38.52,-113.55,NA,NA
"Schupp5","FAR NORTH CPER 2022",0.789835735957131,39.11,-112.74,NA,NA
"Symstad1","FAR NORTH CPER 2022",0.775998607831774,44.59,-104.71,NA,NA
"Symstad2","FAR NORTH CPER 2022",0.763071076129798,43.87,-103.46,NA,NA
"Symstad3","FAR NORTH CPER 2022",0.799506190303239,43.62,-103.47,NA,NA
"Urza2","FAR NORTH CPER 2022",0.805173929546517,40.84,-119.56,NA,NA
"Wilcox2","FAR NORTH CPER 2022",0.759367319910321,41.31,-105.66,NA,NA
"Chynoweth2","FAR NORTH CPER 2022",0.778329507269341,40.29092,-109.68361,NA,NA
"Chynoweth3","FAR NORTH CPER 2022",0.759733715976937,39.83576,-109.61202,NA,NA
"Chynoweth5","FAR NORTH CPER 2022",0.799833744010547,40.480805,-109.438229,NA,NA
"Chynoweth7","FAR NORTH CPER 2022",0.787652113524933,40.533605,-109.523564,NA,NA
"Chynoweth8","FAR NORTH CPER 2022",0.777833891497932,40.640878,-109.48689,NA,NA
"Shriver2","FAR NORTH CPER 2022",0.774338387769571,48,-114.04,NA,NA
"Davies03","FAR NORTH CPER 2022",0.784394424019567,42.68,-118.68,NA,NA
"GerminoBOP1","FAR NORTH CPER 2022",0.797973740832865,43.4720833,-116.2338306,NA,NA
"Mancillas01","FAR NORTH CPER 2022",0.772887698485543,32.368,-106.56,NA,NA
"Boise_High 2022","FAR NORTH CPER 2022",0.935816477244176,NA,NA,NA,NA
"Boise_Low 2022","FAR NORTH CPER 2022",0.901684085283247,NA,NA,NA,NA
"CG PASTURE 2022","FAR NORTH CPER 2022",0.970269895603693,NA,NA,NA,NA
"CaseAoyamaS1 2022","FAR NORTH CPER 2022",0.950342307710399,NA,NA,NA,NA
"CastValley 2021","FAR NORTH CPER 2022",0.894836326346896,NA,NA,NA,NA
"EOARC 2022","FAR NORTH CPER 2022",0.949847837443846,NA,NA,NA,NA
"EnsingS1 SuRDC 2022","FAR NORTH CPER 2022",0.963599010778703,NA,NA,NA,NA
"EnsingS2 Summerland-Princeton 2022","FAR NORTH CPER 2022",0.921658219411072,NA,NA,NA,NA
"EnsingS3 Bear Creek 2022","FAR NORTH CPER 2022",0.923032841851525,NA,NA,NA,NA
"EnsingS4 Lundbom 2022","FAR NORTH CPER 2022",0.908700831695645,NA,NA,NA,NA
"FAR NORTH CPER 2022","FAR NORTH CPER 2022",1,NA,NA,NA,NA
"FtK_Cottonwood_Coulee 2021","FAR NORTH CPER 2022",0.967444404227598,NA,NA,NA,NA
"FtK_Lone_Pine 2021","FAR NORTH CPER 2022",0.966709396418092,NA,NA,NA,NA
"GoeblS1 2024","FAR NORTH CPER 2022",0.947844361490003,NA,NA,NA,NA
"GreenCanyon 2021","FAR NORTH CPER 2022",0.966784132820036,NA,NA,NA,NA
"HPGRS AGCR 2022","FAR NORTH CPER 2022",0.973528339449414,NA,NA,NA,NA
"HardwareRanch 2022","FAR NORTH CPER 2022",0.948669806279203,NA,NA,NA,NA
"K1_vanDiepen 2022","FAR NORTH CPER 2022",0.909704009085363,NA,NA,NA,NA
"L1_vanDiepen 2022","FAR NORTH CPER 2022",0.954888353488323,NA,NA,NA,NA
"MPG_IR 2021","FAR NORTH CPER 2022",0.936119686964916,NA,NA,NA,NA
"MPG_SR 2021","FAR NORTH CPER 2022",0.93959652408962,NA,NA,NA,NA
"MPG_TH 2021","FAR NORTH CPER 2022",0.93806042511108,NA,NA,NA,NA
"NEAR 4WAY CPER 2022","FAR NORTH CPER 2022",0.995647692092029,NA,NA,NA,NA
"NEAR HQ CPER 2022","FAR NORTH CPER 2022",0.99787094665263,NA,NA,NA,NA
"NEAR NUTNET 2022","FAR NORTH CPER 2022",0.998757950430917,NA,NA,NA,NA
"OttS1 2022","FAR NORTH CPER 2022",0.981226511874722,NA,NA,NA,NA
"PMR- Brome 2021","FAR NORTH CPER 2022",0.95495078458496,NA,NA,NA,NA
"Pearlwise 2024","FAR NORTH CPER 2022",0.951561931151356,NA,NA,NA,NA
"Peavine 2022","FAR NORTH CPER 2022",0.903985711357162,NA,NA,NA,NA
"Plymouth 2022","FAR NORTH CPER 2022",0.899443606159701,NA,NA,NA,NA
"RedBluff 2023","FAR NORTH CPER 2022",0.955181256081737,NA,NA,NA,NA
"Rush_Valley 2022","FAR NORTH CPER 2022",0.957167298206388,NA,NA,NA,NA
"SSHQ 2022","FAR NORTH CPER 2022",0.941160809574193,NA,NA,NA,NA
"SSHigh 2022","FAR NORTH CPER 2022",0.921112271624487,NA,NA,NA,NA
"SouthEden 2022","FAR NORTH CPER 2022",0.93946179340183,NA,NA,NA,NA
"Symstad1 2021","FAR NORTH CPER 2022",0.969272498133492,NA,NA,NA,NA
"Symstad2 2022","FAR NORTH CPER 2022",0.971133090464639,NA,NA,NA,NA
"TB FIRE 2022","FAR NORTH CPER 2022",0.982212157321586,NA,NA,NA,NA
"TB LC Control 2022","FAR NORTH CPER 2022",0.981935064886637,NA,NA,NA,NA
"TB PRAIRIE DOG 2022","FAR NORTH CPER 2022",0.981951370828504,NA,NA,NA,NA
"Woodruff 2022","FAR NORTH CPER 2022",0.945557026848802,NA,NA,NA,NA
"dino 2024","FAR NORTH CPER 2022",0.934219857088776,NA,NA,NA,NA
"AAFC4","FtK_Cottonwood_Coulee 2021",0.77739927727602,50.08,-120.65,NA,NA
"AAFC5","FtK_Cottonwood_Coulee 2021",0.78712740587174,50.09,-120.45,NA,NA
"AAFC6","FtK_Cottonwood_Coulee 2021",0.775020755396316,50.09,-120.75,NA,NA
"AAFC8","FtK_Cottonwood_Coulee 2021",0.800079852641125,49.57,-120.55,NA,NA
"AAFC9","FtK_Cottonwood_Coulee 2021",0.771889767811886,49.62,-119.8,NA,NA
"AAFC10","FtK_Cottonwood_Coulee 2021",0.77204016621422,49.71,-120.05,NA,NA
"Adler5","FtK_Cottonwood_Coulee 2021",0.780144496232973,40.79,-111.87,NA,NA
"Schupp2","FtK_Cottonwood_Coulee 2021",0.7858569493901,40.2,-112.46,NA,NA
"Schupp1","FtK_Cottonwood_Coulee 2021",0.787833083806305,39.85,-112.15,NA,NA
"Adler13","FtK_Cottonwood_Coulee 2021",0.789755480806934,41.44,-111.08,NA,NA
"Adler16","FtK_Cottonwood_Coulee 2021",0.804357095616973,41.78,-110.2,NA,NA
"Adler17","FtK_Cottonwood_Coulee 2021",0.804604906429257,41.44,-110.11,NA,NA
"Adler18","FtK_Cottonwood_Coulee 2021",0.787311417376671,40.86,-114.22,NA,NA
"Barnett1","FtK_Cottonwood_Coulee 2021",0.775710048917074,43.48,-110.74,NA,NA
"Baughman3","FtK_Cottonwood_Coulee 2021",0.784819479846667,42.81,-118.96,NA,NA
"Baughman2","FtK_Cottonwood_Coulee 2021",0.785175541942211,43.05,-118.87,NA,NA
"Chynoweth1","FtK_Cottonwood_Coulee 2021",0.789751410884849,39.76604,-109.5635,NA,NA
"Board1","FtK_Cottonwood_Coulee 2021",0.756780569834147,38.84,-117.57,NA,NA
"Bradford1","FtK_Cottonwood_Coulee 2021",0.7561786628712,35.23,-111.62,NA,NA
"Chambers1","FtK_Cottonwood_Coulee 2021",0.727455275515356,39.55,-119.58,NA,NA
"Chambers2","FtK_Cottonwood_Coulee 2021",0.720992656556016,39.95,-118.76,NA,NA
"Urza1","FtK_Cottonwood_Coulee 2021",0.721164965222544,40.35,-119.34,NA,NA
"Chambers4","FtK_Cottonwood_Coulee 2021",0.720961521669698,41.31,-117.63,NA,NA
"Chambers5","FtK_Cottonwood_Coulee 2021",0.713705921999093,41.54,-117.75,NA,NA
"Chambers6","FtK_Cottonwood_Coulee 2021",0.71370595447294,41.54,-117.78,NA,NA
"Chambers7","FtK_Cottonwood_Coulee 2021",0.798231003800973,43.94,-116.19,NA,NA
"Chambers8","FtK_Cottonwood_Coulee 2021",0.785506626730213,42.24,-114.57,NA,NA
"Chambers9","FtK_Cottonwood_Coulee 2021",0.789811897208181,40.66,-116.73,NA,NA
"Copeland1","FtK_Cottonwood_Coulee 2021",0.789827888549142,43.7,-117.33,NA,NA
"Copeland5","FtK_Cottonwood_Coulee 2021",0.775610737770152,42.27,-118.71,NA,NA
"Copeland9","FtK_Cottonwood_Coulee 2021",0.804639361659183,43.47,-119.68,NA,NA
"Downs1","FtK_Cottonwood_Coulee 2021",0.765370589533304,46.38145,-119.430272,NA,NA
"Downs2","FtK_Cottonwood_Coulee 2021",0.767596721403593,46.25045,-119.53334,NA,NA
"Downs3","FtK_Cottonwood_Coulee 2021",0.714033265805542,45.9663,-120.3671,NA,NA
"Fleishman1","FtK_Cottonwood_Coulee 2021",0.800249504658068,38.47,-119.49,NA,NA
"Fleishman5","FtK_Cottonwood_Coulee 2021",0.786265514918201,39.12,-117.27,NA,NA
"Fleishman7","FtK_Cottonwood_Coulee 2021",0.760702798774768,39.17,-117.44,NA,NA
"Getts1","FtK_Cottonwood_Coulee 2021",0.741410022718111,41.17,-120.5,NA,NA
"Getts3","FtK_Cottonwood_Coulee 2021",0.783344815295058,40.43,-120.67,NA,NA
"Holdrege1","FtK_Cottonwood_Coulee 2021",0.775436532090827,41.61,-111.57,NA,NA
"Hufft1","FtK_Cottonwood_Coulee 2021",0.771099505966282,38.6701,-108.3286,NA,NA
"Lavin1","FtK_Cottonwood_Coulee 2021",0.797586122875439,44.68,-109.07,NA,NA
"Lavin2","FtK_Cottonwood_Coulee 2021",0.783674631627664,45.67,-111.03,NA,NA
"Lee1","FtK_Cottonwood_Coulee 2021",0.721036310182913,36.82340833,-116.0163889,NA,NA
"Lee2","FtK_Cottonwood_Coulee 2021",0.70744411320849,35.3984,-115.7845,NA,NA
"Lee3","FtK_Cottonwood_Coulee 2021",0.72085388079582,36.5247,-115.8987,NA,NA
"Lee4","FtK_Cottonwood_Coulee 2021",0.698213778069205,35.4564,-115.52,NA,NA
"Leger1","FtK_Cottonwood_Coulee 2021",0.718623597585458,39.49,-119.84,NA,NA
"Maron1","FtK_Cottonwood_Coulee 2021",0.783394399570373,46.68,-114.03,NA,NA
"Maron2","FtK_Cottonwood_Coulee 2021",0.804308856496503,46.64,-113.23,NA,NA
"Porensky30","FtK_Cottonwood_Coulee 2021",0.772057460449465,40.63,-105.27,NA,NA
"Pyke3","FtK_Cottonwood_Coulee 2021",0.790118969635355,44.60456358,-120.1924183,NA,NA
"Pyke8","FtK_Cottonwood_Coulee 2021",0.748898495002511,46.74830998,-119.361636,NA,NA
"Pyke21","FtK_Cottonwood_Coulee 2021",0.788194888734223,47.61803776,-119.6830115,NA,NA
"Pyle1","FtK_Cottonwood_Coulee 2021",0.885482673564012,42.35,-118.65,NA,NA
"Pyle9","FtK_Cottonwood_Coulee 2021",0.804300651960813,43.42,-119.62,NA,NA
"Pyle10","FtK_Cottonwood_Coulee 2021",0.786400198528698,43.19,-120,NA,NA
"Pyle15","FtK_Cottonwood_Coulee 2021",0.790338445306906,43.8,-119,NA,NA
"Pyle17","FtK_Cottonwood_Coulee 2021",0.774872959832186,44.36,-118.93,NA,NA
"Pyle19","FtK_Cottonwood_Coulee 2021",0.760722954179447,44.57,-119.65,NA,NA
"Reed1","FtK_Cottonwood_Coulee 2021",0.778141840822263,38.52,-109.47,NA,NA
"Reed3","FtK_Cottonwood_Coulee 2021",0.778021477422479,38.75,-109.79,NA,NA
"Schupp3","FtK_Cottonwood_Coulee 2021",0.7805041241071,38.6,-113.79,NA,NA
"Schupp4","FtK_Cottonwood_Coulee 2021",0.789626049261309,38.52,-113.55,NA,NA
"Schupp5","FtK_Cottonwood_Coulee 2021",0.789538741341394,39.11,-112.74,NA,NA
"Symstad1","FtK_Cottonwood_Coulee 2021",0.781595056241626,44.59,-104.71,NA,NA
"Symstad2","FtK_Cottonwood_Coulee 2021",0.765077872158853,43.87,-103.46,NA,NA
"Symstad3","FtK_Cottonwood_Coulee 2021",0.802425397416797,43.62,-103.47,NA,NA
"Urza2","FtK_Cottonwood_Coulee 2021",0.80457957840981,40.84,-119.56,NA,NA
"Wilcox2","FtK_Cottonwood_Coulee 2021",0.767574686950281,41.31,-105.66,NA,NA
"Chynoweth2","FtK_Cottonwood_Coulee 2021",0.786736608672082,40.29092,-109.68361,NA,NA
"Chynoweth3","FtK_Cottonwood_Coulee 2021",0.767945901968614,39.83576,-109.61202,NA,NA
"Chynoweth5","FtK_Cottonwood_Coulee 2021",0.806956491678589,40.480805,-109.438229,NA,NA
"Chynoweth7","FtK_Cottonwood_Coulee 2021",0.790323481325467,40.533605,-109.523564,NA,NA
"Chynoweth8","FtK_Cottonwood_Coulee 2021",0.786228343822616,40.640878,-109.48689,NA,NA
"Shriver2","FtK_Cottonwood_Coulee 2021",0.77570452708046,48,-114.04,NA,NA
"Davies03","FtK_Cottonwood_Coulee 2021",0.756473123444094,42.68,-118.68,NA,NA
"GerminoBOP1","FtK_Cottonwood_Coulee 2021",0.796971294015531,43.4720833,-116.2338306,NA,NA
"Mancillas01","FtK_Cottonwood_Coulee 2021",0.767601707983237,32.368,-106.56,NA,NA
"Boise_High 2022","FtK_Cottonwood_Coulee 2021",0.915566821072449,NA,NA,NA,NA
"Boise_Low 2022","FtK_Cottonwood_Coulee 2021",0.884543494078469,NA,NA,NA,NA
"CG PASTURE 2022","FtK_Cottonwood_Coulee 2021",0.956507504859097,NA,NA,NA,NA
"CaseAoyamaS1 2022","FtK_Cottonwood_Coulee 2021",0.932631805540609,NA,NA,NA,NA
"CastValley 2021","FtK_Cottonwood_Coulee 2021",0.882324515055274,NA,NA,NA,NA
"EOARC 2022","FtK_Cottonwood_Coulee 2021",0.932085404567534,NA,NA,NA,NA
"EnsingS1 SuRDC 2022","FtK_Cottonwood_Coulee 2021",0.948879569552054,NA,NA,NA,NA
"EnsingS2 Summerland-Princeton 2022","FtK_Cottonwood_Coulee 2021",0.908197420377477,NA,NA,NA,NA
"EnsingS3 Bear Creek 2022","FtK_Cottonwood_Coulee 2021",0.905251509571154,NA,NA,NA,NA
"EnsingS4 Lundbom 2022","FtK_Cottonwood_Coulee 2021",0.911221622644192,NA,NA,NA,NA
"FAR NORTH CPER 2022","FtK_Cottonwood_Coulee 2021",0.967444404227598,NA,NA,NA,NA
"FtK_Cottonwood_Coulee 2021","FtK_Cottonwood_Coulee 2021",1,NA,NA,NA,NA
"FtK_Lone_Pine 2021","FtK_Cottonwood_Coulee 2021",0.995741636129356,NA,NA,NA,NA
"GoeblS1 2024","FtK_Cottonwood_Coulee 2021",0.922332238126193,NA,NA,NA,NA
"GreenCanyon 2021","FtK_Cottonwood_Coulee 2021",0.952682935962149,NA,NA,NA,NA
"HPGRS AGCR 2022","FtK_Cottonwood_Coulee 2021",0.958285018924762,NA,NA,NA,NA
"HardwareRanch 2022","FtK_Cottonwood_Coulee 2021",0.940145182455155,NA,NA,NA,NA
"K1_vanDiepen 2022","FtK_Cottonwood_Coulee 2021",0.909454030182019,NA,NA,NA,NA
"L1_vanDiepen 2022","FtK_Cottonwood_Coulee 2021",0.957293477720403,NA,NA,NA,NA
"MPG_IR 2021","FtK_Cottonwood_Coulee 2021",0.933186974441631,NA,NA,NA,NA
"MPG_SR 2021","FtK_Cottonwood_Coulee 2021",0.936940130056416,NA,NA,NA,NA
"MPG_TH 2021","FtK_Cottonwood_Coulee 2021",0.935240620709663,NA,NA,NA,NA
"NEAR 4WAY CPER 2022","FtK_Cottonwood_Coulee 2021",0.966825730107899,NA,NA,NA,NA
"NEAR HQ CPER 2022","FtK_Cottonwood_Coulee 2021",0.966214734428695,NA,NA,NA,NA
"NEAR NUTNET 2022","FtK_Cottonwood_Coulee 2021",0.967066483055844,NA,NA,NA,NA
"OttS1 2022","FtK_Cottonwood_Coulee 2021",0.971839320749687,NA,NA,NA,NA
"PMR- Brome 2021","FtK_Cottonwood_Coulee 2021",0.934860578747878,NA,NA,NA,NA
"Pearlwise 2024","FtK_Cottonwood_Coulee 2021",0.927317409298024,NA,NA,NA,NA
"Peavine 2022","FtK_Cottonwood_Coulee 2021",0.876675441341168,NA,NA,NA,NA
"Plymouth 2022","FtK_Cottonwood_Coulee 2021",0.872948476393677,NA,NA,NA,NA
"RedBluff 2023","FtK_Cottonwood_Coulee 2021",0.946792924426315,NA,NA,NA,NA
"Rush_Valley 2022","FtK_Cottonwood_Coulee 2021",0.937311026014081,NA,NA,NA,NA
"SSHQ 2022","FtK_Cottonwood_Coulee 2021",0.955348476244214,NA,NA,NA,NA
"SSHigh 2022","FtK_Cottonwood_Coulee 2021",0.928526312932147,NA,NA,NA,NA
"SouthEden 2022","FtK_Cottonwood_Coulee 2021",0.942122224629857,NA,NA,NA,NA
"Symstad1 2021","FtK_Cottonwood_Coulee 2021",0.963928053160398,NA,NA,NA,NA
"Symstad2 2022","FtK_Cottonwood_Coulee 2021",0.966015141779049,NA,NA,NA,NA
"TB FIRE 2022","FtK_Cottonwood_Coulee 2021",0.98321080508064,NA,NA,NA,NA
"TB LC Control 2022","FtK_Cottonwood_Coulee 2021",0.983499459890515,NA,NA,NA,NA
"TB PRAIRIE DOG 2022","FtK_Cottonwood_Coulee 2021",0.98345137880633,NA,NA,NA,NA
"Woodruff 2022","FtK_Cottonwood_Coulee 2021",0.955254337167635,NA,NA,NA,NA
"dino 2024","FtK_Cottonwood_Coulee 2021",0.942013900665958,NA,NA,NA,NA
"AAFC4","FtK_Lone_Pine 2021",0.776160654830414,50.08,-120.65,NA,NA
"AAFC5","FtK_Lone_Pine 2021",0.784568696437055,50.09,-120.45,NA,NA
"AAFC6","FtK_Lone_Pine 2021",0.774948485531566,50.09,-120.75,NA,NA
"AAFC8","FtK_Lone_Pine 2021",0.798834986120829,49.57,-120.55,NA,NA
"AAFC9","FtK_Lone_Pine 2021",0.769805645897362,49.62,-119.8,NA,NA
"AAFC10","FtK_Lone_Pine 2021",0.769958677373932,49.71,-120.05,NA,NA
"Adler5","FtK_Lone_Pine 2021",0.778502680276257,40.79,-111.87,NA,NA
"Schupp2","FtK_Lone_Pine 2021",0.785730555984625,40.2,-112.46,NA,NA
"Schupp1","FtK_Lone_Pine 2021",0.788536439816522,39.85,-112.15,NA,NA
"Adler13","FtK_Lone_Pine 2021",0.790513468527398,41.44,-111.08,NA,NA
"Adler16","FtK_Lone_Pine 2021",0.8030980083073,41.78,-110.2,NA,NA
"Adler17","FtK_Lone_Pine 2021",0.803344576835797,41.44,-110.11,NA,NA
"Adler18","FtK_Lone_Pine 2021",0.787038181089725,40.86,-114.22,NA,NA
"Barnett1","FtK_Lone_Pine 2021",0.773402278889253,43.48,-110.74,NA,NA
"Baughman3","FtK_Lone_Pine 2021",0.783065812442476,42.81,-118.96,NA,NA
"Baughman2","FtK_Lone_Pine 2021",0.785610215727307,43.05,-118.87,NA,NA
"Chynoweth1","FtK_Lone_Pine 2021",0.790156342630254,39.76604,-109.5635,NA,NA
"Board1","FtK_Lone_Pine 2021",0.752734753048,38.84,-117.57,NA,NA
"Bradford1","FtK_Lone_Pine 2021",0.752133534871042,35.23,-111.62,NA,NA
"Chambers1","FtK_Lone_Pine 2021",0.730732622853558,39.55,-119.58,NA,NA
"Chambers2","FtK_Lone_Pine 2021",0.724358342873681,39.95,-118.76,NA,NA
"Urza1","FtK_Lone_Pine 2021",0.724532142735049,40.35,-119.34,NA,NA
"Chambers4","FtK_Lone_Pine 2021",0.72432972080758,41.31,-117.63,NA,NA
"Chambers5","FtK_Lone_Pine 2021",0.716732827806574,41.54,-117.75,NA,NA
"Chambers6","FtK_Lone_Pine 2021",0.716736257931737,41.54,-117.78,NA,NA
"Chambers7","FtK_Lone_Pine 2021",0.798063120513792,43.94,-116.19,NA,NA
"Chambers8","FtK_Lone_Pine 2021",0.784960189219942,42.24,-114.57,NA,NA
"Chambers9","FtK_Lone_Pine 2021",0.790218303437678,40.66,-116.73,NA,NA
"Copeland1","FtK_Lone_Pine 2021",0.79023277490222,43.7,-117.33,NA,NA
"Copeland5","FtK_Lone_Pine 2021",0.772602374088357,42.27,-118.71,NA,NA
"Copeland9","FtK_Lone_Pine 2021",0.803377828976336,43.47,-119.68,NA,NA
"Downs1","FtK_Lone_Pine 2021",0.765268990378732,46.38145,-119.430272,NA,NA
"Downs2","FtK_Lone_Pine 2021",0.766661882252362,46.25045,-119.53334,NA,NA
"Downs3","FtK_Lone_Pine 2021",0.714543378410733,45.9663,-120.3671,NA,NA
"Fleishman1","FtK_Lone_Pine 2021",0.799685758469231,38.47,-119.49,NA,NA
"Fleishman5","FtK_Lone_Pine 2021",0.787930632540175,39.12,-117.27,NA,NA
"Fleishman7","FtK_Lone_Pine 2021",0.756986749696253,39.17,-117.44,NA,NA
"Getts1","FtK_Lone_Pine 2021",0.741970607524727,41.17,-120.5,NA,NA
"Getts3","FtK_Lone_Pine 2021",0.780079435016388,40.43,-120.67,NA,NA
"Holdrege1","FtK_Lone_Pine 2021",0.773130318032379,41.61,-111.57,NA,NA
"Hufft1","FtK_Lone_Pine 2021",0.77171318112427,38.6701,-108.3286,NA,NA
"Lavin1","FtK_Lone_Pine 2021",0.797794840418549,44.68,-109.07,NA,NA
"Lavin2","FtK_Lone_Pine 2021",0.781794829822102,45.67,-111.03,NA,NA
"Lee1","FtK_Lone_Pine 2021",0.724404327456838,36.82340833,-116.0163889,NA,NA
"Lee2","FtK_Lone_Pine 2021",0.710362006900496,35.3984,-115.7845,NA,NA
"Lee3","FtK_Lone_Pine 2021",0.724220002291552,36.5247,-115.8987,NA,NA
"Lee4","FtK_Lone_Pine 2021",0.699564490944037,35.4564,-115.52,NA,NA
"Leger1","FtK_Lone_Pine 2021",0.71830316690519,39.49,-119.84,NA,NA
"Maron1","FtK_Lone_Pine 2021",0.783066047385619,46.68,-114.03,NA,NA
"Maron2","FtK_Lone_Pine 2021",0.803048218375095,46.64,-113.23,NA,NA
"Porensky30","FtK_Lone_Pine 2021",0.770375952948992,40.63,-105.27,NA,NA
"Pyke3","FtK_Lone_Pine 2021",0.787550713846387,44.60456358,-120.1924183,NA,NA
"Pyke8","FtK_Lone_Pine 2021",0.749743932683874,46.74830998,-119.361636,NA,NA
"Pyke21","FtK_Lone_Pine 2021",0.787032047522354,47.61803776,-119.6830115,NA,NA
"Pyle1","FtK_Lone_Pine 2021",0.884197167867052,42.35,-118.65,NA,NA
"Pyle9","FtK_Lone_Pine 2021",0.803041870862107,43.42,-119.62,NA,NA
"Pyle10","FtK_Lone_Pine 2021",0.788065637992005,43.19,-120,NA,NA
"Pyle15","FtK_Lone_Pine 2021",0.787841186101412,43.8,-119,NA,NA
"Pyle17","FtK_Lone_Pine 2021",0.772875059552223,44.36,-118.93,NA,NA
"Pyle19","FtK_Lone_Pine 2021",0.760922103782558,44.57,-119.65,NA,NA
"Reed1","FtK_Lone_Pine 2021",0.778385419843925,38.52,-109.47,NA,NA
"Reed3","FtK_Lone_Pine 2021",0.778126998966935,38.75,-109.79,NA,NA
"Schupp3","FtK_Lone_Pine 2021",0.781319051142843,38.6,-113.79,NA,NA
"Schupp4","FtK_Lone_Pine 2021",0.790032301626035,38.52,-113.55,NA,NA
"Schupp5","FtK_Lone_Pine 2021",0.789427605664385,39.11,-112.74,NA,NA
"Symstad1","FtK_Lone_Pine 2021",0.78149969773246,44.59,-104.71,NA,NA
"Symstad2","FtK_Lone_Pine 2021",0.764475687036109,43.87,-103.46,NA,NA
"Symstad3","FtK_Lone_Pine 2021",0.801903410276878,43.62,-103.47,NA,NA
"Urza2","FtK_Lone_Pine 2021",0.802717250335365,40.84,-119.56,NA,NA
"Wilcox2","FtK_Lone_Pine 2021",0.768761136529397,41.31,-105.66,NA,NA
"Chynoweth2","FtK_Lone_Pine 2021",0.788403765976783,40.29092,-109.68361,NA,NA
"Chynoweth3","FtK_Lone_Pine 2021",0.769131352110617,39.83576,-109.61202,NA,NA
"Chynoweth5","FtK_Lone_Pine 2021",0.808489114785409,40.480805,-109.438229,NA,NA
"Chynoweth7","FtK_Lone_Pine 2021",0.790727401042277,40.533605,-109.523564,NA,NA
"Chynoweth8","FtK_Lone_Pine 2021",0.78789280934962,40.640878,-109.48689,NA,NA
"Shriver2","FtK_Lone_Pine 2021",0.773396164308222,48,-114.04,NA,NA
"Davies03","FtK_Lone_Pine 2021",0.752428069431398,42.68,-118.68,NA,NA
"GerminoBOP1","FtK_Lone_Pine 2021",0.797437678227355,43.4720833,-116.2338306,NA,NA
"Mancillas01","FtK_Lone_Pine 2021",0.767827395280986,32.368,-106.56,NA,NA
"Boise_High 2022","FtK_Lone_Pine 2021",0.913950126390697,NA,NA,NA,NA
"Boise_Low 2022","FtK_Lone_Pine 2021",0.887125634851383,NA,NA,NA,NA
"CG PASTURE 2022","FtK_Lone_Pine 2021",0.952833026085265,NA,NA,NA,NA
"CaseAoyamaS1 2022","FtK_Lone_Pine 2021",0.93225366321341,NA,NA,NA,NA
"CastValley 2021","FtK_Lone_Pine 2021",0.886309859937187,NA,NA,NA,NA
"EOARC 2022","FtK_Lone_Pine 2021",0.931400184781264,NA,NA,NA,NA
"EnsingS1 SuRDC 2022","FtK_Lone_Pine 2021",0.946019767348077,NA,NA,NA,NA
"EnsingS2 Summerland-Princeton 2022","FtK_Lone_Pine 2021",0.905471232966609,NA,NA,NA,NA
"EnsingS3 Bear Creek 2022","FtK_Lone_Pine 2021",0.904565597420149,NA,NA,NA,NA
"EnsingS4 Lundbom 2022","FtK_Lone_Pine 2021",0.90652156619276,NA,NA,NA,NA
"FAR NORTH CPER 2022","FtK_Lone_Pine 2021",0.966709396418092,NA,NA,NA,NA
"FtK_Cottonwood_Coulee 2021","FtK_Lone_Pine 2021",0.995741636129356,NA,NA,NA,NA
"FtK_Lone_Pine 2021","FtK_Lone_Pine 2021",1,NA,NA,NA,NA
"GoeblS1 2024","FtK_Lone_Pine 2021",0.923252439712787,NA,NA,NA,NA
"GreenCanyon 2021","FtK_Lone_Pine 2021",0.950966104073891,NA,NA,NA,NA
"HPGRS AGCR 2022","FtK_Lone_Pine 2021",0.954806498709178,NA,NA,NA,NA
"HardwareRanch 2022","FtK_Lone_Pine 2021",0.936537221068904,NA,NA,NA,NA
"K1_vanDiepen 2022","FtK_Lone_Pine 2021",0.904702875060501,NA,NA,NA,NA
"L1_vanDiepen 2022","FtK_Lone_Pine 2021",0.952971765233459,NA,NA,NA,NA
"MPG_IR 2021","FtK_Lone_Pine 2021",0.928927583522513,NA,NA,NA,NA
"MPG_SR 2021","FtK_Lone_Pine 2021",0.93275166383612,NA,NA,NA,NA
"MPG_TH 2021","FtK_Lone_Pine 2021",0.931027130681498,NA,NA,NA,NA
"NEAR 4WAY CPER 2022","FtK_Lone_Pine 2021",0.96669445465586,NA,NA,NA,NA
"NEAR HQ CPER 2022","FtK_Lone_Pine 2021",0.965253607629773,NA,NA,NA,NA
"NEAR NUTNET 2022","FtK_Lone_Pine 2021",0.9664857882552,NA,NA,NA,NA
"OttS1 2022","FtK_Lone_Pine 2021",0.968959556729379,NA,NA,NA,NA
"PMR- Brome 2021","FtK_Lone_Pine 2021",0.93139376723843,NA,NA,NA,NA
"Pearlwise 2024","FtK_Lone_Pine 2021",0.927232607239586,NA,NA,NA,NA
"Peavine 2022","FtK_Lone_Pine 2021",0.876559300229898,NA,NA,NA,NA
"Plymouth 2022","FtK_Lone_Pine 2021",0.874194296862218,NA,NA,NA,NA
"RedBluff 2023","FtK_Lone_Pine 2021",0.942557406188422,NA,NA,NA,NA
"Rush_Valley 2022","FtK_Lone_Pine 2021",0.938737091243222,NA,NA,NA,NA
"SSHQ 2022","FtK_Lone_Pine 2021",0.952173468918365,NA,NA,NA,NA
"SSHigh 2022","FtK_Lone_Pine 2021",0.924271991339534,NA,NA,NA,NA
"SouthEden 2022","FtK_Lone_Pine 2021",0.937997322162009,NA,NA,NA,NA
"Symstad1 2021","FtK_Lone_Pine 2021",0.960433393204872,NA,NA,NA,NA
"Symstad2 2022","FtK_Lone_Pine 2021",0.962698741410639,NA,NA,NA,NA
"TB FIRE 2022","FtK_Lone_Pine 2021",0.982258095122866,NA,NA,NA,NA
"TB LC Control 2022","FtK_Lone_Pine 2021",0.982839682162253,NA,NA,NA,NA
"TB PRAIRIE DOG 2022","FtK_Lone_Pine 2021",0.98269551791519,NA,NA,NA,NA
"Woodruff 2022","FtK_Lone_Pine 2021",0.951446674917827,NA,NA,NA,NA
"dino 2024","FtK_Lone_Pine 2021",0.945077330222902,NA,NA,NA,NA
"AAFC4","GoeblS1 2024",0.76186624822301,50.08,-120.65,NA,NA
"AAFC5","GoeblS1 2024",0.783265705904881,50.09,-120.45,NA,NA
"AAFC6","GoeblS1 2024",0.75744976182366,50.09,-120.75,NA,NA
"AAFC8","GoeblS1 2024",0.779103992668262,49.57,-120.55,NA,NA
"AAFC9","GoeblS1 2024",0.768822663609904,49.62,-119.8,NA,NA
"AAFC10","GoeblS1 2024",0.768964719364323,49.71,-120.05,NA,NA
"Adler5","GoeblS1 2024",0.781232883916071,40.79,-111.87,NA,NA
"Schupp2","GoeblS1 2024",0.760276620015983,40.2,-112.46,NA,NA
"Schupp1","GoeblS1 2024",0.763898731262684,39.85,-112.15,NA,NA
"Adler13","GoeblS1 2024",0.764334446439496,41.44,-111.08,NA,NA
"Adler16","GoeblS1 2024",0.753094407635932,41.78,-110.2,NA,NA
"Adler17","GoeblS1 2024",0.753341542652869,41.44,-110.11,NA,NA
"Adler18","GoeblS1 2024",0.769914968917824,40.86,-114.22,NA,NA
"Barnett1","GoeblS1 2024",0.77196100128486,43.48,-110.74,NA,NA
"Baughman3","GoeblS1 2024",0.771479635846033,42.81,-118.96,NA,NA
"Baughman2","GoeblS1 2024",0.773968726729799,43.05,-118.87,NA,NA
"Chynoweth1","GoeblS1 2024",0.766838587674157,39.76604,-109.5635,NA,NA
"Board1","GoeblS1 2024",0.780072662895263,38.84,-117.57,NA,NA
"Bradford1","GoeblS1 2024",0.779512268071013,35.23,-111.62,NA,NA
"Chambers1","GoeblS1 2024",0.796444904294051,39.55,-119.58,NA,NA
"Chambers2","GoeblS1 2024",0.78956474372768,39.95,-118.76,NA,NA
"Urza1","GoeblS1 2024",0.78974782373529,40.35,-119.34,NA,NA
"Chambers4","GoeblS1 2024",0.78957540776839,41.31,-117.63,NA,NA
"Chambers5","GoeblS1 2024",0.775756413267757,41.54,-117.75,NA,NA
"Chambers6","GoeblS1 2024",0.775835575461339,41.54,-117.78,NA,NA
"Chambers7","GoeblS1 2024",0.781367840455703,43.94,-116.19,NA,NA
"Chambers8","GoeblS1 2024",0.76669879947772,42.24,-114.57,NA,NA
"Chambers9","GoeblS1 2024",0.766929452627928,40.66,-116.73,NA,NA
"Copeland1","GoeblS1 2024",0.766937242712994,43.7,-117.33,NA,NA
"Copeland5","GoeblS1 2024",0.786923937689147,42.27,-118.71,NA,NA
"Copeland9","GoeblS1 2024",0.753360546266269,43.47,-119.68,NA,NA
"Downs1","GoeblS1 2024",0.743796425009698,46.38145,-119.430272,NA,NA
"Downs2","GoeblS1 2024",0.776149849462749,46.25045,-119.53334,NA,NA
"Downs3","GoeblS1 2024",0.72813450118444,45.9663,-120.3671,NA,NA
"Fleishman1","GoeblS1 2024",0.772980567755685,38.47,-119.49,NA,NA
"Fleishman5","GoeblS1 2024",0.749943940536091,39.12,-117.27,NA,NA
"Fleishman7","GoeblS1 2024",0.777031150635507,39.17,-117.44,NA,NA
"Getts1","GoeblS1 2024",0.755427862935843,41.17,-120.5,NA,NA
"Getts3","GoeblS1 2024",0.786458758613306,40.43,-120.67,NA,NA
"Holdrege1","GoeblS1 2024",0.771689217450868,41.61,-111.57,NA,NA
"Hufft1","GoeblS1 2024",0.73949422490729,38.6701,-108.3286,NA,NA
"Lavin1","GoeblS1 2024",0.772307337485185,44.68,-109.07,NA,NA
"Lavin2","GoeblS1 2024",0.775789319064087,45.67,-111.03,NA,NA
"Lee1","GoeblS1 2024",0.789636595130048,36.82340833,-116.0163889,NA,NA
"Lee2","GoeblS1 2024",0.768815992673345,35.3984,-115.7845,NA,NA
"Lee3","GoeblS1 2024",0.789494443109426,36.5247,-115.8987,NA,NA
"Lee4","GoeblS1 2024",0.730750304082968,35.4564,-115.52,NA,NA
"Leger1","GoeblS1 2024",0.748517085792993,39.49,-119.84,NA,NA
"Maron1","GoeblS1 2024",0.770569446763169,46.68,-114.03,NA,NA
"Maron2","GoeblS1 2024",0.753065158953655,46.64,-113.23,NA,NA
"Porensky30","GoeblS1 2024",0.762486397745381,40.63,-105.27,NA,NA
"Pyke3","GoeblS1 2024",0.793083394663384,44.60456358,-120.1924183,NA,NA
"Pyke8","GoeblS1 2024",0.726961869783467,46.74830998,-119.361636,NA,NA
"Pyke21","GoeblS1 2024",0.765113604391375,47.61803776,-119.6830115,NA,NA
"Pyle1","GoeblS1 2024",0.861843572714724,42.35,-118.65,NA,NA
"Pyle9","GoeblS1 2024",0.753046754196307,43.42,-119.62,NA,NA
"Pyle10","GoeblS1 2024",0.750083883266574,43.19,-120,NA,NA
"Pyle15","GoeblS1 2024",0.78898411943906,43.8,-119,NA,NA
"Pyle17","GoeblS1 2024",0.77040357708423,44.36,-118.93,NA,NA
"Pyle19","GoeblS1 2024",0.747635957814559,44.57,-119.65,NA,NA
"Reed1","GoeblS1 2024",0.76227231423001,38.52,-109.47,NA,NA
"Reed3","GoeblS1 2024",0.760197934391359,38.75,-109.79,NA,NA
"Schupp3","GoeblS1 2024",0.756432710541596,38.6,-113.79,NA,NA
"Schupp4","GoeblS1 2024",0.766762800975634,38.52,-113.55,NA,NA
"Schupp5","GoeblS1 2024",0.771223756680289,39.11,-112.74,NA,NA
"Symstad1","GoeblS1 2024",0.760364810911682,44.59,-104.71,NA,NA
"Symstad2","GoeblS1 2024",0.744595319359723,43.87,-103.46,NA,NA
"Symstad3","GoeblS1 2024",0.779497249651921,43.62,-103.47,NA,NA
"Urza2","GoeblS1 2024",0.791582302187421,40.84,-119.56,NA,NA
"Wilcox2","GoeblS1 2024",0.733382303771156,41.31,-105.66,NA,NA
"Chynoweth2","GoeblS1 2024",0.750378210901788,40.29092,-109.68361,NA,NA
"Chynoweth3","GoeblS1 2024",0.733721532736758,39.83576,-109.61202,NA,NA
"Chynoweth5","GoeblS1 2024",0.771416012298076,40.480805,-109.438229,NA,NA
"Chynoweth7","GoeblS1 2024",0.767353680225192,40.533605,-109.523564,NA,NA
"Chynoweth8","GoeblS1 2024",0.749920104061504,40.640878,-109.48689,NA,NA
"Shriver2","GoeblS1 2024",0.771947747808035,48,-114.04,NA,NA
"Davies03","GoeblS1 2024",0.779811342798321,42.68,-118.68,NA,NA
"GerminoBOP1","GoeblS1 2024",0.778398393946362,43.4720833,-116.2338306,NA,NA
"Mancillas01","GoeblS1 2024",0.753548151026076,32.368,-106.56,NA,NA
"Boise_High 2022","GoeblS1 2024",0.939039362338332,NA,NA,NA,NA
"Boise_Low 2022","GoeblS1 2024",0.944572861302563,NA,NA,NA,NA
"CG PASTURE 2022","GoeblS1 2024",0.926014114708812,NA,NA,NA,NA
"CaseAoyamaS1 2022","GoeblS1 2024",0.95654265366642,NA,NA,NA,NA
"CastValley 2021","GoeblS1 2024",0.914238338733016,NA,NA,NA,NA
"EOARC 2022","GoeblS1 2024",0.9534746370883,NA,NA,NA,NA
"EnsingS1 SuRDC 2022","GoeblS1 2024",0.930790948342633,NA,NA,NA,NA
"EnsingS2 Summerland-Princeton 2022","GoeblS1 2024",0.924110894875339,NA,NA,NA,NA
"EnsingS3 Bear Creek 2022","GoeblS1 2024",0.949661790005911,NA,NA,NA,NA
"EnsingS4 Lundbom 2022","GoeblS1 2024",0.877622812791778,NA,NA,NA,NA
"FAR NORTH CPER 2022","GoeblS1 2024",0.947844361490003,NA,NA,NA,NA
"FtK_Cottonwood_Coulee 2021","GoeblS1 2024",0.922332238126193,NA,NA,NA,NA
"FtK_Lone_Pine 2021","GoeblS1 2024",0.923252439712787,NA,NA,NA,NA
"GoeblS1 2024","GoeblS1 2024",1,NA,NA,NA,NA
"GreenCanyon 2021","GoeblS1 2024",0.936021706057969,NA,NA,NA,NA
"HPGRS AGCR 2022","GoeblS1 2024",0.929270969181715,NA,NA,NA,NA
"HardwareRanch 2022","GoeblS1 2024",0.910745615436456,NA,NA,NA,NA
"K1_vanDiepen 2022","GoeblS1 2024",0.865950905257289,NA,NA,NA,NA
"L1_vanDiepen 2022","GoeblS1 2024",0.906930604779212,NA,NA,NA,NA
"MPG_IR 2021","GoeblS1 2024",0.893991718506491,NA,NA,NA,NA
"MPG_SR 2021","GoeblS1 2024",0.897012887738542,NA,NA,NA,NA
"MPG_TH 2021","GoeblS1 2024",0.895825438798089,NA,NA,NA,NA
"NEAR 4WAY CPER 2022","GoeblS1 2024",0.950233815624752,NA,NA,NA,NA
"NEAR HQ CPER 2022","GoeblS1 2024",0.947750884607883,NA,NA,NA,NA
"NEAR NUTNET 2022","GoeblS1 2024",0.948702740337416,NA,NA,NA,NA
"OttS1 2022","GoeblS1 2024",0.938179032509251,NA,NA,NA,NA
"PMR- Brome 2021","GoeblS1 2024",0.930976662290802,NA,NA,NA,NA
"Pearlwise 2024","GoeblS1 2024",0.958658432639779,NA,NA,NA,NA
"Peavine 2022","GoeblS1 2024",0.938227891091422,NA,NA,NA,NA
"Plymouth 2022","GoeblS1 2024",0.944990065852166,NA,NA,NA,NA
"RedBluff 2023","GoeblS1 2024",0.918246638744298,NA,NA,NA,NA
"Rush_Valley 2022","GoeblS1 2024",0.964219689746531,NA,NA,NA,NA
"SSHQ 2022","GoeblS1 2024",0.889156653126236,NA,NA,NA,NA
"SSHigh 2022","GoeblS1 2024",0.870703152228541,NA,NA,NA,NA
"SouthEden 2022","GoeblS1 2024",0.893525985150605,NA,NA,NA,NA
"Symstad1 2021","GoeblS1 2024",0.919839416263588,NA,NA,NA,NA
"Symstad2 2022","GoeblS1 2024",0.921295102966464,NA,NA,NA,NA
"TB FIRE 2022","GoeblS1 2024",0.938448196285584,NA,NA,NA,NA
"TB LC Control 2022","GoeblS1 2024",0.938620306981735,NA,NA,NA,NA
"TB PRAIRIE DOG 2022","GoeblS1 2024",0.938492073602532,NA,NA,NA,NA
"Woodruff 2022","GoeblS1 2024",0.896672606054301,NA,NA,NA,NA
"dino 2024","GoeblS1 2024",0.905931963319554,NA,NA,NA,NA
"AAFC4","GreenCanyon 2021",0.775711603469451,50.08,-120.65,NA,NA
"AAFC5","GreenCanyon 2021",0.793574693090825,50.09,-120.45,NA,NA
"AAFC6","GreenCanyon 2021",0.768810629676919,50.09,-120.75,NA,NA
"AAFC8","GreenCanyon 2021",0.797314225691606,49.57,-120.55,NA,NA
"AAFC9","GreenCanyon 2021",0.776890385775115,49.62,-119.8,NA,NA
"AAFC10","GreenCanyon 2021",0.777056562898735,49.71,-120.05,NA,NA
"Adler5","GreenCanyon 2021",0.798792023414725,40.79,-111.87,NA,NA
"Schupp2","GreenCanyon 2021",0.775687643383926,40.2,-112.46,NA,NA
"Schupp1","GreenCanyon 2021",0.771806842164959,39.85,-112.15,NA,NA
"Adler13","GreenCanyon 2021",0.7944691161036,41.44,-111.08,NA,NA
"Adler16","GreenCanyon 2021",0.778607203963284,41.78,-110.2,NA,NA
"Adler17","GreenCanyon 2021",0.778840224221681,41.44,-110.11,NA,NA
"Adler18","GreenCanyon 2021",0.791572955034441,40.86,-114.22,NA,NA
"Barnett1","GreenCanyon 2021",0.79956553673062,43.48,-110.74,NA,NA
"Baughman3","GreenCanyon 2021",0.785623749877804,42.81,-118.96,NA,NA
"Baughman2","GreenCanyon 2021",0.785505001694257,43.05,-118.87,NA,NA
"Chynoweth1","GreenCanyon 2021",0.806770984221585,39.76604,-109.5635,NA,NA
"Board1","GreenCanyon 2021",0.78878145088429,38.84,-117.57,NA,NA
"Bradford1","GreenCanyon 2021",0.788188664056669,35.23,-111.62,NA,NA
"Chambers1","GreenCanyon 2021",0.729729767653373,39.55,-119.58,NA,NA
"Chambers2","GreenCanyon 2021",0.722236593585123,39.95,-118.76,NA,NA
"Urza1","GreenCanyon 2021",0.722396543844497,40.35,-119.34,NA,NA
"Chambers4","GreenCanyon 2021",0.72219460722921,41.31,-117.63,NA,NA
"Chambers5","GreenCanyon 2021",0.715802183172993,41.54,-117.75,NA,NA
"Chambers6","GreenCanyon 2021",0.715809202502568,41.54,-117.78,NA,NA
"Chambers7","GreenCanyon 2021",0.795605349294941,43.94,-116.19,NA,NA
"Chambers8","GreenCanyon 2021",0.788248746012049,42.24,-114.57,NA,NA
"Chambers9","GreenCanyon 2021",0.806844363247107,40.66,-116.73,NA,NA
"Copeland1","GreenCanyon 2021",0.806858094843732,43.7,-117.33,NA,NA
"Copeland5","GreenCanyon 2021",0.805656303574811,42.27,-118.71,NA,NA
"Copeland9","GreenCanyon 2021",0.778892065472049,43.47,-119.68,NA,NA
"Downs1","GreenCanyon 2021",0.758117515282112,46.38145,-119.430272,NA,NA
"Downs2","GreenCanyon 2021",0.781777189209474,46.25045,-119.53334,NA,NA
"Downs3","GreenCanyon 2021",0.729850216986586,45.9663,-120.3671,NA,NA
"Fleishman1","GreenCanyon 2021",0.798102110566568,38.47,-119.49,NA,NA
"Fleishman5","GreenCanyon 2021",0.765540502993253,39.12,-117.27,NA,NA
"Fleishman7","GreenCanyon 2021",0.791565557704276,39.17,-117.44,NA,NA
"Getts1","GreenCanyon 2021",0.752451035552495,41.17,-120.5,NA,NA
"Getts3","GreenCanyon 2021",0.814485053334685,40.43,-120.67,NA,NA
"Holdrege1","GreenCanyon 2021",0.799288217193051,41.61,-111.57,NA,NA
"Hufft1","GreenCanyon 2021",0.755202879990866,38.6701,-108.3286,NA,NA
"Lavin1","GreenCanyon 2021",0.785246299764928,44.68,-109.07,NA,NA
"Lavin2","GreenCanyon 2021",0.78217766057096,45.67,-111.03,NA,NA
"Lee1","GreenCanyon 2021",0.722252665823697,36.82340833,-116.0163889,NA,NA
"Lee2","GreenCanyon 2021",0.71032846343761,35.3984,-115.7845,NA,NA
"Lee3","GreenCanyon 2021",0.722101222023786,36.5247,-115.8987,NA,NA
"Lee4","GreenCanyon 2021",0.716269974845587,35.4564,-115.52,NA,NA
"Leger1","GreenCanyon 2021",0.742307919047808,39.49,-119.84,NA,NA
"Maron1","GreenCanyon 2021",0.787479083419753,46.68,-114.03,NA,NA
"Maron2","GreenCanyon 2021",0.778560832688888,46.64,-113.23,NA,NA
"Porensky30","GreenCanyon 2021",0.767598631303364,40.63,-105.27,NA,NA
"Pyke3","GreenCanyon 2021",0.810647220563554,44.60456358,-120.1924183,NA,NA
"Pyke8","GreenCanyon 2021",0.73554914602006,46.74830998,-119.361636,NA,NA
"Pyke21","GreenCanyon 2021",0.789629114797048,47.61803776,-119.6830115,NA,NA
"Pyle1","GreenCanyon 2021",0.889072465848625,42.35,-118.65,NA,NA
"Pyle9","GreenCanyon 2021",0.778536600466502,43.42,-119.62,NA,NA
"Pyle10","GreenCanyon 2021",0.765706330939692,43.19,-120,NA,NA
"Pyle15","GreenCanyon 2021",0.805046015611796,43.8,-119,NA,NA
"Pyle17","GreenCanyon 2021",0.781599906960811,44.36,-118.93,NA,NA
"Pyle19","GreenCanyon 2021",0.753190864573217,44.57,-119.65,NA,NA
"Reed1","GreenCanyon 2021",0.779153000672818,38.52,-109.47,NA,NA
"Reed3","GreenCanyon 2021",0.771869064517394,38.75,-109.79,NA,NA
"Schupp3","GreenCanyon 2021",0.768772134614538,38.6,-113.79,NA,NA
"Schupp4","GreenCanyon 2021",0.806667547655008,38.52,-113.55,NA,NA
"Schupp5","GreenCanyon 2021",0.798627313715467,39.11,-112.74,NA,NA
"Symstad1","GreenCanyon 2021",0.766604767161713,44.59,-104.71,NA,NA
"Symstad2","GreenCanyon 2021",0.754521244486565,43.87,-103.46,NA,NA
"Symstad3","GreenCanyon 2021",0.797540614398724,43.62,-103.47,NA,NA
"Urza2","GreenCanyon 2021",0.821230557044953,40.84,-119.56,NA,NA
"Wilcox2","GreenCanyon 2021",0.747190770214725,41.31,-105.66,NA,NA
"Chynoweth2","GreenCanyon 2021",0.766005877905031,40.29092,-109.68361,NA,NA
"Chynoweth3","GreenCanyon 2021",0.747542061015091,39.83576,-109.61202,NA,NA
"Chynoweth5","GreenCanyon 2021",0.788284308820747,40.480805,-109.438229,NA,NA
"Chynoweth7","GreenCanyon 2021",0.807307759638792,40.533605,-109.523564,NA,NA
"Chynoweth8","GreenCanyon 2021",0.765523757902297,40.640878,-109.48689,NA,NA
"Shriver2","GreenCanyon 2021",0.799567722917994,48,-114.04,NA,NA
"Davies03","GreenCanyon 2021",0.788487107850955,42.68,-118.68,NA,NA
"GerminoBOP1","GreenCanyon 2021",0.807757029879421,43.4720833,-116.2338306,NA,NA
"Mancillas01","GreenCanyon 2021",0.761998461461484,32.368,-106.56,NA,NA
"Boise_High 2022","GreenCanyon 2021",0.944045832195216,NA,NA,NA,NA
"Boise_Low 2022","GreenCanyon 2021",0.893996875220512,NA,NA,NA,NA
"CG PASTURE 2022","GreenCanyon 2021",0.963977674855571,NA,NA,NA,NA
"CaseAoyamaS1 2022","GreenCanyon 2021",0.949838011374592,NA,NA,NA,NA
"CastValley 2021","GreenCanyon 2021",0.887862525990687,NA,NA,NA,NA
"EOARC 2022","GreenCanyon 2021",0.950786500187615,NA,NA,NA,NA
"EnsingS1 SuRDC 2022","GreenCanyon 2021",0.981519820115045,NA,NA,NA,NA
"EnsingS2 Summerland-Princeton 2022","GreenCanyon 2021",0.930365286182814,NA,NA,NA,NA
"EnsingS3 Bear Creek 2022","GreenCanyon 2021",0.925860730572763,NA,NA,NA,NA
"EnsingS4 Lundbom 2022","GreenCanyon 2021",0.918292241397578,NA,NA,NA,NA
"FAR NORTH CPER 2022","GreenCanyon 2021",0.966784132820036,NA,NA,NA,NA
"FtK_Cottonwood_Coulee 2021","GreenCanyon 2021",0.952682935962149,NA,NA,NA,NA
"FtK_Lone_Pine 2021","GreenCanyon 2021",0.950966104073891,NA,NA,NA,NA
"GoeblS1 2024","GreenCanyon 2021",0.936021706057969,NA,NA,NA,NA
"GreenCanyon 2021","GreenCanyon 2021",1,NA,NA,NA,NA
"HPGRS AGCR 2022","GreenCanyon 2021",0.965112118925005,NA,NA,NA,NA
"HardwareRanch 2022","GreenCanyon 2021",0.970111035208877,NA,NA,NA,NA
"K1_vanDiepen 2022","GreenCanyon 2021",0.925667748455879,NA,NA,NA,NA
"L1_vanDiepen 2022","GreenCanyon 2021",0.958626121993137,NA,NA,NA,NA
"MPG_IR 2021","GreenCanyon 2021",0.952803861137513,NA,NA,NA,NA
"MPG_SR 2021","GreenCanyon 2021",0.955718777706221,NA,NA,NA,NA
"MPG_TH 2021","GreenCanyon 2021",0.954462523671019,NA,NA,NA,NA
"NEAR 4WAY CPER 2022","GreenCanyon 2021",0.965001241346155,NA,NA,NA,NA
"NEAR HQ CPER 2022","GreenCanyon 2021",0.967572777010601,NA,NA,NA,NA
"NEAR NUTNET 2022","GreenCanyon 2021",0.966223681647474,NA,NA,NA,NA
"OttS1 2022","GreenCanyon 2021",0.966648689471537,NA,NA,NA,NA
"PMR- Brome 2021","GreenCanyon 2021",0.956306222722011,NA,NA,NA,NA
"Pearlwise 2024","GreenCanyon 2021",0.954984930813507,NA,NA,NA,NA
"Peavine 2022","GreenCanyon 2021",0.906198153022283,NA,NA,NA,NA
"Plymouth 2022","GreenCanyon 2021",0.894552676967324,NA,NA,NA,NA
"RedBluff 2023","GreenCanyon 2021",0.958427108244707,NA,NA,NA,NA
"Rush_Valley 2022","GreenCanyon 2021",0.958956084666322,NA,NA,NA,NA
"SSHQ 2022","GreenCanyon 2021",0.951438486917401,NA,NA,NA,NA
"SSHigh 2022","GreenCanyon 2021",0.93663005337776,NA,NA,NA,NA
"SouthEden 2022","GreenCanyon 2021",0.956129257377028,NA,NA,NA,NA
"Symstad1 2021","GreenCanyon 2021",0.961154739071217,NA,NA,NA,NA
"Symstad2 2022","GreenCanyon 2021",0.961805803304547,NA,NA,NA,NA
"TB FIRE 2022","GreenCanyon 2021",0.962826110669307,NA,NA,NA,NA
"TB LC Control 2022","GreenCanyon 2021",0.962277888145001,NA,NA,NA,NA
"TB PRAIRIE DOG 2022","GreenCanyon 2021",0.962419730108531,NA,NA,NA,NA
"Woodruff 2022","GreenCanyon 2021",0.957980389959242,NA,NA,NA,NA
"dino 2024","GreenCanyon 2021",0.932399541598845,NA,NA,NA,NA
"AAFC4","HPGRS AGCR 2022",0.779242127933171,50.08,-120.65,NA,NA
"AAFC5","HPGRS AGCR 2022",0.798527746392149,50.09,-120.45,NA,NA
"AAFC6","HPGRS AGCR 2022",0.773052022547721,50.09,-120.75,NA,NA
"AAFC8","HPGRS AGCR 2022",0.797951569564767,49.57,-120.55,NA,NA
"AAFC9","HPGRS AGCR 2022",0.779746285925609,49.62,-119.8,NA,NA
"AAFC10","HPGRS AGCR 2022",0.779872676652119,49.71,-120.05,NA,NA
"Adler5","HPGRS AGCR 2022",0.79037435666788,40.79,-111.87,NA,NA
"Schupp2","HPGRS AGCR 2022",0.779635565288899,40.2,-112.46,NA,NA
"Schupp1","HPGRS AGCR 2022",0.776752099052508,39.85,-112.15,NA,NA
"Adler13","HPGRS AGCR 2022",0.779928583369922,41.44,-111.08,NA,NA
"Adler16","HPGRS AGCR 2022",0.79652458921434,41.78,-110.2,NA,NA
"Adler17","HPGRS AGCR 2022",0.796775319231226,41.44,-110.11,NA,NA
"Adler18","HPGRS AGCR 2022",0.781902942885678,40.86,-114.22,NA,NA
"Barnett1","HPGRS AGCR 2022",0.785405856171219,43.48,-110.74,NA,NA
"Baughman3","HPGRS AGCR 2022",0.789416123278749,42.81,-118.96,NA,NA
"Baughman2","HPGRS AGCR 2022",0.781987741377672,43.05,-118.87,NA,NA
"Chynoweth1","HPGRS AGCR 2022",0.78148042453257,39.76604,-109.5635,NA,NA
"Board1","HPGRS AGCR 2022",0.806375326876713,38.84,-117.57,NA,NA
"Bradford1","HPGRS AGCR 2022",0.805786949457808,35.23,-111.62,NA,NA
"Chambers1","HPGRS AGCR 2022",0.719879009188454,39.55,-119.58,NA,NA
"Chambers2","HPGRS AGCR 2022",0.710393663743565,39.95,-118.76,NA,NA
"Urza1","HPGRS AGCR 2022",0.710556694805988,40.35,-119.34,NA,NA
"Chambers4","HPGRS AGCR 2022",0.710364376192826,41.31,-117.63,NA,NA
"Chambers5","HPGRS AGCR 2022",0.705251069908334,41.54,-117.75,NA,NA
"Chambers6","HPGRS AGCR 2022",0.705239151547962,41.54,-117.78,NA,NA
"Chambers7","HPGRS AGCR 2022",0.793866610773123,43.94,-116.19,NA,NA
"Chambers8","HPGRS AGCR 2022",0.784530238496511,42.24,-114.57,NA,NA
"Chambers9","HPGRS AGCR 2022",0.781542858009122,40.66,-116.73,NA,NA
"Copeland1","HPGRS AGCR 2022",0.781562588718619,43.7,-117.33,NA,NA
"Copeland5","HPGRS AGCR 2022",0.800524629137647,42.27,-118.71,NA,NA
"Copeland9","HPGRS AGCR 2022",0.796806313585618,43.47,-119.68,NA,NA
"Downs1","HPGRS AGCR 2022",0.761179040459423,46.38145,-119.430272,NA,NA
"Downs2","HPGRS AGCR 2022",0.778151442232767,46.25045,-119.53334,NA,NA
"Downs3","HPGRS AGCR 2022",0.718148839067219,45.9663,-120.3671,NA,NA
"Fleishman1","HPGRS AGCR 2022",0.796658459983136,38.47,-119.49,NA,NA
"Fleishman5","HPGRS AGCR 2022",0.766633830358619,39.12,-117.27,NA,NA
"Fleishman7","HPGRS AGCR 2022",0.799670948652623,39.17,-117.44,NA,NA
"Getts1","HPGRS AGCR 2022",0.745759810323536,41.17,-120.5,NA,NA
"Getts3","HPGRS AGCR 2022",0.808267597655442,40.43,-120.67,NA,NA
"Holdrege1","HPGRS AGCR 2022",0.785123897182073,41.61,-111.57,NA,NA
"Hufft1","HPGRS AGCR 2022",0.759872964152003,38.6701,-108.3286,NA,NA
"Lavin1","HPGRS AGCR 2022",0.788853395155753,44.68,-109.07,NA,NA
"Lavin2","HPGRS AGCR 2022",0.791654787341497,45.67,-111.03,NA,NA
"Lee1","HPGRS AGCR 2022",0.710426675329671,36.82340833,-116.0163889,NA,NA
"Lee2","HPGRS AGCR 2022",0.702309442869848,35.3984,-115.7845,NA,NA
"Lee3","HPGRS AGCR 2022",0.710270617707872,36.5247,-115.8987,NA,NA
"Lee4","HPGRS AGCR 2022",0.704339916168457,35.4564,-115.52,NA,NA
"Leger1","HPGRS AGCR 2022",0.737024955163491,39.49,-119.84,NA,NA
"Maron1","HPGRS AGCR 2022",0.784332632353387,46.68,-114.03,NA,NA
"Maron2","HPGRS AGCR 2022",0.796489955627971,46.64,-113.23,NA,NA
"Porensky30","HPGRS AGCR 2022",0.777622458474504,40.63,-105.27,NA,NA
"Pyke3","HPGRS AGCR 2022",0.810681592041686,44.60456358,-120.1924183,NA,NA
"Pyke8","HPGRS AGCR 2022",0.737936178037235,46.74830998,-119.361636,NA,NA
"Pyke21","HPGRS AGCR 2022",0.78795280100672,47.61803776,-119.6830115,NA,NA
"Pyle1","HPGRS AGCR 2022",0.89248203667862,42.35,-118.65,NA,NA
"Pyle9","HPGRS AGCR 2022",0.796459938725998,43.42,-119.62,NA,NA
"Pyle10","HPGRS AGCR 2022",0.766773118267719,43.19,-120,NA,NA
"Pyle15","HPGRS AGCR 2022",0.806350532997038,43.8,-119,NA,NA
"Pyle17","HPGRS AGCR 2022",0.783465778728867,44.36,-118.93,NA,NA
"Pyle19","HPGRS AGCR 2022",0.762066174369612,44.57,-119.65,NA,NA
"Reed1","HPGRS AGCR 2022",0.77527046731475,38.52,-109.47,NA,NA
"Reed3","HPGRS AGCR 2022",0.77757876562612,38.75,-109.79,NA,NA
"Schupp3","HPGRS AGCR 2022",0.769542978486425,38.6,-113.79,NA,NA
"Schupp4","HPGRS AGCR 2022",0.781361344571097,38.52,-113.55,NA,NA
"Schupp5","HPGRS AGCR 2022",0.787127005651139,39.11,-112.74,NA,NA
"Symstad1","HPGRS AGCR 2022",0.774184545791065,44.59,-104.71,NA,NA
"Symstad2","HPGRS AGCR 2022",0.763993077154727,43.87,-103.46,NA,NA
"Symstad3","HPGRS AGCR 2022",0.799640480333271,43.62,-103.47,NA,NA
"Urza2","HPGRS AGCR 2022",0.813330514927031,40.84,-119.56,NA,NA
"Wilcox2","HPGRS AGCR 2022",0.751191203685403,41.31,-105.66,NA,NA
"Chynoweth2","HPGRS AGCR 2022",0.767086590225913,40.29092,-109.68361,NA,NA
"Chynoweth3","HPGRS AGCR 2022",0.75156067311081,39.83576,-109.61202,NA,NA
"Chynoweth5","HPGRS AGCR 2022",0.788965722685172,40.480805,-109.438229,NA,NA
"Chynoweth7","HPGRS AGCR 2022",0.782040507294413,40.533605,-109.523564,NA,NA
"Chynoweth8","HPGRS AGCR 2022",0.766607637303337,40.640878,-109.48689,NA,NA
"Shriver2","HPGRS AGCR 2022",0.785409997202672,48,-114.04,NA,NA
"Davies03","HPGRS AGCR 2022",0.806079064326911,42.68,-118.68,NA,NA
"GerminoBOP1","HPGRS AGCR 2022",0.791500959676146,43.4720833,-116.2338306,NA,NA
"Mancillas01","HPGRS AGCR 2022",0.768034286042031,32.368,-106.56,NA,NA
"Boise_High 2022","HPGRS AGCR 2022",0.937758713299593,NA,NA,NA,NA
"Boise_Low 2022","HPGRS AGCR 2022",0.878273517902438,NA,NA,NA,NA
"CG PASTURE 2022","HPGRS AGCR 2022",0.996806309440489,NA,NA,NA,NA
"CaseAoyamaS1 2022","HPGRS AGCR 2022",0.941845499202075,NA,NA,NA,NA
"CastValley 2021","HPGRS AGCR 2022",0.86488518754069,NA,NA,NA,NA
"EOARC 2022","HPGRS AGCR 2022",0.943584071971865,NA,NA,NA,NA
"EnsingS1 SuRDC 2022","HPGRS AGCR 2022",0.973447005309448,NA,NA,NA,NA
"EnsingS2 Summerland-Princeton 2022","HPGRS AGCR 2022",0.932370325090939,NA,NA,NA,NA
"EnsingS3 Bear Creek 2022","HPGRS AGCR 2022",0.918453925479474,NA,NA,NA,NA
"EnsingS4 Lundbom 2022","HPGRS AGCR 2022",0.934245644975909,NA,NA,NA,NA
"FAR NORTH CPER 2022","HPGRS AGCR 2022",0.973528339449414,NA,NA,NA,NA
"FtK_Cottonwood_Coulee 2021","HPGRS AGCR 2022",0.958285018924762,NA,NA,NA,NA
"FtK_Lone_Pine 2021","HPGRS AGCR 2022",0.954806498709178,NA,NA,NA,NA
"GoeblS1 2024","HPGRS AGCR 2022",0.929270969181715,NA,NA,NA,NA
"GreenCanyon 2021","HPGRS AGCR 2022",0.965112118925005,NA,NA,NA,NA
"HPGRS AGCR 2022","HPGRS AGCR 2022",1,NA,NA,NA,NA
"HardwareRanch 2022","HPGRS AGCR 2022",0.966414681625409,NA,NA,NA,NA
"K1_vanDiepen 2022","HPGRS AGCR 2022",0.936416705200477,NA,NA,NA,NA
"L1_vanDiepen 2022","HPGRS AGCR 2022",0.974541517229842,NA,NA,NA,NA
"MPG_IR 2021","HPGRS AGCR 2022",0.958371533060522,NA,NA,NA,NA
"MPG_SR 2021","HPGRS AGCR 2022",0.960979452828467,NA,NA,NA,NA
"MPG_TH 2021","HPGRS AGCR 2022",0.959768607706937,NA,NA,NA,NA
"NEAR 4WAY CPER 2022","HPGRS AGCR 2022",0.96895265601977,NA,NA,NA,NA
"NEAR HQ CPER 2022","HPGRS AGCR 2022",0.975205574072543,NA,NA,NA,NA
"NEAR NUTNET 2022","HPGRS AGCR 2022",0.972343134336855,NA,NA,NA,NA
"OttS1 2022","HPGRS AGCR 2022",0.98257716042626,NA,NA,NA,NA
"PMR- Brome 2021","HPGRS AGCR 2022",0.974465557698944,NA,NA,NA,NA
"Pearlwise 2024","HPGRS AGCR 2022",0.94021900345741,NA,NA,NA,NA
"Peavine 2022","HPGRS AGCR 2022",0.895957808530963,NA,NA,NA,NA
"Plymouth 2022","HPGRS AGCR 2022",0.882623938494474,NA,NA,NA,NA
"RedBluff 2023","HPGRS AGCR 2022",0.980189609582944,NA,NA,NA,NA
"Rush_Valley 2022","HPGRS AGCR 2022",0.935587284878929,NA,NA,NA,NA
"SSHQ 2022","HPGRS AGCR 2022",0.950635745851241,NA,NA,NA,NA
"SSHigh 2022","HPGRS AGCR 2022",0.942077052103032,NA,NA,NA,NA
"SouthEden 2022","HPGRS AGCR 2022",0.959237993103419,NA,NA,NA,NA
"Symstad1 2021","HPGRS AGCR 2022",0.981138851874874,NA,NA,NA,NA
"Symstad2 2022","HPGRS AGCR 2022",0.980155268939399,NA,NA,NA,NA
"TB FIRE 2022","HPGRS AGCR 2022",0.968467591226477,NA,NA,NA,NA
"TB LC Control 2022","HPGRS AGCR 2022",0.967282417399939,NA,NA,NA,NA
"TB PRAIRIE DOG 2022","HPGRS AGCR 2022",0.967623423877536,NA,NA,NA,NA
"Woodruff 2022","HPGRS AGCR 2022",0.959346993165196,NA,NA,NA,NA
"dino 2024","HPGRS AGCR 2022",0.913421916855019,NA,NA,NA,NA
"AAFC4","HardwareRanch 2022",0.776935470464974,50.08,-120.65,NA,NA
"AAFC5","HardwareRanch 2022",0.801337979540893,50.09,-120.45,NA,NA
"AAFC6","HardwareRanch 2022",0.763639554398014,50.09,-120.75,NA,NA
"AAFC8","HardwareRanch 2022",0.799558575659259,49.57,-120.55,NA,NA
"AAFC9","HardwareRanch 2022",0.781691105079817,49.62,-119.8,NA,NA
"AAFC10","HardwareRanch 2022",0.781837795653439,49.71,-120.05,NA,NA
"Adler5","HardwareRanch 2022",0.801899478997577,40.79,-111.87,NA,NA
"Schupp2","HardwareRanch 2022",0.772309832214891,40.2,-112.46,NA,NA
"Schupp1","HardwareRanch 2022",0.764168133283173,39.85,-112.15,NA,NA
"Adler13","HardwareRanch 2022",0.784106357834338,41.44,-111.08,NA,NA
"Adler16","HardwareRanch 2022",0.788677163265799,41.78,-110.2,NA,NA
"Adler17","HardwareRanch 2022",0.788904411931207,41.44,-110.11,NA,NA
"Adler18","HardwareRanch 2022",0.788104161731254,40.86,-114.22,NA,NA
"Barnett1","HardwareRanch 2022",0.807283024442361,43.48,-110.74,NA,NA
"Baughman3","HardwareRanch 2022",0.789869251037837,42.81,-118.96,NA,NA
"Baughman2","HardwareRanch 2022",0.77898634816716,43.05,-118.87,NA,NA
"Chynoweth1","HardwareRanch 2022",0.795679836472147,39.76604,-109.5635,NA,NA
"Board1","HardwareRanch 2022",0.80647299488935,38.84,-117.57,NA,NA
"Bradford1","HardwareRanch 2022",0.805876226230019,35.23,-111.62,NA,NA
"Chambers1","HardwareRanch 2022",0.70022327624804,39.55,-119.58,NA,NA
"Chambers2","HardwareRanch 2022",0.692644473527853,39.95,-118.76,NA,NA
"Urza1","HardwareRanch 2022",0.692799372892858,40.35,-119.34,NA,NA
"Chambers4","HardwareRanch 2022",0.692592594073212,41.31,-117.63,NA,NA
"Chambers5","HardwareRanch 2022",0.68868143863048,41.54,-117.75,NA,NA
"Chambers6","HardwareRanch 2022",0.688661666830293,41.54,-117.78,NA,NA
"Chambers7","HardwareRanch 2022",0.791301846554128,43.94,-116.19,NA,NA
"Chambers8","HardwareRanch 2022",0.786395787446582,42.24,-114.57,NA,NA
"Chambers9","HardwareRanch 2022",0.795742950147912,40.66,-116.73,NA,NA
"Copeland1","HardwareRanch 2022",0.795764379122249,43.7,-117.33,NA,NA
"Copeland5","HardwareRanch 2022",0.817018236501369,42.27,-118.71,NA,NA
"Copeland9","HardwareRanch 2022",0.788963524633975,43.47,-119.68,NA,NA
"Downs1","HardwareRanch 2022",0.755566983464515,46.38145,-119.430272,NA,NA
"Downs2","HardwareRanch 2022",0.780812208906805,46.25045,-119.53334,NA,NA
"Downs3","HardwareRanch 2022",0.726127156188055,45.9663,-120.3671,NA,NA
"Fleishman1","HardwareRanch 2022",0.797391236123635,38.47,-119.49,NA,NA
"Fleishman5","HardwareRanch 2022",0.754373364071659,39.12,-117.27,NA,NA
"Fleishman7","HardwareRanch 2022",0.807653329082454,39.17,-117.44,NA,NA
"Getts1","HardwareRanch 2022",0.747343041931969,41.17,-120.5,NA,NA
"Getts3","HardwareRanch 2022",0.82787221929312,40.43,-120.67,NA,NA
"Holdrege1","HardwareRanch 2022",0.806999460430775,41.61,-111.57,NA,NA
"Hufft1","HardwareRanch 2022",0.750055512082241,38.6701,-108.3286,NA,NA
"Lavin1","HardwareRanch 2022",0.780056035276543,44.68,-109.07,NA,NA
"Lavin2","HardwareRanch 2022",0.78599332376071,45.67,-111.03,NA,NA
"Lee1","HardwareRanch 2022",0.692645582033039,36.82340833,-116.0163889,NA,NA
"Lee2","HardwareRanch 2022",0.683577944005323,35.3984,-115.7845,NA,NA
"Lee3","HardwareRanch 2022",0.692500314212577,36.5247,-115.8987,NA,NA
"Lee4","HardwareRanch 2022",0.708183704253995,35.4564,-115.52,NA,NA
"Leger1","HardwareRanch 2022",0.74234069684972,39.49,-119.84,NA,NA
"Maron1","HardwareRanch 2022",0.782181165702764,46.68,-114.03,NA,NA
"Maron2","HardwareRanch 2022",0.788634110893627,46.64,-113.23,NA,NA
"Porensky30","HardwareRanch 2022",0.770141561256372,40.63,-105.27,NA,NA
"Pyke3","HardwareRanch 2022",0.82027476932409,44.60456358,-120.1924183,NA,NA
"Pyke8","HardwareRanch 2022",0.728598487258777,46.74830998,-119.361636,NA,NA
"Pyke21","HardwareRanch 2022",0.79326918355506,47.61803776,-119.6830115,NA,NA
"Pyle1","HardwareRanch 2022",0.888323418843578,42.35,-118.65,NA,NA
"Pyle9","HardwareRanch 2022",0.788601131252928,43.42,-119.62,NA,NA
"Pyle10","HardwareRanch 2022",0.754532633476095,43.19,-120,NA,NA
"Pyle15","HardwareRanch 2022",0.81370982196916,43.8,-119,NA,NA
"Pyle17","HardwareRanch 2022",0.78676785691153,44.36,-118.93,NA,NA
"Pyle19","HardwareRanch 2022",0.744583666012437,44.57,-119.65,NA,NA
"Reed1","HardwareRanch 2022",0.771680124521148,38.52,-109.47,NA,NA
"Reed3","HardwareRanch 2022",0.764020200059146,38.75,-109.79,NA,NA
"Schupp3","HardwareRanch 2022",0.760401791922699,38.6,-113.79,NA,NA
"Schupp4","HardwareRanch 2022",0.795565906160185,38.52,-113.55,NA,NA
"Schupp5","HardwareRanch 2022",0.791447405945058,39.11,-112.74,NA,NA
"Symstad1","HardwareRanch 2022",0.763461861254644,44.59,-104.71,NA,NA
"Symstad2","HardwareRanch 2022",0.753173453223003,43.87,-103.46,NA,NA
"Symstad3","HardwareRanch 2022",0.795286047566533,43.62,-103.47,NA,NA
"Urza2","HardwareRanch 2022",0.827258467276337,40.84,-119.56,NA,NA
"Wilcox2","HardwareRanch 2022",0.740187259461384,41.31,-105.66,NA,NA
"Chynoweth2","HardwareRanch 2022",0.754826329889361,40.29092,-109.68361,NA,NA
"Chynoweth3","HardwareRanch 2022",0.740537626928197,39.83576,-109.61202,NA,NA
"Chynoweth5","HardwareRanch 2022",0.777333144787863,40.480805,-109.438229,NA,NA
"Chynoweth7","HardwareRanch 2022",0.796219926671442,40.533605,-109.523564,NA,NA
"Chynoweth8","HardwareRanch 2022",0.754358881916588,40.640878,-109.48689,NA,NA
"Shriver2","HardwareRanch 2022",0.807289706204089,48,-114.04,NA,NA
"Davies03","HardwareRanch 2022",0.806171855707784,42.68,-118.68,NA,NA
"GerminoBOP1","HardwareRanch 2022",0.795839664428761,43.4720833,-116.2338306,NA,NA
"Mancillas01","HardwareRanch 2022",0.753170561474101,32.368,-106.56,NA,NA
"Boise_High 2022","HardwareRanch 2022",0.940440718932226,NA,NA,NA,NA
"Boise_Low 2022","HardwareRanch 2022",0.8658658437578,NA,NA,NA,NA
"CG PASTURE 2022","HardwareRanch 2022",0.968201393277294,NA,NA,NA,NA
"CaseAoyamaS1 2022","HardwareRanch 2022",0.935349299174983,NA,NA,NA,NA
"CastValley 2021","HardwareRanch 2022",0.852123904014899,NA,NA,NA,NA
"EOARC 2022","HardwareRanch 2022",0.938394491154521,NA,NA,NA,NA
"EnsingS1 SuRDC 2022","HardwareRanch 2022",0.976735510628294,NA,NA,NA,NA
"EnsingS2 Summerland-Princeton 2022","HardwareRanch 2022",0.934320679473304,NA,NA,NA,NA
"EnsingS3 Bear Creek 2022","HardwareRanch 2022",0.913316410802478,NA,NA,NA,NA
"EnsingS4 Lundbom 2022","HardwareRanch 2022",0.943152472278461,NA,NA,NA,NA
"FAR NORTH CPER 2022","HardwareRanch 2022",0.948669806279203,NA,NA,NA,NA
"FtK_Cottonwood_Coulee 2021","HardwareRanch 2022",0.940145182455155,NA,NA,NA,NA
"FtK_Lone_Pine 2021","HardwareRanch 2022",0.936537221068904,NA,NA,NA,NA
"GoeblS1 2024","HardwareRanch 2022",0.910745615436456,NA,NA,NA,NA
"GreenCanyon 2021","HardwareRanch 2022",0.970111035208877,NA,NA,NA,NA
"HPGRS AGCR 2022","HardwareRanch 2022",0.966414681625409,NA,NA,NA,NA
"HardwareRanch 2022","HardwareRanch 2022",1,NA,NA,NA,NA
"K1_vanDiepen 2022","HardwareRanch 2022",0.95481800690527,NA,NA,NA,NA
"L1_vanDiepen 2022","HardwareRanch 2022",0.971209800079421,NA,NA,NA,NA
"MPG_IR 2021","HardwareRanch 2022",0.972435362648301,NA,NA,NA,NA
"MPG_SR 2021","HardwareRanch 2022",0.97347232262236,NA,NA,NA,NA
"MPG_TH 2021","HardwareRanch 2022",0.972826534806177,NA,NA,NA,NA
"NEAR 4WAY CPER 2022","HardwareRanch 2022",0.944660292010541,NA,NA,NA,NA
"NEAR HQ CPER 2022","HardwareRanch 2022",0.950071432705782,NA,NA,NA,NA
"NEAR NUTNET 2022","HardwareRanch 2022",0.947489895568265,NA,NA,NA,NA
"OttS1 2022","HardwareRanch 2022",0.956714665566042,NA,NA,NA,NA
"PMR- Brome 2021","HardwareRanch 2022",0.96388165440477,NA,NA,NA,NA
"Pearlwise 2024","HardwareRanch 2022",0.936431219421147,NA,NA,NA,NA
"Peavine 2022","HardwareRanch 2022",0.893111969754591,NA,NA,NA,NA
"Plymouth 2022","HardwareRanch 2022",0.873076593884917,NA,NA,NA,NA
"RedBluff 2023","HardwareRanch 2022",0.971268863172128,NA,NA,NA,NA
"Rush_Valley 2022","HardwareRanch 2022",0.92783792480814,NA,NA,NA,NA
"SSHQ 2022","HardwareRanch 2022",0.957385586589087,NA,NA,NA,NA
"SSHigh 2022","HardwareRanch 2022",0.959414666719758,NA,NA,NA,NA
"SouthEden 2022","HardwareRanch 2022",0.979855460506937,NA,NA,NA,NA
"Symstad1 2021","HardwareRanch 2022",0.959234697782668,NA,NA,NA,NA
"Symstad2 2022","HardwareRanch 2022",0.957884427930782,NA,NA,NA,NA
"TB FIRE 2022","HardwareRanch 2022",0.947520425193331,NA,NA,NA,NA
"TB LC Control 2022","HardwareRanch 2022",0.946438839992028,NA,NA,NA,NA
"TB PRAIRIE DOG 2022","HardwareRanch 2022",0.946785837170308,NA,NA,NA,NA
"Woodruff 2022","HardwareRanch 2022",0.968595166939507,NA,NA,NA,NA
"dino 2024","HardwareRanch 2022",0.90594694809542,NA,NA,NA,NA
"AAFC4","K1_vanDiepen 2022",0.773955348963039,50.08,-120.65,NA,NA
"AAFC5","K1_vanDiepen 2022",0.800037164739216,50.09,-120.45,NA,NA
"AAFC6","K1_vanDiepen 2022",0.755503377734128,50.09,-120.75,NA,NA
"AAFC8","K1_vanDiepen 2022",0.793562470391994,49.57,-120.55,NA,NA
"AAFC9","K1_vanDiepen 2022",0.775472015613641,49.62,-119.8,NA,NA
"AAFC10","K1_vanDiepen 2022",0.77559126154193,49.71,-120.05,NA,NA
"Adler5","K1_vanDiepen 2022",0.78714745663968,40.79,-111.87,NA,NA
"Schupp2","K1_vanDiepen 2022",0.761856601827314,40.2,-112.46,NA,NA
"Schupp1","K1_vanDiepen 2022",0.75167194506628,39.85,-112.15,NA,NA
"Adler13","K1_vanDiepen 2022",0.768437223538319,41.44,-111.08,NA,NA
"Adler16","K1_vanDiepen 2022",0.790102457727136,41.78,-110.2,NA,NA
"Adler17","K1_vanDiepen 2022",0.79032821959069,41.44,-110.11,NA,NA
"Adler18","K1_vanDiepen 2022",0.773224382057645,40.86,-114.22,NA,NA
"Barnett1","K1_vanDiepen 2022",0.80147199423234,43.48,-110.74,NA,NA
"Baughman3","K1_vanDiepen 2022",0.782125734421975,42.81,-118.96,NA,NA
"Baughman2","K1_vanDiepen 2022",0.7584272225212,43.05,-118.87,NA,NA
"Chynoweth1","K1_vanDiepen 2022",0.782771700394018,39.76604,-109.5635,NA,NA
"Board1","K1_vanDiepen 2022",0.817512151551636,38.84,-117.57,NA,NA
"Bradford1","K1_vanDiepen 2022",0.81694131564281,35.23,-111.62,NA,NA
"Chambers1","K1_vanDiepen 2022",0.648194187342013,39.55,-119.58,NA,NA
"Chambers2","K1_vanDiepen 2022",0.643580398863348,39.95,-118.76,NA,NA
"Urza1","K1_vanDiepen 2022",0.64372037118889,40.35,-119.34,NA,NA
"Chambers4","K1_vanDiepen 2022",0.643499943954059,41.31,-117.63,NA,NA
"Chambers5","K1_vanDiepen 2022",0.641145569486389,41.54,-117.75,NA,NA
"Chambers6","K1_vanDiepen 2022",0.641102373600901,41.54,-117.78,NA,NA
"Chambers7","K1_vanDiepen 2022",0.778119373122829,43.94,-116.19,NA,NA
"Chambers8","K1_vanDiepen 2022",0.777058130524713,42.24,-114.57,NA,NA
"Chambers9","K1_vanDiepen 2022",0.782809964237747,40.66,-116.73,NA,NA
"Copeland1","K1_vanDiepen 2022",0.782843519570072,43.7,-117.33,NA,NA
"Copeland5","K1_vanDiepen 2022",0.814905529566329,42.27,-118.71,NA,NA
"Copeland9","K1_vanDiepen 2022",0.790398508522793,43.47,-119.68,NA,NA
"Downs1","K1_vanDiepen 2022",0.744232232708647,46.38145,-119.430272,NA,NA
"Downs2","K1_vanDiepen 2022",0.764786455234839,46.25045,-119.53334,NA,NA
"Downs3","K1_vanDiepen 2022",0.695540782399278,45.9663,-120.3671,NA,NA
"Fleishman1","K1_vanDiepen 2022",0.787400481015761,38.47,-119.49,NA,NA
"Fleishman5","K1_vanDiepen 2022",0.739206239247733,39.12,-117.27,NA,NA
"Fleishman7","K1_vanDiepen 2022",0.814961687557076,39.17,-117.44,NA,NA
"Getts1","K1_vanDiepen 2022",0.71835998652315,41.17,-120.5,NA,NA
"Getts3","K1_vanDiepen 2022",0.829052083590162,40.43,-120.67,NA,NA
"Holdrege1","K1_vanDiepen 2022",0.801202765658444,41.61,-111.57,NA,NA
"Hufft1","K1_vanDiepen 2022",0.736882536474272,38.6701,-108.3286,NA,NA
"Lavin1","K1_vanDiepen 2022",0.769754186711942,44.68,-109.07,NA,NA
"Lavin2","K1_vanDiepen 2022",0.780753317535225,45.67,-111.03,NA,NA
"Lee1","K1_vanDiepen 2022",0.64356438226397,36.82340833,-116.0163889,NA,NA
"Lee2","K1_vanDiepen 2022",0.633500176235043,35.3984,-115.7845,NA,NA
"Lee3","K1_vanDiepen 2022",0.643413649009727,36.5247,-115.8987,NA,NA
"Lee4","K1_vanDiepen 2022",0.668438357491923,35.4564,-115.52,NA,NA
"Leger1","K1_vanDiepen 2022",0.716149694802611,39.49,-119.84,NA,NA
"Maron1","K1_vanDiepen 2022",0.77385918659322,46.68,-114.03,NA,NA
"Maron2","K1_vanDiepen 2022",0.790081627872307,46.64,-113.23,NA,NA
"Porensky30","K1_vanDiepen 2022",0.76306816190436,40.63,-105.27,NA,NA
"Pyke3","K1_vanDiepen 2022",0.815307526183062,44.60456358,-120.1924183,NA,NA
"Pyke8","K1_vanDiepen 2022",0.713757244722271,46.74830998,-119.361636,NA,NA
"Pyke21","K1_vanDiepen 2022",0.784984981159691,47.61803776,-119.6830115,NA,NA
"Pyle1","K1_vanDiepen 2022",0.876683709063706,42.35,-118.65,NA,NA
"Pyle9","K1_vanDiepen 2022",0.790031363553862,43.42,-119.62,NA,NA
"Pyle10","K1_vanDiepen 2022",0.739355002193887,43.19,-120,NA,NA
"Pyle15","K1_vanDiepen 2022",0.80980619186284,43.8,-119,NA,NA
"Pyle17","K1_vanDiepen 2022",0.781391052315568,44.36,-118.93,NA,NA
"Pyle19","K1_vanDiepen 2022",0.736253698937912,44.57,-119.65,NA,NA
"Reed1","K1_vanDiepen 2022",0.756755985960323,38.52,-109.47,NA,NA
"Reed3","K1_vanDiepen 2022",0.755179273146129,38.75,-109.79,NA,NA
"Schupp3","K1_vanDiepen 2022",0.746458123429897,38.6,-113.79,NA,NA
"Schupp4","K1_vanDiepen 2022",0.782641867259723,38.52,-113.55,NA,NA
"Schupp5","K1_vanDiepen 2022",0.781920840899027,39.11,-112.74,NA,NA
"Symstad1","K1_vanDiepen 2022",0.753474533558419,44.59,-104.71,NA,NA
"Symstad2","K1_vanDiepen 2022",0.745065451741044,43.87,-103.46,NA,NA
"Symstad3","K1_vanDiepen 2022",0.787020120799128,43.62,-103.47,NA,NA
"Urza2","K1_vanDiepen 2022",0.818457940953483,40.84,-119.56,NA,NA
"Wilcox2","K1_vanDiepen 2022",0.727196433382742,41.31,-105.66,NA,NA
"Chynoweth2","K1_vanDiepen 2022",0.739635850647649,40.29092,-109.68361,NA,NA
"Chynoweth3","K1_vanDiepen 2022",0.727553855381211,39.83576,-109.61202,NA,NA
"Chynoweth5","K1_vanDiepen 2022",0.760323957328251,40.480805,-109.438229,NA,NA
"Chynoweth7","K1_vanDiepen 2022",0.783301659310577,40.533605,-109.523564,NA,NA
"Chynoweth8","K1_vanDiepen 2022",0.739196209989967,40.640878,-109.48689,NA,NA
"Shriver2","K1_vanDiepen 2022",0.801495801534628,48,-114.04,NA,NA
"Davies03","K1_vanDiepen 2022",0.817209001160876,42.68,-118.68,NA,NA
"GerminoBOP1","K1_vanDiepen 2022",0.784128736371283,43.4720833,-116.2338306,NA,NA
"Mancillas01","K1_vanDiepen 2022",0.744554711892418,32.368,-106.56,NA,NA
"Boise_High 2022","K1_vanDiepen 2022",0.897922856704009,NA,NA,NA,NA
"Boise_Low 2022","K1_vanDiepen 2022",0.813217533937627,NA,NA,NA,NA
"CG PASTURE 2022","K1_vanDiepen 2022",0.939846782398548,NA,NA,NA,NA
"CaseAoyamaS1 2022","K1_vanDiepen 2022",0.889060612724505,NA,NA,NA,NA
"CastValley 2021","K1_vanDiepen 2022",0.802545495961816,NA,NA,NA,NA
"EOARC 2022","K1_vanDiepen 2022",0.892727377833263,NA,NA,NA,NA
"EnsingS1 SuRDC 2022","K1_vanDiepen 2022",0.935696939837172,NA,NA,NA,NA
"EnsingS2 Summerland-Princeton 2022","K1_vanDiepen 2022",0.905102603367641,NA,NA,NA,NA
"EnsingS3 Bear Creek 2022","K1_vanDiepen 2022",0.870818074518737,NA,NA,NA,NA
"EnsingS4 Lundbom 2022","K1_vanDiepen 2022",0.950618178518151,NA,NA,NA,NA
"FAR NORTH CPER 2022","K1_vanDiepen 2022",0.909704009085363,NA,NA,NA,NA
"FtK_Cottonwood_Coulee 2021","K1_vanDiepen 2022",0.909454030182019,NA,NA,NA,NA
"FtK_Lone_Pine 2021","K1_vanDiepen 2022",0.904702875060501,NA,NA,NA,NA
"GoeblS1 2024","K1_vanDiepen 2022",0.865950905257289,NA,NA,NA,NA
"GreenCanyon 2021","K1_vanDiepen 2022",0.925667748455879,NA,NA,NA,NA
"HPGRS AGCR 2022","K1_vanDiepen 2022",0.936416705200477,NA,NA,NA,NA
"HardwareRanch 2022","K1_vanDiepen 2022",0.95481800690527,NA,NA,NA,NA
"K1_vanDiepen 2022","K1_vanDiepen 2022",1,NA,NA,NA,NA
"L1_vanDiepen 2022","K1_vanDiepen 2022",0.955143554948396,NA,NA,NA,NA
"MPG_IR 2021","K1_vanDiepen 2022",0.97120580459015,NA,NA,NA,NA
"MPG_SR 2021","K1_vanDiepen 2022",0.968035345976885,NA,NA,NA,NA
"MPG_TH 2021","K1_vanDiepen 2022",0.969219004659917,NA,NA,NA,NA
"NEAR 4WAY CPER 2022","K1_vanDiepen 2022",0.904978766853647,NA,NA,NA,NA
"NEAR HQ CPER 2022","K1_vanDiepen 2022",0.911422493348091,NA,NA,NA,NA
"NEAR NUTNET 2022","K1_vanDiepen 2022",0.908390892379685,NA,NA,NA,NA
"OttS1 2022","K1_vanDiepen 2022",0.923770380075283,NA,NA,NA,NA
"PMR- Brome 2021","K1_vanDiepen 2022",0.936043345027587,NA,NA,NA,NA
"Pearlwise 2024","K1_vanDiepen 2022",0.886993691330973,NA,NA,NA,NA
"Peavine 2022","K1_vanDiepen 2022",0.846966600369507,NA,NA,NA,NA
"Plymouth 2022","K1_vanDiepen 2022",0.823140034661888,NA,NA,NA,NA
"RedBluff 2023","K1_vanDiepen 2022",0.951220052868208,NA,NA,NA,NA
"Rush_Valley 2022","K1_vanDiepen 2022",0.879395184769751,NA,NA,NA,NA
"SSHQ 2022","K1_vanDiepen 2022",0.943612707845051,NA,NA,NA,NA
"SSHigh 2022","K1_vanDiepen 2022",0.972028216665229,NA,NA,NA,NA
"SouthEden 2022","K1_vanDiepen 2022",0.965657336858729,NA,NA,NA,NA
"Symstad1 2021","K1_vanDiepen 2022",0.936998680216003,NA,NA,NA,NA
"Symstad2 2022","K1_vanDiepen 2022",0.934344003199456,NA,NA,NA,NA
"TB FIRE 2022","K1_vanDiepen 2022",0.910504615693011,NA,NA,NA,NA
"TB LC Control 2022","K1_vanDiepen 2022",0.909258363216278,NA,NA,NA,NA
"TB PRAIRIE DOG 2022","K1_vanDiepen 2022",0.909657509840176,NA,NA,NA,NA
"Woodruff 2022","K1_vanDiepen 2022",0.953240973916908,NA,NA,NA,NA
"dino 2024","K1_vanDiepen 2022",0.86987710479902,NA,NA,NA,NA
"AAFC4","L1_vanDiepen 2022",0.782314153006454,50.08,-120.65,NA,NA
"AAFC5","L1_vanDiepen 2022",0.800486513478423,50.09,-120.45,NA,NA
"AAFC6","L1_vanDiepen 2022",0.771965733337959,50.09,-120.75,NA,NA
"AAFC8","L1_vanDiepen 2022",0.802767174094162,49.57,-120.55,NA,NA
"AAFC9","L1_vanDiepen 2022",0.779937196989545,49.62,-119.8,NA,NA
"AAFC10","L1_vanDiepen 2022",0.780074333922474,49.71,-120.05,NA,NA
"Adler5","L1_vanDiepen 2022",0.788083663707318,40.79,-111.87,NA,NA
"Schupp2","L1_vanDiepen 2022",0.779654257068431,40.2,-112.46,NA,NA
"Schupp1","L1_vanDiepen 2022",0.776848669597084,39.85,-112.15,NA,NA
"Adler13","L1_vanDiepen 2022",0.784247458120675,41.44,-111.08,NA,NA
"Adler16","L1_vanDiepen 2022",0.803133755010046,41.78,-110.2,NA,NA
"Adler17","L1_vanDiepen 2022",0.803378390430013,41.44,-110.11,NA,NA
"Adler18","L1_vanDiepen 2022",0.785028247922506,40.86,-114.22,NA,NA
"Barnett1","L1_vanDiepen 2022",0.791477085782206,43.48,-110.74,NA,NA
"Baughman3","L1_vanDiepen 2022",0.788644111818074,42.81,-118.96,NA,NA
"Baughman2","L1_vanDiepen 2022",0.77820400238675,43.05,-118.87,NA,NA
"Chynoweth1","L1_vanDiepen 2022",0.790805708894462,39.76604,-109.5635,NA,NA
"Board1","L1_vanDiepen 2022",0.79601778945768,38.84,-117.57,NA,NA
"Bradford1","L1_vanDiepen 2022",0.79542131294094,35.23,-111.62,NA,NA
"Chambers1","L1_vanDiepen 2022",0.694199705108026,39.55,-119.58,NA,NA
"Chambers2","L1_vanDiepen 2022",0.688450979083642,39.95,-118.76,NA,NA
"Urza1","L1_vanDiepen 2022",0.688610408540701,40.35,-119.34,NA,NA
"Chambers4","L1_vanDiepen 2022",0.688397444572468,41.31,-117.63,NA,NA
"Chambers5","L1_vanDiepen 2022",0.683599654010702,41.54,-117.75,NA,NA
"Chambers6","L1_vanDiepen 2022",0.683579371009747,41.54,-117.78,NA,NA
"Chambers7","L1_vanDiepen 2022",0.794519355717803,43.94,-116.19,NA,NA
"Chambers8","L1_vanDiepen 2022",0.786660911631218,42.24,-114.57,NA,NA
"Chambers9","L1_vanDiepen 2022",0.790859049460117,40.66,-116.73,NA,NA
"Copeland1","L1_vanDiepen 2022",0.7908830256486,43.7,-117.33,NA,NA
"Copeland5","L1_vanDiepen 2022",0.800741227705945,42.27,-118.71,NA,NA
"Copeland9","L1_vanDiepen 2022",0.803429420887097,43.47,-119.68,NA,NA
"Downs1","L1_vanDiepen 2022",0.76084864466357,46.38145,-119.430272,NA,NA
"Downs2","L1_vanDiepen 2022",0.773300676322076,46.25045,-119.53334,NA,NA
"Downs3","L1_vanDiepen 2022",0.711246996055151,45.9663,-120.3671,NA,NA
"Fleishman1","L1_vanDiepen 2022",0.799350240220675,38.47,-119.49,NA,NA
"Fleishman5","L1_vanDiepen 2022",0.768182753114517,39.12,-117.27,NA,NA
"Fleishman7","L1_vanDiepen 2022",0.795147276142706,39.17,-117.44,NA,NA
"Getts1","L1_vanDiepen 2022",0.737466808584233,41.17,-120.5,NA,NA
"Getts3","L1_vanDiepen 2022",0.81051911083674,40.43,-120.67,NA,NA
"Holdrege1","L1_vanDiepen 2022",0.791196003553747,41.61,-111.57,NA,NA
"Hufft1","L1_vanDiepen 2022",0.758886153377937,38.6701,-108.3286,NA,NA
"Lavin1","L1_vanDiepen 2022",0.790237609703785,44.68,-109.07,NA,NA
"Lavin2","L1_vanDiepen 2022",0.788780583753626,45.67,-111.03,NA,NA
"Lee1","L1_vanDiepen 2022",0.688465552165701,36.82340833,-116.0163889,NA,NA
"Lee2","L1_vanDiepen 2022",0.67679987664406,35.3984,-115.7845,NA,NA
"Lee3","L1_vanDiepen 2022",0.688297930764855,36.5247,-115.8987,NA,NA
"Lee4","L1_vanDiepen 2022",0.691240973340105,35.4564,-115.52,NA,NA
"Leger1","L1_vanDiepen 2022",0.726805672463933,39.49,-119.84,NA,NA
"Maron1","L1_vanDiepen 2022",0.785384195810699,46.68,-114.03,NA,NA
"Maron2","L1_vanDiepen 2022",0.803101672646226,46.64,-113.23,NA,NA
"Porensky30","L1_vanDiepen 2022",0.773114201471076,40.63,-105.27,NA,NA
"Pyke3","L1_vanDiepen 2022",0.809652080765022,44.60456358,-120.1924183,NA,NA
"Pyke8","L1_vanDiepen 2022",0.737028273551452,46.74830998,-119.361636,NA,NA
"Pyke21","L1_vanDiepen 2022",0.791289960882715,47.61803776,-119.6830115,NA,NA
"Pyle1","L1_vanDiepen 2022",0.892533145238557,42.35,-118.65,NA,NA
"Pyle9","L1_vanDiepen 2022",0.803069309255442,43.42,-119.62,NA,NA
"Pyle10","L1_vanDiepen 2022",0.768328144514572,43.19,-120,NA,NA
"Pyle15","L1_vanDiepen 2022",0.806397838121587,43.8,-119,NA,NA
"Pyle17","L1_vanDiepen 2022",0.783771895679472,44.36,-118.93,NA,NA
"Pyle19","L1_vanDiepen 2022",0.754741559632939,44.57,-119.65,NA,NA
"Reed1","L1_vanDiepen 2022",0.772967940017946,38.52,-109.47,NA,NA
"Reed3","L1_vanDiepen 2022",0.772719775575865,38.75,-109.79,NA,NA
"Schupp3","L1_vanDiepen 2022",0.769793805651367,38.6,-113.79,NA,NA
"Schupp4","L1_vanDiepen 2022",0.79067689368104,38.52,-113.55,NA,NA
"Schupp5","L1_vanDiepen 2022",0.792102398855873,39.11,-112.74,NA,NA
"Symstad1","L1_vanDiepen 2022",0.773822120272802,44.59,-104.71,NA,NA
"Symstad2","L1_vanDiepen 2022",0.760775939724209,43.87,-103.46,NA,NA
"Symstad3","L1_vanDiepen 2022",0.801178351389278,43.62,-103.47,NA,NA
"Urza2","L1_vanDiepen 2022",0.816863848605017,40.84,-119.56,NA,NA
"Wilcox2","L1_vanDiepen 2022",0.752944636975229,41.31,-105.66,NA,NA
"Chynoweth2","L1_vanDiepen 2022",0.76864170960006,40.29092,-109.68361,NA,NA
"Chynoweth3","L1_vanDiepen 2022",0.753316894226448,39.83576,-109.61202,NA,NA
"Chynoweth5","L1_vanDiepen 2022",0.789528835567321,40.480805,-109.438229,NA,NA
"Chynoweth7","L1_vanDiepen 2022",0.791372233530499,40.533605,-109.523564,NA,NA
"Chynoweth8","L1_vanDiepen 2022",0.768161814250446,40.640878,-109.48689,NA,NA
"Shriver2","L1_vanDiepen 2022",0.791485754169831,48,-114.04,NA,NA
"Davies03","L1_vanDiepen 2022",0.795708747054377,42.68,-118.68,NA,NA
"GerminoBOP1","L1_vanDiepen 2022",0.796287082654819,43.4720833,-116.2338306,NA,NA
"Mancillas01","L1_vanDiepen 2022",0.762575684366826,32.368,-106.56,NA,NA
"Boise_High 2022","L1_vanDiepen 2022",0.922007612985061,NA,NA,NA,NA
"Boise_Low 2022","L1_vanDiepen 2022",0.857244818885686,NA,NA,NA,NA
"CG PASTURE 2022","L1_vanDiepen 2022",0.976580913906747,NA,NA,NA,NA
"CaseAoyamaS1 2022","L1_vanDiepen 2022",0.924728290619434,NA,NA,NA,NA
"CastValley 2021","L1_vanDiepen 2022",0.849022081192796,NA,NA,NA,NA
"EOARC 2022","L1_vanDiepen 2022",0.926861169951962,NA,NA,NA,NA
"EnsingS1 SuRDC 2022","L1_vanDiepen 2022",0.964926392148029,NA,NA,NA,NA
"EnsingS2 Summerland-Princeton 2022","L1_vanDiepen 2022",0.92160137362311,NA,NA,NA,NA
"EnsingS3 Bear Creek 2022","L1_vanDiepen 2022",0.900718773206148,NA,NA,NA,NA
"EnsingS4 Lundbom 2022","L1_vanDiepen 2022",0.944256940405277,NA,NA,NA,NA
"FAR NORTH CPER 2022","L1_vanDiepen 2022",0.954888353488323,NA,NA,NA,NA
"FtK_Cottonwood_Coulee 2021","L1_vanDiepen 2022",0.957293477720403,NA,NA,NA,NA
"FtK_Lone_Pine 2021","L1_vanDiepen 2022",0.952971765233459,NA,NA,NA,NA
"GoeblS1 2024","L1_vanDiepen 2022",0.906930604779212,NA,NA,NA,NA
"GreenCanyon 2021","L1_vanDiepen 2022",0.958626121993137,NA,NA,NA,NA
"HPGRS AGCR 2022","L1_vanDiepen 2022",0.974541517229842,NA,NA,NA,NA
"HardwareRanch 2022","L1_vanDiepen 2022",0.971209800079421,NA,NA,NA,NA
"K1_vanDiepen 2022","L1_vanDiepen 2022",0.955143554948396,NA,NA,NA,NA
"L1_vanDiepen 2022","L1_vanDiepen 2022",1,NA,NA,NA,NA
"MPG_IR 2021","L1_vanDiepen 2022",0.972917093579776,NA,NA,NA,NA
"MPG_SR 2021","L1_vanDiepen 2022",0.97539658411931,NA,NA,NA,NA
"MPG_TH 2021","L1_vanDiepen 2022",0.97416788199752,NA,NA,NA,NA
"NEAR 4WAY CPER 2022","L1_vanDiepen 2022",0.950728126744731,NA,NA,NA,NA
"NEAR HQ CPER 2022","L1_vanDiepen 2022",0.956000188773521,NA,NA,NA,NA
"NEAR NUTNET 2022","L1_vanDiepen 2022",0.953674150450606,NA,NA,NA,NA
"OttS1 2022","L1_vanDiepen 2022",0.968222985253323,NA,NA,NA,NA
"PMR- Brome 2021","L1_vanDiepen 2022",0.958460250483126,NA,NA,NA,NA
"Pearlwise 2024","L1_vanDiepen 2022",0.921280732358053,NA,NA,NA,NA
"Peavine 2022","L1_vanDiepen 2022",0.874483702034564,NA,NA,NA,NA
"Plymouth 2022","L1_vanDiepen 2022",0.859329171281018,NA,NA,NA,NA
"RedBluff 2023","L1_vanDiepen 2022",0.977615172569558,NA,NA,NA,NA
"Rush_Valley 2022","L1_vanDiepen 2022",0.91999746895084,NA,NA,NA,NA
"SSHQ 2022","L1_vanDiepen 2022",0.969717428675996,NA,NA,NA,NA
"SSHigh 2022","L1_vanDiepen 2022",0.964821031440926,NA,NA,NA,NA
"SouthEden 2022","L1_vanDiepen 2022",0.978033918344033,NA,NA,NA,NA
"Symstad1 2021","L1_vanDiepen 2022",0.977399108286254,NA,NA,NA,NA
"Symstad2 2022","L1_vanDiepen 2022",0.975767845225281,NA,NA,NA,NA
"TB FIRE 2022","L1_vanDiepen 2022",0.95841298952724,NA,NA,NA,NA
"TB LC Control 2022","L1_vanDiepen 2022",0.957316250957875,NA,NA,NA,NA
"TB PRAIRIE DOG 2022","L1_vanDiepen 2022",0.957668008126223,NA,NA,NA,NA
"Woodruff 2022","L1_vanDiepen 2022",0.980520605079757,NA,NA,NA,NA
"dino 2024","L1_vanDiepen 2022",0.912262464291988,NA,NA,NA,NA
"AAFC4","MPG_IR 2021",0.780491320442392,50.08,-120.65,NA,NA
"AAFC5","MPG_IR 2021",0.801779769256684,50.09,-120.45,NA,NA
"AAFC6","MPG_IR 2021",0.767933401074929,50.09,-120.75,NA,NA
"AAFC8","MPG_IR 2021",0.799121515093375,49.57,-120.55,NA,NA
"AAFC9","MPG_IR 2021",0.780301086858586,49.62,-119.8,NA,NA
"AAFC10","MPG_IR 2021",0.780440758025498,49.71,-120.05,NA,NA
"Adler5","MPG_IR 2021",0.793019984987301,40.79,-111.87,NA,NA
"Schupp2","MPG_IR 2021",0.771668306055289,40.2,-112.46,NA,NA
"Schupp1","MPG_IR 2021",0.764689795812679,39.85,-112.15,NA,NA
"Adler13","MPG_IR 2021",0.78391370036018,41.44,-111.08,NA,NA
"Adler16","MPG_IR 2021",0.78625564939008,41.78,-110.2,NA,NA
"Adler17","MPG_IR 2021",0.786494711594921,41.44,-110.11,NA,NA
"Adler18","MPG_IR 2021",0.783284822756569,40.86,-114.22,NA,NA
"Barnett1","MPG_IR 2021",0.801174454199712,43.48,-110.74,NA,NA
"Baughman3","MPG_IR 2021",0.787132643920188,42.81,-118.96,NA,NA
"Baughman2","MPG_IR 2021",0.770769237824971,43.05,-118.87,NA,NA
"Chynoweth1","MPG_IR 2021",0.798676238956669,39.76604,-109.5635,NA,NA
"Board1","MPG_IR 2021",0.810014507943716,38.84,-117.57,NA,NA
"Bradford1","MPG_IR 2021",0.809431388526078,35.23,-111.62,NA,NA
"Chambers1","MPG_IR 2021",0.677802586766148,39.55,-119.58,NA,NA
"Chambers2","MPG_IR 2021",0.671521654771473,39.95,-118.76,NA,NA
"Urza1","MPG_IR 2021",0.671665171413314,40.35,-119.34,NA,NA
"Chambers4","MPG_IR 2021",0.671449655320266,41.31,-117.63,NA,NA
"Chambers5","MPG_IR 2021",0.667756428139417,41.54,-117.75,NA,NA
"Chambers6","MPG_IR 2021",0.667729419896373,41.54,-117.78,NA,NA
"Chambers7","MPG_IR 2021",0.788444421882895,43.94,-116.19,NA,NA
"Chambers8","MPG_IR 2021",0.785449295309463,42.24,-114.57,NA,NA
"Chambers9","MPG_IR 2021",0.798720806511506,40.66,-116.73,NA,NA
"Copeland1","MPG_IR 2021",0.798749415543495,43.7,-117.33,NA,NA
"Copeland5","MPG_IR 2021",0.811960992018236,42.27,-118.71,NA,NA
"Copeland9","MPG_IR 2021",0.786556363687883,43.47,-119.68,NA,NA
"Downs1","MPG_IR 2021",0.753323921885475,46.38145,-119.430272,NA,NA
"Downs2","MPG_IR 2021",0.773189906555357,46.25045,-119.53334,NA,NA
"Downs3","MPG_IR 2021",0.703101832861248,45.9663,-120.3671,NA,NA
"Fleishman1","MPG_IR 2021",0.795924477780893,38.47,-119.49,NA,NA
"Fleishman5","MPG_IR 2021",0.754553215765963,39.12,-117.27,NA,NA
"Fleishman7","MPG_IR 2021",0.808223804514215,39.17,-117.44,NA,NA
"Getts1","MPG_IR 2021",0.727676102531502,41.17,-120.5,NA,NA
"Getts3","MPG_IR 2021",0.825332683405825,40.43,-120.67,NA,NA
"Holdrege1","MPG_IR 2021",0.800899649480343,41.61,-111.57,NA,NA
"Hufft1","MPG_IR 2021",0.747927142749274,38.6701,-108.3286,NA,NA
"Lavin1","MPG_IR 2021",0.780456479101701,44.68,-109.07,NA,NA
"Lavin2","MPG_IR 2021",0.786665862776285,45.67,-111.03,NA,NA
"Lee1","MPG_IR 2021",0.671521037372144,36.82340833,-116.0163889,NA,NA
"Lee2","MPG_IR 2021",0.661802286260666,35.3984,-115.7845,NA,NA
"Lee3","MPG_IR 2021",0.671367755694544,36.5247,-115.8987,NA,NA
"Lee4","MPG_IR 2021",0.678091872916618,35.4564,-115.52,NA,NA
"Leger1","MPG_IR 2021",0.720703387881269,39.49,-119.84,NA,NA
"Maron1","MPG_IR 2021",0.785446552695049,46.68,-114.03,NA,NA
"Maron2","MPG_IR 2021",0.786226664270232,46.64,-113.23,NA,NA
"Porensky30","MPG_IR 2021",0.770903929000778,40.63,-105.27,NA,NA
"Pyke3","MPG_IR 2021",0.815164068776753,44.60456358,-120.1924183,NA,NA
"Pyke8","MPG_IR 2021",0.725144966026697,46.74830998,-119.361636,NA,NA
"Pyke21","MPG_IR 2021",0.789065227539729,47.61803776,-119.6830115,NA,NA
"Pyle1","MPG_IR 2021",0.888222160604737,42.35,-118.65,NA,NA
"Pyle9","MPG_IR 2021",0.786186814192108,43.42,-119.62,NA,NA
"Pyle10","MPG_IR 2021",0.754709562183547,43.19,-120,NA,NA
"Pyle15","MPG_IR 2021",0.810566303833297,43.8,-119,NA,NA
"Pyle17","MPG_IR 2021",0.784977057416418,44.36,-118.93,NA,NA
"Pyle19","MPG_IR 2021",0.752708494932964,44.57,-119.65,NA,NA
"Reed1","MPG_IR 2021",0.770500454043915,38.52,-109.47,NA,NA
"Reed3","MPG_IR 2021",0.771128403188112,38.75,-109.79,NA,NA
"Schupp3","MPG_IR 2021",0.759971220039495,38.6,-113.79,NA,NA
"Schupp4","MPG_IR 2021",0.798550230293548,38.52,-113.55,NA,NA
"Schupp5","MPG_IR 2021",0.795016846885453,39.11,-112.74,NA,NA
"Symstad1","MPG_IR 2021",0.762110225056311,44.59,-104.71,NA,NA
"Symstad2","MPG_IR 2021",0.754593934827552,43.87,-103.46,NA,NA
"Symstad3","MPG_IR 2021",0.795946267555738,43.62,-103.47,NA,NA
"Urza2","MPG_IR 2021",0.822124480684074,40.84,-119.56,NA,NA
"Wilcox2","MPG_IR 2021",0.737803935233607,41.31,-105.66,NA,NA
"Chynoweth2","MPG_IR 2021",0.755000037397597,40.29092,-109.68361,NA,NA
"Chynoweth3","MPG_IR 2021",0.73816997667966,39.83576,-109.61202,NA,NA
"Chynoweth5","MPG_IR 2021",0.776212259611593,40.480805,-109.438229,NA,NA
"Chynoweth7","MPG_IR 2021",0.799213197992434,40.533605,-109.523564,NA,NA
"Chynoweth8","MPG_IR 2021",0.754540621551056,40.640878,-109.48689,NA,NA
"Shriver2","MPG_IR 2021",0.801192404470294,48,-114.04,NA,NA
"Davies03","MPG_IR 2021",0.809710984718216,42.68,-118.68,NA,NA
"GerminoBOP1","MPG_IR 2021",0.801454241067028,43.4720833,-116.2338306,NA,NA
"Mancillas01","MPG_IR 2021",0.760769827159056,32.368,-106.56,NA,NA
"Boise_High 2022","MPG_IR 2021",0.914096276315652,NA,NA,NA,NA
"Boise_Low 2022","MPG_IR 2021",0.841584354917897,NA,NA,NA,NA
"CG PASTURE 2022","MPG_IR 2021",0.960981187387424,NA,NA,NA,NA
"CaseAoyamaS1 2022","MPG_IR 2021",0.910453410842568,NA,NA,NA,NA
"CastValley 2021","MPG_IR 2021",0.836541564749547,NA,NA,NA,NA
"EOARC 2022","MPG_IR 2021",0.913218450148046,NA,NA,NA,NA
"EnsingS1 SuRDC 2022","MPG_IR 2021",0.961631672671578,NA,NA,NA,NA
"EnsingS2 Summerland-Princeton 2022","MPG_IR 2021",0.917367596342352,NA,NA,NA,NA
"EnsingS3 Bear Creek 2022","MPG_IR 2021",0.891631628108214,NA,NA,NA,NA
"EnsingS4 Lundbom 2022","MPG_IR 2021",0.943613923277993,NA,NA,NA,NA
"FAR NORTH CPER 2022","MPG_IR 2021",0.936119686964916,NA,NA,NA,NA
"FtK_Cottonwood_Coulee 2021","MPG_IR 2021",0.933186974441631,NA,NA,NA,NA
"FtK_Lone_Pine 2021","MPG_IR 2021",0.928927583522513,NA,NA,NA,NA
"GoeblS1 2024","MPG_IR 2021",0.893991718506491,NA,NA,NA,NA
"GreenCanyon 2021","MPG_IR 2021",0.952803861137513,NA,NA,NA,NA
"HPGRS AGCR 2022","MPG_IR 2021",0.958371533060522,NA,NA,NA,NA
"HardwareRanch 2022","MPG_IR 2021",0.972435362648301,NA,NA,NA,NA
"K1_vanDiepen 2022","MPG_IR 2021",0.97120580459015,NA,NA,NA,NA
"L1_vanDiepen 2022","MPG_IR 2021",0.972917093579776,NA,NA,NA,NA
"MPG_IR 2021","MPG_IR 2021",1,NA,NA,NA,NA
"MPG_SR 2021","MPG_IR 2021",0.996487014057209,NA,NA,NA,NA
"MPG_TH 2021","MPG_IR 2021",0.997922348361055,NA,NA,NA,NA
"NEAR 4WAY CPER 2022","MPG_IR 2021",0.932043887758057,NA,NA,NA,NA
"NEAR HQ CPER 2022","MPG_IR 2021",0.937776457693835,NA,NA,NA,NA
"NEAR NUTNET 2022","MPG_IR 2021",0.935006607400749,NA,NA,NA,NA
"OttS1 2022","MPG_IR 2021",0.948962797807803,NA,NA,NA,NA
"PMR- Brome 2021","MPG_IR 2021",0.952747813022057,NA,NA,NA,NA
"Pearlwise 2024","MPG_IR 2021",0.910458845067405,NA,NA,NA,NA
"Peavine 2022","MPG_IR 2021",0.866177093565271,NA,NA,NA,NA
"Plymouth 2022","MPG_IR 2021",0.847069855722714,NA,NA,NA,NA
"RedBluff 2023","MPG_IR 2021",0.969166454219958,NA,NA,NA,NA
"Rush_Valley 2022","MPG_IR 2021",0.909111242039052,NA,NA,NA,NA
"SSHQ 2022","MPG_IR 2021",0.961246954695423,NA,NA,NA,NA
"SSHigh 2022","MPG_IR 2021",0.973076114119505,NA,NA,NA,NA
"SouthEden 2022","MPG_IR 2021",0.977206257146864,NA,NA,NA,NA
"Symstad1 2021","MPG_IR 2021",0.961706956545381,NA,NA,NA,NA
"Symstad2 2022","MPG_IR 2021",0.959499273711081,NA,NA,NA,NA
"TB FIRE 2022","MPG_IR 2021",0.935213635541582,NA,NA,NA,NA
"TB LC Control 2022","MPG_IR 2021",0.93409410721159,NA,NA,NA,NA
"TB PRAIRIE DOG 2022","MPG_IR 2021",0.934426679073297,NA,NA,NA,NA
"Woodruff 2022","MPG_IR 2021",0.971231720258833,NA,NA,NA,NA
"dino 2024","MPG_IR 2021",0.899374057483891,NA,NA,NA,NA
"AAFC4","MPG_SR 2021",0.78095206659776,50.08,-120.65,NA,NA
"AAFC5","MPG_SR 2021",0.801178857663218,50.09,-120.45,NA,NA
"AAFC6","MPG_SR 2021",0.769365621024547,50.09,-120.75,NA,NA
"AAFC8","MPG_SR 2021",0.79962645606477,49.57,-120.55,NA,NA
"AAFC9","MPG_SR 2021",0.780009739267786,49.62,-119.8,NA,NA
"AAFC10","MPG_SR 2021",0.780151280344989,49.71,-120.05,NA,NA
"Adler5","MPG_SR 2021",0.79292011087537,40.79,-111.87,NA,NA
"Schupp2","MPG_SR 2021",0.772972588571799,40.2,-112.46,NA,NA
"Schupp1","MPG_SR 2021",0.766637540009116,39.85,-112.15,NA,NA
"Adler13","MPG_SR 2021",0.785568081752185,41.44,-111.08,NA,NA
"Adler16","MPG_SR 2021",0.787204153379092,41.78,-110.2,NA,NA
"Adler17","MPG_SR 2021",0.787444377349133,41.44,-110.11,NA,NA
"Adler18","MPG_SR 2021",0.784377225606173,40.86,-114.22,NA,NA
"Barnett1","MPG_SR 2021",0.800405587279136,43.48,-110.74,NA,NA
"Baughman3","MPG_SR 2021",0.787250809195339,42.81,-118.96,NA,NA
"Baughman2","MPG_SR 2021",0.772296574239586,43.05,-118.87,NA,NA
"Chynoweth1","MPG_SR 2021",0.799823798696201,39.76604,-109.5635,NA,NA
"Board1","MPG_SR 2021",0.80759781248745,38.84,-117.57,NA,NA
"Bradford1","MPG_SR 2021",0.807012873002694,35.23,-111.62,NA,NA
"Chambers1","MPG_SR 2021",0.681176925013185,39.55,-119.58,NA,NA
"Chambers2","MPG_SR 2021",0.674899105262845,39.95,-118.76,NA,NA
"Urza1","MPG_SR 2021",0.675043738663149,40.35,-119.34,NA,NA
"Chambers4","MPG_SR 2021",0.674828624036895,41.31,-117.63,NA,NA
"Chambers5","MPG_SR 2021",0.670886495462353,41.54,-117.75,NA,NA
"Chambers6","MPG_SR 2021",0.67086141106772,41.54,-117.78,NA,NA
"Chambers7","MPG_SR 2021",0.789658736250689,43.94,-116.19,NA,NA
"Chambers8","MPG_SR 2021",0.786373592151135,42.24,-114.57,NA,NA
"Chambers9","MPG_SR 2021",0.799869441961199,40.66,-116.73,NA,NA
"Copeland1","MPG_SR 2021",0.799897085716188,43.7,-117.33,NA,NA
"Copeland5","MPG_SR 2021",0.810541408762588,42.27,-118.71,NA,NA
"Copeland9","MPG_SR 2021",0.787504816403555,43.47,-119.68,NA,NA
"Downs1","MPG_SR 2021",0.754624423948695,46.38145,-119.430272,NA,NA
"Downs2","MPG_SR 2021",0.773622468276413,46.25045,-119.53334,NA,NA
"Downs3","MPG_SR 2021",0.703954317436449,45.9663,-120.3671,NA,NA
"Fleishman1","MPG_SR 2021",0.796960417665896,38.47,-119.49,NA,NA
"Fleishman5","MPG_SR 2021",0.757086376550662,39.12,-117.27,NA,NA
"Fleishman7","MPG_SR 2021",0.806106076733269,39.17,-117.44,NA,NA
"Getts1","MPG_SR 2021",0.728823988675782,41.17,-120.5,NA,NA
"Getts3","MPG_SR 2021",0.823655966138232,40.43,-120.67,NA,NA
"Holdrege1","MPG_SR 2021",0.800130860645477,41.61,-111.57,NA,NA
"Hufft1","MPG_SR 2021",0.74980941239325,38.6701,-108.3286,NA,NA
"Lavin1","MPG_SR 2021",0.782040901432085,44.68,-109.07,NA,NA
"Lavin2","MPG_SR 2021",0.786721568172445,45.67,-111.03,NA,NA
"Lee1","MPG_SR 2021",0.674900654784301,36.82340833,-116.0163889,NA,NA
"Lee2","MPG_SR 2021",0.664915388735342,35.3984,-115.7845,NA,NA
"Lee3","MPG_SR 2021",0.674745764902265,36.5247,-115.8987,NA,NA
"Lee4","MPG_SR 2021",0.679349815881828,35.4564,-115.52,NA,NA
"Leger1","MPG_SR 2021",0.72098732271245,39.49,-119.84,NA,NA
"Maron1","MPG_SR 2021",0.78643734511726,46.68,-114.03,NA,NA
"Maron2","MPG_SR 2021",0.787174207341373,46.64,-113.23,NA,NA
"Porensky30","MPG_SR 2021",0.771194587749355,40.63,-105.27,NA,NA
"Pyke3","MPG_SR 2021",0.814419532010086,44.60456358,-120.1924183,NA,NA
"Pyke8","MPG_SR 2021",0.727017581728019,46.74830998,-119.361636,NA,NA
"Pyke21","MPG_SR 2021",0.789638839164484,47.61803776,-119.6830115,NA,NA
"Pyle1","MPG_SR 2021",0.889503960706785,42.35,-118.65,NA,NA
"Pyle9","MPG_SR 2021",0.787135640841952,43.42,-119.62,NA,NA
"Pyle10","MPG_SR 2021",0.757242753532383,43.19,-120,NA,NA
"Pyle15","MPG_SR 2021",0.809975210609601,43.8,-119,NA,NA
"Pyle17","MPG_SR 2021",0.784713938951474,44.36,-118.93,NA,NA
"Pyle19","MPG_SR 2021",0.754417447417553,44.57,-119.65,NA,NA
"Reed1","MPG_SR 2021",0.771976651890615,38.52,-109.47,NA,NA
"Reed3","MPG_SR 2021",0.772734321397449,38.75,-109.79,NA,NA
"Schupp3","MPG_SR 2021",0.761918652638559,38.6,-113.79,NA,NA
"Schupp4","MPG_SR 2021",0.799697701503077,38.52,-113.55,NA,NA
"Schupp5","MPG_SR 2021",0.796028181530145,39.11,-112.74,NA,NA
"Symstad1","MPG_SR 2021",0.763497701118203,44.59,-104.71,NA,NA
"Symstad2","MPG_SR 2021",0.755688858816636,43.87,-103.46,NA,NA
"Symstad3","MPG_SR 2021",0.796981218010553,43.62,-103.47,NA,NA
"Urza2","MPG_SR 2021",0.822005277047167,40.84,-119.56,NA,NA
"Wilcox2","MPG_SR 2021",0.740016619861185,41.31,-105.66,NA,NA
"Chynoweth2","MPG_SR 2021",0.757535879211843,40.29092,-109.68361,NA,NA
"Chynoweth3","MPG_SR 2021",0.740383631371088,39.83576,-109.61202,NA,NA
"Chynoweth5","MPG_SR 2021",0.778724656283304,40.480805,-109.438229,NA,NA
"Chynoweth7","MPG_SR 2021",0.80036343475261,40.533605,-109.523564,NA,NA
"Chynoweth8","MPG_SR 2021",0.75707294768154,40.640878,-109.48689,NA,NA
"Shriver2","MPG_SR 2021",0.800422946838682,48,-114.04,NA,NA
"Davies03","MPG_SR 2021",0.807293921151885,42.68,-118.68,NA,NA
"GerminoBOP1","MPG_SR 2021",0.802894678133312,43.4720833,-116.2338306,NA,NA
"Mancillas01","MPG_SR 2021",0.762437466631952,32.368,-106.56,NA,NA
"Boise_High 2022","MPG_SR 2021",0.915409322678307,NA,NA,NA,NA
"Boise_Low 2022","MPG_SR 2021",0.844890421429493,NA,NA,NA,NA
"CG PASTURE 2022","MPG_SR 2021",0.963430406241257,NA,NA,NA,NA
"CaseAoyamaS1 2022","MPG_SR 2021",0.912898243383354,NA,NA,NA,NA
"CastValley 2021","MPG_SR 2021",0.840530543021878,NA,NA,NA,NA
"EOARC 2022","MPG_SR 2021",0.915506201222272,NA,NA,NA,NA
"EnsingS1 SuRDC 2022","MPG_SR 2021",0.963964926404026,NA,NA,NA,NA
"EnsingS2 Summerland-Princeton 2022","MPG_SR 2021",0.91790276731417,NA,NA,NA,NA
"EnsingS3 Bear Creek 2022","MPG_SR 2021",0.893462329325553,NA,NA,NA,NA
"EnsingS4 Lundbom 2022","MPG_SR 2021",0.942385534218234,NA,NA,NA,NA
"FAR NORTH CPER 2022","MPG_SR 2021",0.93959652408962,NA,NA,NA,NA
"FtK_Cottonwood_Coulee 2021","MPG_SR 2021",0.936940130056416,NA,NA,NA,NA
"FtK_Lone_Pine 2021","MPG_SR 2021",0.93275166383612,NA,NA,NA,NA
"GoeblS1 2024","MPG_SR 2021",0.897012887738542,NA,NA,NA,NA
"GreenCanyon 2021","MPG_SR 2021",0.955718777706221,NA,NA,NA,NA
"HPGRS AGCR 2022","MPG_SR 2021",0.960979452828467,NA,NA,NA,NA
"HardwareRanch 2022","MPG_SR 2021",0.97347232262236,NA,NA,NA,NA
"K1_vanDiepen 2022","MPG_SR 2021",0.968035345976885,NA,NA,NA,NA
"L1_vanDiepen 2022","MPG_SR 2021",0.97539658411931,NA,NA,NA,NA
"MPG_IR 2021","MPG_SR 2021",0.996487014057209,NA,NA,NA,NA
"MPG_SR 2021","MPG_SR 2021",1,NA,NA,NA,NA
"MPG_TH 2021","MPG_SR 2021",0.998458600594243,NA,NA,NA,NA
"NEAR 4WAY CPER 2022","MPG_SR 2021",0.935608625490199,NA,NA,NA,NA
"NEAR HQ CPER 2022","MPG_SR 2021",0.941198571521451,NA,NA,NA,NA
"NEAR NUTNET 2022","MPG_SR 2021",0.938503304287806,NA,NA,NA,NA
"OttS1 2022","MPG_SR 2021",0.952274758074467,NA,NA,NA,NA
"PMR- Brome 2021","MPG_SR 2021",0.953765128020253,NA,NA,NA,NA
"Pearlwise 2024","MPG_SR 2021",0.912891319049428,NA,NA,NA,NA
"Peavine 2022","MPG_SR 2021",0.867796921985569,NA,NA,NA,NA
"Plymouth 2022","MPG_SR 2021",0.849538876725896,NA,NA,NA,NA
"RedBluff 2023","MPG_SR 2021",0.970621886346477,NA,NA,NA,NA
"Rush_Valley 2022","MPG_SR 2021",0.91245760396537,NA,NA,NA,NA
"SSHQ 2022","MPG_SR 2021",0.963832608364323,NA,NA,NA,NA
"SSHigh 2022","MPG_SR 2021",0.972395363473313,NA,NA,NA,NA
"SouthEden 2022","MPG_SR 2021",0.977998047975744,NA,NA,NA,NA
"Symstad1 2021","MPG_SR 2021",0.964968095324166,NA,NA,NA,NA
"Symstad2 2022","MPG_SR 2021",0.962869992631266,NA,NA,NA,NA
"TB FIRE 2022","MPG_SR 2021",0.938847623451737,NA,NA,NA,NA
"TB LC Control 2022","MPG_SR 2021",0.937754131319842,NA,NA,NA,NA
"TB PRAIRIE DOG 2022","MPG_SR 2021",0.938077166256685,NA,NA,NA,NA
"Woodruff 2022","MPG_SR 2021",0.973803681033248,NA,NA,NA,NA
"dino 2024","MPG_SR 2021",0.903356395412452,NA,NA,NA,NA
"AAFC4","MPG_TH 2021",0.78082257352405,50.08,-120.65,NA,NA
"AAFC5","MPG_TH 2021",0.80151700134121,50.09,-120.45,NA,NA
"AAFC6","MPG_TH 2021",0.76879279993048,50.09,-120.75,NA,NA
"AAFC8","MPG_TH 2021",0.799416500591215,49.57,-120.55,NA,NA
"AAFC9","MPG_TH 2021",0.780202812669479,49.62,-119.8,NA,NA
"AAFC10","MPG_TH 2021",0.780343662499335,49.71,-120.05,NA,NA
"Adler5","MPG_TH 2021",0.792929511465891,40.79,-111.87,NA,NA
"Schupp2","MPG_TH 2021",0.772364650261769,40.2,-112.46,NA,NA
"Schupp1","MPG_TH 2021",0.765799811552222,39.85,-112.15,NA,NA
"Adler13","MPG_TH 2021",0.78488178294439,41.44,-111.08,NA,NA
"Adler16","MPG_TH 2021",0.786528531527572,41.78,-110.2,NA,NA
"Adler17","MPG_TH 2021",0.786768516521176,41.44,-110.11,NA,NA
"Adler18","MPG_TH 2021",0.783892735198134,40.86,-114.22,NA,NA
"Barnett1","MPG_TH 2021",0.800776336125918,43.48,-110.74,NA,NA
"Baughman3","MPG_TH 2021",0.787175890842834,42.81,-118.96,NA,NA
"Baughman2","MPG_TH 2021",0.771549383509615,43.05,-118.87,NA,NA
"Chynoweth1","MPG_TH 2021",0.799476831489117,39.76604,-109.5635,NA,NA
"Board1","MPG_TH 2021",0.808692699994658,38.84,-117.57,NA,NA
"Bradford1","MPG_TH 2021",0.808108665317403,35.23,-111.62,NA,NA
"Chambers1","MPG_TH 2021",0.679797687441003,39.55,-119.58,NA,NA
"Chambers2","MPG_TH 2021",0.67355808009222,39.95,-118.76,NA,NA
"Urza1","MPG_TH 2021",0.673702114647867,40.35,-119.34,NA,NA
"Chambers4","MPG_TH 2021",0.673486680732499,41.31,-117.63,NA,NA
"Chambers5","MPG_TH 2021",0.669620485892185,41.54,-117.75,NA,NA
"Chambers6","MPG_TH 2021",0.669594875354826,41.54,-117.78,NA,NA
"Chambers7","MPG_TH 2021",0.789136617045141,43.94,-116.19,NA,NA
"Chambers8","MPG_TH 2021",0.785968862489189,42.24,-114.57,NA,NA
"Chambers9","MPG_TH 2021",0.799521927751885,40.66,-116.73,NA,NA
"Copeland1","MPG_TH 2021",0.799550051076714,43.7,-117.33,NA,NA
"Copeland5","MPG_TH 2021",0.811210735013605,42.27,-118.71,NA,NA
"Copeland9","MPG_TH 2021",0.786829543249778,43.47,-119.68,NA,NA
"Downs1","MPG_TH 2021",0.753996473751753,46.38145,-119.430272,NA,NA
"Downs2","MPG_TH 2021",0.77343030664972,46.25045,-119.53334,NA,NA
"Downs3","MPG_TH 2021",0.703375187784959,45.9663,-120.3671,NA,NA
"Fleishman1","MPG_TH 2021",0.79645054028035,38.47,-119.49,NA,NA
"Fleishman5","MPG_TH 2021",0.755942527645739,39.12,-117.27,NA,NA
"Fleishman7","MPG_TH 2021",0.807070428335294,39.17,-117.44,NA,NA
"Getts1","MPG_TH 2021",0.728162052008331,41.17,-120.5,NA,NA
"Getts3","MPG_TH 2021",0.824418278031993,40.43,-120.67,NA,NA
"Holdrege1","MPG_TH 2021",0.800501611280512,41.61,-111.57,NA,NA
"Hufft1","MPG_TH 2021",0.74887719465878,38.6701,-108.3286,NA,NA
"Lavin1","MPG_TH 2021",0.781356898348882,44.68,-109.07,NA,NA
"Lavin2","MPG_TH 2021",0.786731147404767,45.67,-111.03,NA,NA
"Lee1","MPG_TH 2021",0.673558742838479,36.82340833,-116.0163889,NA,NA
"Lee2","MPG_TH 2021",0.663614823502327,35.3984,-115.7845,NA,NA
"Lee3","MPG_TH 2021",0.673404500895507,36.5247,-115.8987,NA,NA
"Lee4","MPG_TH 2021",0.678562019472506,35.4564,-115.52,NA,NA
"Leger1","MPG_TH 2021",0.720702254300241,39.49,-119.84,NA,NA
"Maron1","MPG_TH 2021",0.786107273342312,46.68,-114.03,NA,NA
"Maron2","MPG_TH 2021",0.786499325181031,46.64,-113.23,NA,NA
"Porensky30","MPG_TH 2021",0.77108856479081,40.63,-105.27,NA,NA
"Pyke3","MPG_TH 2021",0.81473109862536,44.60456358,-120.1924183,NA,NA
"Pyke8","MPG_TH 2021",0.726142450092713,46.74830998,-119.361636,NA,NA
"Pyke21","MPG_TH 2021",0.789300075589476,47.61803776,-119.6830115,NA,NA
"Pyle1","MPG_TH 2021",0.888939601323054,42.35,-118.65,NA,NA
"Pyle9","MPG_TH 2021",0.786460135245312,43.42,-119.62,NA,NA
"Pyle10","MPG_TH 2021",0.756098974119846,43.19,-120,NA,NA
"Pyle15","MPG_TH 2021",0.810240517117026,43.8,-119,NA,NA
"Pyle17","MPG_TH 2021",0.784858053622885,44.36,-118.93,NA,NA
"Pyle19","MPG_TH 2021",0.753766449275725,44.57,-119.65,NA,NA
"Reed1","MPG_TH 2021",0.771339699355747,38.52,-109.47,NA,NA
"Reed3","MPG_TH 2021",0.772111152540537,38.75,-109.79,NA,NA
"Schupp3","MPG_TH 2021",0.761066161574078,38.6,-113.79,NA,NA
"Schupp4","MPG_TH 2021",0.799350857649573,38.52,-113.55,NA,NA
"Schupp5","MPG_TH 2021",0.795717081623099,39.11,-112.74,NA,NA
"Symstad1","MPG_TH 2021",0.76287976945741,44.59,-104.71,NA,NA
"Symstad2","MPG_TH 2021",0.755184974206038,43.87,-103.46,NA,NA
"Symstad3","MPG_TH 2021",0.796541861244181,43.62,-103.47,NA,NA
"Urza2","MPG_TH 2021",0.822008514606439,40.84,-119.56,NA,NA
"Wilcox2","MPG_TH 2021",0.738958292732242,41.31,-105.66,NA,NA
"Chynoweth2","MPG_TH 2021",0.756390791561456,40.29092,-109.68361,NA,NA
"Chynoweth3","MPG_TH 2021",0.739325050783609,39.83576,-109.61202,NA,NA
"Chynoweth5","MPG_TH 2021",0.77757202341987,40.480805,-109.438229,NA,NA
"Chynoweth7","MPG_TH 2021",0.80001511230387,40.533605,-109.523564,NA,NA
"Chynoweth8","MPG_TH 2021",0.755929537858331,40.640878,-109.48689,NA,NA
"Shriver2","MPG_TH 2021",0.800794010941332,48,-114.04,NA,NA
"Davies03","MPG_TH 2021",0.808389042851348,42.68,-118.68,NA,NA
"GerminoBOP1","MPG_TH 2021",0.802440194527958,43.4720833,-116.2338306,NA,NA
"Mancillas01","MPG_TH 2021",0.761813800453699,32.368,-106.56,NA,NA
"Boise_High 2022","MPG_TH 2021",0.914740960204812,NA,NA,NA,NA
"Boise_Low 2022","MPG_TH 2021",0.843490702111394,NA,NA,NA,NA
"CG PASTURE 2022","MPG_TH 2021",0.962274277184787,NA,NA,NA,NA
"CaseAoyamaS1 2022","MPG_TH 2021",0.911772036705223,NA,NA,NA,NA
"CastValley 2021","MPG_TH 2021",0.838922193592542,NA,NA,NA,NA
"EOARC 2022","MPG_TH 2021",0.914437725545453,NA,NA,NA,NA
"EnsingS1 SuRDC 2022","MPG_TH 2021",0.962948404132148,NA,NA,NA,NA
"EnsingS2 Summerland-Princeton 2022","MPG_TH 2021",0.917672536890854,NA,NA,NA,NA
"EnsingS3 Bear Creek 2022","MPG_TH 2021",0.892705825393454,NA,NA,NA,NA
"EnsingS4 Lundbom 2022","MPG_TH 2021",0.94278173301844,NA,NA,NA,NA
"FAR NORTH CPER 2022","MPG_TH 2021",0.93806042511108,NA,NA,NA,NA
"FtK_Cottonwood_Coulee 2021","MPG_TH 2021",0.935240620709663,NA,NA,NA,NA
"FtK_Lone_Pine 2021","MPG_TH 2021",0.931027130681498,NA,NA,NA,NA
"GoeblS1 2024","MPG_TH 2021",0.895825438798089,NA,NA,NA,NA
"GreenCanyon 2021","MPG_TH 2021",0.954462523671019,NA,NA,NA,NA
"HPGRS AGCR 2022","MPG_TH 2021",0.959768607706937,NA,NA,NA,NA
"HardwareRanch 2022","MPG_TH 2021",0.972826534806177,NA,NA,NA,NA
"K1_vanDiepen 2022","MPG_TH 2021",0.969219004659917,NA,NA,NA,NA
"L1_vanDiepen 2022","MPG_TH 2021",0.97416788199752,NA,NA,NA,NA
"MPG_IR 2021","MPG_TH 2021",0.997922348361055,NA,NA,NA,NA
"MPG_SR 2021","MPG_TH 2021",0.998458600594243,NA,NA,NA,NA
"MPG_TH 2021","MPG_TH 2021",1,NA,NA,NA,NA
"NEAR 4WAY CPER 2022","MPG_TH 2021",0.934048139860035,NA,NA,NA,NA
"NEAR HQ CPER 2022","MPG_TH 2021",0.939691367242493,NA,NA,NA,NA
"NEAR NUTNET 2022","MPG_TH 2021",0.936964410371886,NA,NA,NA,NA
"OttS1 2022","MPG_TH 2021",0.95083738863566,NA,NA,NA,NA
"PMR- Brome 2021","MPG_TH 2021",0.953316243619984,NA,NA,NA,NA
"Pearlwise 2024","MPG_TH 2021",0.911778497549888,NA,NA,NA,NA
"Peavine 2022","MPG_TH 2021",0.86706524463389,NA,NA,NA,NA
"Plymouth 2022","MPG_TH 2021",0.848480104206487,NA,NA,NA,NA
"RedBluff 2023","MPG_TH 2021",0.969973515575329,NA,NA,NA,NA
"Rush_Valley 2022","MPG_TH 2021",0.911079018920533,NA,NA,NA,NA
"SSHQ 2022","MPG_TH 2021",0.962542390844695,NA,NA,NA,NA
"SSHigh 2022","MPG_TH 2021",0.972425319113724,NA,NA,NA,NA
"SouthEden 2022","MPG_TH 2021",0.977330185328792,NA,NA,NA,NA
"Symstad1 2021","MPG_TH 2021",0.963556435781548,NA,NA,NA,NA
"Symstad2 2022","MPG_TH 2021",0.961413098723924,NA,NA,NA,NA
"TB FIRE 2022","MPG_TH 2021",0.93720125795079,NA,NA,NA,NA
"TB LC Control 2022","MPG_TH 2021",0.936098044309369,NA,NA,NA,NA
"TB PRAIRIE DOG 2022","MPG_TH 2021",0.936423904412154,NA,NA,NA,NA
"Woodruff 2022","MPG_TH 2021",0.972508703741074,NA,NA,NA,NA
"dino 2024","MPG_TH 2021",0.901677199047288,NA,NA,NA,NA
"AAFC4","NEAR 4WAY CPER 2022",0.773823804296941,50.08,-120.65,NA,NA
"AAFC5","NEAR 4WAY CPER 2022",0.784424533110241,50.09,-120.45,NA,NA
"AAFC6","NEAR 4WAY CPER 2022",0.775695104180295,50.09,-120.75,NA,NA
"AAFC8","NEAR 4WAY CPER 2022",0.792112888486105,49.57,-120.55,NA,NA
"AAFC9","NEAR 4WAY CPER 2022",0.768786452599154,49.62,-119.8,NA,NA
"AAFC10","NEAR 4WAY CPER 2022",0.768933216504826,49.71,-120.05,NA,NA
"Adler5","NEAR 4WAY CPER 2022",0.782352845349807,40.79,-111.87,NA,NA
"Schupp2","NEAR 4WAY CPER 2022",0.781355589608533,40.2,-112.46,NA,NA
"Schupp1","NEAR 4WAY CPER 2022",0.783816070261528,39.85,-112.15,NA,NA
"Adler13","NEAR 4WAY CPER 2022",0.788059331043817,41.44,-111.08,NA,NA
"Adler16","NEAR 4WAY CPER 2022",0.787750462992505,41.78,-110.2,NA,NA
"Adler17","NEAR 4WAY CPER 2022",0.787997762047395,41.44,-110.11,NA,NA
"Adler18","NEAR 4WAY CPER 2022",0.782395273820576,40.86,-114.22,NA,NA
"Barnett1","NEAR 4WAY CPER 2022",0.77215023091398,43.48,-110.74,NA,NA
"Baughman3","NEAR 4WAY CPER 2022",0.780399442182357,42.81,-118.96,NA,NA
"Baughman2","NEAR 4WAY CPER 2022",0.7879909287248,43.05,-118.87,NA,NA
"Chynoweth1","NEAR 4WAY CPER 2022",0.78783168770697,39.76604,-109.5635,NA,NA
"Board1","NEAR 4WAY CPER 2022",0.780996836971968,38.84,-117.57,NA,NA
"Bradford1","NEAR 4WAY CPER 2022",0.780416402882026,35.23,-111.62,NA,NA
"Chambers1","NEAR 4WAY CPER 2022",0.748747523149825,39.55,-119.58,NA,NA
"Chambers2","NEAR 4WAY CPER 2022",0.739493597053871,39.95,-118.76,NA,NA
"Urza1","NEAR 4WAY CPER 2022",0.739666889096221,40.35,-119.34,NA,NA
"Chambers4","NEAR 4WAY CPER 2022",0.739482520338975,41.31,-117.63,NA,NA
"Chambers5","NEAR 4WAY CPER 2022",0.731761482121356,41.54,-117.75,NA,NA
"Chambers6","NEAR 4WAY CPER 2022",0.731776963527605,41.54,-117.78,NA,NA
"Chambers7","NEAR 4WAY CPER 2022",0.795744577969375,43.94,-116.19,NA,NA
"Chambers8","NEAR 4WAY CPER 2022",0.783514164110764,42.24,-114.57,NA,NA
"Chambers9","NEAR 4WAY CPER 2022",0.787906197923688,40.66,-116.73,NA,NA
"Copeland1","NEAR 4WAY CPER 2022",0.78791578611056,43.7,-117.33,NA,NA
"Copeland5","NEAR 4WAY CPER 2022",0.782863456834832,42.27,-118.71,NA,NA
"Copeland9","NEAR 4WAY CPER 2022",0.788020407785518,43.47,-119.68,NA,NA
"Downs1","NEAR 4WAY CPER 2022",0.762567770337587,46.38145,-119.430272,NA,NA
"Downs2","NEAR 4WAY CPER 2022",0.77560919510028,46.25045,-119.53334,NA,NA
"Downs3","NEAR 4WAY CPER 2022",0.724411285004885,45.9663,-120.3671,NA,NA
"Fleishman1","NEAR 4WAY CPER 2022",0.795159069083296,38.47,-119.49,NA,NA
"Fleishman5","NEAR 4WAY CPER 2022",0.779231399506753,39.12,-117.27,NA,NA
"Fleishman7","NEAR 4WAY CPER 2022",0.776805375984046,39.17,-117.44,NA,NA
"Getts1","NEAR 4WAY CPER 2022",0.752821352467416,41.17,-120.5,NA,NA
"Getts3","NEAR 4WAY CPER 2022",0.788638328769269,40.43,-120.67,NA,NA
"Holdrege1","NEAR 4WAY CPER 2022",0.771876587388437,41.61,-111.57,NA,NA
"Hufft1","NEAR 4WAY CPER 2022",0.765521787147244,38.6701,-108.3286,NA,NA
"Lavin1","NEAR 4WAY CPER 2022",0.792737620386565,44.68,-109.07,NA,NA
"Lavin2","NEAR 4WAY CPER 2022",0.782267315757653,45.67,-111.03,NA,NA
"Lee1","NEAR 4WAY CPER 2022",0.739543563721222,36.82340833,-116.0163889,NA,NA
"Lee2","NEAR 4WAY CPER 2022",0.7282706363872,35.3984,-115.7845,NA,NA
"Lee3","NEAR 4WAY CPER 2022",0.73937668645331,36.5247,-115.8987,NA,NA
"Lee4","NEAR 4WAY CPER 2022",0.717204211299957,35.4564,-115.52,NA,NA
"Leger1","NEAR 4WAY CPER 2022",0.738525568736162,39.49,-119.84,NA,NA
"Maron1","NEAR 4WAY CPER 2022",0.785826176653184,46.68,-114.03,NA,NA
"Maron2","NEAR 4WAY CPER 2022",0.787706519910713,46.64,-113.23,NA,NA
"Porensky30","NEAR 4WAY CPER 2022",0.769442606202164,40.63,-105.27,NA,NA
"Pyke3","NEAR 4WAY CPER 2022",0.795920328912868,44.60456358,-120.1924183,NA,NA
"Pyke8","NEAR 4WAY CPER 2022",0.745401992969567,46.74830998,-119.361636,NA,NA
"Pyke21","NEAR 4WAY CPER 2022",0.781849565017563,47.61803776,-119.6830115,NA,NA
"Pyle1","NEAR 4WAY CPER 2022",0.888542425238941,42.35,-118.65,NA,NA
"Pyle9","NEAR 4WAY CPER 2022",0.787687676404663,43.42,-119.62,NA,NA
"Pyle10","NEAR 4WAY CPER 2022",0.779375620893903,43.19,-120,NA,NA
"Pyle15","NEAR 4WAY CPER 2022",0.792269116223073,43.8,-119,NA,NA
"Pyle17","NEAR 4WAY CPER 2022",0.773135437113439,44.36,-118.93,NA,NA
"Pyle19","NEAR 4WAY CPER 2022",0.7674304553046,44.57,-119.65,NA,NA
"Reed1","NEAR 4WAY CPER 2022",0.780189429156275,38.52,-109.47,NA,NA
"Reed3","NEAR 4WAY CPER 2022",0.782102432707388,38.75,-109.79,NA,NA
"Schupp3","NEAR 4WAY CPER 2022",0.777381070504347,38.6,-113.79,NA,NA
"Schupp4","NEAR 4WAY CPER 2022",0.787723106382127,38.52,-113.55,NA,NA
"Schupp5","NEAR 4WAY CPER 2022",0.79005187503488,39.11,-112.74,NA,NA
"Symstad1","NEAR 4WAY CPER 2022",0.775789275584484,44.59,-104.71,NA,NA
"Symstad2","NEAR 4WAY CPER 2022",0.762506711098038,43.87,-103.46,NA,NA
"Symstad3","NEAR 4WAY CPER 2022",0.799017519758153,43.62,-103.47,NA,NA
"Urza2","NEAR 4WAY CPER 2022",0.803284692781044,40.84,-119.56,NA,NA
"Wilcox2","NEAR 4WAY CPER 2022",0.760120948029965,41.31,-105.66,NA,NA
"Chynoweth2","NEAR 4WAY CPER 2022",0.779699546746172,40.29092,-109.68361,NA,NA
"Chynoweth3","NEAR 4WAY CPER 2022",0.760486722628146,39.83576,-109.61202,NA,NA
"Chynoweth5","NEAR 4WAY CPER 2022",0.801075443516305,40.480805,-109.438229,NA,NA
"Chynoweth7","NEAR 4WAY CPER 2022",0.788387934041944,40.533605,-109.523564,NA,NA
"Chynoweth8","NEAR 4WAY CPER 2022",0.779202116490794,40.640878,-109.48689,NA,NA
"Shriver2","NEAR 4WAY CPER 2022",0.772150099354466,48,-114.04,NA,NA
"Davies03","NEAR 4WAY CPER 2022",0.780708324124056,42.68,-118.68,NA,NA
"GerminoBOP1","NEAR 4WAY CPER 2022",0.798907105468183,43.4720833,-116.2338306,NA,NA
"Mancillas01","NEAR 4WAY CPER 2022",0.773569187334038,32.368,-106.56,NA,NA
"Boise_High 2022","NEAR 4WAY CPER 2022",0.933931022315803,NA,NA,NA,NA
"Boise_Low 2022","NEAR 4WAY CPER 2022",0.904986317616613,NA,NA,NA,NA
"CG PASTURE 2022","NEAR 4WAY CPER 2022",0.965651040982792,NA,NA,NA,NA
"CaseAoyamaS1 2022","NEAR 4WAY CPER 2022",0.949973398803138,NA,NA,NA,NA
"CastValley 2021","NEAR 4WAY CPER 2022",0.899814065333934,NA,NA,NA,NA
"EOARC 2022","NEAR 4WAY CPER 2022",0.949062836713522,NA,NA,NA,NA
"EnsingS1 SuRDC 2022","NEAR 4WAY CPER 2022",0.96037519041389,NA,NA,NA,NA
"EnsingS2 Summerland-Princeton 2022","NEAR 4WAY CPER 2022",0.918915187930415,NA,NA,NA,NA
"EnsingS3 Bear Creek 2022","NEAR 4WAY CPER 2022",0.922704410979425,NA,NA,NA,NA
"EnsingS4 Lundbom 2022","NEAR 4WAY CPER 2022",0.904008778447531,NA,NA,NA,NA
"FAR NORTH CPER 2022","NEAR 4WAY CPER 2022",0.995647692092029,NA,NA,NA,NA
"FtK_Cottonwood_Coulee 2021","NEAR 4WAY CPER 2022",0.966825730107899,NA,NA,NA,NA
"FtK_Lone_Pine 2021","NEAR 4WAY CPER 2022",0.96669445465586,NA,NA,NA,NA
"GoeblS1 2024","NEAR 4WAY CPER 2022",0.950233815624752,NA,NA,NA,NA
"GreenCanyon 2021","NEAR 4WAY CPER 2022",0.965001241346155,NA,NA,NA,NA
"HPGRS AGCR 2022","NEAR 4WAY CPER 2022",0.96895265601977,NA,NA,NA,NA
"HardwareRanch 2022","NEAR 4WAY CPER 2022",0.944660292010541,NA,NA,NA,NA
"K1_vanDiepen 2022","NEAR 4WAY CPER 2022",0.904978766853647,NA,NA,NA,NA
"L1_vanDiepen 2022","NEAR 4WAY CPER 2022",0.950728126744731,NA,NA,NA,NA
"MPG_IR 2021","NEAR 4WAY CPER 2022",0.932043887758057,NA,NA,NA,NA
"MPG_SR 2021","NEAR 4WAY CPER 2022",0.935608625490199,NA,NA,NA,NA
"MPG_TH 2021","NEAR 4WAY CPER 2022",0.934048139860035,NA,NA,NA,NA
"NEAR 4WAY CPER 2022","NEAR 4WAY CPER 2022",1,NA,NA,NA,NA
"NEAR HQ CPER 2022","NEAR 4WAY CPER 2022",0.993994477774296,NA,NA,NA,NA
"NEAR NUTNET 2022","NEAR 4WAY CPER 2022",0.996810318601097,NA,NA,NA,NA
"OttS1 2022","NEAR 4WAY CPER 2022",0.977884629473986,NA,NA,NA,NA
"PMR- Brome 2021","NEAR 4WAY CPER 2022",0.95088292970964,NA,NA,NA,NA
"Pearlwise 2024","NEAR 4WAY CPER 2022",0.951737105052379,NA,NA,NA,NA
"Peavine 2022","NEAR 4WAY CPER 2022",0.904208458745743,NA,NA,NA,NA
"Plymouth 2022","NEAR 4WAY CPER 2022",0.901387146177265,NA,NA,NA,NA
"RedBluff 2023","NEAR 4WAY CPER 2022",0.950703932275477,NA,NA,NA,NA
"Rush_Valley 2022","NEAR 4WAY CPER 2022",0.95996799257453,NA,NA,NA,NA
"SSHQ 2022","NEAR 4WAY CPER 2022",0.938359230931548,NA,NA,NA,NA
"SSHigh 2022","NEAR 4WAY CPER 2022",0.916999474628364,NA,NA,NA,NA
"SouthEden 2022","NEAR 4WAY CPER 2022",0.935299605426777,NA,NA,NA,NA
"Symstad1 2021","NEAR 4WAY CPER 2022",0.965796546497729,NA,NA,NA,NA
"Symstad2 2022","NEAR 4WAY CPER 2022",0.967866929560038,NA,NA,NA,NA
"TB FIRE 2022","NEAR 4WAY CPER 2022",0.981194169401051,NA,NA,NA,NA
"TB LC Control 2022","NEAR 4WAY CPER 2022",0.981201680805602,NA,NA,NA,NA
"TB PRAIRIE DOG 2022","NEAR 4WAY CPER 2022",0.981122685592323,NA,NA,NA,NA
"Woodruff 2022","NEAR 4WAY CPER 2022",0.94214365464723,NA,NA,NA,NA
"dino 2024","NEAR 4WAY CPER 2022",0.937101668384871,NA,NA,NA,NA
"AAFC4","NEAR HQ CPER 2022",0.775258670479807,50.08,-120.65,NA,NA
"AAFC5","NEAR HQ CPER 2022",0.787616229211849,50.09,-120.45,NA,NA
"AAFC6","NEAR HQ CPER 2022",0.77557970469658,50.09,-120.75,NA,NA
"AAFC8","NEAR HQ CPER 2022",0.793545702494177,49.57,-120.55,NA,NA
"AAFC9","NEAR HQ CPER 2022",0.771248563368318,49.62,-119.8,NA,NA
"AAFC10","NEAR HQ CPER 2022",0.771391656587843,49.71,-120.05,NA,NA
"Adler5","NEAR HQ CPER 2022",0.784409413875905,40.79,-111.87,NA,NA
"Schupp2","NEAR HQ CPER 2022",0.781366778754737,40.2,-112.46,NA,NA
"Schupp1","NEAR HQ CPER 2022",0.782665694069782,39.85,-112.15,NA,NA
"Adler13","NEAR HQ CPER 2022",0.786865420325734,41.44,-111.08,NA,NA
"Adler16","NEAR HQ CPER 2022",0.789303566043381,41.78,-110.2,NA,NA
"Adler17","NEAR HQ CPER 2022",0.789551653363302,41.44,-110.11,NA,NA
"Adler18","NEAR HQ CPER 2022",0.78247420404058,40.86,-114.22,NA,NA
"Barnett1","NEAR HQ CPER 2022",0.775007118090133,43.48,-110.74,NA,NA
"Baughman3","NEAR HQ CPER 2022",0.782470447262804,42.81,-118.96,NA,NA
"Baughman2","NEAR HQ CPER 2022",0.78734673646741,43.05,-118.87,NA,NA
"Chynoweth1","NEAR HQ CPER 2022",0.787082002803936,39.76604,-109.5635,NA,NA
"Board1","NEAR HQ CPER 2022",0.78719276781806,38.84,-117.57,NA,NA
"Bradford1","NEAR HQ CPER 2022",0.786611047117492,35.23,-111.62,NA,NA
"Chambers1","NEAR HQ CPER 2022",0.743549543005719,39.55,-119.58,NA,NA
"Chambers2","NEAR HQ CPER 2022",0.734336175304564,39.95,-118.76,NA,NA
"Urza1","NEAR HQ CPER 2022",0.734507229250126,40.35,-119.34,NA,NA
"Chambers4","NEAR HQ CPER 2022",0.734321125291071,41.31,-117.63,NA,NA
"Chambers5","NEAR HQ CPER 2022",0.727110341659514,41.54,-117.75,NA,NA
"Chambers6","NEAR HQ CPER 2022",0.727120718936447,41.54,-117.78,NA,NA
"Chambers7","NEAR HQ CPER 2022",0.795807917080845,43.94,-116.19,NA,NA
"Chambers8","NEAR HQ CPER 2022",0.784080747066206,42.24,-114.57,NA,NA
"Chambers9","NEAR HQ CPER 2022",0.787154836611763,40.66,-116.73,NA,NA
"Copeland1","NEAR HQ CPER 2022",0.787166382983086,43.7,-117.33,NA,NA
"Copeland5","NEAR HQ CPER 2022",0.786967593905491,42.27,-118.71,NA,NA
"Copeland9","NEAR HQ CPER 2022",0.78957577079166,43.47,-119.68,NA,NA
"Downs1","NEAR HQ CPER 2022",0.762516537775888,46.38145,-119.430272,NA,NA
"Downs2","NEAR HQ CPER 2022",0.776840771380729,46.25045,-119.53334,NA,NA
"Downs3","NEAR HQ CPER 2022",0.724096072114282,45.9663,-120.3671,NA,NA
"Fleishman1","NEAR HQ CPER 2022",0.795700179171009,38.47,-119.49,NA,NA
"Fleishman5","NEAR HQ CPER 2022",0.776886682966958,39.12,-117.27,NA,NA
"Fleishman7","NEAR HQ CPER 2022",0.782248724511613,39.17,-117.44,NA,NA
"Getts1","NEAR HQ CPER 2022",0.75233896861567,41.17,-120.5,NA,NA
"Getts3","NEAR HQ CPER 2022",0.793082847224994,40.43,-120.67,NA,NA
"Holdrege1","NEAR HQ CPER 2022",0.774731617155714,41.61,-111.57,NA,NA
"Hufft1","NEAR HQ CPER 2022",0.764563883071388,38.6701,-108.3286,NA,NA
"Lavin1","NEAR HQ CPER 2022",0.79231759600725,44.68,-109.07,NA,NA
"Lavin2","NEAR HQ CPER 2022",0.784555995938025,45.67,-111.03,NA,NA
"Lee1","NEAR HQ CPER 2022",0.734381710424317,36.82340833,-116.0163889,NA,NA
"Lee2","NEAR HQ CPER 2022",0.723601460267212,35.3984,-115.7845,NA,NA
"Lee3","NEAR HQ CPER 2022",0.734217451051626,36.5247,-115.8987,NA,NA
"Lee4","NEAR HQ CPER 2022",0.715913937735069,35.4564,-115.52,NA,NA
"Leger1","NEAR HQ CPER 2022",0.739457339724623,39.49,-119.84,NA,NA
"Maron1","NEAR HQ CPER 2022",0.786117773968358,46.68,-114.03,NA,NA
"Maron2","NEAR HQ CPER 2022",0.789261355270019,46.64,-113.23,NA,NA
"Porensky30","NEAR HQ CPER 2022",0.771342193891509,40.63,-105.27,NA,NA
"Pyke3","NEAR HQ CPER 2022",0.799364838754626,44.60456358,-120.1924183,NA,NA
"Pyke8","NEAR HQ CPER 2022",0.744138604667518,46.74830998,-119.361636,NA,NA
"Pyke21","NEAR HQ CPER 2022",0.783179955236122,47.61803776,-119.6830115,NA,NA
"Pyle1","NEAR HQ CPER 2022",0.890138727388434,42.35,-118.65,NA,NA
"Pyle9","NEAR HQ CPER 2022",0.789239881332092,43.42,-119.62,NA,NA
"Pyle10","NEAR HQ CPER 2022",0.777030603653177,43.19,-120,NA,NA
"Pyle15","NEAR HQ CPER 2022",0.795520105557416,43.8,-119,NA,NA
"Pyle17","NEAR HQ CPER 2022",0.775671833071774,44.36,-118.93,NA,NA
"Pyle19","NEAR HQ CPER 2022",0.766890236526245,44.57,-119.65,NA,NA
"Reed1","NEAR HQ CPER 2022",0.77964284506078,38.52,-109.47,NA,NA
"Reed3","NEAR HQ CPER 2022",0.78169921148829,38.75,-109.79,NA,NA
"Schupp3","NEAR HQ CPER 2022",0.776100364030168,38.6,-113.79,NA,NA
"Schupp4","NEAR HQ CPER 2022",0.786971856051787,38.52,-113.55,NA,NA
"Schupp5","NEAR HQ CPER 2022",0.78998295045373,39.11,-112.74,NA,NA
"Symstad1","NEAR HQ CPER 2022",0.77573351113457,44.59,-104.71,NA,NA
"Symstad2","NEAR HQ CPER 2022",0.763035991883742,43.87,-103.46,NA,NA
"Symstad3","NEAR HQ CPER 2022",0.799548115333398,43.62,-103.47,NA,NA
"Urza2","NEAR HQ CPER 2022",0.805613639522098,40.84,-119.56,NA,NA
"Wilcox2","NEAR HQ CPER 2022",0.758465756563891,41.31,-105.66,NA,NA
"Chynoweth2","NEAR HQ CPER 2022",0.777352260076623,40.29092,-109.68361,NA,NA
"Chynoweth3","NEAR HQ CPER 2022",0.758832490816414,39.83576,-109.61202,NA,NA
"Chynoweth5","NEAR HQ CPER 2022",0.798888118630901,40.480805,-109.438229,NA,NA
"Chynoweth7","NEAR HQ CPER 2022",0.787639590144355,40.533605,-109.523564,NA,NA
"Chynoweth8","NEAR HQ CPER 2022",0.776858403787205,40.640878,-109.48689,NA,NA
"Shriver2","NEAR HQ CPER 2022",0.775008042639258,48,-114.04,NA,NA
"Davies03","NEAR HQ CPER 2022",0.786902976175566,42.68,-118.68,NA,NA
"GerminoBOP1","NEAR HQ CPER 2022",0.798082982204366,43.4720833,-116.2338306,NA,NA
"Mancillas01","NEAR HQ CPER 2022",0.772996860109028,32.368,-106.56,NA,NA
"Boise_High 2022","NEAR HQ CPER 2022",0.936532044261653,NA,NA,NA,NA
"Boise_Low 2022","NEAR HQ CPER 2022",0.900557087039363,NA,NA,NA,NA
"CG PASTURE 2022","NEAR HQ CPER 2022",0.971943809621928,NA,NA,NA,NA
"CaseAoyamaS1 2022","NEAR HQ CPER 2022",0.950240567213136,NA,NA,NA,NA
"CastValley 2021","NEAR HQ CPER 2022",0.893359044577071,NA,NA,NA,NA
"EOARC 2022","NEAR HQ CPER 2022",0.949902363024512,NA,NA,NA,NA
"EnsingS1 SuRDC 2022","NEAR HQ CPER 2022",0.964982110586569,NA,NA,NA,NA
"EnsingS2 Summerland-Princeton 2022","NEAR HQ CPER 2022",0.922774057769068,NA,NA,NA,NA
"EnsingS3 Bear Creek 2022","NEAR HQ CPER 2022",0.923331958649302,NA,NA,NA,NA
"EnsingS4 Lundbom 2022","NEAR HQ CPER 2022",0.910060203384462,NA,NA,NA,NA
"FAR NORTH CPER 2022","NEAR HQ CPER 2022",0.99787094665263,NA,NA,NA,NA
"FtK_Cottonwood_Coulee 2021","NEAR HQ CPER 2022",0.966214734428695,NA,NA,NA,NA
"FtK_Lone_Pine 2021","NEAR HQ CPER 2022",0.965253607629773,NA,NA,NA,NA
"GoeblS1 2024","NEAR HQ CPER 2022",0.947750884607883,NA,NA,NA,NA
"GreenCanyon 2021","NEAR HQ CPER 2022",0.967572777010601,NA,NA,NA,NA
"HPGRS AGCR 2022","NEAR HQ CPER 2022",0.975205574072543,NA,NA,NA,NA
"HardwareRanch 2022","NEAR HQ CPER 2022",0.950071432705782,NA,NA,NA,NA
"K1_vanDiepen 2022","NEAR HQ CPER 2022",0.911422493348091,NA,NA,NA,NA
"L1_vanDiepen 2022","NEAR HQ CPER 2022",0.956000188773521,NA,NA,NA,NA
"MPG_IR 2021","NEAR HQ CPER 2022",0.937776457693835,NA,NA,NA,NA
"MPG_SR 2021","NEAR HQ CPER 2022",0.941198571521451,NA,NA,NA,NA
"MPG_TH 2021","NEAR HQ CPER 2022",0.939691367242493,NA,NA,NA,NA
"NEAR 4WAY CPER 2022","NEAR HQ CPER 2022",0.993994477774296,NA,NA,NA,NA
"NEAR HQ CPER 2022","NEAR HQ CPER 2022",1,NA,NA,NA,NA
"NEAR NUTNET 2022","NEAR HQ CPER 2022",0.997097551773646,NA,NA,NA,NA
"OttS1 2022","NEAR HQ CPER 2022",0.982007208057156,NA,NA,NA,NA
"PMR- Brome 2021","NEAR HQ CPER 2022",0.956939808693909,NA,NA,NA,NA
"Pearlwise 2024","NEAR HQ CPER 2022",0.951615128667068,NA,NA,NA,NA
"Peavine 2022","NEAR HQ CPER 2022",0.904354304887002,NA,NA,NA,NA
"Plymouth 2022","NEAR HQ CPER 2022",0.899198528470223,NA,NA,NA,NA
"RedBluff 2023","NEAR HQ CPER 2022",0.956919723458542,NA,NA,NA,NA
"Rush_Valley 2022","NEAR HQ CPER 2022",0.956550912441047,NA,NA,NA,NA
"SSHQ 2022","NEAR HQ CPER 2022",0.941409497351897,NA,NA,NA,NA
"SSHigh 2022","NEAR HQ CPER 2022",0.922194976933033,NA,NA,NA,NA
"SouthEden 2022","NEAR HQ CPER 2022",0.940546453024998,NA,NA,NA,NA
"Symstad1 2021","NEAR HQ CPER 2022",0.970491413911768,NA,NA,NA,NA
"Symstad2 2022","NEAR HQ CPER 2022",0.972228896991862,NA,NA,NA,NA
"TB FIRE 2022","NEAR HQ CPER 2022",0.980947585258452,NA,NA,NA,NA
"TB LC Control 2022","NEAR HQ CPER 2022",0.980563356630155,NA,NA,NA,NA
"TB PRAIRIE DOG 2022","NEAR HQ CPER 2022",0.980612224122032,NA,NA,NA,NA
"Woodruff 2022","NEAR HQ CPER 2022",0.946193058989662,NA,NA,NA,NA
"dino 2024","NEAR HQ CPER 2022",0.932719247473838,NA,NA,NA,NA
"AAFC4","NEAR NUTNET 2022",0.774597512195522,50.08,-120.65,NA,NA
"AAFC5","NEAR NUTNET 2022",0.786122044219458,50.09,-120.45,NA,NA
"AAFC6","NEAR NUTNET 2022",0.775659983447275,50.09,-120.75,NA,NA
"AAFC8","NEAR NUTNET 2022",0.792960867122106,49.57,-120.55,NA,NA
"AAFC9","NEAR NUTNET 2022",0.770107102958996,49.62,-119.8,NA,NA
"AAFC10","NEAR NUTNET 2022",0.77025160768609,49.71,-120.05,NA,NA
"Adler5","NEAR NUTNET 2022",0.783445721056418,40.79,-111.87,NA,NA
"Schupp2","NEAR NUTNET 2022",0.781486571320426,40.2,-112.46,NA,NA
"Schupp1","NEAR NUTNET 2022",0.783307200034879,39.85,-112.15,NA,NA
"Adler13","NEAR NUTNET 2022",0.787343182783182,41.44,-111.08,NA,NA
"Adler16","NEAR NUTNET 2022",0.789074128007878,41.78,-110.2,NA,NA
"Adler17","NEAR NUTNET 2022",0.789321868610683,41.44,-110.11,NA,NA
"Adler18","NEAR NUTNET 2022",0.782497609070628,40.86,-114.22,NA,NA
"Barnett1","NEAR NUTNET 2022",0.773636755153422,43.48,-110.74,NA,NA
"Baughman3","NEAR NUTNET 2022",0.781621503338922,42.81,-118.96,NA,NA
"Baughman2","NEAR NUTNET 2022",0.787717375512493,43.05,-118.87,NA,NA
"Chynoweth1","NEAR NUTNET 2022",0.787166007433855,39.76604,-109.5635,NA,NA
"Board1","NEAR NUTNET 2022",0.784012701318432,38.84,-117.57,NA,NA
"Bradford1","NEAR NUTNET 2022",0.783431194339479,35.23,-111.62,NA,NA
"Chambers1","NEAR NUTNET 2022",0.745932217987002,39.55,-119.58,NA,NA
"Chambers2","NEAR NUTNET 2022",0.736671380335144,39.95,-118.76,NA,NA
"Urza1","NEAR NUTNET 2022",0.736843643922798,40.35,-119.34,NA,NA
"Chambers4","NEAR NUTNET 2022",0.736658436044187,41.31,-117.63,NA,NA
"Chambers5","NEAR NUTNET 2022",0.729226617078028,41.54,-117.75,NA,NA
"Chambers6","NEAR NUTNET 2022",0.729238964978805,41.54,-117.78,NA,NA
"Chambers7","NEAR NUTNET 2022",0.795823161901909,43.94,-116.19,NA,NA
"Chambers8","NEAR NUTNET 2022",0.783849142469646,42.24,-114.57,NA,NA
"Chambers9","NEAR NUTNET 2022",0.787239523653454,40.66,-116.73,NA,NA
"Copeland1","NEAR NUTNET 2022",0.787250179161262,43.7,-117.33,NA,NA
"Copeland5","NEAR NUTNET 2022",0.784911496696788,42.27,-118.71,NA,NA
"Copeland9","NEAR NUTNET 2022",0.789345101558381,43.47,-119.68,NA,NA
"Downs1","NEAR NUTNET 2022",0.762679041270004,46.38145,-119.430272,NA,NA
"Downs2","NEAR NUTNET 2022",0.77620653419103,46.25045,-119.53334,NA,NA
"Downs3","NEAR NUTNET 2022",0.724252862262987,45.9663,-120.3671,NA,NA
"Fleishman1","NEAR NUTNET 2022",0.795567070268979,38.47,-119.49,NA,NA
"Fleishman5","NEAR NUTNET 2022",0.778142391881473,39.12,-117.27,NA,NA
"Fleishman7","NEAR NUTNET 2022",0.779487072168016,39.17,-117.44,NA,NA
"Getts1","NEAR NUTNET 2022",0.752581762690033,41.17,-120.5,NA,NA
"Getts3","NEAR NUTNET 2022",0.790870906166963,40.43,-120.67,NA,NA
"Holdrege1","NEAR NUTNET 2022",0.773362078981413,41.61,-111.57,NA,NA
"Hufft1","NEAR NUTNET 2022",0.765245341062473,38.6701,-108.3286,NA,NA
"Lavin1","NEAR NUTNET 2022",0.792601491128926,44.68,-109.07,NA,NA
"Lavin2","NEAR NUTNET 2022",0.783540882423168,45.67,-111.03,NA,NA
"Lee1","NEAR NUTNET 2022",0.736719226717554,36.82340833,-116.0163889,NA,NA
"Lee2","NEAR NUTNET 2022",0.725760765632725,35.3984,-115.7845,NA,NA
"Lee3","NEAR NUTNET 2022",0.736553592162904,36.5247,-115.8987,NA,NA
"Lee4","NEAR NUTNET 2022",0.716480219750028,35.4564,-115.52,NA,NA
"Leger1","NEAR NUTNET 2022",0.738914235828462,39.49,-119.84,NA,NA
"Maron1","NEAR NUTNET 2022",0.785865306762995,46.68,-114.03,NA,NA
"Maron2","NEAR NUTNET 2022",0.789030890756029,46.64,-113.23,NA,NA
"Porensky30","NEAR NUTNET 2022",0.77056935918954,40.63,-105.27,NA,NA
"Pyke3","NEAR NUTNET 2022",0.797720316643624,44.60456358,-120.1924183,NA,NA
"Pyke8","NEAR NUTNET 2022",0.74488408651106,46.74830998,-119.361636,NA,NA
"Pyke21","NEAR NUTNET 2022",0.78272650291618,47.61803776,-119.6830115,NA,NA
"Pyle1","NEAR NUTNET 2022",0.889411463087336,42.35,-118.65,NA,NA
"Pyle9","NEAR NUTNET 2022",0.789010841752642,43.42,-119.62,NA,NA
"Pyle10","NEAR NUTNET 2022",0.778286046020414,43.19,-120,NA,NA
"Pyle15","NEAR NUTNET 2022",0.794004850336634,43.8,-119,NA,NA
"Pyle17","NEAR NUTNET 2022",0.774495624254468,44.36,-118.93,NA,NA
"Pyle19","NEAR NUTNET 2022",0.767122671022996,44.57,-119.65,NA,NA
"Reed1","NEAR NUTNET 2022",0.779904069946411,38.52,-109.47,NA,NA
"Reed3","NEAR NUTNET 2022",0.781867129650159,38.75,-109.79,NA,NA
"Schupp3","NEAR NUTNET 2022",0.776787992566232,38.6,-113.79,NA,NA
"Schupp4","NEAR NUTNET 2022",0.787056292136688,38.52,-113.55,NA,NA
"Schupp5","NEAR NUTNET 2022",0.789831512916626,39.11,-112.74,NA,NA
"Symstad1","NEAR NUTNET 2022",0.775916737917943,44.59,-104.71,NA,NA
"Symstad2","NEAR NUTNET 2022",0.762942821708638,43.87,-103.46,NA,NA
"Symstad3","NEAR NUTNET 2022",0.799345853411122,43.62,-103.47,NA,NA
"Urza2","NEAR NUTNET 2022",0.804552720400349,40.84,-119.56,NA,NA
"Wilcox2","NEAR NUTNET 2022",0.759473673916993,41.31,-105.66,NA,NA
"Chynoweth2","NEAR NUTNET 2022",0.778609212244968,40.29092,-109.68361,NA,NA
"Chynoweth3","NEAR NUTNET 2022",0.759839974984131,39.83576,-109.61202,NA,NA
"Chynoweth5","NEAR NUTNET 2022",0.800075287505271,40.480805,-109.438229,NA,NA
"Chynoweth7","NEAR NUTNET 2022",0.787723443255698,40.533605,-109.523564,NA,NA
"Chynoweth8","NEAR NUTNET 2022",0.778113358710399,40.640878,-109.48689,NA,NA
"Shriver2","NEAR NUTNET 2022",0.77363705867068,48,-114.04,NA,NA
"Davies03","NEAR NUTNET 2022",0.783723306238024,42.68,-118.68,NA,NA
"GerminoBOP1","NEAR NUTNET 2022",0.798216652006402,43.4720833,-116.2338306,NA,NA
"Mancillas01","NEAR NUTNET 2022",0.773215672244431,32.368,-106.56,NA,NA
"Boise_High 2022","NEAR NUTNET 2022",0.935306583933624,NA,NA,NA,NA
"Boise_Low 2022","NEAR NUTNET 2022",0.90257569713883,NA,NA,NA,NA
"CG PASTURE 2022","NEAR NUTNET 2022",0.969062373833734,NA,NA,NA,NA
"CaseAoyamaS1 2022","NEAR NUTNET 2022",0.950220605925888,NA,NA,NA,NA
"CastValley 2021","NEAR NUTNET 2022",0.896151112575556,NA,NA,NA,NA
"EOARC 2022","NEAR NUTNET 2022",0.949612298061402,NA,NA,NA,NA
"EnsingS1 SuRDC 2022","NEAR NUTNET 2022",0.962689999425315,NA,NA,NA,NA
"EnsingS2 Summerland-Princeton 2022","NEAR NUTNET 2022",0.920960226603776,NA,NA,NA,NA
"EnsingS3 Bear Creek 2022","NEAR NUTNET 2022",0.92299483255301,NA,NA,NA,NA
"EnsingS4 Lundbom 2022","NEAR NUTNET 2022",0.907388285862725,NA,NA,NA,NA
"FAR NORTH CPER 2022","NEAR NUTNET 2022",0.998757950430917,NA,NA,NA,NA
"FtK_Cottonwood_Coulee 2021","NEAR NUTNET 2022",0.967066483055844,NA,NA,NA,NA
"FtK_Lone_Pine 2021","NEAR NUTNET 2022",0.9664857882552,NA,NA,NA,NA
"GoeblS1 2024","NEAR NUTNET 2022",0.948702740337416,NA,NA,NA,NA
"GreenCanyon 2021","NEAR NUTNET 2022",0.966223681647474,NA,NA,NA,NA
"HPGRS AGCR 2022","NEAR NUTNET 2022",0.972343134336855,NA,NA,NA,NA
"HardwareRanch 2022","NEAR NUTNET 2022",0.947489895568265,NA,NA,NA,NA
"K1_vanDiepen 2022","NEAR NUTNET 2022",0.908390892379685,NA,NA,NA,NA
"L1_vanDiepen 2022","NEAR NUTNET 2022",0.953674150450606,NA,NA,NA,NA
"MPG_IR 2021","NEAR NUTNET 2022",0.935006607400749,NA,NA,NA,NA
"MPG_SR 2021","NEAR NUTNET 2022",0.938503304287806,NA,NA,NA,NA
"MPG_TH 2021","NEAR NUTNET 2022",0.936964410371886,NA,NA,NA,NA
"NEAR 4WAY CPER 2022","NEAR NUTNET 2022",0.996810318601097,NA,NA,NA,NA
"NEAR HQ CPER 2022","NEAR NUTNET 2022",0.997097551773646,NA,NA,NA,NA
"NEAR NUTNET 2022","NEAR NUTNET 2022",1,NA,NA,NA,NA
"OttS1 2022","NEAR NUTNET 2022",0.980356008853593,NA,NA,NA,NA
"PMR- Brome 2021","NEAR NUTNET 2022",0.953998630657195,NA,NA,NA,NA
"Pearlwise 2024","NEAR NUTNET 2022",0.95160644513433,NA,NA,NA,NA
"Peavine 2022","NEAR NUTNET 2022",0.904135260250644,NA,NA,NA,NA
"Plymouth 2022","NEAR NUTNET 2022",0.900072011235313,NA,NA,NA,NA
"RedBluff 2023","NEAR NUTNET 2022",0.954022626736833,NA,NA,NA,NA
"Rush_Valley 2022","NEAR NUTNET 2022",0.957907920290759,NA,NA,NA,NA
"SSHQ 2022","NEAR NUTNET 2022",0.940192350839971,NA,NA,NA,NA
"SSHigh 2022","NEAR NUTNET 2022",0.91986144533232,NA,NA,NA,NA
"SouthEden 2022","NEAR NUTNET 2022",0.938187386898787,NA,NA,NA,NA
"Symstad1 2021","NEAR NUTNET 2022",0.96839194602821,NA,NA,NA,NA
"Symstad2 2022","NEAR NUTNET 2022",0.970305717550675,NA,NA,NA,NA
"TB FIRE 2022","NEAR NUTNET 2022",0.981753367321155,NA,NA,NA,NA
"TB LC Control 2022","NEAR NUTNET 2022",0.981549286399733,NA,NA,NA,NA
"TB PRAIRIE DOG 2022","NEAR NUTNET 2022",0.981539813373286,NA,NA,NA,NA
"Woodruff 2022","NEAR NUTNET 2022",0.94446200229546,NA,NA,NA,NA
"dino 2024","NEAR NUTNET 2022",0.934795172612861,NA,NA,NA,NA
"AAFC4","OttS1 2022",0.780602693623344,50.08,-120.65,NA,NA
"AAFC5","OttS1 2022",0.798784139563479,50.09,-120.45,NA,NA
"AAFC6","OttS1 2022",0.773857240485482,50.09,-120.75,NA,NA
"AAFC8","OttS1 2022",0.800767515614812,49.57,-120.55,NA,NA
"AAFC9","OttS1 2022",0.781794040380544,49.62,-119.8,NA,NA
"AAFC10","OttS1 2022",0.781929765491896,49.71,-120.05,NA,NA
"Adler5","OttS1 2022",0.789591071670712,40.79,-111.87,NA,NA
"Schupp2","OttS1 2022",0.782125038860322,40.2,-112.46,NA,NA
"Schupp1","OttS1 2022",0.781263523812467,39.85,-112.15,NA,NA
"Adler13","OttS1 2022",0.78258888091694,41.44,-111.08,NA,NA
"Adler16","OttS1 2022",0.79518593819689,41.78,-110.2,NA,NA
"Adler17","OttS1 2022",0.79544188788279,41.44,-110.11,NA,NA
"Adler18","OttS1 2022",0.784830856210504,40.86,-114.22,NA,NA
"Barnett1","OttS1 2022",0.785032921931133,43.48,-110.74,NA,NA
"Baughman3","OttS1 2022",0.790463733559312,42.81,-118.96,NA,NA
"Baughman2","OttS1 2022",0.783131347792303,43.05,-118.87,NA,NA
"Chynoweth1","OttS1 2022",0.78491883345153,39.76604,-109.5635,NA,NA
"Board1","OttS1 2022",0.789299054700113,38.84,-117.57,NA,NA
"Bradford1","OttS1 2022",0.788705236494827,35.23,-111.62,NA,NA
"Chambers1","OttS1 2022",0.731829861112946,39.55,-119.58,NA,NA
"Chambers2","OttS1 2022",0.723702995186045,39.95,-118.76,NA,NA
"Urza1","OttS1 2022",0.723870214311023,40.35,-119.34,NA,NA
"Chambers4","OttS1 2022",0.723672977974489,41.31,-117.63,NA,NA
"Chambers5","OttS1 2022",0.717014520739741,41.54,-117.75,NA,NA
"Chambers6","OttS1 2022",0.71701581062222,41.54,-117.78,NA,NA
"Chambers7","OttS1 2022",0.796961304460726,43.94,-116.19,NA,NA
"Chambers8","OttS1 2022",0.785193839488307,42.24,-114.57,NA,NA
"Chambers9","OttS1 2022",0.784981898078658,40.66,-116.73,NA,NA
"Copeland1","OttS1 2022",0.785001825715408,43.7,-117.33,NA,NA
"Copeland5","OttS1 2022",0.794683614087269,42.27,-118.71,NA,NA
"Copeland9","OttS1 2022",0.795473839235828,43.47,-119.68,NA,NA
"Downs1","OttS1 2022",0.762160913215438,46.38145,-119.430272,NA,NA
"Downs2","OttS1 2022",0.776627595056969,46.25045,-119.53334,NA,NA
"Downs3","OttS1 2022",0.716890174323025,45.9663,-120.3671,NA,NA
"Fleishman1","OttS1 2022",0.797191883892096,38.47,-119.49,NA,NA
"Fleishman5","OttS1 2022",0.771874852005975,39.12,-117.27,NA,NA
"Fleishman7","OttS1 2022",0.787186713344087,39.17,-117.44,NA,NA
"Getts1","OttS1 2022",0.744780986208464,41.17,-120.5,NA,NA
"Getts3","OttS1 2022",0.80147864387954,40.43,-120.67,NA,NA
"Holdrege1","OttS1 2022",0.784750997913847,41.61,-111.57,NA,NA
"Hufft1","OttS1 2022",0.762029493235801,38.6701,-108.3286,NA,NA
"Lavin1","OttS1 2022",0.792841909267013,44.68,-109.07,NA,NA
"Lavin2","OttS1 2022",0.792716323304258,45.67,-111.03,NA,NA
"Lee1","OttS1 2022",0.723744281737635,36.82340833,-116.0163889,NA,NA
"Lee2","OttS1 2022",0.712311034887496,35.3984,-115.7845,NA,NA
"Lee3","OttS1 2022",0.723580639320975,36.5247,-115.8987,NA,NA
"Lee4","OttS1 2022",0.703031517839588,35.4564,-115.52,NA,NA
"Leger1","OttS1 2022",0.730933265182542,39.49,-119.84,NA,NA
"Maron1","OttS1 2022",0.785500134585712,46.68,-114.03,NA,NA
"Maron2","OttS1 2022",0.795151446704458,46.64,-113.23,NA,NA
"Porensky30","OttS1 2022",0.77935635581189,40.63,-105.27,NA,NA
"Pyke3","OttS1 2022",0.805057520587707,44.60456358,-120.1924183,NA,NA
"Pyke8","OttS1 2022",0.741328943846776,46.74830998,-119.361636,NA,NA
"Pyke21","OttS1 2022",0.787691059626785,47.61803776,-119.6830115,NA,NA
"Pyle1","OttS1 2022",0.890140455066907,42.35,-118.65,NA,NA
"Pyle9","OttS1 2022",0.795130087675007,43.42,-119.62,NA,NA
"Pyle10","OttS1 2022",0.772011773143194,43.19,-120,NA,NA
"Pyle15","OttS1 2022",0.803006624457668,43.8,-119,NA,NA
"Pyle17","OttS1 2022",0.783998503138941,44.36,-118.93,NA,NA
"Pyle19","OttS1 2022",0.762116684016856,44.57,-119.65,NA,NA
"Reed1","OttS1 2022",0.776521310149835,38.52,-109.47,NA,NA
"Reed3","OttS1 2022",0.7782030242431,38.75,-109.79,NA,NA
"Schupp3","OttS1 2022",0.773246166430226,38.6,-113.79,NA,NA
"Schupp4","OttS1 2022",0.784801316660452,38.52,-113.55,NA,NA
"Schupp5","OttS1 2022",0.789032459661486,39.11,-112.74,NA,NA
"Symstad1","OttS1 2022",0.778600274061005,44.59,-104.71,NA,NA
"Symstad2","OttS1 2022",0.765081602858635,43.87,-103.46,NA,NA
"Symstad3","OttS1 2022",0.801872507126085,43.62,-103.47,NA,NA
"Urza2","OttS1 2022",0.810581794176759,40.84,-119.56,NA,NA
"Wilcox2","OttS1 2022",0.754769929219701,41.31,-105.66,NA,NA
"Chynoweth2","OttS1 2022",0.772329983472833,40.29092,-109.68361,NA,NA
"Chynoweth3","OttS1 2022",0.755141910428472,39.83576,-109.61202,NA,NA
"Chynoweth5","OttS1 2022",0.793594057688076,40.480805,-109.438229,NA,NA
"Chynoweth7","OttS1 2022",0.785481957925338,40.533605,-109.523564,NA,NA
"Chynoweth8","OttS1 2022",0.771843946240943,40.640878,-109.48689,NA,NA
"Shriver2","OttS1 2022",0.785029796712646,48,-114.04,NA,NA
"Davies03","OttS1 2022",0.788999996053174,42.68,-118.68,NA,NA
"GerminoBOP1","OttS1 2022",0.794303118847922,43.4720833,-116.2338306,NA,NA
"Mancillas01","OttS1 2022",0.768443929578667,32.368,-106.56,NA,NA
"Boise_High 2022","OttS1 2022",0.935410736331342,NA,NA,NA,NA
"Boise_Low 2022","OttS1 2022",0.889490604241154,NA,NA,NA,NA
"CG PASTURE 2022","OttS1 2022",0.980119537932787,NA,NA,NA,NA
"CaseAoyamaS1 2022","OttS1 2022",0.946268078079763,NA,NA,NA,NA
"CastValley 2021","OttS1 2022",0.877967812344309,NA,NA,NA,NA
"EOARC 2022","OttS1 2022",0.946810390212638,NA,NA,NA,NA
"EnsingS1 SuRDC 2022","OttS1 2022",0.969643386517727,NA,NA,NA,NA
"EnsingS2 Summerland-Princeton 2022","OttS1 2022",0.930843270105823,NA,NA,NA,NA
"EnsingS3 Bear Creek 2022","OttS1 2022",0.923506766338879,NA,NA,NA,NA
"EnsingS4 Lundbom 2022","OttS1 2022",0.926606651884485,NA,NA,NA,NA
"FAR NORTH CPER 2022","OttS1 2022",0.981226511874722,NA,NA,NA,NA
"FtK_Cottonwood_Coulee 2021","OttS1 2022",0.971839320749687,NA,NA,NA,NA
"FtK_Lone_Pine 2021","OttS1 2022",0.968959556729379,NA,NA,NA,NA
"GoeblS1 2024","OttS1 2022",0.938179032509251,NA,NA,NA,NA
"GreenCanyon 2021","OttS1 2022",0.966648689471537,NA,NA,NA,NA
"HPGRS AGCR 2022","OttS1 2022",0.98257716042626,NA,NA,NA,NA
"HardwareRanch 2022","OttS1 2022",0.956714665566042,NA,NA,NA,NA
"K1_vanDiepen 2022","OttS1 2022",0.923770380075283,NA,NA,NA,NA
"L1_vanDiepen 2022","OttS1 2022",0.968222985253323,NA,NA,NA,NA
"MPG_IR 2021","OttS1 2022",0.948962797807803,NA,NA,NA,NA
"MPG_SR 2021","OttS1 2022",0.952274758074467,NA,NA,NA,NA
"MPG_TH 2021","OttS1 2022",0.95083738863566,NA,NA,NA,NA
"NEAR 4WAY CPER 2022","OttS1 2022",0.977884629473986,NA,NA,NA,NA
"NEAR HQ CPER 2022","OttS1 2022",0.982007208057156,NA,NA,NA,NA
"NEAR NUTNET 2022","OttS1 2022",0.980356008853593,NA,NA,NA,NA
"OttS1 2022","OttS1 2022",1,NA,NA,NA,NA
"PMR- Brome 2021","OttS1 2022",0.963513043534316,NA,NA,NA,NA
"Pearlwise 2024","OttS1 2022",0.942453373283767,NA,NA,NA,NA
"Peavine 2022","OttS1 2022",0.896242940534177,NA,NA,NA,NA
"Plymouth 2022","OttS1 2022",0.887456541627854,NA,NA,NA,NA
"RedBluff 2023","OttS1 2022",0.970270150483459,NA,NA,NA,NA
"Rush_Valley 2022","OttS1 2022",0.945007452114092,NA,NA,NA,NA
"SSHQ 2022","OttS1 2022",0.949973932763118,NA,NA,NA,NA
"SSHigh 2022","OttS1 2022",0.933651362539773,NA,NA,NA,NA
"SouthEden 2022","OttS1 2022",0.950938835012332,NA,NA,NA,NA
"Symstad1 2021","OttS1 2022",0.978946617742764,NA,NA,NA,NA
"Symstad2 2022","OttS1 2022",0.979851384116726,NA,NA,NA,NA
"TB FIRE 2022","OttS1 2022",0.981942295240873,NA,NA,NA,NA
"TB LC Control 2022","OttS1 2022",0.980888515056949,NA,NA,NA,NA
"TB PRAIRIE DOG 2022","OttS1 2022",0.981160601199226,NA,NA,NA,NA
"Woodruff 2022","OttS1 2022",0.956775271618026,NA,NA,NA,NA
"dino 2024","OttS1 2022",0.925482748885715,NA,NA,NA,NA
"AAFC4","PMR- Brome 2021",0.777813753684587,50.08,-120.65,NA,NA
"AAFC5","PMR- Brome 2021",0.809555085543377,50.09,-120.45,NA,NA
"AAFC6","PMR- Brome 2021",0.76271825727989,50.09,-120.75,NA,NA
"AAFC8","PMR- Brome 2021",0.796793403275788,49.57,-120.55,NA,NA
"AAFC9","PMR- Brome 2021",0.788994633983198,49.62,-119.8,NA,NA
"AAFC10","PMR- Brome 2021",0.789107603287998,49.71,-120.05,NA,NA
"Adler5","PMR- Brome 2021",0.797929790439339,40.79,-111.87,NA,NA
"Schupp2","PMR- Brome 2021",0.769381696480698,40.2,-112.46,NA,NA
"Schupp1","PMR- Brome 2021",0.763289091308915,39.85,-112.15,NA,NA
"Adler13","PMR- Brome 2021",0.765155769840547,41.44,-111.08,NA,NA
"Adler16","PMR- Brome 2021",0.784701244909659,41.78,-110.2,NA,NA
"Adler17","PMR- Brome 2021",0.784950135439887,41.44,-110.11,NA,NA
"Adler18","PMR- Brome 2021",0.776860318919258,40.86,-114.22,NA,NA
"Barnett1","PMR- Brome 2021",0.796611575067428,43.48,-110.74,NA,NA
"Baughman3","PMR- Brome 2021",0.7925150103218,42.81,-118.96,NA,NA
"Baughman2","PMR- Brome 2021",0.77383632218721,43.05,-118.87,NA,NA
"Chynoweth1","PMR- Brome 2021",0.769473056491234,39.76604,-109.5635,NA,NA
"Board1","PMR- Brome 2021",0.827681129838624,38.84,-117.57,NA,NA
"Bradford1","PMR- Brome 2021",0.827089319654621,35.23,-111.62,NA,NA
"Chambers1","PMR- Brome 2021",0.722477237220242,39.55,-119.58,NA,NA
"Chambers2","PMR- Brome 2021",0.713741544335783,39.95,-118.76,NA,NA
"Urza1","PMR- Brome 2021",0.713901841736455,40.35,-119.34,NA,NA
"Chambers4","PMR- Brome 2021",0.71370917446033,41.31,-117.63,NA,NA
"Chambers5","PMR- Brome 2021",0.708300693416207,41.54,-117.75,NA,NA
"Chambers6","PMR- Brome 2021",0.708295263271186,41.54,-117.78,NA,NA
"Chambers7","PMR- Brome 2021",0.787367459588083,43.94,-116.19,NA,NA
"Chambers8","PMR- Brome 2021",0.778153419498444,42.24,-114.57,NA,NA
"Chambers9","PMR- Brome 2021",0.769539511935654,40.66,-116.73,NA,NA
"Copeland1","PMR- Brome 2021",0.769563747600009,43.7,-117.33,NA,NA
"Copeland5","PMR- Brome 2021",0.81813943835737,42.27,-118.71,NA,NA
"Copeland9","PMR- Brome 2021",0.784985360755324,43.47,-119.68,NA,NA
"Downs1","PMR- Brome 2021",0.752061766913349,46.38145,-119.430272,NA,NA
"Downs2","PMR- Brome 2021",0.782905049018373,46.25045,-119.53334,NA,NA
"Downs3","PMR- Brome 2021",0.7215924919539,45.9663,-120.3671,NA,NA
"Fleishman1","PMR- Brome 2021",0.787834810535449,38.47,-119.49,NA,NA
"Fleishman5","PMR- Brome 2021",0.745474741337415,39.12,-117.27,NA,NA
"Fleishman7","PMR- Brome 2021",0.819506040889566,39.17,-117.44,NA,NA
"Getts1","PMR- Brome 2021",0.747322211794838,41.17,-120.5,NA,NA
"Getts3","PMR- Brome 2021",0.823936970364447,40.43,-120.67,NA,NA
"Holdrege1","PMR- Brome 2021",0.796320958609805,41.61,-111.57,NA,NA
"Hufft1","PMR- Brome 2021",0.744242900103616,38.6701,-108.3286,NA,NA
"Lavin1","PMR- Brome 2021",0.777546037942882,44.68,-109.07,NA,NA
"Lavin2","PMR- Brome 2021",0.796129302820101,45.67,-111.03,NA,NA
"Lee1","PMR- Brome 2021",0.713766816156203,36.82340833,-116.0163889,NA,NA
"Lee2","PMR- Brome 2021",0.704272854565055,35.3984,-115.7845,NA,NA
"Lee3","PMR- Brome 2021",0.713629961934667,36.5247,-115.8987,NA,NA
"Lee4","PMR- Brome 2021",0.709424025508656,35.4564,-115.52,NA,NA
"Leger1","PMR- Brome 2021",0.747065957418796,39.49,-119.84,NA,NA
"Maron1","PMR- Brome 2021",0.777249325500252,46.68,-114.03,NA,NA
"Maron2","PMR- Brome 2021",0.784677196351781,46.64,-113.23,NA,NA
"Porensky30","PMR- Brome 2021",0.780327250280938,40.63,-105.27,NA,NA
"Pyke3","PMR- Brome 2021",0.822082571983542,44.60456358,-120.1924183,NA,NA
"Pyke8","PMR- Brome 2021",0.725232103215003,46.74830998,-119.361636,NA,NA
"Pyke21","PMR- Brome 2021",0.784761755588476,47.61803776,-119.6830115,NA,NA
"Pyle1","PMR- Brome 2021",0.883362420756017,42.35,-118.65,NA,NA
"Pyle9","PMR- Brome 2021",0.78464080238694,43.42,-119.62,NA,NA
"Pyle10","PMR- Brome 2021",0.745613096120313,43.19,-120,NA,NA
"Pyle15","PMR- Brome 2021",0.816539716137582,43.8,-119,NA,NA
"Pyle17","PMR- Brome 2021",0.791215755647577,44.36,-118.93,NA,NA
"Pyle19","PMR- Brome 2021",0.74843803706131,44.57,-119.65,NA,NA
"Reed1","PMR- Brome 2021",0.764541735220188,38.52,-109.47,NA,NA
"Reed3","PMR- Brome 2021",0.763934782551239,38.75,-109.79,NA,NA
"Schupp3","PMR- Brome 2021",0.75534013663572,38.6,-113.79,NA,NA
"Schupp4","PMR- Brome 2021",0.769365427241135,38.52,-113.55,NA,NA
"Schupp5","PMR- Brome 2021",0.777741748027632,39.11,-112.74,NA,NA
"Symstad1","PMR- Brome 2021",0.766471286286469,44.59,-104.71,NA,NA
"Symstad2","PMR- Brome 2021",0.756369094313654,43.87,-103.46,NA,NA
"Symstad3","PMR- Brome 2021",0.79175944494264,43.62,-103.47,NA,NA
"Urza2","PMR- Brome 2021",0.816413863462044,40.84,-119.56,NA,NA
"Wilcox2","PMR- Brome 2021",0.733313868277333,41.31,-105.66,NA,NA
"Chynoweth2","PMR- Brome 2021",0.745907206537574,40.29092,-109.68361,NA,NA
"Chynoweth3","PMR- Brome 2021",0.733671976047172,39.83576,-109.61202,NA,NA
"Chynoweth5","PMR- Brome 2021",0.768258730926429,40.480805,-109.438229,NA,NA
"Chynoweth7","PMR- Brome 2021",0.770017802216046,40.533605,-109.523564,NA,NA
"Chynoweth8","PMR- Brome 2021",0.745454227793805,40.640878,-109.48689,NA,NA
"Shriver2","PMR- Brome 2021",0.796611060553983,48,-114.04,NA,NA
"Davies03","PMR- Brome 2021",0.827390104839405,42.68,-118.68,NA,NA
"GerminoBOP1","PMR- Brome 2021",0.778505940915949,43.4720833,-116.2338306,NA,NA
"Mancillas01","PMR- Brome 2021",0.754512109782167,32.368,-106.56,NA,NA
"Boise_High 2022","PMR- Brome 2021",0.952241762858336,NA,NA,NA,NA
"Boise_Low 2022","PMR- Brome 2021",0.878949301845012,NA,NA,NA,NA
"CG PASTURE 2022","PMR- Brome 2021",0.975073149555299,NA,NA,NA,NA
"CaseAoyamaS1 2022","PMR- Brome 2021",0.946394187451023,NA,NA,NA,NA
"CastValley 2021","PMR- Brome 2021",0.852304293708534,NA,NA,NA,NA
"EOARC 2022","PMR- Brome 2021",0.949394285611908,NA,NA,NA,NA
"EnsingS1 SuRDC 2022","PMR- Brome 2021",0.968760730506433,NA,NA,NA,NA
"EnsingS2 Summerland-Princeton 2022","PMR- Brome 2021",0.953210999101821,NA,NA,NA,NA
"EnsingS3 Bear Creek 2022","PMR- Brome 2021",0.932438125271812,NA,NA,NA,NA
"EnsingS4 Lundbom 2022","PMR- Brome 2021",0.94338875173629,NA,NA,NA,NA
"FAR NORTH CPER 2022","PMR- Brome 2021",0.95495078458496,NA,NA,NA,NA
"FtK_Cottonwood_Coulee 2021","PMR- Brome 2021",0.934860578747878,NA,NA,NA,NA
"FtK_Lone_Pine 2021","PMR- Brome 2021",0.93139376723843,NA,NA,NA,NA
"GoeblS1 2024","PMR- Brome 2021",0.930976662290802,NA,NA,NA,NA
"GreenCanyon 2021","PMR- Brome 2021",0.956306222722011,NA,NA,NA,NA
"HPGRS AGCR 2022","PMR- Brome 2021",0.974465557698944,NA,NA,NA,NA
"HardwareRanch 2022","PMR- Brome 2021",0.96388165440477,NA,NA,NA,NA
"K1_vanDiepen 2022","PMR- Brome 2021",0.936043345027587,NA,NA,NA,NA
"L1_vanDiepen 2022","PMR- Brome 2021",0.958460250483126,NA,NA,NA,NA
"MPG_IR 2021","PMR- Brome 2021",0.952747813022057,NA,NA,NA,NA
"MPG_SR 2021","PMR- Brome 2021",0.953765128020253,NA,NA,NA,NA
"MPG_TH 2021","PMR- Brome 2021",0.953316243619984,NA,NA,NA,NA
"NEAR 4WAY CPER 2022","PMR- Brome 2021",0.95088292970964,NA,NA,NA,NA
"NEAR HQ CPER 2022","PMR- Brome 2021",0.956939808693909,NA,NA,NA,NA
"NEAR NUTNET 2022","PMR- Brome 2021",0.953998630657195,NA,NA,NA,NA
"OttS1 2022","PMR- Brome 2021",0.963513043534316,NA,NA,NA,NA
"PMR- Brome 2021","PMR- Brome 2021",1,NA,NA,NA,NA
"Pearlwise 2024","PMR- Brome 2021",0.943623870600638,NA,NA,NA,NA
"Peavine 2022","PMR- Brome 2021",0.911215458831526,NA,NA,NA,NA
"Plymouth 2022","PMR- Brome 2021",0.891597148667722,NA,NA,NA,NA
"RedBluff 2023","PMR- Brome 2021",0.978792837805658,NA,NA,NA,NA
"Rush_Valley 2022","PMR- Brome 2021",0.929081666690245,NA,NA,NA,NA
"SSHQ 2022","PMR- Brome 2021",0.929938023019425,NA,NA,NA,NA
"SSHigh 2022","PMR- Brome 2021",0.930696761393952,NA,NA,NA,NA
"SouthEden 2022","PMR- Brome 2021",0.949855985044498,NA,NA,NA,NA
"Symstad1 2021","PMR- Brome 2021",0.957678562623663,NA,NA,NA,NA
"Symstad2 2022","PMR- Brome 2021",0.95611209669285,NA,NA,NA,NA
"TB FIRE 2022","PMR- Brome 2021",0.948173509946736,NA,NA,NA,NA
"TB LC Control 2022","PMR- Brome 2021",0.946951813659662,NA,NA,NA,NA
"TB PRAIRIE DOG 2022","PMR- Brome 2021",0.947303261048741,NA,NA,NA,NA
"Woodruff 2022","PMR- Brome 2021",0.942446667764821,NA,NA,NA,NA
"dino 2024","PMR- Brome 2021",0.890203386731965,NA,NA,NA,NA
"AAFC4","Pearlwise 2024",0.762481002317862,50.08,-120.65,NA,NA
"AAFC5","Pearlwise 2024",0.787584875227403,50.09,-120.45,NA,NA
"AAFC6","Pearlwise 2024",0.754747154465056,50.09,-120.75,NA,NA
"AAFC8","Pearlwise 2024",0.785259148146341,49.57,-120.55,NA,NA
"AAFC9","Pearlwise 2024",0.773037712967444,49.62,-119.8,NA,NA
"AAFC10","Pearlwise 2024",0.773190081825594,49.71,-120.05,NA,NA
"Adler5","Pearlwise 2024",0.798843564506127,40.79,-111.87,NA,NA
"Schupp2","Pearlwise 2024",0.762252936182982,40.2,-112.46,NA,NA
"Schupp1","Pearlwise 2024",0.758652913260331,39.85,-112.15,NA,NA
"Adler13","Pearlwise 2024",0.771574739692368,41.44,-111.08,NA,NA
"Adler16","Pearlwise 2024",0.766005853724319,41.78,-110.2,NA,NA
"Adler17","Pearlwise 2024",0.766227654153768,41.44,-110.11,NA,NA
"Adler18","Pearlwise 2024",0.781228169870681,40.86,-114.22,NA,NA
"Barnett1","Pearlwise 2024",0.791993016223883,43.48,-110.74,NA,NA
"Baughman3","Pearlwise 2024",0.779864486804426,42.81,-118.96,NA,NA
"Baughman2","Pearlwise 2024",0.782123820523065,43.05,-118.87,NA,NA
"Chynoweth1","Pearlwise 2024",0.775127181855035,39.76604,-109.5635,NA,NA
"Board1","Pearlwise 2024",0.786655673025492,38.84,-117.57,NA,NA
"Bradford1","Pearlwise 2024",0.786072409581393,35.23,-111.62,NA,NA
"Chambers1","Pearlwise 2024",0.773207838228967,39.55,-119.58,NA,NA
"Chambers2","Pearlwise 2024",0.762668053697141,39.95,-118.76,NA,NA
"Urza1","Pearlwise 2024",0.762847195566952,40.35,-119.34,NA,NA
"Chambers4","Pearlwise 2024",0.762673281339602,41.31,-117.63,NA,NA
"Chambers5","Pearlwise 2024",0.754036364879455,41.54,-117.75,NA,NA
"Chambers6","Pearlwise 2024",0.754071322454291,41.54,-117.78,NA,NA
"Chambers7","Pearlwise 2024",0.784378052728653,43.94,-116.19,NA,NA
"Chambers8","Pearlwise 2024",0.774218401596081,42.24,-114.57,NA,NA
"Chambers9","Pearlwise 2024",0.775220809486214,40.66,-116.73,NA,NA
"Copeland1","Pearlwise 2024",0.775226964390607,43.7,-117.33,NA,NA
"Copeland5","Pearlwise 2024",0.803057998486244,42.27,-118.71,NA,NA
"Copeland9","Pearlwise 2024",0.766260805374638,43.47,-119.68,NA,NA
"Downs1","Pearlwise 2024",0.748856432191949,46.38145,-119.430272,NA,NA
"Downs2","Pearlwise 2024",0.784856824076246,46.25045,-119.53334,NA,NA
"Downs3","Pearlwise 2024",0.750630671524172,45.9663,-120.3671,NA,NA
"Fleishman1","Pearlwise 2024",0.78354133792706,38.47,-119.49,NA,NA
"Fleishman5","Pearlwise 2024",0.747707338034227,39.12,-117.27,NA,NA
"Fleishman7","Pearlwise 2024",0.788340345123244,39.17,-117.44,NA,NA
"Getts1","Pearlwise 2024",0.770791612405051,41.17,-120.5,NA,NA
"Getts3","Pearlwise 2024",0.806369071287203,40.43,-120.67,NA,NA
"Holdrege1","Pearlwise 2024",0.791712398392588,41.61,-111.57,NA,NA
"Hufft1","Pearlwise 2024",0.743841290987646,38.6701,-108.3286,NA,NA
"Lavin1","Pearlwise 2024",0.770282764693808,44.68,-109.07,NA,NA
"Lavin2","Pearlwise 2024",0.776423121755097,45.67,-111.03,NA,NA
"Lee1","Pearlwise 2024",0.762704932297688,36.82340833,-116.0163889,NA,NA
"Lee2","Pearlwise 2024",0.751193290545616,35.3984,-115.7845,NA,NA
"Lee3","Pearlwise 2024",0.762579961650193,36.5247,-115.8987,NA,NA
"Lee4","Pearlwise 2024",0.751387407457693,35.4564,-115.52,NA,NA
"Leger1","Pearlwise 2024",0.767091432985798,39.49,-119.84,NA,NA
"Maron1","Pearlwise 2024",0.769489466401055,46.68,-114.03,NA,NA
"Maron2","Pearlwise 2024",0.765951026872491,46.64,-113.23,NA,NA
"Porensky30","Pearlwise 2024",0.763331745241142,40.63,-105.27,NA,NA
"Pyke3","Pearlwise 2024",0.80859910881757,44.60456358,-120.1924183,NA,NA
"Pyke8","Pearlwise 2024",0.727455086827857,46.74830998,-119.361636,NA,NA
"Pyke21","Pearlwise 2024",0.78023670865209,47.61803776,-119.6830115,NA,NA
"Pyle1","Pearlwise 2024",0.86858931828725,42.35,-118.65,NA,NA
"Pyle9","Pearlwise 2024",0.765934815052518,43.42,-119.62,NA,NA
"Pyle10","Pearlwise 2024",0.747860719808776,43.19,-120,NA,NA
"Pyle15","Pearlwise 2024",0.80136165599703,43.8,-119,NA,NA
"Pyle17","Pearlwise 2024",0.77709660398973,44.36,-118.93,NA,NA
"Pyle19","Pearlwise 2024",0.737575834433008,44.57,-119.65,NA,NA
"Reed1","Pearlwise 2024",0.765682096019561,38.52,-109.47,NA,NA
"Reed3","Pearlwise 2024",0.75402335771656,38.75,-109.79,NA,NA
"Schupp3","Pearlwise 2024",0.754963364302424,38.6,-113.79,NA,NA
"Schupp4","Pearlwise 2024",0.775046486530157,38.52,-113.55,NA,NA
"Schupp5","Pearlwise 2024",0.773842416381206,39.11,-112.74,NA,NA
"Symstad1","Pearlwise 2024",0.75723175165551,44.59,-104.71,NA,NA
"Symstad2","Pearlwise 2024",0.744845942542659,43.87,-103.46,NA,NA
"Symstad3","Pearlwise 2024",0.781211821705577,43.62,-103.47,NA,NA
"Urza2","Pearlwise 2024",0.812270582770499,40.84,-119.56,NA,NA
"Wilcox2","Pearlwise 2024",0.734290846932386,41.31,-105.66,NA,NA
"Chynoweth2","Pearlwise 2024",0.748153667592996,40.29092,-109.68361,NA,NA
"Chynoweth3","Pearlwise 2024",0.734613307309156,39.83576,-109.61202,NA,NA
"Chynoweth5","Pearlwise 2024",0.771305402828764,40.480805,-109.438229,NA,NA
"Chynoweth7","Pearlwise 2024",0.775643627860677,40.533605,-109.523564,NA,NA
"Chynoweth8","Pearlwise 2024",0.747688217951724,40.640878,-109.48689,NA,NA
"Shriver2","Pearlwise 2024",0.791978716674542,48,-114.04,NA,NA
"Davies03","Pearlwise 2024",0.786382951077662,42.68,-118.68,NA,NA
"GerminoBOP1","Pearlwise 2024",0.778975996990803,43.4720833,-116.2338306,NA,NA
"Mancillas01","Pearlwise 2024",0.744616230287254,32.368,-106.56,NA,NA
"Boise_High 2022","Pearlwise 2024",0.97037306552481,NA,NA,NA,NA
"Boise_Low 2022","Pearlwise 2024",0.933491252124157,NA,NA,NA,NA
"CG PASTURE 2022","Pearlwise 2024",0.937949982026363,NA,NA,NA,NA
"CaseAoyamaS1 2022","Pearlwise 2024",0.980052511841772,NA,NA,NA,NA
"CastValley 2021","Pearlwise 2024",0.898165690689447,NA,NA,NA,NA
"EOARC 2022","Pearlwise 2024",0.979271912515167,NA,NA,NA,NA
"EnsingS1 SuRDC 2022","Pearlwise 2024",0.94949731516071,NA,NA,NA,NA
"EnsingS2 Summerland-Princeton 2022","Pearlwise 2024",0.939902034857473,NA,NA,NA,NA
"EnsingS3 Bear Creek 2022","Pearlwise 2024",0.95646149516991,NA,NA,NA,NA
"EnsingS4 Lundbom 2022","Pearlwise 2024",0.896936583768492,NA,NA,NA,NA
"FAR NORTH CPER 2022","Pearlwise 2024",0.951561931151356,NA,NA,NA,NA
"FtK_Cottonwood_Coulee 2021","Pearlwise 2024",0.927317409298024,NA,NA,NA,NA
"FtK_Lone_Pine 2021","Pearlwise 2024",0.927232607239586,NA,NA,NA,NA
"GoeblS1 2024","Pearlwise 2024",0.958658432639779,NA,NA,NA,NA
"GreenCanyon 2021","Pearlwise 2024",0.954984930813507,NA,NA,NA,NA
"HPGRS AGCR 2022","Pearlwise 2024",0.94021900345741,NA,NA,NA,NA
"HardwareRanch 2022","Pearlwise 2024",0.936431219421147,NA,NA,NA,NA
"K1_vanDiepen 2022","Pearlwise 2024",0.886993691330973,NA,NA,NA,NA
"L1_vanDiepen 2022","Pearlwise 2024",0.921280732358053,NA,NA,NA,NA
"MPG_IR 2021","Pearlwise 2024",0.910458845067405,NA,NA,NA,NA
"MPG_SR 2021","Pearlwise 2024",0.912891319049428,NA,NA,NA,NA
"MPG_TH 2021","Pearlwise 2024",0.911778497549888,NA,NA,NA,NA
"NEAR 4WAY CPER 2022","Pearlwise 2024",0.951737105052379,NA,NA,NA,NA
"NEAR HQ CPER 2022","Pearlwise 2024",0.951615128667068,NA,NA,NA,NA
"NEAR NUTNET 2022","Pearlwise 2024",0.95160644513433,NA,NA,NA,NA
"OttS1 2022","Pearlwise 2024",0.942453373283767,NA,NA,NA,NA
"PMR- Brome 2021","Pearlwise 2024",0.943623870600638,NA,NA,NA,NA
"Pearlwise 2024","Pearlwise 2024",1,NA,NA,NA,NA
"Peavine 2022","Pearlwise 2024",0.951968143004818,NA,NA,NA,NA
"Plymouth 2022","Pearlwise 2024",0.941563514407336,NA,NA,NA,NA
"RedBluff 2023","Pearlwise 2024",0.930495637597557,NA,NA,NA,NA
"Rush_Valley 2022","Pearlwise 2024",0.96591881825312,NA,NA,NA,NA
"SSHQ 2022","Pearlwise 2024",0.907144124650575,NA,NA,NA,NA
"SSHigh 2022","Pearlwise 2024",0.892900401100495,NA,NA,NA,NA
"SouthEden 2022","Pearlwise 2024",0.917329041144816,NA,NA,NA,NA
"Symstad1 2021","Pearlwise 2024",0.92564282382884,NA,NA,NA,NA
"Symstad2 2022","Pearlwise 2024",0.926517407462441,NA,NA,NA,NA
"TB FIRE 2022","Pearlwise 2024",0.944662903242146,NA,NA,NA,NA
"TB LC Control 2022","Pearlwise 2024",0.944493754307084,NA,NA,NA,NA
"TB PRAIRIE DOG 2022","Pearlwise 2024",0.944535384096159,NA,NA,NA,NA
"Woodruff 2022","Pearlwise 2024",0.9149551679622,NA,NA,NA,NA
"dino 2024","Pearlwise 2024",0.906996126699265,NA,NA,NA,NA
"AAFC4","Peavine 2022",0.740944965062046,50.08,-120.65,NA,NA
"AAFC5","Peavine 2022",0.779387393659845,50.09,-120.45,NA,NA
"AAFC6","Peavine 2022",0.725617143740627,50.09,-120.75,NA,NA
"AAFC8","Peavine 2022",0.763287220559858,49.57,-120.55,NA,NA
"AAFC9","Peavine 2022",0.764993883435664,49.62,-119.8,NA,NA
"AAFC10","Peavine 2022",0.76512038697604,49.71,-120.05,NA,NA
"Adler5","Peavine 2022",0.790755399991463,40.79,-111.87,NA,NA
"Schupp2","Peavine 2022",0.732677558100676,40.2,-112.46,NA,NA
"Schupp1","Peavine 2022",0.727523537169555,39.85,-112.15,NA,NA
"Adler13","Peavine 2022",0.732718433959769,41.44,-111.08,NA,NA
"Adler16","Peavine 2022",0.73393141770534,41.78,-110.2,NA,NA
"Adler17","Peavine 2022",0.734141302749442,41.44,-110.11,NA,NA
"Adler18","Peavine 2022",0.756485650540771,40.86,-114.22,NA,NA
"Barnett1","Peavine 2022",0.783870407083866,43.48,-110.74,NA,NA
"Baughman3","Peavine 2022",0.764339550544771,42.81,-118.96,NA,NA
"Baughman2","Peavine 2022",0.758854571003039,43.05,-118.87,NA,NA
"Chynoweth1","Peavine 2022",0.735005477664151,39.76604,-109.5635,NA,NA
"Board1","Peavine 2022",0.790722083482326,38.84,-117.57,NA,NA
"Bradford1","Peavine 2022",0.790181279021701,35.23,-111.62,NA,NA
"Chambers1","Peavine 2022",0.796575614643938,39.55,-119.58,NA,NA
"Chambers2","Peavine 2022",0.787026854466777,39.95,-118.76,NA,NA
"Urza1","Peavine 2022",0.787211639682479,40.35,-119.34,NA,NA
"Chambers4","Peavine 2022",0.7870624568176,41.31,-117.63,NA,NA
"Chambers5","Peavine 2022",0.775500380614302,41.54,-117.75,NA,NA
"Chambers6","Peavine 2022",0.77557363867773,41.54,-117.78,NA,NA
"Chambers7","Peavine 2022",0.759192495523892,43.94,-116.19,NA,NA
"Chambers8","Peavine 2022",0.747426903125158,42.24,-114.57,NA,NA
"Chambers9","Peavine 2022",0.735110682630417,40.66,-116.73,NA,NA
"Copeland1","Peavine 2022",0.735117040064265,43.7,-117.33,NA,NA
"Copeland5","Peavine 2022",0.803785876933037,42.27,-118.71,NA,NA
"Copeland9","Peavine 2022",0.734166896914452,43.47,-119.68,NA,NA
"Downs1","Peavine 2022",0.722181427485397,46.38145,-119.430272,NA,NA
"Downs2","Peavine 2022",0.777746032813221,46.25045,-119.53334,NA,NA
"Downs3","Peavine 2022",0.755850716580522,45.9663,-120.3671,NA,NA
"Fleishman1","Peavine 2022",0.752822145980695,38.47,-119.49,NA,NA
"Fleishman5","Peavine 2022",0.707235777990611,39.12,-117.27,NA,NA
"Fleishman7","Peavine 2022",0.79042719738105,39.17,-117.44,NA,NA
"Getts1","Peavine 2022",0.771971252849814,41.17,-120.5,NA,NA
"Getts3","Peavine 2022",0.80045889782068,40.43,-120.67,NA,NA
"Holdrege1","Peavine 2022",0.783596746706392,41.61,-111.57,NA,NA
"Hufft1","Peavine 2022",0.71049503563335,38.6701,-108.3286,NA,NA
"Lavin1","Peavine 2022",0.739912791939828,44.68,-109.07,NA,NA
"Lavin2","Peavine 2022",0.763196068048148,45.67,-111.03,NA,NA
"Lee1","Peavine 2022",0.787066079133418,36.82340833,-116.0163889,NA,NA
"Lee2","Peavine 2022",0.771034414197844,35.3984,-115.7845,NA,NA
"Lee3","Peavine 2022",0.786988449466862,36.5247,-115.8987,NA,NA
"Lee4","Peavine 2022",0.771084421713033,35.4564,-115.52,NA,NA
"Leger1","Peavine 2022",0.783059208678968,39.49,-119.84,NA,NA
"Maron1","Peavine 2022",0.741630208375269,46.68,-114.03,NA,NA
"Maron2","Peavine 2022",0.733886989251073,46.64,-113.23,NA,NA
"Porensky30","Peavine 2022",0.749116260417176,40.63,-105.27,NA,NA
"Pyke3","Peavine 2022",0.802206399817653,44.60456358,-120.1924183,NA,NA
"Pyke8","Peavine 2022",0.69969170672099,46.74830998,-119.361636,NA,NA
"Pyke21","Peavine 2022",0.756959786667813,47.61803776,-119.6830115,NA,NA
"Pyle1","Peavine 2022",0.832389472850653,42.35,-118.65,NA,NA
"Pyle9","Peavine 2022",0.733868156024726,43.42,-119.62,NA,NA
"Pyle10","Peavine 2022",0.707377593999961,43.19,-120,NA,NA
"Pyle15","Peavine 2022",0.793186793728619,43.8,-119,NA,NA
"Pyle17","Peavine 2022",0.767798985788998,44.36,-118.93,NA,NA
"Pyle19","Peavine 2022",0.706324225634581,44.57,-119.65,NA,NA
"Reed1","Peavine 2022",0.735732041776798,38.52,-109.47,NA,NA
"Reed3","Peavine 2022",0.720674450366904,38.75,-109.79,NA,NA
"Schupp3","Peavine 2022",0.722417067792287,38.6,-113.79,NA,NA
"Schupp4","Peavine 2022",0.734949610102531,38.52,-113.55,NA,NA
"Schupp5","Peavine 2022",0.739812064989333,39.11,-112.74,NA,NA
"Symstad1","Peavine 2022",0.733290309343064,44.59,-104.71,NA,NA
"Symstad2","Peavine 2022",0.719501496789979,43.87,-103.46,NA,NA
"Symstad3","Peavine 2022",0.752334094032067,43.62,-103.47,NA,NA
"Urza2","Peavine 2022",0.793125953791033,40.84,-119.56,NA,NA
"Wilcox2","Peavine 2022",0.699344988319424,41.31,-105.66,NA,NA
"Chynoweth2","Peavine 2022",0.707642365505348,40.29092,-109.68361,NA,NA
"Chynoweth3","Peavine 2022",0.699636323550279,39.83576,-109.61202,NA,NA
"Chynoweth5","Peavine 2022",0.730571887778,40.480805,-109.438229,NA,NA
"Chynoweth7","Peavine 2022",0.735484895626144,40.533605,-109.523564,NA,NA
"Chynoweth8","Peavine 2022",0.707220975427736,40.640878,-109.48689,NA,NA
"Shriver2","Peavine 2022",0.783843370850252,48,-114.04,NA,NA
"Davies03","Peavine 2022",0.790487661348991,42.68,-118.68,NA,NA
"GerminoBOP1","Peavine 2022",0.74034785120441,43.4720833,-116.2338306,NA,NA
"Mancillas01","Peavine 2022",0.712353755243754,32.368,-106.56,NA,NA
"Boise_High 2022","Peavine 2022",0.953383111331182,NA,NA,NA,NA
"Boise_Low 2022","Peavine 2022",0.935017298339994,NA,NA,NA,NA
"CG PASTURE 2022","Peavine 2022",0.893982132202286,NA,NA,NA,NA
"CaseAoyamaS1 2022","Peavine 2022",0.948342226516836,NA,NA,NA,NA
"CastValley 2021","Peavine 2022",0.871239955353852,NA,NA,NA,NA
"EOARC 2022","Peavine 2022",0.948041490967267,NA,NA,NA,NA
"EnsingS1 SuRDC 2022","Peavine 2022",0.904289618349166,NA,NA,NA,NA
"EnsingS2 Summerland-Princeton 2022","Peavine 2022",0.929224822251649,NA,NA,NA,NA
"EnsingS3 Bear Creek 2022","Peavine 2022",0.955989731998689,NA,NA,NA,NA
"EnsingS4 Lundbom 2022","Peavine 2022",0.867357334675354,NA,NA,NA,NA
"FAR NORTH CPER 2022","Peavine 2022",0.903985711357162,NA,NA,NA,NA
"FtK_Cottonwood_Coulee 2021","Peavine 2022",0.876675441341168,NA,NA,NA,NA
"FtK_Lone_Pine 2021","Peavine 2022",0.876559300229898,NA,NA,NA,NA
"GoeblS1 2024","Peavine 2022",0.938227891091422,NA,NA,NA,NA
"GreenCanyon 2021","Peavine 2022",0.906198153022283,NA,NA,NA,NA
"HPGRS AGCR 2022","Peavine 2022",0.895957808530963,NA,NA,NA,NA
"HardwareRanch 2022","Peavine 2022",0.893111969754591,NA,NA,NA,NA
"K1_vanDiepen 2022","Peavine 2022",0.846966600369507,NA,NA,NA,NA
"L1_vanDiepen 2022","Peavine 2022",0.874483702034564,NA,NA,NA,NA
"MPG_IR 2021","Peavine 2022",0.866177093565271,NA,NA,NA,NA
"MPG_SR 2021","Peavine 2022",0.867796921985569,NA,NA,NA,NA
"MPG_TH 2021","Peavine 2022",0.86706524463389,NA,NA,NA,NA
"NEAR 4WAY CPER 2022","Peavine 2022",0.904208458745743,NA,NA,NA,NA
"NEAR HQ CPER 2022","Peavine 2022",0.904354304887002,NA,NA,NA,NA
"NEAR NUTNET 2022","Peavine 2022",0.904135260250644,NA,NA,NA,NA
"OttS1 2022","Peavine 2022",0.896242940534177,NA,NA,NA,NA
"PMR- Brome 2021","Peavine 2022",0.911215458831526,NA,NA,NA,NA
"Pearlwise 2024","Peavine 2022",0.951968143004818,NA,NA,NA,NA
"Peavine 2022","Peavine 2022",1,NA,NA,NA,NA
"Plymouth 2022","Peavine 2022",0.968058858547796,NA,NA,NA,NA
"RedBluff 2023","Peavine 2022",0.890574544327212,NA,NA,NA,NA
"Rush_Valley 2022","Peavine 2022",0.92425649659362,NA,NA,NA,NA
"SSHQ 2022","Peavine 2022",0.853846153166912,NA,NA,NA,NA
"SSHigh 2022","Peavine 2022",0.844828003075333,NA,NA,NA,NA
"SouthEden 2022","Peavine 2022",0.871120356690384,NA,NA,NA,NA
"Symstad1 2021","Peavine 2022",0.877433986708238,NA,NA,NA,NA
"Symstad2 2022","Peavine 2022",0.877832134423554,NA,NA,NA,NA
"TB FIRE 2022","Peavine 2022",0.895904258025061,NA,NA,NA,NA
"TB LC Control 2022","Peavine 2022",0.895660883614781,NA,NA,NA,NA
"TB PRAIRIE DOG 2022","Peavine 2022",0.895722041553191,NA,NA,NA,NA
"Woodruff 2022","Peavine 2022",0.864591336257733,NA,NA,NA,NA
"dino 2024","Peavine 2022",0.854602622671272,NA,NA,NA,NA
"AAFC4","Plymouth 2022",0.732823784670694,50.08,-120.65,NA,NA
"AAFC5","Plymouth 2022",0.761158092120149,50.09,-120.45,NA,NA
"AAFC6","Plymouth 2022",0.72636125244651,50.09,-120.75,NA,NA
"AAFC8","Plymouth 2022",0.75302776775366,49.57,-120.55,NA,NA
"AAFC9","Plymouth 2022",0.747701166630397,49.62,-119.8,NA,NA
"AAFC10","Plymouth 2022",0.747835565881634,49.71,-120.05,NA,NA
"Adler5","Plymouth 2022",0.773898072325281,40.79,-111.87,NA,NA
"Schupp2","Plymouth 2022",0.730430518958598,40.2,-112.46,NA,NA
"Schupp1","Plymouth 2022",0.730223811777843,39.85,-112.15,NA,NA
"Adler13","Plymouth 2022",0.733248440833929,41.44,-111.08,NA,NA
"Adler16","Plymouth 2022",0.724870676255291,41.78,-110.2,NA,NA
"Adler17","Plymouth 2022",0.725082261478984,41.44,-110.11,NA,NA
"Adler18","Plymouth 2022",0.749797400061087,40.86,-114.22,NA,NA
"Barnett1","Plymouth 2022",0.762480711298398,43.48,-110.74,NA,NA
"Baughman3","Plymouth 2022",0.750571454272081,42.81,-118.96,NA,NA
"Baughman2","Plymouth 2022",0.757872752225412,43.05,-118.87,NA,NA
"Chynoweth1","Plymouth 2022",0.732439709692294,39.76604,-109.5635,NA,NA
"Board1","Plymouth 2022",0.764358165225006,38.84,-117.57,NA,NA
"Bradford1","Plymouth 2022",0.763827931558687,35.23,-111.62,NA,NA
"Chambers1","Plymouth 2022",0.825877606818638,39.55,-119.58,NA,NA
"Chambers2","Plymouth 2022",0.820142990123855,39.95,-118.76,NA,NA
"Urza1","Plymouth 2022",0.820339874774345,40.35,-119.34,NA,NA
"Chambers4","Plymouth 2022",0.820200782192697,41.31,-117.63,NA,NA
"Chambers5","Plymouth 2022",0.802617453575736,41.54,-117.75,NA,NA
"Chambers6","Plymouth 2022",0.8027380600034,41.54,-117.78,NA,NA
"Chambers7","Plymouth 2022",0.75552480464371,43.94,-116.19,NA,NA
"Chambers8","Plymouth 2022",0.741936248646656,42.24,-114.57,NA,NA
"Chambers9","Plymouth 2022",0.732551975234938,40.66,-116.73,NA,NA
"Copeland1","Plymouth 2022",0.732551038448501,43.7,-117.33,NA,NA
"Copeland5","Plymouth 2022",0.778870381002179,42.27,-118.71,NA,NA
"Copeland9","Plymouth 2022",0.725096658071664,43.47,-119.68,NA,NA
"Downs1","Plymouth 2022",0.719051001101523,46.38145,-119.430272,NA,NA
"Downs2","Plymouth 2022",0.768540305009877,46.25045,-119.53334,NA,NA
"Downs3","Plymouth 2022",0.750088955873927,45.9663,-120.3671,NA,NA
"Fleishman1","Plymouth 2022",0.74635790598323,38.47,-119.49,NA,NA
"Fleishman5","Plymouth 2022",0.714721564186901,39.12,-117.27,NA,NA
"Fleishman7","Plymouth 2022",0.764133504119058,39.17,-117.44,NA,NA
"Getts1","Plymouth 2022",0.769154980583917,41.17,-120.5,NA,NA
"Getts3","Plymouth 2022",0.774451297766611,40.43,-120.67,NA,NA
"Holdrege1","Plymouth 2022",0.762224659152733,41.61,-111.57,NA,NA
"Hufft1","Plymouth 2022",0.712495122239586,38.6701,-108.3286,NA,NA
"Lavin1","Plymouth 2022",0.739454922393526,44.68,-109.07,NA,NA
"Lavin2","Plymouth 2022",0.750352168017557,45.67,-111.03,NA,NA
"Lee1","Plymouth 2022",0.82020540234002,36.82340833,-116.0163889,NA,NA
"Lee2","Plymouth 2022",0.793812073981304,35.3984,-115.7845,NA,NA
"Lee3","Plymouth 2022",0.820114400742809,36.5247,-115.8987,NA,NA
"Lee4","Plymouth 2022",0.771371154606923,35.4564,-115.52,NA,NA
"Leger1","Plymouth 2022",0.772790048372086,39.49,-119.84,NA,NA
"Maron1","Plymouth 2022",0.738862717348607,46.68,-114.03,NA,NA
"Maron2","Plymouth 2022",0.724825171007114,46.64,-113.23,NA,NA
"Porensky30","Plymouth 2022",0.737714711336166,40.63,-105.27,NA,NA
"Pyke3","Plymouth 2022",0.78106531636024,44.60456358,-120.1924183,NA,NA
"Pyke8","Plymouth 2022",0.702828779672788,46.74830998,-119.361636,NA,NA
"Pyke21","Plymouth 2022",0.745998165428702,47.61803776,-119.6830115,NA,NA
"Pyle1","Plymouth 2022",0.824220173278455,42.35,-118.65,NA,NA
"Pyle9","Plymouth 2022",0.724811451443122,43.42,-119.62,NA,NA
"Pyle10","Plymouth 2022",0.714858961229248,43.19,-120,NA,NA
"Pyle15","Plymouth 2022",0.774243384805043,43.8,-119,NA,NA
"Pyle17","Plymouth 2022",0.753006398509626,44.36,-118.93,NA,NA
"Pyle19","Plymouth 2022",0.711505972326855,44.57,-119.65,NA,NA
"Reed1","Plymouth 2022",0.735476626566941,38.52,-109.47,NA,NA
"Reed3","Plymouth 2022",0.723320436954183,38.75,-109.79,NA,NA
"Schupp3","Plymouth 2022",0.725438141881401,38.6,-113.79,NA,NA
"Schupp4","Plymouth 2022",0.732391869084216,38.52,-113.55,NA,NA
"Schupp5","Plymouth 2022",0.735955591515674,39.11,-112.74,NA,NA
"Symstad1","Plymouth 2022",0.731424300439574,44.59,-104.71,NA,NA
"Symstad2","Plymouth 2022",0.715593226675709,43.87,-103.46,NA,NA
"Symstad3","Plymouth 2022",0.747194643814227,43.62,-103.47,NA,NA
"Urza2","Plymouth 2022",0.776068552511577,40.84,-119.56,NA,NA
"Wilcox2","Plymouth 2022",0.704676071618814,41.31,-105.66,NA,NA
"Chynoweth2","Plymouth 2022",0.715128877365447,40.29092,-109.68361,NA,NA
"Chynoweth3","Plymouth 2022",0.704961298580272,39.83576,-109.61202,NA,NA
"Chynoweth5","Plymouth 2022",0.736756676594651,40.480805,-109.438229,NA,NA
"Chynoweth7","Plymouth 2022",0.732913171608936,40.533605,-109.523564,NA,NA
"Chynoweth8","Plymouth 2022",0.714703307276629,40.640878,-109.48689,NA,NA
"Shriver2","Plymouth 2022",0.762456883708387,48,-114.04,NA,NA
"Davies03","Plymouth 2022",0.764128336221751,42.68,-118.68,NA,NA
"GerminoBOP1","Plymouth 2022",0.741410828033959,43.4720833,-116.2338306,NA,NA
"Mancillas01","Plymouth 2022",0.716681596423512,32.368,-106.56,NA,NA
"Boise_High 2022","Plymouth 2022",0.928861805677902,NA,NA,NA,NA
"Boise_Low 2022","Plymouth 2022",0.960339764267425,NA,NA,NA,NA
"CG PASTURE 2022","Plymouth 2022",0.879734018866794,NA,NA,NA,NA
"CaseAoyamaS1 2022","Plymouth 2022",0.93744827805528,NA,NA,NA,NA
"CastValley 2021","Plymouth 2022",0.894856788026247,NA,NA,NA,NA
"EOARC 2022","Plymouth 2022",0.93473223144809,NA,NA,NA,NA
"EnsingS1 SuRDC 2022","Plymouth 2022",0.888213974611773,NA,NA,NA,NA
"EnsingS2 Summerland-Princeton 2022","Plymouth 2022",0.90372031208989,NA,NA,NA,NA
"EnsingS3 Bear Creek 2022","Plymouth 2022",0.940320838373785,NA,NA,NA,NA
"EnsingS4 Lundbom 2022","Plymouth 2022",0.84187566511433,NA,NA,NA,NA
"FAR NORTH CPER 2022","Plymouth 2022",0.899443606159701,NA,NA,NA,NA
"FtK_Cottonwood_Coulee 2021","Plymouth 2022",0.872948476393677,NA,NA,NA,NA
"FtK_Lone_Pine 2021","Plymouth 2022",0.874194296862218,NA,NA,NA,NA
"GoeblS1 2024","Plymouth 2022",0.944990065852166,NA,NA,NA,NA
"GreenCanyon 2021","Plymouth 2022",0.894552676967324,NA,NA,NA,NA
"HPGRS AGCR 2022","Plymouth 2022",0.882623938494474,NA,NA,NA,NA
"HardwareRanch 2022","Plymouth 2022",0.873076593884917,NA,NA,NA,NA
"K1_vanDiepen 2022","Plymouth 2022",0.823140034661888,NA,NA,NA,NA
"L1_vanDiepen 2022","Plymouth 2022",0.859329171281018,NA,NA,NA,NA
"MPG_IR 2021","Plymouth 2022",0.847069855722714,NA,NA,NA,NA
"MPG_SR 2021","Plymouth 2022",0.849538876725896,NA,NA,NA,NA
"MPG_TH 2021","Plymouth 2022",0.848480104206487,NA,NA,NA,NA
"NEAR 4WAY CPER 2022","Plymouth 2022",0.901387146177265,NA,NA,NA,NA
"NEAR HQ CPER 2022","Plymouth 2022",0.899198528470223,NA,NA,NA,NA
"NEAR NUTNET 2022","Plymouth 2022",0.900072011235313,NA,NA,NA,NA
"OttS1 2022","Plymouth 2022",0.887456541627854,NA,NA,NA,NA
"PMR- Brome 2021","Plymouth 2022",0.891597148667722,NA,NA,NA,NA
"Pearlwise 2024","Plymouth 2022",0.941563514407336,NA,NA,NA,NA
"Peavine 2022","Plymouth 2022",0.968058858547796,NA,NA,NA,NA
"Plymouth 2022","Plymouth 2022",0.999999999999999,NA,NA,NA,NA
"RedBluff 2023","Plymouth 2022",0.872790794497421,NA,NA,NA,NA
"Rush_Valley 2022","Plymouth 2022",0.927181312521555,NA,NA,NA,NA
"SSHQ 2022","Plymouth 2022",0.84131280205985,NA,NA,NA,NA
"SSHigh 2022","Plymouth 2022",0.825262101418393,NA,NA,NA,NA
"SouthEden 2022","Plymouth 2022",0.851964177887631,NA,NA,NA,NA
"Symstad1 2021","Plymouth 2022",0.867188128626935,NA,NA,NA,NA
"Symstad2 2022","Plymouth 2022",0.86839150657281,NA,NA,NA,NA
"TB FIRE 2022","Plymouth 2022",0.891269856207952,NA,NA,NA,NA
"TB LC Control 2022","Plymouth 2022",0.891457367319263,NA,NA,NA,NA
"TB PRAIRIE DOG 2022","Plymouth 2022",0.891371151088412,NA,NA,NA,NA
"Woodruff 2022","Plymouth 2022",0.850104728828942,NA,NA,NA,NA
"dino 2024","Plymouth 2022",0.860706436967117,NA,NA,NA,NA
"AAFC4","RedBluff 2023",0.782979226592989,50.08,-120.65,NA,NA
"AAFC5","RedBluff 2023",0.810692036718292,50.09,-120.45,NA,NA
"AAFC6","RedBluff 2023",0.768298297440605,50.09,-120.75,NA,NA
"AAFC8","RedBluff 2023",0.80275501041234,49.57,-120.55,NA,NA
"AAFC9","RedBluff 2023",0.789019800275789,49.62,-119.8,NA,NA
"AAFC10","RedBluff 2023",0.78913966386262,49.71,-120.05,NA,NA
"Adler5","RedBluff 2023",0.795608050307019,40.79,-111.87,NA,NA
"Schupp2","RedBluff 2023",0.774915221426325,40.2,-112.46,NA,NA
"Schupp1","RedBluff 2023",0.768985258057521,39.85,-112.15,NA,NA
"Adler13","RedBluff 2023",0.772549373077726,41.44,-111.08,NA,NA
"Adler16","RedBluff 2023",0.794458504227185,41.78,-110.2,NA,NA
"Adler17","RedBluff 2023",0.79471010552716,41.44,-110.11,NA,NA
"Adler18","RedBluff 2023",0.781235939155625,40.86,-114.22,NA,NA
"Barnett1","RedBluff 2023",0.797770450344399,43.48,-110.74,NA,NA
"Baughman3","RedBluff 2023",0.79450434963597,42.81,-118.96,NA,NA
"Baughman2","RedBluff 2023",0.774476912133493,43.05,-118.87,NA,NA
"Chynoweth1","RedBluff 2023",0.778277128441716,39.76604,-109.5635,NA,NA
"Board1","RedBluff 2023",0.814877438081358,38.84,-117.57,NA,NA
"Bradford1","RedBluff 2023",0.814277592771911,35.23,-111.62,NA,NA
"Chambers1","RedBluff 2023",0.70602890642231,39.55,-119.58,NA,NA
"Chambers2","RedBluff 2023",0.699765056459564,39.95,-118.76,NA,NA
"Urza1","RedBluff 2023",0.69992057513316,40.35,-119.34,NA,NA
"Chambers4","RedBluff 2023",0.699713392770587,41.31,-117.63,NA,NA
"Chambers5","RedBluff 2023",0.694270151017675,41.54,-117.75,NA,NA
"Chambers6","RedBluff 2023",0.694256139453845,41.54,-117.78,NA,NA
"Chambers7","RedBluff 2023",0.791023375666793,43.94,-116.19,NA,NA
"Chambers8","RedBluff 2023",0.782899154851385,42.24,-114.57,NA,NA
"Chambers9","RedBluff 2023",0.778333898147243,40.66,-116.73,NA,NA
"Copeland1","RedBluff 2023",0.778361640316068,43.7,-117.33,NA,NA
"Copeland5","RedBluff 2023",0.812979989763129,42.27,-118.71,NA,NA
"Copeland9","RedBluff 2023",0.79475334740975,43.47,-119.68,NA,NA
"Downs1","RedBluff 2023",0.756064725463651,46.38145,-119.430272,NA,NA
"Downs2","RedBluff 2023",0.77910967993408,46.25045,-119.53334,NA,NA
"Downs3","RedBluff 2023",0.712939516835833,45.9663,-120.3671,NA,NA
"Fleishman1","RedBluff 2023",0.794088838166156,38.47,-119.49,NA,NA
"Fleishman5","RedBluff 2023",0.75438068988764,39.12,-117.27,NA,NA
"Fleishman7","RedBluff 2023",0.810881918861971,39.17,-117.44,NA,NA
"Getts1","RedBluff 2023",0.739135099001813,41.17,-120.5,NA,NA
"Getts3","RedBluff 2023",0.821653393834677,40.43,-120.67,NA,NA
"Holdrege1","RedBluff 2023",0.797483255962693,41.61,-111.57,NA,NA
"Hufft1","RedBluff 2023",0.75080220070864,38.6701,-108.3286,NA,NA
"Lavin1","RedBluff 2023",0.78345193776877,44.68,-109.07,NA,NA
"Lavin2","RedBluff 2023",0.796982943698399,45.67,-111.03,NA,NA
"Lee1","RedBluff 2023",0.699782087160658,36.82340833,-116.0163889,NA,NA
"Lee2","RedBluff 2023",0.687834401620213,35.3984,-115.7845,NA,NA
"Lee3","RedBluff 2023",0.699631010411101,36.5247,-115.8987,NA,NA
"Lee4","RedBluff 2023",0.69421153423821,35.4564,-115.52,NA,NA
"Leger1","RedBluff 2023",0.732835724362408,39.49,-119.84,NA,NA
"Maron1","RedBluff 2023",0.781367546509935,46.68,-114.03,NA,NA
"Maron2","RedBluff 2023",0.794432904484624,46.64,-113.23,NA,NA
"Porensky30","RedBluff 2023",0.781608525790203,40.63,-105.27,NA,NA
"Pyke3","RedBluff 2023",0.818408167393757,44.60456358,-120.1924183,NA,NA
"Pyke8","RedBluff 2023",0.729650164228714,46.74830998,-119.361636,NA,NA
"Pyke21","RedBluff 2023",0.789580706944034,47.61803776,-119.6830115,NA,NA
"Pyle1","RedBluff 2023",0.887962020108537,42.35,-118.65,NA,NA
"Pyle9","RedBluff 2023",0.794397765872794,43.42,-119.62,NA,NA
"Pyle10","RedBluff 2023",0.754518959113678,43.19,-120,NA,NA
"Pyle15","RedBluff 2023",0.815491253666259,43.8,-119,NA,NA
"Pyle17","RedBluff 2023",0.792371473813918,44.36,-118.93,NA,NA
"Pyle19","RedBluff 2023",0.752583738334969,44.57,-119.65,NA,NA
"Reed1","RedBluff 2023",0.767973210281529,38.52,-109.47,NA,NA
"Reed3","RedBluff 2023",0.769076783537115,38.75,-109.79,NA,NA
"Schupp3","RedBluff 2023",0.761128823740646,38.6,-113.79,NA,NA
"Schupp4","RedBluff 2023",0.778157752458607,38.52,-113.55,NA,NA
"Schupp5","RedBluff 2023",0.7836231595468,39.11,-112.74,NA,NA
"Symstad1","RedBluff 2023",0.770653900061518,44.59,-104.71,NA,NA
"Symstad2","RedBluff 2023",0.760338113133052,43.87,-103.46,NA,NA
"Symstad3","RedBluff 2023",0.796756146775031,43.62,-103.47,NA,NA
"Urza2","RedBluff 2023",0.818838124175106,40.84,-119.56,NA,NA
"Wilcox2","RedBluff 2023",0.740945364664154,41.31,-105.66,NA,NA
"Chynoweth2","RedBluff 2023",0.754820916534266,40.29092,-109.68361,NA,NA
"Chynoweth3","RedBluff 2023",0.741311639917444,39.83576,-109.61202,NA,NA
"Chynoweth5","RedBluff 2023",0.776451657348533,40.480805,-109.438229,NA,NA
"Chynoweth7","RedBluff 2023",0.778833136683894,40.533605,-109.523564,NA,NA
"Chynoweth8","RedBluff 2023",0.754359117159615,40.640878,-109.48689,NA,NA
"Shriver2","RedBluff 2023",0.797774298109844,48,-114.04,NA,NA
"Davies03","RedBluff 2023",0.814573091355169,42.68,-118.68,NA,NA
"GerminoBOP1","RedBluff 2023",0.7862744936286,43.4720833,-116.2338306,NA,NA
"Mancillas01","RedBluff 2023",0.758966166367273,32.368,-106.56,NA,NA
"Boise_High 2022","RedBluff 2023",0.936686742640676,NA,NA,NA,NA
"Boise_Low 2022","RedBluff 2023",0.865992254742185,NA,NA,NA,NA
"CG PASTURE 2022","RedBluff 2023",0.982399749464996,NA,NA,NA,NA
"CaseAoyamaS1 2022","RedBluff 2023",0.935225356135712,NA,NA,NA,NA
"CastValley 2021","RedBluff 2023",0.847299621298481,NA,NA,NA,NA
"EOARC 2022","RedBluff 2023",0.937910880883415,NA,NA,NA,NA
"EnsingS1 SuRDC 2022","RedBluff 2023",0.970515332208224,NA,NA,NA,NA
"EnsingS2 Summerland-Princeton 2022","RedBluff 2023",0.941264206486794,NA,NA,NA,NA
"EnsingS3 Bear Creek 2022","RedBluff 2023",0.917493584429772,NA,NA,NA,NA
"EnsingS4 Lundbom 2022","RedBluff 2023",0.953332798806876,NA,NA,NA,NA
"FAR NORTH CPER 2022","RedBluff 2023",0.955181256081737,NA,NA,NA,NA
"FtK_Cottonwood_Coulee 2021","RedBluff 2023",0.946792924426315,NA,NA,NA,NA
"FtK_Lone_Pine 2021","RedBluff 2023",0.942557406188422,NA,NA,NA,NA
"GoeblS1 2024","RedBluff 2023",0.918246638744298,NA,NA,NA,NA
"GreenCanyon 2021","RedBluff 2023",0.958427108244707,NA,NA,NA,NA
"HPGRS AGCR 2022","RedBluff 2023",0.980189609582944,NA,NA,NA,NA
"HardwareRanch 2022","RedBluff 2023",0.971268863172128,NA,NA,NA,NA
"K1_vanDiepen 2022","RedBluff 2023",0.951220052868208,NA,NA,NA,NA
"L1_vanDiepen 2022","RedBluff 2023",0.977615172569558,NA,NA,NA,NA
"MPG_IR 2021","RedBluff 2023",0.969166454219958,NA,NA,NA,NA
"MPG_SR 2021","RedBluff 2023",0.970621886346477,NA,NA,NA,NA
"MPG_TH 2021","RedBluff 2023",0.969973515575329,NA,NA,NA,NA
"NEAR 4WAY CPER 2022","RedBluff 2023",0.950703932275477,NA,NA,NA,NA
"NEAR HQ CPER 2022","RedBluff 2023",0.956919723458542,NA,NA,NA,NA
"NEAR NUTNET 2022","RedBluff 2023",0.954022626736833,NA,NA,NA,NA
"OttS1 2022","RedBluff 2023",0.970270150483459,NA,NA,NA,NA
"PMR- Brome 2021","RedBluff 2023",0.978792837805658,NA,NA,NA,NA
"Pearlwise 2024","RedBluff 2023",0.930495637597557,NA,NA,NA,NA
"Peavine 2022","RedBluff 2023",0.890574544327212,NA,NA,NA,NA
"Plymouth 2022","RedBluff 2023",0.872790794497421,NA,NA,NA,NA
"RedBluff 2023","RedBluff 2023",1,NA,NA,NA,NA
"Rush_Valley 2022","RedBluff 2023",0.92299690349822,NA,NA,NA,NA
"SSHQ 2022","RedBluff 2023",0.9490441316119,NA,NA,NA,NA
"SSHigh 2022","RedBluff 2023",0.95001662246347,NA,NA,NA,NA
"SouthEden 2022","RedBluff 2023",0.966373698113436,NA,NA,NA,NA
"Symstad1 2021","RedBluff 2023",0.971008124568402,NA,NA,NA,NA
"Symstad2 2022","RedBluff 2023",0.968883852613551,NA,NA,NA,NA
"TB FIRE 2022","RedBluff 2023",0.954217917607193,NA,NA,NA,NA
"TB LC Control 2022","RedBluff 2023",0.952918148684199,NA,NA,NA,NA
"TB PRAIRIE DOG 2022","RedBluff 2023",0.953306923937069,NA,NA,NA,NA
"Woodruff 2022","RedBluff 2023",0.961646653792495,NA,NA,NA,NA
"dino 2024","RedBluff 2023",0.898821915275477,NA,NA,NA,NA
"AAFC4","Rush_Valley 2022",0.763845117498831,50.08,-120.65,NA,NA
"AAFC5","Rush_Valley 2022",0.777129407032674,50.09,-120.45,NA,NA
"AAFC6","Rush_Valley 2022",0.76338194771046,50.09,-120.75,NA,NA
"AAFC8","Rush_Valley 2022",0.783971794467591,49.57,-120.55,NA,NA
"AAFC9","Rush_Valley 2022",0.764092180708996,49.62,-119.8,NA,NA
"AAFC10","Rush_Valley 2022",0.764268415692888,49.71,-120.05,NA,NA
"Adler5","Rush_Valley 2022",0.787762349233127,40.79,-111.87,NA,NA
"Schupp2","Rush_Valley 2022",0.76764398005239,40.2,-112.46,NA,NA
"Schupp1","Rush_Valley 2022",0.76977687426899,39.85,-112.15,NA,NA
"Adler13","Rush_Valley 2022",0.789206764540206,41.44,-111.08,NA,NA
"Adler16","Rush_Valley 2022",0.758894742510746,41.78,-110.2,NA,NA
"Adler17","Rush_Valley 2022",0.759125846794227,41.44,-110.11,NA,NA
"Adler18","Rush_Valley 2022",0.784598010974812,40.86,-114.22,NA,NA
"Barnett1","Rush_Valley 2022",0.782083251487466,43.48,-110.74,NA,NA
"Baughman3","Rush_Valley 2022",0.771978497655836,42.81,-118.96,NA,NA
"Baughman2","Rush_Valley 2022",0.784458989860759,43.05,-118.87,NA,NA
"Chynoweth1","Rush_Valley 2022",0.79814804552832,39.76604,-109.5635,NA,NA
"Board1","Rush_Valley 2022",0.765360566431509,38.84,-117.57,NA,NA
"Bradford1","Rush_Valley 2022",0.764783917298767,35.23,-111.62,NA,NA
"Chambers1","Rush_Valley 2022",0.775789039880646,39.55,-119.58,NA,NA
"Chambers2","Rush_Valley 2022",0.768013038968206,39.95,-118.76,NA,NA
"Urza1","Rush_Valley 2022",0.768188201143163,40.35,-119.34,NA,NA
"Chambers4","Rush_Valley 2022",0.768003690649566,41.31,-117.63,NA,NA
"Chambers5","Rush_Valley 2022",0.757181178324679,41.54,-117.75,NA,NA
"Chambers6","Rush_Valley 2022",0.757236026760448,41.54,-117.78,NA,NA
"Chambers7","Rush_Valley 2022",0.789469085342536,43.94,-116.19,NA,NA
"Chambers8","Rush_Valley 2022",0.778505166987856,42.24,-114.57,NA,NA
"Chambers9","Rush_Valley 2022",0.798239220298956,40.66,-116.73,NA,NA
"Copeland1","Rush_Valley 2022",0.798240686580294,43.7,-117.33,NA,NA
"Copeland5","Rush_Valley 2022",0.786987263129702,42.27,-118.71,NA,NA
"Copeland9","Rush_Valley 2022",0.75916313219047,43.47,-119.68,NA,NA
"Downs1","Rush_Valley 2022",0.751667840802096,46.38145,-119.430272,NA,NA
"Downs2","Rush_Valley 2022",0.77760603219537,46.25045,-119.53334,NA,NA
"Downs3","Rush_Valley 2022",0.735811949032559,45.9663,-120.3671,NA,NA
"Fleishman1","Rush_Valley 2022",0.786427643359916,38.47,-119.49,NA,NA
"Fleishman5","Rush_Valley 2022",0.764983553832301,39.12,-117.27,NA,NA
"Fleishman7","Rush_Valley 2022",0.768883674459307,39.17,-117.44,NA,NA
"Getts1","Rush_Valley 2022",0.759346404590738,41.17,-120.5,NA,NA
"Getts3","Rush_Valley 2022",0.791106697311137,40.43,-120.67,NA,NA
"Holdrege1","Rush_Valley 2022",0.781816320716093,41.61,-111.57,NA,NA
"Hufft1","Rush_Valley 2022",0.750311030573899,38.6701,-108.3286,NA,NA
"Lavin1","Rush_Valley 2022",0.779331389903093,44.68,-109.07,NA,NA
"Lavin2","Rush_Valley 2022",0.769446512457872,45.67,-111.03,NA,NA
"Lee1","Rush_Valley 2022",0.768058450309962,36.82340833,-116.0163889,NA,NA
"Lee2","Rush_Valley 2022",0.751559612780035,35.3984,-115.7845,NA,NA
"Lee3","Rush_Valley 2022",0.767907101694321,36.5247,-115.8987,NA,NA
"Lee4","Rush_Valley 2022",0.733159525848072,35.4564,-115.52,NA,NA
"Leger1","Rush_Valley 2022",0.746955941404202,39.49,-119.84,NA,NA
"Maron1","Rush_Valley 2022",0.780120190273625,46.68,-114.03,NA,NA
"Maron2","Rush_Valley 2022",0.758845861636449,46.64,-113.23,NA,NA
"Porensky30","Rush_Valley 2022",0.756558185612288,40.63,-105.27,NA,NA
"Pyke3","Rush_Valley 2022",0.79385695516036,44.60456358,-120.1924183,NA,NA
"Pyke8","Rush_Valley 2022",0.73490826076049,46.74830998,-119.361636,NA,NA
"Pyke21","Rush_Valley 2022",0.77588176552888,47.61803776,-119.6830115,NA,NA
"Pyle1","Rush_Valley 2022",0.872665581269943,42.35,-118.65,NA,NA
"Pyle9","Rush_Valley 2022",0.758831986348528,43.42,-119.62,NA,NA
"Pyle10","Rush_Valley 2022",0.765147780253718,43.19,-120,NA,NA
"Pyle15","Rush_Valley 2022",0.788420217650861,43.8,-119,NA,NA
"Pyle17","Rush_Valley 2022",0.767924126317006,44.36,-118.93,NA,NA
"Pyle19","Rush_Valley 2022",0.750717616984487,44.57,-119.65,NA,NA
"Reed1","Rush_Valley 2022",0.775176782832169,38.52,-109.47,NA,NA
"Reed3","Rush_Valley 2022",0.76703993347821,38.75,-109.79,NA,NA
"Schupp3","Rush_Valley 2022",0.766837107342285,38.6,-113.79,NA,NA
"Schupp4","Rush_Valley 2022",0.798067733818267,38.52,-113.55,NA,NA
"Schupp5","Rush_Valley 2022",0.789957052598077,39.11,-112.74,NA,NA
"Symstad1","Rush_Valley 2022",0.761119266605041,44.59,-104.71,NA,NA
"Symstad2","Rush_Valley 2022",0.746256639984055,43.87,-103.46,NA,NA
"Symstad3","Rush_Valley 2022",0.787271330349046,43.62,-103.47,NA,NA
"Urza2","Rush_Valley 2022",0.804255827674735,40.84,-119.56,NA,NA
"Wilcox2","Rush_Valley 2022",0.744879893025426,41.31,-105.66,NA,NA
"Chynoweth2","Rush_Valley 2022",0.76544662237418,40.29092,-109.68361,NA,NA
"Chynoweth3","Rush_Valley 2022",0.745216211341991,39.83576,-109.61202,NA,NA
"Chynoweth5","Rush_Valley 2022",0.787049900185797,40.480805,-109.438229,NA,NA
"Chynoweth7","Rush_Valley 2022",0.798660514577837,40.533605,-109.523564,NA,NA
"Chynoweth8","Rush_Valley 2022",0.764964506303415,40.640878,-109.48689,NA,NA
"Shriver2","Rush_Valley 2022",0.78207619965151,48,-114.04,NA,NA
"Davies03","Rush_Valley 2022",0.765084784168075,42.68,-118.68,NA,NA
"GerminoBOP1","Rush_Valley 2022",0.801775030449822,43.4720833,-116.2338306,NA,NA
"Mancillas01","Rush_Valley 2022",0.759000346581239,32.368,-106.56,NA,NA
"Boise_High 2022","Rush_Valley 2022",0.937926451289864,NA,NA,NA,NA
"Boise_Low 2022","Rush_Valley 2022",0.934980291462441,NA,NA,NA,NA
"CG PASTURE 2022","Rush_Valley 2022",0.932610961880786,NA,NA,NA,NA
"CaseAoyamaS1 2022","Rush_Valley 2022",0.956056301147875,NA,NA,NA,NA
"CastValley 2021","Rush_Valley 2022",0.92914161843961,NA,NA,NA,NA
"EOARC 2022","Rush_Valley 2022",0.953352864571367,NA,NA,NA,NA
"EnsingS1 SuRDC 2022","Rush_Valley 2022",0.945769358911801,NA,NA,NA,NA
"EnsingS2 Summerland-Princeton 2022","Rush_Valley 2022",0.916002253029483,NA,NA,NA,NA
"EnsingS3 Bear Creek 2022","Rush_Valley 2022",0.935731638326774,NA,NA,NA,NA
"EnsingS4 Lundbom 2022","Rush_Valley 2022",0.880435141663273,NA,NA,NA,NA
"FAR NORTH CPER 2022","Rush_Valley 2022",0.957167298206388,NA,NA,NA,NA
"FtK_Cottonwood_Coulee 2021","Rush_Valley 2022",0.937311026014081,NA,NA,NA,NA
"FtK_Lone_Pine 2021","Rush_Valley 2022",0.938737091243222,NA,NA,NA,NA
"GoeblS1 2024","Rush_Valley 2022",0.964219689746531,NA,NA,NA,NA
"GreenCanyon 2021","Rush_Valley 2022",0.958956084666322,NA,NA,NA,NA
"HPGRS AGCR 2022","Rush_Valley 2022",0.935587284878929,NA,NA,NA,NA
"HardwareRanch 2022","Rush_Valley 2022",0.92783792480814,NA,NA,NA,NA
"K1_vanDiepen 2022","Rush_Valley 2022",0.879395184769751,NA,NA,NA,NA
"L1_vanDiepen 2022","Rush_Valley 2022",0.91999746895084,NA,NA,NA,NA
"MPG_IR 2021","Rush_Valley 2022",0.909111242039052,NA,NA,NA,NA
"MPG_SR 2021","Rush_Valley 2022",0.91245760396537,NA,NA,NA,NA
"MPG_TH 2021","Rush_Valley 2022",0.911079018920533,NA,NA,NA,NA
"NEAR 4WAY CPER 2022","Rush_Valley 2022",0.95996799257453,NA,NA,NA,NA
"NEAR HQ CPER 2022","Rush_Valley 2022",0.956550912441047,NA,NA,NA,NA
"NEAR NUTNET 2022","Rush_Valley 2022",0.957907920290759,NA,NA,NA,NA
"OttS1 2022","Rush_Valley 2022",0.945007452114092,NA,NA,NA,NA
"PMR- Brome 2021","Rush_Valley 2022",0.929081666690245,NA,NA,NA,NA
"Pearlwise 2024","Rush_Valley 2022",0.96591881825312,NA,NA,NA,NA
"Peavine 2022","Rush_Valley 2022",0.92425649659362,NA,NA,NA,NA
"Plymouth 2022","Rush_Valley 2022",0.927181312521555,NA,NA,NA,NA
"RedBluff 2023","Rush_Valley 2022",0.92299690349822,NA,NA,NA,NA
"Rush_Valley 2022","Rush_Valley 2022",0.999999999999999,NA,NA,NA,NA
"SSHQ 2022","Rush_Valley 2022",0.91350377305273,NA,NA,NA,NA
"SSHigh 2022","Rush_Valley 2022",0.891134694116735,NA,NA,NA,NA
"SouthEden 2022","Rush_Valley 2022",0.912268163371314,NA,NA,NA,NA
"Symstad1 2021","Rush_Valley 2022",0.930603293878808,NA,NA,NA,NA
"Symstad2 2022","Rush_Valley 2022",0.932558424380962,NA,NA,NA,NA
"TB FIRE 2022","Rush_Valley 2022",0.950351634450858,NA,NA,NA,NA
"TB LC Control 2022","Rush_Valley 2022",0.950767774458251,NA,NA,NA,NA
"TB PRAIRIE DOG 2022","Rush_Valley 2022",0.950581533543389,NA,NA,NA,NA
"Woodruff 2022","Rush_Valley 2022",0.917529316029784,NA,NA,NA,NA
"dino 2024","Rush_Valley 2022",0.937499434370799,NA,NA,NA,NA
"AAFC4","SSHQ 2022",0.77646934085632,50.08,-120.65,NA,NA
"AAFC5","SSHQ 2022",0.785090520499966,50.09,-120.45,NA,NA
"AAFC6","SSHQ 2022",0.772194767221297,50.09,-120.75,NA,NA
"AAFC8","SSHQ 2022",0.798713440386607,49.57,-120.55,NA,NA
"AAFC9","SSHQ 2022",0.767500126295718,49.62,-119.8,NA,NA
"AAFC10","SSHQ 2022",0.767660694357683,49.71,-120.05,NA,NA
"Adler5","SSHQ 2022",0.784114676316394,40.79,-111.87,NA,NA
"Schupp2","SSHQ 2022",0.780692753406583,40.2,-112.46,NA,NA
"Schupp1","SSHQ 2022",0.777188199971916,39.85,-112.15,NA,NA
"Adler13","SSHQ 2022",0.799271805425117,41.44,-111.08,NA,NA
"Adler16","SSHQ 2022",0.801526595327882,41.78,-110.2,NA,NA
"Adler17","SSHQ 2022",0.801755207241782,41.44,-110.11,NA,NA
"Adler18","SSHQ 2022",0.790409863635371,40.86,-114.22,NA,NA
"Barnett1","SSHQ 2022",0.788904536683376,43.48,-110.74,NA,NA
"Baughman3","SSHQ 2022",0.781829440415307,42.81,-118.96,NA,NA
"Baughman2","SSHQ 2022",0.779886707144336,43.05,-118.87,NA,NA
"Chynoweth1","SSHQ 2022",0.809652994699258,39.76604,-109.5635,NA,NA
"Board1","SSHQ 2022",0.768222011054531,38.84,-117.57,NA,NA
"Bradford1","SSHQ 2022",0.767629451888435,35.23,-111.62,NA,NA
"Chambers1","SSHQ 2022",0.681790241266498,39.55,-119.58,NA,NA
"Chambers2","SSHQ 2022",0.674941230682846,39.95,-118.76,NA,NA
"Urza1","SSHQ 2022",0.675094908237214,40.35,-119.34,NA,NA
"Chambers4","SSHQ 2022",0.674880560043839,41.31,-117.63,NA,NA
"Chambers5","SSHQ 2022",0.671131438065522,41.54,-117.75,NA,NA
"Chambers6","SSHQ 2022",0.671101603503945,41.54,-117.78,NA,NA
"Chambers7","SSHQ 2022",0.794197429741242,43.94,-116.19,NA,NA
"Chambers8","SSHQ 2022",0.789614917855035,42.24,-114.57,NA,NA
"Chambers9","SSHQ 2022",0.809698166167985,40.66,-116.73,NA,NA
"Copeland1","SSHQ 2022",0.809717746970365,43.7,-117.33,NA,NA
"Copeland5","SSHQ 2022",0.787143413234133,42.27,-118.71,NA,NA
"Copeland9","SSHQ 2022",0.801817161381669,43.47,-119.68,NA,NA
"Downs1","SSHQ 2022",0.762091384766173,46.38145,-119.430272,NA,NA
"Downs2","SSHQ 2022",0.76515227941511,46.25045,-119.53334,NA,NA
"Downs3","SSHQ 2022",0.706182154928208,45.9663,-120.3671,NA,NA
"Fleishman1","SSHQ 2022",0.804127846113828,38.47,-119.49,NA,NA
"Fleishman5","SSHQ 2022",0.778329644059947,39.12,-117.27,NA,NA
"Fleishman7","SSHQ 2022",0.773306916117696,39.17,-117.44,NA,NA
"Getts1","SSHQ 2022",0.730274133703057,41.17,-120.5,NA,NA
"Getts3","SSHQ 2022",0.80066517160415,40.43,-120.67,NA,NA
"Holdrege1","SSHQ 2022",0.788639004363637,41.61,-111.57,NA,NA
"Hufft1","SSHQ 2022",0.764939078783562,38.6701,-108.3286,NA,NA
"Lavin1","SSHQ 2022",0.790511102400341,44.68,-109.07,NA,NA
"Lavin2","SSHQ 2022",0.776218316311517,45.67,-111.03,NA,NA
"Lee1","SSHQ 2022",0.674950972152603,36.82340833,-116.0163889,NA,NA
"Lee2","SSHQ 2022",0.66591111016392,35.3984,-115.7845,NA,NA
"Lee3","SSHQ 2022",0.674777302131744,36.5247,-115.8987,NA,NA
"Lee4","SSHQ 2022",0.681318077251878,35.4564,-115.52,NA,NA
"Leger1","SSHQ 2022",0.711912779466098,39.49,-119.84,NA,NA
"Maron1","SSHQ 2022",0.786166879906733,46.68,-114.03,NA,NA
"Maron2","SSHQ 2022",0.801475903845089,46.64,-113.23,NA,NA
"Porensky30","SSHQ 2022",0.763112981249081,40.63,-105.27,NA,NA
"Pyke3","SSHQ 2022",0.797741515647827,44.60456358,-120.1924183,NA,NA
"Pyke8","SSHQ 2022",0.73970631404964,46.74830998,-119.361636,NA,NA
"Pyke21","SSHQ 2022",0.792932545307099,47.61803776,-119.6830115,NA,NA
"Pyle1","SSHQ 2022",0.889330620621829,42.35,-118.65,NA,NA
"Pyle9","SSHQ 2022",0.801453267010975,43.42,-119.62,NA,NA
"Pyle10","SSHQ 2022",0.778486811792705,43.19,-120,NA,NA
"Pyle15","SSHQ 2022",0.79479634493366,43.8,-119,NA,NA
"Pyle17","SSHQ 2022",0.772770597240537,44.36,-118.93,NA,NA
"Pyle19","SSHQ 2022",0.755503822809035,44.57,-119.65,NA,NA
"Reed1","SSHQ 2022",0.778685963503357,38.52,-109.47,NA,NA
"Reed3","SSHQ 2022",0.775575501796799,38.75,-109.79,NA,NA
"Schupp3","SSHQ 2022",0.774132698250312,38.6,-113.79,NA,NA
"Schupp4","SSHQ 2022",0.809515443428541,38.52,-113.55,NA,NA
"Schupp5","SSHQ 2022",0.800101693928541,39.11,-112.74,NA,NA
"Symstad1","SSHQ 2022",0.769356115673221,44.59,-104.71,NA,NA
"Symstad2","SSHQ 2022",0.758353524132017,43.87,-103.46,NA,NA
"Symstad3","SSHQ 2022",0.800828385415938,43.62,-103.47,NA,NA
"Urza2","SSHQ 2022",0.816696213859065,40.84,-119.56,NA,NA
"Wilcox2","SSHQ 2022",0.759214011977283,41.31,-105.66,NA,NA
"Chynoweth2","SSHQ 2022",0.778802871406818,40.29092,-109.68361,NA,NA
"Chynoweth3","SSHQ 2022",0.759580222003867,39.83576,-109.61202,NA,NA
"Chynoweth5","SSHQ 2022",0.799409972964847,40.480805,-109.438229,NA,NA
"Chynoweth7","SSHQ 2022",0.810208796941363,40.533605,-109.523564,NA,NA
"Chynoweth8","SSHQ 2022",0.778307515599143,40.640878,-109.48689,NA,NA
"Shriver2","SSHQ 2022",0.788917151684857,48,-114.04,NA,NA
"Davies03","SSHQ 2022",0.767911989523421,42.68,-118.68,NA,NA
"GerminoBOP1","SSHQ 2022",0.809209228804073,43.4720833,-116.2338306,NA,NA
"Mancillas01","SSHQ 2022",0.764379300677967,32.368,-106.56,NA,NA
"Boise_High 2022","SSHQ 2022",0.901927867149689,NA,NA,NA,NA
"Boise_Low 2022","SSHQ 2022",0.846329166634821,NA,NA,NA,NA
"CG PASTURE 2022","SSHQ 2022",0.951770248659312,NA,NA,NA,NA
"CaseAoyamaS1 2022","SSHQ 2022",0.907845496168703,NA,NA,NA,NA
"CastValley 2021","SSHQ 2022",0.85195306025111,NA,NA,NA,NA
"EOARC 2022","SSHQ 2022",0.909304587736303,NA,NA,NA,NA
"EnsingS1 SuRDC 2022","SSHQ 2022",0.950619011581794,NA,NA,NA,NA
"EnsingS2 Summerland-Princeton 2022","SSHQ 2022",0.897051006705443,NA,NA,NA,NA
"EnsingS3 Bear Creek 2022","SSHQ 2022",0.880449248957316,NA,NA,NA,NA
"EnsingS4 Lundbom 2022","SSHQ 2022",0.922585022423942,NA,NA,NA,NA
"FAR NORTH CPER 2022","SSHQ 2022",0.941160809574193,NA,NA,NA,NA
"FtK_Cottonwood_Coulee 2021","SSHQ 2022",0.955348476244214,NA,NA,NA,NA
"FtK_Lone_Pine 2021","SSHQ 2022",0.952173468918365,NA,NA,NA,NA
"GoeblS1 2024","SSHQ 2022",0.889156653126236,NA,NA,NA,NA
"GreenCanyon 2021","SSHQ 2022",0.951438486917401,NA,NA,NA,NA
"HPGRS AGCR 2022","SSHQ 2022",0.950635745851241,NA,NA,NA,NA
"HardwareRanch 2022","SSHQ 2022",0.957385586589087,NA,NA,NA,NA
"K1_vanDiepen 2022","SSHQ 2022",0.943612707845051,NA,NA,NA,NA
"L1_vanDiepen 2022","SSHQ 2022",0.969717428675996,NA,NA,NA,NA
"MPG_IR 2021","SSHQ 2022",0.961246954695423,NA,NA,NA,NA
"MPG_SR 2021","SSHQ 2022",0.963832608364323,NA,NA,NA,NA
"MPG_TH 2021","SSHQ 2022",0.962542390844695,NA,NA,NA,NA
"NEAR 4WAY CPER 2022","SSHQ 2022",0.938359230931548,NA,NA,NA,NA
"NEAR HQ CPER 2022","SSHQ 2022",0.941409497351897,NA,NA,NA,NA
"NEAR NUTNET 2022","SSHQ 2022",0.940192350839971,NA,NA,NA,NA
"OttS1 2022","SSHQ 2022",0.949973932763118,NA,NA,NA,NA
"PMR- Brome 2021","SSHQ 2022",0.929938023019425,NA,NA,NA,NA
"Pearlwise 2024","SSHQ 2022",0.907144124650575,NA,NA,NA,NA
"Peavine 2022","SSHQ 2022",0.853846153166912,NA,NA,NA,NA
"Plymouth 2022","SSHQ 2022",0.84131280205985,NA,NA,NA,NA
"RedBluff 2023","SSHQ 2022",0.9490441316119,NA,NA,NA,NA
"Rush_Valley 2022","SSHQ 2022",0.91350377305273,NA,NA,NA,NA
"SSHQ 2022","SSHQ 2022",1,NA,NA,NA,NA
"SSHigh 2022","SSHQ 2022",0.969828017753735,NA,NA,NA,NA
"SouthEden 2022","SSHQ 2022",0.971191217614081,NA,NA,NA,NA
"Symstad1 2021","SSHQ 2022",0.961100977252972,NA,NA,NA,NA
"Symstad2 2022","SSHQ 2022",0.961033555032446,NA,NA,NA,NA
"TB FIRE 2022","SSHQ 2022",0.948316468061506,NA,NA,NA,NA
"TB LC Control 2022","SSHQ 2022",0.947761139747933,NA,NA,NA,NA
"TB PRAIRIE DOG 2022","SSHQ 2022",0.947962067835471,NA,NA,NA,NA
"Woodruff 2022","SSHQ 2022",0.986038010675169,NA,NA,NA,NA
"dino 2024","SSHQ 2022",0.927931614898649,NA,NA,NA,NA
"AAFC4","SSHigh 2022",0.775146070040219,50.08,-120.65,NA,NA
"AAFC5","SSHigh 2022",0.792417985452476,50.09,-120.45,NA,NA
"AAFC6","SSHigh 2022",0.763042025523798,50.09,-120.75,NA,NA
"AAFC8","SSHigh 2022",0.796888366964712,49.57,-120.55,NA,NA
"AAFC9","SSHigh 2022",0.772047849030927,49.62,-119.8,NA,NA
"AAFC10","SSHigh 2022",0.772190253795787,49.71,-120.05,NA,NA
"Adler5","SSHigh 2022",0.78668053603744,40.79,-111.87,NA,NA
"Schupp2","SSHigh 2022",0.77199629912056,40.2,-112.46,NA,NA
"Schupp1","SSHigh 2022",0.763397618916128,39.85,-112.15,NA,NA
"Adler13","SSHigh 2022",0.785617750286676,41.44,-111.08,NA,NA
"Adler16","SSHigh 2022",0.798023855339911,41.78,-110.2,NA,NA
"Adler17","SSHigh 2022",0.798246770495091,41.44,-110.11,NA,NA
"Adler18","SSHigh 2022",0.78289952649192,40.86,-114.22,NA,NA
"Barnett1","SSHigh 2022",0.796375823841722,43.48,-110.74,NA,NA
"Baughman3","SSHigh 2022",0.783330686119425,42.81,-118.96,NA,NA
"Baughman2","SSHigh 2022",0.769023338250793,43.05,-118.87,NA,NA
"Chynoweth1","SSHigh 2022",0.79890200469118,39.76604,-109.5635,NA,NA
"Board1","SSHigh 2022",0.78997864645668,38.84,-117.57,NA,NA
"Bradford1","SSHigh 2022",0.789398906506615,35.23,-111.62,NA,NA
"Chambers1","SSHigh 2022",0.656810531156728,39.55,-119.58,NA,NA
"Chambers2","SSHigh 2022",0.64977497670051,39.95,-118.76,NA,NA
"Urza1","SSHigh 2022",0.649920606317943,40.35,-119.34,NA,NA
"Chambers4","SSHigh 2022",0.649703355737208,41.31,-117.63,NA,NA
"Chambers5","SSHigh 2022",0.647810803357196,41.54,-117.75,NA,NA
"Chambers6","SSHigh 2022",0.647765296090429,41.54,-117.78,NA,NA
"Chambers7","SSHigh 2022",0.786016290382483,43.94,-116.19,NA,NA
"Chambers8","SSHigh 2022",0.783945706834632,42.24,-114.57,NA,NA
"Chambers9","SSHigh 2022",0.798938373136571,40.66,-116.73,NA,NA
"Copeland1","SSHigh 2022",0.79896657480525,43.7,-117.33,NA,NA
"Copeland5","SSHigh 2022",0.800272459248057,42.27,-118.71,NA,NA
"Copeland9","SSHigh 2022",0.798317024568376,43.47,-119.68,NA,NA
"Downs1","SSHigh 2022",0.753782827643766,46.38145,-119.430272,NA,NA
"Downs2","SSHigh 2022",0.763773394125286,46.25045,-119.53334,NA,NA
"Downs3","SSHigh 2022",0.699902286845412,45.9663,-120.3671,NA,NA
"Fleishman1","SSHigh 2022",0.797667477162624,38.47,-119.49,NA,NA
"Fleishman5","SSHigh 2022",0.758540599564683,39.12,-117.27,NA,NA
"Fleishman7","SSHigh 2022",0.792432571201117,39.17,-117.44,NA,NA
"Getts1","SSHigh 2022",0.722325450324879,41.17,-120.5,NA,NA
"Getts3","SSHigh 2022",0.81570410219261,40.43,-120.67,NA,NA
"Holdrege1","SSHigh 2022",0.796107371936341,41.61,-111.57,NA,NA
"Hufft1","SSHigh 2022",0.751572252576646,38.6701,-108.3286,NA,NA
"Lavin1","SSHigh 2022",0.779634657301375,44.68,-109.07,NA,NA
"Lavin2","SSHigh 2022",0.778597998572854,45.67,-111.03,NA,NA
"Lee1","SSHigh 2022",0.649769712337,36.82340833,-116.0163889,NA,NA
"Lee2","SSHigh 2022",0.642896211969928,35.3984,-115.7845,NA,NA
"Lee3","SSHigh 2022",0.649609020836547,36.5247,-115.8987,NA,NA
"Lee4","SSHigh 2022",0.671705879000082,35.4564,-115.52,NA,NA
"Leger1","SSHigh 2022",0.711239655935806,39.49,-119.84,NA,NA
"Maron1","SSHigh 2022",0.77965229007004,46.68,-114.03,NA,NA
"Maron2","SSHigh 2022",0.797983029551916,46.64,-113.23,NA,NA
"Porensky30","SSHigh 2022",0.763691015012798,40.63,-105.27,NA,NA
"Pyke3","SSHigh 2022",0.806477108572876,44.60456358,-120.1924183,NA,NA
"Pyke8","SSHigh 2022",0.726172006872877,46.74830998,-119.361636,NA,NA
"Pyke21","SSHigh 2022",0.790729335663544,47.61803776,-119.6830115,NA,NA
"Pyle1","SSHigh 2022",0.883018236882106,42.35,-118.65,NA,NA
"Pyle9","SSHigh 2022",0.797948007487666,43.42,-119.62,NA,NA
"Pyle10","SSHigh 2022",0.7586948900007,43.19,-120,NA,NA
"Pyle15","SSHigh 2022",0.802257866046308,43.8,-119,NA,NA
"Pyle17","SSHigh 2022",0.777100929427163,44.36,-118.93,NA,NA
"Pyle19","SSHigh 2022",0.744405822785564,44.57,-119.65,NA,NA
"Reed1","SSHigh 2022",0.768110971771492,38.52,-109.47,NA,NA
"Reed3","SSHigh 2022",0.764923273336131,38.75,-109.79,NA,NA
"Schupp3","SSHigh 2022",0.759863425448181,38.6,-113.79,NA,NA
"Schupp4","SSHigh 2022",0.798763496012792,38.52,-113.55,NA,NA
"Schupp5","SSHigh 2022",0.792292523414708,39.11,-112.74,NA,NA
"Symstad1","SSHigh 2022",0.760517250569337,44.59,-104.71,NA,NA
"Symstad2","SSHigh 2022",0.75228678392474,43.87,-103.46,NA,NA
"Symstad3","SSHigh 2022",0.794439146422116,43.62,-103.47,NA,NA
"Urza2","SSHigh 2022",0.819814998561691,40.84,-119.56,NA,NA
"Wilcox2","SSHigh 2022",0.742761585920666,41.31,-105.66,NA,NA
"Chynoweth2","SSHigh 2022",0.758990557898005,40.29092,-109.68361,NA,NA
"Chynoweth3","SSHigh 2022",0.74312257741085,39.83576,-109.61202,NA,NA
"Chynoweth5","SSHigh 2022",0.77990237326546,40.480805,-109.438229,NA,NA
"Chynoweth7","SSHigh 2022",0.799441913189363,40.533605,-109.523564,NA,NA
"Chynoweth8","SSHigh 2022",0.758524896745101,40.640878,-109.48689,NA,NA
"Shriver2","SSHigh 2022",0.796393573304632,48,-114.04,NA,NA
"Davies03","SSHigh 2022",0.789670996464998,42.68,-118.68,NA,NA
"GerminoBOP1","SSHigh 2022",0.797326258356531,43.4720833,-116.2338306,NA,NA
"Mancillas01","SSHigh 2022",0.753257546125507,32.368,-106.56,NA,NA
"Boise_High 2022","SSHigh 2022",0.896821036483313,NA,NA,NA,NA
"Boise_Low 2022","SSHigh 2022",0.82283315813565,NA,NA,NA,NA
"CG PASTURE 2022","SSHigh 2022",0.94489821022226,NA,NA,NA,NA
"CaseAoyamaS1 2022","SSHigh 2022",0.893973072031441,NA,NA,NA,NA
"CastValley 2021","SSHigh 2022",0.820890350672722,NA,NA,NA,NA
"EOARC 2022","SSHigh 2022",0.896838730331001,NA,NA,NA,NA
"EnsingS1 SuRDC 2022","SSHigh 2022",0.942950818175208,NA,NA,NA,NA
"EnsingS2 Summerland-Princeton 2022","SSHigh 2022",0.89815452880032,NA,NA,NA,NA
"EnsingS3 Bear Creek 2022","SSHigh 2022",0.870789445791583,NA,NA,NA,NA
"EnsingS4 Lundbom 2022","SSHigh 2022",0.938433169094693,NA,NA,NA,NA
"FAR NORTH CPER 2022","SSHigh 2022",0.921112271624487,NA,NA,NA,NA
"FtK_Cottonwood_Coulee 2021","SSHigh 2022",0.928526312932147,NA,NA,NA,NA
"FtK_Lone_Pine 2021","SSHigh 2022",0.924271991339534,NA,NA,NA,NA
"GoeblS1 2024","SSHigh 2022",0.870703152228541,NA,NA,NA,NA
"GreenCanyon 2021","SSHigh 2022",0.93663005337776,NA,NA,NA,NA
"HPGRS AGCR 2022","SSHigh 2022",0.942077052103032,NA,NA,NA,NA
"HardwareRanch 2022","SSHigh 2022",0.959414666719758,NA,NA,NA,NA
"K1_vanDiepen 2022","SSHigh 2022",0.972028216665229,NA,NA,NA,NA
"L1_vanDiepen 2022","SSHigh 2022",0.964821031440926,NA,NA,NA,NA
"MPG_IR 2021","SSHigh 2022",0.973076114119505,NA,NA,NA,NA
"MPG_SR 2021","SSHigh 2022",0.972395363473313,NA,NA,NA,NA
"MPG_TH 2021","SSHigh 2022",0.972425319113724,NA,NA,NA,NA
"NEAR 4WAY CPER 2022","SSHigh 2022",0.916999474628364,NA,NA,NA,NA
"NEAR HQ CPER 2022","SSHigh 2022",0.922194976933033,NA,NA,NA,NA
"NEAR NUTNET 2022","SSHigh 2022",0.91986144533232,NA,NA,NA,NA
"OttS1 2022","SSHigh 2022",0.933651362539773,NA,NA,NA,NA
"PMR- Brome 2021","SSHigh 2022",0.930696761393952,NA,NA,NA,NA
"Pearlwise 2024","SSHigh 2022",0.892900401100495,NA,NA,NA,NA
"Peavine 2022","SSHigh 2022",0.844828003075333,NA,NA,NA,NA
"Plymouth 2022","SSHigh 2022",0.825262101418393,NA,NA,NA,NA
"RedBluff 2023","SSHigh 2022",0.95001662246347,NA,NA,NA,NA
"Rush_Valley 2022","SSHigh 2022",0.891134694116735,NA,NA,NA,NA
"SSHQ 2022","SSHigh 2022",0.969828017753735,NA,NA,NA,NA
"SSHigh 2022","SSHigh 2022",1,NA,NA,NA,NA
"SouthEden 2022","SSHigh 2022",0.978060030555779,NA,NA,NA,NA
"Symstad1 2021","SSHigh 2022",0.947816997381424,NA,NA,NA,NA
"Symstad2 2022","SSHigh 2022",0.946013210528827,NA,NA,NA,NA
"TB FIRE 2022","SSHigh 2022",0.925216105772829,NA,NA,NA,NA
"TB LC Control 2022","SSHigh 2022",0.92422652745653,NA,NA,NA,NA
"TB PRAIRIE DOG 2022","SSHigh 2022",0.924559902374403,NA,NA,NA,NA
"Woodruff 2022","SSHigh 2022",0.973419217620044,NA,NA,NA,NA
"dino 2024","SSHigh 2022",0.895004523594448,NA,NA,NA,NA
"AAFC4","SouthEden 2022",0.777792500786543,50.08,-120.65,NA,NA
"AAFC5","SouthEden 2022",0.799133608576435,50.09,-120.45,NA,NA
"AAFC6","SouthEden 2022",0.76467616289787,50.09,-120.75,NA,NA
"AAFC8","SouthEden 2022",0.801082142363764,49.57,-120.55,NA,NA
"AAFC9","SouthEden 2022",0.778377055009091,49.62,-119.8,NA,NA
"AAFC10","SouthEden 2022",0.778520232034823,49.71,-120.05,NA,NA
"Adler5","SouthEden 2022",0.79581174144215,40.79,-111.87,NA,NA
"Schupp2","SouthEden 2022",0.77432555161098,40.2,-112.46,NA,NA
"Schupp1","SouthEden 2022",0.766014868554678,39.85,-112.15,NA,NA
"Adler13","SouthEden 2022",0.785245894600256,41.44,-111.08,NA,NA
"Adler16","SouthEden 2022",0.799266618196708,41.78,-110.2,NA,NA
"Adler17","SouthEden 2022",0.79949311128897,41.44,-110.11,NA,NA
"Adler18","SouthEden 2022",0.787817316292578,40.86,-114.22,NA,NA
"Barnett1","SouthEden 2022",0.804278592656844,43.48,-110.74,NA,NA
"Baughman3","SouthEden 2022",0.788949195307724,42.81,-118.96,NA,NA
"Baughman2","SouthEden 2022",0.77607628478517,43.05,-118.87,NA,NA
"Chynoweth1","SouthEden 2022",0.796040009343847,39.76604,-109.5635,NA,NA
"Board1","SouthEden 2022",0.795921639140557,38.84,-117.57,NA,NA
"Bradford1","SouthEden 2022",0.795322795400151,35.23,-111.62,NA,NA
"Chambers1","SouthEden 2022",0.681733097750201,39.55,-119.58,NA,NA
"Chambers2","SouthEden 2022",0.675660322143206,39.95,-118.76,NA,NA
"Urza1","SouthEden 2022",0.675812395362453,40.35,-119.34,NA,NA
"Chambers4","SouthEden 2022",0.675597539008089,41.31,-117.63,NA,NA
"Chambers5","SouthEden 2022",0.672044644767014,41.54,-117.75,NA,NA
"Chambers6","SouthEden 2022",0.672013460540445,41.54,-117.78,NA,NA
"Chambers7","SouthEden 2022",0.79082417708193,43.94,-116.19,NA,NA
"Chambers8","SouthEden 2022",0.786963274506923,42.24,-114.57,NA,NA
"Chambers9","SouthEden 2022",0.796092465071413,40.66,-116.73,NA,NA
"Copeland1","SouthEden 2022",0.796117116544016,43.7,-117.33,NA,NA
"Copeland5","SouthEden 2022",0.80978453949137,42.27,-118.71,NA,NA
"Copeland9","SouthEden 2022",0.799557814436782,43.47,-119.68,NA,NA
"Downs1","SouthEden 2022",0.756840871721156,46.38145,-119.430272,NA,NA
"Downs2","SouthEden 2022",0.773787011610558,46.25045,-119.53334,NA,NA
"Downs3","SouthEden 2022",0.715364666304212,45.9663,-120.3671,NA,NA
"Fleishman1","SouthEden 2022",0.799649537114215,38.47,-119.49,NA,NA
"Fleishman5","SouthEden 2022",0.758952154429127,39.12,-117.27,NA,NA
"Fleishman7","SouthEden 2022",0.799266800977786,39.17,-117.44,NA,NA
"Getts1","SouthEden 2022",0.737287167503552,41.17,-120.5,NA,NA
"Getts3","SouthEden 2022",0.822391364390242,40.43,-120.67,NA,NA
"Holdrege1","SouthEden 2022",0.804000998097831,41.61,-111.57,NA,NA
"Hufft1","SouthEden 2022",0.753647517098021,38.6701,-108.3286,NA,NA
"Lavin1","SouthEden 2022",0.781990377913,44.68,-109.07,NA,NA
"Lavin2","SouthEden 2022",0.783794321765892,45.67,-111.03,NA,NA
"Lee1","SouthEden 2022",0.675657964569688,36.82340833,-116.0163889,NA,NA
"Lee2","SouthEden 2022",0.665633574603721,35.3984,-115.7845,NA,NA
"Lee3","SouthEden 2022",0.675501391778625,36.5247,-115.8987,NA,NA
"Lee4","SouthEden 2022",0.692208951840873,35.4564,-115.52,NA,NA
"Leger1","SouthEden 2022",0.728076282635278,39.49,-119.84,NA,NA
"Maron1","SouthEden 2022",0.781112643756416,46.68,-114.03,NA,NA
"Maron2","SouthEden 2022",0.799224281153511,46.64,-113.23,NA,NA
"Porensky30","SouthEden 2022",0.768484647739761,40.63,-105.27,NA,NA
"Pyke3","SouthEden 2022",0.814904021386685,44.60456358,-120.1924183,NA,NA
"Pyke8","SouthEden 2022",0.730132860180441,46.74830998,-119.361636,NA,NA
"Pyke21","SouthEden 2022",0.795162488834104,47.61803776,-119.6830115,NA,NA
"Pyle1","SouthEden 2022",0.887899224949555,42.35,-118.65,NA,NA
"Pyle9","SouthEden 2022",0.799190855528596,43.42,-119.62,NA,NA
"Pyle10","SouthEden 2022",0.759106326330003,43.19,-120,NA,NA
"Pyle15","SouthEden 2022",0.810167450594653,43.8,-119,NA,NA
"Pyle17","SouthEden 2022",0.784082411900945,44.36,-118.93,NA,NA
"Pyle19","SouthEden 2022",0.744259555104264,44.57,-119.65,NA,NA
"Reed1","SouthEden 2022",0.770756213416861,38.52,-109.47,NA,NA
"Reed3","SouthEden 2022",0.764178097801118,38.75,-109.79,NA,NA
"Schupp3","SouthEden 2022",0.762196022478478,38.6,-113.79,NA,NA
"Schupp4","SouthEden 2022",0.795913201495681,38.52,-113.55,NA,NA
"Schupp5","SouthEden 2022",0.791119691878409,39.11,-112.74,NA,NA
"Symstad1","SouthEden 2022",0.764943237232697,44.59,-104.71,NA,NA
"Symstad2","SouthEden 2022",0.754433491448636,43.87,-103.46,NA,NA
"Symstad3","SouthEden 2022",0.796349191686509,43.62,-103.47,NA,NA
"Urza2","SouthEden 2022",0.82554211018161,40.84,-119.56,NA,NA
"Wilcox2","SouthEden 2022",0.745144604105328,41.31,-105.66,NA,NA
"Chynoweth2","SouthEden 2022",0.759406611546836,40.29092,-109.68361,NA,NA
"Chynoweth3","SouthEden 2022",0.745499853201703,39.83576,-109.61202,NA,NA
"Chynoweth5","SouthEden 2022",0.781140906493487,40.480805,-109.438229,NA,NA
"Chynoweth7","SouthEden 2022",0.796589403351531,40.533605,-109.523564,NA,NA
"Chynoweth8","SouthEden 2022",0.758935260898445,40.640878,-109.48689,NA,NA
"Shriver2","SouthEden 2022",0.804289616768591,48,-114.04,NA,NA
"Davies03","SouthEden 2022",0.795612757281537,42.68,-118.68,NA,NA
"GerminoBOP1","SouthEden 2022",0.79557728307015,43.4720833,-116.2338306,NA,NA
"Mancillas01","SouthEden 2022",0.752926557037336,32.368,-106.56,NA,NA
"Boise_High 2022","SouthEden 2022",0.921603042279275,NA,NA,NA,NA
"Boise_Low 2022","SouthEden 2022",0.848210487997153,NA,NA,NA,NA
"CG PASTURE 2022","SouthEden 2022",0.9616884364245,NA,NA,NA,NA
"CaseAoyamaS1 2022","SouthEden 2022",0.919152471987653,NA,NA,NA,NA
"CastValley 2021","SouthEden 2022",0.838795539967361,NA,NA,NA,NA
"EOARC 2022","SouthEden 2022",0.922024832070739,NA,NA,NA,NA
"EnsingS1 SuRDC 2022","SouthEden 2022",0.961571828720554,NA,NA,NA,NA
"EnsingS2 Summerland-Princeton 2022","SouthEden 2022",0.919813654237894,NA,NA,NA,NA
"EnsingS3 Bear Creek 2022","SouthEden 2022",0.895322214573884,NA,NA,NA,NA
"EnsingS4 Lundbom 2022","SouthEden 2022",0.94756345876858,NA,NA,NA,NA
"FAR NORTH CPER 2022","SouthEden 2022",0.93946179340183,NA,NA,NA,NA
"FtK_Cottonwood_Coulee 2021","SouthEden 2022",0.942122224629857,NA,NA,NA,NA
"FtK_Lone_Pine 2021","SouthEden 2022",0.937997322162009,NA,NA,NA,NA
"GoeblS1 2024","SouthEden 2022",0.893525985150605,NA,NA,NA,NA
"GreenCanyon 2021","SouthEden 2022",0.956129257377028,NA,NA,NA,NA
"HPGRS AGCR 2022","SouthEden 2022",0.959237993103419,NA,NA,NA,NA
"HardwareRanch 2022","SouthEden 2022",0.979855460506937,NA,NA,NA,NA
"K1_vanDiepen 2022","SouthEden 2022",0.965657336858729,NA,NA,NA,NA
"L1_vanDiepen 2022","SouthEden 2022",0.978033918344033,NA,NA,NA,NA
"MPG_IR 2021","SouthEden 2022",0.977206257146864,NA,NA,NA,NA
"MPG_SR 2021","SouthEden 2022",0.977998047975744,NA,NA,NA,NA
"MPG_TH 2021","SouthEden 2022",0.977330185328792,NA,NA,NA,NA
"NEAR 4WAY CPER 2022","SouthEden 2022",0.935299605426777,NA,NA,NA,NA
"NEAR HQ CPER 2022","SouthEden 2022",0.940546453024998,NA,NA,NA,NA
"NEAR NUTNET 2022","SouthEden 2022",0.938187386898787,NA,NA,NA,NA
"OttS1 2022","SouthEden 2022",0.950938835012332,NA,NA,NA,NA
"PMR- Brome 2021","SouthEden 2022",0.949855985044498,NA,NA,NA,NA
"Pearlwise 2024","SouthEden 2022",0.917329041144816,NA,NA,NA,NA
"Peavine 2022","SouthEden 2022",0.871120356690384,NA,NA,NA,NA
"Plymouth 2022","SouthEden 2022",0.851964177887631,NA,NA,NA,NA
"RedBluff 2023","SouthEden 2022",0.966373698113436,NA,NA,NA,NA
"Rush_Valley 2022","SouthEden 2022",0.912268163371314,NA,NA,NA,NA
"SSHQ 2022","SouthEden 2022",0.971191217614081,NA,NA,NA,NA
"SSHigh 2022","SouthEden 2022",0.978060030555779,NA,NA,NA,NA
"SouthEden 2022","SouthEden 2022",1,NA,NA,NA,NA
"Symstad1 2021","SouthEden 2022",0.958874757323823,NA,NA,NA,NA
"Symstad2 2022","SouthEden 2022",0.957293700459187,NA,NA,NA,NA
"TB FIRE 2022","SouthEden 2022",0.943227094472265,NA,NA,NA,NA
"TB LC Control 2022","SouthEden 2022",0.942173656941541,NA,NA,NA,NA
"TB PRAIRIE DOG 2022","SouthEden 2022",0.942531783593104,NA,NA,NA,NA
"Woodruff 2022","SouthEden 2022",0.982444842174196,NA,NA,NA,NA
"dino 2024","SouthEden 2022",0.904415831448183,NA,NA,NA,NA
"AAFC4","Symstad1 2021",0.780600319819063,50.08,-120.65,NA,NA
"AAFC5","Symstad1 2021",0.792763184234568,50.09,-120.45,NA,NA
"AAFC6","Symstad1 2021",0.778263831117768,50.09,-120.75,NA,NA
"AAFC8","Symstad1 2021",0.797834502429772,49.57,-120.55,NA,NA
"AAFC9","Symstad1 2021",0.774019883465537,49.62,-119.8,NA,NA
"AAFC10","Symstad1 2021",0.774155181164003,49.71,-120.05,NA,NA
"Adler5","Symstad1 2021",0.782794416388043,40.79,-111.87,NA,NA
"Schupp2","Symstad1 2021",0.783742655577662,40.2,-112.46,NA,NA
"Schupp1","Symstad1 2021",0.782547208006392,39.85,-112.15,NA,NA
"Adler13","Symstad1 2021",0.788568782263272,41.44,-111.08,NA,NA
"Adler16","Symstad1 2021",0.79587041785382,41.78,-110.2,NA,NA
"Adler17","Symstad1 2021",0.796124772835959,41.44,-110.11,NA,NA
"Adler18","Symstad1 2021",0.781723373316918,40.86,-114.22,NA,NA
"Barnett1","Symstad1 2021",0.778144194907618,43.48,-110.74,NA,NA
"Baughman3","Symstad1 2021",0.785427978061534,42.81,-118.96,NA,NA
"Baughman2","Symstad1 2021",0.78172771289085,43.05,-118.87,NA,NA
"Chynoweth1","Symstad1 2021",0.792513511914148,39.76604,-109.5635,NA,NA
"Board1","Symstad1 2021",0.794944244238025,38.84,-117.57,NA,NA
"Bradford1","Symstad1 2021",0.794365041552069,35.23,-111.62,NA,NA
"Chambers1","Symstad1 2021",0.708821649431545,39.55,-119.58,NA,NA
"Chambers2","Symstad1 2021",0.701220269034344,39.95,-118.76,NA,NA
"Urza1","Symstad1 2021",0.701376866985261,40.35,-119.34,NA,NA
"Chambers4","Symstad1 2021",0.701176495438633,41.31,-117.63,NA,NA
"Chambers5","Symstad1 2021",0.695844400508402,41.54,-117.75,NA,NA
"Chambers6","Symstad1 2021",0.69583207351109,41.54,-117.78,NA,NA
"Chambers7","Symstad1 2021",0.795955777562681,43.94,-116.19,NA,NA
"Chambers8","Symstad1 2021",0.786639275978723,42.24,-114.57,NA,NA
"Chambers9","Symstad1 2021",0.79256834900814,40.66,-116.73,NA,NA
"Copeland1","Symstad1 2021",0.79258910568116,43.7,-117.33,NA,NA
"Copeland5","Symstad1 2021",0.789912798306255,42.27,-118.71,NA,NA
"Copeland9","Symstad1 2021",0.796158489619842,43.47,-119.68,NA,NA
"Downs1","Symstad1 2021",0.762443928361691,46.38145,-119.430272,NA,NA
"Downs2","Symstad1 2021",0.77203096321119,46.25045,-119.53334,NA,NA
"Downs3","Symstad1 2021",0.707590798459865,45.9663,-120.3671,NA,NA
"Fleishman1","Symstad1 2021",0.798677609244592,38.47,-119.49,NA,NA
"Fleishman5","Symstad1 2021",0.776687697173955,39.12,-117.27,NA,NA
"Fleishman7","Symstad1 2021",0.788774635821109,39.17,-117.44,NA,NA
"Getts1","Symstad1 2021",0.736549477351346,41.17,-120.5,NA,NA
"Getts3","Symstad1 2021",0.799426356921026,40.43,-120.67,NA,NA
"Holdrege1","Symstad1 2021",0.777871841560969,41.61,-111.57,NA,NA
"Hufft1","Symstad1 2021",0.764478642299271,38.6701,-108.3286,NA,NA
"Lavin1","Symstad1 2021",0.794355477032645,44.68,-109.07,NA,NA
"Lavin2","Symstad1 2021",0.788602745678713,45.67,-111.03,NA,NA
"Lee1","Symstad1 2021",0.701248739493156,36.82340833,-116.0163889,NA,NA
"Lee2","Symstad1 2021",0.691023358753742,35.3984,-115.7845,NA,NA
"Lee3","Symstad1 2021",0.701079989854474,36.5247,-115.8987,NA,NA
"Lee4","Symstad1 2021",0.69063833267207,35.4564,-115.52,NA,NA
"Leger1","Symstad1 2021",0.722827435424434,39.49,-119.84,NA,NA
"Maron1","Symstad1 2021",0.789902695182543,46.68,-114.03,NA,NA
"Maron2","Symstad1 2021",0.795837327894029,46.64,-113.23,NA,NA
"Porensky30","Symstad1 2021",0.774578570995794,40.63,-105.27,NA,NA
"Pyke3","Symstad1 2021",0.801006290298625,44.60456358,-120.1924183,NA,NA
"Pyke8","Symstad1 2021",0.741386244999378,46.74830998,-119.361636,NA,NA
"Pyke21","Symstad1 2021",0.78541696854342,47.61803776,-119.6830115,NA,NA
"Pyle1","Symstad1 2021",0.894835439173037,42.35,-118.65,NA,NA
"Pyle9","Symstad1 2021",0.795807625428462,43.42,-119.62,NA,NA
"Pyle10","Symstad1 2021",0.776830066840857,43.19,-120,NA,NA
"Pyle15","Symstad1 2021",0.798537649252501,43.8,-119,NA,NA
"Pyle17","Symstad1 2021",0.778946499217782,44.36,-118.93,NA,NA
"Pyle19","Symstad1 2021",0.770540598269441,44.57,-119.65,NA,NA
"Reed1","Symstad1 2021",0.77955321844673,38.52,-109.47,NA,NA
"Reed3","Symstad1 2021",0.786117221244672,38.75,-109.79,NA,NA
"Schupp3","Symstad1 2021",0.775521274787656,38.6,-113.79,NA,NA
"Schupp4","Symstad1 2021",0.792387801435011,38.52,-113.55,NA,NA
"Schupp5","Symstad1 2021",0.794935969081233,39.11,-112.74,NA,NA
"Symstad1","Symstad1 2021",0.776533474875495,44.59,-104.71,NA,NA
"Symstad2","Symstad1 2021",0.765758970125933,43.87,-103.46,NA,NA
"Symstad3","Symstad1 2021",0.803649674537435,43.62,-103.47,NA,NA
"Urza2","Symstad1 2021",0.808055115247829,40.84,-119.56,NA,NA
"Wilcox2","Symstad1 2021",0.757407702053046,41.31,-105.66,NA,NA
"Chynoweth2","Symstad1 2021",0.777148220417383,40.29092,-109.68361,NA,NA
"Chynoweth3","Symstad1 2021",0.757788250541761,39.83576,-109.61202,NA,NA
"Chynoweth5","Symstad1 2021",0.797962032496599,40.480805,-109.438229,NA,NA
"Chynoweth7","Symstad1 2021",0.793076671254265,40.533605,-109.523564,NA,NA
"Chynoweth8","Symstad1 2021",0.776660511258087,40.640878,-109.48689,NA,NA
"Shriver2","Symstad1 2021",0.778154266198943,48,-114.04,NA,NA
"Davies03","Symstad1 2021",0.794644800055846,42.68,-118.68,NA,NA
"GerminoBOP1","Symstad1 2021",0.803312501422518,43.4720833,-116.2338306,NA,NA
"Mancillas01","Symstad1 2021",0.776768451277594,32.368,-106.56,NA,NA
"Boise_High 2022","Symstad1 2021",0.918936195827303,NA,NA,NA,NA
"Boise_Low 2022","Symstad1 2021",0.867301082369155,NA,NA,NA,NA
"CG PASTURE 2022","Symstad1 2021",0.980922946820476,NA,NA,NA,NA
"CaseAoyamaS1 2022","Symstad1 2021",0.926192820727979,NA,NA,NA,NA
"CastValley 2021","Symstad1 2021",0.866339453481437,NA,NA,NA,NA
"EOARC 2022","Symstad1 2021",0.927265190911289,NA,NA,NA,NA
"EnsingS1 SuRDC 2022","Symstad1 2021",0.965459232296715,NA,NA,NA,NA
"EnsingS2 Summerland-Princeton 2022","Symstad1 2021",0.915029222803995,NA,NA,NA,NA
"EnsingS3 Bear Creek 2022","Symstad1 2021",0.902048787666701,NA,NA,NA,NA
"EnsingS4 Lundbom 2022","Symstad1 2021",0.925319952503305,NA,NA,NA,NA
"FAR NORTH CPER 2022","Symstad1 2021",0.969272498133492,NA,NA,NA,NA
"FtK_Cottonwood_Coulee 2021","Symstad1 2021",0.963928053160398,NA,NA,NA,NA
"FtK_Lone_Pine 2021","Symstad1 2021",0.960433393204872,NA,NA,NA,NA
"GoeblS1 2024","Symstad1 2021",0.919839416263588,NA,NA,NA,NA
"GreenCanyon 2021","Symstad1 2021",0.961154739071217,NA,NA,NA,NA
"HPGRS AGCR 2022","Symstad1 2021",0.981138851874874,NA,NA,NA,NA
"HardwareRanch 2022","Symstad1 2021",0.959234697782668,NA,NA,NA,NA
"K1_vanDiepen 2022","Symstad1 2021",0.936998680216003,NA,NA,NA,NA
"L1_vanDiepen 2022","Symstad1 2021",0.977399108286254,NA,NA,NA,NA
"MPG_IR 2021","Symstad1 2021",0.961706956545381,NA,NA,NA,NA
"MPG_SR 2021","Symstad1 2021",0.964968095324166,NA,NA,NA,NA
"MPG_TH 2021","Symstad1 2021",0.963556435781548,NA,NA,NA,NA
"NEAR 4WAY CPER 2022","Symstad1 2021",0.965796546497729,NA,NA,NA,NA
"NEAR HQ CPER 2022","Symstad1 2021",0.970491413911768,NA,NA,NA,NA
"NEAR NUTNET 2022","Symstad1 2021",0.96839194602821,NA,NA,NA,NA
"OttS1 2022","Symstad1 2021",0.978946617742764,NA,NA,NA,NA
"PMR- Brome 2021","Symstad1 2021",0.957678562623663,NA,NA,NA,NA
"Pearlwise 2024","Symstad1 2021",0.92564282382884,NA,NA,NA,NA
"Peavine 2022","Symstad1 2021",0.877433986708238,NA,NA,NA,NA
"Plymouth 2022","Symstad1 2021",0.867188128626935,NA,NA,NA,NA
"RedBluff 2023","Symstad1 2021",0.971008124568402,NA,NA,NA,NA
"Rush_Valley 2022","Symstad1 2021",0.930603293878808,NA,NA,NA,NA
"SSHQ 2022","Symstad1 2021",0.961100977252972,NA,NA,NA,NA
"SSHigh 2022","Symstad1 2021",0.947816997381424,NA,NA,NA,NA
"SouthEden 2022","Symstad1 2021",0.958874757323823,NA,NA,NA,NA
"Symstad1 2021","Symstad1 2021",1,NA,NA,NA,NA
"Symstad2 2022","Symstad1 2021",0.997301575597174,NA,NA,NA,NA
"TB FIRE 2022","Symstad1 2021",0.966743602369889,NA,NA,NA,NA
"TB LC Control 2022","Symstad1 2021",0.965849842271169,NA,NA,NA,NA
"TB PRAIRIE DOG 2022","Symstad1 2021",0.96608508414609,NA,NA,NA,NA
"Woodruff 2022","Symstad1 2021",0.966094898613376,NA,NA,NA,NA
"dino 2024","Symstad1 2021",0.924147653703859,NA,NA,NA,NA
"AAFC4","Symstad2 2022",0.780340337408895,50.08,-120.65,NA,NA
"AAFC5","Symstad2 2022",0.791597901787865,50.09,-120.45,NA,NA
"AAFC6","Symstad2 2022",0.778766669260716,50.09,-120.75,NA,NA
"AAFC8","Symstad2 2022",0.797607903877241,49.57,-120.55,NA,NA
"AAFC9","Symstad2 2022",0.773156788365627,49.62,-119.8,NA,NA
"AAFC10","Symstad2 2022",0.773294247238594,49.71,-120.05,NA,NA
"Adler5","Symstad2 2022",0.782190765572762,40.79,-111.87,NA,NA
"Schupp2","Symstad2 2022",0.784205251688573,40.2,-112.46,NA,NA
"Schupp1","Symstad2 2022",0.783537431071016,39.85,-112.15,NA,NA
"Adler13","Symstad2 2022",0.78971015344718,41.44,-111.08,NA,NA
"Adler16","Symstad2 2022",0.795633200247771,41.78,-110.2,NA,NA
"Adler17","Symstad2 2022",0.795887357641741,41.44,-110.11,NA,NA
"Adler18","Symstad2 2022",0.782111390061095,40.86,-114.22,NA,NA
"Barnett1","Symstad2 2022",0.777156591517927,43.48,-110.74,NA,NA
"Baughman3","Symstad2 2022",0.784804882065819,42.81,-118.96,NA,NA
"Baughman2","Symstad2 2022",0.782476287372017,43.05,-118.87,NA,NA
"Chynoweth1","Symstad2 2022",0.793502532298867,39.76604,-109.5635,NA,NA
"Board1","Symstad2 2022",0.792342856671683,38.84,-117.57,NA,NA
"Bradford1","Symstad2 2022",0.791763577631404,35.23,-111.62,NA,NA
"Chambers1","Symstad2 2022",0.710959223429314,39.55,-119.58,NA,NA
"Chambers2","Symstad2 2022",0.703390038953047,39.95,-118.76,NA,NA
"Urza1","Symstad2 2022",0.703547483135569,40.35,-119.34,NA,NA
"Chambers4","Symstad2 2022",0.703347448142117,41.31,-117.63,NA,NA
"Chambers5","Symstad2 2022",0.697827149381307,41.54,-117.75,NA,NA
"Chambers6","Symstad2 2022",0.697816664084623,41.54,-117.78,NA,NA
"Chambers7","Symstad2 2022",0.796393156415511,43.94,-116.19,NA,NA
"Chambers8","Symstad2 2022",0.786843681437623,42.24,-114.57,NA,NA
"Chambers9","Symstad2 2022",0.79355821724335,40.66,-116.73,NA,NA
"Copeland1","Symstad2 2022",0.793578077872183,43.7,-117.33,NA,NA
"Copeland5","Symstad2 2022",0.788332067564564,42.27,-118.71,NA,NA
"Copeland9","Symstad2 2022",0.795920557606529,43.47,-119.68,NA,NA
"Downs1","Symstad2 2022",0.762881617672166,46.38145,-119.430272,NA,NA
"Downs2","Symstad2 2022",0.771832294485073,46.25045,-119.53334,NA,NA
"Downs3","Symstad2 2022",0.708099237969743,45.9663,-120.3671,NA,NA
"Fleishman1","Symstad2 2022",0.798921478261717,38.47,-119.49,NA,NA
"Fleishman5","Symstad2 2022",0.778303515199107,39.12,-117.27,NA,NA
"Fleishman7","Symstad2 2022",0.786550256939495,39.17,-117.44,NA,NA
"Getts1","Symstad2 2022",0.737135445975423,41.17,-120.5,NA,NA
"Getts3","Symstad2 2022",0.79771208009316,40.43,-120.67,NA,NA
"Holdrege1","Symstad2 2022",0.776884805882055,41.61,-111.57,NA,NA
"Hufft1","Symstad2 2022",0.765376432232079,38.6701,-108.3286,NA,NA
"Lavin1","Symstad2 2022",0.79504220761378,44.68,-109.07,NA,NA
"Lavin2","Symstad2 2022",0.787859382588706,45.67,-111.03,NA,NA
"Lee1","Symstad2 2022",0.703419856503682,36.82340833,-116.0163889,NA,NA
"Lee2","Symstad2 2022",0.692958815524285,35.3984,-115.7845,NA,NA
"Lee3","Symstad2 2022",0.703249770094991,36.5247,-115.8987,NA,NA
"Lee4","Symstad2 2022",0.691532054919675,35.4564,-115.52,NA,NA
"Leger1","Symstad2 2022",0.722767880438896,39.49,-119.84,NA,NA
"Maron1","Symstad2 2022",0.790260747225758,46.68,-114.03,NA,NA
"Maron2","Symstad2 2022",0.795599060909371,46.64,-113.23,NA,NA
"Porensky30","Symstad2 2022",0.773968333559461,40.63,-105.27,NA,NA
"Pyke3","Symstad2 2022",0.799774134125129,44.60456358,-120.1924183,NA,NA
"Pyke8","Symstad2 2022",0.742372241179342,46.74830998,-119.361636,NA,NA
"Pyke21","Symstad2 2022",0.785219565253182,47.61803776,-119.6830115,NA,NA
"Pyle1","Symstad2 2022",0.894868859310062,42.35,-118.65,NA,NA
"Pyle9","Symstad2 2022",0.795570528753746,43.42,-119.62,NA,NA
"Pyle10","Symstad2 2022",0.778446437975641,43.19,-120,NA,NA
"Pyle15","Symstad2 2022",0.797381195986957,43.8,-119,NA,NA
"Pyle17","Symstad2 2022",0.778110027749307,44.36,-118.93,NA,NA
"Pyle19","Symstad2 2022",0.77119998643815,44.57,-119.65,NA,NA
"Reed1","Symstad2 2022",0.780261971925541,38.52,-109.47,NA,NA
"Reed3","Symstad2 2022",0.786762387389963,38.75,-109.79,NA,NA
"Schupp3","Symstad2 2022",0.776585143713437,38.6,-113.79,NA,NA
"Schupp4","Symstad2 2022",0.793377246946952,38.52,-113.55,NA,NA
"Schupp5","Symstad2 2022",0.79552353879884,39.11,-112.74,NA,NA
"Symstad1","Symstad2 2022",0.776957014988894,44.59,-104.71,NA,NA
"Symstad2","Symstad2 2022",0.765874026425633,43.87,-103.46,NA,NA
"Symstad3","Symstad2 2022",0.803895490043645,43.62,-103.47,NA,NA
"Urza2","Symstad2 2022",0.807426644584184,40.84,-119.56,NA,NA
"Wilcox2","Symstad2 2022",0.758650589899731,41.31,-105.66,NA,NA
"Chynoweth2","Symstad2 2022",0.778766142304704,40.29092,-109.68361,NA,NA
"Chynoweth3","Symstad2 2022",0.759031244211004,39.83576,-109.61202,NA,NA
"Chynoweth5","Symstad2 2022",0.799531368078211,40.480805,-109.438229,NA,NA
"Chynoweth7","Symstad2 2022",0.79406614103114,40.533605,-109.523564,NA,NA
"Chynoweth8","Symstad2 2022",0.778275942580632,40.640878,-109.48689,NA,NA
"Shriver2","Symstad2 2022",0.777166273231457,48,-114.04,NA,NA
"Davies03","Symstad2 2022",0.792043639195364,42.68,-118.68,NA,NA
"GerminoBOP1","Symstad2 2022",0.804322158552587,43.4720833,-116.2338306,NA,NA
"Mancillas01","Symstad2 2022",0.777472810897619,32.368,-106.56,NA,NA
"Boise_High 2022","Symstad2 2022",0.918692451323442,NA,NA,NA,NA
"Boise_Low 2022","Symstad2 2022",0.869293220539232,NA,NA,NA,NA
"CG PASTURE 2022","Symstad2 2022",0.979547802476197,NA,NA,NA,NA
"CaseAoyamaS1 2022","Symstad2 2022",0.926903216305629,NA,NA,NA,NA
"CastValley 2021","Symstad2 2022",0.869308713283226,NA,NA,NA,NA
"EOARC 2022","Symstad2 2022",0.927795543903271,NA,NA,NA,NA
"EnsingS1 SuRDC 2022","Symstad2 2022",0.965014668042241,NA,NA,NA,NA
"EnsingS2 Summerland-Princeton 2022","Symstad2 2022",0.914017030390205,NA,NA,NA,NA
"EnsingS3 Bear Creek 2022","Symstad2 2022",0.902327840176203,NA,NA,NA,NA
"EnsingS4 Lundbom 2022","Symstad2 2022",0.92297673108545,NA,NA,NA,NA
"FAR NORTH CPER 2022","Symstad2 2022",0.971133090464639,NA,NA,NA,NA
"FtK_Cottonwood_Coulee 2021","Symstad2 2022",0.966015141779049,NA,NA,NA,NA
"FtK_Lone_Pine 2021","Symstad2 2022",0.962698741410639,NA,NA,NA,NA
"GoeblS1 2024","Symstad2 2022",0.921295102966464,NA,NA,NA,NA
"GreenCanyon 2021","Symstad2 2022",0.961805803304547,NA,NA,NA,NA
"HPGRS AGCR 2022","Symstad2 2022",0.980155268939399,NA,NA,NA,NA
"HardwareRanch 2022","Symstad2 2022",0.957884427930782,NA,NA,NA,NA
"K1_vanDiepen 2022","Symstad2 2022",0.934344003199456,NA,NA,NA,NA
"L1_vanDiepen 2022","Symstad2 2022",0.975767845225281,NA,NA,NA,NA
"MPG_IR 2021","Symstad2 2022",0.959499273711081,NA,NA,NA,NA
"MPG_SR 2021","Symstad2 2022",0.962869992631266,NA,NA,NA,NA
"MPG_TH 2021","Symstad2 2022",0.961413098723924,NA,NA,NA,NA
"NEAR 4WAY CPER 2022","Symstad2 2022",0.967866929560038,NA,NA,NA,NA
"NEAR HQ CPER 2022","Symstad2 2022",0.972228896991862,NA,NA,NA,NA
"NEAR NUTNET 2022","Symstad2 2022",0.970305717550675,NA,NA,NA,NA
"OttS1 2022","Symstad2 2022",0.979851384116726,NA,NA,NA,NA
"PMR- Brome 2021","Symstad2 2022",0.95611209669285,NA,NA,NA,NA
"Pearlwise 2024","Symstad2 2022",0.926517407462441,NA,NA,NA,NA
"Peavine 2022","Symstad2 2022",0.877832134423554,NA,NA,NA,NA
"Plymouth 2022","Symstad2 2022",0.86839150657281,NA,NA,NA,NA
"RedBluff 2023","Symstad2 2022",0.968883852613551,NA,NA,NA,NA
"Rush_Valley 2022","Symstad2 2022",0.932558424380962,NA,NA,NA,NA
"SSHQ 2022","Symstad2 2022",0.961033555032446,NA,NA,NA,NA
"SSHigh 2022","Symstad2 2022",0.946013210528827,NA,NA,NA,NA
"SouthEden 2022","Symstad2 2022",0.957293700459187,NA,NA,NA,NA
"Symstad1 2021","Symstad2 2022",0.997301575597174,NA,NA,NA,NA
"Symstad2 2022","Symstad2 2022",1,NA,NA,NA,NA
"TB FIRE 2022","Symstad2 2022",0.968686189442427,NA,NA,NA,NA
"TB LC Control 2022","Symstad2 2022",0.967857225931242,NA,NA,NA,NA
"TB PRAIRIE DOG 2022","Symstad2 2022",0.968069427660288,NA,NA,NA,NA
"Woodruff 2022","Symstad2 2022",0.965381361488704,NA,NA,NA,NA
"dino 2024","Symstad2 2022",0.927010096454475,NA,NA,NA,NA
"AAFC4","TB FIRE 2022",0.776909917220196,50.08,-120.65,NA,NA
"AAFC5","TB FIRE 2022",0.790215961423331,50.09,-120.45,NA,NA
"AAFC6","TB FIRE 2022",0.773830054370653,50.09,-120.75,NA,NA
"AAFC8","TB FIRE 2022",0.798849656793673,49.57,-120.55,NA,NA
"AAFC9","TB FIRE 2022",0.774455958654066,49.62,-119.8,NA,NA
"AAFC10","TB FIRE 2022",0.774602324994342,49.71,-120.05,NA,NA
"Adler5","TB FIRE 2022",0.785606406374433,40.79,-111.87,NA,NA
"Schupp2","TB FIRE 2022",0.783176407770708,40.2,-112.46,NA,NA
"Schupp1","TB FIRE 2022",0.784527106941972,39.85,-112.15,NA,NA
"Adler13","TB FIRE 2022",0.786319963239983,41.44,-111.08,NA,NA
"Adler16","TB FIRE 2022",0.79921854343545,41.78,-110.2,NA,NA
"Adler17","TB FIRE 2022",0.799465641065311,41.44,-110.11,NA,NA
"Adler18","TB FIRE 2022",0.786862698123704,40.86,-114.22,NA,NA
"Barnett1","TB FIRE 2022",0.779875703330918,43.48,-110.74,NA,NA
"Baughman3","TB FIRE 2022",0.785984656694491,42.81,-118.96,NA,NA
"Baughman2","TB FIRE 2022",0.786874059346025,43.05,-118.87,NA,NA
"Chynoweth1","TB FIRE 2022",0.785986360935021,39.76604,-109.5635,NA,NA
"Board1","TB FIRE 2022",0.770727772768588,38.84,-117.57,NA,NA
"Bradford1","TB FIRE 2022",0.770128111468765,35.23,-111.62,NA,NA
"Chambers1","TB FIRE 2022",0.740007567100495,39.55,-119.58,NA,NA
"Chambers2","TB FIRE 2022",0.732623151566732,39.95,-118.76,NA,NA
"Urza1","TB FIRE 2022",0.732798543018508,40.35,-119.34,NA,NA
"Chambers4","TB FIRE 2022",0.73260202952742,41.31,-117.63,NA,NA
"Chambers5","TB FIRE 2022",0.724966205605375,41.54,-117.75,NA,NA
"Chambers6","TB FIRE 2022",0.724973532499756,41.54,-117.78,NA,NA
"Chambers7","TB FIRE 2022",0.797687361568067,43.94,-116.19,NA,NA
"Chambers8","TB FIRE 2022",0.785199537629697,42.24,-114.57,NA,NA
"Chambers9","TB FIRE 2022",0.786055474065139,40.66,-116.73,NA,NA
"Copeland1","TB FIRE 2022",0.786069453446413,43.7,-117.33,NA,NA
"Copeland5","TB FIRE 2022",0.784618479786958,42.27,-118.71,NA,NA
"Copeland9","TB FIRE 2022",0.799496276790551,43.47,-119.68,NA,NA
"Downs1","TB FIRE 2022",0.764250234183557,46.38145,-119.430272,NA,NA
"Downs2","TB FIRE 2022",0.774172665067541,46.25045,-119.53334,NA,NA
"Downs3","TB FIRE 2022",0.722996962858992,45.9663,-120.3671,NA,NA
"Fleishman1","TB FIRE 2022",0.798411272518632,38.47,-119.49,NA,NA
"Fleishman5","TB FIRE 2022",0.779621353643242,39.12,-117.27,NA,NA
"Fleishman7","TB FIRE 2022",0.772183537790741,39.17,-117.44,NA,NA
"Getts1","TB FIRE 2022",0.750132437069567,41.17,-120.5,NA,NA
"Getts3","TB FIRE 2022",0.790886475744182,40.43,-120.67,NA,NA
"Holdrege1","TB FIRE 2022",0.779597938355825,41.61,-111.57,NA,NA
"Hufft1","TB FIRE 2022",0.767310178626275,38.6701,-108.3286,NA,NA
"Lavin1","TB FIRE 2022",0.794580476986021,44.68,-109.07,NA,NA
"Lavin2","TB FIRE 2022",0.785565228076954,45.67,-111.03,NA,NA
"Lee1","TB FIRE 2022",0.732668343470658,36.82340833,-116.0163889,NA,NA
"Lee2","TB FIRE 2022",0.719437049153124,35.3984,-115.7845,NA,NA
"Lee3","TB FIRE 2022",0.732495999075616,36.5247,-115.8987,NA,NA
"Lee4","TB FIRE 2022",0.711503254281259,35.4564,-115.52,NA,NA
"Leger1","TB FIRE 2022",0.732404277480112,39.49,-119.84,NA,NA
"Maron1","TB FIRE 2022",0.783294119954766,46.68,-114.03,NA,NA
"Maron2","TB FIRE 2022",0.799172486032696,46.64,-113.23,NA,NA
"Porensky30","TB FIRE 2022",0.773129475883756,40.63,-105.27,NA,NA
"Pyke3","TB FIRE 2022",0.797676049575039,44.60456358,-120.1924183,NA,NA
"Pyke8","TB FIRE 2022",0.746525095465319,46.74830998,-119.361636,NA,NA
"Pyke21","TB FIRE 2022",0.788146616681593,47.61803776,-119.6830115,NA,NA
"Pyle1","TB FIRE 2022",0.887337486252993,42.35,-118.65,NA,NA
"Pyle9","TB FIRE 2022",0.799159282432069,43.42,-119.62,NA,NA
"Pyle10","TB FIRE 2022",0.779759046021363,43.19,-120,NA,NA
"Pyle15","TB FIRE 2022",0.795906160269767,43.8,-119,NA,NA
"Pyle17","TB FIRE 2022",0.777772047341919,44.36,-118.93,NA,NA
"Pyle19","TB FIRE 2022",0.760002323897396,44.57,-119.65,NA,NA
"Reed1","TB FIRE 2022",0.777720401748843,38.52,-109.47,NA,NA
"Reed3","TB FIRE 2022",0.776449729169558,38.75,-109.79,NA,NA
"Schupp3","TB FIRE 2022",0.777367392641916,38.6,-113.79,NA,NA
"Schupp4","TB FIRE 2022",0.785869954030052,38.52,-113.55,NA,NA
"Schupp5","TB FIRE 2022",0.787750570630646,39.11,-112.74,NA,NA
"Symstad1","TB FIRE 2022",0.779519173357984,44.59,-104.71,NA,NA
"Symstad2","TB FIRE 2022",0.763746265874645,43.87,-103.46,NA,NA
"Symstad3","TB FIRE 2022",0.800732995905027,43.62,-103.47,NA,NA
"Urza2","TB FIRE 2022",0.807805045699178,40.84,-119.56,NA,NA
"Wilcox2","TB FIRE 2022",0.762544831830421,41.31,-105.66,NA,NA
"Chynoweth2","TB FIRE 2022",0.780088444119237,40.29092,-109.68361,NA,NA
"Chynoweth3","TB FIRE 2022",0.762910189224133,39.83576,-109.61202,NA,NA
"Chynoweth5","TB FIRE 2022",0.801122405341996,40.480805,-109.438229,NA,NA
"Chynoweth7","TB FIRE 2022",0.786553732701508,40.533605,-109.523564,NA,NA
"Chynoweth8","TB FIRE 2022",0.779588003674245,40.640878,-109.48689,NA,NA
"Shriver2","TB FIRE 2022",0.779869999272328,48,-114.04,NA,NA
"Davies03","TB FIRE 2022",0.770426878214121,42.68,-118.68,NA,NA
"GerminoBOP1","TB FIRE 2022",0.794247831286707,43.4720833,-116.2338306,NA,NA
"Mancillas01","TB FIRE 2022",0.766620455066539,32.368,-106.56,NA,NA
"Boise_High 2022","TB FIRE 2022",0.932279414832332,NA,NA,NA,NA
"Boise_Low 2022","TB FIRE 2022",0.898451181961724,NA,NA,NA,NA
"CG PASTURE 2022","TB FIRE 2022",0.965894073166695,NA,NA,NA,NA
"CaseAoyamaS1 2022","TB FIRE 2022",0.949063212475951,NA,NA,NA,NA
"CastValley 2021","TB FIRE 2022",0.888860725708742,NA,NA,NA,NA
"EOARC 2022","TB FIRE 2022",0.948534093269166,NA,NA,NA,NA
"EnsingS1 SuRDC 2022","TB FIRE 2022",0.959061533835785,NA,NA,NA,NA
"EnsingS2 Summerland-Princeton 2022","TB FIRE 2022",0.921625073427784,NA,NA,NA,NA
"EnsingS3 Bear Creek 2022","TB FIRE 2022",0.921011227514008,NA,NA,NA,NA
"EnsingS4 Lundbom 2022","TB FIRE 2022",0.914661629719964,NA,NA,NA,NA
"FAR NORTH CPER 2022","TB FIRE 2022",0.982212157321586,NA,NA,NA,NA
"FtK_Cottonwood_Coulee 2021","TB FIRE 2022",0.98321080508064,NA,NA,NA,NA
"FtK_Lone_Pine 2021","TB FIRE 2022",0.982258095122866,NA,NA,NA,NA
"GoeblS1 2024","TB FIRE 2022",0.938448196285584,NA,NA,NA,NA
"GreenCanyon 2021","TB FIRE 2022",0.962826110669307,NA,NA,NA,NA
"HPGRS AGCR 2022","TB FIRE 2022",0.968467591226477,NA,NA,NA,NA
"HardwareRanch 2022","TB FIRE 2022",0.947520425193331,NA,NA,NA,NA
"K1_vanDiepen 2022","TB FIRE 2022",0.910504615693011,NA,NA,NA,NA
"L1_vanDiepen 2022","TB FIRE 2022",0.95841298952724,NA,NA,NA,NA
"MPG_IR 2021","TB FIRE 2022",0.935213635541582,NA,NA,NA,NA
"MPG_SR 2021","TB FIRE 2022",0.938847623451737,NA,NA,NA,NA
"MPG_TH 2021","TB FIRE 2022",0.93720125795079,NA,NA,NA,NA
"NEAR 4WAY CPER 2022","TB FIRE 2022",0.981194169401051,NA,NA,NA,NA
"NEAR HQ CPER 2022","TB FIRE 2022",0.980947585258452,NA,NA,NA,NA
"NEAR NUTNET 2022","TB FIRE 2022",0.981753367321155,NA,NA,NA,NA
"OttS1 2022","TB FIRE 2022",0.981942295240873,NA,NA,NA,NA
"PMR- Brome 2021","TB FIRE 2022",0.948173509946736,NA,NA,NA,NA
"Pearlwise 2024","TB FIRE 2022",0.944662903242146,NA,NA,NA,NA
"Peavine 2022","TB FIRE 2022",0.895904258025061,NA,NA,NA,NA
"Plymouth 2022","TB FIRE 2022",0.891269856207952,NA,NA,NA,NA
"RedBluff 2023","TB FIRE 2022",0.954217917607193,NA,NA,NA,NA
"Rush_Valley 2022","TB FIRE 2022",0.950351634450858,NA,NA,NA,NA
"SSHQ 2022","TB FIRE 2022",0.948316468061506,NA,NA,NA,NA
"SSHigh 2022","TB FIRE 2022",0.925216105772829,NA,NA,NA,NA
"SouthEden 2022","TB FIRE 2022",0.943227094472265,NA,NA,NA,NA
"Symstad1 2021","TB FIRE 2022",0.966743602369889,NA,NA,NA,NA
"Symstad2 2022","TB FIRE 2022",0.968686189442427,NA,NA,NA,NA
"TB FIRE 2022","TB FIRE 2022",1,NA,NA,NA,NA
"TB LC Control 2022","TB FIRE 2022",0.998808158383815,NA,NA,NA,NA
"TB PRAIRIE DOG 2022","TB FIRE 2022",0.99917410383995,NA,NA,NA,NA
"Woodruff 2022","TB FIRE 2022",0.951953272914086,NA,NA,NA,NA
"dino 2024","TB FIRE 2022",0.936934056457638,NA,NA,NA,NA
"AAFC4","TB LC Control 2022",0.776610330015001,50.08,-120.65,NA,NA
"AAFC5","TB LC Control 2022",0.789481105251182,50.09,-120.45,NA,NA
"AAFC6","TB LC Control 2022",0.77387759506286,50.09,-120.75,NA,NA
"AAFC8","TB LC Control 2022",0.798555409937022,49.57,-120.55,NA,NA
"AAFC9","TB LC Control 2022",0.773852252984161,49.62,-119.8,NA,NA
"AAFC10","TB LC Control 2022",0.773999432903705,49.71,-120.05,NA,NA
"Adler5","TB LC Control 2022",0.785112000162401,40.79,-111.87,NA,NA
"Schupp2","TB LC Control 2022",0.783207659517822,40.2,-112.46,NA,NA
"Schupp1","TB LC Control 2022",0.784799482097259,39.85,-112.15,NA,NA
"Adler13","TB LC Control 2022",0.786626859606054,41.44,-111.08,NA,NA
"Adler16","TB LC Control 2022",0.798994109938219,41.78,-110.2,NA,NA
"Adler17","TB LC Control 2022",0.79924092643063,41.44,-110.11,NA,NA
"Adler18","TB LC Control 2022",0.786841666939522,40.86,-114.22,NA,NA
"Barnett1","TB LC Control 2022",0.779225958275143,43.48,-110.74,NA,NA
"Baughman3","TB LC Control 2022",0.785501425839592,42.81,-118.96,NA,NA
"Baughman2","TB LC Control 2022",0.787011883405999,43.05,-118.87,NA,NA
"Chynoweth1","TB LC Control 2022",0.786204340479232,39.76604,-109.5635,NA,NA
"Board1","TB LC Control 2022",0.76943862938634,38.84,-117.57,NA,NA
"Bradford1","TB LC Control 2022",0.768839170635552,35.23,-111.62,NA,NA
"Chambers1","TB LC Control 2022",0.74078474098179,39.55,-119.58,NA,NA
"Chambers2","TB LC Control 2022",0.733439004588845,39.95,-118.76,NA,NA
"Urza1","TB LC Control 2022",0.733614785134533,40.35,-119.34,NA,NA
"Chambers4","TB LC Control 2022",0.733418457209662,41.31,-117.63,NA,NA
"Chambers5","TB LC Control 2022",0.725686150376914,41.54,-117.75,NA,NA
"Chambers6","TB LC Control 2022",0.725694355860428,41.54,-117.78,NA,NA
"Chambers7","TB LC Control 2022",0.797682175831351,43.94,-116.19,NA,NA
"Chambers8","TB LC Control 2022",0.78510627946857,42.24,-114.57,NA,NA
"Chambers9","TB LC Control 2022",0.786273756456162,40.66,-116.73,NA,NA
"Copeland1","TB LC Control 2022",0.786287338506909,43.7,-117.33,NA,NA
"Copeland5","TB LC Control 2022",0.783698113210116,42.27,-118.71,NA,NA
"Copeland9","TB LC Control 2022",0.799271306460384,43.47,-119.68,NA,NA
"Downs1","TB LC Control 2022",0.764279762279199,46.38145,-119.430272,NA,NA
"Downs2","TB LC Control 2022",0.773863713722639,46.25045,-119.53334,NA,NA
"Downs3","TB LC Control 2022",0.723039195420943,45.9663,-120.3671,NA,NA
"Fleishman1","TB LC Control 2022",0.798330657135014,38.47,-119.49,NA,NA
"Fleishman5","TB LC Control 2022",0.780196040555504,39.12,-117.27,NA,NA
"Fleishman7","TB LC Control 2022",0.771025793486133,39.17,-117.44,NA,NA
"Getts1","TB LC Control 2022",0.750198775799205,41.17,-120.5,NA,NA
"Getts3","TB LC Control 2022",0.78992079953583,40.43,-120.67,NA,NA
"Holdrege1","TB LC Control 2022",0.778948699941461,41.61,-111.57,NA,NA
"Hufft1","TB LC Control 2022",0.767569307768171,38.6701,-108.3286,NA,NA
"Lavin1","TB LC Control 2022",0.794711406131995,44.68,-109.07,NA,NA
"Lavin2","TB LC Control 2022",0.785031672245777,45.67,-111.03,NA,NA
"Lee1","TB LC Control 2022",0.733484822281961,36.82340833,-116.0163889,NA,NA
"Lee2","TB LC Control 2022",0.720114097106787,35.3984,-115.7845,NA,NA
"Lee3","TB LC Control 2022",0.733311805934763,36.5247,-115.8987,NA,NA
"Lee4","TB LC Control 2022",0.71171887806831,35.4564,-115.52,NA,NA
"Leger1","TB LC Control 2022",0.732160256720604,39.49,-119.84,NA,NA
"Maron1","TB LC Control 2022",0.783254111374952,46.68,-114.03,NA,NA
"Maron2","TB LC Control 2022",0.798947614062027,46.64,-113.23,NA,NA
"Porensky30","TB LC Control 2022",0.772658895137952,40.63,-105.27,NA,NA
"Pyke3","TB LC Control 2022",0.796903089952505,44.60456358,-120.1924183,NA,NA
"Pyke8","TB LC Control 2022",0.746822521022037,46.74830998,-119.361636,NA,NA
"Pyke21","TB LC Control 2022",0.787879030429816,47.61803776,-119.6830115,NA,NA
"Pyle1","TB LC Control 2022",0.887044242140273,42.35,-118.65,NA,NA
"Pyle9","TB LC Control 2022",0.798934938743221,43.42,-119.62,NA,NA
"Pyle10","TB LC Control 2022",0.780333820603094,43.19,-120,NA,NA
"Pyle15","TB LC Control 2022",0.795173628679226,43.8,-119,NA,NA
"Pyle17","TB LC Control 2022",0.77719882019108,44.36,-118.93,NA,NA
"Pyle19","TB LC Control 2022",0.760119531330893,44.57,-119.65,NA,NA
"Reed1","TB LC Control 2022",0.77784368566084,38.52,-109.47,NA,NA
"Reed3","TB LC Control 2022",0.776550788181543,38.75,-109.79,NA,NA
"Schupp3","TB LC Control 2022",0.777672354955397,38.6,-113.79,NA,NA
"Schupp4","TB LC Control 2022",0.786088157682011,38.52,-113.55,NA,NA
"Schupp5","TB LC Control 2022",0.787796026791038,39.11,-112.74,NA,NA
"Symstad1","TB LC Control 2022",0.779542577299944,44.59,-104.71,NA,NA
"Symstad2","TB LC Control 2022",0.763629145630853,43.87,-103.46,NA,NA
"Symstad3","TB LC Control 2022",0.800649408973821,43.62,-103.47,NA,NA
"Urza2","TB LC Control 2022",0.807301831600247,40.84,-119.56,NA,NA
"Wilcox2","TB LC Control 2022",0.76297615754873,41.31,-105.66,NA,NA
"Chynoweth2","TB LC Control 2022",0.780663793798252,40.29092,-109.68361,NA,NA
"Chynoweth3","TB LC Control 2022",0.763341350224331,39.83576,-109.61202,NA,NA
"Chynoweth5","TB LC Control 2022",0.801655137814414,40.480805,-109.438229,NA,NA
"Chynoweth7","TB LC Control 2022",0.786771571653531,40.533605,-109.523564,NA,NA
"Chynoweth8","TB LC Control 2022",0.780162492572494,40.640878,-109.48689,NA,NA
"Shriver2","TB LC Control 2022",0.779220141098917,48,-114.04,NA,NA
"Davies03","TB LC Control 2022",0.769137866120317,42.68,-118.68,NA,NA
"GerminoBOP1","TB LC Control 2022",0.794471770536703,43.4720833,-116.2338306,NA,NA
"Mancillas01","TB LC Control 2022",0.766749238854918,32.368,-106.56,NA,NA
"Boise_High 2022","TB LC Control 2022",0.931601927956701,NA,NA,NA,NA
"Boise_Low 2022","TB LC Control 2022",0.899091273640155,NA,NA,NA,NA
"CG PASTURE 2022","TB LC Control 2022",0.964682187372977,NA,NA,NA,NA
"CaseAoyamaS1 2022","TB LC Control 2022",0.948806334971745,NA,NA,NA,NA
"CastValley 2021","TB LC Control 2022",0.889971578084969,NA,NA,NA,NA
"EOARC 2022","TB LC Control 2022",0.948171155667866,NA,NA,NA,NA
"EnsingS1 SuRDC 2022","TB LC Control 2022",0.958116511356635,NA,NA,NA,NA
"EnsingS2 Summerland-Princeton 2022","TB LC Control 2022",0.920661326909639,NA,NA,NA,NA
"EnsingS3 Bear Creek 2022","TB LC Control 2022",0.920640069883474,NA,NA,NA,NA
"EnsingS4 Lundbom 2022","TB LC Control 2022",0.913351266809979,NA,NA,NA,NA
"FAR NORTH CPER 2022","TB LC Control 2022",0.981935064886637,NA,NA,NA,NA
"FtK_Cottonwood_Coulee 2021","TB LC Control 2022",0.983499459890515,NA,NA,NA,NA
"FtK_Lone_Pine 2021","TB LC Control 2022",0.982839682162253,NA,NA,NA,NA
"GoeblS1 2024","TB LC Control 2022",0.938620306981735,NA,NA,NA,NA
"GreenCanyon 2021","TB LC Control 2022",0.962277888145001,NA,NA,NA,NA
"HPGRS AGCR 2022","TB LC Control 2022",0.967282417399939,NA,NA,NA,NA
"HardwareRanch 2022","TB LC Control 2022",0.946438839992028,NA,NA,NA,NA
"K1_vanDiepen 2022","TB LC Control 2022",0.909258363216278,NA,NA,NA,NA
"L1_vanDiepen 2022","TB LC Control 2022",0.957316250957875,NA,NA,NA,NA
"MPG_IR 2021","TB LC Control 2022",0.93409410721159,NA,NA,NA,NA
"MPG_SR 2021","TB LC Control 2022",0.937754131319842,NA,NA,NA,NA
"MPG_TH 2021","TB LC Control 2022",0.936098044309369,NA,NA,NA,NA
"NEAR 4WAY CPER 2022","TB LC Control 2022",0.981201680805602,NA,NA,NA,NA
"NEAR HQ CPER 2022","TB LC Control 2022",0.980563356630155,NA,NA,NA,NA
"NEAR NUTNET 2022","TB LC Control 2022",0.981549286399733,NA,NA,NA,NA
"OttS1 2022","TB LC Control 2022",0.980888515056949,NA,NA,NA,NA
"PMR- Brome 2021","TB LC Control 2022",0.946951813659662,NA,NA,NA,NA
"Pearlwise 2024","TB LC Control 2022",0.944493754307084,NA,NA,NA,NA
"Peavine 2022","TB LC Control 2022",0.895660883614781,NA,NA,NA,NA
"Plymouth 2022","TB LC Control 2022",0.891457367319263,NA,NA,NA,NA
"RedBluff 2023","TB LC Control 2022",0.952918148684199,NA,NA,NA,NA
"Rush_Valley 2022","TB LC Control 2022",0.950767774458251,NA,NA,NA,NA
"SSHQ 2022","TB LC Control 2022",0.947761139747933,NA,NA,NA,NA
"SSHigh 2022","TB LC Control 2022",0.92422652745653,NA,NA,NA,NA
"SouthEden 2022","TB LC Control 2022",0.942173656941541,NA,NA,NA,NA
"Symstad1 2021","TB LC Control 2022",0.965849842271169,NA,NA,NA,NA
"Symstad2 2022","TB LC Control 2022",0.967857225931242,NA,NA,NA,NA
"TB FIRE 2022","TB LC Control 2022",0.998808158383815,NA,NA,NA,NA
"TB LC Control 2022","TB LC Control 2022",1,NA,NA,NA,NA
"TB PRAIRIE DOG 2022","TB LC Control 2022",0.999609967736426,NA,NA,NA,NA
"Woodruff 2022","TB LC Control 2022",0.951140035233027,NA,NA,NA,NA
"dino 2024","TB LC Control 2022",0.937889374032519,NA,NA,NA,NA
"AAFC4","TB PRAIRIE DOG 2022",0.776698289251817,50.08,-120.65,NA,NA
"AAFC5","TB PRAIRIE DOG 2022",0.789717319408173,50.09,-120.45,NA,NA
"AAFC6","TB PRAIRIE DOG 2022",0.773841106908894,50.09,-120.75,NA,NA
"AAFC8","TB PRAIRIE DOG 2022",0.798665620335253,49.57,-120.55,NA,NA
"AAFC9","TB PRAIRIE DOG 2022",0.774044578711134,49.62,-119.8,NA,NA
"AAFC10","TB PRAIRIE DOG 2022",0.774191501118219,49.71,-120.05,NA,NA
"Adler5","TB PRAIRIE DOG 2022",0.78527432656432,40.79,-111.87,NA,NA
"Schupp2","TB PRAIRIE DOG 2022",0.783207588551226,40.2,-112.46,NA,NA
"Schupp1","TB PRAIRIE DOG 2022",0.784706503080584,39.85,-112.15,NA,NA
"Adler13","TB PRAIRIE DOG 2022",0.786518739665611,41.44,-111.08,NA,NA
"Adler16","TB PRAIRIE DOG 2022",0.799130752367098,41.78,-110.2,NA,NA
"Adler17","TB PRAIRIE DOG 2022",0.799377587292135,41.44,-110.11,NA,NA
"Adler18","TB PRAIRIE DOG 2022",0.786853932866016,40.86,-114.22,NA,NA
"Barnett1","TB PRAIRIE DOG 2022",0.779437725781086,43.48,-110.74,NA,NA
"Baughman3","TB PRAIRIE DOG 2022",0.785669854490343,42.81,-118.96,NA,NA
"Baughman2","TB PRAIRIE DOG 2022",0.786978674644808,43.05,-118.87,NA,NA
"Chynoweth1","TB PRAIRIE DOG 2022",0.786106294034261,39.76604,-109.5635,NA,NA
"Board1","TB PRAIRIE DOG 2022",0.769789615402201,38.84,-117.57,NA,NA
"Bradford1","TB PRAIRIE DOG 2022",0.769190017562911,35.23,-111.62,NA,NA
"Chambers1","TB PRAIRIE DOG 2022",0.740497621703702,39.55,-119.58,NA,NA
"Chambers2","TB PRAIRIE DOG 2022",0.73314692993688,39.95,-118.76,NA,NA
"Urza1","TB PRAIRIE DOG 2022",0.733322611715204,40.35,-119.34,NA,NA
"Chambers4","TB PRAIRIE DOG 2022",0.733126193975622,41.31,-117.63,NA,NA
"Chambers5","TB PRAIRIE DOG 2022",0.725427698470859,41.54,-117.75,NA,NA
"Chambers6","TB PRAIRIE DOG 2022",0.725435568877196,41.54,-117.78,NA,NA
"Chambers7","TB PRAIRIE DOG 2022",0.797685644012744,43.94,-116.19,NA,NA
"Chambers8","TB PRAIRIE DOG 2022",0.78513183823596,42.24,-114.57,NA,NA
"Chambers9","TB PRAIRIE DOG 2022",0.786175626524227,40.66,-116.73,NA,NA
"Copeland1","TB PRAIRIE DOG 2022",0.786189338017352,43.7,-117.33,NA,NA
"Copeland5","TB PRAIRIE DOG 2022",0.783974481472579,42.27,-118.71,NA,NA
"Copeland9","TB PRAIRIE DOG 2022",0.799408063475679,43.47,-119.68,NA,NA
"Downs1","TB PRAIRIE DOG 2022",0.764277537277421,46.38145,-119.430272,NA,NA
"Downs2","TB PRAIRIE DOG 2022",0.773955951221,46.25045,-119.53334,NA,NA
"Downs3","TB PRAIRIE DOG 2022",0.723075731838319,45.9663,-120.3671,NA,NA
"Fleishman1","TB PRAIRIE DOG 2022",0.798365975672244,38.47,-119.49,NA,NA
"Fleishman5","TB PRAIRIE DOG 2022",0.780020158842931,39.12,-117.27,NA,NA
"Fleishman7","TB PRAIRIE DOG 2022",0.771357510167699,39.17,-117.44,NA,NA
"Getts1","TB PRAIRIE DOG 2022",0.750210580204867,41.17,-120.5,NA,NA
"Getts3","TB PRAIRIE DOG 2022",0.790214284648468,40.43,-120.67,NA,NA
"Holdrege1","TB PRAIRIE DOG 2022",0.779160293832066,41.61,-111.57,NA,NA
"Hufft1","TB PRAIRIE DOG 2022",0.767505281528624,38.6701,-108.3286,NA,NA
"Lavin1","TB PRAIRIE DOG 2022",0.79466871824956,44.68,-109.07,NA,NA
"Lavin2","TB PRAIRIE DOG 2022",0.785199200375552,45.67,-111.03,NA,NA
"Lee1","TB PRAIRIE DOG 2022",0.733192479662658,36.82340833,-116.0163889,NA,NA
"Lee2","TB PRAIRIE DOG 2022",0.719860741802338,35.3984,-115.7845,NA,NA
"Lee3","TB PRAIRIE DOG 2022",0.733019665681807,36.5247,-115.8987,NA,NA
"Lee4","TB PRAIRIE DOG 2022",0.711701470328137,35.4564,-115.52,NA,NA
"Leger1","TB PRAIRIE DOG 2022",0.732257813897862,39.49,-119.84,NA,NA
"Maron1","TB PRAIRIE DOG 2022",0.783236380328681,46.68,-114.03,NA,NA
"Maron2","TB PRAIRIE DOG 2022",0.799084311939558,46.64,-113.23,NA,NA
"Porensky30","TB PRAIRIE DOG 2022",0.7728075521131,40.63,-105.27,NA,NA
"Pyke3","TB PRAIRIE DOG 2022",0.797140746776424,44.60456358,-120.1924183,NA,NA
"Pyke8","TB PRAIRIE DOG 2022",0.746738325375006,46.74830998,-119.361636,NA,NA
"Pyke21","TB PRAIRIE DOG 2022",0.787985091295875,47.61803776,-119.6830115,NA,NA
"Pyle1","TB PRAIRIE DOG 2022",0.887117008753894,42.35,-118.65,NA,NA
"Pyle9","TB PRAIRIE DOG 2022",0.799071509616379,43.42,-119.62,NA,NA
"Pyle10","TB PRAIRIE DOG 2022",0.780157889953538,43.19,-120,NA,NA
"Pyle15","TB PRAIRIE DOG 2022",0.795405661785553,43.8,-119,NA,NA
"Pyle17","TB PRAIRIE DOG 2022",0.777389180032379,44.36,-118.93,NA,NA
"Pyle19","TB PRAIRIE DOG 2022",0.760030137479567,44.57,-119.65,NA,NA
"Reed1","TB PRAIRIE DOG 2022",0.777787585099622,38.52,-109.47,NA,NA
"Reed3","TB PRAIRIE DOG 2022",0.776475753153231,38.75,-109.79,NA,NA
"Schupp3","TB PRAIRIE DOG 2022",0.777572574773686,38.6,-113.79,NA,NA
"Schupp4","TB PRAIRIE DOG 2022",0.785990021949037,38.52,-113.55,NA,NA
"Schupp5","TB PRAIRIE DOG 2022",0.787747408369806,39.11,-112.74,NA,NA
"Symstad1","TB PRAIRIE DOG 2022",0.779543195109689,44.59,-104.71,NA,NA
"Symstad2","TB PRAIRIE DOG 2022",0.763663672175935,43.87,-103.46,NA,NA
"Symstad3","TB PRAIRIE DOG 2022",0.800670593051496,43.62,-103.47,NA,NA
"Urza2","TB PRAIRIE DOG 2022",0.807470700146492,40.84,-119.56,NA,NA
"Wilcox2","TB PRAIRIE DOG 2022",0.762859955980837,41.31,-105.66,NA,NA
"Chynoweth2","TB PRAIRIE DOG 2022",0.780487715682256,40.29092,-109.68361,NA,NA
"Chynoweth3","TB PRAIRIE DOG 2022",0.763225147959263,39.83576,-109.61202,NA,NA
"Chynoweth5","TB PRAIRIE DOG 2022",0.80149471941716,40.480805,-109.438229,NA,NA
"Chynoweth7","TB PRAIRIE DOG 2022",0.786673627531123,40.533605,-109.523564,NA,NA
"Chynoweth8","TB PRAIRIE DOG 2022",0.779986659369697,40.640878,-109.48689,NA,NA
"Shriver2","TB PRAIRIE DOG 2022",0.779431912676643,48,-114.04,NA,NA
"Davies03","TB PRAIRIE DOG 2022",0.769488759233557,42.68,-118.68,NA,NA
"GerminoBOP1","TB PRAIRIE DOG 2022",0.794357944388927,43.4720833,-116.2338306,NA,NA
"Mancillas01","TB PRAIRIE DOG 2022",0.766657276891481,32.368,-106.56,NA,NA
"Boise_High 2022","TB PRAIRIE DOG 2022",0.931823848775447,NA,NA,NA,NA
"Boise_Low 2022","TB PRAIRIE DOG 2022",0.898864713515561,NA,NA,NA,NA
"CG PASTURE 2022","TB PRAIRIE DOG 2022",0.96503692125459,NA,NA,NA,NA
"CaseAoyamaS1 2022","TB PRAIRIE DOG 2022",0.948894056030879,NA,NA,NA,NA
"CastValley 2021","TB PRAIRIE DOG 2022",0.889561711217186,NA,NA,NA,NA
"EOARC 2022","TB PRAIRIE DOG 2022",0.948294999738009,NA,NA,NA,NA
"EnsingS1 SuRDC 2022","TB PRAIRIE DOG 2022",0.958382031174768,NA,NA,NA,NA
"EnsingS2 Summerland-Princeton 2022","TB PRAIRIE DOG 2022",0.920960409929311,NA,NA,NA,NA
"EnsingS3 Bear Creek 2022","TB PRAIRIE DOG 2022",0.920737811579377,NA,NA,NA,NA
"EnsingS4 Lundbom 2022","TB PRAIRIE DOG 2022",0.913792806556426,NA,NA,NA,NA
"FAR NORTH CPER 2022","TB PRAIRIE DOG 2022",0.981951370828504,NA,NA,NA,NA
"FtK_Cottonwood_Coulee 2021","TB PRAIRIE DOG 2022",0.98345137880633,NA,NA,NA,NA
"FtK_Lone_Pine 2021","TB PRAIRIE DOG 2022",0.98269551791519,NA,NA,NA,NA
"GoeblS1 2024","TB PRAIRIE DOG 2022",0.938492073602532,NA,NA,NA,NA
"GreenCanyon 2021","TB PRAIRIE DOG 2022",0.962419730108531,NA,NA,NA,NA
"HPGRS AGCR 2022","TB PRAIRIE DOG 2022",0.967623423877536,NA,NA,NA,NA
"HardwareRanch 2022","TB PRAIRIE DOG 2022",0.946785837170308,NA,NA,NA,NA
"K1_vanDiepen 2022","TB PRAIRIE DOG 2022",0.909657509840176,NA,NA,NA,NA
"L1_vanDiepen 2022","TB PRAIRIE DOG 2022",0.957668008126223,NA,NA,NA,NA
"MPG_IR 2021","TB PRAIRIE DOG 2022",0.934426679073297,NA,NA,NA,NA
"MPG_SR 2021","TB PRAIRIE DOG 2022",0.938077166256685,NA,NA,NA,NA
"MPG_TH 2021","TB PRAIRIE DOG 2022",0.936423904412154,NA,NA,NA,NA
"NEAR 4WAY CPER 2022","TB PRAIRIE DOG 2022",0.981122685592323,NA,NA,NA,NA
"NEAR HQ CPER 2022","TB PRAIRIE DOG 2022",0.980612224122032,NA,NA,NA,NA
"NEAR NUTNET 2022","TB PRAIRIE DOG 2022",0.981539813373286,NA,NA,NA,NA
"OttS1 2022","TB PRAIRIE DOG 2022",0.981160601199226,NA,NA,NA,NA
"PMR- Brome 2021","TB PRAIRIE DOG 2022",0.947303261048741,NA,NA,NA,NA
"Pearlwise 2024","TB PRAIRIE DOG 2022",0.944535384096159,NA,NA,NA,NA
"Peavine 2022","TB PRAIRIE DOG 2022",0.895722041553191,NA,NA,NA,NA
"Plymouth 2022","TB PRAIRIE DOG 2022",0.891371151088412,NA,NA,NA,NA
"RedBluff 2023","TB PRAIRIE DOG 2022",0.953306923937069,NA,NA,NA,NA
"Rush_Valley 2022","TB PRAIRIE DOG 2022",0.950581533543389,NA,NA,NA,NA
"SSHQ 2022","TB PRAIRIE DOG 2022",0.947962067835471,NA,NA,NA,NA
"SSHigh 2022","TB PRAIRIE DOG 2022",0.924559902374403,NA,NA,NA,NA
"SouthEden 2022","TB PRAIRIE DOG 2022",0.942531783593104,NA,NA,NA,NA
"Symstad1 2021","TB PRAIRIE DOG 2022",0.96608508414609,NA,NA,NA,NA
"Symstad2 2022","TB PRAIRIE DOG 2022",0.968069427660288,NA,NA,NA,NA
"TB FIRE 2022","TB PRAIRIE DOG 2022",0.99917410383995,NA,NA,NA,NA
"TB LC Control 2022","TB PRAIRIE DOG 2022",0.999609967736426,NA,NA,NA,NA
"TB PRAIRIE DOG 2022","TB PRAIRIE DOG 2022",1,NA,NA,NA,NA
"Woodruff 2022","TB PRAIRIE DOG 2022",0.951417516350154,NA,NA,NA,NA
"dino 2024","TB PRAIRIE DOG 2022",0.937561577036249,NA,NA,NA,NA
"AAFC4","Woodruff 2022",0.779152772303846,50.08,-120.65,NA,NA
"AAFC5","Woodruff 2022",0.793833436697955,50.09,-120.45,NA,NA
"AAFC6","Woodruff 2022",0.770669265059095,50.09,-120.75,NA,NA
"AAFC8","Woodruff 2022",0.801560371153459,49.57,-120.55,NA,NA
"AAFC9","Woodruff 2022",0.773798439102874,49.62,-119.8,NA,NA
"AAFC10","Woodruff 2022",0.773949817143882,49.71,-120.05,NA,NA
"Adler5","Woodruff 2022",0.789818646469372,40.79,-111.87,NA,NA
"Schupp2","Woodruff 2022",0.778741764041329,40.2,-112.46,NA,NA
"Schupp1","Woodruff 2022",0.77374681116487,39.85,-112.15,NA,NA
"Adler13","Woodruff 2022",0.793012767474493,41.44,-111.08,NA,NA
"Adler16","Woodruff 2022",0.801577568131472,41.78,-110.2,NA,NA
"Adler17","Woodruff 2022",0.80181067259179,41.44,-110.11,NA,NA
"Adler18","Woodruff 2022",0.790275430906324,40.86,-114.22,NA,NA
"Barnett1","Woodruff 2022",0.797563458555102,43.48,-110.74,NA,NA
"Baughman3","Woodruff 2022",0.786151417893689,42.81,-118.96,NA,NA
"Baughman2","Woodruff 2022",0.778582659654625,43.05,-118.87,NA,NA
"Chynoweth1","Woodruff 2022",0.803424098952541,39.76604,-109.5635,NA,NA
"Board1","Woodruff 2022",0.781335045586754,38.84,-117.57,NA,NA
"Bradford1","Woodruff 2022",0.78073445876564,35.23,-111.62,NA,NA
"Chambers1","Woodruff 2022",0.686265431563171,39.55,-119.58,NA,NA
"Chambers2","Woodruff 2022",0.681391135324836,39.95,-118.76,NA,NA
"Urza1","Woodruff 2022",0.681543905550979,40.35,-119.34,NA,NA
"Chambers4","Woodruff 2022",0.681325982390329,41.31,-117.63,NA,NA
"Chambers5","Woodruff 2022",0.676553740149124,41.54,-117.75,NA,NA
"Chambers6","Woodruff 2022",0.676529489379223,41.54,-117.78,NA,NA
"Chambers7","Woodruff 2022",0.794083108491613,43.94,-116.19,NA,NA
"Chambers8","Woodruff 2022",0.789619705766541,42.24,-114.57,NA,NA
"Chambers9","Woodruff 2022",0.803474344152793,40.66,-116.73,NA,NA
"Copeland1","Woodruff 2022",0.803496745765349,43.7,-117.33,NA,NA
"Copeland5","Woodruff 2022",0.799093655361913,42.27,-118.71,NA,NA
"Copeland9","Woodruff 2022",0.80187343892234,43.47,-119.68,NA,NA
"Downs1","Woodruff 2022",0.760439436681604,46.38145,-119.430272,NA,NA
"Downs2","Woodruff 2022",0.770401349799202,46.25045,-119.53334,NA,NA
"Downs3","Woodruff 2022",0.709274926488192,45.9663,-120.3671,NA,NA
"Fleishman1","Woodruff 2022",0.802623125850098,38.47,-119.49,NA,NA
"Fleishman5","Woodruff 2022",0.770522471254736,39.12,-117.27,NA,NA
"Fleishman7","Woodruff 2022",0.786082507993884,39.17,-117.44,NA,NA
"Getts1","Woodruff 2022",0.733341391247518,41.17,-120.5,NA,NA
"Getts3","Woodruff 2022",0.811461138963535,40.43,-120.67,NA,NA
"Holdrege1","Woodruff 2022",0.797292750778114,41.61,-111.57,NA,NA
"Hufft1","Woodruff 2022",0.760421881542832,38.6701,-108.3286,NA,NA
"Lavin1","Woodruff 2022",0.788054982608245,44.68,-109.07,NA,NA
"Lavin2","Woodruff 2022",0.781013685199493,45.67,-111.03,NA,NA
"Lee1","Woodruff 2022",0.681396149569454,36.82340833,-116.0163889,NA,NA
"Lee2","Woodruff 2022",0.668991462621553,35.3984,-115.7845,NA,NA
"Lee3","Woodruff 2022",0.681226963681994,36.5247,-115.8987,NA,NA
"Lee4","Woodruff 2022",0.685100264360326,35.4564,-115.52,NA,NA
"Leger1","Woodruff 2022",0.71872524704725,39.49,-119.84,NA,NA
"Maron1","Woodruff 2022",0.785240646379905,46.68,-114.03,NA,NA
"Maron2","Woodruff 2022",0.801536097952238,46.64,-113.23,NA,NA
"Porensky30","Woodruff 2022",0.766744925737403,40.63,-105.27,NA,NA
"Pyke3","Woodruff 2022",0.806727700709222,44.60456358,-120.1924183,NA,NA
"Pyke8","Woodruff 2022",0.736561956055543,46.74830998,-119.361636,NA,NA
"Pyke21","Woodruff 2022",0.794902909352975,47.61803776,-119.6830115,NA,NA
"Pyle1","Woodruff 2022",0.890697027143021,42.35,-118.65,NA,NA
"Pyle9","Woodruff 2022",0.801506583672984,43.42,-119.62,NA,NA
"Pyle10","Woodruff 2022",0.770676613581777,43.19,-120,NA,NA
"Pyle15","Woodruff 2022",0.8035897544628,43.8,-119,NA,NA
"Pyle17","Woodruff 2022",0.779677596606573,44.36,-118.93,NA,NA
"Pyle19","Woodruff 2022",0.751962795067534,44.57,-119.65,NA,NA
"Reed1","Woodruff 2022",0.775759911060105,38.52,-109.47,NA,NA
"Reed3","Woodruff 2022",0.771379896122358,38.75,-109.79,NA,NA
"Schupp3","Woodruff 2022",0.77000971743901,38.6,-113.79,NA,NA
"Schupp4","Woodruff 2022",0.803292737203389,38.52,-113.55,NA,NA
"Schupp5","Woodruff 2022",0.796543733515301,39.11,-112.74,NA,NA
"Symstad1","Woodruff 2022",0.769204980704901,44.59,-104.71,NA,NA
"Symstad2","Woodruff 2022",0.757533074753804,43.87,-103.46,NA,NA
"Symstad3","Woodruff 2022",0.799772352778036,43.62,-103.47,NA,NA
"Urza2","Woodruff 2022",0.821275722230012,40.84,-119.56,NA,NA
"Wilcox2","Woodruff 2022",0.754322079500192,41.31,-105.66,NA,NA
"Chynoweth2","Woodruff 2022",0.770987783358297,40.29092,-109.68361,NA,NA
"Chynoweth3","Woodruff 2022",0.754685169865085,39.83576,-109.61202,NA,NA
"Chynoweth5","Woodruff 2022",0.791909051698305,40.480805,-109.438229,NA,NA
"Chynoweth7","Woodruff 2022",0.803981734172003,40.533605,-109.523564,NA,NA
"Chynoweth8","Woodruff 2022",0.770502484585226,40.640878,-109.48689,NA,NA
"Shriver2","Woodruff 2022",0.797576277479315,48,-114.04,NA,NA
"Davies03","Woodruff 2022",0.781024100392193,42.68,-118.68,NA,NA
"GerminoBOP1","Woodruff 2022",0.803975142840054,43.4720833,-116.2338306,NA,NA
"Mancillas01","Woodruff 2022",0.760683069748685,32.368,-106.56,NA,NA
"Boise_High 2022","Woodruff 2022",0.91338189399943,NA,NA,NA,NA
"Boise_Low 2022","Woodruff 2022",0.851752100252402,NA,NA,NA,NA
"CG PASTURE 2022","Woodruff 2022",0.960868038678441,NA,NA,NA,NA
"CaseAoyamaS1 2022","Woodruff 2022",0.917245670172511,NA,NA,NA,NA
"CastValley 2021","Woodruff 2022",0.849794368563531,NA,NA,NA,NA
"EOARC 2022","Woodruff 2022",0.919142120765456,NA,NA,NA,NA
"EnsingS1 SuRDC 2022","Woodruff 2022",0.958907595229984,NA,NA,NA,NA
"EnsingS2 Summerland-Princeton 2022","Woodruff 2022",0.910789329981055,NA,NA,NA,NA
"EnsingS3 Bear Creek 2022","Woodruff 2022",0.891372492889917,NA,NA,NA,NA
"EnsingS4 Lundbom 2022","Woodruff 2022",0.936118077829056,NA,NA,NA,NA
"FAR NORTH CPER 2022","Woodruff 2022",0.945557026848802,NA,NA,NA,NA
"FtK_Cottonwood_Coulee 2021","Woodruff 2022",0.955254337167635,NA,NA,NA,NA
"FtK_Lone_Pine 2021","Woodruff 2022",0.951446674917827,NA,NA,NA,NA
"GoeblS1 2024","Woodruff 2022",0.896672606054301,NA,NA,NA,NA
"GreenCanyon 2021","Woodruff 2022",0.957980389959242,NA,NA,NA,NA
"HPGRS AGCR 2022","Woodruff 2022",0.959346993165196,NA,NA,NA,NA
"HardwareRanch 2022","Woodruff 2022",0.968595166939507,NA,NA,NA,NA
"K1_vanDiepen 2022","Woodruff 2022",0.953240973916908,NA,NA,NA,NA
"L1_vanDiepen 2022","Woodruff 2022",0.980520605079757,NA,NA,NA,NA
"MPG_IR 2021","Woodruff 2022",0.971231720258833,NA,NA,NA,NA
"MPG_SR 2021","Woodruff 2022",0.973803681033248,NA,NA,NA,NA
"MPG_TH 2021","Woodruff 2022",0.972508703741074,NA,NA,NA,NA
"NEAR 4WAY CPER 2022","Woodruff 2022",0.94214365464723,NA,NA,NA,NA
"NEAR HQ CPER 2022","Woodruff 2022",0.946193058989662,NA,NA,NA,NA
"NEAR NUTNET 2022","Woodruff 2022",0.94446200229546,NA,NA,NA,NA
"OttS1 2022","Woodruff 2022",0.956775271618026,NA,NA,NA,NA
"PMR- Brome 2021","Woodruff 2022",0.942446667764821,NA,NA,NA,NA
"Pearlwise 2024","Woodruff 2022",0.9149551679622,NA,NA,NA,NA
"Peavine 2022","Woodruff 2022",0.864591336257733,NA,NA,NA,NA
"Plymouth 2022","Woodruff 2022",0.850104728828942,NA,NA,NA,NA
"RedBluff 2023","Woodruff 2022",0.961646653792495,NA,NA,NA,NA
"Rush_Valley 2022","Woodruff 2022",0.917529316029784,NA,NA,NA,NA
"SSHQ 2022","Woodruff 2022",0.986038010675169,NA,NA,NA,NA
"SSHigh 2022","Woodruff 2022",0.973419217620044,NA,NA,NA,NA
"SouthEden 2022","Woodruff 2022",0.982444842174196,NA,NA,NA,NA
"Symstad1 2021","Woodruff 2022",0.966094898613376,NA,NA,NA,NA
"Symstad2 2022","Woodruff 2022",0.965381361488704,NA,NA,NA,NA
"TB FIRE 2022","Woodruff 2022",0.951953272914086,NA,NA,NA,NA
"TB LC Control 2022","Woodruff 2022",0.951140035233027,NA,NA,NA,NA
"TB PRAIRIE DOG 2022","Woodruff 2022",0.951417516350154,NA,NA,NA,NA
"Woodruff 2022","Woodruff 2022",1,NA,NA,NA,NA
"dino 2024","Woodruff 2022",0.920330816825162,NA,NA,NA,NA
"AAFC4","dino 2024",0.757695725639251,50.08,-120.65,NA,NA
"AAFC5","dino 2024",0.748735241965188,50.09,-120.45,NA,NA
"AAFC6","dino 2024",0.771603085227461,50.09,-120.75,NA,NA
"AAFC8","dino 2024",0.776629982818808,49.57,-120.55,NA,NA
"AAFC9","dino 2024",0.738135357198361,49.62,-119.8,NA,NA
"AAFC10","dino 2024",0.738334764628141,49.71,-120.05,NA,NA
"Adler5","dino 2024",0.760531298632876,40.79,-111.87,NA,NA
"Schupp2","dino 2024",0.776350238081065,40.2,-112.46,NA,NA
"Schupp1","dino 2024",0.784352624292769,39.85,-112.15,NA,NA
"Adler13","dino 2024",0.815453972202132,41.44,-111.08,NA,NA
"Adler16","dino 2024",0.767406197534752,41.78,-110.2,NA,NA
"Adler17","dino 2024",0.767627722411845,41.44,-110.11,NA,NA
"Adler18","dino 2024",0.784344481371687,40.86,-114.22,NA,NA
"Barnett1","dino 2024",0.754315976703916,43.48,-110.74,NA,NA
"Baughman3","dino 2024",0.755022409753764,42.81,-118.96,NA,NA
"Baughman2","dino 2024",0.784405171546275,43.05,-118.87,NA,NA
"Chynoweth1","dino 2024",0.826039298007927,39.76604,-109.5635,NA,NA
"Board1","dino 2024",0.718944225964442,38.84,-117.57,NA,NA
"Bradford1","dino 2024",0.718372262617313,35.23,-111.62,NA,NA
"Chambers1","dino 2024",0.732526214728833,39.55,-119.58,NA,NA
"Chambers2","dino 2024",0.725073530762441,39.95,-118.76,NA,NA
"Urza1","dino 2024",0.725237089530876,40.35,-119.34,NA,NA
"Chambers4","dino 2024",0.725044409815806,41.31,-117.63,NA,NA
"Chambers5","dino 2024",0.716791895868458,41.54,-117.75,NA,NA
"Chambers6","dino 2024",0.716816972503056,41.54,-117.78,NA,NA
"Chambers7","dino 2024",0.790264839423691,43.94,-116.19,NA,NA
"Chambers8","dino 2024",0.780671995373583,42.24,-114.57,NA,NA
"Chambers9","dino 2024",0.826108111466436,40.66,-116.73,NA,NA
"Copeland1","dino 2024",0.826101460656287,43.7,-117.33,NA,NA
"Copeland5","dino 2024",0.746515027442854,42.27,-118.71,NA,NA
"Copeland9","dino 2024",0.767670838164871,43.47,-119.68,NA,NA
"Downs1","dino 2024",0.757292514656658,46.38145,-119.430272,NA,NA
"Downs2","dino 2024",0.752669342008685,46.25045,-119.53334,NA,NA
"Downs3","dino 2024",0.707713520008927,45.9663,-120.3671,NA,NA
"Fleishman1","dino 2024",0.792805824127478,38.47,-119.49,NA,NA
"Fleishman5","dino 2024",0.799128027580137,39.12,-117.27,NA,NA
"Fleishman7","dino 2024",0.72568583560819,39.17,-117.44,NA,NA
"Getts1","dino 2024",0.733459371126917,41.17,-120.5,NA,NA
"Getts3","dino 2024",0.755872933141066,40.43,-120.67,NA,NA
"Holdrege1","dino 2024",0.754073652487468,41.61,-111.57,NA,NA
"Hufft1","dino 2024",0.768256653517649,38.6701,-108.3286,NA,NA
"Lavin1","dino 2024",0.790354769405007,44.68,-109.07,NA,NA
"Lavin2","dino 2024",0.749521624017697,45.67,-111.03,NA,NA
"Lee1","dino 2024",0.725117836645076,36.82340833,-116.0163889,NA,NA
"Lee2","dino 2024",0.712251912365935,35.3984,-115.7845,NA,NA
"Lee3","dino 2024",0.724925696953854,36.5247,-115.8987,NA,NA
"Lee4","dino 2024",0.694696479606634,35.4564,-115.52,NA,NA
"Leger1","dino 2024",0.704685616697554,39.49,-119.84,NA,NA
"Maron1","dino 2024",0.785277447372719,46.68,-114.03,NA,NA
"Maron2","dino 2024",0.767344234901492,46.64,-113.23,NA,NA
"Porensky30","dino 2024",0.739123040391012,40.63,-105.27,NA,NA
"Pyke3","dino 2024",0.761302350211117,44.60456358,-120.1924183,NA,NA
"Pyke8","dino 2024",0.747661079064837,46.74830998,-119.361636,NA,NA
"Pyke21","dino 2024",0.770590445794618,47.61803776,-119.6830115,NA,NA
"Pyle1","dino 2024",0.871116250978749,42.35,-118.65,NA,NA
"Pyle9","dino 2024",0.767341401208384,43.42,-119.62,NA,NA
"Pyle10","dino 2024",0.799302206423872,43.19,-120,NA,NA
"Pyle15","dino 2024",0.758709427597893,43.8,-119,NA,NA
"Pyle17","dino 2024",0.743305006437693,44.36,-118.93,NA,NA
"Pyle19","dino 2024",0.763896047885829,44.57,-119.65,NA,NA
"Reed1","dino 2024",0.785076644775329,38.52,-109.47,NA,NA
"Reed3","dino 2024",0.78185359733343,38.75,-109.79,NA,NA
"Schupp3","dino 2024",0.784268624791204,38.6,-113.79,NA,NA
"Schupp4","dino 2024",0.825930734171918,38.52,-113.55,NA,NA
"Schupp5","dino 2024",0.805249044827874,39.11,-112.74,NA,NA
"Symstad1","dino 2024",0.763235406543178,44.59,-104.71,NA,NA
"Symstad2","dino 2024",0.748088207729415,43.87,-103.46,NA,NA
"Symstad3","dino 2024",0.792226743718712,43.62,-103.47,NA,NA
"Urza2","dino 2024",0.787566031853961,40.84,-119.56,NA,NA
"Wilcox2","dino 2024",0.769264372417085,41.31,-105.66,NA,NA
"Chynoweth2","dino 2024",0.799627850642497,40.29092,-109.68361,NA,NA
"Chynoweth3","dino 2024",0.769617648907189,39.83576,-109.61202,NA,NA
"Chynoweth5","dino 2024",0.818560940022253,40.480805,-109.438229,NA,NA
"Chynoweth7","dino 2024",0.826558891634139,40.533605,-109.523564,NA,NA
"Chynoweth8","dino 2024",0.799101954446603,40.640878,-109.48689,NA,NA
"Shriver2","dino 2024",0.754321777506444,48,-114.04,NA,NA
"Davies03","dino 2024",0.718653589068099,42.68,-118.68,NA,NA
"GerminoBOP1","dino 2024",0.82632930614647,43.4720833,-116.2338306,NA,NA
"Mancillas01","dino 2024",0.773593152423171,32.368,-106.56,NA,NA
"Boise_High 2022","dino 2024",0.880580778327272,NA,NA,NA,NA
"Boise_Low 2022","dino 2024",0.882003034383849,NA,NA,NA,NA
"CG PASTURE 2022","dino 2024",0.911164342150254,NA,NA,NA,NA
"CaseAoyamaS1 2022","dino 2024",0.900972073684684,NA,NA,NA,NA
"CastValley 2021","dino 2024",0.922056658379351,NA,NA,NA,NA
"EOARC 2022","dino 2024",0.898760687867535,NA,NA,NA,NA
"EnsingS1 SuRDC 2022","dino 2024",0.917813612347918,NA,NA,NA,NA
"EnsingS2 Summerland-Princeton 2022","dino 2024",0.862905168215902,NA,NA,NA,NA
"EnsingS3 Bear Creek 2022","dino 2024",0.873384401354786,NA,NA,NA,NA
"EnsingS4 Lundbom 2022","dino 2024",0.855296589449484,NA,NA,NA,NA
"FAR NORTH CPER 2022","dino 2024",0.934219857088776,NA,NA,NA,NA
"FtK_Cottonwood_Coulee 2021","dino 2024",0.942013900665958,NA,NA,NA,NA
"FtK_Lone_Pine 2021","dino 2024",0.945077330222902,NA,NA,NA,NA
"GoeblS1 2024","dino 2024",0.905931963319554,NA,NA,NA,NA
"GreenCanyon 2021","dino 2024",0.932399541598845,NA,NA,NA,NA
"HPGRS AGCR 2022","dino 2024",0.913421916855019,NA,NA,NA,NA
"HardwareRanch 2022","dino 2024",0.90594694809542,NA,NA,NA,NA
"K1_vanDiepen 2022","dino 2024",0.86987710479902,NA,NA,NA,NA
"L1_vanDiepen 2022","dino 2024",0.912262464291988,NA,NA,NA,NA
"MPG_IR 2021","dino 2024",0.899374057483891,NA,NA,NA,NA
"MPG_SR 2021","dino 2024",0.903356395412452,NA,NA,NA,NA
"MPG_TH 2021","dino 2024",0.901677199047288,NA,NA,NA,NA
"NEAR 4WAY CPER 2022","dino 2024",0.937101668384871,NA,NA,NA,NA
"NEAR HQ CPER 2022","dino 2024",0.932719247473838,NA,NA,NA,NA
"NEAR NUTNET 2022","dino 2024",0.934795172612861,NA,NA,NA,NA
"OttS1 2022","dino 2024",0.925482748885715,NA,NA,NA,NA
"PMR- Brome 2021","dino 2024",0.890203386731965,NA,NA,NA,NA
"Pearlwise 2024","dino 2024",0.906996126699265,NA,NA,NA,NA
"Peavine 2022","dino 2024",0.854602622671272,NA,NA,NA,NA
"Plymouth 2022","dino 2024",0.860706436967117,NA,NA,NA,NA
"RedBluff 2023","dino 2024",0.898821915275477,NA,NA,NA,NA
"Rush_Valley 2022","dino 2024",0.937499434370799,NA,NA,NA,NA
"SSHQ 2022","dino 2024",0.927931614898649,NA,NA,NA,NA
"SSHigh 2022","dino 2024",0.895004523594448,NA,NA,NA,NA
"SouthEden 2022","dino 2024",0.904415831448183,NA,NA,NA,NA
"Symstad1 2021","dino 2024",0.924147653703859,NA,NA,NA,NA
"Symstad2 2022","dino 2024",0.927010096454475,NA,NA,NA,NA
"TB FIRE 2022","dino 2024",0.936934056457638,NA,NA,NA,NA
"TB LC Control 2022","dino 2024",0.937889374032519,NA,NA,NA,NA
"TB PRAIRIE DOG 2022","dino 2024",0.937561577036249,NA,NA,NA,NA
"Woodruff 2022","dino 2024",0.920330816825162,NA,NA,NA,NA
"dino 2024","dino 2024",1,NA,NA,NA,NA
